timestamp,PM 2.5,wind_speed,wind_dir,month,season
2024-01-01 00:00:00,276.0,0.65,342.83,1,Winter
2024-01-01 01:00:00,285.0,0.57,258.95,1,Winter
2024-01-01 02:00:00,244.0,0.4,164.08,1,Winter
2024-01-01 03:00:00,271.0,0.38,212.65,1,Winter
2024-01-01 04:00:00,256.0,0.43,93.52,1,Winter
2024-01-01 05:00:00,267.0,0.55,144.38,1,Winter
2024-01-01 06:00:00,280.0,0.2,105.5,1,Winter
2024-01-01 07:00:00,228.0,0.62,158.45,1,Winter
2024-01-01 08:00:00,243.0,0.68,165.12,1,Winter
2024-01-01 09:00:00,287.0,0.32,180.6,1,Winter
2024-01-01 10:00:00,283.0,0.52,300.85,1,Winter
2024-01-01 11:00:00,282.0,0.48,128.68,1,Winter
2024-01-01 12:00:00,293.0,0.3,75.6,1,Winter
2024-01-01 13:00:00,272.0,0.92,133.75,1,Winter
2024-01-01 14:00:00,289.0,0.88,129.75,1,Winter
2024-01-01 15:00:00,252.0,1.55,150.3,1,Winter
2024-01-01 16:00:00,241.0,1.15,137.95,1,Winter
2024-01-01 17:00:00,226.0,1.05,142.15,1,Winter
2024-01-01 18:00:00,372.0,0.95,153.17,1,Winter
2024-01-01 19:00:00,483.0,0.45,116.2,1,Winter
2024-01-01 20:00:00,440.0,0.48,120.55,1,Winter
2024-01-01 21:00:00,385.0,0.48,137.57,1,Winter
2024-01-01 22:00:00,359.0,0.4,119.15,1,Winter
2024-01-01 23:00:00,260.0,0.55,132.32,1,Winter
2024-01-02 00:00:00,195.0,0.57,143.27,1,Winter
2024-01-02 01:00:00,201.0,0.6,135.9,1,Winter
2024-01-02 02:00:00,210.0,0.42,190.52,1,Winter
2024-01-02 03:00:00,235.0,0.35,89.75,1,Winter
2024-01-02 04:00:00,249.0,0.3,84.28,1,Winter
2024-01-02 05:00:00,260.0,0.6,144.02,1,Winter
2024-01-02 06:00:00,235.0,0.75,157.7,1,Winter
2024-01-02 07:00:00,290.0,0.45,186.08,1,Winter
2024-01-02 08:00:00,360.0,0.55,152.2,1,Winter
2024-01-02 09:00:00,412.0,0.45,208.75,1,Winter
2024-01-02 10:00:00,384.0,0.88,296.82,1,Winter
2024-01-02 11:00:00,273.0,0.6,241.95,1,Winter
2024-01-02 12:00:00,257.0,0.65,161.4,1,Winter
2024-01-02 13:00:00,272.0,1.05,161.57,1,Winter
2024-01-02 14:00:00,267.0,1.08,164.08,1,Winter
2024-01-02 15:00:00,310.0,0.98,151.82,1,Winter
2024-01-02 16:00:00,274.0,0.58,118.88,1,Winter
2024-01-02 17:00:00,269.0,0.5,121.45,1,Winter
2024-01-02 18:00:00,333.0,0.4,108.52,1,Winter
2024-01-02 19:00:00,315.0,1.25,140.75,1,Winter
2024-01-02 20:00:00,439.0,1.32,148.82,1,Winter
2024-01-02 21:00:00,411.0,1.27,151.95,1,Winter
2024-01-02 22:00:00,299.0,1.2,162.52,1,Winter
2024-01-02 23:00:00,259.0,1.05,161.43,1,Winter
2024-01-03 00:00:00,286.75,0.5,126.45,1,Winter
2024-01-03 01:00:00,343.0,0.55,145.62,1,Winter
2024-01-03 02:00:00,325.75,0.82,153.82,1,Winter
2024-01-03 03:00:00,278.0,0.48,149.57,1,Winter
2024-01-03 04:00:00,294.25,0.6,153.82,1,Winter
2024-01-03 05:00:00,320.25,0.85,174.62,1,Winter
2024-01-03 06:00:00,357.5,0.75,228.82,1,Winter
2024-01-03 07:00:00,322.25,0.68,282.73,1,Winter
2024-01-03 08:00:00,239.0,0.68,283.12,1,Winter
2024-01-03 09:00:00,242.25,0.68,262.5,1,Winter
2024-01-03 10:00:00,251.75,0.57,279.27,1,Winter
2024-01-03 11:00:00,254.5,0.5,289.02,1,Winter
2024-01-03 12:00:00,290.25,0.62,197.32,1,Winter
2024-01-03 13:00:00,368.5,0.92,165.48,1,Winter
2024-01-03 14:00:00,359.25,1.17,162.88,1,Winter
2024-01-03 15:00:00,309.5,1.4,168.0,1,Winter
2024-01-03 16:00:00,311.25,1.3,165.75,1,Winter
2024-01-03 17:00:00,331.5,0.9,175.25,1,Winter
2024-01-03 18:00:00,444.5,0.57,270.0,1,Winter
2024-01-03 19:00:00,577.75,0.35,192.25,1,Winter
2024-01-03 20:00:00,498.5,0.3,135.25,1,Winter
2024-01-03 21:00:00,560.25,0.28,178.25,1,Winter
2024-01-03 22:00:00,597.75,0.28,168.5,1,Winter
2024-01-03 23:00:00,445.75,0.45,136.75,1,Winter
2024-01-04 00:00:00,370.0,0.48,129.0,1,Winter
2024-01-04 01:00:00,316.25,0.57,123.25,1,Winter
2024-01-04 02:00:00,309.75,0.4,128.75,1,Winter
2024-01-04 03:00:00,294.25,0.5,136.25,1,Winter
2024-01-04 04:00:00,297.0,0.45,136.75,1,Winter
2024-01-04 05:00:00,253.5,0.45,158.25,1,Winter
2024-01-04 06:00:00,264.5,0.48,138.5,1,Winter
2024-01-04 07:00:00,258.0,0.62,129.25,1,Winter
2024-01-04 08:00:00,261.0,0.55,132.0,1,Winter
2024-01-04 09:00:00,267.0,0.52,134.0,1,Winter
2024-01-04 10:00:00,301.0,0.62,141.0,1,Winter
2024-01-04 11:00:00,344.0,0.75,142.75,1,Winter
2024-01-04 12:00:00,331.75,0.9,135.5,1,Winter
2024-01-04 13:00:00,341.5,0.82,138.25,1,Winter
2024-01-04 14:00:00,350.5,0.55,142.0,1,Winter
2024-01-04 15:00:00,362.75,0.6,133.0,1,Winter
2024-01-04 16:00:00,357.5,0.78,143.5,1,Winter
2024-01-04 17:00:00,353.75,0.52,143.75,1,Winter
2024-01-04 18:00:00,354.25,0.5,144.0,1,Winter
2024-01-04 19:00:00,327.0,0.48,143.25,1,Winter
2024-01-04 20:00:00,261.5,0.52,144.0,1,Winter
2024-01-04 21:00:00,268.5,0.52,138.75,1,Winter
2024-01-04 22:00:00,286.5,0.65,145.0,1,Winter
2024-01-04 23:00:00,284.75,0.43,153.75,1,Winter
2024-01-05 00:00:00,264.25,0.3,164.25,1,Winter
2024-01-05 01:00:00,270.5,0.38,144.0,1,Winter
2024-01-05 02:00:00,301.25,0.45,157.0,1,Winter
2024-01-05 03:00:00,292.0,0.5,147.75,1,Winter
2024-01-05 04:00:00,263.0,0.4,151.5,1,Winter
2024-01-05 05:00:00,151.75,0.3,165.75,1,Winter
2024-01-05 06:00:00,134.75,0.35,164.25,1,Winter
2024-01-05 07:00:00,148.0,0.35,163.75,1,Winter
2024-01-05 08:00:00,180.5,0.5,164.25,1,Winter
2024-01-05 09:00:00,217.5,0.38,153.75,1,Winter
2024-01-05 10:00:00,253.75,0.45,182.0,1,Winter
2024-01-05 11:00:00,261.0,0.52,263.0,1,Winter
2024-01-05 12:00:00,287.5,0.7,155.0,1,Winter
2024-01-05 13:00:00,331.5,0.55,152.0,1,Winter
2024-01-05 14:00:00,284.75,0.9,149.75,1,Winter
2024-01-05 15:00:00,287.75,0.52,146.25,1,Winter
2024-01-05 16:00:00,245.0,0.73,139.67,1,Winter
2024-01-05 17:00:00,225.0,1.42,149.0,1,Winter
2024-01-05 18:00:00,254.75,1.52,152.75,1,Winter
2024-01-05 19:00:00,258.25,1.45,160.0,1,Winter
2024-01-05 20:00:00,241.5,1.27,157.5,1,Winter
2024-01-05 21:00:00,218.75,1.0,144.25,1,Winter
2024-01-05 22:00:00,167.25,1.05,157.0,1,Winter
2024-01-05 23:00:00,145.5,0.72,151.75,1,Winter
2024-01-06 00:00:00,132.0,0.43,141.0,1,Winter
2024-01-06 01:00:00,132.0,0.57,144.5,1,Winter
2024-01-06 02:00:00,133.5,0.78,137.75,1,Winter
2024-01-06 03:00:00,147.25,1.18,150.0,1,Winter
2024-01-06 04:00:00,175.0,1.23,156.5,1,Winter
2024-01-06 05:00:00,168.5,1.27,160.75,1,Winter
2024-01-06 06:00:00,146.5,1.3,157.75,1,Winter
2024-01-06 07:00:00,154.5,0.75,169.25,1,Winter
2024-01-06 08:00:00,206.5,0.7,167.5,1,Winter
2024-01-06 09:00:00,273.0,0.8,199.25,1,Winter
2024-01-06 10:00:00,474.25,1.03,178.67,1,Winter
2024-01-06 11:00:00,609.75,0.9,177.75,1,Winter
2024-01-06 12:00:00,520.5,0.85,174.25,1,Winter
2024-01-06 13:00:00,404.25,0.8,193.75,1,Winter
2024-01-06 14:00:00,351.25,0.8,173.5,1,Winter
2024-01-06 15:00:00,319.0,1.2,161.25,1,Winter
2024-01-06 16:00:00,362.5,1.25,150.0,1,Winter
2024-01-06 17:00:00,384.25,1.25,151.0,1,Winter
2024-01-06 18:00:00,373.0,1.32,150.5,1,Winter
2024-01-06 19:00:00,365.0,0.72,154.25,1,Winter
2024-01-06 20:00:00,418.25,0.32,171.75,1,Winter
2024-01-06 21:00:00,418.0,0.32,144.25,1,Winter
2024-01-06 22:00:00,436.25,0.32,127.75,1,Winter
2024-01-06 23:00:00,382.5,0.3,157.25,1,Winter
2024-01-07 00:00:00,340.5,0.32,171.0,1,Winter
2024-01-07 01:00:00,288.5,0.35,156.25,1,Winter
2024-01-07 02:00:00,246.25,0.42,190.0,1,Winter
2024-01-07 03:00:00,216.0,0.5,146.75,1,Winter
2024-01-07 04:00:00,196.0,0.6,207.25,1,Winter
2024-01-07 05:00:00,200.5,0.57,170.75,1,Winter
2024-01-07 06:00:00,210.25,0.92,188.25,1,Winter
2024-01-07 07:00:00,229.25,0.5,156.25,1,Winter
2024-01-07 08:00:00,242.25,0.68,182.0,1,Winter
2024-01-07 09:00:00,247.25,0.95,186.0,1,Winter
2024-01-07 10:00:00,236.0,0.9,230.75,1,Winter
2024-01-07 11:00:00,256.0,1.1,253.5,1,Winter
2024-01-07 12:00:00,288.75,1.43,167.5,1,Winter
2024-01-07 13:00:00,289.25,0.97,156.75,1,Winter
2024-01-07 14:00:00,296.25,0.75,127.25,1,Winter
2024-01-07 15:00:00,313.0,1.18,178.25,1,Winter
2024-01-07 16:00:00,340.75,1.2,167.75,1,Winter
2024-01-07 17:00:00,366.25,1.3,169.25,1,Winter
2024-01-07 18:00:00,392.25,1.3,165.5,1,Winter
2024-01-07 19:00:00,418.5,1.1,161.0,1,Winter
2024-01-07 20:00:00,401.25,0.98,162.75,1,Winter
2024-01-07 21:00:00,363.75,0.43,195.5,1,Winter
2024-01-07 22:00:00,281.75,0.57,147.0,1,Winter
2024-01-07 23:00:00,273.75,0.28,174.75,1,Winter
2024-01-08 00:00:00,285.5,0.3,156.25,1,Winter
2024-01-08 01:00:00,304.25,0.32,148.5,1,Winter
2024-01-08 02:00:00,310.75,0.32,174.75,1,Winter
2024-01-08 03:00:00,345.5,0.32,181.25,1,Winter
2024-01-08 04:00:00,367.0,0.45,160.0,1,Winter
2024-01-08 05:00:00,352.5,0.75,157.75,1,Winter
2024-01-08 06:00:00,333.5,0.55,141.5,1,Winter
2024-01-08 07:00:00,296.0,0.42,147.5,1,Winter
2024-01-08 08:00:00,293.25,0.57,182.0,1,Winter
2024-01-08 09:00:00,315.0,0.62,186.5,1,Winter
2024-01-08 10:00:00,340.0,0.55,150.25,1,Winter
2024-01-08 11:00:00,392.0,0.62,148.75,1,Winter
2024-01-08 12:00:00,406.0,0.65,146.5,1,Winter
2024-01-08 13:00:00,392.0,0.62,167.75,1,Winter
2024-01-08 14:00:00,336.5,0.68,218.0,1,Winter
2024-01-08 15:00:00,358.25,0.82,141.25,1,Winter
2024-01-08 16:00:00,394.5,0.98,155.25,1,Winter
2024-01-08 17:00:00,419.25,0.42,149.25,1,Winter
2024-01-08 18:00:00,387.75,0.32,145.0,1,Winter
2024-01-08 19:00:00,374.5,0.42,119.25,1,Winter
2024-01-08 20:00:00,334.5,0.57,136.75,1,Winter
2024-01-08 21:00:00,250.75,0.6,146.25,1,Winter
2024-01-08 22:00:00,188.25,0.65,151.75,1,Winter
2024-01-08 23:00:00,194.0,0.75,149.25,1,Winter
2024-01-09 00:00:00,158.0,0.5,131.0,1,Winter
2024-01-09 01:00:00,120.0,0.45,142.5,1,Winter
2024-01-09 02:00:00,145.75,0.48,139.25,1,Winter
2024-01-09 03:00:00,186.25,0.45,154.25,1,Winter
2024-01-09 04:00:00,262.75,0.92,165.0,1,Winter
2024-01-09 05:00:00,255.5,0.78,148.75,1,Winter
2024-01-09 06:00:00,261.5,1.2,158.75,1,Winter
2024-01-09 07:00:00,266.75,1.3,152.25,1,Winter
2024-01-09 08:00:00,215.75,0.75,141.5,1,Winter
2024-01-09 09:00:00,220.25,0.57,145.0,1,Winter
2024-01-09 10:00:00,222.25,0.55,145.5,1,Winter
2024-01-09 11:00:00,200.5,0.75,133.5,1,Winter
2024-01-09 12:00:00,173.0,0.85,133.5,1,Winter
2024-01-09 13:00:00,155.25,0.9,140.75,1,Winter
2024-01-09 14:00:00,152.5,1.05,133.75,1,Winter
2024-01-09 15:00:00,177.25,1.27,140.0,1,Winter
2024-01-09 16:00:00,202.0,1.5,137.25,1,Winter
2024-01-09 17:00:00,201.25,0.95,137.75,1,Winter
2024-01-09 18:00:00,195.25,0.9,132.75,1,Winter
2024-01-09 19:00:00,181.25,1.18,135.25,1,Winter
2024-01-09 20:00:00,173.25,1.5,143.5,1,Winter
2024-01-09 21:00:00,174.25,1.18,135.75,1,Winter
2024-01-09 22:00:00,178.25,0.57,143.5,1,Winter
2024-01-09 23:00:00,180.5,0.82,127.75,1,Winter
2024-01-10 00:00:00,161.25,0.8,129.5,1,Winter
2024-01-10 01:00:00,184.25,0.95,128.75,1,Winter
2024-01-10 02:00:00,221.25,1.1,128.0,1,Winter
2024-01-10 03:00:00,200.75,0.77,134.0,1,Winter
2024-01-10 04:00:00,165.25,0.9,133.25,1,Winter
2024-01-10 05:00:00,174.5,1.08,135.0,1,Winter
2024-01-10 06:00:00,203.5,0.7,135.75,1,Winter
2024-01-10 07:00:00,224.5,0.82,130.0,1,Winter
2024-01-10 08:00:00,177.5,0.62,134.75,1,Winter
2024-01-10 09:00:00,187.0,0.85,138.25,1,Winter
2024-01-10 10:00:00,208.5,0.9,130.75,1,Winter
2024-01-10 11:00:00,263.75,0.98,131.5,1,Winter
2024-01-10 12:00:00,293.5,1.2,134.75,1,Winter
2024-01-10 13:00:00,306.0,1.2,131.0,1,Winter
2024-01-10 14:00:00,299.75,1.08,128.25,1,Winter
2024-01-10 15:00:00,271.25,0.88,132.5,1,Winter
2024-01-10 16:00:00,313.25,0.7,136.25,1,Winter
2024-01-10 17:00:00,374.0,0.45,140.0,1,Winter
2024-01-10 18:00:00,388.0,0.4,140.0,1,Winter
2024-01-10 19:00:00,357.5,0.32,183.5,1,Winter
2024-01-10 20:00:00,395.25,0.3,178.5,1,Winter
2024-01-10 21:00:00,450.0,0.55,130.0,1,Winter
2024-01-10 22:00:00,495.75,0.42,135.0,1,Winter
2024-01-10 23:00:00,459.75,0.45,149.5,1,Winter
2024-01-11 00:00:00,415.75,0.4,155.75,1,Winter
2024-01-11 01:00:00,377.5,0.75,131.75,1,Winter
2024-01-11 02:00:00,328.5,0.7,132.0,1,Winter
2024-01-11 03:00:00,248.0,0.75,139.5,1,Winter
2024-01-11 04:00:00,259.0,0.62,136.25,1,Winter
2024-01-11 05:00:00,284.25,0.55,146.25,1,Winter
2024-01-11 06:00:00,233.75,0.5,143.0,1,Winter
2024-01-11 07:00:00,237.25,0.68,146.75,1,Winter
2024-01-11 08:00:00,259.5,1.02,143.5,1,Winter
2024-01-11 09:00:00,289.5,0.8,151.5,1,Winter
2024-01-11 10:00:00,298.5,0.68,181.5,1,Winter
2024-01-11 11:00:00,313.0,0.8,127.0,1,Winter
2024-01-11 12:00:00,311.75,1.16,106.0,1,Winter
2024-01-11 13:00:00,298.25,1.52,181.5,1,Winter
2024-01-11 14:00:00,295.25,1.4,174.0,1,Winter
2024-01-11 15:00:00,297.25,0.95,134.75,1,Winter
2024-01-11 16:00:00,306.25,0.62,135.0,1,Winter
2024-01-11 17:00:00,302.75,0.45,126.5,1,Winter
2024-01-11 18:00:00,333.0,0.3,201.0,1,Winter
2024-01-11 19:00:00,363.0,0.3,186.25,1,Winter
2024-01-11 20:00:00,401.75,0.4,153.75,1,Winter
2024-01-11 21:00:00,435.75,0.4,103.75,1,Winter
2024-01-11 22:00:00,474.5,0.32,153.75,1,Winter
2024-01-11 23:00:00,541.5,0.32,168.0,1,Winter
2024-01-12 00:00:00,333.0,0.32,171.0,1,Winter
2024-01-12 01:00:00,239.5,0.32,181.25,1,Winter
2024-01-12 02:00:00,196.5,0.4,122.0,1,Winter
2024-01-12 03:00:00,201.75,0.45,128.75,1,Winter
2024-01-12 04:00:00,249.0,0.55,136.5,1,Winter
2024-01-12 05:00:00,195.0,0.57,142.5,1,Winter
2024-01-12 06:00:00,137.0,0.62,148.75,1,Winter
2024-01-12 07:00:00,144.0,2.4,159.75,1,Winter
2024-01-12 08:00:00,138.5,0.65,155.25,1,Winter
2024-01-12 09:00:00,140.25,0.62,168.5,1,Winter
2024-01-12 10:00:00,148.5,0.52,141.5,1,Winter
2024-01-12 11:00:00,173.0,0.6,152.0,1,Winter
2024-01-12 12:00:00,174.75,0.45,116.0,1,Winter
2024-01-12 13:00:00,167.25,1.2,99.75,1,Winter
2024-01-12 14:00:00,183.25,1.62,178.75,1,Winter
2024-01-12 15:00:00,184.0,0.92,143.5,1,Winter
2024-01-12 16:00:00,189.5,0.75,146.25,1,Winter
2024-01-12 17:00:00,228.25,0.68,163.5,1,Winter
2024-01-12 18:00:00,321.5,0.38,166.25,1,Winter
2024-01-12 19:00:00,409.25,0.45,178.0,1,Winter
2024-01-12 20:00:00,443.5,1.1,161.5,1,Winter
2024-01-12 21:00:00,520.0,0.72,204.25,1,Winter
2024-01-12 22:00:00,650.0,0.68,223.5,1,Winter
2024-01-12 23:00:00,581.25,0.78,248.5,1,Winter
2024-01-13 00:00:00,499.0,0.68,251.75,1,Winter
2024-01-13 01:00:00,484.75,0.5,259.5,1,Winter
2024-01-13 02:00:00,456.0,0.42,263.75,1,Winter
2024-01-13 03:00:00,438.75,0.35,256.0,1,Winter
2024-01-13 04:00:00,421.0,1.0,253.0,1,Winter
2024-01-13 05:00:00,415.0,1.15,236.25,1,Winter
2024-01-13 06:00:00,225.25,0.85,233.0,1,Winter
2024-01-13 07:00:00,204.5,1.0,234.25,1,Winter
2024-01-13 08:00:00,234.75,0.82,258.25,1,Winter
2024-01-13 09:00:00,250.75,0.72,266.5,1,Winter
2024-01-13 10:00:00,293.25,0.6,228.5,1,Winter
2024-01-13 11:00:00,444.75,0.75,258.0,1,Winter
2024-01-13 12:00:00,574.0,0.68,231.75,1,Winter
2024-01-13 13:00:00,594.25,1.23,166.5,1,Winter
2024-01-13 14:00:00,584.75,0.83,190.0,1,Winter
2024-01-13 15:00:00,641.75,1.15,201.25,1,Winter
2024-01-13 16:00:00,622.0,0.88,188.75,1,Winter
2024-01-13 17:00:00,598.75,0.55,216.5,1,Winter
2024-01-13 18:00:00,666.75,0.4,231.25,1,Winter
2024-01-13 19:00:00,725.0,0.62,227.25,1,Winter
2024-01-13 20:00:00,718.0,0.62,202.5,1,Winter
2024-01-13 21:00:00,742.0,0.45,274.5,1,Winter
2024-01-13 22:00:00,771.0,0.42,218.5,1,Winter
2024-01-13 23:00:00,785.33,0.47,136.33,1,Winter
2024-01-14 00:00:00,700.5,0.38,161.25,1,Winter
2024-01-14 01:00:00,420.25,0.4,200.25,1,Winter
2024-01-14 02:00:00,463.0,0.32,148.0,1,Winter
2024-01-14 03:00:00,373.0,0.38,140.0,1,Winter
2024-01-14 04:00:00,238.0,0.62,144.0,1,Winter
2024-01-14 05:00:00,257.5,1.0,142.5,1,Winter
2024-01-14 06:00:00,235.0,0.4,148.75,1,Winter
2024-01-14 07:00:00,154.75,0.45,143.25,1,Winter
2024-01-14 08:00:00,141.0,0.48,133.25,1,Winter
2024-01-14 09:00:00,147.5,0.5,141.5,1,Winter
2024-01-14 10:00:00,160.0,0.7,154.5,1,Winter
2024-01-14 11:00:00,203.5,0.75,148.5,1,Winter
2024-01-14 12:00:00,244.5,0.4,132.25,1,Winter
2024-01-14 13:00:00,274.0,1.07,175.75,1,Winter
2024-01-14 14:00:00,269.75,0.92,159.0,1,Winter
2024-01-14 15:00:00,242.5,0.4,121.5,1,Winter
2024-01-14 16:00:00,239.5,0.57,139.25,1,Winter
2024-01-14 17:00:00,290.75,0.42,130.5,1,Winter
2024-01-14 18:00:00,360.0,0.35,130.75,1,Winter
2024-01-14 19:00:00,458.25,0.3,123.25,1,Winter
2024-01-14 20:00:00,425.0,0.3,155.0,1,Winter
2024-01-14 21:00:00,437.75,0.42,166.75,1,Winter
2024-01-14 22:00:00,431.0,0.95,159.75,1,Winter
2024-01-14 23:00:00,309.5,0.72,153.75,1,Winter
2024-01-15 00:00:00,252.75,0.35,137.0,1,Winter
2024-01-15 01:00:00,240.0,0.32,114.25,1,Winter
2024-01-15 02:00:00,167.5,0.45,147.0,1,Winter
2024-01-15 03:00:00,155.25,0.45,139.75,1,Winter
2024-01-15 04:00:00,168.0,0.52,125.75,1,Winter
2024-01-15 05:00:00,145.0,0.5,147.75,1,Winter
2024-01-15 06:00:00,172.0,0.55,142.0,1,Winter
2024-01-15 07:00:00,96.75,0.62,133.5,1,Winter
2024-01-15 08:00:00,101.75,0.55,153.75,1,Winter
2024-01-15 09:00:00,124.0,0.6,146.25,1,Winter
2024-01-15 10:00:00,143.0,0.7,130.25,1,Winter
2024-01-15 11:00:00,157.25,0.4,88.0,1,Winter
2024-01-15 12:00:00,177.25,1.15,83.75,1,Winter
2024-01-15 13:00:00,204.75,1.9,154.25,1,Winter
2024-01-15 14:00:00,163.25,1.17,153.25,1,Winter
2024-01-15 15:00:00,146.25,1.05,115.25,1,Winter
2024-01-15 16:00:00,139.25,0.65,136.25,1,Winter
2024-01-15 17:00:00,161.5,0.45,154.75,1,Winter
2024-01-15 18:00:00,278.0,0.38,157.25,1,Winter
2024-01-15 19:00:00,455.25,0.42,222.0,1,Winter
2024-01-15 20:00:00,482.0,0.4,135.0,1,Winter
2024-01-15 21:00:00,589.5,0.35,256.75,1,Winter
2024-01-15 22:00:00,548.0,0.43,307.0,1,Winter
2024-01-15 23:00:00,633.5,0.45,297.25,1,Winter
2024-01-16 00:00:00,560.5,0.45,301.5,1,Winter
2024-01-16 01:00:00,417.0,0.32,287.25,1,Winter
2024-01-16 02:00:00,363.0,0.28,215.75,1,Winter
2024-01-16 03:00:00,370.0,0.88,255.0,1,Winter
2024-01-16 04:00:00,364.0,1.1,238.5,1,Winter
2024-01-16 05:00:00,255.0,1.08,240.0,1,Winter
2024-01-16 06:00:00,245.25,1.1,245.75,1,Winter
2024-01-16 07:00:00,245.5,1.15,239.0,1,Winter
2024-01-16 08:00:00,231.75,0.8,223.5,1,Winter
2024-01-16 09:00:00,269.0,0.9,227.0,1,Winter
2024-01-16 10:00:00,357.5,1.15,245.25,1,Winter
2024-01-16 11:00:00,458.5,1.05,221.5,1,Winter
2024-01-16 12:00:00,532.75,1.05,209.0,1,Winter
2024-01-16 13:00:00,606.0,1.35,216.0,1,Winter
2024-01-16 14:00:00,560.5,1.58,229.5,1,Winter
2024-01-16 15:00:00,507.0,1.58,234.75,1,Winter
2024-01-16 16:00:00,486.0,1.68,237.5,1,Winter
2024-01-16 17:00:00,484.0,1.6,243.75,1,Winter
2024-01-16 18:00:00,499.75,1.15,246.0,1,Winter
2024-01-16 19:00:00,588.5,1.05,246.0,1,Winter
2024-01-16 20:00:00,635.0,0.95,269.25,1,Winter
2024-01-16 21:00:00,551.5,1.12,265.0,1,Winter
2024-01-16 22:00:00,517.0,0.95,257.0,1,Winter
2024-01-16 23:00:00,519.5,0.8,272.0,1,Winter
2024-01-17 00:00:00,519.75,0.92,265.5,1,Winter
2024-01-17 01:00:00,488.0,1.02,270.5,1,Winter
2024-01-17 02:00:00,443.5,0.75,265.25,1,Winter
2024-01-17 03:00:00,394.25,0.88,261.0,1,Winter
2024-01-17 04:00:00,373.25,0.85,251.75,1,Winter
2024-01-17 05:00:00,360.75,0.82,254.25,1,Winter
2024-01-17 06:00:00,351.25,1.05,304.0,1,Winter
2024-01-17 07:00:00,326.75,0.88,275.5,1,Winter
2024-01-17 08:00:00,304.25,1.02,268.75,1,Winter
2024-01-17 09:00:00,313.0,1.08,275.25,1,Winter
2024-01-17 10:00:00,355.0,0.95,249.5,1,Winter
2024-01-17 11:00:00,382.75,1.0,183.75,1,Winter
2024-01-17 12:00:00,393.25,0.8,127.5,1,Winter
2024-01-17 13:00:00,428.5,1.3,157.25,1,Winter
2024-01-17 14:00:00,459.75,1.12,242.5,1,Winter
2024-01-17 15:00:00,434.75,1.18,272.5,1,Winter
2024-01-17 16:00:00,401.25,0.95,238.25,1,Winter
2024-01-17 17:00:00,532.25,0.55,243.25,1,Winter
2024-01-17 18:00:00,593.75,0.43,297.25,1,Winter
2024-01-17 19:00:00,658.0,0.4,286.0,1,Winter
2024-01-17 20:00:00,642.0,0.38,300.0,1,Winter
2024-01-17 21:00:00,609.25,0.5,292.25,1,Winter
2024-01-17 22:00:00,615.0,0.35,276.5,1,Winter
2024-01-17 23:00:00,551.25,0.48,299.25,1,Winter
2024-01-18 00:00:00,481.0,0.48,291.75,1,Winter
2024-01-18 01:00:00,477.5,1.0,319.75,1,Winter
2024-01-18 02:00:00,431.0,1.3,320.5,1,Winter
2024-01-18 03:00:00,193.25,0.82,299.75,1,Winter
2024-01-18 04:00:00,170.0,0.8,256.25,1,Winter
2024-01-18 05:00:00,178.5,0.68,257.0,1,Winter
2024-01-18 06:00:00,166.75,0.8,291.0,1,Winter
2024-01-18 07:00:00,144.25,0.55,218.5,1,Winter
2024-01-18 08:00:00,173.0,0.65,256.25,1,Winter
2024-01-18 09:00:00,191.5,0.72,254.0,1,Winter
2024-01-18 10:00:00,238.5,0.82,255.25,1,Winter
2024-01-18 11:00:00,343.0,0.7,144.5,1,Winter
2024-01-18 12:00:00,428.75,0.5,125.75,1,Winter
2024-01-18 13:00:00,489.0,1.3,116.5,1,Winter
2024-01-18 14:00:00,493.25,1.15,151.0,1,Winter
2024-01-18 15:00:00,509.5,1.18,155.75,1,Winter
2024-01-18 16:00:00,545.0,0.78,144.0,1,Winter
2024-01-18 17:00:00,517.0,0.6,139.25,1,Winter
2024-01-18 18:00:00,454.5,0.65,157.0,1,Winter
2024-01-18 19:00:00,449.75,1.02,156.0,1,Winter
2024-01-18 20:00:00,404.0,0.98,177.0,1,Winter
2024-01-18 21:00:00,422.25,0.95,152.75,1,Winter
2024-01-18 22:00:00,443.75,0.88,194.25,1,Winter
2024-01-18 23:00:00,344.0,0.98,243.0,1,Winter
2024-01-19 00:00:00,228.25,1.02,250.25,1,Winter
2024-01-19 01:00:00,187.5,0.82,241.0,1,Winter
2024-01-19 02:00:00,182.25,0.82,291.25,1,Winter
2024-01-19 03:00:00,199.75,0.48,206.75,1,Winter
2024-01-19 04:00:00,226.75,0.68,259.5,1,Winter
2024-01-19 05:00:00,215.25,0.82,227.75,1,Winter
2024-01-19 06:00:00,236.5,0.8,158.75,1,Winter
2024-01-19 07:00:00,263.0,0.85,184.25,1,Winter
2024-01-19 08:00:00,260.5,0.6,155.0,1,Winter
2024-01-19 09:00:00,247.25,0.57,166.5,1,Winter
2024-01-19 10:00:00,286.75,0.9,264.75,1,Winter
2024-01-19 11:00:00,375.0,1.05,252.25,1,Winter
2024-01-19 12:00:00,384.0,1.2,218.75,1,Winter
2024-01-19 13:00:00,429.75,1.18,223.75,1,Winter
2024-01-19 14:00:00,474.75,1.25,223.75,1,Winter
2024-01-19 15:00:00,504.25,1.42,232.25,1,Winter
2024-01-19 16:00:00,450.75,1.45,238.5,1,Winter
2024-01-19 17:00:00,468.75,1.38,233.5,1,Winter
2024-01-19 18:00:00,514.0,1.45,239.25,1,Winter
2024-01-19 19:00:00,471.25,1.05,256.5,1,Winter
2024-01-19 20:00:00,439.25,1.25,249.0,1,Winter
2024-01-19 21:00:00,427.5,1.0,247.0,1,Winter
2024-01-19 22:00:00,405.75,1.05,248.0,1,Winter
2024-01-19 23:00:00,356.75,0.82,260.5,1,Winter
2024-01-20 00:00:00,299.75,1.02,303.5,1,Winter
2024-01-20 01:00:00,262.5,0.88,313.25,1,Winter
2024-01-20 02:00:00,245.75,0.98,294.75,1,Winter
2024-01-20 03:00:00,220.75,0.65,257.0,1,Winter
2024-01-20 04:00:00,198.75,0.72,288.75,1,Winter
2024-01-20 05:00:00,187.5,0.65,258.5,1,Winter
2024-01-20 06:00:00,185.75,0.7,261.5,1,Winter
2024-01-20 07:00:00,194.0,0.7,237.0,1,Winter
2024-01-20 08:00:00,204.0,0.85,274.0,1,Winter
2024-01-20 09:00:00,240.0,0.85,286.75,1,Winter
2024-01-20 10:00:00,257.0,0.98,268.5,1,Winter
2024-01-20 11:00:00,288.0,1.02,250.5,1,Winter
2024-01-20 12:00:00,317.0,1.2,226.0,1,Winter
2024-01-20 13:00:00,329.0,1.18,235.75,1,Winter
2024-01-20 14:00:00,348.0,1.2,171.0,1,Winter
2024-01-20 15:00:00,393.0,0.75,140.25,1,Winter
2024-01-20 16:00:00,385.0,0.45,147.25,1,Winter
2024-01-20 17:00:00,383.0,0.78,150.5,1,Winter
2024-01-20 18:00:00,431.0,0.4,131.5,1,Winter
2024-01-20 19:00:00,448.0,0.4,143.25,1,Winter
2024-01-20 20:00:00,442.0,0.57,158.25,1,Winter
2024-01-20 21:00:00,407.5,0.45,158.5,1,Winter
2024-01-20 22:00:00,341.75,0.4,148.75,1,Winter
2024-01-20 23:00:00,320.0,0.3,109.75,1,Winter
2024-01-21 00:00:00,332.0,0.35,113.75,1,Winter
2024-01-21 01:00:00,785.0,0.38,118.5,1,Winter
2024-01-21 02:00:00,544.0,0.45,119.25,1,Winter
2024-01-21 03:00:00,252.25,0.48,138.0,1,Winter
2024-01-21 04:00:00,248.0,0.5,145.5,1,Winter
2024-01-21 05:00:00,208.5,0.52,141.25,1,Winter
2024-01-21 06:00:00,216.0,0.5,136.25,1,Winter
2024-01-21 07:00:00,114.0,0.55,145.0,1,Winter
2024-01-21 08:00:00,122.75,0.57,153.25,1,Winter
2024-01-21 09:00:00,146.0,0.82,131.75,1,Winter
2024-01-21 10:00:00,172.25,0.75,134.5,1,Winter
2024-01-21 11:00:00,197.0,0.95,130.0,1,Winter
2024-01-21 12:00:00,232.0,0.8,142.5,1,Winter
2024-01-21 13:00:00,275.0,1.12,132.0,1,Winter
2024-01-21 14:00:00,233.0,0.98,133.0,1,Winter
2024-01-21 15:00:00,177.0,1.1,134.5,1,Winter
2024-01-21 16:00:00,178.0,1.2,126.75,1,Winter
2024-01-21 17:00:00,229.75,0.85,134.75,1,Winter
2024-01-21 18:00:00,306.25,1.2,131.25,1,Winter
2024-01-21 19:00:00,322.0,1.35,140.25,1,Winter
2024-01-21 20:00:00,368.0,1.0,137.75,1,Winter
2024-01-21 21:00:00,311.0,1.15,152.75,1,Winter
2024-01-21 22:00:00,287.0,0.98,145.25,1,Winter
2024-01-21 23:00:00,245.0,0.88,146.5,1,Winter
2024-01-22 00:00:00,207.0,1.05,168.75,1,Winter
2024-01-22 01:00:00,186.0,0.57,148.5,1,Winter
2024-01-22 02:00:00,194.0,0.6,192.0,1,Winter
2024-01-22 03:00:00,189.0,0.45,136.5,1,Winter
2024-01-22 04:00:00,182.0,0.5,181.75,1,Winter
2024-01-22 05:00:00,179.0,0.45,141.0,1,Winter
2024-01-22 06:00:00,204.0,0.4,114.25,1,Winter
2024-01-22 07:00:00,227.0,0.9,267.75,1,Winter
2024-01-22 08:00:00,239.0,0.82,252.5,1,Winter
2024-01-22 09:00:00,243.0,1.02,249.5,1,Winter
2024-01-22 10:00:00,304.0,1.1,228.25,1,Winter
2024-01-22 11:00:00,344.0,1.35,256.5,1,Winter
2024-01-22 12:00:00,411.0,0.95,245.75,1,Winter
2024-01-22 13:00:00,533.0,1.25,246.25,1,Winter
2024-01-22 14:00:00,604.0,0.92,225.0,1,Winter
2024-01-22 15:00:00,581.0,0.95,241.75,1,Winter
2024-01-22 16:00:00,582.0,0.95,236.5,1,Winter
2024-01-22 17:00:00,592.0,0.7,240.0,1,Winter
2024-01-22 18:00:00,625.0,0.55,293.0,1,Winter
2024-01-22 19:00:00,588.0,0.48,296.5,1,Winter
2024-01-22 20:00:00,671.0,0.38,271.25,1,Winter
2024-01-22 21:00:00,791.0,0.45,275.0,1,Winter
2024-01-22 22:00:00,782.0,0.45,306.75,1,Winter
2024-01-22 23:00:00,762.0,0.62,304.5,1,Winter
2024-01-23 00:00:00,779.0,1.05,326.0,1,Winter
2024-01-23 01:00:00,603.0,1.12,311.25,1,Winter
2024-01-23 02:00:00,398.0,1.05,300.5,1,Winter
2024-01-23 03:00:00,411.0,0.75,280.25,1,Winter
2024-01-23 04:00:00,400.0,0.88,290.5,1,Winter
2024-01-23 05:00:00,383.0,0.68,226.25,1,Winter
2024-01-23 06:00:00,365.0,0.78,252.0,1,Winter
2024-01-23 07:00:00,335.0,0.88,261.75,1,Winter
2024-01-23 08:00:00,316.0,0.82,233.75,1,Winter
2024-01-23 09:00:00,310.25,0.75,191.75,1,Winter
2024-01-23 10:00:00,272.0,0.8,192.0,1,Winter
2024-01-23 11:00:00,266.0,0.55,170.0,1,Winter
2024-01-23 12:00:00,310.0,0.88,143.5,1,Winter
2024-01-23 13:00:00,398.0,0.57,140.0,1,Winter
2024-01-23 14:00:00,418.0,0.72,140.5,1,Winter
2024-01-23 15:00:00,404.0,0.9,151.25,1,Winter
2024-01-23 16:00:00,467.0,0.85,181.25,1,Winter
2024-01-23 17:00:00,603.0,1.7,163.5,1,Winter
2024-01-23 18:00:00,650.0,1.55,168.5,1,Winter
2024-01-23 19:00:00,565.0,0.98,185.0,1,Winter
2024-01-23 20:00:00,594.0,0.95,245.25,1,Winter
2024-01-23 21:00:00,472.0,1.05,236.0,1,Winter
2024-01-23 22:00:00,511.0,1.05,263.5,1,Winter
2024-01-23 23:00:00,470.0,0.75,235.5,1,Winter
2024-01-24 00:00:00,427.0,0.5,208.5,1,Winter
2024-01-24 01:00:00,455.0,0.7,232.25,1,Winter
2024-01-24 02:00:00,444.0,0.95,149.5,1,Winter
2024-01-24 03:00:00,442.0,1.02,162.5,1,Winter
2024-01-24 04:00:00,407.0,1.25,169.25,1,Winter
2024-01-24 05:00:00,382.0,1.0,157.25,1,Winter
2024-01-24 06:00:00,364.0,0.57,151.75,1,Winter
2024-01-24 07:00:00,344.0,0.48,137.5,1,Winter
2024-01-24 08:00:00,323.0,0.68,135.0,1,Winter
2024-01-24 09:00:00,356.0,1.05,157.5,1,Winter
2024-01-24 10:00:00,396.0,0.92,176.25,1,Winter
2024-01-24 11:00:00,572.0,0.65,126.0,1,Winter
2024-01-24 12:00:00,578.0,1.1,84.25,1,Winter
2024-01-24 13:00:00,406.0,1.42,195.0,1,Winter
2024-01-24 14:00:00,305.0,1.02,81.75,1,Winter
2024-01-24 15:00:00,309.0,0.62,137.5,1,Winter
2024-01-24 16:00:00,261.0,0.7,142.0,1,Winter
2024-01-24 17:00:00,235.0,0.7,148.75,1,Winter
2024-01-24 18:00:00,266.0,0.7,143.5,1,Winter
2024-01-24 19:00:00,367.0,1.08,148.25,1,Winter
2024-01-24 20:00:00,334.0,1.45,159.0,1,Winter
2024-01-24 21:00:00,405.0,0.85,171.5,1,Winter
2024-01-24 22:00:00,323.0,0.78,167.5,1,Winter
2024-01-24 23:00:00,350.0,0.95,166.25,1,Winter
2024-01-25 00:00:00,329.0,0.98,142.0,1,Winter
2024-01-25 01:00:00,257.0,0.72,161.0,1,Winter
2024-01-25 02:00:00,152.0,0.68,150.75,1,Winter
2024-01-25 03:00:00,136.0,0.52,140.75,1,Winter
2024-01-25 04:00:00,86.0,0.8,128.5,1,Winter
2024-01-25 05:00:00,85.0,0.8,154.5,1,Winter
2024-01-25 06:00:00,132.0,0.78,140.5,1,Winter
2024-01-25 07:00:00,134.0,0.55,153.25,1,Winter
2024-01-25 08:00:00,134.0,0.68,152.5,1,Winter
2024-01-25 09:00:00,138.0,0.52,158.75,1,Winter
2024-01-25 10:00:00,186.0,0.6,135.75,1,Winter
2024-01-25 11:00:00,240.0,0.6,91.5,1,Winter
2024-01-25 12:00:00,233.0,0.625,67.5,1,Winter
2024-01-25 13:00:00,237.0,0.6499999999999999,122.75,1,Winter
2024-01-25 14:00:00,255.0,0.6749999999999999,87.75,1,Winter
2024-01-25 15:00:00,298.0,0.7,148.0,1,Winter
2024-01-25 16:00:00,239.0,0.48,162.0,1,Winter
2024-01-25 17:00:00,218.0,0.65,135.25,1,Winter
2024-01-25 18:00:00,257.0,0.42,159.0,1,Winter
2024-01-25 19:00:00,366.0,0.5,157.75,1,Winter
2024-01-25 20:00:00,361.25,0.6,181.75,1,Winter
2024-01-25 21:00:00,355.0,0.45,259.25,1,Winter
2024-01-25 22:00:00,425.25,0.5,284.5,1,Winter
2024-01-25 23:00:00,440.25,0.48,317.0,1,Winter
2024-01-26 00:00:00,372.5,0.4,285.25,1,Winter
2024-01-26 01:00:00,326.75,0.35,267.25,1,Winter
2024-01-26 02:00:00,387.75,0.25,254.25,1,Winter
2024-01-26 03:00:00,417.5,0.25,194.0,1,Winter
2024-01-26 04:00:00,383.0,0.45,127.25,1,Winter
2024-01-26 05:00:00,248.5,0.28,210.25,1,Winter
2024-01-26 06:00:00,277.5,0.6,148.25,1,Winter
2024-01-26 07:00:00,327.75,0.38,144.75,1,Winter
2024-01-26 08:00:00,297.5,0.4,183.0,1,Winter
2024-01-26 09:00:00,279.5,0.43,173.75,1,Winter
2024-01-26 10:00:00,345.75,0.6,195.0,1,Winter
2024-01-26 11:00:00,312.25,1.35,214.0,1,Winter
2024-01-26 12:00:00,335.25,0.7,129.5,1,Winter
2024-01-26 13:00:00,417.0,1.25,125.25,1,Winter
2024-01-26 14:00:00,381.0,1.52,127.75,1,Winter
2024-01-26 15:00:00,198.75,1.08,105.5,1,Winter
2024-01-26 16:00:00,212.25,0.53,132.5,1,Winter
2024-01-26 17:00:00,240.75,0.42,166.25,1,Winter
2024-01-26 18:00:00,359.5,0.22,179.25,1,Winter
2024-01-26 19:00:00,676.5,0.28,174.5,1,Winter
2024-01-26 20:00:00,611.0,0.32,143.0,1,Winter
2024-01-26 21:00:00,501.5,0.28,187.5,1,Winter
2024-01-26 22:00:00,541.0,0.38,146.75,1,Winter
2024-01-26 23:00:00,299.5,0.9,156.75,1,Winter
2024-01-27 00:00:00,228.25,0.48,181.75,1,Winter
2024-01-27 01:00:00,215.25,0.45,149.0,1,Winter
2024-01-27 02:00:00,215.5,0.32,131.25,1,Winter
2024-01-27 03:00:00,243.5,0.25,188.0,1,Winter
2024-01-27 04:00:00,274.75,0.43,168.25,1,Winter
2024-01-27 05:00:00,268.75,0.48,125.5,1,Winter
2024-01-27 06:00:00,293.0,0.43,139.25,1,Winter
2024-01-27 07:00:00,335.25,0.38,146.25,1,Winter
2024-01-27 08:00:00,339.5,0.68,129.0,1,Winter
2024-01-27 09:00:00,317.25,0.5,145.75,1,Winter
2024-01-27 10:00:00,297.5,2.2,132.25,1,Winter
2024-01-27 11:00:00,292.5,1.1,124.75,1,Winter
2024-01-27 12:00:00,287.75,2.4,129.75,1,Winter
2024-01-27 13:00:00,244.0,2.62,171.5,1,Winter
2024-01-27 14:00:00,224.75,2.75,170.25,1,Winter
2024-01-27 15:00:00,219.5,3.6,114.5,1,Winter
2024-01-27 16:00:00,179.25,1.65,107.25,1,Winter
2024-01-27 17:00:00,167.5,0.52,129.25,1,Winter
2024-01-27 18:00:00,231.0,0.35,132.5,1,Winter
2024-01-27 19:00:00,311.0,0.35,120.25,1,Winter
2024-01-27 20:00:00,394.25,0.3,141.5,1,Winter
2024-01-27 21:00:00,480.5,0.3,186.5,1,Winter
2024-01-27 22:00:00,476.25,0.28,123.25,1,Winter
2024-01-27 23:00:00,323.25,0.35,203.75,1,Winter
2024-01-28 00:00:00,360.0,0.38,244.5,1,Winter
2024-01-28 01:00:00,369.0,0.4,140.25,1,Winter
2024-01-28 02:00:00,295.25,0.45,121.0,1,Winter
2024-01-28 03:00:00,335.75,0.32,130.5,1,Winter
2024-01-28 04:00:00,390.0,0.38,157.75,1,Winter
2024-01-28 05:00:00,383.75,0.3,193.75,1,Winter
2024-01-28 06:00:00,391.25,0.25,233.0,1,Winter
2024-01-28 07:00:00,450.0,0.38,286.75,1,Winter
2024-01-28 08:00:00,534.75,0.52,281.5,1,Winter
2024-01-28 09:00:00,492.25,1.0,254.75,1,Winter
2024-01-28 10:00:00,511.5,1.32,257.25,1,Winter
2024-01-28 11:00:00,518.75,1.55,241.0,1,Winter
2024-01-28 12:00:00,598.75,1.62,241.75,1,Winter
2024-01-28 13:00:00,539.25,1.52,234.25,1,Winter
2024-01-28 14:00:00,516.25,1.95,237.75,1,Winter
2024-01-28 15:00:00,490.0,2.0,241.0,1,Winter
2024-01-28 16:00:00,474.75,1.62,247.5,1,Winter
2024-01-28 17:00:00,427.5,1.52,261.0,1,Winter
2024-01-28 18:00:00,443.25,1.2,250.25,1,Winter
2024-01-28 19:00:00,493.5,1.45,244.25,1,Winter
2024-01-28 20:00:00,461.25,1.42,246.0,1,Winter
2024-01-28 21:00:00,437.5,1.7,243.5,1,Winter
2024-01-28 22:00:00,362.75,1.7,249.75,1,Winter
2024-01-28 23:00:00,324.5,1.35,250.5,1,Winter
2024-01-29 00:00:00,302.75,1.48,242.75,1,Winter
2024-01-29 01:00:00,315.0,1.42,240.5,1,Winter
2024-01-29 02:00:00,341.5,1.4,270.25,1,Winter
2024-01-29 03:00:00,341.25,0.8,249.5,1,Winter
2024-01-29 04:00:00,369.0,0.82,254.25,1,Winter
2024-01-29 05:00:00,360.25,0.95,243.25,1,Winter
2024-01-29 06:00:00,372.0,0.9,207.5,1,Winter
2024-01-29 07:00:00,384.5,1.12,241.0,1,Winter
2024-01-29 08:00:00,331.0,1.18,262.0,1,Winter
2024-01-29 09:00:00,373.25,0.98,251.0,1,Winter
2024-01-29 10:00:00,448.25,1.0,263.25,1,Winter
2024-01-29 11:00:00,482.75,0.7,70.25,1,Winter
2024-01-29 12:00:00,417.75,0.4,120.75,1,Winter
2024-01-29 13:00:00,462.25,1.12,130.25,1,Winter
2024-01-29 14:00:00,455.5,1.4,124.25,1,Winter
2024-01-29 15:00:00,409.0,1.75,101.75,1,Winter
2024-01-29 16:00:00,420.5,0.68,140.25,1,Winter
2024-01-29 17:00:00,443.25,0.7,142.25,1,Winter
2024-01-29 18:00:00,492.5,0.57,122.0,1,Winter
2024-01-29 19:00:00,493.25,0.5,122.25,1,Winter
2024-01-29 20:00:00,443.25,0.4,123.0,1,Winter
2024-01-29 21:00:00,372.75,0.4,122.25,1,Winter
2024-01-29 22:00:00,356.25,0.48,124.75,1,Winter
2024-01-29 23:00:00,368.75,0.43,141.5,1,Winter
2024-01-30 00:00:00,311.5,0.48,137.25,1,Winter
2024-01-30 01:00:00,239.5,0.5,144.25,1,Winter
2024-01-30 02:00:00,199.75,0.52,134.25,1,Winter
2024-01-30 03:00:00,175.5,0.5,138.25,1,Winter
2024-01-30 04:00:00,177.0,0.5,147.0,1,Winter
2024-01-30 05:00:00,121.25,0.43,154.5,1,Winter
2024-01-30 06:00:00,121.75,0.48,146.75,1,Winter
2024-01-30 07:00:00,131.0,0.52,158.5,1,Winter
2024-01-30 08:00:00,136.25,0.57,148.25,1,Winter
2024-01-30 09:00:00,144.0,0.65,154.5,1,Winter
2024-01-30 10:00:00,157.25,0.55,149.0,1,Winter
2024-01-30 11:00:00,218.25,0.48,159.0,1,Winter
2024-01-30 12:00:00,309.0,0.92,155.75,1,Winter
2024-01-30 13:00:00,434.0,0.6,139.5,1,Winter
2024-01-30 14:00:00,403.25,0.55,145.0,1,Winter
2024-01-30 15:00:00,309.75,0.63,158.33,1,Winter
2024-01-30 16:00:00,298.5,0.52,147.0,1,Winter
2024-01-30 17:00:00,269.25,0.45,128.5,1,Winter
2024-01-30 18:00:00,250.5,0.48,136.5,1,Winter
2024-01-30 19:00:00,267.5,0.42,153.5,1,Winter
2024-01-30 20:00:00,329.0,0.35,190.75,1,Winter
2024-01-30 21:00:00,399.75,0.35,216.5,1,Winter
2024-01-30 22:00:00,374.5,0.75,229.75,1,Winter
2024-01-30 23:00:00,297.5,0.68,233.25,1,Winter
2024-01-31 00:00:00,247.0,0.38,183.0,1,Winter
2024-01-31 01:00:00,199.25,0.75,261.25,1,Winter
2024-01-31 02:00:00,169.75,0.82,285.0,1,Winter
2024-01-31 03:00:00,176.5,0.52,245.25,1,Winter
2024-01-31 04:00:00,229.75,0.48,265.0,1,Winter
2024-01-31 05:00:00,251.5,0.45,217.25,1,Winter
2024-01-31 06:00:00,278.75,0.9,315.0,1,Winter
2024-01-31 07:00:00,277.0,0.7,260.5,1,Winter
2024-01-31 08:00:00,323.75,1.0,265.25,1,Winter
2024-01-31 09:00:00,391.25,1.1,232.25,1,Winter
2024-01-31 10:00:00,474.75,1.1,221.0,1,Winter
2024-01-31 11:00:00,473.0,1.0,198.0,1,Winter
2024-01-31 12:00:00,422.5,1.48,148.0,1,Winter
2024-01-31 13:00:00,387.75,1.4,160.5,1,Winter
2024-01-31 14:00:00,305.5,1.08,240.25,1,Winter
2024-01-31 15:00:00,302.5,0.72,247.75,1,Winter
2024-01-31 16:00:00,301.5,1.3,276.25,1,Winter
2024-01-31 17:00:00,314.0,1.15,262.5,1,Winter
2024-01-31 18:00:00,316.5,0.78,264.25,1,Winter
2024-01-31 19:00:00,313.75,0.75,265.0,1,Winter
2024-01-31 20:00:00,359.75,0.77,228.75,1,Winter
2024-01-31 21:00:00,425.25,1.32,281.5,1,Winter
2024-01-31 22:00:00,400.0,1.18,234.5,1,Winter
2024-01-31 23:00:00,349.0,1.3,319.33,1,Winter
2024-02-01 00:00:00,176.5,1.45,307.5,2,Winter
2024-02-01 01:00:00,92.25,1.1,263.0,2,Winter
2024-02-01 02:00:00,65.5,1.25,263.75,2,Winter
2024-02-01 03:00:00,51.75,1.3,284.25,2,Winter
2024-02-01 04:00:00,42.5,1.23,238.75,2,Winter
2024-02-01 05:00:00,44.5,1.4,206.5,2,Winter
2024-02-01 06:00:00,46.25,1.72,273.5,2,Winter
2024-02-01 07:00:00,51.75,0.75,240.0,2,Winter
2024-02-01 08:00:00,67.0,1.4,298.25,2,Winter
2024-02-01 09:00:00,69.25,2.2,301.0,2,Winter
2024-02-01 10:00:00,65.75,2.48,295.25,2,Winter
2024-02-01 11:00:00,65.25,2.6,304.25,2,Winter
2024-02-01 12:00:00,75.75,2.45,309.5,2,Winter
2024-02-01 13:00:00,80.0,2.25,306.0,2,Winter
2024-02-01 14:00:00,91.25,2.08,301.5,2,Winter
2024-02-01 15:00:00,111.0,1.9,307.5,2,Winter
2024-02-01 16:00:00,124.5,1.75,298.75,2,Winter
2024-02-01 17:00:00,134.75,1.05,299.0,2,Winter
2024-02-01 18:00:00,157.75,0.82,264.0,2,Winter
2024-02-01 19:00:00,192.5,0.98,249.25,2,Winter
2024-02-01 20:00:00,239.0,0.88,263.0,2,Winter
2024-02-01 21:00:00,221.5,0.68,279.5,2,Winter
2024-02-01 22:00:00,229.25,0.57,315.5,2,Winter
2024-02-01 23:00:00,240.5,0.38,247.25,2,Winter
2024-02-02 00:00:00,212.25,0.28,200.0,2,Winter
2024-02-02 01:00:00,193.25,0.28,188.75,2,Winter
2024-02-02 02:00:00,184.75,0.32,223.25,2,Winter
2024-02-02 03:00:00,174.0,0.42,265.75,2,Winter
2024-02-02 04:00:00,154.0,0.78,255.5,2,Winter
2024-02-02 05:00:00,100.0,0.52,221.5,2,Winter
2024-02-02 06:00:00,90.75,0.45,144.5,2,Winter
2024-02-02 07:00:00,84.0,0.4,145.5,2,Winter
2024-02-02 08:00:00,66.25,0.45,144.0,2,Winter
2024-02-02 09:00:00,66.75,0.62,143.75,2,Winter
2024-02-02 10:00:00,81.5,0.68,151.25,2,Winter
2024-02-02 11:00:00,137.0,0.7,136.75,2,Winter
2024-02-02 12:00:00,171.25,1.27,132.25,2,Winter
2024-02-02 13:00:00,190.5,1.2,133.0,2,Winter
2024-02-02 14:00:00,172.25,1.3,113.25,2,Winter
2024-02-02 15:00:00,135.75,0.97,99.5,2,Winter
2024-02-02 16:00:00,128.5,0.85,130.5,2,Winter
2024-02-02 17:00:00,150.25,0.48,132.25,2,Winter
2024-02-02 18:00:00,175.75,0.52,129.5,2,Winter
2024-02-02 19:00:00,202.75,0.43,127.5,2,Winter
2024-02-02 20:00:00,194.75,0.42,156.25,2,Winter
2024-02-02 21:00:00,192.0,0.45,203.25,2,Winter
2024-02-02 22:00:00,199.25,0.5,118.75,2,Winter
2024-02-02 23:00:00,208.25,0.45,136.25,2,Winter
2024-02-03 00:00:00,182.25,0.43,141.75,2,Winter
2024-02-03 01:00:00,138.5,0.75,128.5,2,Winter
2024-02-03 02:00:00,132.0,0.55,118.75,2,Winter
2024-02-03 03:00:00,106.5,0.5,112.25,2,Winter
2024-02-03 04:00:00,110.25,0.38,123.25,2,Winter
2024-02-03 05:00:00,131.5,0.38,141.5,2,Winter
2024-02-03 06:00:00,124.0,0.38,154.75,2,Winter
2024-02-03 07:00:00,140.5,0.4,162.75,2,Winter
2024-02-03 08:00:00,162.5,0.52,149.75,2,Winter
2024-02-03 09:00:00,165.0,0.9,134.0,2,Winter
2024-02-03 10:00:00,172.75,1.15,187.5,2,Winter
2024-02-03 11:00:00,149.75,1.0,115.33,2,Winter
2024-02-03 12:00:00,123.75,1.5,103.75,2,Winter
2024-02-03 13:00:00,138.0,1.55,118.75,2,Winter
2024-02-03 14:00:00,87.75,2.4,127.25,2,Winter
2024-02-03 15:00:00,85.5,1.27,125.25,2,Winter
2024-02-03 16:00:00,95.5,0.38,168.5,2,Winter
2024-02-03 17:00:00,123.0,0.35,163.0,2,Winter
2024-02-03 18:00:00,189.5,0.32,200.0,2,Winter
2024-02-03 19:00:00,329.25,0.35,185.5,2,Winter
2024-02-03 20:00:00,444.25,0.3,202.25,2,Winter
2024-02-03 21:00:00,418.25,0.45,171.25,2,Winter
2024-02-03 22:00:00,365.0,0.65,151.0,2,Winter
2024-02-03 23:00:00,185.75,0.3,193.5,2,Winter
2024-02-04 00:00:00,175.25,0.3,209.75,2,Winter
2024-02-04 01:00:00,168.5,0.57,218.0,2,Winter
2024-02-04 02:00:00,187.75,0.32,211.0,2,Winter
2024-02-04 03:00:00,210.5,0.62,159.0,2,Winter
2024-02-04 04:00:00,214.0,0.72,201.75,2,Winter
2024-02-04 05:00:00,170.75,0.55,271.75,2,Winter
2024-02-04 06:00:00,162.75,0.85,224.5,2,Winter
2024-02-04 07:00:00,174.25,0.88,284.25,2,Winter
2024-02-04 08:00:00,162.5,0.9,294.5,2,Winter
2024-02-04 09:00:00,158.25,1.23,272.75,2,Winter
2024-02-04 10:00:00,183.0,1.68,255.0,2,Winter
2024-02-04 11:00:00,203.5,1.45,265.75,2,Winter
2024-02-04 12:00:00,214.25,1.3,253.25,2,Winter
2024-02-04 13:00:00,229.5,1.13,230.25,2,Winter
2024-02-04 14:00:00,244.5,0.8,257.75,2,Winter
2024-02-04 15:00:00,234.75,1.27,263.75,2,Winter
2024-02-04 16:00:00,216.0,1.45,287.5,2,Winter
2024-02-04 17:00:00,196.75,1.05,285.0,2,Winter
2024-02-04 18:00:00,184.75,0.82,282.0,2,Winter
2024-02-04 19:00:00,244.5,0.92,271.5,2,Winter
2024-02-04 20:00:00,252.75,0.92,287.75,2,Winter
2024-02-04 21:00:00,236.5,1.12,288.0,2,Winter
2024-02-04 22:00:00,196.25,1.45,318.5,2,Winter
2024-02-04 23:00:00,155.5,1.25,306.75,2,Winter
2024-02-05 00:00:00,136.5,1.32,315.0,2,Winter
2024-02-05 01:00:00,125.25,0.9,307.5,2,Winter
2024-02-05 02:00:00,114.5,0.35,211.25,2,Winter
2024-02-05 03:00:00,114.0,0.32,159.25,2,Winter
2024-02-05 04:00:00,117.0,0.55,154.75,2,Winter
2024-02-05 05:00:00,141.25,0.3,133.0,2,Winter
2024-02-05 06:00:00,133.0,0.55,140.75,2,Winter
2024-02-05 07:00:00,134.25,0.48,133.5,2,Winter
2024-02-05 08:00:00,142.25,0.55,141.0,2,Winter
2024-02-05 09:00:00,142.75,0.78,137.0,2,Winter
2024-02-05 10:00:00,117.0,0.8,144.5,2,Winter
2024-02-05 11:00:00,143.0,1.42,137.25,2,Winter
2024-02-05 12:00:00,127.5,1.27,160.25,2,Winter
2024-02-05 13:00:00,144.0,0.55,107.0,2,Winter
2024-02-05 14:00:00,142.5,1.23,115.75,2,Winter
2024-02-05 15:00:00,139.75,1.35,127.5,2,Winter
2024-02-05 16:00:00,141.25,1.32,133.25,2,Winter
2024-02-05 17:00:00,130.75,0.65,131.25,2,Winter
2024-02-05 18:00:00,138.0,0.6,120.25,2,Winter
2024-02-05 19:00:00,166.0,0.75,135.0,2,Winter
2024-02-05 20:00:00,206.25,1.02,137.0,2,Winter
2024-02-05 21:00:00,192.5,0.82,142.0,2,Winter
2024-02-05 22:00:00,137.5,1.1,150.75,2,Winter
2024-02-05 23:00:00,121.5,0.95,156.5,2,Winter
2024-02-06 00:00:00,94.75,0.48,154.75,2,Winter
2024-02-06 01:00:00,89.5,0.57,145.25,2,Winter
2024-02-06 02:00:00,85.0,0.38,145.5,2,Winter
2024-02-06 03:00:00,38.5,0.65,166.25,2,Winter
2024-02-06 04:00:00,61.0,0.45,136.75,2,Winter
2024-02-06 05:00:00,73.0,0.5,139.5,2,Winter
2024-02-06 06:00:00,72.0,0.57,142.0,2,Winter
2024-02-06 07:00:00,67.75,0.55,129.75,2,Winter
2024-02-06 08:00:00,67.25,0.57,143.0,2,Winter
2024-02-06 09:00:00,81.75,0.65,147.75,2,Winter
2024-02-06 10:00:00,99.5,1.12,172.25,2,Winter
2024-02-06 11:00:00,111.0,1.1,101.5,2,Winter
2024-02-06 12:00:00,113.5,1.27,122.0,2,Winter
2024-02-06 13:00:00,108.0,1.48,118.0,2,Winter
2024-02-06 14:00:00,96.75,2.33,124.0,2,Winter
2024-02-06 15:00:00,100.0,1.85,118.75,2,Winter
2024-02-06 16:00:00,103.0,1.52,133.5,2,Winter
2024-02-06 17:00:00,110.5,1.0,131.75,2,Winter
2024-02-06 18:00:00,160.5,0.42,124.5,2,Winter
2024-02-06 19:00:00,257.25,0.45,124.25,2,Winter
2024-02-06 20:00:00,306.5,0.35,131.0,2,Winter
2024-02-06 21:00:00,333.5,0.5,122.5,2,Winter
2024-02-06 22:00:00,329.25,0.43,133.75,2,Winter
2024-02-06 23:00:00,240.0,0.42,149.75,2,Winter
2024-02-07 00:00:00,249.0,0.35,157.5,2,Winter
2024-02-07 01:00:00,357.0,0.48,162.75,2,Winter
2024-02-07 02:00:00,201.0,0.55,145.25,2,Winter
2024-02-07 03:00:00,218.5,0.55,118.75,2,Winter
2024-02-07 04:00:00,203.0,0.45,144.25,2,Winter
2024-02-07 05:00:00,174.25,0.68,128.5,2,Winter
2024-02-07 06:00:00,135.0,0.5,109.0,2,Winter
2024-02-07 07:00:00,150.5,0.43,105.0,2,Winter
2024-02-07 08:00:00,178.5,0.62,133.25,2,Winter
2024-02-07 09:00:00,174.5,1.18,129.5,2,Winter
2024-02-07 10:00:00,165.5,1.1,107.0,2,Winter
2024-02-07 11:00:00,158.75,1.15,98.0,2,Winter
2024-02-07 12:00:00,153.0,2.48,120.0,2,Winter
2024-02-07 13:00:00,156.25,2.65,118.25,2,Winter
2024-02-07 14:00:00,149.75,1.83,122.5,2,Winter
2024-02-07 15:00:00,127.75,1.05,124.5,2,Winter
2024-02-07 16:00:00,134.25,1.35,129.75,2,Winter
2024-02-07 17:00:00,156.25,0.78,127.25,2,Winter
2024-02-07 18:00:00,164.25,0.45,168.75,2,Winter
2024-02-07 19:00:00,194.0,0.38,174.75,2,Winter
2024-02-07 20:00:00,223.5,0.38,173.25,2,Winter
2024-02-07 21:00:00,238.75,0.48,145.75,2,Winter
2024-02-07 22:00:00,233.5,0.57,117.25,2,Winter
2024-02-07 23:00:00,219.0,0.42,146.25,2,Winter
2024-02-08 00:00:00,182.0,0.38,165.0,2,Winter
2024-02-08 01:00:00,172.0,0.55,143.5,2,Winter
2024-02-08 02:00:00,202.5,0.62,126.5,2,Winter
2024-02-08 03:00:00,189.25,0.57,128.0,2,Winter
2024-02-08 04:00:00,174.5,0.6,128.0,2,Winter
2024-02-08 05:00:00,175.25,0.6,131.5,2,Winter
2024-02-08 06:00:00,147.5,0.68,123.0,2,Winter
2024-02-08 07:00:00,125.5,0.6,132.0,2,Winter
2024-02-08 08:00:00,127.25,0.75,137.25,2,Winter
2024-02-08 09:00:00,128.25,1.4,121.75,2,Winter
2024-02-08 10:00:00,134.0,1.63,124.5,2,Winter
2024-02-08 11:00:00,156.5,1.5,84.5,2,Winter
2024-02-08 12:00:00,169.25,1.1,101.75,2,Winter
2024-02-08 13:00:00,136.75,2.25,107.0,2,Winter
2024-02-08 14:00:00,128.5,2.68,103.25,2,Winter
2024-02-08 15:00:00,130.75,2.42,96.75,2,Winter
2024-02-08 16:00:00,122.0,1.4,112.75,2,Winter
2024-02-08 17:00:00,116.0,0.8,129.0,2,Winter
2024-02-08 18:00:00,128.5,0.62,133.0,2,Winter
2024-02-08 19:00:00,187.25,0.38,173.75,2,Winter
2024-02-08 20:00:00,243.0,0.38,199.0,2,Winter
2024-02-08 21:00:00,213.5,0.4,174.75,2,Winter
2024-02-08 22:00:00,197.5,0.5,228.0,2,Winter
2024-02-08 23:00:00,191.5,0.52,163.75,2,Winter
2024-02-09 00:00:00,183.5,0.45,138.0,2,Winter
2024-02-09 01:00:00,260.0,0.43,138.75,2,Winter
2024-02-09 02:00:00,319.5,0.4,141.25,2,Winter
2024-02-09 03:00:00,205.25,0.45,139.25,2,Winter
2024-02-09 04:00:00,206.25,0.45,131.75,2,Winter
2024-02-09 05:00:00,179.75,0.38,155.75,2,Winter
2024-02-09 06:00:00,192.5,0.35,188.0,2,Winter
2024-02-09 07:00:00,161.25,0.32,164.5,2,Winter
2024-02-09 08:00:00,188.75,0.6,124.5,2,Winter
2024-02-09 09:00:00,183.75,1.53,159.5,2,Winter
2024-02-09 10:00:00,162.0,0.45,97.0,2,Winter
2024-02-09 11:00:00,129.5,1.5,141.5,2,Winter
2024-02-09 12:00:00,107.5,2.08,131.75,2,Winter
2024-02-09 13:00:00,88.5,2.95,143.75,2,Winter
2024-02-09 14:00:00,80.25,2.6,184.75,2,Winter
2024-02-09 15:00:00,77.25,3.28,157.0,2,Winter
2024-02-09 16:00:00,78.25,2.22,106.5,2,Winter
2024-02-09 17:00:00,100.0,0.5,122.25,2,Winter
2024-02-09 18:00:00,195.25,0.43,106.75,2,Winter
2024-02-09 19:00:00,364.0,0.35,110.75,2,Winter
2024-02-09 20:00:00,398.5,0.38,314.0,2,Winter
2024-02-09 21:00:00,635.0,0.22,199.75,2,Winter
2024-02-09 22:00:00,782.0,0.28,286.5,2,Winter
2024-02-09 23:00:00,762.25,0.3,260.5,2,Winter
2024-02-10 00:00:00,783.25,0.25,275.25,2,Winter
2024-02-10 01:00:00,727.25,0.2,189.75,2,Winter
2024-02-10 02:00:00,524.25,0.48,286.0,2,Winter
2024-02-10 03:00:00,396.0,0.4,292.0,2,Winter
2024-02-10 04:00:00,381.25,0.22,237.5,2,Winter
2024-02-10 05:00:00,371.5,0.32,163.5,2,Winter
2024-02-10 06:00:00,368.75,0.35,232.5,2,Winter
2024-02-10 07:00:00,320.0,0.25,194.0,2,Winter
2024-02-10 08:00:00,426.5,0.45,248.25,2,Winter
2024-02-10 09:00:00,492.75,0.6,255.75,2,Winter
2024-02-10 10:00:00,454.5,0.8,73.33,2,Winter
2024-02-10 11:00:00,410.25,1.0,167.75,2,Winter
2024-02-10 12:00:00,320.75,1.68,163.0,2,Winter
2024-02-10 13:00:00,233.25,3.3,115.0,2,Winter
2024-02-10 14:00:00,200.0,3.12,109.0,2,Winter
2024-02-10 15:00:00,232.25,2.38,113.25,2,Winter
2024-02-10 16:00:00,229.75,1.23,115.75,2,Winter
2024-02-10 17:00:00,233.25,0.62,136.0,2,Winter
2024-02-10 18:00:00,278.0,0.48,122.75,2,Winter
2024-02-10 19:00:00,373.25,0.4,129.5,2,Winter
2024-02-10 20:00:00,387.25,0.48,179.5,2,Winter
2024-02-10 21:00:00,407.25,0.95,168.75,2,Winter
2024-02-10 22:00:00,312.75,0.95,181.0,2,Winter
2024-02-10 23:00:00,289.25,0.82,180.25,2,Winter
2024-02-11 00:00:00,283.5,0.8,157.5,2,Winter
2024-02-11 01:00:00,254.75,0.3,136.0,2,Winter
2024-02-11 02:00:00,254.5,0.32,143.0,2,Winter
2024-02-11 03:00:00,257.0,0.3,123.75,2,Winter
2024-02-11 04:00:00,269.75,0.3,163.5,2,Winter
2024-02-11 05:00:00,288.25,0.3,137.5,2,Winter
2024-02-11 06:00:00,241.75,0.35,131.0,2,Winter
2024-02-11 07:00:00,201.75,0.32,126.75,2,Winter
2024-02-11 08:00:00,213.0,0.4,151.0,2,Winter
2024-02-11 09:00:00,235.5,0.68,147.0,2,Winter
2024-02-11 10:00:00,278.25,2.65,157.75,2,Winter
2024-02-11 11:00:00,271.25,1.58,145.5,2,Winter
2024-02-11 12:00:00,220.25,2.68,165.5,2,Winter
2024-02-11 13:00:00,178.5,2.9,180.5,2,Winter
2024-02-11 14:00:00,134.75,2.3,207.0,2,Winter
2024-02-11 15:00:00,117.75,2.95,200.0,2,Winter
2024-02-11 16:00:00,130.0,3.0,102.25,2,Winter
2024-02-11 17:00:00,160.75,0.72,134.5,2,Winter
2024-02-11 18:00:00,207.5,0.57,139.75,2,Winter
2024-02-11 19:00:00,267.0,0.42,131.75,2,Winter
2024-02-11 20:00:00,288.25,0.43,157.5,2,Winter
2024-02-11 21:00:00,283.5,0.5,157.0,2,Winter
2024-02-11 22:00:00,266.75,0.32,127.25,2,Winter
2024-02-11 23:00:00,256.5,0.35,126.0,2,Winter
2024-02-12 00:00:00,261.5,0.35,169.75,2,Winter
2024-02-12 01:00:00,330.75,0.32,161.5,2,Winter
2024-02-12 02:00:00,251.25,0.32,139.75,2,Winter
2024-02-12 03:00:00,281.25,0.4,116.25,2,Winter
2024-02-12 04:00:00,228.0,0.28,139.0,2,Winter
2024-02-12 05:00:00,180.75,0.3,200.25,2,Winter
2024-02-12 06:00:00,187.25,0.3,148.5,2,Winter
2024-02-12 07:00:00,239.25,0.42,144.0,2,Winter
2024-02-12 08:00:00,295.25,0.48,150.0,2,Winter
2024-02-12 09:00:00,353.0,0.57,157.33,2,Winter
2024-02-12 10:00:00,322.0,1.4,123.67,2,Winter
2024-02-12 11:00:00,312.0,0.85,143.0,2,Winter
2024-02-12 12:00:00,299.0,2.33,129.0,2,Winter
2024-02-12 13:00:00,224.0,1.815,60.5,2,Winter
2024-02-12 14:00:00,238.0,1.3,92.0,2,Winter
2024-02-12 15:00:00,232.0,1.2,86.0,2,Winter
2024-02-12 16:00:00,228.0,0.5,120.0,2,Winter
2024-02-12 17:00:00,243.0,0.9,139.0,2,Winter
2024-02-12 18:00:00,310.0,1.27,158.25,2,Winter
2024-02-12 19:00:00,393.0,0.72,162.75,2,Winter
2024-02-12 20:00:00,373.0,0.5,166.25,2,Winter
2024-02-12 21:00:00,371.0,0.45,174.75,2,Winter
2024-02-12 22:00:00,361.0,0.35,139.0,2,Winter
2024-02-12 23:00:00,357.0,0.38,163.75,2,Winter
2024-02-13 00:00:00,346.0,0.3,216.25,2,Winter
2024-02-13 01:00:00,334.0,0.4,282.25,2,Winter
2024-02-13 02:00:00,306.0,0.32,193.0,2,Winter
2024-02-13 03:00:00,337.0,0.32,202.0,2,Winter
2024-02-13 04:00:00,305.0,0.3,154.0,2,Winter
2024-02-13 05:00:00,305.0,0.4,114.5,2,Winter
2024-02-13 06:00:00,509.0,0.32,130.25,2,Winter
2024-02-13 07:00:00,654.0,0.28,148.25,2,Winter
2024-02-13 08:00:00,407.0,0.38,202.25,2,Winter
2024-02-13 09:00:00,511.0,0.4,228.0,2,Winter
2024-02-13 10:00:00,488.0,0.67,271.75,2,Winter
2024-02-13 11:00:00,542.0,1.1,64.5,2,Winter
2024-02-13 12:00:00,484.0,1.53,182.0,2,Winter
2024-02-13 13:00:00,329.0,1.92,214.25,2,Winter
2024-02-13 14:00:00,252.0,2.7,195.25,2,Winter
2024-02-13 15:00:00,229.0,3.15,159.75,2,Winter
2024-02-13 16:00:00,215.0,1.75,100.75,2,Winter
2024-02-13 17:00:00,244.0,0.7,127.5,2,Winter
2024-02-13 18:00:00,307.0,0.3,138.0,2,Winter
2024-02-13 19:00:00,365.0,0.28,187.5,2,Winter
2024-02-13 20:00:00,394.0,0.38,138.5,2,Winter
2024-02-13 21:00:00,522.0,0.5,129.25,2,Winter
2024-02-13 22:00:00,406.0,0.38,126.0,2,Winter
2024-02-13 23:00:00,384.0,0.38,153.25,2,Winter
2024-02-14 00:00:00,403.0,0.28,131.5,2,Winter
2024-02-14 01:00:00,320.0,0.32,137.0,2,Winter
2024-02-14 02:00:00,288.0,0.32,130.5,2,Winter
2024-02-14 03:00:00,287.0,0.32,161.75,2,Winter
2024-02-14 04:00:00,284.0,0.32,149.5,2,Winter
2024-02-14 05:00:00,287.0,0.35,129.75,2,Winter
2024-02-14 06:00:00,227.0,0.32,154.0,2,Winter
2024-02-14 07:00:00,199.0,0.32,119.75,2,Winter
2024-02-14 08:00:00,217.0,0.45,139.0,2,Winter
2024-02-14 09:00:00,250.0,0.6,151.0,2,Winter
2024-02-14 10:00:00,282.0,0.5,77.0,2,Winter
2024-02-14 11:00:00,266.0,2.22,141.75,2,Winter
2024-02-14 12:00:00,227.0,2.08,201.5,2,Winter
2024-02-14 13:00:00,195.0,2.08,199.25,2,Winter
2024-02-14 14:00:00,193.0,3.08,187.0,2,Winter
2024-02-14 15:00:00,194.0,3.08,209.0,2,Winter
2024-02-14 16:00:00,184.0,3.85,141.0,2,Winter
2024-02-14 17:00:00,191.0,0.65,127.75,2,Winter
2024-02-14 18:00:00,229.0,0.35,131.25,2,Winter
2024-02-14 19:00:00,312.0,0.45,127.5,2,Winter
2024-02-14 20:00:00,381.0,0.5,122.25,2,Winter
2024-02-14 21:00:00,335.0,0.4,125.0,2,Winter
2024-02-14 22:00:00,283.0,0.42,118.75,2,Winter
2024-02-14 23:00:00,302.0,0.5,119.0,2,Winter
2024-02-15 00:00:00,283.0,0.38,129.75,2,Winter
2024-02-15 01:00:00,416.0,0.7,135.5,2,Winter
2024-02-15 02:00:00,205.0,0.32,140.25,2,Winter
2024-02-15 03:00:00,221.0,0.3,149.5,2,Winter
2024-02-15 04:00:00,194.0,0.3,160.75,2,Winter
2024-02-15 05:00:00,174.0,0.32,148.0,2,Winter
2024-02-15 06:00:00,152.0,0.35,136.75,2,Winter
2024-02-15 07:00:00,179.0,0.42,140.5,2,Winter
2024-02-15 08:00:00,282.0,0.52,162.25,2,Winter
2024-02-15 09:00:00,208.0,0.85,174.5,2,Winter
2024-02-15 10:00:00,246.0,0.73,153.5,2,Winter
2024-02-15 11:00:00,256.0,2.68,143.5,2,Winter
2024-02-15 12:00:00,224.0,2.82,170.0,2,Winter
2024-02-15 13:00:00,183.0,2.38,187.25,2,Winter
2024-02-15 14:00:00,182.0,2.1,180.5,2,Winter
2024-02-15 15:00:00,153.0,3.5,194.25,2,Winter
2024-02-15 16:00:00,173.0,3.42,182.75,2,Winter
2024-02-15 17:00:00,179.0,1.18,119.5,2,Winter
2024-02-15 18:00:00,217.0,0.4,99.0,2,Winter
2024-02-15 19:00:00,326.0,0.32,108.25,2,Winter
2024-02-15 20:00:00,373.0,0.32,115.25,2,Winter
2024-02-15 21:00:00,414.0,0.4,107.0,2,Winter
2024-02-15 22:00:00,351.0,0.42,129.0,2,Winter
2024-02-15 23:00:00,400.0,0.35,114.75,2,Winter
2024-02-16 00:00:00,288.0,0.52,137.5,2,Winter
2024-02-16 01:00:00,283.0,0.75,150.75,2,Winter
2024-02-16 02:00:00,290.0,0.4,163.75,2,Winter
2024-02-16 03:00:00,208.0,0.3,164.0,2,Winter
2024-02-16 04:00:00,200.0,0.3,161.0,2,Winter
2024-02-16 05:00:00,282.0,0.38,183.5,2,Winter
2024-02-16 06:00:00,255.0,0.57,131.25,2,Winter
2024-02-16 07:00:00,279.0,0.42,134.25,2,Winter
2024-02-16 08:00:00,313.0,0.43,163.5,2,Winter
2024-02-16 09:00:00,359.0,1.33,153.75,2,Winter
2024-02-16 10:00:00,267.0,1.1,109.25,2,Winter
2024-02-16 11:00:00,215.0,2.2,164.0,2,Winter
2024-02-16 12:00:00,210.0,2.3,183.0,2,Winter
2024-02-16 13:00:00,216.0,1.27,147.5,2,Winter
2024-02-16 14:00:00,130.0,2.08,161.5,2,Winter
2024-02-16 15:00:00,144.0,1.95,157.5,2,Winter
2024-02-16 16:00:00,108.0,3.7,193.25,2,Winter
2024-02-16 17:00:00,135.0,1.88,149.5,2,Winter
2024-02-16 18:00:00,160.0,0.43,115.5,2,Winter
2024-02-16 19:00:00,350.0,0.35,136.25,2,Winter
2024-02-16 20:00:00,381.0,0.38,105.75,2,Winter
2024-02-16 21:00:00,318.0,0.3,171.25,2,Winter
2024-02-16 22:00:00,367.0,0.62,150.75,2,Winter
2024-02-16 23:00:00,410.0,0.92,158.5,2,Winter
2024-02-17 00:00:00,234.0,0.6,156.25,2,Winter
2024-02-17 01:00:00,394.0,0.22,172.75,2,Winter
2024-02-17 02:00:00,221.0,0.45,132.25,2,Winter
2024-02-17 03:00:00,291.0,0.4,168.25,2,Winter
2024-02-17 04:00:00,276.0,0.42,134.75,2,Winter
2024-02-17 05:00:00,299.0,0.4,138.75,2,Winter
2024-02-17 06:00:00,366.0,0.32,160.25,2,Winter
2024-02-17 07:00:00,346.0,0.28,160.0,2,Winter
2024-02-17 08:00:00,384.0,0.45,150.5,2,Winter
2024-02-17 09:00:00,332.0,1.1,150.5,2,Winter
2024-02-17 10:00:00,274.0,1.47,136.25,2,Winter
2024-02-17 11:00:00,219.0,2.38,178.0,2,Winter
2024-02-17 12:00:00,175.0,2.2,193.75,2,Winter
2024-02-17 13:00:00,151.0,2.2,190.0,2,Winter
2024-02-17 14:00:00,151.0,1.92,169.0,2,Winter
2024-02-17 15:00:00,134.0,1.45,155.75,2,Winter
2024-02-17 16:00:00,97.0,3.12,207.75,2,Winter
2024-02-17 17:00:00,114.0,1.85,154.25,2,Winter
2024-02-17 18:00:00,133.0,0.3,177.0,2,Winter
2024-02-17 19:00:00,178.0,0.3,144.0,2,Winter
2024-02-17 20:00:00,443.0,0.4,147.0,2,Winter
2024-02-17 21:00:00,477.0,0.35,251.5,2,Winter
2024-02-17 22:00:00,438.0,0.55,281.0,2,Winter
2024-02-17 23:00:00,582.0,0.38,183.75,2,Winter
2024-02-18 00:00:00,626.0,0.35,138.25,2,Winter
2024-02-18 01:00:00,589.0,0.35,207.25,2,Winter
2024-02-18 02:00:00,400.0,0.4,170.5,2,Winter
2024-02-18 03:00:00,443.0,0.57,180.75,2,Winter
2024-02-18 04:00:00,406.0,0.28,166.25,2,Winter
2024-02-18 05:00:00,329.0,0.32,279.5,2,Winter
2024-02-18 06:00:00,296.0,0.38,250.5,2,Winter
2024-02-18 07:00:00,313.0,0.57,275.25,2,Winter
2024-02-18 08:00:00,382.0,0.6,195.25,2,Winter
2024-02-18 09:00:00,445.0,1.55,196.75,2,Winter
2024-02-18 10:00:00,392.0,1.9,296.5,2,Winter
2024-02-18 11:00:00,291.0,1.8,269.5,2,Winter
2024-02-18 12:00:00,223.0,2.12,269.0,2,Winter
2024-02-18 13:00:00,190.0,2.32,279.0,2,Winter
2024-02-18 14:00:00,183.0,1.62,193.75,2,Winter
2024-02-18 15:00:00,150.0,1.02,241.25,2,Winter
2024-02-18 16:00:00,168.0,0.77,232.25,2,Winter
2024-02-18 17:00:00,262.0,1.32,282.75,2,Winter
2024-02-18 18:00:00,304.0,1.25,275.25,2,Winter
2024-02-18 19:00:00,329.0,0.8,269.75,2,Winter
2024-02-18 20:00:00,364.0,0.72,276.25,2,Winter
2024-02-18 21:00:00,372.0,0.78,267.0,2,Winter
2024-02-18 22:00:00,425.0,0.98,261.75,2,Winter
2024-02-18 23:00:00,381.0,1.02,272.75,2,Winter
2024-02-19 00:00:00,374.0,1.02,263.0,2,Winter
2024-02-19 01:00:00,301.0,0.8,259.25,2,Winter
2024-02-19 02:00:00,338.0,1.15,275.5,2,Winter
2024-02-19 03:00:00,272.0,1.32,273.0,2,Winter
2024-02-19 04:00:00,185.0,1.35,282.25,2,Winter
2024-02-19 05:00:00,204.0,1.18,276.0,2,Winter
2024-02-19 06:00:00,194.0,1.48,283.5,2,Winter
2024-02-19 07:00:00,204.0,1.7,282.25,2,Winter
2024-02-19 08:00:00,211.0,2.35,285.75,2,Winter
2024-02-19 09:00:00,312.0,1.17,205.75,2,Winter
2024-02-19 10:00:00,403.0,3.12,303.0,2,Winter
2024-02-19 11:00:00,707.0,3.88,305.0,2,Winter
2024-02-19 12:00:00,516.0,3.95,294.75,2,Winter
2024-02-19 13:00:00,531.0,3.85,308.25,2,Winter
2024-02-19 14:00:00,460.0,3.48,299.5,2,Winter
2024-02-19 15:00:00,354.0,3.4,304.25,2,Winter
2024-02-19 16:00:00,306.0,3.15,302.0,2,Winter
2024-02-19 17:00:00,255.0,2.43,300.0,2,Winter
2024-02-19 18:00:00,234.0,1.98,274.0,2,Winter
2024-02-19 19:00:00,249.0,1.48,238.25,2,Winter
2024-02-19 20:00:00,307.0,1.42,248.5,2,Winter
2024-02-19 21:00:00,307.0,1.48,266.0,2,Winter
2024-02-19 22:00:00,283.0,2.48,291.25,2,Winter
2024-02-19 23:00:00,224.0,2.55,297.25,2,Winter
2024-02-20 00:00:00,210.0,2.12,278.25,2,Winter
2024-02-20 01:00:00,189.0,1.55,243.75,2,Winter
2024-02-20 02:00:00,164.0,0.98,298.0,2,Winter
2024-02-20 03:00:00,178.0,1.0,285.5,2,Winter
2024-02-20 04:00:00,166.0,0.68,285.25,2,Winter
2024-02-20 05:00:00,110.0,0.75,270.25,2,Winter
2024-02-20 06:00:00,118.0,1.02,250.5,2,Winter
2024-02-20 07:00:00,172.0,0.9,259.0,2,Winter
2024-02-20 08:00:00,202.0,1.02,271.25,2,Winter
2024-02-20 09:00:00,218.0,1.17,231.25,2,Winter
2024-02-20 10:00:00,222.0,1.55,291.0,2,Winter
2024-02-20 11:00:00,222.0,1.9,304.0,2,Winter
2024-02-20 12:00:00,216.0,1.68,290.25,2,Winter
2024-02-20 13:00:00,241.0,1.25,197.25,2,Winter
2024-02-20 14:00:00,237.0,1.27,167.75,2,Winter
2024-02-20 15:00:00,196.0,1.0,165.75,2,Winter
2024-02-20 16:00:00,207.0,1.05,169.25,2,Winter
2024-02-20 17:00:00,223.0,2.42,206.0,2,Winter
2024-02-20 18:00:00,219.0,0.8,194.25,2,Winter
2024-02-20 19:00:00,340.0,0.6,238.5,2,Winter
2024-02-20 20:00:00,394.0,0.52,231.25,2,Winter
2024-02-20 21:00:00,389.0,0.38,260.0,2,Winter
2024-02-20 22:00:00,355.0,0.42,285.75,2,Winter
2024-02-20 23:00:00,357.0,0.45,223.75,2,Winter
2024-02-21 00:00:00,329.0,0.92,129.75,2,Winter
2024-02-21 01:00:00,315.0,1.62,145.75,2,Winter
2024-02-21 02:00:00,213.0,1.25,167.5,2,Winter
2024-02-21 03:00:00,201.0,1.45,166.25,2,Winter
2024-02-21 04:00:00,233.0,0.8,156.0,2,Winter
2024-02-21 05:00:00,221.0,0.65,128.0,2,Winter
2024-02-21 06:00:00,229.0,1.15,128.5,2,Winter
2024-02-21 07:00:00,78.0,1.05,134.0,2,Winter
2024-02-21 08:00:00,107.0,0.68,137.5,2,Winter
2024-02-21 09:00:00,147.0,0.78,135.75,2,Winter
2024-02-21 10:00:00,184.0,0.6,80.0,2,Winter
2024-02-21 11:00:00,184.0,2.55,129.5,2,Winter
2024-02-21 12:00:00,173.0,2.48,184.0,2,Winter
2024-02-21 13:00:00,163.0,2.12,177.0,2,Winter
2024-02-21 14:00:00,160.0,2.48,168.0,2,Winter
2024-02-21 15:00:00,135.0,1.85,167.5,2,Winter
2024-02-21 16:00:00,114.0,4.0,188.75,2,Winter
2024-02-21 17:00:00,139.0,1.68,139.75,2,Winter
2024-02-21 18:00:00,185.0,1.62,144.0,2,Winter
2024-02-21 19:00:00,291.0,2.02,147.5,2,Winter
2024-02-21 20:00:00,274.0,2.2,144.0,2,Winter
2024-02-21 21:00:00,222.0,2.6,162.75,2,Winter
2024-02-21 22:00:00,202.0,1.78,162.25,2,Winter
2024-02-21 23:00:00,167.0,1.35,169.75,2,Winter
2024-02-22 00:00:00,177.0,0.75,226.5,2,Winter
2024-02-22 01:00:00,185.0,0.55,268.0,2,Winter
2024-02-22 02:00:00,143.0,0.6,235.5,2,Winter
2024-02-22 03:00:00,129.0,0.98,196.5,2,Winter
2024-02-22 04:00:00,149.0,0.65,150.0,2,Winter
2024-02-22 05:00:00,174.0,0.85,154.5,2,Winter
2024-02-22 06:00:00,254.0,0.65,128.75,2,Winter
2024-02-22 07:00:00,248.0,0.57,145.25,2,Winter
2024-02-22 08:00:00,257.0,0.65,111.25,2,Winter
2024-02-22 09:00:00,237.0,1.2000000000000002,73.5,2,Winter
2024-02-22 10:00:00,218.0,1.75,149.5,2,Winter
2024-02-22 11:00:00,171.0,3.05,135.25,2,Winter
2024-02-22 12:00:00,144.0,2.7,183.5,2,Winter
2024-02-22 13:00:00,129.0,3.72,173.75,2,Winter
2024-02-22 14:00:00,145.0,3.95,179.5,2,Winter
2024-02-22 15:00:00,135.0,4.03,153.25,2,Winter
2024-02-22 16:00:00,163.0,4.57,114.5,2,Winter
2024-02-22 17:00:00,155.0,1.67,141.75,2,Winter
2024-02-22 18:00:00,177.0,0.85,135.75,2,Winter
2024-02-22 19:00:00,191.0,0.95,134.5,2,Winter
2024-02-22 20:00:00,200.0,1.42,135.0,2,Winter
2024-02-22 21:00:00,175.0,1.4,141.0,2,Winter
2024-02-22 22:00:00,175.0,1.0,153.25,2,Winter
2024-02-22 23:00:00,156.0,0.48,112.25,2,Winter
2024-02-23 00:00:00,160.0,0.4,103.5,2,Winter
2024-02-23 01:00:00,190.0,0.38,133.0,2,Winter
2024-02-23 02:00:00,167.0,0.38,151.5,2,Winter
2024-02-23 03:00:00,162.0,0.35,156.5,2,Winter
2024-02-23 04:00:00,219.0,0.45,144.5,2,Winter
2024-02-23 05:00:00,272.0,0.45,140.25,2,Winter
2024-02-23 06:00:00,216.0,0.48,143.0,2,Winter
2024-02-23 07:00:00,226.0,0.43,144.75,2,Winter
2024-02-23 08:00:00,302.0,0.55,128.25,2,Winter
2024-02-23 09:00:00,257.0,1.1,83.5,2,Winter
2024-02-23 10:00:00,191.0,1.1,122.75,2,Winter
2024-02-23 11:00:00,146.0,2.68,134.5,2,Winter
2024-02-23 12:00:00,139.0,3.7,121.25,2,Winter
2024-02-23 13:00:00,110.0,4.4,111.5,2,Winter
2024-02-23 14:00:00,110.0,4.75,98.75,2,Winter
2024-02-23 15:00:00,119.0,4.72,95.5,2,Winter
2024-02-23 16:00:00,136.0,3.58,94.25,2,Winter
2024-02-23 17:00:00,143.0,1.05,134.75,2,Winter
2024-02-23 18:00:00,164.0,0.55,118.75,2,Winter
2024-02-23 19:00:00,227.0,0.5,124.75,2,Winter
2024-02-23 20:00:00,346.0,0.62,169.0,2,Winter
2024-02-23 21:00:00,305.0,0.68,190.75,2,Winter
2024-02-23 22:00:00,234.5,1.0,197.75,2,Winter
2024-02-23 23:00:00,205.75,1.58,166.0,2,Winter
2024-02-24 00:00:00,165.0,0.88,194.0,2,Winter
2024-02-24 01:00:00,166.75,0.48,228.25,2,Winter
2024-02-24 02:00:00,208.0,0.5,138.5,2,Winter
2024-02-24 03:00:00,223.0,0.75,208.0,2,Winter
2024-02-24 04:00:00,268.75,0.5,194.25,2,Winter
2024-02-24 05:00:00,288.25,0.52,167.0,2,Winter
2024-02-24 06:00:00,343.25,0.35,191.75,2,Winter
2024-02-24 07:00:00,363.0,0.45,136.25,2,Winter
2024-02-24 08:00:00,375.25,1.3,151.0,2,Winter
2024-02-24 09:00:00,298.5,1.385,50.5,2,Winter
2024-02-24 10:00:00,210.25,1.47,138.5,2,Winter
2024-02-24 11:00:00,144.5,2.53,149.75,2,Winter
2024-02-24 12:00:00,101.25,2.48,190.25,2,Winter
2024-02-24 13:00:00,81.5,2.7,199.25,2,Winter
2024-02-24 14:00:00,79.5,3.32,190.75,2,Winter
2024-02-24 15:00:00,99.75,3.9,188.25,2,Winter
2024-02-24 16:00:00,114.0,4.85,102.25,2,Winter
2024-02-24 17:00:00,131.0,1.68,151.75,2,Winter
2024-02-24 18:00:00,175.0,1.08,156.25,2,Winter
2024-02-24 19:00:00,237.75,1.0,163.75,2,Winter
2024-02-24 20:00:00,248.75,0.78,169.5,2,Winter
2024-02-24 21:00:00,268.75,0.95,174.75,2,Winter
2024-02-24 22:00:00,274.0,1.32,173.0,2,Winter
2024-02-24 23:00:00,191.0,1.32,179.5,2,Winter
2024-02-25 00:00:00,200.0,1.78,176.75,2,Winter
2024-02-25 01:00:00,171.25,0.92,200.25,2,Winter
2024-02-25 02:00:00,189.0,1.12,261.25,2,Winter
2024-02-25 03:00:00,182.75,1.05,245.0,2,Winter
2024-02-25 04:00:00,188.75,0.82,240.25,2,Winter
2024-02-25 05:00:00,161.0,0.55,263.75,2,Winter
2024-02-25 06:00:00,183.25,0.55,264.5,2,Winter
2024-02-25 07:00:00,203.5,0.38,272.0,2,Winter
2024-02-25 08:00:00,254.5,0.7,226.0,2,Winter
2024-02-25 09:00:00,327.25,0.965,107.0,2,Winter
2024-02-25 10:00:00,296.75,1.23,235.5,2,Winter
2024-02-25 11:00:00,294.0,1.55,237.75,2,Winter
2024-02-25 12:00:00,194.0,1.83,215.75,2,Winter
2024-02-25 13:00:00,122.5,2.38,211.0,2,Winter
2024-02-25 14:00:00,116.0,3.6,176.75,2,Winter
2024-02-25 15:00:00,194.0,4.62,101.5,2,Winter
2024-02-25 16:00:00,318.5,4.12,121.75,2,Winter
2024-02-25 17:00:00,247.75,2.3,149.25,2,Winter
2024-02-25 18:00:00,215.5,1.95,158.75,2,Winter
2024-02-25 19:00:00,229.0,0.72,176.75,2,Winter
2024-02-25 20:00:00,226.0,0.88,164.0,2,Winter
2024-02-25 21:00:00,220.0,0.45,157.25,2,Winter
2024-02-25 22:00:00,253.75,0.85,195.75,2,Winter
2024-02-25 23:00:00,290.75,1.15,158.75,2,Winter
2024-02-26 00:00:00,180.5,1.18,165.0,2,Winter
2024-02-26 01:00:00,187.5,1.42,163.75,2,Winter
2024-02-26 02:00:00,193.25,1.23,165.75,2,Winter
2024-02-26 03:00:00,180.0,0.98,186.75,2,Winter
2024-02-26 04:00:00,159.25,0.55,150.25,2,Winter
2024-02-26 05:00:00,177.75,0.45,201.0,2,Winter
2024-02-26 06:00:00,204.75,0.57,145.75,2,Winter
2024-02-26 07:00:00,225.0,0.35,157.0,2,Winter
2024-02-26 08:00:00,275.5,0.47,134.25,2,Winter
2024-02-26 09:00:00,261.5,1.095,116.0,2,Winter
2024-02-26 10:00:00,251.25,1.72,160.5,2,Winter
2024-02-26 11:00:00,240.0,2.92,125.75,2,Winter
2024-02-26 12:00:00,197.75,3.4,165.25,2,Winter
2024-02-26 13:00:00,169.5,2.2,218.0,2,Winter
2024-02-26 14:00:00,128.75,2.25,227.75,2,Winter
2024-02-26 15:00:00,102.0,3.85,154.5,2,Winter
2024-02-26 16:00:00,141.75,4.2,110.0,2,Winter
2024-02-26 17:00:00,168.5,0.52,126.5,2,Winter
2024-02-26 18:00:00,190.0,0.42,116.0,2,Winter
2024-02-26 19:00:00,278.75,0.35,112.75,2,Winter
2024-02-26 20:00:00,286.75,0.32,140.0,2,Winter
2024-02-26 21:00:00,317.5,0.45,125.25,2,Winter
2024-02-26 22:00:00,369.25,0.98,151.0,2,Winter
2024-02-26 23:00:00,277.75,1.4,162.75,2,Winter
2024-02-27 00:00:00,143.75,0.8,162.25,2,Winter
2024-02-27 01:00:00,152.25,0.6,179.0,2,Winter
2024-02-27 02:00:00,176.25,0.6,167.5,2,Winter
2024-02-27 03:00:00,154.5,0.68,157.5,2,Winter
2024-02-27 04:00:00,207.5,1.02,170.5,2,Winter
2024-02-27 05:00:00,197.25,1.58,147.0,2,Winter
2024-02-27 06:00:00,123.25,2.2,137.75,2,Winter
2024-02-27 07:00:00,91.0,1.98,174.75,2,Winter
2024-02-27 08:00:00,98.75,1.52,159.0,2,Winter
2024-02-27 09:00:00,100.5,1.0,151.25,2,Winter
2024-02-27 10:00:00,124.0,1.75,60.0,2,Winter
2024-02-27 11:00:00,153.0,2.5,128.5,2,Winter
2024-02-27 12:00:00,162.0,3.5,134.75,2,Winter
2024-02-27 13:00:00,117.0,4.08,122.5,2,Winter
2024-02-27 14:00:00,106.25,4.0,139.5,2,Winter
2024-02-27 15:00:00,74.75,4.3,155.25,2,Winter
2024-02-27 16:00:00,81.5,4.7,100.25,2,Winter
2024-02-27 17:00:00,111.25,1.88,137.0,2,Winter
2024-02-27 18:00:00,165.75,0.92,132.0,2,Winter
2024-02-27 19:00:00,193.0,0.6,117.75,2,Winter
2024-02-27 20:00:00,214.25,0.65,162.75,2,Winter
2024-02-27 21:00:00,188.5,0.62,135.75,2,Winter
2024-02-27 22:00:00,185.75,0.72,147.75,2,Winter
2024-02-27 23:00:00,170.0,0.5,129.75,2,Winter
2024-02-28 00:00:00,151.25,0.6,101.0,2,Winter
2024-02-28 01:00:00,121.25,0.6,116.5,2,Winter
2024-02-28 02:00:00,118.25,0.48,133.5,2,Winter
2024-02-28 03:00:00,115.25,0.45,151.0,2,Winter
2024-02-28 04:00:00,113.75,0.68,116.75,2,Winter
2024-02-28 05:00:00,116.25,0.55,109.75,2,Winter
2024-02-28 06:00:00,114.75,0.43,152.5,2,Winter
2024-02-28 07:00:00,119.0,0.52,139.75,2,Winter
2024-02-28 08:00:00,150.75,1.48,174.25,2,Winter
2024-02-28 09:00:00,145.5,0.3,69.5,2,Winter
2024-02-28 10:00:00,139.5,1.78,134.0,2,Winter
2024-02-28 11:00:00,136.0,3.7,121.75,2,Winter
2024-02-28 12:00:00,136.75,3.0,161.0,2,Winter
2024-02-28 13:00:00,130.0,3.02,180.75,2,Winter
2024-02-28 14:00:00,131.25,3.7,177.75,2,Winter
2024-02-28 15:00:00,132.5,3.88,170.0,2,Winter
2024-02-28 16:00:00,124.0,4.15,132.0,2,Winter
2024-02-28 17:00:00,121.25,2.3,113.0,2,Winter
2024-02-28 18:00:00,129.75,0.57,132.25,2,Winter
2024-02-28 19:00:00,172.75,0.52,114.75,2,Winter
2024-02-28 20:00:00,223.0,0.55,124.75,2,Winter
2024-02-28 21:00:00,188.5,0.65,168.0,2,Winter
2024-02-28 22:00:00,166.0,0.72,193.75,2,Winter
2024-02-28 23:00:00,158.5,0.6,155.0,2,Winter
2024-02-29 00:00:00,167.5,0.65,134.25,2,Winter
2024-02-29 01:00:00,240.25,0.5,123.75,2,Winter
2024-02-29 02:00:00,155.5,0.95,137.25,2,Winter
2024-02-29 03:00:00,106.25,0.38,143.75,2,Winter
2024-02-29 04:00:00,135.25,0.38,154.25,2,Winter
2024-02-29 05:00:00,165.75,0.35,164.5,2,Winter
2024-02-29 06:00:00,232.75,0.38,163.25,2,Winter
2024-02-29 07:00:00,200.75,0.4,146.5,2,Winter
2024-02-29 08:00:00,217.0,0.82,156.5,2,Winter
2024-02-29 09:00:00,194.25,1.0,79.67,2,Winter
2024-02-29 10:00:00,177.75,2.62,140.5,2,Winter
2024-02-29 11:00:00,143.25,1.98,184.75,2,Winter
2024-02-29 12:00:00,132.0,2.38,170.5,2,Winter
2024-02-29 13:00:00,116.25,1.85,146.0,2,Winter
2024-02-29 14:00:00,149.25,1.7,145.25,2,Winter
2024-02-29 15:00:00,140.75,1.78,144.5,2,Winter
2024-02-29 16:00:00,114.0,2.22,166.25,2,Winter
2024-02-29 17:00:00,94.5,2.28,176.0,2,Winter
2024-02-29 18:00:00,125.25,0.48,119.25,2,Winter
2024-02-29 19:00:00,183.75,0.32,112.5,2,Winter
2024-02-29 20:00:00,216.0,0.35,122.5,2,Winter
2024-02-29 21:00:00,261.5,0.35,128.5,2,Winter
2024-02-29 22:00:00,285.25,0.38,122.75,2,Winter
2024-02-29 23:00:00,271.0,0.7,150.33,2,Winter
2024-03-01 00:00:00,285.5,0.38,132.75,3,Pre-monsoon
2024-03-01 01:00:00,228.75,0.42,233.5,3,Pre-monsoon
2024-03-01 02:00:00,242.5,0.55,255.0,3,Pre-monsoon
2024-03-01 03:00:00,289.25,0.68,205.25,3,Pre-monsoon
2024-03-01 04:00:00,361.0,0.72,248.5,3,Pre-monsoon
2024-03-01 05:00:00,424.5,0.68,189.0,3,Pre-monsoon
2024-03-01 06:00:00,516.25,0.82,224.5,3,Pre-monsoon
2024-03-01 07:00:00,424.0,0.7,267.75,3,Pre-monsoon
2024-03-01 08:00:00,383.5,1.23,225.0,3,Pre-monsoon
2024-03-01 09:00:00,334.0,1.45,135.0,3,Pre-monsoon
2024-03-01 10:00:00,222.75,0.92,256.5,3,Pre-monsoon
2024-03-01 11:00:00,238.5,1.08,224.0,3,Pre-monsoon
2024-03-01 12:00:00,313.75,1.08,226.0,3,Pre-monsoon
2024-03-01 13:00:00,303.25,1.23,218.0,3,Pre-monsoon
2024-03-01 14:00:00,277.25,1.48,224.25,3,Pre-monsoon
2024-03-01 15:00:00,270.0,2.08,250.0,3,Pre-monsoon
2024-03-01 16:00:00,292.25,1.95,270.0,3,Pre-monsoon
2024-03-01 17:00:00,256.0,1.95,289.0,3,Pre-monsoon
2024-03-01 18:00:00,214.25,1.92,303.0,3,Pre-monsoon
2024-03-01 19:00:00,213.0,0.85,273.0,3,Pre-monsoon
2024-03-01 20:00:00,265.25,1.22,229.25,3,Pre-monsoon
2024-03-01 21:00:00,354.0,0.78,217.0,3,Pre-monsoon
2024-03-01 22:00:00,296.25,0.98,275.25,3,Pre-monsoon
2024-03-01 23:00:00,164.25,1.65,288.25,3,Pre-monsoon
2024-03-02 00:00:00,145.5,1.6,294.5,3,Pre-monsoon
2024-03-02 01:00:00,117.5,1.78,289.75,3,Pre-monsoon
2024-03-02 02:00:00,93.75,1.62,304.25,3,Pre-monsoon
2024-03-02 03:00:00,84.25,1.42,317.5,3,Pre-monsoon
2024-03-02 04:00:00,108.75,1.55,309.0,3,Pre-monsoon
2024-03-02 05:00:00,68.0,1.02,276.75,3,Pre-monsoon
2024-03-02 06:00:00,53.75,1.7,282.5,3,Pre-monsoon
2024-03-02 07:00:00,53.5,1.68,292.75,3,Pre-monsoon
2024-03-02 08:00:00,65.75,2.22,312.75,3,Pre-monsoon
2024-03-02 09:00:00,44.25,3.12,306.75,3,Pre-monsoon
2024-03-02 10:00:00,49.25,3.62,304.5,3,Pre-monsoon
2024-03-02 11:00:00,74.25,4.05,304.0,3,Pre-monsoon
2024-03-02 12:00:00,108.0,3.55,303.0,3,Pre-monsoon
2024-03-02 13:00:00,100.0,3.55,307.0,3,Pre-monsoon
2024-03-02 14:00:00,100.0,4.03,311.0,3,Pre-monsoon
2024-03-02 15:00:00,95.0,3.78,299.75,3,Pre-monsoon
2024-03-02 16:00:00,154.25,4.8,305.75,3,Pre-monsoon
2024-03-02 17:00:00,250.25,3.82,308.5,3,Pre-monsoon
2024-03-02 18:00:00,108.75,4.0,306.5,3,Pre-monsoon
2024-03-02 19:00:00,90.5,4.38,310.75,3,Pre-monsoon
2024-03-02 20:00:00,72.25,4.15,315.75,3,Pre-monsoon
2024-03-02 21:00:00,65.75,3.4,314.5,3,Pre-monsoon
2024-03-02 22:00:00,59.5,3.0,318.25,3,Pre-monsoon
2024-03-02 23:00:00,53.25,2.45,315.0,3,Pre-monsoon
2024-03-03 00:00:00,57.25,2.22,321.0,3,Pre-monsoon
2024-03-03 01:00:00,56.25,1.88,266.5,3,Pre-monsoon
2024-03-03 02:00:00,65.0,1.35,200.0,3,Pre-monsoon
2024-03-03 03:00:00,132.75,0.75,235.25,3,Pre-monsoon
2024-03-03 04:00:00,191.25,0.55,155.0,3,Pre-monsoon
2024-03-03 05:00:00,180.25,0.52,126.5,3,Pre-monsoon
2024-03-03 06:00:00,299.25,1.18,165.25,3,Pre-monsoon
2024-03-03 07:00:00,253.25,1.35,162.25,3,Pre-monsoon
2024-03-03 08:00:00,277.0,1.27,144.75,3,Pre-monsoon
2024-03-03 09:00:00,298.75,1.3,117.67,3,Pre-monsoon
2024-03-03 10:00:00,247.5,0.95,93.0,3,Pre-monsoon
2024-03-03 11:00:00,190.75,1.7,130.0,3,Pre-monsoon
2024-03-03 12:00:00,179.5,3.18,138.5,3,Pre-monsoon
2024-03-03 13:00:00,181.75,2.97,177.0,3,Pre-monsoon
2024-03-03 14:00:00,173.25,2.17,202.0,3,Pre-monsoon
2024-03-03 15:00:00,170.5,3.42,169.75,3,Pre-monsoon
2024-03-03 16:00:00,185.25,4.7,76.25,3,Pre-monsoon
2024-03-03 17:00:00,213.25,1.5,131.0,3,Pre-monsoon
2024-03-03 18:00:00,234.75,1.52,143.25,3,Pre-monsoon
2024-03-03 19:00:00,237.75,1.7,140.25,3,Pre-monsoon
2024-03-03 20:00:00,215.25,1.4,157.0,3,Pre-monsoon
2024-03-03 21:00:00,197.75,1.18,154.75,3,Pre-monsoon
2024-03-03 22:00:00,202.75,1.55,167.0,3,Pre-monsoon
2024-03-03 23:00:00,181.0,2.0,171.5,3,Pre-monsoon
2024-03-04 00:00:00,135.25,1.52,197.5,3,Pre-monsoon
2024-03-04 01:00:00,104.5,1.0,242.0,3,Pre-monsoon
2024-03-04 02:00:00,99.25,0.72,223.75,3,Pre-monsoon
2024-03-04 03:00:00,101.25,1.5,179.25,3,Pre-monsoon
2024-03-04 04:00:00,117.5,1.4,182.5,3,Pre-monsoon
2024-03-04 05:00:00,127.25,0.62,251.75,3,Pre-monsoon
2024-03-04 06:00:00,134.0,0.45,139.5,3,Pre-monsoon
2024-03-04 07:00:00,174.0,0.5,130.75,3,Pre-monsoon
2024-03-04 08:00:00,215.5,0.67,133.75,3,Pre-monsoon
2024-03-04 09:00:00,217.75,1.5,104.75,3,Pre-monsoon
2024-03-04 10:00:00,197.0,1.8,147.25,3,Pre-monsoon
2024-03-04 11:00:00,170.0,3.3,126.75,3,Pre-monsoon
2024-03-04 12:00:00,120.75,3.1,151.25,3,Pre-monsoon
2024-03-04 13:00:00,76.75,3.42,153.0,3,Pre-monsoon
2024-03-04 14:00:00,66.25,4.08,132.5,3,Pre-monsoon
2024-03-04 15:00:00,70.75,4.3,117.75,3,Pre-monsoon
2024-03-04 16:00:00,72.0,3.42,115.5,3,Pre-monsoon
2024-03-04 17:00:00,99.75,1.8,148.5,3,Pre-monsoon
2024-03-04 18:00:00,121.5,1.08,134.25,3,Pre-monsoon
2024-03-04 19:00:00,158.0,1.48,144.5,3,Pre-monsoon
2024-03-04 20:00:00,171.25,1.8,153.25,3,Pre-monsoon
2024-03-04 21:00:00,164.5,1.78,172.5,3,Pre-monsoon
2024-03-04 22:00:00,154.0,2.05,166.75,3,Pre-monsoon
2024-03-04 23:00:00,134.5,2.1,155.25,3,Pre-monsoon
2024-03-05 00:00:00,129.5,1.72,150.25,3,Pre-monsoon
2024-03-05 01:00:00,124.25,1.4,138.5,3,Pre-monsoon
2024-03-05 02:00:00,108.25,0.9,140.5,3,Pre-monsoon
2024-03-05 03:00:00,97.5,0.8,125.5,3,Pre-monsoon
2024-03-05 04:00:00,132.67,0.6,101.0,3,Pre-monsoon
2024-03-05 05:00:00,176.75,0.5,114.5,3,Pre-monsoon
2024-03-05 06:00:00,159.5,0.52,136.75,3,Pre-monsoon
2024-03-05 07:00:00,160.75,0.5,131.75,3,Pre-monsoon
2024-03-05 08:00:00,176.5,0.6,110.75,3,Pre-monsoon
2024-03-05 09:00:00,168.25,2.27,145.0,3,Pre-monsoon
2024-03-05 10:00:00,152.75,1.825,40.5,3,Pre-monsoon
2024-03-05 11:00:00,135.75,1.38,126.25,3,Pre-monsoon
2024-03-05 12:00:00,120.25,2.1,129.25,3,Pre-monsoon
2024-03-05 13:00:00,105.25,2.92,106.5,3,Pre-monsoon
2024-03-05 14:00:00,84.0,3.65,105.5,3,Pre-monsoon
2024-03-05 15:00:00,88.75,3.48,96.0,3,Pre-monsoon
2024-03-05 16:00:00,113.75,1.98,118.5,3,Pre-monsoon
2024-03-05 17:00:00,121.25,1.27,128.25,3,Pre-monsoon
2024-03-05 18:00:00,136.75,0.7,126.5,3,Pre-monsoon
2024-03-05 19:00:00,171.0,0.7,157.75,3,Pre-monsoon
2024-03-05 20:00:00,180.75,0.9,170.5,3,Pre-monsoon
2024-03-05 21:00:00,138.5,1.85,165.5,3,Pre-monsoon
2024-03-05 22:00:00,129.25,1.6,158.0,3,Pre-monsoon
2024-03-05 23:00:00,96.25,1.75,153.25,3,Pre-monsoon
2024-03-06 00:00:00,94.5,0.92,124.0,3,Pre-monsoon
2024-03-06 01:00:00,100.0,1.0,127.5,3,Pre-monsoon
2024-03-06 02:00:00,119.75,1.1,129.25,3,Pre-monsoon
2024-03-06 03:00:00,143.0,0.57,121.75,3,Pre-monsoon
2024-03-06 04:00:00,109.5,0.57,139.75,3,Pre-monsoon
2024-03-06 05:00:00,150.75,0.6,130.5,3,Pre-monsoon
2024-03-06 06:00:00,161.75,0.52,129.75,3,Pre-monsoon
2024-03-06 07:00:00,183.25,0.55,122.0,3,Pre-monsoon
2024-03-06 08:00:00,252.75,0.68,129.5,3,Pre-monsoon
2024-03-06 09:00:00,247.0,0.57,118.0,3,Pre-monsoon
2024-03-06 10:00:00,196.0,1.25,98.25,3,Pre-monsoon
2024-03-06 11:00:00,161.25,0.7,93.75,3,Pre-monsoon
2024-03-06 12:00:00,132.5,1.75,96.5,3,Pre-monsoon
2024-03-06 13:00:00,112.75,3.08,117.25,3,Pre-monsoon
2024-03-06 14:00:00,106.5,3.82,99.75,3,Pre-monsoon
2024-03-06 15:00:00,114.5,3.98,92.25,3,Pre-monsoon
2024-03-06 16:00:00,108.25,2.92,95.0,3,Pre-monsoon
2024-03-06 17:00:00,114.25,0.5,128.0,3,Pre-monsoon
2024-03-06 18:00:00,133.75,0.75,133.0,3,Pre-monsoon
2024-03-06 19:00:00,179.5,0.68,128.5,3,Pre-monsoon
2024-03-06 20:00:00,202.0,0.55,148.5,3,Pre-monsoon
2024-03-06 21:00:00,208.25,0.8,156.5,3,Pre-monsoon
2024-03-06 22:00:00,207.75,0.68,154.25,3,Pre-monsoon
2024-03-06 23:00:00,171.25,0.65,194.0,3,Pre-monsoon
2024-03-07 00:00:00,235.0,0.68,180.75,3,Pre-monsoon
2024-03-07 01:00:00,223.75,0.62,200.0,3,Pre-monsoon
2024-03-07 02:00:00,202.5,0.48,135.75,3,Pre-monsoon
2024-03-07 03:00:00,224.5,0.48,110.0,3,Pre-monsoon
2024-03-07 04:00:00,187.75,0.88,147.25,3,Pre-monsoon
2024-03-07 05:00:00,203.5,0.42,171.0,3,Pre-monsoon
2024-03-07 06:00:00,194.75,0.4,212.5,3,Pre-monsoon
2024-03-07 07:00:00,317.25,0.38,163.25,3,Pre-monsoon
2024-03-07 08:00:00,389.5,2.37,139.25,3,Pre-monsoon
2024-03-07 09:00:00,329.0,1.2,81.33,3,Pre-monsoon
2024-03-07 10:00:00,216.75,2.35,142.75,3,Pre-monsoon
2024-03-07 11:00:00,155.25,3.0,149.0,3,Pre-monsoon
2024-03-07 12:00:00,112.5,2.82,176.75,3,Pre-monsoon
2024-03-07 13:00:00,98.5,2.35,193.75,3,Pre-monsoon
2024-03-07 14:00:00,101.0,2.5,180.25,3,Pre-monsoon
2024-03-07 15:00:00,114.0,2.8,184.75,3,Pre-monsoon
2024-03-07 16:00:00,121.25,3.22,203.25,3,Pre-monsoon
2024-03-07 17:00:00,135.75,2.5,139.75,3,Pre-monsoon
2024-03-07 18:00:00,164.0,0.6,129.25,3,Pre-monsoon
2024-03-07 19:00:00,256.75,0.43,121.5,3,Pre-monsoon
2024-03-07 20:00:00,303.25,1.18,140.0,3,Pre-monsoon
2024-03-07 21:00:00,218.25,1.9,155.75,3,Pre-monsoon
2024-03-07 22:00:00,177.0,2.35,158.75,3,Pre-monsoon
2024-03-07 23:00:00,153.25,1.68,159.0,3,Pre-monsoon
2024-03-08 00:00:00,158.75,0.98,182.5,3,Pre-monsoon
2024-03-08 01:00:00,153.0,0.62,162.75,3,Pre-monsoon
2024-03-08 02:00:00,170.0,0.45,151.5,3,Pre-monsoon
2024-03-08 03:00:00,176.0,0.35,165.25,3,Pre-monsoon
2024-03-08 04:00:00,239.0,0.35,134.5,3,Pre-monsoon
2024-03-08 05:00:00,247.75,0.38,119.25,3,Pre-monsoon
2024-03-08 06:00:00,225.25,0.55,101.0,3,Pre-monsoon
2024-03-08 07:00:00,342.5,0.52,131.5,3,Pre-monsoon
2024-03-08 08:00:00,404.0,1.25,83.5,3,Pre-monsoon
2024-03-08 09:00:00,208.0,1.77,130.0,3,Pre-monsoon
2024-03-08 10:00:00,174.5,3.55,124.5,3,Pre-monsoon
2024-03-08 11:00:00,141.25,3.28,170.25,3,Pre-monsoon
2024-03-08 12:00:00,126.5,3.68,176.0,3,Pre-monsoon
2024-03-08 13:00:00,123.5,3.05,168.5,3,Pre-monsoon
2024-03-08 14:00:00,122.5,3.38,174.5,3,Pre-monsoon
2024-03-08 15:00:00,137.25,4.42,175.5,3,Pre-monsoon
2024-03-08 16:00:00,144.75,4.3,190.75,3,Pre-monsoon
2024-03-08 17:00:00,130.25,2.55,142.0,3,Pre-monsoon
2024-03-08 18:00:00,139.75,0.7,133.75,3,Pre-monsoon
2024-03-08 19:00:00,167.5,0.55,139.5,3,Pre-monsoon
2024-03-08 20:00:00,204.5,1.58,142.25,3,Pre-monsoon
2024-03-08 21:00:00,196.75,0.98,131.5,3,Pre-monsoon
2024-03-08 22:00:00,122.25,1.45,135.0,3,Pre-monsoon
2024-03-08 23:00:00,110.0,0.88,168.5,3,Pre-monsoon
2024-03-09 00:00:00,91.0,0.55,165.75,3,Pre-monsoon
2024-03-09 01:00:00,114.25,0.48,161.5,3,Pre-monsoon
2024-03-09 02:00:00,190.25,0.52,123.5,3,Pre-monsoon
2024-03-09 03:00:00,288.5,0.6,124.25,3,Pre-monsoon
2024-03-09 04:00:00,365.0,0.55,111.0,3,Pre-monsoon
2024-03-09 05:00:00,196.0,0.62,108.5,3,Pre-monsoon
2024-03-09 06:00:00,161.75,0.62,108.0,3,Pre-monsoon
2024-03-09 07:00:00,157.25,0.6,143.0,3,Pre-monsoon
2024-03-09 08:00:00,175.75,1.6,162.33,3,Pre-monsoon
2024-03-09 09:00:00,149.75,2.05,102.75,3,Pre-monsoon
2024-03-09 10:00:00,137.0,4.32,104.75,3,Pre-monsoon
2024-03-09 11:00:00,156.75,2.78,179.5,3,Pre-monsoon
2024-03-09 12:00:00,130.75,2.58,182.75,3,Pre-monsoon
2024-03-09 13:00:00,115.5,2.45,163.25,3,Pre-monsoon
2024-03-09 14:00:00,102.5,1.72,143.25,3,Pre-monsoon
2024-03-09 15:00:00,89.25,2.25,157.75,3,Pre-monsoon
2024-03-09 16:00:00,99.0,1.92,170.5,3,Pre-monsoon
2024-03-09 17:00:00,105.5,2.25,167.0,3,Pre-monsoon
2024-03-09 18:00:00,136.0,0.55,118.5,3,Pre-monsoon
2024-03-09 19:00:00,172.5,0.52,118.0,3,Pre-monsoon
2024-03-09 20:00:00,190.0,0.52,126.5,3,Pre-monsoon
2024-03-09 21:00:00,205.25,1.15,136.0,3,Pre-monsoon
2024-03-09 22:00:00,178.75,0.88,139.75,3,Pre-monsoon
2024-03-09 23:00:00,165.25,0.62,161.5,3,Pre-monsoon
2024-03-10 00:00:00,201.5,0.55,173.0,3,Pre-monsoon
2024-03-10 01:00:00,211.0,0.32,123.75,3,Pre-monsoon
2024-03-10 02:00:00,272.25,0.45,120.5,3,Pre-monsoon
2024-03-10 03:00:00,198.0,0.38,140.25,3,Pre-monsoon
2024-03-10 04:00:00,221.75,0.38,145.75,3,Pre-monsoon
2024-03-10 05:00:00,256.25,0.45,142.25,3,Pre-monsoon
2024-03-10 06:00:00,237.0,0.45,177.5,3,Pre-monsoon
2024-03-10 07:00:00,279.33,0.65,157.0,3,Pre-monsoon
2024-03-10 08:00:00,307.0,1.35,142.67,3,Pre-monsoon
2024-03-10 09:00:00,294.0,1.77,122.75,3,Pre-monsoon
2024-03-10 10:00:00,207.25,1.78,170.0,3,Pre-monsoon
2024-03-10 11:00:00,140.5,2.1,149.75,3,Pre-monsoon
2024-03-10 12:00:00,118.75,1.38,137.25,3,Pre-monsoon
2024-03-10 13:00:00,92.5,0.92,147.5,3,Pre-monsoon
2024-03-10 14:00:00,91.0,1.02,139.5,3,Pre-monsoon
2024-03-10 15:00:00,103.0,1.23,148.75,3,Pre-monsoon
2024-03-10 16:00:00,118.75,3.75,187.5,3,Pre-monsoon
2024-03-10 17:00:00,147.75,3.2,186.25,3,Pre-monsoon
2024-03-10 18:00:00,186.0,0.55,160.5,3,Pre-monsoon
2024-03-10 19:00:00,241.25,1.23,170.5,3,Pre-monsoon
2024-03-10 20:00:00,285.25,1.72,184.25,3,Pre-monsoon
2024-03-10 21:00:00,237.75,1.02,200.5,3,Pre-monsoon
2024-03-10 22:00:00,241.0,0.65,282.75,3,Pre-monsoon
2024-03-10 23:00:00,286.75,0.35,230.0,3,Pre-monsoon
2024-03-11 00:00:00,228.25,0.4,175.25,3,Pre-monsoon
2024-03-11 01:00:00,229.25,0.55,187.0,3,Pre-monsoon
2024-03-11 02:00:00,210.75,0.5,253.25,3,Pre-monsoon
2024-03-11 03:00:00,214.5,0.4,202.5,3,Pre-monsoon
2024-03-11 04:00:00,230.75,0.45,297.75,3,Pre-monsoon
2024-03-11 05:00:00,216.5,0.45,279.25,3,Pre-monsoon
2024-03-11 06:00:00,233.5,0.57,285.5,3,Pre-monsoon
2024-03-11 07:00:00,259.25,0.48,277.75,3,Pre-monsoon
2024-03-11 08:00:00,313.75,1.2,174.33,3,Pre-monsoon
2024-03-11 09:00:00,325.5,1.62,258.25,3,Pre-monsoon
2024-03-11 10:00:00,262.75,1.45,203.75,3,Pre-monsoon
2024-03-11 11:00:00,194.75,1.55,201.25,3,Pre-monsoon
2024-03-11 12:00:00,156.0,2.35,144.0,3,Pre-monsoon
2024-03-11 13:00:00,126.0,2.45,148.5,3,Pre-monsoon
2024-03-11 14:00:00,110.0,2.75,115.25,3,Pre-monsoon
2024-03-11 15:00:00,112.75,2.05,119.75,3,Pre-monsoon
2024-03-11 16:00:00,113.25,1.65,137.5,3,Pre-monsoon
2024-03-11 17:00:00,153.75,2.05,162.25,3,Pre-monsoon
2024-03-11 18:00:00,203.5,2.1,176.25,3,Pre-monsoon
2024-03-11 19:00:00,273.25,2.0,169.25,3,Pre-monsoon
2024-03-11 20:00:00,294.5,2.2,178.5,3,Pre-monsoon
2024-03-11 21:00:00,270.25,3.0,178.5,3,Pre-monsoon
2024-03-11 22:00:00,216.0,1.42,182.0,3,Pre-monsoon
2024-03-11 23:00:00,182.0,1.02,192.25,3,Pre-monsoon
2024-03-12 00:00:00,186.75,1.02,183.25,3,Pre-monsoon
2024-03-12 01:00:00,157.25,0.95,183.0,3,Pre-monsoon
2024-03-12 02:00:00,165.5,0.6,222.75,3,Pre-monsoon
2024-03-12 03:00:00,194.25,0.43,130.5,3,Pre-monsoon
2024-03-12 04:00:00,234.0,0.52,156.75,3,Pre-monsoon
2024-03-12 05:00:00,294.5,0.75,179.75,3,Pre-monsoon
2024-03-12 06:00:00,507.5,0.7,166.0,3,Pre-monsoon
2024-03-12 07:00:00,437.75,0.55,159.0,3,Pre-monsoon
2024-03-12 08:00:00,402.25,0.7,80.75,3,Pre-monsoon
2024-03-12 09:00:00,300.75,2.8,118.0,3,Pre-monsoon
2024-03-12 10:00:00,236.0,2.0,159.75,3,Pre-monsoon
2024-03-12 11:00:00,180.5,1.98,147.0,3,Pre-monsoon
2024-03-12 12:00:00,189.0,2.28,145.25,3,Pre-monsoon
2024-03-12 13:00:00,187.5,2.0,146.0,3,Pre-monsoon
2024-03-12 14:00:00,140.75,2.12,142.75,3,Pre-monsoon
2024-03-12 15:00:00,123.5,2.0,144.75,3,Pre-monsoon
2024-03-12 16:00:00,131.0,1.45,149.0,3,Pre-monsoon
2024-03-12 17:00:00,139.75,1.5,152.25,3,Pre-monsoon
2024-03-12 18:00:00,149.75,1.45,175.5,3,Pre-monsoon
2024-03-12 19:00:00,192.25,2.2,192.25,3,Pre-monsoon
2024-03-12 20:00:00,210.0,2.12,166.75,3,Pre-monsoon
2024-03-12 21:00:00,168.5,1.92,156.5,3,Pre-monsoon
2024-03-12 22:00:00,156.5,0.82,129.5,3,Pre-monsoon
2024-03-12 23:00:00,137.0,1.08,149.5,3,Pre-monsoon
2024-03-13 00:00:00,116.0,0.42,128.75,3,Pre-monsoon
2024-03-13 01:00:00,119.25,0.42,129.0,3,Pre-monsoon
2024-03-13 02:00:00,180.5,0.95,155.25,3,Pre-monsoon
2024-03-13 03:00:00,249.25,0.7,160.5,3,Pre-monsoon
2024-03-13 04:00:00,256.75,0.68,238.5,3,Pre-monsoon
2024-03-13 05:00:00,313.25,0.7,204.25,3,Pre-monsoon
2024-03-13 06:00:00,297.25,0.72,197.25,3,Pre-monsoon
2024-03-13 07:00:00,369.75,0.55,153.25,3,Pre-monsoon
2024-03-13 08:00:00,507.5,0.65,127.25,3,Pre-monsoon
2024-03-13 09:00:00,499.25,2.2,156.75,3,Pre-monsoon
2024-03-13 10:00:00,317.25,1.45,243.75,3,Pre-monsoon
2024-03-13 11:00:00,166.5,1.6,221.0,3,Pre-monsoon
2024-03-13 12:00:00,114.75,2.0,173.75,3,Pre-monsoon
2024-03-13 13:00:00,104.5,2.65,196.75,3,Pre-monsoon
2024-03-13 14:00:00,96.0,3.28,107.75,3,Pre-monsoon
2024-03-13 15:00:00,125.5,1.98,154.0,3,Pre-monsoon
2024-03-13 16:00:00,196.75,2.08,166.75,3,Pre-monsoon
2024-03-13 17:00:00,199.5,2.15,185.0,3,Pre-monsoon
2024-03-13 18:00:00,213.25,1.27,213.75,3,Pre-monsoon
2024-03-13 19:00:00,245.75,1.42,233.5,3,Pre-monsoon
2024-03-13 20:00:00,237.75,1.92,201.0,3,Pre-monsoon
2024-03-13 21:00:00,252.5,1.23,201.5,3,Pre-monsoon
2024-03-13 22:00:00,247.0,0.32,226.75,3,Pre-monsoon
2024-03-13 23:00:00,235.25,0.32,259.25,3,Pre-monsoon
2024-03-14 00:00:00,275.25,0.43,219.75,3,Pre-monsoon
2024-03-14 01:00:00,301.25,0.45,249.5,3,Pre-monsoon
2024-03-14 02:00:00,264.25,0.57,260.75,3,Pre-monsoon
2024-03-14 03:00:00,254.0,0.45,193.25,3,Pre-monsoon
2024-03-14 04:00:00,277.25,1.3,199.25,3,Pre-monsoon
2024-03-14 05:00:00,305.0,1.32,170.0,3,Pre-monsoon
2024-03-14 06:00:00,281.5,0.55,198.75,3,Pre-monsoon
2024-03-14 07:00:00,281.75,0.33,178.33,3,Pre-monsoon
2024-03-14 08:00:00,354.5,1.2,173.25,3,Pre-monsoon
2024-03-14 09:00:00,387.75,2.05,186.75,3,Pre-monsoon
2024-03-14 10:00:00,282.75,1.68,175.25,3,Pre-monsoon
2024-03-14 11:00:00,250.5,2.22,175.75,3,Pre-monsoon
2024-03-14 12:00:00,171.5,2.17,151.25,3,Pre-monsoon
2024-03-14 13:00:00,166.25,2.1,141.5,3,Pre-monsoon
2024-03-14 14:00:00,169.25,2.3,137.0,3,Pre-monsoon
2024-03-14 15:00:00,160.5,2.05,130.0,3,Pre-monsoon
2024-03-14 16:00:00,164.75,1.78,137.0,3,Pre-monsoon
2024-03-14 17:00:00,163.5,1.75,156.25,3,Pre-monsoon
2024-03-14 18:00:00,198.5,1.95,170.75,3,Pre-monsoon
2024-03-14 19:00:00,240.75,1.65,165.5,3,Pre-monsoon
2024-03-14 20:00:00,273.0,1.12,131.75,3,Pre-monsoon
2024-03-14 21:00:00,240.5,0.8,126.75,3,Pre-monsoon
2024-03-14 22:00:00,219.0,0.65,116.75,3,Pre-monsoon
2024-03-14 23:00:00,206.75,0.75,126.25,3,Pre-monsoon
2024-03-15 00:00:00,213.25,0.72,128.25,3,Pre-monsoon
2024-03-15 01:00:00,191.75,0.65,121.5,3,Pre-monsoon
2024-03-15 02:00:00,152.75,0.7,168.75,3,Pre-monsoon
2024-03-15 03:00:00,164.0,0.68,161.75,3,Pre-monsoon
2024-03-15 04:00:00,112.0,0.6,150.0,3,Pre-monsoon
2024-03-15 05:00:00,133.0,0.45,144.25,3,Pre-monsoon
2024-03-15 06:00:00,182.0,0.43,166.25,3,Pre-monsoon
2024-03-15 07:00:00,202.25,0.7,136.75,3,Pre-monsoon
2024-03-15 08:00:00,207.5,2.1,93.0,3,Pre-monsoon
2024-03-15 09:00:00,151.0,3.72,111.0,3,Pre-monsoon
2024-03-15 10:00:00,153.75,2.55,176.25,3,Pre-monsoon
2024-03-15 11:00:00,162.75,2.4,143.0,3,Pre-monsoon
2024-03-15 12:00:00,216.25,2.4,140.5,3,Pre-monsoon
2024-03-15 13:00:00,200.75,1.75,128.75,3,Pre-monsoon
2024-03-15 14:00:00,170.5,1.68,132.75,3,Pre-monsoon
2024-03-15 15:00:00,139.0,1.78,133.5,3,Pre-monsoon
2024-03-15 16:00:00,123.0,2.12,137.5,3,Pre-monsoon
2024-03-15 17:00:00,129.0,2.6,192.0,3,Pre-monsoon
2024-03-15 18:00:00,119.0,0.57,141.0,3,Pre-monsoon
2024-03-15 19:00:00,176.0,0.38,155.0,3,Pre-monsoon
2024-03-15 20:00:00,253.5,0.43,117.5,3,Pre-monsoon
2024-03-15 21:00:00,386.25,0.45,107.5,3,Pre-monsoon
2024-03-15 22:00:00,346.0,0.48,113.0,3,Pre-monsoon
2024-03-15 23:00:00,311.0,0.52,140.0,3,Pre-monsoon
2024-03-16 00:00:00,295.75,0.6,160.0,3,Pre-monsoon
2024-03-16 01:00:00,255.25,0.68,172.75,3,Pre-monsoon
2024-03-16 02:00:00,221.0,0.52,128.0,3,Pre-monsoon
2024-03-16 03:00:00,246.75,0.52,125.5,3,Pre-monsoon
2024-03-16 04:00:00,288.25,0.85,173.5,3,Pre-monsoon
2024-03-16 05:00:00,259.0,1.33,157.75,3,Pre-monsoon
2024-03-16 06:00:00,166.75,0.7,165.0,3,Pre-monsoon
2024-03-16 07:00:00,183.5,0.47,109.75,3,Pre-monsoon
2024-03-16 08:00:00,261.75,0.95,134.5,3,Pre-monsoon
2024-03-16 09:00:00,278.0,2.72,150.75,3,Pre-monsoon
2024-03-16 10:00:00,229.5,1.95,172.75,3,Pre-monsoon
2024-03-16 11:00:00,132.5,2.32,152.0,3,Pre-monsoon
2024-03-16 12:00:00,83.75,1.92,162.25,3,Pre-monsoon
2024-03-16 13:00:00,76.0,1.3,141.75,3,Pre-monsoon
2024-03-16 14:00:00,98.0,1.3,145.75,3,Pre-monsoon
2024-03-16 15:00:00,93.25,1.15,138.75,3,Pre-monsoon
2024-03-16 16:00:00,98.0,1.2,139.5,3,Pre-monsoon
2024-03-16 17:00:00,111.75,1.78,170.25,3,Pre-monsoon
2024-03-16 18:00:00,151.0,1.05,165.0,3,Pre-monsoon
2024-03-16 19:00:00,192.0,0.65,150.25,3,Pre-monsoon
2024-03-16 20:00:00,254.75,0.4,133.0,3,Pre-monsoon
2024-03-16 21:00:00,255.25,0.57,140.75,3,Pre-monsoon
2024-03-16 22:00:00,231.0,0.45,126.75,3,Pre-monsoon
2024-03-16 23:00:00,263.75,0.52,117.25,3,Pre-monsoon
2024-03-17 00:00:00,341.25,0.65,136.0,3,Pre-monsoon
2024-03-17 01:00:00,251.5,0.5,123.0,3,Pre-monsoon
2024-03-17 02:00:00,276.0,0.68,166.5,3,Pre-monsoon
2024-03-17 03:00:00,370.75,0.52,158.25,3,Pre-monsoon
2024-03-17 04:00:00,406.0,0.45,132.25,3,Pre-monsoon
2024-03-17 05:00:00,338.5,0.55,135.25,3,Pre-monsoon
2024-03-17 06:00:00,277.75,0.6,117.0,3,Pre-monsoon
2024-03-17 07:00:00,309.5,0.65,159.75,3,Pre-monsoon
2024-03-17 08:00:00,367.25,0.5,86.5,3,Pre-monsoon
2024-03-17 09:00:00,398.75,3.0,75.75,3,Pre-monsoon
2024-03-17 10:00:00,271.25,3.32,150.75,3,Pre-monsoon
2024-03-17 11:00:00,211.5,1.8,156.0,3,Pre-monsoon
2024-03-17 12:00:00,141.5,1.6,163.0,3,Pre-monsoon
2024-03-17 13:00:00,123.5,1.5,163.75,3,Pre-monsoon
2024-03-17 14:00:00,117.5,1.62,138.75,3,Pre-monsoon
2024-03-17 15:00:00,113.25,1.58,147.25,3,Pre-monsoon
2024-03-17 16:00:00,115.0,1.58,151.5,3,Pre-monsoon
2024-03-17 17:00:00,117.0,1.65,163.0,3,Pre-monsoon
2024-03-17 18:00:00,124.75,1.0,155.0,3,Pre-monsoon
2024-03-17 19:00:00,182.5,0.57,121.5,3,Pre-monsoon
2024-03-17 20:00:00,264.25,0.43,113.75,3,Pre-monsoon
2024-03-17 21:00:00,282.25,0.4,113.75,3,Pre-monsoon
2024-03-17 22:00:00,325.25,0.43,115.0,3,Pre-monsoon
2024-03-17 23:00:00,413.75,0.38,107.0,3,Pre-monsoon
2024-03-18 00:00:00,354.5,0.5,103.75,3,Pre-monsoon
2024-03-18 01:00:00,336.0,0.5,115.5,3,Pre-monsoon
2024-03-18 02:00:00,264.0,0.65,185.0,3,Pre-monsoon
2024-03-18 03:00:00,247.25,0.62,156.5,3,Pre-monsoon
2024-03-18 04:00:00,243.0,0.42,112.75,3,Pre-monsoon
2024-03-18 05:00:00,331.75,0.4,169.5,3,Pre-monsoon
2024-03-18 06:00:00,406.5,0.4,180.5,3,Pre-monsoon
2024-03-18 07:00:00,340.75,0.55,176.0,3,Pre-monsoon
2024-03-18 08:00:00,339.25,1.11,116.0,3,Pre-monsoon
2024-03-18 09:00:00,375.75,1.67,161.0,3,Pre-monsoon
2024-03-18 10:00:00,349.0,1.18,160.75,3,Pre-monsoon
2024-03-18 11:00:00,224.0,1.75,145.5,3,Pre-monsoon
2024-03-18 12:00:00,149.25,1.68,127.75,3,Pre-monsoon
2024-03-18 13:00:00,109.0,1.45,132.0,3,Pre-monsoon
2024-03-18 14:00:00,118.5,1.58,137.25,3,Pre-monsoon
2024-03-18 15:00:00,109.5,1.58,145.0,3,Pre-monsoon
2024-03-18 16:00:00,107.25,1.79,175.5,3,Pre-monsoon
2024-03-18 17:00:00,105.0,2.0,206.0,3,Pre-monsoon
2024-03-18 18:00:00,187.0,1.23,168.5,3,Pre-monsoon
2024-03-18 19:00:00,269.0,0.48,130.75,3,Pre-monsoon
2024-03-18 20:00:00,286.25,0.55,182.0,3,Pre-monsoon
2024-03-18 21:00:00,342.25,0.45,161.0,3,Pre-monsoon
2024-03-18 22:00:00,339.5,0.38,121.75,3,Pre-monsoon
2024-03-18 23:00:00,306.0,0.32,116.25,3,Pre-monsoon
2024-03-19 00:00:00,357.75,0.38,120.75,3,Pre-monsoon
2024-03-19 01:00:00,396.5,0.32,153.0,3,Pre-monsoon
2024-03-19 02:00:00,394.25,0.38,154.5,3,Pre-monsoon
2024-03-19 03:00:00,396.5,0.52,201.0,3,Pre-monsoon
2024-03-19 04:00:00,423.75,0.65,214.25,3,Pre-monsoon
2024-03-19 05:00:00,402.0,0.78,253.0,3,Pre-monsoon
2024-03-19 06:00:00,468.0,0.75,183.5,3,Pre-monsoon
2024-03-19 07:00:00,501.25,0.4,164.0,3,Pre-monsoon
2024-03-19 08:00:00,493.0,2.8,123.5,3,Pre-monsoon
2024-03-19 09:00:00,493.0,1.28,168.0,3,Pre-monsoon
2024-03-19 10:00:00,288.75,1.5,174.0,3,Pre-monsoon
2024-03-19 11:00:00,260.25,2.35,149.75,3,Pre-monsoon
2024-03-19 12:00:00,166.0,2.33,142.5,3,Pre-monsoon
2024-03-19 13:00:00,109.25,2.45,152.75,3,Pre-monsoon
2024-03-19 14:00:00,123.25,2.95,116.0,3,Pre-monsoon
2024-03-19 15:00:00,131.75,3.08,105.75,3,Pre-monsoon
2024-03-19 16:00:00,121.75,1.72,134.0,3,Pre-monsoon
2024-03-19 17:00:00,144.5,1.52,149.5,3,Pre-monsoon
2024-03-19 18:00:00,187.25,1.18,168.0,3,Pre-monsoon
2024-03-19 19:00:00,211.25,1.27,183.75,3,Pre-monsoon
2024-03-19 20:00:00,297.5,1.35,181.5,3,Pre-monsoon
2024-03-19 21:00:00,307.25,1.5,190.5,3,Pre-monsoon
2024-03-19 22:00:00,281.0,0.52,174.0,3,Pre-monsoon
2024-03-19 23:00:00,311.75,0.48,147.0,3,Pre-monsoon
2024-03-20 00:00:00,298.0,0.55,138.0,3,Pre-monsoon
2024-03-20 01:00:00,324.75,0.77,130.25,3,Pre-monsoon
2024-03-20 02:00:00,355.25,0.48,103.25,3,Pre-monsoon
2024-03-20 03:00:00,321.25,0.45,114.75,3,Pre-monsoon
2024-03-20 04:00:00,505.0,0.45,138.25,3,Pre-monsoon
2024-03-20 05:00:00,332.75,0.52,183.25,3,Pre-monsoon
2024-03-20 06:00:00,343.0,0.68,205.25,3,Pre-monsoon
2024-03-20 07:00:00,382.0,0.27,175.0,3,Pre-monsoon
2024-03-20 08:00:00,421.25,1.2,119.67,3,Pre-monsoon
2024-03-20 09:00:00,388.75,1.3,172.5,3,Pre-monsoon
2024-03-20 10:00:00,316.0,1.65,169.75,3,Pre-monsoon
2024-03-20 11:00:00,230.25,2.4,157.5,3,Pre-monsoon
2024-03-20 12:00:00,206.25,2.85,167.5,3,Pre-monsoon
2024-03-20 13:00:00,164.5,2.78,188.75,3,Pre-monsoon
2024-03-20 14:00:00,130.25,2.55,189.5,3,Pre-monsoon
2024-03-20 15:00:00,142.75,1.65,176.25,3,Pre-monsoon
2024-03-20 16:00:00,158.0,3.1,184.0,3,Pre-monsoon
2024-03-20 17:00:00,192.25,3.07,93.0,3,Pre-monsoon
2024-03-20 18:00:00,249.5,0.57,139.75,3,Pre-monsoon
2024-03-20 19:00:00,301.25,0.72,144.25,3,Pre-monsoon
2024-03-20 20:00:00,299.0,0.82,184.75,3,Pre-monsoon
2024-03-20 21:00:00,318.75,1.05,186.75,3,Pre-monsoon
2024-03-20 22:00:00,357.0,1.08,183.5,3,Pre-monsoon
2024-03-20 23:00:00,281.75,0.8,173.5,3,Pre-monsoon
2024-03-21 00:00:00,233.75,0.8,204.75,3,Pre-monsoon
2024-03-21 01:00:00,205.5,0.52,285.75,3,Pre-monsoon
2024-03-21 02:00:00,228.5,1.23,252.0,3,Pre-monsoon
2024-03-21 03:00:00,261.0,1.6,241.0,3,Pre-monsoon
2024-03-21 04:00:00,294.5,1.58,273.0,3,Pre-monsoon
2024-03-21 05:00:00,254.5,1.75,290.75,3,Pre-monsoon
2024-03-21 06:00:00,174.5,1.78,296.0,3,Pre-monsoon
2024-03-21 07:00:00,144.25,1.88,291.75,3,Pre-monsoon
2024-03-21 08:00:00,142.0,1.27,238.25,3,Pre-monsoon
2024-03-21 09:00:00,157.75,2.15,267.25,3,Pre-monsoon
2024-03-21 10:00:00,181.0,2.33,267.75,3,Pre-monsoon
2024-03-21 11:00:00,193.0,1.98,273.25,3,Pre-monsoon
2024-03-21 12:00:00,200.75,1.8,284.25,3,Pre-monsoon
2024-03-21 13:00:00,213.5,1.95,255.75,3,Pre-monsoon
2024-03-21 14:00:00,272.25,1.92,248.0,3,Pre-monsoon
2024-03-21 15:00:00,289.75,1.8,242.0,3,Pre-monsoon
2024-03-21 16:00:00,258.25,1.55,243.0,3,Pre-monsoon
2024-03-21 17:00:00,262.75,1.72,233.0,3,Pre-monsoon
2024-03-21 18:00:00,282.25,1.5,246.75,3,Pre-monsoon
2024-03-21 19:00:00,286.75,1.23,247.25,3,Pre-monsoon
2024-03-21 20:00:00,302.5,0.8,255.25,3,Pre-monsoon
2024-03-21 21:00:00,288.75,0.82,258.75,3,Pre-monsoon
2024-03-21 22:00:00,283.25,0.9,247.25,3,Pre-monsoon
2024-03-21 23:00:00,260.0,1.4,246.75,3,Pre-monsoon
2024-03-22 00:00:00,232.75,1.05,252.5,3,Pre-monsoon
2024-03-22 01:00:00,220.5,0.9,253.75,3,Pre-monsoon
2024-03-22 02:00:00,188.75,0.75,258.5,3,Pre-monsoon
2024-03-22 03:00:00,193.5,0.88,247.25,3,Pre-monsoon
2024-03-22 04:00:00,180.75,0.8,243.75,3,Pre-monsoon
2024-03-22 05:00:00,182.25,0.75,270.0,3,Pre-monsoon
2024-03-22 06:00:00,201.25,0.78,274.0,3,Pre-monsoon
2024-03-22 07:00:00,182.5,1.23,265.25,3,Pre-monsoon
2024-03-22 08:00:00,171.5,2.35,288.0,3,Pre-monsoon
2024-03-22 09:00:00,154.25,2.3,298.75,3,Pre-monsoon
2024-03-22 10:00:00,161.75,2.0,284.25,3,Pre-monsoon
2024-03-22 11:00:00,171.25,1.8,269.5,3,Pre-monsoon
2024-03-22 12:00:00,193.25,1.8,265.75,3,Pre-monsoon
2024-03-22 13:00:00,195.75,2.22,241.0,3,Pre-monsoon
2024-03-22 14:00:00,198.25,1.42,229.5,3,Pre-monsoon
2024-03-22 15:00:00,191.75,1.05,204.25,3,Pre-monsoon
2024-03-22 16:00:00,205.25,1.65,217.5,3,Pre-monsoon
2024-03-22 17:00:00,245.75,0.98,219.75,3,Pre-monsoon
2024-03-22 18:00:00,313.25,0.84,45.5,3,Pre-monsoon
2024-03-22 19:00:00,399.5,0.7,227.75,3,Pre-monsoon
2024-03-22 20:00:00,509.0,0.48,303.5,3,Pre-monsoon
2024-03-22 21:00:00,571.5,0.5,224.0,3,Pre-monsoon
2024-03-22 22:00:00,489.25,1.02,211.25,3,Pre-monsoon
2024-03-22 23:00:00,558.5,1.18,162.5,3,Pre-monsoon
2024-03-23 00:00:00,467.25,1.68,186.25,3,Pre-monsoon
2024-03-23 01:00:00,307.25,1.5,167.25,3,Pre-monsoon
2024-03-23 02:00:00,285.75,1.88,161.0,3,Pre-monsoon
2024-03-23 03:00:00,193.75,1.45,160.0,3,Pre-monsoon
2024-03-23 04:00:00,148.0,0.38,152.25,3,Pre-monsoon
2024-03-23 05:00:00,179.0,0.38,112.25,3,Pre-monsoon
2024-03-23 06:00:00,275.25,0.3,129.75,3,Pre-monsoon
2024-03-23 07:00:00,392.5,1.2,114.5,3,Pre-monsoon
2024-03-23 08:00:00,446.75,1.58,181.0,3,Pre-monsoon
2024-03-23 09:00:00,371.0,1.08,150.0,3,Pre-monsoon
2024-03-23 10:00:00,220.5,2.8,168.0,3,Pre-monsoon
2024-03-23 11:00:00,168.5,2.58,194.5,3,Pre-monsoon
2024-03-23 12:00:00,166.75,1.95,183.5,3,Pre-monsoon
2024-03-23 13:00:00,194.75,2.3,169.0,3,Pre-monsoon
2024-03-23 14:00:00,228.25,3.15,179.5,3,Pre-monsoon
2024-03-23 15:00:00,206.25,2.22,174.0,3,Pre-monsoon
2024-03-23 16:00:00,130.75,2.65,189.75,3,Pre-monsoon
2024-03-23 17:00:00,129.5,3.0,147.0,3,Pre-monsoon
2024-03-23 18:00:00,127.5,0.6,88.33,3,Pre-monsoon
2024-03-23 19:00:00,195.75,0.35,126.5,3,Pre-monsoon
2024-03-23 20:00:00,253.25,0.57,158.5,3,Pre-monsoon
2024-03-23 21:00:00,282.0,0.85,170.0,3,Pre-monsoon
2024-03-23 22:00:00,259.5,1.38,146.25,3,Pre-monsoon
2024-03-23 23:00:00,197.75,1.7,165.0,3,Pre-monsoon
2024-03-24 00:00:00,155.25,1.35,183.0,3,Pre-monsoon
2024-03-24 01:00:00,136.0,0.68,137.0,3,Pre-monsoon
2024-03-24 02:00:00,142.0,0.32,133.0,3,Pre-monsoon
2024-03-24 03:00:00,205.75,0.85,155.0,3,Pre-monsoon
2024-03-24 04:00:00,316.5,0.5,130.75,3,Pre-monsoon
2024-03-24 05:00:00,394.5,0.4,153.25,3,Pre-monsoon
2024-03-24 06:00:00,408.25,0.45,123.75,3,Pre-monsoon
2024-03-24 07:00:00,498.25,0.63,115.25,3,Pre-monsoon
2024-03-24 08:00:00,496.5,2.68,122.75,3,Pre-monsoon
2024-03-24 09:00:00,417.0,2.12,197.75,3,Pre-monsoon
2024-03-24 10:00:00,263.75,2.88,142.75,3,Pre-monsoon
2024-03-24 11:00:00,380.0,4.12,152.0,3,Pre-monsoon
2024-03-24 12:00:00,562.25,3.3,152.5,3,Pre-monsoon
2024-03-24 13:00:00,224.25,3.12,148.25,3,Pre-monsoon
2024-03-24 14:00:00,159.75,2.72,146.25,3,Pre-monsoon
2024-03-24 15:00:00,164.75,2.6,160.5,3,Pre-monsoon
2024-03-24 16:00:00,189.5,1.72,165.25,3,Pre-monsoon
2024-03-24 17:00:00,156.75,1.38,194.25,3,Pre-monsoon
2024-03-24 18:00:00,156.75,1.0,222.5,3,Pre-monsoon
2024-03-24 19:00:00,195.25,0.57,186.5,3,Pre-monsoon
2024-03-24 20:00:00,254.25,0.55,130.0,3,Pre-monsoon
2024-03-24 21:00:00,203.25,0.38,126.75,3,Pre-monsoon
2024-03-24 22:00:00,270.75,0.48,122.0,3,Pre-monsoon
2024-03-24 23:00:00,345.0,0.38,132.25,3,Pre-monsoon
2024-03-25 00:00:00,398.75,0.35,142.0,3,Pre-monsoon
2024-03-25 01:00:00,322.0,0.5,109.75,3,Pre-monsoon
2024-03-25 02:00:00,325.5,0.48,118.0,3,Pre-monsoon
2024-03-25 03:00:00,301.75,0.45,139.25,3,Pre-monsoon
2024-03-25 04:00:00,323.0,0.35,125.5,3,Pre-monsoon
2024-03-25 05:00:00,284.25,0.75,139.5,3,Pre-monsoon
2024-03-25 06:00:00,252.0,0.52,105.0,3,Pre-monsoon
2024-03-25 07:00:00,238.25,0.45,85.0,3,Pre-monsoon
2024-03-25 08:00:00,328.5,1.82,165.75,3,Pre-monsoon
2024-03-25 09:00:00,318.0,1.3,158.25,3,Pre-monsoon
2024-03-25 10:00:00,173.0,2.62,144.75,3,Pre-monsoon
2024-03-25 11:00:00,94.5,3.12,168.5,3,Pre-monsoon
2024-03-25 12:00:00,86.25,2.78,192.25,3,Pre-monsoon
2024-03-25 13:00:00,77.25,2.78,185.0,3,Pre-monsoon
2024-03-25 14:00:00,83.75,2.5,179.5,3,Pre-monsoon
2024-03-25 15:00:00,83.25,2.8,180.5,3,Pre-monsoon
2024-03-25 16:00:00,80.5,3.32,193.5,3,Pre-monsoon
2024-03-25 17:00:00,68.5,2.78,127.75,3,Pre-monsoon
2024-03-25 18:00:00,64.5,0.6,91.5,3,Pre-monsoon
2024-03-25 19:00:00,73.5,0.52,108.0,3,Pre-monsoon
2024-03-25 20:00:00,101.75,0.62,147.25,3,Pre-monsoon
2024-03-25 21:00:00,123.0,0.82,171.0,3,Pre-monsoon
2024-03-25 22:00:00,145.5,0.52,149.75,3,Pre-monsoon
2024-03-25 23:00:00,173.0,0.3,134.0,3,Pre-monsoon
2024-03-26 00:00:00,162.75,0.4,131.5,3,Pre-monsoon
2024-03-26 01:00:00,173.0,0.38,169.0,3,Pre-monsoon
2024-03-26 02:00:00,188.5,0.3,159.0,3,Pre-monsoon
2024-03-26 03:00:00,190.0,0.35,154.0,3,Pre-monsoon
2024-03-26 04:00:00,102.75,0.45,137.5,3,Pre-monsoon
2024-03-26 05:00:00,139.75,0.4,160.0,3,Pre-monsoon
2024-03-26 06:00:00,265.25,0.38,164.0,3,Pre-monsoon
2024-03-26 07:00:00,322.25,0.63,91.25,3,Pre-monsoon
2024-03-26 08:00:00,285.75,2.48,152.0,3,Pre-monsoon
2024-03-26 09:00:00,237.0,0.88,138.75,3,Pre-monsoon
2024-03-26 10:00:00,136.75,2.38,133.0,3,Pre-monsoon
2024-03-26 11:00:00,120.75,2.22,193.75,3,Pre-monsoon
2024-03-26 12:00:00,130.5,1.95,185.0,3,Pre-monsoon
2024-03-26 13:00:00,126.75,1.75,137.25,3,Pre-monsoon
2024-03-26 14:00:00,100.75,2.3,159.75,3,Pre-monsoon
2024-03-26 15:00:00,96.25,1.65,147.0,3,Pre-monsoon
2024-03-26 16:00:00,93.0,2.15,181.25,3,Pre-monsoon
2024-03-26 17:00:00,90.25,3.0,147.25,3,Pre-monsoon
2024-03-26 18:00:00,102.25,0.2,77.0,3,Pre-monsoon
2024-03-26 19:00:00,161.75,0.3,4.0,3,Pre-monsoon
2024-03-26 20:00:00,256.75,0.4,130.0,3,Pre-monsoon
2024-03-26 21:00:00,280.75,0.5,145.25,3,Pre-monsoon
2024-03-26 22:00:00,189.25,0.6,169.25,3,Pre-monsoon
2024-03-26 23:00:00,176.75,0.57,206.5,3,Pre-monsoon
2024-03-27 00:00:00,176.0,0.57,206.0,3,Pre-monsoon
2024-03-27 01:00:00,183.0,0.7,182.75,3,Pre-monsoon
2024-03-27 02:00:00,182.5,0.92,207.25,3,Pre-monsoon
2024-03-27 03:00:00,210.75,0.7,208.5,3,Pre-monsoon
2024-03-27 04:00:00,259.75,0.85,188.75,3,Pre-monsoon
2024-03-27 05:00:00,328.0,1.9,167.5,3,Pre-monsoon
2024-03-27 06:00:00,409.0,1.1,187.25,3,Pre-monsoon
2024-03-27 07:00:00,230.25,1.05,200.25,3,Pre-monsoon
2024-03-27 08:00:00,202.5,0.77,180.5,3,Pre-monsoon
2024-03-27 09:00:00,179.75,1.05,107.0,3,Pre-monsoon
2024-03-27 10:00:00,149.25,0.67,115.0,3,Pre-monsoon
2024-03-27 11:00:00,148.5,0.8,183.0,3,Pre-monsoon
2024-03-27 12:00:00,167.5,1.4,189.75,3,Pre-monsoon
2024-03-27 13:00:00,160.5,2.1,161.25,3,Pre-monsoon
2024-03-27 14:00:00,171.0,2.78,125.0,3,Pre-monsoon
2024-03-27 15:00:00,68.5,1.88,133.5,3,Pre-monsoon
2024-03-27 16:00:00,70.0,1.48,135.0,3,Pre-monsoon
2024-03-27 17:00:00,87.5,3.25,191.5,3,Pre-monsoon
2024-03-27 18:00:00,145.5,4.2,83.0,3,Pre-monsoon
2024-03-27 19:00:00,169.0,2.3,54.5,3,Pre-monsoon
2024-03-27 20:00:00,183.0,0.4,110.25,3,Pre-monsoon
2024-03-27 21:00:00,150.75,1.25,129.0,3,Pre-monsoon
2024-03-27 22:00:00,113.5,0.85,168.75,3,Pre-monsoon
2024-03-27 23:00:00,104.25,0.75,177.75,3,Pre-monsoon
2024-03-28 00:00:00,106.0,0.45,149.0,3,Pre-monsoon
2024-03-28 01:00:00,104.75,0.75,236.0,3,Pre-monsoon
2024-03-28 02:00:00,140.5,0.88,187.75,3,Pre-monsoon
2024-03-28 03:00:00,236.75,0.78,157.0,3,Pre-monsoon
2024-03-28 04:00:00,332.0,1.23,163.25,3,Pre-monsoon
2024-03-28 05:00:00,165.0,0.45,161.25,3,Pre-monsoon
2024-03-28 06:00:00,147.25,0.6,129.75,3,Pre-monsoon
2024-03-28 07:00:00,217.0,2.02,132.0,3,Pre-monsoon
2024-03-28 08:00:00,245.5,1.4,196.5,3,Pre-monsoon
2024-03-28 09:00:00,186.0,1.65,154.25,3,Pre-monsoon
2024-03-28 10:00:00,153.75,2.0,213.5,3,Pre-monsoon
2024-03-28 11:00:00,148.0,1.15,151.75,3,Pre-monsoon
2024-03-28 12:00:00,141.75,2.05,134.5,3,Pre-monsoon
2024-03-28 13:00:00,120.25,2.17,131.5,3,Pre-monsoon
2024-03-28 14:00:00,134.75,1.58,133.75,3,Pre-monsoon
2024-03-28 15:00:00,114.25,1.2,146.0,3,Pre-monsoon
2024-03-28 16:00:00,102.0,0.78,136.25,3,Pre-monsoon
2024-03-28 17:00:00,132.0,1.05,155.0,3,Pre-monsoon
2024-03-28 18:00:00,140.5,3.78,179.5,3,Pre-monsoon
2024-03-28 19:00:00,183.75,2.8,95.75,3,Pre-monsoon
2024-03-28 20:00:00,153.75,1.3,93.75,3,Pre-monsoon
2024-03-28 21:00:00,135.25,1.35,131.5,3,Pre-monsoon
2024-03-28 22:00:00,99.25,1.18,157.0,3,Pre-monsoon
2024-03-28 23:00:00,103.0,0.55,193.25,3,Pre-monsoon
2024-03-29 00:00:00,139.5,1.05,249.75,3,Pre-monsoon
2024-03-29 01:00:00,197.25,0.95,168.0,3,Pre-monsoon
2024-03-29 02:00:00,217.75,0.65,162.0,3,Pre-monsoon
2024-03-29 03:00:00,261.5,0.6,115.0,3,Pre-monsoon
2024-03-29 04:00:00,253.5,0.4,153.0,3,Pre-monsoon
2024-03-29 05:00:00,219.5,0.35,133.75,3,Pre-monsoon
2024-03-29 06:00:00,271.5,0.35,137.0,3,Pre-monsoon
2024-03-29 07:00:00,319.5,0.9,168.5,3,Pre-monsoon
2024-03-29 08:00:00,312.75,1.45,282.0,3,Pre-monsoon
2024-03-29 09:00:00,240.25,1.45,251.75,3,Pre-monsoon
2024-03-29 10:00:00,205.0,2.03,233.0,3,Pre-monsoon
2024-03-29 11:00:00,214.5,1.65,226.75,3,Pre-monsoon
2024-03-29 12:00:00,241.0,2.55,203.0,3,Pre-monsoon
2024-03-29 13:00:00,235.0,2.3,215.75,3,Pre-monsoon
2024-03-29 14:00:00,235.0,1.8,229.5,3,Pre-monsoon
2024-03-29 15:00:00,222.0,1.42,230.75,3,Pre-monsoon
2024-03-29 16:00:00,223.0,1.58,232.5,3,Pre-monsoon
2024-03-29 17:00:00,251.75,1.3,205.75,3,Pre-monsoon
2024-03-29 18:00:00,334.25,0.9,212.75,3,Pre-monsoon
2024-03-29 19:00:00,337.0,0.7,159.25,3,Pre-monsoon
2024-03-29 20:00:00,301.0,0.7633333333333333,62.0,3,Pre-monsoon
2024-03-29 21:00:00,311.25,0.8266666666666667,61.0,3,Pre-monsoon
2024-03-29 22:00:00,326.75,0.89,60.0,3,Pre-monsoon
2024-03-29 23:00:00,335.25,,121.75,3,Pre-monsoon
2024-03-30 00:00:00,241.75,,186.0,3,Pre-monsoon
2024-03-30 01:00:00,199.75,1.08,273.0,3,Pre-monsoon
2024-03-30 02:00:00,191.25,0.75,244.25,3,Pre-monsoon
2024-03-30 03:00:00,182.5,0.62,222.0,3,Pre-monsoon
2024-03-30 04:00:00,199.0,0.65,261.0,3,Pre-monsoon
2024-03-30 05:00:00,284.75,0.7,288.75,3,Pre-monsoon
2024-03-30 06:00:00,305.0,0.57,269.75,3,Pre-monsoon
2024-03-30 07:00:00,324.0,1.38,223.75,3,Pre-monsoon
2024-03-30 08:00:00,339.5,3.15,170.25,3,Pre-monsoon
2024-03-30 09:00:00,349.0,3.02,175.5,3,Pre-monsoon
2024-03-30 10:00:00,262.75,2.28,195.0,3,Pre-monsoon
2024-03-30 11:00:00,255.0,2.38,210.25,3,Pre-monsoon
2024-03-30 12:00:00,241.75,2.1,224.25,3,Pre-monsoon
2024-03-30 13:00:00,198.5,1.38,247.0,3,Pre-monsoon
2024-03-30 14:00:00,159.0,1.38,256.5,3,Pre-monsoon
2024-03-30 15:00:00,154.0,1.23,208.5,3,Pre-monsoon
2024-03-30 16:00:00,155.75,0.8,137.5,3,Pre-monsoon
2024-03-30 17:00:00,160.5,1.02,161.25,3,Pre-monsoon
2024-03-30 18:00:00,196.25,3.02,162.0,3,Pre-monsoon
2024-03-30 19:00:00,290.75,0.6,84.25,3,Pre-monsoon
2024-03-30 20:00:00,504.5,0.7899999999999999,34.0,3,Pre-monsoon
2024-03-30 21:00:00,519.5,0.98,111.0,3,Pre-monsoon
2024-03-30 22:00:00,372.75,1.17,267.0,3,Pre-monsoon
2024-03-30 23:00:00,391.0,0.62,207.0,3,Pre-monsoon
2024-03-31 00:00:00,353.5,0.52,190.25,3,Pre-monsoon
2024-03-31 01:00:00,361.0,0.55,166.5,3,Pre-monsoon
2024-03-31 02:00:00,325.5,0.75,236.0,3,Pre-monsoon
2024-03-31 03:00:00,264.75,0.62,278.0,3,Pre-monsoon
2024-03-31 04:00:00,240.25,0.52,286.25,3,Pre-monsoon
2024-03-31 05:00:00,249.0,0.6,193.5,3,Pre-monsoon
2024-03-31 06:00:00,291.25,0.95,159.0,3,Pre-monsoon
2024-03-31 07:00:00,320.25,2.35,186.5,3,Pre-monsoon
2024-03-31 08:00:00,241.75,0.7,206.75,3,Pre-monsoon
2024-03-31 09:00:00,237.0,2.3,202.0,3,Pre-monsoon
2024-03-31 10:00:00,236.5,1.9,189.5,3,Pre-monsoon
2024-03-31 11:00:00,255.0,1.35,144.5,3,Pre-monsoon
2024-03-31 12:00:00,286.5,2.08,134.5,3,Pre-monsoon
2024-03-31 13:00:00,270.25,2.5,129.75,3,Pre-monsoon
2024-03-31 14:00:00,233.5,2.48,141.5,3,Pre-monsoon
2024-03-31 15:00:00,220.5,1.78,132.0,3,Pre-monsoon
2024-03-31 16:00:00,196.0,2.2,171.25,3,Pre-monsoon
2024-03-31 17:00:00,186.0,3.1,170.0,3,Pre-monsoon
2024-03-31 18:00:00,156.0,0.9,80.0,3,Pre-monsoon
2024-03-31 19:00:00,186.25,1.12,123.75,3,Pre-monsoon
2024-03-31 20:00:00,191.5,2.3,161.0,3,Pre-monsoon
2024-03-31 21:00:00,168.5,2.28,156.0,3,Pre-monsoon
2024-03-31 22:00:00,136.25,2.6,160.0,3,Pre-monsoon
2024-03-31 23:00:00,125.0,2.87,176.67,3,Pre-monsoon
2024-04-01 00:00:00,74.25,2.33,163.0,4,Pre-monsoon
2024-04-01 01:00:00,75.5,0.9,132.0,4,Pre-monsoon
2024-04-01 02:00:00,98.5,0.6,113.5,4,Pre-monsoon
2024-04-01 03:00:00,193.0,0.52,132.75,4,Pre-monsoon
2024-04-01 04:00:00,272.5,0.57,131.25,4,Pre-monsoon
2024-04-01 05:00:00,240.25,0.62,123.0,4,Pre-monsoon
2024-04-01 06:00:00,245.25,0.48,139.5,4,Pre-monsoon
2024-04-01 07:00:00,272.5,0.75,124.75,4,Pre-monsoon
2024-04-01 08:00:00,265.75,2.68,143.0,4,Pre-monsoon
2024-04-01 09:00:00,186.25,1.25,155.5,4,Pre-monsoon
2024-04-01 10:00:00,147.5,1.4,143.0,4,Pre-monsoon
2024-04-01 11:00:00,124.0,2.72,114.25,4,Pre-monsoon
2024-04-01 12:00:00,143.75,3.78,121.5,4,Pre-monsoon
2024-04-01 13:00:00,163.25,4.08,111.5,4,Pre-monsoon
2024-04-01 14:00:00,174.5,2.98,152.25,4,Pre-monsoon
2024-04-01 15:00:00,161.0,3.42,135.0,4,Pre-monsoon
2024-04-01 16:00:00,169.0,3.02,109.0,4,Pre-monsoon
2024-04-01 17:00:00,173.0,0.7,116.0,4,Pre-monsoon
2024-04-01 18:00:00,152.0,1.8,193.5,4,Pre-monsoon
2024-04-01 19:00:00,186.0,1.75,175.5,4,Pre-monsoon
2024-04-01 20:00:00,238.0,1.65,186.5,4,Pre-monsoon
2024-04-01 21:00:00,227.0,1.42,164.75,4,Pre-monsoon
2024-04-01 22:00:00,212.0,1.15,144.75,4,Pre-monsoon
2024-04-01 23:00:00,129.0,1.5,151.5,4,Pre-monsoon
2024-04-02 00:00:00,80.0,0.45,106.5,4,Pre-monsoon
2024-04-02 01:00:00,110.0,0.38,133.5,4,Pre-monsoon
2024-04-02 02:00:00,234.0,0.43,113.0,4,Pre-monsoon
2024-04-02 03:00:00,289.0,0.45,103.5,4,Pre-monsoon
2024-04-02 04:00:00,357.0,0.4,154.0,4,Pre-monsoon
2024-04-02 05:00:00,324.0,0.4,166.75,4,Pre-monsoon
2024-04-02 06:00:00,367.0,0.5,120.0,4,Pre-monsoon
2024-04-02 07:00:00,364.0,1.8,130.33,4,Pre-monsoon
2024-04-02 08:00:00,318.0,1.6,179.0,4,Pre-monsoon
2024-04-02 09:00:00,224.0,1.75,149.75,4,Pre-monsoon
2024-04-02 10:00:00,174.0,2.65,145.5,4,Pre-monsoon
2024-04-02 11:00:00,155.0,3.52,155.0,4,Pre-monsoon
2024-04-02 12:00:00,152.0,3.15,183.5,4,Pre-monsoon
2024-04-02 13:00:00,189.0,2.75,189.5,4,Pre-monsoon
2024-04-02 14:00:00,133.0,2.38,190.25,4,Pre-monsoon
2024-04-02 15:00:00,138.0,2.52,186.75,4,Pre-monsoon
2024-04-02 16:00:00,202.0,3.55,115.5,4,Pre-monsoon
2024-04-02 17:00:00,175.0,0.87,118.25,4,Pre-monsoon
2024-04-02 18:00:00,161.5,0.75,122.5,4,Pre-monsoon
2024-04-02 19:00:00,196.0,0.62,138.75,4,Pre-monsoon
2024-04-02 20:00:00,224.0,1.3,167.25,4,Pre-monsoon
2024-04-02 21:00:00,282.25,1.45,169.0,4,Pre-monsoon
2024-04-02 22:00:00,260.25,1.38,162.5,4,Pre-monsoon
2024-04-02 23:00:00,210.0,1.02,189.25,4,Pre-monsoon
2024-04-03 00:00:00,163.75,0.92,230.0,4,Pre-monsoon
2024-04-03 01:00:00,139.25,1.02,279.0,4,Pre-monsoon
2024-04-03 02:00:00,167.0,0.78,240.25,4,Pre-monsoon
2024-04-03 03:00:00,194.0,1.05,241.5,4,Pre-monsoon
2024-04-03 04:00:00,193.0,0.4,156.25,4,Pre-monsoon
2024-04-03 05:00:00,229.75,0.28,157.75,4,Pre-monsoon
2024-04-03 06:00:00,236.5,0.48,105.5,4,Pre-monsoon
2024-04-03 07:00:00,265.25,1.82,177.25,4,Pre-monsoon
2024-04-03 08:00:00,278.5,0.8,210.75,4,Pre-monsoon
2024-04-03 09:00:00,236.5,1.55,159.75,4,Pre-monsoon
2024-04-03 10:00:00,160.25,2.08,224.75,4,Pre-monsoon
2024-04-03 11:00:00,161.0,1.5,202.75,4,Pre-monsoon
2024-04-03 12:00:00,141.0,2.65,180.0,4,Pre-monsoon
2024-04-03 13:00:00,118.5,2.65,162.25,4,Pre-monsoon
2024-04-03 14:00:00,135.0,2.0,158.75,4,Pre-monsoon
2024-04-03 15:00:00,144.0,2.82,162.0,4,Pre-monsoon
2024-04-03 16:00:00,233.0,2.47,170.0,4,Pre-monsoon
2024-04-03 17:00:00,190.0,3.28,182.75,4,Pre-monsoon
2024-04-03 18:00:00,241.0,3.55,146.75,4,Pre-monsoon
2024-04-03 19:00:00,309.0,0.9,139.0,4,Pre-monsoon
2024-04-03 20:00:00,354.0,0.6,83.0,4,Pre-monsoon
2024-04-03 21:00:00,470.0,0.3,105.5,4,Pre-monsoon
2024-04-03 22:00:00,370.0,0.75,58.0,4,Pre-monsoon
2024-04-03 23:00:00,311.0,1.2,143.75,4,Pre-monsoon
2024-04-04 00:00:00,134.0,1.41,95.5,4,Pre-monsoon
2024-04-04 01:00:00,127.0,1.62,148.5,4,Pre-monsoon
2024-04-04 02:00:00,156.0,3.32,182.75,4,Pre-monsoon
2024-04-04 03:00:00,92.0,2.32,169.25,4,Pre-monsoon
2024-04-04 04:00:00,83.0,0.9,181.25,4,Pre-monsoon
2024-04-04 05:00:00,68.0,0.48,146.0,4,Pre-monsoon
2024-04-04 06:00:00,139.0,0.57,224.25,4,Pre-monsoon
2024-04-04 07:00:00,296.0,0.78,250.5,4,Pre-monsoon
2024-04-04 08:00:00,495.0,1.33,201.25,4,Pre-monsoon
2024-04-04 09:00:00,367.5,2.38,170.25,4,Pre-monsoon
2024-04-04 10:00:00,201.5,2.05,184.0,4,Pre-monsoon
2024-04-04 11:00:00,150.5,2.08,165.0,4,Pre-monsoon
2024-04-04 12:00:00,128.5,2.52,149.75,4,Pre-monsoon
2024-04-04 13:00:00,125.25,2.75,140.75,4,Pre-monsoon
2024-04-04 14:00:00,110.0,2.2,128.5,4,Pre-monsoon
2024-04-04 15:00:00,112.5,2.2,140.5,4,Pre-monsoon
2024-04-04 16:00:00,130.75,1.82,152.75,4,Pre-monsoon
2024-04-04 17:00:00,149.0,2.02,160.75,4,Pre-monsoon
2024-04-04 18:00:00,204.5,2.9,119.25,4,Pre-monsoon
2024-04-04 19:00:00,270.5,0.1,64.5,4,Pre-monsoon
2024-04-04 20:00:00,372.75,0.2666666666666666,52.25,4,Pre-monsoon
2024-04-04 21:00:00,506.25,0.4333333333333333,40.0,4,Pre-monsoon
2024-04-04 22:00:00,430.5,0.6,138.0,4,Pre-monsoon
2024-04-04 23:00:00,368.5,1.0,133.0,4,Pre-monsoon
2024-04-05 00:00:00,192.0,1.12,150.25,4,Pre-monsoon
2024-04-05 01:00:00,184.0,2.62,172.75,4,Pre-monsoon
2024-04-05 02:00:00,187.25,2.08,171.25,4,Pre-monsoon
2024-04-05 03:00:00,154.0,0.62,162.0,4,Pre-monsoon
2024-04-05 04:00:00,151.25,0.42,152.25,4,Pre-monsoon
2024-04-05 05:00:00,211.25,0.8,129.75,4,Pre-monsoon
2024-04-05 06:00:00,233.0,1.48,165.0,4,Pre-monsoon
2024-04-05 07:00:00,233.75,2.7,183.25,4,Pre-monsoon
2024-04-05 08:00:00,194.0,1.9,156.5,4,Pre-monsoon
2024-04-05 09:00:00,214.25,3.5,138.75,4,Pre-monsoon
2024-04-05 10:00:00,160.0,2.17,184.0,4,Pre-monsoon
2024-04-05 11:00:00,140.75,1.78,146.0,4,Pre-monsoon
2024-04-05 12:00:00,209.5,3.35,132.0,4,Pre-monsoon
2024-04-05 13:00:00,337.25,1.85,160.75,4,Pre-monsoon
2024-04-05 14:00:00,149.5,1.88,156.25,4,Pre-monsoon
2024-04-05 15:00:00,141.75,0.95,150.25,4,Pre-monsoon
2024-04-05 16:00:00,121.75,1.08,167.0,4,Pre-monsoon
2024-04-05 17:00:00,144.75,2.3,205.0,4,Pre-monsoon
2024-04-05 18:00:00,153.75,1.8,74.0,4,Pre-monsoon
2024-04-05 19:00:00,203.5,0.5,104.75,4,Pre-monsoon
2024-04-05 20:00:00,282.5,0.88,182.0,4,Pre-monsoon
2024-04-05 21:00:00,355.75,0.72,124.75,4,Pre-monsoon
2024-04-05 22:00:00,397.25,1.15,219.25,4,Pre-monsoon
2024-04-05 23:00:00,307.75,1.83,153.25,4,Pre-monsoon
2024-04-06 00:00:00,216.75,2.12,163.5,4,Pre-monsoon
2024-04-06 01:00:00,182.5,1.67,173.5,4,Pre-monsoon
2024-04-06 02:00:00,167.0,2.48,194.5,4,Pre-monsoon
2024-04-06 03:00:00,187.25,0.6,166.25,4,Pre-monsoon
2024-04-06 04:00:00,200.5,0.4,131.5,4,Pre-monsoon
2024-04-06 05:00:00,193.0,0.6,121.25,4,Pre-monsoon
2024-04-06 06:00:00,297.0,0.45,145.5,4,Pre-monsoon
2024-04-06 07:00:00,382.5,2.95,112.0,4,Pre-monsoon
2024-04-06 08:00:00,432.0,0.92,148.0,4,Pre-monsoon
2024-04-06 09:00:00,219.25,2.4,161.0,4,Pre-monsoon
2024-04-06 10:00:00,162.5,2.48,186.0,4,Pre-monsoon
2024-04-06 11:00:00,146.5,2.22,183.75,4,Pre-monsoon
2024-04-06 12:00:00,131.0,1.78,152.5,4,Pre-monsoon
2024-04-06 13:00:00,142.25,2.02,143.75,4,Pre-monsoon
2024-04-06 14:00:00,179.25,2.0,140.0,4,Pre-monsoon
2024-04-06 15:00:00,210.5,1.62,135.75,4,Pre-monsoon
2024-04-06 16:00:00,190.5,2.12,166.5,4,Pre-monsoon
2024-04-06 17:00:00,167.25,3.22,181.5,4,Pre-monsoon
2024-04-06 18:00:00,140.0,3.1,69.67,4,Pre-monsoon
2024-04-06 19:00:00,195.0,0.62,149.5,4,Pre-monsoon
2024-04-06 20:00:00,280.0,0.57,117.25,4,Pre-monsoon
2024-04-06 21:00:00,325.0,0.72,168.75,4,Pre-monsoon
2024-04-06 22:00:00,297.75,1.0,196.25,4,Pre-monsoon
2024-04-06 23:00:00,325.25,0.55,148.0,4,Pre-monsoon
2024-04-07 00:00:00,353.0,0.35,130.0,4,Pre-monsoon
2024-04-07 01:00:00,407.25,0.38,125.5,4,Pre-monsoon
2024-04-07 02:00:00,368.5,0.43,121.0,4,Pre-monsoon
2024-04-07 03:00:00,399.25,0.35,146.5,4,Pre-monsoon
2024-04-07 04:00:00,377.0,0.35,126.75,4,Pre-monsoon
2024-04-07 05:00:00,429.25,0.35,149.75,4,Pre-monsoon
2024-04-07 06:00:00,475.25,0.52,139.5,4,Pre-monsoon
2024-04-07 07:00:00,535.5,2.55,120.0,4,Pre-monsoon
2024-04-07 08:00:00,397.5,0.82,159.25,4,Pre-monsoon
2024-04-07 09:00:00,339.0,2.65,174.25,4,Pre-monsoon
2024-04-07 10:00:00,190.5,2.62,196.75,4,Pre-monsoon
2024-04-07 11:00:00,148.25,3.08,180.0,4,Pre-monsoon
2024-04-07 12:00:00,153.25,2.92,166.0,4,Pre-monsoon
2024-04-07 13:00:00,178.5,2.6,155.5,4,Pre-monsoon
2024-04-07 14:00:00,147.75,2.5,143.0,4,Pre-monsoon
2024-04-07 15:00:00,109.5,1.98,135.75,4,Pre-monsoon
2024-04-07 16:00:00,124.5,1.68,133.75,4,Pre-monsoon
2024-04-07 17:00:00,124.5,2.25,175.0,4,Pre-monsoon
2024-04-07 18:00:00,122.25,3.9,95.33,4,Pre-monsoon
2024-04-07 19:00:00,187.75,2.165,4.0,4,Pre-monsoon
2024-04-07 20:00:00,309.25,0.43,136.0,4,Pre-monsoon
2024-04-07 21:00:00,380.75,0.38,122.0,4,Pre-monsoon
2024-04-07 22:00:00,370.0,0.57,199.25,4,Pre-monsoon
2024-04-07 23:00:00,384.25,0.6,187.5,4,Pre-monsoon
2024-04-08 00:00:00,306.25,0.72,157.5,4,Pre-monsoon
2024-04-08 01:00:00,238.25,0.8,187.25,4,Pre-monsoon
2024-04-08 02:00:00,226.5,0.9,197.25,4,Pre-monsoon
2024-04-08 03:00:00,227.75,0.62,128.5,4,Pre-monsoon
2024-04-08 04:00:00,285.5,0.52,134.0,4,Pre-monsoon
2024-04-08 05:00:00,386.5,0.4,166.5,4,Pre-monsoon
2024-04-08 06:00:00,521.5,0.45,133.25,4,Pre-monsoon
2024-04-08 07:00:00,597.25,1.62,138.0,4,Pre-monsoon
2024-04-08 08:00:00,476.75,1.27,147.5,4,Pre-monsoon
2024-04-08 09:00:00,332.0,1.4,198.0,4,Pre-monsoon
2024-04-08 10:00:00,217.75,1.78,162.75,4,Pre-monsoon
2024-04-08 11:00:00,154.0,2.15,147.0,4,Pre-monsoon
2024-04-08 12:00:00,103.25,2.95,139.25,4,Pre-monsoon
2024-04-08 13:00:00,110.0,3.15,131.75,4,Pre-monsoon
2024-04-08 14:00:00,121.75,2.85,144.25,4,Pre-monsoon
2024-04-08 15:00:00,179.0,2.42,141.5,4,Pre-monsoon
2024-04-08 16:00:00,152.75,1.7,138.75,4,Pre-monsoon
2024-04-08 17:00:00,123.0,1.7,140.5,4,Pre-monsoon
2024-04-08 18:00:00,151.25,3.08,172.0,4,Pre-monsoon
2024-04-08 19:00:00,225.5,0.87,121.25,4,Pre-monsoon
2024-04-08 20:00:00,303.75,0.7133333333333334,84.375,4,Pre-monsoon
2024-04-08 21:00:00,302.25,0.5566666666666666,47.5,4,Pre-monsoon
2024-04-08 22:00:00,269.5,0.4,95.25,4,Pre-monsoon
2024-04-08 23:00:00,230.0,1.5,119.25,4,Pre-monsoon
2024-04-09 00:00:00,230.25,1.25,173.5,4,Pre-monsoon
2024-04-09 01:00:00,240.0,1.23,188.75,4,Pre-monsoon
2024-04-09 02:00:00,216.25,0.9,248.25,4,Pre-monsoon
2024-04-09 03:00:00,232.5,0.6,184.5,4,Pre-monsoon
2024-04-09 04:00:00,247.75,0.55,182.25,4,Pre-monsoon
2024-04-09 05:00:00,244.5,0.5,131.0,4,Pre-monsoon
2024-04-09 06:00:00,298.0,0.38,113.25,4,Pre-monsoon
2024-04-09 07:00:00,400.0,1.6,159.75,4,Pre-monsoon
2024-04-09 08:00:00,454.75,1.0,133.75,4,Pre-monsoon
2024-04-09 09:00:00,344.75,2.15,191.75,4,Pre-monsoon
2024-04-09 10:00:00,243.0,1.4,187.5,4,Pre-monsoon
2024-04-09 11:00:00,193.5,1.45,202.75,4,Pre-monsoon
2024-04-09 12:00:00,117.25,2.2,180.25,4,Pre-monsoon
2024-04-09 13:00:00,120.75,2.42,163.0,4,Pre-monsoon
2024-04-09 14:00:00,130.0,2.3,154.25,4,Pre-monsoon
2024-04-09 15:00:00,137.25,1.92,153.25,4,Pre-monsoon
2024-04-09 16:00:00,146.0,1.72,157.0,4,Pre-monsoon
2024-04-09 17:00:00,142.5,2.25,154.75,4,Pre-monsoon
2024-04-09 18:00:00,181.5,3.35,176.0,4,Pre-monsoon
2024-04-09 19:00:00,239.0,3.37,133.75,4,Pre-monsoon
2024-04-09 20:00:00,280.0,1.57,120.75,4,Pre-monsoon
2024-04-09 21:00:00,274.75,1.285,10.33,4,Pre-monsoon
2024-04-09 22:00:00,346.75,1.0,188.25,4,Pre-monsoon
2024-04-09 23:00:00,340.0,0.82,260.0,4,Pre-monsoon
2024-04-10 00:00:00,319.75,0.7,276.75,4,Pre-monsoon
2024-04-10 01:00:00,265.5,1.0,264.5,4,Pre-monsoon
2024-04-10 02:00:00,286.25,0.45,267.25,4,Pre-monsoon
2024-04-10 03:00:00,314.75,0.38,268.5,4,Pre-monsoon
2024-04-10 04:00:00,532.5,0.9,271.0,4,Pre-monsoon
2024-04-10 05:00:00,822.25,0.35,243.25,4,Pre-monsoon
2024-04-10 06:00:00,426.5,0.98,279.5,4,Pre-monsoon
2024-04-10 07:00:00,511.0,1.23,247.75,4,Pre-monsoon
2024-04-10 08:00:00,510.0,1.07,200.25,4,Pre-monsoon
2024-04-10 09:00:00,453.5,1.72,235.25,4,Pre-monsoon
2024-04-10 10:00:00,417.75,1.35,247.5,4,Pre-monsoon
2024-04-10 11:00:00,355.75,2.35,266.25,4,Pre-monsoon
2024-04-10 12:00:00,266.5,2.8,231.75,4,Pre-monsoon
2024-04-10 13:00:00,253.0,2.2,207.75,4,Pre-monsoon
2024-04-10 14:00:00,168.5,1.35,202.0,4,Pre-monsoon
2024-04-10 15:00:00,157.75,1.15,210.0,4,Pre-monsoon
2024-04-10 16:00:00,162.25,1.1,220.0,4,Pre-monsoon
2024-04-10 17:00:00,195.75,0.9,226.0,4,Pre-monsoon
2024-04-10 18:00:00,268.75,1.62,223.0,4,Pre-monsoon
2024-04-10 19:00:00,345.0,1.98,159.25,4,Pre-monsoon
2024-04-10 20:00:00,405.25,1.5766666666666669,88.25,4,Pre-monsoon
2024-04-10 21:00:00,467.25,1.1733333333333331,32.0,4,Pre-monsoon
2024-04-10 22:00:00,552.5,0.77,259.0,4,Pre-monsoon
2024-04-10 23:00:00,510.75,1.25,270.75,4,Pre-monsoon
2024-04-11 00:00:00,519.0,0.9,266.25,4,Pre-monsoon
2024-04-11 01:00:00,434.75,0.55,270.5,4,Pre-monsoon
2024-04-11 02:00:00,402.0,0.68,269.0,4,Pre-monsoon
2024-04-11 03:00:00,429.25,0.75,249.25,4,Pre-monsoon
2024-04-11 04:00:00,467.25,0.82,268.5,4,Pre-monsoon
2024-04-11 05:00:00,442.25,1.0,199.25,4,Pre-monsoon
2024-04-11 06:00:00,472.25,1.48,268.0,4,Pre-monsoon
2024-04-11 07:00:00,565.5,1.85,245.0,4,Pre-monsoon
2024-04-11 08:00:00,496.0,1.17,190.0,4,Pre-monsoon
2024-04-11 09:00:00,385.0,1.45,192.0,4,Pre-monsoon
2024-04-11 10:00:00,323.5,1.5,235.25,4,Pre-monsoon
2024-04-11 11:00:00,272.25,1.95,265.25,4,Pre-monsoon
2024-04-11 12:00:00,256.75,2.55,245.5,4,Pre-monsoon
2024-04-11 13:00:00,203.5,1.5,194.5,4,Pre-monsoon
2024-04-11 14:00:00,135.75,1.7,237.25,4,Pre-monsoon
2024-04-11 15:00:00,173.0,1.85,219.25,4,Pre-monsoon
2024-04-11 16:00:00,276.75,1.85,221.25,4,Pre-monsoon
2024-04-11 17:00:00,241.0,1.3,215.5,4,Pre-monsoon
2024-04-11 18:00:00,246.25,1.52,222.5,4,Pre-monsoon
2024-04-11 19:00:00,370.0,1.35,224.25,4,Pre-monsoon
2024-04-11 20:00:00,534.25,2.17,128.25,4,Pre-monsoon
2024-04-11 21:00:00,390.5,0.87,88.0,4,Pre-monsoon
2024-04-11 22:00:00,202.75,0.81,99.25,4,Pre-monsoon
2024-04-11 23:00:00,288.0,0.75,110.5,4,Pre-monsoon
2024-04-12 00:00:00,375.5,0.53,151.5,4,Pre-monsoon
2024-04-12 01:00:00,399.5,0.92,177.25,4,Pre-monsoon
2024-04-12 02:00:00,292.25,0.85,204.5,4,Pre-monsoon
2024-04-12 03:00:00,260.5,1.0,212.25,4,Pre-monsoon
2024-04-12 04:00:00,280.5,0.98,295.5,4,Pre-monsoon
2024-04-12 05:00:00,295.0,0.95,279.0,4,Pre-monsoon
2024-04-12 06:00:00,371.25,0.72,286.75,4,Pre-monsoon
2024-04-12 07:00:00,466.75,1.1,262.5,4,Pre-monsoon
2024-04-12 08:00:00,395.0,0.95,219.25,4,Pre-monsoon
2024-04-12 09:00:00,330.75,1.58,275.5,4,Pre-monsoon
2024-04-12 10:00:00,322.75,1.35,256.75,4,Pre-monsoon
2024-04-12 11:00:00,256.25,2.2,213.25,4,Pre-monsoon
2024-04-12 12:00:00,246.5,2.1,187.25,4,Pre-monsoon
2024-04-12 13:00:00,210.0,1.35,216.25,4,Pre-monsoon
2024-04-12 14:00:00,203.0,1.5,268.0,4,Pre-monsoon
2024-04-12 15:00:00,220.0,1.12,282.25,4,Pre-monsoon
2024-04-12 16:00:00,198.5,0.88,246.0,4,Pre-monsoon
2024-04-12 17:00:00,209.0,1.0,244.5,4,Pre-monsoon
2024-04-12 18:00:00,276.5,1.2,222.5,4,Pre-monsoon
2024-04-12 19:00:00,382.0,0.98,241.75,4,Pre-monsoon
2024-04-12 20:00:00,421.75,0.4,110.25,4,Pre-monsoon
2024-04-12 21:00:00,461.25,0.4,93.0,4,Pre-monsoon
2024-04-12 22:00:00,538.25,0.4,122.0,4,Pre-monsoon
2024-04-12 23:00:00,577.5,0.4,151.0,4,Pre-monsoon
2024-04-13 00:00:00,497.25,0.4,180.0,4,Pre-monsoon
2024-04-13 01:00:00,393.75,0.6,204.75,4,Pre-monsoon
2024-04-13 02:00:00,295.25,1.07,286.25,4,Pre-monsoon
2024-04-13 03:00:00,248.75,0.32,270.0,4,Pre-monsoon
2024-04-13 04:00:00,202.0,0.85,292.0,4,Pre-monsoon
2024-04-13 05:00:00,190.25,1.15,292.75,4,Pre-monsoon
2024-04-13 06:00:00,248.25,0.82,251.25,4,Pre-monsoon
2024-04-13 07:00:00,400.5,0.7,236.75,4,Pre-monsoon
2024-04-13 08:00:00,334.0,1.18,260.25,4,Pre-monsoon
2024-04-13 09:00:00,279.5,1.85,276.5,4,Pre-monsoon
2024-04-13 10:00:00,188.25,1.82,270.75,4,Pre-monsoon
2024-04-13 11:00:00,190.25,2.28,220.5,4,Pre-monsoon
2024-04-13 12:00:00,184.25,1.7,213.75,4,Pre-monsoon
2024-04-13 13:00:00,159.5,1.58,218.25,4,Pre-monsoon
2024-04-13 14:00:00,173.5,1.23,214.0,4,Pre-monsoon
2024-04-13 15:00:00,244.75,1.65,206.75,4,Pre-monsoon
2024-04-13 16:00:00,477.5,2.92,170.75,4,Pre-monsoon
2024-04-13 17:00:00,447.5,3.1,212.0,4,Pre-monsoon
2024-04-13 18:00:00,122.75,1.8,142.25,4,Pre-monsoon
2024-04-13 19:00:00,54.25,1.93,141.25,4,Pre-monsoon
2024-04-13 20:00:00,67.75,1.23,169.0,4,Pre-monsoon
2024-04-13 21:00:00,97.5,1.52,174.5,4,Pre-monsoon
2024-04-13 22:00:00,94.0,1.23,166.75,4,Pre-monsoon
2024-04-13 23:00:00,75.25,1.68,190.25,4,Pre-monsoon
2024-04-14 00:00:00,68.0,1.12,177.5,4,Pre-monsoon
2024-04-14 01:00:00,90.5,1.92,187.0,4,Pre-monsoon
2024-04-14 02:00:00,122.75,2.12,191.0,4,Pre-monsoon
2024-04-14 03:00:00,117.25,1.62,227.5,4,Pre-monsoon
2024-04-14 04:00:00,99.75,0.95,246.75,4,Pre-monsoon
2024-04-14 05:00:00,120.25,1.6,298.25,4,Pre-monsoon
2024-04-14 06:00:00,139.5,2.12,225.0,4,Pre-monsoon
2024-04-14 07:00:00,210.75,1.98,203.5,4,Pre-monsoon
2024-04-14 08:00:00,331.75,1.85,243.5,4,Pre-monsoon
2024-04-14 09:00:00,295.25,2.22,173.5,4,Pre-monsoon
2024-04-14 10:00:00,233.25,2.28,218.25,4,Pre-monsoon
2024-04-14 11:00:00,188.25,1.1,164.25,4,Pre-monsoon
2024-04-14 12:00:00,202.0,1.9,218.5,4,Pre-monsoon
2024-04-14 13:00:00,169.0,1.83,236.0,4,Pre-monsoon
2024-04-14 14:00:00,90.0,1.3,185.75,4,Pre-monsoon
2024-04-14 15:00:00,96.0,1.98,210.0,4,Pre-monsoon
2024-04-14 16:00:00,113.0,0.67,175.0,4,Pre-monsoon
2024-04-14 17:00:00,157.0,0.685,86.0,4,Pre-monsoon
2024-04-14 18:00:00,182.0,0.7,91.25,4,Pre-monsoon
2024-04-14 19:00:00,188.0,0.68,168.0,4,Pre-monsoon
2024-04-14 20:00:00,213.0,0.7,187.5,4,Pre-monsoon
2024-04-14 21:00:00,222.0,1.12,251.75,4,Pre-monsoon
2024-04-14 22:00:00,238.0,0.72,261.75,4,Pre-monsoon
2024-04-14 23:00:00,243.0,0.43,283.75,4,Pre-monsoon
2024-04-15 00:00:00,267.0,0.55,210.25,4,Pre-monsoon
2024-04-15 01:00:00,265.0,0.45,227.0,4,Pre-monsoon
2024-04-15 02:00:00,239.5,0.4,158.25,4,Pre-monsoon
2024-04-15 03:00:00,226.0,1.38,206.25,4,Pre-monsoon
2024-04-15 04:00:00,261.0,1.1,229.0,4,Pre-monsoon
2024-04-15 05:00:00,256.0,0.75,183.0,4,Pre-monsoon
2024-04-15 06:00:00,304.0,1.82,269.25,4,Pre-monsoon
2024-04-15 07:00:00,436.5,1.95,242.0,4,Pre-monsoon
2024-04-15 08:00:00,616.25,0.75,192.0,4,Pre-monsoon
2024-04-15 09:00:00,539.0,1.6,217.0,4,Pre-monsoon
2024-04-15 10:00:00,331.0,2.5,196.5,4,Pre-monsoon
2024-04-15 11:00:00,278.25,1.6,198.5,4,Pre-monsoon
2024-04-15 12:00:00,214.25,1.3,179.5,4,Pre-monsoon
2024-04-15 13:00:00,147.0,1.92,162.5,4,Pre-monsoon
2024-04-15 14:00:00,123.0,1.65,161.5,4,Pre-monsoon
2024-04-15 15:00:00,132.0,1.32,158.25,4,Pre-monsoon
2024-04-15 16:00:00,113.0,1.15,144.75,4,Pre-monsoon
2024-04-15 17:00:00,128.0,1.32,167.25,4,Pre-monsoon
2024-04-15 18:00:00,172.0,1.72,200.5,4,Pre-monsoon
2024-04-15 19:00:00,257.0,0.5,84.5,4,Pre-monsoon
2024-04-15 20:00:00,321.0,0.4333333333333333,102.5,4,Pre-monsoon
2024-04-15 21:00:00,421.0,0.3666666666666667,120.5,4,Pre-monsoon
2024-04-15 22:00:00,407.0,0.3,138.5,4,Pre-monsoon
2024-04-15 23:00:00,399.0,0.5,170.25,4,Pre-monsoon
2024-04-16 00:00:00,378.0,0.35,175.75,4,Pre-monsoon
2024-04-16 01:00:00,381.0,0.45,127.25,4,Pre-monsoon
2024-04-16 02:00:00,333.0,0.42,156.25,4,Pre-monsoon
2024-04-16 03:00:00,525.0,0.38,202.5,4,Pre-monsoon
2024-04-16 04:00:00,655.0,0.92,206.75,4,Pre-monsoon
2024-04-16 05:00:00,683.0,1.27,186.0,4,Pre-monsoon
2024-04-16 06:00:00,534.0,1.3,182.25,4,Pre-monsoon
2024-04-16 07:00:00,404.0,0.9,160.5,4,Pre-monsoon
2024-04-16 08:00:00,373.0,1.25,123.75,4,Pre-monsoon
2024-04-16 09:00:00,244.0,4.5,103.5,4,Pre-monsoon
2024-04-16 10:00:00,272.0,2.2,159.5,4,Pre-monsoon
2024-04-16 11:00:00,174.0,2.2,138.75,4,Pre-monsoon
2024-04-16 12:00:00,162.0,3.1,128.75,4,Pre-monsoon
2024-04-16 13:00:00,144.0,3.35,125.5,4,Pre-monsoon
2024-04-16 14:00:00,130.0,2.55,129.0,4,Pre-monsoon
2024-04-16 15:00:00,172.0,1.85,134.75,4,Pre-monsoon
2024-04-16 16:00:00,138.25,1.8,137.25,4,Pre-monsoon
2024-04-16 17:00:00,151.0,1.5,129.25,4,Pre-monsoon
2024-04-16 18:00:00,138.0,2.82,183.5,4,Pre-monsoon
2024-04-16 19:00:00,218.0,3.48,88.75,4,Pre-monsoon
2024-04-16 20:00:00,200.0,2.71,24.67,4,Pre-monsoon
2024-04-16 21:00:00,245.0,1.94,64.0,4,Pre-monsoon
2024-04-16 22:00:00,237.5,1.17,140.5,4,Pre-monsoon
2024-04-16 23:00:00,207.75,2.0,175.5,4,Pre-monsoon
2024-04-17 00:00:00,175.75,1.12,160.0,4,Pre-monsoon
2024-04-17 01:00:00,152.25,1.62,192.0,4,Pre-monsoon
2024-04-17 02:00:00,182.5,1.05,143.75,4,Pre-monsoon
2024-04-17 03:00:00,195.5,1.68,166.25,4,Pre-monsoon
2024-04-17 04:00:00,170.25,0.65,119.0,4,Pre-monsoon
2024-04-17 05:00:00,225.25,0.72,122.75,4,Pre-monsoon
2024-04-17 06:00:00,280.0,0.7,102.0,4,Pre-monsoon
2024-04-17 07:00:00,321.0,2.13,134.75,4,Pre-monsoon
2024-04-17 08:00:00,266.75,1.08,140.25,4,Pre-monsoon
2024-04-17 09:00:00,179.0,3.05,127.75,4,Pre-monsoon
2024-04-17 10:00:00,149.0,3.1,179.5,4,Pre-monsoon
2024-04-17 11:00:00,156.0,2.28,191.0,4,Pre-monsoon
2024-04-17 12:00:00,134.0,2.33,163.5,4,Pre-monsoon
2024-04-17 13:00:00,182.5,2.4,138.5,4,Pre-monsoon
2024-04-17 14:00:00,190.0,2.78,129.5,4,Pre-monsoon
2024-04-17 15:00:00,162.0,1.88,128.0,4,Pre-monsoon
2024-04-17 16:00:00,190.0,1.85,124.5,4,Pre-monsoon
2024-04-17 17:00:00,184.0,2.17,165.0,4,Pre-monsoon
2024-04-17 18:00:00,191.0,3.9,115.0,4,Pre-monsoon
2024-04-17 19:00:00,223.0,2.52,83.75,4,Pre-monsoon
2024-04-17 20:00:00,252.0,3.77,79.0,4,Pre-monsoon
2024-04-17 21:00:00,189.0,0.7,122.25,4,Pre-monsoon
2024-04-17 22:00:00,244.0,1.27,211.25,4,Pre-monsoon
2024-04-17 23:00:00,223.0,0.95,145.25,4,Pre-monsoon
2024-04-18 00:00:00,207.0,0.65,145.25,4,Pre-monsoon
2024-04-18 01:00:00,235.0,1.38,210.75,4,Pre-monsoon
2024-04-18 02:00:00,223.0,0.6,158.75,4,Pre-monsoon
2024-04-18 03:00:00,331.0,0.57,169.5,4,Pre-monsoon
2024-04-18 04:00:00,366.0,0.4,190.0,4,Pre-monsoon
2024-04-18 05:00:00,382.0,0.4,174.75,4,Pre-monsoon
2024-04-18 06:00:00,322.0,0.68,175.75,4,Pre-monsoon
2024-04-18 07:00:00,337.0,1.27,195.0,4,Pre-monsoon
2024-04-18 08:00:00,365.0,1.4,125.0,4,Pre-monsoon
2024-04-18 09:00:00,318.0,1.3,167.75,4,Pre-monsoon
2024-04-18 10:00:00,161.25,2.52,144.5,4,Pre-monsoon
2024-04-18 11:00:00,121.25,3.1,139.0,4,Pre-monsoon
2024-04-18 12:00:00,111.75,1.42,140.25,4,Pre-monsoon
2024-04-18 13:00:00,99.0,1.55,125.5,4,Pre-monsoon
2024-04-18 14:00:00,124.0,1.62,123.75,4,Pre-monsoon
2024-04-18 15:00:00,139.0,1.72,137.75,4,Pre-monsoon
2024-04-18 16:00:00,114.75,1.18,156.0,4,Pre-monsoon
2024-04-18 17:00:00,107.75,1.08,153.25,4,Pre-monsoon
2024-04-18 18:00:00,136.0,0.48,149.25,4,Pre-monsoon
2024-04-18 19:00:00,169.0,1.7,154.25,4,Pre-monsoon
2024-04-18 20:00:00,522.0,2.78,112.25,4,Pre-monsoon
2024-04-18 21:00:00,147.0,2.425,61.5,4,Pre-monsoon
2024-04-18 22:00:00,217.25,2.07,83.5,4,Pre-monsoon
2024-04-18 23:00:00,245.0,1.715,94.33,4,Pre-monsoon
2024-04-19 00:00:00,188.0,,113.5,4,Pre-monsoon
2024-04-19 01:00:00,217.0,,132.67,4,Pre-monsoon
2024-04-19 02:00:00,290.0,0.65,194.5,4,Pre-monsoon
2024-04-19 03:00:00,309.0,0.78,119.5,4,Pre-monsoon
2024-04-19 04:00:00,295.0,0.35,177.25,4,Pre-monsoon
2024-04-19 05:00:00,504.0,0.43,193.25,4,Pre-monsoon
2024-04-19 06:00:00,399.0,0.95,163.25,4,Pre-monsoon
2024-04-19 07:00:00,335.0,0.87,123.25,4,Pre-monsoon
2024-04-19 08:00:00,407.0,1.98,152.0,4,Pre-monsoon
2024-04-19 09:00:00,344.0,1.32,149.0,4,Pre-monsoon
2024-04-19 10:00:00,338.0,1.92,155.5,4,Pre-monsoon
2024-04-19 11:00:00,243.0,2.33,143.75,4,Pre-monsoon
2024-04-19 12:00:00,184.0,1.85,135.0,4,Pre-monsoon
2024-04-19 13:00:00,135.0,1.68,138.0,4,Pre-monsoon
2024-04-19 14:00:00,122.0,1.88,221.75,4,Pre-monsoon
2024-04-19 15:00:00,122.0,2.2,282.25,4,Pre-monsoon
2024-04-19 16:00:00,204.0,2.42,250.75,4,Pre-monsoon
2024-04-19 17:00:00,127.0,1.95,197.75,4,Pre-monsoon
2024-04-19 18:00:00,124.0,0.72,141.5,4,Pre-monsoon
2024-04-19 19:00:00,175.0,2.42,223.75,4,Pre-monsoon
2024-04-19 20:00:00,348.0,4.35,145.0,4,Pre-monsoon
2024-04-19 21:00:00,416.0,4.47,93.75,4,Pre-monsoon
2024-04-19 22:00:00,384.0,2.78,75.25,4,Pre-monsoon
2024-04-19 23:00:00,395.0,3.58,91.0,4,Pre-monsoon
2024-04-20 00:00:00,398.0,2.5533333333333337,34.0,4,Pre-monsoon
2024-04-20 01:00:00,365.0,1.5266666666666668,64.75,4,Pre-monsoon
2024-04-20 02:00:00,327.0,0.5,108.25,4,Pre-monsoon
2024-04-20 03:00:00,213.0,0.92,190.5,4,Pre-monsoon
2024-04-20 04:00:00,305.0,0.6,229.0,4,Pre-monsoon
2024-04-20 05:00:00,246.0,1.15,204.75,4,Pre-monsoon
2024-04-20 06:00:00,316.0,2.12,188.25,4,Pre-monsoon
2024-04-20 07:00:00,433.0,2.62,171.75,4,Pre-monsoon
2024-04-20 08:00:00,197.0,2.22,155.75,4,Pre-monsoon
2024-04-20 09:00:00,172.0,3.05,146.5,4,Pre-monsoon
2024-04-20 10:00:00,156.0,2.48,173.5,4,Pre-monsoon
2024-04-20 11:00:00,182.0,2.25,144.75,4,Pre-monsoon
2024-04-20 12:00:00,191.0,2.85,132.75,4,Pre-monsoon
2024-04-20 13:00:00,232.0,2.33,148.0,4,Pre-monsoon
2024-04-20 14:00:00,232.0,1.25,146.25,4,Pre-monsoon
2024-04-20 15:00:00,163.0,1.35,128.25,4,Pre-monsoon
2024-04-20 16:00:00,172.0,1.3,148.75,4,Pre-monsoon
2024-04-20 17:00:00,184.0,1.7,132.25,4,Pre-monsoon
2024-04-20 18:00:00,233.0,2.72,184.0,4,Pre-monsoon
2024-04-20 19:00:00,211.0,3.48,91.5,4,Pre-monsoon
2024-04-20 20:00:00,256.0,0.1,34.25,4,Pre-monsoon
2024-04-20 21:00:00,238.0,1.4,64.67,4,Pre-monsoon
2024-04-20 22:00:00,249.0,1.1,54.25,4,Pre-monsoon
2024-04-20 23:00:00,233.0,0.8,124.0,4,Pre-monsoon
2024-04-21 00:00:00,199.0,1.55,144.75,4,Pre-monsoon
2024-04-21 01:00:00,185.0,1.75,154.75,4,Pre-monsoon
2024-04-21 02:00:00,190.0,1.75,175.5,4,Pre-monsoon
2024-04-21 03:00:00,157.0,1.58,149.5,4,Pre-monsoon
2024-04-21 04:00:00,167.0,1.6,158.0,4,Pre-monsoon
2024-04-21 05:00:00,147.0,1.75,201.75,4,Pre-monsoon
2024-04-21 06:00:00,145.0,1.9,177.0,4,Pre-monsoon
2024-04-21 07:00:00,278.0,0.88,139.75,4,Pre-monsoon
2024-04-21 08:00:00,255.0,2.88,126.0,4,Pre-monsoon
2024-04-21 09:00:00,199.0,1.7,168.75,4,Pre-monsoon
2024-04-21 10:00:00,169.0,1.68,142.5,4,Pre-monsoon
2024-04-21 11:00:00,121.0,2.88,138.0,4,Pre-monsoon
2024-04-21 12:00:00,149.0,3.32,133.5,4,Pre-monsoon
2024-04-21 13:00:00,202.0,2.35,127.5,4,Pre-monsoon
2024-04-21 14:00:00,134.0,2.1,119.25,4,Pre-monsoon
2024-04-21 15:00:00,130.0,1.45,131.75,4,Pre-monsoon
2024-04-21 16:00:00,102.0,1.23,141.25,4,Pre-monsoon
2024-04-21 17:00:00,92.0,1.35,133.25,4,Pre-monsoon
2024-04-21 18:00:00,213.0,3.02,179.5,4,Pre-monsoon
2024-04-21 19:00:00,161.0,3.72,92.25,4,Pre-monsoon
2024-04-21 20:00:00,239.0,1.3,106.5,4,Pre-monsoon
2024-04-21 21:00:00,234.0,0.2,93.0,4,Pre-monsoon
2024-04-21 22:00:00,229.0,0.1,87.5,4,Pre-monsoon
2024-04-21 23:00:00,173.0,0.5,90.0,4,Pre-monsoon
2024-04-22 00:00:00,182.0,1.3,86.75,4,Pre-monsoon
2024-04-22 01:00:00,224.0,1.4,102.5,4,Pre-monsoon
2024-04-22 02:00:00,219.0,2.62,151.0,4,Pre-monsoon
2024-04-22 03:00:00,162.0,1.67,177.25,4,Pre-monsoon
2024-04-22 04:00:00,55.0,2.62,171.25,4,Pre-monsoon
2024-04-22 05:00:00,23.0,1.65,169.75,4,Pre-monsoon
2024-04-22 06:00:00,36.25,1.52,191.25,4,Pre-monsoon
2024-04-22 07:00:00,25.0,1.23,204.75,4,Pre-monsoon
2024-04-22 08:00:00,51.0,1.3,157.25,4,Pre-monsoon
2024-04-22 09:00:00,86.0,1.48,151.75,4,Pre-monsoon
2024-04-22 10:00:00,97.5,1.42,166.75,4,Pre-monsoon
2024-04-22 11:00:00,72.0,2.28,147.75,4,Pre-monsoon
2024-04-22 12:00:00,61.0,2.82,147.0,4,Pre-monsoon
2024-04-22 13:00:00,45.0,2.3,152.75,4,Pre-monsoon
2024-04-22 14:00:00,42.0,1.55,144.0,4,Pre-monsoon
2024-04-22 15:00:00,190.0,1.4,145.75,4,Pre-monsoon
2024-04-22 16:00:00,57.0,1.23,165.75,4,Pre-monsoon
2024-04-22 17:00:00,59.0,0.9,141.0,4,Pre-monsoon
2024-04-22 18:00:00,62.0,2.35,181.0,4,Pre-monsoon
2024-04-22 19:00:00,122.0,3.02,88.5,4,Pre-monsoon
2024-04-22 20:00:00,167.0,2.4450000000000003,65.5,4,Pre-monsoon
2024-04-22 21:00:00,287.0,1.87,12.0,4,Pre-monsoon
2024-04-22 22:00:00,378.0,1.2950000000000002,53.25,4,Pre-monsoon
2024-04-22 23:00:00,384.0,0.72,191.75,4,Pre-monsoon
2024-04-23 00:00:00,400.0,1.08,154.0,4,Pre-monsoon
2024-04-23 01:00:00,405.0,1.25,145.25,4,Pre-monsoon
2024-04-23 02:00:00,228.0,0.82,229.5,4,Pre-monsoon
2024-04-23 03:00:00,199.0,0.52,310.25,4,Pre-monsoon
2024-04-23 04:00:00,283.0,0.65,185.25,4,Pre-monsoon
2024-04-23 05:00:00,274.0,1.45,245.0,4,Pre-monsoon
2024-04-23 06:00:00,324.0,1.23,213.5,4,Pre-monsoon
2024-04-23 07:00:00,374.0,0.57,111.5,4,Pre-monsoon
2024-04-23 08:00:00,403.0,2.48,163.0,4,Pre-monsoon
2024-04-23 09:00:00,334.0,1.55,165.5,4,Pre-monsoon
2024-04-23 10:00:00,265.0,1.9,157.5,4,Pre-monsoon
2024-04-23 11:00:00,296.0,2.45,149.0,4,Pre-monsoon
2024-04-23 12:00:00,228.0,2.3,147.0,4,Pre-monsoon
2024-04-23 13:00:00,184.0,2.5,168.25,4,Pre-monsoon
2024-04-23 14:00:00,191.0,2.8,180.25,4,Pre-monsoon
2024-04-23 15:00:00,460.0,1.88,193.5,4,Pre-monsoon
2024-04-23 16:00:00,296.0,2.4,177.25,4,Pre-monsoon
2024-04-23 17:00:00,234.0,3.22,145.75,4,Pre-monsoon
2024-04-23 18:00:00,686.0,3.1,161.0,4,Pre-monsoon
2024-04-23 19:00:00,88.0,1.45,285.5,4,Pre-monsoon
2024-04-23 20:00:00,91.0,1.48,289.75,4,Pre-monsoon
2024-04-23 21:00:00,151.0,1.0,282.0,4,Pre-monsoon
2024-04-23 22:00:00,215.0,0.57,213.75,4,Pre-monsoon
2024-04-23 23:00:00,219.0,1.02,229.0,4,Pre-monsoon
2024-04-24 00:00:00,232.0,0.5,215.0,4,Pre-monsoon
2024-04-24 01:00:00,205.0,0.52,148.25,4,Pre-monsoon
2024-04-24 02:00:00,202.0,0.42,146.5,4,Pre-monsoon
2024-04-24 03:00:00,306.0,0.42,148.75,4,Pre-monsoon
2024-04-24 04:00:00,416.0,0.48,154.75,4,Pre-monsoon
2024-04-24 05:00:00,548.0,0.4,130.5,4,Pre-monsoon
2024-04-24 06:00:00,644.0,1.0,163.25,4,Pre-monsoon
2024-04-24 07:00:00,635.0,0.45,182.5,4,Pre-monsoon
2024-04-24 08:00:00,437.0,2.0,190.75,4,Pre-monsoon
2024-04-24 09:00:00,266.0,1.68,200.0,4,Pre-monsoon
2024-04-24 10:00:00,156.0,1.23,186.75,4,Pre-monsoon
2024-04-24 11:00:00,147.0,2.28,155.0,4,Pre-monsoon
2024-04-24 12:00:00,124.0,3.0,124.5,4,Pre-monsoon
2024-04-24 13:00:00,143.0,2.12,121.25,4,Pre-monsoon
2024-04-24 14:00:00,74.0,1.8,129.5,4,Pre-monsoon
2024-04-24 15:00:00,86.0,1.6,136.75,4,Pre-monsoon
2024-04-24 16:00:00,88.0,1.42,138.0,4,Pre-monsoon
2024-04-24 17:00:00,105.0,1.45,137.75,4,Pre-monsoon
2024-04-24 18:00:00,121.0,1.78,156.5,4,Pre-monsoon
2024-04-24 19:00:00,202.0,3.88,142.5,4,Pre-monsoon
2024-04-24 20:00:00,195.0,1.92,99.5,4,Pre-monsoon
2024-04-24 21:00:00,251.0,0.7,68.5,4,Pre-monsoon
2024-04-24 22:00:00,251.0,0.6333333333333333,90.25,4,Pre-monsoon
2024-04-24 23:00:00,248.0,0.5666666666666667,112.0,4,Pre-monsoon
2024-04-25 00:00:00,201.0,0.5,156.5,4,Pre-monsoon
2024-04-25 01:00:00,245.0,0.5,122.75,4,Pre-monsoon
2024-04-25 02:00:00,273.0,1.25,205.25,4,Pre-monsoon
2024-04-25 03:00:00,346.0,0.68,186.5,4,Pre-monsoon
2024-04-25 04:00:00,372.0,0.5,175.5,4,Pre-monsoon
2024-04-25 05:00:00,483.0,0.55,138.25,4,Pre-monsoon
2024-04-25 06:00:00,548.0,2.05,168.0,4,Pre-monsoon
2024-04-25 07:00:00,681.0,0.68,126.75,4,Pre-monsoon
2024-04-25 08:00:00,680.0,2.1,164.75,4,Pre-monsoon
2024-04-25 09:00:00,458.0,1.72,143.0,4,Pre-monsoon
2024-04-25 10:00:00,237.0,3.2,133.5,4,Pre-monsoon
2024-04-25 11:00:00,147.0,2.17,137.0,4,Pre-monsoon
2024-04-25 12:00:00,127.0,2.0,131.0,4,Pre-monsoon
2024-04-25 13:00:00,144.0,2.05,132.25,4,Pre-monsoon
2024-04-25 14:00:00,135.0,2.45,131.75,4,Pre-monsoon
2024-04-25 15:00:00,180.0,2.22,132.25,4,Pre-monsoon
2024-04-25 16:00:00,114.0,4.3,113.5,4,Pre-monsoon
2024-04-25 17:00:00,133.0,1.98,141.5,4,Pre-monsoon
2024-04-25 18:00:00,132.0,0.85,138.5,4,Pre-monsoon
2024-04-25 19:00:00,146.0,3.1,188.5,4,Pre-monsoon
2024-04-25 20:00:00,316.0,2.68,97.0,4,Pre-monsoon
2024-04-25 21:00:00,378.0,2.03,102.75,4,Pre-monsoon
2024-04-25 22:00:00,464.0,1.5,95.5,4,Pre-monsoon
2024-04-25 23:00:00,239.0,2.95,68.0,4,Pre-monsoon
2024-04-26 00:00:00,262.0,2.0,80.0,4,Pre-monsoon
2024-04-26 01:00:00,215.0,0.6,101.67,4,Pre-monsoon
2024-04-26 02:00:00,215.0,0.55,226.0,4,Pre-monsoon
2024-04-26 03:00:00,241.0,0.42,210.75,4,Pre-monsoon
2024-04-26 04:00:00,234.0,0.4,167.0,4,Pre-monsoon
2024-04-26 05:00:00,188.0,0.7,193.75,4,Pre-monsoon
2024-04-26 06:00:00,259.0,0.8,199.75,4,Pre-monsoon
2024-04-26 07:00:00,338.0,2.8,98.25,4,Pre-monsoon
2024-04-26 08:00:00,370.0,1.23,201.75,4,Pre-monsoon
2024-04-26 09:00:00,272.0,1.72,240.0,4,Pre-monsoon
2024-04-26 10:00:00,244.0,2.3,177.0,4,Pre-monsoon
2024-04-26 11:00:00,152.0,1.42,192.25,4,Pre-monsoon
2024-04-26 12:00:00,130.0,1.62,203.25,4,Pre-monsoon
2024-04-26 13:00:00,117.0,1.6,203.5,4,Pre-monsoon
2024-04-26 14:00:00,86.0,1.7,214.0,4,Pre-monsoon
2024-04-26 15:00:00,86.75,2.08,175.25,4,Pre-monsoon
2024-04-26 16:00:00,76.25,0.95,237.25,4,Pre-monsoon
2024-04-26 17:00:00,116.5,1.02,261.25,4,Pre-monsoon
2024-04-26 18:00:00,214.0,1.15,133.25,4,Pre-monsoon
2024-04-26 19:00:00,115.75,2.4,126.0,4,Pre-monsoon
2024-04-26 20:00:00,119.75,3.25,289.25,4,Pre-monsoon
2024-04-26 21:00:00,182.0,1.17,268.25,4,Pre-monsoon
2024-04-26 22:00:00,117.75,0.75,205.67,4,Pre-monsoon
2024-04-26 23:00:00,143.0,0.8433333333333334,226.33666666666667,4,Pre-monsoon
2024-04-27 00:00:00,149.5,0.9366666666666666,247.00333333333333,4,Pre-monsoon
2024-04-27 01:00:00,150.75,1.03,267.67,4,Pre-monsoon
2024-04-27 02:00:00,147.5,1.2,277.75,4,Pre-monsoon
2024-04-27 03:00:00,137.25,0.98,262.5,4,Pre-monsoon
2024-04-27 04:00:00,134.75,0.85,262.75,4,Pre-monsoon
2024-04-27 05:00:00,160.25,0.62,238.5,4,Pre-monsoon
2024-04-27 06:00:00,163.75,0.75,149.5,4,Pre-monsoon
2024-04-27 07:00:00,108.25,1.4,74.5,4,Pre-monsoon
2024-04-27 08:00:00,159.75,2.95,110.75,4,Pre-monsoon
2024-04-27 09:00:00,248.0,1.32,184.75,4,Pre-monsoon
2024-04-27 10:00:00,276.25,1.4,185.5,4,Pre-monsoon
2024-04-27 11:00:00,279.5,2.42,134.5,4,Pre-monsoon
2024-04-27 12:00:00,242.5,1.75,137.25,4,Pre-monsoon
2024-04-27 13:00:00,215.75,1.27,132.0,4,Pre-monsoon
2024-04-27 14:00:00,226.0,1.52,141.0,4,Pre-monsoon
2024-04-27 15:00:00,278.25,1.62,138.0,4,Pre-monsoon
2024-04-27 16:00:00,301.25,1.35,143.75,4,Pre-monsoon
2024-04-27 17:00:00,272.0,1.2,138.75,4,Pre-monsoon
2024-04-27 18:00:00,254.5,1.38,157.75,4,Pre-monsoon
2024-04-27 19:00:00,254.0,3.9,173.25,4,Pre-monsoon
2024-04-27 20:00:00,258.0,3.82,85.25,4,Pre-monsoon
2024-04-27 21:00:00,306.5,3.25,118.0,4,Pre-monsoon
2024-04-27 22:00:00,326.25,1.68,160.25,4,Pre-monsoon
2024-04-27 23:00:00,207.0,1.3,139.5,4,Pre-monsoon
2024-04-28 00:00:00,156.0,1.2,171.75,4,Pre-monsoon
2024-04-28 01:00:00,112.25,1.25,203.25,4,Pre-monsoon
2024-04-28 02:00:00,119.25,0.9,279.25,4,Pre-monsoon
2024-04-28 03:00:00,135.5,0.9,271.75,4,Pre-monsoon
2024-04-28 04:00:00,145.25,1.6,229.5,4,Pre-monsoon
2024-04-28 05:00:00,119.0,0.85,180.0,4,Pre-monsoon
2024-04-28 06:00:00,207.25,1.25,202.5,4,Pre-monsoon
2024-04-28 07:00:00,433.5,0.65,178.5,4,Pre-monsoon
2024-04-28 08:00:00,365.5,1.45,220.5,4,Pre-monsoon
2024-04-28 09:00:00,243.0,1.35,241.75,4,Pre-monsoon
2024-04-28 10:00:00,168.5,0.78,218.0,4,Pre-monsoon
2024-04-28 11:00:00,142.25,1.5,165.5,4,Pre-monsoon
2024-04-28 12:00:00,134.5,2.35,185.75,4,Pre-monsoon
2024-04-28 13:00:00,128.75,1.83,139.25,4,Pre-monsoon
2024-04-28 14:00:00,161.0,1.52,161.0,4,Pre-monsoon
2024-04-28 15:00:00,158.25,1.15,137.5,4,Pre-monsoon
2024-04-28 16:00:00,147.0,0.98,155.75,4,Pre-monsoon
2024-04-28 17:00:00,138.0,1.02,152.25,4,Pre-monsoon
2024-04-28 18:00:00,167.5,1.2,156.25,4,Pre-monsoon
2024-04-28 19:00:00,277.75,1.85,204.75,4,Pre-monsoon
2024-04-28 20:00:00,375.25,1.27,249.75,4,Pre-monsoon
2024-04-28 21:00:00,484.5,0.85,207.25,4,Pre-monsoon
2024-04-28 22:00:00,503.5,0.5,162.75,4,Pre-monsoon
2024-04-28 23:00:00,429.0,0.43,179.25,4,Pre-monsoon
2024-04-29 00:00:00,398.25,0.4039999999999999,57.0,4,Pre-monsoon
2024-04-29 01:00:00,471.0,0.378,46.5,4,Pre-monsoon
2024-04-29 02:00:00,446.0,0.352,36.0,4,Pre-monsoon
2024-04-29 03:00:00,415.0,,164.5,4,Pre-monsoon
2024-04-29 04:00:00,366.25,0.3,127.25,4,Pre-monsoon
2024-04-29 05:00:00,320.0,0.98,167.5,4,Pre-monsoon
2024-04-29 06:00:00,343.25,0.9,150.75,4,Pre-monsoon
2024-04-29 07:00:00,342.5,1.57,140.0,4,Pre-monsoon
2024-04-29 08:00:00,376.25,2.68,153.25,4,Pre-monsoon
2024-04-29 09:00:00,303.25,2.78,171.25,4,Pre-monsoon
2024-04-29 10:00:00,292.25,2.3,173.5,4,Pre-monsoon
2024-04-29 11:00:00,229.0,3.0,161.0,4,Pre-monsoon
2024-04-29 12:00:00,164.75,2.05,154.5,4,Pre-monsoon
2024-04-29 13:00:00,153.25,1.25,191.75,4,Pre-monsoon
2024-04-29 14:00:00,207.25,2.28,177.0,4,Pre-monsoon
2024-04-29 15:00:00,334.25,3.68,163.25,4,Pre-monsoon
2024-04-29 16:00:00,466.5,3.7,167.0,4,Pre-monsoon
2024-04-29 17:00:00,320.75,3.58,176.25,4,Pre-monsoon
2024-04-29 18:00:00,238.75,3.25,176.75,4,Pre-monsoon
2024-04-29 19:00:00,254.5,4.82,103.5,4,Pre-monsoon
2024-04-29 20:00:00,294.5,1.43,107.0,4,Pre-monsoon
2024-04-29 21:00:00,248.75,1.6,135.5,4,Pre-monsoon
2024-04-29 22:00:00,196.75,0.42,122.25,4,Pre-monsoon
2024-04-29 23:00:00,192.5,1.52,152.5,4,Pre-monsoon
2024-04-30 00:00:00,180.75,1.55,171.0,4,Pre-monsoon
2024-04-30 01:00:00,196.5,0.78,133.0,4,Pre-monsoon
2024-04-30 02:00:00,245.0,1.38,205.75,4,Pre-monsoon
2024-04-30 03:00:00,210.0,1.78,189.5,4,Pre-monsoon
2024-04-30 04:00:00,211.25,0.7,115.25,4,Pre-monsoon
2024-04-30 05:00:00,274.0,0.68,102.5,4,Pre-monsoon
2024-04-30 06:00:00,342.25,1.02,108.5,4,Pre-monsoon
2024-04-30 07:00:00,371.25,2.45,158.0,4,Pre-monsoon
2024-04-30 08:00:00,213.0,1.2,137.5,4,Pre-monsoon
2024-04-30 09:00:00,197.0,4.12,115.0,4,Pre-monsoon
2024-04-30 10:00:00,228.5,2.85,180.0,4,Pre-monsoon
2024-04-30 11:00:00,226.0,2.05,176.0,4,Pre-monsoon
2024-04-30 12:00:00,220.25,2.05,150.25,4,Pre-monsoon
2024-04-30 13:00:00,183.5,2.98,139.25,4,Pre-monsoon
2024-04-30 14:00:00,182.0,2.55,126.5,4,Pre-monsoon
2024-04-30 15:00:00,186.0,2.1,130.0,4,Pre-monsoon
2024-04-30 16:00:00,168.5,1.18,142.5,4,Pre-monsoon
2024-04-30 17:00:00,167.75,1.25,137.0,4,Pre-monsoon
2024-04-30 18:00:00,218.5,2.98,156.5,4,Pre-monsoon
2024-04-30 19:00:00,326.5,1.4,85.0,4,Pre-monsoon
2024-04-30 20:00:00,390.0,0.75,139.16500000000002,4,Pre-monsoon
2024-04-30 21:00:00,461.0,0.1,193.33,4,Pre-monsoon
2024-04-30 22:00:00,544.25,0.4,127.25,4,Pre-monsoon
2024-04-30 23:00:00,533.0,0.37,171.67,4,Pre-monsoon
2024-05-01 00:00:00,412.0,0.42,283.75,5,Pre-monsoon
2024-05-01 01:00:00,464.0,1.25,191.5,5,Pre-monsoon
2024-05-01 02:00:00,424.0,2.42,182.25,5,Pre-monsoon
2024-05-01 03:00:00,339.75,2.22,150.5,5,Pre-monsoon
2024-05-01 04:00:00,293.25,1.18,131.5,5,Pre-monsoon
2024-05-01 05:00:00,237.25,0.7,125.75,5,Pre-monsoon
2024-05-01 06:00:00,245.0,0.6,103.25,5,Pre-monsoon
2024-05-01 07:00:00,275.75,3.0,127.75,5,Pre-monsoon
2024-05-01 08:00:00,288.5,2.08,145.0,5,Pre-monsoon
2024-05-01 09:00:00,241.75,2.38,128.75,5,Pre-monsoon
2024-05-01 10:00:00,254.0,3.3,160.0,5,Pre-monsoon
2024-05-01 11:00:00,252.75,2.97,190.75,5,Pre-monsoon
2024-05-01 12:00:00,225.5,2.52,185.5,5,Pre-monsoon
2024-05-01 13:00:00,278.25,2.55,189.25,5,Pre-monsoon
2024-05-01 14:00:00,328.0,2.5,186.5,5,Pre-monsoon
2024-05-01 15:00:00,325.5,2.88,186.5,5,Pre-monsoon
2024-05-01 16:00:00,266.0,2.68,201.25,5,Pre-monsoon
2024-05-01 17:00:00,218.75,2.82,136.25,5,Pre-monsoon
2024-05-01 18:00:00,221.0,1.63,93.75,5,Pre-monsoon
2024-05-01 19:00:00,232.0,1.1,91.5,5,Pre-monsoon
2024-05-01 20:00:00,273.25,1.23,164.25,5,Pre-monsoon
2024-05-01 21:00:00,298.5,1.08,155.5,5,Pre-monsoon
2024-05-01 22:00:00,312.25,1.2,196.0,5,Pre-monsoon
2024-05-01 23:00:00,348.25,1.95,211.75,5,Pre-monsoon
2024-05-02 00:00:00,338.75,1.4,155.5,5,Pre-monsoon
2024-05-02 01:00:00,322.0,0.57,110.0,5,Pre-monsoon
2024-05-02 02:00:00,338.5,0.6,110.5,5,Pre-monsoon
2024-05-02 03:00:00,347.25,0.62,125.75,5,Pre-monsoon
2024-05-02 04:00:00,371.25,0.43,137.75,5,Pre-monsoon
2024-05-02 05:00:00,409.25,0.45,137.75,5,Pre-monsoon
2024-05-02 06:00:00,432.5,0.47,107.25,5,Pre-monsoon
2024-05-02 07:00:00,449.0,1.88,139.0,5,Pre-monsoon
2024-05-02 08:00:00,363.75,1.48,134.75,5,Pre-monsoon
2024-05-02 09:00:00,229.5,3.78,122.0,5,Pre-monsoon
2024-05-02 10:00:00,183.75,3.0,152.5,5,Pre-monsoon
2024-05-02 11:00:00,173.5,2.65,168.5,5,Pre-monsoon
2024-05-02 12:00:00,189.5,2.4,150.0,5,Pre-monsoon
2024-05-02 13:00:00,188.25,2.78,141.5,5,Pre-monsoon
2024-05-02 14:00:00,187.25,2.58,144.75,5,Pre-monsoon
2024-05-02 15:00:00,187.75,2.52,149.5,5,Pre-monsoon
2024-05-02 16:00:00,207.0,2.35,144.25,5,Pre-monsoon
2024-05-02 17:00:00,212.5,2.35,148.75,5,Pre-monsoon
2024-05-02 18:00:00,217.0,3.32,188.0,5,Pre-monsoon
2024-05-02 19:00:00,248.75,3.2,107.25,5,Pre-monsoon
2024-05-02 20:00:00,305.75,1.85,46.33,5,Pre-monsoon
2024-05-02 21:00:00,401.0,0.5,183.25,5,Pre-monsoon
2024-05-02 22:00:00,616.75,0.3,126.5,5,Pre-monsoon
2024-05-02 23:00:00,783.25,0.38,139.5,5,Pre-monsoon
2024-05-03 00:00:00,623.5,0.65,148.5,5,Pre-monsoon
2024-05-03 01:00:00,559.25,0.98,177.25,5,Pre-monsoon
2024-05-03 02:00:00,494.75,0.48,153.0,5,Pre-monsoon
2024-05-03 03:00:00,508.5,0.5,140.0,5,Pre-monsoon
2024-05-03 04:00:00,506.25,0.43,134.5,5,Pre-monsoon
2024-05-03 05:00:00,554.5,0.38,143.25,5,Pre-monsoon
2024-05-03 06:00:00,551.0,1.25,156.75,5,Pre-monsoon
2024-05-03 07:00:00,558.75,0.78,148.75,5,Pre-monsoon
2024-05-03 08:00:00,480.75,2.12,156.5,5,Pre-monsoon
2024-05-03 09:00:00,337.25,1.38,170.25,5,Pre-monsoon
2024-05-03 10:00:00,236.0,2.4,139.0,5,Pre-monsoon
2024-05-03 11:00:00,194.25,2.08,128.0,5,Pre-monsoon
2024-05-03 12:00:00,231.75,2.6,127.5,5,Pre-monsoon
2024-05-03 13:00:00,315.0,2.87,133.33,5,Pre-monsoon
2024-05-03 14:00:00,260.0,2.17,133.5,5,Pre-monsoon
2024-05-03 15:00:00,217.0,2.38,141.75,5,Pre-monsoon
2024-05-03 16:00:00,248.0,1.65,145.25,5,Pre-monsoon
2024-05-03 17:00:00,204.0,1.27,137.25,5,Pre-monsoon
2024-05-03 18:00:00,223.0,2.12,194.0,5,Pre-monsoon
2024-05-03 19:00:00,332.0,4.7,156.25,5,Pre-monsoon
2024-05-03 20:00:00,365.0,3.5,84.5,5,Pre-monsoon
2024-05-03 21:00:00,400.0,1.48,107.25,5,Pre-monsoon
2024-05-03 22:00:00,398.0,1.344,43.0,5,Pre-monsoon
2024-05-03 23:00:00,453.0,1.208,92.0,5,Pre-monsoon
2024-05-04 00:00:00,533.0,1.072,71.5,5,Pre-monsoon
2024-05-04 01:00:00,359.0,,85.0,5,Pre-monsoon
2024-05-04 02:00:00,296.0,0.8,85.0,5,Pre-monsoon
2024-05-04 03:00:00,284.0,1.42,196.5,5,Pre-monsoon
2024-05-04 04:00:00,472.0,0.35,163.0,5,Pre-monsoon
2024-05-04 05:00:00,602.0,1.02,168.25,5,Pre-monsoon
2024-05-04 06:00:00,570.0,1.25,212.75,5,Pre-monsoon
2024-05-04 07:00:00,539.0,0.25,115.75,5,Pre-monsoon
2024-05-04 08:00:00,552.0,1.8,105.5,5,Pre-monsoon
2024-05-04 09:00:00,433.0,2.52,127.0,5,Pre-monsoon
2024-05-04 10:00:00,356.0,1.72,145.0,5,Pre-monsoon
2024-05-04 11:00:00,272.0,1.48,132.25,5,Pre-monsoon
2024-05-04 12:00:00,221.0,1.38,146.0,5,Pre-monsoon
2024-05-04 13:00:00,193.0,1.48,159.5,5,Pre-monsoon
2024-05-04 14:00:00,151.0,1.38,160.0,5,Pre-monsoon
2024-05-04 15:00:00,163.0,1.58,179.25,5,Pre-monsoon
2024-05-04 16:00:00,162.0,2.33,117.25,5,Pre-monsoon
2024-05-04 17:00:00,190.0,1.68,138.75,5,Pre-monsoon
2024-05-04 18:00:00,167.0,0.52,173.5,5,Pre-monsoon
2024-05-04 19:00:00,232.0,1.4,187.5,5,Pre-monsoon
2024-05-04 20:00:00,334.0,1.6,140.25,5,Pre-monsoon
2024-05-04 21:00:00,404.0,1.7,148.0,5,Pre-monsoon
2024-05-04 22:00:00,444.0,1.12,112.0,5,Pre-monsoon
2024-05-04 23:00:00,926.0,1.07,57.25,5,Pre-monsoon
2024-05-05 00:00:00,544.0,0.9133333333333332,47.0,5,Pre-monsoon
2024-05-05 01:00:00,433.0,0.7566666666666666,142.5,5,Pre-monsoon
2024-05-05 02:00:00,515.0,0.6,238.0,5,Pre-monsoon
2024-05-05 03:00:00,608.0,0.67,165.25,5,Pre-monsoon
2024-05-05 04:00:00,729.0,0.6,156.5,5,Pre-monsoon
2024-05-05 05:00:00,670.0,0.48,137.5,5,Pre-monsoon
2024-05-05 06:00:00,671.0,0.9,139.5,5,Pre-monsoon
2024-05-05 07:00:00,752.0,1.5,113.0,5,Pre-monsoon
2024-05-05 08:00:00,779.0,0.9,139.0,5,Pre-monsoon
2024-05-05 09:00:00,434.0,2.02,138.25,5,Pre-monsoon
2024-05-05 10:00:00,267.0,1.42,149.0,5,Pre-monsoon
2024-05-05 11:00:00,282.0,1.5,148.75,5,Pre-monsoon
2024-05-05 12:00:00,246.0,2.15,163.25,5,Pre-monsoon
2024-05-05 13:00:00,219.0,2.28,175.5,5,Pre-monsoon
2024-05-05 14:00:00,188.0,2.2,181.5,5,Pre-monsoon
2024-05-05 15:00:00,186.0,2.22,180.5,5,Pre-monsoon
2024-05-05 16:00:00,229.0,2.12,139.5,5,Pre-monsoon
2024-05-05 17:00:00,183.0,3.02,116.75,5,Pre-monsoon
2024-05-05 18:00:00,207.0,1.2,155.5,5,Pre-monsoon
2024-05-05 19:00:00,310.0,0.98,145.75,5,Pre-monsoon
2024-05-05 20:00:00,313.0,1.88,170.25,5,Pre-monsoon
2024-05-05 21:00:00,388.0,2.33,181.75,5,Pre-monsoon
2024-05-05 22:00:00,445.0,2.8,182.25,5,Pre-monsoon
2024-05-05 23:00:00,484.0,3.72,153.75,5,Pre-monsoon
2024-05-06 00:00:00,399.0,5.12,131.75,5,Pre-monsoon
2024-05-06 01:00:00,350.0,3.47,67.0,5,Pre-monsoon
2024-05-06 02:00:00,298.0,0.7,215.5,5,Pre-monsoon
2024-05-06 03:00:00,283.0,0.5,212.25,5,Pre-monsoon
2024-05-06 04:00:00,445.0,0.52,159.25,5,Pre-monsoon
2024-05-06 05:00:00,445.0,0.35,162.25,5,Pre-monsoon
2024-05-06 06:00:00,467.0,0.7,171.25,5,Pre-monsoon
2024-05-06 07:00:00,605.0,1.5,111.5,5,Pre-monsoon
2024-05-06 08:00:00,431.0,0.85,182.25,5,Pre-monsoon
2024-05-06 09:00:00,357.0,1.95,153.5,5,Pre-monsoon
2024-05-06 10:00:00,257.0,1.32,150.25,5,Pre-monsoon
2024-05-06 11:00:00,218.0,1.5,139.5,5,Pre-monsoon
2024-05-06 12:00:00,195.0,2.33,148.0,5,Pre-monsoon
2024-05-06 13:00:00,269.0,1.98,153.0,5,Pre-monsoon
2024-05-06 14:00:00,234.0,2.17,156.0,5,Pre-monsoon
2024-05-06 15:00:00,207.0,2.08,152.25,5,Pre-monsoon
2024-05-06 16:00:00,212.0,3.15,113.0,5,Pre-monsoon
2024-05-06 17:00:00,197.0,3.72,112.5,5,Pre-monsoon
2024-05-06 18:00:00,221.0,0.98,170.75,5,Pre-monsoon
2024-05-06 19:00:00,342.0,0.55,175.0,5,Pre-monsoon
2024-05-06 20:00:00,405.0,0.78,164.5,5,Pre-monsoon
2024-05-06 21:00:00,434.0,3.85,148.0,5,Pre-monsoon
2024-05-06 22:00:00,473.0,3.5,98.0,5,Pre-monsoon
2024-05-06 23:00:00,576.0,1.83,134.25,5,Pre-monsoon
2024-05-07 00:00:00,498.0,1.8,159.25,5,Pre-monsoon
2024-05-07 01:00:00,321.0,2.58,119.5,5,Pre-monsoon
2024-05-07 02:00:00,316.0,0.57,176.5,5,Pre-monsoon
2024-05-07 03:00:00,422.0,0.5275,78.0,5,Pre-monsoon
2024-05-07 04:00:00,366.0,0.485,9.0,5,Pre-monsoon
2024-05-07 05:00:00,350.0,0.4425,3.0,5,Pre-monsoon
2024-05-07 06:00:00,395.0,0.4,134.0,5,Pre-monsoon
2024-05-07 07:00:00,476.0,1.63,142.25,5,Pre-monsoon
2024-05-07 08:00:00,509.0,0.85,182.25,5,Pre-monsoon
2024-05-07 09:00:00,663.0,1.1,194.25,5,Pre-monsoon
2024-05-07 10:00:00,711.0,1.32,255.25,5,Pre-monsoon
2024-05-07 11:00:00,289.0,1.38,267.5,5,Pre-monsoon
2024-05-07 12:00:00,266.0,1.52,245.5,5,Pre-monsoon
2024-05-07 13:00:00,272.0,1.67,251.75,5,Pre-monsoon
2024-05-07 14:00:00,327.0,1.82,225.5,5,Pre-monsoon
2024-05-07 15:00:00,354.0,1.82,207.0,5,Pre-monsoon
2024-05-07 16:00:00,294.0,2.12,208.5,5,Pre-monsoon
2024-05-07 17:00:00,262.0,1.68,232.5,5,Pre-monsoon
2024-05-07 18:00:00,269.0,1.12,229.0,5,Pre-monsoon
2024-05-07 19:00:00,383.0,0.95,232.75,5,Pre-monsoon
2024-05-07 20:00:00,480.0,0.8,223.5,5,Pre-monsoon
2024-05-07 21:00:00,499.0,0.62,216.0,5,Pre-monsoon
2024-05-07 22:00:00,460.0,0.62,269.5,5,Pre-monsoon
2024-05-07 23:00:00,471.0,0.57,246.25,5,Pre-monsoon
2024-05-08 00:00:00,456.0,0.68,250.25,5,Pre-monsoon
2024-05-08 01:00:00,339.0,0.88,250.5,5,Pre-monsoon
2024-05-08 02:00:00,364.0,1.27,311.0,5,Pre-monsoon
2024-05-08 03:00:00,278.0,1.58,296.25,5,Pre-monsoon
2024-05-08 04:00:00,249.0,1.85,271.75,5,Pre-monsoon
2024-05-08 05:00:00,298.0,0.25,223.0,5,Pre-monsoon
2024-05-08 06:00:00,227.0,1.5,237.75,5,Pre-monsoon
2024-05-08 07:00:00,244.0,1.98,264.75,5,Pre-monsoon
2024-05-08 08:00:00,250.0,2.42,273.5,5,Pre-monsoon
2024-05-08 09:00:00,348.0,2.35,241.5,5,Pre-monsoon
2024-05-08 10:00:00,349.0,2.45,245.75,5,Pre-monsoon
2024-05-08 11:00:00,344.0,2.33,254.5,5,Pre-monsoon
2024-05-08 12:00:00,332.0,2.45,261.75,5,Pre-monsoon
2024-05-08 13:00:00,349.0,2.3,265.25,5,Pre-monsoon
2024-05-08 14:00:00,318.0,2.2,268.75,5,Pre-monsoon
2024-05-08 15:00:00,290.0,1.82,272.75,5,Pre-monsoon
2024-05-08 16:00:00,257.0,1.7,276.75,5,Pre-monsoon
2024-05-08 17:00:00,279.0,1.6,278.0,5,Pre-monsoon
2024-05-08 18:00:00,299.0,1.4,285.25,5,Pre-monsoon
2024-05-08 19:00:00,302.0,1.27,288.25,5,Pre-monsoon
2024-05-08 20:00:00,370.0,1.7,279.75,5,Pre-monsoon
2024-05-08 21:00:00,357.0,2.38,203.25,5,Pre-monsoon
2024-05-08 22:00:00,301.0,2.52,274.0,5,Pre-monsoon
2024-05-08 23:00:00,299.0,2.22,300.0,5,Pre-monsoon
2024-05-09 00:00:00,243.0,2.17,286.5,5,Pre-monsoon
2024-05-09 01:00:00,233.0,1.08,269.5,5,Pre-monsoon
2024-05-09 02:00:00,195.0,1.2,250.25,5,Pre-monsoon
2024-05-09 03:00:00,184.0,1.27,237.75,5,Pre-monsoon
2024-05-09 04:00:00,163.0,0.7,201.0,5,Pre-monsoon
2024-05-09 05:00:00,152.0,2.05,270.25,5,Pre-monsoon
2024-05-09 06:00:00,146.0,1.88,254.0,5,Pre-monsoon
2024-05-09 07:00:00,167.0,2.17,264.75,5,Pre-monsoon
2024-05-09 08:00:00,146.0,2.72,280.75,5,Pre-monsoon
2024-05-09 09:00:00,215.0,2.55,278.75,5,Pre-monsoon
2024-05-09 10:00:00,208.0,2.33,275.75,5,Pre-monsoon
2024-05-09 11:00:00,222.0,2.4,279.75,5,Pre-monsoon
2024-05-09 12:00:00,211.0,2.48,286.5,5,Pre-monsoon
2024-05-09 13:00:00,211.0,2.12,258.25,5,Pre-monsoon
2024-05-09 14:00:00,205.0,1.85,245.5,5,Pre-monsoon
2024-05-09 15:00:00,205.0,1.72,274.75,5,Pre-monsoon
2024-05-09 16:00:00,206.0,1.55,274.5,5,Pre-monsoon
2024-05-09 17:00:00,210.0,1.32,275.75,5,Pre-monsoon
2024-05-09 18:00:00,212.0,1.42,240.0,5,Pre-monsoon
2024-05-09 19:00:00,320.0,1.52,233.75,5,Pre-monsoon
2024-05-09 20:00:00,377.0,2.08,198.0,5,Pre-monsoon
2024-05-09 21:00:00,350.0,1.3,254.25,5,Pre-monsoon
2024-05-09 22:00:00,320.0,1.18,249.5,5,Pre-monsoon
2024-05-09 23:00:00,274.0,0.85,242.75,5,Pre-monsoon
2024-05-10 00:00:00,241.0,0.65,221.75,5,Pre-monsoon
2024-05-10 01:00:00,235.0,0.55,161.5,5,Pre-monsoon
2024-05-10 02:00:00,216.0,0.4,181.0,5,Pre-monsoon
2024-05-10 03:00:00,166.0,0.55,256.25,5,Pre-monsoon
2024-05-10 04:00:00,147.0,0.8,129.5,5,Pre-monsoon
2024-05-10 05:00:00,147.0,1.05,151.75,5,Pre-monsoon
2024-05-10 06:00:00,174.0,1.3,275.75,5,Pre-monsoon
2024-05-10 07:00:00,189.0,1.9,279.25,5,Pre-monsoon
2024-05-10 08:00:00,184.0,2.55,296.5,5,Pre-monsoon
2024-05-10 09:00:00,193.0,2.42,283.0,5,Pre-monsoon
2024-05-10 10:00:00,222.0,2.45,280.25,5,Pre-monsoon
2024-05-10 11:00:00,241.0,2.38,283.25,5,Pre-monsoon
2024-05-10 12:00:00,224.0,2.25,266.0,5,Pre-monsoon
2024-05-10 13:00:00,216.0,1.83,253.25,5,Pre-monsoon
2024-05-10 14:00:00,197.0,1.65,251.25,5,Pre-monsoon
2024-05-10 15:00:00,206.0,1.85,244.25,5,Pre-monsoon
2024-05-10 16:00:00,238.0,1.55,256.75,5,Pre-monsoon
2024-05-10 17:00:00,233.0,1.72,275.0,5,Pre-monsoon
2024-05-10 18:00:00,243.0,1.3,276.5,5,Pre-monsoon
2024-05-10 19:00:00,265.0,1.05,281.25,5,Pre-monsoon
2024-05-10 20:00:00,313.0,1.02,203.0,5,Pre-monsoon
2024-05-10 21:00:00,550.0,3.55,161.0,5,Pre-monsoon
2024-05-10 22:00:00,695.0,5.7,146.25,5,Pre-monsoon
2024-05-10 23:00:00,840.0,3.88,132.5,5,Pre-monsoon
2024-05-11 00:00:00,83.0,2.57,138.0,5,Pre-monsoon
2024-05-11 01:00:00,40.0,1.55,192.0,5,Pre-monsoon
2024-05-11 02:00:00,24.0,3.35,161.0,5,Pre-monsoon
2024-05-11 03:00:00,150.0,4.03,153.5,5,Pre-monsoon
2024-05-11 04:00:00,284.33333333333337,2.9,177.0,5,Pre-monsoon
2024-05-11 05:00:00,418.6666666666667,0.87,198.0,5,Pre-monsoon
2024-05-11 06:00:00,553.0,0.6,135.5,5,Pre-monsoon
2024-05-11 07:00:00,553.25,1.08,171.75,5,Pre-monsoon
2024-05-11 08:00:00,518.5,2.65,140.75,5,Pre-monsoon
2024-05-11 09:00:00,396.0,1.5,255.0,5,Pre-monsoon
2024-05-11 10:00:00,348.0,1.23,209.33,5,Pre-monsoon
2024-05-11 11:00:00,291.0,2.33,197.0,5,Pre-monsoon
2024-05-11 12:00:00,267.0,2.3,212.0,5,Pre-monsoon
2024-05-11 13:00:00,256.0,2.3,182.25,5,Pre-monsoon
2024-05-11 14:00:00,237.0,1.98,170.75,5,Pre-monsoon
2024-05-11 15:00:00,175.0,1.62,187.5,5,Pre-monsoon
2024-05-11 16:00:00,180.0,1.9,190.0,5,Pre-monsoon
2024-05-11 17:00:00,156.0,1.72,187.25,5,Pre-monsoon
2024-05-11 18:00:00,155.0,1.68,176.5,5,Pre-monsoon
2024-05-11 19:00:00,182.0,1.45,160.5,5,Pre-monsoon
2024-05-11 20:00:00,191.0,2.1,180.75,5,Pre-monsoon
2024-05-11 21:00:00,182.0,2.9,194.75,5,Pre-monsoon
2024-05-11 22:00:00,171.0,0.7,76.25,5,Pre-monsoon
2024-05-11 23:00:00,210.0,0.1,99.5,5,Pre-monsoon
2024-05-12 00:00:00,183.0,0.2,149.25,5,Pre-monsoon
2024-05-12 01:00:00,144.0,0.2875,86.67,5,Pre-monsoon
2024-05-12 02:00:00,123.0,0.375,7.0,5,Pre-monsoon
2024-05-12 03:00:00,274.0,0.4625,60.5,5,Pre-monsoon
2024-05-12 04:00:00,421.0,0.55,149.75,5,Pre-monsoon
2024-05-12 05:00:00,583.0,0.7433333333333333,65.75,5,Pre-monsoon
2024-05-12 06:00:00,475.0,0.9366666666666664,38.5,5,Pre-monsoon
2024-05-12 07:00:00,367.0,1.13,105.0,5,Pre-monsoon
2024-05-12 08:00:00,273.0,1.7,154.0,5,Pre-monsoon
2024-05-12 09:00:00,215.0,1.3,144.0,5,Pre-monsoon
2024-05-12 10:00:00,219.0,2.75,153.75,5,Pre-monsoon
2024-05-12 11:00:00,195.0,1.8,168.25,5,Pre-monsoon
2024-05-12 12:00:00,193.0,1.58,171.0,5,Pre-monsoon
2024-05-12 13:00:00,145.0,1.52,182.0,5,Pre-monsoon
2024-05-12 14:00:00,158.0,1.52,170.5,5,Pre-monsoon
2024-05-12 15:00:00,163.0,1.75,183.75,5,Pre-monsoon
2024-05-12 16:00:00,169.0,1.72,176.25,5,Pre-monsoon
2024-05-12 17:00:00,140.0,1.65,179.0,5,Pre-monsoon
2024-05-12 18:00:00,183.0,1.85,174.25,5,Pre-monsoon
2024-05-12 19:00:00,239.0,1.15,182.5,5,Pre-monsoon
2024-05-12 20:00:00,279.0,0.68,171.75,5,Pre-monsoon
2024-05-12 21:00:00,273.0,0.52,187.75,5,Pre-monsoon
2024-05-12 22:00:00,307.0,1.08,274.25,5,Pre-monsoon
2024-05-12 23:00:00,426.0,1.45,212.5,5,Pre-monsoon
2024-05-13 00:00:00,273.0,2.2,198.75,5,Pre-monsoon
2024-05-13 01:00:00,295.0,2.52,163.0,5,Pre-monsoon
2024-05-13 02:00:00,252.0,2.05,130.0,5,Pre-monsoon
2024-05-13 03:00:00,204.0,0.7,272.75,5,Pre-monsoon
2024-05-13 04:00:00,259.0,1.27,69.5,5,Pre-monsoon
2024-05-13 05:00:00,300.0,1.84,46.5,5,Pre-monsoon
2024-05-13 06:00:00,290.0,2.41,71.0,5,Pre-monsoon
2024-05-13 07:00:00,376.0,2.98,130.25,5,Pre-monsoon
2024-05-13 08:00:00,392.0,1.5,166.75,5,Pre-monsoon
2024-05-13 09:00:00,279.0,1.95,155.0,5,Pre-monsoon
2024-05-13 10:00:00,217.0,1.95,182.25,5,Pre-monsoon
2024-05-13 11:00:00,162.0,1.2,182.0,5,Pre-monsoon
2024-05-13 12:00:00,136.0,1.45,166.5,5,Pre-monsoon
2024-05-13 13:00:00,144.0,1.8,178.5,5,Pre-monsoon
2024-05-13 14:00:00,152.0,2.38,180.0,5,Pre-monsoon
2024-05-13 15:00:00,162.0,2.83,170.67,5,Pre-monsoon
2024-05-13 16:00:00,159.0,2.75,155.0,5,Pre-monsoon
2024-05-13 17:00:00,188.0,4.38,118.75,5,Pre-monsoon
2024-05-13 18:00:00,177.0,2.25,171.0,5,Pre-monsoon
2024-05-13 19:00:00,230.0,1.12,168.75,5,Pre-monsoon
2024-05-13 20:00:00,305.0,2.12,184.5,5,Pre-monsoon
2024-05-13 21:00:00,301.0,2.55,99.75,5,Pre-monsoon
2024-05-13 22:00:00,333.0,0.27,88.5,5,Pre-monsoon
2024-05-13 23:00:00,348.0,2.85,98.75,5,Pre-monsoon
2024-05-14 00:00:00,492.0,3.6,80.0,5,Pre-monsoon
2024-05-14 01:00:00,410.0,2.5733333333333333,9.67,5,Pre-monsoon
2024-05-14 02:00:00,334.0,1.5466666666666669,86.67,5,Pre-monsoon
2024-05-14 03:00:00,317.0,0.52,160.5,5,Pre-monsoon
2024-05-14 04:00:00,533.0,0.57,149.75,5,Pre-monsoon
2024-05-14 05:00:00,456.0,0.6,167.0,5,Pre-monsoon
2024-05-14 06:00:00,488.0,0.57,186.75,5,Pre-monsoon
2024-05-14 07:00:00,521.0,1.0,131.0,5,Pre-monsoon
2024-05-14 08:00:00,451.0,1.0,173.5,5,Pre-monsoon
2024-05-14 09:00:00,353.0,1.3,180.0,5,Pre-monsoon
2024-05-14 10:00:00,282.0,1.42,198.75,5,Pre-monsoon
2024-05-14 11:00:00,182.0,1.22,178.0,5,Pre-monsoon
2024-05-14 12:00:00,173.0,1.7,168.25,5,Pre-monsoon
2024-05-14 13:00:00,204.0,2.15,165.5,5,Pre-monsoon
2024-05-14 14:00:00,217.0,2.62,198.25,5,Pre-monsoon
2024-05-14 15:00:00,179.0,2.2,216.75,5,Pre-monsoon
2024-05-14 16:00:00,136.0,1.8,167.5,5,Pre-monsoon
2024-05-14 17:00:00,151.0,4.58,102.75,5,Pre-monsoon
2024-05-14 18:00:00,206.0,2.4,139.75,5,Pre-monsoon
2024-05-14 19:00:00,246.0,0.98,145.75,5,Pre-monsoon
2024-05-14 20:00:00,309.0,3.4,215.25,5,Pre-monsoon
2024-05-14 21:00:00,407.0,3.78,151.25,5,Pre-monsoon
2024-05-14 22:00:00,438.0,1.82,115.5,5,Pre-monsoon
2024-05-14 23:00:00,395.0,0.4,99.33,5,Pre-monsoon
2024-05-15 00:00:00,431.0,0.4666666666666667,120.05333333333331,5,Pre-monsoon
2024-05-15 01:00:00,471.0,0.5333333333333333,140.77666666666667,5,Pre-monsoon
2024-05-15 02:00:00,575.0,0.6,161.5,5,Pre-monsoon
2024-05-15 03:00:00,470.0,0.53,230.75,5,Pre-monsoon
2024-05-15 04:00:00,431.0,0.7,201.25,5,Pre-monsoon
2024-05-15 05:00:00,467.0,0.3,137.75,5,Pre-monsoon
2024-05-15 06:00:00,414.0,0.57,175.0,5,Pre-monsoon
2024-05-15 07:00:00,475.0,2.65,103.75,5,Pre-monsoon
2024-05-15 08:00:00,555.0,0.65,183.5,5,Pre-monsoon
2024-05-15 09:00:00,418.0,1.35,173.75,5,Pre-monsoon
2024-05-15 10:00:00,281.0,1.2,204.25,5,Pre-monsoon
2024-05-15 11:00:00,144.0,1.23,252.25,5,Pre-monsoon
2024-05-15 12:00:00,163.0,1.65,221.25,5,Pre-monsoon
2024-05-15 13:00:00,145.0,2.05,198.75,5,Pre-monsoon
2024-05-15 14:00:00,158.0,2.7,183.0,5,Pre-monsoon
2024-05-15 15:00:00,189.0,2.5,181.75,5,Pre-monsoon
2024-05-15 16:00:00,155.0,2.58,173.75,5,Pre-monsoon
2024-05-15 17:00:00,180.0,1.75,184.5,5,Pre-monsoon
2024-05-15 18:00:00,216.0,0.9,238.75,5,Pre-monsoon
2024-05-15 19:00:00,307.0,0.52,251.75,5,Pre-monsoon
2024-05-15 20:00:00,410.0,0.6,242.0,5,Pre-monsoon
2024-05-15 21:00:00,558.0,0.82,252.0,5,Pre-monsoon
2024-05-15 22:00:00,626.0,0.9,178.5,5,Pre-monsoon
2024-05-15 23:00:00,609.0,0.6,192.5,5,Pre-monsoon
2024-05-16 00:00:00,606.0,0.68,215.75,5,Pre-monsoon
2024-05-16 01:00:00,458.0,0.5,261.0,5,Pre-monsoon
2024-05-16 02:00:00,351.0,0.48,167.5,5,Pre-monsoon
2024-05-16 03:00:00,255.0,0.46,120.25,5,Pre-monsoon
2024-05-16 04:00:00,212.0,0.44,139.0,5,Pre-monsoon
2024-05-16 05:00:00,193.0,,183.0,5,Pre-monsoon
2024-05-16 06:00:00,174.0,0.4,253.0,5,Pre-monsoon
2024-05-16 07:00:00,272.0,1.23,218.5,5,Pre-monsoon
2024-05-16 08:00:00,403.0,1.42,231.0,5,Pre-monsoon
2024-05-16 09:00:00,450.0,1.68,218.5,5,Pre-monsoon
2024-05-16 10:00:00,440.0,1.75,209.25,5,Pre-monsoon
2024-05-16 11:00:00,381.0,1.4,224.25,5,Pre-monsoon
2024-05-16 12:00:00,298.0,1.52,236.0,5,Pre-monsoon
2024-05-16 13:00:00,251.0,1.92,193.0,5,Pre-monsoon
2024-05-16 14:00:00,223.0,1.35,209.5,5,Pre-monsoon
2024-05-16 15:00:00,195.0,1.42,193.0,5,Pre-monsoon
2024-05-16 16:00:00,196.0,1.75,191.25,5,Pre-monsoon
2024-05-16 17:00:00,233.0,1.55,218.5,5,Pre-monsoon
2024-05-16 18:00:00,288.0,1.08,240.25,5,Pre-monsoon
2024-05-16 19:00:00,351.0,0.65,254.75,5,Pre-monsoon
2024-05-16 20:00:00,464.0,0.65,261.5,5,Pre-monsoon
2024-05-16 21:00:00,505.0,0.5,268.5,5,Pre-monsoon
2024-05-16 22:00:00,658.0,0.68,280.25,5,Pre-monsoon
2024-05-16 23:00:00,688.0,0.6,215.75,5,Pre-monsoon
2024-05-17 00:00:00,638.0,4.15,148.25,5,Pre-monsoon
2024-05-17 01:00:00,449.0,3.55,93.25,5,Pre-monsoon
2024-05-17 02:00:00,384.0,2.88,66.0,5,Pre-monsoon
2024-05-17 03:00:00,322.0,0.8,81.5,5,Pre-monsoon
2024-05-17 04:00:00,296.0,0.82,74.75,5,Pre-monsoon
2024-05-17 05:00:00,307.0,0.68,77.25,5,Pre-monsoon
2024-05-17 06:00:00,267.0,1.08,90.25,5,Pre-monsoon
2024-05-17 07:00:00,360.0,0.72,138.75,5,Pre-monsoon
2024-05-17 08:00:00,288.0,0.95,158.5,5,Pre-monsoon
2024-05-17 09:00:00,283.0,0.78,188.25,5,Pre-monsoon
2024-05-17 10:00:00,279.0,1.52,259.5,5,Pre-monsoon
2024-05-17 11:00:00,210.0,1.25,241.75,5,Pre-monsoon
2024-05-17 12:00:00,205.0,1.32,187.5,5,Pre-monsoon
2024-05-17 13:00:00,196.0,1.52,189.5,5,Pre-monsoon
2024-05-17 14:00:00,327.0,1.6,185.25,5,Pre-monsoon
2024-05-17 15:00:00,256.0,1.5,150.25,5,Pre-monsoon
2024-05-17 16:00:00,205.0,1.62,139.5,5,Pre-monsoon
2024-05-17 17:00:00,160.0,1.4,150.0,5,Pre-monsoon
2024-05-17 18:00:00,240.0,1.72,154.5,5,Pre-monsoon
2024-05-17 19:00:00,271.0,0.7,113.5,5,Pre-monsoon
2024-05-17 20:00:00,311.0,0.28,203.25,5,Pre-monsoon
2024-05-17 21:00:00,321.0,0.42,170.5,5,Pre-monsoon
2024-05-17 22:00:00,482.0,0.78,155.5,5,Pre-monsoon
2024-05-17 23:00:00,364.0,2.5,212.75,5,Pre-monsoon
2024-05-18 00:00:00,405.0,3.72,144.5,5,Pre-monsoon
2024-05-18 01:00:00,429.0,3.42,98.0,5,Pre-monsoon
2024-05-18 02:00:00,454.0,1.5,64.5,5,Pre-monsoon
2024-05-18 03:00:00,438.0,1.38,92.75,5,Pre-monsoon
2024-05-18 04:00:00,395.0,1.48,82.75,5,Pre-monsoon
2024-05-18 05:00:00,329.0,0.73,61.75,5,Pre-monsoon
2024-05-18 06:00:00,401.0,1.12,76.0,5,Pre-monsoon
2024-05-18 07:00:00,467.0,1.92,118.25,5,Pre-monsoon
2024-05-18 08:00:00,489.0,0.95,146.75,5,Pre-monsoon
2024-05-18 09:00:00,431.0,1.02,147.0,5,Pre-monsoon
2024-05-18 10:00:00,374.0,1.6,162.75,5,Pre-monsoon
2024-05-18 11:00:00,333.0,2.28,177.5,5,Pre-monsoon
2024-05-18 12:00:00,294.0,2.08,151.75,5,Pre-monsoon
2024-05-18 13:00:00,298.0,1.9,144.25,5,Pre-monsoon
2024-05-18 14:00:00,274.0,2.5,135.5,5,Pre-monsoon
2024-05-18 15:00:00,251.0,2.42,141.5,5,Pre-monsoon
2024-05-18 16:00:00,244.0,2.12,141.75,5,Pre-monsoon
2024-05-18 17:00:00,238.0,2.18,147.75,5,Pre-monsoon
2024-05-18 18:00:00,228.0,2.42,180.0,5,Pre-monsoon
2024-05-18 19:00:00,280.0,2.42,133.25,5,Pre-monsoon
2024-05-18 20:00:00,300.0,0.35,162.0,5,Pre-monsoon
2024-05-18 21:00:00,299.0,0.35,165.0,5,Pre-monsoon
2024-05-18 22:00:00,379.0,0.3,126.5,5,Pre-monsoon
2024-05-18 23:00:00,353.0,0.72,158.0,5,Pre-monsoon
2024-05-19 00:00:00,373.0,1.32,157.25,5,Pre-monsoon
2024-05-19 01:00:00,261.0,1.5,176.0,5,Pre-monsoon
2024-05-19 02:00:00,215.0,2.55,86.25,5,Pre-monsoon
2024-05-19 03:00:00,351.0,2.35,54.5,5,Pre-monsoon
2024-05-19 04:00:00,387.0,0.9,77.25,5,Pre-monsoon
2024-05-19 05:00:00,421.0,0.5,63.0,5,Pre-monsoon
2024-05-19 06:00:00,390.0,1.97,90.33,5,Pre-monsoon
2024-05-19 07:00:00,456.0,0.98,165.0,5,Pre-monsoon
2024-05-19 08:00:00,530.0,1.2,153.5,5,Pre-monsoon
2024-05-19 09:00:00,418.0,1.08,163.5,5,Pre-monsoon
2024-05-19 10:00:00,355.0,1.7,168.0,5,Pre-monsoon
2024-05-19 11:00:00,299.0,2.65,178.25,5,Pre-monsoon
2024-05-19 12:00:00,255.0,1.9,167.25,5,Pre-monsoon
2024-05-19 13:00:00,235.0,2.17,148.0,5,Pre-monsoon
2024-05-19 14:00:00,256.0,3.48,131.75,5,Pre-monsoon
2024-05-19 15:00:00,331.0,3.75,135.0,5,Pre-monsoon
2024-05-19 16:00:00,261.0,3.0,131.25,5,Pre-monsoon
2024-05-19 17:00:00,219.0,1.82,137.25,5,Pre-monsoon
2024-05-19 18:00:00,186.0,2.2,177.0,5,Pre-monsoon
2024-05-19 19:00:00,235.0,2.05,135.5,5,Pre-monsoon
2024-05-19 20:00:00,235.0,0.57,180.25,5,Pre-monsoon
2024-05-19 21:00:00,332.0,0.6,178.5,5,Pre-monsoon
2024-05-19 22:00:00,284.0,0.55,168.75,5,Pre-monsoon
2024-05-19 23:00:00,256.0,0.48,161.25,5,Pre-monsoon
2024-05-20 00:00:00,216.0,0.88,199.5,5,Pre-monsoon
2024-05-20 01:00:00,218.0,2.28,209.0,5,Pre-monsoon
2024-05-20 02:00:00,194.0,2.9,144.75,5,Pre-monsoon
2024-05-20 03:00:00,280.0,3.12,125.5,5,Pre-monsoon
2024-05-20 04:00:00,333.0,2.17,156.5,5,Pre-monsoon
2024-05-20 05:00:00,379.0,3.75,153.25,5,Pre-monsoon
2024-05-20 06:00:00,357.0,1.27,182.75,5,Pre-monsoon
2024-05-20 07:00:00,450.0,1.08,236.25,5,Pre-monsoon
2024-05-20 08:00:00,414.0,1.38,226.0,5,Pre-monsoon
2024-05-20 09:00:00,399.0,1.2,204.0,5,Pre-monsoon
2024-05-20 10:00:00,304.0,1.45,180.5,5,Pre-monsoon
2024-05-20 11:00:00,228.0,2.0,180.0,5,Pre-monsoon
2024-05-20 12:00:00,248.0,2.33,158.25,5,Pre-monsoon
2024-05-20 13:00:00,205.0,2.15,144.5,5,Pre-monsoon
2024-05-20 14:00:00,239.0,2.48,135.0,5,Pre-monsoon
2024-05-20 15:00:00,283.0,2.92,134.5,5,Pre-monsoon
2024-05-20 16:00:00,248.0,1.9,144.5,5,Pre-monsoon
2024-05-20 17:00:00,171.0,2.1,145.5,5,Pre-monsoon
2024-05-20 18:00:00,202.0,2.88,182.0,5,Pre-monsoon
2024-05-20 19:00:00,219.0,2.7,158.5,5,Pre-monsoon
2024-05-20 20:00:00,276.0,1.35,182.0,5,Pre-monsoon
2024-05-20 21:00:00,311.0,0.68,199.75,5,Pre-monsoon
2024-05-20 22:00:00,344.0,1.45,209.75,5,Pre-monsoon
2024-05-20 23:00:00,333.0,1.05,246.75,5,Pre-monsoon
2024-05-21 00:00:00,289.0,0.68,250.75,5,Pre-monsoon
2024-05-21 01:00:00,284.0,0.55,237.75,5,Pre-monsoon
2024-05-21 02:00:00,273.0,0.6,208.5,5,Pre-monsoon
2024-05-21 03:00:00,318.0,1.25,233.25,5,Pre-monsoon
2024-05-21 04:00:00,285.0,1.85,212.75,5,Pre-monsoon
2024-05-21 05:00:00,332.0,1.72,304.75,5,Pre-monsoon
2024-05-21 06:00:00,329.0,1.8,290.75,5,Pre-monsoon
2024-05-21 07:00:00,367.0,1.98,270.0,5,Pre-monsoon
2024-05-21 08:00:00,401.0,2.17,285.25,5,Pre-monsoon
2024-05-21 09:00:00,439.0,2.25,274.75,5,Pre-monsoon
2024-05-21 10:00:00,410.0,2.28,264.0,5,Pre-monsoon
2024-05-21 11:00:00,362.0,2.4,243.25,5,Pre-monsoon
2024-05-21 12:00:00,327.0,1.95,239.5,5,Pre-monsoon
2024-05-21 13:00:00,294.0,1.68,230.5,5,Pre-monsoon
2024-05-21 14:00:00,289.0,1.98,224.0,5,Pre-monsoon
2024-05-21 15:00:00,234.0,1.38,232.0,5,Pre-monsoon
2024-05-21 16:00:00,193.0,1.42,244.0,5,Pre-monsoon
2024-05-21 17:00:00,206.0,1.4,226.0,5,Pre-monsoon
2024-05-21 18:00:00,211.0,1.15,253.5,5,Pre-monsoon
2024-05-21 19:00:00,294.0,0.85,245.75,5,Pre-monsoon
2024-05-21 20:00:00,422.0,1.0,244.5,5,Pre-monsoon
2024-05-21 21:00:00,431.0,0.78,239.25,5,Pre-monsoon
2024-05-21 22:00:00,533.0,0.78,271.0,5,Pre-monsoon
2024-05-21 23:00:00,530.0,0.82,246.5,5,Pre-monsoon
2024-05-22 00:00:00,381.0,0.9,267.75,5,Pre-monsoon
2024-05-22 01:00:00,284.0,0.85,268.25,5,Pre-monsoon
2024-05-22 02:00:00,196.0,1.25,275.5,5,Pre-monsoon
2024-05-22 03:00:00,190.0,1.45,284.0,5,Pre-monsoon
2024-05-22 04:00:00,178.0,1.75,235.5,5,Pre-monsoon
2024-05-22 05:00:00,183.0,1.32,250.75,5,Pre-monsoon
2024-05-22 06:00:00,301.0,1.8,268.75,5,Pre-monsoon
2024-05-22 07:00:00,201.0,1.9,281.75,5,Pre-monsoon
2024-05-22 08:00:00,212.0,2.1,281.25,5,Pre-monsoon
2024-05-22 09:00:00,212.0,2.42,283.25,5,Pre-monsoon
2024-05-22 10:00:00,245.0,2.55,277.5,5,Pre-monsoon
2024-05-22 11:00:00,268.0,2.25,269.0,5,Pre-monsoon
2024-05-22 12:00:00,278.0,2.58,264.5,5,Pre-monsoon
2024-05-22 13:00:00,321.0,2.6,242.75,5,Pre-monsoon
2024-05-22 14:00:00,307.0,2.25,259.75,5,Pre-monsoon
2024-05-22 15:00:00,280.0,2.42,257.0,5,Pre-monsoon
2024-05-22 16:00:00,251.0,2.25,235.25,5,Pre-monsoon
2024-05-22 17:00:00,239.0,2.35,281.5,5,Pre-monsoon
2024-05-22 18:00:00,252.0,2.15,280.25,5,Pre-monsoon
2024-05-22 19:00:00,282.0,1.68,270.75,5,Pre-monsoon
2024-05-22 20:00:00,252.0,1.3,245.25,5,Pre-monsoon
2024-05-22 21:00:00,377.0,1.48,243.25,5,Pre-monsoon
2024-05-22 22:00:00,356.0,1.7,253.5,5,Pre-monsoon
2024-05-22 23:00:00,237.0,1.7,266.25,5,Pre-monsoon
2024-05-23 00:00:00,199.0,1.48,251.25,5,Pre-monsoon
2024-05-23 01:00:00,175.0,1.9,268.75,5,Pre-monsoon
2024-05-23 02:00:00,143.0,2.15,272.5,5,Pre-monsoon
2024-05-23 03:00:00,124.0,2.15,246.0,5,Pre-monsoon
2024-05-23 04:00:00,99.0,2.68,246.5,5,Pre-monsoon
2024-05-23 05:00:00,110.0,2.28,273.25,5,Pre-monsoon
2024-05-23 06:00:00,100.0,2.35,284.75,5,Pre-monsoon
2024-05-23 07:00:00,125.0,2.6,258.75,5,Pre-monsoon
2024-05-23 08:00:00,179.0,2.55,275.75,5,Pre-monsoon
2024-05-23 09:00:00,194.0,2.45,285.5,5,Pre-monsoon
2024-05-23 10:00:00,206.0,2.62,288.5,5,Pre-monsoon
2024-05-23 11:00:00,223.0,2.82,280.5,5,Pre-monsoon
2024-05-23 12:00:00,222.0,2.35,283.5,5,Pre-monsoon
2024-05-23 13:00:00,245.0,2.47,277.75,5,Pre-monsoon
2024-05-23 14:00:00,232.0,2.65,274.75,5,Pre-monsoon
2024-05-23 15:00:00,188.0,2.6,238.0,5,Pre-monsoon
2024-05-23 16:00:00,185.0,2.6,237.25,5,Pre-monsoon
2024-05-23 17:00:00,177.0,1.9,285.75,5,Pre-monsoon
2024-05-23 18:00:00,199.0,1.42,272.0,5,Pre-monsoon
2024-05-23 19:00:00,208.0,1.2,254.25,5,Pre-monsoon
2024-05-23 20:00:00,320.0,1.2,256.0,5,Pre-monsoon
2024-05-23 21:00:00,284.0,1.48,259.25,5,Pre-monsoon
2024-05-23 22:00:00,299.0,1.15,246.5,5,Pre-monsoon
2024-05-23 23:00:00,266.0,1.0,258.5,5,Pre-monsoon
2024-05-24 00:00:00,201.0,1.1,277.5,5,Pre-monsoon
2024-05-24 01:00:00,172.0,1.48,302.5,5,Pre-monsoon
2024-05-24 02:00:00,145.0,2.03,308.75,5,Pre-monsoon
2024-05-24 03:00:00,127.0,2.15,315.5,5,Pre-monsoon
2024-05-24 04:00:00,117.0,2.45,322.0,5,Pre-monsoon
2024-05-24 05:00:00,123.0,2.48,255.75,5,Pre-monsoon
2024-05-24 06:00:00,138.0,2.33,214.0,5,Pre-monsoon
2024-05-24 07:00:00,138.0,1.9,289.75,5,Pre-monsoon
2024-05-24 08:00:00,150.0,2.28,295.0,5,Pre-monsoon
2024-05-24 09:00:00,163.0,2.88,294.75,5,Pre-monsoon
2024-05-24 10:00:00,266.0,3.38,295.0,5,Pre-monsoon
2024-05-24 11:00:00,185.0,2.58,280.25,5,Pre-monsoon
2024-05-24 12:00:00,140.0,2.08,274.0,5,Pre-monsoon
2024-05-24 13:00:00,128.0,2.02,266.0,5,Pre-monsoon
2024-05-24 14:00:00,132.0,2.48,233.25,5,Pre-monsoon
2024-05-24 15:00:00,118.0,2.1,267.0,5,Pre-monsoon
2024-05-24 16:00:00,145.0,2.37,242.33,5,Pre-monsoon
2024-05-24 17:00:00,157.0,1.82,270.25,5,Pre-monsoon
2024-05-24 18:00:00,161.0,0.88,250.0,5,Pre-monsoon
2024-05-24 19:00:00,247.25,1.27,236.75,5,Pre-monsoon
2024-05-24 20:00:00,330.75,1.42,240.5,5,Pre-monsoon
2024-05-24 21:00:00,358.75,1.12,245.5,5,Pre-monsoon
2024-05-24 22:00:00,380.75,0.8,247.25,5,Pre-monsoon
2024-05-24 23:00:00,354.0,0.72,267.0,5,Pre-monsoon
2024-05-25 00:00:00,295.0,0.65,264.25,5,Pre-monsoon
2024-05-25 01:00:00,195.75,0.57,294.25,5,Pre-monsoon
2024-05-25 02:00:00,166.5,0.75,310.5,5,Pre-monsoon
2024-05-25 03:00:00,156.25,0.85,288.0,5,Pre-monsoon
2024-05-25 04:00:00,165.0,1.88,180.0,5,Pre-monsoon
2024-05-25 05:00:00,211.75,0.72,187.5,5,Pre-monsoon
2024-05-25 06:00:00,230.5,1.18,248.25,5,Pre-monsoon
2024-05-25 07:00:00,261.0,0.6,258.75,5,Pre-monsoon
2024-05-25 08:00:00,282.0,1.38,242.75,5,Pre-monsoon
2024-05-25 09:00:00,230.5,1.78,203.25,5,Pre-monsoon
2024-05-25 10:00:00,174.0,2.28,270.5,5,Pre-monsoon
2024-05-25 11:00:00,163.0,1.98,269.0,5,Pre-monsoon
2024-05-25 12:00:00,182.0,1.15,222.25,5,Pre-monsoon
2024-05-25 13:00:00,201.0,1.65,157.75,5,Pre-monsoon
2024-05-25 14:00:00,191.0,2.42,158.75,5,Pre-monsoon
2024-05-25 15:00:00,224.0,3.32,153.25,5,Pre-monsoon
2024-05-25 16:00:00,331.0,3.62,140.75,5,Pre-monsoon
2024-05-25 17:00:00,348.0,3.12,151.75,5,Pre-monsoon
2024-05-25 18:00:00,284.0,3.1,176.0,5,Pre-monsoon
2024-05-25 19:00:00,237.0,3.05,146.25,5,Pre-monsoon
2024-05-25 20:00:00,356.0,0.85,163.25,5,Pre-monsoon
2024-05-25 21:00:00,223.0,0.82,168.25,5,Pre-monsoon
2024-05-25 22:00:00,239.0,0.78,168.0,5,Pre-monsoon
2024-05-25 23:00:00,207.0,0.92,167.25,5,Pre-monsoon
2024-05-26 00:00:00,171.0,0.72,167.5,5,Pre-monsoon
2024-05-26 01:00:00,145.0,1.62,187.25,5,Pre-monsoon
2024-05-26 02:00:00,149.0,5.03,156.75,5,Pre-monsoon
2024-05-26 03:00:00,233.0,1.72,110.0,5,Pre-monsoon
2024-05-26 04:00:00,277.0,0.3,83.0,5,Pre-monsoon
2024-05-26 05:00:00,421.0,1.235,19.0,5,Pre-monsoon
2024-05-26 06:00:00,423.0,2.17,110.75,5,Pre-monsoon
2024-05-26 07:00:00,448.0,0.78,149.5,5,Pre-monsoon
2024-05-26 08:00:00,434.0,1.85,150.0,5,Pre-monsoon
2024-05-26 09:00:00,360.0,2.05,167.75,5,Pre-monsoon
2024-05-26 10:00:00,265.0,3.8,176.0,5,Pre-monsoon
2024-05-26 11:00:00,252.0,2.58,173.25,5,Pre-monsoon
2024-05-26 12:00:00,171.0,2.42,162.0,5,Pre-monsoon
2024-05-26 13:00:00,171.0,2.55,161.75,5,Pre-monsoon
2024-05-26 14:00:00,138.0,3.2,161.25,5,Pre-monsoon
2024-05-26 15:00:00,167.0,3.08,163.0,5,Pre-monsoon
2024-05-26 16:00:00,162.0,2.92,159.75,5,Pre-monsoon
2024-05-26 17:00:00,157.0,2.78,159.25,5,Pre-monsoon
2024-05-26 18:00:00,210.0,1.23,190.0,5,Pre-monsoon
2024-05-26 19:00:00,238.0,0.9,212.5,5,Pre-monsoon
2024-05-26 20:00:00,283.0,1.18,164.75,5,Pre-monsoon
2024-05-26 21:00:00,399.0,0.92,189.25,5,Pre-monsoon
2024-05-26 22:00:00,367.0,1.32,181.0,5,Pre-monsoon
2024-05-26 23:00:00,301.0,1.7,178.75,5,Pre-monsoon
2024-05-27 00:00:00,255.0,1.3,189.0,5,Pre-monsoon
2024-05-27 01:00:00,256.0,0.85,260.0,5,Pre-monsoon
2024-05-27 02:00:00,288.0,1.02,270.75,5,Pre-monsoon
2024-05-27 03:00:00,285.0,0.98,204.75,5,Pre-monsoon
2024-05-27 04:00:00,229.0,2.62,201.5,5,Pre-monsoon
2024-05-27 05:00:00,238.0,3.18,108.5,5,Pre-monsoon
2024-05-27 06:00:00,439.0,1.92,182.75,5,Pre-monsoon
2024-05-27 07:00:00,602.0,0.82,220.0,5,Pre-monsoon
2024-05-27 08:00:00,465.0,0.82,173.75,5,Pre-monsoon
2024-05-27 09:00:00,438.0,1.48,160.0,5,Pre-monsoon
2024-05-27 10:00:00,460.0,2.22,180.0,5,Pre-monsoon
2024-05-27 11:00:00,360.25,0.95,180.75,5,Pre-monsoon
2024-05-27 12:00:00,219.0,2.17,149.0,5,Pre-monsoon
2024-05-27 13:00:00,187.5,2.88,154.75,5,Pre-monsoon
2024-05-27 14:00:00,309.75,3.6,158.75,5,Pre-monsoon
2024-05-27 15:00:00,233.75,4.08,150.75,5,Pre-monsoon
2024-05-27 16:00:00,211.5,3.48,139.5,5,Pre-monsoon
2024-05-27 17:00:00,217.0,2.38,137.5,5,Pre-monsoon
2024-05-27 18:00:00,180.0,2.0,161.0,5,Pre-monsoon
2024-05-27 19:00:00,212.25,1.12,182.0,5,Pre-monsoon
2024-05-27 20:00:00,242.5,1.0,198.5,5,Pre-monsoon
2024-05-27 21:00:00,436.5,0.65,260.5,5,Pre-monsoon
2024-05-27 22:00:00,611.5,0.4,145.25,5,Pre-monsoon
2024-05-27 23:00:00,520.75,0.48,159.5,5,Pre-monsoon
2024-05-28 00:00:00,381.25,1.95,197.25,5,Pre-monsoon
2024-05-28 01:00:00,348.25,1.9,210.0,5,Pre-monsoon
2024-05-28 02:00:00,414.0,1.98,223.0,5,Pre-monsoon
2024-05-28 03:00:00,348.0,2.6,195.25,5,Pre-monsoon
2024-05-28 04:00:00,288.75,2.62,151.0,5,Pre-monsoon
2024-05-28 05:00:00,295.25,2.1,77.25,5,Pre-monsoon
2024-05-28 06:00:00,395.0,1.35,97.75,5,Pre-monsoon
2024-05-28 07:00:00,571.0,0.68,172.5,5,Pre-monsoon
2024-05-28 08:00:00,538.0,0.78,143.5,5,Pre-monsoon
2024-05-28 09:00:00,493.0,1.08,181.25,5,Pre-monsoon
2024-05-28 10:00:00,348.0,1.78,177.75,5,Pre-monsoon
2024-05-28 11:00:00,207.0,1.4,165.0,5,Pre-monsoon
2024-05-28 12:00:00,221.0,2.28,165.5,5,Pre-monsoon
2024-05-28 13:00:00,179.0,4.08,147.0,5,Pre-monsoon
2024-05-28 14:00:00,328.0,4.6,142.5,5,Pre-monsoon
2024-05-28 15:00:00,279.0,3.1,151.0,5,Pre-monsoon
2024-05-28 16:00:00,146.0,2.68,135.5,5,Pre-monsoon
2024-05-28 17:00:00,145.0,3.4,138.5,5,Pre-monsoon
2024-05-28 18:00:00,171.0,1.82,183.5,5,Pre-monsoon
2024-05-28 19:00:00,255.0,0.8,258.25,5,Pre-monsoon
2024-05-28 20:00:00,406.0,0.6,267.5,5,Pre-monsoon
2024-05-28 21:00:00,577.0,0.6,275.75,5,Pre-monsoon
2024-05-28 22:00:00,668.0,0.57,260.5,5,Pre-monsoon
2024-05-28 23:00:00,676.0,0.68,255.0,5,Pre-monsoon
2024-05-29 00:00:00,521.0,0.68,260.0,5,Pre-monsoon
2024-05-29 01:00:00,407.0,0.92,245.0,5,Pre-monsoon
2024-05-29 02:00:00,254.0,1.15,296.75,5,Pre-monsoon
2024-05-29 03:00:00,201.0,0.7,293.0,5,Pre-monsoon
2024-05-29 04:00:00,182.0,0.92,315.0,5,Pre-monsoon
2024-05-29 05:00:00,204.0,1.0,317.5,5,Pre-monsoon
2024-05-29 06:00:00,227.0,1.05,270.75,5,Pre-monsoon
2024-05-29 07:00:00,299.0,1.32,221.5,5,Pre-monsoon
2024-05-29 08:00:00,295.0,1.48,134.5,5,Pre-monsoon
2024-05-29 09:00:00,362.0,1.58,170.25,5,Pre-monsoon
2024-05-29 10:00:00,389.0,1.72,186.75,5,Pre-monsoon
2024-05-29 11:00:00,351.0,1.25,167.0,5,Pre-monsoon
2024-05-29 12:00:00,334.0,1.32,168.75,5,Pre-monsoon
2024-05-29 13:00:00,287.0,2.45,177.25,5,Pre-monsoon
2024-05-29 14:00:00,252.0,1.42,165.75,5,Pre-monsoon
2024-05-29 15:00:00,193.0,1.48,203.75,5,Pre-monsoon
2024-05-29 16:00:00,178.0,2.0,263.0,5,Pre-monsoon
2024-05-29 17:00:00,528.0,1.7,175.5,5,Pre-monsoon
2024-05-29 18:00:00,701.0,2.45,243.75,5,Pre-monsoon
2024-05-29 19:00:00,589.0,1.18,281.5,5,Pre-monsoon
2024-05-29 20:00:00,295.0,1.02,270.0,5,Pre-monsoon
2024-05-29 21:00:00,343.0,0.85,273.0,5,Pre-monsoon
2024-05-29 22:00:00,304.0,0.62,210.0,5,Pre-monsoon
2024-05-29 23:00:00,296.0,0.4,199.0,5,Pre-monsoon
2024-05-30 00:00:00,229.0,0.45,154.25,5,Pre-monsoon
2024-05-30 01:00:00,206.0,0.75,227.5,5,Pre-monsoon
2024-05-30 02:00:00,228.0,0.95,223.25,5,Pre-monsoon
2024-05-30 03:00:00,276.0,0.92,246.0,5,Pre-monsoon
2024-05-30 04:00:00,272.0,0.78,271.25,5,Pre-monsoon
2024-05-30 05:00:00,288.0,0.85,233.5,5,Pre-monsoon
2024-05-30 06:00:00,298.0,1.12,187.75,5,Pre-monsoon
2024-05-30 07:00:00,313.0,0.62,149.25,5,Pre-monsoon
2024-05-30 08:00:00,317.0,1.08,142.5,5,Pre-monsoon
2024-05-30 09:00:00,355.0,1.68,152.5,5,Pre-monsoon
2024-05-30 10:00:00,329.0,2.85,195.75,5,Pre-monsoon
2024-05-30 11:00:00,293.0,1.95,169.75,5,Pre-monsoon
2024-05-30 12:00:00,256.0,1.98,162.75,5,Pre-monsoon
2024-05-30 13:00:00,207.0,2.08,155.75,5,Pre-monsoon
2024-05-30 14:00:00,215.0,2.35,149.75,5,Pre-monsoon
2024-05-30 15:00:00,205.0,1.85,134.5,5,Pre-monsoon
2024-05-30 16:00:00,213.0,3.25,139.5,5,Pre-monsoon
2024-05-30 17:00:00,156.0,1.98,141.5,5,Pre-monsoon
2024-05-30 18:00:00,114.0,1.65,162.5,5,Pre-monsoon
2024-05-30 19:00:00,199.0,1.03,190.0,5,Pre-monsoon
2024-05-30 20:00:00,262.0,1.0,261.5,5,Pre-monsoon
2024-05-30 21:00:00,542.0,1.72,318.25,5,Pre-monsoon
2024-05-30 22:00:00,284.0,0.92,298.0,5,Pre-monsoon
2024-05-30 23:00:00,212.0,1.3,325.25,5,Pre-monsoon
2024-05-31 00:00:00,182.0,1.38,285.0,5,Pre-monsoon
2024-05-31 01:00:00,129.0,1.08,168.5,5,Pre-monsoon
2024-05-31 02:00:00,147.0,1.12,180.25,5,Pre-monsoon
2024-05-31 03:00:00,152.0,1.27,230.25,5,Pre-monsoon
2024-05-31 04:00:00,204.0,1.58,268.0,5,Pre-monsoon
2024-05-31 05:00:00,232.0,1.65,201.5,5,Pre-monsoon
2024-05-31 06:00:00,260.0,0.68,280.25,5,Pre-monsoon
2024-05-31 07:00:00,331.0,0.95,278.0,5,Pre-monsoon
2024-05-31 08:00:00,471.0,1.1,198.0,5,Pre-monsoon
2024-05-31 09:00:00,224.0,1.3,148.5,5,Pre-monsoon
2024-05-31 10:00:00,244.0,1.85,192.25,5,Pre-monsoon
2024-05-31 11:00:00,277.0,1.72,164.5,5,Pre-monsoon
2024-05-31 12:00:00,246.0,1.58,154.75,5,Pre-monsoon
2024-05-31 13:00:00,201.0,2.9,152.75,5,Pre-monsoon
2024-05-31 14:00:00,196.0,3.15,141.75,5,Pre-monsoon
2024-05-31 15:00:00,207.0,2.7,142.0,5,Pre-monsoon
2024-05-31 16:00:00,178.0,2.35,151.5,5,Pre-monsoon
2024-05-31 17:00:00,200.0,2.1,185.5,5,Pre-monsoon
2024-05-31 18:00:00,238.0,1.48,194.25,5,Pre-monsoon
2024-05-31 19:00:00,332.0,0.6,262.5,5,Pre-monsoon
2024-05-31 20:00:00,575.0,0.38,268.0,5,Pre-monsoon
2024-05-31 21:00:00,637.0,0.45,221.5,5,Pre-monsoon
2024-05-31 22:00:00,681.0,0.5,146.5,5,Pre-monsoon
2024-05-31 23:00:00,525.0,0.52,186.5,5,Pre-monsoon
2024-06-01 00:00:00,387.0,0.7,160.0,6,Monsoon
2024-06-01 01:00:00,447.0,0.7,232.5,6,Monsoon
2024-06-01 02:00:00,442.0,0.57,159.5,6,Monsoon
2024-06-01 03:00:00,506.0,1.58,187.75,6,Monsoon
2024-06-01 04:00:00,445.0,0.95,198.0,6,Monsoon
2024-06-01 05:00:00,254.0,1.05,193.0,6,Monsoon
2024-06-01 06:00:00,323.0,1.1,174.0,6,Monsoon
2024-06-01 07:00:00,293.0,0.5,174.5,6,Monsoon
2024-06-01 08:00:00,262.0,1.1,140.75,6,Monsoon
2024-06-01 09:00:00,384.0,1.78,179.5,6,Monsoon
2024-06-01 10:00:00,307.0,1.62,182.5,6,Monsoon
2024-06-01 11:00:00,411.0,1.62,150.75,6,Monsoon
2024-06-01 12:00:00,212.0,1.52,206.0,6,Monsoon
2024-06-01 13:00:00,210.0,1.52,186.75,6,Monsoon
2024-06-01 14:00:00,245.0,2.08,163.5,6,Monsoon
2024-06-01 15:00:00,430.5,4.18,159.0,6,Monsoon
2024-06-01 16:00:00,616.0,4.4,163.25,6,Monsoon
2024-06-01 17:00:00,302.0,1.7,174.0,6,Monsoon
2024-06-01 18:00:00,189.0,1.1,153.75,6,Monsoon
2024-06-01 19:00:00,178.0,1.38,171.5,6,Monsoon
2024-06-01 20:00:00,240.0,0.95,143.0,6,Monsoon
2024-06-01 21:00:00,224.0,0.9,154.75,6,Monsoon
2024-06-01 22:00:00,235.0,0.72,153.75,6,Monsoon
2024-06-01 23:00:00,132.0,1.27,138.0,6,Monsoon
2024-06-02 00:00:00,146.0,1.5,138.25,6,Monsoon
2024-06-02 01:00:00,132.0,0.98,170.75,6,Monsoon
2024-06-02 02:00:00,123.75,1.27,140.25,6,Monsoon
2024-06-02 03:00:00,118.0,1.1,232.5,6,Monsoon
2024-06-02 04:00:00,120.0,2.48,204.5,6,Monsoon
2024-06-02 05:00:00,118.75,3.22,143.25,6,Monsoon
2024-06-02 06:00:00,163.75,1.6,193.5,6,Monsoon
2024-06-02 07:00:00,242.0,0.78,228.0,6,Monsoon
2024-06-02 08:00:00,253.0,1.33,242.67,6,Monsoon
2024-06-02 09:00:00,205.25,1.12,223.5,6,Monsoon
2024-06-02 10:00:00,132.0,1.27,173.75,6,Monsoon
2024-06-02 11:00:00,116.0,1.9,184.5,6,Monsoon
2024-06-02 12:00:00,128.0,2.78,185.75,6,Monsoon
2024-06-02 13:00:00,162.0,2.1,179.5,6,Monsoon
2024-06-02 14:00:00,161.0,2.1,168.75,6,Monsoon
2024-06-02 15:00:00,145.0,1.75,166.0,6,Monsoon
2024-06-02 16:00:00,150.0,1.08,168.0,6,Monsoon
2024-06-02 17:00:00,141.0,1.18,172.0,6,Monsoon
2024-06-02 18:00:00,174.0,1.25,157.0,6,Monsoon
2024-06-02 19:00:00,178.0,1.72,125.25,6,Monsoon
2024-06-02 20:00:00,235.0,0.5,203.5,6,Monsoon
2024-06-02 21:00:00,268.0,0.92,152.25,6,Monsoon
2024-06-02 22:00:00,172.0,0.75,139.75,6,Monsoon
2024-06-02 23:00:00,145.0,0.85,159.75,6,Monsoon
2024-06-03 00:00:00,149.0,1.23,177.25,6,Monsoon
2024-06-03 01:00:00,114.0,2.02,128.25,6,Monsoon
2024-06-03 02:00:00,116.0,3.15,105.75,6,Monsoon
2024-06-03 03:00:00,183.0,1.88,75.75,6,Monsoon
2024-06-03 04:00:00,193.0,0.83,90.0,6,Monsoon
2024-06-03 05:00:00,226.0,1.115,73.0,6,Monsoon
2024-06-03 06:00:00,195.0,1.4,90.0,6,Monsoon
2024-06-03 07:00:00,262.0,0.7,142.25,6,Monsoon
2024-06-03 08:00:00,213.0,1.6,145.5,6,Monsoon
2024-06-03 09:00:00,180.0,1.85,140.0,6,Monsoon
2024-06-03 10:00:00,252.0,1.72,151.25,6,Monsoon
2024-06-03 11:00:00,239.0,2.62,173.0,6,Monsoon
2024-06-03 12:00:00,295.0,1.72,184.0,6,Monsoon
2024-06-03 13:00:00,230.0,1.58,158.75,6,Monsoon
2024-06-03 14:00:00,219.0,2.0,146.0,6,Monsoon
2024-06-03 15:00:00,180.0,1.67,148.5,6,Monsoon
2024-06-03 16:00:00,188.0,1.23,162.0,6,Monsoon
2024-06-03 17:00:00,177.0,1.35,139.0,6,Monsoon
2024-06-03 18:00:00,177.0,1.7,179.5,6,Monsoon
2024-06-03 19:00:00,232.0,1.7,129.25,6,Monsoon
2024-06-03 20:00:00,280.0,0.35,190.0,6,Monsoon
2024-06-03 21:00:00,345.0,0.52,214.5,6,Monsoon
2024-06-03 22:00:00,326.0,0.4,161.0,6,Monsoon
2024-06-03 23:00:00,353.0,2.03,187.25,6,Monsoon
2024-06-04 00:00:00,333.0,2.25,241.75,6,Monsoon
2024-06-04 01:00:00,313.0,2.0,214.75,6,Monsoon
2024-06-04 02:00:00,230.0,1.7,214.0,6,Monsoon
2024-06-04 03:00:00,246.0,2.05,197.25,6,Monsoon
2024-06-04 04:00:00,156.0,1.72,305.0,6,Monsoon
2024-06-04 05:00:00,145.0,1.32,321.0,6,Monsoon
2024-06-04 06:00:00,135.0,1.1,266.25,6,Monsoon
2024-06-04 07:00:00,183.0,1.0,188.25,6,Monsoon
2024-06-04 08:00:00,221.0,1.27,163.5,6,Monsoon
2024-06-04 09:00:00,184.0,1.25,208.75,6,Monsoon
2024-06-04 10:00:00,195.0,1.18,242.0,6,Monsoon
2024-06-04 11:00:00,318.0,1.42,223.0,6,Monsoon
2024-06-04 12:00:00,302.0,1.45,242.0,6,Monsoon
2024-06-04 13:00:00,259.0,1.52,187.0,6,Monsoon
2024-06-04 14:00:00,277.0,1.7,169.25,6,Monsoon
2024-06-04 15:00:00,394.0,2.17,143.75,6,Monsoon
2024-06-04 16:00:00,373.0,1.82,190.25,6,Monsoon
2024-06-04 17:00:00,267.0,1.85,208.0,6,Monsoon
2024-06-04 18:00:00,306.0,1.25,249.0,6,Monsoon
2024-06-04 19:00:00,381.0,0.8,250.75,6,Monsoon
2024-06-04 20:00:00,395.0,0.6,255.25,6,Monsoon
2024-06-04 21:00:00,505.0,0.62,285.0,6,Monsoon
2024-06-04 22:00:00,614.0,0.75,306.75,6,Monsoon
2024-06-04 23:00:00,366.0,0.42,241.75,6,Monsoon
2024-06-05 00:00:00,311.0,0.57,216.0,6,Monsoon
2024-06-05 01:00:00,296.0,0.65,164.0,6,Monsoon
2024-06-05 02:00:00,299.0,0.5,156.25,6,Monsoon
2024-06-05 03:00:00,322.0,1.0,193.25,6,Monsoon
2024-06-05 04:00:00,331.0,0.78,235.75,6,Monsoon
2024-06-05 05:00:00,307.0,1.7,174.5,6,Monsoon
2024-06-05 06:00:00,280.0,0.88,152.0,6,Monsoon
2024-06-05 07:00:00,246.0,1.0,138.5,6,Monsoon
2024-06-05 08:00:00,261.0,1.23,143.75,6,Monsoon
2024-06-05 09:00:00,339.0,1.55,140.25,6,Monsoon
2024-06-05 10:00:00,487.0,2.1,177.0,6,Monsoon
2024-06-05 11:00:00,597.0,1.88,187.25,6,Monsoon
2024-06-05 12:00:00,415.0,1.7,159.5,6,Monsoon
2024-06-05 13:00:00,381.0,1.88,144.5,6,Monsoon
2024-06-05 14:00:00,400.0,1.95,140.25,6,Monsoon
2024-06-05 15:00:00,374.0,1.78,138.25,6,Monsoon
2024-06-05 16:00:00,374.0,1.55,143.5,6,Monsoon
2024-06-05 17:00:00,276.0,1.2,159.75,6,Monsoon
2024-06-05 18:00:00,211.0,1.12,177.25,6,Monsoon
2024-06-05 19:00:00,248.0,1.58,146.75,6,Monsoon
2024-06-05 20:00:00,387.0,1.8,218.25,6,Monsoon
2024-06-05 21:00:00,506.0,2.38,207.5,6,Monsoon
2024-06-05 22:00:00,105.0,2.5,194.5,6,Monsoon
2024-06-05 23:00:00,145.0,3.97,165.25,6,Monsoon
2024-06-06 00:00:00,169.0,3.42,197.0,6,Monsoon
2024-06-06 01:00:00,237.0,2.0,200.25,6,Monsoon
2024-06-06 02:00:00,200.0,1.68,248.5,6,Monsoon
2024-06-06 03:00:00,173.0,1.48,294.75,6,Monsoon
2024-06-06 04:00:00,123.0,1.3,156.0,6,Monsoon
2024-06-06 05:00:00,105.0,0.9,137.33,6,Monsoon
2024-06-06 06:00:00,121.0,1.4500000000000002,23.67,6,Monsoon
2024-06-06 07:00:00,189.0,2.0,86.0,6,Monsoon
2024-06-06 08:00:00,332.0,3.22,121.5,6,Monsoon
2024-06-06 09:00:00,162.0,1.8,172.75,6,Monsoon
2024-06-06 10:00:00,91.0,1.95,199.25,6,Monsoon
2024-06-06 11:00:00,106.0,1.48,204.25,6,Monsoon
2024-06-06 12:00:00,121.0,1.85,200.25,6,Monsoon
2024-06-06 13:00:00,106.0,2.85,210.0,6,Monsoon
2024-06-06 14:00:00,103.0,3.2,180.75,6,Monsoon
2024-06-06 15:00:00,130.0,2.8,178.0,6,Monsoon
2024-06-06 16:00:00,134.0,3.28,179.25,6,Monsoon
2024-06-06 17:00:00,144.0,2.98,169.75,6,Monsoon
2024-06-06 18:00:00,157.0,3.42,135.75,6,Monsoon
2024-06-06 19:00:00,189.0,1.68,166.0,6,Monsoon
2024-06-06 20:00:00,248.0,1.05,173.75,6,Monsoon
2024-06-06 21:00:00,222.0,0.72,153.0,6,Monsoon
2024-06-06 22:00:00,201.0,2.12,150.0,6,Monsoon
2024-06-06 23:00:00,411.5,3.6,111.25,6,Monsoon
2024-06-07 00:00:00,622.0,0.8,130.5,6,Monsoon
2024-06-07 01:00:00,254.0,0.8,177.75,6,Monsoon
2024-06-07 02:00:00,263.0,0.8400000000000001,58.33,6,Monsoon
2024-06-07 03:00:00,265.0,0.88,33.665,6,Monsoon
2024-06-07 04:00:00,376.0,0.92,9.0,6,Monsoon
2024-06-07 05:00:00,172.0,,1.0,6,Monsoon
2024-06-07 06:00:00,191.0,1.0,68.5,6,Monsoon
2024-06-07 07:00:00,248.0,1.72,143.5,6,Monsoon
2024-06-07 08:00:00,471.0,1.0,142.25,6,Monsoon
2024-06-07 09:00:00,383.0,1.1,142.5,6,Monsoon
2024-06-07 10:00:00,239.0,1.48,143.0,6,Monsoon
2024-06-07 11:00:00,219.0,2.25,175.5,6,Monsoon
2024-06-07 12:00:00,194.0,3.02,194.25,6,Monsoon
2024-06-07 13:00:00,211.0,2.9,191.5,6,Monsoon
2024-06-07 14:00:00,194.0,2.02,174.25,6,Monsoon
2024-06-07 15:00:00,188.0,2.05,164.0,6,Monsoon
2024-06-07 16:00:00,193.0,1.9,168.0,6,Monsoon
2024-06-07 17:00:00,194.0,2.88,195.0,6,Monsoon
2024-06-07 18:00:00,194.0,2.48,145.5,6,Monsoon
2024-06-07 19:00:00,210.0,1.42,152.25,6,Monsoon
2024-06-07 20:00:00,359.0,0.8,160.0,6,Monsoon
2024-06-07 21:00:00,265.0,0.6,159.75,6,Monsoon
2024-06-07 22:00:00,299.0,0.4,172.75,6,Monsoon
2024-06-07 23:00:00,311.0,1.38,201.75,6,Monsoon
2024-06-08 00:00:00,329.0,2.2,239.5,6,Monsoon
2024-06-08 01:00:00,454.0,2.95,141.75,6,Monsoon
2024-06-08 02:00:00,508.0,2.17,74.75,6,Monsoon
2024-06-08 03:00:00,585.0,0.65,82.5,6,Monsoon
2024-06-08 04:00:00,407.0,0.75,96.75,6,Monsoon
2024-06-08 05:00:00,337.0,0.75,89.25,6,Monsoon
2024-06-08 06:00:00,265.0,1.98,99.25,6,Monsoon
2024-06-08 07:00:00,251.0,1.88,146.5,6,Monsoon
2024-06-08 08:00:00,250.0,1.0,142.25,6,Monsoon
2024-06-08 09:00:00,217.0,1.23,142.5,6,Monsoon
2024-06-08 10:00:00,249.0,1.62,136.75,6,Monsoon
2024-06-08 11:00:00,343.0,1.98,139.0,6,Monsoon
2024-06-08 12:00:00,276.0,3.05,136.5,6,Monsoon
2024-06-08 13:00:00,207.0,2.52,165.5,6,Monsoon
2024-06-08 14:00:00,162.0,2.88,198.5,6,Monsoon
2024-06-08 15:00:00,158.0,3.05,200.75,6,Monsoon
2024-06-08 16:00:00,189.0,2.88,187.5,6,Monsoon
2024-06-08 17:00:00,179.0,2.4,150.25,6,Monsoon
2024-06-08 18:00:00,191.0,3.7,119.75,6,Monsoon
2024-06-08 19:00:00,180.0,1.12,157.75,6,Monsoon
2024-06-08 20:00:00,178.0,1.02,148.75,6,Monsoon
2024-06-08 21:00:00,230.0,0.98,146.25,6,Monsoon
2024-06-08 22:00:00,232.0,1.85,181.5,6,Monsoon
2024-06-08 23:00:00,204.0,3.7,167.5,6,Monsoon
2024-06-09 00:00:00,208.0,3.22,84.25,6,Monsoon
2024-06-09 01:00:00,201.0,0.9,100.25,6,Monsoon
2024-06-09 02:00:00,222.0,0.5,101.25,6,Monsoon
2024-06-09 03:00:00,267.0,0.575,43.0,6,Monsoon
2024-06-09 04:00:00,237.0,0.65,60.66666666666667,6,Monsoon
2024-06-09 05:00:00,282.0,0.7250000000000001,78.33333333333334,6,Monsoon
2024-06-09 06:00:00,278.0,0.8,96.0,6,Monsoon
2024-06-09 07:00:00,285.0,1.82,140.75,6,Monsoon
2024-06-09 08:00:00,340.0,1.98,148.5,6,Monsoon
2024-06-09 09:00:00,228.0,2.7,145.0,6,Monsoon
2024-06-09 10:00:00,249.0,1.98,149.0,6,Monsoon
2024-06-09 11:00:00,213.0,2.02,162.5,6,Monsoon
2024-06-09 12:00:00,188.0,2.85,189.75,6,Monsoon
2024-06-09 13:00:00,182.0,2.42,195.75,6,Monsoon
2024-06-09 14:00:00,211.0,3.3,178.0,6,Monsoon
2024-06-09 15:00:00,207.0,2.33,167.75,6,Monsoon
2024-06-09 16:00:00,169.0,2.52,174.5,6,Monsoon
2024-06-09 17:00:00,150.0,2.68,187.25,6,Monsoon
2024-06-09 18:00:00,156.0,3.15,152.75,6,Monsoon
2024-06-09 19:00:00,237.0,1.38,150.75,6,Monsoon
2024-06-09 20:00:00,294.0,0.72,152.25,6,Monsoon
2024-06-09 21:00:00,241.0,0.85,152.5,6,Monsoon
2024-06-09 22:00:00,260.0,3.18,214.5,6,Monsoon
2024-06-09 23:00:00,294.0,3.45,196.25,6,Monsoon
2024-06-10 00:00:00,290.0,3.75,170.25,6,Monsoon
2024-06-10 01:00:00,254.0,4.68,122.75,6,Monsoon
2024-06-10 02:00:00,199.0,2.28,74.25,6,Monsoon
2024-06-10 03:00:00,143.0,1.52,102.0,6,Monsoon
2024-06-10 04:00:00,172.0,3.2,132.5,6,Monsoon
2024-06-10 05:00:00,184.0,2.82,142.0,6,Monsoon
2024-06-10 06:00:00,141.0,2.25,151.5,6,Monsoon
2024-06-10 07:00:00,158.0,2.05,156.75,6,Monsoon
2024-06-10 08:00:00,182.0,2.1,149.0,6,Monsoon
2024-06-10 09:00:00,195.0,1.82,147.75,6,Monsoon
2024-06-10 10:00:00,208.0,2.62,171.75,6,Monsoon
2024-06-10 11:00:00,205.0,3.05,181.75,6,Monsoon
2024-06-10 12:00:00,185.0,1.45,170.0,6,Monsoon
2024-06-10 13:00:00,169.0,1.7,155.0,6,Monsoon
2024-06-10 14:00:00,151.0,1.65,152.5,6,Monsoon
2024-06-10 15:00:00,140.0,1.78,152.5,6,Monsoon
2024-06-10 16:00:00,153.0,1.4,151.0,6,Monsoon
2024-06-10 17:00:00,150.0,1.67,170.0,6,Monsoon
2024-06-10 18:00:00,177.0,2.2,176.25,6,Monsoon
2024-06-10 19:00:00,276.0,1.3,140.5,6,Monsoon
2024-06-10 20:00:00,282.0,0.38,157.75,6,Monsoon
2024-06-10 21:00:00,350.0,0.38,116.25,6,Monsoon
2024-06-10 22:00:00,360.0,0.4,125.75,6,Monsoon
2024-06-10 23:00:00,312.0,0.43,122.75,6,Monsoon
2024-06-11 00:00:00,283.0,1.12,149.75,6,Monsoon
2024-06-11 01:00:00,351.0,4.4,169.75,6,Monsoon
2024-06-11 02:00:00,354.0,3.32,94.0,6,Monsoon
2024-06-11 03:00:00,417.0,3.3,64.5,6,Monsoon
2024-06-11 04:00:00,439.0,0.4,106.75,6,Monsoon
2024-06-11 05:00:00,423.0,0.4,120.75,6,Monsoon
2024-06-11 06:00:00,396.0,1.35,116.0,6,Monsoon
2024-06-11 07:00:00,476.0,0.68,148.75,6,Monsoon
2024-06-11 08:00:00,403.0,0.72,147.75,6,Monsoon
2024-06-11 09:00:00,312.0,1.05,159.0,6,Monsoon
2024-06-11 10:00:00,329.0,2.02,194.25,6,Monsoon
2024-06-11 11:00:00,306.0,2.52,180.0,6,Monsoon
2024-06-11 12:00:00,261.0,2.15,167.0,6,Monsoon
2024-06-11 13:00:00,287.0,1.58,140.0,6,Monsoon
2024-06-11 14:00:00,228.0,1.98,146.0,6,Monsoon
2024-06-11 15:00:00,219.0,1.82,139.25,6,Monsoon
2024-06-11 16:00:00,175.0,1.75,138.0,6,Monsoon
2024-06-11 17:00:00,172.0,1.55,145.75,6,Monsoon
2024-06-11 18:00:00,152.0,2.0,173.5,6,Monsoon
2024-06-11 19:00:00,282.0,2.58,137.0,6,Monsoon
2024-06-11 20:00:00,504.0,0.72,183.0,6,Monsoon
2024-06-11 21:00:00,251.0,0.38,165.25,6,Monsoon
2024-06-11 22:00:00,256.0,0.3,105.5,6,Monsoon
2024-06-11 23:00:00,368.0,0.38,135.0,6,Monsoon
2024-06-12 00:00:00,305.0,1.02,161.0,6,Monsoon
2024-06-12 01:00:00,362.0,1.2,149.25,6,Monsoon
2024-06-12 02:00:00,385.0,1.68,188.25,6,Monsoon
2024-06-12 03:00:00,346.0,1.02,110.25,6,Monsoon
2024-06-12 04:00:00,229.0,2.75,86.75,6,Monsoon
2024-06-12 05:00:00,329.0,1.2,100.75,6,Monsoon
2024-06-12 06:00:00,415.0,2.12,115.5,6,Monsoon
2024-06-12 07:00:00,393.0,0.88,134.75,6,Monsoon
2024-06-12 08:00:00,252.0,0.92,150.75,6,Monsoon
2024-06-12 09:00:00,224.0,1.15,156.5,6,Monsoon
2024-06-12 10:00:00,228.0,1.78,197.75,6,Monsoon
2024-06-12 11:00:00,255.0,1.75,175.5,6,Monsoon
2024-06-12 12:00:00,249.0,1.52,147.5,6,Monsoon
2024-06-12 13:00:00,199.0,1.65,152.0,6,Monsoon
2024-06-12 14:00:00,188.0,2.28,158.5,6,Monsoon
2024-06-12 15:00:00,158.0,2.52,141.75,6,Monsoon
2024-06-12 16:00:00,276.0,2.0,145.25,6,Monsoon
2024-06-12 17:00:00,284.0,1.58,136.0,6,Monsoon
2024-06-12 18:00:00,161.0,1.9,173.5,6,Monsoon
2024-06-12 19:00:00,245.0,1.4,168.0,6,Monsoon
2024-06-12 20:00:00,310.0,0.48,185.5,6,Monsoon
2024-06-12 21:00:00,293.0,0.48,184.75,6,Monsoon
2024-06-12 22:00:00,263.0,0.43,142.5,6,Monsoon
2024-06-12 23:00:00,334.0,0.4,140.75,6,Monsoon
2024-06-13 00:00:00,295.0,0.45,129.75,6,Monsoon
2024-06-13 01:00:00,360.0,1.95,199.5,6,Monsoon
2024-06-13 02:00:00,335.0,2.85,156.0,6,Monsoon
2024-06-13 03:00:00,304.0,3.6,147.0,6,Monsoon
2024-06-13 04:00:00,276.0,3.65,112.0,6,Monsoon
2024-06-13 05:00:00,194.0,3.7,113.75,6,Monsoon
2024-06-13 06:00:00,151.0,0.92,121.0,6,Monsoon
2024-06-13 07:00:00,171.0,0.78,145.5,6,Monsoon
2024-06-13 08:00:00,166.0,1.35,134.25,6,Monsoon
2024-06-13 09:00:00,257.0,2.33,165.25,6,Monsoon
2024-06-13 10:00:00,379.0,2.72,183.0,6,Monsoon
2024-06-13 11:00:00,377.0,2.4,156.75,6,Monsoon
2024-06-13 12:00:00,371.0,2.82,134.25,6,Monsoon
2024-06-13 13:00:00,267.0,2.85,134.25,6,Monsoon
2024-06-13 14:00:00,229.0,3.48,140.25,6,Monsoon
2024-06-13 15:00:00,167.0,3.45,135.0,6,Monsoon
2024-06-13 16:00:00,147.0,3.25,138.0,6,Monsoon
2024-06-13 17:00:00,156.0,2.08,139.0,6,Monsoon
2024-06-13 18:00:00,140.0,1.38,157.0,6,Monsoon
2024-06-13 19:00:00,282.0,2.0,156.5,6,Monsoon
2024-06-13 20:00:00,234.0,0.7,195.0,6,Monsoon
2024-06-13 21:00:00,221.0,0.5,190.5,6,Monsoon
2024-06-13 22:00:00,228.0,1.1,146.75,6,Monsoon
2024-06-13 23:00:00,276.0,0.78,157.75,6,Monsoon
2024-06-14 00:00:00,217.0,0.65,140.5,6,Monsoon
2024-06-14 01:00:00,164.0,0.9,145.5,6,Monsoon
2024-06-14 02:00:00,182.0,1.08,176.75,6,Monsoon
2024-06-14 03:00:00,224.0,1.08,176.0,6,Monsoon
2024-06-14 04:00:00,250.0,1.95,194.25,6,Monsoon
2024-06-14 05:00:00,217.0,1.05,153.75,6,Monsoon
2024-06-14 06:00:00,156.0,0.62,173.5,6,Monsoon
2024-06-14 07:00:00,149.0,0.88,153.25,6,Monsoon
2024-06-14 08:00:00,201.0,1.23,145.25,6,Monsoon
2024-06-14 09:00:00,335.0,1.85,182.0,6,Monsoon
2024-06-14 10:00:00,404.0,2.02,200.0,6,Monsoon
2024-06-14 11:00:00,348.0,1.8,151.25,6,Monsoon
2024-06-14 12:00:00,344.0,2.25,141.75,6,Monsoon
2024-06-14 13:00:00,357.0,2.58,141.25,6,Monsoon
2024-06-14 14:00:00,250.0,2.2,142.25,6,Monsoon
2024-06-14 15:00:00,219.0,2.3,141.25,6,Monsoon
2024-06-14 16:00:00,224.0,3.05,132.75,6,Monsoon
2024-06-14 17:00:00,252.0,1.98,136.5,6,Monsoon
2024-06-14 18:00:00,217.0,1.78,182.75,6,Monsoon
2024-06-14 19:00:00,287.0,3.4,184.25,6,Monsoon
2024-06-14 20:00:00,520.0,2.38,174.5,6,Monsoon
2024-06-14 21:00:00,469.0,2.1,167.5,6,Monsoon
2024-06-14 22:00:00,244.0,2.08,182.0,6,Monsoon
2024-06-14 23:00:00,133.0,1.1,174.75,6,Monsoon
2024-06-15 00:00:00,97.0,1.08,197.5,6,Monsoon
2024-06-15 01:00:00,129.0,1.78,185.5,6,Monsoon
2024-06-15 02:00:00,130.0,2.2,183.5,6,Monsoon
2024-06-15 03:00:00,103.0,3.15,163.75,6,Monsoon
2024-06-15 04:00:00,97.0,2.05,149.0,6,Monsoon
2024-06-15 05:00:00,127.0,2.98,139.0,6,Monsoon
2024-06-15 06:00:00,111.0,1.6,129.0,6,Monsoon
2024-06-15 07:00:00,157.0,0.85,159.75,6,Monsoon
2024-06-15 08:00:00,160.0,1.38,147.5,6,Monsoon
2024-06-15 09:00:00,321.0,1.88,169.0,6,Monsoon
2024-06-15 10:00:00,370.0,2.58,198.5,6,Monsoon
2024-06-15 11:00:00,421.0,2.58,163.25,6,Monsoon
2024-06-15 12:00:00,393.0,2.4,140.5,6,Monsoon
2024-06-15 13:00:00,310.0,2.35,135.0,6,Monsoon
2024-06-15 14:00:00,250.0,3.18,132.5,6,Monsoon
2024-06-15 15:00:00,305.0,3.38,133.5,6,Monsoon
2024-06-15 16:00:00,237.0,2.6,139.25,6,Monsoon
2024-06-15 17:00:00,195.0,1.98,130.25,6,Monsoon
2024-06-15 18:00:00,202.0,1.78,164.0,6,Monsoon
2024-06-15 19:00:00,208.0,2.38,172.5,6,Monsoon
2024-06-15 20:00:00,229.0,2.07,137.0,6,Monsoon
2024-06-15 21:00:00,240.0,0.52,157.25,6,Monsoon
2024-06-15 22:00:00,284.0,0.43,187.0,6,Monsoon
2024-06-15 23:00:00,255.0,0.45,152.25,6,Monsoon
2024-06-16 00:00:00,268.0,0.32,187.5,6,Monsoon
2024-06-16 01:00:00,260.0,0.5,193.5,6,Monsoon
2024-06-16 02:00:00,272.0,0.98,210.25,6,Monsoon
2024-06-16 03:00:00,230.0,1.52,207.25,6,Monsoon
2024-06-16 04:00:00,249.0,2.25,182.0,6,Monsoon
2024-06-16 05:00:00,280.0,2.6,158.0,6,Monsoon
2024-06-16 06:00:00,268.0,0.88,121.25,6,Monsoon
2024-06-16 07:00:00,295.0,0.7,162.5,6,Monsoon
2024-06-16 08:00:00,279.0,1.52,140.0,6,Monsoon
2024-06-16 09:00:00,255.0,2.28,183.75,6,Monsoon
2024-06-16 10:00:00,265.0,2.22,175.25,6,Monsoon
2024-06-16 11:00:00,291.0,2.7,150.0,6,Monsoon
2024-06-16 12:00:00,348.0,2.2,135.75,6,Monsoon
2024-06-16 13:00:00,245.0,3.02,133.25,6,Monsoon
2024-06-16 14:00:00,223.0,2.78,133.25,6,Monsoon
2024-06-16 15:00:00,201.0,2.45,134.0,6,Monsoon
2024-06-16 16:00:00,178.0,2.82,132.75,6,Monsoon
2024-06-16 17:00:00,175.0,2.45,145.0,6,Monsoon
2024-06-16 18:00:00,141.0,1.42,145.75,6,Monsoon
2024-06-16 19:00:00,175.0,2.38,169.0,6,Monsoon
2024-06-16 20:00:00,377.0,1.58,144.0,6,Monsoon
2024-06-16 21:00:00,211.0,0.4,170.0,6,Monsoon
2024-06-16 22:00:00,234.0,0.43,154.75,6,Monsoon
2024-06-16 23:00:00,222.0,0.38,151.5,6,Monsoon
2024-06-17 00:00:00,210.0,0.4,163.75,6,Monsoon
2024-06-17 01:00:00,266.0,0.62,183.25,6,Monsoon
2024-06-17 02:00:00,252.0,0.57,166.25,6,Monsoon
2024-06-17 03:00:00,195.0,0.75,184.25,6,Monsoon
2024-06-17 04:00:00,174.0,1.08,207.0,6,Monsoon
2024-06-17 05:00:00,172.0,1.95,232.75,6,Monsoon
2024-06-17 06:00:00,223.0,1.15,171.75,6,Monsoon
2024-06-17 07:00:00,257.0,0.52,149.5,6,Monsoon
2024-06-17 08:00:00,237.0,1.32,160.75,6,Monsoon
2024-06-17 09:00:00,245.0,2.38,189.25,6,Monsoon
2024-06-17 10:00:00,282.0,2.17,148.5,6,Monsoon
2024-06-17 11:00:00,289.0,2.7,138.5,6,Monsoon
2024-06-17 12:00:00,274.0,3.18,137.25,6,Monsoon
2024-06-17 13:00:00,289.0,3.15,134.5,6,Monsoon
2024-06-17 14:00:00,189.0,3.05,137.5,6,Monsoon
2024-06-17 15:00:00,194.0,2.88,127.5,6,Monsoon
2024-06-17 16:00:00,155.0,1.98,138.25,6,Monsoon
2024-06-17 17:00:00,152.0,2.68,138.5,6,Monsoon
2024-06-17 18:00:00,180.0,1.42,145.75,6,Monsoon
2024-06-17 19:00:00,206.0,2.3,187.75,6,Monsoon
2024-06-17 20:00:00,344.0,1.55,149.75,6,Monsoon
2024-06-17 21:00:00,212.0,1.75,141.25,6,Monsoon
2024-06-17 22:00:00,238.0,0.35,168.5,6,Monsoon
2024-06-17 23:00:00,234.0,0.35,174.0,6,Monsoon
2024-06-18 00:00:00,230.0,0.3,211.25,6,Monsoon
2024-06-18 01:00:00,284.0,0.38,193.25,6,Monsoon
2024-06-18 02:00:00,269.0,0.48,150.0,6,Monsoon
2024-06-18 03:00:00,302.0,0.4,166.75,6,Monsoon
2024-06-18 04:00:00,271.0,0.4,167.5,6,Monsoon
2024-06-18 05:00:00,259.0,0.5,178.5,6,Monsoon
2024-06-18 06:00:00,257.0,0.57,163.0,6,Monsoon
2024-06-18 07:00:00,287.0,0.7,172.5,6,Monsoon
2024-06-18 08:00:00,261.0,1.42,172.5,6,Monsoon
2024-06-18 09:00:00,283.0,2.05,208.0,6,Monsoon
2024-06-18 10:00:00,416.0,2.3,175.75,6,Monsoon
2024-06-18 11:00:00,453.0,2.52,156.5,6,Monsoon
2024-06-18 12:00:00,345.0,2.1,135.0,6,Monsoon
2024-06-18 13:00:00,272.0,2.48,138.25,6,Monsoon
2024-06-18 14:00:00,251.0,2.88,134.25,6,Monsoon
2024-06-18 15:00:00,323.0,2.95,134.5,6,Monsoon
2024-06-18 16:00:00,416.0,2.58,136.0,6,Monsoon
2024-06-18 17:00:00,508.0,1.55,136.75,6,Monsoon
2024-06-18 18:00:00,489.0,1.27,164.0,6,Monsoon
2024-06-18 19:00:00,523.0,2.3,195.75,6,Monsoon
2024-06-18 20:00:00,617.0,1.3,161.0,6,Monsoon
2024-06-18 21:00:00,475.0,1.58,169.0,6,Monsoon
2024-06-18 22:00:00,492.0,0.38,212.25,6,Monsoon
2024-06-18 23:00:00,486.0,0.35,184.75,6,Monsoon
2024-06-19 00:00:00,520.0,0.32,205.25,6,Monsoon
2024-06-19 01:00:00,487.0,0.4,191.75,6,Monsoon
2024-06-19 02:00:00,458.0,0.5,184.75,6,Monsoon
2024-06-19 03:00:00,414.0,0.45,162.75,6,Monsoon
2024-06-19 04:00:00,326.0,0.62,154.75,6,Monsoon
2024-06-19 05:00:00,226.0,0.48,163.25,6,Monsoon
2024-06-19 06:00:00,229.0,0.72,157.25,6,Monsoon
2024-06-19 07:00:00,239.0,1.62,147.5,6,Monsoon
2024-06-19 08:00:00,374.0,2.22,145.25,6,Monsoon
2024-06-19 09:00:00,373.0,2.22,198.25,6,Monsoon
2024-06-19 10:00:00,374.0,2.22,203.75,6,Monsoon
2024-06-19 11:00:00,405.0,1.62,166.0,6,Monsoon
2024-06-19 12:00:00,392.0,1.62,145.0,6,Monsoon
2024-06-19 13:00:00,451.0,1.78,134.5,6,Monsoon
2024-06-19 14:00:00,520.0,2.05,143.25,6,Monsoon
2024-06-19 15:00:00,437.0,1.9,140.75,6,Monsoon
2024-06-19 16:00:00,359.0,1.8,147.5,6,Monsoon
2024-06-19 17:00:00,293.0,1.1,138.25,6,Monsoon
2024-06-19 18:00:00,254.0,1.35,202.5,6,Monsoon
2024-06-19 19:00:00,249.0,2.03,217.0,6,Monsoon
2024-06-19 20:00:00,248.0,1.08,144.25,6,Monsoon
2024-06-19 21:00:00,229.0,1.82,199.0,6,Monsoon
2024-06-19 22:00:00,376.0,2.45,209.25,6,Monsoon
2024-06-19 23:00:00,328.0,3.58,185.5,6,Monsoon
2024-06-20 00:00:00,280.0,2.35,214.5,6,Monsoon
2024-06-20 01:00:00,89.0,1.12,287.25,6,Monsoon
2024-06-20 02:00:00,84.0,1.88,300.5,6,Monsoon
2024-06-20 03:00:00,96.0,1.38,296.75,6,Monsoon
2024-06-20 04:00:00,81.0,2.47,292.5,6,Monsoon
2024-06-20 05:00:00,107.0,2.15,278.5,6,Monsoon
2024-06-20 06:00:00,123.0,1.82,249.5,6,Monsoon
2024-06-20 07:00:00,177.0,4.03,151.0,6,Monsoon
2024-06-20 08:00:00,172.0,4.25,168.5,6,Monsoon
2024-06-20 09:00:00,143.0,2.68,188.75,6,Monsoon
2024-06-20 10:00:00,125.0,2.8,253.75,6,Monsoon
2024-06-20 11:00:00,113.0,2.22,283.0,6,Monsoon
2024-06-20 12:00:00,122.0,1.65,274.5,6,Monsoon
2024-06-20 13:00:00,136.0,1.45,234.75,6,Monsoon
2024-06-20 14:00:00,188.0,1.42,241.25,6,Monsoon
2024-06-20 15:00:00,197.0,1.7,219.25,6,Monsoon
2024-06-20 16:00:00,167.0,1.48,243.25,6,Monsoon
2024-06-20 17:00:00,168.0,1.45,231.5,6,Monsoon
2024-06-20 18:00:00,178.0,1.2,230.5,6,Monsoon
2024-06-20 19:00:00,201.0,1.18,228.25,6,Monsoon
2024-06-20 20:00:00,244.0,1.1,238.25,6,Monsoon
2024-06-20 21:00:00,199.0,0.98,239.5,6,Monsoon
2024-06-20 22:00:00,221.0,0.85,209.25,6,Monsoon
2024-06-20 23:00:00,163.0,0.9,233.25,6,Monsoon
2024-06-21 00:00:00,168.0,1.55,200.5,6,Monsoon
2024-06-21 01:00:00,211.0,1.27,181.25,6,Monsoon
2024-06-21 02:00:00,216.0,3.05,184.25,6,Monsoon
2024-06-21 03:00:00,202.0,3.82,158.75,6,Monsoon
2024-06-21 04:00:00,130.0,4.42,93.75,6,Monsoon
2024-06-21 05:00:00,201.0,2.95,127.5,6,Monsoon
2024-06-21 06:00:00,329.0,2.25,159.0,6,Monsoon
2024-06-21 07:00:00,179.0,1.23,190.0,6,Monsoon
2024-06-21 08:00:00,282.0,2.02,229.25,6,Monsoon
2024-06-21 09:00:00,387.0,1.7,246.5,6,Monsoon
2024-06-21 10:00:00,257.0,1.75,258.25,6,Monsoon
2024-06-21 11:00:00,230.0,1.55,249.75,6,Monsoon
2024-06-21 12:00:00,208.0,1.62,211.75,6,Monsoon
2024-06-21 13:00:00,194.0,1.48,143.25,6,Monsoon
2024-06-21 14:00:00,304.0,3.02,182.25,6,Monsoon
2024-06-21 15:00:00,211.0,1.55,209.0,6,Monsoon
2024-06-21 16:00:00,90.0,1.5,142.0,6,Monsoon
2024-06-21 17:00:00,132.0,1.65,233.75,6,Monsoon
2024-06-21 18:00:00,78.0,1.3,276.0,6,Monsoon
2024-06-21 19:00:00,90.0,1.12,245.25,6,Monsoon
2024-06-21 20:00:00,96.0,1.08,142.0,6,Monsoon
2024-06-21 21:00:00,141.0,0.75,247.75,6,Monsoon
2024-06-21 22:00:00,127.0,0.7,265.5,6,Monsoon
2024-06-21 23:00:00,155.0,0.88,126.75,6,Monsoon
2024-06-22 00:00:00,182.0,0.615,62.5,6,Monsoon
2024-06-22 01:00:00,200.0,0.35,90.5,6,Monsoon
2024-06-22 02:00:00,312.0,1.65,75.25,6,Monsoon
2024-06-22 03:00:00,410.0,1.12,74.0,6,Monsoon
2024-06-22 04:00:00,589.0,0.4,97.25,6,Monsoon
2024-06-22 05:00:00,431.0,2.2,164.0,6,Monsoon
2024-06-22 06:00:00,307.0,1.9,196.25,6,Monsoon
2024-06-22 07:00:00,233.0,2.68,180.25,6,Monsoon
2024-06-22 08:00:00,232.0,1.08,235.0,6,Monsoon
2024-06-22 09:00:00,196.0,1.75,231.0,6,Monsoon
2024-06-22 10:00:00,213.0,1.65,255.0,6,Monsoon
2024-06-22 11:00:00,173.0,1.52,256.75,6,Monsoon
2024-06-22 12:00:00,138.0,1.5,244.75,6,Monsoon
2024-06-22 13:00:00,136.0,1.95,218.25,6,Monsoon
2024-06-22 14:00:00,145.0,2.1,239.5,6,Monsoon
2024-06-22 15:00:00,139.0,1.85,255.0,6,Monsoon
2024-06-22 16:00:00,144.0,1.78,255.0,6,Monsoon
2024-06-22 17:00:00,152.0,1.65,238.75,6,Monsoon
2024-06-22 18:00:00,175.0,1.75,231.0,6,Monsoon
2024-06-22 19:00:00,180.0,1.8,232.5,6,Monsoon
2024-06-22 20:00:00,190.0,1.25,282.25,6,Monsoon
2024-06-22 21:00:00,177.0,0.98,276.5,6,Monsoon
2024-06-22 22:00:00,167.0,0.92,263.5,6,Monsoon
2024-06-22 23:00:00,179.0,1.12,233.75,6,Monsoon
2024-06-23 00:00:00,205.0,1.62,240.25,6,Monsoon
2024-06-23 01:00:00,186.0,1.4,238.25,6,Monsoon
2024-06-23 02:00:00,173.0,1.15,226.5,6,Monsoon
2024-06-23 03:00:00,197.0,1.9,211.5,6,Monsoon
2024-06-23 04:00:00,206.0,1.42,205.5,6,Monsoon
2024-06-23 05:00:00,211.0,1.2,243.0,6,Monsoon
2024-06-23 06:00:00,227.0,1.12,259.5,6,Monsoon
2024-06-23 07:00:00,251.0,1.15,237.25,6,Monsoon
2024-06-23 08:00:00,248.0,1.2,241.75,6,Monsoon
2024-06-23 09:00:00,249.0,1.3,253.5,6,Monsoon
2024-06-23 10:00:00,257.0,1.92,268.5,6,Monsoon
2024-06-23 11:00:00,208.0,1.95,276.25,6,Monsoon
2024-06-23 12:00:00,135.0,1.7,218.75,6,Monsoon
2024-06-23 13:00:00,158.0,1.88,218.75,6,Monsoon
2024-06-23 14:00:00,146.0,2.05,231.75,6,Monsoon
2024-06-23 15:00:00,208.0,1.9,254.25,6,Monsoon
2024-06-23 16:00:00,133.0,1.75,240.0,6,Monsoon
2024-06-23 17:00:00,164.0,1.42,240.5,6,Monsoon
2024-06-23 18:00:00,163.0,1.25,283.25,6,Monsoon
2024-06-23 19:00:00,155.0,0.9,255.25,6,Monsoon
2024-06-23 20:00:00,200.0,0.68,245.5,6,Monsoon
2024-06-23 21:00:00,229.0,0.5,255.75,6,Monsoon
2024-06-23 22:00:00,235.0,0.65,239.0,6,Monsoon
2024-06-23 23:00:00,177.0,0.78,248.5,6,Monsoon
2024-06-24 00:00:00,164.0,0.8,276.75,6,Monsoon
2024-06-24 01:00:00,151.0,0.45,245.25,6,Monsoon
2024-06-24 02:00:00,135.0,0.72,275.5,6,Monsoon
2024-06-24 03:00:00,124.0,0.78,300.25,6,Monsoon
2024-06-24 04:00:00,161.0,0.6,284.0,6,Monsoon
2024-06-24 05:00:00,134.0,0.52,306.25,6,Monsoon
2024-06-24 06:00:00,163.0,0.65,264.0,6,Monsoon
2024-06-24 07:00:00,183.0,1.18,300.5,6,Monsoon
2024-06-24 08:00:00,171.0,1.5,311.25,6,Monsoon
2024-06-24 09:00:00,132.0,1.35,292.0,6,Monsoon
2024-06-24 10:00:00,138.0,1.475,284.5625,6,Monsoon
2024-06-24 11:00:00,153.0,1.6,277.125,6,Monsoon
2024-06-24 12:00:00,143.0,1.725,269.6875,6,Monsoon
2024-06-24 13:00:00,171.0,,,6,Monsoon
2024-06-24 14:00:00,171.0,,,6,Monsoon
2024-06-24 15:00:00,171.0,,,6,Monsoon
2024-06-24 16:00:00,160.0,,,6,Monsoon
2024-06-24 17:00:00,149.0,2.35,232.5,6,Monsoon
2024-06-24 18:00:00,138.0,2.0,238.75,6,Monsoon
2024-06-24 19:00:00,127.0,0.9,262.25,6,Monsoon
2024-06-24 20:00:00,110.5,1.12,279.5,6,Monsoon
2024-06-24 21:00:00,99.0,1.7,231.5,6,Monsoon
2024-06-24 22:00:00,112.75,1.55,263.75,6,Monsoon
2024-06-24 23:00:00,116.5,1.3,238.25,6,Monsoon
2024-06-25 00:00:00,105.5,1.95,216.5,6,Monsoon
2024-06-25 01:00:00,99.75,2.75,180.0,6,Monsoon
2024-06-25 02:00:00,118.5,0.72,294.75,6,Monsoon
2024-06-25 03:00:00,116.0,0.77,296.5,6,Monsoon
2024-06-25 04:00:00,86.0,0.8,259.5,6,Monsoon
2024-06-25 05:00:00,101.75,1.3,236.0,6,Monsoon
2024-06-25 06:00:00,222.5,0.95,264.5,6,Monsoon
2024-06-25 07:00:00,259.25,1.5,243.25,6,Monsoon
2024-06-25 08:00:00,251.5,1.23,203.25,6,Monsoon
2024-06-25 09:00:00,222.0,1.15,247.0,6,Monsoon
2024-06-25 10:00:00,180.0,1.15,234.25,6,Monsoon
2024-06-25 11:00:00,158.5,1.35,237.75,6,Monsoon
2024-06-25 12:00:00,152.75,1.0,247.0,6,Monsoon
2024-06-25 13:00:00,184.25,1.55,209.75,6,Monsoon
2024-06-25 14:00:00,204.0,1.98,217.5,6,Monsoon
2024-06-25 15:00:00,184.5,1.92,214.5,6,Monsoon
2024-06-25 16:00:00,182.25,1.62,236.0,6,Monsoon
2024-06-25 17:00:00,196.75,1.62,204.75,6,Monsoon
2024-06-25 18:00:00,189.75,1.3,220.75,6,Monsoon
2024-06-25 19:00:00,210.0,1.38,228.5,6,Monsoon
2024-06-25 20:00:00,224.75,1.2,227.5,6,Monsoon
2024-06-25 21:00:00,233.0,1.2,228.5,6,Monsoon
2024-06-25 22:00:00,221.5,1.58,247.75,6,Monsoon
2024-06-25 23:00:00,197.5,1.4,276.5,6,Monsoon
2024-06-26 00:00:00,170.0,0.4,151.25,6,Monsoon
2024-06-26 01:00:00,137.5,0.68,240.25,6,Monsoon
2024-06-26 02:00:00,106.5,0.62,267.5,6,Monsoon
2024-06-26 03:00:00,90.75,0.45,234.0,6,Monsoon
2024-06-26 04:00:00,94.75,0.32,238.5,6,Monsoon
2024-06-26 05:00:00,99.25,0.75,252.0,6,Monsoon
2024-06-26 06:00:00,224.5,1.32,225.75,6,Monsoon
2024-06-26 07:00:00,284.75,1.32,256.0,6,Monsoon
2024-06-26 08:00:00,252.0,1.45,270.5,6,Monsoon
2024-06-26 09:00:00,185.0,1.1,246.75,6,Monsoon
2024-06-26 10:00:00,162.5,3.28,184.75,6,Monsoon
2024-06-26 11:00:00,141.5,1.2,153.0,6,Monsoon
2024-06-26 12:00:00,114.0,2.15,182.0,6,Monsoon
2024-06-26 13:00:00,152.75,1.7,207.25,6,Monsoon
2024-06-26 14:00:00,160.5,1.95,219.75,6,Monsoon
2024-06-26 15:00:00,123.5,2.12,229.0,6,Monsoon
2024-06-26 16:00:00,109.0,2.17,234.5,6,Monsoon
2024-06-26 17:00:00,106.5,1.85,258.5,6,Monsoon
2024-06-26 18:00:00,106.0,1.8,266.0,6,Monsoon
2024-06-26 19:00:00,123.25,1.65,285.75,6,Monsoon
2024-06-26 20:00:00,124.5,1.32,286.0,6,Monsoon
2024-06-26 21:00:00,127.5,1.38,251.75,6,Monsoon
2024-06-26 22:00:00,126.0,1.12,292.25,6,Monsoon
2024-06-26 23:00:00,115.25,1.42,304.5,6,Monsoon
2024-06-27 00:00:00,88.0,1.42,299.0,6,Monsoon
2024-06-27 01:00:00,80.75,1.48,250.5,6,Monsoon
2024-06-27 02:00:00,94.5,0.78,280.5,6,Monsoon
2024-06-27 03:00:00,88.5,1.23,248.5,6,Monsoon
2024-06-27 04:00:00,103.75,1.65,229.5,6,Monsoon
2024-06-27 05:00:00,98.75,1.48,248.25,6,Monsoon
2024-06-27 06:00:00,96.5,1.65,246.0,6,Monsoon
2024-06-27 07:00:00,107.5,2.42,234.25,6,Monsoon
2024-06-27 08:00:00,75.75,2.58,249.5,6,Monsoon
2024-06-27 09:00:00,28.75,2.17,277.25,6,Monsoon
2024-06-27 10:00:00,17.0,1.83,264.5,6,Monsoon
2024-06-27 11:00:00,22.0,2.17,254.0,6,Monsoon
2024-06-27 12:00:00,23.5,2.22,241.25,6,Monsoon
2024-06-27 13:00:00,34.5,2.0,250.75,6,Monsoon
2024-06-27 14:00:00,32.0,2.28,243.25,6,Monsoon
2024-06-27 15:00:00,36.0,2.1,248.75,6,Monsoon
2024-06-27 16:00:00,38.0,2.17,253.75,6,Monsoon
2024-06-27 17:00:00,42.5,1.9,271.25,6,Monsoon
2024-06-27 18:00:00,68.75,1.85,287.25,6,Monsoon
2024-06-27 19:00:00,63.5,1.52,288.75,6,Monsoon
2024-06-27 20:00:00,70.25,1.58,287.5,6,Monsoon
2024-06-27 21:00:00,81.5,1.65,262.5,6,Monsoon
2024-06-27 22:00:00,72.0,0.82,286.75,6,Monsoon
2024-06-27 23:00:00,68.0,0.72,251.75,6,Monsoon
2024-06-28 00:00:00,116.75,1.55,233.75,6,Monsoon
2024-06-28 01:00:00,147.25,1.78,231.75,6,Monsoon
2024-06-28 02:00:00,88.25,2.0,216.25,6,Monsoon
2024-06-28 03:00:00,59.5,1.45,137.25,6,Monsoon
2024-06-28 04:00:00,36.0,1.92,226.75,6,Monsoon
2024-06-28 05:00:00,22.25,1.9,255.75,6,Monsoon
2024-06-28 06:00:00,20.0,2.55,292.5,6,Monsoon
2024-06-28 07:00:00,14.0,1.95,277.5,6,Monsoon
2024-06-28 08:00:00,3.0,2.05,299.5,6,Monsoon
2024-06-28 09:00:00,11.0,1.55,299.5,6,Monsoon
2024-06-28 10:00:00,18.0,1.18,293.5,6,Monsoon
2024-06-28 11:00:00,22.0,1.42,276.25,6,Monsoon
2024-06-28 12:00:00,36.0,1.88,239.25,6,Monsoon
2024-06-28 13:00:00,56.0,1.38,268.25,6,Monsoon
2024-06-28 14:00:00,56.0,1.15,261.25,6,Monsoon
2024-06-28 15:00:00,79.0,1.38,266.25,6,Monsoon
2024-06-28 16:00:00,85.0,1.58,271.0,6,Monsoon
2024-06-28 17:00:00,80.0,1.68,299.0,6,Monsoon
2024-06-28 18:00:00,95.0,1.18,289.5,6,Monsoon
2024-06-28 19:00:00,95.0,0.9,307.25,6,Monsoon
2024-06-28 20:00:00,134.0,1.0,321.25,6,Monsoon
2024-06-28 21:00:00,116.0,1.0,329.25,6,Monsoon
2024-06-28 22:00:00,127.0,0.72,308.0,6,Monsoon
2024-06-28 23:00:00,132.0,0.82,272.75,6,Monsoon
2024-06-29 00:00:00,141.0,0.62,243.5,6,Monsoon
2024-06-29 01:00:00,127.0,1.42,226.75,6,Monsoon
2024-06-29 02:00:00,166.0,0.68,279.25,6,Monsoon
2024-06-29 03:00:00,186.0,0.85,252.5,6,Monsoon
2024-06-29 04:00:00,206.0,0.75,253.5,6,Monsoon
2024-06-29 05:00:00,241.0,0.82,241.5,6,Monsoon
2024-06-29 06:00:00,239.0,1.12,257.25,6,Monsoon
2024-06-29 07:00:00,243.0,1.52,286.0,6,Monsoon
2024-06-29 08:00:00,123.0,2.45,183.0,6,Monsoon
2024-06-29 09:00:00,19.0,1.95,215.0,6,Monsoon
2024-06-29 10:00:00,14.0,1.25,222.0,6,Monsoon
2024-06-29 11:00:00,19.0,1.25,202.75,6,Monsoon
2024-06-29 12:00:00,30.0,1.72,223.25,6,Monsoon
2024-06-29 13:00:00,30.0,2.05,229.75,6,Monsoon
2024-06-29 14:00:00,53.0,1.5,238.25,6,Monsoon
2024-06-29 15:00:00,73.0,1.75,192.25,6,Monsoon
2024-06-29 16:00:00,23.0,0.78,158.0,6,Monsoon
2024-06-29 17:00:00,27.0,0.65,170.75,6,Monsoon
2024-06-29 18:00:00,66.0,1.5,205.5,6,Monsoon
2024-06-29 19:00:00,41.0,0.95,239.5,6,Monsoon
2024-06-29 20:00:00,61.0,1.0,247.5,6,Monsoon
2024-06-29 21:00:00,101.0,1.15,236.75,6,Monsoon
2024-06-29 22:00:00,117.0,1.38,241.75,6,Monsoon
2024-06-29 23:00:00,149.0,2.38,225.0,6,Monsoon
2024-06-30 00:00:00,125.0,1.38,210.25,6,Monsoon
2024-06-30 01:00:00,89.0,0.82,244.25,6,Monsoon
2024-06-30 02:00:00,92.0,1.27,231.0,6,Monsoon
2024-06-30 03:00:00,138.0,0.98,225.75,6,Monsoon
2024-06-30 04:00:00,189.0,0.52,253.0,6,Monsoon
2024-06-30 05:00:00,201.0,0.62,230.5,6,Monsoon
2024-06-30 06:00:00,194.0,0.85,262.0,6,Monsoon
2024-06-30 07:00:00,233.0,1.0,255.25,6,Monsoon
2024-06-30 08:00:00,221.0,0.4,221.25,6,Monsoon
2024-06-30 09:00:00,166.0,0.88,165.25,6,Monsoon
2024-06-30 10:00:00,110.0,1.12,167.5,6,Monsoon
2024-06-30 11:00:00,119.0,1.03,156.75,6,Monsoon
2024-06-30 12:00:00,122.0,1.05,197.0,6,Monsoon
2024-06-30 13:00:00,134.0,1.15,221.0,6,Monsoon
2024-06-30 14:00:00,141.0,1.25,237.75,6,Monsoon
2024-06-30 15:00:00,130.0,1.38,202.75,6,Monsoon
2024-06-30 16:00:00,129.0,1.15,252.75,6,Monsoon
2024-06-30 17:00:00,124.0,1.15,255.25,6,Monsoon
2024-06-30 18:00:00,124.0,0.9,267.5,6,Monsoon
2024-06-30 19:00:00,129.0,0.7,247.25,6,Monsoon
2024-06-30 20:00:00,156.0,0.88,270.25,6,Monsoon
2024-06-30 21:00:00,178.0,2.0,321.5,6,Monsoon
2024-06-30 22:00:00,160.0,1.9,252.75,6,Monsoon
2024-06-30 23:00:00,66.0,1.68,250.75,6,Monsoon
2024-07-01 00:00:00,63.0,0.73,301.67,7,Monsoon
2024-07-01 01:00:00,67.0,1.23,257.75,7,Monsoon
2024-07-01 02:00:00,74.0,2.17,190.75,7,Monsoon
2024-07-01 03:00:00,45.0,2.55,136.75,7,Monsoon
2024-07-01 04:00:00,123.0,1.8,154.75,7,Monsoon
2024-07-01 05:00:00,79.0,1.55,148.25,7,Monsoon
2024-07-01 06:00:00,123.0,2.25,104.5,7,Monsoon
2024-07-01 07:00:00,90.0,2.42,222.0,7,Monsoon
2024-07-01 08:00:00,50.0,1.12,192.25,7,Monsoon
2024-07-01 09:00:00,69.0,0.68,171.5,7,Monsoon
2024-07-01 10:00:00,78.0,0.92,170.25,7,Monsoon
2024-07-01 11:00:00,64.0,0.78,148.75,7,Monsoon
2024-07-01 12:00:00,53.0,1.0,208.5,7,Monsoon
2024-07-01 13:00:00,62.0,0.82,173.5,7,Monsoon
2024-07-01 14:00:00,58.0,0.9,187.75,7,Monsoon
2024-07-01 15:00:00,67.0,1.4,211.75,7,Monsoon
2024-07-01 16:00:00,78.0,1.2,165.75,7,Monsoon
2024-07-01 17:00:00,70.0,0.9,176.0,7,Monsoon
2024-07-01 18:00:00,85.0,0.72,174.0,7,Monsoon
2024-07-01 19:00:00,85.0,0.82,174.5,7,Monsoon
2024-07-01 20:00:00,99.0,1.3,244.75,7,Monsoon
2024-07-01 21:00:00,101.0,1.05,214.5,7,Monsoon
2024-07-01 22:00:00,97.0,0.6,175.5,7,Monsoon
2024-07-01 23:00:00,92.0,0.43,164.25,7,Monsoon
2024-07-02 00:00:00,99.0,0.42,178.0,7,Monsoon
2024-07-02 01:00:00,105.0,0.68,197.75,7,Monsoon
2024-07-02 02:00:00,240.0,1.3,239.25,7,Monsoon
2024-07-02 03:00:00,261.0,2.62,254.0,7,Monsoon
2024-07-02 04:00:00,282.0,2.88,257.0,7,Monsoon
2024-07-02 05:00:00,267.0,2.82,239.5,7,Monsoon
2024-07-02 06:00:00,301.0,2.12,216.5,7,Monsoon
2024-07-02 07:00:00,387.0,1.6,200.0,7,Monsoon
2024-07-02 08:00:00,290.0,0.55,166.0,7,Monsoon
2024-07-02 09:00:00,152.0,0.72,162.5,7,Monsoon
2024-07-02 10:00:00,70.0,0.82,160.5,7,Monsoon
2024-07-02 11:00:00,70.0,0.98,151.5,7,Monsoon
2024-07-02 12:00:00,68.0,1.1,133.5,7,Monsoon
2024-07-02 13:00:00,63.0,1.08,176.75,7,Monsoon
2024-07-02 14:00:00,63.0,0.78,175.5,7,Monsoon
2024-07-02 15:00:00,50.0,1.05,188.25,7,Monsoon
2024-07-02 16:00:00,61.0,0.6,176.5,7,Monsoon
2024-07-02 17:00:00,61.0,0.65,259.75,7,Monsoon
2024-07-02 18:00:00,74.0,1.1,268.5,7,Monsoon
2024-07-02 19:00:00,128.0,0.98,265.25,7,Monsoon
2024-07-02 20:00:00,169.0,1.1,295.75,7,Monsoon
2024-07-02 21:00:00,185.0,1.05,297.75,7,Monsoon
2024-07-02 22:00:00,177.0,1.48,313.0,7,Monsoon
2024-07-02 23:00:00,129.0,1.95,321.5,7,Monsoon
2024-07-03 00:00:00,123.0,1.92,331.5,7,Monsoon
2024-07-03 01:00:00,103.0,1.82,330.0,7,Monsoon
2024-07-03 02:00:00,90.0,2.1,327.0,7,Monsoon
2024-07-03 03:00:00,85.0,1.7,335.0,7,Monsoon
2024-07-03 04:00:00,92.0,1.52,314.25,7,Monsoon
2024-07-03 05:00:00,78.0,1.8,263.0,7,Monsoon
2024-07-03 06:00:00,77.0,2.65,247.25,7,Monsoon
2024-07-03 07:00:00,86.0,1.15,211.75,7,Monsoon
2024-07-03 08:00:00,117.0,1.08,262.5,7,Monsoon
2024-07-03 09:00:00,125.0,1.3,254.25,7,Monsoon
2024-07-03 10:00:00,145.0,1.7,265.0,7,Monsoon
2024-07-03 11:00:00,213.0,1.38,256.25,7,Monsoon
2024-07-03 12:00:00,234.0,1.58,262.5,7,Monsoon
2024-07-03 13:00:00,240.0,2.0,248.25,7,Monsoon
2024-07-03 14:00:00,182.0,3.02,262.5,7,Monsoon
2024-07-03 15:00:00,92.0,2.68,301.0,7,Monsoon
2024-07-03 16:00:00,77.0,2.0,285.5,7,Monsoon
2024-07-03 17:00:00,58.0,1.18,295.5,7,Monsoon
2024-07-03 18:00:00,31.0,1.18,277.0,7,Monsoon
2024-07-03 19:00:00,50.0,0.8,250.25,7,Monsoon
2024-07-03 20:00:00,75.0,1.27,285.75,7,Monsoon
2024-07-03 21:00:00,79.0,1.38,287.25,7,Monsoon
2024-07-03 22:00:00,72.0,1.4,275.5,7,Monsoon
2024-07-03 23:00:00,39.0,1.58,289.25,7,Monsoon
2024-07-04 00:00:00,53.0,0.92,294.5,7,Monsoon
2024-07-04 01:00:00,45.0,0.82,253.25,7,Monsoon
2024-07-04 02:00:00,45.0,1.4,232.25,7,Monsoon
2024-07-04 03:00:00,79.0,1.2,245.5,7,Monsoon
2024-07-04 04:00:00,73.0,0.85,228.25,7,Monsoon
2024-07-04 05:00:00,59.0,0.92,239.0,7,Monsoon
2024-07-04 06:00:00,44.0,1.12,250.0,7,Monsoon
2024-07-04 07:00:00,42.0,1.27,234.25,7,Monsoon
2024-07-04 08:00:00,56.0,1.3,241.0,7,Monsoon
2024-07-04 09:00:00,44.0,1.65,256.25,7,Monsoon
2024-07-04 10:00:00,41.0,1.83,253.5,7,Monsoon
2024-07-04 11:00:00,77.0,1.0,252.75,7,Monsoon
2024-07-04 12:00:00,78.0,1.38,269.5,7,Monsoon
2024-07-04 13:00:00,51.0,1.72,217.5,7,Monsoon
2024-07-04 14:00:00,59.0,1.42,229.5,7,Monsoon
2024-07-04 15:00:00,41.0,1.85,243.5,7,Monsoon
2024-07-04 16:00:00,22.0,1.7,267.0,7,Monsoon
2024-07-04 17:00:00,42.0,1.3,262.75,7,Monsoon
2024-07-04 18:00:00,55.0,1.18,248.75,7,Monsoon
2024-07-04 19:00:00,66.0,1.48,233.0,7,Monsoon
2024-07-04 20:00:00,67.0,0.52,268.0,7,Monsoon
2024-07-04 21:00:00,79.0,0.52,252.5,7,Monsoon
2024-07-04 22:00:00,94.0,0.68,254.75,7,Monsoon
2024-07-04 23:00:00,89.0,0.85,237.25,7,Monsoon
2024-07-05 00:00:00,102.0,1.65,206.25,7,Monsoon
2024-07-05 01:00:00,97.0,1.1,237.75,7,Monsoon
2024-07-05 02:00:00,90.0,1.1,217.75,7,Monsoon
2024-07-05 03:00:00,79.0,0.62,216.25,7,Monsoon
2024-07-05 04:00:00,99.0,0.98,234.0,7,Monsoon
2024-07-05 05:00:00,86.0,0.57,223.5,7,Monsoon
2024-07-05 06:00:00,64.0,0.78,233.25,7,Monsoon
2024-07-05 07:00:00,84.0,1.32,235.0,7,Monsoon
2024-07-05 08:00:00,78.0,1.4,217.5,7,Monsoon
2024-07-05 09:00:00,74.0,2.05,187.25,7,Monsoon
2024-07-05 10:00:00,63.0,1.58,215.75,7,Monsoon
2024-07-05 11:00:00,62.0,2.28,227.5,7,Monsoon
2024-07-05 12:00:00,44.0,2.02,242.25,7,Monsoon
2024-07-05 13:00:00,66.0,2.05,243.25,7,Monsoon
2024-07-05 14:00:00,66.0,1.95,249.25,7,Monsoon
2024-07-05 15:00:00,57.0,2.02,251.75,7,Monsoon
2024-07-05 16:00:00,67.0,2.33,236.5,7,Monsoon
2024-07-05 17:00:00,72.0,2.28,221.0,7,Monsoon
2024-07-05 18:00:00,61.0,2.05,224.0,7,Monsoon
2024-07-05 19:00:00,63.0,1.68,249.75,7,Monsoon
2024-07-05 20:00:00,80.0,1.92,236.25,7,Monsoon
2024-07-05 21:00:00,59.0,1.42,247.0,7,Monsoon
2024-07-05 22:00:00,51.0,1.23,253.5,7,Monsoon
2024-07-05 23:00:00,66.0,1.25,242.75,7,Monsoon
2024-07-06 00:00:00,63.0,1.05,240.25,7,Monsoon
2024-07-06 01:00:00,61.0,1.08,257.0,7,Monsoon
2024-07-06 02:00:00,39.0,0.9,260.5,7,Monsoon
2024-07-06 03:00:00,35.0,1.15,238.25,7,Monsoon
2024-07-06 04:00:00,53.0,1.1,240.25,7,Monsoon
2024-07-06 05:00:00,55.0,0.85,226.25,7,Monsoon
2024-07-06 06:00:00,47.0,0.8,235.0,7,Monsoon
2024-07-06 07:00:00,53.0,1.1,228.0,7,Monsoon
2024-07-06 08:00:00,62.0,1.55,205.5,7,Monsoon
2024-07-06 09:00:00,68.0,1.68,220.75,7,Monsoon
2024-07-06 10:00:00,72.0,1.7,215.75,7,Monsoon
2024-07-06 11:00:00,78.0,2.0,160.0,7,Monsoon
2024-07-06 12:00:00,47.0,2.42,162.0,7,Monsoon
2024-07-06 13:00:00,51.0,1.95,182.75,7,Monsoon
2024-07-06 14:00:00,61.0,1.5,235.0,7,Monsoon
2024-07-06 15:00:00,92.0,1.65,243.5,7,Monsoon
2024-07-06 16:00:00,95.0,1.4,237.0,7,Monsoon
2024-07-06 17:00:00,101.0,1.95,210.25,7,Monsoon
2024-07-06 18:00:00,68.0,2.25,204.0,7,Monsoon
2024-07-06 19:00:00,78.0,1.72,246.0,7,Monsoon
2024-07-06 20:00:00,73.0,1.78,238.25,7,Monsoon
2024-07-06 21:00:00,59.0,1.5,242.0,7,Monsoon
2024-07-06 22:00:00,51.0,1.4,242.25,7,Monsoon
2024-07-06 23:00:00,50.0,1.32,243.75,7,Monsoon
2024-07-07 00:00:00,52.0,1.62,240.0,7,Monsoon
2024-07-07 01:00:00,42.0,1.4,243.0,7,Monsoon
2024-07-07 02:00:00,17.0,1.5,230.25,7,Monsoon
2024-07-07 03:00:00,23.0,1.3,232.5,7,Monsoon
2024-07-07 04:00:00,23.0,1.27,236.0,7,Monsoon
2024-07-07 05:00:00,14.0,1.22,232.75,7,Monsoon
2024-07-07 06:00:00,17.0,1.05,244.25,7,Monsoon
2024-07-07 07:00:00,23.0,1.58,246.5,7,Monsoon
2024-07-07 08:00:00,35.0,1.75,246.0,7,Monsoon
2024-07-07 09:00:00,36.0,1.55,253.5,7,Monsoon
2024-07-07 10:00:00,63.0,1.42,270.5,7,Monsoon
2024-07-07 11:00:00,63.0,1.52,279.0,7,Monsoon
2024-07-07 12:00:00,106.0,1.23,249.25,7,Monsoon
2024-07-07 13:00:00,92.0,1.98,251.25,7,Monsoon
2024-07-07 14:00:00,110.0,2.12,234.5,7,Monsoon
2024-07-07 15:00:00,81.0,1.75,244.25,7,Monsoon
2024-07-07 16:00:00,80.0,1.9,253.25,7,Monsoon
2024-07-07 17:00:00,63.0,2.28,236.75,7,Monsoon
2024-07-07 18:00:00,84.0,2.03,248.5,7,Monsoon
2024-07-07 19:00:00,52.0,1.68,264.5,7,Monsoon
2024-07-07 20:00:00,63.0,1.55,269.25,7,Monsoon
2024-07-07 21:00:00,59.0,0.85,255.0,7,Monsoon
2024-07-07 22:00:00,108.0,0.6,245.5,7,Monsoon
2024-07-07 23:00:00,61.0,0.7,233.0,7,Monsoon
2024-07-08 00:00:00,56.0,1.3,188.75,7,Monsoon
2024-07-08 01:00:00,38.0,1.19,102.5,7,Monsoon
2024-07-08 02:00:00,36.0,1.08,162.0,7,Monsoon
2024-07-08 03:00:00,36.0,0.97,122.0,7,Monsoon
2024-07-08 04:00:00,31.0,,27.0,7,Monsoon
2024-07-08 05:00:00,42.0,0.75,167.0,7,Monsoon
2024-07-08 06:00:00,59.0,0.78,201.25,7,Monsoon
2024-07-08 07:00:00,57.0,1.65,196.75,7,Monsoon
2024-07-08 08:00:00,44.0,2.38,204.75,7,Monsoon
2024-07-08 09:00:00,59.0,2.38,210.75,7,Monsoon
2024-07-08 10:00:00,58.0,2.48,230.0,7,Monsoon
2024-07-08 11:00:00,127.0,2.52,227.0,7,Monsoon
2024-07-08 12:00:00,112.0,2.92,203.0,7,Monsoon
2024-07-08 13:00:00,113.0,2.82,208.25,7,Monsoon
2024-07-08 14:00:00,62.0,2.72,209.25,7,Monsoon
2024-07-08 15:00:00,58.0,2.22,225.75,7,Monsoon
2024-07-08 16:00:00,59.0,2.33,215.25,7,Monsoon
2024-07-08 17:00:00,63.0,2.38,225.25,7,Monsoon
2024-07-08 18:00:00,83.0,1.9,229.25,7,Monsoon
2024-07-08 19:00:00,74.0,0.75,228.75,7,Monsoon
2024-07-08 20:00:00,79.0,0.17,170.5,7,Monsoon
2024-07-08 21:00:00,86.0,0.32,171.75,7,Monsoon
2024-07-08 22:00:00,78.0,0.88,197.5,7,Monsoon
2024-07-08 23:00:00,62.0,0.85,193.5,7,Monsoon
2024-07-09 00:00:00,50.0,0.95,212.0,7,Monsoon
2024-07-09 01:00:00,56.0,0.7,172.0,7,Monsoon
2024-07-09 02:00:00,63.0,0.6,159.5,7,Monsoon
2024-07-09 03:00:00,80.0,0.5,203.5,7,Monsoon
2024-07-09 04:00:00,92.0,0.42,220.5,7,Monsoon
2024-07-09 05:00:00,86.0,0.8,278.25,7,Monsoon
2024-07-09 06:00:00,68.0,0.72,257.25,7,Monsoon
2024-07-09 07:00:00,79.0,0.98,274.75,7,Monsoon
2024-07-09 08:00:00,118.0,1.4,284.0,7,Monsoon
2024-07-09 09:00:00,117.0,1.38,291.25,7,Monsoon
2024-07-09 10:00:00,116.0,1.98,215.5,7,Monsoon
2024-07-09 11:00:00,83.0,1.6,219.75,7,Monsoon
2024-07-09 12:00:00,46.0,1.38,287.5,7,Monsoon
2024-07-09 13:00:00,29.0,1.48,270.75,7,Monsoon
2024-07-09 14:00:00,47.0,1.75,281.5,7,Monsoon
2024-07-09 15:00:00,63.0,1.38,289.25,7,Monsoon
2024-07-09 16:00:00,74.0,1.23,284.5,7,Monsoon
2024-07-09 17:00:00,117.0,0.85,259.75,7,Monsoon
2024-07-09 18:00:00,106.0,0.82,262.25,7,Monsoon
2024-07-09 19:00:00,147.0,1.25,242.25,7,Monsoon
2024-07-09 20:00:00,188.0,0.95,280.25,7,Monsoon
2024-07-09 21:00:00,153.0,0.68,262.0,7,Monsoon
2024-07-09 22:00:00,156.0,0.9,259.5,7,Monsoon
2024-07-09 23:00:00,207.0,0.77,257.0,7,Monsoon
2024-07-10 00:00:00,233.0,1.25,229.75,7,Monsoon
2024-07-10 01:00:00,241.0,0.92,241.25,7,Monsoon
2024-07-10 02:00:00,244.0,1.2,225.0,7,Monsoon
2024-07-10 03:00:00,246.0,1.15,215.0,7,Monsoon
2024-07-10 04:00:00,238.0,0.9,230.0,7,Monsoon
2024-07-10 05:00:00,227.0,0.8,244.75,7,Monsoon
2024-07-10 06:00:00,188.0,0.6,252.75,7,Monsoon
2024-07-10 07:00:00,213.0,0.98,269.25,7,Monsoon
2024-07-10 08:00:00,254.0,0.82,274.0,7,Monsoon
2024-07-10 09:00:00,223.0,0.75,198.25,7,Monsoon
2024-07-10 10:00:00,133.0,1.15,149.5,7,Monsoon
2024-07-10 11:00:00,114.0,1.27,179.25,7,Monsoon
2024-07-10 12:00:00,99.0,1.45,178.5,7,Monsoon
2024-07-10 13:00:00,99.0,1.83,223.0,7,Monsoon
2024-07-10 14:00:00,99.0,1.52,245.5,7,Monsoon
2024-07-10 15:00:00,113.0,2.1,238.75,7,Monsoon
2024-07-10 16:00:00,133.0,1.32,276.25,7,Monsoon
2024-07-10 17:00:00,121.0,1.02,252.5,7,Monsoon
2024-07-10 18:00:00,158.0,1.25,271.0,7,Monsoon
2024-07-10 19:00:00,156.0,1.35,304.5,7,Monsoon
2024-07-10 20:00:00,145.0,1.48,330.25,7,Monsoon
2024-07-10 21:00:00,175.0,1.55,319.5,7,Monsoon
2024-07-10 22:00:00,157.0,1.2,321.5,7,Monsoon
2024-07-10 23:00:00,164.0,2.25,260.25,7,Monsoon
2024-07-11 00:00:00,141.0,1.6,274.25,7,Monsoon
2024-07-11 01:00:00,113.0,1.48,263.75,7,Monsoon
2024-07-11 02:00:00,116.0,0.43,285.0,7,Monsoon
2024-07-11 03:00:00,147.0,0.68,269.25,7,Monsoon
2024-07-11 04:00:00,184.0,0.8,275.25,7,Monsoon
2024-07-11 05:00:00,200.0,0.78,291.25,7,Monsoon
2024-07-11 06:00:00,155.0,1.18,283.0,7,Monsoon
2024-07-11 07:00:00,152.0,0.77,260.0,7,Monsoon
2024-07-11 08:00:00,133.0,1.1,195.5,7,Monsoon
2024-07-11 09:00:00,97.0,1.0,171.0,7,Monsoon
2024-07-11 10:00:00,85.0,1.1,131.25,7,Monsoon
2024-07-11 11:00:00,75.0,1.58,212.75,7,Monsoon
2024-07-11 12:00:00,78.0,1.95,214.25,7,Monsoon
2024-07-11 13:00:00,89.0,2.05,209.25,7,Monsoon
2024-07-11 14:00:00,80.0,1.8,210.75,7,Monsoon
2024-07-11 15:00:00,90.0,2.33,196.0,7,Monsoon
2024-07-11 16:00:00,113.0,2.82,197.25,7,Monsoon
2024-07-11 17:00:00,108.0,3.22,184.75,7,Monsoon
2024-07-11 18:00:00,124.0,2.82,165.25,7,Monsoon
2024-07-11 19:00:00,151.0,1.95,180.5,7,Monsoon
2024-07-11 20:00:00,177.0,0.72,271.0,7,Monsoon
2024-07-11 21:00:00,216.0,0.52,261.75,7,Monsoon
2024-07-11 22:00:00,215.0,0.57,284.25,7,Monsoon
2024-07-11 23:00:00,223.0,0.57,205.25,7,Monsoon
2024-07-12 00:00:00,172.0,1.0,196.0,7,Monsoon
2024-07-12 01:00:00,139.0,0.98,174.5,7,Monsoon
2024-07-12 02:00:00,139.0,1.68,254.75,7,Monsoon
2024-07-12 03:00:00,128.0,2.48,255.5,7,Monsoon
2024-07-12 04:00:00,113.0,2.15,219.75,7,Monsoon
2024-07-12 05:00:00,58.0,3.25,140.25,7,Monsoon
2024-07-12 06:00:00,48.0,3.5,135.0,7,Monsoon
2024-07-12 07:00:00,46.0,2.95,180.0,7,Monsoon
2024-07-12 08:00:00,57.0,1.1,159.5,7,Monsoon
2024-07-12 09:00:00,51.0,1.55,144.75,7,Monsoon
2024-07-12 10:00:00,58.0,0.9,150.75,7,Monsoon
2024-07-12 11:00:00,63.0,1.45,151.0,7,Monsoon
2024-07-12 12:00:00,79.0,1.15,153.75,7,Monsoon
2024-07-12 13:00:00,67.0,1.42,148.25,7,Monsoon
2024-07-12 14:00:00,70.0,1.45,150.5,7,Monsoon
2024-07-12 15:00:00,78.0,1.35,145.25,7,Monsoon
2024-07-12 16:00:00,81.0,0.62,148.75,7,Monsoon
2024-07-12 17:00:00,81.0,0.68,147.75,7,Monsoon
2024-07-12 18:00:00,101.0,0.9,156.0,7,Monsoon
2024-07-12 19:00:00,113.0,1.7,192.0,7,Monsoon
2024-07-12 20:00:00,118.0,1.88,220.25,7,Monsoon
2024-07-12 21:00:00,118.0,1.82,243.75,7,Monsoon
2024-07-12 22:00:00,136.0,2.62,212.0,7,Monsoon
2024-07-12 23:00:00,151.0,3.03,178.0,7,Monsoon
2024-07-13 00:00:00,129.0,2.05,195.5,7,Monsoon
2024-07-13 01:00:00,113.0,3.28,93.75,7,Monsoon
2024-07-13 02:00:00,133.0,1.65,169.0,7,Monsoon
2024-07-13 03:00:00,139.0,1.17,120.5,7,Monsoon
2024-07-13 04:00:00,135.0,3.48,131.25,7,Monsoon
2024-07-13 05:00:00,161.0,0.98,93.75,7,Monsoon
2024-07-13 06:00:00,240.0,1.43,129.0,7,Monsoon
2024-07-13 07:00:00,61.0,1.07,240.0,7,Monsoon
2024-07-13 08:00:00,46.0,1.27,264.5,7,Monsoon
2024-07-13 09:00:00,83.0,1.52,209.5,7,Monsoon
2024-07-13 10:00:00,89.0,1.65,243.25,7,Monsoon
2024-07-13 11:00:00,94.0,1.68,226.5,7,Monsoon
2024-07-13 12:00:00,92.0,1.4,193.0,7,Monsoon
2024-07-13 13:00:00,107.0,1.45,249.0,7,Monsoon
2024-07-13 14:00:00,100.0,1.12,163.75,7,Monsoon
2024-07-13 15:00:00,22.0,1.17,226.75,7,Monsoon
2024-07-13 16:00:00,22.0,0.92,281.0,7,Monsoon
2024-07-13 17:00:00,68.0,0.62,273.75,7,Monsoon
2024-07-13 18:00:00,91.0,0.55,270.25,7,Monsoon
2024-07-13 19:00:00,94.0,0.4,158.75,7,Monsoon
2024-07-13 20:00:00,111.0,1.3,290.75,7,Monsoon
2024-07-13 21:00:00,145.0,1.23,308.5,7,Monsoon
2024-07-13 22:00:00,172.0,1.92,204.75,7,Monsoon
2024-07-13 23:00:00,150.0,1.4,261.25,7,Monsoon
2024-07-14 00:00:00,108.0,1.8,201.75,7,Monsoon
2024-07-14 01:00:00,94.0,0.85,302.5,7,Monsoon
2024-07-14 02:00:00,81.0,1.33,241.75,7,Monsoon
2024-07-14 03:00:00,73.0,2.9,192.25,7,Monsoon
2024-07-14 04:00:00,78.0,0.7,294.5,7,Monsoon
2024-07-14 05:00:00,86.0,1.35,184.0,7,Monsoon
2024-07-14 06:00:00,78.0,0.65,273.5,7,Monsoon
2024-07-14 07:00:00,91.0,0.68,260.75,7,Monsoon
2024-07-14 08:00:00,149.0,0.95,261.25,7,Monsoon
2024-07-14 09:00:00,123.0,1.18,245.25,7,Monsoon
2024-07-14 10:00:00,116.0,1.25,240.0,7,Monsoon
2024-07-14 11:00:00,121.0,1.18,239.75,7,Monsoon
2024-07-14 12:00:00,119.0,1.38,265.5,7,Monsoon
2024-07-14 13:00:00,114.0,1.75,286.75,7,Monsoon
2024-07-14 14:00:00,151.0,0.85,247.25,7,Monsoon
2024-07-14 15:00:00,119.0,1.1,235.75,7,Monsoon
2024-07-14 16:00:00,116.0,1.25,246.75,7,Monsoon
2024-07-14 17:00:00,128.0,1.32,239.25,7,Monsoon
2024-07-14 18:00:00,134.0,0.92,243.5,7,Monsoon
2024-07-14 19:00:00,149.0,0.9,242.5,7,Monsoon
2024-07-14 20:00:00,173.0,0.65,263.0,7,Monsoon
2024-07-14 21:00:00,130.0,0.65,262.5,7,Monsoon
2024-07-14 22:00:00,152.0,0.85,273.75,7,Monsoon
2024-07-14 23:00:00,182.0,0.65,265.5,7,Monsoon
2024-07-15 00:00:00,144.0,0.65,266.5,7,Monsoon
2024-07-15 01:00:00,130.0,0.6,264.25,7,Monsoon
2024-07-15 02:00:00,99.0,0.95,279.75,7,Monsoon
2024-07-15 03:00:00,106.0,0.85,294.0,7,Monsoon
2024-07-15 04:00:00,105.0,1.15,284.25,7,Monsoon
2024-07-15 05:00:00,128.0,0.98,280.5,7,Monsoon
2024-07-15 06:00:00,134.0,0.82,251.5,7,Monsoon
2024-07-15 07:00:00,151.0,0.85,256.0,7,Monsoon
2024-07-15 08:00:00,175.0,2.48,203.75,7,Monsoon
2024-07-15 09:00:00,124.0,2.4,201.0,7,Monsoon
2024-07-15 10:00:00,70.75,1.92,245.5,7,Monsoon
2024-07-15 11:00:00,35.0,1.05,259.75,7,Monsoon
2024-07-15 12:00:00,34.25,1.82,195.75,7,Monsoon
2024-07-15 13:00:00,72.0,1.9,178.5,7,Monsoon
2024-07-15 14:00:00,84.75,1.4,213.75,7,Monsoon
2024-07-15 15:00:00,73.0,1.7,253.5,7,Monsoon
2024-07-15 16:00:00,75.0,1.5,240.75,7,Monsoon
2024-07-15 17:00:00,83.0,1.08,244.75,7,Monsoon
2024-07-15 18:00:00,88.0,1.05,241.0,7,Monsoon
2024-07-15 19:00:00,99.5,0.88,236.5,7,Monsoon
2024-07-15 20:00:00,105.25,0.52,252.0,7,Monsoon
2024-07-15 21:00:00,107.5,0.6,253.25,7,Monsoon
2024-07-15 22:00:00,112.5,0.7,262.25,7,Monsoon
2024-07-15 23:00:00,117.0,0.82,235.25,7,Monsoon
2024-07-16 00:00:00,112.0,1.05,223.5,7,Monsoon
2024-07-16 01:00:00,96.5,2.02,210.0,7,Monsoon
2024-07-16 02:00:00,102.5,2.25,198.75,7,Monsoon
2024-07-16 03:00:00,103.0,1.62,236.75,7,Monsoon
2024-07-16 04:00:00,105.0,1.08,262.5,7,Monsoon
2024-07-16 05:00:00,115.75,1.27,250.0,7,Monsoon
2024-07-16 06:00:00,109.25,1.78,231.75,7,Monsoon
2024-07-16 07:00:00,107.5,1.3,239.75,7,Monsoon
2024-07-16 08:00:00,109.5,1.5,268.75,7,Monsoon
2024-07-16 09:00:00,118.25,1.68,289.5,7,Monsoon
2024-07-16 10:00:00,106.75,1.68,291.0,7,Monsoon
2024-07-16 11:00:00,96.0,1.98,281.5,7,Monsoon
2024-07-16 12:00:00,97.75,1.72,257.0,7,Monsoon
2024-07-16 13:00:00,87.75,1.82,283.75,7,Monsoon
2024-07-16 14:00:00,83.25,2.2,246.25,7,Monsoon
2024-07-16 15:00:00,79.25,2.3,266.0,7,Monsoon
2024-07-16 16:00:00,83.25,1.82,263.0,7,Monsoon
2024-07-16 17:00:00,87.25,1.25,244.25,7,Monsoon
2024-07-16 18:00:00,114.25,1.6,207.75,7,Monsoon
2024-07-16 19:00:00,118.5,1.72,197.25,7,Monsoon
2024-07-16 20:00:00,114.0,1.45,191.75,7,Monsoon
2024-07-16 21:00:00,119.75,1.23,228.25,7,Monsoon
2024-07-16 22:00:00,97.25,1.02,257.0,7,Monsoon
2024-07-16 23:00:00,82.25,1.08,233.0,7,Monsoon
2024-07-17 00:00:00,88.25,1.27,232.25,7,Monsoon
2024-07-17 01:00:00,88.75,1.8,215.75,7,Monsoon
2024-07-17 02:00:00,94.0,1.7,213.5,7,Monsoon
2024-07-17 03:00:00,100.5,1.9,231.25,7,Monsoon
2024-07-17 04:00:00,112.5,1.6,256.5,7,Monsoon
2024-07-17 05:00:00,104.0,1.42,281.0,7,Monsoon
2024-07-17 06:00:00,85.0,1.45,293.25,7,Monsoon
2024-07-17 07:00:00,71.75,1.62,290.0,7,Monsoon
2024-07-17 08:00:00,61.5,1.85,308.75,7,Monsoon
2024-07-17 09:00:00,67.25,1.6,296.0,7,Monsoon
2024-07-17 10:00:00,79.75,1.25,279.0,7,Monsoon
2024-07-17 11:00:00,81.5,1.4,278.5,7,Monsoon
2024-07-17 12:00:00,81.0,1.58,251.25,7,Monsoon
2024-07-17 13:00:00,92.25,1.9,236.0,7,Monsoon
2024-07-17 14:00:00,101.25,2.35,192.5,7,Monsoon
2024-07-17 15:00:00,146.5,1.88,187.5,7,Monsoon
2024-07-17 16:00:00,119.0,1.35,232.25,7,Monsoon
2024-07-17 17:00:00,72.75,1.12,229.0,7,Monsoon
2024-07-17 18:00:00,90.5,1.62,222.5,7,Monsoon
2024-07-17 19:00:00,99.25,1.15,236.25,7,Monsoon
2024-07-17 20:00:00,84.75,0.92,227.0,7,Monsoon
2024-07-17 21:00:00,101.0,1.18,248.5,7,Monsoon
2024-07-17 22:00:00,93.75,1.35,226.75,7,Monsoon
2024-07-17 23:00:00,84.5,2.45,172.5,7,Monsoon
2024-07-18 00:00:00,83.0,2.7,173.0,7,Monsoon
2024-07-18 01:00:00,77.0,1.78,231.5,7,Monsoon
2024-07-18 02:00:00,69.0,1.7,247.75,7,Monsoon
2024-07-18 03:00:00,70.75,0.92,259.75,7,Monsoon
2024-07-18 04:00:00,78.75,0.7,257.5,7,Monsoon
2024-07-18 05:00:00,87.0,0.57,258.75,7,Monsoon
2024-07-18 06:00:00,96.5,0.95,255.5,7,Monsoon
2024-07-18 07:00:00,117.75,0.85,250.0,7,Monsoon
2024-07-18 08:00:00,139.0,1.45,282.0,7,Monsoon
2024-07-18 09:00:00,112.5,1.35,292.0,7,Monsoon
2024-07-18 10:00:00,106.5,1.3,263.5,7,Monsoon
2024-07-18 11:00:00,93.75,1.32,214.75,7,Monsoon
2024-07-18 12:00:00,105.5,2.02,222.25,7,Monsoon
2024-07-18 13:00:00,69.75,2.22,295.25,7,Monsoon
2024-07-18 14:00:00,65.0,1.35,302.5,7,Monsoon
2024-07-18 15:00:00,71.0,2.0,228.25,7,Monsoon
2024-07-18 16:00:00,60.0,1.68,273.5,7,Monsoon
2024-07-18 17:00:00,58.25,1.12,261.75,7,Monsoon
2024-07-18 18:00:00,66.5,1.2,285.75,7,Monsoon
2024-07-18 19:00:00,105.75,1.62,267.5,7,Monsoon
2024-07-18 20:00:00,143.5,1.72,253.5,7,Monsoon
2024-07-18 21:00:00,158.75,0.82,273.0,7,Monsoon
2024-07-18 22:00:00,181.25,0.72,286.75,7,Monsoon
2024-07-18 23:00:00,155.75,1.08,255.5,7,Monsoon
2024-07-19 00:00:00,158.5,0.92,269.25,7,Monsoon
2024-07-19 01:00:00,142.75,1.6,215.25,7,Monsoon
2024-07-19 02:00:00,116.5,1.2,238.25,7,Monsoon
2024-07-19 03:00:00,135.5,1.02,238.5,7,Monsoon
2024-07-19 04:00:00,135.0,1.27,223.25,7,Monsoon
2024-07-19 05:00:00,122.25,0.92,237.0,7,Monsoon
2024-07-19 06:00:00,115.25,0.85,278.0,7,Monsoon
2024-07-19 07:00:00,108.75,1.48,217.25,7,Monsoon
2024-07-19 08:00:00,98.75,1.2,239.5,7,Monsoon
2024-07-19 09:00:00,98.25,1.62,263.0,7,Monsoon
2024-07-19 10:00:00,109.5,1.45,259.5,7,Monsoon
2024-07-19 11:00:00,140.75,1.35,243.5,7,Monsoon
2024-07-19 12:00:00,130.5,1.35,267.0,7,Monsoon
2024-07-19 13:00:00,115.0,1.45,262.75,7,Monsoon
2024-07-19 14:00:00,133.0,1.72,266.0,7,Monsoon
2024-07-19 15:00:00,172.25,1.58,273.75,7,Monsoon
2024-07-19 16:00:00,179.25,1.65,284.75,7,Monsoon
2024-07-19 17:00:00,167.5,1.5,276.5,7,Monsoon
2024-07-19 18:00:00,155.75,1.9,297.75,7,Monsoon
2024-07-19 19:00:00,156.0,2.1,315.75,7,Monsoon
2024-07-19 20:00:00,141.25,2.0,322.5,7,Monsoon
2024-07-19 21:00:00,144.25,1.85,330.5,7,Monsoon
2024-07-19 22:00:00,148.5,2.22,338.25,7,Monsoon
2024-07-19 23:00:00,124.25,2.0,317.75,7,Monsoon
2024-07-20 00:00:00,99.5,1.58,324.75,7,Monsoon
2024-07-20 01:00:00,91.75,0.9,293.75,7,Monsoon
2024-07-20 02:00:00,110.5,0.95,295.0,7,Monsoon
2024-07-20 03:00:00,108.0,1.45,299.0,7,Monsoon
2024-07-20 04:00:00,97.5,1.62,294.75,7,Monsoon
2024-07-20 05:00:00,86.75,1.15,260.25,7,Monsoon
2024-07-20 06:00:00,73.5,0.92,296.0,7,Monsoon
2024-07-20 07:00:00,73.75,1.4,304.0,7,Monsoon
2024-07-20 08:00:00,79.5,1.45,299.5,7,Monsoon
2024-07-20 09:00:00,88.5,1.42,277.25,7,Monsoon
2024-07-20 10:00:00,91.0,1.4,272.5,7,Monsoon
2024-07-20 11:00:00,97.0,1.45,244.75,7,Monsoon
2024-07-20 12:00:00,112.5,1.4,243.25,7,Monsoon
2024-07-20 13:00:00,129.0,1.48,250.5,7,Monsoon
2024-07-20 14:00:00,148.0,1.4,253.25,7,Monsoon
2024-07-20 15:00:00,150.0,1.38,249.25,7,Monsoon
2024-07-20 16:00:00,149.0,1.42,245.0,7,Monsoon
2024-07-20 17:00:00,166.25,1.45,247.0,7,Monsoon
2024-07-20 18:00:00,171.25,1.15,234.75,7,Monsoon
2024-07-20 19:00:00,175.5,1.03,230.25,7,Monsoon
2024-07-20 20:00:00,189.75,0.72,245.75,7,Monsoon
2024-07-20 21:00:00,158.0,0.9,261.25,7,Monsoon
2024-07-20 22:00:00,149.75,0.9,236.75,7,Monsoon
2024-07-20 23:00:00,150.25,0.82,235.0,7,Monsoon
2024-07-21 00:00:00,142.5,0.9,233.75,7,Monsoon
2024-07-21 01:00:00,144.5,0.85,242.0,7,Monsoon
2024-07-21 02:00:00,140.75,0.85,240.0,7,Monsoon
2024-07-21 03:00:00,133.75,1.0,244.0,7,Monsoon
2024-07-21 04:00:00,124.5,0.72,242.0,7,Monsoon
2024-07-21 05:00:00,125.75,0.85,264.5,7,Monsoon
2024-07-21 06:00:00,140.5,1.0,270.75,7,Monsoon
2024-07-21 07:00:00,127.0,1.92,317.75,7,Monsoon
2024-07-21 08:00:00,88.0,1.8,315.25,7,Monsoon
2024-07-21 09:00:00,67.0,2.1,315.0,7,Monsoon
2024-07-21 10:00:00,86.0,2.42,301.25,7,Monsoon
2024-07-21 11:00:00,90.0,2.2,288.5,7,Monsoon
2024-07-21 12:00:00,90.0,1.85,283.0,7,Monsoon
2024-07-21 13:00:00,110.0,2.48,244.75,7,Monsoon
2024-07-21 14:00:00,144.0,2.42,243.75,7,Monsoon
2024-07-21 15:00:00,91.0,2.28,249.75,7,Monsoon
2024-07-21 16:00:00,92.0,1.95,245.5,7,Monsoon
2024-07-21 17:00:00,81.0,1.5,248.0,7,Monsoon
2024-07-21 18:00:00,81.0,1.6,245.25,7,Monsoon
2024-07-21 19:00:00,101.0,1.6,248.0,7,Monsoon
2024-07-21 20:00:00,100.0,1.35,259.75,7,Monsoon
2024-07-21 21:00:00,112.0,0.98,243.25,7,Monsoon
2024-07-21 22:00:00,145.0,1.12,252.0,7,Monsoon
2024-07-21 23:00:00,125.0,1.08,260.5,7,Monsoon
2024-07-22 00:00:00,106.0,1.02,267.75,7,Monsoon
2024-07-22 01:00:00,89.0,1.18,274.75,7,Monsoon
2024-07-22 02:00:00,63.0,1.02,276.25,7,Monsoon
2024-07-22 03:00:00,69.0,1.55,244.0,7,Monsoon
2024-07-22 04:00:00,86.0,1.23,261.25,7,Monsoon
2024-07-22 05:00:00,77.0,1.35,287.75,7,Monsoon
2024-07-22 06:00:00,72.0,1.35,312.25,7,Monsoon
2024-07-22 07:00:00,89.0,1.52,307.0,7,Monsoon
2024-07-22 08:00:00,92.0,1.85,314.0,7,Monsoon
2024-07-22 09:00:00,112.0,2.02,306.25,7,Monsoon
2024-07-22 10:00:00,114.0,2.9,274.25,7,Monsoon
2024-07-22 11:00:00,114.0,2.4,259.75,7,Monsoon
2024-07-22 12:00:00,113.0,2.2,268.25,7,Monsoon
2024-07-22 13:00:00,213.0,2.62,208.75,7,Monsoon
2024-07-22 14:00:00,381.0,1.0,253.25,7,Monsoon
2024-07-22 15:00:00,319.0,0.82,203.75,7,Monsoon
2024-07-22 16:00:00,257.0,1.22,234.0,7,Monsoon
2024-07-22 17:00:00,180.3333333333333,1.23,229.25,7,Monsoon
2024-07-22 18:00:00,103.66666666666666,0.88,277.75,7,Monsoon
2024-07-22 19:00:00,27.0,1.05,256.0,7,Monsoon
2024-07-22 20:00:00,53.0,1.78,216.25,7,Monsoon
2024-07-22 21:00:00,64.0,1.45,230.25,7,Monsoon
2024-07-22 22:00:00,50.0,0.9,245.75,7,Monsoon
2024-07-22 23:00:00,61.0,1.02,231.75,7,Monsoon
2024-07-23 00:00:00,70.0,1.1,243.0,7,Monsoon
2024-07-23 01:00:00,80.0,1.0,242.25,7,Monsoon
2024-07-23 02:00:00,68.0,1.0,242.0,7,Monsoon
2024-07-23 03:00:00,69.0,0.65,230.75,7,Monsoon
2024-07-23 04:00:00,62.0,1.0,241.5,7,Monsoon
2024-07-23 05:00:00,64.0,0.9,241.25,7,Monsoon
2024-07-23 06:00:00,68.0,0.75,245.75,7,Monsoon
2024-07-23 07:00:00,88.0,1.1,243.75,7,Monsoon
2024-07-23 08:00:00,124.0,0.8,250.25,7,Monsoon
2024-07-23 09:00:00,118.0,1.38,299.5,7,Monsoon
2024-07-23 10:00:00,90.0,1.5,292.25,7,Monsoon
2024-07-23 11:00:00,88.5,1.12,221.5,7,Monsoon
2024-07-23 12:00:00,92.0,1.4,191.25,7,Monsoon
2024-07-23 13:00:00,80.0,1.55,263.0,7,Monsoon
2024-07-23 14:00:00,97.0,2.2,241.75,7,Monsoon
2024-07-23 15:00:00,39.0,1.62,253.75,7,Monsoon
2024-07-23 16:00:00,36.0,1.15,244.0,7,Monsoon
2024-07-23 17:00:00,58.0,1.0,250.0,7,Monsoon
2024-07-23 18:00:00,50.0,0.98,239.0,7,Monsoon
2024-07-23 19:00:00,68.0,0.8,229.25,7,Monsoon
2024-07-23 20:00:00,94.0,0.85,253.5,7,Monsoon
2024-07-23 21:00:00,74.0,0.9,273.5,7,Monsoon
2024-07-23 22:00:00,88.0,1.42,261.0,7,Monsoon
2024-07-23 23:00:00,101.0,1.4,262.0,7,Monsoon
2024-07-24 00:00:00,139.0,1.35,239.5,7,Monsoon
2024-07-24 01:00:00,145.0,1.52,255.0,7,Monsoon
2024-07-24 02:00:00,116.0,1.12,247.5,7,Monsoon
2024-07-24 03:00:00,110.0,1.82,242.25,7,Monsoon
2024-07-24 04:00:00,81.0,1.75,204.0,7,Monsoon
2024-07-24 05:00:00,34.0,1.62,224.0,7,Monsoon
2024-07-24 06:00:00,46.0,3.28,175.75,7,Monsoon
2024-07-24 07:00:00,20.0,0.9,239.0,7,Monsoon
2024-07-24 08:00:00,24.0,0.68,218.25,7,Monsoon
2024-07-24 09:00:00,47.0,0.82,242.25,7,Monsoon
2024-07-24 10:00:00,38.0,0.68,235.25,7,Monsoon
2024-07-24 11:00:00,45.0,1.67,260.0,7,Monsoon
2024-07-24 12:00:00,99.0,0.88,265.75,7,Monsoon
2024-07-24 13:00:00,118.0,1.1,217.75,7,Monsoon
2024-07-24 14:00:00,133.0,1.18,195.0,7,Monsoon
2024-07-24 15:00:00,103.0,0.75,228.0,7,Monsoon
2024-07-24 16:00:00,84.0,0.45,211.25,7,Monsoon
2024-07-24 17:00:00,81.0,0.45,191.0,7,Monsoon
2024-07-24 18:00:00,74.0,0.42,223.75,7,Monsoon
2024-07-24 19:00:00,75.0,0.38,201.5,7,Monsoon
2024-07-24 20:00:00,95.0,0.38,182.25,7,Monsoon
2024-07-24 21:00:00,118.0,1.32,251.0,7,Monsoon
2024-07-24 22:00:00,124.0,1.68,249.5,7,Monsoon
2024-07-24 23:00:00,110.0,1.98,271.25,7,Monsoon
2024-07-25 00:00:00,124.0,2.62,241.0,7,Monsoon
2024-07-25 01:00:00,145.0,2.08,235.5,7,Monsoon
2024-07-25 02:00:00,147.0,1.18,242.25,7,Monsoon
2024-07-25 03:00:00,72.0,0.8,235.5,7,Monsoon
2024-07-25 04:00:00,58.0,1.05,233.25,7,Monsoon
2024-07-25 05:00:00,51.0,0.98,238.5,7,Monsoon
2024-07-25 06:00:00,51.0,1.0,234.75,7,Monsoon
2024-07-25 07:00:00,66.0,1.08,253.5,7,Monsoon
2024-07-25 08:00:00,69.0,1.7,258.0,7,Monsoon
2024-07-25 09:00:00,95.0,1.52,278.75,7,Monsoon
2024-07-25 10:00:00,55.0,1.15,279.0,7,Monsoon
2024-07-25 11:00:00,47.0,1.15,210.75,7,Monsoon
2024-07-25 12:00:00,53.0,0.88,218.5,7,Monsoon
2024-07-25 13:00:00,83.0,0.78,185.25,7,Monsoon
2024-07-25 14:00:00,113.0,1.1,224.0,7,Monsoon
2024-07-25 15:00:00,78.0,1.18,249.25,7,Monsoon
2024-07-25 16:00:00,46.0,1.15,233.25,7,Monsoon
2024-07-25 17:00:00,40.0,1.12,224.5,7,Monsoon
2024-07-25 18:00:00,46.0,0.85,240.5,7,Monsoon
2024-07-25 19:00:00,53.0,0.5,250.5,7,Monsoon
2024-07-25 20:00:00,80.0,1.1,272.25,7,Monsoon
2024-07-25 21:00:00,114.0,1.1,292.75,7,Monsoon
2024-07-25 22:00:00,114.0,0.75,307.75,7,Monsoon
2024-07-25 23:00:00,77.0,0.6,290.5,7,Monsoon
2024-07-26 00:00:00,89.0,0.92,326.0,7,Monsoon
2024-07-26 01:00:00,70.0,1.12,316.25,7,Monsoon
2024-07-26 02:00:00,63.0,2.78,234.0,7,Monsoon
2024-07-26 03:00:00,77.0,2.2,234.25,7,Monsoon
2024-07-26 04:00:00,103.0,1.98,207.25,7,Monsoon
2024-07-26 05:00:00,97.0,3.02,166.0,7,Monsoon
2024-07-26 06:00:00,67.0,1.57,273.75,7,Monsoon
2024-07-26 07:00:00,25.0,1.0,246.0,7,Monsoon
2024-07-26 08:00:00,16.0,2.0,144.25,7,Monsoon
2024-07-26 09:00:00,19.0,1.68,195.0,7,Monsoon
2024-07-26 10:00:00,29.0,1.15,156.75,7,Monsoon
2024-07-26 11:00:00,69.0,1.27,158.25,7,Monsoon
2024-07-26 12:00:00,57.0,1.38,187.0,7,Monsoon
2024-07-26 13:00:00,91.0,1.0,227.75,7,Monsoon
2024-07-26 14:00:00,106.0,1.18,286.25,7,Monsoon
2024-07-26 15:00:00,103.0,0.57,205.0,7,Monsoon
2024-07-26 16:00:00,105.0,0.68,183.5,7,Monsoon
2024-07-26 17:00:00,103.0,1.1,182.5,7,Monsoon
2024-07-26 18:00:00,114.0,1.02,261.25,7,Monsoon
2024-07-26 19:00:00,135.0,0.75,267.75,7,Monsoon
2024-07-26 20:00:00,144.0,0.38,245.75,7,Monsoon
2024-07-26 21:00:00,160.0,0.52,263.0,7,Monsoon
2024-07-26 22:00:00,193.0,0.65,267.5,7,Monsoon
2024-07-26 23:00:00,227.0,0.8,253.25,7,Monsoon
2024-07-27 00:00:00,213.0,1.45,272.75,7,Monsoon
2024-07-27 01:00:00,219.0,2.28,303.25,7,Monsoon
2024-07-27 02:00:00,213.0,2.1,271.75,7,Monsoon
2024-07-27 03:00:00,166.0,2.2,239.5,7,Monsoon
2024-07-27 04:00:00,157.0,1.98,239.0,7,Monsoon
2024-07-27 05:00:00,114.0,1.7,248.25,7,Monsoon
2024-07-27 06:00:00,91.0,1.38,241.25,7,Monsoon
2024-07-27 07:00:00,128.0,2.62,204.25,7,Monsoon
2024-07-27 08:00:00,111.0,1.18,263.5,7,Monsoon
2024-07-27 09:00:00,130.0,0.65,225.75,7,Monsoon
2024-07-27 10:00:00,130.0,0.55,211.0,7,Monsoon
2024-07-27 11:00:00,100.0,1.1,170.25,7,Monsoon
2024-07-27 12:00:00,95.0,1.2,196.75,7,Monsoon
2024-07-27 13:00:00,132.0,1.48,243.0,7,Monsoon
2024-07-27 14:00:00,125.0,1.52,222.5,7,Monsoon
2024-07-27 15:00:00,78.0,1.45,240.0,7,Monsoon
2024-07-27 16:00:00,74.0,1.35,286.5,7,Monsoon
2024-07-27 17:00:00,63.0,0.6,252.5,7,Monsoon
2024-07-27 18:00:00,65.25,0.9,244.25,7,Monsoon
2024-07-27 19:00:00,67.0,1.82,323.25,7,Monsoon
2024-07-27 20:00:00,67.0,1.12,264.75,7,Monsoon
2024-07-27 21:00:00,68.0,0.62,199.75,7,Monsoon
2024-07-27 22:00:00,81.0,0.75,255.5,7,Monsoon
2024-07-27 23:00:00,95.0,0.62,242.75,7,Monsoon
2024-07-28 00:00:00,89.0,1.18,282.0,7,Monsoon
2024-07-28 01:00:00,95.0,1.4,316.25,7,Monsoon
2024-07-28 02:00:00,78.0,1.72,268.0,7,Monsoon
2024-07-28 03:00:00,85.0,1.7,235.25,7,Monsoon
2024-07-28 04:00:00,83.0,1.52,225.5,7,Monsoon
2024-07-28 05:00:00,90.0,2.58,246.75,7,Monsoon
2024-07-28 06:00:00,83.0,1.4,235.0,7,Monsoon
2024-07-28 07:00:00,107.0,0.85,263.75,7,Monsoon
2024-07-28 08:00:00,104.89285714285714,0.85,244.75,7,Monsoon
2024-07-28 09:00:00,102.78571428571428,1.12,260.25,7,Monsoon
2024-07-28 10:00:00,100.67857142857144,1.52,249.5,7,Monsoon
2024-07-28 11:00:00,,1.52,240.25,7,Monsoon
2024-07-28 12:00:00,,1.18,243.5,7,Monsoon
2024-07-28 13:00:00,,1.45,290.0,7,Monsoon
2024-07-28 14:00:00,,0.98,174.5,7,Monsoon
2024-07-28 15:00:00,,1.18,184.25,7,Monsoon
2024-07-28 16:00:00,,1.75,181.75,7,Monsoon
2024-07-28 17:00:00,,2.08,205.5,7,Monsoon
2024-07-28 18:00:00,,1.68,236.5,7,Monsoon
2024-07-28 19:00:00,,0.95,247.0,7,Monsoon
2024-07-28 20:00:00,,1.25,246.0,7,Monsoon
2024-07-28 21:00:00,,1.15,246.75,7,Monsoon
2024-07-28 22:00:00,,0.92,235.5,7,Monsoon
2024-07-28 23:00:00,,0.9,250.75,7,Monsoon
2024-07-29 00:00:00,,0.98,261.5,7,Monsoon
2024-07-29 01:00:00,,0.98,259.25,7,Monsoon
2024-07-29 02:00:00,,1.27,270.5,7,Monsoon
2024-07-29 03:00:00,,1.32,236.75,7,Monsoon
2024-07-29 04:00:00,,2.45,230.25,7,Monsoon
2024-07-29 05:00:00,,1.65,242.0,7,Monsoon
2024-07-29 06:00:00,,1.23,243.25,7,Monsoon
2024-07-29 07:00:00,,1.48,250.25,7,Monsoon
2024-07-29 08:00:00,,1.9,274.75,7,Monsoon
2024-07-29 09:00:00,,2.17,284.75,7,Monsoon
2024-07-29 10:00:00,,1.65,293.0,7,Monsoon
2024-07-29 11:00:00,48.0,1.6,292.0,7,Monsoon
2024-07-29 12:00:00,62.25,1.62,286.0,7,Monsoon
2024-07-29 13:00:00,74.5,1.72,279.0,7,Monsoon
2024-07-29 14:00:00,82.25,1.68,269.5,7,Monsoon
2024-07-29 15:00:00,72.75,1.55,248.0,7,Monsoon
2024-07-29 16:00:00,93.0,1.98,271.75,7,Monsoon
2024-07-29 17:00:00,79.25,1.82,284.5,7,Monsoon
2024-07-29 18:00:00,75.75,1.48,313.25,7,Monsoon
2024-07-29 19:00:00,86.75,0.9,305.75,7,Monsoon
2024-07-29 20:00:00,107.25,0.68,310.5,7,Monsoon
2024-07-29 21:00:00,164.75,0.7,279.75,7,Monsoon
2024-07-29 22:00:00,176.75,0.6,250.0,7,Monsoon
2024-07-29 23:00:00,158.5,0.42,230.0,7,Monsoon
2024-07-30 00:00:00,144.0,0.78,242.5,7,Monsoon
2024-07-30 01:00:00,147.0,0.75,249.0,7,Monsoon
2024-07-30 02:00:00,137.75,1.05,235.5,7,Monsoon
2024-07-30 03:00:00,114.5,1.32,240.5,7,Monsoon
2024-07-30 04:00:00,81.0,1.48,218.75,7,Monsoon
2024-07-30 05:00:00,75.75,2.03,215.75,7,Monsoon
2024-07-30 06:00:00,74.0,2.18,209.75,7,Monsoon
2024-07-30 07:00:00,79.0,1.27,258.5,7,Monsoon
2024-07-30 08:00:00,87.0,1.52,293.0,7,Monsoon
2024-07-30 09:00:00,77.75,1.38,273.0,7,Monsoon
2024-07-30 10:00:00,73.25,1.45,259.75,7,Monsoon
2024-07-30 11:00:00,84.25,1.6,275.0,7,Monsoon
2024-07-30 12:00:00,86.5,1.88,255.75,7,Monsoon
2024-07-30 13:00:00,82.25,1.5,233.25,7,Monsoon
2024-07-30 14:00:00,95.25,2.15,230.0,7,Monsoon
2024-07-30 15:00:00,99.25,1.8,231.75,7,Monsoon
2024-07-30 16:00:00,93.75,2.12,208.0,7,Monsoon
2024-07-30 17:00:00,106.25,1.15,221.25,7,Monsoon
2024-07-30 18:00:00,117.0,3.92,130.25,7,Monsoon
2024-07-30 19:00:00,135.5,0.68,213.5,7,Monsoon
2024-07-30 20:00:00,150.0,0.65,252.75,7,Monsoon
2024-07-30 21:00:00,123.75,0.55,185.75,7,Monsoon
2024-07-30 22:00:00,101.25,0.45,152.75,7,Monsoon
2024-07-30 23:00:00,123.25,0.38,164.75,7,Monsoon
2024-07-31 00:00:00,99.0,0.4,148.0,7,Monsoon
2024-07-31 01:00:00,85.0,0.43,164.5,7,Monsoon
2024-07-31 02:00:00,105.75,0.7,183.0,7,Monsoon
2024-07-31 03:00:00,101.0,0.82,203.0,7,Monsoon
2024-07-31 04:00:00,82.0,0.98,220.75,7,Monsoon
2024-07-31 05:00:00,71.0,1.52,273.75,7,Monsoon
2024-07-31 06:00:00,76.5,1.9,248.5,7,Monsoon
2024-07-31 07:00:00,90.25,1.67,230.25,7,Monsoon
2024-07-31 08:00:00,86.5,0.72,167.0,7,Monsoon
2024-07-31 09:00:00,72.0,0.7,163.25,7,Monsoon
2024-07-31 10:00:00,51.5,0.75,172.5,7,Monsoon
2024-07-31 11:00:00,44.5,0.82,159.25,7,Monsoon
2024-07-31 12:00:00,44.0,0.98,138.75,7,Monsoon
2024-07-31 13:00:00,57.5,1.08,149.5,7,Monsoon
2024-07-31 14:00:00,55.25,1.7,201.5,7,Monsoon
2024-07-31 15:00:00,44.0,1.58,188.5,7,Monsoon
2024-07-31 16:00:00,39.5,2.15,161.75,7,Monsoon
2024-07-31 17:00:00,49.5,2.1,160.5,7,Monsoon
2024-07-31 18:00:00,51.5,0.6,197.25,7,Monsoon
2024-07-31 19:00:00,67.5,2.05,199.75,7,Monsoon
2024-07-31 20:00:00,739.75,2.82,297.75,7,Monsoon
2024-07-31 21:00:00,353.75,2.62,262.25,7,Monsoon
2024-07-31 22:00:00,283.2,2.3,264.5,7,Monsoon
2024-07-31 23:00:00,212.65,1.8,272.0,7,Monsoon
2024-08-01 00:00:00,142.10000000000002,1.4,250.0,8,Monsoon
2024-08-01 01:00:00,,0.85,206.25,8,Monsoon
2024-08-01 02:00:00,1.0,0.68,205.25,8,Monsoon
2024-08-01 03:00:00,4.333333333333334,0.75,273.5,8,Monsoon
2024-08-01 04:00:00,7.666666666666667,0.42,210.5,8,Monsoon
2024-08-01 05:00:00,11.0,0.52,99.0,8,Monsoon
2024-08-01 06:00:00,5.0,0.38,149.5,8,Monsoon
2024-08-01 07:00:00,9.0,0.4,244.75,8,Monsoon
2024-08-01 08:00:00,20.0,1.2,276.5,8,Monsoon
2024-08-01 09:00:00,16.0,1.85,289.0,8,Monsoon
2024-08-01 10:00:00,26.666666666666664,1.88,261.25,8,Monsoon
2024-08-01 11:00:00,37.33333333333333,1.58,260.75,8,Monsoon
2024-08-01 12:00:00,48.0,1.3,235.0,8,Monsoon
2024-08-01 13:00:00,54.0,1.175,239.91666666666663,8,Monsoon
2024-08-01 14:00:00,60.0,1.05,244.83333333333331,8,Monsoon
2024-08-01 15:00:00,66.0,0.925,249.75,8,Monsoon
2024-08-01 16:00:00,65.0,,,8,Monsoon
2024-08-01 17:00:00,65.0,,,8,Monsoon
2024-08-01 18:00:00,65.0,0.55,264.5,8,Monsoon
2024-08-01 19:00:00,44.0,1.67,232.75,8,Monsoon
2024-08-01 20:00:00,68.0,3.88,163.25,8,Monsoon
2024-08-01 21:00:00,77.0,3.58,155.5,8,Monsoon
2024-08-01 22:00:00,115.0,3.47,141.0,8,Monsoon
2024-08-01 23:00:00,117.0,3.2,156.0,8,Monsoon
2024-08-02 00:00:00,93.0,2.35,153.75,8,Monsoon
2024-08-02 01:00:00,87.0,1.0,180.75,8,Monsoon
2024-08-02 02:00:00,101.0,0.9,196.75,8,Monsoon
2024-08-02 03:00:00,104.0,2.25,162.25,8,Monsoon
2024-08-02 04:00:00,77.0,0.72,265.25,8,Monsoon
2024-08-02 05:00:00,72.0,0.4,250.75,8,Monsoon
2024-08-02 06:00:00,83.0,0.75,218.5,8,Monsoon
2024-08-02 07:00:00,95.0,1.25,240.75,8,Monsoon
2024-08-02 08:00:00,90.0,1.55,226.0,8,Monsoon
2024-08-02 09:00:00,100.0,1.23,247.0,8,Monsoon
2024-08-02 10:00:00,104.0,1.4,247.75,8,Monsoon
2024-08-02 11:00:00,94.0,1.68,269.0,8,Monsoon
2024-08-02 12:00:00,83.0,2.1,263.0,8,Monsoon
2024-08-02 13:00:00,70.0,2.6,288.25,8,Monsoon
2024-08-02 14:00:00,53.0,1.35,246.0,8,Monsoon
2024-08-02 15:00:00,34.0,1.8,256.0,8,Monsoon
2024-08-02 16:00:00,61.0,1.7,272.75,8,Monsoon
2024-08-02 17:00:00,74.0,1.38,268.75,8,Monsoon
2024-08-02 18:00:00,77.0,1.02,247.0,8,Monsoon
2024-08-02 19:00:00,92.0,1.52,234.5,8,Monsoon
2024-08-02 20:00:00,83.0,1.4,234.0,8,Monsoon
2024-08-02 21:00:00,78.0,1.68,231.25,8,Monsoon
2024-08-02 22:00:00,55.0,1.33,241.5,8,Monsoon
2024-08-02 23:00:00,39.0,0.92,237.0,8,Monsoon
2024-08-03 00:00:00,49.0,0.9,229.0,8,Monsoon
2024-08-03 01:00:00,67.0,1.25,236.5,8,Monsoon
2024-08-03 02:00:00,63.0,1.02,228.0,8,Monsoon
2024-08-03 03:00:00,76.0,0.98,249.25,8,Monsoon
2024-08-03 04:00:00,72.0,1.38,240.75,8,Monsoon
2024-08-03 05:00:00,76.0,1.1,250.0,8,Monsoon
2024-08-03 06:00:00,79.0,1.02,247.5,8,Monsoon
2024-08-03 07:00:00,96.0,1.7,252.75,8,Monsoon
2024-08-03 08:00:00,79.0,2.15,278.25,8,Monsoon
2024-08-03 09:00:00,53.0,2.3,292.5,8,Monsoon
2024-08-03 10:00:00,46.0,2.48,298.75,8,Monsoon
2024-08-03 11:00:00,53.0,2.48,304.0,8,Monsoon
2024-08-03 12:00:00,54.0,2.8,309.5,8,Monsoon
2024-08-03 13:00:00,53.0,2.42,311.25,8,Monsoon
2024-08-03 14:00:00,59.0,2.33,290.25,8,Monsoon
2024-08-03 15:00:00,56.0,2.5,301.0,8,Monsoon
2024-08-03 16:00:00,59.0,2.42,309.0,8,Monsoon
2024-08-03 17:00:00,61.0,1.7,299.0,8,Monsoon
2024-08-03 18:00:00,63.0,1.98,303.0,8,Monsoon
2024-08-03 19:00:00,63.0,1.88,314.0,8,Monsoon
2024-08-03 20:00:00,66.0,1.72,306.5,8,Monsoon
2024-08-03 21:00:00,67.0,2.05,240.5,8,Monsoon
2024-08-03 22:00:00,82.0,2.1,291.0,8,Monsoon
2024-08-03 23:00:00,76.0,1.62,307.0,8,Monsoon
2024-08-04 00:00:00,55.0,1.2,288.5,8,Monsoon
2024-08-04 01:00:00,55.0,1.58,204.5,8,Monsoon
2024-08-04 02:00:00,87.0,1.02,232.25,8,Monsoon
2024-08-04 03:00:00,104.0,0.57,240.25,8,Monsoon
2024-08-04 04:00:00,103.0,0.48,249.5,8,Monsoon
2024-08-04 05:00:00,92.0,0.57,221.75,8,Monsoon
2024-08-04 06:00:00,78.0,1.05,224.75,8,Monsoon
2024-08-04 07:00:00,68.0,1.58,227.25,8,Monsoon
2024-08-04 08:00:00,70.0,2.2,274.5,8,Monsoon
2024-08-04 09:00:00,46.0,2.62,269.25,8,Monsoon
2024-08-04 10:00:00,62.0,2.58,275.5,8,Monsoon
2024-08-04 11:00:00,65.0,2.8,274.25,8,Monsoon
2024-08-04 12:00:00,71.0,2.72,266.5,8,Monsoon
2024-08-04 13:00:00,57.0,1.98,247.0,8,Monsoon
2024-08-04 14:00:00,51.0,1.52,245.25,8,Monsoon
2024-08-04 15:00:00,51.0,1.68,236.25,8,Monsoon
2024-08-04 16:00:00,56.0,1.72,230.75,8,Monsoon
2024-08-04 17:00:00,63.0,1.45,224.0,8,Monsoon
2024-08-04 18:00:00,79.0,1.55,207.75,8,Monsoon
2024-08-04 19:00:00,92.0,2.05,215.0,8,Monsoon
2024-08-04 20:00:00,62.0,0.95,241.25,8,Monsoon
2024-08-04 21:00:00,44.0,0.8,224.0,8,Monsoon
2024-08-04 22:00:00,26.0,1.38,228.5,8,Monsoon
2024-08-04 23:00:00,33.0,1.88,244.0,8,Monsoon
2024-08-05 00:00:00,46.0,1.92,241.0,8,Monsoon
2024-08-05 01:00:00,40.0,1.9,241.5,8,Monsoon
2024-08-05 02:00:00,40.0,2.185,241.25,8,Monsoon
2024-08-05 03:00:00,40.0,2.47,241.0,8,Monsoon
2024-08-05 04:00:00,37.5,2.48,234.0,8,Monsoon
2024-08-05 05:00:00,35.0,2.5,235.75,8,Monsoon
2024-08-05 06:00:00,38.75,2.4,243.25,8,Monsoon
2024-08-05 07:00:00,46.0,2.02,245.75,8,Monsoon
2024-08-05 08:00:00,52.5,2.25,257.25,8,Monsoon
2024-08-05 09:00:00,54.75,2.8,255.25,8,Monsoon
2024-08-05 10:00:00,54.25,2.85,263.75,8,Monsoon
2024-08-05 11:00:00,56.25,2.62,243.75,8,Monsoon
2024-08-05 12:00:00,58.5,2.3,257.75,8,Monsoon
2024-08-05 13:00:00,59.0,2.38,264.5,8,Monsoon
2024-08-05 14:00:00,62.0,2.35,261.0,8,Monsoon
2024-08-05 15:00:00,75.0,2.47,282.5,8,Monsoon
2024-08-05 16:00:00,75.25,2.48,285.0,8,Monsoon
2024-08-05 17:00:00,64.25,2.12,270.25,8,Monsoon
2024-08-05 18:00:00,64.0,2.33,253.5,8,Monsoon
2024-08-05 19:00:00,57.5,1.67,280.0,8,Monsoon
2024-08-05 20:00:00,69.25,1.2,286.25,8,Monsoon
2024-08-05 21:00:00,87.5,1.0,270.5,8,Monsoon
2024-08-05 22:00:00,109.25,2.1,293.5,8,Monsoon
2024-08-05 23:00:00,83.5,2.17,290.75,8,Monsoon
2024-08-06 00:00:00,62.5,1.92,288.25,8,Monsoon
2024-08-06 01:00:00,59.0,2.05,277.0,8,Monsoon
2024-08-06 02:00:00,56.0,1.7,270.75,8,Monsoon
2024-08-06 03:00:00,50.5,0.95,278.0,8,Monsoon
2024-08-06 04:00:00,62.5,0.8,279.25,8,Monsoon
2024-08-06 05:00:00,66.25,1.45,303.5,8,Monsoon
2024-08-06 06:00:00,60.75,0.92,312.75,8,Monsoon
2024-08-06 07:00:00,65.75,1.33,278.75,8,Monsoon
2024-08-06 08:00:00,62.75,1.8,277.5,8,Monsoon
2024-08-06 09:00:00,59.5,1.42,276.75,8,Monsoon
2024-08-06 10:00:00,56.75,1.5,194.5,8,Monsoon
2024-08-06 11:00:00,61.25,1.98,252.75,8,Monsoon
2024-08-06 12:00:00,70.5,1.52,272.75,8,Monsoon
2024-08-06 13:00:00,80.5,2.35,266.5,8,Monsoon
2024-08-06 14:00:00,70.25,2.05,302.75,8,Monsoon
2024-08-06 15:00:00,60.75,1.83,302.5,8,Monsoon
2024-08-06 16:00:00,57.5,1.7,231.0,8,Monsoon
2024-08-06 17:00:00,75.0,1.92,319.25,8,Monsoon
2024-08-06 18:00:00,83.25,2.02,316.75,8,Monsoon
2024-08-06 19:00:00,80.25,2.02,289.0,8,Monsoon
2024-08-06 20:00:00,64.75,1.8,288.5,8,Monsoon
2024-08-06 21:00:00,75.75,2.15,290.0,8,Monsoon
2024-08-06 22:00:00,70.5,2.38,233.5,8,Monsoon
2024-08-06 23:00:00,44.5,2.48,149.5,8,Monsoon
2024-08-07 00:00:00,39.25,2.2,135.75,8,Monsoon
2024-08-07 01:00:00,40.0,2.25,154.5,8,Monsoon
2024-08-07 02:00:00,32.0,3.22,181.0,8,Monsoon
2024-08-07 03:00:00,32.75,2.48,204.75,8,Monsoon
2024-08-07 04:00:00,30.0,1.4,276.25,8,Monsoon
2024-08-07 05:00:00,26.75,0.98,305.5,8,Monsoon
2024-08-07 06:00:00,26.75,0.57,270.75,8,Monsoon
2024-08-07 07:00:00,27.0,0.75,283.5,8,Monsoon
2024-08-07 08:00:00,44.25,2.52,164.75,8,Monsoon
2024-08-07 09:00:00,58.25,2.82,125.25,8,Monsoon
2024-08-07 10:00:00,60.25,2.0,262.5,8,Monsoon
2024-08-07 11:00:00,39.75,2.28,308.75,8,Monsoon
2024-08-07 12:00:00,42.75,2.17,253.5,8,Monsoon
2024-08-07 13:00:00,45.25,1.65,251.75,8,Monsoon
2024-08-07 14:00:00,53.25,1.62,237.25,8,Monsoon
2024-08-07 15:00:00,66.5,1.55,265.0,8,Monsoon
2024-08-07 16:00:00,61.75,1.9,232.5,8,Monsoon
2024-08-07 17:00:00,70.25,1.25,274.0,8,Monsoon
2024-08-07 18:00:00,52.25,1.15,306.0,8,Monsoon
2024-08-07 19:00:00,37.5,0.38,276.25,8,Monsoon
2024-08-07 20:00:00,45.5,0.4,225.25,8,Monsoon
2024-08-07 21:00:00,73.75,0.82,259.25,8,Monsoon
2024-08-07 22:00:00,82.0,0.82,276.75,8,Monsoon
2024-08-07 23:00:00,62.5,1.0,279.25,8,Monsoon
2024-08-08 00:00:00,56.0,0.85,299.0,8,Monsoon
2024-08-08 01:00:00,56.0,0.92,271.0,8,Monsoon
2024-08-08 02:00:00,26.75,0.42,258.0,8,Monsoon
2024-08-08 03:00:00,17.0,0.78,242.75,8,Monsoon
2024-08-08 04:00:00,55.25,0.75,244.25,8,Monsoon
2024-08-08 05:00:00,70.25,0.6,251.25,8,Monsoon
2024-08-08 06:00:00,88.25,0.88,243.25,8,Monsoon
2024-08-08 07:00:00,74.5,1.42,244.0,8,Monsoon
2024-08-08 08:00:00,80.75,1.38,262.25,8,Monsoon
2024-08-08 09:00:00,97.0,1.92,227.75,8,Monsoon
2024-08-08 10:00:00,97.25,1.82,246.5,8,Monsoon
2024-08-08 11:00:00,90.75,1.92,266.75,8,Monsoon
2024-08-08 12:00:00,75.5,2.12,271.25,8,Monsoon
2024-08-08 13:00:00,78.5,1.9,272.75,8,Monsoon
2024-08-08 14:00:00,81.0,1.75,276.5,8,Monsoon
2024-08-08 15:00:00,63.0,1.85,270.25,8,Monsoon
2024-08-08 16:00:00,60.0,1.9,275.0,8,Monsoon
2024-08-08 17:00:00,40.0,1.82,273.75,8,Monsoon
2024-08-08 18:00:00,51.0,1.72,257.0,8,Monsoon
2024-08-08 19:00:00,66.75,1.98,232.5,8,Monsoon
2024-08-08 20:00:00,76.75,2.15,168.25,8,Monsoon
2024-08-08 21:00:00,77.5,3.6,142.25,8,Monsoon
2024-08-08 22:00:00,59.75,1.48,188.75,8,Monsoon
2024-08-08 23:00:00,45.75,0.38,132.0,8,Monsoon
2024-08-09 00:00:00,40.75,0.95,205.5,8,Monsoon
2024-08-09 01:00:00,61.0,1.08,217.75,8,Monsoon
2024-08-09 02:00:00,59.0,1.02,210.75,8,Monsoon
2024-08-09 03:00:00,59.75,1.08,213.5,8,Monsoon
2024-08-09 04:00:00,56.5,0.8,228.0,8,Monsoon
2024-08-09 05:00:00,51.25,0.88,223.0,8,Monsoon
2024-08-09 06:00:00,54.5,1.08,227.5,8,Monsoon
2024-08-09 07:00:00,56.0,1.6,230.0,8,Monsoon
2024-08-09 08:00:00,61.25,1.55,232.5,8,Monsoon
2024-08-09 09:00:00,52.5,1.95,218.75,8,Monsoon
2024-08-09 10:00:00,52.0,1.5,243.25,8,Monsoon
2024-08-09 11:00:00,64.25,1.52,287.0,8,Monsoon
2024-08-09 12:00:00,76.25,1.52,260.25,8,Monsoon
2024-08-09 13:00:00,80.5,1.8,241.0,8,Monsoon
2024-08-09 14:00:00,69.0,2.0,261.5,8,Monsoon
2024-08-09 15:00:00,63.5,1.68,247.0,8,Monsoon
2024-08-09 16:00:00,71.25,1.8,256.75,8,Monsoon
2024-08-09 17:00:00,68.0,1.52,313.25,8,Monsoon
2024-08-09 18:00:00,67.5,1.65,301.5,8,Monsoon
2024-08-09 19:00:00,58.25,1.78,224.25,8,Monsoon
2024-08-09 20:00:00,55.0,2.72,180.75,8,Monsoon
2024-08-09 21:00:00,58.0,1.38,101.0,8,Monsoon
2024-08-09 22:00:00,67.25,0.38,199.0,8,Monsoon
2024-08-09 23:00:00,74.5,0.6,261.25,8,Monsoon
2024-08-10 00:00:00,71.5,0.98,226.75,8,Monsoon
2024-08-10 01:00:00,80.5,0.98,249.5,8,Monsoon
2024-08-10 02:00:00,78.0,0.5,252.75,8,Monsoon
2024-08-10 03:00:00,71.5,0.62,219.0,8,Monsoon
2024-08-10 04:00:00,71.5,0.82,225.25,8,Monsoon
2024-08-10 05:00:00,65.25,0.75,225.0,8,Monsoon
2024-08-10 06:00:00,62.25,0.95,231.75,8,Monsoon
2024-08-10 07:00:00,65.0,1.12,250.5,8,Monsoon
2024-08-10 08:00:00,70.5,1.38,218.75,8,Monsoon
2024-08-10 09:00:00,81.75,1.58,229.0,8,Monsoon
2024-08-10 10:00:00,99.25,1.8,227.25,8,Monsoon
2024-08-10 11:00:00,92.75,1.55,205.25,8,Monsoon
2024-08-10 12:00:00,99.5,1.52,206.0,8,Monsoon
2024-08-10 13:00:00,91.0,1.6,261.75,8,Monsoon
2024-08-10 14:00:00,74.25,1.98,288.75,8,Monsoon
2024-08-10 15:00:00,79.0,1.9,278.5,8,Monsoon
2024-08-10 16:00:00,65.5,1.35,293.25,8,Monsoon
2024-08-10 17:00:00,53.25,1.2,297.0,8,Monsoon
2024-08-10 18:00:00,55.5,1.3,281.0,8,Monsoon
2024-08-10 19:00:00,63.0,0.65,313.0,8,Monsoon
2024-08-10 20:00:00,83.0,1.42,237.0,8,Monsoon
2024-08-10 21:00:00,105.5,1.55,227.5,8,Monsoon
2024-08-10 22:00:00,119.25,1.05,258.25,8,Monsoon
2024-08-10 23:00:00,121.25,1.18,261.75,8,Monsoon
2024-08-11 00:00:00,115.75,1.02,265.25,8,Monsoon
2024-08-11 01:00:00,103.5,0.68,245.75,8,Monsoon
2024-08-11 02:00:00,99.25,0.9,237.0,8,Monsoon
2024-08-11 03:00:00,94.5,0.57,231.75,8,Monsoon
2024-08-11 04:00:00,84.0,1.27,221.5,8,Monsoon
2024-08-11 05:00:00,86.25,0.8,263.75,8,Monsoon
2024-08-11 06:00:00,49.75,0.6,281.0,8,Monsoon
2024-08-11 07:00:00,34.75,0.65,188.5,8,Monsoon
2024-08-11 08:00:00,34.0,0.72,195.75,8,Monsoon
2024-08-11 09:00:00,32.5,0.57,237.75,8,Monsoon
2024-08-11 10:00:00,35.75,0.6,187.0,8,Monsoon
2024-08-11 11:00:00,32.5,1.15,159.0,8,Monsoon
2024-08-11 12:00:00,32.5,0.95,166.0,8,Monsoon
2024-08-11 13:00:00,24.75,1.12,182.75,8,Monsoon
2024-08-11 14:00:00,21.25,0.88,218.0,8,Monsoon
2024-08-11 15:00:00,25.5,1.78,208.0,8,Monsoon
2024-08-11 16:00:00,30.75,2.62,197.5,8,Monsoon
2024-08-11 17:00:00,53.75,1.92,258.25,8,Monsoon
2024-08-11 18:00:00,28.75,1.0,279.75,8,Monsoon
2024-08-11 19:00:00,27.75,0.85,187.75,8,Monsoon
2024-08-11 20:00:00,60.25,0.42,256.25,8,Monsoon
2024-08-11 21:00:00,58.0,0.72,238.0,8,Monsoon
2024-08-11 22:00:00,39.0,0.68,219.0,8,Monsoon
2024-08-11 23:00:00,42.25,0.9,232.5,8,Monsoon
2024-08-12 00:00:00,37.5,0.65,216.5,8,Monsoon
2024-08-12 01:00:00,30.5,0.55,224.5,8,Monsoon
2024-08-12 02:00:00,41.0,0.62,207.75,8,Monsoon
2024-08-12 03:00:00,55.5,0.7,185.5,8,Monsoon
2024-08-12 04:00:00,59.75,0.62,183.75,8,Monsoon
2024-08-12 05:00:00,57.0,0.65,181.25,8,Monsoon
2024-08-12 06:00:00,54.5,0.8,200.25,8,Monsoon
2024-08-12 07:00:00,58.5,0.82,209.25,8,Monsoon
2024-08-12 08:00:00,62.25,1.23,214.5,8,Monsoon
2024-08-12 09:00:00,66.75,1.48,218.5,8,Monsoon
2024-08-12 10:00:00,59.0,1.5,220.5,8,Monsoon
2024-08-12 11:00:00,55.25,1.88,213.0,8,Monsoon
2024-08-12 12:00:00,55.0,1.72,256.25,8,Monsoon
2024-08-12 13:00:00,53.5,1.62,217.5,8,Monsoon
2024-08-12 14:00:00,53.0,0.92,240.0,8,Monsoon
2024-08-12 15:00:00,46.25,1.92,248.0,8,Monsoon
2024-08-12 16:00:00,44.75,2.33,208.0,8,Monsoon
2024-08-12 17:00:00,76.5,3.62,183.0,8,Monsoon
2024-08-12 18:00:00,87.0,2.68,180.5,8,Monsoon
2024-08-12 19:00:00,87.0,4.08,141.5,8,Monsoon
2024-08-12 20:00:00,150.75,3.68,132.25,8,Monsoon
2024-08-12 21:00:00,151.75,1.48,157.25,8,Monsoon
2024-08-12 22:00:00,156.25,2.25,150.0,8,Monsoon
2024-08-12 23:00:00,138.25,1.38,262.25,8,Monsoon
2024-08-13 00:00:00,77.0,0.62,263.75,8,Monsoon
2024-08-13 01:00:00,59.0,0.45,221.75,8,Monsoon
2024-08-13 02:00:00,50.0,0.85,230.0,8,Monsoon
2024-08-13 03:00:00,53.75,1.0,235.75,8,Monsoon
2024-08-13 04:00:00,48.25,0.8,220.5,8,Monsoon
2024-08-13 05:00:00,49.0,0.82,211.25,8,Monsoon
2024-08-13 06:00:00,49.25,0.75,196.25,8,Monsoon
2024-08-13 07:00:00,49.75,1.2,231.5,8,Monsoon
2024-08-13 08:00:00,53.0,1.27,246.25,8,Monsoon
2024-08-13 09:00:00,60.75,1.48,258.0,8,Monsoon
2024-08-13 10:00:00,78.0,1.65,249.25,8,Monsoon
2024-08-13 11:00:00,87.5,1.8,262.25,8,Monsoon
2024-08-13 12:00:00,80.0,1.8,258.0,8,Monsoon
2024-08-13 13:00:00,82.25,1.6,250.25,8,Monsoon
2024-08-13 14:00:00,63.0,1.48,281.0,8,Monsoon
2024-08-13 15:00:00,68.0,2.02,275.5,8,Monsoon
2024-08-13 16:00:00,54.75,1.32,274.0,8,Monsoon
2024-08-13 17:00:00,58.75,1.23,248.75,8,Monsoon
2024-08-13 18:00:00,59.75,0.98,191.25,8,Monsoon
2024-08-13 19:00:00,40.25,0.52,173.5,8,Monsoon
2024-08-13 20:00:00,40.75,0.38,190.75,8,Monsoon
2024-08-13 21:00:00,44.5,0.55,199.5,8,Monsoon
2024-08-13 22:00:00,43.5,0.35,224.25,8,Monsoon
2024-08-13 23:00:00,50.5,0.65,216.0,8,Monsoon
2024-08-14 00:00:00,84.5,1.05,203.5,8,Monsoon
2024-08-14 01:00:00,107.0,0.85,209.25,8,Monsoon
2024-08-14 02:00:00,88.5,0.78,237.0,8,Monsoon
2024-08-14 03:00:00,75.0,0.52,245.0,8,Monsoon
2024-08-14 04:00:00,73.75,0.6,222.75,8,Monsoon
2024-08-14 05:00:00,76.25,0.45,219.5,8,Monsoon
2024-08-14 06:00:00,70.25,0.72,195.25,8,Monsoon
2024-08-14 07:00:00,92.0,1.4,208.25,8,Monsoon
2024-08-14 08:00:00,90.25,1.55,224.0,8,Monsoon
2024-08-14 09:00:00,82.5,1.32,231.75,8,Monsoon
2024-08-14 10:00:00,67.5,1.6,257.0,8,Monsoon
2024-08-14 11:00:00,66.0,1.97,247.67,8,Monsoon
2024-08-14 12:00:00,67.0,1.85,257.25,8,Monsoon
2024-08-14 13:00:00,67.0,1.62,255.0,8,Monsoon
2024-08-14 14:00:00,67.0,1.4,223.0,8,Monsoon
2024-08-14 15:00:00,66.0,1.55,221.0,8,Monsoon
2024-08-14 16:00:00,79.0,1.7,236.75,8,Monsoon
2024-08-14 17:00:00,73.0,0.9,247.75,8,Monsoon
2024-08-14 18:00:00,78.0,0.65,265.75,8,Monsoon
2024-08-14 19:00:00,93.0,0.65,293.5,8,Monsoon
2024-08-14 20:00:00,114.0,1.08,286.0,8,Monsoon
2024-08-14 21:00:00,136.0,1.6,314.0,8,Monsoon
2024-08-14 22:00:00,125.0,2.3,285.75,8,Monsoon
2024-08-14 23:00:00,147.0,2.98,257.75,8,Monsoon
2024-08-15 00:00:00,104.0,1.95,228.75,8,Monsoon
2024-08-15 01:00:00,106.0,1.1,247.25,8,Monsoon
2024-08-15 02:00:00,74.0,0.95,256.25,8,Monsoon
2024-08-15 03:00:00,85.0,0.68,221.25,8,Monsoon
2024-08-15 04:00:00,81.0,1.17,236.75,8,Monsoon
2024-08-15 05:00:00,67.0,1.48,221.0,8,Monsoon
2024-08-15 06:00:00,66.0,1.48,227.0,8,Monsoon
2024-08-15 07:00:00,67.0,1.68,242.25,8,Monsoon
2024-08-15 08:00:00,66.0,1.9,215.5,8,Monsoon
2024-08-15 09:00:00,59.0,1.4,255.75,8,Monsoon
2024-08-15 10:00:00,79.0,1.4,279.5,8,Monsoon
2024-08-15 11:00:00,81.0,1.42,268.25,8,Monsoon
2024-08-15 12:00:00,84.0,1.8,264.5,8,Monsoon
2024-08-15 13:00:00,62.0,0.98,248.75,8,Monsoon
2024-08-15 14:00:00,61.0,0.52,216.5,8,Monsoon
2024-08-15 15:00:00,49.0,1.2,232.5,8,Monsoon
2024-08-15 16:00:00,65.0,1.4,188.5,8,Monsoon
2024-08-15 17:00:00,62.0,0.68,198.0,8,Monsoon
2024-08-15 18:00:00,70.0,0.52,254.5,8,Monsoon
2024-08-15 19:00:00,77.0,2.8,236.5,8,Monsoon
2024-08-15 20:00:00,90.0,2.62,208.75,8,Monsoon
2024-08-15 21:00:00,89.0,1.6,169.75,8,Monsoon
2024-08-15 22:00:00,46.0,0.62,190.25,8,Monsoon
2024-08-15 23:00:00,37.0,0.72,188.0,8,Monsoon
2024-08-16 00:00:00,31.0,0.68,203.25,8,Monsoon
2024-08-16 01:00:00,72.0,0.55,237.75,8,Monsoon
2024-08-16 02:00:00,60.0,0.52,266.5,8,Monsoon
2024-08-16 03:00:00,45.0,0.57,247.5,8,Monsoon
2024-08-16 04:00:00,44.0,0.55,239.0,8,Monsoon
2024-08-16 05:00:00,31.0,0.6,245.25,8,Monsoon
2024-08-16 06:00:00,33.0,0.78,244.5,8,Monsoon
2024-08-16 07:00:00,56.0,1.18,238.0,8,Monsoon
2024-08-16 08:00:00,72.0,1.3,260.75,8,Monsoon
2024-08-16 09:00:00,92.0,1.1,275.25,8,Monsoon
2024-08-16 10:00:00,90.0,1.48,289.75,8,Monsoon
2024-08-16 11:00:00,70.0,2.1,292.0,8,Monsoon
2024-08-16 12:00:00,65.0,2.02,294.0,8,Monsoon
2024-08-16 13:00:00,56.0,2.38,291.25,8,Monsoon
2024-08-16 14:00:00,50.0,2.58,295.25,8,Monsoon
2024-08-16 15:00:00,48.0,2.35,308.0,8,Monsoon
2024-08-16 16:00:00,54.0,1.88,311.0,8,Monsoon
2024-08-16 17:00:00,61.0,1.8,320.75,8,Monsoon
2024-08-16 18:00:00,73.0,2.08,322.5,8,Monsoon
2024-08-16 19:00:00,84.0,1.4,325.5,8,Monsoon
2024-08-16 20:00:00,92.0,1.92,252.25,8,Monsoon
2024-08-16 21:00:00,38.0,0.85,155.0,8,Monsoon
2024-08-16 22:00:00,17.0,0.35,234.25,8,Monsoon
2024-08-16 23:00:00,31.0,0.4,268.25,8,Monsoon
2024-08-17 00:00:00,33.0,0.22,260.75,8,Monsoon
2024-08-17 01:00:00,39.0,0.5,263.5,8,Monsoon
2024-08-17 02:00:00,44.0,2.58,176.5,8,Monsoon
2024-08-17 03:00:00,39.0,0.57,240.0,8,Monsoon
2024-08-17 04:00:00,57.0,0.5,243.5,8,Monsoon
2024-08-17 05:00:00,46.0,0.4,242.0,8,Monsoon
2024-08-17 06:00:00,35.0,0.55,276.75,8,Monsoon
2024-08-17 07:00:00,55.0,1.12,283.25,8,Monsoon
2024-08-17 08:00:00,48.0,1.32,250.25,8,Monsoon
2024-08-17 09:00:00,65.0,1.08,269.75,8,Monsoon
2024-08-17 10:00:00,105.0,1.18,219.5,8,Monsoon
2024-08-17 11:00:00,92.0,1.05,187.75,8,Monsoon
2024-08-17 12:00:00,93.0,0.95,160.25,8,Monsoon
2024-08-17 13:00:00,106.0,1.88,178.25,8,Monsoon
2024-08-17 14:00:00,82.0,1.88,150.25,8,Monsoon
2024-08-17 15:00:00,76.0,2.05,138.0,8,Monsoon
2024-08-17 16:00:00,45.0,2.28,138.5,8,Monsoon
2024-08-17 17:00:00,56.0,2.48,143.75,8,Monsoon
2024-08-17 18:00:00,62.0,1.95,169.5,8,Monsoon
2024-08-17 19:00:00,59.0,2.28,139.0,8,Monsoon
2024-08-17 20:00:00,74.0,1.05,140.0,8,Monsoon
2024-08-17 21:00:00,96.0,1.4,154.25,8,Monsoon
2024-08-17 22:00:00,106.0,2.08,156.75,8,Monsoon
2024-08-17 23:00:00,84.0,1.98,152.0,8,Monsoon
2024-08-18 00:00:00,110.0,2.75,159.75,8,Monsoon
2024-08-18 01:00:00,120.0,1.5,128.75,8,Monsoon
2024-08-18 02:00:00,103.0,2.55,122.25,8,Monsoon
2024-08-18 03:00:00,101.0,1.2,132.75,8,Monsoon
2024-08-18 04:00:00,88.0,2.7,136.75,8,Monsoon
2024-08-18 05:00:00,87.0,1.83,153.0,8,Monsoon
2024-08-18 06:00:00,81.0,1.02,158.75,8,Monsoon
2024-08-18 07:00:00,73.0,1.08,190.5,8,Monsoon
2024-08-18 08:00:00,72.0,0.88,162.0,8,Monsoon
2024-08-18 09:00:00,62.0,1.15,153.5,8,Monsoon
2024-08-18 10:00:00,63.0,1.05,155.0,8,Monsoon
2024-08-18 11:00:00,61.0,1.02,162.5,8,Monsoon
2024-08-18 12:00:00,74.0,0.8,156.5,8,Monsoon
2024-08-18 13:00:00,76.0,1.1,150.25,8,Monsoon
2024-08-18 14:00:00,55.0,1.1,150.25,8,Monsoon
2024-08-18 15:00:00,67.0,0.98,160.5,8,Monsoon
2024-08-18 16:00:00,60.0,0.9,163.25,8,Monsoon
2024-08-18 17:00:00,62.0,1.05,156.25,8,Monsoon
2024-08-18 18:00:00,60.0,0.88,150.5,8,Monsoon
2024-08-18 19:00:00,71.0,0.95,185.25,8,Monsoon
2024-08-18 20:00:00,96.0,1.28,289.5,8,Monsoon
2024-08-18 21:00:00,94.0,2.98,234.75,8,Monsoon
2024-08-18 22:00:00,115.0,2.1,238.75,8,Monsoon
2024-08-18 23:00:00,99.0,1.95,208.5,8,Monsoon
2024-08-19 00:00:00,95.0,2.05,185.5,8,Monsoon
2024-08-19 01:00:00,89.0,0.95,234.25,8,Monsoon
2024-08-19 02:00:00,83.0,0.3,170.5,8,Monsoon
2024-08-19 03:00:00,93.0,0.28,164.75,8,Monsoon
2024-08-19 04:00:00,84.0,0.38,139.25,8,Monsoon
2024-08-19 05:00:00,79.0,0.57,128.75,8,Monsoon
2024-08-19 06:00:00,82.0,1.18,149.5,8,Monsoon
2024-08-19 07:00:00,81.0,0.75,163.75,8,Monsoon
2024-08-19 08:00:00,46.0,0.8,176.5,8,Monsoon
2024-08-19 09:00:00,50.0,0.72,172.5,8,Monsoon
2024-08-19 10:00:00,65.0,0.95,150.5,8,Monsoon
2024-08-19 11:00:00,68.0,1.15,155.25,8,Monsoon
2024-08-19 12:00:00,51.0,2.25,151.75,8,Monsoon
2024-08-19 13:00:00,50.0,1.55,147.25,8,Monsoon
2024-08-19 14:00:00,48.0,1.42,147.0,8,Monsoon
2024-08-19 15:00:00,40.0,1.58,150.75,8,Monsoon
2024-08-19 16:00:00,37.0,1.72,156.5,8,Monsoon
2024-08-19 17:00:00,50.0,2.58,175.75,8,Monsoon
2024-08-19 18:00:00,65.0,2.85,208.0,8,Monsoon
2024-08-19 19:00:00,57.0,2.75,231.75,8,Monsoon
2024-08-19 20:00:00,50.0,1.98,223.5,8,Monsoon
2024-08-19 21:00:00,48.0,3.3,178.75,8,Monsoon
2024-08-19 22:00:00,63.0,3.25,168.5,8,Monsoon
2024-08-19 23:00:00,55.0,2.25,167.25,8,Monsoon
2024-08-20 00:00:00,66.0,3.12,106.75,8,Monsoon
2024-08-20 01:00:00,59.0,2.85,99.5,8,Monsoon
2024-08-20 02:00:00,55.0,2.42,151.0,8,Monsoon
2024-08-20 03:00:00,53.0,0.75,176.25,8,Monsoon
2024-08-20 04:00:00,35.0,1.62,176.0,8,Monsoon
2024-08-20 05:00:00,44.0,1.52,187.75,8,Monsoon
2024-08-20 06:00:00,32.0,1.1,218.5,8,Monsoon
2024-08-20 07:00:00,28.0,1.15,219.0,8,Monsoon
2024-08-20 08:00:00,22.0,1.23,184.75,8,Monsoon
2024-08-20 09:00:00,32.0,0.57,230.25,8,Monsoon
2024-08-20 10:00:00,32.0,0.75,291.25,8,Monsoon
2024-08-20 11:00:00,34.0,0.42,149.0,8,Monsoon
2024-08-20 12:00:00,33.0,1.32,160.75,8,Monsoon
2024-08-20 13:00:00,35.0,1.38,197.75,8,Monsoon
2024-08-20 14:00:00,44.0,0.68,153.25,8,Monsoon
2024-08-20 15:00:00,42.0,1.62,173.5,8,Monsoon
2024-08-20 16:00:00,66.0,0.68,226.0,8,Monsoon
2024-08-20 17:00:00,61.0,0.95,225.75,8,Monsoon
2024-08-20 18:00:00,71.0,1.15,281.25,8,Monsoon
2024-08-20 19:00:00,63.0,1.18,313.0,8,Monsoon
2024-08-20 20:00:00,92.0,2.2,186.0,8,Monsoon
2024-08-20 21:00:00,72.0,2.1,89.75,8,Monsoon
2024-08-20 22:00:00,70.0,1.25,150.75,8,Monsoon
2024-08-20 23:00:00,70.0,1.52,178.0,8,Monsoon
2024-08-21 00:00:00,74.0,1.35,171.25,8,Monsoon
2024-08-21 01:00:00,53.0,0.6,151.25,8,Monsoon
2024-08-21 02:00:00,39.0,0.45,97.0,8,Monsoon
2024-08-21 03:00:00,34.0,0.3,102.25,8,Monsoon
2024-08-21 04:00:00,35.0,0.3899999999999999,77.0,8,Monsoon
2024-08-21 05:00:00,45.0,0.48,53.5,8,Monsoon
2024-08-21 06:00:00,51.0,0.57,127.25,8,Monsoon
2024-08-21 07:00:00,70.0,1.95,199.5,8,Monsoon
2024-08-21 08:00:00,67.0,0.88,199.75,8,Monsoon
2024-08-21 09:00:00,60.0,1.18,180.25,8,Monsoon
2024-08-21 10:00:00,53.0,1.82,161.5,8,Monsoon
2024-08-21 11:00:00,71.0,1.82,170.75,8,Monsoon
2024-08-21 12:00:00,79.0,1.32,198.5,8,Monsoon
2024-08-21 13:00:00,88.0,0.82,260.75,8,Monsoon
2024-08-21 14:00:00,101.0,0.7,287.0,8,Monsoon
2024-08-21 15:00:00,85.0,0.7136363636363636,280.65909090909093,8,Monsoon
2024-08-21 16:00:00,90.0,0.7272727272727272,274.3181818181818,8,Monsoon
2024-08-21 17:00:00,95.0,0.7409090909090909,267.97727272727275,8,Monsoon
2024-08-21 18:00:00,93.95238095238096,,,8,Monsoon
2024-08-21 19:00:00,92.9047619047619,,,8,Monsoon
2024-08-21 20:00:00,91.85714285714286,,,8,Monsoon
2024-08-21 21:00:00,,,,8,Monsoon
2024-08-21 22:00:00,,,,8,Monsoon
2024-08-21 23:00:00,,,,8,Monsoon
2024-08-22 00:00:00,,,,8,Monsoon
2024-08-22 01:00:00,,,,8,Monsoon
2024-08-22 02:00:00,,,,8,Monsoon
2024-08-22 03:00:00,,,,8,Monsoon
2024-08-22 04:00:00,,,,8,Monsoon
2024-08-22 05:00:00,,,,8,Monsoon
2024-08-22 06:00:00,,,,8,Monsoon
2024-08-22 07:00:00,,,,8,Monsoon
2024-08-22 08:00:00,,,,8,Monsoon
2024-08-22 09:00:00,,,,8,Monsoon
2024-08-22 10:00:00,,,,8,Monsoon
2024-08-22 11:00:00,,,,8,Monsoon
2024-08-22 12:00:00,,1.0,147.5,8,Monsoon
2024-08-22 13:00:00,,1.18,156.75,8,Monsoon
2024-08-22 14:00:00,73.0,1.3,156.25,8,Monsoon
2024-08-22 15:00:00,59.0,1.58,164.5,8,Monsoon
2024-08-22 16:00:00,78.0,1.32,165.75,8,Monsoon
2024-08-22 17:00:00,78.0,1.05,165.25,8,Monsoon
2024-08-22 18:00:00,83.25,0.57,146.25,8,Monsoon
2024-08-22 19:00:00,97.0,1.2,237.5,8,Monsoon
2024-08-22 20:00:00,115.25,2.33,227.25,8,Monsoon
2024-08-22 21:00:00,85.5,3.08,141.0,8,Monsoon
2024-08-22 22:00:00,63.5,1.98,104.5,8,Monsoon
2024-08-22 23:00:00,45.0,0.95,125.0,8,Monsoon
2024-08-23 00:00:00,50.0,0.42,122.5,8,Monsoon
2024-08-23 01:00:00,46.25,0.43,121.25,8,Monsoon
2024-08-23 02:00:00,44.0,0.5,107.5,8,Monsoon
2024-08-23 03:00:00,42.5,0.43,124.25,8,Monsoon
2024-08-23 04:00:00,57.75,0.35,130.0,8,Monsoon
2024-08-23 05:00:00,66.0,0.4,117.25,8,Monsoon
2024-08-23 06:00:00,81.0,0.4,113.5,8,Monsoon
2024-08-23 07:00:00,87.0,1.3,155.75,8,Monsoon
2024-08-23 08:00:00,76.0,2.58,152.0,8,Monsoon
2024-08-23 09:00:00,72.0,1.55,147.0,8,Monsoon
2024-08-23 10:00:00,56.0,2.07,157.75,8,Monsoon
2024-08-23 11:00:00,53.0,0.9,194.25,8,Monsoon
2024-08-23 12:00:00,40.0,0.83,242.0,8,Monsoon
2024-08-23 13:00:00,31.0,0.85,239.5,8,Monsoon
2024-08-23 14:00:00,43.0,1.7,238.75,8,Monsoon
2024-08-23 15:00:00,70.0,1.88,222.75,8,Monsoon
2024-08-23 16:00:00,60.0,1.62,227.25,8,Monsoon
2024-08-23 17:00:00,78.0,1.25,262.0,8,Monsoon
2024-08-23 18:00:00,84.0,1.02,274.0,8,Monsoon
2024-08-23 19:00:00,93.0,0.45,239.75,8,Monsoon
2024-08-23 20:00:00,99.0,0.25,189.75,8,Monsoon
2024-08-23 21:00:00,94.0,0.35,174.5,8,Monsoon
2024-08-23 22:00:00,106.0,0.23,142.5,8,Monsoon
2024-08-23 23:00:00,107.0,0.35,101.5,8,Monsoon
2024-08-24 00:00:00,103.0,0.47,204.25,8,Monsoon
2024-08-24 01:00:00,96.0,0.4,209.0,8,Monsoon
2024-08-24 02:00:00,70.0,0.32,189.75,8,Monsoon
2024-08-24 03:00:00,81.0,0.35,167.0,8,Monsoon
2024-08-24 04:00:00,81.0,0.35,138.5,8,Monsoon
2024-08-24 05:00:00,89.0,0.32,162.25,8,Monsoon
2024-08-24 06:00:00,116.0,0.48,235.5,8,Monsoon
2024-08-24 07:00:00,120.0,0.75,229.25,8,Monsoon
2024-08-24 08:00:00,129.0,1.15,228.25,8,Monsoon
2024-08-24 09:00:00,131.0,1.52,220.25,8,Monsoon
2024-08-24 10:00:00,120.0,1.52,253.5,8,Monsoon
2024-08-24 11:00:00,105.0,1.75,254.0,8,Monsoon
2024-08-24 12:00:00,101.0,1.5,245.25,8,Monsoon
2024-08-24 13:00:00,87.0,1.4,248.75,8,Monsoon
2024-08-24 14:00:00,79.0,1.42,231.75,8,Monsoon
2024-08-24 15:00:00,85.0,1.6,225.75,8,Monsoon
2024-08-24 16:00:00,98.0,2.0,177.5,8,Monsoon
2024-08-24 17:00:00,89.0,1.65,201.25,8,Monsoon
2024-08-24 18:00:00,85.0,1.15,222.5,8,Monsoon
2024-08-24 19:00:00,98.0,1.27,264.5,8,Monsoon
2024-08-24 20:00:00,116.0,0.9,276.0,8,Monsoon
2024-08-24 21:00:00,118.0,0.6,287.0,8,Monsoon
2024-08-24 22:00:00,114.0,0.8,244.5,8,Monsoon
2024-08-24 23:00:00,117.0,1.23,229.75,8,Monsoon
2024-08-25 00:00:00,101.0,1.08,234.75,8,Monsoon
2024-08-25 01:00:00,100.0,1.45,229.0,8,Monsoon
2024-08-25 02:00:00,93.0,1.75,245.5,8,Monsoon
2024-08-25 03:00:00,50.0,0.65,209.0,8,Monsoon
2024-08-25 04:00:00,29.0,0.9,138.25,8,Monsoon
2024-08-25 05:00:00,34.0,0.95,36.67,8,Monsoon
2024-08-25 06:00:00,37.0,1.0,178.0,8,Monsoon
2024-08-25 07:00:00,42.0,1.1,226.0,8,Monsoon
2024-08-25 08:00:00,46.0,2.08,231.25,8,Monsoon
2024-08-25 09:00:00,57.0,1.82,255.0,8,Monsoon
2024-08-25 10:00:00,72.0,1.58,255.5,8,Monsoon
2024-08-25 11:00:00,74.0,1.95,255.75,8,Monsoon
2024-08-25 12:00:00,54.0,1.92,251.5,8,Monsoon
2024-08-25 13:00:00,53.0,1.68,243.5,8,Monsoon
2024-08-25 14:00:00,45.0,1.95,244.25,8,Monsoon
2024-08-25 15:00:00,43.0,2.28,242.0,8,Monsoon
2024-08-25 16:00:00,49.0,2.35,240.75,8,Monsoon
2024-08-25 17:00:00,51.0,1.83,244.0,8,Monsoon
2024-08-25 18:00:00,55.0,1.62,239.25,8,Monsoon
2024-08-25 19:00:00,71.0,1.5,236.75,8,Monsoon
2024-08-25 20:00:00,76.0,1.88,218.25,8,Monsoon
2024-08-25 21:00:00,77.0,1.42,258.0,8,Monsoon
2024-08-25 22:00:00,79.0,1.2,257.5,8,Monsoon
2024-08-25 23:00:00,65.0,1.42,251.0,8,Monsoon
2024-08-26 00:00:00,61.0,1.15,252.25,8,Monsoon
2024-08-26 01:00:00,65.0,1.35,271.75,8,Monsoon
2024-08-26 02:00:00,62.0,1.48,267.75,8,Monsoon
2024-08-26 03:00:00,66.0,0.92,251.5,8,Monsoon
2024-08-26 04:00:00,53.0,0.88,260.25,8,Monsoon
2024-08-26 05:00:00,71.0,1.2,237.75,8,Monsoon
2024-08-26 06:00:00,61.0,1.35,236.5,8,Monsoon
2024-08-26 07:00:00,65.0,1.45,233.25,8,Monsoon
2024-08-26 08:00:00,62.0,2.05,217.5,8,Monsoon
2024-08-26 09:00:00,67.0,1.95,251.75,8,Monsoon
2024-08-26 10:00:00,84.0,2.05,263.5,8,Monsoon
2024-08-26 11:00:00,90.0,2.1,253.5,8,Monsoon
2024-08-26 12:00:00,83.0,2.25,261.5,8,Monsoon
2024-08-26 13:00:00,83.0,2.35,241.0,8,Monsoon
2024-08-26 14:00:00,82.0,2.0,249.75,8,Monsoon
2024-08-26 15:00:00,73.0,2.22,271.0,8,Monsoon
2024-08-26 16:00:00,79.0,2.55,302.25,8,Monsoon
2024-08-26 17:00:00,100.0,2.25,291.0,8,Monsoon
2024-08-26 18:00:00,84.0,2.08,304.0,8,Monsoon
2024-08-26 19:00:00,83.0,1.12,286.5,8,Monsoon
2024-08-26 20:00:00,88.0,1.15,282.25,8,Monsoon
2024-08-26 21:00:00,90.0,1.25,278.0,8,Monsoon
2024-08-26 22:00:00,88.0,1.45,251.25,8,Monsoon
2024-08-26 23:00:00,85.0,1.35,231.75,8,Monsoon
2024-08-27 00:00:00,63.0,1.7,264.5,8,Monsoon
2024-08-27 01:00:00,32.0,1.05,249.75,8,Monsoon
2024-08-27 02:00:00,24.0,0.65,194.25,8,Monsoon
2024-08-27 03:00:00,51.0,1.02,196.25,8,Monsoon
2024-08-27 04:00:00,54.0,1.45,235.75,8,Monsoon
2024-08-27 05:00:00,43.0,1.52,235.0,8,Monsoon
2024-08-27 06:00:00,34.0,1.4,228.75,8,Monsoon
2024-08-27 07:00:00,45.0,1.6,244.25,8,Monsoon
2024-08-27 08:00:00,68.0,2.48,262.0,8,Monsoon
2024-08-27 09:00:00,68.0,2.95,288.25,8,Monsoon
2024-08-27 10:00:00,65.0,2.98,289.75,8,Monsoon
2024-08-27 11:00:00,63.0,3.0,279.75,8,Monsoon
2024-08-27 12:00:00,65.0,2.7,274.75,8,Monsoon
2024-08-27 13:00:00,59.0,2.62,284.25,8,Monsoon
2024-08-27 14:00:00,71.0,2.5,312.75,8,Monsoon
2024-08-27 15:00:00,66.0,2.3,296.0,8,Monsoon
2024-08-27 16:00:00,63.0,2.42,289.5,8,Monsoon
2024-08-27 17:00:00,66.0,2.33,287.5,8,Monsoon
2024-08-27 18:00:00,85.0,2.55,282.75,8,Monsoon
2024-08-27 19:00:00,77.0,1.2,284.25,8,Monsoon
2024-08-27 20:00:00,90.0,1.1,303.5,8,Monsoon
2024-08-27 21:00:00,104.0,1.12,297.25,8,Monsoon
2024-08-27 22:00:00,99.0,1.12,284.0,8,Monsoon
2024-08-27 23:00:00,89.0,0.8,268.75,8,Monsoon
2024-08-28 00:00:00,81.0,0.7,241.0,8,Monsoon
2024-08-28 01:00:00,90.0,0.57,212.75,8,Monsoon
2024-08-28 02:00:00,100.0,0.75,211.0,8,Monsoon
2024-08-28 03:00:00,85.0,1.25,235.25,8,Monsoon
2024-08-28 04:00:00,67.0,1.25,279.5,8,Monsoon
2024-08-28 05:00:00,21.0,1.2,271.25,8,Monsoon
2024-08-28 06:00:00,35.0,1.02,279.75,8,Monsoon
2024-08-28 07:00:00,32.0,0.95,263.25,8,Monsoon
2024-08-28 08:00:00,43.0,1.42,280.0,8,Monsoon
2024-08-28 09:00:00,43.0,2.22,279.25,8,Monsoon
2024-08-28 10:00:00,50.0,2.3,300.5,8,Monsoon
2024-08-28 11:00:00,55.0,1.98,293.5,8,Monsoon
2024-08-28 12:00:00,66.0,1.7,286.75,8,Monsoon
2024-08-28 13:00:00,66.0,1.92,288.75,8,Monsoon
2024-08-28 14:00:00,68.0,1.58,271.25,8,Monsoon
2024-08-28 15:00:00,68.0,1.4,268.25,8,Monsoon
2024-08-28 16:00:00,79.0,1.45,278.0,8,Monsoon
2024-08-28 17:00:00,59.0,1.3,290.75,8,Monsoon
2024-08-28 18:00:00,60.0,1.42,289.0,8,Monsoon
2024-08-28 19:00:00,35.0,0.57,130.5,8,Monsoon
2024-08-28 20:00:00,44.0,0.52,140.75,8,Monsoon
2024-08-28 21:00:00,59.0,0.35,182.0,8,Monsoon
2024-08-28 22:00:00,77.0,0.43,232.5,8,Monsoon
2024-08-28 23:00:00,79.0,1.0,215.75,8,Monsoon
2024-08-29 00:00:00,77.0,0.7,209.75,8,Monsoon
2024-08-29 01:00:00,57.5,0.6,190.75,8,Monsoon
2024-08-29 02:00:00,44.25,0.4499999999999999,138.25,8,Monsoon
2024-08-29 03:00:00,40.5,0.3,184.5,8,Monsoon
2024-08-29 04:00:00,43.0,2.8,313.0,8,Monsoon
2024-08-29 05:00:00,35.0,2.85,320.0,8,Monsoon
2024-08-29 06:00:00,24.5,2.48,311.25,8,Monsoon
2024-08-29 07:00:00,22.0,1.78,295.25,8,Monsoon
2024-08-29 08:00:00,31.0,1.88,275.25,8,Monsoon
2024-08-29 09:00:00,43.0,2.3,283.5,8,Monsoon
2024-08-29 10:00:00,43.75,2.2,284.25,8,Monsoon
2024-08-29 11:00:00,36.5,1.65,277.25,8,Monsoon
2024-08-29 12:00:00,55.0,1.48,272.75,8,Monsoon
2024-08-29 13:00:00,69.25,1.27,277.25,8,Monsoon
2024-08-29 14:00:00,79.0,1.62,291.5,8,Monsoon
2024-08-29 15:00:00,90.0,1.4,295.75,8,Monsoon
2024-08-29 16:00:00,88.5,1.18,278.5,8,Monsoon
2024-08-29 17:00:00,58.0,1.3,286.75,8,Monsoon
2024-08-29 18:00:00,64.5,1.0,318.25,8,Monsoon
2024-08-29 19:00:00,95.5,0.98,220.25,8,Monsoon
2024-08-29 20:00:00,111.5,0.48,224.75,8,Monsoon
2024-08-29 21:00:00,119.25,0.55,262.75,8,Monsoon
2024-08-29 22:00:00,163.75,0.48,273.75,8,Monsoon
2024-08-29 23:00:00,166.0,0.45,243.5,8,Monsoon
2024-08-30 00:00:00,176.25,0.43,221.0,8,Monsoon
2024-08-30 01:00:00,187.75,0.3,187.75,8,Monsoon
2024-08-30 02:00:00,177.25,0.18,178.0,8,Monsoon
2024-08-30 03:00:00,194.0,0.45,188.0,8,Monsoon
2024-08-30 04:00:00,202.5,0.4,203.0,8,Monsoon
2024-08-30 05:00:00,190.25,0.5,178.25,8,Monsoon
2024-08-30 06:00:00,158.25,0.48,229.25,8,Monsoon
2024-08-30 07:00:00,125.0,0.98,254.75,8,Monsoon
2024-08-30 08:00:00,114.75,1.3,268.5,8,Monsoon
2024-08-30 09:00:00,125.25,1.5,287.0,8,Monsoon
2024-08-30 10:00:00,101.25,2.35,269.5,8,Monsoon
2024-08-30 11:00:00,84.5,1.65,262.5,8,Monsoon
2024-08-30 12:00:00,87.25,1.4,218.75,8,Monsoon
2024-08-30 13:00:00,88.25,1.1,190.75,8,Monsoon
2024-08-30 14:00:00,83.5,1.02,183.75,8,Monsoon
2024-08-30 15:00:00,97.75,1.05,171.0,8,Monsoon
2024-08-30 16:00:00,91.0,1.45,163.5,8,Monsoon
2024-08-30 17:00:00,100.5,1.85,199.75,8,Monsoon
2024-08-30 18:00:00,75.75,3.25,118.25,8,Monsoon
2024-08-30 19:00:00,73.5,2.53,95.5,8,Monsoon
2024-08-30 20:00:00,82.0,1.8,86.25,8,Monsoon
2024-08-30 21:00:00,90.75,2.38,79.75,8,Monsoon
2024-08-30 22:00:00,114.0,1.78,92.5,8,Monsoon
2024-08-30 23:00:00,122.5,1.65,124.5,8,Monsoon
2024-08-31 00:00:00,106.5,0.68,166.25,8,Monsoon
2024-08-31 01:00:00,82.0,0.42,168.25,8,Monsoon
2024-08-31 02:00:00,67.75,0.5,144.0,8,Monsoon
2024-08-31 03:00:00,71.0,0.5,110.5,8,Monsoon
2024-08-31 04:00:00,113.0,0.45,52.5,8,Monsoon
2024-08-31 05:00:00,84.0,0.3999999999999999,74.0,8,Monsoon
2024-08-31 06:00:00,71.25,0.35,92.0,8,Monsoon
2024-08-31 07:00:00,80.5,1.05,179.25,8,Monsoon
2024-08-31 08:00:00,81.0,0.92,185.0,8,Monsoon
2024-08-31 09:00:00,78.75,1.7,163.25,8,Monsoon
2024-08-31 10:00:00,92.0,1.42,146.5,8,Monsoon
2024-08-31 11:00:00,81.0,1.3,147.75,8,Monsoon
2024-08-31 12:00:00,62.0,1.38,145.0,8,Monsoon
2024-08-31 13:00:00,61.0,1.25,143.0,8,Monsoon
2024-08-31 14:00:00,62.0,1.42,150.75,8,Monsoon
2024-08-31 15:00:00,71.0,1.72,160.25,8,Monsoon
2024-08-31 16:00:00,61.0,1.8,159.5,8,Monsoon
2024-08-31 17:00:00,76.0,1.45,161.0,8,Monsoon
2024-08-31 18:00:00,77.0,0.88,156.0,8,Monsoon
2024-08-31 19:00:00,103.0,1.88,236.25,8,Monsoon
2024-08-31 20:00:00,107.0,3.1,233.75,8,Monsoon
2024-08-31 21:00:00,103.0,3.15,227.75,8,Monsoon
2024-08-31 22:00:00,100.0,3.55,221.25,8,Monsoon
2024-08-31 23:00:00,104.0,3.5,220.25,8,Monsoon
2024-09-01 00:00:00,82.0,3.33,171.67,9,Monsoon
2024-09-01 01:00:00,74.0,2.4,126.75,9,Monsoon
2024-09-01 02:00:00,109.0,1.22,144.25,9,Monsoon
2024-09-01 03:00:00,117.0,1.08,152.25,9,Monsoon
2024-09-01 04:00:00,89.0,0.4,171.5,9,Monsoon
2024-09-01 05:00:00,93.0,0.3,184.5,9,Monsoon
2024-09-01 06:00:00,73.0,0.48,189.0,9,Monsoon
2024-09-01 07:00:00,76.0,1.05,178.25,9,Monsoon
2024-09-01 08:00:00,74.0,0.78,158.25,9,Monsoon
2024-09-01 09:00:00,72.0,1.15,162.75,9,Monsoon
2024-09-01 10:00:00,83.0,2.05,156.0,9,Monsoon
2024-09-01 11:00:00,88.0,1.55,157.75,9,Monsoon
2024-09-01 12:00:00,78.0,1.38,147.75,9,Monsoon
2024-09-01 13:00:00,77.0,1.6,155.75,9,Monsoon
2024-09-01 14:00:00,72.0,1.78,160.75,9,Monsoon
2024-09-01 15:00:00,78.0,1.78,170.75,9,Monsoon
2024-09-01 16:00:00,73.0,1.58,161.5,9,Monsoon
2024-09-01 17:00:00,68.0,1.6,167.25,9,Monsoon
2024-09-01 18:00:00,84.0,1.27,159.0,9,Monsoon
2024-09-01 19:00:00,89.0,1.08,166.75,9,Monsoon
2024-09-01 20:00:00,105.0,0.78,214.75,9,Monsoon
2024-09-01 21:00:00,120.0,0.9,204.75,9,Monsoon
2024-09-01 22:00:00,126.0,1.12,272.5,9,Monsoon
2024-09-01 23:00:00,159.0,0.98,307.25,9,Monsoon
2024-09-02 00:00:00,136.0,1.58,276.25,9,Monsoon
2024-09-02 01:00:00,112.0,1.45,299.5,9,Monsoon
2024-09-02 02:00:00,65.0,1.27,297.25,9,Monsoon
2024-09-02 03:00:00,59.0,1.25,279.25,9,Monsoon
2024-09-02 04:00:00,46.0,0.52,281.5,9,Monsoon
2024-09-02 05:00:00,49.0,0.78,283.25,9,Monsoon
2024-09-02 06:00:00,54.0,0.7,263.25,9,Monsoon
2024-09-02 07:00:00,74.0,1.6,261.75,9,Monsoon
2024-09-02 08:00:00,103.0,1.78,277.75,9,Monsoon
2024-09-02 09:00:00,111.0,1.45,284.25,9,Monsoon
2024-09-02 10:00:00,110.0,1.78,233.5,9,Monsoon
2024-09-02 11:00:00,95.0,1.35,289.25,9,Monsoon
2024-09-02 12:00:00,95.0,1.15,290.25,9,Monsoon
2024-09-02 13:00:00,109.0,1.08,239.5,9,Monsoon
2024-09-02 14:00:00,78.0,1.8,225.5,9,Monsoon
2024-09-02 15:00:00,110.0,1.52,270.5,9,Monsoon
2024-09-02 16:00:00,107.0,1.37,270.67,9,Monsoon
2024-09-02 17:00:00,89.0,1.3,240.0,9,Monsoon
2024-09-02 18:00:00,91.25,1.48,241.75,9,Monsoon
2024-09-02 19:00:00,119.5,1.35,240.75,9,Monsoon
2024-09-02 20:00:00,140.0,0.88,257.25,9,Monsoon
2024-09-02 21:00:00,157.5,0.9,275.75,9,Monsoon
2024-09-02 22:00:00,176.25,1.1,249.0,9,Monsoon
2024-09-02 23:00:00,163.75,1.32,224.5,9,Monsoon
2024-09-03 00:00:00,139.25,0.62,215.25,9,Monsoon
2024-09-03 01:00:00,118.75,0.9,172.0,9,Monsoon
2024-09-03 02:00:00,111.75,0.57,213.5,9,Monsoon
2024-09-03 03:00:00,107.25,0.55,234.25,9,Monsoon
2024-09-03 04:00:00,98.5,0.72,226.0,9,Monsoon
2024-09-03 05:00:00,87.75,1.05,241.0,9,Monsoon
2024-09-03 06:00:00,78.25,1.48,241.75,9,Monsoon
2024-09-03 07:00:00,85.75,1.18,245.25,9,Monsoon
2024-09-03 08:00:00,83.0,1.23,260.0,9,Monsoon
2024-09-03 09:00:00,111.75,1.98,207.5,9,Monsoon
2024-09-03 10:00:00,135.5,1.45,259.75,9,Monsoon
2024-09-03 11:00:00,122.0,1.78,285.25,9,Monsoon
2024-09-03 12:00:00,104.0,1.42,177.25,9,Monsoon
2024-09-03 13:00:00,121.75,1.48,271.5,9,Monsoon
2024-09-03 14:00:00,97.5,1.72,295.0,9,Monsoon
2024-09-03 15:00:00,84.75,1.5,293.75,9,Monsoon
2024-09-03 16:00:00,92.25,1.25,281.75,9,Monsoon
2024-09-03 17:00:00,94.25,2.6,174.0,9,Monsoon
2024-09-03 18:00:00,118.75,3.1,197.75,9,Monsoon
2024-09-03 19:00:00,126.25,3.05,197.0,9,Monsoon
2024-09-03 20:00:00,139.5,2.33,146.5,9,Monsoon
2024-09-03 21:00:00,95.25,1.08,145.0,9,Monsoon
2024-09-03 22:00:00,61.0,0.85,126.5,9,Monsoon
2024-09-03 23:00:00,48.25,0.57,238.5,9,Monsoon
2024-09-04 00:00:00,61.0,0.88,254.0,9,Monsoon
2024-09-04 01:00:00,52.5,0.85,277.25,9,Monsoon
2024-09-04 02:00:00,46.5,0.48,259.5,9,Monsoon
2024-09-04 03:00:00,57.25,0.32,143.0,9,Monsoon
2024-09-04 04:00:00,64.0,0.4,159.75,9,Monsoon
2024-09-04 05:00:00,63.5,0.375,47.75,9,Monsoon
2024-09-04 06:00:00,56.25,0.35,179.5,9,Monsoon
2024-09-04 07:00:00,60.0,0.75,271.75,9,Monsoon
2024-09-04 08:00:00,77.0,1.1,199.5,9,Monsoon
2024-09-04 09:00:00,75.25,1.35,185.25,9,Monsoon
2024-09-04 10:00:00,87.25,2.08,217.5,9,Monsoon
2024-09-04 11:00:00,86.0,3.15,194.5,9,Monsoon
2024-09-04 12:00:00,95.25,3.47,158.75,9,Monsoon
2024-09-04 13:00:00,104.25,0.98,146.25,9,Monsoon
2024-09-04 14:00:00,43.0,0.88,283.75,9,Monsoon
2024-09-04 15:00:00,23.5,0.72,286.25,9,Monsoon
2024-09-04 16:00:00,24.0,1.02,275.0,9,Monsoon
2024-09-04 17:00:00,29.25,0.5,160.0,9,Monsoon
2024-09-04 18:00:00,46.0,0.5,119.25,9,Monsoon
2024-09-04 19:00:00,54.0,0.43,133.25,9,Monsoon
2024-09-04 20:00:00,46.75,0.48,124.0,9,Monsoon
2024-09-04 21:00:00,50.75,0.45,135.0,9,Monsoon
2024-09-04 22:00:00,44.75,0.5,148.0,9,Monsoon
2024-09-04 23:00:00,42.0,0.4,204.5,9,Monsoon
2024-09-05 00:00:00,39.0,0.42,267.5,9,Monsoon
2024-09-05 01:00:00,44.0,0.35,257.0,9,Monsoon
2024-09-05 02:00:00,51.25,0.28,262.75,9,Monsoon
2024-09-05 03:00:00,50.0,0.3,240.0,9,Monsoon
2024-09-05 04:00:00,57.25,0.4,242.75,9,Monsoon
2024-09-05 05:00:00,66.0,0.3,246.0,9,Monsoon
2024-09-05 06:00:00,76.25,0.42,259.0,9,Monsoon
2024-09-05 07:00:00,79.0,0.38,126.0,9,Monsoon
2024-09-05 08:00:00,85.0,0.88,181.0,9,Monsoon
2024-09-05 09:00:00,68.25,1.78,204.0,9,Monsoon
2024-09-05 10:00:00,68.0,1.45,230.5,9,Monsoon
2024-09-05 11:00:00,64.75,1.18,207.75,9,Monsoon
2024-09-05 12:00:00,73.5,1.52,192.0,9,Monsoon
2024-09-05 13:00:00,97.25,0.95,202.5,9,Monsoon
2024-09-05 14:00:00,118.25,0.72,171.75,9,Monsoon
2024-09-05 15:00:00,130.5,2.08,170.0,9,Monsoon
2024-09-05 16:00:00,135.25,0.82,175.75,9,Monsoon
2024-09-05 17:00:00,111.25,0.57,179.5,9,Monsoon
2024-09-05 18:00:00,117.25,1.65,237.75,9,Monsoon
2024-09-05 19:00:00,145.25,2.7,181.5,9,Monsoon
2024-09-05 20:00:00,172.5,1.15,233.75,9,Monsoon
2024-09-05 21:00:00,201.5,0.82,279.0,9,Monsoon
2024-09-05 22:00:00,209.0,1.18,248.25,9,Monsoon
2024-09-05 23:00:00,182.0,1.62,113.25,9,Monsoon
2024-09-06 00:00:00,126.5,0.32,128.75,9,Monsoon
2024-09-06 01:00:00,106.5,0.35,150.0,9,Monsoon
2024-09-06 02:00:00,108.0,0.35,131.75,9,Monsoon
2024-09-06 03:00:00,107.5,0.32,195.25,9,Monsoon
2024-09-06 04:00:00,114.5,0.32,213.25,9,Monsoon
2024-09-06 05:00:00,123.75,0.38,179.5,9,Monsoon
2024-09-06 06:00:00,168.0,0.52,223.0,9,Monsoon
2024-09-06 07:00:00,150.5,0.85,172.0,9,Monsoon
2024-09-06 08:00:00,95.75,1.6,265.0,9,Monsoon
2024-09-06 09:00:00,87.75,1.65,267.5,9,Monsoon
2024-09-06 10:00:00,87.75,1.55,275.75,9,Monsoon
2024-09-06 11:00:00,77.25,2.17,286.5,9,Monsoon
2024-09-06 12:00:00,77.0,1.95,272.0,9,Monsoon
2024-09-06 13:00:00,69.75,1.85,269.0,9,Monsoon
2024-09-06 14:00:00,64.0,1.58,248.75,9,Monsoon
2024-09-06 15:00:00,78.75,1.45,267.0,9,Monsoon
2024-09-06 16:00:00,95.25,1.45,251.25,9,Monsoon
2024-09-06 17:00:00,99.75,1.88,256.5,9,Monsoon
2024-09-06 18:00:00,107.5,2.1,255.0,9,Monsoon
2024-09-06 19:00:00,98.0,1.1,197.5,9,Monsoon
2024-09-06 20:00:00,109.0,0.1,174.5,9,Monsoon
2024-09-06 21:00:00,117.0,0.1333333333333333,135.25,9,Monsoon
2024-09-06 22:00:00,71.5,0.1666666666666666,101.5,9,Monsoon
2024-09-06 23:00:00,64.25,0.2,179.75,9,Monsoon
2024-09-07 00:00:00,71.5,0.3,168.5,9,Monsoon
2024-09-07 01:00:00,64.75,0.3957142857142857,107.25,9,Monsoon
2024-09-07 02:00:00,69.5,0.4914285714285714,66.0,9,Monsoon
2024-09-07 03:00:00,73.5,0.5871428571428572,113.0,9,Monsoon
2024-09-07 04:00:00,61.25,,148.0,9,Monsoon
2024-09-07 05:00:00,63.75,,134.25,9,Monsoon
2024-09-07 06:00:00,61.5,,128.5,9,Monsoon
2024-09-07 07:00:00,60.0,0.97,197.0,9,Monsoon
2024-09-07 08:00:00,59.0,0.9,237.75,9,Monsoon
2024-09-07 09:00:00,71.75,1.45,271.75,9,Monsoon
2024-09-07 10:00:00,113.5,1.55,281.0,9,Monsoon
2024-09-07 11:00:00,84.0,1.65,268.25,9,Monsoon
2024-09-07 12:00:00,75.25,1.45,241.25,9,Monsoon
2024-09-07 13:00:00,63.5,1.78,230.75,9,Monsoon
2024-09-07 14:00:00,52.25,1.9,223.75,9,Monsoon
2024-09-07 15:00:00,62.0,1.45,227.25,9,Monsoon
2024-09-07 16:00:00,63.75,1.35,236.0,9,Monsoon
2024-09-07 17:00:00,75.0,1.68,258.5,9,Monsoon
2024-09-07 18:00:00,78.25,0.5,88.5,9,Monsoon
2024-09-07 19:00:00,52.5,0.6,129.5,9,Monsoon
2024-09-07 20:00:00,40.25,0.57,141.5,9,Monsoon
2024-09-07 21:00:00,47.25,0.38,166.0,9,Monsoon
2024-09-07 22:00:00,65.0,0.4,112.5,9,Monsoon
2024-09-07 23:00:00,75.25,0.35,108.0,9,Monsoon
2024-09-08 00:00:00,68.0,0.52,97.75,9,Monsoon
2024-09-08 01:00:00,62.0,0.4,106.5,9,Monsoon
2024-09-08 02:00:00,61.0,0.5,119.5,9,Monsoon
2024-09-08 03:00:00,59.5,0.6,134.5,9,Monsoon
2024-09-08 04:00:00,74.0,1.1,172.25,9,Monsoon
2024-09-08 05:00:00,78.25,0.87,171.75,9,Monsoon
2024-09-08 06:00:00,85.5,0.77,177.75,9,Monsoon
2024-09-08 07:00:00,112.0,1.88,159.0,9,Monsoon
2024-09-08 08:00:00,129.0,1.65,218.25,9,Monsoon
2024-09-08 09:00:00,128.25,1.8,222.75,9,Monsoon
2024-09-08 10:00:00,128.5,2.12,236.25,9,Monsoon
2024-09-08 11:00:00,124.5,2.62,233.0,9,Monsoon
2024-09-08 12:00:00,112.5,2.33,225.0,9,Monsoon
2024-09-08 13:00:00,99.25,2.7,222.0,9,Monsoon
2024-09-08 14:00:00,93.0,2.65,206.25,9,Monsoon
2024-09-08 15:00:00,92.0,2.9,222.25,9,Monsoon
2024-09-08 16:00:00,100.25,2.9,221.75,9,Monsoon
2024-09-08 17:00:00,84.25,3.1,202.75,9,Monsoon
2024-09-08 18:00:00,88.5,2.85,171.5,9,Monsoon
2024-09-08 19:00:00,88.25,1.05,105.75,9,Monsoon
2024-09-08 20:00:00,91.5,0.28,173.75,9,Monsoon
2024-09-08 21:00:00,101.25,0.32,188.25,9,Monsoon
2024-09-08 22:00:00,108.5,0.28,185.5,9,Monsoon
2024-09-08 23:00:00,111.5,0.38,121.0,9,Monsoon
2024-09-09 00:00:00,103.75,0.32,115.25,9,Monsoon
2024-09-09 01:00:00,100.25,0.3,127.25,9,Monsoon
2024-09-09 02:00:00,109.0,0.35,153.0,9,Monsoon
2024-09-09 03:00:00,130.75,0.3,167.0,9,Monsoon
2024-09-09 04:00:00,142.25,0.3,171.0,9,Monsoon
2024-09-09 05:00:00,122.25,0.28,192.25,9,Monsoon
2024-09-09 06:00:00,84.25,0.32,203.0,9,Monsoon
2024-09-09 07:00:00,80.75,0.57,172.5,9,Monsoon
2024-09-09 08:00:00,92.0,0.7,174.5,9,Monsoon
2024-09-09 09:00:00,107.0,1.15,157.5,9,Monsoon
2024-09-09 10:00:00,102.75,1.92,158.0,9,Monsoon
2024-09-09 11:00:00,88.75,1.65,152.75,9,Monsoon
2024-09-09 12:00:00,80.5,1.48,151.75,9,Monsoon
2024-09-09 13:00:00,86.5,1.08,179.0,9,Monsoon
2024-09-09 14:00:00,96.5,1.32,161.5,9,Monsoon
2024-09-09 15:00:00,94.5,1.5,160.5,9,Monsoon
2024-09-09 16:00:00,85.5,1.02,163.75,9,Monsoon
2024-09-09 17:00:00,83.0,0.9,177.75,9,Monsoon
2024-09-09 18:00:00,88.25,1.23,225.75,9,Monsoon
2024-09-09 19:00:00,102.75,0.98,288.75,9,Monsoon
2024-09-09 20:00:00,98.0,1.1,251.0,9,Monsoon
2024-09-09 21:00:00,119.0,0.83,215.5,9,Monsoon
2024-09-09 22:00:00,103.0,0.48,185.5,9,Monsoon
2024-09-09 23:00:00,116.0,0.3399999999999999,161.0,9,Monsoon
2024-09-10 00:00:00,108.75,0.2,148.0,9,Monsoon
2024-09-10 01:00:00,116.75,0.43,234.0,9,Monsoon
2024-09-10 02:00:00,147.25,0.82,210.75,9,Monsoon
2024-09-10 03:00:00,124.5,0.1,110.25,9,Monsoon
2024-09-10 04:00:00,81.75,0.3,36.5,9,Monsoon
2024-09-10 05:00:00,68.75,0.5,78.5,9,Monsoon
2024-09-10 06:00:00,66.5,0.7000000000000001,120.5,9,Monsoon
2024-09-10 07:00:00,75.0,0.9,229.0,9,Monsoon
2024-09-10 08:00:00,68.25,1.02,250.75,9,Monsoon
2024-09-10 09:00:00,74.0,1.2,246.25,9,Monsoon
2024-09-10 10:00:00,94.25,2.12,201.75,9,Monsoon
2024-09-10 11:00:00,117.25,1.45,226.5,9,Monsoon
2024-09-10 12:00:00,151.5,1.58,233.5,9,Monsoon
2024-09-10 13:00:00,152.75,1.15,171.0,9,Monsoon
2024-09-10 14:00:00,135.75,1.05,154.5,9,Monsoon
2024-09-10 15:00:00,133.25,2.17,188.0,9,Monsoon
2024-09-10 16:00:00,108.5,1.15,175.5,9,Monsoon
2024-09-10 17:00:00,61.0,1.05,158.5,9,Monsoon
2024-09-10 18:00:00,64.5,1.42,265.0,9,Monsoon
2024-09-10 19:00:00,51.25,1.0,238.75,9,Monsoon
2024-09-10 20:00:00,48.0,0.62,238.0,9,Monsoon
2024-09-10 21:00:00,46.75,0.55,244.25,9,Monsoon
2024-09-10 22:00:00,51.25,0.52,215.0,9,Monsoon
2024-09-10 23:00:00,54.5,0.88,216.75,9,Monsoon
2024-09-11 00:00:00,54.25,0.6,189.75,9,Monsoon
2024-09-11 01:00:00,53.25,0.42,188.25,9,Monsoon
2024-09-11 02:00:00,47.0,0.48,164.75,9,Monsoon
2024-09-11 03:00:00,64.5,0.42,173.5,9,Monsoon
2024-09-11 04:00:00,73.25,0.5,142.75,9,Monsoon
2024-09-11 05:00:00,68.75,0.62,187.0,9,Monsoon
2024-09-11 06:00:00,70.75,0.55,175.75,9,Monsoon
2024-09-11 07:00:00,77.25,0.75,190.75,9,Monsoon
2024-09-11 08:00:00,118.75,1.27,183.25,9,Monsoon
2024-09-11 09:00:00,144.75,1.27,203.0,9,Monsoon
2024-09-11 10:00:00,112.25,2.12,197.75,9,Monsoon
2024-09-11 11:00:00,105.25,1.52,205.75,9,Monsoon
2024-09-11 12:00:00,98.75,1.67,214.0,9,Monsoon
2024-09-11 13:00:00,83.25,1.9,193.25,9,Monsoon
2024-09-11 14:00:00,85.0,1.3,224.25,9,Monsoon
2024-09-11 15:00:00,53.25,1.08,249.75,9,Monsoon
2024-09-11 16:00:00,39.0,0.88,287.5,9,Monsoon
2024-09-11 17:00:00,49.25,1.38,275.5,9,Monsoon
2024-09-11 18:00:00,56.0,2.55,228.25,9,Monsoon
2024-09-11 19:00:00,93.75,3.05,193.0,9,Monsoon
2024-09-11 20:00:00,127.0,3.35,163.5,9,Monsoon
2024-09-11 21:00:00,125.75,3.15,178.25,9,Monsoon
2024-09-11 22:00:00,117.75,3.18,175.25,9,Monsoon
2024-09-11 23:00:00,103.25,2.62,158.5,9,Monsoon
2024-09-12 00:00:00,87.75,3.52,145.25,9,Monsoon
2024-09-12 01:00:00,75.75,3.58,167.5,9,Monsoon
2024-09-12 02:00:00,81.25,2.92,178.25,9,Monsoon
2024-09-12 03:00:00,93.0,0.7,254.5,9,Monsoon
2024-09-12 04:00:00,109.5,1.02,235.5,9,Monsoon
2024-09-12 05:00:00,70.5,1.62,247.75,9,Monsoon
2024-09-12 06:00:00,30.5,1.3,256.0,9,Monsoon
2024-09-12 07:00:00,25.0,1.4,248.25,9,Monsoon
2024-09-12 08:00:00,27.5,1.65,234.25,9,Monsoon
2024-09-12 09:00:00,32.5,1.25,211.5,9,Monsoon
2024-09-12 10:00:00,33.25,1.78,229.0,9,Monsoon
2024-09-12 11:00:00,33.75,1.88,234.75,9,Monsoon
2024-09-12 12:00:00,28.75,1.8,223.75,9,Monsoon
2024-09-12 13:00:00,30.0,1.92,190.75,9,Monsoon
2024-09-12 14:00:00,32.5,2.33,160.5,9,Monsoon
2024-09-12 15:00:00,54.0,1.68,143.75,9,Monsoon
2024-09-12 16:00:00,64.75,1.4,144.75,9,Monsoon
2024-09-12 17:00:00,63.75,0.45,122.5,9,Monsoon
2024-09-12 18:00:00,60.75,2.12,166.5,9,Monsoon
2024-09-12 19:00:00,57.75,1.95,172.5,9,Monsoon
2024-09-12 20:00:00,48.75,2.4,173.0,9,Monsoon
2024-09-12 21:00:00,37.0,1.85,173.25,9,Monsoon
2024-09-12 22:00:00,45.25,2.0,168.75,9,Monsoon
2024-09-12 23:00:00,44.5,1.68,165.5,9,Monsoon
2024-09-13 00:00:00,40.75,2.15,163.0,9,Monsoon
2024-09-13 01:00:00,38.5,1.9,162.25,9,Monsoon
2024-09-13 02:00:00,30.5,1.78,155.75,9,Monsoon
2024-09-13 03:00:00,25.0,1.32,144.5,9,Monsoon
2024-09-13 04:00:00,30.75,1.0,139.0,9,Monsoon
2024-09-13 05:00:00,27.75,1.2,144.25,9,Monsoon
2024-09-13 06:00:00,24.5,1.9,155.0,9,Monsoon
2024-09-13 07:00:00,21.75,0.7,179.0,9,Monsoon
2024-09-13 08:00:00,16.5,0.72,167.0,9,Monsoon
2024-09-13 09:00:00,15.0,0.67,128.25,9,Monsoon
2024-09-13 10:00:00,37.0,0.65,147.75,9,Monsoon
2024-09-13 11:00:00,41.5,1.42,137.75,9,Monsoon
2024-09-13 12:00:00,40.0,2.3,111.5,9,Monsoon
2024-09-13 13:00:00,50.25,2.92,173.25,9,Monsoon
2024-09-13 14:00:00,53.25,0.73,264.5,9,Monsoon
2024-09-13 15:00:00,56.0,0.5,147.0,9,Monsoon
2024-09-13 16:00:00,56.25,1.75,275.75,9,Monsoon
2024-09-13 17:00:00,56.75,1.3,241.5,9,Monsoon
2024-09-13 18:00:00,46.5,1.35,204.5,9,Monsoon
2024-09-13 19:00:00,60.25,1.32,250.5,9,Monsoon
2024-09-13 20:00:00,63.75,0.48,197.0,9,Monsoon
2024-09-13 21:00:00,57.75,0.45,169.75,9,Monsoon
2024-09-13 22:00:00,51.5,0.7,164.5,9,Monsoon
2024-09-13 23:00:00,48.5,0.65,151.5,9,Monsoon
2024-09-14 00:00:00,45.75,0.68,169.0,9,Monsoon
2024-09-14 01:00:00,45.0,0.52,160.25,9,Monsoon
2024-09-14 02:00:00,39.75,0.52,170.25,9,Monsoon
2024-09-14 03:00:00,46.25,0.4,194.25,9,Monsoon
2024-09-14 04:00:00,75.25,0.52,137.0,9,Monsoon
2024-09-14 05:00:00,55.5,0.55,154.5,9,Monsoon
2024-09-14 06:00:00,61.75,1.38,168.25,9,Monsoon
2024-09-14 07:00:00,88.0,1.08,196.5,9,Monsoon
2024-09-14 08:00:00,81.5,1.25,204.75,9,Monsoon
2024-09-14 09:00:00,45.5,0.82,145.0,9,Monsoon
2024-09-14 10:00:00,38.0,1.52,183.25,9,Monsoon
2024-09-14 11:00:00,72.75,1.65,194.25,9,Monsoon
2024-09-14 12:00:00,96.0,1.5,180.25,9,Monsoon
2024-09-14 13:00:00,111.25,1.52,157.5,9,Monsoon
2024-09-14 14:00:00,127.0,1.4,169.75,9,Monsoon
2024-09-14 15:00:00,128.75,1.9,237.75,9,Monsoon
2024-09-14 16:00:00,116.0,2.25,236.75,9,Monsoon
2024-09-14 17:00:00,123.25,1.7,233.5,9,Monsoon
2024-09-14 18:00:00,109.0,2.35,172.5,9,Monsoon
2024-09-14 19:00:00,118.0,1.2,107.75,9,Monsoon
2024-09-14 20:00:00,126.0,0.75,108.75,9,Monsoon
2024-09-14 21:00:00,101.0,0.3,214.0,9,Monsoon
2024-09-14 22:00:00,87.0,0.7,201.0,9,Monsoon
2024-09-14 23:00:00,82.0,1.2,254.5,9,Monsoon
2024-09-15 00:00:00,72.0,0.88,277.25,9,Monsoon
2024-09-15 01:00:00,87.0,0.75,273.25,9,Monsoon
2024-09-15 02:00:00,101.0,0.5,189.75,9,Monsoon
2024-09-15 03:00:00,111.0,0.38,173.75,9,Monsoon
2024-09-15 04:00:00,115.0,0.7,186.0,9,Monsoon
2024-09-15 05:00:00,88.0,0.4,190.0,9,Monsoon
2024-09-15 06:00:00,78.0,0.53,218.75,9,Monsoon
2024-09-15 07:00:00,88.0,1.32,53.5,9,Monsoon
2024-09-15 08:00:00,92.0,2.1100000000000003,58.25,9,Monsoon
2024-09-15 09:00:00,81.0,2.9,146.75,9,Monsoon
2024-09-15 10:00:00,89.0,2.38,206.75,9,Monsoon
2024-09-15 11:00:00,117.0,1.38,175.25,9,Monsoon
2024-09-15 12:00:00,127.0,2.15,167.75,9,Monsoon
2024-09-15 13:00:00,140.0,1.98,151.0,9,Monsoon
2024-09-15 14:00:00,139.0,1.8,149.5,9,Monsoon
2024-09-15 15:00:00,150.0,1.27,149.5,9,Monsoon
2024-09-15 16:00:00,153.0,2.05,222.0,9,Monsoon
2024-09-15 17:00:00,151.0,2.7,243.75,9,Monsoon
2024-09-15 18:00:00,155.0,2.88,189.5,9,Monsoon
2024-09-15 19:00:00,149.0,1.85,87.25,9,Monsoon
2024-09-15 20:00:00,161.0,2.1,122.75,9,Monsoon
2024-09-15 21:00:00,198.0,1.8083333333333331,98.5,9,Monsoon
2024-09-15 22:00:00,142.0,1.5166666666666666,8.0,9,Monsoon
2024-09-15 23:00:00,161.0,1.225,35.0,9,Monsoon
2024-09-16 00:00:00,154.0,,110.5,9,Monsoon
2024-09-16 01:00:00,132.0,,195.5,9,Monsoon
2024-09-16 02:00:00,122.0,0.35,159.25,9,Monsoon
2024-09-16 03:00:00,131.0,0.52,189.75,9,Monsoon
2024-09-16 04:00:00,118.0,0.52,167.75,9,Monsoon
2024-09-16 05:00:00,159.0,0.35,131.75,9,Monsoon
2024-09-16 06:00:00,121.0,0.5,156.75,9,Monsoon
2024-09-16 07:00:00,114.0,0.43,127.0,9,Monsoon
2024-09-16 08:00:00,109.0,2.82,139.75,9,Monsoon
2024-09-16 09:00:00,114.0,3.25,181.75,9,Monsoon
2024-09-16 10:00:00,133.0,1.85,187.25,9,Monsoon
2024-09-16 11:00:00,138.0,2.1,166.25,9,Monsoon
2024-09-16 12:00:00,129.0,2.0,150.5,9,Monsoon
2024-09-16 13:00:00,143.0,2.52,145.25,9,Monsoon
2024-09-16 14:00:00,149.0,1.82,149.75,9,Monsoon
2024-09-16 15:00:00,167.0,1.18,151.75,9,Monsoon
2024-09-16 16:00:00,166.0,1.02,146.25,9,Monsoon
2024-09-16 17:00:00,167.0,1.62,184.5,9,Monsoon
2024-09-16 18:00:00,182.0,3.6,172.75,9,Monsoon
2024-09-16 19:00:00,192.0,3.32,92.0,9,Monsoon
2024-09-16 20:00:00,214.0,1.82,85.5,9,Monsoon
2024-09-16 21:00:00,252.0,1.6175000000000002,51.5,9,Monsoon
2024-09-16 22:00:00,192.0,1.415,48.0,9,Monsoon
2024-09-16 23:00:00,168.0,1.2125,42.833333333333336,9,Monsoon
2024-09-17 00:00:00,173.0,,37.66666666666666,9,Monsoon
2024-09-17 01:00:00,147.0,,32.5,9,Monsoon
2024-09-17 02:00:00,159.0,,29.75,9,Monsoon
2024-09-17 03:00:00,165.0,,27.0,9,Monsoon
2024-09-17 04:00:00,175.0,0.2,103.0,9,Monsoon
2024-09-17 05:00:00,150.0,0.3,194.5,9,Monsoon
2024-09-17 06:00:00,128.0,0.22,159.5,9,Monsoon
2024-09-17 07:00:00,139.0,0.48,142.5,9,Monsoon
2024-09-17 08:00:00,182.0,1.9,146.5,9,Monsoon
2024-09-17 09:00:00,149.0,2.15,184.25,9,Monsoon
2024-09-17 10:00:00,138.0,1.35,168.5,9,Monsoon
2024-09-17 11:00:00,140.0,1.05,150.5,9,Monsoon
2024-09-17 12:00:00,140.0,2.25,152.25,9,Monsoon
2024-09-17 13:00:00,167.0,1.9,149.5,9,Monsoon
2024-09-17 14:00:00,179.0,1.42,148.25,9,Monsoon
2024-09-17 15:00:00,183.0,1.12,146.75,9,Monsoon
2024-09-17 16:00:00,177.0,0.8,164.0,9,Monsoon
2024-09-17 17:00:00,189.0,1.85,266.0,9,Monsoon
2024-09-17 18:00:00,168.0,2.2,219.75,9,Monsoon
2024-09-17 19:00:00,192.0,1.42,257.75,9,Monsoon
2024-09-17 20:00:00,227.0,1.335,130.67,9,Monsoon
2024-09-17 21:00:00,160.0,1.25,101.2525,9,Monsoon
2024-09-17 22:00:00,179.0,1.165,71.835,9,Monsoon
2024-09-17 23:00:00,147.0,,42.41749999999999,9,Monsoon
2024-09-18 00:00:00,179.0,,13.0,9,Monsoon
2024-09-18 01:00:00,182.0,,9.0,9,Monsoon
2024-09-18 02:00:00,111.0,,53.0,9,Monsoon
2024-09-18 03:00:00,114.0,,97.0,9,Monsoon
2024-09-18 04:00:00,111.0,,141.0,9,Monsoon
2024-09-18 05:00:00,109.0,,74.0,9,Monsoon
2024-09-18 06:00:00,127.0,,131.5,9,Monsoon
2024-09-18 07:00:00,150.0,0.4,189.0,9,Monsoon
2024-09-18 08:00:00,168.0,0.8,248.75,9,Monsoon
2024-09-18 09:00:00,158.0,1.78,240.0,9,Monsoon
2024-09-18 10:00:00,147.0,2.08,221.5,9,Monsoon
2024-09-18 11:00:00,140.0,1.82,251.75,9,Monsoon
2024-09-18 12:00:00,77.0,1.75,234.75,9,Monsoon
2024-09-18 13:00:00,62.0,1.62,218.0,9,Monsoon
2024-09-18 14:00:00,49.0,1.3,203.25,9,Monsoon
2024-09-18 15:00:00,48.0,1.5,123.75,9,Monsoon
2024-09-18 16:00:00,73.0,0.75,174.75,9,Monsoon
2024-09-18 17:00:00,54.0,0.68,180.75,9,Monsoon
2024-09-18 18:00:00,70.0,1.5,193.75,9,Monsoon
2024-09-18 19:00:00,77.0,1.62,172.75,9,Monsoon
2024-09-18 20:00:00,79.0,1.42,188.75,9,Monsoon
2024-09-18 21:00:00,48.0,1.4,211.0,9,Monsoon
2024-09-18 22:00:00,38.0,1.52,227.5,9,Monsoon
2024-09-18 23:00:00,26.0,1.68,231.25,9,Monsoon
2024-09-19 00:00:00,32.0,1.65,238.0,9,Monsoon
2024-09-19 01:00:00,26.0,1.72,234.75,9,Monsoon
2024-09-19 02:00:00,21.0,1.42,222.5,9,Monsoon
2024-09-19 03:00:00,24.0,0.9,207.25,9,Monsoon
2024-09-19 04:00:00,29.0,1.1,237.75,9,Monsoon
2024-09-19 05:00:00,33.0,1.25,234.75,9,Monsoon
2024-09-19 06:00:00,42.0,1.62,229.5,9,Monsoon
2024-09-19 07:00:00,54.0,0.68,221.0,9,Monsoon
2024-09-19 08:00:00,74.0,1.15,239.0,9,Monsoon
2024-09-19 09:00:00,76.0,0.63,194.25,9,Monsoon
2024-09-19 10:00:00,79.0,0.77,226.0,9,Monsoon
2024-09-19 11:00:00,87.0,1.3,255.75,9,Monsoon
2024-09-19 12:00:00,88.0,1.78,245.0,9,Monsoon
2024-09-19 13:00:00,98.0,1.65,250.5,9,Monsoon
2024-09-19 14:00:00,74.0,1.55,228.25,9,Monsoon
2024-09-19 15:00:00,73.0,1.42,220.0,9,Monsoon
2024-09-19 16:00:00,81.0,1.32,227.0,9,Monsoon
2024-09-19 17:00:00,87.0,1.65,223.75,9,Monsoon
2024-09-19 18:00:00,107.0,1.27,228.0,9,Monsoon
2024-09-19 19:00:00,140.0,1.2,206.0,9,Monsoon
2024-09-19 20:00:00,139.0,0.27,204.5,9,Monsoon
2024-09-19 21:00:00,136.0,0.3466666666666667,58.75,9,Monsoon
2024-09-19 22:00:00,133.0,0.4233333333333333,134.875,9,Monsoon
2024-09-19 23:00:00,148.0,0.5,211.0,9,Monsoon
2024-09-20 00:00:00,140.0,0.51625,100.0,9,Monsoon
2024-09-20 01:00:00,125.0,0.5325,86.734,9,Monsoon
2024-09-20 02:00:00,129.0,0.54875,73.468,9,Monsoon
2024-09-20 03:00:00,125.0,,60.202,9,Monsoon
2024-09-20 04:00:00,84.0,,,9,Monsoon
2024-09-20 05:00:00,92.0,,33.67,9,Monsoon
2024-09-20 06:00:00,84.0,,88.0,9,Monsoon
2024-09-20 07:00:00,100.0,0.63,265.0,9,Monsoon
2024-09-20 08:00:00,149.0,1.45,289.75,9,Monsoon
2024-09-20 09:00:00,142.0,1.23,284.0,9,Monsoon
2024-09-20 10:00:00,116.0,1.52,272.5,9,Monsoon
2024-09-20 11:00:00,77.0,2.02,263.0,9,Monsoon
2024-09-20 12:00:00,72.0,2.15,251.75,9,Monsoon
2024-09-20 13:00:00,94.0,1.67,262.5,9,Monsoon
2024-09-20 14:00:00,111.0,1.25,263.0,9,Monsoon
2024-09-20 15:00:00,125.0,1.18,237.25,9,Monsoon
2024-09-20 16:00:00,134.0,1.15,264.0,9,Monsoon
2024-09-20 17:00:00,111.0,0.92,275.5,9,Monsoon
2024-09-20 18:00:00,127.0,0.98,267.0,9,Monsoon
2024-09-20 19:00:00,150.0,1.75,180.0,9,Monsoon
2024-09-20 20:00:00,223.0,2.05,112.0,9,Monsoon
2024-09-20 21:00:00,200.0,2.35,73.5,9,Monsoon
2024-09-20 22:00:00,181.0,0.75,84.5,9,Monsoon
2024-09-20 23:00:00,216.0,0.2,70.5,9,Monsoon
2024-09-21 00:00:00,199.0,0.32,97.0,9,Monsoon
2024-09-21 01:00:00,166.0,0.47,121.75,9,Monsoon
2024-09-21 02:00:00,178.0,0.3,75.0,9,Monsoon
2024-09-21 03:00:00,165.0,0.2,76.0,9,Monsoon
2024-09-21 04:00:00,123.0,0.4125,56.66666666666667,9,Monsoon
2024-09-21 05:00:00,104.0,0.625,37.333333333333336,9,Monsoon
2024-09-21 06:00:00,111.0,0.8375000000000001,18.0,9,Monsoon
2024-09-21 07:00:00,118.0,1.05,103.75,9,Monsoon
2024-09-21 08:00:00,114.0,1.18,215.25,9,Monsoon
2024-09-21 09:00:00,79.0,0.92,189.25,9,Monsoon
2024-09-21 10:00:00,71.0,1.45,194.75,9,Monsoon
2024-09-21 11:00:00,89.0,2.22,208.75,9,Monsoon
2024-09-21 12:00:00,112.0,1.55,248.0,9,Monsoon
2024-09-21 13:00:00,189.0,1.27,241.0,9,Monsoon
2024-09-21 14:00:00,151.0,0.8,217.25,9,Monsoon
2024-09-21 15:00:00,151.0,0.72,187.0,9,Monsoon
2024-09-21 16:00:00,188.0,0.45,260.25,9,Monsoon
2024-09-21 17:00:00,172.0,0.4,197.25,9,Monsoon
2024-09-21 18:00:00,147.0,2.15,248.0,9,Monsoon
2024-09-21 19:00:00,198.0,3.05,180.0,9,Monsoon
2024-09-21 20:00:00,177.0,3.28,179.25,9,Monsoon
2024-09-21 21:00:00,145.0,3.8,161.75,9,Monsoon
2024-09-21 22:00:00,120.0,3.58,107.5,9,Monsoon
2024-09-21 23:00:00,158.0,2.82,94.25,9,Monsoon
2024-09-22 00:00:00,151.0,0.8,98.75,9,Monsoon
2024-09-22 01:00:00,165.0,0.28,170.5,9,Monsoon
2024-09-22 02:00:00,129.0,0.28,193.0,9,Monsoon
2024-09-22 03:00:00,165.0,0.35,161.5,9,Monsoon
2024-09-22 04:00:00,211.0,0.32,140.5,9,Monsoon
2024-09-22 05:00:00,151.0,0.32,115.25,9,Monsoon
2024-09-22 06:00:00,121.0,0.25,123.75,9,Monsoon
2024-09-22 07:00:00,133.0,0.6,161.25,9,Monsoon
2024-09-22 08:00:00,170.0,1.35,179.25,9,Monsoon
2024-09-22 09:00:00,144.0,1.0,160.5,9,Monsoon
2024-09-22 10:00:00,134.0,1.7,149.0,9,Monsoon
2024-09-22 11:00:00,134.0,1.27,147.5,9,Monsoon
2024-09-22 12:00:00,111.0,1.1,160.5,9,Monsoon
2024-09-22 13:00:00,120.0,1.08,147.5,9,Monsoon
2024-09-22 14:00:00,94.0,1.27,151.0,9,Monsoon
2024-09-22 15:00:00,99.0,1.3,156.5,9,Monsoon
2024-09-22 16:00:00,105.0,1.18,160.0,9,Monsoon
2024-09-22 17:00:00,125.0,1.05,158.25,9,Monsoon
2024-09-22 18:00:00,129.0,2.17,213.5,9,Monsoon
2024-09-22 19:00:00,134.0,3.12,220.75,9,Monsoon
2024-09-22 20:00:00,144.0,3.1,199.25,9,Monsoon
2024-09-22 21:00:00,160.0,2.95,181.75,9,Monsoon
2024-09-22 22:00:00,145.0,3.6,130.75,9,Monsoon
2024-09-22 23:00:00,153.0,1.65,73.5,9,Monsoon
2024-09-23 00:00:00,126.0,1.50625,26.0,9,Monsoon
2024-09-23 01:00:00,122.0,1.3624999999999998,39.0,9,Monsoon
2024-09-23 02:00:00,156.0,1.21875,18.0,9,Monsoon
2024-09-23 03:00:00,148.0,,5.0,9,Monsoon
2024-09-23 04:00:00,134.0,,10.5,9,Monsoon
2024-09-23 05:00:00,115.0,,13.0,9,Monsoon
2024-09-23 06:00:00,115.0,,29.5,9,Monsoon
2024-09-23 07:00:00,189.0,0.5,163.5,9,Monsoon
2024-09-23 08:00:00,153.0,0.95,176.75,9,Monsoon
2024-09-23 09:00:00,155.0,0.9,168.25,9,Monsoon
2024-09-23 10:00:00,159.0,1.38,150.5,9,Monsoon
2024-09-23 11:00:00,144.0,1.25,158.0,9,Monsoon
2024-09-23 12:00:00,147.0,0.95,154.25,9,Monsoon
2024-09-23 13:00:00,138.0,0.95,148.5,9,Monsoon
2024-09-23 14:00:00,159.0,1.0,150.25,9,Monsoon
2024-09-23 15:00:00,139.0,1.25,160.0,9,Monsoon
2024-09-23 16:00:00,145.0,1.35,163.25,9,Monsoon
2024-09-23 17:00:00,145.0,0.95,157.25,9,Monsoon
2024-09-23 18:00:00,149.0,1.38,204.0,9,Monsoon
2024-09-23 19:00:00,184.0,3.2,229.0,9,Monsoon
2024-09-23 20:00:00,217.0,2.95,212.0,9,Monsoon
2024-09-23 21:00:00,259.0,4.05,164.5,9,Monsoon
2024-09-23 22:00:00,274.0,2.9,161.5,9,Monsoon
2024-09-23 23:00:00,192.0,2.98,161.5,9,Monsoon
2024-09-24 00:00:00,259.0,3.0,129.0,9,Monsoon
2024-09-24 01:00:00,206.0,3.32,106.25,9,Monsoon
2024-09-24 02:00:00,227.0,2.02,125.5,9,Monsoon
2024-09-24 03:00:00,176.0,0.4,197.0,9,Monsoon
2024-09-24 04:00:00,156.0,0.3,183.0,9,Monsoon
2024-09-24 05:00:00,154.0,0.3,186.75,9,Monsoon
2024-09-24 06:00:00,170.0,0.28,198.5,9,Monsoon
2024-09-24 07:00:00,158.0,0.8,154.25,9,Monsoon
2024-09-24 08:00:00,177.0,0.48,196.25,9,Monsoon
2024-09-24 09:00:00,192.0,1.1,162.0,9,Monsoon
2024-09-24 10:00:00,189.0,1.12,189.5,9,Monsoon
2024-09-24 11:00:00,182.0,1.12,158.0,9,Monsoon
2024-09-24 12:00:00,149.0,1.05,197.0,9,Monsoon
2024-09-24 13:00:00,145.0,1.15,169.5,9,Monsoon
2024-09-24 14:00:00,168.0,0.9,161.5,9,Monsoon
2024-09-24 15:00:00,171.0,0.8,159.25,9,Monsoon
2024-09-24 16:00:00,155.0,0.75,168.5,9,Monsoon
2024-09-24 17:00:00,164.0,0.65,167.5,9,Monsoon
2024-09-24 18:00:00,170.0,0.72,170.25,9,Monsoon
2024-09-24 19:00:00,200.0,1.7,266.75,9,Monsoon
2024-09-24 20:00:00,205.0,2.5,249.75,9,Monsoon
2024-09-24 21:00:00,204.0,1.5,254.0,9,Monsoon
2024-09-24 22:00:00,287.0,1.08,236.5,9,Monsoon
2024-09-24 23:00:00,295.0,1.15,210.25,9,Monsoon
2024-09-25 00:00:00,228.0,1.0,228.25,9,Monsoon
2024-09-25 01:00:00,193.0,1.02,223.25,9,Monsoon
2024-09-25 02:00:00,212.0,0.82,265.0,9,Monsoon
2024-09-25 03:00:00,272.0,0.88,251.5,9,Monsoon
2024-09-25 04:00:00,250.0,1.42,206.0,9,Monsoon
2024-09-25 05:00:00,258.0,3.95,136.75,9,Monsoon
2024-09-25 06:00:00,249.0,0.8,255.75,9,Monsoon
2024-09-25 07:00:00,237.0,0.8,275.5,9,Monsoon
2024-09-25 08:00:00,288.0,0.85,255.0,9,Monsoon
2024-09-25 09:00:00,297.0,1.02,279.0,9,Monsoon
2024-09-25 10:00:00,307.5,1.15,256.25,9,Monsoon
2024-09-25 11:00:00,286.0,1.25,246.75,9,Monsoon
2024-09-25 12:00:00,307.25,1.18,269.5,9,Monsoon
2024-09-25 13:00:00,254.75,0.82,286.75,9,Monsoon
2024-09-25 14:00:00,220.5,0.88,271.25,9,Monsoon
2024-09-25 15:00:00,168.0,0.85,242.5,9,Monsoon
2024-09-25 16:00:00,197.0,1.48,270.5,9,Monsoon
2024-09-25 17:00:00,220.0,1.52,288.75,9,Monsoon
2024-09-25 18:00:00,155.0,1.45,287.0,9,Monsoon
2024-09-25 19:00:00,150.0,1.3,300.0,9,Monsoon
2024-09-25 20:00:00,140.0,1.15,277.5,9,Monsoon
2024-09-25 21:00:00,147.0,1.12,284.0,9,Monsoon
2024-09-25 22:00:00,110.0,1.4,278.5,9,Monsoon
2024-09-25 23:00:00,99.0,1.33,233.0,9,Monsoon
2024-09-26 00:00:00,81.0,0.87,220.75,9,Monsoon
2024-09-26 01:00:00,68.0,0.9083333333333332,200.5,9,Monsoon
2024-09-26 02:00:00,62.0,0.9466666666666668,200.25,9,Monsoon
2024-09-26 03:00:00,54.0,0.985,95.67,9,Monsoon
2024-09-26 04:00:00,60.0,,99.75,9,Monsoon
2024-09-26 05:00:00,74.0,,119.25,9,Monsoon
2024-09-26 06:00:00,83.0,1.1,278.25,9,Monsoon
2024-09-26 07:00:00,60.0,1.58,281.0,9,Monsoon
2024-09-26 08:00:00,68.0,1.55,268.0,9,Monsoon
2024-09-26 09:00:00,90.0,1.65,262.0,9,Monsoon
2024-09-26 10:00:00,105.0,1.7,252.0,9,Monsoon
2024-09-26 11:00:00,145.0,1.8,283.5,9,Monsoon
2024-09-26 12:00:00,122.0,1.9,265.75,9,Monsoon
2024-09-26 13:00:00,138.0,1.8,262.75,9,Monsoon
2024-09-26 14:00:00,114.0,1.5,271.25,9,Monsoon
2024-09-26 15:00:00,129.0,1.72,301.0,9,Monsoon
2024-09-26 16:00:00,122.0,1.38,277.25,9,Monsoon
2024-09-26 17:00:00,82.0,1.3,283.5,9,Monsoon
2024-09-26 18:00:00,106.0,1.8,246.0,9,Monsoon
2024-09-26 19:00:00,156.0,1.0,292.75,9,Monsoon
2024-09-26 20:00:00,126.0,0.92,267.75,9,Monsoon
2024-09-26 21:00:00,160.0,0.82,300.75,9,Monsoon
2024-09-26 22:00:00,177.0,1.0,284.5,9,Monsoon
2024-09-26 23:00:00,116.0,1.12,313.5,9,Monsoon
2024-09-27 00:00:00,89.0,1.0,296.5,9,Monsoon
2024-09-27 01:00:00,70.0,0.3,251.75,9,Monsoon
2024-09-27 02:00:00,82.0,0.2749999999999999,83.25,9,Monsoon
2024-09-27 03:00:00,59.0,0.25,62.67,9,Monsoon
2024-09-27 04:00:00,60.0,0.2249999999999999,83.0,9,Monsoon
2024-09-27 05:00:00,53.0,,21.0,9,Monsoon
2024-09-27 06:00:00,93.0,,147.0,9,Monsoon
2024-09-27 07:00:00,83.0,0.15,217.5,9,Monsoon
2024-09-27 08:00:00,68.0,1.6,266.25,9,Monsoon
2024-09-27 09:00:00,68.0,2.4,287.25,9,Monsoon
2024-09-27 10:00:00,88.0,2.7,293.75,9,Monsoon
2024-09-27 11:00:00,126.0,2.4,299.0,9,Monsoon
2024-09-27 12:00:00,87.0,2.0,285.0,9,Monsoon
2024-09-27 13:00:00,81.0,1.88,283.5,9,Monsoon
2024-09-27 14:00:00,87.0,1.65,277.75,9,Monsoon
2024-09-27 15:00:00,98.0,1.48,276.0,9,Monsoon
2024-09-27 16:00:00,104.0,1.55,308.0,9,Monsoon
2024-09-27 17:00:00,94.0,1.4,317.25,9,Monsoon
2024-09-27 18:00:00,109.0,1.27,320.75,9,Monsoon
2024-09-27 19:00:00,186.0,1.98,295.25,9,Monsoon
2024-09-27 20:00:00,156.0,1.65,273.5,9,Monsoon
2024-09-27 21:00:00,99.0,1.9,172.25,9,Monsoon
2024-09-27 22:00:00,81.0,1.66,88.5,9,Monsoon
2024-09-27 23:00:00,70.0,1.42,147.25,9,Monsoon
2024-09-28 00:00:00,54.0,1.18,59.25,9,Monsoon
2024-09-28 01:00:00,29.0,,55.0,9,Monsoon
2024-09-28 02:00:00,39.0,0.7,206.0,9,Monsoon
2024-09-28 03:00:00,45.0,0.75,165.5,9,Monsoon
2024-09-28 04:00:00,33.0,0.85,220.75,9,Monsoon
2024-09-28 05:00:00,46.0,0.92,227.5,9,Monsoon
2024-09-28 06:00:00,42.0,0.92,235.5,9,Monsoon
2024-09-28 07:00:00,48.0,1.37,240.75,9,Monsoon
2024-09-28 08:00:00,60.0,0.72,256.75,9,Monsoon
2024-09-28 09:00:00,84.0,1.52,264.0,9,Monsoon
2024-09-28 10:00:00,72.0,1.7,272.0,9,Monsoon
2024-09-28 11:00:00,100.0,1.95,254.25,9,Monsoon
2024-09-28 12:00:00,133.0,1.5,277.5,9,Monsoon
2024-09-28 13:00:00,153.0,1.25,236.25,9,Monsoon
2024-09-28 14:00:00,90.0,1.62,227.25,9,Monsoon
2024-09-28 15:00:00,76.0,1.45,214.75,9,Monsoon
2024-09-28 16:00:00,84.0,1.12,275.0,9,Monsoon
2024-09-28 17:00:00,84.0,1.4,245.25,9,Monsoon
2024-09-28 18:00:00,113.5,1.8,211.75,9,Monsoon
2024-09-28 19:00:00,143.0,1.0,235.0,9,Monsoon
2024-09-28 20:00:00,159.0,0.9875,133.0,9,Monsoon
2024-09-28 21:00:00,133.0,0.975,82.0,9,Monsoon
2024-09-28 22:00:00,117.0,0.9625,72.0,9,Monsoon
2024-09-28 23:00:00,101.0,,81.33,9,Monsoon
2024-09-29 00:00:00,89.0,,52.5,9,Monsoon
2024-09-29 01:00:00,62.0,,66.0,9,Monsoon
2024-09-29 02:00:00,60.0,,79.5,9,Monsoon
2024-09-29 03:00:00,81.0,0.9,234.75,9,Monsoon
2024-09-29 04:00:00,77.0,1.15,253.25,9,Monsoon
2024-09-29 05:00:00,79.0,0.9,240.75,9,Monsoon
2024-09-29 06:00:00,66.0,0.6,222.25,9,Monsoon
2024-09-29 07:00:00,83.0,0.92,228.0,9,Monsoon
2024-09-29 08:00:00,70.0,1.35,236.0,9,Monsoon
2024-09-29 09:00:00,45.0,2.17,220.0,9,Monsoon
2024-09-29 10:00:00,63.0,2.08,218.75,9,Monsoon
2024-09-29 11:00:00,71.0,1.88,237.5,9,Monsoon
2024-09-29 12:00:00,72.0,1.78,201.75,9,Monsoon
2024-09-29 13:00:00,89.0,2.08,180.75,9,Monsoon
2024-09-29 14:00:00,71.0,1.58,177.75,9,Monsoon
2024-09-29 15:00:00,65.0,1.27,191.5,9,Monsoon
2024-09-29 16:00:00,99.0,1.12,182.5,9,Monsoon
2024-09-29 17:00:00,89.0,2.05,186.5,9,Monsoon
2024-09-29 18:00:00,106.0,3.58,197.5,9,Monsoon
2024-09-29 19:00:00,150.0,4.68,140.0,9,Monsoon
2024-09-29 20:00:00,182.0,2.82,96.5,9,Monsoon
2024-09-29 21:00:00,177.0,0.87,105.5,9,Monsoon
2024-09-29 22:00:00,159.0,0.7842857142857143,35.0,9,Monsoon
2024-09-29 23:00:00,164.0,0.6985714285714286,29.25,9,Monsoon
2024-09-30 00:00:00,140.0,0.6128571428571429,23.5,9,Monsoon
2024-09-30 01:00:00,165.0,,17.75,9,Monsoon
2024-09-30 02:00:00,132.0,,12.0,9,Monsoon
2024-09-30 03:00:00,112.0,,93.0,9,Monsoon
2024-09-30 04:00:00,112.0,0.27,176.5,9,Monsoon
2024-09-30 05:00:00,145.0,0.28,209.25,9,Monsoon
2024-09-30 06:00:00,132.0,0.32,182.25,9,Monsoon
2024-09-30 07:00:00,139.0,0.52,125.75,9,Monsoon
2024-09-30 08:00:00,131.0,2.02,125.75,9,Monsoon
2024-09-30 09:00:00,131.0,1.12,181.75,9,Monsoon
2024-09-30 10:00:00,120.0,1.1,163.75,9,Monsoon
2024-09-30 11:00:00,115.0,1.48,153.0,9,Monsoon
2024-09-30 12:00:00,115.0,1.92,156.5,9,Monsoon
2024-09-30 13:00:00,137.0,1.8,146.25,9,Monsoon
2024-09-30 14:00:00,139.0,1.52,149.25,9,Monsoon
2024-09-30 15:00:00,132.0,1.55,145.5,9,Monsoon
2024-09-30 16:00:00,142.0,1.38,144.75,9,Monsoon
2024-09-30 17:00:00,153.0,2.45,194.25,9,Monsoon
2024-09-30 18:00:00,177.0,3.48,197.75,9,Monsoon
2024-09-30 19:00:00,206.0,4.65,165.0,9,Monsoon
2024-09-30 20:00:00,177.0,3.62,109.5,9,Monsoon
2024-09-30 21:00:00,177.0,2.956,77.0,9,Monsoon
2024-09-30 22:00:00,179.0,2.292,83.6875,9,Monsoon
2024-09-30 23:00:00,176.0,1.628,90.375,9,Monsoon
2024-10-01 00:00:00,188.0,,97.0625,10,Post-monsoon
2024-10-01 01:00:00,175.0,0.3,103.75,10,Post-monsoon
2024-10-01 02:00:00,177.0,0.32,207.5,10,Post-monsoon
2024-10-01 03:00:00,184.0,0.3,176.75,10,Post-monsoon
2024-10-01 04:00:00,155.0,0.3,189.0,10,Post-monsoon
2024-10-01 05:00:00,164.0,0.35,175.75,10,Post-monsoon
2024-10-01 06:00:00,148.0,0.4,157.5,10,Post-monsoon
2024-10-01 07:00:00,182.0,0.4,145.5,10,Post-monsoon
2024-10-01 08:00:00,166.0,1.15,141.5,10,Post-monsoon
2024-10-01 09:00:00,150.0,1.6,185.0,10,Post-monsoon
2024-10-01 10:00:00,147.0,1.32,150.0,10,Post-monsoon
2024-10-01 11:00:00,144.0,2.35,141.5,10,Post-monsoon
2024-10-01 12:00:00,153.0,2.42,142.0,10,Post-monsoon
2024-10-01 13:00:00,159.0,1.7,141.5,10,Post-monsoon
2024-10-01 14:00:00,155.0,1.4,143.75,10,Post-monsoon
2024-10-01 15:00:00,150.0,1.25,155.75,10,Post-monsoon
2024-10-01 16:00:00,178.0,1.27,149.5,10,Post-monsoon
2024-10-01 17:00:00,173.0,1.4,162.25,10,Post-monsoon
2024-10-01 18:00:00,195.0,2.8,223.0,10,Post-monsoon
2024-10-01 19:00:00,231.0,3.35,184.25,10,Post-monsoon
2024-10-01 20:00:00,199.0,4.68,146.5,10,Post-monsoon
2024-10-01 21:00:00,203.0,3.45,97.75,10,Post-monsoon
2024-10-01 22:00:00,231.0,0.52,96.25,10,Post-monsoon
2024-10-01 23:00:00,199.0,0.8,74.75,10,Post-monsoon
2024-10-02 00:00:00,189.0,0.92,70.5,10,Post-monsoon
2024-10-02 01:00:00,219.0,1.3,98.25,10,Post-monsoon
2024-10-02 02:00:00,199.0,0.8,89.5,10,Post-monsoon
2024-10-02 03:00:00,178.0,0.25,49.5,10,Post-monsoon
2024-10-02 04:00:00,188.0,0.5125,62.375,10,Post-monsoon
2024-10-02 05:00:00,209.0,0.775,75.25,10,Post-monsoon
2024-10-02 06:00:00,223.0,1.0375,88.125,10,Post-monsoon
2024-10-02 07:00:00,208.0,1.3,101.0,10,Post-monsoon
2024-10-02 08:00:00,281.0,1.78,170.75,10,Post-monsoon
2024-10-02 09:00:00,219.0,0.95,155.75,10,Post-monsoon
2024-10-02 10:00:00,165.0,2.45,155.5,10,Post-monsoon
2024-10-02 11:00:00,172.0,2.6,151.25,10,Post-monsoon
2024-10-02 12:00:00,192.0,2.17,147.75,10,Post-monsoon
2024-10-02 13:00:00,184.0,1.8,146.0,10,Post-monsoon
2024-10-02 14:00:00,181.3913043478261,1.55,150.0,10,Post-monsoon
2024-10-02 15:00:00,178.7826086956522,1.27,154.5,10,Post-monsoon
2024-10-02 16:00:00,176.17391304347825,0.98,157.5,10,Post-monsoon
2024-10-02 17:00:00,,1.12,159.5,10,Post-monsoon
2024-10-02 18:00:00,,1.88,240.0,10,Post-monsoon
2024-10-02 19:00:00,,1.55,217.25,10,Post-monsoon
2024-10-02 20:00:00,,5.08,144.25,10,Post-monsoon
2024-10-02 21:00:00,,3.5,64.5,10,Post-monsoon
2024-10-02 22:00:00,,1.2,92.5,10,Post-monsoon
2024-10-02 23:00:00,,1.0714285714285714,51.0,10,Post-monsoon
2024-10-03 00:00:00,,0.9428571428571428,63.708333333333336,10,Post-monsoon
2024-10-03 01:00:00,,0.8142857142857143,76.41666666666667,10,Post-monsoon
2024-10-03 02:00:00,,,89.125,10,Post-monsoon
2024-10-03 03:00:00,,,,10,Post-monsoon
2024-10-03 04:00:00,,,,10,Post-monsoon
2024-10-03 05:00:00,,0.3,127.25,10,Post-monsoon
2024-10-03 06:00:00,,0.38,185.0,10,Post-monsoon
2024-10-03 07:00:00,,0.15,118.0,10,Post-monsoon
2024-10-03 08:00:00,,2.6,128.75,10,Post-monsoon
2024-10-03 09:00:00,,1.98,199.75,10,Post-monsoon
2024-10-03 10:00:00,,1.75,183.5,10,Post-monsoon
2024-10-03 11:00:00,,1.58,161.25,10,Post-monsoon
2024-10-03 12:00:00,124.0,2.22,162.25,10,Post-monsoon
2024-10-03 13:00:00,127.0,1.85,158.0,10,Post-monsoon
2024-10-03 14:00:00,124.0,1.38,156.5,10,Post-monsoon
2024-10-03 15:00:00,125.0,0.95,157.75,10,Post-monsoon
2024-10-03 16:00:00,141.0,0.65,170.5,10,Post-monsoon
2024-10-03 17:00:00,138.0,0.72,164.5,10,Post-monsoon
2024-10-03 18:00:00,161.0,3.55,175.75,10,Post-monsoon
2024-10-03 19:00:00,235.0,4.45,122.25,10,Post-monsoon
2024-10-03 20:00:00,360.0,0.4,54.33,10,Post-monsoon
2024-10-03 21:00:00,404.0,0.4363636363636364,52.22,10,Post-monsoon
2024-10-03 22:00:00,609.0,0.4727272727272728,50.11,10,Post-monsoon
2024-10-03 23:00:00,377.0,0.5090909090909091,48.0,10,Post-monsoon
2024-10-04 00:00:00,317.0,,42.4,10,Post-monsoon
2024-10-04 01:00:00,306.0,,36.8,10,Post-monsoon
2024-10-04 02:00:00,279.0,,31.200000000000003,10,Post-monsoon
2024-10-04 03:00:00,223.0,,,10,Post-monsoon
2024-10-04 04:00:00,256.0,,20.0,10,Post-monsoon
2024-10-04 05:00:00,235.0,,71.0,10,Post-monsoon
2024-10-04 06:00:00,235.0,,28.33,10,Post-monsoon
2024-10-04 07:00:00,149.0,0.8,65.33,10,Post-monsoon
2024-10-04 08:00:00,81.0,2.58,128.75,10,Post-monsoon
2024-10-04 09:00:00,79.0,1.42,189.75,10,Post-monsoon
2024-10-04 10:00:00,79.0,1.3,173.25,10,Post-monsoon
2024-10-04 11:00:00,135.0,1.82,150.25,10,Post-monsoon
2024-10-04 12:00:00,106.0,2.8,144.0,10,Post-monsoon
2024-10-04 13:00:00,106.0,1.92,152.0,10,Post-monsoon
2024-10-04 14:00:00,121.0,1.48,151.25,10,Post-monsoon
2024-10-04 15:00:00,121.0,1.08,172.5,10,Post-monsoon
2024-10-04 16:00:00,118.0,1.2,160.75,10,Post-monsoon
2024-10-04 17:00:00,151.0,1.28,166.0,10,Post-monsoon
2024-10-04 18:00:00,167.0,2.8,193.0,10,Post-monsoon
2024-10-04 19:00:00,189.0,2.05,189.25,10,Post-monsoon
2024-10-04 20:00:00,205.0,1.9,67.5,10,Post-monsoon
2024-10-04 21:00:00,262.0,1.9808333333333328,85.33333333333333,10,Post-monsoon
2024-10-04 22:00:00,193.0,2.0616666666666665,103.16666666666666,10,Post-monsoon
2024-10-04 23:00:00,160.0,2.1425,121.0,10,Post-monsoon
2024-10-05 00:00:00,172.0,,97.4,10,Post-monsoon
2024-10-05 01:00:00,124.0,,73.8,10,Post-monsoon
2024-10-05 02:00:00,141.0,,50.19999999999999,10,Post-monsoon
2024-10-05 03:00:00,125.0,,,10,Post-monsoon
2024-10-05 04:00:00,134.0,,3.0,10,Post-monsoon
2024-10-05 05:00:00,145.0,,26.33333333333333,10,Post-monsoon
2024-10-05 06:00:00,128.0,,49.66666666666666,10,Post-monsoon
2024-10-05 07:00:00,110.0,,73.0,10,Post-monsoon
2024-10-05 08:00:00,96.0,2.87,119.25,10,Post-monsoon
2024-10-05 09:00:00,86.0,1.65,174.0,10,Post-monsoon
2024-10-05 10:00:00,102.0,1.52,161.25,10,Post-monsoon
2024-10-05 11:00:00,123.0,2.25,144.75,10,Post-monsoon
2024-10-05 12:00:00,122.0,2.62,151.25,10,Post-monsoon
2024-10-05 13:00:00,105.0,2.15,157.0,10,Post-monsoon
2024-10-05 14:00:00,99.0,1.83,154.0,10,Post-monsoon
2024-10-05 15:00:00,101.0,1.42,155.75,10,Post-monsoon
2024-10-05 16:00:00,102.0,1.15,153.75,10,Post-monsoon
2024-10-05 17:00:00,92.0,1.18,171.75,10,Post-monsoon
2024-10-05 18:00:00,110.0,3.88,166.5,10,Post-monsoon
2024-10-05 19:00:00,185.0,3.6,99.25,10,Post-monsoon
2024-10-05 20:00:00,172.0,2.02,78.5,10,Post-monsoon
2024-10-05 21:00:00,206.0,1.8233333333333333,50.5,10,Post-monsoon
2024-10-05 22:00:00,222.0,1.6266666666666667,12.5,10,Post-monsoon
2024-10-05 23:00:00,245.0,1.4300000000000002,33.761428571428574,10,Post-monsoon
2024-10-06 00:00:00,222.0,,55.02285714285715,10,Post-monsoon
2024-10-06 01:00:00,162.0,,76.28428571428572,10,Post-monsoon
2024-10-06 02:00:00,117.0,,,10,Post-monsoon
2024-10-06 03:00:00,107.0,,,10,Post-monsoon
2024-10-06 04:00:00,106.0,,,10,Post-monsoon
2024-10-06 05:00:00,105.0,0.25,161.33,10,Post-monsoon
2024-10-06 06:00:00,157.0,3.5,166.0,10,Post-monsoon
2024-10-06 07:00:00,189.0,1.68,167.5,10,Post-monsoon
2024-10-06 08:00:00,127.0,0.8,245.0,10,Post-monsoon
2024-10-06 09:00:00,92.0,1.88,202.5,10,Post-monsoon
2024-10-06 10:00:00,157.0,2.28,184.25,10,Post-monsoon
2024-10-06 11:00:00,140.0,1.92,165.75,10,Post-monsoon
2024-10-06 12:00:00,121.0,2.85,149.75,10,Post-monsoon
2024-10-06 13:00:00,105.0,2.35,146.75,10,Post-monsoon
2024-10-06 14:00:00,113.0,1.92,148.75,10,Post-monsoon
2024-10-06 15:00:00,103.0,1.52,141.25,10,Post-monsoon
2024-10-06 16:00:00,106.0,1.32,139.75,10,Post-monsoon
2024-10-06 17:00:00,103.0,2.02,188.0,10,Post-monsoon
2024-10-06 18:00:00,124.0,4.78,111.25,10,Post-monsoon
2024-10-06 19:00:00,162.0,1.95,67.0,10,Post-monsoon
2024-10-06 20:00:00,166.0,2.58,77.25,10,Post-monsoon
2024-10-06 21:00:00,150.0,2.0225,47.33,10,Post-monsoon
2024-10-06 22:00:00,138.0,1.465,32.415,10,Post-monsoon
2024-10-06 23:00:00,127.0,0.9075000000000002,17.5,10,Post-monsoon
2024-10-07 00:00:00,124.0,0.35,115.33,10,Post-monsoon
2024-10-07 01:00:00,112.0,0.3,147.75,10,Post-monsoon
2024-10-07 02:00:00,140.0,0.32,131.75,10,Post-monsoon
2024-10-07 03:00:00,140.0,0.32,152.0,10,Post-monsoon
2024-10-07 04:00:00,112.0,0.52,203.5,10,Post-monsoon
2024-10-07 05:00:00,218.0,0.88,233.75,10,Post-monsoon
2024-10-07 06:00:00,118.0,1.23,226.75,10,Post-monsoon
2024-10-07 07:00:00,92.0,0.62,162.25,10,Post-monsoon
2024-10-07 08:00:00,108.0,1.02,145.75,10,Post-monsoon
2024-10-07 09:00:00,92.0,2.8,172.25,10,Post-monsoon
2024-10-07 10:00:00,90.0,1.78,186.25,10,Post-monsoon
2024-10-07 11:00:00,114.0,1.25,161.75,10,Post-monsoon
2024-10-07 12:00:00,118.0,2.35,162.75,10,Post-monsoon
2024-10-07 13:00:00,146.0,2.12,151.5,10,Post-monsoon
2024-10-07 14:00:00,108.0,1.72,140.0,10,Post-monsoon
2024-10-07 15:00:00,90.0,1.65,150.75,10,Post-monsoon
2024-10-07 16:00:00,106.0,1.85,163.0,10,Post-monsoon
2024-10-07 17:00:00,113.0,3.42,181.5,10,Post-monsoon
2024-10-07 18:00:00,141.0,2.45,51.25,10,Post-monsoon
2024-10-07 19:00:00,218.0,2.19375,47.6875,10,Post-monsoon
2024-10-07 20:00:00,243.0,1.9375,44.125,10,Post-monsoon
2024-10-07 21:00:00,167.0,1.68125,40.5625,10,Post-monsoon
2024-10-07 22:00:00,161.0,,37.0,10,Post-monsoon
2024-10-07 23:00:00,158.0,,11.0,10,Post-monsoon
2024-10-08 00:00:00,164.0,,33.5,10,Post-monsoon
2024-10-08 01:00:00,153.0,,36.67,10,Post-monsoon
2024-10-08 02:00:00,151.0,0.4,131.5,10,Post-monsoon
2024-10-08 03:00:00,156.0,0.32,198.5,10,Post-monsoon
2024-10-08 04:00:00,168.0,1.32,210.75,10,Post-monsoon
2024-10-08 05:00:00,167.0,2.0,263.0,10,Post-monsoon
2024-10-08 06:00:00,195.0,1.9,228.0,10,Post-monsoon
2024-10-08 07:00:00,215.0,1.38,208.25,10,Post-monsoon
2024-10-08 08:00:00,177.0,1.85,137.0,10,Post-monsoon
2024-10-08 09:00:00,146.0,2.7,173.25,10,Post-monsoon
2024-10-08 10:00:00,171.0,1.72,226.5,10,Post-monsoon
2024-10-08 11:00:00,157.0,1.3,166.0,10,Post-monsoon
2024-10-08 12:00:00,132.0,1.92,144.75,10,Post-monsoon
2024-10-08 13:00:00,125.0,2.45,153.25,10,Post-monsoon
2024-10-08 14:00:00,164.0,2.2,153.0,10,Post-monsoon
2024-10-08 15:00:00,133.0,1.78,148.75,10,Post-monsoon
2024-10-08 16:00:00,146.0,1.62,160.0,10,Post-monsoon
2024-10-08 17:00:00,262.0,3.52,171.5,10,Post-monsoon
2024-10-08 18:00:00,189.0,3.9,74.0,10,Post-monsoon
2024-10-08 19:00:00,196.0,3.392857142857143,56.75,10,Post-monsoon
2024-10-08 20:00:00,195.0,2.8857142857142857,39.5,10,Post-monsoon
2024-10-08 21:00:00,190.0,2.378571428571429,22.25,10,Post-monsoon
2024-10-08 22:00:00,160.0,,5.0,10,Post-monsoon
2024-10-08 23:00:00,151.0,,49.75,10,Post-monsoon
2024-10-09 00:00:00,171.0,,29.0,10,Post-monsoon
2024-10-09 01:00:00,174.0,0.35,158.67,10,Post-monsoon
2024-10-09 02:00:00,167.0,1.12,233.0,10,Post-monsoon
2024-10-09 03:00:00,162.0,1.82,220.5,10,Post-monsoon
2024-10-09 04:00:00,245.0,1.68,207.0,10,Post-monsoon
2024-10-09 05:00:00,215.0,1.95,187.5,10,Post-monsoon
2024-10-09 06:00:00,194.0,2.48,234.75,10,Post-monsoon
2024-10-09 07:00:00,179.0,1.8,250.5,10,Post-monsoon
2024-10-09 08:00:00,183.0,0.6,143.75,10,Post-monsoon
2024-10-09 09:00:00,180.0,2.7,143.5,10,Post-monsoon
2024-10-09 10:00:00,135.0,1.85,170.5,10,Post-monsoon
2024-10-09 11:00:00,157.0,1.9,176.75,10,Post-monsoon
2024-10-09 12:00:00,133.0,1.68,167.0,10,Post-monsoon
2024-10-09 13:00:00,138.0,1.9,152.75,10,Post-monsoon
2024-10-09 14:00:00,124.0,1.98,159.75,10,Post-monsoon
2024-10-09 15:00:00,103.0,2.05,166.5,10,Post-monsoon
2024-10-09 16:00:00,106.0,2.75,185.75,10,Post-monsoon
2024-10-09 17:00:00,103.0,3.52,140.5,10,Post-monsoon
2024-10-09 18:00:00,140.0,2.715,44.0,10,Post-monsoon
2024-10-09 19:00:00,208.0,1.91,68.5,10,Post-monsoon
2024-10-09 20:00:00,230.0,1.105,93.0,10,Post-monsoon
2024-10-09 21:00:00,191.0,0.3,169.5,10,Post-monsoon
2024-10-09 22:00:00,151.0,0.5,146.25,10,Post-monsoon
2024-10-09 23:00:00,130.0,0.6,129.25,10,Post-monsoon
2024-10-10 00:00:00,134.0,0.5233333333333333,102.25,10,Post-monsoon
2024-10-10 01:00:00,105.0,0.4466666666666666,90.25,10,Post-monsoon
2024-10-10 02:00:00,121.0,0.37,157.25,10,Post-monsoon
2024-10-10 03:00:00,103.0,1.32,277.0,10,Post-monsoon
2024-10-10 04:00:00,119.0,2.28,276.25,10,Post-monsoon
2024-10-10 05:00:00,153.0,1.7,192.75,10,Post-monsoon
2024-10-10 06:00:00,153.0,1.32,193.75,10,Post-monsoon
2024-10-10 07:00:00,182.0,1.92,215.0,10,Post-monsoon
2024-10-10 08:00:00,194.0,0.8,153.5,10,Post-monsoon
2024-10-10 09:00:00,150.0,2.02,136.25,10,Post-monsoon
2024-10-10 10:00:00,162.0,3.0,152.5,10,Post-monsoon
2024-10-10 11:00:00,212.0,2.4,172.5,10,Post-monsoon
2024-10-10 12:00:00,122.0,2.22,173.5,10,Post-monsoon
2024-10-10 13:00:00,107.0,2.08,165.0,10,Post-monsoon
2024-10-10 14:00:00,119.0,2.15,165.75,10,Post-monsoon
2024-10-10 15:00:00,114.0,1.45,162.0,10,Post-monsoon
2024-10-10 16:00:00,110.0,2.33,183.75,10,Post-monsoon
2024-10-10 17:00:00,129.0,3.67,122.0,10,Post-monsoon
2024-10-10 18:00:00,185.0,2.68,98.5,10,Post-monsoon
2024-10-10 19:00:00,260.0,1.6900000000000002,75.0,10,Post-monsoon
2024-10-10 20:00:00,244.0,0.7,76.5,10,Post-monsoon
2024-10-10 21:00:00,156.0,0.73,142.75,10,Post-monsoon
2024-10-10 22:00:00,147.0,0.78,147.75,10,Post-monsoon
2024-10-10 23:00:00,150.0,1.18,194.5,10,Post-monsoon
2024-10-11 00:00:00,112.0,1.18,193.5,10,Post-monsoon
2024-10-11 01:00:00,141.0,1.15,181.5,10,Post-monsoon
2024-10-11 02:00:00,150.0,0.57,158.25,10,Post-monsoon
2024-10-11 03:00:00,117.0,0.4,179.75,10,Post-monsoon
2024-10-11 04:00:00,125.0,0.3,159.0,10,Post-monsoon
2024-10-11 05:00:00,135.0,0.65,154.25,10,Post-monsoon
2024-10-11 06:00:00,190.0,0.57,140.0,10,Post-monsoon
2024-10-11 07:00:00,175.0,1.88,156.0,10,Post-monsoon
2024-10-11 08:00:00,184.0,0.68,182.5,10,Post-monsoon
2024-10-11 09:00:00,157.0,1.67,132.0,10,Post-monsoon
2024-10-11 10:00:00,140.0,3.38,149.5,10,Post-monsoon
2024-10-11 11:00:00,153.0,2.52,166.5,10,Post-monsoon
2024-10-11 12:00:00,144.0,2.52,161.75,10,Post-monsoon
2024-10-11 13:00:00,117.0,2.55,176.75,10,Post-monsoon
2024-10-11 14:00:00,124.0,2.22,178.25,10,Post-monsoon
2024-10-11 15:00:00,122.0,2.75,178.25,10,Post-monsoon
2024-10-11 16:00:00,145.0,2.7,162.25,10,Post-monsoon
2024-10-11 17:00:00,168.0,3.57,83.25,10,Post-monsoon
2024-10-11 18:00:00,160.0,2.84,75.66666666666667,10,Post-monsoon
2024-10-11 19:00:00,216.0,2.11,68.08333333333333,10,Post-monsoon
2024-10-11 20:00:00,206.0,1.38,60.5,10,Post-monsoon
2024-10-11 21:00:00,157.0,0.65,132.5,10,Post-monsoon
2024-10-11 22:00:00,136.0,1.2,205.5,10,Post-monsoon
2024-10-11 23:00:00,139.0,1.27,243.0,10,Post-monsoon
2024-10-12 00:00:00,206.0,0.95,224.0,10,Post-monsoon
2024-10-12 01:00:00,197.0,1.12,242.0,10,Post-monsoon
2024-10-12 02:00:00,202.0,0.9,245.5,10,Post-monsoon
2024-10-12 03:00:00,156.0,1.05,206.5,10,Post-monsoon
2024-10-12 04:00:00,204.0,0.75,203.75,10,Post-monsoon
2024-10-12 05:00:00,202.0,0.62,209.5,10,Post-monsoon
2024-10-12 06:00:00,183.0,0.55,159.5,10,Post-monsoon
2024-10-12 07:00:00,197.0,1.35,211.75,10,Post-monsoon
2024-10-12 08:00:00,230.0,0.68,193.5,10,Post-monsoon
2024-10-12 09:00:00,223.0,2.6,146.25,10,Post-monsoon
2024-10-12 10:00:00,196.0,1.9,199.75,10,Post-monsoon
2024-10-12 11:00:00,155.0,1.38,185.5,10,Post-monsoon
2024-10-12 12:00:00,155.0,1.88,182.0,10,Post-monsoon
2024-10-12 13:00:00,140.0,2.05,165.0,10,Post-monsoon
2024-10-12 14:00:00,133.0,2.25,162.25,10,Post-monsoon
2024-10-12 15:00:00,124.0,2.38,176.75,10,Post-monsoon
2024-10-12 16:00:00,121.0,2.65,181.75,10,Post-monsoon
2024-10-12 17:00:00,100.0,3.87,133.75,10,Post-monsoon
2024-10-12 18:00:00,175.0,2.085,138.375,10,Post-monsoon
2024-10-12 19:00:00,185.0,0.3,143.0,10,Post-monsoon
2024-10-12 20:00:00,189.0,0.3,143.5,10,Post-monsoon
2024-10-12 21:00:00,277.0,0.4,158.5,10,Post-monsoon
2024-10-12 22:00:00,265.0,0.45,155.75,10,Post-monsoon
2024-10-12 23:00:00,195.0,1.15,222.25,10,Post-monsoon
2024-10-13 00:00:00,216.0,0.88,235.25,10,Post-monsoon
2024-10-13 01:00:00,204.0,1.1,211.5,10,Post-monsoon
2024-10-13 02:00:00,235.0,0.82,192.25,10,Post-monsoon
2024-10-13 03:00:00,273.0,0.55,189.75,10,Post-monsoon
2024-10-13 04:00:00,313.0,0.55,197.75,10,Post-monsoon
2024-10-13 05:00:00,296.0,0.52,190.5,10,Post-monsoon
2024-10-13 06:00:00,254.0,0.65,152.25,10,Post-monsoon
2024-10-13 07:00:00,193.0,1.23,190.75,10,Post-monsoon
2024-10-13 08:00:00,212.0,0.73,206.5,10,Post-monsoon
2024-10-13 09:00:00,223.0,2.7,197.75,10,Post-monsoon
2024-10-13 10:00:00,227.0,2.1,205.5,10,Post-monsoon
2024-10-13 11:00:00,127.0,1.5,217.75,10,Post-monsoon
2024-10-13 12:00:00,117.0,1.32,175.75,10,Post-monsoon
2024-10-13 13:00:00,97.0,1.75,160.5,10,Post-monsoon
2024-10-13 14:00:00,90.0,1.85,168.75,10,Post-monsoon
2024-10-13 15:00:00,117.0,1.52,161.0,10,Post-monsoon
2024-10-13 16:00:00,91.0,2.9,146.5,10,Post-monsoon
2024-10-13 17:00:00,124.0,3.55,97.0,10,Post-monsoon
2024-10-13 18:00:00,185.0,2.473333333333333,87.0,10,Post-monsoon
2024-10-13 19:00:00,249.0,1.3966666666666665,77.0,10,Post-monsoon
2024-10-13 20:00:00,246.0,0.32,165.0,10,Post-monsoon
2024-10-13 21:00:00,350.0,0.48,142.0,10,Post-monsoon
2024-10-13 22:00:00,316.0,0.42,224.5,10,Post-monsoon
2024-10-13 23:00:00,345.0,0.75,235.75,10,Post-monsoon
2024-10-14 00:00:00,388.0,1.4,245.5,10,Post-monsoon
2024-10-14 01:00:00,387.0,0.88,246.5,10,Post-monsoon
2024-10-14 02:00:00,316.0,0.48,194.25,10,Post-monsoon
2024-10-14 03:00:00,285.0,1.0,213.5,10,Post-monsoon
2024-10-14 04:00:00,345.0,1.1,179.25,10,Post-monsoon
2024-10-14 05:00:00,516.0,0.88,168.25,10,Post-monsoon
2024-10-14 06:00:00,230.0,1.12,157.25,10,Post-monsoon
2024-10-14 07:00:00,237.0,1.23,161.25,10,Post-monsoon
2024-10-14 08:00:00,291.0,0.68,174.25,10,Post-monsoon
2024-10-14 09:00:00,184.0,0.47,156.0,10,Post-monsoon
2024-10-14 10:00:00,213.0,2.58,166.75,10,Post-monsoon
2024-10-14 11:00:00,200.0,2.02,172.0,10,Post-monsoon
2024-10-14 12:00:00,183.0,1.95,161.75,10,Post-monsoon
2024-10-14 13:00:00,152.0,1.72,173.0,10,Post-monsoon
2024-10-14 14:00:00,122.0,1.75,172.5,10,Post-monsoon
2024-10-14 15:00:00,95.0,1.85,163.5,10,Post-monsoon
2024-10-14 16:00:00,100.0,1.62,129.25,10,Post-monsoon
2024-10-14 17:00:00,103.0,3.9,72.67,10,Post-monsoon
2024-10-14 18:00:00,175.0,2.1,114.085,10,Post-monsoon
2024-10-14 19:00:00,381.0,0.3,155.5,10,Post-monsoon
2024-10-14 20:00:00,343.0,0.35,202.0,10,Post-monsoon
2024-10-14 21:00:00,229.0,0.63,233.75,10,Post-monsoon
2024-10-14 22:00:00,438.0,1.0,246.75,10,Post-monsoon
2024-10-14 23:00:00,250.0,0.55,223.75,10,Post-monsoon
2024-10-15 00:00:00,240.0,0.82,186.5,10,Post-monsoon
2024-10-15 01:00:00,213.0,1.2,149.5,10,Post-monsoon
2024-10-15 02:00:00,213.0,0.85,173.25,10,Post-monsoon
2024-10-15 03:00:00,269.0,0.45,186.5,10,Post-monsoon
2024-10-15 04:00:00,296.0,0.4,192.25,10,Post-monsoon
2024-10-15 05:00:00,226.0,0.4,178.25,10,Post-monsoon
2024-10-15 06:00:00,299.0,0.38,160.5,10,Post-monsoon
2024-10-15 07:00:00,252.0,1.33,130.5,10,Post-monsoon
2024-10-15 08:00:00,268.0,0.62,158.5,10,Post-monsoon
2024-10-15 09:00:00,274.0,0.9,146.0,10,Post-monsoon
2024-10-15 10:00:00,216.0,3.12,167.25,10,Post-monsoon
2024-10-15 11:00:00,193.0,2.17,164.75,10,Post-monsoon
2024-10-15 12:00:00,166.0,1.6,166.25,10,Post-monsoon
2024-10-15 13:00:00,172.0,1.7,168.0,10,Post-monsoon
2024-10-15 14:00:00,160.0,1.8,164.0,10,Post-monsoon
2024-10-15 15:00:00,155.0,1.92,159.75,10,Post-monsoon
2024-10-15 16:00:00,172.0,1.82,134.25,10,Post-monsoon
2024-10-15 17:00:00,199.0,4.05,89.33,10,Post-monsoon
2024-10-15 18:00:00,211.0,2.175,87.28999999999999,10,Post-monsoon
2024-10-15 19:00:00,254.0,0.3,85.25,10,Post-monsoon
2024-10-15 20:00:00,415.0,0.38,119.0,10,Post-monsoon
2024-10-15 21:00:00,272.0,0.65,142.5,10,Post-monsoon
2024-10-15 22:00:00,287.0,0.83,180.25,10,Post-monsoon
2024-10-15 23:00:00,277.0,0.52,212.25,10,Post-monsoon
2024-10-16 00:00:00,269.0,0.68,198.25,10,Post-monsoon
2024-10-16 01:00:00,316.0,0.85,206.5,10,Post-monsoon
2024-10-16 02:00:00,337.0,0.75,195.0,10,Post-monsoon
2024-10-16 03:00:00,316.0,0.55,200.0,10,Post-monsoon
2024-10-16 04:00:00,267.0,0.52,156.75,10,Post-monsoon
2024-10-16 05:00:00,218.0,0.98,128.0,10,Post-monsoon
2024-10-16 06:00:00,263.0,2.35,124.0,10,Post-monsoon
2024-10-16 07:00:00,249.0,1.23,156.0,10,Post-monsoon
2024-10-16 08:00:00,245.0,0.9,198.25,10,Post-monsoon
2024-10-16 09:00:00,269.0,1.45,144.0,10,Post-monsoon
2024-10-16 10:00:00,285.0,2.33,108.25,10,Post-monsoon
2024-10-16 11:00:00,273.0,1.98,233.25,10,Post-monsoon
2024-10-16 12:00:00,196.0,1.48,232.5,10,Post-monsoon
2024-10-16 13:00:00,177.0,1.45,222.0,10,Post-monsoon
2024-10-16 14:00:00,190.0,0.9,208.25,10,Post-monsoon
2024-10-16 15:00:00,182.0,0.68,160.0,10,Post-monsoon
2024-10-16 16:00:00,145.0,0.6,90.0,10,Post-monsoon
2024-10-16 17:00:00,194.0,2.9,76.75,10,Post-monsoon
2024-10-16 18:00:00,243.0,2.394,44.0,10,Post-monsoon
2024-10-16 19:00:00,405.0,1.888,36.25,10,Post-monsoon
2024-10-16 20:00:00,669.0,1.382,28.5,10,Post-monsoon
2024-10-16 21:00:00,489.0,,33.0,10,Post-monsoon
2024-10-16 22:00:00,539.0,0.37,242.25,10,Post-monsoon
2024-10-16 23:00:00,537.0,0.5,213.0,10,Post-monsoon
2024-10-17 00:00:00,422.0,0.6,272.0,10,Post-monsoon
2024-10-17 01:00:00,334.0,1.25,258.5,10,Post-monsoon
2024-10-17 02:00:00,294.0,1.12,215.5,10,Post-monsoon
2024-10-17 03:00:00,378.0,0.28,252.25,10,Post-monsoon
2024-10-17 04:00:00,434.0,0.38,288.5,10,Post-monsoon
2024-10-17 05:00:00,417.0,0.52,281.25,10,Post-monsoon
2024-10-17 06:00:00,412.0,1.02,263.25,10,Post-monsoon
2024-10-17 07:00:00,377.0,0.82,251.25,10,Post-monsoon
2024-10-17 08:00:00,399.0,1.15,253.25,10,Post-monsoon
2024-10-17 09:00:00,368.0,0.63,243.0,10,Post-monsoon
2024-10-17 10:00:00,345.0,1.03,278.75,10,Post-monsoon
2024-10-17 11:00:00,277.0,1.4,235.0,10,Post-monsoon
2024-10-17 12:00:00,290.0,1.72,203.0,10,Post-monsoon
2024-10-17 13:00:00,212.0,2.55,157.25,10,Post-monsoon
2024-10-17 14:00:00,224.0,1.83,187.0,10,Post-monsoon
2024-10-17 15:00:00,201.0,1.18,165.5,10,Post-monsoon
2024-10-17 16:00:00,232.0,1.08,154.0,10,Post-monsoon
2024-10-17 17:00:00,194.0,2.6,112.0,10,Post-monsoon
2024-10-17 18:00:00,245.0,0.1,86.0,10,Post-monsoon
2024-10-17 19:00:00,310.0,0.2,41.0,10,Post-monsoon
2024-10-17 20:00:00,682.0,0.3,270.5,10,Post-monsoon
2024-10-17 21:00:00,745.0,0.32,214.0,10,Post-monsoon
2024-10-17 22:00:00,808.0,0.4,290.75,10,Post-monsoon
2024-10-17 23:00:00,558.0,0.62,281.0,10,Post-monsoon
2024-10-18 00:00:00,428.0,0.6,237.25,10,Post-monsoon
2024-10-18 01:00:00,367.0,1.27,237.0,10,Post-monsoon
2024-10-18 02:00:00,406.0,0.6,181.0,10,Post-monsoon
2024-10-18 03:00:00,481.0,0.35,191.25,10,Post-monsoon
2024-10-18 04:00:00,467.0,0.85,298.0,10,Post-monsoon
2024-10-18 05:00:00,559.0,1.12,244.25,10,Post-monsoon
2024-10-18 06:00:00,450.0,0.52,180.0,10,Post-monsoon
2024-10-18 07:00:00,486.0,0.55,183.5,10,Post-monsoon
2024-10-18 08:00:00,566.0,0.55,153.75,10,Post-monsoon
2024-10-18 09:00:00,515.0,1.67,194.75,10,Post-monsoon
2024-10-18 10:00:00,368.0,1.52,213.5,10,Post-monsoon
2024-10-18 11:00:00,280.0,1.55,239.0,10,Post-monsoon
2024-10-18 12:00:00,230.0,2.05,219.0,10,Post-monsoon
2024-10-18 13:00:00,230.0,2.98,143.5,10,Post-monsoon
2024-10-18 14:00:00,185.5,2.33,152.25,10,Post-monsoon
2024-10-18 15:00:00,141.0,1.18,157.25,10,Post-monsoon
2024-10-18 16:00:00,147.0,0.85,162.5,10,Post-monsoon
2024-10-18 17:00:00,164.0,1.85,117.25,10,Post-monsoon
2024-10-18 18:00:00,520.0,4.0,44.5,10,Post-monsoon
2024-10-18 19:00:00,698.0,2.185,125.375,10,Post-monsoon
2024-10-18 20:00:00,876.0,0.37,206.25,10,Post-monsoon
2024-10-18 21:00:00,731.0,0.3,243.25,10,Post-monsoon
2024-10-18 22:00:00,797.0,0.48,294.5,10,Post-monsoon
2024-10-18 23:00:00,548.0,0.5,278.0,10,Post-monsoon
2024-10-19 00:00:00,470.0,0.5,276.5,10,Post-monsoon
2024-10-19 01:00:00,401.0,0.98,246.5,10,Post-monsoon
2024-10-19 02:00:00,412.0,0.98,218.25,10,Post-monsoon
2024-10-19 03:00:00,462.0,0.38,286.5,10,Post-monsoon
2024-10-19 04:00:00,454.0,0.32,256.5,10,Post-monsoon
2024-10-19 05:00:00,388.0,0.4,218.5,10,Post-monsoon
2024-10-19 06:00:00,417.0,0.48,278.25,10,Post-monsoon
2024-10-19 07:00:00,460.0,0.6,275.25,10,Post-monsoon
2024-10-19 08:00:00,504.0,0.75,202.5,10,Post-monsoon
2024-10-19 09:00:00,575.0,0.85,192.0,10,Post-monsoon
2024-10-19 10:00:00,401.0,1.68,227.0,10,Post-monsoon
2024-10-19 11:00:00,312.0,1.42,201.75,10,Post-monsoon
2024-10-19 12:00:00,217.0,2.28,161.75,10,Post-monsoon
2024-10-19 13:00:00,178.0,2.3,147.5,10,Post-monsoon
2024-10-19 14:00:00,191.0,1.72,138.0,10,Post-monsoon
2024-10-19 15:00:00,230.0,1.12,155.5,10,Post-monsoon
2024-10-19 16:00:00,146.0,1.6,147.0,10,Post-monsoon
2024-10-19 17:00:00,168.0,2.28,99.5,10,Post-monsoon
2024-10-19 18:00:00,226.0,1.8025,11.0,10,Post-monsoon
2024-10-19 19:00:00,296.0,1.325,50.083333333333336,10,Post-monsoon
2024-10-19 20:00:00,268.0,0.8475000000000001,89.16666666666667,10,Post-monsoon
2024-10-19 21:00:00,237.0,0.37,128.25,10,Post-monsoon
2024-10-19 22:00:00,240.0,0.35,158.25,10,Post-monsoon
2024-10-19 23:00:00,252.0,0.58,163.75,10,Post-monsoon
2024-10-20 00:00:00,265.0,0.88,248.75,10,Post-monsoon
2024-10-20 01:00:00,271.0,0.92,245.0,10,Post-monsoon
2024-10-20 02:00:00,288.0,0.42,265.5,10,Post-monsoon
2024-10-20 03:00:00,266.0,0.4,283.25,10,Post-monsoon
2024-10-20 04:00:00,278.0,0.6,260.0,10,Post-monsoon
2024-10-20 05:00:00,334.0,0.38,277.5,10,Post-monsoon
2024-10-20 06:00:00,383.0,0.48,276.5,10,Post-monsoon
2024-10-20 07:00:00,376.0,0.9,223.75,10,Post-monsoon
2024-10-20 08:00:00,359.0,1.15,237.0,10,Post-monsoon
2024-10-20 09:00:00,400.0,0.8,169.5,10,Post-monsoon
2024-10-20 10:00:00,481.0,1.35,262.75,10,Post-monsoon
2024-10-20 11:00:00,406.0,1.55,277.0,10,Post-monsoon
2024-10-20 12:00:00,378.0,1.2,263.25,10,Post-monsoon
2024-10-20 13:00:00,340.0,1.82,234.75,10,Post-monsoon
2024-10-20 14:00:00,277.0,1.02,253.25,10,Post-monsoon
2024-10-20 15:00:00,268.0,0.85,260.25,10,Post-monsoon
2024-10-20 16:00:00,216.0,0.52,220.75,10,Post-monsoon
2024-10-20 17:00:00,287.0,1.62,157.25,10,Post-monsoon
2024-10-20 18:00:00,377.0,2.95,121.0,10,Post-monsoon
2024-10-20 19:00:00,537.0,2.49,130.15,10,Post-monsoon
2024-10-20 20:00:00,517.0,2.03,139.3,10,Post-monsoon
2024-10-20 21:00:00,401.0,1.5699999999999998,148.45,10,Post-monsoon
2024-10-20 22:00:00,368.0,,,10,Post-monsoon
2024-10-20 23:00:00,309.0,0.65,166.75,10,Post-monsoon
2024-10-21 00:00:00,300.0,0.65,259.5,10,Post-monsoon
2024-10-21 01:00:00,323.0,0.52,251.0,10,Post-monsoon
2024-10-21 02:00:00,331.0,0.48,245.75,10,Post-monsoon
2024-10-21 03:00:00,291.0,1.02,220.75,10,Post-monsoon
2024-10-21 04:00:00,285.0,1.78,176.0,10,Post-monsoon
2024-10-21 05:00:00,299.0,0.82,239.75,10,Post-monsoon
2024-10-21 06:00:00,259.0,0.8,248.5,10,Post-monsoon
2024-10-21 07:00:00,268.0,1.23,209.5,10,Post-monsoon
2024-10-21 08:00:00,306.0,1.42,256.0,10,Post-monsoon
2024-10-21 09:00:00,302.0,1.23,272.0,10,Post-monsoon
2024-10-21 10:00:00,362.0,1.75,269.5,10,Post-monsoon
2024-10-21 11:00:00,326.0,1.78,291.75,10,Post-monsoon
2024-10-21 12:00:00,289.0,1.15,239.75,10,Post-monsoon
2024-10-21 13:00:00,288.0,1.08,241.75,10,Post-monsoon
2024-10-21 14:00:00,305.0,0.95,247.75,10,Post-monsoon
2024-10-21 15:00:00,271.0,1.1,196.25,10,Post-monsoon
2024-10-21 16:00:00,254.0,1.08,148.25,10,Post-monsoon
2024-10-21 17:00:00,248.0,1.87,133.75,10,Post-monsoon
2024-10-21 18:00:00,321.0,1.346666666666667,28.0,10,Post-monsoon
2024-10-21 19:00:00,437.0,0.8233333333333335,100.5,10,Post-monsoon
2024-10-21 20:00:00,477.0,0.3,173.0,10,Post-monsoon
2024-10-21 21:00:00,486.0,0.375,84.0,10,Post-monsoon
2024-10-21 22:00:00,383.0,0.45,254.25,10,Post-monsoon
2024-10-21 23:00:00,338.0,0.35,274.5,10,Post-monsoon
2024-10-22 00:00:00,334.0,0.4,273.0,10,Post-monsoon
2024-10-22 01:00:00,320.0,0.68,276.5,10,Post-monsoon
2024-10-22 02:00:00,327.0,0.45,259.25,10,Post-monsoon
2024-10-22 03:00:00,357.0,1.27,280.75,10,Post-monsoon
2024-10-22 04:00:00,370.0,0.78,251.25,10,Post-monsoon
2024-10-22 05:00:00,361.0,0.9,272.5,10,Post-monsoon
2024-10-22 06:00:00,365.0,0.52,292.5,10,Post-monsoon
2024-10-22 07:00:00,361.0,0.8,230.75,10,Post-monsoon
2024-10-22 08:00:00,344.0,0.85,158.5,10,Post-monsoon
2024-10-22 09:00:00,550.0,0.6,104.5,10,Post-monsoon
2024-10-22 10:00:00,467.0,1.35,204.25,10,Post-monsoon
2024-10-22 11:00:00,384.0,1.12,220.0,10,Post-monsoon
2024-10-22 12:00:00,296.0,1.02,215.75,10,Post-monsoon
2024-10-22 13:00:00,278.0,1.15,167.0,10,Post-monsoon
2024-10-22 14:00:00,259.0,1.45,161.25,10,Post-monsoon
2024-10-22 15:00:00,200.0,1.35,170.75,10,Post-monsoon
2024-10-22 16:00:00,238.0,1.7,145.0,10,Post-monsoon
2024-10-22 17:00:00,263.0,3.4,83.67,10,Post-monsoon
2024-10-22 18:00:00,310.0,2.3666666666666663,87.94666666666667,10,Post-monsoon
2024-10-22 19:00:00,324.0,1.333333333333333,92.22333333333331,10,Post-monsoon
2024-10-22 20:00:00,345.0,0.3,96.5,10,Post-monsoon
2024-10-22 21:00:00,428.0,0.32,110.5,10,Post-monsoon
2024-10-22 22:00:00,400.0,1.03,211.25,10,Post-monsoon
2024-10-22 23:00:00,353.0,0.9,233.75,10,Post-monsoon
2024-10-23 00:00:00,453.0,0.4,175.75,10,Post-monsoon
2024-10-23 01:00:00,302.0,0.57,171.25,10,Post-monsoon
2024-10-23 02:00:00,316.0,0.4,176.5,10,Post-monsoon
2024-10-23 03:00:00,483.0,0.35,179.0,10,Post-monsoon
2024-10-23 04:00:00,434.0,0.75,185.5,10,Post-monsoon
2024-10-23 05:00:00,519.0,1.23,186.0,10,Post-monsoon
2024-10-23 06:00:00,462.0,0.7,184.5,10,Post-monsoon
2024-10-23 07:00:00,448.0,0.88,191.75,10,Post-monsoon
2024-10-23 08:00:00,482.0,0.6,167.25,10,Post-monsoon
2024-10-23 09:00:00,454.0,0.8,98.5,10,Post-monsoon
2024-10-23 10:00:00,379.0,2.98,117.0,10,Post-monsoon
2024-10-23 11:00:00,353.0,2.72,137.0,10,Post-monsoon
2024-10-23 12:00:00,331.0,2.17,148.25,10,Post-monsoon
2024-10-23 13:00:00,327.24,1.9,160.5,10,Post-monsoon
2024-10-23 14:00:00,323.48,1.88,160.5,10,Post-monsoon
2024-10-23 15:00:00,319.72,2.02,157.25,10,Post-monsoon
2024-10-23 16:00:00,,1.98,120.0,10,Post-monsoon
2024-10-23 17:00:00,,3.1,76.0,10,Post-monsoon
2024-10-23 18:00:00,,1.7,6.0,10,Post-monsoon
2024-10-23 19:00:00,,0.3,192.25,10,Post-monsoon
2024-10-23 20:00:00,,0.4,134.5,10,Post-monsoon
2024-10-23 21:00:00,,0.88,195.25,10,Post-monsoon
2024-10-23 22:00:00,,1.18,184.75,10,Post-monsoon
2024-10-23 23:00:00,,0.98,176.0,10,Post-monsoon
2024-10-24 00:00:00,,0.98,196.5,10,Post-monsoon
2024-10-24 01:00:00,,0.75,165.5,10,Post-monsoon
2024-10-24 02:00:00,,0.98,173.5,10,Post-monsoon
2024-10-24 03:00:00,,0.48,209.75,10,Post-monsoon
2024-10-24 04:00:00,,0.4,162.0,10,Post-monsoon
2024-10-24 05:00:00,,0.43,146.5,10,Post-monsoon
2024-10-24 06:00:00,,0.43,132.75,10,Post-monsoon
2024-10-24 07:00:00,,0.62,130.25,10,Post-monsoon
2024-10-24 08:00:00,,1.6,156.75,10,Post-monsoon
2024-10-24 09:00:00,,0.6,136.5,10,Post-monsoon
2024-10-24 10:00:00,,2.48,123.0,10,Post-monsoon
2024-10-24 11:00:00,,2.45,125.0,10,Post-monsoon
2024-10-24 12:00:00,,1.6,150.75,10,Post-monsoon
2024-10-24 13:00:00,237.0,1.7,159.5,10,Post-monsoon
2024-10-24 14:00:00,196.0,1.9,159.75,10,Post-monsoon
2024-10-24 15:00:00,178.0,1.85,165.25,10,Post-monsoon
2024-10-24 16:00:00,191.0,1.7,133.75,10,Post-monsoon
2024-10-24 17:00:00,202.0,3.75,72.0,10,Post-monsoon
2024-10-24 18:00:00,238.0,0.3,131.5,10,Post-monsoon
2024-10-24 19:00:00,294.0,0.35,197.25,10,Post-monsoon
2024-10-24 20:00:00,306.0,0.42,181.0,10,Post-monsoon
2024-10-24 21:00:00,262.0,0.98,275.0,10,Post-monsoon
2024-10-24 22:00:00,230.0,1.38,254.5,10,Post-monsoon
2024-10-24 23:00:00,254.0,0.45,196.75,10,Post-monsoon
2024-10-25 00:00:00,232.0,0.72,213.75,10,Post-monsoon
2024-10-25 01:00:00,250.0,0.62,210.0,10,Post-monsoon
2024-10-25 02:00:00,268.0,0.6,165.0,10,Post-monsoon
2024-10-25 03:00:00,290.0,0.38,208.25,10,Post-monsoon
2024-10-25 04:00:00,338.0,0.3,178.25,10,Post-monsoon
2024-10-25 05:00:00,343.0,0.32,205.25,10,Post-monsoon
2024-10-25 06:00:00,335.0,0.52,180.25,10,Post-monsoon
2024-10-25 07:00:00,357.0,0.62,137.25,10,Post-monsoon
2024-10-25 08:00:00,313.0,1.68,151.75,10,Post-monsoon
2024-10-25 09:00:00,300.0,0.37,149.25,10,Post-monsoon
2024-10-25 10:00:00,265.0,2.48,118.25,10,Post-monsoon
2024-10-25 11:00:00,246.0,2.02,126.25,10,Post-monsoon
2024-10-25 12:00:00,339.0,2.33,145.5,10,Post-monsoon
2024-10-25 13:00:00,238.0,2.32,162.5,10,Post-monsoon
2024-10-25 14:00:00,174.0,2.35,165.0,10,Post-monsoon
2024-10-25 15:00:00,175.0,2.22,161.75,10,Post-monsoon
2024-10-25 16:00:00,188.0,2.08,130.75,10,Post-monsoon
2024-10-25 17:00:00,317.0,3.5,82.5,10,Post-monsoon
2024-10-25 18:00:00,245.0,0.35,122.0,10,Post-monsoon
2024-10-25 19:00:00,268.0,0.45,132.75,10,Post-monsoon
2024-10-25 20:00:00,282.0,1.2,246.0,10,Post-monsoon
2024-10-25 21:00:00,224.0,0.95,234.25,10,Post-monsoon
2024-10-25 22:00:00,260.0,0.32,186.0,10,Post-monsoon
2024-10-25 23:00:00,311.0,0.65,175.0,10,Post-monsoon
2024-10-26 00:00:00,254.0,0.5,196.25,10,Post-monsoon
2024-10-26 01:00:00,261.0,0.4,176.75,10,Post-monsoon
2024-10-26 02:00:00,237.0,0.52,159.0,10,Post-monsoon
2024-10-26 03:00:00,316.0,0.32,229.5,10,Post-monsoon
2024-10-26 04:00:00,321.0,0.45,206.0,10,Post-monsoon
2024-10-26 05:00:00,273.0,0.45,142.75,10,Post-monsoon
2024-10-26 06:00:00,301.0,0.45,117.0,10,Post-monsoon
2024-10-26 07:00:00,261.0,0.33,137.25,10,Post-monsoon
2024-10-26 08:00:00,276.0,1.0,130.75,10,Post-monsoon
2024-10-26 09:00:00,267.0,1.25,169.0,10,Post-monsoon
2024-10-26 10:00:00,300.0,1.0,147.0,10,Post-monsoon
2024-10-26 11:00:00,301.0,3.05,116.0,10,Post-monsoon
2024-10-26 12:00:00,284.0,3.15,123.5,10,Post-monsoon
2024-10-26 13:00:00,344.0,2.2,138.5,10,Post-monsoon
2024-10-26 14:00:00,451.0,2.0,148.5,10,Post-monsoon
2024-10-26 15:00:00,388.0,1.95,150.75,10,Post-monsoon
2024-10-26 16:00:00,296.0,2.68,129.25,10,Post-monsoon
2024-10-26 17:00:00,288.0,2.4,56.5,10,Post-monsoon
2024-10-26 18:00:00,334.0,0.2,139.0,10,Post-monsoon
2024-10-26 19:00:00,332.0,0.22,202.75,10,Post-monsoon
2024-10-26 20:00:00,480.0,0.5,262.5,10,Post-monsoon
2024-10-26 21:00:00,730.0,0.82,290.75,10,Post-monsoon
2024-10-26 22:00:00,470.0,0.45,266.5,10,Post-monsoon
2024-10-26 23:00:00,508.0,0.57,250.75,10,Post-monsoon
2024-10-27 00:00:00,614.0,0.6,274.5,10,Post-monsoon
2024-10-27 01:00:00,534.0,0.32,261.75,10,Post-monsoon
2024-10-27 02:00:00,575.0,0.35,257.0,10,Post-monsoon
2024-10-27 03:00:00,654.0,0.48,284.75,10,Post-monsoon
2024-10-27 04:00:00,663.0,0.92,281.25,10,Post-monsoon
2024-10-27 05:00:00,638.0,1.12,275.0,10,Post-monsoon
2024-10-27 06:00:00,597.0,0.72,196.0,10,Post-monsoon
2024-10-27 07:00:00,536.0,0.62,199.75,10,Post-monsoon
2024-10-27 08:00:00,606.0,0.63,212.5,10,Post-monsoon
2024-10-27 09:00:00,589.0,0.8049999999999999,182.5,10,Post-monsoon
2024-10-27 10:00:00,371.0,0.98,216.0,10,Post-monsoon
2024-10-27 11:00:00,262.0,1.55,261.75,10,Post-monsoon
2024-10-27 12:00:00,289.0,1.15,262.0,10,Post-monsoon
2024-10-27 13:00:00,377.0,1.05,229.25,10,Post-monsoon
2024-10-27 14:00:00,315.0,0.95,226.5,10,Post-monsoon
2024-10-27 15:00:00,267.0,0.75,215.5,10,Post-monsoon
2024-10-27 16:00:00,249.0,0.5,213.0,10,Post-monsoon
2024-10-27 17:00:00,261.0,0.95,110.33,10,Post-monsoon
2024-10-27 18:00:00,287.0,0.7666666666666666,125.88666666666668,10,Post-monsoon
2024-10-27 19:00:00,495.0,0.5833333333333333,141.44333333333333,10,Post-monsoon
2024-10-27 20:00:00,625.0,0.4,157.0,10,Post-monsoon
2024-10-27 21:00:00,398.0,0.52,259.0,10,Post-monsoon
2024-10-27 22:00:00,389.0,0.65,243.0,10,Post-monsoon
2024-10-27 23:00:00,321.0,0.5,239.75,10,Post-monsoon
2024-10-28 00:00:00,289.0,0.68,241.25,10,Post-monsoon
2024-10-28 01:00:00,310.0,0.88,235.0,10,Post-monsoon
2024-10-28 02:00:00,316.0,0.35,262.25,10,Post-monsoon
2024-10-28 03:00:00,328.0,0.32,277.0,10,Post-monsoon
2024-10-28 04:00:00,354.0,0.38,278.75,10,Post-monsoon
2024-10-28 05:00:00,359.0,0.52,281.25,10,Post-monsoon
2024-10-28 06:00:00,351.0,0.4,279.25,10,Post-monsoon
2024-10-28 07:00:00,361.0,0.45,277.0,10,Post-monsoon
2024-10-28 08:00:00,335.0,0.8,233.0,10,Post-monsoon
2024-10-28 09:00:00,381.0,1.97,226.0,10,Post-monsoon
2024-10-28 10:00:00,294.0,2.02,253.75,10,Post-monsoon
2024-10-28 11:00:00,262.0,2.02,267.5,10,Post-monsoon
2024-10-28 12:00:00,232.0,1.75,285.5,10,Post-monsoon
2024-10-28 13:00:00,215.0,1.6,290.75,10,Post-monsoon
2024-10-28 14:00:00,199.0,1.35,285.5,10,Post-monsoon
2024-10-28 15:00:00,205.0,1.12,289.0,10,Post-monsoon
2024-10-28 16:00:00,199.0,1.12,299.75,10,Post-monsoon
2024-10-28 17:00:00,260.0,0.77,265.0,10,Post-monsoon
2024-10-28 18:00:00,312.0,0.6775,195.5,10,Post-monsoon
2024-10-28 19:00:00,421.0,0.585,126.0,10,Post-monsoon
2024-10-28 20:00:00,399.0,0.4925,56.5,10,Post-monsoon
2024-10-28 21:00:00,354.0,0.4,269.75,10,Post-monsoon
2024-10-28 22:00:00,322.0,0.32,266.5,10,Post-monsoon
2024-10-28 23:00:00,372.0,0.35,259.25,10,Post-monsoon
2024-10-29 00:00:00,445.0,0.43,242.0,10,Post-monsoon
2024-10-29 01:00:00,482.0,0.75,252.25,10,Post-monsoon
2024-10-29 02:00:00,460.0,0.75,247.0,10,Post-monsoon
2024-10-29 03:00:00,426.0,0.38,276.5,10,Post-monsoon
2024-10-29 04:00:00,417.0,0.43,279.25,10,Post-monsoon
2024-10-29 05:00:00,436.0,0.45,294.0,10,Post-monsoon
2024-10-29 06:00:00,425.0,0.52,283.25,10,Post-monsoon
2024-10-29 07:00:00,396.0,0.68,269.5,10,Post-monsoon
2024-10-29 08:00:00,311.0,0.67,235.5,10,Post-monsoon
2024-10-29 09:00:00,296.0,0.7,233.75,10,Post-monsoon
2024-10-29 10:00:00,235.0,1.42,294.25,10,Post-monsoon
2024-10-29 11:00:00,227.0,1.55,278.25,10,Post-monsoon
2024-10-29 12:00:00,216.0,1.42,274.0,10,Post-monsoon
2024-10-29 13:00:00,217.0,1.9,205.0,10,Post-monsoon
2024-10-29 14:00:00,218.0,0.98,236.5,10,Post-monsoon
2024-10-29 15:00:00,248.0,0.72,238.5,10,Post-monsoon
2024-10-29 16:00:00,223.0,0.7,242.0,10,Post-monsoon
2024-10-29 17:00:00,249.0,0.75,189.0,10,Post-monsoon
2024-10-29 18:00:00,327.0,0.2,164.5,10,Post-monsoon
2024-10-29 19:00:00,390.0,0.2333333333333333,181.33333333333331,10,Post-monsoon
2024-10-29 20:00:00,465.0,0.2666666666666666,198.16666666666663,10,Post-monsoon
2024-10-29 21:00:00,554.0,0.3,215.0,10,Post-monsoon
2024-10-29 22:00:00,631.0,0.37,245.25,10,Post-monsoon
2024-10-29 23:00:00,526.0,0.4,215.75,10,Post-monsoon
2024-10-30 00:00:00,587.0,0.5,250.75,10,Post-monsoon
2024-10-30 01:00:00,476.0,0.6,246.0,10,Post-monsoon
2024-10-30 02:00:00,470.0,0.95,230.25,10,Post-monsoon
2024-10-30 03:00:00,417.0,1.03,200.0,10,Post-monsoon
2024-10-30 04:00:00,411.0,1.15,223.5,10,Post-monsoon
2024-10-30 05:00:00,339.0,0.65,234.25,10,Post-monsoon
2024-10-30 06:00:00,337.0,0.95,238.5,10,Post-monsoon
2024-10-30 07:00:00,326.0,1.52,220.75,10,Post-monsoon
2024-10-30 08:00:00,301.0,1.08,263.75,10,Post-monsoon
2024-10-30 09:00:00,344.0,0.9,195.75,10,Post-monsoon
2024-10-30 10:00:00,484.0,0.9,249.25,10,Post-monsoon
2024-10-30 11:00:00,423.0,1.2,216.0,10,Post-monsoon
2024-10-30 12:00:00,396.0,1.88,163.75,10,Post-monsoon
2024-10-30 13:00:00,333.0,1.4,176.0,10,Post-monsoon
2024-10-30 14:00:00,288.0,1.15,165.25,10,Post-monsoon
2024-10-30 15:00:00,218.0,1.1,171.75,10,Post-monsoon
2024-10-30 16:00:00,215.0,0.82,152.75,10,Post-monsoon
2024-10-30 17:00:00,243.0,2.43,102.5,10,Post-monsoon
2024-10-30 18:00:00,257.0,1.885,16.0,10,Post-monsoon
2024-10-30 19:00:00,338.0,1.34,68.77666666666667,10,Post-monsoon
2024-10-30 20:00:00,349.0,0.7949999999999999,121.55333333333334,10,Post-monsoon
2024-10-30 21:00:00,360.0,0.25,174.33,10,Post-monsoon
2024-10-30 22:00:00,574.0,0.28,300.25,10,Post-monsoon
2024-10-30 23:00:00,740.0,0.35,174.0,10,Post-monsoon
2024-10-31 00:00:00,508.0,1.08,206.0,10,Post-monsoon
2024-10-31 01:00:00,371.0,1.02,246.5,10,Post-monsoon
2024-10-31 02:00:00,322.0,0.72,267.0,10,Post-monsoon
2024-10-31 03:00:00,428.0,1.35,262.0,10,Post-monsoon
2024-10-31 04:00:00,372.0,0.4,218.75,10,Post-monsoon
2024-10-31 05:00:00,350.0,0.65,218.5,10,Post-monsoon
2024-10-31 06:00:00,350.0,0.78,188.0,10,Post-monsoon
2024-10-31 07:00:00,312.0,0.65,186.0,10,Post-monsoon
2024-10-31 08:00:00,345.0,0.7,167.5,10,Post-monsoon
2024-10-31 09:00:00,418.0,1.4,106.25,10,Post-monsoon
2024-10-31 10:00:00,371.0,1.88,133.5,10,Post-monsoon
2024-10-31 11:00:00,272.0,1.2,166.0,10,Post-monsoon
2024-10-31 12:00:00,237.0,1.45,165.0,10,Post-monsoon
2024-10-31 13:00:00,244.0,2.02,156.25,10,Post-monsoon
2024-10-31 14:00:00,233.0,1.55,144.25,10,Post-monsoon
2024-10-31 15:00:00,230.0,1.02,163.25,10,Post-monsoon
2024-10-31 16:00:00,224.0,1.33,121.75,10,Post-monsoon
2024-10-31 17:00:00,232.0,4.9,51.5,10,Post-monsoon
2024-10-31 18:00:00,219.0,0.33,99.25,10,Post-monsoon
2024-10-31 19:00:00,280.0,0.5,148.75,10,Post-monsoon
2024-10-31 20:00:00,410.0,1.08,197.25,10,Post-monsoon
2024-10-31 21:00:00,366.0,1.02,206.0,10,Post-monsoon
2024-10-31 22:00:00,332.0,0.35,166.0,10,Post-monsoon
2024-10-31 23:00:00,371.0,0.95,161.0,10,Post-monsoon
2024-11-01 00:00:00,346.0,0.6,160.0,11,Post-monsoon
2024-11-01 01:00:00,387.0,0.48,144.25,11,Post-monsoon
2024-11-01 02:00:00,444.0,0.32,171.75,11,Post-monsoon
2024-11-01 03:00:00,448.0,0.32,184.5,11,Post-monsoon
2024-11-01 04:00:00,476.0,0.32,186.75,11,Post-monsoon
2024-11-01 05:00:00,488.0,0.35,197.5,11,Post-monsoon
2024-11-01 06:00:00,476.0,0.4,189.25,11,Post-monsoon
2024-11-01 07:00:00,458.0,0.45,166.5,11,Post-monsoon
2024-11-01 08:00:00,393.0,1.35,93.0,11,Post-monsoon
2024-11-01 09:00:00,311.0,0.77,161.25,11,Post-monsoon
2024-11-01 10:00:00,268.0,2.27,120.25,11,Post-monsoon
2024-11-01 11:00:00,241.0,2.38,166.5,11,Post-monsoon
2024-11-01 12:00:00,217.0,1.27,158.25,11,Post-monsoon
2024-11-01 13:00:00,188.0,1.27,181.75,11,Post-monsoon
2024-11-01 14:00:00,161.0,1.9,167.75,11,Post-monsoon
2024-11-01 15:00:00,133.0,1.68,133.75,11,Post-monsoon
2024-11-01 16:00:00,155.0,2.75,107.5,11,Post-monsoon
2024-11-01 17:00:00,134.0,1.475,59.0,11,Post-monsoon
2024-11-01 18:00:00,207.0,0.2,114.25,11,Post-monsoon
2024-11-01 19:00:00,172.0,0.75,142.25,11,Post-monsoon
2024-11-01 20:00:00,410.0,0.95,229.25,11,Post-monsoon
2024-11-01 21:00:00,677.0,0.28,233.5,11,Post-monsoon
2024-11-01 22:00:00,879.0,0.48,165.0,11,Post-monsoon
2024-11-01 23:00:00,374.0,0.7,147.75,11,Post-monsoon
2024-11-02 00:00:00,312.0,0.38,179.25,11,Post-monsoon
2024-11-02 01:00:00,440.0,0.3,160.5,11,Post-monsoon
2024-11-02 02:00:00,355.0,0.3,169.5,11,Post-monsoon
2024-11-02 03:00:00,244.0,0.48,196.25,11,Post-monsoon
2024-11-02 04:00:00,249.0,0.5,173.25,11,Post-monsoon
2024-11-02 05:00:00,254.0,0.38,137.75,11,Post-monsoon
2024-11-02 06:00:00,240.0,0.32,133.75,11,Post-monsoon
2024-11-02 07:00:00,240.0,0.28,154.25,11,Post-monsoon
2024-11-02 08:00:00,241.0,1.27,171.0,11,Post-monsoon
2024-11-02 09:00:00,263.0,0.63,192.75,11,Post-monsoon
2024-11-02 10:00:00,243.0,1.5,102.25,11,Post-monsoon
2024-11-02 11:00:00,327.0,2.65,197.0,11,Post-monsoon
2024-11-02 12:00:00,287.0,1.95,208.5,11,Post-monsoon
2024-11-02 13:00:00,234.0,1.2,173.0,11,Post-monsoon
2024-11-02 14:00:00,257.0,1.0,175.0,11,Post-monsoon
2024-11-02 15:00:00,234.0,1.3,131.0,11,Post-monsoon
2024-11-02 16:00:00,240.0,2.38,102.5,11,Post-monsoon
2024-11-02 17:00:00,266.0,0.3,254.0,11,Post-monsoon
2024-11-02 18:00:00,320.0,0.38,252.75,11,Post-monsoon
2024-11-02 19:00:00,642.0,0.48,198.75,11,Post-monsoon
2024-11-02 20:00:00,396.0,0.92,243.25,11,Post-monsoon
2024-11-02 21:00:00,458.0,0.55,276.75,11,Post-monsoon
2024-11-02 22:00:00,467.0,0.48,275.75,11,Post-monsoon
2024-11-02 23:00:00,411.0,0.55,238.25,11,Post-monsoon
2024-11-03 00:00:00,465.0,0.48,260.25,11,Post-monsoon
2024-11-03 01:00:00,401.0,0.42,276.25,11,Post-monsoon
2024-11-03 02:00:00,317.0,0.38,259.5,11,Post-monsoon
2024-11-03 03:00:00,326.0,0.28,269.25,11,Post-monsoon
2024-11-03 04:00:00,311.0,0.3,187.25,11,Post-monsoon
2024-11-03 05:00:00,305.0,0.42,191.75,11,Post-monsoon
2024-11-03 06:00:00,299.0,0.4,295.5,11,Post-monsoon
2024-11-03 07:00:00,417.0,0.32,202.0,11,Post-monsoon
2024-11-03 08:00:00,453.0,0.3,239.75,11,Post-monsoon
2024-11-03 09:00:00,399.0,0.68,264.5,11,Post-monsoon
2024-11-03 10:00:00,357.0,1.7,138.25,11,Post-monsoon
2024-11-03 11:00:00,486.0,1.82,141.75,11,Post-monsoon
2024-11-03 12:00:00,403.0,1.38,182.75,11,Post-monsoon
2024-11-03 13:00:00,344.0,1.2,135.75,11,Post-monsoon
2024-11-03 14:00:00,251.0,2.28,130.75,11,Post-monsoon
2024-11-03 15:00:00,226.0,3.8,129.25,11,Post-monsoon
2024-11-03 16:00:00,234.0,1.77,105.33,11,Post-monsoon
2024-11-03 17:00:00,228.0,0.2,139.5,11,Post-monsoon
2024-11-03 18:00:00,372.0,0.32,170.75,11,Post-monsoon
2024-11-03 19:00:00,396.0,1.0,213.25,11,Post-monsoon
2024-11-03 20:00:00,388.0,0.57,284.75,11,Post-monsoon
2024-11-03 21:00:00,488.0,0.73,275.25,11,Post-monsoon
2024-11-03 22:00:00,544.0,0.4,225.0,11,Post-monsoon
2024-11-03 23:00:00,403.0,0.32,159.75,11,Post-monsoon
2024-11-04 00:00:00,384.0,0.38,145.5,11,Post-monsoon
2024-11-04 01:00:00,364.0,0.57,126.75,11,Post-monsoon
2024-11-04 02:00:00,324.0,0.25,166.75,11,Post-monsoon
2024-11-04 03:00:00,328.0,0.2,195.0,11,Post-monsoon
2024-11-04 04:00:00,460.0,0.4,177.5,11,Post-monsoon
2024-11-04 05:00:00,467.0,0.28,194.25,11,Post-monsoon
2024-11-04 06:00:00,432.0,0.3,185.5,11,Post-monsoon
2024-11-04 07:00:00,404.0,0.32,164.0,11,Post-monsoon
2024-11-04 08:00:00,382.0,0.45,131.0,11,Post-monsoon
2024-11-04 09:00:00,398.0,1.03,111.0,11,Post-monsoon
2024-11-04 10:00:00,480.0,0.57,174.75,11,Post-monsoon
2024-11-04 11:00:00,475.0,1.03,122.0,11,Post-monsoon
2024-11-04 12:00:00,421.0,2.22,112.25,11,Post-monsoon
2024-11-04 13:00:00,376.0,1.48,138.0,11,Post-monsoon
2024-11-04 14:00:00,288.0,0.92,116.0,11,Post-monsoon
2024-11-04 15:00:00,266.0,2.28,108.5,11,Post-monsoon
2024-11-04 16:00:00,268.0,2.5,71.75,11,Post-monsoon
2024-11-04 17:00:00,272.0,0.2,110.0,11,Post-monsoon
2024-11-04 18:00:00,403.0,0.28,126.5,11,Post-monsoon
2024-11-04 19:00:00,417.0,0.75,252.0,11,Post-monsoon
2024-11-04 20:00:00,555.0,0.35,216.5,11,Post-monsoon
2024-11-04 21:00:00,577.0,0.62,290.25,11,Post-monsoon
2024-11-04 22:00:00,621.0,1.15,286.5,11,Post-monsoon
2024-11-04 23:00:00,521.0,0.68,273.75,11,Post-monsoon
2024-11-05 00:00:00,459.0,0.75,276.25,11,Post-monsoon
2024-11-05 01:00:00,456.0,0.78,277.25,11,Post-monsoon
2024-11-05 02:00:00,484.0,0.38,299.25,11,Post-monsoon
2024-11-05 03:00:00,480.0,0.32,290.0,11,Post-monsoon
2024-11-05 04:00:00,494.0,0.28,300.5,11,Post-monsoon
2024-11-05 05:00:00,504.0,0.35,293.0,11,Post-monsoon
2024-11-05 06:00:00,488.0,0.42,281.5,11,Post-monsoon
2024-11-05 07:00:00,548.0,0.25,187.0,11,Post-monsoon
2024-11-05 08:00:00,508.0,0.43,210.25,11,Post-monsoon
2024-11-05 09:00:00,560.0,0.55,257.0,11,Post-monsoon
2024-11-05 10:00:00,534.0,0.1,166.5,11,Post-monsoon
2024-11-05 11:00:00,565.0,1.52,246.0,11,Post-monsoon
2024-11-05 12:00:00,401.0,1.67,254.0,11,Post-monsoon
2024-11-05 13:00:00,301.0,1.32,243.75,11,Post-monsoon
2024-11-05 14:00:00,359.0,1.27,259.25,11,Post-monsoon
2024-11-05 15:00:00,255.0,1.27,225.25,11,Post-monsoon
2024-11-05 16:00:00,226.0,1.17,165.0,11,Post-monsoon
2024-11-05 17:00:00,349.0,0.735,190.0,11,Post-monsoon
2024-11-05 18:00:00,426.0,0.3,308.0,11,Post-monsoon
2024-11-05 19:00:00,621.0,0.38,279.75,11,Post-monsoon
2024-11-05 20:00:00,567.0,0.82,274.0,11,Post-monsoon
2024-11-05 21:00:00,536.0,0.57,264.75,11,Post-monsoon
2024-11-05 22:00:00,619.0,0.48,256.75,11,Post-monsoon
2024-11-05 23:00:00,425.0,0.7,267.0,11,Post-monsoon
2024-11-06 00:00:00,407.0,0.4,272.25,11,Post-monsoon
2024-11-06 01:00:00,337.0,0.42,270.5,11,Post-monsoon
2024-11-06 02:00:00,344.0,0.3,306.0,11,Post-monsoon
2024-11-06 03:00:00,377.0,0.25,257.0,11,Post-monsoon
2024-11-06 04:00:00,440.0,0.25,242.0,11,Post-monsoon
2024-11-06 05:00:00,379.0,0.32,256.0,11,Post-monsoon
2024-11-06 06:00:00,368.0,0.22,249.0,11,Post-monsoon
2024-11-06 07:00:00,422.0,0.3,154.5,11,Post-monsoon
2024-11-06 08:00:00,466.0,0.55,198.25,11,Post-monsoon
2024-11-06 09:00:00,534.0,0.57,194.0,11,Post-monsoon
2024-11-06 10:00:00,448.0,0.9,95.5,11,Post-monsoon
2024-11-06 11:00:00,381.0,2.05,142.75,11,Post-monsoon
2024-11-06 12:00:00,343.0,1.4,139.25,11,Post-monsoon
2024-11-06 13:00:00,274.0,1.0,152.0,11,Post-monsoon
2024-11-06 14:00:00,261.0,0.88,179.75,11,Post-monsoon
2024-11-06 15:00:00,248.0,1.88,121.5,11,Post-monsoon
2024-11-06 16:00:00,241.0,2.35,68.33,11,Post-monsoon
2024-11-06 17:00:00,291.0,0.3,284.0,11,Post-monsoon
2024-11-06 18:00:00,460.0,0.3,290.25,11,Post-monsoon
2024-11-06 19:00:00,691.0,0.32,308.0,11,Post-monsoon
2024-11-06 20:00:00,685.0,0.45,267.75,11,Post-monsoon
2024-11-06 21:00:00,536.0,0.65,265.25,11,Post-monsoon
2024-11-06 22:00:00,510.0,0.3,293.25,11,Post-monsoon
2024-11-06 23:00:00,465.0,0.38,288.5,11,Post-monsoon
2024-11-07 00:00:00,477.0,0.55,256.25,11,Post-monsoon
2024-11-07 01:00:00,434.0,0.62,268.75,11,Post-monsoon
2024-11-07 02:00:00,440.0,1.15,278.25,11,Post-monsoon
2024-11-07 03:00:00,447.0,0.8,286.25,11,Post-monsoon
2024-11-07 04:00:00,472.0,0.42,304.75,11,Post-monsoon
2024-11-07 05:00:00,510.0,0.42,292.25,11,Post-monsoon
2024-11-07 06:00:00,519.0,0.3,295.25,11,Post-monsoon
2024-11-07 07:00:00,520.0,0.45,274.0,11,Post-monsoon
2024-11-07 08:00:00,511.0,0.7,249.5,11,Post-monsoon
2024-11-07 09:00:00,594.0,0.78,253.75,11,Post-monsoon
2024-11-07 10:00:00,516.0,0.6,207.25,11,Post-monsoon
2024-11-07 11:00:00,543.0,1.12,251.75,11,Post-monsoon
2024-11-07 12:00:00,420.0,1.38,235.5,11,Post-monsoon
2024-11-07 13:00:00,361.0,1.1,195.75,11,Post-monsoon
2024-11-07 14:00:00,370.0,1.02,232.75,11,Post-monsoon
2024-11-07 15:00:00,368.0,1.27,240.5,11,Post-monsoon
2024-11-07 16:00:00,396.0,2.8,129.5,11,Post-monsoon
2024-11-07 17:00:00,444.0,1.5599999999999998,123.0,11,Post-monsoon
2024-11-07 18:00:00,487.0,0.32,291.5,11,Post-monsoon
2024-11-07 19:00:00,533.0,0.32,288.25,11,Post-monsoon
2024-11-07 20:00:00,582.0,0.52,252.75,11,Post-monsoon
2024-11-07 21:00:00,574.0,0.7,280.0,11,Post-monsoon
2024-11-07 22:00:00,559.0,0.48,259.0,11,Post-monsoon
2024-11-07 23:00:00,569.0,0.38,263.75,11,Post-monsoon
2024-11-08 00:00:00,532.0,0.8,286.75,11,Post-monsoon
2024-11-08 01:00:00,516.0,1.27,295.5,11,Post-monsoon
2024-11-08 02:00:00,539.0,0.45,273.75,11,Post-monsoon
2024-11-08 03:00:00,520.0,0.68,282.5,11,Post-monsoon
2024-11-08 04:00:00,537.0,0.48,281.5,11,Post-monsoon
2024-11-08 05:00:00,569.0,0.57,273.0,11,Post-monsoon
2024-11-08 06:00:00,515.0,0.5,283.5,11,Post-monsoon
2024-11-08 07:00:00,482.0,0.7,271.5,11,Post-monsoon
2024-11-08 08:00:00,420.0,0.62,281.0,11,Post-monsoon
2024-11-08 09:00:00,440.0,0.9,275.0,11,Post-monsoon
2024-11-08 10:00:00,415.0,1.15,247.75,11,Post-monsoon
2024-11-08 11:00:00,372.0,2.15,211.5,11,Post-monsoon
2024-11-08 12:00:00,331.0,2.42,197.75,11,Post-monsoon
2024-11-08 13:00:00,333.0,1.32,223.75,11,Post-monsoon
2024-11-08 14:00:00,304.0,1.48,249.25,11,Post-monsoon
2024-11-08 15:00:00,266.0,1.25,262.25,11,Post-monsoon
2024-11-08 16:00:00,276.0,1.0,178.0,11,Post-monsoon
2024-11-08 17:00:00,282.0,0.66,122.0,11,Post-monsoon
2024-11-08 18:00:00,365.0,0.32,286.0,11,Post-monsoon
2024-11-08 19:00:00,372.0,0.45,286.5,11,Post-monsoon
2024-11-08 20:00:00,487.0,0.82,231.25,11,Post-monsoon
2024-11-08 21:00:00,632.0,0.75,250.0,11,Post-monsoon
2024-11-08 22:00:00,614.0,0.43,238.0,11,Post-monsoon
2024-11-08 23:00:00,554.0,0.4,251.5,11,Post-monsoon
2024-11-09 00:00:00,532.0,0.57,254.25,11,Post-monsoon
2024-11-09 01:00:00,493.0,0.72,256.5,11,Post-monsoon
2024-11-09 02:00:00,475.0,0.8,244.5,11,Post-monsoon
2024-11-09 03:00:00,456.0,0.68,253.0,11,Post-monsoon
2024-11-09 04:00:00,465.0,0.45,266.0,11,Post-monsoon
2024-11-09 05:00:00,443.0,0.5,246.75,11,Post-monsoon
2024-11-09 06:00:00,390.0,0.45,255.5,11,Post-monsoon
2024-11-09 07:00:00,417.0,0.62,256.0,11,Post-monsoon
2024-11-09 08:00:00,417.0,0.75,265.75,11,Post-monsoon
2024-11-09 09:00:00,453.0,0.98,259.75,11,Post-monsoon
2024-11-09 10:00:00,385.0,1.35,262.0,11,Post-monsoon
2024-11-09 11:00:00,289.0,1.75,260.0,11,Post-monsoon
2024-11-09 12:00:00,293.0,1.78,278.75,11,Post-monsoon
2024-11-09 13:00:00,282.0,1.88,284.75,11,Post-monsoon
2024-11-09 14:00:00,287.0,1.6,283.25,11,Post-monsoon
2024-11-09 15:00:00,288.0,1.38,281.25,11,Post-monsoon
2024-11-09 16:00:00,311.0,0.97,198.25,11,Post-monsoon
2024-11-09 17:00:00,324.0,0.8633333333333333,146.625,11,Post-monsoon
2024-11-09 18:00:00,376.0,0.7566666666666667,95.0,11,Post-monsoon
2024-11-09 19:00:00,449.0,0.65,242.75,11,Post-monsoon
2024-11-09 20:00:00,447.0,0.57,239.0,11,Post-monsoon
2024-11-09 21:00:00,484.0,0.88,240.5,11,Post-monsoon
2024-11-09 22:00:00,454.0,0.45,255.5,11,Post-monsoon
2024-11-09 23:00:00,444.0,0.55,246.75,11,Post-monsoon
2024-11-10 00:00:00,425.0,0.62,234.0,11,Post-monsoon
2024-11-10 01:00:00,392.0,1.0,237.75,11,Post-monsoon
2024-11-10 02:00:00,351.0,1.45,244.0,11,Post-monsoon
2024-11-10 03:00:00,335.0,1.72,238.25,11,Post-monsoon
2024-11-10 04:00:00,349.0,1.72,240.5,11,Post-monsoon
2024-11-10 05:00:00,339.0,1.5,247.75,11,Post-monsoon
2024-11-10 06:00:00,312.0,0.9,245.25,11,Post-monsoon
2024-11-10 07:00:00,317.0,0.8,244.0,11,Post-monsoon
2024-11-10 08:00:00,324.0,1.17,241.75,11,Post-monsoon
2024-11-10 09:00:00,351.0,1.18,250.0,11,Post-monsoon
2024-11-10 10:00:00,379.0,0.95,208.75,11,Post-monsoon
2024-11-10 11:00:00,388.0,0.75,179.5,11,Post-monsoon
2024-11-10 12:00:00,381.0,1.4,193.75,11,Post-monsoon
2024-11-10 13:00:00,384.0,1.85,236.75,11,Post-monsoon
2024-11-10 14:00:00,381.0,1.7,216.75,11,Post-monsoon
2024-11-10 15:00:00,364.0,1.68,198.5,11,Post-monsoon
2024-11-10 16:00:00,356.0,1.7,150.75,11,Post-monsoon
2024-11-10 17:00:00,448.0,0.975,218.0,11,Post-monsoon
2024-11-10 18:00:00,476.5,0.25,259.75,11,Post-monsoon
2024-11-10 19:00:00,610.0,0.25,278.75,11,Post-monsoon
2024-11-10 20:00:00,613.0,0.42,293.75,11,Post-monsoon
2024-11-10 21:00:00,553.0,0.8,269.25,11,Post-monsoon
2024-11-10 22:00:00,530.0,0.88,223.5,11,Post-monsoon
2024-11-10 23:00:00,404.0,1.15,222.25,11,Post-monsoon
2024-11-11 00:00:00,339.0,0.62,243.75,11,Post-monsoon
2024-11-11 01:00:00,338.0,1.02,236.25,11,Post-monsoon
2024-11-11 02:00:00,321.0,1.12,234.0,11,Post-monsoon
2024-11-11 03:00:00,343.0,0.55,249.0,11,Post-monsoon
2024-11-11 04:00:00,344.0,0.35,234.5,11,Post-monsoon
2024-11-11 05:00:00,306.0,0.45,256.0,11,Post-monsoon
2024-11-11 06:00:00,321.0,0.48,267.75,11,Post-monsoon
2024-11-11 07:00:00,344.0,0.43,261.25,11,Post-monsoon
2024-11-11 08:00:00,338.0,0.55,262.25,11,Post-monsoon
2024-11-11 09:00:00,405.0,0.6,212.0,11,Post-monsoon
2024-11-11 10:00:00,486.0,0.79,69.75,11,Post-monsoon
2024-11-11 11:00:00,437.0,0.98,174.25,11,Post-monsoon
2024-11-11 12:00:00,383.0,1.38,237.75,11,Post-monsoon
2024-11-11 13:00:00,362.0,1.8,214.5,11,Post-monsoon
2024-11-11 14:00:00,346.0,1.0,235.5,11,Post-monsoon
2024-11-11 15:00:00,334.0,0.85,232.75,11,Post-monsoon
2024-11-11 16:00:00,288.0,1.45,222.33,11,Post-monsoon
2024-11-11 17:00:00,366.0,0.3,164.0,11,Post-monsoon
2024-11-11 18:00:00,451.0,0.38,289.0,11,Post-monsoon
2024-11-11 19:00:00,731.0,0.65,287.0,11,Post-monsoon
2024-11-11 20:00:00,530.0,0.68,264.0,11,Post-monsoon
2024-11-11 21:00:00,465.0,0.78,274.25,11,Post-monsoon
2024-11-11 22:00:00,536.0,0.42,266.25,11,Post-monsoon
2024-11-11 23:00:00,429.0,0.52,260.0,11,Post-monsoon
2024-11-12 00:00:00,372.0,0.8,250.75,11,Post-monsoon
2024-11-12 01:00:00,354.0,0.88,235.75,11,Post-monsoon
2024-11-12 02:00:00,350.0,0.82,249.5,11,Post-monsoon
2024-11-12 03:00:00,316.0,0.4,263.75,11,Post-monsoon
2024-11-12 04:00:00,302.0,0.4,271.25,11,Post-monsoon
2024-11-12 05:00:00,324.0,0.5,278.5,11,Post-monsoon
2024-11-12 06:00:00,338.0,0.6,274.25,11,Post-monsoon
2024-11-12 07:00:00,367.0,0.57,271.0,11,Post-monsoon
2024-11-12 08:00:00,392.0,1.25,181.75,11,Post-monsoon
2024-11-12 09:00:00,383.0,1.1,200.75,11,Post-monsoon
2024-11-12 10:00:00,342.0,1.2,158.0,11,Post-monsoon
2024-11-12 11:00:00,288.0,2.82,173.75,11,Post-monsoon
2024-11-12 12:00:00,259.0,1.08,148.5,11,Post-monsoon
2024-11-12 13:00:00,184.0,1.05,180.0,11,Post-monsoon
2024-11-12 14:00:00,141.0,1.12,140.0,11,Post-monsoon
2024-11-12 15:00:00,147.0,1.52,114.25,11,Post-monsoon
2024-11-12 16:00:00,147.0,2.7,94.0,11,Post-monsoon
2024-11-12 17:00:00,194.0,0.7,77.0,11,Post-monsoon
2024-11-12 18:00:00,257.0,1.35,190.5,11,Post-monsoon
2024-11-12 19:00:00,288.0,1.0,169.25,11,Post-monsoon
2024-11-12 20:00:00,511.0,1.75,167.75,11,Post-monsoon
2024-11-12 21:00:00,704.0,1.68,141.5,11,Post-monsoon
2024-11-12 22:00:00,815.0,0.6,131.75,11,Post-monsoon
2024-11-12 23:00:00,887.0,1.93,151.75,11,Post-monsoon
2024-11-13 00:00:00,925.0,1.8,147.0,11,Post-monsoon
2024-11-13 01:00:00,915.0,1.42,140.75,11,Post-monsoon
2024-11-13 02:00:00,899.25,1.15,143.5,11,Post-monsoon
2024-11-13 03:00:00,883.5,0.45,145.25,11,Post-monsoon
2024-11-13 04:00:00,867.75,0.45,159.5,11,Post-monsoon
2024-11-13 05:00:00,852.0,0.45,150.25,11,Post-monsoon
2024-11-13 06:00:00,675.0,0.55,146.75,11,Post-monsoon
2024-11-13 07:00:00,559.0,0.45,154.25,11,Post-monsoon
2024-11-13 08:00:00,486.0,0.48,156.75,11,Post-monsoon
2024-11-13 09:00:00,434.0,0.52,142.0,11,Post-monsoon
2024-11-13 10:00:00,384.0,0.52,157.75,11,Post-monsoon
2024-11-13 11:00:00,366.0,0.8,112.25,11,Post-monsoon
2024-11-13 12:00:00,378.0,1.3,175.25,11,Post-monsoon
2024-11-13 13:00:00,348.0,1.27,175.5,11,Post-monsoon
2024-11-13 14:00:00,329.0,0.3,151.75,11,Post-monsoon
2024-11-13 15:00:00,310.0,1.3,110.25,11,Post-monsoon
2024-11-13 16:00:00,313.0,1.9,202.0,11,Post-monsoon
2024-11-13 17:00:00,348.0,0.92,159.75,11,Post-monsoon
2024-11-13 18:00:00,407.0,0.6,109.5,11,Post-monsoon
2024-11-13 19:00:00,434.0,0.45,149.0,11,Post-monsoon
2024-11-13 20:00:00,508.0,0.48,161.5,11,Post-monsoon
2024-11-13 21:00:00,571.0,0.32,215.75,11,Post-monsoon
2024-11-13 22:00:00,554.0,1.12,178.5,11,Post-monsoon
2024-11-13 23:00:00,530.0,0.6,295.25,11,Post-monsoon
2024-11-14 00:00:00,583.0,0.55,283.5,11,Post-monsoon
2024-11-14 01:00:00,565.0,0.38,250.75,11,Post-monsoon
2024-11-14 02:00:00,505.0,0.48,264.25,11,Post-monsoon
2024-11-14 03:00:00,495.0,0.42,258.75,11,Post-monsoon
2024-11-14 04:00:00,504.0,0.45,224.75,11,Post-monsoon
2024-11-14 05:00:00,539.0,0.48,236.5,11,Post-monsoon
2024-11-14 06:00:00,536.0,0.57,260.0,11,Post-monsoon
2024-11-14 07:00:00,506.0,0.9,266.0,11,Post-monsoon
2024-11-14 08:00:00,365.0,0.85,240.25,11,Post-monsoon
2024-11-14 09:00:00,306.0,0.85,222.25,11,Post-monsoon
2024-11-14 10:00:00,486.0,1.3,258.25,11,Post-monsoon
2024-11-14 11:00:00,395.0,0.77,208.0,11,Post-monsoon
2024-11-14 12:00:00,500.0,0.93,238.25,11,Post-monsoon
2024-11-14 13:00:00,611.0,0.5,161.25,11,Post-monsoon
2024-11-14 14:00:00,572.0,0.88,131.75,11,Post-monsoon
2024-11-14 15:00:00,321.0,1.05,160.5,11,Post-monsoon
2024-11-14 16:00:00,202.0,0.81,88.0,11,Post-monsoon
2024-11-14 17:00:00,287.0,0.57,166.67,11,Post-monsoon
2024-11-14 18:00:00,416.0,0.52,311.0,11,Post-monsoon
2024-11-14 19:00:00,664.0,0.6,212.25,11,Post-monsoon
2024-11-14 20:00:00,759.0,0.38,254.25,11,Post-monsoon
2024-11-14 21:00:00,759.0,0.38,214.0,11,Post-monsoon
2024-11-14 22:00:00,770.0,0.52,168.75,11,Post-monsoon
2024-11-14 23:00:00,677.0,0.52,158.75,11,Post-monsoon
2024-11-15 00:00:00,458.0,0.5,197.75,11,Post-monsoon
2024-11-15 01:00:00,559.0,0.95,165.25,11,Post-monsoon
2024-11-15 02:00:00,582.0,0.75,173.25,11,Post-monsoon
2024-11-15 03:00:00,675.0,0.6,240.75,11,Post-monsoon
2024-11-15 04:00:00,635.0,0.48,282.75,11,Post-monsoon
2024-11-15 05:00:00,610.0,0.4,208.25,11,Post-monsoon
2024-11-15 06:00:00,583.0,0.45,207.5,11,Post-monsoon
2024-11-15 07:00:00,587.0,0.3,185.5,11,Post-monsoon
2024-11-15 08:00:00,604.0,0.28,223.5,11,Post-monsoon
2024-11-15 09:00:00,703.0,0.93,165.0,11,Post-monsoon
2024-11-15 10:00:00,779.0,0.8,211.5,11,Post-monsoon
2024-11-15 11:00:00,765.0,1.31,106.5,11,Post-monsoon
2024-11-15 12:00:00,591.0,1.82,129.75,11,Post-monsoon
2024-11-15 13:00:00,344.0,3.22,116.0,11,Post-monsoon
2024-11-15 14:00:00,259.0,4.02,87.75,11,Post-monsoon
2024-11-15 15:00:00,195.0,1.53,101.0,11,Post-monsoon
2024-11-15 16:00:00,228.0,1.25,57.5,11,Post-monsoon
2024-11-15 17:00:00,219.0,0.97,148.75,11,Post-monsoon
2024-11-15 18:00:00,252.0,0.82,175.0,11,Post-monsoon
2024-11-15 19:00:00,295.0,0.82,165.0,11,Post-monsoon
2024-11-15 20:00:00,354.0,1.08,164.5,11,Post-monsoon
2024-11-15 21:00:00,458.0,1.6,163.0,11,Post-monsoon
2024-11-15 22:00:00,620.0,2.12,153.75,11,Post-monsoon
2024-11-15 23:00:00,832.0,3.6,159.0,11,Post-monsoon
2024-11-16 00:00:00,913.0,0.48,229.5,11,Post-monsoon
2024-11-16 01:00:00,934.0,0.35,166.0,11,Post-monsoon
2024-11-16 02:00:00,841.0,0.35,192.75,11,Post-monsoon
2024-11-16 03:00:00,829.0,0.32,179.75,11,Post-monsoon
2024-11-16 04:00:00,964.0,0.35,173.25,11,Post-monsoon
2024-11-16 05:00:00,829.0,0.45,218.0,11,Post-monsoon
2024-11-16 06:00:00,784.0,0.55,191.75,11,Post-monsoon
2024-11-16 07:00:00,785.0,0.52,172.5,11,Post-monsoon
2024-11-16 08:00:00,732.0,0.3,175.0,11,Post-monsoon
2024-11-16 09:00:00,721.0,2.25,74.0,11,Post-monsoon
2024-11-16 10:00:00,687.0,0.75,176.5,11,Post-monsoon
2024-11-16 11:00:00,796.0,1.175,116.25,11,Post-monsoon
2024-11-16 12:00:00,770.0,1.6,111.5,11,Post-monsoon
2024-11-16 13:00:00,414.0,2.1,117.0,11,Post-monsoon
2024-11-16 14:00:00,343.0,1.02,125.0,11,Post-monsoon
2024-11-16 15:00:00,351.0,0.7,81.5,11,Post-monsoon
2024-11-16 16:00:00,327.0,0.7,68.67,11,Post-monsoon
2024-11-16 17:00:00,338.0,0.7,180.75,11,Post-monsoon
2024-11-16 18:00:00,382.0,0.3,216.25,11,Post-monsoon
2024-11-16 19:00:00,490.0,0.55,211.25,11,Post-monsoon
2024-11-16 20:00:00,550.0,0.28,244.5,11,Post-monsoon
2024-11-16 21:00:00,658.0,0.2,219.5,11,Post-monsoon
2024-11-16 22:00:00,635.0,0.22,300.0,11,Post-monsoon
2024-11-16 23:00:00,694.0,0.25,291.5,11,Post-monsoon
2024-11-17 00:00:00,654.0,0.2,215.25,11,Post-monsoon
2024-11-17 01:00:00,539.0,0.42,169.25,11,Post-monsoon
2024-11-17 02:00:00,569.0,0.3,172.75,11,Post-monsoon
2024-11-17 03:00:00,497.0,0.45,170.5,11,Post-monsoon
2024-11-17 04:00:00,515.0,0.45,176.0,11,Post-monsoon
2024-11-17 05:00:00,574.0,0.42,183.5,11,Post-monsoon
2024-11-17 06:00:00,604.0,0.5,197.25,11,Post-monsoon
2024-11-17 07:00:00,653.0,0.35,174.75,11,Post-monsoon
2024-11-17 08:00:00,647.0,0.43,154.5,11,Post-monsoon
2024-11-17 09:00:00,632.0,0.665,70.5,11,Post-monsoon
2024-11-17 10:00:00,631.0,0.9,118.5,11,Post-monsoon
2024-11-17 11:00:00,503.0,0.6,178.0,11,Post-monsoon
2024-11-17 12:00:00,454.0,1.18,177.0,11,Post-monsoon
2024-11-17 13:00:00,420.0,1.3,173.5,11,Post-monsoon
2024-11-17 14:00:00,499.0,0.6,141.75,11,Post-monsoon
2024-11-17 15:00:00,542.0,0.98,123.25,11,Post-monsoon
2024-11-17 16:00:00,519.0,1.32,128.75,11,Post-monsoon
2024-11-17 17:00:00,566.0,0.68,136.0,11,Post-monsoon
2024-11-17 18:00:00,752.0,0.55,139.75,11,Post-monsoon
2024-11-17 19:00:00,950.0,0.48,141.25,11,Post-monsoon
2024-11-17 20:00:00,928.6666666666666,0.55,177.0,11,Post-monsoon
2024-11-17 21:00:00,907.3333333333334,0.52,160.0,11,Post-monsoon
2024-11-17 22:00:00,886.0,0.52,161.5,11,Post-monsoon
2024-11-17 23:00:00,842.0,0.52,172.0,11,Post-monsoon
2024-11-18 00:00:00,848.0,0.78,191.75,11,Post-monsoon
2024-11-18 01:00:00,735.0,0.7,193.25,11,Post-monsoon
2024-11-18 02:00:00,715.0,0.77,190.25,11,Post-monsoon
2024-11-18 03:00:00,665.0,0.82,194.75,11,Post-monsoon
2024-11-18 04:00:00,614.0,0.8,190.0,11,Post-monsoon
2024-11-18 05:00:00,603.0,0.82,186.75,11,Post-monsoon
2024-11-18 06:00:00,648.0,0.82,188.5,11,Post-monsoon
2024-11-18 07:00:00,758.0,0.82,192.5,11,Post-monsoon
2024-11-18 08:00:00,887.0,0.78,187.5,11,Post-monsoon
2024-11-18 09:00:00,904.3333333333334,0.62,172.0,11,Post-monsoon
2024-11-18 10:00:00,921.6666666666666,0.68,145.5,11,Post-monsoon
2024-11-18 11:00:00,939.0,0.7,103.5,11,Post-monsoon
2024-11-18 12:00:00,,3.1,65.33,11,Post-monsoon
2024-11-18 13:00:00,,2.32,117.0,11,Post-monsoon
2024-11-18 14:00:00,991.0,0.9,113.0,11,Post-monsoon
2024-11-18 15:00:00,801.0,1.95,124.5,11,Post-monsoon
2024-11-18 16:00:00,600.0,0.98,161.5,11,Post-monsoon
2024-11-18 17:00:00,679.0,0.22,159.75,11,Post-monsoon
2024-11-18 18:00:00,721.0,0.22,129.75,11,Post-monsoon
2024-11-18 19:00:00,744.0,0.35,167.5,11,Post-monsoon
2024-11-18 20:00:00,764.0,0.3,88.0,11,Post-monsoon
2024-11-18 21:00:00,780.0,0.32,121.5,11,Post-monsoon
2024-11-18 22:00:00,824.0,0.78,252.25,11,Post-monsoon
2024-11-18 23:00:00,841.0,0.62,189.5,11,Post-monsoon
2024-11-19 00:00:00,810.0,0.6,187.25,11,Post-monsoon
2024-11-19 01:00:00,821.0,0.72,202.5,11,Post-monsoon
2024-11-19 02:00:00,840.0,0.75,222.75,11,Post-monsoon
2024-11-19 03:00:00,769.0,0.7,196.25,11,Post-monsoon
2024-11-19 04:00:00,703.0,0.42,152.25,11,Post-monsoon
2024-11-19 05:00:00,647.0,0.35,158.0,11,Post-monsoon
2024-11-19 06:00:00,519.0,0.42,163.75,11,Post-monsoon
2024-11-19 07:00:00,422.0,0.42,149.25,11,Post-monsoon
2024-11-19 08:00:00,395.0,0.8,194.25,11,Post-monsoon
2024-11-19 09:00:00,361.0,0.52,181.5,11,Post-monsoon
2024-11-19 10:00:00,310.0,1.37,27.0,11,Post-monsoon
2024-11-19 11:00:00,372.0,2.22,135.75,11,Post-monsoon
2024-11-19 12:00:00,399.0,1.38,149.25,11,Post-monsoon
2024-11-19 13:00:00,354.0,1.13,132.25,11,Post-monsoon
2024-11-19 14:00:00,320.0,1.08,102.0,11,Post-monsoon
2024-11-19 15:00:00,346.0,1.03,116.75,11,Post-monsoon
2024-11-19 16:00:00,345.0,1.27,141.5,11,Post-monsoon
2024-11-19 17:00:00,407.0,0.3,201.5,11,Post-monsoon
2024-11-19 18:00:00,416.0,0.28,191.5,11,Post-monsoon
2024-11-19 19:00:00,449.0,0.28,211.75,11,Post-monsoon
2024-11-19 20:00:00,466.0,0.6,218.0,11,Post-monsoon
2024-11-19 21:00:00,553.0,0.88,265.75,11,Post-monsoon
2024-11-19 22:00:00,556.0,0.72,189.75,11,Post-monsoon
2024-11-19 23:00:00,619.0,0.55,203.0,11,Post-monsoon
2024-11-20 00:00:00,552.0,0.65,202.25,11,Post-monsoon
2024-11-20 01:00:00,599.0,0.68,198.5,11,Post-monsoon
2024-11-20 02:00:00,572.0,0.55,184.75,11,Post-monsoon
2024-11-20 03:00:00,674.0,0.5,165.5,11,Post-monsoon
2024-11-20 04:00:00,527.0,0.42,163.75,11,Post-monsoon
2024-11-20 05:00:00,547.0,0.5,132.25,11,Post-monsoon
2024-11-20 06:00:00,539.0,0.43,168.0,11,Post-monsoon
2024-11-20 07:00:00,509.0,0.62,152.5,11,Post-monsoon
2024-11-20 08:00:00,509.0,1.08,222.0,11,Post-monsoon
2024-11-20 09:00:00,462.5,1.0,153.67,11,Post-monsoon
2024-11-20 10:00:00,456.0,2.9,90.5,11,Post-monsoon
2024-11-20 11:00:00,426.0,1.3,156.0,11,Post-monsoon
2024-11-20 12:00:00,331.75,1.42,200.5,11,Post-monsoon
2024-11-20 13:00:00,271.0,1.23,203.25,11,Post-monsoon
2024-11-20 14:00:00,246.0,0.77,165.0,11,Post-monsoon
2024-11-20 15:00:00,223.0,0.535,91.75,11,Post-monsoon
2024-11-20 16:00:00,211.0,0.3,97.25,11,Post-monsoon
2024-11-20 17:00:00,218.5,0.3,265.75,11,Post-monsoon
2024-11-20 18:00:00,416.75,0.38,238.25,11,Post-monsoon
2024-11-20 19:00:00,578.75,0.35,253.5,11,Post-monsoon
2024-11-20 20:00:00,633.0,0.32,241.25,11,Post-monsoon
2024-11-20 21:00:00,670.0,0.85,232.5,11,Post-monsoon
2024-11-20 22:00:00,660.0,0.78,232.25,11,Post-monsoon
2024-11-20 23:00:00,470.0,0.72,212.0,11,Post-monsoon
2024-11-21 00:00:00,453.0,0.5,154.75,11,Post-monsoon
2024-11-21 01:00:00,433.0,0.7,192.0,11,Post-monsoon
2024-11-21 02:00:00,381.0,0.52,170.75,11,Post-monsoon
2024-11-21 03:00:00,411.0,0.3,174.25,11,Post-monsoon
2024-11-21 04:00:00,353.0,0.25,128.5,11,Post-monsoon
2024-11-21 05:00:00,356.0,0.32,181.75,11,Post-monsoon
2024-11-21 06:00:00,448.0,0.3,194.0,11,Post-monsoon
2024-11-21 07:00:00,470.0,0.5,160.75,11,Post-monsoon
2024-11-21 08:00:00,428.0,1.25,227.75,11,Post-monsoon
2024-11-21 09:00:00,417.0,1.25,202.33,11,Post-monsoon
2024-11-21 10:00:00,357.0,1.05,131.0,11,Post-monsoon
2024-11-21 11:00:00,356.0,0.85,172.5,11,Post-monsoon
2024-11-21 12:00:00,344.0,0.78,193.25,11,Post-monsoon
2024-11-21 13:00:00,271.0,1.92,182.0,11,Post-monsoon
2024-11-21 14:00:00,217.0,1.5,190.75,11,Post-monsoon
2024-11-21 15:00:00,216.0,1.37,171.75,11,Post-monsoon
2024-11-21 16:00:00,193.0,0.7,82.25,11,Post-monsoon
2024-11-21 17:00:00,202.0,0.4,159.5,11,Post-monsoon
2024-11-21 18:00:00,282.0,0.28,114.5,11,Post-monsoon
2024-11-21 19:00:00,338.0,0.4,171.0,11,Post-monsoon
2024-11-21 20:00:00,459.0,0.28,219.25,11,Post-monsoon
2024-11-21 21:00:00,459.0,0.3,88.75,11,Post-monsoon
2024-11-21 22:00:00,495.0,0.62,164.5,11,Post-monsoon
2024-11-21 23:00:00,527.0,0.75,211.75,11,Post-monsoon
2024-11-22 00:00:00,493.0,0.78,181.5,11,Post-monsoon
2024-11-22 01:00:00,488.0,0.8,220.5,11,Post-monsoon
2024-11-22 02:00:00,461.0,0.65,199.25,11,Post-monsoon
2024-11-22 03:00:00,472.0,0.55,168.75,11,Post-monsoon
2024-11-22 04:00:00,484.0,0.52,164.75,11,Post-monsoon
2024-11-22 05:00:00,454.0,0.48,147.0,11,Post-monsoon
2024-11-22 06:00:00,506.0,0.62,102.5,11,Post-monsoon
2024-11-22 07:00:00,459.0,0.65,128.5,11,Post-monsoon
2024-11-22 08:00:00,431.0,1.08,221.0,11,Post-monsoon
2024-11-22 09:00:00,398.0,0.75,133.0,11,Post-monsoon
2024-11-22 10:00:00,431.75,2.2,61.67,11,Post-monsoon
2024-11-22 11:00:00,478.0,0.98,156.0,11,Post-monsoon
2024-11-22 12:00:00,443.0,0.5,193.25,11,Post-monsoon
2024-11-22 13:00:00,383.0,0.35,173.25,11,Post-monsoon
2024-11-22 14:00:00,353.75,0.5,189.75,11,Post-monsoon
2024-11-22 15:00:00,320.0,0.4,168.67,11,Post-monsoon
2024-11-22 16:00:00,291.0,0.25,105.33,11,Post-monsoon
2024-11-22 17:00:00,349.0,0.57,135.5,11,Post-monsoon
2024-11-22 18:00:00,478.0,0.3,132.75,11,Post-monsoon
2024-11-22 19:00:00,605.0,0.38,171.0,11,Post-monsoon
2024-11-22 20:00:00,533.0,0.2,205.0,11,Post-monsoon
2024-11-22 21:00:00,482.0,0.45,157.0,11,Post-monsoon
2024-11-22 22:00:00,602.0,0.55,247.25,11,Post-monsoon
2024-11-22 23:00:00,505.0,0.75,225.0,11,Post-monsoon
2024-11-23 00:00:00,576.0,0.75,250.5,11,Post-monsoon
2024-11-23 01:00:00,558.0,1.35,277.0,11,Post-monsoon
2024-11-23 02:00:00,586.0,0.78,225.25,11,Post-monsoon
2024-11-23 03:00:00,793.0,0.65,194.0,11,Post-monsoon
2024-11-23 04:00:00,530.0,0.78,229.0,11,Post-monsoon
2024-11-23 05:00:00,515.0,0.8,235.25,11,Post-monsoon
2024-11-23 06:00:00,460.0,0.75,208.5,11,Post-monsoon
2024-11-23 07:00:00,451.0,0.7,205.25,11,Post-monsoon
2024-11-23 08:00:00,462.0,0.88,226.5,11,Post-monsoon
2024-11-23 09:00:00,411.0,0.6,97.5,11,Post-monsoon
2024-11-23 10:00:00,384.0,0.3,42.5,11,Post-monsoon
2024-11-23 11:00:00,367.0,1.0,220.75,11,Post-monsoon
2024-11-23 12:00:00,329.0,0.65,225.75,11,Post-monsoon
2024-11-23 13:00:00,278.0,0.475,135.5,11,Post-monsoon
2024-11-23 14:00:00,271.0,0.3,131.5,11,Post-monsoon
2024-11-23 15:00:00,235.0,0.3999999999999999,73.33,11,Post-monsoon
2024-11-23 16:00:00,201.0,0.5,46.33,11,Post-monsoon
2024-11-23 17:00:00,158.0,0.6,291.75,11,Post-monsoon
2024-11-23 18:00:00,602.0,0.45,286.0,11,Post-monsoon
2024-11-23 19:00:00,500.0,0.4,295.25,11,Post-monsoon
2024-11-23 20:00:00,603.0,0.32,292.75,11,Post-monsoon
2024-11-23 21:00:00,785.0,0.42,274.75,11,Post-monsoon
2024-11-23 22:00:00,840.0,0.38,258.0,11,Post-monsoon
2024-11-23 23:00:00,766.0,0.42,259.0,11,Post-monsoon
2024-11-24 00:00:00,610.0,1.2,189.75,11,Post-monsoon
2024-11-24 01:00:00,613.0,0.6,204.25,11,Post-monsoon
2024-11-24 02:00:00,488.0,1.45,231.25,11,Post-monsoon
2024-11-24 03:00:00,415.0,2.28,203.0,11,Post-monsoon
2024-11-24 04:00:00,365.0,2.35,276.0,11,Post-monsoon
2024-11-24 05:00:00,327.0,1.85,248.0,11,Post-monsoon
2024-11-24 06:00:00,287.0,0.52,154.0,11,Post-monsoon
2024-11-24 07:00:00,299.0,0.62,194.25,11,Post-monsoon
2024-11-24 08:00:00,285.0,0.47,137.75,11,Post-monsoon
2024-11-24 09:00:00,262.0,0.835,90.0,11,Post-monsoon
2024-11-24 10:00:00,218.0,1.2,163.5,11,Post-monsoon
2024-11-24 11:00:00,193.0,0.72,162.5,11,Post-monsoon
2024-11-24 12:00:00,199.0,0.1,123.5,11,Post-monsoon
2024-11-24 13:00:00,199.0,0.75,129.25,11,Post-monsoon
2024-11-24 14:00:00,186.0,0.92,137.75,11,Post-monsoon
2024-11-24 15:00:00,216.0,0.65,91.5,11,Post-monsoon
2024-11-24 16:00:00,223.0,0.515,61.0,11,Post-monsoon
2024-11-24 17:00:00,177.0,0.38,180.75,11,Post-monsoon
2024-11-24 18:00:00,199.0,0.7,137.5,11,Post-monsoon
2024-11-24 19:00:00,285.0,0.3,128.5,11,Post-monsoon
2024-11-24 20:00:00,338.0,0.22,144.75,11,Post-monsoon
2024-11-24 21:00:00,326.0,0.25,176.5,11,Post-monsoon
2024-11-24 22:00:00,334.0,0.35,141.25,11,Post-monsoon
2024-11-24 23:00:00,357.0,0.52,215.0,11,Post-monsoon
2024-11-25 00:00:00,353.0,0.72,209.5,11,Post-monsoon
2024-11-25 01:00:00,376.0,0.95,251.5,11,Post-monsoon
2024-11-25 02:00:00,398.0,1.5,297.0,11,Post-monsoon
2024-11-25 03:00:00,483.0,1.98,273.0,11,Post-monsoon
2024-11-25 04:00:00,459.0,1.08,184.25,11,Post-monsoon
2024-11-25 05:00:00,372.0,0.55,149.75,11,Post-monsoon
2024-11-25 06:00:00,344.0,0.78,216.75,11,Post-monsoon
2024-11-25 07:00:00,364.0,0.7,195.25,11,Post-monsoon
2024-11-25 08:00:00,381.0,0.9,195.25,11,Post-monsoon
2024-11-25 09:00:00,465.0,0.5,139.67,11,Post-monsoon
2024-11-25 10:00:00,569.0,2.55,96.0,11,Post-monsoon
2024-11-25 11:00:00,600.0,0.88,159.0,11,Post-monsoon
2024-11-25 12:00:00,493.0,1.32,157.75,11,Post-monsoon
2024-11-25 13:00:00,480.0,1.15,160.75,11,Post-monsoon
2024-11-25 14:00:00,449.0,1.2,155.0,11,Post-monsoon
2024-11-25 15:00:00,418.0,0.3,108.25,11,Post-monsoon
2024-11-25 16:00:00,374.0,0.6,141.75,11,Post-monsoon
2024-11-25 17:00:00,354.0,0.6,143.75,11,Post-monsoon
2024-11-25 18:00:00,357.0,0.22,183.25,11,Post-monsoon
2024-11-25 19:00:00,381.0,0.3,145.75,11,Post-monsoon
2024-11-25 20:00:00,378.0,0.28,153.5,11,Post-monsoon
2024-11-25 21:00:00,436.0,0.42,206.0,11,Post-monsoon
2024-11-25 22:00:00,414.0,0.6,178.5,11,Post-monsoon
2024-11-25 23:00:00,377.0,0.78,202.5,11,Post-monsoon
2024-11-26 00:00:00,332.0,1.6,220.5,11,Post-monsoon
2024-11-26 01:00:00,310.0,1.05,179.75,11,Post-monsoon
2024-11-26 02:00:00,293.0,0.6,182.0,11,Post-monsoon
2024-11-26 03:00:00,307.0,0.7,223.5,11,Post-monsoon
2024-11-26 04:00:00,373.0,0.85,205.0,11,Post-monsoon
2024-11-26 05:00:00,335.0,0.62,157.75,11,Post-monsoon
2024-11-26 06:00:00,307.0,0.4,134.25,11,Post-monsoon
2024-11-26 07:00:00,305.0,0.6,148.75,11,Post-monsoon
2024-11-26 08:00:00,296.0,0.9,209.75,11,Post-monsoon
2024-11-26 09:00:00,307.0,1.235,64.0,11,Post-monsoon
2024-11-26 10:00:00,307.0,1.57,134.0,11,Post-monsoon
2024-11-26 11:00:00,274.0,0.8,179.75,11,Post-monsoon
2024-11-26 12:00:00,249.0,1.08,186.5,11,Post-monsoon
2024-11-26 13:00:00,216.0,1.27,173.0,11,Post-monsoon
2024-11-26 14:00:00,151.0,1.23,181.5,11,Post-monsoon
2024-11-26 15:00:00,168.0,1.07,155.75,11,Post-monsoon
2024-11-26 16:00:00,147.0,0.4,90.67,11,Post-monsoon
2024-11-26 17:00:00,162.0,0.42,176.75,11,Post-monsoon
2024-11-26 18:00:00,193.0,0.3,146.75,11,Post-monsoon
2024-11-26 19:00:00,396.0,0.28,160.0,11,Post-monsoon
2024-11-26 20:00:00,418.0,0.4,154.0,11,Post-monsoon
2024-11-26 21:00:00,382.0,0.6,196.25,11,Post-monsoon
2024-11-26 22:00:00,411.0,0.72,195.75,11,Post-monsoon
2024-11-26 23:00:00,393.0,0.68,183.5,11,Post-monsoon
2024-11-27 00:00:00,329.0,1.25,197.25,11,Post-monsoon
2024-11-27 01:00:00,311.0,0.48,177.5,11,Post-monsoon
2024-11-27 02:00:00,318.0,0.6,177.0,11,Post-monsoon
2024-11-27 03:00:00,346.0,0.52,209.5,11,Post-monsoon
2024-11-27 04:00:00,367.0,0.88,152.0,11,Post-monsoon
2024-11-27 05:00:00,329.0,0.92,133.25,11,Post-monsoon
2024-11-27 06:00:00,222.0,0.45,132.0,11,Post-monsoon
2024-11-27 07:00:00,241.0,0.43,142.25,11,Post-monsoon
2024-11-27 08:00:00,280.0,0.6,186.5,11,Post-monsoon
2024-11-27 09:00:00,315.0,0.1,127.0,11,Post-monsoon
2024-11-27 10:00:00,305.0,0.77,135.33,11,Post-monsoon
2024-11-27 11:00:00,244.0,0.88,181.5,11,Post-monsoon
2024-11-27 12:00:00,272.0,1.15,180.75,11,Post-monsoon
2024-11-27 13:00:00,199.0,1.6,167.25,11,Post-monsoon
2024-11-27 14:00:00,185.0,1.58,172.25,11,Post-monsoon
2024-11-27 15:00:00,155.0,0.6,120.5,11,Post-monsoon
2024-11-27 16:00:00,144.0,0.6,85.75,11,Post-monsoon
2024-11-27 17:00:00,188.0,0.48,157.5,11,Post-monsoon
2024-11-27 18:00:00,259.0,0.25,118.0,11,Post-monsoon
2024-11-27 19:00:00,353.0,0.25,183.75,11,Post-monsoon
2024-11-27 20:00:00,344.0,0.35,169.0,11,Post-monsoon
2024-11-27 21:00:00,354.0,0.7,210.0,11,Post-monsoon
2024-11-27 22:00:00,396.0,1.27,192.0,11,Post-monsoon
2024-11-27 23:00:00,480.0,0.48,182.5,11,Post-monsoon
2024-11-28 00:00:00,383.0,0.6,180.0,11,Post-monsoon
2024-11-28 01:00:00,300.0,0.6,178.0,11,Post-monsoon
2024-11-28 02:00:00,326.0,0.55,201.75,11,Post-monsoon
2024-11-28 03:00:00,340.0,0.3,139.25,11,Post-monsoon
2024-11-28 04:00:00,444.0,0.25,178.75,11,Post-monsoon
2024-11-28 05:00:00,440.0,0.3,150.25,11,Post-monsoon
2024-11-28 06:00:00,415.0,0.32,175.75,11,Post-monsoon
2024-11-28 07:00:00,495.0,0.28,157.25,11,Post-monsoon
2024-11-28 08:00:00,631.0,0.5,210.0,11,Post-monsoon
2024-11-28 09:00:00,575.0,0.7,84.0,11,Post-monsoon
2024-11-28 10:00:00,493.0,0.9,124.5,11,Post-monsoon
2024-11-28 11:00:00,587.0,0.78,205.75,11,Post-monsoon
2024-11-28 12:00:00,349.0,1.27,169.0,11,Post-monsoon
2024-11-28 13:00:00,263.0,1.12,178.5,11,Post-monsoon
2024-11-28 14:00:00,211.0,1.48,177.5,11,Post-monsoon
2024-11-28 15:00:00,183.0,1.17,135.0,11,Post-monsoon
2024-11-28 16:00:00,197.0,0.5,95.75,11,Post-monsoon
2024-11-28 17:00:00,260.0,0.4,247.5,11,Post-monsoon
2024-11-28 18:00:00,484.0,0.25,278.5,11,Post-monsoon
2024-11-28 19:00:00,849.0,0.25,244.25,11,Post-monsoon
2024-11-28 20:00:00,760.0,0.45,262.25,11,Post-monsoon
2024-11-28 21:00:00,872.0,0.95,282.0,11,Post-monsoon
2024-11-28 22:00:00,984.0,1.45,262.75,11,Post-monsoon
2024-11-28 23:00:00,915.75,1.05,240.25,11,Post-monsoon
2024-11-29 00:00:00,746.0,0.7,230.0,11,Post-monsoon
2024-11-29 01:00:00,532.0,0.57,218.5,11,Post-monsoon
2024-11-29 02:00:00,399.75,0.3,231.0,11,Post-monsoon
2024-11-29 03:00:00,363.5,0.22,252.5,11,Post-monsoon
2024-11-29 04:00:00,434.25,0.57,243.5,11,Post-monsoon
2024-11-29 05:00:00,421.5,0.35,282.0,11,Post-monsoon
2024-11-29 06:00:00,398.5,0.28,246.0,11,Post-monsoon
2024-11-29 07:00:00,390.5,0.35,235.0,11,Post-monsoon
2024-11-29 08:00:00,427.25,0.68,204.75,11,Post-monsoon
2024-11-29 09:00:00,554.0,0.6,93.5,11,Post-monsoon
2024-11-29 10:00:00,602.5,1.65,95.5,11,Post-monsoon
2024-11-29 11:00:00,551.25,0.98,160.75,11,Post-monsoon
2024-11-29 12:00:00,428.75,0.8,189.25,11,Post-monsoon
2024-11-29 13:00:00,256.75,0.65,182.75,11,Post-monsoon
2024-11-29 14:00:00,204.25,0.73,165.0,11,Post-monsoon
2024-11-29 15:00:00,189.25,0.665,86.67,11,Post-monsoon
2024-11-29 16:00:00,172.25,0.6,101.75,11,Post-monsoon
2024-11-29 17:00:00,206.25,0.42,152.25,11,Post-monsoon
2024-11-29 18:00:00,312.75,0.28,269.75,11,Post-monsoon
2024-11-29 19:00:00,506.75,0.55,257.0,11,Post-monsoon
2024-11-29 20:00:00,735.0,0.62,203.0,11,Post-monsoon
2024-11-29 21:00:00,544.75,0.92,202.75,11,Post-monsoon
2024-11-29 22:00:00,438.75,1.65,227.25,11,Post-monsoon
2024-11-29 23:00:00,404.75,0.7,249.75,11,Post-monsoon
2024-11-30 00:00:00,450.75,0.88,236.0,11,Post-monsoon
2024-11-30 01:00:00,466.0,0.28,183.25,11,Post-monsoon
2024-11-30 02:00:00,445.5,0.25,209.25,11,Post-monsoon
2024-11-30 03:00:00,463.0,0.3,172.5,11,Post-monsoon
2024-11-30 04:00:00,426.0,0.28,176.25,11,Post-monsoon
2024-11-30 05:00:00,418.5,0.3,151.75,11,Post-monsoon
2024-11-30 06:00:00,381.25,0.22,184.5,11,Post-monsoon
2024-11-30 07:00:00,404.75,0.22,182.5,11,Post-monsoon
2024-11-30 08:00:00,424.5,0.38,217.0,11,Post-monsoon
2024-11-30 09:00:00,439.0,0.7250000000000001,36.0,11,Post-monsoon
2024-11-30 10:00:00,374.0,1.07,98.25,11,Post-monsoon
2024-11-30 11:00:00,328.5,1.58,159.0,11,Post-monsoon
2024-11-30 12:00:00,230.25,1.6,163.0,11,Post-monsoon
2024-11-30 13:00:00,200.0,1.55,162.25,11,Post-monsoon
2024-11-30 14:00:00,117.0,1.65,149.25,11,Post-monsoon
2024-11-30 15:00:00,210.0,1.0,86.5,11,Post-monsoon
2024-11-30 16:00:00,181.75,0.35,79.75,11,Post-monsoon
2024-11-30 17:00:00,169.5,0.57,106.5,11,Post-monsoon
2024-11-30 18:00:00,208.75,0.32,136.25,11,Post-monsoon
2024-11-30 19:00:00,344.0,0.25,114.5,11,Post-monsoon
2024-11-30 20:00:00,290.5,0.32,185.25,11,Post-monsoon
2024-11-30 21:00:00,318.25,0.7,230.25,11,Post-monsoon
2024-11-30 22:00:00,324.5,0.98,234.0,11,Post-monsoon
2024-11-30 23:00:00,346.25,1.62,212.25,11,Post-monsoon
2024-12-01 00:00:00,355.0,0.9,171.33,12,Winter
2024-12-01 01:00:00,334.75,0.48,162.25,12,Winter
2024-12-01 02:00:00,326.5,0.65,155.25,12,Winter
2024-12-01 03:00:00,314.75,1.18,194.75,12,Winter
2024-12-01 04:00:00,253.25,0.48,177.75,12,Winter
2024-12-01 05:00:00,222.0,0.57,177.75,12,Winter
2024-12-01 06:00:00,204.5,0.45,170.5,12,Winter
2024-12-01 07:00:00,263.0,0.4,126.0,12,Winter
2024-12-01 08:00:00,356.75,0.5,162.75,12,Winter
2024-12-01 09:00:00,336.0,0.85,37.0,12,Winter
2024-12-01 10:00:00,252.0,1.2,134.75,12,Winter
2024-12-01 11:00:00,232.0,0.78,183.5,12,Winter
2024-12-01 12:00:00,155.75,0.65,177.75,12,Winter
2024-12-01 13:00:00,148.75,0.8,176.0,12,Winter
2024-12-01 14:00:00,144.5,0.32,162.75,12,Winter
2024-12-01 15:00:00,161.25,0.485,60.5,12,Winter
2024-12-01 16:00:00,166.5,0.65,97.5,12,Winter
2024-12-01 17:00:00,172.0,0.78,137.5,12,Winter
2024-12-01 18:00:00,213.0,0.3,106.0,12,Winter
2024-12-01 19:00:00,324.25,0.3,137.0,12,Winter
2024-12-01 20:00:00,312.75,0.32,150.75,12,Winter
2024-12-01 21:00:00,291.25,0.6,164.0,12,Winter
2024-12-01 22:00:00,329.5,1.3,211.0,12,Winter
2024-12-01 23:00:00,307.0,1.02,183.75,12,Winter
2024-12-02 00:00:00,257.5,0.4,166.75,12,Winter
2024-12-02 01:00:00,237.5,0.6,176.5,12,Winter
2024-12-02 02:00:00,241.0,0.62,178.75,12,Winter
2024-12-02 03:00:00,232.5,0.6,186.0,12,Winter
2024-12-02 04:00:00,243.25,0.28,166.25,12,Winter
2024-12-02 05:00:00,272.0,0.3,218.25,12,Winter
2024-12-02 06:00:00,267.25,0.28,158.5,12,Winter
2024-12-02 07:00:00,277.25,0.35,160.25,12,Winter
2024-12-02 08:00:00,321.75,0.45,162.75,12,Winter
2024-12-02 09:00:00,293.75,0.915,47.0,12,Winter
2024-12-02 10:00:00,241.75,1.38,137.75,12,Winter
2024-12-02 11:00:00,226.75,1.05,176.0,12,Winter
2024-12-02 12:00:00,183.25,1.1,176.25,12,Winter
2024-12-02 13:00:00,160.0,0.57,164.5,12,Winter
2024-12-02 14:00:00,134.5,0.47,155.0,12,Winter
2024-12-02 15:00:00,118.75,0.52,178.5,12,Winter
2024-12-02 16:00:00,118.25,0.3,117.0,12,Winter
2024-12-02 17:00:00,128.75,0.55,153.25,12,Winter
2024-12-02 18:00:00,174.0,0.3,117.25,12,Winter
2024-12-02 19:00:00,256.25,0.28,117.5,12,Winter
2024-12-02 20:00:00,300.0,0.3,125.25,12,Winter
2024-12-02 21:00:00,355.0,0.4,120.75,12,Winter
2024-12-02 22:00:00,362.75,0.55,173.75,12,Winter
2024-12-02 23:00:00,273.75,1.15,246.75,12,Winter
2024-12-03 00:00:00,268.25,1.78,288.0,12,Winter
2024-12-03 01:00:00,293.25,0.65,212.5,12,Winter
2024-12-03 02:00:00,303.5,0.68,203.25,12,Winter
2024-12-03 03:00:00,329.75,0.68,183.0,12,Winter
2024-12-03 04:00:00,323.0,0.48,161.25,12,Winter
2024-12-03 05:00:00,284.25,0.3,167.5,12,Winter
2024-12-03 06:00:00,282.0,0.45,159.5,12,Winter
2024-12-03 07:00:00,282.75,0.32,160.0,12,Winter
2024-12-03 08:00:00,315.75,0.47,156.25,12,Winter
2024-12-03 09:00:00,306.75,0.945,43.0,12,Winter
2024-12-03 10:00:00,270.0,1.42,156.0,12,Winter
2024-12-03 11:00:00,236.0,1.58,172.0,12,Winter
2024-12-03 12:00:00,193.5,1.65,169.5,12,Winter
2024-12-03 13:00:00,179.75,1.33,161.5,12,Winter
2024-12-03 14:00:00,152.75,1.52,153.5,12,Winter
2024-12-03 15:00:00,153.0,0.6,149.0,12,Winter
2024-12-03 16:00:00,165.0,0.43,131.25,12,Winter
2024-12-03 17:00:00,168.75,0.65,135.25,12,Winter
2024-12-03 18:00:00,259.0,0.3,104.75,12,Winter
2024-12-03 19:00:00,310.0,0.35,138.25,12,Winter
2024-12-03 20:00:00,412.25,0.32,145.5,12,Winter
2024-12-03 21:00:00,312.75,0.45,154.25,12,Winter
2024-12-03 22:00:00,241.25,0.72,191.75,12,Winter
2024-12-03 23:00:00,204.25,1.05,201.5,12,Winter
2024-12-04 00:00:00,147.75,0.43,190.75,12,Winter
2024-12-04 01:00:00,135.0,0.55,143.25,12,Winter
2024-12-04 02:00:00,125.5,0.55,148.5,12,Winter
2024-12-04 03:00:00,124.25,0.65,158.0,12,Winter
2024-12-04 04:00:00,136.25,0.55,161.5,12,Winter
2024-12-04 05:00:00,128.75,0.38,158.25,12,Winter
2024-12-04 06:00:00,113.75,0.4,151.25,12,Winter
2024-12-04 07:00:00,110.75,0.52,136.5,12,Winter
2024-12-04 08:00:00,132.0,0.7,147.0,12,Winter
2024-12-04 09:00:00,131.5,1.125,67.0,12,Winter
2024-12-04 10:00:00,135.75,1.55,128.25,12,Winter
2024-12-04 11:00:00,140.25,1.2,151.75,12,Winter
2024-12-04 12:00:00,148.5,1.88,154.25,12,Winter
2024-12-04 13:00:00,189.25,2.2,151.0,12,Winter
2024-12-04 14:00:00,217.0,1.6,151.75,12,Winter
2024-12-04 15:00:00,200.25,1.15,147.0,12,Winter
2024-12-04 16:00:00,165.25,0.8,101.5,12,Winter
2024-12-04 17:00:00,144.75,1.1,133.25,12,Winter
2024-12-04 18:00:00,180.75,0.38,108.5,12,Winter
2024-12-04 19:00:00,212.0,0.3,131.25,12,Winter
2024-12-04 20:00:00,230.0,0.9,212.75,12,Winter
2024-12-04 21:00:00,249.0,1.1,174.5,12,Winter
2024-12-04 22:00:00,245.75,0.82,148.5,12,Winter
2024-12-04 23:00:00,190.5,0.88,161.5,12,Winter
2024-12-05 00:00:00,137.0,0.57,167.75,12,Winter
2024-12-05 01:00:00,118.25,0.4,161.0,12,Winter
2024-12-05 02:00:00,137.0,0.4,153.0,12,Winter
2024-12-05 03:00:00,120.75,0.48,143.5,12,Winter
2024-12-05 04:00:00,211.25,0.42,154.0,12,Winter
2024-12-05 05:00:00,165.25,0.43,148.0,12,Winter
2024-12-05 06:00:00,121.75,0.52,145.25,12,Winter
2024-12-05 07:00:00,130.25,0.7,106.0,12,Winter
2024-12-05 08:00:00,180.0,0.92,141.25,12,Winter
2024-12-05 09:00:00,210.75,3.77,154.5,12,Winter
2024-12-05 10:00:00,201.0,1.4,88.5,12,Winter
2024-12-05 11:00:00,172.0,1.6,131.0,12,Winter
2024-12-05 12:00:00,178.25,1.2,144.0,12,Winter
2024-12-05 13:00:00,170.25,1.23,124.0,12,Winter
2024-12-05 14:00:00,163.0,0.8,107.5,12,Winter
2024-12-05 15:00:00,136.5,0.85,95.5,12,Winter
2024-12-05 16:00:00,142.25,1.4,119.5,12,Winter
2024-12-05 17:00:00,146.25,0.38,119.0,12,Winter
2024-12-05 18:00:00,230.75,0.45,155.25,12,Winter
2024-12-05 19:00:00,314.5,1.62,223.5,12,Winter
2024-12-05 20:00:00,290.0,0.9,174.0,12,Winter
2024-12-05 21:00:00,265.0,0.85,147.75,12,Winter
2024-12-05 22:00:00,263.0,0.5,166.0,12,Winter
2024-12-05 23:00:00,262.0,0.4,123.5,12,Winter
2024-12-06 00:00:00,149.0,0.3,142.5,12,Winter
2024-12-06 01:00:00,162.0,0.32,168.25,12,Winter
2024-12-06 02:00:00,254.0,0.3,116.75,12,Winter
2024-12-06 03:00:00,152.0,0.32,187.75,12,Winter
2024-12-06 04:00:00,216.0,0.38,152.25,12,Winter
2024-12-06 05:00:00,216.0,0.4,153.0,12,Winter
2024-12-06 06:00:00,213.0,0.43,145.0,12,Winter
2024-12-06 07:00:00,184.0,0.4,147.75,12,Winter
2024-12-06 08:00:00,212.0,0.52,156.5,12,Winter
2024-12-06 09:00:00,204.0,2.1,126.75,12,Winter
2024-12-06 10:00:00,185.0,1.7,69.0,12,Winter
2024-12-06 11:00:00,171.0,1.25,134.5,12,Winter
2024-12-06 12:00:00,158.0,1.35,135.75,12,Winter
2024-12-06 13:00:00,147.0,1.38,124.25,12,Winter
2024-12-06 14:00:00,160.0,0.95,104.5,12,Winter
2024-12-06 15:00:00,172.0,0.55,102.25,12,Winter
2024-12-06 16:00:00,140.0,1.5,129.75,12,Winter
2024-12-06 17:00:00,167.0,0.4,109.5,12,Winter
2024-12-06 18:00:00,259.0,0.75,175.0,12,Winter
2024-12-06 19:00:00,480.0,1.7,215.5,12,Winter
2024-12-06 20:00:00,495.0,0.92,165.75,12,Winter
2024-12-06 21:00:00,339.0,0.35,140.0,12,Winter
2024-12-06 22:00:00,389.0,0.32,152.75,12,Winter
2024-12-06 23:00:00,293.0,0.28,152.0,12,Winter
2024-12-07 00:00:00,269.0,0.3,135.5,12,Winter
2024-12-07 01:00:00,276.0,0.42,150.5,12,Winter
2024-12-07 02:00:00,251.0,0.35,145.25,12,Winter
2024-12-07 03:00:00,273.0,0.7,110.75,12,Winter
2024-12-07 04:00:00,291.0,0.78,126.0,12,Winter
2024-12-07 05:00:00,178.0,0.8,142.0,12,Winter
2024-12-07 06:00:00,182.0,0.82,146.25,12,Winter
2024-12-07 07:00:00,178.0,0.45,157.75,12,Winter
2024-12-07 08:00:00,230.0,0.45,150.5,12,Winter
2024-12-07 09:00:00,238.0,2.18,149.75,12,Winter
2024-12-07 10:00:00,219.0,1.54,105.0,12,Winter
2024-12-07 11:00:00,246.0,0.9,87.33,12,Winter
2024-12-07 12:00:00,222.0,1.0,145.0,12,Winter
2024-12-07 13:00:00,136.0,1.0,124.75,12,Winter
2024-12-07 14:00:00,108.0,0.57,96.75,12,Winter
2024-12-07 15:00:00,123.0,1.9,117.25,12,Winter
2024-12-07 16:00:00,196.0,1.25,126.5,12,Winter
2024-12-07 17:00:00,156.0,0.48,210.0,12,Winter
2024-12-07 18:00:00,235.0,2.35,255.75,12,Winter
2024-12-07 19:00:00,493.0,0.28,283.5,12,Winter
2024-12-07 20:00:00,752.0,0.7,270.5,12,Winter
2024-12-07 21:00:00,941.0,0.62,259.25,12,Winter
2024-12-07 22:00:00,804.0,0.42,276.25,12,Winter
2024-12-07 23:00:00,637.0,0.43,287.5,12,Winter
2024-12-08 00:00:00,310.0,0.52,239.25,12,Winter
2024-12-08 01:00:00,565.0,0.45,248.0,12,Winter
2024-12-08 02:00:00,277.0,0.6,274.0,12,Winter
2024-12-08 03:00:00,277.0,0.4,245.0,12,Winter
2024-12-08 04:00:00,261.0,0.4,280.0,12,Winter
2024-12-08 05:00:00,277.0,0.68,244.25,12,Winter
2024-12-08 06:00:00,328.0,0.62,257.25,12,Winter
2024-12-08 07:00:00,388.0,0.65,265.0,12,Winter
2024-12-08 08:00:00,433.0,0.88,274.25,12,Winter
2024-12-08 09:00:00,499.0,1.35,257.75,12,Winter
2024-12-08 10:00:00,464.0,1.35,183.75,12,Winter
2024-12-08 11:00:00,323.0,0.875,125.0,12,Winter
2024-12-08 12:00:00,315.0,0.4,148.67,12,Winter
2024-12-08 13:00:00,238.0,1.1,80.5,12,Winter
2024-12-08 14:00:00,249.0,1.8,184.0,12,Winter
2024-12-08 15:00:00,224.0,2.6,234.5,12,Winter
2024-12-08 16:00:00,237.0,1.58,278.0,12,Winter
2024-12-08 17:00:00,280.0,0.68,270.5,12,Winter
2024-12-08 18:00:00,346.0,0.72,269.75,12,Winter
2024-12-08 19:00:00,385.0,0.7,272.75,12,Winter
2024-12-08 20:00:00,354.0,1.3,200.75,12,Winter
2024-12-08 21:00:00,427.0,1.23,260.75,12,Winter
2024-12-08 22:00:00,320.0,0.8,211.75,12,Winter
2024-12-08 23:00:00,241.0,1.9,240.0,12,Winter
2024-12-09 00:00:00,105.0,1.98,248.75,12,Winter
2024-12-09 01:00:00,105.0,1.48,229.5,12,Winter
2024-12-09 02:00:00,100.0,1.02,220.5,12,Winter
2024-12-09 03:00:00,74.0,0.9,214.0,12,Winter
2024-12-09 04:00:00,66.0,0.78,241.25,12,Winter
2024-12-09 05:00:00,61.0,0.6,267.5,12,Winter
2024-12-09 06:00:00,68.0,0.38,221.25,12,Winter
2024-12-09 07:00:00,113.0,0.55,239.75,12,Winter
2024-12-09 08:00:00,116.0,0.75,234.5,12,Winter
2024-12-09 09:00:00,116.0,2.02,225.25,12,Winter
2024-12-09 10:00:00,113.0,3.12,213.5,12,Winter
2024-12-09 11:00:00,160.0,2.736,120.0,12,Winter
2024-12-09 12:00:00,138.0,2.3520000000000003,80.33500000000001,12,Winter
2024-12-09 13:00:00,255.0,1.968,40.67,12,Winter
2024-12-09 14:00:00,172.0,,55.5,12,Winter
2024-12-09 15:00:00,288.0,1.2,61.5,12,Winter
2024-12-09 16:00:00,289.0,0.85,147.75,12,Winter
2024-12-09 17:00:00,273.0,0.88,176.5,12,Winter
2024-12-09 18:00:00,274.0,1.25,176.75,12,Winter
2024-12-09 19:00:00,333.0,1.95,183.75,12,Winter
2024-12-09 20:00:00,240.0,1.8,162.75,12,Winter
2024-12-09 21:00:00,241.0,1.0,160.0,12,Winter
2024-12-09 22:00:00,189.0,0.32,151.5,12,Winter
2024-12-09 23:00:00,177.0,0.35,138.75,12,Winter
2024-12-10 00:00:00,200.0,0.35,131.5,12,Winter
2024-12-10 01:00:00,156.0,0.4,156.75,12,Winter
2024-12-10 02:00:00,211.0,0.48,179.5,12,Winter
2024-12-10 03:00:00,238.0,0.62,159.25,12,Winter
2024-12-10 04:00:00,199.0,0.82,218.75,12,Winter
2024-12-10 05:00:00,218.0,0.78,181.25,12,Winter
2024-12-10 06:00:00,272.0,0.78,193.0,12,Winter
2024-12-10 07:00:00,300.0,0.75,185.75,12,Winter
2024-12-10 08:00:00,227.0,0.52,163.25,12,Winter
2024-12-10 09:00:00,218.0,0.63,131.75,12,Winter
2024-12-10 10:00:00,199.0,3.18,150.0,12,Winter
2024-12-10 11:00:00,173.0,1.905,23.0,12,Winter
2024-12-10 12:00:00,156.0,0.63,93.75,12,Winter
2024-12-10 13:00:00,153.0,2.3,97.75,12,Winter
2024-12-10 14:00:00,186.0,2.65,99.25,12,Winter
2024-12-10 15:00:00,233.0,2.8,138.0,12,Winter
2024-12-10 16:00:00,172.0,1.62,135.25,12,Winter
2024-12-10 17:00:00,164.0,1.48,175.5,12,Winter
2024-12-10 18:00:00,251.0,0.75,144.0,12,Winter
2024-12-10 19:00:00,353.0,0.5,137.0,12,Winter
2024-12-10 20:00:00,305.0,0.3,155.0,12,Winter
2024-12-10 21:00:00,285.0,0.32,126.5,12,Winter
2024-12-10 22:00:00,273.0,0.65,195.75,12,Winter
2024-12-10 23:00:00,262.0,0.82,212.25,12,Winter
2024-12-11 00:00:00,221.0,0.82,202.0,12,Winter
2024-12-11 01:00:00,162.0,0.85,206.25,12,Winter
2024-12-11 02:00:00,136.0,1.32,217.0,12,Winter
2024-12-11 03:00:00,156.0,2.35,239.75,12,Winter
2024-12-11 04:00:00,175.0,0.95,197.5,12,Winter
2024-12-11 05:00:00,147.0,0.48,119.0,12,Winter
2024-12-11 06:00:00,149.0,0.4,144.25,12,Winter
2024-12-11 07:00:00,189.0,0.48,126.5,12,Winter
2024-12-11 08:00:00,233.0,0.6,154.0,12,Winter
2024-12-11 09:00:00,262.0,0.65,96.0,12,Winter
2024-12-11 10:00:00,237.0,3.52,154.0,12,Winter
2024-12-11 11:00:00,219.0,2.6966666666666668,60.67,12,Winter
2024-12-11 12:00:00,188.0,1.8733333333333333,66.75,12,Winter
2024-12-11 13:00:00,167.0,1.05,90.5,12,Winter
2024-12-11 14:00:00,166.0,1.9,90.5,12,Winter
2024-12-11 15:00:00,169.0,1.45,97.25,12,Winter
2024-12-11 16:00:00,153.0,0.8,145.25,12,Winter
2024-12-11 17:00:00,179.0,1.15,164.5,12,Winter
2024-12-11 18:00:00,241.0,0.95,153.0,12,Winter
2024-12-11 19:00:00,660.0,0.4,118.75,12,Winter
2024-12-11 20:00:00,315.0,0.38,121.0,12,Winter
2024-12-11 21:00:00,409.0,0.32,126.5,12,Winter
2024-12-11 22:00:00,426.0,0.35,147.75,12,Winter
2024-12-11 23:00:00,445.0,0.48,171.75,12,Winter
2024-12-12 00:00:00,333.0,0.88,221.0,12,Winter
2024-12-12 01:00:00,343.0,0.82,206.0,12,Winter
2024-12-12 02:00:00,300.0,1.18,220.25,12,Winter
2024-12-12 03:00:00,293.0,1.4,223.0,12,Winter
2024-12-12 04:00:00,283.0,0.35,159.0,12,Winter
2024-12-12 05:00:00,269.0,0.32,129.0,12,Winter
2024-12-12 06:00:00,300.0,0.28,163.75,12,Winter
2024-12-12 07:00:00,300.0,0.35,175.75,12,Winter
2024-12-12 08:00:00,383.0,0.57,178.0,12,Winter
2024-12-12 09:00:00,372.0,0.87,128.25,12,Winter
2024-12-12 10:00:00,310.0,3.15,108.25,12,Winter
2024-12-12 11:00:00,273.0,2.1333333333333333,28.0,12,Winter
2024-12-12 12:00:00,233.0,1.1166666666666667,54.25,12,Winter
2024-12-12 13:00:00,216.0,0.1,72.75,12,Winter
2024-12-12 14:00:00,202.0,0.6,50.25,12,Winter
2024-12-12 15:00:00,193.0,1.3,72.25,12,Winter
2024-12-12 16:00:00,196.0,0.68,147.0,12,Winter
2024-12-12 17:00:00,217.0,1.48,189.25,12,Winter
2024-12-12 18:00:00,351.0,1.08,167.25,12,Winter
2024-12-12 19:00:00,355.0,0.5,154.0,12,Winter
2024-12-12 20:00:00,362.0,0.5,125.25,12,Winter
2024-12-12 21:00:00,345.0,0.5,128.75,12,Winter
2024-12-12 22:00:00,307.0,0.35,150.25,12,Winter
2024-12-12 23:00:00,273.0,0.62,131.5,12,Winter
2024-12-13 00:00:00,349.0,0.5,167.5,12,Winter
2024-12-13 01:00:00,244.0,0.72,183.75,12,Winter
2024-12-13 02:00:00,228.0,0.8,168.5,12,Winter
2024-12-13 03:00:00,226.0,0.8,177.5,12,Winter
2024-12-13 04:00:00,184.0,1.12,202.75,12,Winter
2024-12-13 05:00:00,171.0,0.72,164.5,12,Winter
2024-12-13 06:00:00,173.0,0.43,134.25,12,Winter
2024-12-13 07:00:00,183.0,0.6,162.5,12,Winter
2024-12-13 08:00:00,208.0,0.65,164.75,12,Winter
2024-12-13 09:00:00,218.0,1.43,136.0,12,Winter
2024-12-13 10:00:00,219.0,3.1,165.25,12,Winter
2024-12-13 11:00:00,227.0,2.05,47.5,12,Winter
2024-12-13 12:00:00,293.0,1.0,65.0,12,Winter
2024-12-13 13:00:00,376.0,1.9,93.0,12,Winter
2024-12-13 14:00:00,382.0,2.7,108.75,12,Winter
2024-12-13 15:00:00,331.0,2.75,124.0,12,Winter
2024-12-13 16:00:00,215.0,1.02,136.75,12,Winter
2024-12-13 17:00:00,189.0,1.27,176.75,12,Winter
2024-12-13 18:00:00,233.0,0.78,178.0,12,Winter
2024-12-13 19:00:00,299.0,0.43,183.75,12,Winter
2024-12-13 20:00:00,262.0,0.35,182.75,12,Winter
2024-12-13 21:00:00,261.0,0.32,205.25,12,Winter
2024-12-13 22:00:00,226.0,0.45,213.25,12,Winter
2024-12-13 23:00:00,255.0,0.82,237.75,12,Winter
2024-12-14 00:00:00,211.0,0.92,234.5,12,Winter
2024-12-14 01:00:00,166.0,1.08,249.75,12,Winter
2024-12-14 02:00:00,157.0,1.25,256.75,12,Winter
2024-12-14 03:00:00,160.0,1.12,236.25,12,Winter
2024-12-14 04:00:00,171.0,0.52,110.75,12,Winter
2024-12-14 05:00:00,251.0,0.57,104.5,12,Winter
2024-12-14 06:00:00,250.0,0.52,117.25,12,Winter
2024-12-14 07:00:00,167.0,0.5,146.5,12,Winter
2024-12-14 08:00:00,205.0,0.8,181.5,12,Winter
2024-12-14 09:00:00,199.0,0.57,137.5,12,Winter
2024-12-14 10:00:00,193.0,3.3,100.0,12,Winter
2024-12-14 11:00:00,226.0,2.0,78.5,12,Winter
2024-12-14 12:00:00,189.0,0.7,67.75,12,Winter
2024-12-14 13:00:00,179.0,1.95,98.5,12,Winter
2024-12-14 14:00:00,175.0,2.1,96.0,12,Winter
2024-12-14 15:00:00,164.0,2.3,87.75,12,Winter
2024-12-14 16:00:00,132.0,0.95,132.0,12,Winter
2024-12-14 17:00:00,164.0,1.05,166.25,12,Winter
2024-12-14 18:00:00,234.0,1.15,172.25,12,Winter
2024-12-14 19:00:00,346.0,0.48,150.75,12,Winter
2024-12-14 20:00:00,356.0,0.38,180.0,12,Winter
2024-12-14 21:00:00,477.0,0.35,138.25,12,Winter
2024-12-14 22:00:00,372.0,0.38,145.75,12,Winter
2024-12-14 23:00:00,338.0,0.4,121.25,12,Winter
2024-12-15 00:00:00,300.0,0.48,150.75,12,Winter
2024-12-15 01:00:00,240.0,0.8,190.75,12,Winter
2024-12-15 02:00:00,215.0,0.85,215.75,12,Winter
2024-12-15 03:00:00,250.0,0.85,201.5,12,Winter
2024-12-15 04:00:00,226.0,0.8,183.0,12,Winter
2024-12-15 05:00:00,266.0,0.75,157.25,12,Winter
2024-12-15 06:00:00,248.0,0.3,145.25,12,Winter
2024-12-15 07:00:00,277.0,0.5,151.25,12,Winter
2024-12-15 08:00:00,396.0,0.65,190.25,12,Winter
2024-12-15 09:00:00,343.0,0.68,167.0,12,Winter
2024-12-15 10:00:00,340.0,2.15,95.0,12,Winter
2024-12-15 11:00:00,293.0,1.325,15.0,12,Winter
2024-12-15 12:00:00,267.0,0.5,75.75,12,Winter
2024-12-15 13:00:00,229.0,0.92,115.25,12,Winter
2024-12-15 14:00:00,266.0,1.27,100.0,12,Winter
2024-12-15 15:00:00,249.0,1.45,93.0,12,Winter
2024-12-15 16:00:00,164.0,0.37,137.5,12,Winter
2024-12-15 17:00:00,182.0,0.92,223.25,12,Winter
2024-12-15 18:00:00,282.0,1.15,169.5,12,Winter
2024-12-15 19:00:00,462.0,0.45,146.25,12,Winter
2024-12-15 20:00:00,730.0,0.28,185.75,12,Winter
2024-12-15 21:00:00,353.0,0.22,196.5,12,Winter
2024-12-15 22:00:00,416.0,0.32,125.25,12,Winter
2024-12-15 23:00:00,538.0,0.57,171.5,12,Winter
2024-12-16 00:00:00,333.0,0.38,153.5,12,Winter
2024-12-16 01:00:00,272.0,0.57,240.5,12,Winter
2024-12-16 02:00:00,257.0,0.88,226.5,12,Winter
2024-12-16 03:00:00,333.0,0.57,165.0,12,Winter
2024-12-16 04:00:00,337.0,0.5,177.75,12,Winter
2024-12-16 05:00:00,389.0,0.4,147.25,12,Winter
2024-12-16 06:00:00,445.0,0.38,155.0,12,Winter
2024-12-16 07:00:00,401.0,0.32,172.5,12,Winter
2024-12-16 08:00:00,415.0,0.6,187.25,12,Winter
2024-12-16 09:00:00,466.0,0.45,165.25,12,Winter
2024-12-16 10:00:00,418.0,2.8,137.5,12,Winter
2024-12-16 11:00:00,459.0,0.5,127.33,12,Winter
2024-12-16 12:00:00,403.0,0.6,80.67,12,Winter
2024-12-16 13:00:00,377.0,0.7000000000000001,51.33,12,Winter
2024-12-16 14:00:00,392.0,0.8,59.0,12,Winter
2024-12-16 15:00:00,298.0,0.95,67.0,12,Winter
2024-12-16 16:00:00,290.0,0.35,160.5,12,Winter
2024-12-16 17:00:00,351.0,0.75,179.75,12,Winter
2024-12-16 18:00:00,536.0,0.6,201.25,12,Winter
2024-12-16 19:00:00,722.0,0.45,252.75,12,Winter
2024-12-16 20:00:00,744.0,0.3,253.5,12,Winter
2024-12-16 21:00:00,857.0,0.3,210.75,12,Winter
2024-12-16 22:00:00,970.0,0.32,196.75,12,Winter
2024-12-16 23:00:00,771.0,0.35,191.25,12,Winter
2024-12-17 00:00:00,752.0,0.3,223.25,12,Winter
2024-12-17 01:00:00,566.0,0.25,170.75,12,Winter
2024-12-17 02:00:00,554.0,0.25,163.5,12,Winter
2024-12-17 03:00:00,504.0,0.5,266.5,12,Winter
2024-12-17 04:00:00,495.0,0.85,210.75,12,Winter
2024-12-17 05:00:00,488.0,0.65,246.5,12,Winter
2024-12-17 06:00:00,624.0,0.57,240.5,12,Winter
2024-12-17 07:00:00,665.0,0.85,195.5,12,Winter
2024-12-17 08:00:00,760.0,0.7,224.0,12,Winter
2024-12-17 09:00:00,501.0,0.55,188.0,12,Winter
2024-12-17 10:00:00,478.0,2.2,188.25,12,Winter
2024-12-17 11:00:00,657.0,2.128571428571429,116.75,12,Winter
2024-12-17 12:00:00,664.0,2.0571428571428574,45.25,12,Winter
2024-12-17 13:00:00,427.0,1.9857142857142855,89.75,12,Winter
2024-12-17 14:00:00,376.0,,102.33,12,Winter
2024-12-17 15:00:00,376.0,,144.88666666666666,12,Winter
2024-12-17 16:00:00,376.0,,187.44333333333333,12,Winter
2024-12-17 17:00:00,376.0,1.7,230.0,12,Winter
2024-12-17 18:00:00,376.0,0.48,181.0,12,Winter
2024-12-17 19:00:00,598.5,0.75,238.25,12,Winter
2024-12-17 20:00:00,821.0,0.57,192.0,12,Winter
2024-12-17 21:00:00,696.5,0.92,182.5,12,Winter
2024-12-17 22:00:00,572.0,0.98,176.5,12,Winter
2024-12-17 23:00:00,510.0,0.42,124.5,12,Winter
2024-12-18 00:00:00,501.0,0.3,128.75,12,Winter
2024-12-18 01:00:00,440.0,0.52,166.0,12,Winter
2024-12-18 02:00:00,410.0,0.85,216.5,12,Winter
2024-12-18 03:00:00,423.0,0.75,200.5,12,Winter
2024-12-18 04:00:00,411.0,0.8,201.0,12,Winter
2024-12-18 05:00:00,433.0,0.8,201.75,12,Winter
2024-12-18 06:00:00,351.0,0.72,185.75,12,Winter
2024-12-18 07:00:00,244.0,0.65,182.0,12,Winter
2024-12-18 08:00:00,267.0,0.6,165.75,12,Winter
2024-12-18 09:00:00,254.0,0.78,172.75,12,Winter
2024-12-18 10:00:00,248.0,0.65,175.75,12,Winter
2024-12-18 11:00:00,337.0,0.45,171.75,12,Winter
2024-12-18 12:00:00,434.0,1.4,111.5,12,Winter
2024-12-18 13:00:00,475.0,0.7999999999999999,49.67,12,Winter
2024-12-18 14:00:00,323.0,0.2,68.5,12,Winter
2024-12-18 15:00:00,366.0,0.4,75.0,12,Winter
2024-12-18 16:00:00,312.0,0.32,165.25,12,Winter
2024-12-18 17:00:00,406.0,0.62,157.0,12,Winter
2024-12-18 18:00:00,622.0,0.45,215.25,12,Winter
2024-12-18 19:00:00,838.0,0.4,232.5,12,Winter
2024-12-18 20:00:00,909.0,0.3,167.0,12,Winter
2024-12-18 21:00:00,980.0,0.22,225.5,12,Winter
2024-12-18 22:00:00,866.5,0.35,172.25,12,Winter
2024-12-18 23:00:00,753.0,0.35,159.25,12,Winter
2024-12-19 00:00:00,699.0,0.25,146.75,12,Winter
2024-12-19 01:00:00,682.0,0.5,220.5,12,Winter
2024-12-19 02:00:00,589.0,0.85,212.25,12,Winter
2024-12-19 03:00:00,580.0,0.88,220.25,12,Winter
2024-12-19 04:00:00,545.0,0.82,247.25,12,Winter
2024-12-19 05:00:00,538.0,0.82,246.5,12,Winter
2024-12-19 06:00:00,525.0,0.95,251.0,12,Winter
2024-12-19 07:00:00,514.0,1.02,262.25,12,Winter
2024-12-19 08:00:00,605.0,0.92,259.0,12,Winter
2024-12-19 09:00:00,797.0,0.95,241.25,12,Winter
2024-12-19 10:00:00,813.0,1.25,239.25,12,Winter
2024-12-19 11:00:00,859.0,1.38,240.5,12,Winter
2024-12-19 12:00:00,762.0,1.15,250.0,12,Winter
2024-12-19 13:00:00,594.0,2.15,220.5,12,Winter
2024-12-19 14:00:00,372.0,2.07,243.25,12,Winter
2024-12-19 15:00:00,313.0,1.88,293.75,12,Winter
2024-12-19 16:00:00,254.0,0.95,299.5,12,Winter
2024-12-19 17:00:00,339.0,0.48,276.0,12,Winter
2024-12-19 18:00:00,602.0,0.38,266.5,12,Winter
2024-12-19 19:00:00,950.0,0.75,269.5,12,Winter
2024-12-19 20:00:00,708.0,0.62,256.25,12,Winter
2024-12-19 21:00:00,780.0,0.5,284.0,12,Winter
2024-12-19 22:00:00,941.0,0.48,254.0,12,Winter
2024-12-19 23:00:00,856.0,0.38,264.25,12,Winter
2024-12-20 00:00:00,550.0,0.35,304.0,12,Winter
2024-12-20 01:00:00,461.0,0.52,258.5,12,Winter
2024-12-20 02:00:00,433.0,0.57,227.5,12,Winter
2024-12-20 03:00:00,376.0,0.7,244.25,12,Winter
2024-12-20 04:00:00,361.0,0.68,252.25,12,Winter
2024-12-20 05:00:00,326.0,0.95,242.5,12,Winter
2024-12-20 06:00:00,327.0,0.68,240.25,12,Winter
2024-12-20 07:00:00,372.0,0.62,236.25,12,Winter
2024-12-20 08:00:00,399.0,0.68,220.75,12,Winter
2024-12-20 09:00:00,427.0,1.35,251.75,12,Winter
2024-12-20 10:00:00,416.0,1.27,227.5,12,Winter
2024-12-20 11:00:00,383.0,1.266,90.0,12,Winter
2024-12-20 12:00:00,350.0,1.262,32.67,12,Winter
2024-12-20 13:00:00,294.0,1.258,12.5,12,Winter
2024-12-20 14:00:00,324.0,,15.0,12,Winter
2024-12-20 15:00:00,283.0,1.25,102.67,12,Winter
2024-12-20 16:00:00,291.0,0.9,147.5,12,Winter
2024-12-20 17:00:00,309.0,0.55,174.75,12,Winter
2024-12-20 18:00:00,459.0,0.95,200.25,12,Winter
2024-12-20 19:00:00,429.0,0.5,160.25,12,Winter
2024-12-20 20:00:00,578.0,0.72,162.5,12,Winter
2024-12-20 21:00:00,405.0,0.5,159.25,12,Winter
2024-12-20 22:00:00,333.0,0.3,130.75,12,Winter
2024-12-20 23:00:00,350.0,0.32,142.5,12,Winter
2024-12-21 00:00:00,350.0,0.38,122.75,12,Winter
2024-12-21 01:00:00,294.0,0.55,157.0,12,Winter
2024-12-21 02:00:00,294.0,0.72,185.0,12,Winter
2024-12-21 03:00:00,298.0,0.88,224.25,12,Winter
2024-12-21 04:00:00,273.0,0.82,208.25,12,Winter
2024-12-21 05:00:00,307.0,0.85,218.0,12,Winter
2024-12-21 06:00:00,443.0,0.88,214.75,12,Winter
2024-12-21 07:00:00,335.0,0.82,226.0,12,Winter
2024-12-21 08:00:00,356.0,0.62,189.75,12,Winter
2024-12-21 09:00:00,395.0,0.52,160.0,12,Winter
2024-12-21 10:00:00,377.0,2.83,164.25,12,Winter
2024-12-21 11:00:00,355.0,1.74,66.5,12,Winter
2024-12-21 12:00:00,306.0,0.65,75.25,12,Winter
2024-12-21 13:00:00,295.0,1.8,101.5,12,Winter
2024-12-21 14:00:00,278.0,1.68,87.75,12,Winter
2024-12-21 15:00:00,212.0,2.23,94.25,12,Winter
2024-12-21 16:00:00,222.0,1.05,147.25,12,Winter
2024-12-21 17:00:00,233.0,0.48,142.5,12,Winter
2024-12-21 18:00:00,317.0,0.42,215.75,12,Winter
2024-12-21 19:00:00,541.0,0.38,206.0,12,Winter
2024-12-21 20:00:00,780.0,0.7,251.25,12,Winter
2024-12-21 21:00:00,630.0,0.28,209.5,12,Winter
2024-12-21 22:00:00,876.0,0.25,161.0,12,Winter
2024-12-21 23:00:00,449.0,0.22,228.5,12,Winter
2024-12-22 00:00:00,428.0,0.38,312.0,12,Winter
2024-12-22 01:00:00,754.0,0.2,215.25,12,Winter
2024-12-22 02:00:00,731.0,0.4,160.5,12,Winter
2024-12-22 03:00:00,552.0,0.5,174.75,12,Winter
2024-12-22 04:00:00,411.0,0.35,147.5,12,Winter
2024-12-22 05:00:00,624.0,0.32,203.75,12,Winter
2024-12-22 06:00:00,621.0,0.5,153.0,12,Winter
2024-12-22 07:00:00,497.0,0.22,151.5,12,Winter
2024-12-22 08:00:00,483.0,0.55,286.25,12,Winter
2024-12-22 09:00:00,666.0,1.35,292.25,12,Winter
2024-12-22 10:00:00,719.0,1.15,214.0,12,Winter
2024-12-22 11:00:00,488.0,1.166,131.5,12,Winter
2024-12-22 12:00:00,385.0,1.182,49.0,12,Winter
2024-12-22 13:00:00,334.0,1.198,38.5,12,Winter
2024-12-22 14:00:00,425.0,,73.75,12,Winter
2024-12-22 15:00:00,428.0,1.23,242.25,12,Winter
2024-12-22 16:00:00,475.0,0.57,249.75,12,Winter
2024-12-22 17:00:00,497.0,0.42,265.5,12,Winter
2024-12-22 18:00:00,512.0,0.68,281.25,12,Winter
2024-12-22 19:00:00,603.0,0.43,285.25,12,Winter
2024-12-22 20:00:00,710.0,0.88,262.25,12,Winter
2024-12-22 21:00:00,768.0,0.57,270.0,12,Winter
2024-12-22 22:00:00,962.0,0.4,311.25,12,Winter
2024-12-22 23:00:00,724.0,0.8,247.0,12,Winter
2024-12-23 00:00:00,742.0,0.72,258.0,12,Winter
2024-12-23 01:00:00,615.0,0.4,252.0,12,Winter
2024-12-23 02:00:00,553.0,0.52,230.0,12,Winter
2024-12-23 03:00:00,547.0,0.52,231.75,12,Winter
2024-12-23 04:00:00,563.0,0.62,272.5,12,Winter
2024-12-23 05:00:00,558.0,0.57,205.0,12,Winter
2024-12-23 06:00:00,432.0,0.72,240.0,12,Winter
2024-12-23 07:00:00,458.0,0.5,240.0,12,Winter
2024-12-23 08:00:00,503.0,0.85,205.75,12,Winter
2024-12-23 09:00:00,554.0,1.12,237.5,12,Winter
2024-12-23 10:00:00,472.0,1.35,237.25,12,Winter
2024-12-23 11:00:00,411.0,1.68,223.75,12,Winter
2024-12-23 12:00:00,415.0,1.72,202.5,12,Winter
2024-12-23 13:00:00,417.0,1.4,198.75,12,Winter
2024-12-23 14:00:00,399.0,1.23,212.75,12,Winter
2024-12-23 15:00:00,389.0,0.98,222.75,12,Winter
2024-12-23 16:00:00,432.0,0.9,223.5,12,Winter
2024-12-23 17:00:00,411.0,1.12,221.75,12,Winter
2024-12-23 18:00:00,454.0,1.18,208.25,12,Winter
2024-12-23 19:00:00,494.0,1.0,212.25,12,Winter
2024-12-23 20:00:00,480.0,1.45,178.25,12,Winter
2024-12-23 21:00:00,543.0,1.48,245.25,12,Winter
2024-12-23 22:00:00,434.0,0.75,246.25,12,Winter
2024-12-23 23:00:00,400.0,0.43,249.25,12,Winter
2024-12-24 00:00:00,387.0,0.77,154.5,12,Winter
2024-12-24 01:00:00,385.0,1.8,168.0,12,Winter
2024-12-24 02:00:00,384.0,1.32,188.0,12,Winter
2024-12-24 03:00:00,379.0,0.75,225.5,12,Winter
2024-12-24 04:00:00,344.0,0.9,231.75,12,Winter
2024-12-24 05:00:00,324.0,1.12,222.75,12,Winter
2024-12-24 06:00:00,250.0,0.92,254.0,12,Winter
2024-12-24 07:00:00,229.0,1.02,231.75,12,Winter
2024-12-24 08:00:00,254.0,1.38,241.25,12,Winter
2024-12-24 09:00:00,235.0,1.32,241.75,12,Winter
2024-12-24 10:00:00,241.0,1.58,230.25,12,Winter
2024-12-24 11:00:00,216.0,1.6,125.0,12,Winter
2024-12-24 12:00:00,172.0,1.225,204.0,12,Winter
2024-12-24 13:00:00,171.0,0.85,224.25,12,Winter
2024-12-24 14:00:00,162.0,1.07,212.75,12,Winter
2024-12-24 15:00:00,179.0,0.72,263.5,12,Winter
2024-12-24 16:00:00,178.0,0.48,211.5,12,Winter
2024-12-24 17:00:00,259.0,0.72,171.0,12,Winter
2024-12-24 18:00:00,431.0,0.72,211.0,12,Winter
2024-12-24 19:00:00,320.0,0.9,264.25,12,Winter
2024-12-24 20:00:00,350.0,0.72,236.5,12,Winter
2024-12-24 21:00:00,274.0,0.35,170.5,12,Winter
2024-12-24 22:00:00,403.0,0.55,155.0,12,Winter
2024-12-24 23:00:00,433.0,0.57,169.0,12,Winter
2024-12-25 00:00:00,328.0,0.3,164.75,12,Winter
2024-12-25 01:00:00,282.0,0.35,155.25,12,Winter
2024-12-25 02:00:00,273.0,0.28,152.75,12,Winter
2024-12-25 03:00:00,255.0,0.45,171.75,12,Winter
2024-12-25 04:00:00,261.0,0.38,189.0,12,Winter
2024-12-25 05:00:00,300.0,0.65,172.5,12,Winter
2024-12-25 06:00:00,241.0,0.7,188.5,12,Winter
2024-12-25 07:00:00,322.0,0.8,207.25,12,Winter
2024-12-25 08:00:00,434.0,0.62,184.5,12,Winter
2024-12-25 09:00:00,395.0,0.48,150.0,12,Winter
2024-12-25 10:00:00,302.0,2.9,126.0,12,Winter
2024-12-25 11:00:00,263.0,1.75,108.25,12,Winter
2024-12-25 12:00:00,194.0,0.6,90.5,12,Winter
2024-12-25 13:00:00,160.0,0.4,37.33,12,Winter
2024-12-25 14:00:00,152.0,0.95,53.0,12,Winter
2024-12-25 15:00:00,167.0,1.5,68.67,12,Winter
2024-12-25 16:00:00,169.0,0.6,150.25,12,Winter
2024-12-25 17:00:00,190.0,0.48,157.25,12,Winter
2024-12-25 18:00:00,378.0,0.68,181.5,12,Winter
2024-12-25 19:00:00,450.0,0.45,172.5,12,Winter
2024-12-25 20:00:00,349.0,0.57,165.75,12,Winter
2024-12-25 21:00:00,273.0,0.43,248.5,12,Winter
2024-12-25 22:00:00,274.0,0.38,168.75,12,Winter
2024-12-25 23:00:00,370.0,0.45,221.0,12,Winter
2024-12-26 00:00:00,293.0,0.5,177.0,12,Winter
2024-12-26 01:00:00,266.0,0.7,136.25,12,Winter
2024-12-26 02:00:00,269.0,0.68,155.75,12,Winter
2024-12-26 03:00:00,246.0,0.8,201.25,12,Winter
2024-12-26 04:00:00,257.0,0.8,180.75,12,Winter
2024-12-26 05:00:00,362.0,0.72,167.75,12,Winter
2024-12-26 06:00:00,412.0,0.78,203.0,12,Winter
2024-12-26 07:00:00,287.0,0.7,203.25,12,Winter
2024-12-26 08:00:00,320.0,0.32,173.75,12,Winter
2024-12-26 09:00:00,392.0,0.42,174.75,12,Winter
2024-12-26 10:00:00,405.0,1.95,124.0,12,Winter
2024-12-26 11:00:00,442.0,1.375,12.0,12,Winter
2024-12-26 12:00:00,323.0,0.8,132.25,12,Winter
2024-12-26 13:00:00,333.0,0.77,100.5,12,Winter
2024-12-26 14:00:00,238.0,0.35,114.75,12,Winter
2024-12-26 15:00:00,219.0,1.53,154.75,12,Winter
2024-12-26 16:00:00,166.0,0.47,160.0,12,Winter
2024-12-26 17:00:00,177.0,0.4,159.5,12,Winter
2024-12-26 18:00:00,520.0,0.65,165.5,12,Winter
2024-12-26 19:00:00,519.0,0.82,180.25,12,Winter
2024-12-26 20:00:00,606.0,0.8,181.0,12,Winter
2024-12-26 21:00:00,458.0,0.75,223.75,12,Winter
2024-12-26 22:00:00,509.0,1.08,198.75,12,Winter
2024-12-26 23:00:00,454.0,0.7,256.75,12,Winter
2024-12-27 00:00:00,510.0,0.7,289.25,12,Winter
2024-12-27 01:00:00,426.0,0.65,239.5,12,Winter
2024-12-27 02:00:00,360.0,0.57,259.75,12,Winter
2024-12-27 03:00:00,338.0,0.77,242.25,12,Winter
2024-12-27 04:00:00,296.0,0.95,255.75,12,Winter
2024-12-27 05:00:00,322.0,0.82,236.5,12,Winter
2024-12-27 06:00:00,218.0,0.92,192.0,12,Winter
2024-12-27 07:00:00,306.0,1.23,196.0,12,Winter
2024-12-27 08:00:00,200.0,1.3,269.0,12,Winter
2024-12-27 09:00:00,164.0,0.9,185.75,12,Winter
2024-12-27 10:00:00,149.0,0.92,185.5,12,Winter
2024-12-27 11:00:00,206.0,1.42,145.0,12,Winter
2024-12-27 12:00:00,216.0,1.4,212.0,12,Winter
2024-12-27 13:00:00,208.0,1.48,234.75,12,Winter
2024-12-27 14:00:00,151.0,1.78,226.5,12,Winter
2024-12-27 15:00:00,97.0,1.12,249.5,12,Winter
2024-12-27 16:00:00,79.0,1.95,247.5,12,Winter
2024-12-27 17:00:00,75.0,1.65,247.5,12,Winter
2024-12-27 18:00:00,70.0,1.8,267.75,12,Winter
2024-12-27 19:00:00,66.4,2.0,250.5,12,Winter
2024-12-27 20:00:00,62.8,2.38,269.75,12,Winter
2024-12-27 21:00:00,59.2,2.25,271.75,12,Winter
2024-12-27 22:00:00,,1.6,271.5,12,Winter
2024-12-27 23:00:00,52.0,0.62,230.25,12,Winter
2024-12-28 00:00:00,59.5,0.98,166.75,12,Winter
2024-12-28 01:00:00,67.0,0.52,195.5,12,Winter
2024-12-28 02:00:00,72.0,0.62,247.25,12,Winter
2024-12-28 03:00:00,79.33333333333333,0.38,194.25,12,Winter
2024-12-28 04:00:00,86.66666666666667,0.6,272.25,12,Winter
2024-12-28 05:00:00,94.0,0.45,209.5,12,Winter
2024-12-28 06:00:00,66.0,0.35,172.5,12,Winter
2024-12-28 07:00:00,88.0,0.4,150.0,12,Winter
2024-12-28 08:00:00,90.0,0.4,159.0,12,Winter
2024-12-28 09:00:00,134.0,0.45,212.75,12,Winter
2024-12-28 10:00:00,124.0,0.68,247.25,12,Winter
2024-12-28 11:00:00,150.0,0.88,241.25,12,Winter
2024-12-28 12:00:00,167.0,0.95,253.0,12,Winter
2024-12-28 13:00:00,182.0,0.85,230.75,12,Winter
2024-12-28 14:00:00,223.0,1.4,183.0,12,Winter
2024-12-28 15:00:00,175.0,1.48,183.0,12,Winter
2024-12-28 16:00:00,195.0,1.03,183.75,12,Winter
2024-12-28 17:00:00,184.0,1.1,177.25,12,Winter
2024-12-28 18:00:00,189.0,1.2,165.0,12,Winter
2024-12-28 19:00:00,238.0,1.0,169.0,12,Winter
2024-12-28 20:00:00,205.0,0.45,150.5,12,Winter
2024-12-28 21:00:00,169.0,0.72,208.5,12,Winter
2024-12-28 22:00:00,167.0,0.52,198.5,12,Winter
2024-12-28 23:00:00,145.0,0.88,184.75,12,Winter
2024-12-29 00:00:00,136.0,1.18,163.5,12,Winter
2024-12-29 01:00:00,111.0,0.62,156.25,12,Winter
2024-12-29 02:00:00,90.0,0.85,151.75,12,Winter
2024-12-29 03:00:00,83.0,0.8,167.25,12,Winter
2024-12-29 04:00:00,90.0,0.82,169.5,12,Winter
2024-12-29 05:00:00,100.0,0.98,160.0,12,Winter
2024-12-29 06:00:00,95.0,0.62,140.0,12,Winter
2024-12-29 07:00:00,127.0,0.62,144.0,12,Winter
2024-12-29 08:00:00,158.0,0.78,147.5,12,Winter
2024-12-29 09:00:00,122.0,0.88,146.75,12,Winter
2024-12-29 10:00:00,119.0,1.23,141.75,12,Winter
2024-12-29 11:00:00,117.0,1.88,202.75,12,Winter
2024-12-29 12:00:00,111.0,1.7,223.5,12,Winter
2024-12-29 13:00:00,100.0,1.68,155.75,12,Winter
2024-12-29 14:00:00,97.0,1.2,148.0,12,Winter
2024-12-29 15:00:00,94.0,1.35,148.0,12,Winter
2024-12-29 16:00:00,97.0,1.38,135.0,12,Winter
2024-12-29 17:00:00,105.0,0.95,133.0,12,Winter
2024-12-29 18:00:00,114.0,0.92,139.75,12,Winter
2024-12-29 19:00:00,123.0,0.85,128.25,12,Winter
2024-12-29 20:00:00,121.0,0.9,134.5,12,Winter
2024-12-29 21:00:00,114.0,0.85,137.75,12,Winter
2024-12-29 22:00:00,92.0,0.75,143.5,12,Winter
2024-12-29 23:00:00,95.0,1.12,136.25,12,Winter
2024-12-30 00:00:00,83.0,0.82,140.5,12,Winter
2024-12-30 01:00:00,80.0,0.68,141.25,12,Winter
2024-12-30 02:00:00,101.0,0.88,137.75,12,Winter
2024-12-30 03:00:00,78.0,0.92,134.0,12,Winter
2024-12-30 04:00:00,86.0,0.8,138.0,12,Winter
2024-12-30 05:00:00,84.0,0.68,145.5,12,Winter
2024-12-30 06:00:00,86.0,0.75,141.75,12,Winter
2024-12-30 07:00:00,91.0,0.6,149.75,12,Winter
2024-12-30 08:00:00,114.0,0.92,132.25,12,Winter
2024-12-30 09:00:00,128.0,0.7,140.25,12,Winter
2024-12-30 10:00:00,135.0,0.8,143.75,12,Winter
2024-12-30 11:00:00,117.0,1.02,132.25,12,Winter
2024-12-30 12:00:00,124.0,1.15,136.75,12,Winter
2024-12-30 13:00:00,110.0,1.15,149.25,12,Winter
2024-12-30 14:00:00,105.0,1.0,151.0,12,Winter
2024-12-30 15:00:00,125.0,1.05,151.5,12,Winter
2024-12-30 16:00:00,122.0,0.68,158.5,12,Winter
2024-12-30 17:00:00,135.0,0.52,144.25,12,Winter
2024-12-30 18:00:00,189.0,0.6,140.5,12,Winter
2024-12-30 19:00:00,217.0,0.4,128.25,12,Winter
2024-12-30 20:00:00,256.0,0.5,147.25,12,Winter
2024-12-30 21:00:00,202.0,0.75,148.0,12,Winter
2024-12-30 22:00:00,254.0,0.4,142.0,12,Winter
2024-12-30 23:00:00,294.0,0.88,172.75,12,Winter
2024-12-31 00:00:00,151.0,0.8,166.25,12,Winter
2024-12-31 01:00:00,155.0,0.95,165.75,12,Winter
2024-12-31 02:00:00,180.0,0.8,174.0,12,Winter
2024-12-31 03:00:00,155.0,1.0,183.5,12,Winter
2024-12-31 04:00:00,191.0,0.7,247.5,12,Winter
2024-12-31 05:00:00,254.0,0.6,246.75,12,Winter
2024-12-31 06:00:00,268.0,0.62,284.0,12,Winter
2024-12-31 07:00:00,256.0,0.65,292.75,12,Winter
2024-12-31 08:00:00,254.0,0.8,250.75,12,Winter
2024-12-31 09:00:00,268.0,0.6,201.5,12,Winter
2024-12-31 10:00:00,256.0,0.68,229.75,12,Winter
2024-12-31 11:00:00,272.0,0.68,218.25,12,Winter
2024-12-31 12:00:00,283.0,1.15,157.75,12,Winter
2024-12-31 13:00:00,248.0,1.35,142.5,12,Winter
2024-12-31 14:00:00,265.0,2.58,189.5,12,Winter
2024-12-31 15:00:00,267.0,1.4,198.75,12,Winter
2024-12-31 16:00:00,244.0,0.75,158.75,12,Winter
2024-12-31 17:00:00,260.0,0.43,134.0,12,Winter
2024-12-31 18:00:00,338.0,0.35,123.5,12,Winter
2024-12-31 19:00:00,569.0,0.55,166.0,12,Winter
2024-12-31 20:00:00,427.0,0.32,178.0,12,Winter
2024-12-31 21:00:00,378.0,0.5,238.5,12,Winter
2024-12-31 22:00:00,488.0,0.62,239.25,12,Winter
2024-12-31 23:00:00,708.0,0.6,235.25,12,Winter
