timestamp,PM 2.5,wind_speed,wind_dir
2023-01-01 00:00:00,186.75,0.3,173.25
2023-01-01 01:00:00,185.0,0.3,178.75
2023-01-01 02:00:00,165.75,0.3,187.0
2023-01-01 03:00:00,136.5,0.3,199.75
2023-01-01 04:00:00,110.5,0.3,176.25
2023-01-01 05:00:00,99.25,0.3,177.5
2023-01-01 06:00:00,96.75,0.3,170.0
2023-01-01 07:00:00,94.75,0.3,174.25
2023-01-01 08:00:00,92.25,0.3,159.5
2023-01-01 09:00:00,96.75,0.8,165.75
2023-01-01 10:00:00,98.5,1.275,166.75
2023-01-01 11:00:00,92.75,1.3,179.75
2023-01-01 12:00:00,79.75,1.225,190.0
2023-01-01 13:00:00,79.5,0.9,192.0
2023-01-01 14:00:00,76.75,0.85,198.25
2023-01-01 15:00:00,66.5,0.775,188.5
2023-01-01 16:00:00,75.5,0.425,182.5
2023-01-01 17:00:00,84.0,0.3,164.5
2023-01-01 18:00:00,138.5,0.3,202.5
2023-01-01 19:00:00,282.25,0.3,169.0
2023-01-01 20:00:00,335.5,0.3,181.75
2023-01-01 21:00:00,374.5,0.3,202.25
2023-01-01 22:00:00,449.25,0.3,183.5
2023-01-01 23:00:00,429.75,0.325,165.5
2023-01-02 00:00:00,372.5,0.3,178.5
2023-01-02 01:00:00,320.0,0.3,175.5
2023-01-02 02:00:00,279.25,0.35,194.5
2023-01-02 03:00:00,235.75,0.475,180.0
2023-01-02 04:00:00,223.5,0.4,169.75
2023-01-02 05:00:00,203.0,0.3,171.5
2023-01-02 06:00:00,198.5,0.3,161.5
2023-01-02 07:00:00,222.75,0.475,170.0
2023-01-02 08:00:00,229.25,0.375,188.5
2023-01-02 09:00:00,238.5,0.575,190.5
2023-01-02 10:00:00,264.5,0.875,158.5
2023-01-02 11:00:00,298.5,0.9,166.0
2023-01-02 12:00:00,312.75,0.925,164.5
2023-01-02 13:00:00,310.25,0.975,186.75
2023-01-02 14:00:00,323.0,0.5499999999999999,152.0
2023-01-02 15:00:00,328.0,0.3,172.5
2023-01-02 16:00:00,333.75,0.375,160.75
2023-01-02 17:00:00,305.5,0.325,186.25
2023-01-02 18:00:00,284.5,0.45,193.25
2023-01-02 19:00:00,222.5,0.375,202.25
2023-01-02 20:00:00,209.0,0.3,210.25
2023-01-02 21:00:00,205.25,0.3,189.75
2023-01-02 22:00:00,218.75,0.425,141.0
2023-01-02 23:00:00,209.5,0.3,176.0
2023-01-03 00:00:00,205.66666666666663,0.3,180.25
2023-01-03 01:00:00,211.0,0.3,158.0
2023-01-03 02:00:00,209.25,0.3,149.5
2023-01-03 03:00:00,229.5,0.325,160.75
2023-01-03 04:00:00,264.25,0.4,166.5
2023-01-03 05:00:00,298.25,0.475,167.0
2023-01-03 06:00:00,285.25,0.3,170.0
2023-01-03 07:00:00,268.5,0.45,172.75
2023-01-03 08:00:00,261.25,0.475,177.75
2023-01-03 09:00:00,267.0,0.6,202.25
2023-01-03 10:00:00,279.75,0.575,169.0
2023-01-03 11:00:00,272.0,0.875,174.25
2023-01-03 12:00:00,268.75,1.175,168.5
2023-01-03 13:00:00,271.0,0.75,202.75
2023-01-03 14:00:00,280.5,0.575,204.0
2023-01-03 15:00:00,284.0,0.55,187.75
2023-01-03 16:00:00,282.5,0.5,192.5
2023-01-03 17:00:00,260.25,0.45,155.75
2023-01-03 18:00:00,269.0,0.5,183.0
2023-01-03 19:00:00,300.75,0.5,161.5
2023-01-03 20:00:00,333.0,0.325,164.75
2023-01-03 21:00:00,344.75,0.3,165.0
2023-01-03 22:00:00,292.5,0.3,161.25
2023-01-03 23:00:00,266.75,0.3,169.25
2023-01-04 00:00:00,246.25,0.475,174.75
2023-01-04 01:00:00,229.5,0.875,179.75
2023-01-04 02:00:00,200.25,0.55,187.25
2023-01-04 03:00:00,211.75,0.6,183.5
2023-01-04 04:00:00,189.25,0.7,177.25
2023-01-04 05:00:00,156.0,0.675,192.5
2023-01-04 06:00:00,140.0,0.6,185.75
2023-01-04 07:00:00,130.75,0.6,176.0
2023-01-04 08:00:00,133.5,0.575,181.5
2023-01-04 09:00:00,123.75,0.8500000000000001,173.25
2023-01-04 10:00:00,148.5,0.8,198.0
2023-01-04 11:00:00,167.0,0.95,197.5
2023-01-04 12:00:00,186.25,0.75,203.5
2023-01-04 13:00:00,199.75,0.875,188.5
2023-01-04 14:00:00,203.0,1.475,171.5
2023-01-04 15:00:00,205.75,0.8,201.75
2023-01-04 16:00:00,201.25,0.825,174.25
2023-01-04 17:00:00,198.0,0.325,161.5
2023-01-04 18:00:00,241.75,0.3,163.75
2023-01-04 19:00:00,308.75,0.3,162.0
2023-01-04 20:00:00,357.5,0.3,178.0
2023-01-04 21:00:00,467.75,0.3,176.75
2023-01-04 22:00:00,546.75,0.3,164.5
2023-01-04 23:00:00,424.0,0.3,164.75
2023-01-05 00:00:00,257.25,0.3,169.5
2023-01-05 01:00:00,257.0,0.3,159.0
2023-01-05 02:00:00,246.0,0.3,167.5
2023-01-05 03:00:00,248.75,0.3,177.25
2023-01-05 04:00:00,222.25,0.375,189.5
2023-01-05 05:00:00,136.25,0.45,193.75
2023-01-05 06:00:00,108.0,0.625,172.75
2023-01-05 07:00:00,105.0,0.75,170.0
2023-01-05 08:00:00,113.75,0.7,163.75
2023-01-05 09:00:00,117.0,0.525,167.25
2023-01-05 10:00:00,134.75,0.9,176.75
2023-01-05 11:00:00,157.25,1.15,168.75
2023-01-05 12:00:00,174.75,1.5,164.25
2023-01-05 13:00:00,183.5,1.85,161.25
2023-01-05 14:00:00,197.25,1.65,163.5
2023-01-05 15:00:00,206.5,1.05,171.75
2023-01-05 16:00:00,207.5,0.525,174.0
2023-01-05 17:00:00,227.0,0.3,167.0
2023-01-05 18:00:00,297.25,0.3,161.5
2023-01-05 19:00:00,423.0,0.3,160.5
2023-01-05 20:00:00,472.5,0.3,160.0
2023-01-05 21:00:00,509.25,0.3,167.75
2023-01-05 22:00:00,788.25,0.3,184.75
2023-01-05 23:00:00,723.75,0.3,165.25
2023-01-06 00:00:00,536.25,0.3,170.25
2023-01-06 01:00:00,373.25,0.4,172.0
2023-01-06 02:00:00,369.0,0.375,202.75
2023-01-06 03:00:00,327.25,0.625,167.0
2023-01-06 04:00:00,262.5,0.325,180.75
2023-01-06 05:00:00,232.0,0.325,197.25
2023-01-06 06:00:00,247.25,0.3,195.75
2023-01-06 07:00:00,261.0,0.4,213.0
2023-01-06 08:00:00,270.5,0.6,183.5
2023-01-06 09:00:00,270.75,0.575,181.25
2023-01-06 10:00:00,305.5,1.125,155.0
2023-01-06 11:00:00,346.25,1.075,191.0
2023-01-06 12:00:00,360.75,1.4500000000000002,169.75
2023-01-06 13:00:00,339.0,1.375,189.5
2023-01-06 14:00:00,300.75,1.125,152.75
2023-01-06 15:00:00,264.5,0.775,181.75
2023-01-06 16:00:00,253.0,0.825,168.0
2023-01-06 17:00:00,250.25,0.3,170.5
2023-01-06 18:00:00,286.25,0.3,172.75
2023-01-06 19:00:00,308.75,0.325,158.0
2023-01-06 20:00:00,301.75,0.325,154.25
2023-01-06 21:00:00,304.0,0.325,171.0
2023-01-06 22:00:00,310.0,0.3,162.25
2023-01-06 23:00:00,302.5,0.3,169.25
2023-01-07 00:00:00,314.75,0.3,151.75
2023-01-07 01:00:00,329.5,0.3,158.5
2023-01-07 02:00:00,300.25,0.3,164.0
2023-01-07 03:00:00,297.75,0.35,173.0
2023-01-07 04:00:00,323.5,0.475,177.25
2023-01-07 05:00:00,293.5,0.925,166.25
2023-01-07 06:00:00,196.25,0.875,167.0
2023-01-07 07:00:00,154.75,0.8,170.0
2023-01-07 08:00:00,131.0,0.7,179.0
2023-01-07 09:00:00,119.5,0.8,176.5
2023-01-07 10:00:00,146.75,1.075,167.0
2023-01-07 11:00:00,207.0,1.225,183.75
2023-01-07 12:00:00,242.5,2.0,172.0
2023-01-07 13:00:00,253.0,1.625,170.25
2023-01-07 14:00:00,228.75,1.5,176.25
2023-01-07 15:00:00,212.25,0.875,197.25
2023-01-07 16:00:00,221.25,0.375,198.25
2023-01-07 17:00:00,248.5,0.3,198.25
2023-01-07 18:00:00,331.0,0.3,173.5
2023-01-07 19:00:00,393.0,0.3,179.75
2023-01-07 20:00:00,408.75,0.3,172.0
2023-01-07 21:00:00,469.0,0.3,170.5
2023-01-07 22:00:00,483.0,0.3,165.5
2023-01-07 23:00:00,478.0,0.3,182.25
2023-01-08 00:00:00,414.5,0.3,165.0
2023-01-08 01:00:00,303.75,0.3,171.0
2023-01-08 02:00:00,247.0,0.3,164.75
2023-01-08 03:00:00,239.25,0.3,168.5
2023-01-08 04:00:00,211.25,0.325,167.5
2023-01-08 05:00:00,211.5,0.6,167.75
2023-01-08 06:00:00,165.5,0.575,169.75
2023-01-08 07:00:00,145.25,0.65,171.75
2023-01-08 08:00:00,157.25,0.95,165.25
2023-01-08 09:00:00,144.5,0.95,168.75
2023-01-08 10:00:00,143.0,1.3,159.5
2023-01-08 11:00:00,169.25,1.8,154.25
2023-01-08 12:00:00,230.75,1.5,171.25
2023-01-08 13:00:00,260.5,1.425,180.25
2023-01-08 14:00:00,260.25,1.575,169.75
2023-01-08 15:00:00,248.5,1.1,171.25
2023-01-08 16:00:00,224.25,0.9,166.5
2023-01-08 17:00:00,210.5,0.3,173.5
2023-01-08 18:00:00,244.5,0.3,186.75
2023-01-08 19:00:00,427.0,0.3,167.5
2023-01-08 20:00:00,682.0,0.3,176.5
2023-01-08 21:00:00,968.0,0.3,170.75
2023-01-08 22:00:00,958.25,0.3,168.25
2023-01-08 23:00:00,875.5,0.3,164.25
2023-01-09 00:00:00,687.5,0.3,162.25
2023-01-09 01:00:00,575.75,0.3,164.25
2023-01-09 02:00:00,477.0,0.3,163.75
2023-01-09 03:00:00,439.5,0.3,169.25
2023-01-09 04:00:00,422.5,0.3,153.0
2023-01-09 05:00:00,414.0,0.3,162.0
2023-01-09 06:00:00,409.75,0.325,163.75
2023-01-09 07:00:00,370.0,0.3,162.5
2023-01-09 08:00:00,341.5,0.3,172.25
2023-01-09 09:00:00,335.5,0.3,195.75
2023-01-09 10:00:00,333.25,0.325,181.0
2023-01-09 11:00:00,367.75,0.35,210.75
2023-01-09 12:00:00,468.25,0.575,224.0
2023-01-09 13:00:00,522.5,0.4,204.25
2023-01-09 14:00:00,550.0,0.375,223.0
2023-01-09 15:00:00,586.25,0.525,155.75
2023-01-09 16:00:00,505.75,0.35,120.0
2023-01-09 17:00:00,473.25,0.3,147.75
2023-01-09 18:00:00,470.75,0.3,190.5
2023-01-09 19:00:00,553.0,0.3,173.5
2023-01-09 20:00:00,693.25,0.3,179.5
2023-01-09 21:00:00,712.25,0.3,184.5
2023-01-09 22:00:00,754.0,0.3,186.0
2023-01-09 23:00:00,673.0,0.3,200.25
2023-01-10 00:00:00,622.25,0.3,166.0
2023-01-10 01:00:00,591.25,0.3,172.25
2023-01-10 02:00:00,523.75,0.3,179.25
2023-01-10 03:00:00,425.75,0.3,161.75
2023-01-10 04:00:00,341.5,0.3,170.25
2023-01-10 05:00:00,249.75,0.575,176.25
2023-01-10 06:00:00,202.5,0.8,175.0
2023-01-10 07:00:00,164.0,0.625,188.0
2023-01-10 08:00:00,141.0,0.925,171.25
2023-01-10 09:00:00,139.5,0.975,169.75
2023-01-10 10:00:00,164.0,0.95,189.75
2023-01-10 11:00:00,208.5,0.925,228.0
2023-01-10 12:00:00,251.25,1.25,189.75
2023-01-10 13:00:00,273.75,1.675,175.25
2023-01-10 14:00:00,252.25,1.2,197.5
2023-01-10 15:00:00,208.0,1.075,176.75
2023-01-10 16:00:00,208.5,0.7,181.25
2023-01-10 17:00:00,210.5,0.325,171.75
2023-01-10 18:00:00,226.75,0.3,176.25
2023-01-10 19:00:00,316.5,0.3,169.75
2023-01-10 20:00:00,432.5,0.325,168.75
2023-01-10 21:00:00,379.75,0.3,166.75
2023-01-10 22:00:00,391.5,0.3,168.25
2023-01-10 23:00:00,325.25,0.3,171.5
2023-01-11 00:00:00,246.75,0.4,207.5
2023-01-11 01:00:00,198.25,0.625,177.25
2023-01-11 02:00:00,142.25,0.525,181.25
2023-01-11 03:00:00,131.75,0.55,184.0
2023-01-11 04:00:00,120.75,0.65,173.75
2023-01-11 05:00:00,107.25,0.625,180.5
2023-01-11 06:00:00,105.25,0.725,162.0
2023-01-11 07:00:00,107.75,0.5,198.75
2023-01-11 08:00:00,109.5,0.675,180.25
2023-01-11 09:00:00,99.0,0.55,176.25
2023-01-11 10:00:00,104.5,0.625,188.5
2023-01-11 11:00:00,123.0,0.6,217.75
2023-01-11 12:00:00,135.0,1.1,177.0
2023-01-11 13:00:00,173.25,1.525,153.25
2023-01-11 14:00:00,228.5,1.425,148.0
2023-01-11 15:00:00,206.25,1.725,132.5
2023-01-11 16:00:00,187.25,1.675,122.75
2023-01-11 17:00:00,189.0,1.275,150.25
2023-01-11 18:00:00,224.5,1.175,136.5
2023-01-11 19:00:00,275.0,1.85,146.5
2023-01-11 20:00:00,283.25,1.9,158.75
2023-01-11 21:00:00,230.0,2.075,159.5
2023-01-11 22:00:00,186.5,2.15,150.5
2023-01-11 23:00:00,194.75,1.975,164.0
2023-01-12 00:00:00,207.0,1.45,168.25
2023-01-12 01:00:00,207.25,1.125,173.0
2023-01-12 02:00:00,200.75,1.325,163.5
2023-01-12 03:00:00,204.25,1.15,170.0
2023-01-12 04:00:00,201.25,0.875,166.5
2023-01-12 05:00:00,207.5,0.5,177.0
2023-01-12 06:00:00,205.75,0.5,184.75
2023-01-12 07:00:00,198.25,0.975,140.75
2023-01-12 08:00:00,175.5,0.7999999999999999,158.0
2023-01-12 09:00:00,177.5,1.45,157.25
2023-01-12 10:00:00,212.0,1.65,144.25
2023-01-12 11:00:00,226.5,1.7,142.75
2023-01-12 12:00:00,209.25,1.625,178.75
2023-01-12 13:00:00,180.5,1.875,166.25
2023-01-12 14:00:00,156.75,1.75,164.25
2023-01-12 15:00:00,161.5,1.775,148.5
2023-01-12 16:00:00,156.75,0.85,172.25
2023-01-12 17:00:00,162.0,0.825,178.25
2023-01-12 18:00:00,210.0,0.925,148.0
2023-01-12 19:00:00,217.5,0.8,142.0
2023-01-12 20:00:00,215.0,0.35,172.5
2023-01-12 21:00:00,216.25,0.95,128.75
2023-01-12 22:00:00,205.25,0.8500000000000001,118.25
2023-01-12 23:00:00,218.0,0.625,131.0
2023-01-13 00:00:00,228.25,0.5499999999999999,167.0
2023-01-13 01:00:00,228.0,0.425,176.5
2023-01-13 02:00:00,214.75,0.7,156.25
2023-01-13 03:00:00,209.75,0.475,172.0
2023-01-13 04:00:00,205.75,0.4,164.25
2023-01-13 05:00:00,204.25,0.625,140.75
2023-01-13 06:00:00,205.5,0.55,162.5
2023-01-13 07:00:00,216.75,0.575,139.75
2023-01-13 08:00:00,218.75,0.85,155.5
2023-01-13 09:00:00,219.25,1.2,148.5
2023-01-13 10:00:00,230.25,1.7,175.5
2023-01-13 11:00:00,251.25,1.625,176.75
2023-01-13 12:00:00,242.5,1.575,166.75
2023-01-13 13:00:00,211.0,1.375,175.0
2023-01-13 14:00:00,171.75,0.925,184.25
2023-01-13 15:00:00,163.25,0.725,161.75
2023-01-13 16:00:00,167.25,0.425,136.75
2023-01-13 17:00:00,173.25,0.5,195.25
2023-01-13 18:00:00,211.25,1.1,165.5
2023-01-13 19:00:00,278.25,0.95,178.75
2023-01-13 20:00:00,271.25,1.15,178.5
2023-01-13 21:00:00,245.75,0.8500000000000001,183.25
2023-01-13 22:00:00,238.0,0.85,162.75
2023-01-13 23:00:00,233.0,0.75,175.5
2023-01-14 00:00:00,219.0,1.125,167.25
2023-01-14 01:00:00,198.25,0.75,183.0
2023-01-14 02:00:00,206.0,0.975,178.5
2023-01-14 03:00:00,204.5,1.125,180.5
2023-01-14 04:00:00,217.75,0.975,180.75
2023-01-14 05:00:00,211.5,1.125,181.0
2023-01-14 06:00:00,190.5,0.95,183.75
2023-01-14 07:00:00,174.5,1.075,175.25
2023-01-14 08:00:00,165.25,0.95,183.25
2023-01-14 09:00:00,157.75,1.325,172.5
2023-01-14 10:00:00,154.0,1.55,188.0
2023-01-14 11:00:00,168.5,1.275,205.75
2023-01-14 12:00:00,180.5,1.45,191.75
2023-01-14 13:00:00,162.5,1.975,173.75
2023-01-14 14:00:00,140.75,1.45,195.5
2023-01-14 15:00:00,116.75,1.25,194.75
2023-01-14 16:00:00,116.75,1.125,185.5
2023-01-14 17:00:00,106.5,1.075,168.75
2023-01-14 18:00:00,106.0,0.525,166.5
2023-01-14 19:00:00,142.0,0.725,169.5
2023-01-14 20:00:00,162.25,0.3,162.0
2023-01-14 21:00:00,163.0,0.45,161.75
2023-01-14 22:00:00,147.75,0.3,169.0
2023-01-14 23:00:00,151.75,0.3,166.0
2023-01-15 00:00:00,136.5,0.3,186.25
2023-01-15 01:00:00,121.75,0.3,188.25
2023-01-15 02:00:00,97.5,0.3,168.75
2023-01-15 03:00:00,86.75,0.3,181.25
2023-01-15 04:00:00,76.0,0.3,172.0
2023-01-15 05:00:00,72.25,0.325,169.75
2023-01-15 06:00:00,72.75,0.375,166.5
2023-01-15 07:00:00,84.75,0.3999999999999999,168.0
2023-01-15 08:00:00,97.0,1.275,160.0
2023-01-15 09:00:00,99.25,1.2,177.5
2023-01-15 10:00:00,92.25,1.325,208.75
2023-01-15 11:00:00,73.0,1.65,200.5
2023-01-15 12:00:00,54.0,1.55,214.75
2023-01-15 13:00:00,41.75,1.45,202.75
2023-01-15 14:00:00,41.25,1.75,190.25
2023-01-15 15:00:00,40.0,1.825,183.5
2023-01-15 16:00:00,36.0,1.35,179.25
2023-01-15 17:00:00,45.75,0.575,173.75
2023-01-15 18:00:00,76.75,0.3,173.0
2023-01-15 19:00:00,145.0,0.325,168.0
2023-01-15 20:00:00,184.25,0.3,175.75
2023-01-15 21:00:00,225.25,0.3,188.0
2023-01-15 22:00:00,241.25,0.3,171.5
2023-01-15 23:00:00,242.5,0.3,212.75
2023-01-16 00:00:00,210.0,0.3,177.5
2023-01-16 01:00:00,185.25,0.3,186.25
2023-01-16 02:00:00,169.5,0.3,176.25
2023-01-16 03:00:00,150.5,0.3,174.75
2023-01-16 04:00:00,132.75,0.3,195.0
2023-01-16 05:00:00,127.0,0.3,227.5
2023-01-16 06:00:00,120.5,0.3,204.25
2023-01-16 07:00:00,119.0,0.3,192.75
2023-01-16 08:00:00,115.5,1.025,159.25
2023-01-16 09:00:00,108.5,1.375,169.5
2023-01-16 10:00:00,116.75,1.075,181.0
2023-01-16 11:00:00,107.75,0.825,213.5
2023-01-16 12:00:00,96.0,1.425,191.5
2023-01-16 13:00:00,79.25,1.225,202.0
2023-01-16 14:00:00,75.75,1.475,182.75
2023-01-16 15:00:00,73.75,1.25,181.5
2023-01-16 16:00:00,49.5,1.025,187.5
2023-01-16 17:00:00,54.25,0.4,167.5
2023-01-16 18:00:00,114.25,0.3,170.5
2023-01-16 19:00:00,196.5,0.3,176.5
2023-01-16 20:00:00,246.0,0.3,177.5
2023-01-16 21:00:00,302.75,0.3,166.25
2023-01-16 22:00:00,351.75,0.3,186.5
2023-01-16 23:00:00,298.75,0.3,184.5
2023-01-17 00:00:00,250.66666666666663,0.3,182.75
2023-01-17 01:00:00,228.75,0.3,193.75
2023-01-17 02:00:00,206.25,0.3,187.25
2023-01-17 03:00:00,180.5,0.3,190.25
2023-01-17 04:00:00,162.0,0.3,187.0
2023-01-17 05:00:00,157.5,0.3,188.0
2023-01-17 06:00:00,164.5,0.3,222.5
2023-01-17 07:00:00,174.75,0.3,208.25
2023-01-17 08:00:00,173.25,0.9,165.0
2023-01-17 09:00:00,141.5,1.225,177.5
2023-01-17 10:00:00,131.0,1.025,202.75
2023-01-17 11:00:00,112.5,1.2,204.75
2023-01-17 12:00:00,76.0,1.25,203.0
2023-01-17 13:00:00,51.0,1.125,213.5
2023-01-17 14:00:00,43.0,1.525,190.25
2023-01-17 15:00:00,24.5,1.1,206.75
2023-01-17 16:00:00,21.0,0.8,200.25
2023-01-17 17:00:00,51.0,0.4,169.75
2023-01-17 18:00:00,94.25,0.3,172.75
2023-01-17 19:00:00,186.0,0.3,167.25
2023-01-17 20:00:00,357.75,0.3,160.25
2023-01-17 21:00:00,503.25,0.3,167.5
2023-01-17 22:00:00,514.5,0.3,187.5
2023-01-17 23:00:00,407.25,0.3,160.0
2023-01-18 00:00:00,410.0,0.3,168.75
2023-01-18 01:00:00,276.0,0.3,181.5
2023-01-18 02:00:00,228.75,0.3,203.5
2023-01-18 03:00:00,209.0,0.3,170.0
2023-01-18 04:00:00,194.0,0.3,223.75
2023-01-18 05:00:00,187.25,0.3,175.0
2023-01-18 06:00:00,195.25,0.3,208.25
2023-01-18 07:00:00,203.0,0.3,228.0
2023-01-18 08:00:00,210.0,0.65,181.75
2023-01-18 09:00:00,177.25,1.35,152.75
2023-01-18 10:00:00,121.0,0.625,202.5
2023-01-18 11:00:00,106.25,0.825,209.0
2023-01-18 12:00:00,87.0,1.225,197.75
2023-01-18 13:00:00,78.0,1.0,201.25
2023-01-18 14:00:00,64.25,0.8500000000000001,207.75
2023-01-18 15:00:00,55.0,0.975,204.0
2023-01-18 16:00:00,72.5,0.95,178.0
2023-01-18 17:00:00,83.5,0.3,170.0
2023-01-18 18:00:00,113.25,0.3,174.25
2023-01-18 19:00:00,243.75,0.3,176.75
2023-01-18 20:00:00,495.0,0.3,170.75
2023-01-18 21:00:00,611.75,0.3,162.0
2023-01-18 22:00:00,651.25,0.3,188.75
2023-01-18 23:00:00,580.0,0.3,203.5
2023-01-19 00:00:00,451.0,0.3,177.75
2023-01-19 01:00:00,321.5,0.3,181.25
2023-01-19 02:00:00,276.75,0.3,186.25
2023-01-19 03:00:00,246.0,0.3,172.25
2023-01-19 04:00:00,213.25,0.3,157.0
2023-01-19 05:00:00,192.75,0.3,219.25
2023-01-19 06:00:00,187.5,0.3,161.75
2023-01-19 07:00:00,214.75,0.3,178.25
2023-01-19 08:00:00,256.75,0.3,148.0
2023-01-19 09:00:00,246.25,0.975,148.0
2023-01-19 10:00:00,193.75,0.725,175.0
2023-01-19 11:00:00,173.8,0.4,282.0
2023-01-19 12:00:00,153.85,0.5,249.33333333333334
2023-01-19 13:00:00,133.9,0.6,216.66666666666669
2023-01-19 14:00:00,,0.7,184.0
2023-01-19 15:00:00,94.0,0.45,164.0
2023-01-19 16:00:00,114.0,0.3,162.0
2023-01-19 17:00:00,132.0,0.3,172.75
2023-01-19 18:00:00,204.0,0.3,165.0
2023-01-19 19:00:00,315.0,0.3,201.0
2023-01-19 20:00:00,454.0,0.3,180.75
2023-01-19 21:00:00,410.0,0.3,153.75
2023-01-19 22:00:00,290.0,0.325,155.75
2023-01-19 23:00:00,261.0,0.3,155.25
2023-01-20 00:00:00,205.0,0.55,170.75
2023-01-20 01:00:00,194.0,0.675,205.5
2023-01-20 02:00:00,172.0,0.6,202.5
2023-01-20 03:00:00,124.0,0.525,181.5
2023-01-20 04:00:00,56.0,0.325,171.0
2023-01-20 05:00:00,35.0,0.3,162.25
2023-01-20 06:00:00,29.0,0.3,179.75
2023-01-20 07:00:00,39.0,0.3,169.0
2023-01-20 08:00:00,61.0,0.325,157.25
2023-01-20 09:00:00,47.0,0.575,148.5
2023-01-20 10:00:00,61.0,0.925,169.25
2023-01-20 11:00:00,77.0,0.975,147.75
2023-01-20 12:00:00,97.0,1.2,152.25
2023-01-20 13:00:00,57.0,0.875,177.5
2023-01-20 14:00:00,44.0,0.875,178.25
2023-01-20 15:00:00,41.0,0.775,205.75
2023-01-20 16:00:00,38.0,0.7,204.75
2023-01-20 17:00:00,35.0,0.7,186.25
2023-01-20 18:00:00,103.0,0.475,171.25
2023-01-20 19:00:00,110.0,0.375,169.0
2023-01-20 20:00:00,172.0,0.3,151.0
2023-01-20 21:00:00,179.0,0.3,160.5
2023-01-20 22:00:00,153.0,0.3,160.5
2023-01-20 23:00:00,127.0,0.35,170.75
2023-01-21 00:00:00,116.0,0.3,162.5
2023-01-21 01:00:00,139.0,0.3,165.75
2023-01-21 02:00:00,122.0,0.3,167.0
2023-01-21 03:00:00,132.0,0.3,153.25
2023-01-21 04:00:00,123.0,0.3,150.75
2023-01-21 05:00:00,117.0,0.3,160.0
2023-01-21 06:00:00,111.0,0.3,163.25
2023-01-21 07:00:00,129.0,0.3,164.0
2023-01-21 08:00:00,302.0,0.3,151.75
2023-01-21 09:00:00,222.0,0.325,146.25
2023-01-21 10:00:00,224.0,0.65,141.75
2023-01-21 11:00:00,244.0,1.4,153.75
2023-01-21 12:00:00,248.0,1.225,159.75
2023-01-21 13:00:00,168.0,1.1,163.0
2023-01-21 14:00:00,172.0,0.75,168.25
2023-01-21 15:00:00,169.0,0.375,176.75
2023-01-21 16:00:00,149.0,0.3,200.0
2023-01-21 17:00:00,224.0,0.3,168.5
2023-01-21 18:00:00,274.0,0.3,166.5
2023-01-21 19:00:00,387.0,0.3,187.25
2023-01-21 20:00:00,599.0,0.3,201.75
2023-01-21 21:00:00,541.0,0.3,199.5
2023-01-21 22:00:00,440.0,0.3,182.0
2023-01-21 23:00:00,438.0,0.325,218.75
2023-01-22 00:00:00,374.0,0.3,189.5
2023-01-22 01:00:00,383.0,0.3,187.0
2023-01-22 02:00:00,349.0,0.3,194.0
2023-01-22 03:00:00,346.0,0.3,180.25
2023-01-22 04:00:00,344.0,0.3,164.75
2023-01-22 05:00:00,335.0,0.3,206.75
2023-01-22 06:00:00,327.0,0.3,169.25
2023-01-22 07:00:00,338.0,0.3,168.5
2023-01-22 08:00:00,368.0,0.3,138.25
2023-01-22 09:00:00,450.0,0.3,150.75
2023-01-22 10:00:00,354.0,0.55,207.5
2023-01-22 11:00:00,285.0,1.0,145.5
2023-01-22 12:00:00,263.0,0.85,181.0
2023-01-22 13:00:00,257.0,1.05,167.75
2023-01-22 14:00:00,152.0,0.8,182.5
2023-01-22 15:00:00,124.0,0.65,172.0
2023-01-22 16:00:00,103.0,0.4,192.75
2023-01-22 17:00:00,116.0,0.3,205.5
2023-01-22 18:00:00,216.0,0.3,206.75
2023-01-22 19:00:00,320.0,0.3,164.0
2023-01-22 20:00:00,291.0,0.3,191.5
2023-01-22 21:00:00,530.0,0.3,170.5
2023-01-22 22:00:00,384.0,0.3,200.5
2023-01-22 23:00:00,467.0,0.3,172.0
2023-01-23 00:00:00,392.0,0.3,165.0
2023-01-23 01:00:00,235.0,0.3,184.0
2023-01-23 02:00:00,204.0,0.3,171.5
2023-01-23 03:00:00,201.0,0.3,175.25
2023-01-23 04:00:00,179.0,0.3,177.5
2023-01-23 05:00:00,168.0,0.3,167.25
2023-01-23 06:00:00,171.0,0.3,166.5
2023-01-23 07:00:00,227.0,0.3,178.0
2023-01-23 08:00:00,331.0,0.3,163.75
2023-01-23 09:00:00,259.0,0.3,141.5
2023-01-23 10:00:00,169.0,0.55,195.5
2023-01-23 11:00:00,182.0,0.85,178.5
2023-01-23 12:00:00,171.0,0.75,182.75
2023-01-23 13:00:00,130.0,1.15,148.75
2023-01-23 14:00:00,103.0,1.375,145.25
2023-01-23 15:00:00,73.0,1.025,155.75
2023-01-23 16:00:00,66.0,0.5,136.25
2023-01-23 17:00:00,63.0,0.3,182.5
2023-01-23 18:00:00,96.0,0.3,188.0
2023-01-23 19:00:00,171.0,0.3,163.0
2023-01-23 20:00:00,250.0,0.3,167.75
2023-01-23 21:00:00,433.0,0.3,177.0
2023-01-23 22:00:00,418.0,0.3,184.5
2023-01-23 23:00:00,379.0,0.3,176.0
2023-01-24 00:00:00,335.0,0.3,171.0
2023-01-24 01:00:00,228.0,0.3,186.5
2023-01-24 02:00:00,217.0,0.3,173.0
2023-01-24 03:00:00,197.0,0.375,189.75
2023-01-24 04:00:00,186.0,0.3,172.5
2023-01-24 05:00:00,182.0,0.5,144.0
2023-01-24 06:00:00,165.875,0.8250000000000001,157.25
2023-01-24 07:00:00,149.75,1.275,160.0
2023-01-24 08:00:00,133.625,1.825,162.75
2023-01-24 09:00:00,,2.25,160.5
2023-01-24 10:00:00,,2.3,167.0
2023-01-24 11:00:00,,2.525,176.0
2023-01-24 12:00:00,,2.0,181.0
2023-01-24 13:00:00,53.0,1.975,159.5
2023-01-24 14:00:00,39.0,1.775,164.75
2023-01-24 15:00:00,34.0,1.8,155.5
2023-01-24 16:00:00,33.0,1.55,176.5
2023-01-24 17:00:00,22.0,0.95,155.5
2023-01-24 18:00:00,40.0,0.9,166.75
2023-01-24 19:00:00,59.0,0.6,145.0
2023-01-24 20:00:00,61.0,0.3,157.75
2023-01-24 21:00:00,69.0,0.3,149.75
2023-01-24 22:00:00,70.0,0.65,147.0
2023-01-24 23:00:00,61.0,0.325,160.25
2023-01-25 00:00:00,51.0,0.3,193.0
2023-01-25 01:00:00,61.0,0.3,173.75
2023-01-25 02:00:00,55.0,0.3,143.25
2023-01-25 03:00:00,66.0,0.3,146.25
2023-01-25 04:00:00,58.0,0.3,152.25
2023-01-25 05:00:00,55.0,0.3,179.75
2023-01-25 06:00:00,53.0,0.3,163.75
2023-01-25 07:00:00,84.0,0.3,170.25
2023-01-25 08:00:00,195.0,0.3,160.5
2023-01-25 09:00:00,140.0,0.325,167.75
2023-01-25 10:00:00,114.0,0.375,181.75
2023-01-25 11:00:00,84.0,1.15,160.75
2023-01-25 12:00:00,90.0,0.625,176.5
2023-01-25 13:00:00,97.0,0.55,192.5
2023-01-25 14:00:00,99.0,0.425,192.25
2023-01-25 15:00:00,116.0,0.6,188.0
2023-01-25 16:00:00,118.0,0.9,171.5
2023-01-25 17:00:00,119.0,0.725,162.0
2023-01-25 18:00:00,151.0,0.525,177.5
2023-01-25 19:00:00,184.0,0.4,165.25
2023-01-25 20:00:00,156.0,0.35,165.5
2023-01-25 21:00:00,158.0,0.3,194.5
2023-01-25 22:00:00,150.0,0.3,177.0
2023-01-25 23:00:00,151.0,0.3,180.0
2023-01-26 00:00:00,133.0,0.325,178.25
2023-01-26 01:00:00,150.0,0.3,174.25
2023-01-26 02:00:00,129.0,0.425,184.0
2023-01-26 03:00:00,143.0,0.375,188.25
2023-01-26 04:00:00,152.0,0.375,176.5
2023-01-26 05:00:00,158.0,0.4,166.5
2023-01-26 06:00:00,171.0,0.425,176.75
2023-01-26 07:00:00,183.0,0.725,179.5
2023-01-26 08:00:00,162.0,1.1,175.25
2023-01-26 09:00:00,166.0,0.725,183.25
2023-01-26 10:00:00,168.0,0.8,185.75
2023-01-26 11:00:00,171.0,1.05,197.25
2023-01-26 12:00:00,194.0,1.25,189.25
2023-01-26 13:00:00,200.0,1.575,195.0
2023-01-26 14:00:00,182.0,2.0,174.5
2023-01-26 15:00:00,158.0,1.475,179.5
2023-01-26 16:00:00,133.0,1.2000000000000002,185.5
2023-01-26 17:00:00,136.0,0.5,188.25
2023-01-26 18:00:00,146.0,0.3,164.25
2023-01-26 19:00:00,164.0,0.3,164.25
2023-01-26 20:00:00,188.0,0.3,163.25
2023-01-26 21:00:00,166.0,0.3,156.5
2023-01-26 22:00:00,145.0,0.3,161.75
2023-01-26 23:00:00,135.0,0.3,165.25
2023-01-27 00:00:00,107.0,0.325,161.75
2023-01-27 01:00:00,113.0,0.5,167.25
2023-01-27 02:00:00,101.0,0.35,171.0
2023-01-27 03:00:00,107.0,0.4,162.5
2023-01-27 04:00:00,96.0,0.3,169.5
2023-01-27 05:00:00,95.0,0.3,166.5
2023-01-27 06:00:00,99.0,0.3,167.25
2023-01-27 07:00:00,100.0,0.325,169.25
2023-01-27 08:00:00,130.0,0.7,163.5
2023-01-27 09:00:00,122.0,1.0,189.75
2023-01-27 10:00:00,91.0,1.425,196.0
2023-01-27 11:00:00,86.0,1.05,217.25
2023-01-27 12:00:00,96.0,1.65,199.0
2023-01-27 13:00:00,85.0,1.475,196.75
2023-01-27 14:00:00,74.0,1.6,190.5
2023-01-27 15:00:00,64.0,1.6,186.5
2023-01-27 16:00:00,53.0,1.25,179.0
2023-01-27 17:00:00,86.0,0.7,172.0
2023-01-27 18:00:00,100.0,0.4,175.75
2023-01-27 19:00:00,107.0,0.325,165.0
2023-01-27 20:00:00,133.0,0.3999999999999999,165.0
2023-01-27 21:00:00,163.0,0.65,170.0
2023-01-27 22:00:00,128.0,0.425,163.5
2023-01-27 23:00:00,108.0,0.375,167.75
2023-01-28 00:00:00,101.0,0.7,169.5
2023-01-28 01:00:00,118.0,0.475,168.75
2023-01-28 02:00:00,130.0,0.3,167.0
2023-01-28 03:00:00,124.0,0.325,177.75
2023-01-28 04:00:00,116.0,0.6,162.5
2023-01-28 05:00:00,111.0,0.425,164.75
2023-01-28 06:00:00,101.0,0.95,173.5
2023-01-28 07:00:00,94.0,0.95,178.0
2023-01-28 08:00:00,99.0,1.025,157.25
2023-01-28 09:00:00,97.0,1.35,173.0
2023-01-28 10:00:00,111.0,1.275,203.0
2023-01-28 11:00:00,108.0,1.15,207.25
2023-01-28 12:00:00,108.0,1.3,206.25
2023-01-28 13:00:00,95.0,1.3,199.75
2023-01-28 14:00:00,92.0,1.4,187.5
2023-01-28 15:00:00,90.0,0.9,209.25
2023-01-28 16:00:00,62.0,0.45,208.5
2023-01-28 17:00:00,91.0,0.3,196.75
2023-01-28 18:00:00,119.0,0.3,208.75
2023-01-28 19:00:00,223.0,0.3,175.25
2023-01-28 20:00:00,223.0,0.3,165.25
2023-01-28 21:00:00,268.0,0.3,164.25
2023-01-28 22:00:00,415.0,0.3,170.75
2023-01-28 23:00:00,353.0,0.3,195.25
2023-01-29 00:00:00,333.0,0.3,178.25
2023-01-29 01:00:00,288.0,0.3,168.25
2023-01-29 02:00:00,235.0,0.3,172.5
2023-01-29 03:00:00,197.0,0.3,184.25
2023-01-29 04:00:00,185.0,0.3,175.0
2023-01-29 05:00:00,185.0,0.3,157.25
2023-01-29 06:00:00,201.0,0.3,169.25
2023-01-29 07:00:00,227.0,0.45,189.25
2023-01-29 08:00:00,210.0,1.15,133.5
2023-01-29 09:00:00,186.0,0.55,148.5
2023-01-29 10:00:00,182.0,0.825,190.5
2023-01-29 11:00:00,189.0,1.35,160.75
2023-01-29 12:00:00,157.0,1.375,184.25
2023-01-29 13:00:00,141.0,0.825,201.25
2023-01-29 14:00:00,92.0,0.775,153.75
2023-01-29 15:00:00,97.0,0.5,192.25
2023-01-29 16:00:00,121.0,0.65,170.5
2023-01-29 17:00:00,133.0,0.325,180.0
2023-01-29 18:00:00,133.0,1.425,127.0
2023-01-29 19:00:00,152.0,1.025,134.75
2023-01-29 20:00:00,178.0,0.95,163.5
2023-01-29 21:00:00,175.0,0.525,171.5
2023-01-29 22:00:00,169.0,0.5,203.75
2023-01-29 23:00:00,158.0,0.475,193.75
2023-01-30 00:00:00,124.0,0.3,204.25
2023-01-30 01:00:00,122.0,0.5249999999999999,149.75
2023-01-30 02:00:00,103.0,0.5,180.0
2023-01-30 03:00:00,105.0,0.325,152.0
2023-01-30 04:00:00,59.0,1.275,131.5
2023-01-30 05:00:00,41.0,1.375,172.0
2023-01-30 06:00:00,27.0,1.75,168.75
2023-01-30 07:00:00,13.0,1.05,181.0
2023-01-30 08:00:00,9.0,1.15,136.5
2023-01-30 09:00:00,29.0,1.6,148.75
2023-01-30 10:00:00,38.0,1.775,157.0
2023-01-30 11:00:00,45.0,1.825,166.25
2023-01-30 12:00:00,55.0,1.625,145.75
2023-01-30 13:00:00,52.0,0.875,188.5
2023-01-30 14:00:00,45.0,1.05,149.0
2023-01-30 15:00:00,57.0,1.35,134.75
2023-01-30 16:00:00,61.0,1.0750000000000002,146.0
2023-01-30 17:00:00,64.0,0.475,133.25
2023-01-30 18:00:00,66.0,0.3,126.75
2023-01-30 19:00:00,83.0,0.3,169.5
2023-01-30 20:00:00,244.0,0.3,181.25
2023-01-30 21:00:00,306.0,0.3,168.0
2023-01-30 22:00:00,241.0,0.3,168.25
2023-01-30 23:00:00,211.0,0.3,179.5
2023-01-31 00:00:00,136.0,0.3,174.25
2023-01-31 01:00:00,161.0,0.3,173.0
2023-01-31 02:00:00,139.0,0.3,169.0
2023-01-31 03:00:00,140.0,0.3,161.0
2023-01-31 04:00:00,114.0,0.3,164.75
2023-01-31 05:00:00,85.0,0.3,169.25
2023-01-31 06:00:00,81.0,0.325,170.5
2023-01-31 07:00:00,73.0,0.625,164.25
2023-01-31 08:00:00,64.0,0.475,167.0
2023-01-31 09:00:00,64.0,0.3,177.0
2023-01-31 10:00:00,80.0,0.525,189.0
2023-01-31 11:00:00,90.0,1.2000000000000002,198.25
2023-01-31 12:00:00,91.0,1.7000000000000002,195.25
2023-01-31 13:00:00,92.0,1.4,203.5
2023-01-31 14:00:00,87.5,2.0,187.75
2023-01-31 15:00:00,73.0,1.975,172.25
2023-01-31 16:00:00,69.5,1.875,173.0
2023-01-31 17:00:00,68.0,1.425,180.5
2023-01-31 18:00:00,82.25,0.725,186.25
2023-01-31 19:00:00,97.0,0.825,195.0
2023-01-31 20:00:00,109.75,0.5,190.0
2023-01-31 21:00:00,97.25,0.775,183.25
2023-01-31 22:00:00,78.75,0.625,185.75
2023-01-31 23:00:00,81.0,0.8,168.75
2023-02-01 00:00:00,107.75,0.875,187.25
2023-02-01 01:00:00,128.0,0.825,184.5
2023-02-01 02:00:00,108.75,0.925,184.25
2023-02-01 03:00:00,101.75,0.725,194.25
2023-02-01 04:00:00,92.0,0.75,197.0
2023-02-01 05:00:00,92.0,0.7,189.75
2023-02-01 06:00:00,94.5,0.3,173.75
2023-02-01 07:00:00,101.5,0.325,174.5
2023-02-01 08:00:00,96.25,0.875,173.75
2023-02-01 09:00:00,83.75,1.725,183.0
2023-02-01 10:00:00,80.25,1.825,175.75
2023-02-01 11:00:00,80.75,1.7,194.0
2023-02-01 12:00:00,76.75,1.7999999999999998,195.5
2023-02-01 13:00:00,67.0,1.8,200.75
2023-02-01 14:00:00,66.75,1.8,202.5
2023-02-01 15:00:00,63.25,1.525,188.75
2023-02-01 16:00:00,59.5,1.325,178.25
2023-02-01 17:00:00,71.25,0.65,180.75
2023-02-01 18:00:00,71.5,0.375,173.75
2023-02-01 19:00:00,95.25,0.375,181.25
2023-02-01 20:00:00,119.0,0.3,173.0
2023-02-01 21:00:00,124.25,0.3,170.0
2023-02-01 22:00:00,133.75,0.3,182.0
2023-02-01 23:00:00,153.75,0.3,171.0
2023-02-02 00:00:00,110.75,0.3,178.0
2023-02-02 01:00:00,116.75,0.3,219.5
2023-02-02 02:00:00,107.25,0.3,217.5
2023-02-02 03:00:00,98.25,0.3,182.0
2023-02-02 04:00:00,92.25,0.3,174.5
2023-02-02 05:00:00,80.5,0.4,175.25
2023-02-02 06:00:00,81.25,0.3,168.0
2023-02-02 07:00:00,90.25,0.6000000000000001,165.25
2023-02-02 08:00:00,97.5,1.2000000000000002,176.0
2023-02-02 09:00:00,95.25,1.4,189.25
2023-02-02 10:00:00,86.5,1.55,201.5
2023-02-02 11:00:00,93.25,2.0,193.5
2023-02-02 12:00:00,85.5,1.7,214.0
2023-02-02 13:00:00,67.75,1.85,208.0
2023-02-02 14:00:00,62.0,1.5,205.0
2023-02-02 15:00:00,48.25,1.475,201.25
2023-02-02 16:00:00,34.25,1.525,185.25
2023-02-02 17:00:00,62.5,0.55,184.5
2023-02-02 18:00:00,73.0,0.3,167.75
2023-02-02 19:00:00,111.0,0.425,165.5
2023-02-02 20:00:00,142.0,0.5,165.25
2023-02-02 21:00:00,143.5,0.3,171.75
2023-02-02 22:00:00,158.5,0.3,171.75
2023-02-02 23:00:00,128.25,0.3,172.25
2023-02-03 00:00:00,110.0,0.3,189.25
2023-02-03 01:00:00,117.75,0.3,173.25
2023-02-03 02:00:00,96.75,0.3,197.0
2023-02-03 03:00:00,102.25,0.35,202.75
2023-02-03 04:00:00,110.5,0.3,210.5
2023-02-03 05:00:00,99.25,0.3,223.5
2023-02-03 06:00:00,77.25,0.3,193.0
2023-02-03 07:00:00,70.75,0.325,203.25
2023-02-03 08:00:00,67.5,1.025,177.0
2023-02-03 09:00:00,71.75,1.65,172.25
2023-02-03 10:00:00,80.0,1.325,212.25
2023-02-03 11:00:00,82.0,1.6749999999999998,190.75
2023-02-03 12:00:00,86.0,1.3,211.25
2023-02-03 13:00:00,79.75,1.475,208.25
2023-02-03 14:00:00,74.75,1.075,212.5
2023-02-03 15:00:00,58.25,0.875,206.25
2023-02-03 16:00:00,52.5,0.675,217.0
2023-02-03 17:00:00,71.5,0.325,171.75
2023-02-03 18:00:00,87.75,0.3,170.5
2023-02-03 19:00:00,131.25,0.3,176.75
2023-02-03 20:00:00,213.75,0.3,189.5
2023-02-03 21:00:00,278.75,0.3,180.0
2023-02-03 22:00:00,187.0,0.3,180.0
2023-02-03 23:00:00,167.5,0.3,172.25
2023-02-04 00:00:00,187.25,0.3,224.25
2023-02-04 01:00:00,143.75,0.3,213.25
2023-02-04 02:00:00,118.5,0.3,237.25
2023-02-04 03:00:00,116.25,0.3,214.5
2023-02-04 04:00:00,110.25,0.3,221.25
2023-02-04 05:00:00,97.75,0.3,217.0
2023-02-04 06:00:00,93.0,0.3,200.0
2023-02-04 07:00:00,90.25,0.475,171.75
2023-02-04 08:00:00,93.25,1.275,172.25
2023-02-04 09:00:00,97.75,1.4,176.5
2023-02-04 10:00:00,96.0,1.625,182.25
2023-02-04 11:00:00,108.25,1.55,202.5
2023-02-04 12:00:00,94.25,1.8,195.5
2023-02-04 13:00:00,74.5,1.85,193.75
2023-02-04 14:00:00,67.75,1.675,190.75
2023-02-04 15:00:00,69.75,1.8,173.25
2023-02-04 16:00:00,72.0,1.3,182.75
2023-02-04 17:00:00,81.75,0.775,175.0
2023-02-04 18:00:00,96.25,0.325,167.5
2023-02-04 19:00:00,132.25,0.3,165.25
2023-02-04 20:00:00,135.0,0.3,167.0
2023-02-04 21:00:00,150.25,0.3,178.5
2023-02-04 22:00:00,145.75,0.3,184.0
2023-02-04 23:00:00,128.75,0.3,183.25
2023-02-05 00:00:00,127.75,0.35,178.25
2023-02-05 01:00:00,132.5,0.3,188.25
2023-02-05 02:00:00,120.5,0.3,207.5
2023-02-05 03:00:00,116.75,0.3,196.0
2023-02-05 04:00:00,116.0,0.325,180.5
2023-02-05 05:00:00,107.75,0.3,201.75
2023-02-05 06:00:00,109.0,0.3,209.0
2023-02-05 07:00:00,107.5,0.3,202.75
2023-02-05 08:00:00,111.75,1.2,179.5
2023-02-05 09:00:00,109.0,1.75,179.25
2023-02-05 10:00:00,111.25,1.85,177.5
2023-02-05 11:00:00,126.0,1.65,180.5
2023-02-05 12:00:00,93.0,1.25,220.5
2023-02-05 13:00:00,77.5,1.275,212.0
2023-02-05 14:00:00,52.25,1.225,221.5
2023-02-05 15:00:00,34.75,1.425,197.75
2023-02-05 16:00:00,33.75,1.35,189.0
2023-02-05 17:00:00,33.25,0.5,176.0
2023-02-05 18:00:00,42.75,0.3,170.5
2023-02-05 19:00:00,131.0,0.3,177.5
2023-02-05 20:00:00,378.75,0.3,190.0
2023-02-05 21:00:00,497.5,0.3,176.25
2023-02-05 22:00:00,274.5,0.3,176.75
2023-02-05 23:00:00,205.75,0.3,169.5
2023-02-06 00:00:00,204.0,0.3,190.75
2023-02-06 01:00:00,177.5,0.3,147.25
2023-02-06 02:00:00,155.25,0.3,189.75
2023-02-06 03:00:00,134.75,0.3,142.0
2023-02-06 04:00:00,121.5,0.3,164.25
2023-02-06 05:00:00,111.5,0.3,151.75
2023-02-06 06:00:00,129.25,0.3,175.5
2023-02-06 07:00:00,185.25,0.3,163.75
2023-02-06 08:00:00,186.0,0.5,89.75
2023-02-06 09:00:00,109.75,1.025,113.5
2023-02-06 10:00:00,72.5,0.975,179.0
2023-02-06 11:00:00,75.75,1.225,188.75
2023-02-06 12:00:00,63.0,1.425,158.5
2023-02-06 13:00:00,63.0,1.2,174.5
2023-02-06 14:00:00,64.0,1.1,174.5
2023-02-06 15:00:00,68.75,0.875,181.0
2023-02-06 16:00:00,71.5,0.5499999999999999,189.5
2023-02-06 17:00:00,66.5,0.425,214.0
2023-02-06 18:00:00,82.5,0.3,184.0
2023-02-06 19:00:00,120.5,0.3,185.5
2023-02-06 20:00:00,165.0,0.3,158.0
2023-02-06 21:00:00,185.75,0.3,152.25
2023-02-06 22:00:00,191.5,0.3,154.0
2023-02-06 23:00:00,212.25,0.3,150.5
2023-02-07 00:00:00,222.0,0.3,159.5
2023-02-07 01:00:00,232.5,0.3,211.25
2023-02-07 02:00:00,204.0,0.3,169.75
2023-02-07 03:00:00,182.5,0.3,175.0
2023-02-07 04:00:00,181.5,0.3,174.5
2023-02-07 05:00:00,215.0,0.3,191.5
2023-02-07 06:00:00,229.75,0.3,185.25
2023-02-07 07:00:00,220.5,0.3,171.0
2023-02-07 08:00:00,186.75,0.6,177.5
2023-02-07 09:00:00,159.5,1.775,175.5
2023-02-07 10:00:00,146.25,2.025,182.0
2023-02-07 11:00:00,118.75,2.025,180.75
2023-02-07 12:00:00,84.75,1.775,199.75
2023-02-07 13:00:00,68.25,1.575,208.75
2023-02-07 14:00:00,44.25,1.7,193.25
2023-02-07 15:00:00,30.5,1.6,210.0
2023-02-07 16:00:00,24.0,1.525,194.5
2023-02-07 17:00:00,22.25,1.1,193.0
2023-02-07 18:00:00,16.5,0.35,169.75
2023-02-07 19:00:00,46.25,0.3,163.5
2023-02-07 20:00:00,63.75,0.325,167.75
2023-02-07 21:00:00,79.5,0.65,167.25
2023-02-07 22:00:00,77.5,0.525,179.75
2023-02-07 23:00:00,58.0,0.3,169.25
2023-02-08 00:00:00,59.25,0.525,167.5
2023-02-08 01:00:00,60.0,0.35,168.5
2023-02-08 02:00:00,54.25,0.3,172.0
2023-02-08 03:00:00,62.0,0.325,166.75
2023-02-08 04:00:00,64.5,0.35,182.75
2023-02-08 05:00:00,91.25,0.325,200.0
2023-02-08 06:00:00,88.5,0.3,201.5
2023-02-08 07:00:00,68.5,0.6000000000000001,185.0
2023-02-08 08:00:00,68.5,1.4,173.5
2023-02-08 09:00:00,71.75,1.75,176.25
2023-02-08 10:00:00,71.75,1.5750000000000002,186.5
2023-02-08 11:00:00,78.25,1.925,192.0
2023-02-08 12:00:00,62.0,1.4,201.75
2023-02-08 13:00:00,53.25,1.925,194.5
2023-02-08 14:00:00,47.0,1.6,200.75
2023-02-08 15:00:00,50.25,1.325,190.5
2023-02-08 16:00:00,37.5,0.8500000000000001,193.0
2023-02-08 17:00:00,32.5,0.375,162.75
2023-02-08 18:00:00,70.25,0.3,173.25
2023-02-08 19:00:00,110.5,0.3,170.75
2023-02-08 20:00:00,128.25,0.325,180.5
2023-02-08 21:00:00,150.25,0.3,172.5
2023-02-08 22:00:00,152.25,0.3,194.0
2023-02-08 23:00:00,148.25,0.3,190.75
2023-02-09 00:00:00,125.75,0.3,179.25
2023-02-09 01:00:00,132.25,0.3,198.25
2023-02-09 02:00:00,146.75,0.3,206.75
2023-02-09 03:00:00,149.25,0.3,208.5
2023-02-09 04:00:00,137.75,0.3,227.5
2023-02-09 05:00:00,123.5,0.3,223.25
2023-02-09 06:00:00,108.25,0.3,204.0
2023-02-09 07:00:00,104.25,0.3,249.5
2023-02-09 08:00:00,108.0,0.775,196.75
2023-02-09 09:00:00,103.25,1.175,161.25
2023-02-09 10:00:00,86.75,1.125,147.25
2023-02-09 11:00:00,76.0,0.925,170.5
2023-02-09 12:00:00,58.5,1.375,172.0
2023-02-09 13:00:00,44.5,1.525,178.25
2023-02-09 14:00:00,49.25,1.4,178.25
2023-02-09 15:00:00,38.5,0.625,170.5
2023-02-09 16:00:00,24.5,0.575,152.25
2023-02-09 17:00:00,13.5,0.425,164.5
2023-02-09 18:00:00,45.0,0.5,149.75
2023-02-09 19:00:00,69.5,0.35,133.5
2023-02-09 20:00:00,96.25,0.9,141.75
2023-02-09 21:00:00,109.5,1.0,118.5
2023-02-09 22:00:00,85.75,1.15,142.0
2023-02-09 23:00:00,83.5,0.85,127.5
2023-02-10 00:00:00,71.0,0.725,141.5
2023-02-10 01:00:00,101.5,0.4,130.25
2023-02-10 02:00:00,102.75,0.3,162.25
2023-02-10 03:00:00,102.25,0.3,149.5
2023-02-10 04:00:00,103.0,0.3,145.5
2023-02-10 05:00:00,99.25,0.575,129.0
2023-02-10 06:00:00,83.25,0.375,181.25
2023-02-10 07:00:00,73.0,1.0,142.25
2023-02-10 08:00:00,89.0,1.25,155.25
2023-02-10 09:00:00,103.5,1.4249999999999998,154.5
2023-02-10 10:00:00,109.0,1.05,141.25
2023-02-10 11:00:00,104.25,1.225,146.75
2023-02-10 12:00:00,117.0,1.625,158.0
2023-02-10 13:00:00,130.0,1.375,160.75
2023-02-10 14:00:00,86.0,1.9,158.25
2023-02-10 15:00:00,67.25,1.625,145.25
2023-02-10 16:00:00,33.75,1.35,132.0
2023-02-10 17:00:00,46.5,0.425,153.0
2023-02-10 18:00:00,48.0,0.3,200.0
2023-02-10 19:00:00,115.0,0.3,158.0
2023-02-10 20:00:00,263.0,0.3,169.5
2023-02-10 21:00:00,266.5,0.3,166.75
2023-02-10 22:00:00,250.0,0.3,171.75
2023-02-10 23:00:00,183.25,0.3,191.0
2023-02-11 00:00:00,149.0,0.3,113.0
2023-02-11 01:00:00,158.5,0.3,178.0
2023-02-11 02:00:00,151.0,0.3,153.25
2023-02-11 03:00:00,157.0,0.3,165.5
2023-02-11 04:00:00,171.25,0.3,160.5
2023-02-11 05:00:00,159.25,0.3,151.75
2023-02-11 06:00:00,162.0,0.3,170.75
2023-02-11 07:00:00,191.0,0.3,200.75
2023-02-11 08:00:00,242.0,0.45,172.25
2023-02-11 09:00:00,261.0,1.125,177.75
2023-02-11 10:00:00,219.25,1.15,192.25
2023-02-11 11:00:00,166.0,1.35,196.25
2023-02-11 12:00:00,166.5,1.675,184.0
2023-02-11 13:00:00,150.0,1.65,202.5
2023-02-11 14:00:00,90.25,1.325,203.5
2023-02-11 15:00:00,67.5,1.5,188.0
2023-02-11 16:00:00,57.5,1.425,188.75
2023-02-11 17:00:00,80.75,1.0,179.5
2023-02-11 18:00:00,100.0,0.7250000000000001,172.5
2023-02-11 19:00:00,128.25,0.4,169.0
2023-02-11 20:00:00,143.75,0.525,175.5
2023-02-11 21:00:00,150.75,0.575,165.5
2023-02-11 22:00:00,138.5,0.725,196.0
2023-02-11 23:00:00,104.0,0.825,173.0
2023-02-12 00:00:00,77.25,0.75,169.0
2023-02-12 01:00:00,78.75,0.75,166.25
2023-02-12 02:00:00,76.5,0.4,167.75
2023-02-12 03:00:00,64.0,0.3,208.75
2023-02-12 04:00:00,66.25,0.3,204.0
2023-02-12 05:00:00,71.0,0.325,181.25
2023-02-12 06:00:00,85.75,0.3,213.5
2023-02-12 07:00:00,66.75,0.3,186.75
2023-02-12 08:00:00,68.75,0.875,171.0
2023-02-12 09:00:00,77.25,1.6,173.25
2023-02-12 10:00:00,76.75,1.5,201.75
2023-02-12 11:00:00,70.5,1.525,208.0
2023-02-12 12:00:00,57.5,1.55,210.25
2023-02-12 13:00:00,37.75,1.6,217.0
2023-02-12 14:00:00,25.75,1.725,214.0
2023-02-12 15:00:00,18.25,1.375,220.5
2023-02-12 16:00:00,16.5,1.425,216.5
2023-02-12 17:00:00,18.5,1.125,204.5
2023-02-12 18:00:00,21.75,0.8,181.25
2023-02-12 19:00:00,31.25,0.7,173.25
2023-02-12 20:00:00,43.25,1.0,182.75
2023-02-12 21:00:00,43.5,1.3,185.5
2023-02-12 22:00:00,49.25,1.35,192.5
2023-02-12 23:00:00,42.5,1.225,188.75
2023-02-13 00:00:00,38.25,1.25,196.0
2023-02-13 01:00:00,42.25,1.325,193.5
2023-02-13 02:00:00,48.0,1.325,199.0
2023-02-13 03:00:00,36.5,1.3,195.25
2023-02-13 04:00:00,37.5,1.075,175.5
2023-02-13 05:00:00,37.25,1.05,174.25
2023-02-13 06:00:00,40.5,1.35,172.5
2023-02-13 07:00:00,41.25,1.7,169.0
2023-02-13 08:00:00,50.5,2.0,173.0
2023-02-13 09:00:00,59.25,2.175,192.0
2023-02-13 10:00:00,62.0,2.4,191.75
2023-02-13 11:00:00,60.0,2.65,192.25
2023-02-13 12:00:00,60.5,2.65,195.75
2023-02-13 13:00:00,51.5,2.575,200.25
2023-02-13 14:00:00,42.75,2.35,191.25
2023-02-13 15:00:00,30.0,1.975,198.5
2023-02-13 16:00:00,30.25,2.15,193.0
2023-02-13 17:00:00,32.0,1.3,199.5
2023-02-13 18:00:00,37.5,1.075,187.75
2023-02-13 19:00:00,51.75,0.925,177.5
2023-02-13 20:00:00,69.75,0.65,181.5
2023-02-13 21:00:00,64.5,0.575,169.0
2023-02-13 22:00:00,65.0,0.775,167.5
2023-02-13 23:00:00,51.75,0.425,174.25
2023-02-14 00:00:00,47.0,0.6000000000000001,166.0
2023-02-14 01:00:00,44.5,0.3,176.25
2023-02-14 02:00:00,45.75,0.3,186.75
2023-02-14 03:00:00,48.0,0.3,189.75
2023-02-14 04:00:00,58.0,0.3,180.25
2023-02-14 05:00:00,63.25,0.3,207.25
2023-02-14 06:00:00,68.25,0.3,195.25
2023-02-14 07:00:00,64.0,0.3,180.75
2023-02-14 08:00:00,67.0,0.95,174.5
2023-02-14 09:00:00,66.0,1.15,195.0
2023-02-14 10:00:00,65.75,0.825,218.5
2023-02-14 11:00:00,72.75,0.85,235.5
2023-02-14 12:00:00,64.5,0.975,217.0
2023-02-14 13:00:00,51.25,1.3,206.25
2023-02-14 14:00:00,44.75,1.5,204.5
2023-02-14 15:00:00,24.75,1.05,214.0
2023-02-14 16:00:00,30.25,1.15,203.5
2023-02-14 17:00:00,38.5,0.45,186.75
2023-02-14 18:00:00,66.0,0.3,169.5
2023-02-14 19:00:00,80.75,0.3,181.75
2023-02-14 20:00:00,83.0,0.35,181.25
2023-02-14 21:00:00,96.75,0.3,175.75
2023-02-14 22:00:00,107.5,0.3,171.75
2023-02-14 23:00:00,99.75,0.3,187.0
2023-02-15 00:00:00,102.0,0.3,197.75
2023-02-15 01:00:00,89.5,0.3,218.75
2023-02-15 02:00:00,105.75,0.3,216.5
2023-02-15 03:00:00,104.25,0.3,197.25
2023-02-15 04:00:00,103.0,0.575,184.25
2023-02-15 05:00:00,103.5,0.325,181.0
2023-02-15 06:00:00,88.75,0.875,179.0
2023-02-15 07:00:00,73.25,1.075,171.5
2023-02-15 08:00:00,93.25,1.4,180.5
2023-02-15 09:00:00,99.0,1.7000000000000002,180.75
2023-02-15 10:00:00,105.5,1.95,172.25
2023-02-15 11:00:00,105.5,1.625,194.75
2023-02-15 12:00:00,106.0,1.7,186.25
2023-02-15 13:00:00,111.5,1.6,202.25
2023-02-15 14:00:00,74.25,1.55,204.0
2023-02-15 15:00:00,42.0,1.3,206.25
2023-02-15 16:00:00,30.5,0.975,215.75
2023-02-15 17:00:00,54.0,0.775,166.5
2023-02-15 18:00:00,69.75,0.325,188.25
2023-02-15 19:00:00,87.0,0.3,186.0
2023-02-15 20:00:00,113.25,0.3,176.0
2023-02-15 21:00:00,137.5,0.3,174.0
2023-02-15 22:00:00,131.75,0.3,142.5
2023-02-15 23:00:00,125.75,0.3,173.0
2023-02-16 00:00:00,148.25,0.3,163.0
2023-02-16 01:00:00,151.0,0.3,170.0
2023-02-16 02:00:00,136.5,0.3,186.25
2023-02-16 03:00:00,130.0,0.3,185.5
2023-02-16 04:00:00,136.0,0.3,180.0
2023-02-16 05:00:00,141.0,0.3,178.75
2023-02-16 06:00:00,125.75,0.3,219.0
2023-02-16 07:00:00,122.75,0.3,199.0
2023-02-16 08:00:00,142.0,0.3,180.0
2023-02-16 09:00:00,136.0,0.325,203.25
2023-02-16 10:00:00,131.75,0.575,152.5
2023-02-16 11:00:00,150.25,0.7,154.0
2023-02-16 12:00:00,166.0,0.55,200.0
2023-02-16 13:00:00,169.25,0.75,218.0
2023-02-16 14:00:00,148.0,0.45,215.25
2023-02-16 15:00:00,137.75,0.725,197.5
2023-02-16 16:00:00,154.75,0.375,213.75
2023-02-16 17:00:00,191.25,0.3,160.25
2023-02-16 18:00:00,197.5,0.3,183.75
2023-02-16 19:00:00,229.0,0.3,146.75
2023-02-16 20:00:00,324.0,0.3,174.5
2023-02-16 21:00:00,390.0,0.3,162.75
2023-02-16 22:00:00,361.75,0.3,145.0
2023-02-16 23:00:00,291.0,0.3,171.0
2023-02-17 00:00:00,258.0,0.3,149.5
2023-02-17 01:00:00,271.0,0.3,152.25
2023-02-17 02:00:00,254.25,0.3,180.75
2023-02-17 03:00:00,247.75,0.3,155.5
2023-02-17 04:00:00,244.5,0.3,153.5
2023-02-17 05:00:00,245.5,0.3,149.25
2023-02-17 06:00:00,255.25,0.3,150.5
2023-02-17 07:00:00,290.75,0.3,155.25
2023-02-17 08:00:00,302.5,0.3,149.25
2023-02-17 09:00:00,309.25,0.4,149.75
2023-02-17 10:00:00,267.25,1.1,141.25
2023-02-17 11:00:00,241.0,1.25,178.0
2023-02-17 12:00:00,186.25,1.25,172.25
2023-02-17 13:00:00,148.25,1.375,146.75
2023-02-17 14:00:00,116.75,0.775,186.75
2023-02-17 15:00:00,99.75,0.45,190.25
2023-02-17 16:00:00,104.5,0.475,155.25
2023-02-17 17:00:00,143.25,0.3,161.5
2023-02-17 18:00:00,204.5,0.3,153.75
2023-02-17 19:00:00,283.5,0.3,147.25
2023-02-17 20:00:00,331.5,0.3,160.5
2023-02-17 21:00:00,347.5,0.3,158.5
2023-02-17 22:00:00,380.25,0.3,139.5
2023-02-17 23:00:00,433.25,0.3,143.75
2023-02-18 00:00:00,363.75,0.3,152.0
2023-02-18 01:00:00,350.75,0.3,139.25
2023-02-18 02:00:00,314.5,0.3,181.0
2023-02-18 03:00:00,287.5,0.3,165.75
2023-02-18 04:00:00,288.25,0.3,191.5
2023-02-18 05:00:00,309.0,0.3,165.75
2023-02-18 06:00:00,318.0,0.3,170.75
2023-02-18 07:00:00,304.5,0.3,173.75
2023-02-18 08:00:00,329.0,0.3,161.75
2023-02-18 09:00:00,348.25,0.6,138.5
2023-02-18 10:00:00,279.5,0.45,187.0
2023-02-18 11:00:00,190.75,0.5750000000000001,197.25
2023-02-18 12:00:00,160.25,0.825,199.75
2023-02-18 13:00:00,126.25,0.675,182.75
2023-02-18 14:00:00,136.25,0.825,188.5
2023-02-18 15:00:00,144.75,0.475,238.5
2023-02-18 16:00:00,111.75,0.45,195.75
2023-02-18 17:00:00,105.25,0.3,176.5
2023-02-18 18:00:00,121.5,0.3,160.0
2023-02-18 19:00:00,188.5,0.3,153.0
2023-02-18 20:00:00,269.5,0.3,189.5
2023-02-18 21:00:00,316.5,0.3,163.25
2023-02-18 22:00:00,283.5,0.3,185.75
2023-02-18 23:00:00,265.75,0.3,171.0
2023-02-19 00:00:00,199.5,0.3,148.0
2023-02-19 01:00:00,199.0,0.3,144.25
2023-02-19 02:00:00,189.75,0.3,169.0
2023-02-19 03:00:00,180.5,0.3,168.5
2023-02-19 04:00:00,183.0,0.3,162.0
2023-02-19 05:00:00,181.5,0.3,171.5
2023-02-19 06:00:00,171.5,0.3,162.25
2023-02-19 07:00:00,192.5,0.3,166.25
2023-02-19 08:00:00,253.0,0.3,149.75
2023-02-19 09:00:00,322.75,0.625,117.75
2023-02-19 10:00:00,263.0,1.125,133.0
2023-02-19 11:00:00,233.5,1.375,142.25
2023-02-19 12:00:00,209.75,0.9,182.5
2023-02-19 13:00:00,173.0,0.975,163.75
2023-02-19 14:00:00,122.75,0.95,166.25
2023-02-19 15:00:00,103.75,0.65,187.5
2023-02-19 16:00:00,98.0,0.3,196.5
2023-02-19 17:00:00,116.0,0.3,142.0
2023-02-19 18:00:00,139.5,0.3,189.25
2023-02-19 19:00:00,178.25,0.3,156.5
2023-02-19 20:00:00,257.0,0.3,147.25
2023-02-19 21:00:00,274.25,0.3,151.0
2023-02-19 22:00:00,213.25,0.3,161.0
2023-02-19 23:00:00,195.5,0.3,142.5
2023-02-20 00:00:00,192.5,0.3,141.75
2023-02-20 01:00:00,209.75,0.3,175.5
2023-02-20 02:00:00,191.25,0.3,161.75
2023-02-20 03:00:00,186.25,0.3,177.25
2023-02-20 04:00:00,194.5,0.3,169.25
2023-02-20 05:00:00,188.0,0.3,166.0
2023-02-20 06:00:00,185.5,0.3,171.25
2023-02-20 07:00:00,196.25,0.3,159.25
2023-02-20 08:00:00,212.0,0.35,138.75
2023-02-20 09:00:00,249.5,0.875,145.0
2023-02-20 10:00:00,206.75,1.15,150.0
2023-02-20 11:00:00,141.25,0.9,149.75
2023-02-20 12:00:00,117.5,0.8,202.5
2023-02-20 13:00:00,79.5,1.0,167.25
2023-02-20 14:00:00,45.75,1.1,174.5
2023-02-20 15:00:00,42.75,1.225,149.25
2023-02-20 16:00:00,83.0,1.275,140.5
2023-02-20 17:00:00,89.25,0.8,130.75
2023-02-20 18:00:00,91.5,0.3,144.25
2023-02-20 19:00:00,108.75,0.3,198.75
2023-02-20 20:00:00,162.0,0.3,177.5
2023-02-20 21:00:00,199.75,0.3,171.25
2023-02-20 22:00:00,166.5,0.3,172.5
2023-02-20 23:00:00,122.5,0.3,171.5
2023-02-21 00:00:00,101.5,0.7,136.75
2023-02-21 01:00:00,122.5,0.475,140.25
2023-02-21 02:00:00,117.0,0.325,128.5
2023-02-21 03:00:00,122.25,0.75,141.0
2023-02-21 04:00:00,138.75,0.4499999999999999,146.75
2023-02-21 05:00:00,113.0,0.325,172.25
2023-02-21 06:00:00,117.75,0.325,170.0
2023-02-21 07:00:00,128.5,0.325,180.0
2023-02-21 08:00:00,102.0,0.575,186.5
2023-02-21 09:00:00,128.0,1.05,161.25
2023-02-21 10:00:00,107.0,1.075,167.25
2023-02-21 11:00:00,109.75,1.25,190.0
2023-02-21 12:00:00,114.25,1.225,207.5
2023-02-21 13:00:00,102.0,1.675,196.0
2023-02-21 14:00:00,95.5,1.55,196.5
2023-02-21 15:00:00,79.0,1.275,203.25
2023-02-21 16:00:00,73.75,1.15,191.0
2023-02-21 17:00:00,122.0,0.475,160.5
2023-02-21 18:00:00,158.5,0.3,165.25
2023-02-21 19:00:00,188.75,0.3,166.5
2023-02-21 20:00:00,220.5,0.3,162.75
2023-02-21 21:00:00,221.5,0.3,180.5
2023-02-21 22:00:00,229.25,0.3,182.5
2023-02-21 23:00:00,218.25,0.55,187.25
2023-02-22 00:00:00,189.75,0.35,187.0
2023-02-22 01:00:00,206.0,0.3,193.5
2023-02-22 02:00:00,192.0,0.3,170.5
2023-02-22 03:00:00,187.75,0.3,163.0
2023-02-22 04:00:00,186.25,0.3,165.25
2023-02-22 05:00:00,168.25,0.3,163.0
2023-02-22 06:00:00,177.25,0.3,169.5
2023-02-22 07:00:00,181.5,0.425,168.25
2023-02-22 08:00:00,170.5,0.875,169.5
2023-02-22 09:00:00,161.0,0.975,174.0
2023-02-22 10:00:00,169.25,0.775,211.0
2023-02-22 11:00:00,185.25,1.5,170.25
2023-02-22 12:00:00,184.5,1.25,188.5
2023-02-22 13:00:00,171.5,1.575,174.75
2023-02-22 14:00:00,139.75,1.425,186.5
2023-02-22 15:00:00,103.25,0.875,211.5
2023-02-22 16:00:00,54.0,0.625,223.25
2023-02-22 17:00:00,65.5,0.425,192.5
2023-02-22 18:00:00,69.5,0.3,161.25
2023-02-22 19:00:00,99.25,0.3,153.25
2023-02-22 20:00:00,171.0,0.3,240.75
2023-02-22 21:00:00,273.75,0.3,161.0
2023-02-22 22:00:00,273.75,0.3,172.75
2023-02-22 23:00:00,197.5,0.3,202.25
2023-02-23 00:00:00,149.75,0.3,226.5
2023-02-23 01:00:00,147.0,0.3,184.5
2023-02-23 02:00:00,153.25,0.3,178.25
2023-02-23 03:00:00,163.75,0.3,185.5
2023-02-23 04:00:00,159.25,0.3,201.0
2023-02-23 05:00:00,134.5,0.3,194.0
2023-02-23 06:00:00,116.25,0.3,183.25
2023-02-23 07:00:00,96.25,0.35,171.75
2023-02-23 08:00:00,85.5,1.05,178.5
2023-02-23 09:00:00,99.5,1.2,182.25
2023-02-23 10:00:00,83.75,1.375,209.25
2023-02-23 11:00:00,86.0,1.525,197.25
2023-02-23 12:00:00,84.25,1.4,221.5
2023-02-23 13:00:00,70.75,1.725,195.25
2023-02-23 14:00:00,39.25,1.725,212.75
2023-02-23 15:00:00,21.75,1.4,204.0
2023-02-23 16:00:00,32.25,1.65,191.25
2023-02-23 17:00:00,38.25,0.875,189.25
2023-02-23 18:00:00,41.5,0.425,168.75
2023-02-23 19:00:00,59.5,0.3,186.5
2023-02-23 20:00:00,65.5,0.3,177.0
2023-02-23 21:00:00,72.25,0.425,172.25
2023-02-23 22:00:00,79.5,0.325,163.25
2023-02-23 23:00:00,84.25,0.3,162.25
2023-02-24 00:00:00,90.75,0.3,163.25
2023-02-24 01:00:00,79.0,0.3,168.75
2023-02-24 02:00:00,73.5,0.3,170.5
2023-02-24 03:00:00,80.25,0.3,171.5
2023-02-24 04:00:00,104.5,0.3,193.25
2023-02-24 05:00:00,126.75,0.3,176.5
2023-02-24 06:00:00,112.0,0.3,198.5
2023-02-24 07:00:00,100.5,0.325,165.25
2023-02-24 08:00:00,111.5,0.325,172.5
2023-02-24 09:00:00,107.75,1.625,181.25
2023-02-24 10:00:00,90.5,1.525,193.5
2023-02-24 11:00:00,86.5,1.45,192.5
2023-02-24 12:00:00,84.5,1.525,198.75
2023-02-24 13:00:00,74.75,1.25,211.75
2023-02-24 14:00:00,63.75,1.15,202.0
2023-02-24 15:00:00,22.25,1.0,213.0
2023-02-24 16:00:00,23.25,1.125,180.75
2023-02-24 17:00:00,41.75,0.65,169.0
2023-02-24 18:00:00,44.5,0.3,197.5
2023-02-24 19:00:00,63.25,0.3,169.25
2023-02-24 20:00:00,103.25,0.3,174.0
2023-02-24 21:00:00,144.25,0.3,173.75
2023-02-24 22:00:00,128.5,0.3,175.5
2023-02-24 23:00:00,119.5,0.3,165.0
2023-02-25 00:00:00,111.75,0.3,174.25
2023-02-25 01:00:00,129.75,0.3,194.75
2023-02-25 02:00:00,132.5,0.3,200.5
2023-02-25 03:00:00,136.5,0.3,187.75
2023-02-25 04:00:00,145.75,0.3,200.25
2023-02-25 05:00:00,145.75,0.3,208.75
2023-02-25 06:00:00,139.75,0.3,188.75
2023-02-25 07:00:00,160.25,0.3,219.0
2023-02-25 08:00:00,130.75,0.475,205.0
2023-02-25 09:00:00,119.75,0.95,186.5
2023-02-25 10:00:00,113.25,0.725,234.75
2023-02-25 11:00:00,103.5,0.875,214.5
2023-02-25 12:00:00,95.0,0.95,229.75
2023-02-25 13:00:00,84.5,0.825,214.5
2023-02-25 14:00:00,80.5,1.45,180.25
2023-02-25 15:00:00,55.75,0.575,214.25
2023-02-25 16:00:00,58.0,0.6,221.0
2023-02-25 17:00:00,58.25,0.3,165.0
2023-02-25 18:00:00,70.5,0.3,163.0
2023-02-25 19:00:00,130.0,0.3,158.0
2023-02-25 20:00:00,222.25,0.3,184.25
2023-02-25 21:00:00,257.25,0.3,184.0
2023-02-25 22:00:00,202.5,0.3,147.75
2023-02-25 23:00:00,174.25,0.3,163.5
2023-02-26 00:00:00,136.25,0.3,144.25
2023-02-26 01:00:00,156.25,0.3,153.5
2023-02-26 02:00:00,160.0,0.3,142.75
2023-02-26 03:00:00,159.0,0.3,142.25
2023-02-26 04:00:00,159.75,0.3,144.25
2023-02-26 05:00:00,169.0,0.3,167.75
2023-02-26 06:00:00,166.75,0.3,174.5
2023-02-26 07:00:00,186.0,0.3,195.5
2023-02-26 08:00:00,213.5,0.425,178.5
2023-02-26 09:00:00,219.5,0.525,142.75
2023-02-26 10:00:00,195.5,0.8,161.75
2023-02-26 11:00:00,149.25,0.925,189.5
2023-02-26 12:00:00,98.25,0.85,170.25
2023-02-26 13:00:00,77.0,0.85,199.0
2023-02-26 14:00:00,77.0,0.675,205.25
2023-02-26 15:00:00,71.75,0.675,221.0
2023-02-26 16:00:00,34.25,0.775,200.75
2023-02-26 17:00:00,53.25,0.3,174.5
2023-02-26 18:00:00,67.0,0.3,190.5
2023-02-26 19:00:00,96.0,0.3,156.25
2023-02-26 20:00:00,150.75,0.3,192.5
2023-02-26 21:00:00,159.25,0.3,187.5
2023-02-26 22:00:00,153.25,0.3,162.75
2023-02-26 23:00:00,154.5,0.3,159.5
2023-02-27 00:00:00,149.25,0.3,164.0
2023-02-27 01:00:00,180.75,0.3,159.75
2023-02-27 02:00:00,179.0,0.3,161.5
2023-02-27 03:00:00,190.0,0.3,158.0
2023-02-27 04:00:00,178.5,0.3,170.75
2023-02-27 05:00:00,175.0,0.3,187.0
2023-02-27 06:00:00,162.0,0.3,229.75
2023-02-27 07:00:00,168.75,0.3,205.5
2023-02-27 08:00:00,179.25,0.425,184.0
2023-02-27 09:00:00,198.0,0.75,180.25
2023-02-27 10:00:00,164.5,0.9,198.0
2023-02-27 11:00:00,112.25,0.8,220.75
2023-02-27 12:00:00,91.5,1.125,200.5
2023-02-27 13:00:00,77.75,0.8,240.25
2023-02-27 14:00:00,60.0,0.825,205.75
2023-02-27 15:00:00,38.5,0.8,218.0
2023-02-27 16:00:00,53.0,0.65,205.75
2023-02-27 17:00:00,72.5,0.3999999999999999,178.0
2023-02-27 18:00:00,71.75,0.3,151.75
2023-02-27 19:00:00,90.0,0.3,155.0
2023-02-27 20:00:00,120.0,0.3,157.25
2023-02-27 21:00:00,148.25,0.3,160.25
2023-02-27 22:00:00,168.25,0.3,163.75
2023-02-27 23:00:00,189.75,0.3,147.25
2023-02-28 00:00:00,110.25,0.3,143.25
2023-02-28 01:00:00,113.0,0.3,168.5
2023-02-28 02:00:00,98.25,0.3,164.5
2023-02-28 03:00:00,91.0,0.3,173.5
2023-02-28 04:00:00,101.75,0.3,177.75
2023-02-28 05:00:00,124.75,0.3,151.75
2023-02-28 06:00:00,124.75,0.3,200.5
2023-02-28 07:00:00,127.0,0.3,162.75
2023-02-28 08:00:00,133.0,0.525,178.0
2023-02-28 09:00:00,145.5,0.725,168.25
2023-02-28 10:00:00,119.75,0.95,155.5
2023-02-28 11:00:00,88.75,0.65,209.5
2023-02-28 12:00:00,76.0,0.55,176.5
2023-02-28 13:00:00,72.75,1.1,227.5
2023-02-28 14:00:00,79.5,1.15,214.0
2023-02-28 15:00:00,44.75,1.025,206.75
2023-02-28 16:00:00,34.0,0.65,200.75
2023-02-28 17:00:00,38.5,0.425,189.0
2023-02-28 18:00:00,60.0,0.575,199.25
2023-02-28 19:00:00,59.25,0.3,152.5
2023-02-28 20:00:00,79.25,0.3,133.25
2023-02-28 21:00:00,119.75,0.325,171.75
2023-02-28 22:00:00,98.75,0.325,218.5
2023-02-28 23:00:00,33.75,0.3,193.0
2023-03-01 00:00:00,50.25,0.375,191.75
2023-03-01 01:00:00,58.75,0.3,157.25
2023-03-01 02:00:00,64.0,0.75,167.25
2023-03-01 03:00:00,64.0,0.725,214.25
2023-03-01 04:00:00,62.0,0.5249999999999999,166.75
2023-03-01 05:00:00,55.75,0.6000000000000001,170.0
2023-03-01 06:00:00,55.5,1.775,194.75
2023-03-01 07:00:00,51.5,1.05,155.75
2023-03-01 08:00:00,38.75,0.875,162.0
2023-03-01 09:00:00,53.5,0.8500000000000001,204.75
2023-03-01 10:00:00,62.75,1.425,163.75
2023-03-01 11:00:00,62.25,0.75,169.75
2023-03-01 12:00:00,68.5,1.2,156.5
2023-03-01 13:00:00,58.75,1.075,157.75
2023-03-01 14:00:00,61.25,0.775,150.75
2023-03-01 15:00:00,57.0,0.7,169.0
2023-03-01 16:00:00,47.0,0.35,166.25
2023-03-01 17:00:00,61.75,0.3,150.25
2023-03-01 18:00:00,68.25,0.3,121.0
2023-03-01 19:00:00,107.75,0.3,161.5
2023-03-01 20:00:00,187.75,0.3,110.0
2023-03-01 21:00:00,254.0,0.3,140.5
2023-03-01 22:00:00,204.75,0.3,141.5
2023-03-01 23:00:00,178.25,0.3,177.75
2023-03-02 00:00:00,157.0,0.3,195.0
2023-03-02 01:00:00,135.5,0.3,170.25
2023-03-02 02:00:00,137.0,0.4,197.75
2023-03-02 03:00:00,146.75,0.3,186.25
2023-03-02 04:00:00,149.5,0.3,170.25
2023-03-02 05:00:00,145.5,0.3,168.5
2023-03-02 06:00:00,134.0,0.3,197.0
2023-03-02 07:00:00,148.5,0.3,184.25
2023-03-02 08:00:00,149.25,0.425,146.25
2023-03-02 09:00:00,146.25,0.55,152.5
2023-03-02 10:00:00,115.75,0.95,212.0
2023-03-02 11:00:00,108.0,0.875,214.0
2023-03-02 12:00:00,95.5,1.025,218.5
2023-03-02 13:00:00,83.25,1.025,219.0
2023-03-02 14:00:00,41.75,0.975,213.5
2023-03-02 15:00:00,19.25,0.9,209.25
2023-03-02 16:00:00,34.75,0.675,205.5
2023-03-02 17:00:00,37.25,0.375,178.5
2023-03-02 18:00:00,52.75,0.3,152.5
2023-03-02 19:00:00,74.75,0.3,160.5
2023-03-02 20:00:00,98.0,0.3,147.75
2023-03-02 21:00:00,121.5,0.3,159.5
2023-03-02 22:00:00,108.0,0.3,174.0
2023-03-02 23:00:00,90.25,0.3,186.0
2023-03-03 00:00:00,69.5,0.3,179.5
2023-03-03 01:00:00,85.75,0.3,196.0
2023-03-03 02:00:00,83.75,0.3,172.5
2023-03-03 03:00:00,88.0,0.3,215.25
2023-03-03 04:00:00,120.25,0.3,202.5
2023-03-03 05:00:00,140.0,0.525,170.5
2023-03-03 06:00:00,112.5,0.375,183.25
2023-03-03 07:00:00,80.0,0.55,178.75
2023-03-03 08:00:00,95.5,0.825,188.25
2023-03-03 09:00:00,94.0,0.9,193.5
2023-03-03 10:00:00,81.75,0.95,212.25
2023-03-03 11:00:00,69.25,1.05,208.25
2023-03-03 12:00:00,60.0,1.3,206.0
2023-03-03 13:00:00,53.0,1.25,216.5
2023-03-03 14:00:00,34.25,1.05,215.0
2023-03-03 15:00:00,13.25,1.1,191.0
2023-03-03 16:00:00,12.5,0.925,211.0
2023-03-03 17:00:00,18.5,0.575,183.0
2023-03-03 18:00:00,29.0,0.325,168.25
2023-03-03 19:00:00,51.0,0.425,162.75
2023-03-03 20:00:00,69.75,0.425,167.0
2023-03-03 21:00:00,84.75,0.3,165.25
2023-03-03 22:00:00,65.0,0.375,168.25
2023-03-03 23:00:00,41.5,0.3,166.0
2023-03-04 00:00:00,17.0,0.35,171.5
2023-03-04 01:00:00,45.25,0.45,175.5
2023-03-04 02:00:00,43.0,0.35,167.0
2023-03-04 03:00:00,55.75,0.525,170.0
2023-03-04 04:00:00,68.75,0.375,161.75
2023-03-04 05:00:00,68.75,0.35,166.75
2023-03-04 06:00:00,53.75,0.45,170.75
2023-03-04 07:00:00,51.75,0.675,174.75
2023-03-04 08:00:00,45.75,0.55,189.5
2023-03-04 09:00:00,60.0,0.625,209.5
2023-03-04 10:00:00,43.0,1.775,191.75
2023-03-04 11:00:00,52.5,3.15,184.25
2023-03-04 12:00:00,68.5,1.5499999999999998,189.5
2023-03-04 13:00:00,52.25,1.3,176.5
2023-03-04 14:00:00,31.0,1.275,175.5
2023-03-04 15:00:00,17.0,0.775,198.75
2023-03-04 16:00:00,16.75,0.725,202.0
2023-03-04 17:00:00,36.75,0.8,169.25
2023-03-04 18:00:00,51.75,0.3,165.75
2023-03-04 19:00:00,72.75,0.4,174.25
2023-03-04 20:00:00,82.5,0.35,171.0
2023-03-04 21:00:00,99.5,0.325,179.25
2023-03-04 22:00:00,79.25,0.4,138.0
2023-03-04 23:00:00,58.5,0.7,183.75
2023-03-05 00:00:00,43.5,0.325,192.25
2023-03-05 01:00:00,83.25,0.325,189.25
2023-03-05 02:00:00,77.75,1.2,188.75
2023-03-05 03:00:00,62.25,0.375,206.25
2023-03-05 04:00:00,47.75,0.3,178.0
2023-03-05 05:00:00,53.25,0.4,169.0
2023-03-05 06:00:00,52.5,0.35,170.75
2023-03-05 07:00:00,75.0,0.45,168.0
2023-03-05 08:00:00,76.5,0.7,203.0
2023-03-05 09:00:00,75.5,0.95,207.5
2023-03-05 10:00:00,58.0,1.225,199.25
2023-03-05 11:00:00,51.0,1.275,208.75
2023-03-05 12:00:00,35.5,1.425,195.75
2023-03-05 13:00:00,26.25,1.5,199.5
2023-03-05 14:00:00,27.0,1.3,213.0
2023-03-05 15:00:00,18.25,1.175,201.5
2023-03-05 16:00:00,21.0,0.95,199.5
2023-03-05 17:00:00,27.25,0.525,196.0
2023-03-05 18:00:00,31.0,0.35,170.75
2023-03-05 19:00:00,47.0,0.325,157.5
2023-03-05 20:00:00,73.75,0.3,166.0
2023-03-05 21:00:00,86.25,0.3,173.5
2023-03-05 22:00:00,73.5,0.3,159.5
2023-03-05 23:00:00,69.5,0.3,165.25
2023-03-06 00:00:00,49.75,0.325,164.75
2023-03-06 01:00:00,71.5,0.3,167.0
2023-03-06 02:00:00,84.5,0.3,169.5
2023-03-06 03:00:00,86.0,0.3,185.5
2023-03-06 04:00:00,102.0,0.3,188.25
2023-03-06 05:00:00,121.5,0.3,191.0
2023-03-06 06:00:00,109.75,0.3,172.5
2023-03-06 07:00:00,82.5,0.6,175.0
2023-03-06 08:00:00,81.5,0.875,192.25
2023-03-06 09:00:00,118.5,0.925,208.75
2023-03-06 10:00:00,87.5,1.175,212.25
2023-03-06 11:00:00,79.25,1.3,199.0
2023-03-06 12:00:00,69.75,1.175,222.0
2023-03-06 13:00:00,47.75,1.225,206.0
2023-03-06 14:00:00,40.25,1.275,203.5
2023-03-06 15:00:00,23.25,1.0,219.25
2023-03-06 16:00:00,34.5,0.925,201.0
2023-03-06 17:00:00,39.0,0.825,182.75
2023-03-06 18:00:00,39.5,0.35,166.75
2023-03-06 19:00:00,49.25,0.3,159.75
2023-03-06 20:00:00,85.75,0.3,149.5
2023-03-06 21:00:00,118.5,0.3,160.75
2023-03-06 22:00:00,109.5,0.3,168.25
2023-03-06 23:00:00,107.25,0.3,158.0
2023-03-07 00:00:00,111.0,0.3,180.75
2023-03-07 01:00:00,101.25,0.3,192.25
2023-03-07 02:00:00,108.25,0.3,218.75
2023-03-07 03:00:00,143.5,0.3,219.5
2023-03-07 04:00:00,170.25,0.3,173.0
2023-03-07 05:00:00,180.5,0.3,228.0
2023-03-07 06:00:00,169.75,0.3,264.5
2023-03-07 07:00:00,151.75,0.3,215.5
2023-03-07 08:00:00,125.0,0.325,181.25
2023-03-07 09:00:00,107.5,0.4,228.5
2023-03-07 10:00:00,70.25,0.55,242.5
2023-03-07 11:00:00,59.75,0.7,213.5
2023-03-07 12:00:00,51.0,1.075,191.0
2023-03-07 13:00:00,45.25,0.875,202.0
2023-03-07 14:00:00,39.0,0.975,197.75
2023-03-07 15:00:00,21.0,0.7,204.25
2023-03-07 16:00:00,28.5,0.55,215.25
2023-03-07 17:00:00,24.0,0.55,186.75
2023-03-07 18:00:00,26.75,0.3,157.75
2023-03-07 19:00:00,43.25,0.3,148.0
2023-03-07 20:00:00,92.0,0.3,165.5
2023-03-07 21:00:00,183.25,0.3,166.25
2023-03-07 22:00:00,248.0,0.3,157.0
2023-03-07 23:00:00,270.25,0.3,155.0
2023-03-08 00:00:00,276.75,0.3,194.75
2023-03-08 01:00:00,264.25,0.3,165.25
2023-03-08 02:00:00,200.75,0.3,171.75
2023-03-08 03:00:00,194.0,0.3,156.0
2023-03-08 04:00:00,191.25,0.3,172.75
2023-03-08 05:00:00,202.0,0.3,176.5
2023-03-08 06:00:00,175.0,0.3,162.5
2023-03-08 07:00:00,159.75,0.3,145.75
2023-03-08 08:00:00,142.0,0.3,162.5
2023-03-08 09:00:00,146.5,0.575,134.5
2023-03-08 10:00:00,137.0,0.5,192.0
2023-03-08 11:00:00,90.0,0.8,159.75
2023-03-08 12:00:00,76.0,1.0,175.75
2023-03-08 13:00:00,77.25,0.95,197.75
2023-03-08 14:00:00,61.5,0.625,195.25
2023-03-08 15:00:00,32.0,0.65,214.0
2023-03-08 16:00:00,40.0,0.625,188.75
2023-03-08 17:00:00,45.75,0.7000000000000001,192.5
2023-03-08 18:00:00,47.0,0.3,155.5
2023-03-08 19:00:00,55.25,0.3,159.5
2023-03-08 20:00:00,74.25,0.3,163.5
2023-03-08 21:00:00,111.0,0.3,151.25
2023-03-08 22:00:00,109.75,0.3999999999999999,147.5
2023-03-08 23:00:00,90.75,0.775,172.75
2023-03-09 00:00:00,49.0,0.45,211.5
2023-03-09 01:00:00,56.0,1.0,209.5
2023-03-09 02:00:00,36.75,0.425,227.75
2023-03-09 03:00:00,26.75,0.55,212.75
2023-03-09 04:00:00,32.0,0.425,219.5
2023-03-09 05:00:00,22.75,0.3,160.0
2023-03-09 06:00:00,22.75,0.3,170.0
2023-03-09 07:00:00,31.75,0.3,184.25
2023-03-09 08:00:00,55.5,0.3,165.75
2023-03-09 09:00:00,65.5,0.4499999999999999,177.75
2023-03-09 10:00:00,65.0,0.425,196.0
2023-03-09 11:00:00,67.5,0.725,185.0
2023-03-09 12:00:00,61.5,0.95,196.0
2023-03-09 13:00:00,48.5,0.85,181.0
2023-03-09 14:00:00,46.25,0.5249999999999999,203.5
2023-03-09 15:00:00,37.25,0.45,173.75
2023-03-09 16:00:00,46.0,0.925,186.25
2023-03-09 17:00:00,52.0,0.875,192.75
2023-03-09 18:00:00,62.5,0.3,174.5
2023-03-09 19:00:00,101.25,0.3,176.5
2023-03-09 20:00:00,134.0,0.3,156.5
2023-03-09 21:00:00,164.25,0.3,159.0
2023-03-09 22:00:00,148.75,0.3,178.75
2023-03-09 23:00:00,116.5,0.3,150.5
2023-03-10 00:00:00,87.5,0.3,199.25
2023-03-10 01:00:00,93.75,0.3,186.0
2023-03-10 02:00:00,94.5,0.3,172.0
2023-03-10 03:00:00,110.0,0.3,149.25
2023-03-10 04:00:00,113.5,0.3,239.5
2023-03-10 05:00:00,109.25,0.3,221.0
2023-03-10 06:00:00,127.0,0.3,215.5
2023-03-10 07:00:00,144.5,0.45,177.75
2023-03-10 08:00:00,128.25,1.275,166.0
2023-03-10 09:00:00,126.25,1.35,176.0
2023-03-10 10:00:00,85.25,1.175,190.5
2023-03-10 11:00:00,69.0,1.325,196.5
2023-03-10 12:00:00,70.75,1.35,197.5
2023-03-10 13:00:00,62.0,1.275,185.75
2023-03-10 14:00:00,47.0,1.4,186.25
2023-03-10 15:00:00,42.25,1.05,198.75
2023-03-10 16:00:00,31.5,0.875,204.75
2023-03-10 17:00:00,44.0,0.375,193.75
2023-03-10 18:00:00,54.5,0.3,164.0
2023-03-10 19:00:00,75.25,0.3,160.25
2023-03-10 20:00:00,100.25,0.3,168.5
2023-03-10 21:00:00,116.0,0.3,176.25
2023-03-10 22:00:00,135.75,0.3,157.0
2023-03-10 23:00:00,128.0,0.3,161.75
2023-03-11 00:00:00,95.75,0.3,169.25
2023-03-11 01:00:00,114.5,0.3,162.25
2023-03-11 02:00:00,108.25,0.3,210.0
2023-03-11 03:00:00,118.75,0.3,246.5
2023-03-11 04:00:00,164.75,0.3,203.25
2023-03-11 05:00:00,159.5,0.3,255.0
2023-03-11 06:00:00,152.25,0.3,205.25
2023-03-11 07:00:00,139.25,0.3,202.25
2023-03-11 08:00:00,134.0,0.575,167.0
2023-03-11 09:00:00,144.5,0.925,174.0
2023-03-11 10:00:00,90.75,0.8500000000000001,195.25
2023-03-11 11:00:00,78.5,0.975,182.0
2023-03-11 12:00:00,78.5,1.0,196.75
2023-03-11 13:00:00,65.0,1.075,202.0
2023-03-11 14:00:00,33.0,0.8,195.75
2023-03-11 15:00:00,19.0,0.625,201.25
2023-03-11 16:00:00,24.0,0.55,197.5
2023-03-11 17:00:00,32.25,0.325,189.25
2023-03-11 18:00:00,43.25,0.3,181.0
2023-03-11 19:00:00,75.0,0.3,172.0
2023-03-11 20:00:00,157.0,0.3,152.25
2023-03-11 21:00:00,214.25,0.3,155.0
2023-03-11 22:00:00,154.75,0.3,179.0
2023-03-11 23:00:00,124.5,0.3,216.25
2023-03-12 00:00:00,93.75,0.3,181.75
2023-03-12 01:00:00,103.5,0.3,176.75
2023-03-12 02:00:00,99.5,0.3,174.0
2023-03-12 03:00:00,105.0,0.3,157.25
2023-03-12 04:00:00,111.75,0.3,145.5
2023-03-12 05:00:00,95.5,0.3,142.5
2023-03-12 06:00:00,101.25,0.3,170.75
2023-03-12 07:00:00,118.0,0.3,122.25
2023-03-12 08:00:00,109.75,0.55,128.25
2023-03-12 09:00:00,118.25,0.825,166.5
2023-03-12 10:00:00,79.5,0.625,189.0
2023-03-12 11:00:00,70.25,0.825,167.75
2023-03-12 12:00:00,70.75,0.725,187.75
2023-03-12 13:00:00,57.0,0.75,188.0
2023-03-12 14:00:00,40.0,0.7250000000000001,206.75
2023-03-12 15:00:00,28.75,0.425,212.5
2023-03-12 16:00:00,39.5,0.45,202.0
2023-03-12 17:00:00,43.0,0.325,180.75
2023-03-12 18:00:00,69.0,0.3,134.0
2023-03-12 19:00:00,97.25,0.3,139.75
2023-03-12 20:00:00,97.5,0.3,180.75
2023-03-12 21:00:00,133.25,0.3,189.0
2023-03-12 22:00:00,116.5,0.3,180.25
2023-03-12 23:00:00,127.5,0.3,160.0
2023-03-13 00:00:00,106.0,0.3,185.5
2023-03-13 01:00:00,119.0,0.3,232.25
2023-03-13 02:00:00,124.0,0.3,186.5
2023-03-13 03:00:00,146.75,0.3,160.0
2023-03-13 04:00:00,184.25,0.3,129.25
2023-03-13 05:00:00,140.0,0.3,197.5
2023-03-13 06:00:00,130.5,0.3,175.5
2023-03-13 07:00:00,150.5,0.3,153.75
2023-03-13 08:00:00,142.0,0.3,105.5
2023-03-13 09:00:00,143.25,0.425,167.75
2023-03-13 10:00:00,73.0,0.825,181.25
2023-03-13 11:00:00,74.25,0.675,217.25
2023-03-13 12:00:00,85.0,0.625,197.75
2023-03-13 13:00:00,53.5,0.875,194.75
2023-03-13 14:00:00,55.25,0.6499999999999999,202.75
2023-03-13 15:00:00,47.0,0.725,204.75
2023-03-13 16:00:00,45.0,0.45,193.0
2023-03-13 17:00:00,40.75,0.325,169.5
2023-03-13 18:00:00,47.75,0.3,154.25
2023-03-13 19:00:00,71.5,0.3,157.5
2023-03-13 20:00:00,124.5,0.3,151.0
2023-03-13 21:00:00,117.25,0.3,153.75
2023-03-13 22:00:00,117.0,0.3,158.0
2023-03-13 23:00:00,100.25,0.3,178.25
2023-03-14 00:00:00,69.25,0.3,176.0
2023-03-14 01:00:00,101.25,0.3,189.5
2023-03-14 02:00:00,103.75,0.3,164.0
2023-03-14 03:00:00,106.75,0.3,221.25
2023-03-14 04:00:00,126.5,0.3,263.75
2023-03-14 05:00:00,131.0,0.3,193.75
2023-03-14 06:00:00,155.0,0.3,255.75
2023-03-14 07:00:00,169.25,0.3,235.5
2023-03-14 08:00:00,163.5,0.9,170.75
2023-03-14 09:00:00,163.0,0.8,175.75
2023-03-14 10:00:00,107.75,0.925,198.5
2023-03-14 11:00:00,95.5,0.925,196.75
2023-03-14 12:00:00,88.75,0.775,211.75
2023-03-14 13:00:00,60.0,1.05,196.0
2023-03-14 14:00:00,44.5,1.0750000000000002,197.75
2023-03-14 15:00:00,26.75,1.2999999999999998,189.75
2023-03-14 16:00:00,15.0,1.075,178.75
2023-03-14 17:00:00,46.25,0.6,174.5
2023-03-14 18:00:00,53.0,0.325,168.0
2023-03-14 19:00:00,72.0,0.3,168.0
2023-03-14 20:00:00,135.75,0.3,158.5
2023-03-14 21:00:00,216.5,0.3,156.75
2023-03-14 22:00:00,147.0,0.3,164.75
2023-03-14 23:00:00,115.75,0.3,208.25
2023-03-15 00:00:00,101.25,0.3,167.0
2023-03-15 01:00:00,123.0,0.3,202.25
2023-03-15 02:00:00,67.0,0.3,170.5
2023-03-15 03:00:00,74.0,0.3,195.25
2023-03-15 04:00:00,92.0,0.3,179.25
2023-03-15 05:00:00,84.75,0.3,179.0
2023-03-15 06:00:00,95.0,0.3,173.0
2023-03-15 07:00:00,108.0,0.3,213.75
2023-03-15 08:00:00,104.0,0.425,139.5
2023-03-15 09:00:00,99.0,0.55,170.25
2023-03-15 10:00:00,64.0,0.825,162.0
2023-03-15 11:00:00,63.5,0.875,160.0
2023-03-15 12:00:00,74.25,0.75,189.25
2023-03-15 13:00:00,53.75,0.85,187.5
2023-03-15 14:00:00,41.5,0.6,218.0
2023-03-15 15:00:00,28.25,0.55,197.75
2023-03-15 16:00:00,16.5,0.35,188.25
2023-03-15 17:00:00,34.5,0.3,154.5
2023-03-15 18:00:00,48.75,0.3,198.0
2023-03-15 19:00:00,105.0,0.3,197.25
2023-03-15 20:00:00,174.25,0.3,145.25
2023-03-15 21:00:00,143.75,0.3,167.0
2023-03-15 22:00:00,152.25,0.3,139.5
2023-03-15 23:00:00,129.75,0.3,179.0
2023-03-16 00:00:00,119.25,0.325,166.75
2023-03-16 01:00:00,139.25,0.3,177.0
2023-03-16 02:00:00,152.0,0.3,201.5
2023-03-16 03:00:00,154.5,0.375,148.5
2023-03-16 04:00:00,157.75,0.3,172.0
2023-03-16 05:00:00,142.5,0.3,178.0
2023-03-16 06:00:00,138.5,0.5,176.25
2023-03-16 07:00:00,148.0,0.425,176.5
2023-03-16 08:00:00,159.75,0.35,187.25
2023-03-16 09:00:00,198.5,0.35,191.5
2023-03-16 10:00:00,167.0,0.4,173.25
2023-03-16 11:00:00,115.0,1.025,183.0
2023-03-16 12:00:00,85.75,1.1,143.0
2023-03-16 13:00:00,64.25,0.875,170.0
2023-03-16 14:00:00,68.25,1.45,144.0
2023-03-16 15:00:00,41.5,1.3,161.25
2023-03-16 16:00:00,16.75,1.225,159.5
2023-03-16 17:00:00,29.25,0.875,175.0
2023-03-16 18:00:00,40.0,0.4,242.0
2023-03-16 19:00:00,55.5,0.3,125.25
2023-03-16 20:00:00,51.25,0.3,218.25
2023-03-16 21:00:00,79.25,0.3,254.5
2023-03-16 22:00:00,51.5,0.3,230.5
2023-03-16 23:00:00,40.75,0.3,199.5
2023-03-17 00:00:00,39.0,0.3,178.25
2023-03-17 01:00:00,78.0,0.3,164.75
2023-03-17 02:00:00,43.5,0.3,175.0
2023-03-17 03:00:00,56.0,0.325,172.0
2023-03-17 04:00:00,80.75,0.3,171.25
2023-03-17 05:00:00,84.75,0.3,177.75
2023-03-17 06:00:00,94.5,0.3,176.5
2023-03-17 07:00:00,105.75,0.325,183.5
2023-03-17 08:00:00,121.75,0.5,180.0
2023-03-17 09:00:00,200.75,0.575,186.75
2023-03-17 10:00:00,231.5,0.55,161.5
2023-03-17 11:00:00,234.25,0.675,164.25
2023-03-17 12:00:00,256.0,1.0,179.33333333333334
2023-03-17 13:00:00,170.0,0.4,234.0
2023-03-17 14:00:00,84.0,0.95,195.0
2023-03-17 15:00:00,71.75,0.85,180.0
2023-03-17 16:00:00,35.0,0.35,201.75
2023-03-17 17:00:00,69.0,0.325,201.0
2023-03-17 18:00:00,74.5,0.525,183.75
2023-03-17 19:00:00,102.75,0.3,205.5
2023-03-17 20:00:00,132.75,0.3,156.0
2023-03-17 21:00:00,118.0,0.3,204.75
2023-03-17 22:00:00,121.25,0.3,221.25
2023-03-17 23:00:00,116.25,0.375,215.0
2023-03-18 00:00:00,111.5,0.375,243.0
2023-03-18 01:00:00,145.0,0.65,210.5
2023-03-18 02:00:00,126.25,0.5,237.5
2023-03-18 03:00:00,110.75,0.725,165.75
2023-03-18 04:00:00,121.5,0.775,187.75
2023-03-18 05:00:00,105.5,1.325,173.0
2023-03-18 06:00:00,89.5,0.75,178.75
2023-03-18 07:00:00,79.5,0.3,168.0
2023-03-18 08:00:00,45.0,0.975,167.0
2023-03-18 09:00:00,78.0,1.925,117.5
2023-03-18 10:00:00,79.25,2.025,159.0
2023-03-18 11:00:00,92.5,1.725,169.75
2023-03-18 12:00:00,110.25,2.275,152.5
2023-03-18 13:00:00,75.5,1.5,159.25
2023-03-18 14:00:00,57.0,1.4249999999999998,170.75
2023-03-18 15:00:00,19.75,0.8,175.25
2023-03-18 16:00:00,7.0,0.55,173.0
2023-03-18 17:00:00,36.0,0.55,186.75
2023-03-18 18:00:00,39.5,1.05,165.75
2023-03-18 19:00:00,58.75,0.3,170.0
2023-03-18 20:00:00,78.5,0.3,159.0
2023-03-18 21:00:00,65.5,1.375,134.75
2023-03-18 22:00:00,84.75,0.875,136.5
2023-03-18 23:00:00,75.5,0.3,182.5
2023-03-19 00:00:00,56.25,0.3,170.0
2023-03-19 01:00:00,74.75,0.3,194.0
2023-03-19 02:00:00,75.25,0.3,172.0
2023-03-19 03:00:00,84.5,0.3,156.25
2023-03-19 04:00:00,95.0,0.3,148.5
2023-03-19 05:00:00,77.0,0.3,171.5
2023-03-19 06:00:00,79.25,0.3,193.75
2023-03-19 07:00:00,82.0,0.3,164.5
2023-03-19 08:00:00,80.5,1.025,164.0
2023-03-19 09:00:00,107.75,1.025,165.25
2023-03-19 10:00:00,94.25,0.975,167.5
2023-03-19 11:00:00,99.25,1.1,185.0
2023-03-19 12:00:00,113.75,1.4,169.25
2023-03-19 13:00:00,87.0,1.55,156.5
2023-03-19 14:00:00,81.0,0.6,184.0
2023-03-19 15:00:00,105.25,0.3,156.75
2023-03-19 16:00:00,93.75,0.3,159.0
2023-03-19 17:00:00,88.75,0.3,150.75
2023-03-19 18:00:00,106.75,0.525,193.0
2023-03-19 19:00:00,108.75,0.325,198.0
2023-03-19 20:00:00,72.0,0.3,195.25
2023-03-19 21:00:00,46.5,0.3,115.5
2023-03-19 22:00:00,52.0,0.3,235.0
2023-03-19 23:00:00,52.5,0.3,183.25
2023-03-20 00:00:00,45.75,0.3,230.5
2023-03-20 01:00:00,51.75,0.3,176.25
2023-03-20 02:00:00,61.5,0.3,183.75
2023-03-20 03:00:00,60.75,0.3,205.75
2023-03-20 04:00:00,67.25,0.3,186.0
2023-03-20 05:00:00,52.5,0.3,182.0
2023-03-20 06:00:00,54.75,0.3,203.75
2023-03-20 07:00:00,61.5,0.325,205.5
2023-03-20 08:00:00,51.5,0.325,190.0
2023-03-20 09:00:00,57.0,0.7,169.5
2023-03-20 10:00:00,43.0,0.3999999999999999,168.5
2023-03-20 11:00:00,52.75,0.55,235.75
2023-03-20 12:00:00,65.25,0.875,175.75
2023-03-20 13:00:00,45.5,2.575,176.25
2023-03-20 14:00:00,49.25,3.1,173.5
2023-03-20 15:00:00,28.75,3.125,183.25
2023-03-20 16:00:00,25.75,2.3,179.25
2023-03-20 17:00:00,21.5,1.9,175.5
2023-03-20 18:00:00,31.25,1.25,181.0
2023-03-20 19:00:00,38.5,1.025,196.5
2023-03-20 20:00:00,33.0,0.325,161.5
2023-03-20 21:00:00,12.0,0.925,129.5
2023-03-20 22:00:00,11.25,1.075,155.25
2023-03-20 23:00:00,7.0,0.525,180.0
2023-03-21 00:00:00,1.0,0.425,155.5
2023-03-21 01:00:00,33.0,0.6,141.25
2023-03-21 02:00:00,33.5,0.4,118.75
2023-03-21 03:00:00,40.5,0.35,139.5
2023-03-21 04:00:00,52.25,0.35,150.5
2023-03-21 05:00:00,36.25,0.3,194.75
2023-03-21 06:00:00,32.25,0.3,171.5
2023-03-21 07:00:00,32.75,0.3,199.5
2023-03-21 08:00:00,23.0,0.325,155.75
2023-03-21 09:00:00,52.0,0.4,192.25
2023-03-21 10:00:00,53.25,0.75,164.25
2023-03-21 11:00:00,66.75,0.825,174.75
2023-03-21 12:00:00,89.0,0.875,173.75
2023-03-21 13:00:00,66.75,0.8500000000000001,179.0
2023-03-21 14:00:00,61.5,0.825,183.0
2023-03-21 15:00:00,50.0,0.775,188.0
2023-03-21 16:00:00,27.75,0.6,195.5
2023-03-21 17:00:00,28.5,0.35,192.0
2023-03-21 18:00:00,46.25,0.3,181.75
2023-03-21 19:00:00,69.75,0.3,165.25
2023-03-21 20:00:00,93.25,0.3,160.25
2023-03-21 21:00:00,67.25,0.325,137.0
2023-03-21 22:00:00,68.0,0.3,188.25
2023-03-21 23:00:00,61.5,0.3,166.5
2023-03-22 00:00:00,51.5,0.3,158.5
2023-03-22 01:00:00,87.75,0.3,157.25
2023-03-22 02:00:00,103.5,0.3,200.0
2023-03-22 03:00:00,86.5,0.3,157.75
2023-03-22 04:00:00,108.25,0.3,155.5
2023-03-22 05:00:00,121.25,0.3,149.0
2023-03-22 06:00:00,120.0,0.3,181.75
2023-03-22 07:00:00,131.5,0.3,178.75
2023-03-22 08:00:00,98.5,0.525,177.5
2023-03-22 09:00:00,91.25,0.675,167.0
2023-03-22 10:00:00,110.25,0.35,167.75
2023-03-22 11:00:00,111.0,0.95,176.5
2023-03-22 12:00:00,90.0,1.05,147.0
2023-03-22 13:00:00,90.5,1.025,154.25
2023-03-22 14:00:00,90.25,0.675,198.0
2023-03-22 15:00:00,71.5,0.7000000000000001,180.75
2023-03-22 16:00:00,42.75,0.625,144.75
2023-03-22 17:00:00,76.75,0.3,175.75
2023-03-22 18:00:00,72.75,0.3,146.0
2023-03-22 19:00:00,72.5,0.8250000000000001,189.25
2023-03-22 20:00:00,66.0,0.3,177.75
2023-03-22 21:00:00,43.0,0.3,167.5
2023-03-22 22:00:00,43.25,0.3,215.0
2023-03-22 23:00:00,28.25,0.3,194.75
2023-03-23 00:00:00,19.0,0.3,203.5
2023-03-23 01:00:00,53.75,0.3,197.5
2023-03-23 02:00:00,57.5,0.3,189.25
2023-03-23 03:00:00,57.0,0.3,196.5
2023-03-23 04:00:00,68.25,0.3,170.25
2023-03-23 05:00:00,70.5,0.3,165.25
2023-03-23 06:00:00,85.5,0.3,177.25
2023-03-23 07:00:00,91.25,0.3,141.0
2023-03-23 08:00:00,92.75,0.475,173.0
2023-03-23 09:00:00,79.25,0.7,224.75
2023-03-23 10:00:00,58.75,0.975,185.5
2023-03-23 11:00:00,61.0,1.125,187.75
2023-03-23 12:00:00,62.25,0.95,223.5
2023-03-23 13:00:00,39.0,1.2,191.75
2023-03-23 14:00:00,39.0,1.3,180.25
2023-03-23 15:00:00,31.0,0.975,206.5
2023-03-23 16:00:00,11.5,0.7749999999999999,193.75
2023-03-23 17:00:00,25.0,0.525,181.75
2023-03-23 18:00:00,30.75,0.3,164.75
2023-03-23 19:00:00,63.75,0.3,162.0
2023-03-23 20:00:00,110.75,0.3,178.75
2023-03-23 21:00:00,115.75,0.3,199.5
2023-03-23 22:00:00,126.5,0.3,191.75
2023-03-23 23:00:00,96.75,0.325,198.5
2023-03-24 00:00:00,70.5,0.3,199.75
2023-03-24 01:00:00,87.25,0.3,195.0
2023-03-24 02:00:00,98.25,0.3,167.75
2023-03-24 03:00:00,107.75,0.3,260.25
2023-03-24 04:00:00,116.0,0.3,131.25
2023-03-24 05:00:00,89.5,0.3,148.25
2023-03-24 06:00:00,100.25,0.3,187.75
2023-03-24 07:00:00,128.25,0.4,161.5
2023-03-24 08:00:00,140.0,0.95,197.5
2023-03-24 09:00:00,170.25,0.625,183.75
2023-03-24 10:00:00,152.5,0.65,174.5
2023-03-24 11:00:00,118.75,0.7,174.25
2023-03-24 12:00:00,93.75,1.0,180.0
2023-03-24 13:00:00,62.0,1.85,157.25
2023-03-24 14:00:00,41.5,2.4,153.25
2023-03-24 15:00:00,18.75,2.6,163.5
2023-03-24 16:00:00,30.5,2.725,162.5
2023-03-24 17:00:00,38.25,2.05,169.0
2023-03-24 18:00:00,34.0,1.225,181.25
2023-03-24 19:00:00,62.25,0.4,198.0
2023-03-24 20:00:00,93.75,1.4,166.5
2023-03-24 21:00:00,41.5,0.925,183.0
2023-03-24 22:00:00,38.5,0.35,173.0
2023-03-24 23:00:00,25.75,0.8500000000000001,173.75
2023-03-25 00:00:00,1.0,1.975,162.5
2023-03-25 01:00:00,57.0,1.75,142.25
2023-03-25 02:00:00,55.25,1.625,127.25
2023-03-25 03:00:00,54.75,1.775,150.5
2023-03-25 04:00:00,59.0,1.925,143.0
2023-03-25 05:00:00,28.0,1.1,175.5
2023-03-25 06:00:00,23.25,1.175,191.75
2023-03-25 07:00:00,18.0,1.625,185.0
2023-03-25 08:00:00,17.0,2.175,184.75
2023-03-25 09:00:00,20.25,2.625,167.75
2023-03-25 10:00:00,30.25,2.15,158.25
2023-03-25 11:00:00,36.0,2.6,175.5
2023-03-25 12:00:00,45.75,2.3,168.0
2023-03-25 13:00:00,27.5,1.55,190.25
2023-03-25 14:00:00,19.5,1.025,181.25
2023-03-25 15:00:00,18.0,0.35,213.0
2023-03-25 16:00:00,24.0,0.35,207.25
2023-03-25 17:00:00,25.0,0.3,190.0
2023-03-25 18:00:00,30.0,0.3,251.25
2023-03-25 19:00:00,61.5,0.3,198.0
2023-03-25 20:00:00,134.5,0.3,157.75
2023-03-25 21:00:00,122.5,0.3,157.5
2023-03-25 22:00:00,114.75,0.3,152.5
2023-03-25 23:00:00,94.75,0.3,208.0
2023-03-26 00:00:00,74.5,0.3,185.5
2023-03-26 01:00:00,106.0,0.3,180.0
2023-03-26 02:00:00,104.5,0.3,169.75
2023-03-26 03:00:00,107.25,0.3,205.0
2023-03-26 04:00:00,121.0,0.3,166.25
2023-03-26 05:00:00,91.5,0.3,164.75
2023-03-26 06:00:00,73.5,0.3,181.25
2023-03-26 07:00:00,64.5,0.3,162.0
2023-03-26 08:00:00,55.5,0.3,158.25
2023-03-26 09:00:00,66.5,0.3,189.0
2023-03-26 10:00:00,54.75,0.625,154.25
2023-03-26 11:00:00,48.5,0.75,179.75
2023-03-26 12:00:00,63.5,0.95,187.5
2023-03-26 13:00:00,48.75,0.9,201.0
2023-03-26 14:00:00,42.5,0.8,188.5
2023-03-26 15:00:00,31.0,1.3250000000000002,192.5
2023-03-26 16:00:00,23.25,1.1,185.25
2023-03-26 17:00:00,36.5,0.975,176.5
2023-03-26 18:00:00,40.25,0.5,151.75
2023-03-26 19:00:00,56.5,0.3,165.5
2023-03-26 20:00:00,82.25,0.3,168.5
2023-03-26 21:00:00,72.75,0.375,167.0
2023-03-26 22:00:00,63.5,0.5,167.0
2023-03-26 23:00:00,37.5,0.475,173.25
2023-03-27 00:00:00,14.25,0.375,188.25
2023-03-27 01:00:00,32.0,0.375,167.75
2023-03-27 02:00:00,37.5,0.3,174.0
2023-03-27 03:00:00,44.5,0.3,182.0
2023-03-27 04:00:00,64.5,0.3,174.0
2023-03-27 05:00:00,59.0,0.3,184.0
2023-03-27 06:00:00,94.5,0.3,180.75
2023-03-27 07:00:00,112.5,0.3,178.5
2023-03-27 08:00:00,161.25,0.625,174.5
2023-03-27 09:00:00,187.5,0.85,187.25
2023-03-27 10:00:00,100.75,1.025,185.0
2023-03-27 11:00:00,75.0,1.425,183.25
2023-03-27 12:00:00,79.25,1.25,198.0
2023-03-27 13:00:00,43.0,1.175,193.75
2023-03-27 14:00:00,27.25,1.35,179.75
2023-03-27 15:00:00,14.75,1.2,195.75
2023-03-27 16:00:00,15.0,1.025,188.75
2023-03-27 17:00:00,26.25,0.7250000000000001,192.0
2023-03-27 18:00:00,28.0,0.4,171.5
2023-03-27 19:00:00,49.5,0.35,164.5
2023-03-27 20:00:00,75.25,0.3,157.5
2023-03-27 21:00:00,85.25,0.3,159.25
2023-03-27 22:00:00,123.0,0.325,170.75
2023-03-27 23:00:00,63.5,0.325,177.25
2023-03-28 00:00:00,46.75,0.3,181.25
2023-03-28 01:00:00,75.75,0.3,194.25
2023-03-28 02:00:00,81.5,0.3,172.25
2023-03-28 03:00:00,81.0,0.3,137.5
2023-03-28 04:00:00,94.0,0.3,309.25
2023-03-28 05:00:00,73.25,0.3,204.75
2023-03-28 06:00:00,81.5,0.3,248.25
2023-03-28 07:00:00,83.25,0.45,178.5
2023-03-28 08:00:00,121.0,0.75,189.75
2023-03-28 09:00:00,158.75,1.0,185.5
2023-03-28 10:00:00,91.75,1.125,189.25
2023-03-28 11:00:00,65.5,1.35,191.0
2023-03-28 12:00:00,60.25,1.325,189.25
2023-03-28 13:00:00,29.0,1.275,191.25
2023-03-28 14:00:00,20.5,1.0,196.25
2023-03-28 15:00:00,11.0,1.15,192.25
2023-03-28 16:00:00,9.5,0.875,194.25
2023-03-28 17:00:00,23.25,0.55,189.75
2023-03-28 18:00:00,26.5,0.325,158.75
2023-03-28 19:00:00,45.25,0.3,148.5
2023-03-28 20:00:00,75.75,0.3,133.25
2023-03-28 21:00:00,68.75,0.3,151.0
2023-03-28 22:00:00,76.25,0.3,196.5
2023-03-28 23:00:00,68.75,0.3,214.75
2023-03-29 00:00:00,60.5,0.3,177.5
2023-03-29 01:00:00,88.0,0.3,193.25
2023-03-29 02:00:00,103.75,0.3,181.25
2023-03-29 03:00:00,114.75,0.3,191.25
2023-03-29 04:00:00,133.5,0.3,164.75
2023-03-29 05:00:00,120.75,0.3,173.0
2023-03-29 06:00:00,152.0,0.3,194.25
2023-03-29 07:00:00,151.5,0.3,155.25
2023-03-29 08:00:00,137.25,0.75,160.0
2023-03-29 09:00:00,139.75,0.95,150.75
2023-03-29 10:00:00,94.25,0.925,167.75
2023-03-29 11:00:00,78.75,0.925,183.5
2023-03-29 12:00:00,79.0,0.875,178.0
2023-03-29 13:00:00,58.0,1.375,185.5
2023-03-29 14:00:00,41.5,0.7250000000000001,180.25
2023-03-29 15:00:00,40.25,0.775,162.5
2023-03-29 16:00:00,27.0,0.4,170.5
2023-03-29 17:00:00,39.0,0.3,177.0
2023-03-29 18:00:00,54.0,0.75,185.25
2023-03-29 19:00:00,90.75,1.075,173.25
2023-03-29 20:00:00,59.0,0.475,183.75
2023-03-29 21:00:00,43.75,0.3,226.75
2023-03-29 22:00:00,59.5,0.3,189.0
2023-03-29 23:00:00,47.0,0.3,187.25
2023-03-30 00:00:00,32.5,0.3,173.25
2023-03-30 01:00:00,61.25,0.3,215.25
2023-03-30 02:00:00,61.25,0.3,201.5
2023-03-30 03:00:00,68.25,0.3,239.25
2023-03-30 04:00:00,92.25,0.3,176.0
2023-03-30 05:00:00,84.75,0.325,208.0
2023-03-30 06:00:00,104.0,0.4,177.0
2023-03-30 07:00:00,119.5,0.425,178.25
2023-03-30 08:00:00,96.0,0.5,170.5
2023-03-30 09:00:00,102.0,0.825,162.5
2023-03-30 10:00:00,100.25,0.8250000000000001,182.0
2023-03-30 11:00:00,100.5,0.85,182.75
2023-03-30 12:00:00,108.0,0.85,180.25
2023-03-30 13:00:00,80.0,0.475,196.75
2023-03-30 14:00:00,76.5,0.475,194.5
2023-03-30 15:00:00,69.25,0.7250000000000001,186.25
2023-03-30 16:00:00,50.25,1.05,202.75
2023-03-30 17:00:00,43.75,2.2,183.5
2023-03-30 18:00:00,36.25,0.55,195.5
2023-03-30 19:00:00,29.75,0.375,187.25
2023-03-30 20:00:00,36.0,0.3,169.25
2023-03-30 21:00:00,11.75,0.3,161.75
2023-03-30 22:00:00,10.5,0.3,166.75
2023-03-30 23:00:00,7.5,0.3,190.25
2023-03-31 00:00:00,3.0,0.3,170.25
2023-03-31 01:00:00,22.0,0.3,201.5
2023-03-31 02:00:00,21.25,0.3,198.0
2023-03-31 03:00:00,24.5,0.3,174.25
2023-03-31 04:00:00,35.5,0.3,176.0
2023-03-31 05:00:00,20.0,0.3,208.0
2023-03-31 06:00:00,22.25,0.3,182.0
2023-03-31 07:00:00,16.5,0.3,167.5
2023-03-31 08:00:00,6.0,0.3,164.0
2023-03-31 09:00:00,29.0,0.3,166.0
2023-03-31 10:00:00,37.0,0.6,158.25
2023-03-31 11:00:00,66.0,1.45,161.25
2023-03-31 12:00:00,70.5,1.025,174.0
2023-03-31 13:00:00,38.25,1.6,170.5
2023-03-31 14:00:00,31.25,1.65,161.0
2023-03-31 15:00:00,17.0,0.875,157.5
2023-03-31 16:00:00,29.0,0.3,161.0
2023-03-31 17:00:00,41.0,0.6000000000000001,187.0
2023-03-31 18:00:00,40.25,0.5,191.75
2023-03-31 19:00:00,46.0,0.325,202.0
2023-03-31 20:00:00,66.25,0.325,178.0
2023-03-31 21:00:00,51.5,1.1,146.5
2023-03-31 22:00:00,38.0,1.725,160.5
2023-03-31 23:00:00,29.0,0.475,183.0
2023-04-01 00:00:00,28.0,0.425,183.75
2023-04-01 01:00:00,27.0,0.375,191.5
2023-04-01 02:00:00,28.0,0.925,142.0
2023-04-01 03:00:00,40.25,0.375,189.75
2023-04-01 04:00:00,68.0,0.3,198.5
2023-04-01 05:00:00,46.0,0.3,215.75
2023-04-01 06:00:00,48.75,0.3,162.5
2023-04-01 07:00:00,48.75,0.3,166.5
2023-04-01 08:00:00,32.75,1.0,144.5
2023-04-01 09:00:00,58.25,1.075,173.0
2023-04-01 10:00:00,60.0,1.2,173.5
2023-04-01 11:00:00,78.75,1.25,178.25
2023-04-01 12:00:00,89.0,1.0499999999999998,189.5
2023-04-01 13:00:00,58.75,1.025,170.5
2023-04-01 14:00:00,57.5,1.0,166.5
2023-04-01 15:00:00,51.0,0.5,191.75
2023-04-01 16:00:00,36.5,0.4499999999999999,194.5
2023-04-01 17:00:00,40.25,0.3999999999999999,198.0
2023-04-01 18:00:00,47.0,1.15,202.75
2023-04-01 19:00:00,49.5,0.3,163.25
2023-04-01 20:00:00,51.5,0.3,209.75
2023-04-01 21:00:00,35.0,0.3,169.75
2023-04-01 22:00:00,58.0,0.3,170.5
2023-04-01 23:00:00,50.25,0.3,183.25
2023-04-02 00:00:00,35.0,0.3,165.75
2023-04-02 01:00:00,58.0,0.3,191.25
2023-04-02 02:00:00,62.25,0.3,188.0
2023-04-02 03:00:00,92.5,0.3,159.0
2023-04-02 04:00:00,109.5,0.3,178.5
2023-04-02 05:00:00,82.5,0.3,178.0
2023-04-02 06:00:00,78.0,0.3,185.0
2023-04-02 07:00:00,68.5,0.3,233.25
2023-04-02 08:00:00,46.75,0.3,180.0
2023-04-02 09:00:00,67.25,0.6000000000000001,163.75
2023-04-02 10:00:00,65.25,1.05,199.25
2023-04-02 11:00:00,61.25,1.125,188.75
2023-04-02 12:00:00,67.5,1.0,202.75
2023-04-02 13:00:00,44.75,1.125,185.0
2023-04-02 14:00:00,31.25,1.5750000000000002,180.0
2023-04-02 15:00:00,20.0,1.575,186.0
2023-04-02 16:00:00,11.0,1.075,195.25
2023-04-02 17:00:00,12.5,0.65,188.0
2023-04-02 18:00:00,20.25,0.3,164.0
2023-04-02 19:00:00,47.5,0.3,152.0
2023-04-02 20:00:00,108.0,0.3,191.5
2023-04-02 21:00:00,149.25,0.325,203.0
2023-04-02 22:00:00,188.25,0.3,223.75
2023-04-02 23:00:00,141.75,0.3,206.75
2023-04-03 00:00:00,115.5,0.3,231.0
2023-04-03 01:00:00,107.0,0.3,207.75
2023-04-03 02:00:00,95.25,0.3,208.0
2023-04-03 03:00:00,95.5,0.3,182.5
2023-04-03 04:00:00,88.75,0.3,204.25
2023-04-03 05:00:00,72.0,0.3,200.5
2023-04-03 06:00:00,73.75,0.375,201.25
2023-04-03 07:00:00,106.5,0.3,163.0
2023-04-03 08:00:00,148.5,0.7,159.75
2023-04-03 09:00:00,103.75,1.05,165.0
2023-04-03 10:00:00,92.0,0.95,166.25
2023-04-03 11:00:00,98.0,0.825,218.5
2023-04-03 12:00:00,101.75,0.8,171.5
2023-04-03 13:00:00,83.25,0.7,213.25
2023-04-03 14:00:00,72.25,0.875,198.75
2023-04-03 15:00:00,63.25,0.775,215.5
2023-04-03 16:00:00,62.5,1.225,184.75
2023-04-03 17:00:00,57.75,0.5,209.75
2023-04-03 18:00:00,34.5,0.425,178.5
2023-04-03 19:00:00,65.25,0.325,188.25
2023-04-03 20:00:00,109.75,0.375,167.75
2023-04-03 21:00:00,81.25,0.325,156.75
2023-04-03 22:00:00,66.5,0.3,168.75
2023-04-03 23:00:00,78.0,0.3,212.5
2023-04-04 00:00:00,66.0,0.3,206.5
2023-04-04 01:00:00,76.0,0.3,213.75
2023-04-04 02:00:00,78.75,0.3,227.5
2023-04-04 03:00:00,92.5,0.825,194.75
2023-04-04 04:00:00,125.5,0.475,181.5
2023-04-04 05:00:00,84.75,0.3,181.0
2023-04-04 06:00:00,52.75,0.4,171.5
2023-04-04 07:00:00,40.0,1.475,166.0
2023-04-04 08:00:00,39.0,1.75,156.5
2023-04-04 09:00:00,38.0,1.425,145.5
2023-04-04 10:00:00,38.25,0.925,149.5
2023-04-04 11:00:00,47.25,1.15,169.75
2023-04-04 12:00:00,64.0,1.325,186.0
2023-04-04 13:00:00,39.5,1.4,182.25
2023-04-04 14:00:00,36.75,1.05,201.5
2023-04-04 15:00:00,34.5,1.025,200.5
2023-04-04 16:00:00,39.25,1.0,190.5
2023-04-04 17:00:00,39.5,0.875,186.0
2023-04-04 18:00:00,42.25,0.425,165.5
2023-04-04 19:00:00,62.5,0.3,176.25
2023-04-04 20:00:00,94.25,0.3,175.25
2023-04-04 21:00:00,121.75,0.3,136.0
2023-04-04 22:00:00,120.25,0.3,177.5
2023-04-04 23:00:00,106.75,0.425,168.0
2023-04-05 00:00:00,73.5,0.475,174.0
2023-04-05 01:00:00,74.75,0.3,183.5
2023-04-05 02:00:00,72.75,0.3,208.75
2023-04-05 03:00:00,76.5,0.3,190.75
2023-04-05 04:00:00,89.75,0.3,181.25
2023-04-05 05:00:00,64.5,0.3,210.5
2023-04-05 06:00:00,85.75,0.3,231.5
2023-04-05 07:00:00,125.5,0.3,176.75
2023-04-05 08:00:00,119.25,0.5,187.75
2023-04-05 09:00:00,103.0,0.8,203.25
2023-04-05 10:00:00,68.25,1.0,193.0
2023-04-05 11:00:00,78.0,1.15,192.5
2023-04-05 12:00:00,113.0,1.225,186.75
2023-04-05 13:00:00,74.75,1.2,203.0
2023-04-05 14:00:00,49.25,1.4,194.25
2023-04-05 15:00:00,42.5,1.175,182.75
2023-04-05 16:00:00,33.0,1.225,184.0
2023-04-05 17:00:00,42.75,0.7,173.0
2023-04-05 18:00:00,38.75,0.3,166.25
2023-04-05 19:00:00,69.25,0.3,179.5
2023-04-05 20:00:00,149.75,0.3,189.0
2023-04-05 21:00:00,182.0,0.3,158.25
2023-04-05 22:00:00,148.25,0.3,184.25
2023-04-05 23:00:00,119.75,0.325,175.0
2023-04-06 00:00:00,93.5,1.0,163.0
2023-04-06 01:00:00,79.5,0.925,167.0
2023-04-06 02:00:00,55.25,1.0,180.5
2023-04-06 03:00:00,70.25,0.725,165.25
2023-04-06 04:00:00,69.75,0.325,184.25
2023-04-06 05:00:00,50.25,0.35,172.5
2023-04-06 06:00:00,57.5,0.3,177.75
2023-04-06 07:00:00,53.25,0.475,183.25
2023-04-06 08:00:00,42.25,0.6,183.0
2023-04-06 09:00:00,60.5,0.85,169.25
2023-04-06 10:00:00,56.25,0.7,202.0
2023-04-06 11:00:00,51.75,1.0,205.75
2023-04-06 12:00:00,72.25,0.875,210.75
2023-04-06 13:00:00,82.25,1.275,189.5
2023-04-06 14:00:00,26.0,1.225,201.5
2023-04-06 15:00:00,19.0,1.05,187.25
2023-04-06 16:00:00,27.0,0.975,208.0
2023-04-06 17:00:00,33.25,0.65,188.0
2023-04-06 18:00:00,34.5,0.3,168.75
2023-04-06 19:00:00,67.75,0.3,132.0
2023-04-06 20:00:00,154.0,0.3,154.75
2023-04-06 21:00:00,129.25,0.3,167.25
2023-04-06 22:00:00,129.0,0.3,175.5
2023-04-06 23:00:00,106.25,0.3,187.75
2023-04-07 00:00:00,97.25,0.3,182.75
2023-04-07 01:00:00,82.0,0.3,183.0
2023-04-07 02:00:00,68.25,0.3,178.5
2023-04-07 03:00:00,66.5,0.3,202.75
2023-04-07 04:00:00,70.75,0.3,174.5
2023-04-07 05:00:00,52.75,0.3,183.25
2023-04-07 06:00:00,56.5,0.3,179.5
2023-04-07 07:00:00,54.5,0.3,171.0
2023-04-07 08:00:00,43.75,0.35,187.75
2023-04-07 09:00:00,69.25,0.8,190.5
2023-04-07 10:00:00,66.25,1.0499999999999998,197.0
2023-04-07 11:00:00,62.75,1.15,198.25
2023-04-07 12:00:00,62.25,1.05,206.75
2023-04-07 13:00:00,65.25,1.475,181.25
2023-04-07 14:00:00,38.5,1.675,181.0
2023-04-07 15:00:00,19.75,1.325,188.25
2023-04-07 16:00:00,23.25,0.975,192.25
2023-04-07 17:00:00,29.75,0.65,173.0
2023-04-07 18:00:00,42.75,0.3,245.5
2023-04-07 19:00:00,63.0,0.3,220.75
2023-04-07 20:00:00,87.25,0.3,168.75
2023-04-07 21:00:00,110.25,0.3,176.0
2023-04-07 22:00:00,117.5,0.3,203.75
2023-04-07 23:00:00,112.5,0.3,181.0
2023-04-08 00:00:00,147.0,0.3,180.75
2023-04-08 01:00:00,142.0,0.3,182.25
2023-04-08 02:00:00,119.0,0.3,186.5
2023-04-08 03:00:00,94.25,0.3,189.0
2023-04-08 04:00:00,94.0,0.3,177.5
2023-04-08 05:00:00,101.25,0.3,181.0
2023-04-08 06:00:00,104.5,0.3,210.0
2023-04-08 07:00:00,121.5,0.325,241.5
2023-04-08 08:00:00,173.75,0.425,214.0
2023-04-08 09:00:00,154.75,0.825,211.25
2023-04-08 10:00:00,117.75,0.925,177.5
2023-04-08 11:00:00,89.0,0.975,187.25
2023-04-08 12:00:00,90.25,1.225,182.75
2023-04-08 13:00:00,91.75,1.025,180.5
2023-04-08 14:00:00,46.25,1.275,180.25
2023-04-08 15:00:00,12.5,1.1,194.75
2023-04-08 16:00:00,18.25,0.8500000000000001,196.25
2023-04-08 17:00:00,23.5,0.65,183.0
2023-04-08 18:00:00,31.33333333333333,0.325,187.5
2023-04-08 19:00:00,54.0,0.3,176.5
2023-04-08 20:00:00,109.5,0.3,146.5
2023-04-08 21:00:00,134.25,0.3,156.5
2023-04-08 22:00:00,132.0,0.3,204.25
2023-04-08 23:00:00,107.0,0.3,192.25
2023-04-09 00:00:00,113.0,0.3,204.75
2023-04-09 01:00:00,115.5,0.3,175.25
2023-04-09 02:00:00,128.25,0.3,178.75
2023-04-09 03:00:00,152.75,0.3,173.25
2023-04-09 04:00:00,178.75,0.3,161.75
2023-04-09 05:00:00,183.25,0.3,172.25
2023-04-09 06:00:00,211.25,0.3,236.5
2023-04-09 07:00:00,243.0,0.325,191.75
2023-04-09 08:00:00,234.5,0.425,149.75
2023-04-09 09:00:00,229.5,0.5,161.0
2023-04-09 10:00:00,140.0,0.55,198.25
2023-04-09 11:00:00,84.75,0.9,182.5
2023-04-09 12:00:00,61.25,1.2,189.5
2023-04-09 13:00:00,54.5,0.925,200.75
2023-04-09 14:00:00,39.75,1.35,184.25
2023-04-09 15:00:00,12.5,0.8,186.25
2023-04-09 16:00:00,23.5,0.8,187.75
2023-04-09 17:00:00,27.75,0.55,179.5
2023-04-09 18:00:00,40.25,0.3,169.0
2023-04-09 19:00:00,65.0,0.3,158.5
2023-04-09 20:00:00,132.5,0.3,198.75
2023-04-09 21:00:00,221.75,0.3,129.5
2023-04-09 22:00:00,200.0,0.3,191.75
2023-04-09 23:00:00,171.25,0.3,196.5
2023-04-10 00:00:00,129.0,0.375,170.75
2023-04-10 01:00:00,100.75,0.3,209.25
2023-04-10 02:00:00,106.5,0.3,169.5
2023-04-10 03:00:00,116.0,0.3,101.5
2023-04-10 04:00:00,138.75,0.3,169.0
2023-04-10 05:00:00,133.0,0.3,199.25
2023-04-10 06:00:00,133.5,0.375,183.5
2023-04-10 07:00:00,159.25,0.35,191.0
2023-04-10 08:00:00,184.0,0.725,156.25
2023-04-10 09:00:00,180.75,0.65,148.5
2023-04-10 10:00:00,103.5,0.725,169.0
2023-04-10 11:00:00,61.5,1.225,169.0
2023-04-10 12:00:00,59.5,1.3250000000000002,176.75
2023-04-10 13:00:00,65.0,1.3,193.75
2023-04-10 14:00:00,49.75,1.15,188.75
2023-04-10 15:00:00,24.75,1.175,191.75
2023-04-10 16:00:00,34.5,1.15,195.0
2023-04-10 17:00:00,39.25,0.8,175.25
2023-04-10 18:00:00,46.0,0.3,167.0
2023-04-10 19:00:00,98.5,0.3,164.0
2023-04-10 20:00:00,203.25,0.3,176.75
2023-04-10 21:00:00,190.5,0.3,180.0
2023-04-10 22:00:00,135.25,0.3,207.25
2023-04-10 23:00:00,118.0,0.3,250.0
2023-04-11 00:00:00,130.25,0.3,273.75
2023-04-11 01:00:00,175.5,0.3,224.0
2023-04-11 02:00:00,215.5,0.3,238.0
2023-04-11 03:00:00,266.75,0.3,253.0
2023-04-11 04:00:00,293.75,0.3,224.0
2023-04-11 05:00:00,308.75,0.3,233.75
2023-04-11 06:00:00,316.0,0.3,216.5
2023-04-11 07:00:00,303.0,0.3,229.5
2023-04-11 08:00:00,286.25,0.925,180.5
2023-04-11 09:00:00,222.75,1.325,182.0
2023-04-11 10:00:00,144.0,1.225,184.5
2023-04-11 11:00:00,110.5,1.375,190.0
2023-04-11 12:00:00,106.0,1.725,183.25
2023-04-11 13:00:00,63.0,1.75,182.75
2023-04-11 14:00:00,39.75,1.7,175.5
2023-04-11 15:00:00,33.0,1.25,185.0
2023-04-11 16:00:00,34.75,1.05,182.25
2023-04-11 17:00:00,40.0,0.9,186.25
2023-04-11 18:00:00,47.0,0.325,172.75
2023-04-11 19:00:00,81.25,0.3,134.0
2023-04-11 20:00:00,122.0,0.3,113.0
2023-04-11 21:00:00,127.25,0.3,167.0
2023-04-11 22:00:00,130.0,0.3,189.75
2023-04-11 23:00:00,117.5,0.3,183.25
2023-04-12 00:00:00,123.75,0.3,263.75
2023-04-12 01:00:00,163.5,0.3,234.25
2023-04-12 02:00:00,217.25,0.3,211.25
2023-04-12 03:00:00,226.5,0.3,208.5
2023-04-12 04:00:00,207.5,0.4,181.75
2023-04-12 05:00:00,178.0,0.55,169.25
2023-04-12 06:00:00,160.75,0.575,185.75
2023-04-12 07:00:00,143.75,0.5,183.5
2023-04-12 08:00:00,134.5,0.7250000000000001,173.0
2023-04-12 09:00:00,113.5,0.7,167.25
2023-04-12 10:00:00,97.5,1.1,175.0
2023-04-12 11:00:00,93.25,1.65,189.75
2023-04-12 12:00:00,100.0,1.7,179.5
2023-04-12 13:00:00,82.0,1.425,180.25
2023-04-12 14:00:00,52.25,1.4,183.0
2023-04-12 15:00:00,39.25,1.475,184.5
2023-04-12 16:00:00,27.5,1.325,179.0
2023-04-12 17:00:00,41.0,0.875,184.5
2023-04-12 18:00:00,57.0,0.35,178.75
2023-04-12 19:00:00,59.5,0.3,185.25
2023-04-12 20:00:00,83.25,0.3,178.75
2023-04-12 21:00:00,78.0,0.3,188.25
2023-04-12 22:00:00,85.5,0.3,236.75
2023-04-12 23:00:00,99.25,0.3,229.25
2023-04-13 00:00:00,74.75,0.3,184.5
2023-04-13 01:00:00,81.25,0.3,185.25
2023-04-13 02:00:00,93.5,0.3,183.25
2023-04-13 03:00:00,133.0,0.3,169.75
2023-04-13 04:00:00,173.0,0.3,156.0
2023-04-13 05:00:00,165.25,0.3,181.25
2023-04-13 06:00:00,169.75,0.3,230.5
2023-04-13 07:00:00,193.5,0.3,170.75
2023-04-13 08:00:00,188.75,0.475,170.25
2023-04-13 09:00:00,218.25,0.925,173.75
2023-04-13 10:00:00,188.0,1.125,185.0
2023-04-13 11:00:00,149.25,1.425,173.5
2023-04-13 12:00:00,134.0,1.45,182.5
2023-04-13 13:00:00,76.25,1.35,182.5
2023-04-13 14:00:00,45.0,1.75,176.75
2023-04-13 15:00:00,33.75,1.225,185.0
2023-04-13 16:00:00,24.0,1.05,175.75
2023-04-13 17:00:00,45.5,0.4,175.75
2023-04-13 18:00:00,57.75,0.3,158.75
2023-04-13 19:00:00,97.0,0.3,135.75
2023-04-13 20:00:00,188.5,0.3,142.5
2023-04-13 21:00:00,153.0,0.3,178.25
2023-04-13 22:00:00,143.5,0.3,176.75
2023-04-13 23:00:00,154.25,0.3,187.0
2023-04-14 00:00:00,171.75,0.3,176.5
2023-04-14 01:00:00,188.25,0.3,175.5
2023-04-14 02:00:00,169.5,0.3,242.5
2023-04-14 03:00:00,190.25,0.3,130.5
2023-04-14 04:00:00,237.5,0.3,188.25
2023-04-14 05:00:00,230.75,0.325,158.5
2023-04-14 06:00:00,228.75,0.3,223.0
2023-04-14 07:00:00,234.75,0.3,182.5
2023-04-14 08:00:00,206.5,0.725,186.5
2023-04-14 09:00:00,194.25,0.85,182.75
2023-04-14 10:00:00,173.5,0.725,182.25
2023-04-14 11:00:00,123.75,0.975,191.25
2023-04-14 12:00:00,100.25,1.525,191.5
2023-04-14 13:00:00,54.75,1.425,188.0
2023-04-14 14:00:00,40.5,0.95,196.25
2023-04-14 15:00:00,31.0,1.15,188.0
2023-04-14 16:00:00,25.0,0.65,180.0
2023-04-14 17:00:00,51.0,0.3,168.25
2023-04-14 18:00:00,54.75,0.3,147.5
2023-04-14 19:00:00,104.75,0.3,143.25
2023-04-14 20:00:00,189.25,0.3,197.5
2023-04-14 21:00:00,170.75,0.3,156.75
2023-04-14 22:00:00,157.75,0.3,181.25
2023-04-14 23:00:00,142.75,0.3,161.5
2023-04-15 00:00:00,100.0,0.3,218.75
2023-04-15 01:00:00,101.25,0.3,214.25
2023-04-15 02:00:00,109.0,0.3,191.0
2023-04-15 03:00:00,133.0,0.3,179.5
2023-04-15 04:00:00,164.5,0.3,172.0
2023-04-15 05:00:00,154.0,0.3,150.25
2023-04-15 06:00:00,158.0,0.3,275.5
2023-04-15 07:00:00,142.5,0.3,228.75
2023-04-15 08:00:00,146.75,0.4,157.5
2023-04-15 09:00:00,148.75,0.7250000000000001,153.0
2023-04-15 10:00:00,97.5,0.8250000000000001,159.75
2023-04-15 11:00:00,84.25,1.025,177.5
2023-04-15 12:00:00,81.0,1.525,179.25
2023-04-15 13:00:00,41.5,1.1,191.5
2023-04-15 14:00:00,40.25,0.75,181.0
2023-04-15 15:00:00,35.75,0.75,194.25
2023-04-15 16:00:00,26.0,0.375,136.5
2023-04-15 17:00:00,48.25,0.3,165.75
2023-04-15 18:00:00,74.75,0.3,240.75
2023-04-15 19:00:00,155.25,0.3,152.0
2023-04-15 20:00:00,274.0,0.3,135.25
2023-04-15 21:00:00,256.75,0.3,151.25
2023-04-15 22:00:00,201.75,0.3,182.0
2023-04-15 23:00:00,203.75,0.3,168.75
2023-04-16 00:00:00,157.25,0.35,185.25
2023-04-16 01:00:00,149.25,0.35,259.25
2023-04-16 02:00:00,132.0,0.45,169.5
2023-04-16 03:00:00,135.0,0.3,176.0
2023-04-16 04:00:00,137.25,0.3,158.75
2023-04-16 05:00:00,118.75,0.3,174.5
2023-04-16 06:00:00,131.75,0.3,174.75
2023-04-16 07:00:00,150.25,0.5,184.5
2023-04-16 08:00:00,145.0,0.325,173.0
2023-04-16 09:00:00,161.0,0.65,185.75
2023-04-16 10:00:00,111.5,1.325,182.0
2023-04-16 11:00:00,65.25,1.3,187.75
2023-04-16 12:00:00,64.5,1.45,176.5
2023-04-16 13:00:00,33.25,1.225,186.25
2023-04-16 14:00:00,31.75,1.5,171.75
2023-04-16 15:00:00,19.5,0.975,195.25
2023-04-16 16:00:00,10.75,0.475,191.75
2023-04-16 17:00:00,39.25,0.75,180.5
2023-04-16 18:00:00,56.0,1.225,190.25
2023-04-16 19:00:00,67.75,0.3,133.25
2023-04-16 20:00:00,114.0,0.3,134.25
2023-04-16 21:00:00,169.25,0.3,137.5
2023-04-16 22:00:00,141.0,0.3,176.0
2023-04-16 23:00:00,96.25,0.3,160.0
2023-04-17 00:00:00,86.0,0.3,202.75
2023-04-17 01:00:00,83.75,0.3,247.25
2023-04-17 02:00:00,95.25,0.3,142.0
2023-04-17 03:00:00,99.5,0.3,172.75
2023-04-17 04:00:00,111.5,0.425,211.0
2023-04-17 05:00:00,109.25,0.3,179.5
2023-04-17 06:00:00,95.0,0.35,178.75
2023-04-17 07:00:00,110.25,0.45,192.25
2023-04-17 08:00:00,106.25,0.925,162.0
2023-04-17 09:00:00,114.75,0.6,186.25
2023-04-17 10:00:00,100.25,0.75,180.5
2023-04-17 11:00:00,96.0,0.875,206.75
2023-04-17 12:00:00,95.0,0.95,192.5
2023-04-17 13:00:00,77.75,1.0,191.0
2023-04-17 14:00:00,56.5,0.825,201.5
2023-04-17 15:00:00,38.5,0.7,190.0
2023-04-17 16:00:00,30.0,0.425,190.25
2023-04-17 17:00:00,24.0,0.325,165.5
2023-04-17 18:00:00,62.25,0.3,123.0
2023-04-17 19:00:00,141.25,0.3,98.75
2023-04-17 20:00:00,209.25,0.3,131.0
2023-04-17 21:00:00,243.25,0.3,318.75
2023-04-17 22:00:00,205.5,0.3,119.75
2023-04-17 23:00:00,133.0,0.3,119.5
2023-04-18 00:00:00,100.0,0.3,144.25
2023-04-18 01:00:00,100.75,0.3,206.5
2023-04-18 02:00:00,114.0,0.3,265.5
2023-04-18 03:00:00,149.25,0.3,170.25
2023-04-18 04:00:00,160.25,0.3,170.75
2023-04-18 05:00:00,165.0,0.3,195.0
2023-04-18 06:00:00,135.5,0.3,227.25
2023-04-18 07:00:00,109.0,0.5,200.5
2023-04-18 08:00:00,75.75,1.375,177.25
2023-04-18 09:00:00,74.25,1.475,182.5
2023-04-18 10:00:00,95.0,1.375,178.75
2023-04-18 11:00:00,84.75,1.775,180.75
2023-04-18 12:00:00,91.0,1.55,183.0
2023-04-18 13:00:00,87.5,1.425,183.25
2023-04-18 14:00:00,62.25,1.475,177.25
2023-04-18 15:00:00,45.5,1.05,183.25
2023-04-18 16:00:00,50.0,1.05,175.5
2023-04-18 17:00:00,59.75,0.6,176.25
2023-04-18 18:00:00,68.75,0.3,151.5
2023-04-18 19:00:00,105.0,0.3,118.75
2023-04-18 20:00:00,160.75,0.3,131.75
2023-04-18 21:00:00,175.5,0.3,167.0
2023-04-18 22:00:00,146.0,0.3,143.25
2023-04-18 23:00:00,126.0,0.3,169.5
2023-04-19 00:00:00,111.25,0.3,186.25
2023-04-19 01:00:00,132.75,0.3,192.5
2023-04-19 02:00:00,112.25,0.3,158.0
2023-04-19 03:00:00,121.0,1.325,166.0
2023-04-19 04:00:00,209.5,1.95,182.0
2023-04-19 05:00:00,307.75,1.225,189.5
2023-04-19 06:00:00,167.5,0.75,190.75
2023-04-19 07:00:00,108.75,1.0,200.75
2023-04-19 08:00:00,86.25,1.0,169.75
2023-04-19 09:00:00,100.75,1.0,164.75
2023-04-19 10:00:00,97.5,1.025,158.0
2023-04-19 11:00:00,102.25,0.975,186.25
2023-04-19 12:00:00,110.5,1.4,148.0
2023-04-19 13:00:00,106.5,1.2,164.0
2023-04-19 14:00:00,99.25,1.05,198.25
2023-04-19 15:00:00,62.5,1.625,179.25
2023-04-19 16:00:00,39.75,0.8,181.75
2023-04-19 17:00:00,68.25,0.825,181.5
2023-04-19 18:00:00,84.5,0.3,262.25
2023-04-19 19:00:00,120.75,0.3,83.5
2023-04-19 20:00:00,144.5,0.475,180.5
2023-04-19 21:00:00,133.5,0.5,168.5
2023-04-19 22:00:00,94.25,0.375,174.25
2023-04-19 23:00:00,85.25,0.45,176.25
2023-04-20 00:00:00,74.25,0.45,200.25
2023-04-20 01:00:00,72.25,0.35,189.0
2023-04-20 02:00:00,65.0,0.3,153.5
2023-04-20 03:00:00,78.75,0.475,162.75
2023-04-20 04:00:00,104.25,0.425,183.25
2023-04-20 05:00:00,77.0,0.375,166.25
2023-04-20 06:00:00,60.5,0.3,171.25
2023-04-20 07:00:00,61.25,0.35,172.0
2023-04-20 08:00:00,36.0,0.5,162.5
2023-04-20 09:00:00,77.0,0.725,168.5
2023-04-20 10:00:00,76.75,1.3,177.5
2023-04-20 11:00:00,64.75,1.175,183.5
2023-04-20 12:00:00,82.5,1.425,188.75
2023-04-20 13:00:00,71.0,1.2,189.5
2023-04-20 14:00:00,62.75,1.7,186.0
2023-04-20 15:00:00,62.5,1.125,176.0
2023-04-20 16:00:00,35.0,0.825,183.75
2023-04-20 17:00:00,67.25,0.525,161.0
2023-04-20 18:00:00,105.5,0.75,186.5
2023-04-20 19:00:00,108.5,1.05,186.25
2023-04-20 20:00:00,69.0,0.45,178.75
2023-04-20 21:00:00,45.5,0.3,180.75
2023-04-20 22:00:00,49.0,0.3999999999999999,235.25
2023-04-20 23:00:00,49.5,0.3,203.0
2023-04-21 00:00:00,44.75,0.825,181.5
2023-04-21 01:00:00,71.75,0.825,166.0
2023-04-21 02:00:00,48.0,0.575,163.5
2023-04-21 03:00:00,58.25,0.475,188.5
2023-04-21 04:00:00,74.0,0.5,175.0
2023-04-21 05:00:00,58.0,1.025,158.0
2023-04-21 06:00:00,58.0,1.0,161.0
2023-04-21 07:00:00,42.5,0.45,169.75
2023-04-21 08:00:00,52.0,1.475,157.25
2023-04-21 09:00:00,58.25,2.05,193.25
2023-04-21 10:00:00,59.5,2.225,180.5
2023-04-21 11:00:00,68.0,1.725,193.75
2023-04-21 12:00:00,88.75,1.45,166.75
2023-04-21 13:00:00,83.0,1.225,179.75
2023-04-21 14:00:00,64.75,1.3,182.5
2023-04-21 15:00:00,54.5,1.325,179.25
2023-04-21 16:00:00,54.25,0.925,183.25
2023-04-21 17:00:00,61.5,0.475,193.25
2023-04-21 18:00:00,76.5,0.3,131.5
2023-04-21 19:00:00,102.5,0.3999999999999999,175.25
2023-04-21 20:00:00,132.0,0.875,190.25
2023-04-21 21:00:00,100.5,0.675,181.75
2023-04-21 22:00:00,72.25,0.775,178.25
2023-04-21 23:00:00,58.5,0.725,196.0
2023-04-22 00:00:00,73.25,0.6,201.0
2023-04-22 01:00:00,83.25,0.8250000000000001,177.25
2023-04-22 02:00:00,70.5,0.9,168.75
2023-04-22 03:00:00,61.25,0.75,149.5
2023-04-22 04:00:00,75.5,1.475,164.0
2023-04-22 05:00:00,76.0,1.225,139.0
2023-04-22 06:00:00,61.75,0.375,190.0
2023-04-22 07:00:00,53.75,0.725,193.0
2023-04-22 08:00:00,51.75,1.325,156.5
2023-04-22 09:00:00,53.25,1.25,181.5
2023-04-22 10:00:00,43.0,1.3,168.75
2023-04-22 11:00:00,51.5,1.0,175.25
2023-04-22 12:00:00,70.75,1.15,170.75
2023-04-22 13:00:00,72.0,1.075,190.0
2023-04-22 14:00:00,44.25,1.025,186.5
2023-04-22 15:00:00,29.75,0.925,161.0
2023-04-22 16:00:00,46.75,0.925,168.75
2023-04-22 17:00:00,48.25,0.45,163.25
2023-04-22 18:00:00,56.75,0.3,141.0
2023-04-22 19:00:00,69.25,0.3,154.5
2023-04-22 20:00:00,93.25,0.65,169.5
2023-04-22 21:00:00,93.0,1.175,174.0
2023-04-22 22:00:00,60.0,0.825,191.25
2023-04-22 23:00:00,26.75,0.525,176.0
2023-04-23 00:00:00,47.25,1.625,187.75
2023-04-23 01:00:00,72.5,1.25,183.0
2023-04-23 02:00:00,36.25,0.725,190.25
2023-04-23 03:00:00,32.25,1.1,177.75
2023-04-23 04:00:00,38.0,0.7,172.0
2023-04-23 05:00:00,38.75,0.575,183.25
2023-04-23 06:00:00,20.25,1.45,182.0
2023-04-23 07:00:00,16.75,1.65,195.0
2023-04-23 08:00:00,33.0,1.8,194.5
2023-04-23 09:00:00,38.75,1.5,187.75
2023-04-23 10:00:00,35.75,0.875,184.5
2023-04-23 11:00:00,29.25,0.7,180.25
2023-04-23 12:00:00,30.0,1.4,172.25
2023-04-23 13:00:00,48.25,2.275,186.75
2023-04-23 14:00:00,81.75,1.45,173.25
2023-04-23 15:00:00,19.5,0.95,188.75
2023-04-23 16:00:00,23.75,0.925,198.0
2023-04-23 17:00:00,23.5,0.475,210.0
2023-04-23 18:00:00,29.75,0.3,202.0
2023-04-23 19:00:00,58.5,0.3,220.75
2023-04-23 20:00:00,100.25,0.8500000000000001,183.5
2023-04-23 21:00:00,84.5,0.475,179.0
2023-04-23 22:00:00,50.0,0.3,162.75
2023-04-23 23:00:00,44.0,0.3,233.25
2023-04-24 00:00:00,53.0,0.3,173.25
2023-04-24 01:00:00,58.0,0.3,184.0
2023-04-24 02:00:00,70.75,0.3,165.0
2023-04-24 03:00:00,66.25,0.325,184.0
2023-04-24 04:00:00,69.5,0.3,188.0
2023-04-24 05:00:00,57.25,0.3,208.5
2023-04-24 06:00:00,57.0,0.3,164.5
2023-04-24 07:00:00,78.0,0.3,98.25
2023-04-24 08:00:00,99.0,0.575,162.25
2023-04-24 09:00:00,106.25,0.6,163.5
2023-04-24 10:00:00,96.0,0.7,170.0
2023-04-24 11:00:00,82.25,1.0750000000000002,165.25
2023-04-24 12:00:00,85.5,1.9,185.5
2023-04-24 13:00:00,91.25,2.6,188.75
2023-04-24 14:00:00,98.0,2.05,192.75
2023-04-24 15:00:00,52.75,1.95,179.75
2023-04-24 16:00:00,50.25,1.625,188.0
2023-04-24 17:00:00,45.0,1.1,206.0
2023-04-24 18:00:00,45.5,1.25,179.25
2023-04-24 19:00:00,50.75,0.7,189.75
2023-04-24 20:00:00,60.5,0.775,197.0
2023-04-24 21:00:00,62.25,0.975,177.0
2023-04-24 22:00:00,76.0,1.3,186.75
2023-04-24 23:00:00,61.75,0.625,186.75
2023-04-25 00:00:00,63.5,0.8,178.0
2023-04-25 01:00:00,63.5,1.275,193.25
2023-04-25 02:00:00,70.75,0.825,197.25
2023-04-25 03:00:00,78.0,0.675,189.25
2023-04-25 04:00:00,73.0,0.95,198.5
2023-04-25 05:00:00,64.25,1.15,219.75
2023-04-25 06:00:00,57.5,1.175,189.75
2023-04-25 07:00:00,62.25,1.425,200.5
2023-04-25 08:00:00,64.0,1.775,195.5
2023-04-25 09:00:00,67.25,1.525,191.75
2023-04-25 10:00:00,68.0,1.85,196.75
2023-04-25 11:00:00,70.25,1.65,190.75
2023-04-25 12:00:00,73.0,1.45,184.5
2023-04-25 13:00:00,59.5,1.35,175.25
2023-04-25 14:00:00,54.0,1.225,185.0
2023-04-25 15:00:00,52.5,0.675,193.0
2023-04-25 16:00:00,57.0,0.5,212.25
2023-04-25 17:00:00,60.25,0.525,149.75
2023-04-25 18:00:00,73.25,0.3,140.25
2023-04-25 19:00:00,92.0,0.3,140.75
2023-04-25 20:00:00,114.5,0.3,148.0
2023-04-25 21:00:00,108.25,0.3,150.5
2023-04-25 22:00:00,128.0,0.3,178.0
2023-04-25 23:00:00,126.0,0.3,165.25
2023-04-26 00:00:00,138.0,0.3,187.75
2023-04-26 01:00:00,138.0,0.3,127.5
2023-04-26 02:00:00,137.25,0.3,158.0
2023-04-26 03:00:00,135.75,0.3,166.5
2023-04-26 04:00:00,142.5,0.3,189.25
2023-04-26 05:00:00,146.5,0.375,239.25
2023-04-26 06:00:00,127.75,0.325,200.25
2023-04-26 07:00:00,157.0,0.3,180.75
2023-04-26 08:00:00,144.25,0.575,195.5
2023-04-26 09:00:00,102.0,0.9,193.75
2023-04-26 10:00:00,87.0,1.0,191.75
2023-04-26 11:00:00,77.75,0.825,192.75
2023-04-26 12:00:00,79.75,1.075,178.75
2023-04-26 13:00:00,87.0,0.85,170.75
2023-04-26 14:00:00,73.5,0.725,196.5
2023-04-26 15:00:00,45.5,0.725,172.25
2023-04-26 16:00:00,59.25,0.6749999999999999,147.5
2023-04-26 17:00:00,72.0,0.625,138.25
2023-04-26 18:00:00,93.0,0.3,160.5
2023-04-26 19:00:00,128.5,0.3,116.0
2023-04-26 20:00:00,127.0,0.3,144.75
2023-04-26 21:00:00,194.0,0.3,150.75
2023-04-26 22:00:00,187.5,0.3,144.75
2023-04-26 23:00:00,162.75,0.3,186.25
2023-04-27 00:00:00,145.5,0.3,221.0
2023-04-27 01:00:00,140.75,0.3,188.25
2023-04-27 02:00:00,138.5,0.3,162.5
2023-04-27 03:00:00,137.75,0.3,144.75
2023-04-27 04:00:00,147.0,0.3,150.0
2023-04-27 05:00:00,137.5,0.3,132.0
2023-04-27 06:00:00,137.25,0.3,169.25
2023-04-27 07:00:00,159.5,0.475,162.25
2023-04-27 08:00:00,137.75,0.4,174.0
2023-04-27 09:00:00,143.0,0.375,159.25
2023-04-27 10:00:00,116.75,0.75,169.5
2023-04-27 11:00:00,90.5,0.9,152.75
2023-04-27 12:00:00,84.0,1.15,180.0
2023-04-27 13:00:00,71.75,1.325,185.5
2023-04-27 14:00:00,44.25,1.375,173.5
2023-04-27 15:00:00,23.25,0.975,185.0
2023-04-27 16:00:00,41.25,0.8,176.0
2023-04-27 17:00:00,49.75,0.325,217.5
2023-04-27 18:00:00,66.75,0.525,229.75
2023-04-27 19:00:00,128.5,1.675,179.25
2023-04-27 20:00:00,174.5,1.275,174.5
2023-04-27 21:00:00,73.0,1.8,162.75
2023-04-27 22:00:00,58.25,2.025,164.75
2023-04-27 23:00:00,24.75,1.35,158.0
2023-04-28 00:00:00,34.25,0.5,175.25
2023-04-28 01:00:00,46.5,0.3,195.25
2023-04-28 02:00:00,45.75,0.4,194.0
2023-04-28 03:00:00,50.75,0.6000000000000001,162.0
2023-04-28 04:00:00,63.0,0.525,221.25
2023-04-28 05:00:00,74.5,0.35,155.0
2023-04-28 06:00:00,77.0,0.3,166.5
2023-04-28 07:00:00,89.5,0.4,174.0
2023-04-28 08:00:00,96.5,0.425,174.75
2023-04-28 09:00:00,117.25,0.45,201.0
2023-04-28 10:00:00,132.75,0.95,165.5
2023-04-28 11:00:00,138.25,0.45,197.5
2023-04-28 12:00:00,114.5,0.95,175.5
2023-04-28 13:00:00,68.25,1.375,176.5
2023-04-28 14:00:00,66.25,1.15,185.5
2023-04-28 15:00:00,52.0,0.7,177.0
2023-04-28 16:00:00,37.25,0.475,147.25
2023-04-28 17:00:00,47.0,0.425,90.0
2023-04-28 18:00:00,56.75,0.3,126.25
2023-04-28 19:00:00,95.0,0.3,141.0
2023-04-28 20:00:00,122.5,0.3,128.75
2023-04-28 21:00:00,129.0,0.3,122.0
2023-04-28 22:00:00,141.25,0.3,237.25
2023-04-28 23:00:00,133.5,0.3,165.5
2023-04-29 00:00:00,136.5,0.3,212.0
2023-04-29 01:00:00,136.75,0.3,203.25
2023-04-29 02:00:00,120.75,0.3,219.5
2023-04-29 03:00:00,119.75,0.425,233.25
2023-04-29 04:00:00,146.25,0.3,199.5
2023-04-29 05:00:00,145.5,0.3,212.25
2023-04-29 06:00:00,143.25,0.3,157.75
2023-04-29 07:00:00,144.5,1.325,170.0
2023-04-29 08:00:00,122.25,1.45,180.0
2023-04-29 09:00:00,101.75,1.05,172.25
2023-04-29 10:00:00,90.5,0.95,212.0
2023-04-29 11:00:00,87.0,0.925,197.0
2023-04-29 12:00:00,91.75,0.75,208.5
2023-04-29 13:00:00,97.75,1.2,179.75
2023-04-29 14:00:00,92.5,1.2,182.25
2023-04-29 15:00:00,69.75,1.25,175.25
2023-04-29 16:00:00,68.75,1.15,181.75
2023-04-29 17:00:00,66.5,1.1,177.75
2023-04-29 18:00:00,61.75,0.475,205.5
2023-04-29 19:00:00,67.0,0.3,127.75
2023-04-29 20:00:00,89.25,0.3,93.75
2023-04-29 21:00:00,102.0,0.3,100.75
2023-04-29 22:00:00,99.25,0.325,183.75
2023-04-29 23:00:00,82.25,0.45,196.0
2023-04-30 00:00:00,60.75,0.3,204.25
2023-04-30 01:00:00,70.0,0.875,158.5
2023-04-30 02:00:00,51.5,0.5,192.0
2023-04-30 03:00:00,50.5,0.3,135.5
2023-04-30 04:00:00,84.0,0.3,185.75
2023-04-30 05:00:00,92.25,0.375,156.5
2023-04-30 06:00:00,71.25,0.375,150.0
2023-04-30 07:00:00,57.5,1.25,184.75
2023-04-30 08:00:00,23.0,0.6499999999999999,166.5
2023-04-30 09:00:00,67.0,0.375,177.5
2023-04-30 10:00:00,66.75,0.8,143.0
2023-04-30 11:00:00,71.0,1.4,171.0
2023-04-30 12:00:00,89.75,1.55,150.75
2023-04-30 13:00:00,90.25,0.475,175.5
2023-04-30 14:00:00,54.5,0.45,168.75
2023-04-30 15:00:00,37.25,0.525,208.25
2023-04-30 16:00:00,28.0,0.45,178.25
2023-04-30 17:00:00,62.25,0.8,186.75
2023-04-30 18:00:00,73.5,0.925,206.0
2023-04-30 19:00:00,98.5,0.525,213.0
2023-04-30 20:00:00,97.75,0.575,181.5
2023-04-30 21:00:00,71.25,0.6,166.0
2023-04-30 22:00:00,63.75,0.55,183.0
2023-04-30 23:00:00,54.0,1.075,161.25
2023-05-01 00:00:00,50.75,2.175,142.25
2023-05-01 01:00:00,68.0,0.725,202.0
2023-05-01 02:00:00,45.0,1.275,183.0
2023-05-01 03:00:00,45.0,0.975,187.5
2023-05-01 04:00:00,59.0,0.95,202.75
2023-05-01 05:00:00,56.75,0.625,216.25
2023-05-01 06:00:00,54.0,0.625,219.5
2023-05-01 07:00:00,49.75,0.65,210.25
2023-05-01 08:00:00,10.25,1.1,182.5
2023-05-01 09:00:00,43.0,1.775,187.0
2023-05-01 10:00:00,59.5,1.525,201.0
2023-05-01 11:00:00,73.75,1.45,191.0
2023-05-01 12:00:00,92.75,1.35,202.75
2023-05-01 13:00:00,54.25,1.6,162.75
2023-05-01 14:00:00,34.75,1.225,161.0
2023-05-01 15:00:00,39.5,1.9,163.0
2023-05-01 16:00:00,20.0,0.8999999999999999,159.75
2023-05-01 17:00:00,40.5,1.4,140.25
2023-05-01 18:00:00,61.0,1.375,148.0
2023-05-01 19:00:00,71.0,0.725,164.5
2023-05-01 20:00:00,94.5,1.425,137.25
2023-05-01 21:00:00,72.66666666666667,1.425,149.75
2023-05-01 22:00:00,65.75,0.625,160.0
2023-05-01 23:00:00,49.0,0.825,173.0
2023-05-02 00:00:00,19.0,0.875,182.75
2023-05-02 01:00:00,47.0,0.575,197.0
2023-05-02 02:00:00,43.5,0.475,210.25
2023-05-02 03:00:00,37.75,0.875,207.25
2023-05-02 04:00:00,47.75,1.0,183.25
2023-05-02 05:00:00,33.25,0.9,191.75
2023-05-02 06:00:00,28.5,1.375,199.25
2023-05-02 07:00:00,30.0,1.125,196.75
2023-05-02 08:00:00,40.5,1.3,192.0
2023-05-02 09:00:00,51.0,1.475,178.75
2023-05-02 10:00:00,55.5,2.25,171.25
2023-05-02 11:00:00,74.25,1.825,172.75
2023-05-02 12:00:00,84.0,1.5,167.0
2023-05-02 13:00:00,63.75,1.775,178.75
2023-05-02 14:00:00,56.0,2.125,163.5
2023-05-02 15:00:00,46.75,2.025,174.5
2023-05-02 16:00:00,34.0,1.925,163.5
2023-05-02 17:00:00,52.0,1.525,164.5
2023-05-02 18:00:00,53.75,1.775,156.0
2023-05-02 19:00:00,60.75,1.55,157.0
2023-05-02 20:00:00,71.75,1.55,138.75
2023-05-02 21:00:00,83.75,0.725,145.0
2023-05-02 22:00:00,65.5,0.625,118.75
2023-05-02 23:00:00,51.25,0.475,141.25
2023-05-03 00:00:00,40.0,0.4,189.75
2023-05-03 01:00:00,64.0,0.5,192.5
2023-05-03 02:00:00,55.25,0.325,184.75
2023-05-03 03:00:00,60.5,0.3,168.0
2023-05-03 04:00:00,72.75,0.3,180.0
2023-05-03 05:00:00,75.5,0.425,155.5
2023-05-03 06:00:00,87.0,0.775,144.0
2023-05-03 07:00:00,52.25,0.75,187.5
2023-05-03 08:00:00,31.5,1.0,188.25
2023-05-03 09:00:00,72.25,1.4,173.5
2023-05-03 10:00:00,88.5,1.2,157.0
2023-05-03 11:00:00,78.75,1.2,166.25
2023-05-03 12:00:00,76.25,1.175,183.75
2023-05-03 13:00:00,80.5,1.95,185.25
2023-05-03 14:00:00,46.25,0.875,171.0
2023-05-03 15:00:00,20.0,0.425,169.75
2023-05-03 16:00:00,23.5,0.3,161.75
2023-05-03 17:00:00,27.0,0.4,168.5
2023-05-03 18:00:00,30.0,0.4,164.5
2023-05-03 19:00:00,38.75,0.45,185.75
2023-05-03 20:00:00,38.0,0.375,200.5
2023-05-03 21:00:00,57.0,0.325,223.0
2023-05-03 22:00:00,53.25,0.3,237.25
2023-05-03 23:00:00,36.5,0.3,220.25
2023-05-04 00:00:00,20.0,0.3,179.75
2023-05-04 01:00:00,57.0,0.3,207.75
2023-05-04 02:00:00,58.5,0.3,196.75
2023-05-04 03:00:00,61.0,0.3,166.5
2023-05-04 04:00:00,59.75,0.3,139.5
2023-05-04 05:00:00,70.75,0.3,155.25
2023-05-04 06:00:00,64.25,0.45,159.5
2023-05-04 07:00:00,74.25,0.725,183.5
2023-05-04 08:00:00,75.0,0.7250000000000001,182.25
2023-05-04 09:00:00,85.0,0.8500000000000001,167.75
2023-05-04 10:00:00,80.75,0.75,166.5
2023-05-04 11:00:00,66.25,0.975,173.25
2023-05-04 12:00:00,60.0,0.8,184.75
2023-05-04 13:00:00,58.5,0.75,180.25
2023-05-04 14:00:00,57.75,0.85,187.5
2023-05-04 15:00:00,35.0,0.85,153.5
2023-05-04 16:00:00,14.0,0.65,197.0
2023-05-04 17:00:00,55.0,0.325,209.75
2023-05-04 18:00:00,57.25,0.3,190.25
2023-05-04 19:00:00,73.25,0.3,135.0
2023-05-04 20:00:00,115.75,0.3,120.25
2023-05-04 21:00:00,152.5,0.3,163.75
2023-05-04 22:00:00,139.0,0.3,195.0
2023-05-04 23:00:00,154.0,0.3,209.75
2023-05-05 00:00:00,121.5,0.3,199.25
2023-05-05 01:00:00,128.5,0.3,275.5
2023-05-05 02:00:00,115.5,0.3,311.75
2023-05-05 03:00:00,102.5,0.3,305.0
2023-05-05 04:00:00,86.0,0.45,249.75
2023-05-05 05:00:00,84.0,0.3,274.0
2023-05-05 06:00:00,74.0,0.3,267.75
2023-05-05 07:00:00,58.5,0.3,233.5
2023-05-05 08:00:00,54.5,0.325,215.75
2023-05-05 09:00:00,82.0,0.4,201.5
2023-05-05 10:00:00,106.0,0.6,171.5
2023-05-05 11:00:00,104.75,0.6,214.75
2023-05-05 12:00:00,100.5,0.95,192.5
2023-05-05 13:00:00,90.75,1.175,183.75
2023-05-05 14:00:00,65.0,0.875,205.25
2023-05-05 15:00:00,54.75,1.0,205.5
2023-05-05 16:00:00,40.0,0.95,188.0
2023-05-05 17:00:00,61.5,0.65,168.5
2023-05-05 18:00:00,65.25,0.3,138.25
2023-05-05 19:00:00,81.75,0.3,142.0
2023-05-05 20:00:00,117.25,0.3,156.75
2023-05-05 21:00:00,136.0,0.3,152.25
2023-05-05 22:00:00,152.0,0.3,162.0
2023-05-05 23:00:00,147.25,0.3,165.75
2023-05-06 00:00:00,146.25,0.3,204.25
2023-05-06 01:00:00,196.25,0.3,178.25
2023-05-06 02:00:00,227.0,0.3,155.25
2023-05-06 03:00:00,224.75,0.3,222.0
2023-05-06 04:00:00,223.75,0.3,188.0
2023-05-06 05:00:00,236.75,0.3,144.25
2023-05-06 06:00:00,233.75,0.3,223.75
2023-05-06 07:00:00,267.0,0.4,194.0
2023-05-06 08:00:00,264.75,0.75,174.75
2023-05-06 09:00:00,212.0,0.975,205.75
2023-05-06 10:00:00,160.5,0.9,200.5
2023-05-06 11:00:00,86.75,1.0,193.75
2023-05-06 12:00:00,60.25,1.925,189.75
2023-05-06 13:00:00,58.5,1.175,197.25
2023-05-06 14:00:00,32.25,1.05,207.0
2023-05-06 15:00:00,9.75,1.325,193.75
2023-05-06 16:00:00,31.5,1.1,200.5
2023-05-06 17:00:00,36.75,1.0,179.25
2023-05-06 18:00:00,40.5,0.675,168.25
2023-05-06 19:00:00,49.25,0.3,213.75
2023-05-06 20:00:00,69.0,0.3,178.25
2023-05-06 21:00:00,95.5,0.3,186.75
2023-05-06 22:00:00,118.75,0.3,202.5
2023-05-06 23:00:00,131.75,0.3,247.5
2023-05-07 00:00:00,115.75,0.325,227.25
2023-05-07 01:00:00,119.75,0.3,241.75
2023-05-07 02:00:00,76.75,0.3,247.25
2023-05-07 03:00:00,70.0,0.3,234.0
2023-05-07 04:00:00,75.75,0.3,180.0
2023-05-07 05:00:00,65.5,0.3,177.5
2023-05-07 06:00:00,66.25,0.3,229.25
2023-05-07 07:00:00,61.75,0.425,206.0
2023-05-07 08:00:00,37.75,1.025,183.5
2023-05-07 09:00:00,65.75,1.25,170.0
2023-05-07 10:00:00,63.25,1.65,185.75
2023-05-07 11:00:00,68.25,1.45,195.25
2023-05-07 12:00:00,98.5,1.225,158.0
2023-05-07 13:00:00,164.5,1.0,179.5
2023-05-07 14:00:00,116.0,1.075,146.25
2023-05-07 15:00:00,78.5,0.525,177.5
2023-05-07 16:00:00,45.25,0.625,166.75
2023-05-07 17:00:00,71.5,1.25,153.0
2023-05-07 18:00:00,81.75,0.6,189.5
2023-05-07 19:00:00,75.0,0.85,174.25
2023-05-07 20:00:00,85.0,0.425,197.75
2023-05-07 21:00:00,86.75,0.3,175.5
2023-05-07 22:00:00,82.25,0.475,196.5
2023-05-07 23:00:00,74.75,0.35,193.25
2023-05-08 00:00:00,64.0,0.575,149.5
2023-05-08 01:00:00,84.75,0.3,249.25
2023-05-08 02:00:00,100.5,0.3,168.0
2023-05-08 03:00:00,101.5,0.35,182.25
2023-05-08 04:00:00,115.0,0.375,172.0
2023-05-08 05:00:00,103.75,0.425,191.75
2023-05-08 06:00:00,96.5,0.475,189.25
2023-05-08 07:00:00,91.25,0.875,168.5
2023-05-08 08:00:00,86.25,1.1,160.0
2023-05-08 09:00:00,97.0,1.975,157.0
2023-05-08 10:00:00,69.0,2.375,166.5
2023-05-08 11:00:00,58.25,2.15,175.25
2023-05-08 12:00:00,61.0,2.075,166.0
2023-05-08 13:00:00,55.5,1.35,166.25
2023-05-08 14:00:00,47.5,1.475,149.75
2023-05-08 15:00:00,40.25,1.475,156.0
2023-05-08 16:00:00,29.0,0.8,183.75
2023-05-08 17:00:00,49.0,0.725,163.25
2023-05-08 18:00:00,56.5,0.475,188.0
2023-05-08 19:00:00,66.5,0.3,198.5
2023-05-08 20:00:00,92.5,0.55,123.0
2023-05-08 21:00:00,114.75,0.325,144.75
2023-05-08 22:00:00,101.0,0.375,217.5
2023-05-08 23:00:00,104.0,0.3,207.75
2023-05-09 00:00:00,73.5,0.3,211.0
2023-05-09 01:00:00,89.75,0.3,214.75
2023-05-09 02:00:00,89.5,0.3999999999999999,203.75
2023-05-09 03:00:00,97.5,0.3999999999999999,141.5
2023-05-09 04:00:00,114.75,0.325,175.75
2023-05-09 05:00:00,112.75,0.3,176.75
2023-05-09 06:00:00,141.75,0.3,211.25
2023-05-09 07:00:00,187.0,0.65,169.5
2023-05-09 08:00:00,208.75,1.225,165.75
2023-05-09 09:00:00,258.5,1.15,179.75
2023-05-09 10:00:00,215.5,1.075,200.75
2023-05-09 11:00:00,139.25,0.9,203.5
2023-05-09 12:00:00,112.5,1.025,175.5
2023-05-09 13:00:00,82.5,0.8250000000000001,187.25
2023-05-09 14:00:00,71.25,0.8,167.0
2023-05-09 15:00:00,52.25,0.85,171.0
2023-05-09 16:00:00,59.25,0.55,192.25
2023-05-09 17:00:00,71.25,0.4,179.0
2023-05-09 18:00:00,77.25,0.3,168.0
2023-05-09 19:00:00,78.75,0.3,175.75
2023-05-09 20:00:00,96.75,0.375,172.0
2023-05-09 21:00:00,118.75,0.55,163.75
2023-05-09 22:00:00,122.75,0.475,164.5
2023-05-09 23:00:00,120.5,0.725,173.75
2023-05-10 00:00:00,124.5,0.625,167.5
2023-05-10 01:00:00,124.0,0.425,162.0
2023-05-10 02:00:00,127.5,0.325,159.75
2023-05-10 03:00:00,132.0,0.3,151.75
2023-05-10 04:00:00,152.75,0.3,182.5
2023-05-10 05:00:00,193.5,0.3,172.0
2023-05-10 06:00:00,209.5,0.3,181.25
2023-05-10 07:00:00,214.75,0.575,169.5
2023-05-10 08:00:00,225.5,0.9,172.25
2023-05-10 09:00:00,174.0,0.925,181.0
2023-05-10 10:00:00,94.25,1.225,196.75
2023-05-10 11:00:00,58.0,1.025,186.25
2023-05-10 12:00:00,46.0,1.0750000000000002,188.0
2023-05-10 13:00:00,48.25,0.775,201.75
2023-05-10 14:00:00,54.0,1.2,186.5
2023-05-10 15:00:00,57.5,1.175,185.75
2023-05-10 16:00:00,63.0,1.0,183.0
2023-05-10 17:00:00,31.25,0.575,166.75
2023-05-10 18:00:00,40.25,0.325,151.75
2023-05-10 19:00:00,70.5,0.3,121.5
2023-05-10 20:00:00,131.75,0.3,127.0
2023-05-10 21:00:00,189.25,0.3,158.5
2023-05-10 22:00:00,191.5,0.3,175.25
2023-05-10 23:00:00,169.0,0.3,202.0
2023-05-11 00:00:00,213.5,0.3,194.5
2023-05-11 01:00:00,266.0,0.3,245.25
2023-05-11 02:00:00,273.0,0.3,261.0
2023-05-11 03:00:00,280.0,0.3,272.25
2023-05-11 04:00:00,287.0,0.3,164.0
2023-05-11 05:00:00,283.25,0.3,165.75
2023-05-11 06:00:00,276.0,0.3,231.0
2023-05-11 07:00:00,288.0,0.3,225.0
2023-05-11 08:00:00,288.0,0.4,181.0
2023-05-11 09:00:00,249.0,0.375,218.75
2023-05-11 10:00:00,128.0,0.675,182.0
2023-05-11 11:00:00,104.5,0.8,184.5
2023-05-11 12:00:00,71.25,0.6,210.75
2023-05-11 13:00:00,73.5,0.8,189.25
2023-05-11 14:00:00,68.75,0.7,192.25
2023-05-11 15:00:00,68.0,0.6499999999999999,181.0
2023-05-11 16:00:00,67.91666666666667,0.5333333333333332,192.0
2023-05-11 17:00:00,67.83333333333333,0.41666666666666663,203.0
2023-05-11 18:00:00,67.75,0.3,214.0
2023-05-11 19:00:00,108.5,0.3,130.75
2023-05-11 20:00:00,182.5,0.3,160.25
2023-05-11 21:00:00,191.75,0.3,165.25
2023-05-11 22:00:00,181.0,0.3,151.25
2023-05-11 23:00:00,150.25,0.375,209.25
2023-05-12 00:00:00,122.5,0.3,200.25
2023-05-12 01:00:00,127.0,0.3,198.75
2023-05-12 02:00:00,134.25,0.3,199.75
2023-05-12 03:00:00,150.25,0.3,155.25
2023-05-12 04:00:00,132.25,0.3,167.75
2023-05-12 05:00:00,126.5,0.3,177.25
2023-05-12 06:00:00,116.25,0.3,189.5
2023-05-12 07:00:00,112.0,0.3,187.5
2023-05-12 08:00:00,93.75,0.45,197.5
2023-05-12 09:00:00,78.5,1.075,177.0
2023-05-12 10:00:00,69.25,1.125,168.25
2023-05-12 11:00:00,91.75,1.4,177.5
2023-05-12 12:00:00,83.5,1.4249999999999998,169.0
2023-05-12 13:00:00,52.25,0.925,182.25
2023-05-12 14:00:00,50.25,0.525,187.25
2023-05-12 15:00:00,41.5,0.6,196.75
2023-05-12 16:00:00,43.0,0.4,187.25
2023-05-12 17:00:00,55.5,0.325,146.25
2023-05-12 18:00:00,76.5,0.3,184.0
2023-05-12 19:00:00,110.25,0.775,144.0
2023-05-12 20:00:00,120.25,0.3,154.0
2023-05-12 21:00:00,129.25,0.3,165.75
2023-05-12 22:00:00,131.25,0.3,153.25
2023-05-12 23:00:00,144.5,0.3,181.25
2023-05-13 00:00:00,146.25,0.3,161.25
2023-05-13 01:00:00,141.25,0.3,174.0
2023-05-13 02:00:00,128.25,0.3,181.5
2023-05-13 03:00:00,138.25,0.3,183.0
2023-05-13 04:00:00,128.5,0.325,185.0
2023-05-13 05:00:00,123.5,0.3999999999999999,161.0
2023-05-13 06:00:00,123.75,0.3,155.5
2023-05-13 07:00:00,127.5,0.7250000000000001,195.25
2023-05-13 08:00:00,122.5,1.475,127.0
2023-05-13 09:00:00,116.5,1.025,174.25
2023-05-13 10:00:00,105.75,0.525,199.75
2023-05-13 11:00:00,124.25,0.875,165.25
2023-05-13 12:00:00,146.75,1.95,151.25
2023-05-13 13:00:00,116.5,2.0500000000000003,153.75
2023-05-13 14:00:00,96.0,1.525,161.5
2023-05-13 15:00:00,80.25,0.95,182.5
2023-05-13 16:00:00,66.5,0.6499999999999999,161.25
2023-05-13 17:00:00,62.5,0.3,258.0
2023-05-13 18:00:00,84.0,0.3,182.25
2023-05-13 19:00:00,132.25,0.3,134.25
2023-05-13 20:00:00,174.0,0.45,185.5
2023-05-13 21:00:00,161.75,0.3,153.25
2023-05-13 22:00:00,160.25,0.3,155.0
2023-05-13 23:00:00,150.5,0.3,185.75
2023-05-14 00:00:00,131.75,0.3,192.5
2023-05-14 01:00:00,137.0,0.3,168.25
2023-05-14 02:00:00,128.25,0.35,166.75
2023-05-14 03:00:00,159.25,0.3,160.5
2023-05-14 04:00:00,169.5,0.3,135.75
2023-05-14 05:00:00,173.0,0.35,171.5
2023-05-14 06:00:00,173.75,0.3,217.25
2023-05-14 07:00:00,155.25,0.45,262.25
2023-05-14 08:00:00,155.25,0.975,173.0
2023-05-14 09:00:00,175.0,1.175,157.5
2023-05-14 10:00:00,163.0,1.275,173.5
2023-05-14 11:00:00,161.0,1.525,148.75
2023-05-14 12:00:00,122.5,1.35,155.0
2023-05-14 13:00:00,103.5,0.975,163.25
2023-05-14 14:00:00,94.5,0.575,192.5
2023-05-14 15:00:00,85.5,0.45,163.0
2023-05-14 16:00:00,72.25,0.525,178.75
2023-05-14 17:00:00,75.0,0.425,168.5
2023-05-14 18:00:00,90.25,0.3,140.5
2023-05-14 19:00:00,120.75,0.575,179.0
2023-05-14 20:00:00,128.0,0.3,146.75
2023-05-14 21:00:00,117.25,0.4,187.5
2023-05-14 22:00:00,83.25,0.325,186.75
2023-05-14 23:00:00,49.75,0.3,260.5
2023-05-15 00:00:00,46.25,1.6,188.25
2023-05-15 01:00:00,46.25,2.25,184.0
2023-05-15 02:00:00,40.5,1.95,183.25
2023-05-15 03:00:00,29.75,1.325,181.25
2023-05-15 04:00:00,27.25,0.475,176.75
2023-05-15 05:00:00,23.25,0.35,212.25
2023-05-15 06:00:00,31.5,0.375,202.75
2023-05-15 07:00:00,41.0,0.475,172.0
2023-05-15 08:00:00,28.75,1.125,175.5
2023-05-15 09:00:00,29.75,1.125,184.0
2023-05-15 10:00:00,42.75,1.225,191.5
2023-05-15 11:00:00,65.0,0.8250000000000001,204.0
2023-05-15 12:00:00,59.5,0.65,206.25
2023-05-15 13:00:00,53.75,0.75,170.75
2023-05-15 14:00:00,57.5,1.0,174.5
2023-05-15 15:00:00,52.75,0.625,199.75
2023-05-15 16:00:00,51.75,0.625,200.0
2023-05-15 17:00:00,53.0,0.3,144.75
2023-05-15 18:00:00,69.5,0.325,177.75
2023-05-15 19:00:00,96.0,0.3,262.75
2023-05-15 20:00:00,76.0,0.575,215.25
2023-05-15 21:00:00,59.75,2.65,177.25
2023-05-15 22:00:00,81.5,2.25,177.75
2023-05-15 23:00:00,136.0,2.925,180.75
2023-05-16 00:00:00,60.0,2.225,176.0
2023-05-16 01:00:00,31.25,2.7,178.25
2023-05-16 02:00:00,35.25,2.575,178.5
2023-05-16 03:00:00,39.5,2.6,177.75
2023-05-16 04:00:00,65.0,2.25,175.0
2023-05-16 05:00:00,154.75,1.85,170.25
2023-05-16 06:00:00,286.25,0.7,172.25
2023-05-16 07:00:00,318.0,0.7,187.25
2023-05-16 08:00:00,499.25,0.85,183.5
2023-05-16 09:00:00,683.0,0.875,181.5
2023-05-16 10:00:00,858.0,0.75,181.0
2023-05-16 11:00:00,759.0,0.675,187.25
2023-05-16 12:00:00,449.25,0.8500000000000001,170.25
2023-05-16 13:00:00,395.25,1.025,169.5
2023-05-16 14:00:00,287.25,1.5,174.25
2023-05-16 15:00:00,91.5,1.275,163.5
2023-05-16 16:00:00,58.25,0.675,169.75
2023-05-16 17:00:00,93.75,0.4,169.0
2023-05-16 18:00:00,147.75,0.3,155.0
2023-05-16 19:00:00,194.0,0.3,160.0
2023-05-16 20:00:00,226.0,0.3,163.25
2023-05-16 21:00:00,248.5,0.3,181.5
2023-05-16 22:00:00,242.5,0.3,190.5
2023-05-16 23:00:00,248.0,0.3,192.5
2023-05-17 00:00:00,286.0,0.3,190.5
2023-05-17 01:00:00,296.0,0.3,188.25
2023-05-17 02:00:00,259.5,0.3,179.25
2023-05-17 03:00:00,272.0,0.3,181.25
2023-05-17 04:00:00,255.75,0.3,16.25
2023-05-17 05:00:00,236.25,0.3,157.0
2023-05-17 06:00:00,209.5,0.3,209.25
2023-05-17 07:00:00,173.75,0.7,177.0
2023-05-17 08:00:00,129.5,0.75,171.25
2023-05-17 09:00:00,130.25,0.7,181.0
2023-05-17 10:00:00,88.5,0.6,213.0
2023-05-17 11:00:00,78.75,0.75,178.5
2023-05-17 12:00:00,78.75,1.0,168.0
2023-05-17 13:00:00,73.5,1.1,183.75
2023-05-17 14:00:00,82.0,1.125,179.5
2023-05-17 15:00:00,90.75,0.75,187.0
2023-05-17 16:00:00,80.0,0.325,209.0
2023-05-17 17:00:00,84.5,0.35,194.75
2023-05-17 18:00:00,112.5,0.6,179.25
2023-05-17 19:00:00,125.75,0.45,175.0
2023-05-17 20:00:00,109.25,1.375,195.25
2023-05-17 21:00:00,79.75,0.65,223.5
2023-05-17 22:00:00,50.0,1.025,197.25
2023-05-17 23:00:00,40.25,0.7,182.25
2023-05-18 00:00:00,39.75,1.1,214.0
2023-05-18 01:00:00,59.5,0.675,186.25
2023-05-18 02:00:00,29.75,0.825,174.0
2023-05-18 03:00:00,76.25,1.975,188.0
2023-05-18 04:00:00,122.5,1.75,199.5
2023-05-18 05:00:00,49.5,1.85,152.0
2023-05-18 06:00:00,43.25,2.3,146.0
2023-05-18 07:00:00,42.0,2.875,132.0
2023-05-18 08:00:00,33.25,1.4,172.0
2023-05-18 09:00:00,51.0,1.6749999999999998,144.0
2023-05-18 10:00:00,52.75,0.9,183.0
2023-05-18 11:00:00,67.0,1.05,172.75
2023-05-18 12:00:00,63.5,1.05,162.5
2023-05-18 13:00:00,46.25,1.25,170.25
2023-05-18 14:00:00,67.25,1.025,197.0
2023-05-18 15:00:00,75.5,1.225,185.0
2023-05-18 16:00:00,59.25,1.15,185.0
2023-05-18 17:00:00,80.75,0.95,203.0
2023-05-18 18:00:00,91.0,0.975,188.75
2023-05-18 19:00:00,89.5,0.75,158.5
2023-05-18 20:00:00,66.0,0.575,159.75
2023-05-18 21:00:00,63.0,0.35,159.25
2023-05-18 22:00:00,64.0,0.3,168.75
2023-05-18 23:00:00,64.5,0.55,166.0
2023-05-19 00:00:00,62.5,0.45,168.75
2023-05-19 01:00:00,73.25,0.3,170.5
2023-05-19 02:00:00,60.5,0.375,171.5
2023-05-19 03:00:00,79.0,0.4,174.0
2023-05-19 04:00:00,98.25,0.325,175.0
2023-05-19 05:00:00,130.75,0.35,175.5
2023-05-19 06:00:00,184.5,0.5,176.25
2023-05-19 07:00:00,159.0,1.025,168.25
2023-05-19 08:00:00,128.25,1.15,179.5
2023-05-19 09:00:00,113.0,1.05,186.5
2023-05-19 10:00:00,98.75,1.225,190.0
2023-05-19 11:00:00,87.0,1.3,186.0
2023-05-19 12:00:00,70.75,1.35,186.0
2023-05-19 13:00:00,66.0,1.525,185.75
2023-05-19 14:00:00,66.0,1.375,189.25
2023-05-19 15:00:00,77.5,1.375,184.0
2023-05-19 16:00:00,88.75,1.25,185.0
2023-05-19 17:00:00,92.5,0.925,177.0
2023-05-19 18:00:00,72.5,0.5750000000000001,172.75
2023-05-19 19:00:00,85.0,0.3,155.5
2023-05-19 20:00:00,104.75,0.3,163.25
2023-05-19 21:00:00,118.25,0.3,173.75
2023-05-19 22:00:00,116.5,0.4,172.25
2023-05-19 23:00:00,118.0,0.425,168.75
2023-05-20 00:00:00,105.0,0.3,172.25
2023-05-20 01:00:00,94.0,0.3,184.5
2023-05-20 02:00:00,78.0,0.3,179.75
2023-05-20 03:00:00,68.0,0.3,187.0
2023-05-20 04:00:00,63.0,0.3,207.25
2023-05-20 05:00:00,119.0,0.3,174.5
2023-05-20 06:00:00,144.0,0.325,194.75
2023-05-20 07:00:00,161.0,0.7,186.25
2023-05-20 08:00:00,92.0,0.95,179.75
2023-05-20 09:00:00,78.0,0.9,201.25
2023-05-20 10:00:00,92.0,0.95,191.0
2023-05-20 11:00:00,86.0,1.075,189.25
2023-05-20 12:00:00,68.0,1.125,188.75
2023-05-20 13:00:00,86.0,1.125,206.5
2023-05-20 14:00:00,46.0,1.175,198.0
2023-05-20 15:00:00,44.0,1.3,187.25
2023-05-20 16:00:00,39.0,1.475,187.0
2023-05-20 17:00:00,39.0,0.95,175.5
2023-05-20 18:00:00,63.0,0.35,144.0
2023-05-20 19:00:00,61.0,0.3,121.5
2023-05-20 20:00:00,96.0,0.3,134.0
2023-05-20 21:00:00,156.0,0.3,115.75
2023-05-20 22:00:00,199.0,0.3,136.25
2023-05-20 23:00:00,169.0,0.3,145.5
2023-05-21 00:00:00,118.0,0.3,157.0
2023-05-21 01:00:00,107.0,0.3,219.5
2023-05-21 02:00:00,100.0,0.3,206.75
2023-05-21 03:00:00,89.0,0.3,175.5
2023-05-21 04:00:00,84.0,0.3,169.0
2023-05-21 05:00:00,94.0,0.3,153.0
2023-05-21 06:00:00,91.0,0.3,267.25
2023-05-21 07:00:00,121.0,0.3,129.5
2023-05-21 08:00:00,138.0,0.6,203.25
2023-05-21 09:00:00,122.0,0.6,177.75
2023-05-21 10:00:00,90.0,0.925,166.25
2023-05-21 11:00:00,72.0,0.8,174.75
2023-05-21 12:00:00,53.0,1.025,187.5
2023-05-21 13:00:00,53.0,1.075,191.5
2023-05-21 14:00:00,62.0,1.175,192.5
2023-05-21 15:00:00,45.0,1.1,192.25
2023-05-21 16:00:00,25.0,0.925,187.5
2023-05-21 17:00:00,33.0,0.575,169.0
2023-05-21 18:00:00,40.0,0.3,137.75
2023-05-21 19:00:00,75.0,0.3,122.75
2023-05-21 20:00:00,146.0,0.3,119.5
2023-05-21 21:00:00,150.66666666666666,0.3,121.75
2023-05-21 22:00:00,155.33333333333334,0.3,162.25
2023-05-21 23:00:00,160.0,0.3,209.5
2023-05-22 00:00:00,132.0,0.3,183.25
2023-05-22 01:00:00,124.0,0.3,161.0
2023-05-22 02:00:00,113.0,0.375,199.75
2023-05-22 03:00:00,110.0,0.325,189.25
2023-05-22 04:00:00,84.0,0.425,204.25
2023-05-22 05:00:00,55.0,0.475,190.0
2023-05-22 06:00:00,55.0,0.575,184.5
2023-05-22 07:00:00,57.0,1.025,179.0
2023-05-22 08:00:00,70.0,2.075,171.5
2023-05-22 09:00:00,88.0,1.7999999999999998,177.0
2023-05-22 10:00:00,81.0,2.125,177.5
2023-05-22 11:00:00,74.0,2.2,182.75
2023-05-22 12:00:00,72.0,1.9,181.0
2023-05-22 13:00:00,74.0,2.15,182.25
2023-05-22 14:00:00,73.58333333333333,1.775,178.5
2023-05-22 15:00:00,73.16666666666667,1.4,187.75
2023-05-22 16:00:00,72.75,1.275,184.75
2023-05-22 17:00:00,,0.975,169.0
2023-05-22 18:00:00,,0.55,167.0
2023-05-22 19:00:00,,0.375,178.0
2023-05-22 20:00:00,,0.3,196.25
2023-05-22 21:00:00,,0.3,185.0
2023-05-22 22:00:00,,0.3,184.5
2023-05-22 23:00:00,,0.3,221.25
2023-05-23 00:00:00,,0.3,231.25
2023-05-23 01:00:00,,0.3,233.25
2023-05-23 02:00:00,,0.325,201.25
2023-05-23 03:00:00,,0.8500000000000001,180.25
2023-05-23 04:00:00,,0.6,175.75
2023-05-23 05:00:00,,0.45,189.5
2023-05-23 06:00:00,,1.275,180.75
2023-05-23 07:00:00,,1.5,178.0
2023-05-23 08:00:00,,1.75,181.25
2023-05-23 09:00:00,,1.55,176.25
2023-05-23 10:00:00,,1.375,185.0
2023-05-23 11:00:00,,1.675,171.0
2023-05-23 12:00:00,,1.4,178.25
2023-05-23 13:00:00,64.0,1.725,168.75
2023-05-23 14:00:00,41.0,1.425,190.75
2023-05-23 15:00:00,58.0,1.25,194.25
2023-05-23 16:00:00,41.0,0.875,174.25
2023-05-23 17:00:00,51.0,2.0,175.0
2023-05-23 18:00:00,58.0,1.725,179.25
2023-05-23 19:00:00,81.0,2.275,177.25
2023-05-23 20:00:00,185.0,2.575,175.0
2023-05-23 21:00:00,169.0,1.825,179.5
2023-05-23 22:00:00,107.0,0.8500000000000001,156.75
2023-05-23 23:00:00,56.0,1.75,179.75
2023-05-24 00:00:00,169.0,2.375,129.5
2023-05-24 01:00:00,58.0,0.8999999999999999,179.0
2023-05-24 02:00:00,42.0,0.6499999999999999,158.0
2023-05-24 03:00:00,116.0,0.5,175.5
2023-05-24 04:00:00,47.0,0.675,187.0
2023-05-24 05:00:00,57.0,0.7,166.5
2023-05-24 06:00:00,59.0,0.35,241.5
2023-05-24 07:00:00,47.0,1.25,190.5
2023-05-24 08:00:00,47.0,1.2,161.25
2023-05-24 09:00:00,63.0,1.025,182.75
2023-05-24 10:00:00,48.0,2.35,154.5
2023-05-24 11:00:00,51.0,1.725,186.25
2023-05-24 12:00:00,52.0,2.1,194.25
2023-05-24 13:00:00,58.0,2.5,168.75
2023-05-24 14:00:00,45.0,2.1,175.0
2023-05-24 15:00:00,38.0,1.45,182.0
2023-05-24 16:00:00,34.0,1.15,175.5
2023-05-24 17:00:00,30.0,1.0,189.5
2023-05-24 18:00:00,30.0,0.575,206.25
2023-05-24 19:00:00,35.0,0.725,180.25
2023-05-24 20:00:00,41.0,1.95,178.25
2023-05-24 21:00:00,30.0,2.025,176.5
2023-05-24 22:00:00,27.0,0.9,178.0
2023-05-24 23:00:00,20.0,1.475,145.0
2023-05-25 00:00:00,22.0,0.55,174.75
2023-05-25 01:00:00,40.0,0.325,187.5
2023-05-25 02:00:00,25.0,0.75,201.0
2023-05-25 03:00:00,28.0,1.05,160.75
2023-05-25 04:00:00,22.0,0.525,170.75
2023-05-25 05:00:00,13.0,0.375,175.25
2023-05-25 06:00:00,19.0,0.325,196.5
2023-05-25 07:00:00,20.0,0.625,180.75
2023-05-25 08:00:00,22.0,0.825,165.5
2023-05-25 09:00:00,70.0,1.175,181.0
2023-05-25 10:00:00,57.0,1.025,204.25
2023-05-25 11:00:00,38.0,1.05,172.5
2023-05-25 12:00:00,38.0,0.975,182.5
2023-05-25 13:00:00,52.0,1.0750000000000002,181.25
2023-05-25 14:00:00,40.0,0.975,169.5
2023-05-25 15:00:00,47.0,0.8,183.0
2023-05-25 16:00:00,40.0,0.55,207.75
2023-05-25 17:00:00,52.0,0.625,176.5
2023-05-25 18:00:00,52.0,0.8999999999999999,177.5
2023-05-25 19:00:00,72.0,1.175,184.0
2023-05-25 20:00:00,75.0,1.925,179.5
2023-05-25 21:00:00,56.0,0.95,186.25
2023-05-25 22:00:00,16.0,1.5499999999999998,184.25
2023-05-25 23:00:00,25.0,0.425,189.75
2023-05-26 00:00:00,27.0,1.175,182.5
2023-05-26 01:00:00,25.0,1.175,189.25
2023-05-26 02:00:00,12.0,0.65,178.25
2023-05-26 03:00:00,6.0,0.675,174.25
2023-05-26 04:00:00,9.0,0.35,184.5
2023-05-26 05:00:00,13.0,0.425,176.75
2023-05-26 06:00:00,23.0,0.3,203.25
2023-05-26 07:00:00,29.0,0.775,174.25
2023-05-26 08:00:00,17.0,0.775,209.0
2023-05-26 09:00:00,19.0,0.8,194.25
2023-05-26 10:00:00,35.0,0.975,178.75
2023-05-26 11:00:00,45.0,1.075,197.75
2023-05-26 12:00:00,36.0,0.925,195.75
2023-05-26 13:00:00,34.0,1.375,182.0
2023-05-26 14:00:00,36.0,0.925,180.5
2023-05-26 15:00:00,30.0,1.0,170.25
2023-05-26 16:00:00,38.0,0.925,177.75
2023-05-26 17:00:00,31.0,0.775,178.75
2023-05-26 18:00:00,41.0,0.375,219.0
2023-05-26 19:00:00,41.0,0.3,260.25
2023-05-26 20:00:00,64.0,0.3,257.0
2023-05-26 21:00:00,72.0,0.3,242.25
2023-05-26 22:00:00,90.0,0.35,236.25
2023-05-26 23:00:00,64.0,0.375,207.0
2023-05-27 00:00:00,62.0,0.35,242.0
2023-05-27 01:00:00,62.0,0.375,236.75
2023-05-27 02:00:00,34.0,0.3,228.5
2023-05-27 03:00:00,34.0,0.375,117.25
2023-05-27 04:00:00,31.0,0.375,200.5
2023-05-27 05:00:00,33.0,0.7749999999999999,185.75
2023-05-27 06:00:00,90.0,2.1,186.5
2023-05-27 07:00:00,24.75,0.325,172.0
2023-05-27 08:00:00,11.25,1.55,172.25
2023-05-27 09:00:00,9.5,0.9,219.5
2023-05-27 10:00:00,10.5,1.55,197.75
2023-05-27 11:00:00,12.25,1.725,179.25
2023-05-27 12:00:00,22.5,1.4,149.5
2023-05-27 13:00:00,23.0,0.925,177.25
2023-05-27 14:00:00,21.75,0.7,193.25
2023-05-27 15:00:00,29.0,0.6,192.75
2023-05-27 16:00:00,37.25,0.55,202.25
2023-05-27 17:00:00,44.0,0.3,173.5
2023-05-27 18:00:00,44.25,0.3,140.5
2023-05-27 19:00:00,49.5,0.3,168.5
2023-05-27 20:00:00,73.75,0.3,114.5
2023-05-27 21:00:00,105.75,0.3,133.5
2023-05-27 22:00:00,102.75,0.3,197.5
2023-05-27 23:00:00,93.5,0.3,178.0
2023-05-28 00:00:00,88.5,0.3,262.5
2023-05-28 01:00:00,88.5,0.3,261.5
2023-05-28 02:00:00,69.5,0.3,180.0
2023-05-28 03:00:00,77.25,0.3,221.75
2023-05-28 04:00:00,68.75,0.3,183.75
2023-05-28 05:00:00,67.5,0.3,241.25
2023-05-28 06:00:00,68.0,0.3,208.75
2023-05-28 07:00:00,71.5,0.4,194.75
2023-05-28 08:00:00,59.0,1.0499999999999998,176.75
2023-05-28 09:00:00,47.0,1.625,162.5
2023-05-28 10:00:00,55.75,1.425,175.0
2023-05-28 11:00:00,61.0,1.375,186.0
2023-05-28 12:00:00,74.75,1.15,185.75
2023-05-28 13:00:00,58.25,1.175,174.75
2023-05-28 14:00:00,46.25,0.7250000000000001,180.25
2023-05-28 15:00:00,44.75,0.925,190.75
2023-05-28 16:00:00,47.75,0.725,178.25
2023-05-28 17:00:00,50.75,0.375,192.0
2023-05-28 18:00:00,56.25,0.3,143.5
2023-05-28 19:00:00,72.0,0.3,183.75
2023-05-28 20:00:00,91.0,0.3,230.75
2023-05-28 21:00:00,93.5,0.55,263.75
2023-05-28 22:00:00,83.75,1.35,176.5
2023-05-28 23:00:00,54.5,0.325,179.25
2023-05-29 00:00:00,43.25,0.45,174.0
2023-05-29 01:00:00,49.25,1.675,176.25
2023-05-29 02:00:00,46.25,1.075,179.75
2023-05-29 03:00:00,40.5,0.8250000000000001,189.25
2023-05-29 04:00:00,28.75,0.3,164.25
2023-05-29 05:00:00,26.5,0.45,160.75
2023-05-29 06:00:00,33.5,0.3,161.25
2023-05-29 07:00:00,43.25,0.5,155.0
2023-05-29 08:00:00,52.75,0.55,168.5
2023-05-29 09:00:00,59.75,0.8,158.25
2023-05-29 10:00:00,58.75,1.1,165.0
2023-05-29 11:00:00,66.25,1.55,158.5
2023-05-29 12:00:00,61.75,1.25,181.5
2023-05-29 13:00:00,58.25,1.625,171.0
2023-05-29 14:00:00,68.25,1.35,184.0
2023-05-29 15:00:00,59.25,1.025,216.0
2023-05-29 16:00:00,32.5,0.3,204.75
2023-05-29 17:00:00,41.25,0.3,169.5
2023-05-29 18:00:00,44.25,0.325,184.75
2023-05-29 19:00:00,48.5,0.3,143.5
2023-05-29 20:00:00,70.5,0.3,171.25
2023-05-29 21:00:00,79.75,0.3,186.25
2023-05-29 22:00:00,83.5,0.45,199.0
2023-05-29 23:00:00,71.25,0.4,177.75
2023-05-30 00:00:00,49.0,0.3,177.5
2023-05-30 01:00:00,53.0,0.3,169.0
2023-05-30 02:00:00,55.0,0.325,154.25
2023-05-30 03:00:00,54.25,0.3,155.25
2023-05-30 04:00:00,65.5,0.3,163.0
2023-05-30 05:00:00,76.0,0.375,175.5
2023-05-30 06:00:00,65.75,0.325,168.5
2023-05-30 07:00:00,60.75,0.3,186.5
2023-05-30 08:00:00,57.0,0.65,182.0
2023-05-30 09:00:00,57.25,0.525,177.25
2023-05-30 10:00:00,58.0,1.075,172.0
2023-05-30 11:00:00,55.25,1.175,182.5
2023-05-30 12:00:00,46.5,1.275,185.5
2023-05-30 13:00:00,43.25,1.175,178.75
2023-05-30 14:00:00,35.5,1.275,182.75
2023-05-30 15:00:00,28.75,1.15,186.5
2023-05-30 16:00:00,30.5,0.725,169.0
2023-05-30 17:00:00,30.0,0.325,173.75
2023-05-30 18:00:00,44.5,3.125,178.25
2023-05-30 19:00:00,63.75,1.375,174.75
2023-05-30 20:00:00,20.25,0.3,156.5
2023-05-30 21:00:00,28.5,0.3,161.5
2023-05-30 22:00:00,34.25,0.3,159.25
2023-05-30 23:00:00,39.75,0.3,174.75
2023-05-31 00:00:00,46.5,0.3,145.75
2023-05-31 01:00:00,51.0,0.3,173.0
2023-05-31 02:00:00,73.5,0.3,182.75
2023-05-31 03:00:00,143.0,0.3,174.5
2023-05-31 04:00:00,124.75,0.8,180.25
2023-05-31 05:00:00,45.0,0.45,172.5
2023-05-31 06:00:00,25.0,0.875,183.75
2023-05-31 07:00:00,31.5,0.6,174.0
2023-05-31 08:00:00,39.75,1.275,172.0
2023-05-31 09:00:00,36.0,1.3250000000000002,177.75
2023-05-31 10:00:00,41.0,1.1,183.0
2023-05-31 11:00:00,27.75,1.45,175.0
2023-05-31 12:00:00,26.75,1.525,177.0
2023-05-31 13:00:00,35.0,1.175,190.75
2023-05-31 14:00:00,24.0,1.625,176.75
2023-05-31 15:00:00,25.0,1.7,176.25
2023-05-31 16:00:00,27.0,1.6,174.0
2023-05-31 17:00:00,21.0,1.3,195.25
2023-05-31 18:00:00,12.0,0.375,193.25
2023-05-31 19:00:00,15.25,0.3,189.0
2023-05-31 20:00:00,30.0,0.3,177.75
2023-05-31 21:00:00,47.0,0.3,149.75
2023-05-31 22:00:00,53.0,0.3,160.5
2023-05-31 23:00:00,54.0,0.3,155.25
2023-06-01 00:00:00,58.0,0.3,168.5
2023-06-01 01:00:00,60.5,0.3,159.25
2023-06-01 02:00:00,61.25,0.3,167.25
2023-06-01 03:00:00,69.0,0.3,169.25
2023-06-01 04:00:00,70.75,0.3,176.5
2023-06-01 05:00:00,64.0,0.3,159.75
2023-06-01 06:00:00,69.75,0.4499999999999999,172.75
2023-06-01 07:00:00,104.75,0.35,176.0
2023-06-01 08:00:00,70.25,1.1,173.5
2023-06-01 09:00:00,51.25,2.25,177.0
2023-06-01 10:00:00,48.0,0.875,201.75
2023-06-01 11:00:00,30.25,1.05,195.25
2023-06-01 12:00:00,39.5,0.6000000000000001,188.25
2023-06-01 13:00:00,38.0,0.75,177.0
2023-06-01 14:00:00,40.0,0.7,177.0
2023-06-01 15:00:00,46.5,0.725,184.0
2023-06-01 16:00:00,48.75,0.6,187.5
2023-06-01 17:00:00,48.25,0.95,178.25
2023-06-01 18:00:00,36.25,0.6,174.25
2023-06-01 19:00:00,27.0,0.3,155.0
2023-06-01 20:00:00,42.25,0.3,195.25
2023-06-01 21:00:00,69.25,0.3,174.25
2023-06-01 22:00:00,71.5,0.4,165.0
2023-06-01 23:00:00,80.5,0.3,174.75
2023-06-02 00:00:00,67.25,0.3,173.25
2023-06-02 01:00:00,67.0,0.3,171.75
2023-06-02 02:00:00,69.5,0.3,187.75
2023-06-02 03:00:00,83.75,0.3,182.25
2023-06-02 04:00:00,80.5,0.3,167.5
2023-06-02 05:00:00,100.0,0.3,177.75
2023-06-02 06:00:00,119.25,0.3,167.5
2023-06-02 07:00:00,85.25,0.425,188.5
2023-06-02 08:00:00,48.75,0.425,193.5
2023-06-02 09:00:00,35.25,0.675,157.5
2023-06-02 10:00:00,33.25,0.75,162.5
2023-06-02 11:00:00,33.0,0.85,184.75
2023-06-02 12:00:00,30.0,1.1,185.75
2023-06-02 13:00:00,31.5,1.175,195.0
2023-06-02 14:00:00,34.5,0.75,207.5
2023-06-02 15:00:00,30.25,0.9,186.5
2023-06-02 16:00:00,32.0,0.775,181.5
2023-06-02 17:00:00,34.5,0.6,169.0
2023-06-02 18:00:00,41.75,0.55,161.5
2023-06-02 19:00:00,64.75,0.35,171.75
2023-06-02 20:00:00,53.25,0.3,156.5
2023-06-02 21:00:00,50.75,0.3,157.5
2023-06-02 22:00:00,61.75,0.3,161.75
2023-06-02 23:00:00,70.0,0.3,158.25
2023-06-03 00:00:00,71.0,0.3,155.75
2023-06-03 01:00:00,79.75,0.3,160.0
2023-06-03 02:00:00,89.25,0.3,171.25
2023-06-03 03:00:00,64.75,0.3,162.75
2023-06-03 04:00:00,61.75,0.3,159.25
2023-06-03 05:00:00,66.0,0.3,181.75
2023-06-03 06:00:00,70.75,0.3,151.0
2023-06-03 07:00:00,67.0,0.3,148.5
2023-06-03 08:00:00,35.0,0.425,164.5
2023-06-03 09:00:00,3.0,0.7,178.0
2023-06-03 10:00:00,3.0,1.025,178.0
2023-06-03 11:00:00,46.0,1.475,181.25
2023-06-03 12:00:00,46.0,1.725,177.5
2023-06-03 13:00:00,44.5,1.425,190.75
2023-06-03 14:00:00,42.5,1.075,181.75
2023-06-03 15:00:00,42.25,0.9,187.5
2023-06-03 16:00:00,22.5,0.875,179.25
2023-06-03 17:00:00,33.5,0.625,172.25
2023-06-03 18:00:00,34.75,0.35,157.25
2023-06-03 19:00:00,42.5,0.3,181.5
2023-06-03 20:00:00,75.25,0.3,161.25
2023-06-03 21:00:00,103.25,0.3,158.25
2023-06-03 22:00:00,115.25,0.325,159.75
2023-06-03 23:00:00,94.25,0.3,152.75
2023-06-04 00:00:00,97.25,0.3,172.25
2023-06-04 01:00:00,108.25,0.3,197.75
2023-06-04 02:00:00,95.25,0.3,178.5
2023-06-04 03:00:00,100.5,0.35,229.5
2023-06-04 04:00:00,118.0,0.325,186.5
2023-06-04 05:00:00,152.5,0.55,185.5
2023-06-04 06:00:00,122.25,1.0,177.75
2023-06-04 07:00:00,71.5,0.3,173.75
2023-06-04 08:00:00,75.0,0.3,176.0
2023-06-04 09:00:00,87.75,0.45,176.5
2023-06-04 10:00:00,78.25,0.525,128.0
2023-06-04 11:00:00,73.75,0.4,138.25
2023-06-04 12:00:00,86.5,0.525,184.25
2023-06-04 13:00:00,90.5,0.55,169.5
2023-06-04 14:00:00,87.75,0.475,169.25
2023-06-04 15:00:00,84.5,0.4,179.0
2023-06-04 16:00:00,88.25,0.675,173.25
2023-06-04 17:00:00,88.25,0.6499999999999999,174.75
2023-06-04 18:00:00,70.75,0.4499999999999999,185.0
2023-06-04 19:00:00,79.5,0.3,226.0
2023-06-04 20:00:00,82.75,0.3,241.25
2023-06-04 21:00:00,88.5,0.3,193.25
2023-06-04 22:00:00,92.25,0.3,197.75
2023-06-04 23:00:00,100.75,0.3,180.25
2023-06-05 00:00:00,124.25,0.3,215.5
2023-06-05 01:00:00,161.75,0.3,211.75
2023-06-05 02:00:00,101.25,0.3,200.25
2023-06-05 03:00:00,73.0,0.3,214.75
2023-06-05 04:00:00,65.0,0.3999999999999999,187.5
2023-06-05 05:00:00,65.5,0.375,171.75
2023-06-05 06:00:00,86.75,0.3,180.5
2023-06-05 07:00:00,91.0,0.325,180.75
2023-06-05 08:00:00,83.5,0.8500000000000001,167.25
2023-06-05 09:00:00,69.5,1.075,186.0
2023-06-05 10:00:00,66.5,0.8500000000000001,200.0
2023-06-05 11:00:00,61.25,1.15,184.0
2023-06-05 12:00:00,59.0,1.175,192.25
2023-06-05 13:00:00,61.0,1.05,190.75
2023-06-05 14:00:00,64.0,1.0,183.75
2023-06-05 15:00:00,54.25,1.025,182.75
2023-06-05 16:00:00,49.25,1.0,174.5
2023-06-05 17:00:00,39.0,0.65,185.0
2023-06-05 18:00:00,37.5,0.3,167.5
2023-06-05 19:00:00,60.75,0.3,120.0
2023-06-05 20:00:00,108.25,0.3,167.0
2023-06-05 21:00:00,151.25,0.3,145.25
2023-06-05 22:00:00,121.5,0.3,136.5
2023-06-05 23:00:00,133.0,0.675,153.75
2023-06-06 00:00:00,108.33333333333331,1.75,178.0
2023-06-06 01:00:00,71.25,0.825,201.25
2023-06-06 02:00:00,19.25,0.925,179.0
2023-06-06 03:00:00,21.75,0.3,198.5
2023-06-06 04:00:00,22.25,0.3,207.0
2023-06-06 05:00:00,35.0,0.3,153.75
2023-06-06 06:00:00,36.0,0.3,250.5
2023-06-06 07:00:00,40.25,0.3,215.25
2023-06-06 08:00:00,41.75,0.3,199.25
2023-06-06 09:00:00,34.5,0.35,167.5
2023-06-06 10:00:00,34.75,0.45,195.75
2023-06-06 11:00:00,45.25,0.7,184.25
2023-06-06 12:00:00,60.0,0.9,192.75
2023-06-06 13:00:00,59.25,0.9,166.5
2023-06-06 14:00:00,61.25,0.825,182.5
2023-06-06 15:00:00,48.5,0.65,186.25
2023-06-06 16:00:00,54.5,0.675,162.25
2023-06-06 17:00:00,58.5,0.375,166.0
2023-06-06 18:00:00,59.25,0.75,155.5
2023-06-06 19:00:00,132.25,1.225,179.0
2023-06-06 20:00:00,370.25,1.025,187.25
2023-06-06 21:00:00,461.25,0.7250000000000001,176.75
2023-06-06 22:00:00,440.0,1.275,171.25
2023-06-06 23:00:00,572.5,0.925,176.5
2023-06-07 00:00:00,415.5,0.625,172.25
2023-06-07 01:00:00,291.25,0.3,171.0
2023-06-07 02:00:00,119.5,0.3,174.0
2023-06-07 03:00:00,78.75,0.3,200.25
2023-06-07 04:00:00,69.5,0.3,181.0
2023-06-07 05:00:00,129.0,0.3,185.5
2023-06-07 06:00:00,147.5,0.4,181.75
2023-06-07 07:00:00,174.25,1.0,168.25
2023-06-07 08:00:00,180.25,1.0,175.25
2023-06-07 09:00:00,126.75,1.175,168.5
2023-06-07 10:00:00,103.0,1.15,182.75
2023-06-07 11:00:00,89.0,1.05,194.25
2023-06-07 12:00:00,88.5,1.0,196.5
2023-06-07 13:00:00,78.5,1.0,185.75
2023-06-07 14:00:00,76.0,0.975,198.5
2023-06-07 15:00:00,62.5,0.875,206.75
2023-06-07 16:00:00,55.0,0.725,177.5
2023-06-07 17:00:00,44.25,0.525,176.5
2023-06-07 18:00:00,40.25,0.3,142.25
2023-06-07 19:00:00,51.25,0.3,176.75
2023-06-07 20:00:00,75.0,0.3,211.25
2023-06-07 21:00:00,90.25,0.3,180.25
2023-06-07 22:00:00,115.25,0.3,165.75
2023-06-07 23:00:00,105.0,0.3,169.75
2023-06-08 00:00:00,102.5,0.3,159.0
2023-06-08 01:00:00,105.5,0.3,146.0
2023-06-08 02:00:00,80.25,0.3,120.5
2023-06-08 03:00:00,66.0,0.3,210.0
2023-06-08 04:00:00,53.25,0.325,154.75
2023-06-08 05:00:00,70.0,0.3,162.5
2023-06-08 06:00:00,84.5,0.3,196.25
2023-06-08 07:00:00,113.25,0.3,174.5
2023-06-08 08:00:00,91.5,0.3,195.5
2023-06-08 09:00:00,74.0,0.625,164.25
2023-06-08 10:00:00,62.25,0.6,199.5
2023-06-08 11:00:00,62.5,0.95,201.25
2023-06-08 12:00:00,61.25,0.975,196.75
2023-06-08 13:00:00,60.75,1.1,179.75
2023-06-08 14:00:00,57.0,1.175,186.0
2023-06-08 15:00:00,54.75,1.35,190.5
2023-06-08 16:00:00,47.0,1.25,180.75
2023-06-08 17:00:00,44.5,1.1,179.0
2023-06-08 18:00:00,46.5,0.55,173.25
2023-06-08 19:00:00,53.0,0.35,161.25
2023-06-08 20:00:00,71.75,0.3,167.25
2023-06-08 21:00:00,80.75,0.325,167.75
2023-06-08 22:00:00,71.5,0.6749999999999999,177.5
2023-06-08 23:00:00,65.25,0.375,172.5
2023-06-09 00:00:00,72.0,0.3,248.0
2023-06-09 01:00:00,75.25,0.3,298.75
2023-06-09 02:00:00,60.75,0.675,192.0
2023-06-09 03:00:00,69.0,0.3,203.25
2023-06-09 04:00:00,63.25,0.3,187.0
2023-06-09 05:00:00,44.75,0.325,185.75
2023-06-09 06:00:00,42.25,0.975,174.25
2023-06-09 07:00:00,50.25,0.975,171.75
2023-06-09 08:00:00,65.5,0.925,165.0
2023-06-09 09:00:00,70.75,1.35,171.5
2023-06-09 10:00:00,64.5,1.025,187.75
2023-06-09 11:00:00,65.5,1.325,185.25
2023-06-09 12:00:00,63.25,1.2999999999999998,183.25
2023-06-09 13:00:00,61.5,1.275,184.0
2023-06-09 14:00:00,60.5,1.375,184.75
2023-06-09 15:00:00,52.75,0.975,187.75
2023-06-09 16:00:00,51.75,0.875,182.0
2023-06-09 17:00:00,51.0,1.45,169.75
2023-06-09 18:00:00,50.75,1.625,179.5
2023-06-09 19:00:00,48.75,1.85,174.25
2023-06-09 20:00:00,44.0,1.925,183.25
2023-06-09 21:00:00,39.75,1.475,181.75
2023-06-09 22:00:00,35.5,1.2,174.75
2023-06-09 23:00:00,33.0,0.625,179.25
2023-06-10 00:00:00,34.5,0.525,176.25
2023-06-10 01:00:00,45.0,0.3,222.5
2023-06-10 02:00:00,38.5,0.3,188.0
2023-06-10 03:00:00,48.5,0.3,212.5
2023-06-10 04:00:00,55.0,0.3,233.0
2023-06-10 05:00:00,52.75,0.3,216.75
2023-06-10 06:00:00,56.0,0.325,192.75
2023-06-10 07:00:00,57.5,0.8,186.0
2023-06-10 08:00:00,53.5,1.175,178.0
2023-06-10 09:00:00,59.5,1.325,164.75
2023-06-10 10:00:00,75.75,1.325,183.0
2023-06-10 11:00:00,77.25,1.325,173.75
2023-06-10 12:00:00,60.25,1.675,171.0
2023-06-10 13:00:00,69.5,1.0,201.5
2023-06-10 14:00:00,65.75,1.75,179.0
2023-06-10 15:00:00,57.5,1.625,180.75
2023-06-10 16:00:00,52.25,1.6,179.0
2023-06-10 17:00:00,55.75,1.375,187.0
2023-06-10 18:00:00,68.75,0.6,170.75
2023-06-10 19:00:00,53.75,0.4,158.5
2023-06-10 20:00:00,47.0,0.375,174.75
2023-06-10 21:00:00,47.0,0.3,213.75
2023-06-10 22:00:00,50.0,0.3,238.25
2023-06-10 23:00:00,59.75,0.3,189.0
2023-06-11 00:00:00,64.75,0.55,181.5
2023-06-11 01:00:00,66.75,0.7,196.25
2023-06-11 02:00:00,41.75,1.2,187.25
2023-06-11 03:00:00,27.75,0.9,171.25
2023-06-11 04:00:00,40.5,0.325,166.5
2023-06-11 05:00:00,37.5,0.375,173.5
2023-06-11 06:00:00,43.5,0.6,180.0
2023-06-11 07:00:00,50.0,0.825,179.0
2023-06-11 08:00:00,53.75,0.95,187.5
2023-06-11 09:00:00,45.0,1.0,176.0
2023-06-11 10:00:00,39.0,1.125,188.0
2023-06-11 11:00:00,39.5,1.3,176.25
2023-06-11 12:00:00,45.25,1.1749999999999998,183.25
2023-06-11 13:00:00,61.0,1.775,180.5
2023-06-11 14:00:00,73.5,1.675,177.25
2023-06-11 15:00:00,84.0,1.525,171.75
2023-06-11 16:00:00,81.75,1.25,177.0
2023-06-11 17:00:00,77.5,1.05,174.5
2023-06-11 18:00:00,83.5,0.775,175.5
2023-06-11 19:00:00,76.75,0.3999999999999999,168.75
2023-06-11 20:00:00,72.5,0.5,174.0
2023-06-11 21:00:00,82.75,0.35,171.25
2023-06-11 22:00:00,89.75,0.325,167.25
2023-06-11 23:00:00,84.5,0.3,167.75
2023-06-12 00:00:00,78.25,0.35,173.0
2023-06-12 01:00:00,69.5,0.3,176.0
2023-06-12 02:00:00,71.75,0.3,174.0
2023-06-12 03:00:00,110.5,0.3,189.0
2023-06-12 04:00:00,107.0,0.375,176.75
2023-06-12 05:00:00,88.75,0.3,189.25
2023-06-12 06:00:00,79.25,0.375,177.5
2023-06-12 07:00:00,82.25,0.625,169.25
2023-06-12 08:00:00,80.75,0.825,176.75
2023-06-12 09:00:00,54.75,0.9,183.0
2023-06-12 10:00:00,63.75,1.425,171.75
2023-06-12 11:00:00,103.5,1.775,177.25
2023-06-12 12:00:00,105.25,1.925,172.75
2023-06-12 13:00:00,94.0,1.975,173.5
2023-06-12 14:00:00,89.5,1.8,177.0
2023-06-12 15:00:00,95.5,1.7,173.75
2023-06-12 16:00:00,73.25,1.55,181.25
2023-06-12 17:00:00,73.0,1.2,172.75
2023-06-12 18:00:00,70.75,0.925,173.25
2023-06-12 19:00:00,69.5,0.575,169.25
2023-06-12 20:00:00,67.25,0.325,166.25
2023-06-12 21:00:00,95.25,0.3,171.5
2023-06-12 22:00:00,101.25,0.3,167.75
2023-06-12 23:00:00,88.75,0.325,163.0
2023-06-13 00:00:00,89.25,0.3,120.5
2023-06-13 01:00:00,99.5,0.3,190.75
2023-06-13 02:00:00,92.0,0.3,237.75
2023-06-13 03:00:00,111.0,0.3,229.0
2023-06-13 04:00:00,116.5,0.3,202.75
2023-06-13 05:00:00,129.0,0.3,186.75
2023-06-13 06:00:00,117.5,0.375,178.25
2023-06-13 07:00:00,119.75,1.05,174.25
2023-06-13 08:00:00,106.75,1.825,170.0
2023-06-13 09:00:00,59.75,1.7999999999999998,183.75
2023-06-13 10:00:00,56.5,2.275,179.5
2023-06-13 11:00:00,56.75,2.0,186.25
2023-06-13 12:00:00,51.5,2.4,181.5
2023-06-13 13:00:00,49.5,2.35,179.5
2023-06-13 14:00:00,59.25,2.125,180.25
2023-06-13 15:00:00,71.5,1.875,180.5
2023-06-13 16:00:00,95.25,1.55,180.25
2023-06-13 17:00:00,116.25,1.55,172.25
2023-06-13 18:00:00,113.25,1.15,169.0
2023-06-13 19:00:00,110.25,0.4,167.25
2023-06-13 20:00:00,103.25,0.3,167.5
2023-06-13 21:00:00,92.0,0.55,170.75
2023-06-13 22:00:00,94.25,0.725,169.25
2023-06-13 23:00:00,76.5,0.8,175.25
2023-06-14 00:00:00,91.0,0.9,169.75
2023-06-14 01:00:00,99.25,0.4,169.75
2023-06-14 02:00:00,63.0,0.3,193.5
2023-06-14 03:00:00,71.0,0.4,183.0
2023-06-14 04:00:00,77.25,0.375,179.75
2023-06-14 05:00:00,81.0,0.55,179.5
2023-06-14 06:00:00,89.75,0.95,179.75
2023-06-14 07:00:00,86.0,1.875,171.5
2023-06-14 08:00:00,72.5,2.5,175.5
2023-06-14 09:00:00,57.5,2.375,175.5
2023-06-14 10:00:00,52.25,2.125,187.0
2023-06-14 11:00:00,51.75,2.3,174.75
2023-06-14 12:00:00,58.75,1.775,190.75
2023-06-14 13:00:00,66.0,1.525,183.75
2023-06-14 14:00:00,73.5,1.75,182.25
2023-06-14 15:00:00,76.5,1.9,171.5
2023-06-14 16:00:00,69.75,1.725,169.5
2023-06-14 17:00:00,60.5,1.6,173.25
2023-06-14 18:00:00,54.0,0.925,176.5
2023-06-14 19:00:00,53.75,0.5,177.0
2023-06-14 20:00:00,51.0,1.0750000000000002,184.0
2023-06-14 21:00:00,68.0,1.225,184.75
2023-06-14 22:00:00,53.75,0.85,201.5
2023-06-14 23:00:00,47.0,0.475,181.5
2023-06-15 00:00:00,50.5,0.425,179.0
2023-06-15 01:00:00,59.75,0.45,183.25
2023-06-15 02:00:00,55.75,0.325,179.5
2023-06-15 03:00:00,53.75,0.35,182.25
2023-06-15 04:00:00,51.25,0.65,199.0
2023-06-15 05:00:00,53.25,0.725,202.25
2023-06-15 06:00:00,52.75,1.1,180.0
2023-06-15 07:00:00,63.5,1.925,170.25
2023-06-15 08:00:00,53.5,2.025,180.25
2023-06-15 09:00:00,56.0,1.475,187.25
2023-06-15 10:00:00,63.5,2.175,180.25
2023-06-15 11:00:00,77.5,1.9,181.75
2023-06-15 12:00:00,80.75,1.7999999999999998,182.25
2023-06-15 13:00:00,84.0,1.55,187.5
2023-06-15 14:00:00,73.0,1.775,178.25
2023-06-15 15:00:00,57.25,1.75,175.5
2023-06-15 16:00:00,55.5,1.65,190.5
2023-06-15 17:00:00,56.0,1.375,178.0
2023-06-15 18:00:00,51.0,0.8,171.0
2023-06-15 19:00:00,46.75,0.675,171.75
2023-06-15 20:00:00,49.25,0.3999999999999999,186.0
2023-06-15 21:00:00,43.5,0.3,168.25
2023-06-15 22:00:00,50.25,0.3,173.25
2023-06-15 23:00:00,49.75,0.4,179.5
2023-06-16 00:00:00,57.0,0.35,185.5
2023-06-16 01:00:00,58.75,0.3,161.5
2023-06-16 02:00:00,43.5,0.3,142.5
2023-06-16 03:00:00,38.5,0.3,166.75
2023-06-16 04:00:00,47.75,0.325,171.75
2023-06-16 05:00:00,62.75,0.475,178.25
2023-06-16 06:00:00,87.75,0.425,176.0
2023-06-16 07:00:00,69.25,1.075,170.75
2023-06-16 08:00:00,47.25,1.625,167.75
2023-06-16 09:00:00,39.25,1.925,175.75
2023-06-16 10:00:00,57.5,1.65,185.0
2023-06-16 11:00:00,56.0,1.825,171.5
2023-06-16 12:00:00,52.5,1.9,176.25
2023-06-16 13:00:00,47.5,1.25,195.25
2023-06-16 14:00:00,57.75,1.8,182.5
2023-06-16 15:00:00,33.75,0.8,210.0
2023-06-16 16:00:00,29.5,0.7749999999999999,179.0
2023-06-16 17:00:00,58.25,0.425,153.75
2023-06-16 18:00:00,42.5,0.3,271.25
2023-06-16 19:00:00,50.75,0.3,164.5
2023-06-16 20:00:00,73.0,0.3,141.0
2023-06-16 21:00:00,99.75,0.3,156.0
2023-06-16 22:00:00,80.0,0.3,130.0
2023-06-16 23:00:00,74.75,0.3,234.25
2023-06-17 00:00:00,73.25,0.3,289.25
2023-06-17 01:00:00,84.0,0.3,162.5
2023-06-17 02:00:00,66.5,0.3,144.0
2023-06-17 03:00:00,64.5,0.3,194.25
2023-06-17 04:00:00,79.5,0.3,119.0
2023-06-17 05:00:00,75.5,0.3,327.0
2023-06-17 06:00:00,76.25,0.3,168.25
2023-06-17 07:00:00,77.75,0.375,184.0
2023-06-17 08:00:00,78.5,0.5,197.5
2023-06-17 09:00:00,47.0,0.925,177.5
2023-06-17 10:00:00,46.25,0.825,176.25
2023-06-17 11:00:00,43.0,0.35,193.75
2023-06-17 12:00:00,41.0,0.3,177.75
2023-06-17 13:00:00,42.5,0.5499999999999999,177.0
2023-06-17 14:00:00,38.0,0.575,167.5
2023-06-17 15:00:00,38.75,0.55,162.0
2023-06-17 16:00:00,44.5,0.4,199.25
2023-06-17 17:00:00,58.0,0.3,141.5
2023-06-17 18:00:00,64.5,0.7,170.0
2023-06-17 19:00:00,55.5,0.5,172.25
2023-06-17 20:00:00,52.5,0.45,204.75
2023-06-17 21:00:00,56.5,0.775,185.0
2023-06-17 22:00:00,50.25,0.6499999999999999,174.25
2023-06-17 23:00:00,33.0,0.375,178.0
2023-06-18 00:00:00,27.0,0.3,173.25
2023-06-18 01:00:00,34.75,0.475,170.5
2023-06-18 02:00:00,30.25,0.3,196.0
2023-06-18 03:00:00,27.0,0.3,195.25
2023-06-18 04:00:00,25.75,0.3,229.0
2023-06-18 05:00:00,30.75,0.375,88.0
2023-06-18 06:00:00,30.25,0.3,172.5
2023-06-18 07:00:00,47.5,0.4499999999999999,189.0
2023-06-18 08:00:00,89.25,1.925,142.75
2023-06-18 09:00:00,72.0,2.125,146.5
2023-06-18 10:00:00,82.0,2.0,167.5
2023-06-18 11:00:00,57.75,1.925,153.25
2023-06-18 12:00:00,58.0,1.825,167.75
2023-06-18 13:00:00,60.0,1.65,168.75
2023-06-18 14:00:00,56.75,1.575,160.5
2023-06-18 15:00:00,53.0,1.55,181.25
2023-06-18 16:00:00,45.75,1.25,209.75
2023-06-18 17:00:00,50.0,1.0,208.75
2023-06-18 18:00:00,48.5,0.5249999999999999,207.5
2023-06-18 19:00:00,51.75,0.475,202.0
2023-06-18 20:00:00,46.5,0.35,208.25
2023-06-18 21:00:00,45.5,0.375,208.25
2023-06-18 22:00:00,55.0,0.325,251.25
2023-06-18 23:00:00,53.0,0.425,215.5
2023-06-19 00:00:00,53.75,0.325,206.25
2023-06-19 01:00:00,41.0,0.4,192.5
2023-06-19 02:00:00,23.0,0.75,219.0
2023-06-19 03:00:00,22.25,0.375,200.0
2023-06-19 04:00:00,21.0,0.325,176.75
2023-06-19 05:00:00,25.5,0.4,209.25
2023-06-19 06:00:00,30.25,0.3,208.25
2023-06-19 07:00:00,31.75,0.3,165.5
2023-06-19 08:00:00,32.5,0.525,179.0
2023-06-19 09:00:00,27.0,0.475,171.75
2023-06-19 10:00:00,25.75,0.675,152.0
2023-06-19 11:00:00,33.0,0.75,171.25
2023-06-19 12:00:00,44.75,0.775,179.0
2023-06-19 13:00:00,63.0,0.7,181.0
2023-06-19 14:00:00,62.5,1.375,169.0
2023-06-19 15:00:00,44.0,1.5,179.75
2023-06-19 16:00:00,20.0,0.3,185.75
2023-06-19 17:00:00,30.0,0.3,155.25
2023-06-19 18:00:00,34.0,0.3,148.25
2023-06-19 19:00:00,53.0,0.35,165.5
2023-06-19 20:00:00,71.0,0.3,160.0
2023-06-19 21:00:00,62.0,0.3,162.25
2023-06-19 22:00:00,61.25,0.3,175.0
2023-06-19 23:00:00,58.75,0.3,175.5
2023-06-20 00:00:00,63.0,0.3,164.25
2023-06-20 01:00:00,74.5,0.3,113.5
2023-06-20 02:00:00,67.25,0.325,119.75
2023-06-20 03:00:00,77.25,0.3,156.25
2023-06-20 04:00:00,77.25,0.3,178.5
2023-06-20 05:00:00,73.75,0.575,148.5
2023-06-20 06:00:00,65.25,0.8,160.75
2023-06-20 07:00:00,56.75,0.3,160.0
2023-06-20 08:00:00,71.25,0.65,167.0
2023-06-20 09:00:00,60.0,1.275,181.25
2023-06-20 10:00:00,49.75,1.525,172.0
2023-06-20 11:00:00,46.5,2.025,167.5
2023-06-20 12:00:00,48.0,1.95,163.25
2023-06-20 13:00:00,47.25,2.0,154.25
2023-06-20 14:00:00,42.75,1.325,164.75
2023-06-20 15:00:00,36.5,1.05,177.25
2023-06-20 16:00:00,37.25,1.4,125.75
2023-06-20 17:00:00,36.5,1.525,146.25
2023-06-20 18:00:00,41.75,1.575,170.25
2023-06-20 19:00:00,43.0,0.975,175.25
2023-06-20 20:00:00,40.0,0.95,195.5
2023-06-20 21:00:00,41.25,0.75,143.75
2023-06-20 22:00:00,46.75,0.725,175.25
2023-06-20 23:00:00,53.75,0.425,178.0
2023-06-21 00:00:00,56.0,0.35,223.75
2023-06-21 01:00:00,45.75,0.3,193.75
2023-06-21 02:00:00,41.75,0.3,220.25
2023-06-21 03:00:00,40.25,0.3,244.0
2023-06-21 04:00:00,36.0,0.7,155.0
2023-06-21 05:00:00,32.5,0.425,178.25
2023-06-21 06:00:00,41.5,1.15,193.25
2023-06-21 07:00:00,40.25,0.625,177.75
2023-06-21 08:00:00,27.0,0.925,171.5
2023-06-21 09:00:00,37.75,0.9,181.75
2023-06-21 10:00:00,38.5,0.975,171.5
2023-06-21 11:00:00,56.0,0.775,173.0
2023-06-21 12:00:00,67.75,1.1,190.5
2023-06-21 13:00:00,65.75,0.875,181.25
2023-06-21 14:00:00,60.5,1.15,166.0
2023-06-21 15:00:00,57.5,0.65,177.0
2023-06-21 16:00:00,63.5,0.625,194.75
2023-06-21 17:00:00,69.5,0.475,199.0
2023-06-21 18:00:00,76.25,0.3,213.75
2023-06-21 19:00:00,86.0,0.35,179.0
2023-06-21 20:00:00,93.75,0.3,215.0
2023-06-21 21:00:00,79.0,0.5,174.25
2023-06-21 22:00:00,47.5,0.45,156.25
2023-06-21 23:00:00,51.5,0.4,156.5
2023-06-22 00:00:00,52.25,0.4,151.25
2023-06-22 01:00:00,57.5,0.3,139.25
2023-06-22 02:00:00,51.25,0.35,161.0
2023-06-22 03:00:00,45.0,0.65,189.75
2023-06-22 04:00:00,39.0,0.55,203.25
2023-06-22 05:00:00,36.25,0.35,166.75
2023-06-22 06:00:00,56.75,0.3,162.75
2023-06-22 07:00:00,60.75,0.3,230.25
2023-06-22 08:00:00,56.5,0.3,181.25
2023-06-22 09:00:00,56.5,0.3,156.25
2023-06-22 10:00:00,57.5,0.8,171.5
2023-06-22 11:00:00,51.0,1.275,163.25
2023-06-22 12:00:00,63.25,1.05,184.25
2023-06-22 13:00:00,66.0,0.875,162.25
2023-06-22 14:00:00,72.5,0.925,186.5
2023-06-22 15:00:00,73.5,1.0,177.75
2023-06-22 16:00:00,73.75,0.575,162.75
2023-06-22 17:00:00,78.75,0.325,146.0
2023-06-22 18:00:00,82.0,0.3,149.5
2023-06-22 19:00:00,97.25,0.3,131.0
2023-06-22 20:00:00,108.0,0.3,89.5
2023-06-22 21:00:00,108.25,0.3,97.5
2023-06-22 22:00:00,100.75,0.35,191.25
2023-06-22 23:00:00,100.0,0.375,297.25
2023-06-23 00:00:00,98.0,0.3,137.0
2023-06-23 01:00:00,109.0,0.3,155.25
2023-06-23 02:00:00,81.75,0.575,235.25
2023-06-23 03:00:00,75.75,0.675,184.25
2023-06-23 04:00:00,33.5,0.3,177.25
2023-06-23 05:00:00,37.5,0.3,191.5
2023-06-23 06:00:00,46.25,0.3,191.25
2023-06-23 07:00:00,53.25,0.3,181.5
2023-06-23 08:00:00,60.5,0.725,184.25
2023-06-23 09:00:00,52.75,0.825,194.0
2023-06-23 10:00:00,54.5,0.675,208.25
2023-06-23 11:00:00,64.75,0.825,188.75
2023-06-23 12:00:00,73.0,0.975,187.75
2023-06-23 13:00:00,74.75,0.7,181.0
2023-06-23 14:00:00,79.5,0.625,171.25
2023-06-23 15:00:00,80.0,0.7,162.25
2023-06-23 16:00:00,87.25,0.45,134.25
2023-06-23 17:00:00,89.5,0.375,195.5
2023-06-23 18:00:00,93.0,0.3,186.25
2023-06-23 19:00:00,111.5,0.3,286.75
2023-06-23 20:00:00,102.25,0.3,286.75
2023-06-23 21:00:00,126.0,0.3,337.25
2023-06-23 22:00:00,130.25,0.3,296.75
2023-06-23 23:00:00,128.75,0.35,191.75
2023-06-24 00:00:00,139.75,0.525,261.25
2023-06-24 01:00:00,137.25,0.5,163.25
2023-06-24 02:00:00,130.25,0.3,220.5
2023-06-24 03:00:00,127.25,0.35,137.25
2023-06-24 04:00:00,131.75,0.425,216.75
2023-06-24 05:00:00,120.75,0.4,174.25
2023-06-24 06:00:00,105.0,0.3,170.75
2023-06-24 07:00:00,89.5,0.3,169.0
2023-06-24 08:00:00,69.75,0.65,165.75
2023-06-24 09:00:00,67.25,0.875,181.25
2023-06-24 10:00:00,62.0,0.925,176.25
2023-06-24 11:00:00,67.5,1.05,168.0
2023-06-24 12:00:00,85.5,1.875,163.0
2023-06-24 13:00:00,89.0,2.25,142.25
2023-06-24 14:00:00,79.25,2.075,151.25
2023-06-24 15:00:00,57.0,1.875,147.75
2023-06-24 16:00:00,52.25,1.925,155.0
2023-06-24 17:00:00,51.75,1.375,185.75
2023-06-24 18:00:00,39.75,0.8,196.25
2023-06-24 19:00:00,42.75,1.0,187.75
2023-06-24 20:00:00,43.75,0.925,168.75
2023-06-24 21:00:00,44.5,0.4499999999999999,175.25
2023-06-24 22:00:00,57.75,0.775,188.25
2023-06-24 23:00:00,59.5,0.75,209.75
2023-06-25 00:00:00,71.5,0.7000000000000001,204.75
2023-06-25 01:00:00,81.0,0.6,208.25
2023-06-25 02:00:00,68.25,3.8,151.5
2023-06-25 03:00:00,53.5,1.6,189.5
2023-06-25 04:00:00,13.5,0.4499999999999999,220.5
2023-06-25 05:00:00,5.75,0.475,223.75
2023-06-25 06:00:00,5.75,0.725,177.25
2023-06-25 07:00:00,8.25,0.525,178.0
2023-06-25 08:00:00,9.5,0.3,186.0
2023-06-25 09:00:00,12.25,0.325,173.75
2023-06-25 10:00:00,13.75,0.375,170.5
2023-06-25 11:00:00,10.75,0.675,175.0
2023-06-25 12:00:00,18.0,0.475,185.25
2023-06-25 13:00:00,6.0,0.475,179.75
2023-06-25 14:00:00,18.5,0.65,185.25
2023-06-25 15:00:00,18.0,0.35,198.25
2023-06-25 16:00:00,30.0,0.5,179.25
2023-06-25 17:00:00,39.0,0.875,158.5
2023-06-25 18:00:00,55.75,0.425,159.5
2023-06-25 19:00:00,68.5,0.325,114.75
2023-06-25 20:00:00,64.0,0.325,154.5
2023-06-25 21:00:00,68.0,0.3,180.75
2023-06-25 22:00:00,78.5,0.3,229.0
2023-06-25 23:00:00,75.0,0.325,223.5
2023-06-26 00:00:00,81.25,0.375,176.25
2023-06-26 01:00:00,85.75,0.3,193.5
2023-06-26 02:00:00,69.0,0.3,211.75
2023-06-26 03:00:00,66.25,0.3,213.5
2023-06-26 04:00:00,64.0,0.325,249.25
2023-06-26 05:00:00,49.75,0.45,147.5
2023-06-26 06:00:00,34.5,0.975,147.5
2023-06-26 07:00:00,39.5,0.8,186.0
2023-06-26 08:00:00,55.75,0.8500000000000001,174.5
2023-06-26 09:00:00,76.0,0.75,190.75
2023-06-26 10:00:00,82.25,1.55,166.75
2023-06-26 11:00:00,71.0,1.95,152.5
2023-06-26 12:00:00,61.25,0.725,203.5
2023-06-26 13:00:00,57.25,0.425,176.75
2023-06-26 14:00:00,57.5,0.6,209.5
2023-06-26 15:00:00,68.25,0.775,175.5
2023-06-26 16:00:00,50.75,0.55,169.0
2023-06-26 17:00:00,50.5,1.025,139.75
2023-06-26 18:00:00,52.0,0.575,198.25
2023-06-26 19:00:00,36.0,0.3,160.25
2023-06-26 20:00:00,58.0,0.3,250.25
2023-06-26 21:00:00,100.0,0.3,198.25
2023-06-26 22:00:00,79.0,0.3,93.0
2023-06-26 23:00:00,86.0,0.3,128.75
2023-06-27 00:00:00,79.0,0.3,157.25
2023-06-27 01:00:00,90.0,0.3,157.75
2023-06-27 02:00:00,85.0,0.325,133.5
2023-06-27 03:00:00,100.0,1.0,135.25
2023-06-27 04:00:00,53.0,0.9,173.75
2023-06-27 05:00:00,30.0,0.375,161.5
2023-06-27 06:00:00,27.0,0.525,142.0
2023-06-27 07:00:00,31.0,0.3,148.0
2023-06-27 08:00:00,38.0,0.4,180.5
2023-06-27 09:00:00,40.0,0.425,173.0
2023-06-27 10:00:00,47.0,0.575,155.0
2023-06-27 11:00:00,51.0,0.775,170.25
2023-06-27 12:00:00,46.0,1.075,184.25
2023-06-27 13:00:00,64.0,1.475,187.5
2023-06-27 14:00:00,40.0,0.875,203.0
2023-06-27 15:00:00,88.0,0.725,180.25
2023-06-27 16:00:00,52.0,0.725,173.0
2023-06-27 17:00:00,86.0,0.5,168.5
2023-06-27 18:00:00,72.5,0.375,175.5
2023-06-27 19:00:00,59.0,0.45,160.25
2023-06-27 20:00:00,50.0,0.625,122.75
2023-06-27 21:00:00,18.0,0.7,132.5
2023-06-27 22:00:00,42.0,0.95,135.0
2023-06-27 23:00:00,45.0,0.575,150.75
2023-06-28 00:00:00,50.0,0.475,150.0
2023-06-28 01:00:00,64.0,0.625,123.75
2023-06-28 02:00:00,30.0,0.3,85.5
2023-06-28 03:00:00,35.0,0.3,145.5
2023-06-28 04:00:00,34.0,0.35,105.5
2023-06-28 05:00:00,53.0,0.625,144.0
2023-06-28 06:00:00,69.0,1.375,168.25
2023-06-28 07:00:00,61.0,1.725,158.5
2023-06-28 08:00:00,53.0,2.425,175.25
2023-06-28 09:00:00,57.0,2.6,171.0
2023-06-28 10:00:00,41.0,2.225,180.0
2023-06-28 11:00:00,36.0,1.975,187.0
2023-06-28 12:00:00,29.0,2.2,165.0
2023-06-28 13:00:00,38.0,1.7,162.0
2023-06-28 14:00:00,35.0,1.85,160.5
2023-06-28 15:00:00,33.0,1.375,181.25
2023-06-28 16:00:00,42.0,0.5,181.75
2023-06-28 17:00:00,9.0,0.3999999999999999,184.5
2023-06-28 18:00:00,16.0,0.3,180.0
2023-06-28 19:00:00,13.0,0.3,147.25
2023-06-28 20:00:00,41.0,0.3,219.0
2023-06-28 21:00:00,69.0,0.3,144.25
2023-06-28 22:00:00,57.0,0.3,128.0
2023-06-28 23:00:00,58.0,0.3,280.75
2023-06-29 00:00:00,77.0,0.3,110.0
2023-06-29 01:00:00,106.0,0.3,155.0
2023-06-29 02:00:00,118.0,0.3,158.25
2023-06-29 03:00:00,155.0,0.3,195.5
2023-06-29 04:00:00,146.0,0.3,168.0
2023-06-29 05:00:00,119.0,0.3,165.75
2023-06-29 06:00:00,110.0,0.5,157.25
2023-06-29 07:00:00,68.0,1.675,177.25
2023-06-29 08:00:00,38.0,1.925,175.25
2023-06-29 09:00:00,3.0,0.85,195.0
2023-06-29 10:00:00,19.0,0.675,195.5
2023-06-29 11:00:00,22.0,1.25,152.0
2023-06-29 12:00:00,14.0,0.75,181.0
2023-06-29 13:00:00,6.0,1.3,154.25
2023-06-29 14:00:00,39.0,1.525,177.75
2023-06-29 15:00:00,39.0,1.375,169.5
2023-06-29 16:00:00,29.0,1.35,183.5
2023-06-29 17:00:00,27.0,1.175,155.5
2023-06-29 18:00:00,34.0,0.85,196.75
2023-06-29 19:00:00,20.0,0.375,200.0
2023-06-29 20:00:00,20.0,0.3,139.75
2023-06-29 21:00:00,24.0,0.3,103.25
2023-06-29 22:00:00,59.0,0.3,117.5
2023-06-29 23:00:00,52.0,0.3,70.0
2023-06-30 00:00:00,46.0,0.3,172.5
2023-06-30 01:00:00,70.0,0.3,132.5
2023-06-30 02:00:00,61.0,0.475,151.0
2023-06-30 03:00:00,72.0,1.075,154.25
2023-06-30 04:00:00,62.0,0.95,187.75
2023-06-30 05:00:00,14.0,0.525,185.25
2023-06-30 06:00:00,12.0,0.325,181.25
2023-06-30 07:00:00,23.0,0.525,164.5
2023-06-30 08:00:00,27.0,1.6,146.5
2023-06-30 09:00:00,39.0,1.2,185.25
2023-06-30 10:00:00,35.0,1.15,171.0
2023-06-30 11:00:00,42.0,1.575,164.25
2023-06-30 12:00:00,57.0,1.3,151.0
2023-06-30 13:00:00,34.0,0.975,154.5
2023-06-30 14:00:00,45.0,1.375,188.0
2023-06-30 15:00:00,29.0,1.65,196.0
2023-06-30 16:00:00,18.0,0.55,155.25
2023-06-30 17:00:00,18.0,0.45,153.5
2023-06-30 18:00:00,30.0,0.8500000000000001,143.0
2023-06-30 19:00:00,26.0,0.825,119.0
2023-06-30 20:00:00,22.0,0.725,136.5
2023-06-30 21:00:00,38.0,1.275,114.75
2023-06-30 22:00:00,40.0,0.875,166.0
2023-06-30 23:00:00,36.0,0.45,194.75
2023-07-01 00:00:00,34.0,0.325,135.5
2023-07-01 01:00:00,53.0,0.475,93.25
2023-07-01 02:00:00,29.0,0.45,168.5
2023-07-01 03:00:00,34.0,0.625,145.0
2023-07-01 04:00:00,29.0,0.35,129.25
2023-07-01 05:00:00,12.0,0.3,146.5
2023-07-01 06:00:00,28.0,0.325,179.75
2023-07-01 07:00:00,45.0,0.425,164.25
2023-07-01 08:00:00,40.0,0.55,156.75
2023-07-01 09:00:00,40.0,0.525,170.25
2023-07-01 10:00:00,42.0,0.775,170.0
2023-07-01 11:00:00,41.0,0.725,178.0
2023-07-01 12:00:00,42.0,1.05,140.75
2023-07-01 13:00:00,44.0,0.9,172.0
2023-07-01 14:00:00,45.0,1.275,171.25
2023-07-01 15:00:00,38.0,1.55,160.5
2023-07-01 16:00:00,36.0,1.075,173.0
2023-07-01 17:00:00,33.0,1.225,153.75
2023-07-01 18:00:00,33.0,1.425,144.25
2023-07-01 19:00:00,25.0,0.425,120.5
2023-07-01 20:00:00,28.0,0.9,117.75
2023-07-01 21:00:00,24.0,1.0,168.75
2023-07-01 22:00:00,35.0,0.7,184.5
2023-07-01 23:00:00,23.0,1.425,145.0
2023-07-02 00:00:00,19.0,1.725,160.75
2023-07-02 01:00:00,31.0,0.9,172.0
2023-07-02 02:00:00,18.0,0.325,174.5
2023-07-02 03:00:00,25.0,0.3,193.5
2023-07-02 04:00:00,18.0,0.3,178.0
2023-07-02 05:00:00,19.0,0.3,158.25
2023-07-02 06:00:00,27.0,0.7250000000000001,148.25
2023-07-02 07:00:00,50.0,0.575,169.5
2023-07-02 08:00:00,40.0,0.775,167.0
2023-07-02 09:00:00,38.0,0.825,170.0
2023-07-02 10:00:00,41.0,0.575,146.0
2023-07-02 11:00:00,41.0,0.8,157.0
2023-07-02 12:00:00,52.0,0.6,186.0
2023-07-02 13:00:00,57.0,0.6,170.0
2023-07-02 14:00:00,59.0,0.725,149.0
2023-07-02 15:00:00,56.0,0.7,166.25
2023-07-02 16:00:00,55.0,0.5,165.75
2023-07-02 17:00:00,62.0,0.4,160.75
2023-07-02 18:00:00,63.0,0.3,111.25
2023-07-02 19:00:00,91.0,0.3,122.5
2023-07-02 20:00:00,84.0,0.3,97.75
2023-07-02 21:00:00,80.0,0.3,202.75
2023-07-02 22:00:00,119.0,0.325,125.75
2023-07-02 23:00:00,90.0,0.325,158.5
2023-07-03 00:00:00,90.0,0.3,140.5
2023-07-03 01:00:00,101.0,0.3,150.75
2023-07-03 02:00:00,66.0,0.3,163.75
2023-07-03 03:00:00,74.0,0.3,178.5
2023-07-03 04:00:00,64.0,0.3,241.0
2023-07-03 05:00:00,52.0,0.3,249.25
2023-07-03 06:00:00,50.0,0.3,191.5
2023-07-03 07:00:00,66.0,0.375,169.25
2023-07-03 08:00:00,63.0,0.6,165.25
2023-07-03 09:00:00,48.0,0.825,170.5
2023-07-03 10:00:00,66.0,0.925,178.5
2023-07-03 11:00:00,50.0,0.825,180.0
2023-07-03 12:00:00,53.25,0.875,184.0
2023-07-03 13:00:00,71.0,0.95,168.25
2023-07-03 14:00:00,91.25,0.7,173.0
2023-07-03 15:00:00,76.75,0.475,170.75
2023-07-03 16:00:00,64.5,0.475,155.5
2023-07-03 17:00:00,65.25,0.625,150.5
2023-07-03 18:00:00,95.75,0.35,182.0
2023-07-03 19:00:00,115.5,0.4,196.0
2023-07-03 20:00:00,124.0,0.325,172.25
2023-07-03 21:00:00,129.25,0.3,182.25
2023-07-03 22:00:00,133.0,0.3,183.25
2023-07-03 23:00:00,122.75,0.4,225.0
2023-07-04 00:00:00,119.0,0.45,200.0
2023-07-04 01:00:00,113.25,0.4,243.25
2023-07-04 02:00:00,95.0,0.575,222.75
2023-07-04 03:00:00,92.5,0.575,183.25
2023-07-04 04:00:00,90.75,0.85,162.5
2023-07-04 05:00:00,81.75,0.675,160.75
2023-07-04 06:00:00,84.0,0.4,222.5
2023-07-04 07:00:00,83.25,0.4,170.0
2023-07-04 08:00:00,75.25,0.775,164.5
2023-07-04 09:00:00,57.75,0.6,116.25
2023-07-04 10:00:00,56.75,0.75,181.0
2023-07-04 11:00:00,65.5,1.6,172.25
2023-07-04 12:00:00,86.5,1.9,173.75
2023-07-04 13:00:00,61.75,1.725,197.0
2023-07-04 14:00:00,47.25,2.025,183.25
2023-07-04 15:00:00,24.0,0.875,157.0
2023-07-04 16:00:00,36.5,0.625,148.75
2023-07-04 17:00:00,43.5,0.625,126.75
2023-07-04 18:00:00,46.75,0.5,213.5
2023-07-04 19:00:00,62.75,0.325,206.25
2023-07-04 20:00:00,69.75,1.15,168.0
2023-07-04 21:00:00,73.75,0.925,195.5
2023-07-04 22:00:00,69.5,0.575,159.5
2023-07-04 23:00:00,67.75,0.75,171.5
2023-07-05 00:00:00,68.5,0.65,152.75
2023-07-05 01:00:00,72.75,0.775,130.25
2023-07-05 02:00:00,70.0,0.875,167.5
2023-07-05 03:00:00,66.25,1.025,154.75
2023-07-05 04:00:00,66.5,1.4,175.5
2023-07-05 05:00:00,49.0,1.225,183.25
2023-07-05 06:00:00,57.0,1.375,173.75
2023-07-05 07:00:00,64.25,1.05,203.5
2023-07-05 08:00:00,68.0,0.8,202.75
2023-07-05 09:00:00,65.75,0.625,203.25
2023-07-05 10:00:00,53.75,0.9,190.25
2023-07-05 11:00:00,41.25,1.3,167.5
2023-07-05 12:00:00,50.75,2.25,156.0
2023-07-05 13:00:00,49.5,1.7,162.25
2023-07-05 14:00:00,46.5,1.95,146.5
2023-07-05 15:00:00,44.5,1.825,168.25
2023-07-05 16:00:00,51.5,2.0,146.75
2023-07-05 17:00:00,50.0,1.225,164.25
2023-07-05 18:00:00,44.75,1.05,180.5
2023-07-05 19:00:00,26.0,0.3,181.5
2023-07-05 20:00:00,24.5,0.3,179.25
2023-07-05 21:00:00,49.5,0.3,164.75
2023-07-05 22:00:00,58.0,0.4,180.75
2023-07-05 23:00:00,58.5,0.625,163.0
2023-07-06 00:00:00,55.0,0.675,187.0
2023-07-06 01:00:00,64.0,1.05,162.5
2023-07-06 02:00:00,56.0,1.125,177.25
2023-07-06 03:00:00,59.0,0.95,158.75
2023-07-06 04:00:00,65.5,0.5,187.25
2023-07-06 05:00:00,64.25,0.575,146.75
2023-07-06 06:00:00,70.5,0.35,157.75
2023-07-06 07:00:00,74.25,0.5,212.75
2023-07-06 08:00:00,61.0,0.55,207.75
2023-07-06 09:00:00,49.75,1.15,162.25
2023-07-06 10:00:00,30.0,0.875,157.5
2023-07-06 11:00:00,19.75,1.2,162.25
2023-07-06 12:00:00,27.0,2.525,136.5
2023-07-06 13:00:00,32.0,2.375,162.5
2023-07-06 14:00:00,26.25,2.875,155.75
2023-07-06 15:00:00,19.25,2.85,157.5
2023-07-06 16:00:00,20.75,2.275,171.75
2023-07-06 17:00:00,14.0,1.825,154.25
2023-07-06 18:00:00,15.25,1.725,165.5
2023-07-06 19:00:00,21.25,1.725,153.75
2023-07-06 20:00:00,26.75,1.475,156.75
2023-07-06 21:00:00,24.75,1.3,166.25
2023-07-06 22:00:00,32.0,1.775,166.25
2023-07-06 23:00:00,39.0,1.275,183.5
2023-07-07 00:00:00,43.0,1.6,171.25
2023-07-07 01:00:00,46.0,1.25,157.0
2023-07-07 02:00:00,53.75,1.075,160.25
2023-07-07 03:00:00,54.0,1.075,174.5
2023-07-07 04:00:00,48.0,0.775,207.0
2023-07-07 05:00:00,50.25,1.125,155.75
2023-07-07 06:00:00,41.5,0.9,184.5
2023-07-07 07:00:00,39.75,0.975,166.75
2023-07-07 08:00:00,39.75,0.85,172.25
2023-07-07 09:00:00,44.75,0.95,179.5
2023-07-07 10:00:00,53.5,1.2000000000000002,193.5
2023-07-07 11:00:00,55.25,0.9,185.75
2023-07-07 12:00:00,54.5,1.375,180.25
2023-07-07 13:00:00,49.5,1.175,191.0
2023-07-07 14:00:00,50.25,1.575,165.75
2023-07-07 15:00:00,52.5,2.075,163.0
2023-07-07 16:00:00,36.75,2.625,163.5
2023-07-07 17:00:00,28.75,1.625,173.75
2023-07-07 18:00:00,26.5,1.15,170.25
2023-07-07 19:00:00,28.25,0.625,161.75
2023-07-07 20:00:00,23.25,0.975,144.75
2023-07-07 21:00:00,31.5,0.8,161.0
2023-07-07 22:00:00,29.75,1.475,132.75
2023-07-07 23:00:00,35.5,1.775,159.25
2023-07-08 00:00:00,31.0,1.4500000000000002,148.5
2023-07-08 01:00:00,37.0,0.65,184.75
2023-07-08 02:00:00,28.75,1.25,171.25
2023-07-08 03:00:00,26.5,1.3,160.0
2023-07-08 04:00:00,13.0,0.75,141.0
2023-07-08 05:00:00,12.0,0.3,180.75
2023-07-08 06:00:00,12.5,0.675,184.5
2023-07-08 07:00:00,13.0,1.05,173.5
2023-07-08 08:00:00,28.75,0.55,196.5
2023-07-08 09:00:00,31.0,0.4,198.5
2023-07-08 10:00:00,29.333333333333332,0.38333333333333336,190.47222222222223
2023-07-08 11:00:00,27.666666666666668,0.3666666666666667,182.44444444444446
2023-07-08 12:00:00,26.0,0.35,174.41666666666669
2023-07-08 13:00:00,,,
2023-07-08 14:00:00,,,
2023-07-08 15:00:00,21.0,0.3,150.33333333333334
2023-07-08 16:00:00,40.5,0.45,139.25
2023-07-08 17:00:00,45.0,0.375,174.5
2023-07-08 18:00:00,56.5,0.75,123.75
2023-07-08 19:00:00,61.5,0.75,150.0
2023-07-08 20:00:00,48.25,0.4499999999999999,167.5
2023-07-08 21:00:00,58.0,0.525,146.25
2023-07-08 22:00:00,57.5,0.825,157.0
2023-07-08 23:00:00,55.0,0.5,191.5
2023-07-09 00:00:00,52.0,0.4499999999999999,176.75
2023-07-09 01:00:00,52.5,0.775,177.75
2023-07-09 02:00:00,38.0,0.65,164.75
2023-07-09 03:00:00,29.0,0.775,175.0
2023-07-09 04:00:00,32.5,0.875,173.5
2023-07-09 05:00:00,34.0,0.5,201.5
2023-07-09 06:00:00,38.5,0.65,187.0
2023-07-09 07:00:00,42.0,0.925,165.0
2023-07-09 08:00:00,42.0,0.8,176.0
2023-07-09 09:00:00,47.0,0.7,194.25
2023-07-09 10:00:00,46.0,0.5,188.5
2023-07-09 11:00:00,24.0,0.4,198.25
2023-07-09 12:00:00,16.25,0.8999999999999999,166.0
2023-07-09 13:00:00,14.0,1.15,166.5
2023-07-09 14:00:00,22.5,0.75,171.0
2023-07-09 15:00:00,17.0,0.5750000000000001,161.75
2023-07-09 16:00:00,9.5,0.475,156.0
2023-07-09 17:00:00,10.25,1.125,132.75
2023-07-09 18:00:00,17.0,1.05,148.25
2023-07-09 19:00:00,28.0,0.975,172.0
2023-07-09 20:00:00,28.0,0.875,166.0
2023-07-09 21:00:00,17.0,0.35,179.25
2023-07-09 22:00:00,16.75,0.4,179.5
2023-07-09 23:00:00,16.0,0.45,188.0
2023-07-10 00:00:00,16.0,0.3,168.25
2023-07-10 01:00:00,31.0,0.375,183.25
2023-07-10 02:00:00,24.0,0.325,159.25
2023-07-10 03:00:00,24.0,0.3,150.5
2023-07-10 04:00:00,24.25,0.3,163.0
2023-07-10 05:00:00,28.75,0.3,216.25
2023-07-10 06:00:00,33.25,0.775,156.75
2023-07-10 07:00:00,41.0,0.875,149.0
2023-07-10 08:00:00,44.75,0.625,162.25
2023-07-10 09:00:00,49.0,0.875,126.5
2023-07-10 10:00:00,54.0,0.85,126.25
2023-07-10 11:00:00,51.25,0.325,158.5
2023-07-10 12:00:00,52.0,0.525,207.75
2023-07-10 13:00:00,48.5,0.3,203.0
2023-07-10 14:00:00,44.0,0.375,182.25
2023-07-10 15:00:00,19.0,0.575,129.75
2023-07-10 16:00:00,19.0,0.325,173.25
2023-07-10 17:00:00,27.0,0.8,176.0
2023-07-10 18:00:00,21.75,0.675,168.0
2023-07-10 19:00:00,10.25,0.425,133.0
2023-07-10 20:00:00,25.0,0.325,160.25
2023-07-10 21:00:00,27.75,0.475,134.0
2023-07-10 22:00:00,20.5,0.3,135.25
2023-07-10 23:00:00,27.0,0.3,159.5
2023-07-11 00:00:00,27.75,0.3,165.75
2023-07-11 01:00:00,36.5,0.3,168.5
2023-07-11 02:00:00,28.5,0.3,156.75
2023-07-11 03:00:00,27.75,0.3,182.5
2023-07-11 04:00:00,30.25,0.3,172.75
2023-07-11 05:00:00,32.0,0.3,131.75
2023-07-11 06:00:00,38.25,0.3,151.75
2023-07-11 07:00:00,47.75,0.325,164.25
2023-07-11 08:00:00,56.25,0.325,191.0
2023-07-11 09:00:00,77.0,0.55,184.75
2023-07-11 10:00:00,52.25,0.725,184.0
2023-07-11 11:00:00,40.75,0.375,175.5
2023-07-11 12:00:00,44.5,0.425,176.0
2023-07-11 13:00:00,61.75,0.6,159.25
2023-07-11 14:00:00,75.5,0.65,167.75
2023-07-11 15:00:00,87.0,0.525,158.5
2023-07-11 16:00:00,95.5,0.55,173.25
2023-07-11 17:00:00,78.5,0.45,151.5
2023-07-11 18:00:00,58.25,0.5,154.0
2023-07-11 19:00:00,52.25,0.35,159.0
2023-07-11 20:00:00,39.75,0.325,136.5
2023-07-11 21:00:00,39.0,0.3,150.0
2023-07-11 22:00:00,47.75,0.3,175.25
2023-07-11 23:00:00,45.25,0.3,174.0
2023-07-12 00:00:00,40.0,0.55,136.0
2023-07-12 01:00:00,33.0,0.625,139.75
2023-07-12 02:00:00,33.5,0.4,157.25
2023-07-12 03:00:00,39.0,0.325,140.25
2023-07-12 04:00:00,49.5,0.3,177.0
2023-07-12 05:00:00,44.0,0.3,67.75
2023-07-12 06:00:00,43.25,0.3,233.25
2023-07-12 07:00:00,44.75,0.3,171.25
2023-07-12 08:00:00,29.0,0.375,133.75
2023-07-12 09:00:00,30.5,0.3999999999999999,179.75
2023-07-12 10:00:00,40.75,0.4499999999999999,201.0
2023-07-12 11:00:00,57.5,0.75,162.5
2023-07-12 12:00:00,58.0,0.35,138.5
2023-07-12 13:00:00,59.5,0.325,171.0
2023-07-12 14:00:00,51.25,0.625,198.25
2023-07-12 15:00:00,64.25,0.4,183.75
2023-07-12 16:00:00,55.25,0.65,189.0
2023-07-12 17:00:00,48.5,0.8,176.25
2023-07-12 18:00:00,30.75,1.175,155.5
2023-07-12 19:00:00,19.25,1.4249999999999998,149.5
2023-07-12 20:00:00,24.0,1.275,125.5
2023-07-12 21:00:00,28.5,0.925,184.25
2023-07-12 22:00:00,36.5,0.475,181.75
2023-07-12 23:00:00,45.5,0.9,174.25
2023-07-13 00:00:00,40.5,0.55,192.5
2023-07-13 01:00:00,33.75,0.475,196.5
2023-07-13 02:00:00,19.25,0.4,171.75
2023-07-13 03:00:00,23.5,0.3,124.75
2023-07-13 04:00:00,23.75,0.3,210.75
2023-07-13 05:00:00,22.5,0.3,252.25
2023-07-13 06:00:00,32.25,0.35,144.5
2023-07-13 07:00:00,41.75,0.35,184.75
2023-07-13 08:00:00,52.75,0.45,154.75
2023-07-13 09:00:00,63.25,0.5,148.5
2023-07-13 10:00:00,71.0,0.6,165.5
2023-07-13 11:00:00,75.5,0.8,160.0
2023-07-13 12:00:00,85.25,0.925,177.25
2023-07-13 13:00:00,97.25,1.55,164.75
2023-07-13 14:00:00,81.25,2.15,163.75
2023-07-13 15:00:00,67.5,2.475,158.0
2023-07-13 16:00:00,64.5,2.45,166.75
2023-07-13 17:00:00,51.0,2.35,184.5
2023-07-13 18:00:00,50.91358024691358,2.342283950617284,184.45679012345678
2023-07-13 19:00:00,50.82716049382716,2.334567901234568,184.41358024691357
2023-07-13 20:00:00,50.74074074074074,2.3268518518518517,184.37037037037038
2023-07-13 21:00:00,,,
2023-07-13 22:00:00,,,
2023-07-13 23:00:00,,,
2023-07-14 00:00:00,,,
2023-07-14 01:00:00,,,
2023-07-14 02:00:00,,,
2023-07-14 03:00:00,,,
2023-07-14 04:00:00,,,
2023-07-14 05:00:00,,,
2023-07-14 06:00:00,,,
2023-07-14 07:00:00,,,
2023-07-14 08:00:00,,,
2023-07-14 09:00:00,,,
2023-07-14 10:00:00,,,
2023-07-14 11:00:00,,,
2023-07-14 12:00:00,,,
2023-07-14 13:00:00,,,
2023-07-14 14:00:00,,,
2023-07-14 15:00:00,,,
2023-07-14 16:00:00,,,
2023-07-14 17:00:00,,,
2023-07-14 18:00:00,,,
2023-07-14 19:00:00,,,
2023-07-14 20:00:00,,,
2023-07-14 21:00:00,,,
2023-07-14 22:00:00,,,
2023-07-14 23:00:00,,,
2023-07-15 00:00:00,,,
2023-07-15 01:00:00,,,
2023-07-15 02:00:00,,,
2023-07-15 03:00:00,,,
2023-07-15 04:00:00,,,
2023-07-15 05:00:00,,,
2023-07-15 06:00:00,,,
2023-07-15 07:00:00,,,
2023-07-15 08:00:00,,,
2023-07-15 09:00:00,,,
2023-07-15 10:00:00,,,
2023-07-15 11:00:00,,,
2023-07-15 12:00:00,,,
2023-07-15 13:00:00,,,
2023-07-15 14:00:00,,,
2023-07-15 15:00:00,,,
2023-07-15 16:00:00,,,
2023-07-15 17:00:00,,,
2023-07-15 18:00:00,,,
2023-07-15 19:00:00,,,
2023-07-15 20:00:00,,,
2023-07-15 21:00:00,,,
2023-07-15 22:00:00,,,
2023-07-15 23:00:00,,,
2023-07-16 00:00:00,,,
2023-07-16 01:00:00,,,
2023-07-16 02:00:00,,,
2023-07-16 03:00:00,,,
2023-07-16 04:00:00,,,
2023-07-16 05:00:00,,,
2023-07-16 06:00:00,,,
2023-07-16 07:00:00,,,
2023-07-16 08:00:00,,,
2023-07-16 09:00:00,,,
2023-07-16 10:00:00,,,
2023-07-16 11:00:00,,,
2023-07-16 12:00:00,,,
2023-07-16 13:00:00,,,
2023-07-16 14:00:00,,,
2023-07-16 15:00:00,,,
2023-07-16 16:00:00,,,
2023-07-16 17:00:00,,,
2023-07-16 18:00:00,,,
2023-07-16 19:00:00,,,
2023-07-16 20:00:00,,,
2023-07-16 21:00:00,,,
2023-07-16 22:00:00,,,
2023-07-16 23:00:00,,,
2023-07-17 00:00:00,,,
2023-07-17 01:00:00,,,
2023-07-17 02:00:00,,,
2023-07-17 03:00:00,,,
2023-07-17 04:00:00,,,
2023-07-17 05:00:00,,,
2023-07-17 06:00:00,,,
2023-07-17 07:00:00,,,
2023-07-17 08:00:00,,,
2023-07-17 09:00:00,,,
2023-07-17 10:00:00,,,
2023-07-17 11:00:00,,,
2023-07-17 12:00:00,,,
2023-07-17 13:00:00,,,
2023-07-17 14:00:00,,,
2023-07-17 15:00:00,,,
2023-07-17 16:00:00,,,
2023-07-17 17:00:00,,,
2023-07-17 18:00:00,,,
2023-07-17 19:00:00,,,
2023-07-17 20:00:00,,,
2023-07-17 21:00:00,,,
2023-07-17 22:00:00,,,
2023-07-17 23:00:00,,,
2023-07-18 00:00:00,,,
2023-07-18 01:00:00,,,
2023-07-18 02:00:00,,,
2023-07-18 03:00:00,,,
2023-07-18 04:00:00,,,
2023-07-18 05:00:00,,,
2023-07-18 06:00:00,,,
2023-07-18 07:00:00,,,
2023-07-18 08:00:00,,,
2023-07-18 09:00:00,,,
2023-07-18 10:00:00,,,
2023-07-18 11:00:00,,,
2023-07-18 12:00:00,,,
2023-07-18 13:00:00,,,
2023-07-18 14:00:00,,,
2023-07-18 15:00:00,,,
2023-07-18 16:00:00,,,
2023-07-18 17:00:00,,,
2023-07-18 18:00:00,,,
2023-07-18 19:00:00,,,
2023-07-18 20:00:00,,,
2023-07-18 21:00:00,,,
2023-07-18 22:00:00,,,
2023-07-18 23:00:00,,,
2023-07-19 00:00:00,,,
2023-07-19 01:00:00,,,
2023-07-19 02:00:00,,,
2023-07-19 03:00:00,,,
2023-07-19 04:00:00,,,
2023-07-19 05:00:00,,,
2023-07-19 06:00:00,,,
2023-07-19 07:00:00,,,
2023-07-19 08:00:00,,,
2023-07-19 09:00:00,,,
2023-07-19 10:00:00,,,
2023-07-19 11:00:00,,,
2023-07-19 12:00:00,,,
2023-07-19 13:00:00,,,
2023-07-19 14:00:00,,,
2023-07-19 15:00:00,,,
2023-07-19 16:00:00,,,
2023-07-19 17:00:00,,,
2023-07-19 18:00:00,,,
2023-07-19 19:00:00,,,
2023-07-19 20:00:00,,,
2023-07-19 21:00:00,,,
2023-07-19 22:00:00,,,
2023-07-19 23:00:00,,,
2023-07-20 00:00:00,,,
2023-07-20 01:00:00,,,
2023-07-20 02:00:00,,,
2023-07-20 03:00:00,,,
2023-07-20 04:00:00,,,
2023-07-20 05:00:00,,,
2023-07-20 06:00:00,,,
2023-07-20 07:00:00,,,
2023-07-20 08:00:00,,,
2023-07-20 09:00:00,,,
2023-07-20 10:00:00,,,
2023-07-20 11:00:00,37.0,1.1,177.5
2023-07-20 12:00:00,41.25,0.8,173.5
2023-07-20 13:00:00,53.5,0.95,179.25
2023-07-20 14:00:00,54.25,0.875,164.5
2023-07-20 15:00:00,31.75,0.875,175.0
2023-07-20 16:00:00,26.25,0.525,191.5
2023-07-20 17:00:00,27.5,0.4,188.0
2023-07-20 18:00:00,23.75,0.3,188.75
2023-07-20 19:00:00,38.75,0.3,215.75
2023-07-20 20:00:00,55.75,0.3,25.25
2023-07-20 21:00:00,74.0,0.3,9.0
2023-07-20 22:00:00,77.0,0.3,127.25
2023-07-20 23:00:00,72.25,0.3,225.75
2023-07-21 00:00:00,59.5,0.3,179.5
2023-07-21 01:00:00,61.75,0.3,110.75
2023-07-21 02:00:00,56.5,0.3,162.5
2023-07-21 03:00:00,60.25,0.3,219.25
2023-07-21 04:00:00,58.0,0.3,147.5
2023-07-21 05:00:00,58.25,0.3,166.5
2023-07-21 06:00:00,63.0,0.3,169.75
2023-07-21 07:00:00,73.5,0.625,188.5
2023-07-21 08:00:00,71.25,0.95,181.0
2023-07-21 09:00:00,73.25,0.975,204.5
2023-07-21 10:00:00,55.75,0.975,194.0
2023-07-21 11:00:00,46.25,1.175,194.0
2023-07-21 12:00:00,42.5,1.075,189.75
2023-07-21 13:00:00,37.0,1.775,189.75
2023-07-21 14:00:00,56.75,1.3,188.5
2023-07-21 15:00:00,42.5,1.675,177.5
2023-07-21 16:00:00,38.0,1.4,170.5
2023-07-21 17:00:00,41.0,0.85,201.75
2023-07-21 18:00:00,52.25,0.45,187.25
2023-07-21 19:00:00,61.0,0.3,185.25
2023-07-21 20:00:00,66.0,0.525,155.0
2023-07-21 21:00:00,63.0,0.775,179.0
2023-07-21 22:00:00,61.5,1.2,169.5
2023-07-21 23:00:00,54.0,0.775,191.25
2023-07-22 00:00:00,44.25,0.675,183.25
2023-07-22 01:00:00,44.25,0.75,167.0
2023-07-22 02:00:00,49.75,0.95,167.0
2023-07-22 03:00:00,44.5,1.15,181.25
2023-07-22 04:00:00,38.5,1.05,171.5
2023-07-22 05:00:00,35.0,1.225,174.0
2023-07-22 06:00:00,39.75,1.25,172.5
2023-07-22 07:00:00,44.75,1.975,169.75
2023-07-22 08:00:00,44.5,1.875,179.5
2023-07-22 09:00:00,44.0,2.15,187.0
2023-07-22 10:00:00,38.0,2.0,190.0
2023-07-22 11:00:00,34.75,1.9,192.0
2023-07-22 12:00:00,32.5,2.175,175.25
2023-07-22 13:00:00,48.0,2.35,162.25
2023-07-22 14:00:00,27.0,2.55,154.0
2023-07-22 15:00:00,31.5,2.05,173.0
2023-07-22 16:00:00,36.0,2.475,159.0
2023-07-22 17:00:00,33.0,2.025,147.5
2023-07-22 18:00:00,22.75,2.475,179.0
2023-07-22 19:00:00,21.25,2.425,158.0
2023-07-22 20:00:00,25.0,2.25,174.25
2023-07-22 21:00:00,20.5,1.45,175.0
2023-07-22 22:00:00,34.0,1.525,173.0
2023-07-22 23:00:00,34.0,1.075,172.25
2023-07-23 00:00:00,37.25,1.275,160.25
2023-07-23 01:00:00,43.0,1.725,163.5
2023-07-23 02:00:00,30.75,1.55,156.25
2023-07-23 03:00:00,31.0,1.75,170.75
2023-07-23 04:00:00,33.0,1.675,170.75
2023-07-23 05:00:00,30.25,1.275,177.0
2023-07-23 06:00:00,33.25,1.6749999999999998,175.0
2023-07-23 07:00:00,37.25,2.375,169.0
2023-07-23 08:00:00,29.25,1.875,183.5
2023-07-23 09:00:00,30.75,2.125,175.75
2023-07-23 10:00:00,32.5,2.25,180.5
2023-07-23 11:00:00,32.0,2.35,167.0
2023-07-23 12:00:00,29.5,1.925,182.5
2023-07-23 13:00:00,18.25,2.225,176.5
2023-07-23 14:00:00,33.75,2.275,168.25
2023-07-23 15:00:00,32.5,2.2,155.75
2023-07-23 16:00:00,32.0,1.775,163.75
2023-07-23 17:00:00,34.0,1.75,164.25
2023-07-23 18:00:00,29.5,2.15,161.25
2023-07-23 19:00:00,28.25,1.275,157.5
2023-07-23 20:00:00,39.5,1.35,146.0
2023-07-23 21:00:00,44.5,1.525,136.0
2023-07-23 22:00:00,44.0,1.975,155.0
2023-07-23 23:00:00,38.0,1.55,171.75
2023-07-24 00:00:00,41.5,1.65,183.5
2023-07-24 01:00:00,49.0,1.1,175.25
2023-07-24 02:00:00,39.75,1.15,168.75
2023-07-24 03:00:00,40.25,0.8,181.5
2023-07-24 04:00:00,44.0,0.775,181.5
2023-07-24 05:00:00,44.25,0.6,184.0
2023-07-24 06:00:00,44.25,1.125,190.0
2023-07-24 07:00:00,42.0,1.35,185.25
2023-07-24 08:00:00,41.25,1.5,173.75
2023-07-24 09:00:00,35.0,1.85,193.75
2023-07-24 10:00:00,24.5,2.0500000000000003,177.0
2023-07-24 11:00:00,27.75,2.4,178.75
2023-07-24 12:00:00,26.5,1.625,187.0
2023-07-24 13:00:00,31.75,1.775,187.0
2023-07-24 14:00:00,25.5,1.875,176.25
2023-07-24 15:00:00,27.75,1.65,158.5
2023-07-24 16:00:00,32.75,1.975,158.0
2023-07-24 17:00:00,41.25,1.825,176.5
2023-07-24 18:00:00,42.5,1.55,167.5
2023-07-24 19:00:00,40.0,1.7000000000000002,161.0
2023-07-24 20:00:00,29.25,1.2,176.0
2023-07-24 21:00:00,34.5,1.45,156.25
2023-07-24 22:00:00,39.0,0.925,184.5
2023-07-24 23:00:00,40.5,0.65,178.0
2023-07-25 00:00:00,51.25,1.6,170.5
2023-07-25 01:00:00,63.75,1.325,159.0
2023-07-25 02:00:00,44.25,1.35,191.0
2023-07-25 03:00:00,42.75,1.1,171.75
2023-07-25 04:00:00,37.0,1.225,175.0
2023-07-25 05:00:00,13.0,0.475,172.25
2023-07-25 06:00:00,22.25,0.325,138.25
2023-07-25 07:00:00,49.5,0.375,165.75
2023-07-25 08:00:00,49.25,0.825,197.5
2023-07-25 09:00:00,52.5,1.075,194.0
2023-07-25 10:00:00,47.0,1.7,182.0
2023-07-25 11:00:00,37.75,1.95,181.0
2023-07-25 12:00:00,44.75,1.65,176.5
2023-07-25 13:00:00,44.0,1.35,168.25
2023-07-25 14:00:00,54.0,1.075,192.5
2023-07-25 15:00:00,55.75,1.7,163.0
2023-07-25 16:00:00,51.5,1.9,174.75
2023-07-25 17:00:00,57.0,1.375,200.25
2023-07-25 18:00:00,79.25,1.375,191.5
2023-07-25 19:00:00,79.25,1.15,180.25
2023-07-25 20:00:00,71.25,1.025,179.0
2023-07-25 21:00:00,81.75,1.5,173.0
2023-07-25 22:00:00,80.0,1.1,191.0
2023-07-25 23:00:00,65.5,1.5,187.75
2023-07-26 00:00:00,58.0,1.4500000000000002,180.5
2023-07-26 01:00:00,25.0,1.675,183.25
2023-07-26 02:00:00,24.5,1.4249999999999998,179.25
2023-07-26 03:00:00,23.0,1.425,190.0
2023-07-26 04:00:00,25.0,1.125,188.5
2023-07-26 05:00:00,23.0,0.675,180.75
2023-07-26 06:00:00,14.75,0.825,171.75
2023-07-26 07:00:00,9.25,0.5,177.5
2023-07-26 08:00:00,13.0,0.375,172.0
2023-07-26 09:00:00,13.0,1.225,162.25
2023-07-26 10:00:00,13.0,1.325,180.75
2023-07-26 11:00:00,17.0,1.05,183.25
2023-07-26 12:00:00,27.5,1.15,184.75
2023-07-26 13:00:00,24.5,0.7749999999999999,198.25
2023-07-26 14:00:00,31.5,0.8250000000000001,212.0
2023-07-26 15:00:00,38.75,0.7,189.5
2023-07-26 16:00:00,37.5,0.725,197.75
2023-07-26 17:00:00,38.0,0.75,162.5
2023-07-26 18:00:00,48.25,0.975,133.25
2023-07-26 19:00:00,60.25,0.3,197.25
2023-07-26 20:00:00,56.5,0.325,187.5
2023-07-26 21:00:00,51.0,0.325,192.25
2023-07-26 22:00:00,45.0,0.3,186.5
2023-07-26 23:00:00,34.25,0.3,186.5
2023-07-27 00:00:00,35.0,0.3,185.25
2023-07-27 01:00:00,48.5,0.3,179.0
2023-07-27 02:00:00,34.5,0.3,179.0
2023-07-27 03:00:00,31.5,0.5,134.0
2023-07-27 04:00:00,31.75,0.725,160.0
2023-07-27 05:00:00,46.5,0.3,162.5
2023-07-27 06:00:00,54.0,0.3,141.25
2023-07-27 07:00:00,69.25,0.3,183.75
2023-07-27 08:00:00,63.0,0.375,143.5
2023-07-27 09:00:00,65.0,0.825,159.0
2023-07-27 10:00:00,54.25,0.9,160.75
2023-07-27 11:00:00,56.75,1.0,163.0
2023-07-27 12:00:00,51.75,0.95,174.0
2023-07-27 13:00:00,47.25,1.3,163.5
2023-07-27 14:00:00,48.25,0.775,177.25
2023-07-27 15:00:00,59.0,0.675,181.75
2023-07-27 16:00:00,60.25,0.425,170.75
2023-07-27 17:00:00,54.25,1.075,179.0
2023-07-27 18:00:00,43.25,0.65,171.75
2023-07-27 19:00:00,18.75,0.325,165.5
2023-07-27 20:00:00,24.25,0.3,153.25
2023-07-27 21:00:00,27.5,0.3,120.0
2023-07-27 22:00:00,36.5,0.3,128.0
2023-07-27 23:00:00,39.25,0.3,175.75
2023-07-28 00:00:00,33.0,0.3,182.75
2023-07-28 01:00:00,30.25,0.3,195.0
2023-07-28 02:00:00,26.75,0.3,233.75
2023-07-28 03:00:00,12.75,0.3,141.75
2023-07-28 04:00:00,10.75,0.3,115.25
2023-07-28 05:00:00,17.75,0.3,118.0
2023-07-28 06:00:00,25.0,0.3,137.75
2023-07-28 07:00:00,33.0,0.3,161.25
2023-07-28 08:00:00,43.0,0.3,158.5
2023-07-28 09:00:00,60.75,0.3999999999999999,205.5
2023-07-28 10:00:00,76.75,0.775,182.0
2023-07-28 11:00:00,69.5,0.8,186.0
2023-07-28 12:00:00,54.25,0.8,173.0
2023-07-28 13:00:00,41.0,1.425,166.5
2023-07-28 14:00:00,47.0,0.875,186.0
2023-07-28 15:00:00,55.75,0.7999999999999999,185.5
2023-07-28 16:00:00,54.5,0.975,182.25
2023-07-28 17:00:00,52.5,0.65,191.75
2023-07-28 18:00:00,44.25,0.85,197.75
2023-07-28 19:00:00,19.75,0.6749999999999999,179.75
2023-07-28 20:00:00,9.5,0.3,181.5
2023-07-28 21:00:00,14.75,0.3,178.0
2023-07-28 22:00:00,8.75,0.3,159.0
2023-07-28 23:00:00,11.0,0.3,74.0
2023-07-29 00:00:00,12.5,0.3,145.0
2023-07-29 01:00:00,14.0,0.3,146.25
2023-07-29 02:00:00,15.0,0.3,225.5
2023-07-29 03:00:00,18.0,0.3,169.0
2023-07-29 04:00:00,14.0,0.325,172.75
2023-07-29 05:00:00,14.0,0.3,178.25
2023-07-29 06:00:00,14.0,0.3,188.25
2023-07-29 07:00:00,15.0,0.6,186.0
2023-07-29 08:00:00,15.5,0.475,208.25
2023-07-29 09:00:00,10.5,0.8250000000000001,195.75
2023-07-29 10:00:00,22.0,1.275,195.75
2023-07-29 11:00:00,34.0,1.2,199.5
2023-07-29 12:00:00,30.0,0.9,193.25
2023-07-29 13:00:00,30.0,1.025,204.5
2023-07-29 14:00:00,18.0,0.975,185.0
2023-07-29 15:00:00,21.75,1.075,191.0
2023-07-29 16:00:00,26.5,0.8250000000000001,183.25
2023-07-29 17:00:00,8.333333333333334,0.375,175.25
2023-07-29 18:00:00,13.0,0.525,177.75
2023-07-29 19:00:00,21.5,0.475,173.0
2023-07-29 20:00:00,25.75,0.475,184.0
2023-07-29 21:00:00,16.5,0.55,183.25
2023-07-29 22:00:00,17.75,0.325,174.25
2023-07-29 23:00:00,15.75,0.35,182.75
2023-07-30 00:00:00,15.0,0.3,179.75
2023-07-30 01:00:00,20.0,0.3,183.0
2023-07-30 02:00:00,9.25,0.3,179.75
2023-07-30 03:00:00,12.5,0.3,203.25
2023-07-30 04:00:00,9.5,0.3,144.75
2023-07-30 05:00:00,8.75,0.3,168.75
2023-07-30 06:00:00,19.75,0.3,166.5
2023-07-30 07:00:00,20.5,0.3,174.0
2023-07-30 08:00:00,23.25,0.475,171.25
2023-07-30 09:00:00,17.5,0.875,168.75
2023-07-30 10:00:00,17.0,0.925,170.0
2023-07-30 11:00:00,21.75,0.9,178.25
2023-07-30 12:00:00,26.25,1.15,169.25
2023-07-30 13:00:00,28.5,0.975,163.0
2023-07-30 14:00:00,39.0,0.975,178.0
2023-07-30 15:00:00,29.25,1.025,180.25
2023-07-30 16:00:00,25.75,1.025,169.0
2023-07-30 17:00:00,18.5,0.7,172.0
2023-07-30 18:00:00,11.75,0.875,179.25
2023-07-30 19:00:00,25.75,0.3,169.5
2023-07-30 20:00:00,33.0,0.35,164.5
2023-07-30 21:00:00,35.75,0.3,167.75
2023-07-30 22:00:00,54.0,0.3,209.75
2023-07-30 23:00:00,54.5,0.3,256.5
2023-07-31 00:00:00,50.0,0.3,186.75
2023-07-31 01:00:00,54.25,0.3,181.5
2023-07-31 02:00:00,44.0,0.3,180.25
2023-07-31 03:00:00,56.5,0.325,176.5
2023-07-31 04:00:00,56.75,0.3,177.75
2023-07-31 05:00:00,55.0,0.3,176.25
2023-07-31 06:00:00,58.5,0.3,176.75
2023-07-31 07:00:00,51.0,0.725,173.75
2023-07-31 08:00:00,48.75,1.15,170.5
2023-07-31 09:00:00,45.25,1.075,169.0
2023-07-31 10:00:00,62.5,1.125,182.5
2023-07-31 11:00:00,78.0,0.8500000000000001,189.5
2023-07-31 12:00:00,54.75,1.025,183.0
2023-07-31 13:00:00,51.5,0.875,202.0
2023-07-31 14:00:00,59.0,1.05,188.75
2023-07-31 15:00:00,45.75,1.15,171.75
2023-07-31 16:00:00,34.25,0.75,190.75
2023-07-31 17:00:00,34.0,0.7,179.75
2023-07-31 18:00:00,24.25,0.425,175.5
2023-07-31 19:00:00,30.75,0.3,150.25
2023-07-31 20:00:00,38.25,0.3,157.5
2023-07-31 21:00:00,57.75,0.3,158.0
2023-07-31 22:00:00,44.5,0.475,208.25
2023-07-31 23:00:00,46.75,0.8,176.75
2023-08-01 00:00:00,33.25,0.475,179.25
2023-08-01 01:00:00,37.0,0.575,175.25
2023-08-01 02:00:00,28.0,0.35,181.0
2023-08-01 03:00:00,25.75,0.45,182.25
2023-08-01 04:00:00,25.75,0.375,180.0
2023-08-01 05:00:00,39.25,0.3,182.0
2023-08-01 06:00:00,20.25,0.65,178.75
2023-08-01 07:00:00,26.25,1.275,173.75
2023-08-01 08:00:00,32.0,1.5,168.25
2023-08-01 09:00:00,30.75,1.45,177.75
2023-08-01 10:00:00,37.25,1.375,174.0
2023-08-01 11:00:00,39.5,1.125,182.0
2023-08-01 12:00:00,37.5,0.975,191.0
2023-08-01 13:00:00,51.0,1.125,181.75
2023-08-01 14:00:00,67.0,1.0750000000000002,188.75
2023-08-01 15:00:00,59.0,1.0,176.75
2023-08-01 16:00:00,52.5,0.975,183.0
2023-08-01 17:00:00,45.75,1.2,170.5
2023-08-01 18:00:00,29.5,0.95,173.5
2023-08-01 19:00:00,31.0,0.975,177.5
2023-08-01 20:00:00,39.5,0.325,183.25
2023-08-01 21:00:00,40.25,0.375,177.25
2023-08-01 22:00:00,45.0,0.325,178.25
2023-08-01 23:00:00,38.0,0.525,176.25
2023-08-02 00:00:00,36.75,0.625,171.5
2023-08-02 01:00:00,40.0,0.4499999999999999,176.25
2023-08-02 02:00:00,33.25,0.425,176.25
2023-08-02 03:00:00,31.5,0.525,176.25
2023-08-02 04:00:00,31.5,0.65,171.25
2023-08-02 05:00:00,31.25,0.85,176.75
2023-08-02 06:00:00,44.0,1.2,172.5
2023-08-02 07:00:00,44.25,1.55,172.75
2023-08-02 08:00:00,44.25,1.6,169.0
2023-08-02 09:00:00,44.25,1.875,171.5
2023-08-02 10:00:00,52.0,1.55,188.5
2023-08-02 11:00:00,54.25,1.225,196.0
2023-08-02 12:00:00,50.25,1.275,173.25
2023-08-02 13:00:00,47.5,1.025,179.25
2023-08-02 14:00:00,55.5,0.975,173.25
2023-08-02 15:00:00,55.5,0.7,188.25
2023-08-02 16:00:00,49.25,1.175,181.25
2023-08-02 17:00:00,37.5,0.625,186.25
2023-08-02 18:00:00,16.5,0.675,174.25
2023-08-02 19:00:00,16.25,0.55,170.25
2023-08-02 20:00:00,28.75,0.6,182.5
2023-08-02 21:00:00,29.75,0.3,161.5
2023-08-02 22:00:00,34.5,0.625,181.5
2023-08-02 23:00:00,31.5,0.325,185.5
2023-08-03 00:00:00,28.0,0.325,195.25
2023-08-03 01:00:00,27.75,0.35,175.25
2023-08-03 02:00:00,18.25,0.3,183.25
2023-08-03 03:00:00,20.25,0.3,174.0
2023-08-03 04:00:00,21.5,0.3,175.25
2023-08-03 05:00:00,16.0,0.3,166.5
2023-08-03 06:00:00,25.0,0.4,172.0
2023-08-03 07:00:00,34.0,0.825,179.5
2023-08-03 08:00:00,35.75,1.45,176.25
2023-08-03 09:00:00,42.5,1.275,186.0
2023-08-03 10:00:00,49.0,1.175,187.5
2023-08-03 11:00:00,58.25,1.2,192.5
2023-08-03 12:00:00,64.66666666666667,1.05,192.75
2023-08-03 13:00:00,63.25,0.9,189.25
2023-08-03 14:00:00,76.25,0.825,187.75
2023-08-03 15:00:00,67.5,0.775,184.0
2023-08-03 16:00:00,64.75,0.6,189.25
2023-08-03 17:00:00,60.0,0.525,176.25
2023-08-03 18:00:00,64.25,0.575,176.5
2023-08-03 19:00:00,74.25,0.625,170.0
2023-08-03 20:00:00,36.25,0.975,175.5
2023-08-03 21:00:00,29.75,0.35,190.5
2023-08-03 22:00:00,37.25,0.55,163.0
2023-08-03 23:00:00,44.25,1.125,186.75
2023-08-04 00:00:00,44.75,1.65,171.5
2023-08-04 01:00:00,43.0,0.3999999999999999,188.75
2023-08-04 02:00:00,38.5,0.3,171.0
2023-08-04 03:00:00,34.25,0.3,181.5
2023-08-04 04:00:00,31.75,0.3,178.75
2023-08-04 05:00:00,25.0,0.3,178.5
2023-08-04 06:00:00,34.5,0.3,178.75
2023-08-04 07:00:00,37.5,0.5,172.75
2023-08-04 08:00:00,42.0,0.3,169.5
2023-08-04 09:00:00,52.0,0.3,186.0
2023-08-04 10:00:00,52.0,0.4499999999999999,173.75
2023-08-04 11:00:00,45.0,0.45,177.75
2023-08-04 12:00:00,47.0,0.375,181.0
2023-08-04 13:00:00,70.0,0.35,137.25
2023-08-04 14:00:00,67.0,0.375,169.0
2023-08-04 15:00:00,105.0,0.3,182.25
2023-08-04 16:00:00,96.0,0.3,199.75
2023-08-04 17:00:00,79.0,0.3,136.0
2023-08-04 18:00:00,89.0,0.5,185.25
2023-08-04 19:00:00,113.0,0.625,210.0
2023-08-04 20:00:00,57.0,0.525,197.5
2023-08-04 21:00:00,27.0,0.3,184.25
2023-08-04 22:00:00,25.0,0.3,146.5
2023-08-04 23:00:00,28.0,0.3,68.25
2023-08-05 00:00:00,33.0,0.3,229.25
2023-08-05 01:00:00,33.0,0.3,226.25
2023-08-05 02:00:00,41.0,0.3,247.25
2023-08-05 03:00:00,23.0,0.3,182.25
2023-08-05 04:00:00,45.0,0.3,214.25
2023-08-05 05:00:00,39.0,0.3,116.0
2023-08-05 06:00:00,41.0,0.475,165.5
2023-08-05 07:00:00,30.0,0.3,178.5
2023-08-05 08:00:00,33.0,0.3,145.5
2023-08-05 09:00:00,27.0,0.3,136.5
2023-08-05 10:00:00,48.5,0.375,182.25
2023-08-05 11:00:00,40.25,0.7,176.5
2023-08-05 12:00:00,48.0,0.325,175.0
2023-08-05 13:00:00,53.0,0.375,170.5
2023-08-05 14:00:00,59.0,0.6666666666666666,180.0
2023-08-05 15:00:00,63.25,0.6055555555555555,163.5
2023-08-05 16:00:00,67.5,0.5444444444444444,147.0
2023-08-05 17:00:00,71.75,0.4833333333333333,130.5
2023-08-05 18:00:00,,,
2023-08-05 19:00:00,,,
2023-08-05 20:00:00,84.5,0.3,81.0
2023-08-05 21:00:00,106.5,0.3,86.5
2023-08-05 22:00:00,125.75,0.3,99.0
2023-08-05 23:00:00,83.75,0.3,247.75
2023-08-06 00:00:00,74.75,0.325,216.25
2023-08-06 01:00:00,90.0,0.3,161.5
2023-08-06 02:00:00,65.0,0.35,153.25
2023-08-06 03:00:00,38.75,0.3,224.0
2023-08-06 04:00:00,45.0,0.5,172.5
2023-08-06 05:00:00,32.25,0.725,177.5
2023-08-06 06:00:00,39.0,0.625,173.5
2023-08-06 07:00:00,45.5,1.225,172.0
2023-08-06 08:00:00,42.5,1.7,175.0
2023-08-06 09:00:00,39.75,1.7999999999999998,172.25
2023-08-06 10:00:00,45.0,1.55,176.25
2023-08-06 11:00:00,45.5,1.6,179.75
2023-08-06 12:00:00,42.5,1.75,177.5
2023-08-06 13:00:00,36.0,1.425,171.25
2023-08-06 14:00:00,56.5,1.4,176.75
2023-08-06 15:00:00,51.25,1.4,173.0
2023-08-06 16:00:00,41.25,1.375,175.25
2023-08-06 17:00:00,40.75,1.25,175.25
2023-08-06 18:00:00,33.5,1.225,178.0
2023-08-06 19:00:00,49.5,0.8,177.0
2023-08-06 20:00:00,46.5,0.7,187.0
2023-08-06 21:00:00,47.0,0.65,186.5
2023-08-06 22:00:00,61.25,0.65,190.0
2023-08-06 23:00:00,56.25,1.025,191.0
2023-08-07 00:00:00,50.25,1.25,181.25
2023-08-07 01:00:00,49.75,1.3,187.75
2023-08-07 02:00:00,31.0,1.45,180.0
2023-08-07 03:00:00,39.0,1.45,181.0
2023-08-07 04:00:00,41.25,1.2999999999999998,185.5
2023-08-07 05:00:00,57.0,1.225,184.5
2023-08-07 06:00:00,44.0,1.35,177.5
2023-08-07 07:00:00,43.5,1.6,175.25
2023-08-07 08:00:00,43.0,1.75,177.75
2023-08-07 09:00:00,62.75,1.775,177.5
2023-08-07 10:00:00,98.5,1.675,177.25
2023-08-07 11:00:00,54.5,1.7,172.0
2023-08-07 12:00:00,49.75,1.3,172.5
2023-08-07 13:00:00,50.0,1.35,172.5
2023-08-07 14:00:00,75.5,1.275,170.5
2023-08-07 15:00:00,59.0,1.325,178.0
2023-08-07 16:00:00,49.0,1.1,173.5
2023-08-07 17:00:00,43.25,1.15,178.75
2023-08-07 18:00:00,37.25,0.875,179.5
2023-08-07 19:00:00,44.25,1.075,180.0
2023-08-07 20:00:00,46.5,1.05,193.75
2023-08-07 21:00:00,51.0,0.7,182.0
2023-08-07 22:00:00,90.0,0.575,187.25
2023-08-07 23:00:00,84.75,0.525,213.75
2023-08-08 00:00:00,67.0,0.95,184.0
2023-08-08 01:00:00,61.0,1.4,182.0
2023-08-08 02:00:00,41.0,1.475,184.5
2023-08-08 03:00:00,42.0,1.45,183.0
2023-08-08 04:00:00,45.5,1.4500000000000002,182.75
2023-08-08 05:00:00,49.5,1.35,186.75
2023-08-08 06:00:00,54.75,1.525,182.0
2023-08-08 07:00:00,48.0,1.85,178.25
2023-08-08 08:00:00,47.75,2.075,175.75
2023-08-08 09:00:00,47.0,2.1,178.0
2023-08-08 10:00:00,48.0,2.1500000000000004,173.25
2023-08-08 11:00:00,52.5,1.7,176.5
2023-08-08 12:00:00,56.0,1.6,172.0
2023-08-08 13:00:00,58.5,1.375,184.25
2023-08-08 14:00:00,73.0,1.15,172.75
2023-08-08 15:00:00,66.25,0.975,176.25
2023-08-08 16:00:00,62.0,0.75,175.0
2023-08-08 17:00:00,52.5,0.55,172.5
2023-08-08 18:00:00,47.5,0.775,180.25
2023-08-08 19:00:00,61.25,0.975,177.75
2023-08-08 20:00:00,48.5,0.8250000000000001,182.25
2023-08-08 21:00:00,39.25,0.8,190.0
2023-08-08 22:00:00,53.0,0.625,184.75
2023-08-08 23:00:00,56.25,0.925,183.75
2023-08-09 00:00:00,60.0,0.925,185.5
2023-08-09 01:00:00,65.0,1.0,180.5
2023-08-09 02:00:00,55.0,1.55,179.25
2023-08-09 03:00:00,59.0,1.575,182.5
2023-08-09 04:00:00,52.5,1.5750000000000002,176.75
2023-08-09 05:00:00,50.0,1.325,178.0
2023-08-09 06:00:00,47.75,1.375,171.75
2023-08-09 07:00:00,48.75,1.45,176.0
2023-08-09 08:00:00,46.75,1.825,172.75
2023-08-09 09:00:00,53.25,1.775,172.0
2023-08-09 10:00:00,57.0,1.3,174.75
2023-08-09 11:00:00,59.5,1.325,184.0
2023-08-09 12:00:00,65.5,1.0750000000000002,188.25
2023-08-09 13:00:00,63.0,0.875,185.25
2023-08-09 14:00:00,68.75,0.6,188.25
2023-08-09 15:00:00,69.0,0.575,173.75
2023-08-09 16:00:00,68.25,0.35,183.0
2023-08-09 17:00:00,59.75,0.325,184.25
2023-08-09 18:00:00,69.25,0.475,189.0
2023-08-09 19:00:00,74.5,0.325,225.5
2023-08-09 20:00:00,82.75,0.4,199.5
2023-08-09 21:00:00,90.75,0.425,165.0
2023-08-09 22:00:00,80.0,0.75,182.75
2023-08-09 23:00:00,74.75,0.725,186.75
2023-08-10 00:00:00,71.0,0.6,189.0
2023-08-10 01:00:00,74.75,0.6,192.0
2023-08-10 02:00:00,59.5,0.675,182.5
2023-08-10 03:00:00,67.25,0.65,185.0
2023-08-10 04:00:00,81.25,0.725,182.25
2023-08-10 05:00:00,65.75,0.825,178.25
2023-08-10 06:00:00,57.0,0.95,179.0
2023-08-10 07:00:00,41.5,1.25,173.0
2023-08-10 08:00:00,35.5,1.4500000000000002,171.5
2023-08-10 09:00:00,28.5,1.5750000000000002,180.25
2023-08-10 10:00:00,48.5,1.275,190.25
2023-08-10 11:00:00,50.0,1.2333333333333334,175.33333333333334
2023-08-10 12:00:00,50.0,1.1047619047619048,179.66666666666666
2023-08-10 13:00:00,50.0,0.9761904761904763,184.0
2023-08-10 14:00:00,50.0,0.8476190476190476,188.33333333333331
2023-08-10 15:00:00,,,
2023-08-10 16:00:00,,,
2023-08-10 17:00:00,,,
2023-08-10 18:00:00,50.0,0.3333333333333333,205.66666666666663
2023-08-10 19:00:00,85.0,0.325,155.25
2023-08-10 20:00:00,77.75,0.7,171.0
2023-08-10 21:00:00,51.75,0.65,199.75
2023-08-10 22:00:00,41.0,0.4,189.0
2023-08-10 23:00:00,48.0,0.35,199.5
2023-08-11 00:00:00,55.25,0.375,183.0
2023-08-11 01:00:00,68.0,0.375,195.5
2023-08-11 02:00:00,65.75,0.45,185.25
2023-08-11 03:00:00,60.0,0.525,182.5
2023-08-11 04:00:00,58.75,0.775,180.75
2023-08-11 05:00:00,50.0,0.775,173.75
2023-08-11 06:00:00,63.5,0.85,179.25
2023-08-11 07:00:00,66.75,1.125,173.25
2023-08-11 08:00:00,59.75,1.275,175.75
2023-08-11 09:00:00,51.25,0.975,181.5
2023-08-11 10:00:00,55.75,0.925,188.5
2023-08-11 11:00:00,60.25,1.15,185.75
2023-08-11 12:00:00,61.9375,1.1,202.0
2023-08-11 13:00:00,63.625,0.9750000000000001,187.75
2023-08-11 14:00:00,65.3125,0.8500000000000001,173.5
2023-08-11 15:00:00,67.0,0.725,159.25
2023-08-11 16:00:00,46.0,0.55,181.0
2023-08-11 17:00:00,46.0,0.55,174.25
2023-08-11 18:00:00,75.0,0.45,169.75
2023-08-11 19:00:00,78.0,0.3,174.5
2023-08-11 20:00:00,74.0,0.3,157.25
2023-08-11 21:00:00,78.0,0.3,179.0
2023-08-11 22:00:00,96.0,0.3,178.0
2023-08-11 23:00:00,88.0,0.7,177.75
2023-08-12 00:00:00,70.0,0.925,182.75
2023-08-12 01:00:00,69.0,1.025,182.25
2023-08-12 02:00:00,40.0,0.825,182.5
2023-08-12 03:00:00,53.0,1.025,173.75
2023-08-12 04:00:00,55.0,1.1,180.75
2023-08-12 05:00:00,50.0,1.15,178.25
2023-08-12 06:00:00,67.0,1.225,176.0
2023-08-12 07:00:00,51.0,1.35,170.5
2023-08-12 08:00:00,50.0,1.7,176.25
2023-08-12 09:00:00,47.0,1.625,176.25
2023-08-12 10:00:00,38.0,1.4333333333333331,178.33333333333334
2023-08-12 11:00:00,40.5,1.2999999999999998,180.75
2023-08-12 12:00:00,43.0,1.1666666666666665,183.16666666666669
2023-08-12 13:00:00,45.5,1.0333333333333332,185.58333333333334
2023-08-12 14:00:00,48.0,0.9,188.0
2023-08-12 15:00:00,48.5,1.0,179.0
2023-08-12 16:00:00,52.0,1.15,182.0
2023-08-12 17:00:00,54.5,0.95,176.75
2023-08-12 18:00:00,47.75,0.675,174.25
2023-08-12 19:00:00,59.5,0.725,179.5
2023-08-12 20:00:00,60.5,1.05,182.75
2023-08-12 21:00:00,62.25,1.475,178.25
2023-08-12 22:00:00,65.0,1.35,178.25
2023-08-12 23:00:00,43.0,1.425,178.75
2023-08-13 00:00:00,43.0,1.275,183.0
2023-08-13 01:00:00,45.75,1.525,180.5
2023-08-13 02:00:00,26.5,1.2999999999999998,175.5
2023-08-13 03:00:00,24.75,1.1,180.75
2023-08-13 04:00:00,29.25,1.15,183.5
2023-08-13 05:00:00,43.75,1.075,185.5
2023-08-13 06:00:00,36.75,1.15,184.75
2023-08-13 07:00:00,28.5,1.4,181.25
2023-08-13 08:00:00,33.75,1.575,178.5
2023-08-13 09:00:00,33.75,1.75,172.0
2023-08-13 10:00:00,33.0,1.725,179.75
2023-08-13 11:00:00,50.0,1.475,177.0
2023-08-13 12:00:00,46.5,1.15,175.0
2023-08-13 13:00:00,49.75,1.35,177.25
2023-08-13 14:00:00,64.0,0.9,203.0
2023-08-13 15:00:00,48.5,0.575,230.0
2023-08-13 16:00:00,50.25,0.7250000000000001,189.0
2023-08-13 17:00:00,48.5,0.525,212.5
2023-08-13 18:00:00,39.25,0.75,209.0
2023-08-13 19:00:00,38.25,0.6,215.25
2023-08-13 20:00:00,53.5,0.35,209.25
2023-08-13 21:00:00,63.25,0.35,215.5
2023-08-13 22:00:00,66.75,0.3,201.25
2023-08-13 23:00:00,56.0,0.3,252.25
2023-08-14 00:00:00,53.75,0.4,172.5
2023-08-14 01:00:00,48.75,0.325,196.5
2023-08-14 02:00:00,30.25,0.35,221.0
2023-08-14 03:00:00,41.25,0.325,213.5
2023-08-14 04:00:00,45.5,0.325,209.0
2023-08-14 05:00:00,51.0,0.3,210.75
2023-08-14 06:00:00,58.75,0.3,213.25
2023-08-14 07:00:00,47.5,0.3,215.25
2023-08-14 08:00:00,50.75,0.325,228.5
2023-08-14 09:00:00,51.25,0.575,165.0
2023-08-14 10:00:00,65.25,0.55,159.5
2023-08-14 11:00:00,66.25,0.5,199.75
2023-08-14 12:00:00,59.25,0.45,187.5
2023-08-14 13:00:00,66.75,0.9,188.5
2023-08-14 14:00:00,70.5,1.175,182.0
2023-08-14 15:00:00,46.0,1.125,203.75
2023-08-14 16:00:00,40.0,1.0,214.75
2023-08-14 17:00:00,40.0,1.0,190.5
2023-08-14 18:00:00,41.0,0.7,231.25
2023-08-14 19:00:00,46.0,0.675,222.0
2023-08-14 20:00:00,51.0,0.475,170.5
2023-08-14 21:00:00,62.0,0.45,217.75
2023-08-14 22:00:00,91.0,0.525,197.5
2023-08-14 23:00:00,79.0,0.575,172.75
2023-08-15 00:00:00,69.0,0.825,174.75
2023-08-15 01:00:00,53.0,0.475,205.25
2023-08-15 02:00:00,55.0,0.325,216.0
2023-08-15 03:00:00,61.0,0.425,166.5
2023-08-15 04:00:00,56.0,0.35,217.0
2023-08-15 05:00:00,66.0,0.35,196.5
2023-08-15 06:00:00,75.0,0.45,178.25
2023-08-15 07:00:00,70.0,0.325,195.75
2023-08-15 08:00:00,72.0,0.7,194.0
2023-08-15 09:00:00,69.0,0.925,170.5
2023-08-15 10:00:00,67.0,0.85,175.75
2023-08-15 11:00:00,67.0,1.025,182.25
2023-08-15 12:00:00,57.0,1.0,175.0
2023-08-15 13:00:00,69.0,1.55,165.25
2023-08-15 14:00:00,57.0,0.45,232.75
2023-08-15 15:00:00,47.0,0.3,211.75
2023-08-15 16:00:00,56.0,0.3,172.25
2023-08-15 17:00:00,53.0,0.3,125.25
2023-08-15 18:00:00,47.0,0.3,192.75
2023-08-15 19:00:00,64.0,0.3,163.25
2023-08-15 20:00:00,83.0,0.3,129.5
2023-08-15 21:00:00,86.0,0.3,162.25
2023-08-15 22:00:00,96.0,0.325,268.25
2023-08-15 23:00:00,78.0,0.3,286.5
2023-08-16 00:00:00,73.0,0.3,281.25
2023-08-16 01:00:00,66.0,0.3,261.0
2023-08-16 02:00:00,57.0,0.3,222.75
2023-08-16 03:00:00,61.0,0.3,197.0
2023-08-16 04:00:00,55.0,0.3,253.75
2023-08-16 05:00:00,40.0,0.3,228.0
2023-08-16 06:00:00,69.0,0.3,183.25
2023-08-16 07:00:00,69.0,0.4499999999999999,174.25
2023-08-16 08:00:00,66.0,0.8,174.0
2023-08-16 09:00:00,68.0,0.65,198.0
2023-08-16 10:00:00,65.25,1.05,178.5
2023-08-16 11:00:00,70.75,0.675,187.5
2023-08-16 12:00:00,67.0,0.675,170.0
2023-08-16 13:00:00,67.0,0.825,188.25
2023-08-16 14:00:00,84.75,1.05,187.25
2023-08-16 15:00:00,66.0,1.075,185.0
2023-08-16 16:00:00,59.666666666666664,0.875,178.25
2023-08-16 17:00:00,53.333333333333336,0.7,176.5
2023-08-16 18:00:00,47.0,0.55,175.5
2023-08-16 19:00:00,67.0,0.325,171.25
2023-08-16 20:00:00,46.0,0.35,158.25
2023-08-16 21:00:00,84.0,0.3,146.75
2023-08-16 22:00:00,86.0,0.3,44.5
2023-08-16 23:00:00,125.0,0.325,113.25
2023-08-17 00:00:00,117.0,0.4,184.5
2023-08-17 01:00:00,68.0,0.3,192.0
2023-08-17 02:00:00,69.5,0.35,181.0
2023-08-17 03:00:00,78.25,0.3,177.25
2023-08-17 04:00:00,84.25,0.5,179.5
2023-08-17 05:00:00,62.25,0.55,176.25
2023-08-17 06:00:00,58.0,0.775,168.75
2023-08-17 07:00:00,61.25,1.0,176.75
2023-08-17 08:00:00,62.0,1.65,169.75
2023-08-17 09:00:00,62.5,1.575,178.25
2023-08-17 10:00:00,65.25,1.65,172.75
2023-08-17 11:00:00,72.0,1.2,199.5
2023-08-17 12:00:00,78.0,1.45,179.5
2023-08-17 13:00:00,82.5,1.275,186.25
2023-08-17 14:00:00,96.0,1.15,188.0
2023-08-17 15:00:00,99.5,1.0,185.5
2023-08-17 16:00:00,103.0,1.0,182.75
2023-08-17 17:00:00,106.5,0.75,187.0
2023-08-17 18:00:00,110.0,0.45,170.5
2023-08-17 19:00:00,113.75,0.3,161.0
2023-08-17 20:00:00,70.75,0.3,185.0
2023-08-17 21:00:00,73.75,0.34888888888888886,185.6
2023-08-17 22:00:00,69.0,0.3977777777777778,186.2
2023-08-17 23:00:00,18.0,0.44666666666666666,186.8
2023-08-18 00:00:00,11.5,,
2023-08-18 01:00:00,15.0,,
2023-08-18 02:00:00,5.5,,
2023-08-18 03:00:00,12.25,,
2023-08-18 04:00:00,9.75,,
2023-08-18 05:00:00,13.5,,
2023-08-18 06:00:00,28.75,,
2023-08-18 07:00:00,30.5,,
2023-08-18 08:00:00,20.0,,
2023-08-18 09:00:00,38.77777777777777,,
2023-08-18 10:00:00,57.55555555555555,,
2023-08-18 11:00:00,76.33333333333333,1.0333333333333334,194.0
2023-08-18 12:00:00,112.25,0.9,173.75
2023-08-18 13:00:00,104.0,0.8,194.0
2023-08-18 14:00:00,90.0,0.75,186.0
2023-08-18 15:00:00,76.0,0.8,189.5
2023-08-18 16:00:00,62.0,0.7,187.75
2023-08-18 17:00:00,,0.725,178.25
2023-08-18 18:00:00,34.0,0.575,188.75
2023-08-18 19:00:00,88.0,0.35,158.5
2023-08-18 20:00:00,201.0,0.3,149.75
2023-08-18 21:00:00,119.0,0.3,159.5
2023-08-18 22:00:00,110.0,0.325,127.5
2023-08-18 23:00:00,111.0,0.3,156.5
2023-08-19 00:00:00,117.0,0.3,114.25
2023-08-19 01:00:00,149.0,0.3,177.25
2023-08-19 02:00:00,145.25,0.3,143.5
2023-08-19 03:00:00,127.0,0.3,169.0
2023-08-19 04:00:00,106.0,0.65,197.0
2023-08-19 05:00:00,27.0,0.6749999999999999,165.25
2023-08-19 06:00:00,30.25,0.35,175.75
2023-08-19 07:00:00,50.75,0.3,207.0
2023-08-19 08:00:00,75.25,0.4,201.25
2023-08-19 09:00:00,52.0,0.35,168.5
2023-08-19 10:00:00,62.0,0.3,170.75
2023-08-19 11:00:00,49.25,0.3,173.25
2023-08-19 12:00:00,17.25,0.425,194.75
2023-08-19 13:00:00,36.0,1.375,170.0
2023-08-19 14:00:00,47.0,1.15,191.75
2023-08-19 15:00:00,43.5,1.525,183.0
2023-08-19 16:00:00,39.25,1.275,175.25
2023-08-19 17:00:00,60.5,0.525,194.25
2023-08-19 18:00:00,59.5,0.3,171.0
2023-08-19 19:00:00,43.0,0.3,171.5
2023-08-19 20:00:00,70.0,0.3,148.0
2023-08-19 21:00:00,83.0,0.475,125.0
2023-08-19 22:00:00,56.0,0.5,154.75
2023-08-19 23:00:00,74.0,0.475,143.5
2023-08-20 00:00:00,80.0,0.3999999999999999,124.75
2023-08-20 01:00:00,95.0,0.3,153.5
2023-08-20 02:00:00,78.0,0.3,136.75
2023-08-20 03:00:00,70.0,0.6,143.0
2023-08-20 04:00:00,52.0,0.425,155.0
2023-08-20 05:00:00,59.0,0.7,190.5
2023-08-20 06:00:00,53.0,0.825,178.25
2023-08-20 07:00:00,57.0,1.3,155.25
2023-08-20 08:00:00,41.5,1.475,176.5
2023-08-20 09:00:00,39.75,1.75,162.25
2023-08-20 10:00:00,39.75,1.625,174.5
2023-08-20 11:00:00,41.0,1.625,169.5
2023-08-20 12:00:00,35.25,1.5,181.25
2023-08-20 13:00:00,26.0,1.775,184.25
2023-08-20 14:00:00,23.25,1.45,192.0
2023-08-20 15:00:00,24.0,1.15,175.75
2023-08-20 16:00:00,20.25,0.725,193.5
2023-08-20 17:00:00,14.5,0.5,187.25
2023-08-20 18:00:00,31.0,0.35,211.0
2023-08-20 19:00:00,44.75,0.4,182.0
2023-08-20 20:00:00,52.75,0.325,199.5
2023-08-20 21:00:00,51.5,0.425,177.5
2023-08-20 22:00:00,53.0,0.4,177.25
2023-08-20 23:00:00,58.5,0.65,193.5
2023-08-21 00:00:00,50.75,0.6,188.75
2023-08-21 01:00:00,48.0,0.4,182.0
2023-08-21 02:00:00,49.0,0.5,181.5
2023-08-21 03:00:00,51.0,0.475,169.0
2023-08-21 04:00:00,45.0,0.3,176.0
2023-08-21 05:00:00,35.25,0.3,241.25
2023-08-21 06:00:00,37.5,0.3,179.5
2023-08-21 07:00:00,50.25,0.525,205.25
2023-08-21 08:00:00,48.75,0.725,193.25
2023-08-21 09:00:00,50.0,0.875,176.25
2023-08-21 10:00:00,48.5,0.975,171.0
2023-08-21 11:00:00,51.5,0.975,166.25
2023-08-21 12:00:00,48.0,0.625,185.25
2023-08-21 13:00:00,51.0,0.675,187.5
2023-08-21 14:00:00,51.0,0.775,177.5
2023-08-21 15:00:00,51.5,0.625,163.0
2023-08-21 16:00:00,53.0,0.45,146.25
2023-08-21 17:00:00,53.0,0.325,154.25
2023-08-21 18:00:00,55.5,0.3,163.5
2023-08-21 19:00:00,67.25,0.925,134.5
2023-08-21 20:00:00,78.75,1.525,176.25
2023-08-21 21:00:00,63.25,0.9,190.5
2023-08-21 22:00:00,34.0,0.675,194.25
2023-08-21 23:00:00,52.25,0.725,199.25
2023-08-22 00:00:00,53.75,0.95,188.75
2023-08-22 01:00:00,56.5,0.35,284.75
2023-08-22 02:00:00,58.75,0.3,187.25
2023-08-22 03:00:00,59.75,0.35,208.0
2023-08-22 04:00:00,56.5,0.3,238.0
2023-08-22 05:00:00,60.0,0.3,277.0
2023-08-22 06:00:00,65.0,0.3,216.75
2023-08-22 07:00:00,55.0,0.7,185.0
2023-08-22 08:00:00,33.25,1.5,168.75
2023-08-22 09:00:00,36.25,1.425,181.25
2023-08-22 10:00:00,54.75,1.125,182.25
2023-08-22 11:00:00,65.75,0.875,179.0
2023-08-22 12:00:00,72.25,0.825,191.0
2023-08-22 13:00:00,70.5,0.875,177.75
2023-08-22 14:00:00,73.5,0.675,190.75
2023-08-22 15:00:00,53.75,0.525,171.75
2023-08-22 16:00:00,63.5,1.0,152.75
2023-08-22 17:00:00,64.0,1.075,156.0
2023-08-22 18:00:00,60.25,0.825,194.5
2023-08-22 19:00:00,69.5,1.25,227.75
2023-08-22 20:00:00,17.5,1.275,205.25
2023-08-22 21:00:00,5.5,0.725,180.5
2023-08-22 22:00:00,18.25,0.625,204.5
2023-08-22 23:00:00,16.25,0.475,200.25
2023-08-23 00:00:00,17.0,0.8,202.5
2023-08-23 01:00:00,17.0,0.7,192.0
2023-08-23 02:00:00,15.5,0.925,186.5
2023-08-23 03:00:00,13.75,1.575,179.25
2023-08-23 04:00:00,17.75,1.8,173.5
2023-08-23 05:00:00,13.25,1.225,180.5
2023-08-23 06:00:00,38.0,1.375,182.0
2023-08-23 07:00:00,38.0,0.875,175.75
2023-08-23 08:00:00,39.75,0.575,192.5
2023-08-23 09:00:00,45.75,0.3,196.0
2023-08-23 10:00:00,47.5,0.375,186.25
2023-08-23 11:00:00,36.0,0.4,188.75
2023-08-23 12:00:00,6.0,0.375,197.25
2023-08-23 13:00:00,57.0,0.6,190.25
2023-08-23 14:00:00,30.75,0.425,212.75
2023-08-23 15:00:00,34.75,0.325,210.5
2023-08-23 16:00:00,41.0,0.325,225.25
2023-08-23 17:00:00,40.25,0.35,194.75
2023-08-23 18:00:00,25.0,0.45,197.5
2023-08-23 19:00:00,13.0,0.35,220.25
2023-08-23 20:00:00,38.25,0.325,215.0
2023-08-23 21:00:00,36.75,0.425,224.75
2023-08-23 22:00:00,38.25,0.3,238.5
2023-08-23 23:00:00,34.75,0.325,216.25
2023-08-24 00:00:00,34.5,0.325,207.5
2023-08-24 01:00:00,43.5,0.3,228.25
2023-08-24 02:00:00,37.75,0.3,200.5
2023-08-24 03:00:00,34.0,0.3,207.75
2023-08-24 04:00:00,33.75,0.3,177.0
2023-08-24 05:00:00,33.5,0.325,181.25
2023-08-24 06:00:00,34.0,0.45,183.5
2023-08-24 07:00:00,31.75,0.925,175.25
2023-08-24 08:00:00,33.25,1.025,175.25
2023-08-24 09:00:00,35.0,1.2,175.25
2023-08-24 10:00:00,47.75,1.325,180.25
2023-08-24 11:00:00,49.5,1.05,184.75
2023-08-24 12:00:00,48.0,0.975,185.5
2023-08-24 13:00:00,50.25,0.95,177.25
2023-08-24 14:00:00,56.75,0.725,188.0
2023-08-24 15:00:00,56.0,0.75,174.5
2023-08-24 16:00:00,56.0,0.4,192.0
2023-08-24 17:00:00,56.0,0.4473684210526316,191.6315789473684
2023-08-24 18:00:00,56.0,0.4947368421052632,191.26315789473685
2023-08-24 19:00:00,,0.5421052631578948,190.89473684210526
2023-08-24 20:00:00,,,
2023-08-24 21:00:00,,,
2023-08-24 22:00:00,,,
2023-08-24 23:00:00,,,
2023-08-25 00:00:00,,,
2023-08-25 01:00:00,,,
2023-08-25 02:00:00,,,
2023-08-25 03:00:00,,,
2023-08-25 04:00:00,,,
2023-08-25 05:00:00,,,
2023-08-25 06:00:00,,,
2023-08-25 07:00:00,,,
2023-08-25 08:00:00,,,
2023-08-25 09:00:00,,,
2023-08-25 10:00:00,,,
2023-08-25 11:00:00,56.0,1.3,185.0
2023-08-25 12:00:00,17.0,1.075,179.0
2023-08-25 13:00:00,28.75,0.825,184.25
2023-08-25 14:00:00,62.0,1.025,181.5
2023-08-25 15:00:00,55.0,1.225,173.75
2023-08-25 16:00:00,54.5,1.05,182.25
2023-08-25 17:00:00,59.25,0.775,180.25
2023-08-25 18:00:00,48.5,0.4,171.75
2023-08-25 19:00:00,48.25,0.3,207.0
2023-08-25 20:00:00,71.25,0.3,266.75
2023-08-25 21:00:00,75.5,0.3,200.75
2023-08-25 22:00:00,75.75,0.3,222.25
2023-08-25 23:00:00,74.25,0.575,188.25
2023-08-26 00:00:00,85.0,0.475,192.0
2023-08-26 01:00:00,91.0,0.6749999999999999,186.75
2023-08-26 02:00:00,73.25,0.9,182.0
2023-08-26 03:00:00,74.25,1.025,186.25
2023-08-26 04:00:00,78.5,0.8500000000000001,187.0
2023-08-26 05:00:00,86.0,0.75,176.5
2023-08-26 06:00:00,78.75,0.775,176.75
2023-08-26 07:00:00,81.75,1.075,174.5
2023-08-26 08:00:00,73.0,1.5,176.0
2023-08-26 09:00:00,66.75,1.425,166.5
2023-08-26 10:00:00,74.5,1.475,182.25
2023-08-26 11:00:00,99.75,1.45,178.25
2023-08-26 12:00:00,97.0,1.475,179.5
2023-08-26 13:00:00,89.75,1.4249999999999998,173.0
2023-08-26 14:00:00,84.0,0.925,173.5
2023-08-26 15:00:00,78.0,1.05,175.75
2023-08-26 16:00:00,78.5,0.975,174.25
2023-08-26 17:00:00,78.0,0.6499999999999999,177.5
2023-08-26 18:00:00,72.25,0.425,174.0
2023-08-26 19:00:00,77.5,0.5,172.75
2023-08-26 20:00:00,90.5,0.425,172.25
2023-08-26 21:00:00,87.0,0.3,164.25
2023-08-26 22:00:00,79.25,0.325,173.0
2023-08-26 23:00:00,78.0,0.5,185.0
2023-08-27 00:00:00,99.75,0.65,182.75
2023-08-27 01:00:00,125.25,0.8250000000000001,182.25
2023-08-27 02:00:00,114.5,1.05,185.25
2023-08-27 03:00:00,117.25,0.925,177.0
2023-08-27 04:00:00,127.5,1.05,186.0
2023-08-27 05:00:00,147.0,0.825,185.0
2023-08-27 06:00:00,145.5,0.925,176.5
2023-08-27 07:00:00,138.0,1.2999999999999998,175.5
2023-08-27 08:00:00,124.25,1.675,170.75
2023-08-27 09:00:00,104.5,1.725,169.0
2023-08-27 10:00:00,91.5,1.725,175.25
2023-08-27 11:00:00,104.25,1.6,174.5
2023-08-27 12:00:00,111.0,1.475,188.5
2023-08-27 13:00:00,108.25,1.4,187.5
2023-08-27 14:00:00,97.25,1.5,172.0
2023-08-27 15:00:00,88.75,1.625,167.25
2023-08-27 16:00:00,88.5,1.275,168.5
2023-08-27 17:00:00,90.5,0.825,171.0
2023-08-27 18:00:00,94.75,0.475,170.0
2023-08-27 19:00:00,97.25,0.75,170.25
2023-08-27 20:00:00,78.75,1.05,170.25
2023-08-27 21:00:00,70.5,0.7,171.5
2023-08-27 22:00:00,52.25,0.475,182.5
2023-08-27 23:00:00,40.0,0.675,181.0
2023-08-28 00:00:00,47.0,0.325,178.0
2023-08-28 01:00:00,49.25,0.7,185.0
2023-08-28 02:00:00,56.25,1.2,182.75
2023-08-28 03:00:00,86.0,1.175,180.5
2023-08-28 04:00:00,95.75,1.125,176.0
2023-08-28 05:00:00,104.5,1.15,177.25
2023-08-28 06:00:00,93.75,1.2,178.0
2023-08-28 07:00:00,82.5,1.375,172.25
2023-08-28 08:00:00,78.0,1.6666666666666667,179.0
2023-08-28 09:00:00,92.25,1.625,179.5
2023-08-28 10:00:00,106.5,1.5833333333333335,180.0
2023-08-28 11:00:00,120.75,1.5416666666666667,180.5
2023-08-28 12:00:00,135.0,1.5,181.0
2023-08-28 13:00:00,104.5,1.2,190.75
2023-08-28 14:00:00,116.0,0.95,186.25
2023-08-28 15:00:00,100.0,1.025,182.25
2023-08-28 16:00:00,96.75,1.025,174.0
2023-08-28 17:00:00,95.5,0.6,177.75
2023-08-28 18:00:00,90.25,0.3,163.0
2023-08-28 19:00:00,98.75,0.3,160.0
2023-08-28 20:00:00,153.75,0.3,136.25
2023-08-28 21:00:00,140.25,0.3,112.25
2023-08-28 22:00:00,128.25,0.3,272.0
2023-08-28 23:00:00,100.0,0.3,135.5
2023-08-29 00:00:00,110.75,0.3,202.25
2023-08-29 01:00:00,125.25,0.3,172.5
2023-08-29 02:00:00,95.25,0.575,176.25
2023-08-29 03:00:00,79.75,0.475,177.25
2023-08-29 04:00:00,65.5,0.575,178.5
2023-08-29 05:00:00,62.5,0.75,181.5
2023-08-29 06:00:00,65.0,1.05,178.75
2023-08-29 07:00:00,60.0,1.425,173.5
2023-08-29 08:00:00,62.0,1.6,179.5
2023-08-29 09:00:00,65.5,1.525,177.75
2023-08-29 10:00:00,88.5,1.5,189.0
2023-08-29 11:00:00,96.75,1.175,201.5
2023-08-29 12:00:00,89.75,1.225,179.0
2023-08-29 13:00:00,94.25,1.05,180.0
2023-08-29 14:00:00,104.5,0.825,196.25
2023-08-29 15:00:00,88.0,0.875,186.5
2023-08-29 16:00:00,88.0,0.9,181.25
2023-08-29 17:00:00,83.0,0.55,180.5
2023-08-29 18:00:00,84.25,0.3,168.75
2023-08-29 19:00:00,134.5,0.325,167.75
2023-08-29 20:00:00,128.0,0.3,162.0
2023-08-29 21:00:00,100.75,0.3,157.75
2023-08-29 22:00:00,112.75,0.3,161.5
2023-08-29 23:00:00,94.25,0.3,165.25
2023-08-30 00:00:00,90.25,0.3,172.5
2023-08-30 01:00:00,91.5,0.3,172.5
2023-08-30 02:00:00,59.75,0.3,152.75
2023-08-30 03:00:00,77.25,0.325,202.5
2023-08-30 04:00:00,97.0,0.325,183.25
2023-08-30 05:00:00,75.5,0.425,176.25
2023-08-30 06:00:00,79.0,0.8500000000000001,173.25
2023-08-30 07:00:00,66.75,1.0750000000000002,170.5
2023-08-30 08:00:00,65.25,1.125,170.25
2023-08-30 09:00:00,70.0,1.225,170.0
2023-08-30 10:00:00,89.5,1.35,173.5
2023-08-30 11:00:00,85.0,1.3,193.25
2023-08-30 12:00:00,86.25,1.475,187.5
2023-08-30 13:00:00,96.0,1.6,181.25
2023-08-30 14:00:00,105.5,1.525,179.25
2023-08-30 15:00:00,77.5,1.1,184.0
2023-08-30 16:00:00,70.75,0.8,178.5
2023-08-30 17:00:00,68.75,0.85,171.25
2023-08-30 18:00:00,60.75,0.45,160.5
2023-08-30 19:00:00,78.75,0.45,176.75
2023-08-30 20:00:00,88.75,0.4,182.0
2023-08-30 21:00:00,87.5,0.325,161.25
2023-08-30 22:00:00,92.0,0.3,166.0
2023-08-30 23:00:00,82.25,0.3,158.25
2023-08-31 00:00:00,79.75,0.3,183.0
2023-08-31 01:00:00,73.0,0.3,179.25
2023-08-31 02:00:00,57.25,0.3,221.75
2023-08-31 03:00:00,66.0,0.3,213.25
2023-08-31 04:00:00,71.5,0.3,290.0
2023-08-31 05:00:00,74.75,0.3,233.25
2023-08-31 06:00:00,88.0,0.3,239.75
2023-08-31 07:00:00,86.25,0.475,163.25
2023-08-31 08:00:00,88.25,0.975,172.25
2023-08-31 09:00:00,86.25,1.275,171.25
2023-08-31 10:00:00,89.25,1.05,192.25
2023-08-31 11:00:00,75.75,1.2,181.75
2023-08-31 12:00:00,94.25,1.2000000000000002,181.25
2023-08-31 13:00:00,93.25,0.975,194.0
2023-08-31 14:00:00,99.75,1.125,184.5
2023-08-31 15:00:00,80.0,1.05,194.5
2023-08-31 16:00:00,75.75,0.925,185.0
2023-08-31 17:00:00,67.75,0.9,178.5
2023-08-31 18:00:00,59.25,0.325,163.25
2023-08-31 19:00:00,73.75,0.3,160.0
2023-08-31 20:00:00,79.5,0.3,160.5
2023-08-31 21:00:00,83.25,0.3,159.0
2023-08-31 22:00:00,87.0,0.3,155.75
2023-08-31 23:00:00,78.0,0.3,160.25
2023-09-01 00:00:00,72.0,0.3,109.0
2023-09-01 01:00:00,78.0,0.3,182.5
2023-09-01 02:00:00,50.0,0.3,215.0
2023-09-01 03:00:00,58.0,0.3,209.0
2023-09-01 04:00:00,101.0,0.3,192.25
2023-09-01 05:00:00,85.0,0.3,188.75
2023-09-01 06:00:00,94.0,0.3,168.75
2023-09-01 07:00:00,74.0,0.8,166.0
2023-09-01 08:00:00,73.0,1.05,169.25
2023-09-01 09:00:00,69.0,1.175,173.25
2023-09-01 10:00:00,83.0,1.375,179.75
2023-09-01 11:00:00,77.0,1.575,186.25
2023-09-01 12:00:00,74.0,1.55,183.75
2023-09-01 13:00:00,69.0,1.6,180.0
2023-09-01 14:00:00,96.0,1.475,185.5
2023-09-01 15:00:00,63.0,1.425,176.75
2023-09-01 16:00:00,64.0,0.925,198.75
2023-09-01 17:00:00,57.0,0.85,191.5
2023-09-01 18:00:00,47.0,0.425,156.0
2023-09-01 19:00:00,58.0,0.325,167.25
2023-09-01 20:00:00,75.0,0.3,165.75
2023-09-01 21:00:00,90.0,0.3,175.25
2023-09-01 22:00:00,117.0,0.3,177.33333333333334
2023-09-01 23:00:00,77.0,0.3,179.25
2023-09-02 00:00:00,69.0,0.3,174.75
2023-09-02 01:00:00,63.0,0.3,161.5
2023-09-02 02:00:00,17.0,0.3,178.5
2023-09-02 03:00:00,63.0,0.3,190.25
2023-09-02 04:00:00,91.0,0.325,186.5
2023-09-02 05:00:00,77.0,0.3,182.0
2023-09-02 06:00:00,91.0,0.45,181.75
2023-09-02 07:00:00,79.0,0.925,182.25
2023-09-02 08:00:00,80.0,1.4,175.75
2023-09-02 09:00:00,69.0,1.625,179.0
2023-09-02 10:00:00,18.0,1.575,176.25
2023-09-02 11:00:00,65.25,1.625,176.25
2023-09-02 12:00:00,79.75,1.4249999999999998,199.0
2023-09-02 13:00:00,80.75,1.55,191.5
2023-09-02 14:00:00,66.75,1.425,187.25
2023-09-02 15:00:00,63.75,1.375,178.25
2023-09-02 16:00:00,67.75,1.25,177.5
2023-09-02 17:00:00,72.25,0.9,178.0
2023-09-02 18:00:00,71.75,0.625,167.25
2023-09-02 19:00:00,78.75,0.425,164.75
2023-09-02 20:00:00,85.25,0.525,167.75
2023-09-02 21:00:00,85.0,0.3,159.75
2023-09-02 22:00:00,74.25,0.3,160.75
2023-09-02 23:00:00,75.25,0.3,152.75
2023-09-03 00:00:00,66.25,0.3,152.75
2023-09-03 01:00:00,62.75,0.3,179.0
2023-09-03 02:00:00,62.25,0.3,181.75
2023-09-03 03:00:00,75.0,0.3,202.75
2023-09-03 04:00:00,81.75,0.3,179.25
2023-09-03 05:00:00,75.75,0.325,185.25
2023-09-03 06:00:00,77.75,0.425,180.0
2023-09-03 07:00:00,74.25,0.9,176.0
2023-09-03 08:00:00,64.0,1.4,172.75
2023-09-03 09:00:00,58.25,1.7,174.0
2023-09-03 10:00:00,64.5,1.575,186.75
2023-09-03 11:00:00,78.0,1.725,178.5
2023-09-03 12:00:00,68.25,1.675,180.5
2023-09-03 13:00:00,64.25,1.375,196.25
2023-09-03 14:00:00,59.5,1.3,182.75
2023-09-03 15:00:00,64.5,1.45,180.5
2023-09-03 16:00:00,81.0,1.15,188.0
2023-09-03 17:00:00,93.0,1.0,177.75
2023-09-03 18:00:00,76.25,0.625,159.25
2023-09-03 19:00:00,77.25,0.525,172.75
2023-09-03 20:00:00,58.0,0.375,167.25
2023-09-03 21:00:00,36.75,0.3,151.0
2023-09-03 22:00:00,73.75,0.3,168.0
2023-09-03 23:00:00,76.25,0.3,197.0
2023-09-04 00:00:00,67.75,0.3,133.75
2023-09-04 01:00:00,67.0,0.3,144.25
2023-09-04 02:00:00,67.25,0.3,171.25
2023-09-04 03:00:00,69.5,0.3,191.0
2023-09-04 04:00:00,73.5,0.3,185.75
2023-09-04 05:00:00,72.75,0.3,182.75
2023-09-04 06:00:00,78.75,0.35,178.75
2023-09-04 07:00:00,92.5,0.9,173.25
2023-09-04 08:00:00,89.75,1.2,180.5
2023-09-04 09:00:00,58.5,1.35,174.0
2023-09-04 10:00:00,54.25,1.325,180.5
2023-09-04 11:00:00,46.0,1.2,188.5
2023-09-04 12:00:00,60.75,1.175,185.0
2023-09-04 13:00:00,73.25,1.075,190.0
2023-09-04 14:00:00,62.5,1.275,185.0
2023-09-04 15:00:00,46.25,1.125,198.5
2023-09-04 16:00:00,48.25,0.95,177.75
2023-09-04 17:00:00,55.5,0.975,174.75
2023-09-04 18:00:00,64.75,0.675,171.5
2023-09-04 19:00:00,62.5,0.55,176.5
2023-09-04 20:00:00,65.5,0.5,181.5
2023-09-04 21:00:00,60.5,0.45,178.25
2023-09-04 22:00:00,59.75,0.375,158.75
2023-09-04 23:00:00,62.5,0.325,159.75
2023-09-05 00:00:00,67.5,0.375,164.5
2023-09-05 01:00:00,77.75,0.3,158.0
2023-09-05 02:00:00,78.0,0.375,170.75
2023-09-05 03:00:00,80.25,0.4499999999999999,149.5
2023-09-05 04:00:00,73.0,1.05,135.25
2023-09-05 05:00:00,54.0,0.45,167.5
2023-09-05 06:00:00,44.0,0.35,164.5
2023-09-05 07:00:00,53.5,0.4499999999999999,157.25
2023-09-05 08:00:00,64.0,0.6,177.75
2023-09-05 09:00:00,66.0,0.8,171.75
2023-09-05 10:00:00,70.0,0.675,186.5
2023-09-05 11:00:00,66.5,1.075,165.75
2023-09-05 12:00:00,69.66666666666667,1.475,154.5
2023-09-05 13:00:00,58.5,1.175,179.0
2023-09-05 14:00:00,50.75,1.5,173.75
2023-09-05 15:00:00,48.5,1.7,155.25
2023-09-05 16:00:00,42.75,1.325,160.25
2023-09-05 17:00:00,38.25,0.675,206.0
2023-09-05 18:00:00,37.25,0.4,192.5
2023-09-05 19:00:00,43.25,0.3,174.0
2023-09-05 20:00:00,53.0,0.3,107.75
2023-09-05 21:00:00,63.75,0.7,176.5
2023-09-05 22:00:00,63.25,0.475,187.0
2023-09-05 23:00:00,47.25,0.3,179.75
2023-09-06 00:00:00,52.25,0.3,138.75
2023-09-06 01:00:00,55.25,0.3,163.25
2023-09-06 02:00:00,51.75,0.3,137.75
2023-09-06 03:00:00,48.75,0.3,177.5
2023-09-06 04:00:00,52.5,0.3,164.25
2023-09-06 05:00:00,61.25,1.0,187.5
2023-09-06 06:00:00,64.25,0.725,213.0
2023-09-06 07:00:00,33.0,0.6499999999999999,175.75
2023-09-06 08:00:00,27.0,0.6,190.75
2023-09-06 09:00:00,45.25,0.475,186.75
2023-09-06 10:00:00,46.5,0.525,176.25
2023-09-06 11:00:00,48.0,0.875,176.5
2023-09-06 12:00:00,122.0,0.775,188.5
2023-09-06 13:00:00,19.75,0.475,159.5
2023-09-06 14:00:00,17.75,0.375,151.0
2023-09-06 15:00:00,14.0,0.55,178.5
2023-09-06 16:00:00,32.75,0.775,156.0
2023-09-06 17:00:00,14.0,0.975,179.5
2023-09-06 18:00:00,38.25,0.55,184.5
2023-09-06 19:00:00,34.25,0.3,209.75
2023-09-06 20:00:00,39.0,0.3,262.75
2023-09-06 21:00:00,40.25,0.3,281.25
2023-09-06 22:00:00,33.75,0.3,223.25
2023-09-06 23:00:00,31.5,0.3,215.75
2023-09-07 00:00:00,40.25,0.3,205.75
2023-09-07 01:00:00,47.25,0.3,152.75
2023-09-07 02:00:00,31.25,0.3,201.0
2023-09-07 03:00:00,34.5,0.3,154.0
2023-09-07 04:00:00,28.75,0.3,151.0
2023-09-07 05:00:00,16.0,0.3,185.25
2023-09-07 06:00:00,16.0,0.3,182.75
2023-09-07 07:00:00,28.5,0.55,201.25
2023-09-07 08:00:00,31.75,0.8,178.25
2023-09-07 09:00:00,47.25,0.85,170.75
2023-09-07 10:00:00,52.0,0.575,192.75
2023-09-07 11:00:00,60.75,0.8,179.25
2023-09-07 12:00:00,68.0,0.9,175.0
2023-09-07 13:00:00,31.5,0.975,187.0
2023-09-07 14:00:00,18.5,0.575,162.0
2023-09-07 15:00:00,38.0,0.525,174.0
2023-09-07 16:00:00,52.0,1.0,180.5
2023-09-07 17:00:00,55.0,0.65,183.5
2023-09-07 18:00:00,41.0,0.375,164.75
2023-09-07 19:00:00,29.0,0.3,167.5
2023-09-07 20:00:00,44.0,0.3,141.0
2023-09-07 21:00:00,58.0,0.3,190.75
2023-09-07 22:00:00,62.0,0.3,161.5
2023-09-07 23:00:00,88.0,0.3,170.5
2023-09-08 00:00:00,86.0,0.55,188.0
2023-09-08 01:00:00,103.0,1.075,204.25
2023-09-08 02:00:00,59.0,1.05,183.75
2023-09-08 03:00:00,25.0,0.95,182.5
2023-09-08 04:00:00,16.0,0.65,187.0
2023-09-08 05:00:00,13.0,0.825,198.0
2023-09-08 06:00:00,9.0,0.4499999999999999,190.5
2023-09-08 07:00:00,13.0,0.5,151.25
2023-09-08 08:00:00,8.0,0.925,138.5
2023-09-08 09:00:00,37.0,0.875,165.25
2023-09-08 10:00:00,31.0,1.15,184.25
2023-09-08 11:00:00,28.75,1.0,173.25
2023-09-08 12:00:00,22.25,1.2,174.25
2023-09-08 13:00:00,20.0,1.7,170.0
2023-09-08 14:00:00,14.5,0.875,181.75
2023-09-08 15:00:00,24.75,0.85,160.75
2023-09-08 16:00:00,24.75,1.4,167.5
2023-09-08 17:00:00,27.75,1.6,187.0
2023-09-08 18:00:00,31.25,1.525,204.75
2023-09-08 19:00:00,30.75,0.525,210.5
2023-09-08 20:00:00,19.25,1.125,205.25
2023-09-08 21:00:00,19.0,1.55,174.0
2023-09-08 22:00:00,7.0,0.925,197.25
2023-09-08 23:00:00,16.75,1.05,183.25
2023-09-09 00:00:00,18.5,1.425,180.0
2023-09-09 01:00:00,15.0,0.675,187.25
2023-09-09 02:00:00,10.75,1.975,181.0
2023-09-09 03:00:00,15.5,1.4,156.75
2023-09-09 04:00:00,12.5,0.925,142.75
2023-09-09 05:00:00,10.75,0.35,169.75
2023-09-09 06:00:00,9.0,0.5,151.0
2023-09-09 07:00:00,13.75,0.425,157.0
2023-09-09 08:00:00,16.75,0.7,186.25
2023-09-09 09:00:00,17.25,0.8,169.0
2023-09-09 10:00:00,13.5,2.225,167.0
2023-09-09 11:00:00,16.5,3.175,174.0
2023-09-09 12:00:00,12.25,2.725,159.75
2023-09-09 13:00:00,12.0,2.475,176.75
2023-09-09 14:00:00,12.25,1.675,165.75
2023-09-09 15:00:00,23.75,1.35,153.0
2023-09-09 16:00:00,27.75,0.6499999999999999,178.25
2023-09-09 17:00:00,18.75,2.375,163.5
2023-09-09 18:00:00,5.5,1.05,161.25
2023-09-09 19:00:00,13.25,2.25,138.0
2023-09-09 20:00:00,15.25,1.575,151.75
2023-09-09 21:00:00,17.0,1.625,147.0
2023-09-09 22:00:00,11.5,0.7,155.25
2023-09-09 23:00:00,12.5,0.525,163.0
2023-09-10 00:00:00,13.25,0.425,164.5
2023-09-10 01:00:00,16.75,0.3,164.25
2023-09-10 02:00:00,8.0,0.3,172.5
2023-09-10 03:00:00,16.75,0.325,169.5
2023-09-10 04:00:00,27.75,0.3,174.5
2023-09-10 05:00:00,9.0,0.375,188.25
2023-09-10 06:00:00,8.5,0.325,175.75
2023-09-10 07:00:00,8.0,0.3,175.5
2023-09-10 08:00:00,11.5,0.7,160.5
2023-09-10 09:00:00,18.75,0.8,153.25
2023-09-10 10:00:00,9.5,0.95,151.75
2023-09-10 11:00:00,11.25,0.9,158.0
2023-09-10 12:00:00,10.5,0.8,165.5
2023-09-10 13:00:00,8.5,0.475,174.75
2023-09-10 14:00:00,16.0,0.8,165.0
2023-09-10 15:00:00,15.0,0.7,157.0
2023-09-10 16:00:00,11.0,0.9,162.5
2023-09-10 17:00:00,7.5,0.6,170.0
2023-09-10 18:00:00,8.0,0.85,152.75
2023-09-10 19:00:00,14.5,1.825,144.0
2023-09-10 20:00:00,16.75,1.275,124.25
2023-09-10 21:00:00,18.75,0.375,177.75
2023-09-10 22:00:00,19.5,1.175,157.5
2023-09-10 23:00:00,21.5,1.825,144.0
2023-09-11 00:00:00,12.5,1.45,160.5
2023-09-11 01:00:00,8.0,0.825,153.25
2023-09-11 02:00:00,11.75,1.225,149.75
2023-09-11 03:00:00,22.75,1.775,138.5
2023-09-11 04:00:00,23.25,1.1,140.75
2023-09-11 05:00:00,24.5,0.8,135.0
2023-09-11 06:00:00,18.75,0.525,185.25
2023-09-11 07:00:00,24.25,0.45,188.5
2023-09-11 08:00:00,27.0,0.325,158.25
2023-09-11 09:00:00,30.25,0.425,173.25
2023-09-11 10:00:00,27.0,0.8,168.5
2023-09-11 11:00:00,48.0,0.75,158.5
2023-09-11 12:00:00,62.0,0.775,183.75
2023-09-11 13:00:00,50.5,1.375,143.75
2023-09-11 14:00:00,52.0,1.3,158.75
2023-09-11 15:00:00,25.0,1.3,160.5
2023-09-11 16:00:00,25.0,1.725,149.0
2023-09-11 17:00:00,27.0,0.95,166.5
2023-09-11 18:00:00,28.75,0.4,162.5
2023-09-11 19:00:00,32.666666666666664,0.3,178.25
2023-09-11 20:00:00,33.5,0.3,145.0
2023-09-11 21:00:00,47.0,0.3,185.5
2023-09-11 22:00:00,59.5,0.3,187.0
2023-09-11 23:00:00,67.25,0.3,196.75
2023-09-12 00:00:00,53.25,0.425,181.0
2023-09-12 01:00:00,32.0,0.4,158.0
2023-09-12 02:00:00,20.75,0.3,173.5
2023-09-12 03:00:00,24.0,0.3,232.75
2023-09-12 04:00:00,24.25,0.3,213.75
2023-09-12 05:00:00,17.0,0.3,186.75
2023-09-12 06:00:00,21.0,0.3,128.5
2023-09-12 07:00:00,27.0,0.325,154.0
2023-09-12 08:00:00,37.0,0.5,180.5
2023-09-12 09:00:00,38.5,0.5,161.0
2023-09-12 10:00:00,37.5,0.8500000000000001,177.75
2023-09-12 11:00:00,49.0,1.0,175.75
2023-09-12 12:00:00,55.75,0.75,182.75
2023-09-12 13:00:00,65.0,0.9,185.25
2023-09-12 14:00:00,60.75,0.725,186.5
2023-09-12 15:00:00,66.75,0.525,159.0
2023-09-12 16:00:00,66.25,0.525,165.75
2023-09-12 17:00:00,52.0,0.675,206.5
2023-09-12 18:00:00,34.5,0.3,175.75
2023-09-12 19:00:00,38.75,0.525,115.25
2023-09-12 20:00:00,49.0,0.3,255.5
2023-09-12 21:00:00,59.75,0.3,227.25
2023-09-12 22:00:00,73.5,0.3,202.0
2023-09-12 23:00:00,71.0,0.325,204.75
2023-09-13 00:00:00,75.0,0.6000000000000001,195.5
2023-09-13 01:00:00,93.5,0.55,209.25
2023-09-13 02:00:00,82.0,0.675,155.5
2023-09-13 03:00:00,64.5,0.3999999999999999,191.0
2023-09-13 04:00:00,47.25,0.3,258.25
2023-09-13 05:00:00,45.5,0.3,204.5
2023-09-13 06:00:00,50.0,0.3,180.25
2023-09-13 07:00:00,56.0,0.5,162.0
2023-09-13 08:00:00,41.25,0.775,194.0
2023-09-13 09:00:00,23.75,0.775,175.25
2023-09-13 10:00:00,25.0,0.825,174.25
2023-09-13 11:00:00,34.5,0.825,174.25
2023-09-13 12:00:00,47.0,0.875,183.75
2023-09-13 13:00:00,54.5,1.225,173.25
2023-09-13 14:00:00,59.75,0.875,180.75
2023-09-13 15:00:00,58.5,0.875,179.75
2023-09-13 16:00:00,46.5,0.7,179.25
2023-09-13 17:00:00,43.25,0.35,176.0
2023-09-13 18:00:00,48.25,0.3,151.0
2023-09-13 19:00:00,53.75,0.3,305.5
2023-09-13 20:00:00,63.5,0.3,304.25
2023-09-13 21:00:00,77.5,0.35,206.5
2023-09-13 22:00:00,80.75,0.3,177.0
2023-09-13 23:00:00,86.5,0.325,147.75
2023-09-14 00:00:00,90.75,0.3,182.5
2023-09-14 01:00:00,90.25,0.375,192.5
2023-09-14 02:00:00,66.5,0.3,267.0
2023-09-14 03:00:00,72.75,0.3,216.5
2023-09-14 04:00:00,66.25,0.3,285.25
2023-09-14 05:00:00,59.5,0.325,171.5
2023-09-14 06:00:00,62.5,0.3,181.5
2023-09-14 07:00:00,67.0,0.375,191.25
2023-09-14 08:00:00,96.0,0.675,192.5
2023-09-14 09:00:00,89.5,0.7749999999999999,183.25
2023-09-14 10:00:00,52.75,1.0,173.75
2023-09-14 11:00:00,53.0,1.0,187.5
2023-09-14 12:00:00,47.0,1.1,173.5
2023-09-14 13:00:00,47.0,1.225,163.25
2023-09-14 14:00:00,47.75,0.925,189.5
2023-09-14 15:00:00,48.75,0.9,157.0
2023-09-14 16:00:00,46.5,0.475,178.0
2023-09-14 17:00:00,50.25,0.625,210.5
2023-09-14 18:00:00,49.0,0.3,184.25
2023-09-14 19:00:00,53.5,0.35,271.5
2023-09-14 20:00:00,58.75,0.4,271.75
2023-09-14 21:00:00,65.75,0.35,196.25
2023-09-14 22:00:00,81.0,0.325,204.0
2023-09-14 23:00:00,81.75,0.375,259.5
2023-09-15 00:00:00,79.75,0.325,186.0
2023-09-15 01:00:00,82.5,0.3,224.75
2023-09-15 02:00:00,48.75,0.3,301.25
2023-09-15 03:00:00,50.75,0.3,268.0
2023-09-15 04:00:00,49.0,0.3,248.25
2023-09-15 05:00:00,49.0,0.3,207.5
2023-09-15 06:00:00,60.5,0.3,189.25
2023-09-15 07:00:00,59.25,2.25,164.0
2023-09-15 08:00:00,27.5,2.7,143.0
2023-09-15 09:00:00,9.5,1.175,174.75
2023-09-15 10:00:00,4.25,2.325,157.25
2023-09-15 11:00:00,2.75,1.325,182.5
2023-09-15 12:00:00,7.75,0.9,159.25
2023-09-15 13:00:00,17.0,0.7250000000000001,188.75
2023-09-15 14:00:00,27.5,0.8250000000000001,157.5
2023-09-15 15:00:00,47.75,0.775,184.5
2023-09-15 16:00:00,41.75,1.175,181.75
2023-09-15 17:00:00,40.5,0.7,151.0
2023-09-15 18:00:00,35.0,0.3,135.0
2023-09-15 19:00:00,52.25,0.3,167.0
2023-09-15 20:00:00,56.0,0.5750000000000001,178.25
2023-09-15 21:00:00,48.25,0.3,131.25
2023-09-15 22:00:00,54.25,0.5,142.0
2023-09-15 23:00:00,60.25,0.5,144.25
2023-09-16 00:00:00,60.0,0.975,136.0
2023-09-16 01:00:00,59.0,0.8,147.5
2023-09-16 02:00:00,37.5,0.5,150.25
2023-09-16 03:00:00,39.5,1.0,134.25
2023-09-16 04:00:00,41.75,1.2,129.5
2023-09-16 05:00:00,23.25,1.275,131.0
2023-09-16 06:00:00,41.25,1.175,149.25
2023-09-16 07:00:00,34.25,1.7,163.25
2023-09-16 08:00:00,23.5,2.1,155.0
2023-09-16 09:00:00,35.25,1.675,171.75
2023-09-16 10:00:00,37.5,2.775,155.5
2023-09-16 11:00:00,32.25,2.65,164.5
2023-09-16 12:00:00,29.5,1.675,155.5
2023-09-16 13:00:00,31.5,1.4,164.75
2023-09-16 14:00:00,36.0,1.925,162.5
2023-09-16 15:00:00,26.25,2.1,167.75
2023-09-16 16:00:00,41.0,1.025,153.25
2023-09-16 17:00:00,12.75,0.425,151.5
2023-09-16 18:00:00,19.5,0.8250000000000001,173.0
2023-09-16 19:00:00,23.5,1.25,168.25
2023-09-16 20:00:00,19.5,0.775,152.5
2023-09-16 21:00:00,12.25,0.75,139.0
2023-09-16 22:00:00,16.75,0.8,111.75
2023-09-16 23:00:00,30.75,0.725,143.25
2023-09-17 00:00:00,43.0,0.65,161.5
2023-09-17 01:00:00,47.0,0.85,153.75
2023-09-17 02:00:00,24.75,1.375,158.25
2023-09-17 03:00:00,30.25,1.575,138.5
2023-09-17 04:00:00,29.25,1.175,159.5
2023-09-17 05:00:00,25.5,1.525,170.5
2023-09-17 06:00:00,32.75,1.525,158.25
2023-09-17 07:00:00,41.0,1.825,172.25
2023-09-17 08:00:00,34.75,2.35,165.5
2023-09-17 09:00:00,18.25,2.6,169.75
2023-09-17 10:00:00,24.5,2.2750000000000004,153.75
2023-09-17 11:00:00,24.25,2.75,148.25
2023-09-17 12:00:00,25.25,2.925,165.25
2023-09-17 13:00:00,17.25,2.85,167.25
2023-09-17 14:00:00,18.5,2.575,183.0
2023-09-17 15:00:00,19.5,2.625,174.75
2023-09-17 16:00:00,18.25,2.15,171.0
2023-09-17 17:00:00,19.0,1.75,178.0
2023-09-17 18:00:00,20.5,1.675,157.75
2023-09-17 19:00:00,28.25,1.725,159.5
2023-09-17 20:00:00,36.25,2.075,178.0
2023-09-17 21:00:00,30.75,1.55,178.75
2023-09-17 22:00:00,29.75,1.65,171.75
2023-09-17 23:00:00,28.0,1.95,189.0
2023-09-18 00:00:00,24.25,2.0,176.0
2023-09-18 01:00:00,18.25,1.85,178.0
2023-09-18 02:00:00,7.0,1.225,181.25
2023-09-18 03:00:00,6.75,1.05,183.25
2023-09-18 04:00:00,6.5,0.7749999999999999,191.0
2023-09-18 05:00:00,10.25,1.5,175.75
2023-09-18 06:00:00,14.75,1.725,166.0
2023-09-18 07:00:00,11.5,1.9,173.0
2023-09-18 08:00:00,22.0,2.5,174.0
2023-09-18 09:00:00,21.0,2.2,190.0
2023-09-18 10:00:00,19.5,2.825,169.0
2023-09-18 11:00:00,23.0,2.2,177.75
2023-09-18 12:00:00,19.5,2.325,181.75
2023-09-18 13:00:00,16.75,2.575,158.5
2023-09-18 14:00:00,14.0,2.15,163.75
2023-09-18 15:00:00,16.75,1.625,191.0
2023-09-18 16:00:00,16.25,1.75,182.0
2023-09-18 17:00:00,17.0,1.45,174.0
2023-09-18 18:00:00,18.5,0.65,166.0
2023-09-18 19:00:00,23.0,0.875,197.5
2023-09-18 20:00:00,23.5,1.025,176.0
2023-09-18 21:00:00,24.5,0.8,177.75
2023-09-18 22:00:00,24.0,1.175,159.25
2023-09-18 23:00:00,27.5,0.925,180.25
2023-09-19 00:00:00,34.25,1.175,172.75
2023-09-19 01:00:00,43.0,0.675,159.5
2023-09-19 02:00:00,21.5,1.05,166.5
2023-09-19 03:00:00,18.25,0.8999999999999999,184.0
2023-09-19 04:00:00,14.75,1.125,150.25
2023-09-19 05:00:00,19.0,0.75,159.75
2023-09-19 06:00:00,19.5,0.65,180.5
2023-09-19 07:00:00,29.5,0.95,170.0
2023-09-19 08:00:00,26.5,1.35,172.75
2023-09-19 09:00:00,25.25,1.3,171.5
2023-09-19 10:00:00,32.25,1.475,198.0
2023-09-19 11:00:00,25.5,1.4,195.5
2023-09-19 12:00:00,29.25,1.1,194.5
2023-09-19 13:00:00,25.0,1.0750000000000002,186.0
2023-09-19 14:00:00,21.75,1.025,206.25
2023-09-19 15:00:00,29.25,1.0,203.5
2023-09-19 16:00:00,26.5,0.7,206.75
2023-09-19 17:00:00,26.0,0.425,222.5
2023-09-19 18:00:00,28.0,0.3,281.0
2023-09-19 19:00:00,27.25,0.3,228.25
2023-09-19 20:00:00,37.5,0.3,224.5
2023-09-19 21:00:00,52.75,0.3,161.0
2023-09-19 22:00:00,67.5,0.3,163.5
2023-09-19 23:00:00,68.25,0.3,163.0
2023-09-20 00:00:00,71.0,0.3,140.5
2023-09-20 01:00:00,78.5,0.3,262.75
2023-09-20 02:00:00,52.5,0.3,246.75
2023-09-20 03:00:00,41.0,0.3,238.75
2023-09-20 04:00:00,40.25,0.3,241.25
2023-09-20 05:00:00,45.0,0.3,249.0
2023-09-20 06:00:00,44.75,0.3,135.0
2023-09-20 07:00:00,60.25,0.35,150.75
2023-09-20 08:00:00,50.25,0.55,185.5
2023-09-20 09:00:00,33.75,0.575,164.0
2023-09-20 10:00:00,26.25,0.75,180.5
2023-09-20 11:00:00,25.5,0.675,169.25
2023-09-20 12:00:00,29.25,0.925,165.25
2023-09-20 13:00:00,24.5,0.7,182.5
2023-09-20 14:00:00,21.0,0.475,167.75
2023-09-20 15:00:00,33.75,0.325,196.25
2023-09-20 16:00:00,36.75,0.4,165.25
2023-09-20 17:00:00,41.25,0.3,145.25
2023-09-20 18:00:00,50.75,0.3,164.75
2023-09-20 19:00:00,69.5,0.3,160.5
2023-09-20 20:00:00,99.75,0.325,187.25
2023-09-20 21:00:00,91.25,0.3,149.25
2023-09-20 22:00:00,78.5,0.3,239.75
2023-09-20 23:00:00,84.75,0.3,139.0
2023-09-21 00:00:00,94.5,0.3,153.5
2023-09-21 01:00:00,97.0,0.4,235.5
2023-09-21 02:00:00,66.5,0.375,219.25
2023-09-21 03:00:00,70.0,0.675,206.25
2023-09-21 04:00:00,54.75,0.4499999999999999,213.0
2023-09-21 05:00:00,44.75,0.4,191.25
2023-09-21 06:00:00,41.75,0.35,218.5
2023-09-21 07:00:00,39.0,0.425,170.5
2023-09-21 08:00:00,49.75,0.8500000000000001,168.5
2023-09-21 09:00:00,44.5,0.8,180.75
2023-09-21 10:00:00,37.75,0.975,180.0
2023-09-21 11:00:00,36.5,0.875,168.0
2023-09-21 12:00:00,56.75,0.725,158.25
2023-09-21 13:00:00,56.5,0.625,176.25
2023-09-21 14:00:00,28.0,0.85,171.0
2023-09-21 15:00:00,46.25,0.925,185.5
2023-09-21 16:00:00,47.75,0.6,184.25
2023-09-21 17:00:00,46.25,1.05,209.0
2023-09-21 18:00:00,32.0,0.35,236.5
2023-09-21 19:00:00,22.0,0.45,190.25
2023-09-21 20:00:00,20.5,0.3,237.0
2023-09-21 21:00:00,28.5,0.3,191.75
2023-09-21 22:00:00,40.75,0.3,158.75
2023-09-21 23:00:00,44.25,0.3,158.5
2023-09-22 00:00:00,39.0,0.3,201.5
2023-09-22 01:00:00,39.0,0.325,201.0
2023-09-22 02:00:00,39.0,0.3,180.5
2023-09-22 03:00:00,39.0,0.3,181.5
2023-09-22 04:00:00,,0.3,183.0
2023-09-22 05:00:00,,0.3,186.25
2023-09-22 06:00:00,,0.3,166.5
2023-09-22 07:00:00,,0.325,175.5
2023-09-22 08:00:00,,0.525,171.25
2023-09-22 09:00:00,,0.925,160.0
2023-09-22 10:00:00,,0.525,187.0
2023-09-22 11:00:00,,0.65,172.0
2023-09-22 12:00:00,,0.65,166.0
2023-09-22 13:00:00,,0.65,178.25
2023-09-22 14:00:00,39.0,0.7,165.5
2023-09-22 15:00:00,39.0,0.4,197.0
2023-09-22 16:00:00,35.0,0.3,194.5
2023-09-22 17:00:00,34.0,0.45,221.25
2023-09-22 18:00:00,67.25,0.3,181.75
2023-09-22 19:00:00,68.0,0.3,205.25
2023-09-22 20:00:00,78.0,0.3,260.25
2023-09-22 21:00:00,88.0,0.4499999999999999,180.5
2023-09-22 22:00:00,88.75,0.45,165.0
2023-09-22 23:00:00,88.25,0.6,180.5
2023-09-23 00:00:00,79.75,0.8,189.0
2023-09-23 01:00:00,71.25,0.575,236.75
2023-09-23 02:00:00,51.5,0.55,214.5
2023-09-23 03:00:00,60.25,0.45,238.0
2023-09-23 04:00:00,55.0,0.6,221.75
2023-09-23 05:00:00,54.5,1.0,159.0
2023-09-23 06:00:00,52.5,1.275,161.5
2023-09-23 07:00:00,54.0,0.6,239.5
2023-09-23 08:00:00,60.0,0.7,195.25
2023-09-23 09:00:00,44.25,0.875,195.25
2023-09-23 10:00:00,24.0,0.8250000000000001,192.0
2023-09-23 11:00:00,29.0,0.825,185.75
2023-09-23 12:00:00,33.25,0.925,177.5
2023-09-23 13:00:00,37.75,1.825,173.75
2023-09-23 14:00:00,14.25,0.425,192.0
2023-09-23 15:00:00,16.25,0.45,176.25
2023-09-23 16:00:00,14.5,0.45,167.75
2023-09-23 17:00:00,27.75,0.3,154.0
2023-09-23 18:00:00,38.0,0.325,210.0
2023-09-23 19:00:00,44.25,0.3,230.25
2023-09-23 20:00:00,48.0,0.3,200.0
2023-09-23 21:00:00,60.75,0.3,198.0
2023-09-23 22:00:00,68.0,0.3,193.25
2023-09-23 23:00:00,59.0,0.3,245.25
2023-09-24 00:00:00,69.75,0.3,221.75
2023-09-24 01:00:00,70.25,0.3,264.25
2023-09-24 02:00:00,55.25,0.3,226.75
2023-09-24 03:00:00,53.5,0.3,240.0
2023-09-24 04:00:00,53.0,0.3,243.5
2023-09-24 05:00:00,48.0,0.3,202.75
2023-09-24 06:00:00,54.0,0.3,165.75
2023-09-24 07:00:00,75.75,0.375,165.75
2023-09-24 08:00:00,109.75,0.725,197.0
2023-09-24 09:00:00,93.75,0.925,204.75
2023-09-24 10:00:00,76.75,1.05,186.75
2023-09-24 11:00:00,53.0,0.5,164.75
2023-09-24 12:00:00,46.25,0.675,172.75
2023-09-24 13:00:00,43.0,0.525,175.5
2023-09-24 14:00:00,40.25,0.55,163.75
2023-09-24 15:00:00,43.25,1.3,171.75
2023-09-24 16:00:00,46.25,0.625,192.25
2023-09-24 17:00:00,34.5,0.475,174.75
2023-09-24 18:00:00,33.75,0.3,214.25
2023-09-24 19:00:00,38.5,0.325,193.75
2023-09-24 20:00:00,47.5,0.325,163.25
2023-09-24 21:00:00,50.5,0.3,182.5
2023-09-24 22:00:00,50.25,0.3,151.25
2023-09-24 23:00:00,60.5,0.45,121.25
2023-09-25 00:00:00,58.25,0.3,179.75
2023-09-25 01:00:00,71.25,0.3,189.75
2023-09-25 02:00:00,63.75,0.3,153.25
2023-09-25 03:00:00,65.25,0.3,116.5
2023-09-25 04:00:00,62.5,0.3,151.75
2023-09-25 05:00:00,58.75,0.3,174.0
2023-09-25 06:00:00,54.75,0.3,154.75
2023-09-25 07:00:00,67.0,0.5,178.25
2023-09-25 08:00:00,79.0,0.6,185.0
2023-09-25 09:00:00,76.25,0.75,172.25
2023-09-25 10:00:00,65.25,0.675,169.25
2023-09-25 11:00:00,57.0,0.675,192.0
2023-09-25 12:00:00,55.5,0.625,206.75
2023-09-25 13:00:00,51.0,0.6,186.5
2023-09-25 14:00:00,49.25,0.4,155.0
2023-09-25 15:00:00,50.25,0.675,158.0
2023-09-25 16:00:00,72.0,0.35,177.75
2023-09-25 17:00:00,78.75,0.3,142.25
2023-09-25 18:00:00,71.5,0.3,144.75
2023-09-25 19:00:00,70.0,0.3,155.25
2023-09-25 20:00:00,69.5,0.3,156.25
2023-09-25 21:00:00,68.0,0.35,158.25
2023-09-25 22:00:00,70.75,0.3,171.0
2023-09-25 23:00:00,80.75,0.3,169.25
2023-09-26 00:00:00,88.75,0.3,204.75
2023-09-26 01:00:00,90.75,0.3,193.5
2023-09-26 02:00:00,68.75,0.3,182.0
2023-09-26 03:00:00,59.5,0.3,184.5
2023-09-26 04:00:00,62.25,0.3,165.5
2023-09-26 05:00:00,67.5,0.3,152.0
2023-09-26 06:00:00,74.75,0.3,163.5
2023-09-26 07:00:00,92.5,0.375,173.25
2023-09-26 08:00:00,119.0,0.475,167.5
2023-09-26 09:00:00,106.0,0.725,147.5
2023-09-26 10:00:00,81.75,0.7,182.5
2023-09-26 11:00:00,70.5,0.575,187.75
2023-09-26 12:00:00,67.0,0.65,201.0
2023-09-26 13:00:00,68.0,0.65,194.5
2023-09-26 14:00:00,63.75,0.675,192.5
2023-09-26 15:00:00,69.25,0.575,171.5
2023-09-26 16:00:00,69.75,0.625,167.0
2023-09-26 17:00:00,67.5,0.625,165.25
2023-09-26 18:00:00,62.75,0.6,168.75
2023-09-26 19:00:00,64.75,0.45,170.25
2023-09-26 20:00:00,76.0,0.325,176.0
2023-09-26 21:00:00,83.25,0.35,169.0
2023-09-26 22:00:00,77.25,0.3,170.75
2023-09-26 23:00:00,72.75,0.3,174.5
2023-09-27 00:00:00,69.0,0.3,180.5
2023-09-27 01:00:00,69.75,0.3,159.75
2023-09-27 02:00:00,45.25,0.3,233.5
2023-09-27 03:00:00,45.0,0.3,178.5
2023-09-27 04:00:00,42.5,0.3,175.25
2023-09-27 05:00:00,43.0,0.3,172.5
2023-09-27 06:00:00,43.0,0.3,162.75
2023-09-27 07:00:00,56.25,0.375,164.75
2023-09-27 08:00:00,67.5,0.55,178.0
2023-09-27 09:00:00,61.25,0.775,195.75
2023-09-27 10:00:00,55.25,0.875,175.25
2023-09-27 11:00:00,53.0,0.8250000000000001,205.75
2023-09-27 12:00:00,55.0,0.95,188.75
2023-09-27 13:00:00,61.0,1.075,162.0
2023-09-27 14:00:00,63.0,0.875,191.5
2023-09-27 15:00:00,63.75,0.9,174.0
2023-09-27 16:00:00,51.25,0.8,170.5
2023-09-27 17:00:00,62.25,0.425,162.0
2023-09-27 18:00:00,68.25,0.3,143.25
2023-09-27 19:00:00,77.0,0.325,158.0
2023-09-27 20:00:00,79.75,0.35,174.0
2023-09-27 21:00:00,68.0,0.325,182.0
2023-09-27 22:00:00,63.5,0.3,185.0
2023-09-27 23:00:00,66.25,0.3,171.5
2023-09-28 00:00:00,64.25,0.3,182.5
2023-09-28 01:00:00,69.25,0.3,179.0
2023-09-28 02:00:00,51.75,0.3,210.75
2023-09-28 03:00:00,42.5,0.3,278.5
2023-09-28 04:00:00,43.5,0.3,179.25
2023-09-28 05:00:00,43.0,0.3,166.0
2023-09-28 06:00:00,51.5,0.3,161.25
2023-09-28 07:00:00,72.25,0.375,158.25
2023-09-28 08:00:00,80.75,0.525,192.5
2023-09-28 09:00:00,69.0,0.625,206.5
2023-09-28 10:00:00,72.75,0.775,180.5
2023-09-28 11:00:00,73.25,0.8500000000000001,179.0
2023-09-28 12:00:00,68.5,0.775,198.5
2023-09-28 13:00:00,68.5,0.725,189.25
2023-09-28 14:00:00,65.5,0.65,184.75
2023-09-28 15:00:00,69.75,0.525,186.0
2023-09-28 16:00:00,68.5,0.35,182.0
2023-09-28 17:00:00,69.0,0.3,176.5
2023-09-28 18:00:00,75.0,0.3,180.5
2023-09-28 19:00:00,77.0,0.3,187.75
2023-09-28 20:00:00,88.0,0.3,180.25
2023-09-28 21:00:00,108.0,0.3,163.25
2023-09-28 22:00:00,116.0,0.3,134.5
2023-09-28 23:00:00,90.75,0.3,141.5
2023-09-29 00:00:00,80.0,0.3,197.75
2023-09-29 01:00:00,78.5,0.3,269.0
2023-09-29 02:00:00,55.25,0.3,251.5
2023-09-29 03:00:00,52.25,0.3,221.0
2023-09-29 04:00:00,50.25,0.3,208.0
2023-09-29 05:00:00,55.0,0.3,178.75
2023-09-29 06:00:00,76.5,0.3,223.25
2023-09-29 07:00:00,110.0,0.35,171.0
2023-09-29 08:00:00,121.25,0.525,139.25
2023-09-29 09:00:00,104.75,0.525,168.75
2023-09-29 10:00:00,86.5,0.75,168.5
2023-09-29 11:00:00,79.5,0.7,188.25
2023-09-29 12:00:00,80.75,0.8,167.0
2023-09-29 13:00:00,77.5,0.775,180.5
2023-09-29 14:00:00,69.25,0.625,185.25
2023-09-29 15:00:00,66.25,0.575,186.75
2023-09-29 16:00:00,65.0,0.425,190.75
2023-09-29 17:00:00,68.25,0.35,154.0
2023-09-29 18:00:00,74.0,0.325,162.25
2023-09-29 19:00:00,91.75,0.375,179.0
2023-09-29 20:00:00,99.75,0.3,165.75
2023-09-29 21:00:00,101.0,0.3,162.25
2023-09-29 22:00:00,105.25,0.3,166.25
2023-09-29 23:00:00,95.25,0.3,173.5
2023-09-30 00:00:00,83.5,0.35,171.25
2023-09-30 01:00:00,86.25,0.3,174.0
2023-09-30 02:00:00,69.25,0.3,168.75
2023-09-30 03:00:00,61.0,0.3,160.5
2023-09-30 04:00:00,61.75,0.3,172.0
2023-09-30 05:00:00,66.5,0.3,170.5
2023-09-30 06:00:00,76.25,0.3,188.75
2023-09-30 07:00:00,87.5,0.325,174.25
2023-09-30 08:00:00,102.25,0.7250000000000001,171.25
2023-09-30 09:00:00,109.75,0.6499999999999999,183.5
2023-09-30 10:00:00,113.25,0.75,193.5
2023-09-30 11:00:00,87.5,0.75,191.25
2023-09-30 12:00:00,75.5,0.75,182.0
2023-09-30 13:00:00,59.75,0.8,186.25
2023-09-30 14:00:00,53.75,1.0750000000000002,180.5
2023-09-30 15:00:00,54.5,0.975,172.75
2023-09-30 16:00:00,50.5,0.95,165.5
2023-09-30 17:00:00,53.75,0.625,166.0
2023-09-30 18:00:00,60.25,0.475,174.25
2023-09-30 19:00:00,65.5,0.425,171.25
2023-09-30 20:00:00,69.5,0.575,171.25
2023-09-30 21:00:00,67.75,0.475,169.5
2023-09-30 22:00:00,69.0,0.3,177.25
2023-09-30 23:00:00,75.5,0.35,177.75
2023-10-01 00:00:00,80.25,0.425,172.5
2023-10-01 01:00:00,85.5,0.375,176.75
2023-10-01 02:00:00,68.5,0.3,172.25
2023-10-01 03:00:00,57.25,0.3,160.25
2023-10-01 04:00:00,54.5,0.3,172.25
2023-10-01 05:00:00,55.0,0.3,165.0
2023-10-01 06:00:00,64.25,0.3,172.25
2023-10-01 07:00:00,82.25,0.375,158.25
2023-10-01 08:00:00,102.5,0.55,180.75
2023-10-01 09:00:00,89.5,0.6499999999999999,177.25
2023-10-01 10:00:00,90.25,0.625,182.0
2023-10-01 11:00:00,85.25,0.7,174.75
2023-10-01 12:00:00,75.25,0.85,156.0
2023-10-01 13:00:00,67.75,0.9,185.75
2023-10-01 14:00:00,61.0,0.75,176.25
2023-10-01 15:00:00,59.0,0.925,169.75
2023-10-01 16:00:00,53.5,0.75,168.75
2023-10-01 17:00:00,56.5,0.4,187.25
2023-10-01 18:00:00,69.25,0.3,179.75
2023-10-01 19:00:00,92.5,0.325,180.25
2023-10-01 20:00:00,88.25,0.375,172.25
2023-10-01 21:00:00,83.25,0.375,173.75
2023-10-01 22:00:00,66.75,0.375,178.75
2023-10-01 23:00:00,67.25,0.325,175.5
2023-10-02 00:00:00,66.75,0.3,181.25
2023-10-02 01:00:00,76.25,0.3,181.25
2023-10-02 02:00:00,59.5,0.3,185.0
2023-10-02 03:00:00,51.0,0.3,187.5
2023-10-02 04:00:00,48.75,0.3,177.0
2023-10-02 05:00:00,54.0,0.3,170.5
2023-10-02 06:00:00,62.75,0.3,187.75
2023-10-02 07:00:00,63.5,0.325,148.0
2023-10-02 08:00:00,70.5,0.675,176.25
2023-10-02 09:00:00,80.75,0.675,187.75
2023-10-02 10:00:00,91.75,0.75,191.25
2023-10-02 11:00:00,93.75,0.7,197.5
2023-10-02 12:00:00,70.25,0.775,190.25
2023-10-02 13:00:00,54.0,0.9,173.0
2023-10-02 14:00:00,50.25,0.825,183.25
2023-10-02 15:00:00,55.5,0.6749999999999999,176.25
2023-10-02 16:00:00,48.25,0.8,174.75
2023-10-02 17:00:00,42.0,0.4,172.75
2023-10-02 18:00:00,63.75,0.325,171.75
2023-10-02 19:00:00,108.75,0.3,181.5
2023-10-02 20:00:00,105.75,0.3,171.0
2023-10-02 21:00:00,110.75,0.3,184.25
2023-10-02 22:00:00,91.5,0.3,183.25
2023-10-02 23:00:00,85.5,0.3,190.25
2023-10-03 00:00:00,74.0,0.3,216.0
2023-10-03 01:00:00,74.75,0.3,154.0
2023-10-03 02:00:00,57.0,0.3,171.5
2023-10-03 03:00:00,51.0,0.3,203.5
2023-10-03 04:00:00,51.5,0.3,237.75
2023-10-03 05:00:00,53.0,0.3,216.0
2023-10-03 06:00:00,59.0,0.3,199.0
2023-10-03 07:00:00,75.0,0.4,201.0
2023-10-03 08:00:00,69.25,0.875,185.5
2023-10-03 09:00:00,70.75,1.15,172.0
2023-10-03 10:00:00,73.25,1.125,170.5
2023-10-03 11:00:00,69.75,1.05,190.25
2023-10-03 12:00:00,56.75,1.0750000000000002,185.5
2023-10-03 13:00:00,53.25,1.3,177.5
2023-10-03 14:00:00,45.5,1.325,174.5
2023-10-03 15:00:00,46.75,1.2,173.25
2023-10-03 16:00:00,47.0,0.95,172.25
2023-10-03 17:00:00,52.0,0.625,175.25
2023-10-03 18:00:00,60.0,0.3,186.75
2023-10-03 19:00:00,69.0,0.3,187.0
2023-10-03 20:00:00,83.25,0.3,187.25
2023-10-03 21:00:00,95.0,0.3,185.75
2023-10-03 22:00:00,81.5,0.3,182.5
2023-10-03 23:00:00,78.0,0.3,181.75
2023-10-04 00:00:00,81.5,0.3,183.75
2023-10-04 01:00:00,77.5,0.3,175.0
2023-10-04 02:00:00,61.0,0.3,183.75
2023-10-04 03:00:00,60.5,0.3,186.5
2023-10-04 04:00:00,66.5,0.3,193.25
2023-10-04 05:00:00,89.5,0.3,209.25
2023-10-04 06:00:00,87.0,0.3,186.0
2023-10-04 07:00:00,79.0,0.6,177.5
2023-10-04 08:00:00,90.5,0.8,180.25
2023-10-04 09:00:00,93.25,1.05,178.25
2023-10-04 10:00:00,107.0,1.1,185.75
2023-10-04 11:00:00,105.0,1.25,187.5
2023-10-04 12:00:00,83.5,1.375,182.25
2023-10-04 13:00:00,61.25,1.35,179.25
2023-10-04 14:00:00,51.25,1.2,184.75
2023-10-04 15:00:00,46.5,1.375,177.5
2023-10-04 16:00:00,48.75,0.9,173.0
2023-10-04 17:00:00,54.0,0.55,170.5
2023-10-04 18:00:00,65.75,0.3,184.0
2023-10-04 19:00:00,74.75,0.3,186.25
2023-10-04 20:00:00,80.5,0.3,182.25
2023-10-04 21:00:00,95.0,0.3,175.25
2023-10-04 22:00:00,105.25,0.3,188.0
2023-10-04 23:00:00,100.75,0.3,181.5
2023-10-05 00:00:00,102.5,0.3,147.5
2023-10-05 01:00:00,93.25,0.3,195.75
2023-10-05 02:00:00,73.25,0.3,203.0
2023-10-05 03:00:00,82.25,0.3,151.75
2023-10-05 04:00:00,83.0,0.3,199.75
2023-10-05 05:00:00,92.75,0.3,214.0
2023-10-05 06:00:00,89.75,0.3,217.0
2023-10-05 07:00:00,78.0,0.4499999999999999,200.0
2023-10-05 08:00:00,92.25,0.85,175.25
2023-10-05 09:00:00,96.5,0.975,176.75
2023-10-05 10:00:00,90.75,0.8,184.0
2023-10-05 11:00:00,96.75,1.0,181.25
2023-10-05 12:00:00,99.0,0.9,176.5
2023-10-05 13:00:00,95.5,1.05,183.0
2023-10-05 14:00:00,83.0,1.0,178.5
2023-10-05 15:00:00,73.75,0.95,176.25
2023-10-05 16:00:00,61.25,0.775,180.75
2023-10-05 17:00:00,55.0,0.425,179.25
2023-10-05 18:00:00,65.25,0.3,192.0
2023-10-05 19:00:00,91.5,0.3,186.25
2023-10-05 20:00:00,141.75,0.3,184.25
2023-10-05 21:00:00,170.0,0.3,196.25
2023-10-05 22:00:00,157.0,0.4,169.25
2023-10-05 23:00:00,121.75,0.3,208.75
2023-10-06 00:00:00,108.0,0.3,186.25
2023-10-06 01:00:00,111.0,0.3,187.75
2023-10-06 02:00:00,102.0,0.3,216.75
2023-10-06 03:00:00,104.75,0.3,216.75
2023-10-06 04:00:00,114.0,0.3,201.75
2023-10-06 05:00:00,113.25,0.3,217.25
2023-10-06 06:00:00,101.25,0.3,218.0
2023-10-06 07:00:00,100.0,0.3,173.5
2023-10-06 08:00:00,105.25,0.45,180.0
2023-10-06 09:00:00,103.75,1.075,171.5
2023-10-06 10:00:00,76.0,0.925,196.75
2023-10-06 11:00:00,64.5,0.8,192.25
2023-10-06 12:00:00,57.0,0.8500000000000001,175.5
2023-10-06 13:00:00,58.0,0.775,192.75
2023-10-06 14:00:00,63.75,0.7,184.75
2023-10-06 15:00:00,68.25,0.675,175.5
2023-10-06 16:00:00,57.25,0.425,162.0
2023-10-06 17:00:00,59.0,0.3,195.25
2023-10-06 18:00:00,69.0,0.3,163.0
2023-10-06 19:00:00,101.5,0.3,149.25
2023-10-06 20:00:00,142.5,0.3,142.0
2023-10-06 21:00:00,157.25,0.3,147.0
2023-10-06 22:00:00,139.0,0.3,139.5
2023-10-06 23:00:00,122.25,0.3,148.5
2023-10-07 00:00:00,108.75,0.3,139.0
2023-10-07 01:00:00,104.5,0.3,167.5
2023-10-07 02:00:00,86.25,0.3,140.5
2023-10-07 03:00:00,89.75,0.3,153.75
2023-10-07 04:00:00,91.75,0.3,172.0
2023-10-07 05:00:00,100.25,0.3,223.25
2023-10-07 06:00:00,97.75,0.3,201.0
2023-10-07 07:00:00,83.5,0.425,185.5
2023-10-07 08:00:00,65.25,0.85,178.5
2023-10-07 09:00:00,60.25,1.275,168.75
2023-10-07 10:00:00,79.25,0.975,181.5
2023-10-07 11:00:00,53.5,0.95,188.5
2023-10-07 12:00:00,57.25,0.9,185.0
2023-10-07 13:00:00,60.0,0.875,183.75
2023-10-07 14:00:00,49.25,0.875,185.0
2023-10-07 15:00:00,53.0,0.8,175.25
2023-10-07 16:00:00,48.25,0.5499999999999999,168.0
2023-10-07 17:00:00,43.0,0.3,160.5
2023-10-07 18:00:00,75.25,0.325,162.0
2023-10-07 19:00:00,90.75,0.3,153.25
2023-10-07 20:00:00,102.25,0.3,153.0
2023-10-07 21:00:00,135.0,0.3,223.5
2023-10-07 22:00:00,119.25,0.3,150.5
2023-10-07 23:00:00,105.25,0.3,172.25
2023-10-08 00:00:00,97.5,0.3,181.0
2023-10-08 01:00:00,92.75,0.3,27.75
2023-10-08 02:00:00,71.25,0.3,226.25
2023-10-08 03:00:00,65.25,0.3,271.5
2023-10-08 04:00:00,76.5,0.3,273.5
2023-10-08 05:00:00,90.0,0.3,179.0
2023-10-08 06:00:00,81.5,0.3,199.5
2023-10-08 07:00:00,53.75,0.5,188.0
2023-10-08 08:00:00,45.0,1.1,183.5
2023-10-08 09:00:00,40.5,1.225,178.75
2023-10-08 10:00:00,45.0,1.225,180.25
2023-10-08 11:00:00,50.0,1.075,179.75
2023-10-08 12:00:00,55.0,1.075,182.75
2023-10-08 13:00:00,51.0,0.95,175.5
2023-10-08 14:00:00,40.25,1.0750000000000002,172.75
2023-10-08 15:00:00,40.25,0.825,181.0
2023-10-08 16:00:00,34.25,0.475,169.75
2023-10-08 17:00:00,50.75,0.3,176.25
2023-10-08 18:00:00,60.75,0.3,241.25
2023-10-08 19:00:00,86.5,0.3,171.75
2023-10-08 20:00:00,102.25,0.3,180.25
2023-10-08 21:00:00,127.25,0.3,186.75
2023-10-08 22:00:00,121.5,0.325,197.75
2023-10-08 23:00:00,98.5,0.3,165.75
2023-10-09 00:00:00,90.75,0.3,252.75
2023-10-09 01:00:00,93.5,0.3,205.5
2023-10-09 02:00:00,77.5,0.3,172.0
2023-10-09 03:00:00,78.75,0.3,224.25
2023-10-09 04:00:00,76.0,0.3,186.25
2023-10-09 05:00:00,65.0,0.3,197.0
2023-10-09 06:00:00,49.5,0.3,204.0
2023-10-09 07:00:00,48.75,0.325,178.5
2023-10-09 08:00:00,49.75,1.15,179.5
2023-10-09 09:00:00,47.25,1.2,187.25
2023-10-09 10:00:00,50.25,1.125,183.25
2023-10-09 11:00:00,53.5,1.175,183.0
2023-10-09 12:00:00,68.0,1.225,173.0
2023-10-09 13:00:00,50.0,0.9,186.0
2023-10-09 14:00:00,22.0,0.875,175.75
2023-10-09 15:00:00,44.0,0.5,186.25
2023-10-09 16:00:00,41.75,0.375,167.75
2023-10-09 17:00:00,53.0,0.3,143.5
2023-10-09 18:00:00,51.611111111111114,0.36470588235294116,145.23529411764707
2023-10-09 19:00:00,50.22222222222222,0.4294117647058823,146.97058823529412
2023-10-09 20:00:00,48.833333333333336,0.4941176470588235,148.7058823529412
2023-10-09 21:00:00,,,
2023-10-09 22:00:00,,,
2023-10-09 23:00:00,,,
2023-10-10 00:00:00,,,
2023-10-10 01:00:00,,,
2023-10-10 02:00:00,,,
2023-10-10 03:00:00,,,
2023-10-10 04:00:00,,,
2023-10-10 05:00:00,,,
2023-10-10 06:00:00,,,
2023-10-10 07:00:00,,,
2023-10-10 08:00:00,,,
2023-10-10 09:00:00,,,
2023-10-10 10:00:00,,1.4,173.0
2023-10-10 11:00:00,28.0,1.0750000000000002,171.0
2023-10-10 12:00:00,27.75,0.95,184.5
2023-10-10 13:00:00,37.75,0.8500000000000001,187.0
2023-10-10 14:00:00,69.75,0.75,191.5
2023-10-10 15:00:00,61.25,0.55,185.5
2023-10-10 16:00:00,39.75,0.5,177.25
2023-10-10 17:00:00,53.25,0.3,160.5
2023-10-10 18:00:00,87.0,0.375,164.0
2023-10-10 19:00:00,111.0,0.3,184.0
2023-10-10 20:00:00,107.0,0.3,174.0
2023-10-10 21:00:00,117.0,0.3,179.5
2023-10-10 22:00:00,103.25,0.3,169.5
2023-10-10 23:00:00,106.0,0.325,179.5
2023-10-11 00:00:00,109.0,0.45,180.5
2023-10-11 01:00:00,125.5,0.35,176.0
2023-10-11 02:00:00,120.0,0.3,182.25
2023-10-11 03:00:00,112.5,0.3,190.25
2023-10-11 04:00:00,101.0,0.3,187.0
2023-10-11 05:00:00,106.0,0.3,182.25
2023-10-11 06:00:00,103.0,0.3,182.5
2023-10-11 07:00:00,109.5,0.6,179.75
2023-10-11 08:00:00,122.5,0.825,167.5
2023-10-11 09:00:00,97.25,1.0,178.75
2023-10-11 10:00:00,82.0,0.9,180.5
2023-10-11 11:00:00,103.25,1.075,176.25
2023-10-11 12:00:00,122.0,1.125,174.5
2023-10-11 13:00:00,42.0,1.0750000000000002,186.0
2023-10-11 14:00:00,42.0,1.025,176.5
2023-10-11 15:00:00,34.75,0.95,181.25
2023-10-11 16:00:00,44.25,0.875,165.75
2023-10-11 17:00:00,50.25,0.45,174.5
2023-10-11 18:00:00,35.0,0.3,187.0
2023-10-11 19:00:00,68.75,0.3,176.75
2023-10-11 20:00:00,122.0,0.3,169.75
2023-10-11 21:00:00,116.75,0.3,172.75
2023-10-11 22:00:00,121.0,0.3,189.5
2023-10-11 23:00:00,99.0,0.3,169.75
2023-10-12 00:00:00,104.0,0.3,178.75
2023-10-12 01:00:00,119.0,0.3,158.25
2023-10-12 02:00:00,92.75,0.3,171.5
2023-10-12 03:00:00,97.0,0.3,216.75
2023-10-12 04:00:00,113.5,0.3,195.75
2023-10-12 05:00:00,144.5,0.3,213.75
2023-10-12 06:00:00,138.5,0.3,226.0
2023-10-12 07:00:00,127.5,0.35,193.75
2023-10-12 08:00:00,136.5,0.575,168.5
2023-10-12 09:00:00,129.5,0.7,186.75
2023-10-12 10:00:00,85.5,0.825,208.75
2023-10-12 11:00:00,56.0,0.8,191.75
2023-10-12 12:00:00,48.75,0.95,195.75
2023-10-12 13:00:00,40.75,0.925,182.0
2023-10-12 14:00:00,53.25,0.85,175.25
2023-10-12 15:00:00,49.75,0.9,181.0
2023-10-12 16:00:00,61.5,0.525,165.25
2023-10-12 17:00:00,79.5,0.425,163.25
2023-10-12 18:00:00,75.0,0.3,174.0
2023-10-12 19:00:00,81.75,0.3,162.75
2023-10-12 20:00:00,113.25,0.3,129.0
2023-10-12 21:00:00,149.0,0.3,139.0
2023-10-12 22:00:00,147.25,0.3,216.5
2023-10-12 23:00:00,121.25,0.3,161.25
2023-10-13 00:00:00,119.25,0.3,201.5
2023-10-13 01:00:00,128.5,0.3,179.0
2023-10-13 02:00:00,99.75,0.3,158.0
2023-10-13 03:00:00,101.0,0.3,158.0
2023-10-13 04:00:00,110.0,0.3,158.0
2023-10-13 05:00:00,122.5,0.3,193.25
2023-10-13 06:00:00,129.5,0.3,210.5
2023-10-13 07:00:00,132.5,0.3,227.75
2023-10-13 08:00:00,173.0,0.625,165.25
2023-10-13 09:00:00,174.25,0.8,164.0
2023-10-13 10:00:00,164.0,0.95,179.0
2023-10-13 11:00:00,117.25,1.1,175.0
2023-10-13 12:00:00,102.5,0.975,183.5
2023-10-13 13:00:00,89.5,0.825,190.5
2023-10-13 14:00:00,60.75,0.75,186.25
2023-10-13 15:00:00,70.5,0.9,169.75
2023-10-13 16:00:00,53.25,0.6,174.75
2023-10-13 17:00:00,72.0,0.325,168.0
2023-10-13 18:00:00,82.25,0.3,179.0
2023-10-13 19:00:00,96.5,0.3,155.25
2023-10-13 20:00:00,132.5,0.3,178.25
2023-10-13 21:00:00,150.0,0.3,138.75
2023-10-13 22:00:00,159.75,0.3,140.25
2023-10-13 23:00:00,148.25,0.3,184.25
2023-10-14 00:00:00,136.25,0.3,170.0
2023-10-14 01:00:00,138.5,0.3,196.5
2023-10-14 02:00:00,126.25,0.3,181.0
2023-10-14 03:00:00,129.25,0.3,236.25
2023-10-14 04:00:00,129.75,0.3,208.25
2023-10-14 05:00:00,143.0,0.3,238.25
2023-10-14 06:00:00,156.5,0.3,192.25
2023-10-14 07:00:00,165.0,0.325,211.5
2023-10-14 08:00:00,190.75,0.65,152.5
2023-10-14 09:00:00,148.5,0.9,164.75
2023-10-14 10:00:00,135.5,0.675,181.75
2023-10-14 11:00:00,113.5,0.675,205.5
2023-10-14 12:00:00,90.25,0.875,200.5
2023-10-14 13:00:00,67.75,0.825,185.25
2023-10-14 14:00:00,55.25,0.825,169.0
2023-10-14 15:00:00,40.25,0.675,177.5
2023-10-14 16:00:00,49.0,0.4,163.0
2023-10-14 17:00:00,57.25,0.3,166.5
2023-10-14 18:00:00,79.0,0.3,145.0
2023-10-14 19:00:00,127.0,0.3,146.75
2023-10-14 20:00:00,138.75,0.3,180.25
2023-10-14 21:00:00,142.5,0.3,138.5
2023-10-14 22:00:00,126.5,0.3,145.5
2023-10-14 23:00:00,117.75,0.3,165.5
2023-10-15 00:00:00,114.5,0.3,228.5
2023-10-15 01:00:00,114.75,0.3,156.75
2023-10-15 02:00:00,109.0,0.3,111.0
2023-10-15 03:00:00,102.25,0.3,143.25
2023-10-15 04:00:00,101.75,0.3,225.75
2023-10-15 05:00:00,107.25,0.3,153.25
2023-10-15 06:00:00,107.25,0.3,159.5
2023-10-15 07:00:00,109.5,0.475,211.0
2023-10-15 08:00:00,127.25,0.9,190.5
2023-10-15 09:00:00,124.5,1.15,191.0
2023-10-15 10:00:00,71.75,1.1,171.25
2023-10-15 11:00:00,52.5,0.875,183.0
2023-10-15 12:00:00,51.25,0.9,176.0
2023-10-15 13:00:00,51.75,0.975,174.25
2023-10-15 14:00:00,50.75,0.6,176.75
2023-10-15 15:00:00,50.75,0.6,166.0
2023-10-15 16:00:00,53.0,0.325,191.25
2023-10-15 17:00:00,55.0,0.3,169.25
2023-10-15 18:00:00,79.75,0.3,140.0
2023-10-15 19:00:00,143.5,0.3,154.0
2023-10-15 20:00:00,156.5,0.3,144.5
2023-10-15 21:00:00,128.0,0.3,134.0
2023-10-15 22:00:00,125.75,0.3,133.25
2023-10-15 23:00:00,114.5,0.3,131.25
2023-10-16 00:00:00,99.75,0.3,205.75
2023-10-16 01:00:00,96.25,0.3,135.25
2023-10-16 02:00:00,96.5,0.3,184.5
2023-10-16 03:00:00,93.25,0.3,212.25
2023-10-16 04:00:00,87.0,0.3,232.0
2023-10-16 05:00:00,85.25,0.325,191.0
2023-10-16 06:00:00,91.5,0.375,222.25
2023-10-16 07:00:00,100.0,0.45,176.75
2023-10-16 08:00:00,103.5,0.8,207.0
2023-10-16 09:00:00,112.5,1.65,179.0
2023-10-16 10:00:00,133.75,1.375,194.5
2023-10-16 11:00:00,121.5,1.025,166.0
2023-10-16 12:00:00,96.0,1.3,173.75
2023-10-16 13:00:00,150.0,1.3,169.25
2023-10-16 14:00:00,73.0,1.325,179.5
2023-10-16 15:00:00,73.0,1.375,172.5
2023-10-16 16:00:00,65.5,1.7000000000000002,164.0
2023-10-16 17:00:00,58.0,2.225,149.25
2023-10-16 18:00:00,38.0,3.3,141.0
2023-10-16 19:00:00,41.0,2.775,161.25
2023-10-16 20:00:00,40.0,2.1,165.5
2023-10-16 21:00:00,35.0,1.325,174.0
2023-10-16 22:00:00,33.0,1.95,187.0
2023-10-16 23:00:00,53.0,1.025,166.0
2023-10-17 00:00:00,34.0,1.575,162.0
2023-10-17 01:00:00,28.0,1.1749999999999998,137.25
2023-10-17 02:00:00,31.0,0.675,186.75
2023-10-17 03:00:00,24.0,0.575,171.0
2023-10-17 04:00:00,40.0,0.35,190.25
2023-10-17 05:00:00,24.0,0.55,197.75
2023-10-17 06:00:00,25.0,0.85,179.25
2023-10-17 07:00:00,22.0,0.475,195.0
2023-10-17 08:00:00,40.0,0.4,167.25
2023-10-17 09:00:00,48.0,0.8,165.25
2023-10-17 10:00:00,44.0,1.1,163.0
2023-10-17 11:00:00,50.0,0.75,153.75
2023-10-17 12:00:00,79.0,1.375,167.75
2023-10-17 13:00:00,75.0,0.8,182.25
2023-10-17 14:00:00,62.0,0.4,170.75
2023-10-17 15:00:00,57.0,0.325,173.0
2023-10-17 16:00:00,62.0,0.4,153.75
2023-10-17 17:00:00,64.0,0.3,175.0
2023-10-17 18:00:00,73.0,0.3,204.25
2023-10-17 19:00:00,118.0,0.3,242.0
2023-10-17 20:00:00,138.0,0.3,102.5
2023-10-17 21:00:00,171.0,0.3,120.0
2023-10-17 22:00:00,153.0,0.3,182.5
2023-10-17 23:00:00,75.0,0.3,225.25
2023-10-18 00:00:00,105.0,0.3,155.25
2023-10-18 01:00:00,118.0,0.3,159.75
2023-10-18 02:00:00,91.0,0.3,174.75
2023-10-18 03:00:00,90.0,0.3,159.75
2023-10-18 04:00:00,114.0,0.3,174.0
2023-10-18 05:00:00,86.0,0.3,170.75
2023-10-18 06:00:00,75.0,0.3,145.75
2023-10-18 07:00:00,58.0,0.4499999999999999,161.75
2023-10-18 08:00:00,95.0,0.825,165.0
2023-10-18 09:00:00,72.0,0.925,170.75
2023-10-18 10:00:00,35.0,0.975,187.5
2023-10-18 11:00:00,46.0,1.0,196.5
2023-10-18 12:00:00,47.0,0.9,202.0
2023-10-18 13:00:00,40.0,0.95,201.25
2023-10-18 14:00:00,46.0,1.025,180.75
2023-10-18 15:00:00,8.0,0.775,179.75
2023-10-18 16:00:00,28.0,0.625,170.75
2023-10-18 17:00:00,33.0,0.325,178.75
2023-10-18 18:00:00,41.0,0.3,185.0
2023-10-18 19:00:00,61.75,0.3,184.25
2023-10-18 20:00:00,66.25,0.3,180.5
2023-10-18 21:00:00,81.25,0.3,189.5
2023-10-18 22:00:00,95.0,0.3,181.25
2023-10-18 23:00:00,62.0,0.375,173.5
2023-10-19 00:00:00,84.0,0.325,182.0
2023-10-19 01:00:00,85.0,0.3,165.5
2023-10-19 02:00:00,69.0,0.3,163.5
2023-10-19 03:00:00,96.0,0.3,171.75
2023-10-19 04:00:00,59.0,0.3,158.75
2023-10-19 05:00:00,58.0,0.3,181.5
2023-10-19 06:00:00,62.0,0.3,189.25
2023-10-19 07:00:00,62.0,0.3,166.5
2023-10-19 08:00:00,101.0,0.525,186.0
2023-10-19 09:00:00,81.0,1.0,170.0
2023-10-19 10:00:00,68.0,1.0,178.0
2023-10-19 11:00:00,64.0,0.9,191.25
2023-10-19 12:00:00,56.0,0.775,204.25
2023-10-19 13:00:00,44.0,0.875,197.0
2023-10-19 14:00:00,46.0,0.825,180.0
2023-10-19 15:00:00,34.25,0.775,175.5
2023-10-19 16:00:00,30.75,0.475,175.0
2023-10-19 17:00:00,38.0,0.3,184.5
2023-10-19 18:00:00,52.25,0.3,186.0
2023-10-19 19:00:00,84.0,0.3,171.5
2023-10-19 20:00:00,112.25,0.3,166.75
2023-10-19 21:00:00,132.5,0.3,154.0
2023-10-19 22:00:00,135.0,0.3,143.25
2023-10-19 23:00:00,152.25,0.3,174.0
2023-10-20 00:00:00,139.0,0.3,168.0
2023-10-20 01:00:00,127.75,0.3,169.0
2023-10-20 02:00:00,110.25,0.3,147.5
2023-10-20 03:00:00,108.25,0.3,150.25
2023-10-20 04:00:00,119.0,0.3,186.25
2023-10-20 05:00:00,123.75,0.3,162.0
2023-10-20 06:00:00,131.75,0.3,162.0
2023-10-20 07:00:00,150.0,0.3,149.75
2023-10-20 08:00:00,176.5,0.45,166.25
2023-10-20 09:00:00,154.75,0.5,197.25
2023-10-20 10:00:00,106.25,0.675,204.5
2023-10-20 11:00:00,62.0,0.9,171.75
2023-10-20 12:00:00,78.0,0.625,226.75
2023-10-20 13:00:00,78.0,0.75,184.75
2023-10-20 14:00:00,79.25,0.55,190.5
2023-10-20 15:00:00,80.75,0.725,175.25
2023-10-20 16:00:00,69.25,0.375,178.25
2023-10-20 17:00:00,56.5,0.3,170.0
2023-10-20 18:00:00,69.5,0.3,179.25
2023-10-20 19:00:00,71.58823529411765,0.3,186.0
2023-10-20 20:00:00,73.67647058823529,0.3,179.86666666666667
2023-10-20 21:00:00,75.76470588235294,0.3,173.73333333333332
2023-10-20 22:00:00,,0.3,167.6
2023-10-20 23:00:00,,,
2023-10-21 00:00:00,,,
2023-10-21 01:00:00,,,
2023-10-21 02:00:00,,,
2023-10-21 03:00:00,,,
2023-10-21 04:00:00,,,
2023-10-21 05:00:00,,,
2023-10-21 06:00:00,,,
2023-10-21 07:00:00,,,
2023-10-21 08:00:00,,,
2023-10-21 09:00:00,,,
2023-10-21 10:00:00,,0.3,94.0
2023-10-21 11:00:00,105.0,0.3,178.25
2023-10-21 12:00:00,105.0,0.3,197.5
2023-10-21 13:00:00,140.5,0.3,194.0
2023-10-21 14:00:00,92.75,0.4,222.25
2023-10-21 15:00:00,105.25,0.325,164.25
2023-10-21 16:00:00,100.25,0.3,146.5
2023-10-21 17:00:00,105.5,0.3,162.75
2023-10-21 18:00:00,134.75,0.3,110.75
2023-10-21 19:00:00,200.0,0.3,158.5
2023-10-21 20:00:00,255.5,0.3,145.75
2023-10-21 21:00:00,253.75,0.3,179.5
2023-10-21 22:00:00,230.25,0.3,159.5
2023-10-21 23:00:00,205.75,0.3,146.75
2023-10-22 00:00:00,172.0,0.3,170.0
2023-10-22 01:00:00,155.25,0.3,148.75
2023-10-22 02:00:00,135.75,0.3,183.75
2023-10-22 03:00:00,149.0,0.3,251.0
2023-10-22 04:00:00,156.75,0.3,174.25
2023-10-22 05:00:00,166.0,0.3,179.25
2023-10-22 06:00:00,184.0,0.3,193.75
2023-10-22 07:00:00,211.25,0.3,176.5
2023-10-22 08:00:00,240.0,0.425,170.75
2023-10-22 09:00:00,250.75,0.55,189.0
2023-10-22 10:00:00,279.5,0.675,168.0
2023-10-22 11:00:00,292.0,0.8,165.25
2023-10-22 12:00:00,247.25,0.55,197.0
2023-10-22 13:00:00,153.5,0.725,185.0
2023-10-22 14:00:00,160.0,0.65,179.0
2023-10-22 15:00:00,129.5,0.525,168.75
2023-10-22 16:00:00,91.5,0.375,166.0
2023-10-22 17:00:00,61.25,0.3,167.75
2023-10-22 18:00:00,63.5,0.3,186.0
2023-10-22 19:00:00,100.5,0.3,171.25
2023-10-22 20:00:00,148.0,0.3,176.25
2023-10-22 21:00:00,156.75,0.3,188.75
2023-10-22 22:00:00,151.75,0.3,174.75
2023-10-22 23:00:00,162.75,0.3,164.0
2023-10-23 00:00:00,158.0,0.3,161.75
2023-10-23 01:00:00,170.25,0.3,189.5
2023-10-23 02:00:00,170.25,0.3,290.75
2023-10-23 03:00:00,197.5,0.3,243.25
2023-10-23 04:00:00,212.0,0.3,194.25
2023-10-23 05:00:00,237.25,0.3,215.25
2023-10-23 06:00:00,254.5,0.3,198.25
2023-10-23 07:00:00,275.5,0.35,177.5
2023-10-23 08:00:00,286.5,0.725,165.25
2023-10-23 09:00:00,236.0,0.8,176.0
2023-10-23 10:00:00,175.75,0.9,179.0
2023-10-23 11:00:00,135.5,0.9,182.5
2023-10-23 12:00:00,113.0,0.925,195.0
2023-10-23 13:00:00,75.75,0.9,179.75
2023-10-23 14:00:00,76.25,0.825,194.75
2023-10-23 15:00:00,82.5,0.6,194.5
2023-10-23 16:00:00,61.0,0.425,174.5
2023-10-23 17:00:00,60.5,0.3,166.75
2023-10-23 18:00:00,80.25,0.3,142.0
2023-10-23 19:00:00,107.5,0.3,176.75
2023-10-23 20:00:00,156.25,0.3,188.5
2023-10-23 21:00:00,142.75,0.3,180.25
2023-10-23 22:00:00,139.75,0.3,184.75
2023-10-23 23:00:00,148.0,0.3,148.75
2023-10-24 00:00:00,143.0,0.3,167.25
2023-10-24 01:00:00,147.0,0.3,156.75
2023-10-24 02:00:00,131.25,0.3,176.0
2023-10-24 03:00:00,150.75,0.3,172.5
2023-10-24 04:00:00,137.0,0.3,174.25
2023-10-24 05:00:00,138.25,0.3,200.75
2023-10-24 06:00:00,126.0,0.3,155.75
2023-10-24 07:00:00,131.5,0.35,157.0
2023-10-24 08:00:00,132.0,0.825,159.25
2023-10-24 09:00:00,135.75,0.8,174.75
2023-10-24 10:00:00,121.5,0.75,180.5
2023-10-24 11:00:00,92.75,0.75,199.75
2023-10-24 12:00:00,76.25,0.975,185.5
2023-10-24 13:00:00,82.0,0.825,176.25
2023-10-24 14:00:00,75.0,0.95,182.0
2023-10-24 15:00:00,54.0,0.675,168.75
2023-10-24 16:00:00,32.25,0.35,164.0
2023-10-24 17:00:00,52.0,0.3,149.5
2023-10-24 18:00:00,88.5,0.3,155.5
2023-10-24 19:00:00,162.25,0.3,189.75
2023-10-24 20:00:00,171.0,0.3,182.25
2023-10-24 21:00:00,203.25,0.3,161.5
2023-10-24 22:00:00,229.0,0.3,154.75
2023-10-24 23:00:00,222.5,0.3,151.25
2023-10-25 00:00:00,193.25,0.3,171.5
2023-10-25 01:00:00,191.75,0.3,173.25
2023-10-25 02:00:00,194.25,0.3,171.25
2023-10-25 03:00:00,197.75,0.3,168.0
2023-10-25 04:00:00,202.0,0.3,153.0
2023-10-25 05:00:00,183.0,0.3,191.5
2023-10-25 06:00:00,161.5,0.3,216.0
2023-10-25 07:00:00,157.75,0.325,182.75
2023-10-25 08:00:00,155.5,0.725,166.5
2023-10-25 09:00:00,165.5,0.925,180.25
2023-10-25 10:00:00,152.75,0.825,191.0
2023-10-25 11:00:00,135.75,0.9,190.0
2023-10-25 12:00:00,113.25,1.0,185.75
2023-10-25 13:00:00,126.5,0.925,176.75
2023-10-25 14:00:00,86.5,0.875,179.5
2023-10-25 15:00:00,64.0,0.675,167.5
2023-10-25 16:00:00,51.75,0.45,171.75
2023-10-25 17:00:00,74.5,0.3,183.25
2023-10-25 18:00:00,104.75,0.3,190.25
2023-10-25 19:00:00,151.25,0.3,190.75
2023-10-25 20:00:00,175.0,0.3,188.25
2023-10-25 21:00:00,192.5,0.3,188.75
2023-10-25 22:00:00,172.0,0.3,186.5
2023-10-25 23:00:00,164.25,0.3,190.25
2023-10-26 00:00:00,149.25,0.3,186.75
2023-10-26 01:00:00,150.75,0.3,178.5
2023-10-26 02:00:00,165.75,0.3,233.5
2023-10-26 03:00:00,174.25,0.3,283.25
2023-10-26 04:00:00,165.25,0.3,192.25
2023-10-26 05:00:00,170.0,0.3,180.25
2023-10-26 06:00:00,191.0,0.3,179.25
2023-10-26 07:00:00,189.5,0.35,185.75
2023-10-26 08:00:00,182.25,0.825,169.0
2023-10-26 09:00:00,173.25,1.025,169.25
2023-10-26 10:00:00,167.75,0.8999999999999999,170.0
2023-10-26 11:00:00,153.5,1.05,179.75
2023-10-26 12:00:00,132.5,0.9,180.0
2023-10-26 13:00:00,103.5,0.7,202.25
2023-10-26 14:00:00,77.5,0.825,188.25
2023-10-26 15:00:00,53.25,0.425,171.75
2023-10-26 16:00:00,46.0,0.325,168.0
2023-10-26 17:00:00,69.5,0.3,177.25
2023-10-26 18:00:00,82.0,0.3,159.75
2023-10-26 19:00:00,113.25,0.3,155.75
2023-10-26 20:00:00,160.75,0.3,222.0
2023-10-26 21:00:00,155.5,0.3,232.5
2023-10-26 22:00:00,151.0,0.3,193.0
2023-10-26 23:00:00,148.5,0.3,193.25
2023-10-27 00:00:00,148.0,0.3,165.25
2023-10-27 01:00:00,167.25,0.3,148.0
2023-10-27 02:00:00,170.0,0.3,83.75
2023-10-27 03:00:00,202.25,0.3,220.5
2023-10-27 04:00:00,223.25,0.3,210.25
2023-10-27 05:00:00,207.75,0.3,205.0
2023-10-27 06:00:00,185.25,0.3,226.75
2023-10-27 07:00:00,147.5,0.3,192.25
2023-10-27 08:00:00,132.0,0.75,161.5
2023-10-27 09:00:00,157.5,0.9,165.25
2023-10-27 10:00:00,139.25,0.875,187.75
2023-10-27 11:00:00,122.25,0.875,201.0
2023-10-27 12:00:00,108.25,0.7,184.25
2023-10-27 13:00:00,92.5,0.875,175.75
2023-10-27 14:00:00,95.75,0.6,179.0
2023-10-27 15:00:00,91.75,0.475,176.5
2023-10-27 16:00:00,91.75,0.325,163.0
2023-10-27 17:00:00,94.0,0.3,136.0
2023-10-27 18:00:00,128.33333333333334,0.3,141.25
2023-10-27 19:00:00,162.66666666666669,0.3,183.25
2023-10-27 20:00:00,197.0,0.3,160.0
2023-10-27 21:00:00,232.0,0.3,154.75
2023-10-27 22:00:00,238.0,0.3,200.0
2023-10-27 23:00:00,213.0,0.3,162.25
2023-10-28 00:00:00,186.0,0.3,180.0
2023-10-28 01:00:00,197.0,0.3,185.5
2023-10-28 02:00:00,145.0,0.3,136.75
2023-10-28 03:00:00,147.0,0.3,202.25
2023-10-28 04:00:00,158.0,0.3,226.25
2023-10-28 05:00:00,188.0,0.3,212.75
2023-10-28 06:00:00,208.0,0.3,225.75
2023-10-28 07:00:00,207.0,0.3,185.0
2023-10-28 08:00:00,224.0,0.375,143.25
2023-10-28 09:00:00,251.0,0.55,171.75
2023-10-28 10:00:00,210.0,0.575,204.75
2023-10-28 11:00:00,147.0,0.725,196.0
2023-10-28 12:00:00,192.66666666666666,0.725,161.25
2023-10-28 13:00:00,238.33333333333331,0.4,188.0
2023-10-28 14:00:00,284.0,0.325,209.25
2023-10-28 15:00:00,90.0,0.3,187.75
2023-10-28 16:00:00,96.0,0.3,148.25
2023-10-28 17:00:00,141.0,0.3,143.25
2023-10-28 18:00:00,133.0,0.3,180.5
2023-10-28 19:00:00,188.0,0.3,204.5
2023-10-28 20:00:00,279.0,0.3,202.0
2023-10-28 21:00:00,235.0,0.3,175.0
2023-10-28 22:00:00,238.0,0.3,226.75
2023-10-28 23:00:00,206.0,0.3,213.5
2023-10-29 00:00:00,208.0,0.3,149.0
2023-10-29 01:00:00,188.0,0.3,172.75
2023-10-29 02:00:00,213.0,0.3,187.75
2023-10-29 03:00:00,218.0,0.3,145.0
2023-10-29 04:00:00,229.0,0.3,146.75
2023-10-29 05:00:00,196.0,0.3,177.75
2023-10-29 06:00:00,189.0,0.3,200.25
2023-10-29 07:00:00,177.0,0.3,213.75
2023-10-29 08:00:00,221.0,0.3,162.5
2023-10-29 09:00:00,251.0,0.625,170.25
2023-10-29 10:00:00,185.0,1.0,149.75
2023-10-29 11:00:00,106.0,1.025,159.25
2023-10-29 12:00:00,123.0,1.0750000000000002,168.5
2023-10-29 13:00:00,133.0,0.775,161.0
2023-10-29 14:00:00,128.0,0.8500000000000001,157.0
2023-10-29 15:00:00,105.0,0.475,155.25
2023-10-29 16:00:00,99.0,0.3,173.5
2023-10-29 17:00:00,103.0,0.3,170.5
2023-10-29 18:00:00,134.0,0.3,158.5
2023-10-29 19:00:00,223.0,0.3,178.25
2023-10-29 20:00:00,243.0,0.3,205.75
2023-10-29 21:00:00,223.0,0.3,191.5
2023-10-29 22:00:00,221.0,0.3,244.0
2023-10-29 23:00:00,199.0,0.3,164.5
2023-10-30 00:00:00,213.0,0.3,149.0
2023-10-30 01:00:00,224.0,0.3,140.25
2023-10-30 02:00:00,188.0,0.3,191.0
2023-10-30 03:00:00,199.0,0.3,177.25
2023-10-30 04:00:00,204.0,0.3,176.0
2023-10-30 05:00:00,196.0,0.3,217.0
2023-10-30 06:00:00,162.0,0.3,218.5
2023-10-30 07:00:00,175.0,0.3,183.0
2023-10-30 08:00:00,263.0,0.5,144.5
2023-10-30 09:00:00,248.0,0.95,155.25
2023-10-30 10:00:00,221.0,0.925,173.25
2023-10-30 11:00:00,195.0,0.95,182.5
2023-10-30 12:00:00,125.0,0.925,177.25
2023-10-30 13:00:00,125.0,0.625,143.25
2023-10-30 14:00:00,122.0,0.55,172.5
2023-10-30 15:00:00,112.0,0.375,169.75
2023-10-30 16:00:00,101.0,0.3,160.5
2023-10-30 17:00:00,128.0,0.3,122.5
2023-10-30 18:00:00,144.0,0.3,141.75
2023-10-30 19:00:00,222.0,0.3,155.25
2023-10-30 20:00:00,320.0,0.3,170.25
2023-10-30 21:00:00,304.0,0.3,155.5
2023-10-30 22:00:00,291.0,0.3,208.0
2023-10-30 23:00:00,234.0,0.3,252.75
2023-10-31 00:00:00,213.0,0.3,221.5
2023-10-31 01:00:00,206.0,0.3,183.75
2023-10-31 02:00:00,174.0,0.3,129.0
2023-10-31 03:00:00,194.0,0.3,129.0
2023-10-31 04:00:00,224.0,0.3,130.75
2023-10-31 05:00:00,199.0,0.3,158.75
2023-10-31 06:00:00,180.0,0.3,176.75
2023-10-31 07:00:00,213.0,0.3,198.5
2023-10-31 08:00:00,302.0,0.325,167.5
2023-10-31 09:00:00,261.0,0.675,129.75
2023-10-31 10:00:00,249.0,0.775,170.0
2023-10-31 11:00:00,201.0,0.975,170.5
2023-10-31 12:00:00,226.0,0.85,196.0
2023-10-31 13:00:00,160.0,0.8,157.25
2023-10-31 14:00:00,167.0,0.65,147.0
2023-10-31 15:00:00,155.0,0.45,165.75
2023-10-31 16:00:00,147.0,0.325,156.75
2023-10-31 17:00:00,193.0,0.3,203.25
2023-10-31 18:00:00,221.0,0.3,216.25
2023-10-31 19:00:00,266.0,0.3,219.75
2023-10-31 20:00:00,331.0,0.3,165.5
2023-10-31 21:00:00,312.0,0.3,260.0
2023-10-31 22:00:00,296.0,0.3,238.0
2023-10-31 23:00:00,279.0,0.3,185.5
2023-11-01 00:00:00,257.0,0.3,182.75
2023-11-01 01:00:00,268.0,0.3,158.0
2023-11-01 02:00:00,228.0,0.3,150.75
2023-11-01 03:00:00,202.0,0.3,155.5
2023-11-01 04:00:00,205.0,0.3,241.5
2023-11-01 05:00:00,206.0,0.3,205.25
2023-11-01 06:00:00,202.0,0.3,233.25
2023-11-01 07:00:00,249.0,0.3,170.0
2023-11-01 08:00:00,262.0,0.325,206.25
2023-11-01 09:00:00,234.0,0.85,156.25
2023-11-01 10:00:00,190.0,0.7,174.5
2023-11-01 11:00:00,177.25,0.75,161.5
2023-11-01 12:00:00,172.75,0.5,177.25
2023-11-01 13:00:00,155.75,0.575,158.5
2023-11-01 14:00:00,153.5,0.525,147.5
2023-11-01 15:00:00,152.5,0.4,146.25
2023-11-01 16:00:00,133.0,0.3,145.0
2023-11-01 17:00:00,133.0,0.3,180.0
2023-11-01 18:00:00,170.0,0.3,150.0
2023-11-01 19:00:00,234.25,0.3,167.25
2023-11-01 20:00:00,330.5,0.3,165.75
2023-11-01 21:00:00,302.75,0.3,165.75
2023-11-01 22:00:00,281.0,0.3,162.75
2023-11-01 23:00:00,274.5,0.3,194.25
2023-11-02 00:00:00,222.5,0.3,167.5
2023-11-02 01:00:00,205.75,0.3,104.25
2023-11-02 02:00:00,204.25,0.3,135.5
2023-11-02 03:00:00,200.0,0.3,163.0
2023-11-02 04:00:00,193.25,0.3,216.25
2023-11-02 05:00:00,208.0,0.3,200.5
2023-11-02 06:00:00,276.25,0.3,167.75
2023-11-02 07:00:00,326.75,0.3,227.0
2023-11-02 08:00:00,325.75,0.325,134.25
2023-11-02 09:00:00,340.75,0.375,208.25
2023-11-02 10:00:00,355.5,0.5,178.25
2023-11-02 11:00:00,347.75,0.45,175.75
2023-11-02 12:00:00,369.0,0.425,165.25
2023-11-02 13:00:00,377.25,0.325,165.0
2023-11-02 14:00:00,449.0,0.325,161.5
2023-11-02 15:00:00,459.5,0.325,143.75
2023-11-02 16:00:00,479.5,0.3,155.75
2023-11-02 17:00:00,494.5,0.3,148.25
2023-11-02 18:00:00,503.25,0.3,180.5
2023-11-02 19:00:00,592.25,0.3,176.5
2023-11-02 20:00:00,652.5,0.3,221.5
2023-11-02 21:00:00,612.25,0.3,218.75
2023-11-02 22:00:00,541.5,0.3,232.25
2023-11-02 23:00:00,504.5,0.3,171.75
2023-11-03 00:00:00,463.0,0.3,200.5
2023-11-03 01:00:00,443.5,0.3,278.0
2023-11-03 02:00:00,445.25,0.3,236.25
2023-11-03 03:00:00,455.0,0.3,136.75
2023-11-03 04:00:00,508.75,0.3,219.5
2023-11-03 05:00:00,511.25,0.3,244.0
2023-11-03 06:00:00,531.0,0.3,228.5
2023-11-03 07:00:00,556.5,0.3,177.75
2023-11-03 08:00:00,544.75,0.3,174.5
2023-11-03 09:00:00,556.0,0.3,179.25
2023-11-03 10:00:00,585.25,0.375,182.5
2023-11-03 11:00:00,591.5,0.35,222.5
2023-11-03 12:00:00,504.25,0.375,188.25
2023-11-03 13:00:00,473.75,0.425,180.0
2023-11-03 14:00:00,404.25,0.35,168.75
2023-11-03 15:00:00,306.5,0.3,165.0
2023-11-03 16:00:00,192.75,0.3,149.25
2023-11-03 17:00:00,171.0,0.3,140.75
2023-11-03 18:00:00,196.0,0.3,147.25
2023-11-03 19:00:00,271.0,0.3,161.5
2023-11-03 20:00:00,260.5,0.3,205.25
2023-11-03 21:00:00,241.5,0.3,160.5
2023-11-03 22:00:00,277.0,0.3,159.0
2023-11-03 23:00:00,265.25,0.3,182.25
2023-11-04 00:00:00,246.75,0.3,161.0
2023-11-04 01:00:00,238.0,0.3,130.25
2023-11-04 02:00:00,223.0,0.3,136.25
2023-11-04 03:00:00,237.0,0.3,145.5
2023-11-04 04:00:00,251.0,0.3,278.0
2023-11-04 05:00:00,252.0,0.3,192.0
2023-11-04 06:00:00,301.0,0.3,90.0
2023-11-04 07:00:00,338.0,0.3,164.25
2023-11-04 08:00:00,389.0,0.3,128.25
2023-11-04 09:00:00,451.0,0.4,167.0
2023-11-04 10:00:00,465.25,0.45,194.75
2023-11-04 11:00:00,516.25,0.425,193.0
2023-11-04 12:00:00,556.75,0.4,200.25
2023-11-04 13:00:00,611.0,0.475,160.25
2023-11-04 14:00:00,631.0,0.325,186.75
2023-11-04 15:00:00,604.0,0.325,161.0
2023-11-04 16:00:00,527.5,0.3,162.25
2023-11-04 17:00:00,511.75,0.3,191.25
2023-11-04 18:00:00,516.75,0.3,154.0
2023-11-04 19:00:00,560.25,0.3,153.75
2023-11-04 20:00:00,571.5,0.3,213.5
2023-11-04 21:00:00,512.75,0.3,190.25
2023-11-04 22:00:00,450.0,0.3,194.0
2023-11-04 23:00:00,413.5,0.3,221.25
2023-11-05 00:00:00,371.25,0.3,245.0
2023-11-05 01:00:00,356.0,0.3,271.25
2023-11-05 02:00:00,362.75,0.3,218.75
2023-11-05 03:00:00,402.5,0.3,161.5
2023-11-05 04:00:00,438.25,0.3,280.0
2023-11-05 05:00:00,449.25,0.3,257.5
2023-11-05 06:00:00,446.25,0.3,246.5
2023-11-05 07:00:00,459.75,0.3,113.75
2023-11-05 08:00:00,486.5,0.3,137.25
2023-11-05 09:00:00,514.0,0.425,124.0
2023-11-05 10:00:00,535.25,0.425,246.25
2023-11-05 11:00:00,495.5,0.425,198.75
2023-11-05 12:00:00,389.25,0.475,208.75
2023-11-05 13:00:00,323.0,0.525,202.5
2023-11-05 14:00:00,242.0,0.35,159.0
2023-11-05 15:00:00,284.75,0.3,174.5
2023-11-05 16:00:00,299.75,0.3,152.25
2023-11-05 17:00:00,297.75,0.3,165.5
2023-11-05 18:00:00,361.25,0.3,154.25
2023-11-05 19:00:00,459.25,0.3,159.0
2023-11-05 20:00:00,524.0,0.3,187.5
2023-11-05 21:00:00,422.25,0.3,220.0
2023-11-05 22:00:00,385.0,0.3,185.5
2023-11-05 23:00:00,387.5,0.3,166.75
2023-11-06 00:00:00,329.5,0.3,113.5
2023-11-06 01:00:00,322.0,0.3,155.0
2023-11-06 02:00:00,323.0,0.3,224.5
2023-11-06 03:00:00,325.0,0.3,133.75
2023-11-06 04:00:00,320.25,0.3,176.0
2023-11-06 05:00:00,315.25,0.3,214.0
2023-11-06 06:00:00,326.25,0.3,211.75
2023-11-06 07:00:00,362.5,0.3,182.5
2023-11-06 08:00:00,390.0,0.3,176.5
2023-11-06 09:00:00,418.0,0.525,173.75
2023-11-06 10:00:00,392.25,0.6749999999999999,174.75
2023-11-06 11:00:00,332.0,1.0,152.25
2023-11-06 12:00:00,241.75,1.175,143.25
2023-11-06 13:00:00,219.0,0.85,146.0
2023-11-06 14:00:00,206.25,0.6,140.0
2023-11-06 15:00:00,206.0,0.3,134.0
2023-11-06 16:00:00,214.75,0.3,167.0
2023-11-06 17:00:00,235.25,0.3,147.75
2023-11-06 18:00:00,290.0,0.3,135.75
2023-11-06 19:00:00,385.5,0.3,230.5
2023-11-06 20:00:00,514.25,0.3,265.5
2023-11-06 21:00:00,489.5,0.3,267.75
2023-11-06 22:00:00,374.75,0.3,173.25
2023-11-06 23:00:00,352.75,0.3,237.0
2023-11-07 00:00:00,302.75,0.3,175.5
2023-11-07 01:00:00,290.75,0.3,133.0
2023-11-07 02:00:00,289.75,0.3,149.25
2023-11-07 03:00:00,273.5,0.3,119.75
2023-11-07 04:00:00,254.0,0.3,158.75
2023-11-07 05:00:00,253.5,0.3,172.25
2023-11-07 06:00:00,265.25,0.3,179.5
2023-11-07 07:00:00,310.25,0.3,126.0
2023-11-07 08:00:00,344.25,0.3,129.75
2023-11-07 09:00:00,394.75,0.35,166.0
2023-11-07 10:00:00,361.5,0.625,167.0
2023-11-07 11:00:00,292.25,0.675,165.0
2023-11-07 12:00:00,262.5,0.625,180.75
2023-11-07 13:00:00,241.75,0.35,199.25
2023-11-07 14:00:00,228.25,0.3,154.75
2023-11-07 15:00:00,202.0,0.325,137.5
2023-11-07 16:00:00,211.0,0.3,133.0
2023-11-07 17:00:00,221.75,0.3,144.5
2023-11-07 18:00:00,273.75,0.3,185.5
2023-11-07 19:00:00,354.75,0.3,196.5
2023-11-07 20:00:00,413.0,0.3,230.0
2023-11-07 21:00:00,394.25,0.3,217.0
2023-11-07 22:00:00,392.0,0.3,187.0
2023-11-07 23:00:00,354.75,0.3,217.0
2023-11-08 00:00:00,319.0,0.3,174.5
2023-11-08 01:00:00,300.5,0.3,174.0
2023-11-08 02:00:00,290.0,0.3,132.75
2023-11-08 03:00:00,290.25,0.3,44.25
2023-11-08 04:00:00,291.0,0.3,75.25
2023-11-08 05:00:00,294.75,0.3,293.25
2023-11-08 06:00:00,313.75,0.3,197.5
2023-11-08 07:00:00,337.25,0.3,187.25
2023-11-08 08:00:00,354.5,0.325,181.0
2023-11-08 09:00:00,394.5,0.325,145.5
2023-11-08 10:00:00,333.75,0.35,139.75
2023-11-08 11:00:00,253.25,0.45,193.75
2023-11-08 12:00:00,308.25,0.35,193.0
2023-11-08 13:00:00,328.25,0.325,200.25
2023-11-08 14:00:00,325.75,0.3,134.75
2023-11-08 15:00:00,314.75,0.3,160.75
2023-11-08 16:00:00,333.5,0.3,173.5
2023-11-08 17:00:00,323.5,0.3,161.5
2023-11-08 18:00:00,332.75,0.3,159.75
2023-11-08 19:00:00,348.0,0.3,130.0
2023-11-08 20:00:00,421.75,0.3,223.75
2023-11-08 21:00:00,458.5,0.3,194.25
2023-11-08 22:00:00,402.25,0.3,200.0
2023-11-08 23:00:00,350.5,0.3,164.5
2023-11-09 00:00:00,334.25,0.3,162.0
2023-11-09 01:00:00,322.0,0.3,124.25
2023-11-09 02:00:00,317.5,0.3,131.25
2023-11-09 03:00:00,330.25,0.3,264.25
2023-11-09 04:00:00,309.25,0.3,218.0
2023-11-09 05:00:00,340.5,0.3,219.5
2023-11-09 06:00:00,368.25,0.3,221.75
2023-11-09 07:00:00,394.5,0.3,269.5
2023-11-09 08:00:00,411.25,0.3,226.25
2023-11-09 09:00:00,453.25,0.325,180.0
2023-11-09 10:00:00,465.75,0.425,153.75
2023-11-09 11:00:00,448.25,0.4,196.25
2023-11-09 12:00:00,403.25,0.525,185.5
2023-11-09 13:00:00,329.5,0.375,188.5
2023-11-09 14:00:00,284.5,0.3,184.25
2023-11-09 15:00:00,218.25,0.3,178.0
2023-11-09 16:00:00,205.75,0.3,168.25
2023-11-09 17:00:00,248.25,0.3,174.5
2023-11-09 18:00:00,331.75,0.475,180.5
2023-11-09 19:00:00,494.0,0.3,199.25
2023-11-09 20:00:00,486.25,0.3,182.0
2023-11-09 21:00:00,425.75,0.3,252.25
2023-11-09 22:00:00,416.75,0.3,189.75
2023-11-09 23:00:00,384.5,0.3,193.75
2023-11-10 00:00:00,359.25,0.35,185.5
2023-11-10 01:00:00,428.0,0.425,187.75
2023-11-10 02:00:00,395.0,0.325,190.25
2023-11-10 03:00:00,292.75,0.5,171.5
2023-11-10 04:00:00,145.0,0.35,191.75
2023-11-10 05:00:00,50.75,0.325,192.25
2023-11-10 06:00:00,37.5,0.375,188.0
2023-11-10 07:00:00,30.0,0.425,207.75
2023-11-10 08:00:00,21.5,0.575,186.75
2023-11-10 09:00:00,51.25,0.4,174.5
2023-11-10 10:00:00,55.5,0.475,192.25
2023-11-10 11:00:00,60.75,0.45,184.25
2023-11-10 12:00:00,72.25,0.475,185.25
2023-11-10 13:00:00,71.5,0.3,177.5
2023-11-10 14:00:00,67.75,0.425,194.0
2023-11-10 15:00:00,65.75,0.475,173.0
2023-11-10 16:00:00,70.5,0.55,179.75
2023-11-10 17:00:00,118.5,0.6,173.75
2023-11-10 18:00:00,110.5,0.5,161.5
2023-11-10 19:00:00,136.75,0.8,141.0
2023-11-10 20:00:00,167.5,0.35,155.5
2023-11-10 21:00:00,171.25,0.3,128.0
2023-11-10 22:00:00,172.25,0.3,163.0
2023-11-10 23:00:00,174.0,0.3,162.0
2023-11-11 00:00:00,159.5,0.3,185.5
2023-11-11 01:00:00,181.75,0.3,171.25
2023-11-11 02:00:00,172.0,0.3,172.5
2023-11-11 03:00:00,194.0,0.3,171.0
2023-11-11 04:00:00,168.0,0.3,178.5
2023-11-11 05:00:00,133.5,0.3,193.5
2023-11-11 06:00:00,124.25,0.3,165.25
2023-11-11 07:00:00,110.25,0.35,179.0
2023-11-11 08:00:00,104.25,0.4,172.0
2023-11-11 09:00:00,91.25,0.8,182.5
2023-11-11 10:00:00,107.0,0.925,176.75
2023-11-11 11:00:00,86.5,0.9,189.75
2023-11-11 12:00:00,76.75,0.9,189.5
2023-11-11 13:00:00,64.5,0.8,197.5
2023-11-11 14:00:00,48.75,0.7,181.5
2023-11-11 15:00:00,44.0,0.575,195.0
2023-11-11 16:00:00,30.5,0.4,173.0
2023-11-11 17:00:00,55.75,0.3,168.25
2023-11-11 18:00:00,74.25,0.3,183.5
2023-11-11 19:00:00,112.25,0.3,184.75
2023-11-11 20:00:00,145.25,0.3,195.0
2023-11-11 21:00:00,176.25,0.3,227.0
2023-11-11 22:00:00,169.0,0.3,209.25
2023-11-11 23:00:00,170.75,0.3,192.75
2023-11-12 00:00:00,171.75,0.3,180.75
2023-11-12 01:00:00,177.25,0.3,265.0
2023-11-12 02:00:00,154.0,0.3,184.0
2023-11-12 03:00:00,162.5,0.3,169.25
2023-11-12 04:00:00,161.0,0.3,161.75
2023-11-12 05:00:00,161.25,0.3,197.5
2023-11-12 06:00:00,158.0,0.3,171.5
2023-11-12 07:00:00,142.5,0.3,172.5
2023-11-12 08:00:00,134.75,0.575,179.25
2023-11-12 09:00:00,135.75,0.725,183.75
2023-11-12 10:00:00,104.0,0.8,191.25
2023-11-12 11:00:00,76.25,1.025,184.25
2023-11-12 12:00:00,85.75,1.025,183.25
2023-11-12 13:00:00,87.25,0.775,198.25
2023-11-12 14:00:00,64.5,0.725,193.25
2023-11-12 15:00:00,48.5,0.6,179.75
2023-11-12 16:00:00,30.25,0.3,188.0
2023-11-12 17:00:00,63.0,0.3,175.5
2023-11-12 18:00:00,96.0,0.3,157.5
2023-11-12 19:00:00,249.0,0.3,158.0
2023-11-12 20:00:00,326.0,0.3,159.0
2023-11-12 21:00:00,593.0,0.3,213.25
2023-11-12 22:00:00,647.8333333333334,0.3,240.5
2023-11-12 23:00:00,702.6666666666666,0.3,182.25
2023-11-13 00:00:00,757.5,0.3,164.0
2023-11-13 01:00:00,,0.3,223.25
2023-11-13 02:00:00,,0.3,209.25
2023-11-13 03:00:00,922.0,0.3,193.75
2023-11-13 04:00:00,804.0,0.3,205.0
2023-11-13 05:00:00,533.0,0.3,234.75
2023-11-13 06:00:00,381.0,0.3,198.75
2023-11-13 07:00:00,343.0,0.3,188.75
2023-11-13 08:00:00,321.0,0.475,150.25
2023-11-13 09:00:00,355.0,0.35,200.75
2023-11-13 10:00:00,315.0,0.5,177.5
2023-11-13 11:00:00,283.0,0.65,172.75
2023-11-13 12:00:00,215.0,0.5,194.0
2023-11-13 13:00:00,200.0,0.525,208.25
2023-11-13 14:00:00,197.0,0.325,156.0
2023-11-13 15:00:00,174.0,0.3,162.5
2023-11-13 16:00:00,180.0,0.3,179.5
2023-11-13 17:00:00,196.0,0.3,162.25
2023-11-13 18:00:00,254.0,0.3,164.5
2023-11-13 19:00:00,313.0,0.3,185.5
2023-11-13 20:00:00,501.0,0.3,172.0
2023-11-13 21:00:00,611.0,0.3,180.25
2023-11-13 22:00:00,421.0,0.3,157.5
2023-11-13 23:00:00,403.0,0.3,201.0
2023-11-14 00:00:00,343.0,0.3,165.0
2023-11-14 01:00:00,329.0,0.3,175.75
2023-11-14 02:00:00,317.0,0.3,154.5
2023-11-14 03:00:00,313.0,0.3,174.5
2023-11-14 04:00:00,316.0,0.3,178.75
2023-11-14 05:00:00,287.0,0.3,166.5
2023-11-14 06:00:00,284.0,0.3,244.25
2023-11-14 07:00:00,302.0,0.3,240.75
2023-11-14 08:00:00,300.0,0.35,179.5
2023-11-14 09:00:00,337.0,0.45,181.5
2023-11-14 10:00:00,329.0,0.525,189.0
2023-11-14 11:00:00,302.0,0.475,192.25
2023-11-14 12:00:00,257.0,0.4,199.0
2023-11-14 13:00:00,160.0,0.4,175.5
2023-11-14 14:00:00,144.0,0.425,164.25
2023-11-14 15:00:00,132.0,0.325,163.25
2023-11-14 16:00:00,139.0,0.3,168.75
2023-11-14 17:00:00,143.0,0.3,179.0
2023-11-14 18:00:00,189.0,0.3,184.0
2023-11-14 19:00:00,302.0,0.3,225.25
2023-11-14 20:00:00,343.0,0.3,192.75
2023-11-14 21:00:00,342.0,0.3,178.75
2023-11-14 22:00:00,415.0,0.3,174.5
2023-11-14 23:00:00,296.0,0.3,229.25
2023-11-15 00:00:00,273.0,0.3,238.0
2023-11-15 01:00:00,327.0,0.3,226.75
2023-11-15 02:00:00,328.0,0.3,232.75
2023-11-15 03:00:00,354.0,0.3,212.25
2023-11-15 04:00:00,420.0,0.3,218.75
2023-11-15 05:00:00,421.0,0.3,213.5
2023-11-15 06:00:00,409.0,0.3,254.75
2023-11-15 07:00:00,379.0,0.3,229.5
2023-11-15 08:00:00,361.0,0.375,182.5
2023-11-15 09:00:00,368.0,0.5249999999999999,180.0
2023-11-15 10:00:00,368.0,0.6000000000000001,200.0
2023-11-15 11:00:00,312.0,0.675,190.75
2023-11-15 12:00:00,268.0,0.675,197.75
2023-11-15 13:00:00,166.0,0.5,190.75
2023-11-15 14:00:00,195.0,0.375,191.0
2023-11-15 15:00:00,161.0,0.325,190.0
2023-11-15 16:00:00,129.0,0.3,167.0
2023-11-15 17:00:00,117.0,0.3,158.0
2023-11-15 18:00:00,163.0,0.3,158.25
2023-11-15 19:00:00,200.0,0.3,165.75
2023-11-15 20:00:00,248.0,0.3,165.5
2023-11-15 21:00:00,262.0,0.3,179.5
2023-11-15 22:00:00,254.0,0.3,182.5
2023-11-15 23:00:00,311.0,0.3,226.0
2023-11-16 00:00:00,342.0,0.3,278.25
2023-11-16 01:00:00,372.0,0.3,252.75
2023-11-16 02:00:00,384.0,0.3,219.75
2023-11-16 03:00:00,377.0,0.3,241.25
2023-11-16 04:00:00,396.0,0.3,245.75
2023-11-16 05:00:00,370.0,0.3,247.0
2023-11-16 06:00:00,383.0,0.3,237.5
2023-11-16 07:00:00,395.0,0.3,195.5
2023-11-16 08:00:00,401.0,0.35,171.75
2023-11-16 09:00:00,432.0,0.55,171.25
2023-11-16 10:00:00,470.0,0.675,178.5
2023-11-16 11:00:00,506.0,0.4,209.75
2023-11-16 12:00:00,523.0,0.5,170.5
2023-11-16 13:00:00,444.0,0.375,205.0
2023-11-16 14:00:00,290.0,0.45,146.0
2023-11-16 15:00:00,237.0,0.3,198.25
2023-11-16 16:00:00,256.0,0.3,133.0
2023-11-16 17:00:00,269.0,0.3,132.0
2023-11-16 18:00:00,296.0,0.3,140.25
2023-11-16 19:00:00,321.0,0.3,151.5
2023-11-16 20:00:00,383.0,0.3,152.5
2023-11-16 21:00:00,398.0,0.3,162.0
2023-11-16 22:00:00,393.0,0.3,184.75
2023-11-16 23:00:00,394.0,0.3,179.75
2023-11-17 00:00:00,353.0,0.3,167.5
2023-11-17 01:00:00,384.0,0.3,156.0
2023-11-17 02:00:00,348.0,0.3,159.25
2023-11-17 03:00:00,321.0,0.3,192.5
2023-11-17 04:00:00,332.0,0.3,284.75
2023-11-17 05:00:00,307.0,0.3,288.5
2023-11-17 06:00:00,333.0,0.3,221.75
2023-11-17 07:00:00,345.0,0.3,231.5
2023-11-17 08:00:00,377.0,0.3,214.0
2023-11-17 09:00:00,400.0,0.3,190.25
2023-11-17 10:00:00,381.6666666666667,0.6,137.0
2023-11-17 11:00:00,344.5,0.44999999999999996,133.23333333333335
2023-11-17 12:00:00,229.0,0.3,129.46666666666667
2023-11-17 13:00:00,160.0,0.3,125.7
2023-11-17 14:00:00,142.0,0.35,182.0
2023-11-17 15:00:00,124.0,0.325,199.25
2023-11-17 16:00:00,125.5,0.3,181.0
2023-11-17 17:00:00,141.75,0.3,139.5
2023-11-17 18:00:00,197.5,0.3,135.75
2023-11-17 19:00:00,255.0,0.3,174.25
2023-11-17 20:00:00,245.0,0.3,217.5
2023-11-17 21:00:00,250.5,0.3,177.0
2023-11-17 22:00:00,244.75,0.3,202.75
2023-11-17 23:00:00,231.0,0.3,195.25
2023-11-18 00:00:00,226.5,0.3,203.75
2023-11-18 01:00:00,218.25,0.3,194.0
2023-11-18 02:00:00,214.75,0.3,230.0
2023-11-18 03:00:00,243.5,0.3,220.25
2023-11-18 04:00:00,252.25,0.3,242.0
2023-11-18 05:00:00,225.5,0.3,204.25
2023-11-18 06:00:00,214.25,0.3,171.5
2023-11-18 07:00:00,213.75,0.3,214.5
2023-11-18 08:00:00,216.75,0.35,189.0
2023-11-18 09:00:00,206.25,0.5,141.25
2023-11-18 10:00:00,186.25,0.5,183.75
2023-11-18 11:00:00,156.66666666666666,0.55,191.0
2023-11-18 12:00:00,138.25,0.775,163.0
2023-11-18 13:00:00,98.25,1.1,158.0
2023-11-18 14:00:00,84.25,1.175,150.25
2023-11-18 15:00:00,85.0,0.55,132.75
2023-11-18 16:00:00,94.0,0.3,165.25
2023-11-18 17:00:00,102.75,0.3,168.25
2023-11-18 18:00:00,142.75,0.3,127.75
2023-11-18 19:00:00,221.25,0.3,220.25
2023-11-18 20:00:00,301.25,0.3,182.75
2023-11-18 21:00:00,201.75,0.3,187.75
2023-11-18 22:00:00,189.0,0.3,237.75
2023-11-18 23:00:00,162.0,0.3,177.75
2023-11-19 00:00:00,150.0,0.3,178.75
2023-11-19 01:00:00,155.0,0.3,186.0
2023-11-19 02:00:00,177.0,0.3,171.0
2023-11-19 03:00:00,161.0,0.3,278.75
2023-11-19 04:00:00,186.0,0.3,324.0
2023-11-19 05:00:00,136.0,0.3,235.75
2023-11-19 06:00:00,124.0,0.3,207.25
2023-11-19 07:00:00,137.25,0.3,132.0
2023-11-19 08:00:00,143.75,0.3,153.0
2023-11-19 09:00:00,158.75,0.55,131.75
2023-11-19 10:00:00,185.5,0.775,147.5
2023-11-19 11:00:00,199.5,1.25,157.25
2023-11-19 12:00:00,167.0,1.325,149.5
2023-11-19 13:00:00,118.75,1.15,135.5
2023-11-19 14:00:00,116.5,0.8500000000000001,148.75
2023-11-19 15:00:00,112.0,0.75,145.5
2023-11-19 16:00:00,116.0,0.3,150.5
2023-11-19 17:00:00,134.0,0.3,154.5
2023-11-19 18:00:00,164.0,0.3,152.25
2023-11-19 19:00:00,239.75,0.3,236.5
2023-11-19 20:00:00,348.75,0.3,162.75
2023-11-19 21:00:00,309.0,0.3,189.75
2023-11-19 22:00:00,274.0,0.3,169.25
2023-11-19 23:00:00,240.0,0.3,194.75
2023-11-20 00:00:00,203.5,0.3,194.5
2023-11-20 01:00:00,181.0,0.3,212.5
2023-11-20 02:00:00,172.5,0.3,191.25
2023-11-20 03:00:00,176.0,0.3,175.25
2023-11-20 04:00:00,174.75,0.3,207.5
2023-11-20 05:00:00,154.0,0.3,230.5
2023-11-20 06:00:00,162.25,0.3,229.0
2023-11-20 07:00:00,187.5,0.3,201.5
2023-11-20 08:00:00,228.75,0.3,179.75
2023-11-20 09:00:00,263.0,0.3,140.25
2023-11-20 10:00:00,245.75,0.35,166.25
2023-11-20 11:00:00,224.0,0.575,150.25
2023-11-20 12:00:00,195.0,0.575,189.25
2023-11-20 13:00:00,154.5,0.575,197.75
2023-11-20 14:00:00,131.0,0.45,192.25
2023-11-20 15:00:00,128.5,0.425,178.5
2023-11-20 16:00:00,133.25,0.3,155.75
2023-11-20 17:00:00,148.0,0.3,159.75
2023-11-20 18:00:00,168.25,0.3,182.75
2023-11-20 19:00:00,199.16666666666666,0.3,196.0
2023-11-20 20:00:00,230.08333333333334,0.3,206.0
2023-11-20 21:00:00,261.0,0.3,209.0
2023-11-20 22:00:00,259.75,0.3,204.25
2023-11-20 23:00:00,247.25,0.3,162.75
2023-11-21 00:00:00,226.75,0.3,167.5
2023-11-21 01:00:00,246.0,0.3,221.75
2023-11-21 02:00:00,255.5,0.3,229.25
2023-11-21 03:00:00,269.0,0.3,199.75
2023-11-21 04:00:00,274.0,0.3,205.75
2023-11-21 05:00:00,260.75,0.3,243.5
2023-11-21 06:00:00,259.0,0.3,265.5
2023-11-21 07:00:00,264.0,0.3,203.25
2023-11-21 08:00:00,271.75,0.425,183.0
2023-11-21 09:00:00,306.25,0.7,189.0
2023-11-21 10:00:00,306.0,0.725,184.25
2023-11-21 11:00:00,272.25,0.8,189.25
2023-11-21 12:00:00,219.0,0.975,186.75
2023-11-21 13:00:00,170.5,0.825,182.25
2023-11-21 14:00:00,166.0,0.775,185.75
2023-11-21 15:00:00,181.5,0.375,180.0
2023-11-21 16:00:00,179.0,0.3,167.5
2023-11-21 17:00:00,205.25,0.3,186.5
2023-11-21 18:00:00,251.5,0.325,183.75
2023-11-21 19:00:00,295.5,0.3,179.0
2023-11-21 20:00:00,312.5,0.3,188.75
2023-11-21 21:00:00,305.25,0.3,185.25
2023-11-21 22:00:00,298.0,0.3,186.75
2023-11-21 23:00:00,263.0,0.3,185.75
2023-11-22 00:00:00,232.5,0.3,180.0
2023-11-22 01:00:00,247.25,0.3,203.75
2023-11-22 02:00:00,268.75,0.3,190.0
2023-11-22 03:00:00,270.25,0.3,188.75
2023-11-22 04:00:00,273.5,0.3,189.0
2023-11-22 05:00:00,266.5,0.3,177.75
2023-11-22 06:00:00,275.0,0.3,180.5
2023-11-22 07:00:00,268.75,0.3,204.5
2023-11-22 08:00:00,278.25,0.475,182.5
2023-11-22 09:00:00,317.5,0.65,177.25
2023-11-22 10:00:00,332.5,0.675,188.25
2023-11-22 11:00:00,291.5,0.875,185.0
2023-11-22 12:00:00,256.75,0.85,185.0
2023-11-22 13:00:00,237.25,0.725,189.25
2023-11-22 14:00:00,226.75,0.725,179.0
2023-11-22 15:00:00,199.0,0.475,170.75
2023-11-22 16:00:00,188.25,0.3,178.25
2023-11-22 17:00:00,184.75,0.3,138.5
2023-11-22 18:00:00,217.5,0.3,173.0
2023-11-22 19:00:00,333.25,0.3,178.25
2023-11-22 20:00:00,430.5,0.3,209.25
2023-11-22 21:00:00,420.25,0.3,145.0
2023-11-22 22:00:00,381.75,0.3,145.0
2023-11-22 23:00:00,286.0,0.3,173.25
2023-11-23 00:00:00,269.5,0.3,197.25
2023-11-23 01:00:00,266.0,0.3,162.75
2023-11-23 02:00:00,267.5,0.3,206.75
2023-11-23 03:00:00,263.75,0.3,199.5
2023-11-23 04:00:00,261.0,0.3,183.25
2023-11-23 05:00:00,242.0,0.3,187.5
2023-11-23 06:00:00,236.75,0.3,200.75
2023-11-23 07:00:00,261.75,0.3,170.0
2023-11-23 08:00:00,299.0,0.3,191.5
2023-11-23 09:00:00,354.25,0.4,136.0
2023-11-23 10:00:00,305.25,0.775,137.25
2023-11-23 11:00:00,271.0,0.9,152.0
2023-11-23 12:00:00,232.75,0.825,153.25
2023-11-23 13:00:00,222.0,0.75,154.0
2023-11-23 14:00:00,221.25,0.55,161.25
2023-11-23 15:00:00,173.75,0.75,142.0
2023-11-23 16:00:00,180.25,0.3,150.5
2023-11-23 17:00:00,206.75,0.3,184.5
2023-11-23 18:00:00,241.75,0.3,237.25
2023-11-23 19:00:00,349.0,0.3,192.0
2023-11-23 20:00:00,472.0,0.3,199.25
2023-11-23 21:00:00,418.25,0.3,239.5
2023-11-23 22:00:00,378.75,0.3,160.25
2023-11-23 23:00:00,405.5,0.3,128.0
2023-11-24 00:00:00,348.75,0.3,148.0
2023-11-24 01:00:00,307.75,0.3,110.0
2023-11-24 02:00:00,308.25,0.3,99.0
2023-11-24 03:00:00,316.25,0.3,110.5
2023-11-24 04:00:00,294.5,0.3,191.75
2023-11-24 05:00:00,269.5,0.3,179.75
2023-11-24 06:00:00,267.75,0.3,201.5
2023-11-24 07:00:00,292.5,0.3,203.75
2023-11-24 08:00:00,316.5,0.3,189.5
2023-11-24 09:00:00,330.0,0.475,169.25
2023-11-24 10:00:00,350.5,0.5,157.0
2023-11-24 11:00:00,324.25,0.575,164.5
2023-11-24 12:00:00,287.75,0.45,193.75
2023-11-24 13:00:00,235.25,0.525,173.25
2023-11-24 14:00:00,219.0,0.375,173.0
2023-11-24 15:00:00,210.5,0.3,203.25
2023-11-24 16:00:00,237.5,0.3,169.75
2023-11-24 17:00:00,267.25,0.3,154.5
2023-11-24 18:00:00,306.5,0.3,137.75
2023-11-24 19:00:00,372.0,0.3,148.5
2023-11-24 20:00:00,414.5,0.3,166.0
2023-11-24 21:00:00,407.5,0.3,172.0
2023-11-24 22:00:00,362.0,0.3,162.0
2023-11-24 23:00:00,358.5,0.3,154.0
2023-11-25 00:00:00,291.25,0.3,157.75
2023-11-25 01:00:00,317.25,0.3,190.75
2023-11-25 02:00:00,333.5,0.3,207.25
2023-11-25 03:00:00,318.5,0.3,253.75
2023-11-25 04:00:00,322.25,0.3,206.0
2023-11-25 05:00:00,317.75,0.3,227.5
2023-11-25 06:00:00,312.75,0.3,204.0
2023-11-25 07:00:00,314.0,0.3,255.75
2023-11-25 08:00:00,315.25,0.3999999999999999,196.75
2023-11-25 09:00:00,350.5,0.6,175.75
2023-11-25 10:00:00,319.75,0.55,206.25
2023-11-25 11:00:00,250.25,0.675,199.75
2023-11-25 12:00:00,188.75,0.55,180.5
2023-11-25 13:00:00,160.75,0.375,214.75
2023-11-25 14:00:00,147.25,0.3,225.5
2023-11-25 15:00:00,129.75,0.325,201.5
2023-11-25 16:00:00,115.5,0.3,177.5
2023-11-25 17:00:00,136.75,0.3,185.0
2023-11-25 18:00:00,198.25,0.3,139.5
2023-11-25 19:00:00,330.0,0.3,165.0
2023-11-25 20:00:00,376.0,0.3,219.0
2023-11-25 21:00:00,359.5,0.3,221.5
2023-11-25 22:00:00,349.75,0.3,163.75
2023-11-25 23:00:00,311.75,0.3,202.75
2023-11-26 00:00:00,251.0,0.3,306.0
2023-11-26 01:00:00,264.25,0.3,304.25
2023-11-26 02:00:00,240.75,0.3,255.25
2023-11-26 03:00:00,211.25,0.3,277.0
2023-11-26 04:00:00,199.25,0.3,256.25
2023-11-26 05:00:00,179.75,0.3,220.5
2023-11-26 06:00:00,188.25,0.3,218.25
2023-11-26 07:00:00,224.25,0.3,214.5
2023-11-26 08:00:00,285.75,0.3,165.25
2023-11-26 09:00:00,314.25,0.725,126.5
2023-11-26 10:00:00,319.5,0.55,162.0
2023-11-26 11:00:00,336.75,0.8,173.0
2023-11-26 12:00:00,308.75,1.025,149.5
2023-11-26 13:00:00,256.5,0.775,150.0
2023-11-26 14:00:00,203.75,0.675,140.75
2023-11-26 15:00:00,185.75,0.325,202.0
2023-11-26 16:00:00,195.75,0.3,185.5
2023-11-26 17:00:00,224.25,0.3,161.75
2023-11-26 18:00:00,257.75,0.3,172.25
2023-11-26 19:00:00,329.25,0.3,223.0
2023-11-26 20:00:00,403.5,0.3,252.25
2023-11-26 21:00:00,435.0,0.3,184.25
2023-11-26 22:00:00,362.75,0.3,230.5
2023-11-26 23:00:00,382.0,0.3,190.75
2023-11-27 00:00:00,346.25,0.3,211.25
2023-11-27 01:00:00,291.25,0.3,219.25
2023-11-27 02:00:00,261.25,0.3,234.75
2023-11-27 03:00:00,262.0,0.3,199.5
2023-11-27 04:00:00,241.5,0.3,225.25
2023-11-27 05:00:00,235.25,0.3,222.25
2023-11-27 06:00:00,242.75,0.3,261.0
2023-11-27 07:00:00,258.75,0.325,243.75
2023-11-27 08:00:00,268.75,0.525,173.25
2023-11-27 09:00:00,259.25,0.55,200.25
2023-11-27 10:00:00,271.0,0.3,201.75
2023-11-27 11:00:00,283.25,0.325,215.25
2023-11-27 12:00:00,287.25,1.275,121.0
2023-11-27 13:00:00,234.75,1.6749999999999998,140.25
2023-11-27 14:00:00,203.5,1.775,162.0
2023-11-27 15:00:00,188.0,1.575,151.5
2023-11-27 16:00:00,193.75,1.125,140.5
2023-11-27 17:00:00,178.5,0.425,172.75
2023-11-27 18:00:00,189.0,0.55,185.0
2023-11-27 19:00:00,189.0,0.5359375000000001,187.359375
2023-11-27 20:00:00,189.0,0.5218750000000001,189.71875
2023-11-27 21:00:00,189.0,0.5078125,192.078125
2023-11-27 22:00:00,,,
2023-11-27 23:00:00,,,
2023-11-28 00:00:00,,,
2023-11-28 01:00:00,,,
2023-11-28 02:00:00,,,
2023-11-28 03:00:00,,,
2023-11-28 04:00:00,,,
2023-11-28 05:00:00,,,
2023-11-28 06:00:00,,,
2023-11-28 07:00:00,,,
2023-11-28 08:00:00,,,
2023-11-28 09:00:00,,,
2023-11-28 10:00:00,189.0,0.325,222.75
2023-11-28 11:00:00,83.0,0.3,276.0
2023-11-28 12:00:00,82.25,0.3,167.75
2023-11-28 13:00:00,66.75,0.3,186.0
2023-11-28 14:00:00,30.75,0.4,185.25
2023-11-28 15:00:00,53.5,0.375,182.75
2023-11-28 16:00:00,79.75,0.325,168.0
2023-11-28 17:00:00,57.25,0.3,167.0
2023-11-28 18:00:00,75.0,0.3,168.75
2023-11-28 19:00:00,117.0,0.3,178.25
2023-11-28 20:00:00,147.0,0.3,169.25
2023-11-28 21:00:00,154.5,0.3,158.75
2023-11-28 22:00:00,151.5,0.3,154.25
2023-11-28 23:00:00,158.5,0.3,160.75
2023-11-29 00:00:00,168.75,0.3,103.0
2023-11-29 01:00:00,177.25,0.3,208.5
2023-11-29 02:00:00,176.75,0.3,193.75
2023-11-29 03:00:00,171.75,0.3,197.75
2023-11-29 04:00:00,166.75,0.3,160.75
2023-11-29 05:00:00,165.0,0.3,184.0
2023-11-29 06:00:00,176.0,0.3,184.75
2023-11-29 07:00:00,195.25,0.3,174.25
2023-11-29 08:00:00,214.5,0.3,160.0
2023-11-29 09:00:00,232.25,0.325,180.5
2023-11-29 10:00:00,216.75,0.65,136.25
2023-11-29 11:00:00,174.75,0.7749999999999999,169.25
2023-11-29 12:00:00,141.5,1.175,151.0
2023-11-29 13:00:00,151.5,0.775,170.5
2023-11-29 14:00:00,180.25,0.675,159.25
2023-11-29 15:00:00,191.75,0.4,147.25
2023-11-29 16:00:00,201.75,0.3,82.5
2023-11-29 17:00:00,221.75,0.3,79.0
2023-11-29 18:00:00,278.25,0.3,103.0
2023-11-29 19:00:00,408.0,0.3,153.0
2023-11-29 20:00:00,442.0,0.3,220.75
2023-11-29 21:00:00,421.75,0.3,244.0
2023-11-29 22:00:00,361.75,0.3,221.0
2023-11-29 23:00:00,308.75,0.3,185.5
2023-11-30 00:00:00,305.0,0.3,207.5
2023-11-30 01:00:00,292.75,0.3,152.5
2023-11-30 02:00:00,249.25,0.3,100.0
2023-11-30 03:00:00,223.5,0.3,258.25
2023-11-30 04:00:00,202.5,0.3,282.75
2023-11-30 05:00:00,190.75,0.3,178.75
2023-11-30 06:00:00,198.5,0.3,107.75
2023-11-30 07:00:00,212.0,0.3,161.75
2023-11-30 08:00:00,236.0,0.3,167.5
2023-11-30 09:00:00,270.75,0.35,185.25
2023-11-30 10:00:00,326.5,0.975,152.5
2023-11-30 11:00:00,337.75,1.475,148.5
2023-11-30 12:00:00,314.25,1.075,185.5
2023-11-30 13:00:00,279.0,1.25,148.75
2023-11-30 14:00:00,236.75,1.025,150.0
2023-11-30 15:00:00,205.5,0.625,151.25
2023-11-30 16:00:00,176.5,0.35,149.75
2023-11-30 17:00:00,207.25,0.3,149.5
2023-11-30 18:00:00,236.75,0.3,150.75
2023-11-30 19:00:00,287.5,0.3,140.5
2023-11-30 20:00:00,330.0,0.325,183.25
2023-11-30 21:00:00,353.0,0.3,159.0
2023-11-30 22:00:00,290.0,0.3,111.75
2023-11-30 23:00:00,269.5,0.3,111.5
2023-12-01 00:00:00,258.0,0.3,175.0
2023-12-01 01:00:00,240.0,0.3,165.75
2023-12-01 02:00:00,223.5,0.3,180.5
2023-12-01 03:00:00,223.5,0.3,171.0
2023-12-01 04:00:00,205.75,0.3,173.0
2023-12-01 05:00:00,195.25,0.3,157.25
2023-12-01 06:00:00,209.75,0.3,149.25
2023-12-01 07:00:00,239.5,0.3,338.5
2023-12-01 08:00:00,278.5,0.3,195.0
2023-12-01 09:00:00,351.75,0.3,166.25
2023-12-01 10:00:00,380.5,0.35,172.0
2023-12-01 11:00:00,299.25,0.75,166.0
2023-12-01 12:00:00,217.25,0.425,162.25
2023-12-01 13:00:00,269.5,0.45,163.75
2023-12-01 14:00:00,202.0,0.425,176.0
2023-12-01 15:00:00,139.75,0.3,153.5
2023-12-01 16:00:00,196.75,0.3,164.5
2023-12-01 17:00:00,274.25,0.3,169.25
2023-12-01 18:00:00,259.75,0.3,178.0
2023-12-01 19:00:00,278.5,0.3,168.5
2023-12-01 20:00:00,309.75,0.3,166.25
2023-12-01 21:00:00,307.25,0.3,159.0
2023-12-01 22:00:00,300.0,0.3,158.5
2023-12-01 23:00:00,295.0,0.3,181.75
2023-12-02 00:00:00,293.0,0.3,195.75
2023-12-02 01:00:00,268.5,0.3,183.0
2023-12-02 02:00:00,230.0,0.3,193.0
2023-12-02 03:00:00,200.0,0.3,174.25
2023-12-02 04:00:00,199.0,0.3,161.25
2023-12-02 05:00:00,197.25,0.3,158.25
2023-12-02 06:00:00,205.5,0.3,182.0
2023-12-02 07:00:00,222.5,0.3,177.5
2023-12-02 08:00:00,237.5,0.325,170.75
2023-12-02 09:00:00,251.25,0.3,178.25
2023-12-02 10:00:00,240.0,0.3,173.0
2023-12-02 11:00:00,197.75,0.325,205.0
2023-12-02 12:00:00,174.25,0.35,211.0
2023-12-02 13:00:00,161.0,0.375,183.75
2023-12-02 14:00:00,161.25,0.475,199.75
2023-12-02 15:00:00,140.25,0.325,176.5
2023-12-02 16:00:00,102.75,0.3,170.0
2023-12-02 17:00:00,113.5,0.3,145.75
2023-12-02 18:00:00,154.25,0.3,172.25
2023-12-02 19:00:00,216.25,0.3,188.0
2023-12-02 20:00:00,250.5,0.3,194.25
2023-12-02 21:00:00,218.0,0.3,173.5
2023-12-02 22:00:00,248.0,0.3,184.0
2023-12-02 23:00:00,250.0,0.3,177.0
2023-12-03 00:00:00,277.0,0.3,203.5
2023-12-03 01:00:00,242.5,0.3,197.75
2023-12-03 02:00:00,188.5,0.3,175.75
2023-12-03 03:00:00,174.5,0.3,179.75
2023-12-03 04:00:00,166.0,0.3,194.0
2023-12-03 05:00:00,148.0,0.3,166.75
2023-12-03 06:00:00,161.5,0.3,165.75
2023-12-03 07:00:00,181.0,0.3,172.0
2023-12-03 08:00:00,201.0,0.3,174.5
2023-12-03 09:00:00,216.5,0.4,132.5
2023-12-03 10:00:00,236.5,0.425,175.0
2023-12-03 11:00:00,207.25,0.65,180.5
2023-12-03 12:00:00,180.5,0.575,167.0
2023-12-03 13:00:00,124.0,0.5,187.75
2023-12-03 14:00:00,96.75,0.375,182.0
2023-12-03 15:00:00,110.75,0.3,194.5
2023-12-03 16:00:00,129.5,0.3,189.0
2023-12-03 17:00:00,139.25,0.3,183.5
2023-12-03 18:00:00,161.0,0.425,164.5
2023-12-03 19:00:00,174.25,0.4,109.5
2023-12-03 20:00:00,164.75,0.45,98.0
2023-12-03 21:00:00,180.0,0.3,132.75
2023-12-03 22:00:00,184.25,0.3,154.25
2023-12-03 23:00:00,191.0,0.5,177.75
2023-12-04 00:00:00,195.75,0.3,267.75
2023-12-04 01:00:00,182.75,0.3,218.5
2023-12-04 02:00:00,189.0,0.3,204.75
2023-12-04 03:00:00,202.5,0.3,151.0
2023-12-04 04:00:00,183.75,0.3,163.0
2023-12-04 05:00:00,192.25,0.3,235.5
2023-12-04 06:00:00,189.0,0.3,210.5
2023-12-04 07:00:00,206.25,0.3,225.0
2023-12-04 08:00:00,212.25,0.3,169.75
2023-12-04 09:00:00,203.5,0.3,156.25
2023-12-04 10:00:00,177.25,0.425,151.25
2023-12-04 11:00:00,155.0,0.425,203.0
2023-12-04 12:00:00,147.0,0.625,157.75
2023-12-04 13:00:00,148.5,0.65,180.5
2023-12-04 14:00:00,171.0,0.525,171.25
2023-12-04 15:00:00,135.5,0.5,175.75
2023-12-04 16:00:00,100.0,0.3,161.25
2023-12-04 17:00:00,102.5,0.3,140.5
2023-12-04 18:00:00,119.0,0.3,172.5
2023-12-04 19:00:00,150.25,0.3,184.75
2023-12-04 20:00:00,173.25,0.3,177.5
2023-12-04 21:00:00,199.0,0.3,183.75
2023-12-04 22:00:00,196.75,0.3,163.5
2023-12-04 23:00:00,226.75,0.3,222.75
2023-12-05 00:00:00,205.5,0.3,217.75
2023-12-05 01:00:00,213.5,0.3,182.0
2023-12-05 02:00:00,203.75,0.3,169.0
2023-12-05 03:00:00,196.25,0.3,177.25
2023-12-05 04:00:00,192.0,0.3,178.0
2023-12-05 05:00:00,183.25,0.3,169.5
2023-12-05 06:00:00,170.25,0.3,173.5
2023-12-05 07:00:00,161.5,0.3,131.5
2023-12-05 08:00:00,179.25,0.3,170.0
2023-12-05 09:00:00,179.25,0.4,178.25
2023-12-05 10:00:00,168.0,0.6,180.0
2023-12-05 11:00:00,190.0,0.7,193.75
2023-12-05 12:00:00,175.75,0.65,203.0
2023-12-05 13:00:00,119.0,0.775,180.0
2023-12-05 14:00:00,79.75,0.7,190.25
2023-12-05 15:00:00,88.0,0.675,176.5
2023-12-05 16:00:00,79.0,0.4,182.25
2023-12-05 17:00:00,84.5,0.3,195.5
2023-12-05 18:00:00,90.0,0.3,185.0
2023-12-05 19:00:00,147.0,0.3,186.75
2023-12-05 20:00:00,179.0,0.3,182.25
2023-12-05 21:00:00,289.0,0.3,189.0
2023-12-05 22:00:00,239.0,0.3,160.0
2023-12-05 23:00:00,213.0,0.3,180.75
2023-12-06 00:00:00,212.0,0.3,216.75
2023-12-06 01:00:00,163.0,0.3,279.0
2023-12-06 02:00:00,180.0,0.3,222.0
2023-12-06 03:00:00,168.0,0.3,206.25
2023-12-06 04:00:00,171.0,0.3,201.0
2023-12-06 05:00:00,168.0,0.3,205.75
2023-12-06 06:00:00,168.0,0.3,219.75
2023-12-06 07:00:00,180.0,0.3,237.5
2023-12-06 08:00:00,197.0,0.35,202.25
2023-12-06 09:00:00,227.0,0.35,173.25
2023-12-06 10:00:00,188.0,0.425,199.75
2023-12-06 11:00:00,164.0,0.6499999999999999,187.25
2023-12-06 12:00:00,134.0,0.675,196.0
2023-12-06 13:00:00,107.0,0.7,176.5
2023-12-06 14:00:00,79.0,0.475,187.5
2023-12-06 15:00:00,70.0,0.35,205.5
2023-12-06 16:00:00,72.0,0.3,174.0
2023-12-06 17:00:00,73.0,0.3,147.0
2023-12-06 18:00:00,88.0,0.3,154.0
2023-12-06 19:00:00,140.0,0.3,154.0
2023-12-06 20:00:00,183.0,0.3,154.0
2023-12-06 21:00:00,280.0,0.3,154.0
2023-12-06 22:00:00,221.0,0.3,158.0
2023-12-06 23:00:00,204.0,0.3,193.75
2023-12-07 00:00:00,210.0,0.3,203.25
2023-12-07 01:00:00,191.0,0.3,192.5
2023-12-07 02:00:00,163.0,0.3,175.5
2023-12-07 03:00:00,156.0,0.3,233.5
2023-12-07 04:00:00,152.0,0.3,201.25
2023-12-07 05:00:00,145.0,0.3,166.75
2023-12-07 06:00:00,155.0,0.3,192.5
2023-12-07 07:00:00,155.0,0.3,201.75
2023-12-07 08:00:00,184.0,0.325,177.75
2023-12-07 09:00:00,190.0,0.6,182.5
2023-12-07 10:00:00,222.0,0.65,198.75
2023-12-07 11:00:00,202.0,0.625,205.25
2023-12-07 12:00:00,184.0,0.65,193.5
2023-12-07 13:00:00,134.0,0.6,208.75
2023-12-07 14:00:00,129.0,0.65,198.5
2023-12-07 15:00:00,110.0,0.425,179.0
2023-12-07 16:00:00,116.0,0.325,173.0
2023-12-07 17:00:00,106.0,0.3,190.0
2023-12-07 18:00:00,116.0,0.3,212.25
2023-12-07 19:00:00,151.0,0.3,196.25
2023-12-07 20:00:00,206.0,0.3,198.0
2023-12-07 21:00:00,210.0,0.3,170.75
2023-12-07 22:00:00,223.0,0.3,176.0
2023-12-07 23:00:00,196.0,0.3,199.0
2023-12-08 00:00:00,177.0,0.3,194.0
2023-12-08 01:00:00,184.0,0.3,212.75
2023-12-08 02:00:00,167.0,0.3,178.0
2023-12-08 03:00:00,163.0,0.3,198.25
2023-12-08 04:00:00,168.0,0.3,210.5
2023-12-08 05:00:00,178.0,0.3,219.25
2023-12-08 06:00:00,155.0,0.3,220.0
2023-12-08 07:00:00,136.0,0.3,196.25
2023-12-08 08:00:00,145.0,0.475,179.75
2023-12-08 09:00:00,146.0,0.9,175.0
2023-12-08 10:00:00,144.0,0.875,195.75
2023-12-08 11:00:00,153.0,1.0,181.25
2023-12-08 12:00:00,130.0,0.975,189.5
2023-12-08 13:00:00,121.0,0.8500000000000001,180.25
2023-12-08 14:00:00,112.0,0.75,187.75
2023-12-08 15:00:00,88.0,0.725,181.0
2023-12-08 16:00:00,91.0,0.375,180.75
2023-12-08 17:00:00,88.0,0.3,170.25
2023-12-08 18:00:00,123.0,0.3,197.5
2023-12-08 19:00:00,153.0,0.3,159.0
2023-12-08 20:00:00,305.0,0.3,162.0
2023-12-08 21:00:00,226.0,0.3,149.0
2023-12-08 22:00:00,304.0,0.3,156.5
2023-12-08 23:00:00,285.0,0.3,173.5
2023-12-09 00:00:00,269.0,0.3,158.25
2023-12-09 01:00:00,235.0,0.3,200.0
2023-12-09 02:00:00,215.0,0.3,247.75
2023-12-09 03:00:00,210.0,0.3,241.25
2023-12-09 04:00:00,194.0,0.3,197.75
2023-12-09 05:00:00,162.0,0.3,201.0
2023-12-09 06:00:00,164.0,0.3,214.75
2023-12-09 07:00:00,146.0,0.3,200.5
2023-12-09 08:00:00,161.0,0.375,180.75
2023-12-09 09:00:00,168.0,0.925,172.25
2023-12-09 10:00:00,158.0,0.875,190.5
2023-12-09 11:00:00,127.0,1.0,192.25
2023-12-09 12:00:00,121.0,1.325,179.75
2023-12-09 13:00:00,105.0,1.0,183.5
2023-12-09 14:00:00,106.0,0.85,183.0
2023-12-09 15:00:00,92.0,0.45,181.5
2023-12-09 16:00:00,110.0,0.325,183.75
2023-12-09 17:00:00,103.0,0.3,157.75
2023-12-09 18:00:00,110.0,0.3,159.0
2023-12-09 19:00:00,223.0,0.3,172.75
2023-12-09 20:00:00,285.0,0.3,191.25
2023-12-09 21:00:00,334.0,0.3,167.0
2023-12-09 22:00:00,365.0,0.3,173.5
2023-12-09 23:00:00,338.0,0.3,182.25
2023-12-10 00:00:00,259.0,0.3,194.75
2023-12-10 01:00:00,226.0,0.3,199.25
2023-12-10 02:00:00,191.0,0.3,227.0
2023-12-10 03:00:00,182.0,0.3,201.25
2023-12-10 04:00:00,185.0,0.3,209.5
2023-12-10 05:00:00,182.0,0.3,213.0
2023-12-10 06:00:00,149.0,0.3,236.0
2023-12-10 07:00:00,146.0,0.3,228.5
2023-12-10 08:00:00,144.0,0.5,183.5
2023-12-10 09:00:00,144.0,0.875,178.25
2023-12-10 10:00:00,128.0,1.075,176.75
2023-12-10 11:00:00,146.0,1.2,179.0
2023-12-10 12:00:00,150.0,1.25,175.25
2023-12-10 13:00:00,146.0,1.075,186.5
2023-12-10 14:00:00,130.0,1.075,181.75
2023-12-10 15:00:00,136.0,0.85,183.25
2023-12-10 16:00:00,135.0,0.425,173.0
2023-12-10 17:00:00,146.0,0.3,193.5
2023-12-10 18:00:00,141.0,0.3,189.0
2023-12-10 19:00:00,138.0,0.3,184.0
2023-12-10 20:00:00,152.0,0.3,179.0
2023-12-10 21:00:00,171.0,0.3,173.0
2023-12-10 22:00:00,301.0,0.3,164.0
2023-12-10 23:00:00,313.0,0.3,162.5
2023-12-11 00:00:00,284.0,0.3,178.5
2023-12-11 01:00:00,251.0,0.3,178.0
2023-12-11 02:00:00,212.0,0.3,188.0
2023-12-11 03:00:00,199.0,0.3,160.0
2023-12-11 04:00:00,188.0,0.3,183.0
2023-12-11 05:00:00,184.0,0.3,201.5
2023-12-11 06:00:00,206.0,0.3,204.75
2023-12-11 07:00:00,218.0,0.3,194.75
2023-12-11 08:00:00,222.0,0.3,173.25
2023-12-11 09:00:00,255.0,0.7250000000000001,171.5
2023-12-11 10:00:00,221.0,0.725,187.25
2023-12-11 11:00:00,189.0,0.65,173.25
2023-12-11 12:00:00,180.0,0.65,209.0
2023-12-11 13:00:00,124.0,0.775,186.75
2023-12-11 14:00:00,127.0,0.625,195.75
2023-12-11 15:00:00,84.0,0.4,203.5
2023-12-11 16:00:00,72.0,0.3,167.25
2023-12-11 17:00:00,77.0,0.3,176.75
2023-12-11 18:00:00,105.0,0.3,153.25
2023-12-11 19:00:00,219.0,0.3,186.5
2023-12-11 20:00:00,333.0,0.3,173.0
2023-12-11 21:00:00,421.0,0.3,131.25
2023-12-11 22:00:00,396.0,0.3,111.0
2023-12-11 23:00:00,343.0,0.3,163.75
2023-12-12 00:00:00,289.0,0.3,193.75
2023-12-12 01:00:00,255.0,0.3,175.5
2023-12-12 02:00:00,238.0,0.3,167.5
2023-12-12 03:00:00,223.0,0.3,196.5
2023-12-12 04:00:00,208.0,0.3,192.0
2023-12-12 05:00:00,204.0,0.3,175.25
2023-12-12 06:00:00,189.0,0.3,180.75
2023-12-12 07:00:00,241.0,0.3,205.5
2023-12-12 08:00:00,301.0,0.325,184.0
2023-12-12 09:00:00,450.0,0.475,148.5
2023-12-12 10:00:00,309.0,1.0333333333333334,157.33333333333334
2023-12-12 11:00:00,309.0,0.9687500000000001,155.25
2023-12-12 12:00:00,309.0,0.9041666666666668,153.16666666666669
2023-12-12 13:00:00,309.0,0.8395833333333333,151.08333333333334
2023-12-12 14:00:00,309.0,0.775,149.0
2023-12-12 15:00:00,252.5,0.425,170.25
2023-12-12 16:00:00,196.0,0.3,99.25
2023-12-12 17:00:00,183.5,0.3,200.25
2023-12-12 18:00:00,181.5,0.3,262.75
2023-12-12 19:00:00,327.75,0.3,178.0
2023-12-12 20:00:00,486.75,0.3,178.0
2023-12-12 21:00:00,547.75,0.3,111.5
2023-12-12 22:00:00,372.75,0.3,144.0
2023-12-12 23:00:00,373.75,0.3,169.75
2023-12-13 00:00:00,367.0,0.3,186.0
2023-12-13 01:00:00,313.75,0.3,126.25
2023-12-13 02:00:00,260.75,0.3,125.25
2023-12-13 03:00:00,254.25,0.3,53.5
2023-12-13 04:00:00,246.5,0.3,160.0
2023-12-13 05:00:00,248.25,0.3,159.25
2023-12-13 06:00:00,248.0,0.3,174.0
2023-12-13 07:00:00,254.75,0.3,178.0
2023-12-13 08:00:00,297.75,0.3,167.25
2023-12-13 09:00:00,326.75,0.325,128.75
2023-12-13 10:00:00,279.5,0.575,157.0
2023-12-13 11:00:00,233.25,0.55,184.25
2023-12-13 12:00:00,185.0,0.65,205.25
2023-12-13 13:00:00,170.75,0.575,195.5
2023-12-13 14:00:00,164.0,0.625,183.75
2023-12-13 15:00:00,90.0,0.5,192.5
2023-12-13 16:00:00,75.0,0.3,181.5
2023-12-13 17:00:00,77.0,0.3,133.75
2023-12-13 18:00:00,113.0,0.3,164.75
2023-12-13 19:00:00,173.0,0.3,170.75
2023-12-13 20:00:00,406.0,0.3,140.25
2023-12-13 21:00:00,719.0,0.3,160.25
2023-12-13 22:00:00,434.0,0.3,163.5
2023-12-13 23:00:00,333.0,0.3,162.0
2023-12-14 00:00:00,293.0,0.3,158.0
2023-12-14 01:00:00,259.0,0.3,187.25
2023-12-14 02:00:00,216.0,0.3,241.75
2023-12-14 03:00:00,210.0,0.3,198.0
2023-12-14 04:00:00,228.0,0.3,192.5
2023-12-14 05:00:00,230.0,0.3,231.0
2023-12-14 06:00:00,215.0,0.3,265.75
2023-12-14 07:00:00,207.0,0.3,224.25
2023-12-14 08:00:00,191.0,0.35,178.25
2023-12-14 09:00:00,200.0,0.85,189.75
2023-12-14 10:00:00,172.0,1.05,183.5
2023-12-14 11:00:00,146.0,1.0,187.5
2023-12-14 12:00:00,79.0,1.4,183.5
2023-12-14 13:00:00,79.0,1.4,185.25
2023-12-14 14:00:00,76.0,1.125,180.75
2023-12-14 15:00:00,65.0,0.825,181.5
2023-12-14 16:00:00,61.0,0.375,176.75
2023-12-14 17:00:00,72.5,0.3,191.0
2023-12-14 18:00:00,99.75,0.3,144.0
2023-12-14 19:00:00,149.25,0.3,168.0
2023-12-14 20:00:00,242.25,0.3,153.5
2023-12-14 21:00:00,366.0,0.3,147.5
2023-12-14 22:00:00,366.0,0.325,145.25
2023-12-14 23:00:00,366.0,0.35,143.0
2023-12-15 00:00:00,366.0,0.375,140.75
2023-12-15 01:00:00,,,
2023-12-15 02:00:00,,,
2023-12-15 03:00:00,,,
2023-12-15 04:00:00,,,
2023-12-15 05:00:00,,,
2023-12-15 06:00:00,,,
2023-12-15 07:00:00,,,
2023-12-15 08:00:00,,,
2023-12-15 09:00:00,366.0,0.6,120.5
2023-12-15 10:00:00,277.5,0.775,147.5
2023-12-15 11:00:00,189.0,0.7,195.0
2023-12-15 12:00:00,171.25,0.8500000000000001,193.5
2023-12-15 13:00:00,112.25,0.7,208.75
2023-12-15 14:00:00,89.75,0.625,190.25
2023-12-15 15:00:00,72.0,0.6,184.0
2023-12-15 16:00:00,66.5,0.325,178.5
2023-12-15 17:00:00,71.0,0.3,149.0
2023-12-15 18:00:00,121.0,0.3,149.0
2023-12-15 19:00:00,295.75,0.3,157.25
2023-12-15 20:00:00,424.5,0.3,166.25
2023-12-15 21:00:00,331.0,0.3,156.5
2023-12-15 22:00:00,304.0,0.3,154.0
2023-12-15 23:00:00,346.75,0.3,138.75
2023-12-16 00:00:00,338.0,0.3,182.75
2023-12-16 01:00:00,318.5,0.3,151.0
2023-12-16 02:00:00,270.75,0.3,150.0
2023-12-16 03:00:00,246.5,0.3,161.25
2023-12-16 04:00:00,244.25,0.3,192.0
2023-12-16 05:00:00,262.0,0.3,185.25
2023-12-16 06:00:00,267.5,0.3,158.75
2023-12-16 07:00:00,307.75,0.3,202.25
2023-12-16 08:00:00,407.5,0.3,148.25
2023-12-16 09:00:00,328.25,0.55,144.0
2023-12-16 10:00:00,320.0,0.7,160.0
2023-12-16 11:00:00,265.5,0.625,214.25
2023-12-16 12:00:00,211.0,0.775,200.25
2023-12-16 13:00:00,107.0,0.725,196.5
2023-12-16 14:00:00,66.0,0.675,191.25
2023-12-16 15:00:00,72.0,0.575,180.5
2023-12-16 16:00:00,74.0,0.325,176.5
2023-12-16 17:00:00,94.0,0.3,163.0
2023-12-16 18:00:00,111.0,0.3,168.5
2023-12-16 19:00:00,373.0,0.3,157.0
2023-12-16 20:00:00,410.0,0.3,157.0
2023-12-16 21:00:00,321.0,0.3,176.5
2023-12-16 22:00:00,394.0,0.3,186.0
2023-12-16 23:00:00,372.0,0.3,166.75
2023-12-17 00:00:00,418.0,0.3,198.75
2023-12-17 01:00:00,346.0,0.3,135.5
2023-12-17 02:00:00,277.0,0.3,192.25
2023-12-17 03:00:00,262.0,0.3,172.25
2023-12-17 04:00:00,248.0,0.3,166.0
2023-12-17 05:00:00,239.0,0.3,166.0
2023-12-17 06:00:00,223.0,0.3,153.75
2023-12-17 07:00:00,244.0,0.3,163.0
2023-12-17 08:00:00,320.0,0.3,150.5
2023-12-17 09:00:00,284.0,0.3,99.5
2023-12-17 10:00:00,298.0,0.65,150.75
2023-12-17 11:00:00,216.0,0.8,210.25
2023-12-17 12:00:00,100.0,0.75,199.25
2023-12-17 13:00:00,78.0,0.8500000000000001,192.0
2023-12-17 14:00:00,91.0,0.675,188.0
2023-12-17 15:00:00,94.0,0.625,174.25
2023-12-17 16:00:00,107.0,0.425,163.0
2023-12-17 17:00:00,113.0,0.4,144.75
2023-12-17 18:00:00,193.0,0.325,159.0
2023-12-17 19:00:00,233.0,0.3,163.75
2023-12-17 20:00:00,245.0,0.3,166.0
2023-12-17 21:00:00,290.0,0.3,159.0
2023-12-17 22:00:00,355.0,0.3,160.0
2023-12-17 23:00:00,355.0,0.3416666666666667,165.08333333333334
2023-12-18 00:00:00,355.0,0.3833333333333333,170.16666666666666
2023-12-18 01:00:00,355.0,0.425,175.25
2023-12-18 02:00:00,,,
2023-12-18 03:00:00,,,
2023-12-18 04:00:00,,,
2023-12-18 05:00:00,,,
2023-12-18 06:00:00,,,
2023-12-18 07:00:00,,,
2023-12-18 08:00:00,,,
2023-12-18 09:00:00,,,
2023-12-18 10:00:00,355.0,0.8,221.0
2023-12-18 11:00:00,156.0,1.175,189.25
2023-12-18 12:00:00,157.0,1.25,189.75
2023-12-18 13:00:00,154.75,1.35,176.25
2023-12-18 14:00:00,134.75,1.0,183.5
2023-12-18 15:00:00,122.0,0.8500000000000001,173.5
2023-12-18 16:00:00,122.0,0.4,186.75
2023-12-18 17:00:00,149.0,0.3,176.5
2023-12-18 18:00:00,152.5,0.3,179.25
2023-12-18 19:00:00,167.75,0.3,185.0
2023-12-18 20:00:00,180.75,0.3,180.25
2023-12-18 21:00:00,175.75,0.3,179.0
2023-12-18 22:00:00,172.5,0.3,179.25
2023-12-18 23:00:00,168.5,0.3,178.0
2023-12-19 00:00:00,154.75,0.3,181.75
2023-12-19 01:00:00,156.0,0.3,182.0
2023-12-19 02:00:00,135.25,0.3,181.25
2023-12-19 03:00:00,134.0,0.3,190.0
2023-12-19 04:00:00,131.75,0.3,192.5
2023-12-19 05:00:00,145.0,0.3,185.0
2023-12-19 06:00:00,146.75,0.3,188.5
2023-12-19 07:00:00,135.25,0.325,187.5
2023-12-19 08:00:00,138.75,0.725,176.5
2023-12-19 09:00:00,141.0,0.925,187.25
2023-12-19 10:00:00,152.75,1.0750000000000002,189.5
2023-12-19 11:00:00,154.25,1.15,182.5
2023-12-19 12:00:00,127.5,1.35,183.0
2023-12-19 13:00:00,97.5,1.3,178.0
2023-12-19 14:00:00,63.75,1.425,171.5
2023-12-19 15:00:00,54.5,0.875,189.25
2023-12-19 16:00:00,50.5,0.55,178.0
2023-12-19 17:00:00,67.0,0.3,162.75
2023-12-19 18:00:00,97.75,0.3,180.25
2023-12-19 19:00:00,151.75,0.3,172.5
2023-12-19 20:00:00,193.0,0.3,189.25
2023-12-19 21:00:00,173.0,0.3,205.5
2023-12-19 22:00:00,162.5,0.3,202.5
2023-12-19 23:00:00,145.75,0.3,189.75
2023-12-20 00:00:00,142.0,0.3,189.75
2023-12-20 01:00:00,150.5,0.3,214.25
2023-12-20 02:00:00,127.25,0.3,191.75
2023-12-20 03:00:00,143.25,0.3,179.75
2023-12-20 04:00:00,141.0,0.3,195.5
2023-12-20 05:00:00,129.25,0.3,208.75
2023-12-20 06:00:00,122.0,0.3,200.0
2023-12-20 07:00:00,126.75,0.3,191.0
2023-12-20 08:00:00,131.0,0.4499999999999999,177.75
2023-12-20 09:00:00,129.75,0.65,174.75
2023-12-20 10:00:00,138.75,0.95,189.5
2023-12-20 11:00:00,148.25,1.0,185.25
2023-12-20 12:00:00,141.25,1.025,196.5
2023-12-20 13:00:00,128.25,0.95,188.5
2023-12-20 14:00:00,104.0,0.8500000000000001,182.75
2023-12-20 15:00:00,98.5,0.575,170.75
2023-12-20 16:00:00,94.5,0.375,174.25
2023-12-20 17:00:00,108.5,0.3,177.0
2023-12-20 18:00:00,141.0,0.3,212.25
2023-12-20 19:00:00,212.25,0.3,197.0
2023-12-20 20:00:00,219.75,0.3,231.25
2023-12-20 21:00:00,197.5,0.3,184.25
2023-12-20 22:00:00,204.25,0.3,217.0
2023-12-20 23:00:00,197.75,0.3,195.75
2023-12-21 00:00:00,188.75,0.3,196.75
2023-12-21 01:00:00,196.25,0.3,135.75
2023-12-21 02:00:00,187.75,0.3,202.0
2023-12-21 03:00:00,200.0,0.3,262.5
2023-12-21 04:00:00,212.25,0.3,175.0
2023-12-21 05:00:00,219.25,0.3,162.25
2023-12-21 06:00:00,243.25,0.3,147.75
2023-12-21 07:00:00,258.0,0.3,213.0
2023-12-21 08:00:00,264.0,0.3,177.5
2023-12-21 09:00:00,294.25,0.625,165.25
2023-12-21 10:00:00,293.75,0.775,193.25
2023-12-21 11:00:00,256.0,0.7,176.75
2023-12-21 12:00:00,226.75,0.875,196.25
2023-12-21 13:00:00,198.5,1.075,182.75
2023-12-21 14:00:00,189.25,0.8,184.25
2023-12-21 15:00:00,178.75,0.625,184.5
2023-12-21 16:00:00,142.0,0.35,166.25
2023-12-21 17:00:00,167.75,0.3,139.25
2023-12-21 18:00:00,234.5,0.3,129.0
2023-12-21 19:00:00,397.25,0.3,126.25
2023-12-21 20:00:00,488.75,0.3,143.75
2023-12-21 21:00:00,455.75,0.3,154.0
2023-12-21 22:00:00,404.0,0.3,141.0
2023-12-21 23:00:00,404.0,0.31666666666666665,144.125
2023-12-22 00:00:00,404.0,0.3333333333333333,147.25
2023-12-22 01:00:00,404.0,0.35,150.375
2023-12-22 02:00:00,,,
2023-12-22 03:00:00,,,
2023-12-22 04:00:00,,,
2023-12-22 05:00:00,,,
2023-12-22 06:00:00,,,
2023-12-22 07:00:00,,,
2023-12-22 08:00:00,,,
2023-12-22 09:00:00,,,
2023-12-22 10:00:00,404.0,0.5,178.5
2023-12-22 11:00:00,390.5,0.8,169.0
2023-12-22 12:00:00,377.0,0.8,183.0
2023-12-22 13:00:00,218.0,1.1,181.0
2023-12-22 14:00:00,218.0,0.65,160.5
2023-12-22 15:00:00,222.0,0.325,138.0
2023-12-22 16:00:00,232.0,0.3,164.0
2023-12-22 17:00:00,286.0,0.3,101.0
2023-12-22 18:00:00,343.75,0.3,131.75
2023-12-22 19:00:00,453.5,0.3,159.75
2023-12-22 20:00:00,547.75,0.3,120.75
2023-12-22 21:00:00,581.5,0.3,112.5
2023-12-22 22:00:00,547.0,0.3,147.5
2023-12-22 23:00:00,529.25,0.3,179.25
2023-12-23 00:00:00,484.0,0.3,177.75
2023-12-23 01:00:00,427.5,0.3,138.0
2023-12-23 02:00:00,427.25,0.3,197.25
2023-12-23 03:00:00,421.0,0.5,158.25
2023-12-23 04:00:00,420.25,0.375,171.75
2023-12-23 05:00:00,420.25,0.3,195.5
2023-12-23 06:00:00,400.0,0.3,219.25
2023-12-23 07:00:00,410.0,0.3,239.5
2023-12-23 08:00:00,437.25,0.3,180.0
2023-12-23 09:00:00,438.25,0.3,178.75
2023-12-23 10:00:00,454.75,0.575,162.5
2023-12-23 11:00:00,394.5,1.0750000000000002,154.5
2023-12-23 12:00:00,287.25,1.075,161.5
2023-12-23 13:00:00,198.75,1.45,157.5
2023-12-23 14:00:00,178.75,1.425,153.0
2023-12-23 15:00:00,150.75,0.95,170.5
2023-12-23 16:00:00,112.5,0.4,144.5
2023-12-23 17:00:00,139.5,0.3,162.75
2023-12-23 18:00:00,205.75,0.3,235.0
2023-12-23 19:00:00,448.5,0.3,175.5
2023-12-23 20:00:00,638.5,0.3,169.0
2023-12-23 21:00:00,468.75,0.3,166.0
2023-12-23 22:00:00,534.5,0.3,164.75
2023-12-23 23:00:00,519.5,0.3,167.75
2023-12-24 00:00:00,421.0,0.3,169.5
2023-12-24 01:00:00,341.25,0.3,221.0
2023-12-24 02:00:00,293.5,0.3,180.75
2023-12-24 03:00:00,268.5,0.3,150.75
2023-12-24 04:00:00,249.25,0.3,155.75
2023-12-24 05:00:00,245.0,0.3,170.5
2023-12-24 06:00:00,301.0,0.3,162.5
2023-12-24 07:00:00,413.0,0.3,166.25
2023-12-24 08:00:00,364.25,0.3,209.25
2023-12-24 09:00:00,418.0,0.3,139.75
2023-12-24 10:00:00,449.75,0.3,172.5
2023-12-24 11:00:00,333.75,0.5,182.75
2023-12-24 12:00:00,220.25,0.7,187.75
2023-12-24 13:00:00,154.75,0.7,155.75
2023-12-24 14:00:00,184.75,0.35,157.5
2023-12-24 15:00:00,312.0,0.3,142.25
2023-12-24 16:00:00,250.0,0.3,153.25
2023-12-24 17:00:00,231.0,0.3,173.25
2023-12-24 18:00:00,247.0,0.3,168.75
2023-12-24 19:00:00,384.5,0.3,163.0
2023-12-24 20:00:00,498.5,0.3,158.25
2023-12-24 21:00:00,346.75,0.3,151.0
2023-12-24 22:00:00,305.25,0.3,151.0
2023-12-24 23:00:00,295.75,0.3,178.25
2023-12-25 00:00:00,303.75,0.3,83.0
2023-12-25 01:00:00,284.25,0.3,210.25
2023-12-25 02:00:00,279.5,0.3,214.0
2023-12-25 03:00:00,269.25,0.3,210.25
2023-12-25 04:00:00,258.25,0.3,174.5
2023-12-25 05:00:00,246.25,0.3,206.75
2023-12-25 06:00:00,233.75,0.3,206.25
2023-12-25 07:00:00,220.0,0.325,178.5
2023-12-25 08:00:00,196.5,0.3,188.5
2023-12-25 09:00:00,224.75,0.65,177.5
2023-12-25 10:00:00,252.25,1.125,183.5
2023-12-25 11:00:00,243.25,1.025,193.25
2023-12-25 12:00:00,197.25,1.075,190.75
2023-12-25 13:00:00,171.0,1.0,191.5
2023-12-25 14:00:00,162.0,0.7,190.0
2023-12-25 15:00:00,168.5,0.6,183.75
2023-12-25 16:00:00,181.5,0.35,165.0
2023-12-25 17:00:00,171.75,0.3,190.0
2023-12-25 18:00:00,220.25,0.3,189.75
2023-12-25 19:00:00,281.75,0.3,190.5
2023-12-25 20:00:00,284.5,0.3,192.75
2023-12-25 21:00:00,256.25,0.3,201.5
2023-12-25 22:00:00,250.25,0.3,180.75
2023-12-25 23:00:00,259.0,0.3,116.75
2023-12-26 00:00:00,263.75,0.3,160.25
2023-12-26 01:00:00,258.75,0.3,152.0
2023-12-26 02:00:00,259.0,0.3,204.25
2023-12-26 03:00:00,262.75,0.3,218.0
2023-12-26 04:00:00,238.0,0.3,169.25
2023-12-26 05:00:00,239.25,0.3,202.5
2023-12-26 06:00:00,250.5,0.3,173.5
2023-12-26 07:00:00,273.0,0.3,175.75
2023-12-26 08:00:00,265.2,0.5,180.83333333333334
2023-12-26 09:00:00,257.4,0.7000000000000001,185.91666666666666
2023-12-26 10:00:00,249.6,0.9,191.0
2023-12-26 11:00:00,,0.8,202.0
2023-12-26 12:00:00,234.0,0.7999999999999999,207.0
2023-12-26 13:00:00,234.0,0.675,191.75
2023-12-26 14:00:00,211.5,0.65,213.0
2023-12-26 15:00:00,150.0,0.425,180.75
2023-12-26 16:00:00,159.0,0.35,168.5
2023-12-26 17:00:00,132.5,0.3,166.75
2023-12-26 18:00:00,148.75,0.3,182.5
2023-12-26 19:00:00,223.5,0.3,169.75
2023-12-26 20:00:00,384.5,0.3,174.0
2023-12-26 21:00:00,572.75,0.3,155.0
2023-12-26 22:00:00,502.0,0.3,171.5
2023-12-26 23:00:00,443.0,0.3,120.75
2023-12-27 00:00:00,348.75,0.3,87.0
2023-12-27 01:00:00,323.5,0.3,164.5
2023-12-27 02:00:00,306.0,0.3,156.5
2023-12-27 03:00:00,280.0,0.3,173.25
2023-12-27 04:00:00,264.25,0.3,163.25
2023-12-27 05:00:00,268.25,0.3,174.5
2023-12-27 06:00:00,267.75,0.3,181.75
2023-12-27 07:00:00,199.0,0.325,187.25
2023-12-27 08:00:00,167.75,0.35,177.75
2023-12-27 09:00:00,177.5,0.3,185.5
2023-12-27 10:00:00,198.5,0.4,143.5
2023-12-27 11:00:00,238.25,0.55,172.25
2023-12-27 12:00:00,281.75,0.825,177.25
2023-12-27 13:00:00,272.0,1.05,188.5
2023-12-27 14:00:00,313.25,1.0,183.75
2023-12-27 15:00:00,303.25,0.875,180.5
2023-12-27 16:00:00,305.75,0.6,177.0
2023-12-27 17:00:00,303.75,0.3,178.5
2023-12-27 18:00:00,312.75,0.325,182.25
2023-12-27 19:00:00,326.75,0.4499999999999999,177.5
2023-12-27 20:00:00,338.25,0.425,191.0
2023-12-27 21:00:00,345.5,0.425,181.5
2023-12-27 22:00:00,326.75,0.575,176.5
2023-12-27 23:00:00,283.5,0.4,184.0
2023-12-28 00:00:00,253.25,0.475,192.25
2023-12-28 01:00:00,242.5,0.475,180.0
2023-12-28 02:00:00,226.75,0.35,190.0
2023-12-28 03:00:00,232.75,0.375,180.5
2023-12-28 04:00:00,239.5,0.35,188.5
2023-12-28 05:00:00,221.5,0.55,186.25
2023-12-28 06:00:00,198.25,0.45,181.0
2023-12-28 07:00:00,163.25,0.45,190.0
2023-12-28 08:00:00,142.75,0.6,176.5
2023-12-28 09:00:00,133.5,0.525,180.0
2023-12-28 10:00:00,138.75,0.875,176.0
2023-12-28 11:00:00,147.25,1.1,184.75
2023-12-28 12:00:00,142.0,1.025,166.75
2023-12-28 13:00:00,153.75,0.9,184.25
2023-12-28 14:00:00,166.0,0.6,204.0
2023-12-28 15:00:00,180.0,0.575,198.25
2023-12-28 16:00:00,201.5,0.325,186.0
2023-12-28 17:00:00,258.0,0.3,149.75
2023-12-28 18:00:00,289.75,0.3,155.0
2023-12-28 19:00:00,292.5,0.325,163.0
2023-12-28 20:00:00,292.75,0.3,186.25
2023-12-28 21:00:00,318.0,0.325,190.0
2023-12-28 22:00:00,326.25,0.375,190.75
2023-12-28 23:00:00,327.25,0.375,185.75
2023-12-29 00:00:00,317.5,0.45,177.75
2023-12-29 01:00:00,335.5,0.4,193.75
2023-12-29 02:00:00,317.5,0.35,207.5
2023-12-29 03:00:00,299.75,0.375,181.75
2023-12-29 04:00:00,285.0,0.375,189.0
2023-12-29 05:00:00,272.25,0.325,193.5
2023-12-29 06:00:00,248.5,0.4,172.25
2023-12-29 07:00:00,232.25,0.425,184.5
2023-12-29 08:00:00,218.0,0.375,151.5
2023-12-29 09:00:00,235.25,0.475,185.25
2023-12-29 10:00:00,267.0,0.65,186.0
2023-12-29 11:00:00,288.5,0.725,185.75
2023-12-29 12:00:00,283.75,0.825,179.75
2023-12-29 13:00:00,261.5,0.75,169.25
2023-12-29 14:00:00,244.25,0.8,174.0
2023-12-29 15:00:00,230.25,1.275,158.5
2023-12-29 16:00:00,246.0,0.475,193.5
2023-12-29 17:00:00,230.75,0.3,226.75
2023-12-29 18:00:00,216.25,0.3,176.75
2023-12-29 19:00:00,231.25,0.35,168.75
2023-12-29 20:00:00,250.25,0.4,166.75
2023-12-29 21:00:00,299.0,0.475,174.0
2023-12-29 22:00:00,335.0,0.625,135.25
2023-12-29 23:00:00,337.5,0.3,175.25
2023-12-30 00:00:00,345.75,0.325,174.25
2023-12-30 01:00:00,339.25,0.4499999999999999,183.0
2023-12-30 02:00:00,310.0,0.35,166.0
2023-12-30 03:00:00,297.0,0.35,143.25
2023-12-30 04:00:00,283.75,0.325,151.75
2023-12-30 05:00:00,276.75,0.475,195.75
2023-12-30 06:00:00,265.0,0.45,175.75
2023-12-30 07:00:00,256.5,0.625,143.25
2023-12-30 08:00:00,250.5,0.325,190.5
2023-12-30 09:00:00,263.0,0.35,201.25
2023-12-30 10:00:00,289.75,0.65,177.25
2023-12-30 11:00:00,299.5,0.6749999999999999,173.5
2023-12-30 12:00:00,302.5,0.75,158.75
2023-12-30 13:00:00,294.5,0.75,189.5
2023-12-30 14:00:00,284.0,0.575,186.0
2023-12-30 15:00:00,287.75,0.625,168.5
2023-12-30 16:00:00,320.25,0.45,162.75
2023-12-30 17:00:00,373.0,0.35,179.25
2023-12-30 18:00:00,344.0,0.4,178.0
2023-12-30 19:00:00,354.0,0.65,169.25
2023-12-30 20:00:00,340.5,0.625,153.5
2023-12-30 21:00:00,314.5,0.475,156.75
2023-12-30 22:00:00,305.75,0.325,204.0
2023-12-30 23:00:00,313.25,0.4,203.25
2023-12-31 00:00:00,317.5,0.3,184.25
2023-12-31 01:00:00,306.0,0.425,189.5
2023-12-31 02:00:00,290.25,0.35,173.0
2023-12-31 03:00:00,272.0,0.575,173.5
2023-12-31 04:00:00,245.75,0.525,179.75
2023-12-31 05:00:00,229.0,0.375,195.5
2023-12-31 06:00:00,224.25,0.325,191.75
2023-12-31 07:00:00,218.75,0.375,198.75
2023-12-31 08:00:00,219.25,0.45,188.5
2023-12-31 09:00:00,224.5,0.65,175.5
2023-12-31 10:00:00,242.5,0.575,180.5
2023-12-31 11:00:00,287.0,0.8,190.0
2023-12-31 12:00:00,299.0,0.8,185.0
2023-12-31 13:00:00,291.25,0.8,176.25
2023-12-31 14:00:00,268.75,0.925,171.75
2023-12-31 15:00:00,274.25,1.175,156.25
2023-12-31 16:00:00,286.75,1.2999999999999998,122.5
2023-12-31 17:00:00,293.0,0.8,131.25
2023-12-31 18:00:00,291.75,0.725,143.25
2023-12-31 19:00:00,303.0,0.725,160.75
2023-12-31 20:00:00,293.0,0.7,164.0
2023-12-31 21:00:00,281.0,0.625,168.75
2023-12-31 22:00:00,242.0,0.375,185.75
2023-12-31 23:00:00,201.75,0.325,219.25
