timestamp,PM 2.5,wind_speed,wind_dir
2023-01-01 00:00:00,148.5,0.6,139.875
2023-01-01 01:00:00,134.25,0.475,120.25
2023-01-01 02:00:00,132.75,0.375,140.15
2023-01-01 03:00:00,130.5,0.475,144.975
2023-01-01 04:00:00,113.25,0.225,82.125
2023-01-01 05:00:00,99.25,0.325,107.8
2023-01-01 06:00:00,91.25,0.55,149.95
2023-01-01 07:00:00,91.25,0.425,260.5
2023-01-01 08:00:00,87.75,1.0,220.0
2023-01-01 09:00:00,93.25,1.65,187.15
2023-01-01 10:00:00,116.0,1.675,189.25
2023-01-01 11:00:00,98.0,1.875,214.725
2023-01-01 12:00:00,88.0,1.65,195.7
2023-01-01 13:00:00,87.25,1.275,202.825
2023-01-01 14:00:00,91.25,1.45,221.775
2023-01-01 15:00:00,83.0,1.925,214.325
2023-01-01 16:00:00,84.25,1.325,160.825
2023-01-01 17:00:00,89.75,0.675,103.225
2023-01-01 18:00:00,96.5,0.525,146.275
2023-01-01 19:00:00,112.5,0.625,150.175
2023-01-01 20:00:00,151.0,0.5499999999999999,102.8
2023-01-01 21:00:00,173.5,0.325,94.2
2023-01-01 22:00:00,207.5,0.525,119.2
2023-01-01 23:00:00,220.5,0.475,113.275
2023-01-02 00:00:00,242.5,0.525,135.1
2023-01-02 01:00:00,263.25,0.7,97.875
2023-01-02 02:00:00,264.0,0.85,64.0
2023-01-02 03:00:00,221.5,0.775,198.275
2023-01-02 04:00:00,199.75,0.475,171.97500000000002
2023-01-02 05:00:00,189.0,0.65,167.95
2023-01-02 06:00:00,174.5,0.475,99.075
2023-01-02 07:00:00,167.5,0.425,125.975
2023-01-02 08:00:00,169.0,0.775,179.625
2023-01-02 09:00:00,168.0,0.45,205.025
2023-01-02 10:00:00,186.0,0.9000000000000001,114.575
2023-01-02 11:00:00,273.0,0.8500000000000001,54.175
2023-01-02 12:00:00,327.0,1.25,64.35
2023-01-02 13:00:00,276.0,1.275,141.92499999999998
2023-01-02 14:00:00,366.0,0.8,233.975
2023-01-02 15:00:00,353.0,0.8,185.1
2023-01-02 16:00:00,360.0,0.45,186.7
2023-01-02 17:00:00,371.0,0.875,74.69999999999999
2023-01-02 18:00:00,293.0,0.425,114.45
2023-01-02 19:00:00,239.0,0.425,101.525
2023-01-02 20:00:00,208.0,0.3,171.125
2023-01-02 21:00:00,208.0,0.6,87.1
2023-01-02 22:00:00,208.0,0.4,168.95
2023-01-02 23:00:00,188.0,0.475,84.52499999999999
2023-01-03 00:00:00,193.0,0.8,188.575
2023-01-03 01:00:00,197.0,0.35,151.175
2023-01-03 02:00:00,197.0,0.3,112.975
2023-01-03 03:00:00,202.0,0.6,157.175
2023-01-03 04:00:00,210.0,0.8,168.675
2023-01-03 05:00:00,219.0,0.6000000000000001,197.85
2023-01-03 06:00:00,252.0,0.5,213.55
2023-01-03 07:00:00,274.0,0.9,178.2
2023-01-03 08:00:00,280.0,0.8,204.925
2023-01-03 09:00:00,296.0,1.175,216.15
2023-01-03 10:00:00,318.0,0.925,149.77499999999998
2023-01-03 11:00:00,318.25,1.125,194.65
2023-01-03 12:00:00,306.6666666666667,0.825,169.25
2023-01-03 13:00:00,300.0,0.975,225.6
2023-01-03 14:00:00,309.0,1.825,204.2
2023-01-03 15:00:00,325.5,1.8,220.425
2023-01-03 16:00:00,310.25,1.75,201.8
2023-01-03 17:00:00,272.5,1.225,183.0
2023-01-03 18:00:00,250.5,0.775,142.075
2023-01-03 19:00:00,231.5,0.75,168.75
2023-01-03 20:00:00,227.75,0.45,127.2
2023-01-03 21:00:00,238.75,0.525,116.025
2023-01-03 22:00:00,233.25,0.575,113.325
2023-01-03 23:00:00,213.5,0.75,132.6
2023-01-04 00:00:00,189.75,1.375,190.325
2023-01-04 01:00:00,163.25,1.8,201.175
2023-01-04 02:00:00,149.0,2.075,200.575
2023-01-04 03:00:00,144.0,2.075,198.6
2023-01-04 04:00:00,125.75,1.95,211.125
2023-01-04 05:00:00,114.75,1.95,217.0
2023-01-04 06:00:00,109.0,1.8,221.8
2023-01-04 07:00:00,104.0,2.2,195.975
2023-01-04 08:00:00,109.25,1.625,224.1
2023-01-04 09:00:00,124.25,2.05,199.3
2023-01-04 10:00:00,154.0,1.9,210.9
2023-01-04 11:00:00,174.0,1.65,216.7
2023-01-04 12:00:00,193.75,0.95,234.375
2023-01-04 13:00:00,210.0,1.2,217.925
2023-01-04 14:00:00,218.75,1.775,199.075
2023-01-04 15:00:00,224.5,2.15,196.525
2023-01-04 16:00:00,212.0,2.1,191.6
2023-01-04 17:00:00,194.0,0.625,152.05
2023-01-04 18:00:00,183.5,0.35,151.175
2023-01-04 19:00:00,186.25,0.55,127.325
2023-01-04 20:00:00,228.5,0.575,119.25
2023-01-04 21:00:00,312.0,0.625,108.45
2023-01-04 22:00:00,360.0,0.5,133.225
2023-01-04 23:00:00,298.0,0.65,114.15
2023-01-05 00:00:00,271.0,0.625,123.425
2023-01-05 01:00:00,257.5,0.625,123.325
2023-01-05 02:00:00,231.5,0.65,141.95
2023-01-05 03:00:00,221.0,0.7,150.45
2023-01-05 04:00:00,204.0,1.625,195.15
2023-01-05 05:00:00,139.75,1.65,201.3
2023-01-05 06:00:00,97.75,1.6,188.45
2023-01-05 07:00:00,91.0,1.45,185.2
2023-01-05 08:00:00,94.0,1.025,205.025
2023-01-05 09:00:00,104.75,1.575,193.175
2023-01-05 10:00:00,110.5,1.025,179.6
2023-01-05 11:00:00,119.0,0.775,157.175
2023-01-05 12:00:00,150.0,1.55,203.975
2023-01-05 13:00:00,181.5,1.475,197.35
2023-01-05 14:00:00,191.25,1.225,197.725
2023-01-05 15:00:00,208.5,1.725,201.175
2023-01-05 16:00:00,216.25,1.625,191.275
2023-01-05 17:00:00,225.5,0.55,130.2
2023-01-05 18:00:00,220.5,0.475,128.825
2023-01-05 19:00:00,214.5,0.625,114.625
2023-01-05 20:00:00,234.5,0.575,102.575
2023-01-05 21:00:00,265.5,0.675,116.1
2023-01-05 22:00:00,304.0,0.625,152.95
2023-01-05 23:00:00,320.5,0.625,127.975
2023-01-06 00:00:00,334.25,0.525,149.575
2023-01-06 01:00:00,336.75,0.4,208.225
2023-01-06 02:00:00,335.5,1.05,216.75
2023-01-06 03:00:00,302.0,1.125,199.725
2023-01-06 04:00:00,246.25,0.8,226.825
2023-01-06 05:00:00,203.5,0.6,163.35000000000002
2023-01-06 06:00:00,202.5,0.525,219.575
2023-01-06 07:00:00,214.25,0.65,170.225
2023-01-06 08:00:00,222.25,0.5,243.75
2023-01-06 09:00:00,253.75,0.8,187.025
2023-01-06 10:00:00,329.75,0.625,164.75
2023-01-06 11:00:00,395.75,0.825,126.675
2023-01-06 12:00:00,409.5,1.0750000000000002,206.275
2023-01-06 13:00:00,386.5,1.95,195.375
2023-01-06 14:00:00,364.75,1.1,255.15
2023-01-06 15:00:00,323.25,1.725,197.55
2023-01-06 16:00:00,285.0,1.675,189.85
2023-01-06 17:00:00,241.5,0.55,141.75
2023-01-06 18:00:00,237.5,0.525,152.625
2023-01-06 19:00:00,218.75,0.625,139.0
2023-01-06 20:00:00,245.0,0.675,132.25
2023-01-06 21:00:00,265.75,0.7,106.375
2023-01-06 22:00:00,269.75,0.6499999999999999,126.0
2023-01-06 23:00:00,257.5,0.6,120.0
2023-01-07 00:00:00,257.0,0.575,139.25
2023-01-07 01:00:00,248.0,0.75,158.375
2023-01-07 02:00:00,238.0,0.5,144.9
2023-01-07 03:00:00,233.25,0.45,158.9
2023-01-07 04:00:00,234.0,1.425,192.6
2023-01-07 05:00:00,239.0,1.85,188.375
2023-01-07 06:00:00,186.25,2.175,190.325
2023-01-07 07:00:00,137.0,1.9,195.45
2023-01-07 08:00:00,113.0,2.0,198.75
2023-01-07 09:00:00,106.0,1.7000000000000002,207.125
2023-01-07 10:00:00,129.0,1.7999999999999998,201.3
2023-01-07 11:00:00,146.0,1.525,199.825
2023-01-07 12:00:00,211.0,2.275,186.325
2023-01-07 13:00:00,243.0,1.6,201.75
2023-01-07 14:00:00,201.0,1.7,198.55
2023-01-07 15:00:00,188.0,2.125,190.825
2023-01-07 16:00:00,189.0,1.775,194.475
2023-01-07 17:00:00,207.0,0.5249999999999999,138.95
2023-01-07 18:00:00,216.0,0.575,130.675
2023-01-07 19:00:00,212.0,0.45,129.2
2023-01-07 20:00:00,215.0,0.775,145.375
2023-01-07 21:00:00,265.0,0.55,140.425
2023-01-07 22:00:00,287.0,0.75,146.35
2023-01-07 23:00:00,304.0,0.8,160.65
2023-01-08 00:00:00,334.0,0.475,135.975
2023-01-08 01:00:00,339.0,0.6,111.55
2023-01-08 02:00:00,329.0,0.475,139.125
2023-01-08 03:00:00,298.0,0.55,184.3
2023-01-08 04:00:00,257.0,1.15,205.625
2023-01-08 05:00:00,182.0,1.675,200.65
2023-01-08 06:00:00,161.0,1.9,192.9
2023-01-08 07:00:00,136.0,1.9,190.075
2023-01-08 08:00:00,116.0,1.725,195.125
2023-01-08 09:00:00,112.0,1.75,191.2
2023-01-08 10:00:00,125.0,1.95,186.3
2023-01-08 11:00:00,130.0,1.2,193.45
2023-01-08 12:00:00,152.0,1.35,201.05
2023-01-08 13:00:00,260.0,1.85,197.25
2023-01-08 14:00:00,257.0,2.05,190.225
2023-01-08 15:00:00,249.0,1.75,181.175
2023-01-08 16:00:00,227.0,1.775,184.2
2023-01-08 17:00:00,211.0,0.525,128.575
2023-01-08 18:00:00,195.0,0.5,116.775
2023-01-08 19:00:00,188.0,0.725,111.125
2023-01-08 20:00:00,205.0,0.575,117.6
2023-01-08 21:00:00,233.0,0.625,119.825
2023-01-08 22:00:00,263.0,0.675,109.15
2023-01-08 23:00:00,309.0,0.625,113.3
2023-01-09 00:00:00,328.0,0.6,122.375
2023-01-09 01:00:00,407.0,0.575,111.825
2023-01-09 02:00:00,473.0,0.55,148.8
2023-01-09 03:00:00,462.75,0.525,194.8
2023-01-09 04:00:00,452.5,0.675,188.25
2023-01-09 05:00:00,442.25,0.7,135.325
2023-01-09 06:00:00,432.0,0.55,182.675
2023-01-09 07:00:00,421.0,0.65,223.125
2023-01-09 08:00:00,335.0,0.5,245.95
2023-01-09 09:00:00,332.0,0.95,234.175
2023-01-09 10:00:00,342.0,0.85,276.85
2023-01-09 11:00:00,374.0,0.925,210.075
2023-01-09 12:00:00,406.0,1.3,232.475
2023-01-09 13:00:00,532.0,1.475,254.275
2023-01-09 14:00:00,542.0,1.475,231.35
2023-01-09 15:00:00,597.0,1.15,252.15
2023-01-09 16:00:00,553.0,0.5249999999999999,265.65
2023-01-09 17:00:00,525.0,0.275,188.5
2023-01-09 18:00:00,504.0,0.575,142.6
2023-01-09 19:00:00,459.0,0.6,160.95
2023-01-09 20:00:00,467.0,0.55,115.275
2023-01-09 21:00:00,477.0,0.725,184.075
2023-01-09 22:00:00,544.0,0.65,144.2
2023-01-09 23:00:00,552.0,0.575,136.825
2023-01-10 00:00:00,549.0,0.725,117.15
2023-01-10 01:00:00,540.0,0.65,164.25
2023-01-10 02:00:00,531.0,0.55,143.55
2023-01-10 03:00:00,478.0,0.525,142.22500000000002
2023-01-10 04:00:00,404.0,1.5,198.45
2023-01-10 05:00:00,288.0,1.875,193.875
2023-01-10 06:00:00,195.0,2.075,206.1
2023-01-10 07:00:00,167.0,1.95,198.35
2023-01-10 08:00:00,143.0,2.075,191.2
2023-01-10 09:00:00,134.0,1.7,184.1
2023-01-10 10:00:00,123.0,2.425,202.075
2023-01-10 11:00:00,132.0,2.0,197.55
2023-01-10 12:00:00,227.0,2.175,200.125
2023-01-10 13:00:00,239.0,2.35,188.675
2023-01-10 14:00:00,232.0,2.275,191.75
2023-01-10 15:00:00,189.0,2.45,209.175
2023-01-10 16:00:00,191.0,2.15,199.125
2023-01-10 17:00:00,223.0,1.0,139.575
2023-01-10 18:00:00,246.0,0.55,118.75
2023-01-10 19:00:00,229.0,0.625,125.8
2023-01-10 20:00:00,190.0,0.475,140.675
2023-01-10 21:00:00,202.0,0.625,101.1
2023-01-10 22:00:00,239.0,0.375,127.1
2023-01-10 23:00:00,265.0,0.825,183.9
2023-01-11 00:00:00,269.0,0.85,196.65
2023-01-11 01:00:00,235.0,1.7,200.525
2023-01-11 02:00:00,139.0,1.75,203.075
2023-01-11 03:00:00,122.0,1.875,200.825
2023-01-11 04:00:00,103.0,1.725,206.975
2023-01-11 05:00:00,95.0,1.475,180.325
2023-01-11 06:00:00,97.0,1.175,176.25
2023-01-11 07:00:00,90.0,1.2,195.625
2023-01-11 08:00:00,81.0,1.175,190.675
2023-01-11 09:00:00,75.0,1.3250000000000002,223.05
2023-01-11 10:00:00,89.0,0.6,139.8
2023-01-11 11:00:00,110.0,0.65,142.025
2023-01-11 12:00:00,167.0,0.55,104.825
2023-01-11 13:00:00,175.0,1.2,41.85
2023-01-11 14:00:00,221.0,1.35,36.775
2023-01-11 15:00:00,233.0,1.125,29.35
2023-01-11 16:00:00,238.0,1.1,42.025
2023-01-11 17:00:00,233.0,1.05,51.25
2023-01-11 18:00:00,224.0,0.975,38.05
2023-01-11 19:00:00,238.0,1.15,38.875
2023-01-11 20:00:00,280.0,1.25,37.05
2023-01-11 21:00:00,260.0,1.55,41.425
2023-01-11 22:00:00,199.0,1.2000000000000002,42.7
2023-01-11 23:00:00,201.0,0.925,24.875
2023-01-12 00:00:00,202.0,1.05,21.875
2023-01-12 01:00:00,197.0,0.95,105.0
2023-01-12 02:00:00,196.0,0.975,43.175
2023-01-12 03:00:00,195.0,0.875,110.95
2023-01-12 04:00:00,196.0,0.8,36.4
2023-01-12 05:00:00,207.0,0.6499999999999999,34.0
2023-01-12 06:00:00,206.0,0.7,42.55
2023-01-12 07:00:00,204.0,0.875,118.0
2023-01-12 08:00:00,174.0,0.7,43.2
2023-01-12 09:00:00,183.0,1.125,38.45
2023-01-12 10:00:00,233.0,1.125,33.3
2023-01-12 11:00:00,251.0,1.725,57.5
2023-01-12 12:00:00,223.0,1.825,52.0
2023-01-12 13:00:00,191.0,1.85,53.35
2023-01-12 14:00:00,183.0,1.7,46.75
2023-01-12 15:00:00,171.0,1.2,30.0
2023-01-12 16:00:00,175.0,1.05,42.475
2023-01-12 17:00:00,174.0,0.875,28.65
2023-01-12 18:00:00,208.0,0.875,41.25
2023-01-12 19:00:00,208.0,1.125,44.275
2023-01-12 20:00:00,233.0,0.8,35.675
2023-01-12 21:00:00,205.0,0.7,22.8
2023-01-12 22:00:00,201.0,0.8250000000000001,27.525
2023-01-12 23:00:00,210.0,0.675,104.425
2023-01-13 00:00:00,196.0,0.65,65.525
2023-01-13 01:00:00,205.0,0.475,120.575
2023-01-13 02:00:00,205.0,0.325,34.55
2023-01-13 03:00:00,190.0,0.425,133.35
2023-01-13 04:00:00,183.0,0.5,44.75
2023-01-13 05:00:00,184.0,0.625,113.575
2023-01-13 06:00:00,188.0,0.625,28.525
2023-01-13 07:00:00,194.0,0.725,37.275000000000006
2023-01-13 08:00:00,183.0,0.725,26.7
2023-01-13 09:00:00,188.0,1.075,34.475
2023-01-13 10:00:00,197.0,1.425,40.125
2023-01-13 11:00:00,262.0,1.425,34.7
2023-01-13 12:00:00,254.0,1.225,32.474999999999994
2023-01-13 13:00:00,219.0,1.7,51.5
2023-01-13 14:00:00,191.0,1.1,110.275
2023-01-13 15:00:00,196.0,0.75,169.75
2023-01-13 16:00:00,188.0,0.725,50.425
2023-01-13 17:00:00,188.0,0.975,99.1
2023-01-13 18:00:00,193.0,2.65,191.925
2023-01-13 19:00:00,239.0,2.55,189.775
2023-01-13 20:00:00,239.0,2.725,190.775
2023-01-13 21:00:00,221.0,2.25,193.975
2023-01-13 22:00:00,218.0,2.175,188.4
2023-01-13 23:00:00,207.0,1.975,189.4
2023-01-14 00:00:00,215.0,2.675,195.075
2023-01-14 01:00:00,179.0,2.6,199.55
2023-01-14 02:00:00,210.0,2.9,202.375
2023-01-14 03:00:00,208.0,2.65,202.75
2023-01-14 04:00:00,218.0,2.725,202.3
2023-01-14 05:00:00,223.0,3.125,201.75
2023-01-14 06:00:00,201.0,2.975,202.825
2023-01-14 07:00:00,180.0,2.9,196.125
2023-01-14 08:00:00,163.0,2.575,200.6
2023-01-14 09:00:00,166.0,2.65,208.5
2023-01-14 10:00:00,157.0,2.9,197.275
2023-01-14 11:00:00,168.0,3.1,196.9
2023-01-14 12:00:00,175.0,3.25,203.1
2023-01-14 13:00:00,167.0,3.125,204.6
2023-01-14 14:00:00,141.0,3.15,197.875
2023-01-14 15:00:00,136.0,3.05,194.05
2023-01-14 16:00:00,156.0,3.15,192.75
2023-01-14 17:00:00,123.0,2.425,189.225
2023-01-14 18:00:00,89.0,1.475,177.75
2023-01-14 19:00:00,108.0,1.175,190.975
2023-01-14 20:00:00,129.0,0.975,172.425
2023-01-14 21:00:00,133.0,0.9,148.625
2023-01-14 22:00:00,149.0,0.85,176.25
2023-01-14 23:00:00,128.0,0.775,146.575
2023-01-15 00:00:00,124.0,0.75,152.45
2023-01-15 01:00:00,122.0,1.5,196.475
2023-01-15 02:00:00,100.0,1.325,191.125
2023-01-15 03:00:00,94.0,1.275,194.7
2023-01-15 04:00:00,75.0,1.6,197.025
2023-01-15 05:00:00,79.0,1.825,193.75
2023-01-15 06:00:00,81.0,1.775,190.25
2023-01-15 07:00:00,81.0,1.675,191.875
2023-01-15 08:00:00,81.0,2.275,188.6
2023-01-15 09:00:00,96.0,2.45,193.525
2023-01-15 10:00:00,91.0,2.45,205.8
2023-01-15 11:00:00,67.0,3.35,207.9
2023-01-15 12:00:00,48.0,3.125,212.1
2023-01-15 13:00:00,48.0,3.325,204.65
2023-01-15 14:00:00,46.0,3.15,194.35
2023-01-15 15:00:00,50.0,3.2,194.525
2023-01-15 16:00:00,41.0,2.975,195.225
2023-01-15 17:00:00,41.0,2.05,192.8
2023-01-15 18:00:00,86.0,0.575,108.925
2023-01-15 19:00:00,67.0,0.575,122.9
2023-01-15 20:00:00,64.0,0.625,128.55
2023-01-15 21:00:00,114.0,0.725,111.65
2023-01-15 22:00:00,143.0,0.65,150.975
2023-01-15 23:00:00,160.0,0.625,134.05
2023-01-16 00:00:00,164.0,0.625,131.675
2023-01-16 01:00:00,145.0,0.625,120.625
2023-01-16 02:00:00,132.0,0.725,113.625
2023-01-16 03:00:00,112.0,0.7,138.95
2023-01-16 04:00:00,105.0,0.925,172.8
2023-01-16 05:00:00,114.0,0.95,181.525
2023-01-16 06:00:00,112.0,1.0,185.45
2023-01-16 07:00:00,100.0,1.175,200.35
2023-01-16 08:00:00,113.0,1.775,195.1
2023-01-16 09:00:00,122.0,2.25,196.9
2023-01-16 10:00:00,103.0,1.5,206.8
2023-01-16 11:00:00,116.0,1.775,215.675
2023-01-16 12:00:00,105.0,2.175,225.8
2023-01-16 13:00:00,92.0,2.075,219.7
2023-01-16 14:00:00,72.0,2.4,219.85
2023-01-16 15:00:00,81.0,2.55,203.825
2023-01-16 16:00:00,72.0,2.35,198.575
2023-01-16 17:00:00,66.0,1.4,176.25
2023-01-16 18:00:00,79.0,0.675,108.9
2023-01-16 19:00:00,94.0,0.675,109.325
2023-01-16 20:00:00,123.0,0.625,117.1
2023-01-16 21:00:00,138.0,0.65,116.525
2023-01-16 22:00:00,143.0,0.6749999999999999,111.55
2023-01-16 23:00:00,172.0,0.6,113.6
2023-01-17 00:00:00,191.0,0.6,120.275
2023-01-17 01:00:00,197.0,0.8,165.15
2023-01-17 02:00:00,204.0,0.8500000000000001,171.625
2023-01-17 03:00:00,169.0,0.8,163.6
2023-01-17 04:00:00,145.0,1.025,185.275
2023-01-17 05:00:00,135.0,1.075,189.05
2023-01-17 06:00:00,146.0,0.625,177.65
2023-01-17 07:00:00,144.0,0.3,175.85
2023-01-17 08:00:00,140.0,1.9,194.675
2023-01-17 09:00:00,143.0,2.0,187.6
2023-01-17 10:00:00,140.0,2.425,203.425
2023-01-17 11:00:00,106.0,2.475,223.65
2023-01-17 12:00:00,85.0,2.375,221.2
2023-01-17 13:00:00,66.0,2.3,218.4
2023-01-17 14:00:00,50.0,2.9,198.725
2023-01-17 15:00:00,44.0,2.325,213.1
2023-01-17 16:00:00,40.0,2.25,206.65
2023-01-17 17:00:00,44.0,1.425,172.725
2023-01-17 18:00:00,42.0,0.7,109.45
2023-01-17 19:00:00,53.0,0.775,111.825
2023-01-17 20:00:00,97.0,0.8,109.975
2023-01-17 21:00:00,111.0,0.725,115.2
2023-01-17 22:00:00,153.0,0.775,104.0
2023-01-17 23:00:00,168.0,0.75,113.6
2023-01-18 00:00:00,196.0,0.7,108.95
2023-01-18 01:00:00,195.0,0.6,111.975
2023-01-18 02:00:00,213.0,0.6499999999999999,122.575
2023-01-18 03:00:00,199.0,0.775,154.85000000000002
2023-01-18 04:00:00,204.0,0.6,81.64999999999999
2023-01-18 05:00:00,195.0,0.2666666666666666,123.725
2023-01-18 06:00:00,180.0,0.525,132.475
2023-01-18 07:00:00,175.0,0.675,171.14999999999998
2023-01-18 08:00:00,166.0,0.875,217.925
2023-01-18 09:00:00,164.0,1.6,188.375
2023-01-18 10:00:00,146.0,1.55,231.1
2023-01-18 11:00:00,108.0,2.1,215.075
2023-01-18 12:00:00,99.0,1.825,220.525
2023-01-18 13:00:00,81.0,1.6749999999999998,226.725
2023-01-18 14:00:00,80.0,1.9,202.5
2023-01-18 15:00:00,75.0,2.1,201.0
2023-01-18 16:00:00,74.0,1.875,200.625
2023-01-18 17:00:00,75.0,0.6,137.7
2023-01-18 18:00:00,80.0,0.65,118.575
2023-01-18 19:00:00,99.0,0.625,112.675
2023-01-18 20:00:00,132.0,0.675,115.95
2023-01-18 21:00:00,162.0,0.625,116.7
2023-01-18 22:00:00,197.0,0.7,122.175
2023-01-18 23:00:00,216.0,0.7,117.85
2023-01-19 00:00:00,226.0,0.725,146.875
2023-01-19 01:00:00,261.0,0.9,182.8
2023-01-19 02:00:00,279.0,0.625,149.425
2023-01-19 03:00:00,257.0,1.125,195.175
2023-01-19 04:00:00,216.0,0.5,113.4
2023-01-19 05:00:00,195.0,0.45,119.675
2023-01-19 06:00:00,186.0,0.5,127.3
2023-01-19 07:00:00,191.0,0.3999999999999999,136.5
2023-01-19 08:00:00,191.0,0.325,137.85
2023-01-19 09:00:00,212.0,0.6,196.05
2023-01-19 10:00:00,169.0,1.025,212.55
2023-01-19 11:00:00,108.0,0.9,208.35
2023-01-19 12:00:00,119.0,1.375,227.425
2023-01-19 13:00:00,134.0,0.9,194.575
2023-01-19 14:00:00,136.0,0.8,76.05
2023-01-19 15:00:00,139.0,0.625,33.15
2023-01-19 16:00:00,146.0,0.4499999999999999,82.775
2023-01-19 17:00:00,201.0,0.5,117.35
2023-01-19 18:00:00,184.0,0.625,137.04999999999998
2023-01-19 19:00:00,172.0,0.65,174.45
2023-01-19 20:00:00,196.0,0.9,184.25
2023-01-19 21:00:00,226.0,0.575,153.9
2023-01-19 22:00:00,235.0,0.475,120.95
2023-01-19 23:00:00,226.0,0.925,145.125
2023-01-20 00:00:00,230.0,0.825,192.7
2023-01-20 01:00:00,216.0,1.75,244.05
2023-01-20 02:00:00,169.0,1.4,249.475
2023-01-20 03:00:00,128.0,1.325,230.0
2023-01-20 04:00:00,59.0,1.125,202.525
2023-01-20 05:00:00,36.0,0.825,204.775
2023-01-20 06:00:00,33.0,1.075,206.35
2023-01-20 07:00:00,36.0,0.525,141.35
2023-01-20 08:00:00,50.0,0.925,218.275
2023-01-20 09:00:00,58.0,1.325,272.625
2023-01-20 10:00:00,78.0,0.75,324.85
2023-01-20 11:00:00,81.0,0.7250000000000001,262.0
2023-01-20 12:00:00,86.0,1.025,305.975
2023-01-20 13:00:00,58.0,0.9,229.25
2023-01-20 14:00:00,41.0,1.425,237.25
2023-01-20 15:00:00,46.0,1.8,241.975
2023-01-20 16:00:00,16.0,2.325,235.65
2023-01-20 17:00:00,36.0,1.825,231.425
2023-01-20 18:00:00,53.0,1.1,176.425
2023-01-20 19:00:00,83.0,0.7,107.075
2023-01-20 20:00:00,100.0,0.7,106.225
2023-01-20 21:00:00,121.0,0.525,146.05
2023-01-20 22:00:00,136.0,0.625,108.95
2023-01-20 23:00:00,140.0,0.775,116.275
2023-01-21 00:00:00,127.0,0.8,106.2
2023-01-21 01:00:00,125.0,0.7,106.85
2023-01-21 02:00:00,106.0,0.7,112.85
2023-01-21 03:00:00,111.0,0.7,109.425
2023-01-21 04:00:00,96.0,0.6749999999999999,106.5
2023-01-21 05:00:00,97.0,0.6,118.125
2023-01-21 06:00:00,105.0,0.7,102.9
2023-01-21 07:00:00,107.0,0.725,105.075
2023-01-21 08:00:00,133.0,0.575,137.85
2023-01-21 09:00:00,135.0,0.525,113.2
2023-01-21 10:00:00,172.0,0.9,43.875
2023-01-21 11:00:00,321.0,1.675,53.875
2023-01-21 12:00:00,248.0,1.25,46.8
2023-01-21 13:00:00,201.0,1.125,43.5
2023-01-21 14:00:00,204.0,0.875,64.725
2023-01-21 15:00:00,208.0,0.65,54.8
2023-01-21 16:00:00,185.0,0.4,102.5
2023-01-21 17:00:00,175.0,0.7,130.3
2023-01-21 18:00:00,217.0,0.6,104.375
2023-01-21 19:00:00,235.0,0.45,166.275
2023-01-21 20:00:00,261.0,0.925,117.0
2023-01-21 21:00:00,263.0,0.575,157.65
2023-01-21 22:00:00,313.0,0.6,130.925
2023-01-21 23:00:00,305.0,0.85,154.975
2023-01-22 00:00:00,335.0,0.625,111.975
2023-01-22 01:00:00,317.0,0.6,145.875
2023-01-22 02:00:00,300.0,0.675,119.075
2023-01-22 03:00:00,284.0,0.325,272.45000000000005
2023-01-22 04:00:00,269.0,0.5249999999999999,127.375
2023-01-22 05:00:00,274.0,0.475,109.525
2023-01-22 06:00:00,287.0,0.35,159.07500000000002
2023-01-22 07:00:00,283.0,0.5249999999999999,117.35
2023-01-22 08:00:00,266.0,0.575,154.45
2023-01-22 09:00:00,241.0,0.6000000000000001,196.95
2023-01-22 10:00:00,259.0,0.825,331.375
2023-01-22 11:00:00,277.0,0.95,183.675
2023-01-22 12:00:00,304.0,1.225,35.475
2023-01-22 13:00:00,241.0,1.05,186.175
2023-01-22 14:00:00,167.0,1.1,187.45
2023-01-22 15:00:00,147.0,1.0,104.05
2023-01-22 16:00:00,113.0,0.475,36.875
2023-01-22 17:00:00,105.0,0.55,87.45
2023-01-22 18:00:00,94.0,0.6,140.125
2023-01-22 19:00:00,108.0,0.825,109.8
2023-01-22 20:00:00,124.0,0.775,111.9
2023-01-22 21:00:00,160.0,0.6,148.025
2023-01-22 22:00:00,205.0,0.625,117.4
2023-01-22 23:00:00,229.0,0.7,128.6
2023-01-23 00:00:00,234.0,0.725,112.05
2023-01-23 01:00:00,223.0,0.625,110.35
2023-01-23 02:00:00,208.0,0.875,101.375
2023-01-23 03:00:00,194.0,0.7749999999999999,141.175
2023-01-23 04:00:00,178.0,0.7,114.95
2023-01-23 05:00:00,155.0,0.6749999999999999,126.25
2023-01-23 06:00:00,143.0,0.725,118.175
2023-01-23 07:00:00,145.0,0.75,144.39999999999998
2023-01-23 08:00:00,177.0,0.65,168.725
2023-01-23 09:00:00,135.0,1.0333333333333334,253.0666666666667
2023-01-23 10:00:00,180.0,1.025,286.05
2023-01-23 11:00:00,180.0,1.125,220.875
2023-01-23 12:00:00,163.0,0.95,320.95
2023-01-23 13:00:00,124.0,1.0750000000000002,258.95
2023-01-23 14:00:00,95.0,1.2,37.5
2023-01-23 15:00:00,81.0,1.4,48.400000000000006
2023-01-23 16:00:00,69.0,0.7,52.325
2023-01-23 17:00:00,68.0,0.475,99.2
2023-01-23 18:00:00,83.0,0.725,133.1
2023-01-23 19:00:00,99.0,0.75,131.4
2023-01-23 20:00:00,107.0,0.6,135.425
2023-01-23 21:00:00,150.0,0.4499999999999999,147.2
2023-01-23 22:00:00,199.0,0.525,155.675
2023-01-23 23:00:00,195.0,0.625,155.35
2023-01-24 00:00:00,235.0,0.5,84.1
2023-01-24 01:00:00,182.0,0.65,118.375
2023-01-24 02:00:00,195.0,0.525,151.925
2023-01-24 03:00:00,180.0,0.6,93.65
2023-01-24 04:00:00,179.0,0.5,163.7
2023-01-24 05:00:00,182.0,0.575,43.05
2023-01-24 06:00:00,184.0,0.8500000000000001,40.325
2023-01-24 07:00:00,114.0,1.075,43.675
2023-01-24 08:00:00,77.0,1.5,50.725
2023-01-24 09:00:00,52.0,2.0,49.175
2023-01-24 10:00:00,39.0,2.05,48.125
2023-01-24 11:00:00,35.0,2.175,56.025
2023-01-24 12:00:00,41.0,2.325,49.65
2023-01-24 13:00:00,35.0,1.875,41.7
2023-01-24 14:00:00,35.0,2.125,53.55
2023-01-24 15:00:00,33.0,1.525,50.325
2023-01-24 16:00:00,31.0,1.8,60.025
2023-01-24 17:00:00,38.0,1.325,60.65
2023-01-24 18:00:00,31.0,0.9,47.025
2023-01-24 19:00:00,42.0,0.6,32.050000000000004
2023-01-24 20:00:00,53.0,0.45,156.4
2023-01-24 21:00:00,72.0,0.375,211.7
2023-01-24 22:00:00,77.0,0.8,39.375
2023-01-24 23:00:00,61.0,0.65,63.125
2023-01-25 00:00:00,53.0,0.4,84.25
2023-01-25 01:00:00,53.0,0.7,116.625
2023-01-25 02:00:00,57.0,0.525,119.325
2023-01-25 03:00:00,50.0,0.4499999999999999,76.69999999999999
2023-01-25 04:00:00,47.0,0.525,110.95
2023-01-25 05:00:00,45.0,0.5,119.425
2023-01-25 06:00:00,47.0,0.7,119.675
2023-01-25 07:00:00,46.0,0.6499999999999999,130.225
2023-01-25 08:00:00,55.0,0.6,181.05
2023-01-25 09:00:00,58.0,1.425,199.6
2023-01-25 10:00:00,83.0,1.225,207.1
2023-01-25 11:00:00,70.0,1.65,196.775
2023-01-25 12:00:00,85.0,1.65,196.05
2023-01-25 13:00:00,92.0,1.575,214.975
2023-01-25 14:00:00,99.0,1.7,208.175
2023-01-25 15:00:00,112.0,2.1,200.025
2023-01-25 16:00:00,119.0,2.075,193.525
2023-01-25 17:00:00,121.0,1.975,192.1
2023-01-25 18:00:00,138.0,1.7,185.35
2023-01-25 19:00:00,153.0,1.15,182.675
2023-01-25 20:00:00,136.0,0.95,192.925
2023-01-25 21:00:00,135.0,1.45,199.725
2023-01-25 22:00:00,138.0,1.1,204.4
2023-01-25 23:00:00,145.0,1.475,205.225
2023-01-26 00:00:00,143.0,1.6,201.875
2023-01-26 01:00:00,128.0,2.025,203.7
2023-01-26 02:00:00,121.0,2.275,199.125
2023-01-26 03:00:00,132.0,1.675,208.825
2023-01-26 04:00:00,140.0,1.725,201.3
2023-01-26 05:00:00,153.0,1.625,193.075
2023-01-26 06:00:00,164.0,2.2,195.525
2023-01-26 07:00:00,161.0,2.7,194.1
2023-01-26 08:00:00,147.0,2.775,192.1
2023-01-26 09:00:00,155.0,2.325,199.975
2023-01-26 10:00:00,171.0,2.725,194.025
2023-01-26 11:00:00,167.0,2.8,193.0
2023-01-26 12:00:00,179.0,3.125,193.925
2023-01-26 13:00:00,189.0,3.65,189.6
2023-01-26 14:00:00,174.0,3.125,197.95
2023-01-26 15:00:00,153.0,3.175,198.5
2023-01-26 16:00:00,143.0,2.825,192.25
2023-01-26 17:00:00,136.0,1.825,190.95
2023-01-26 18:00:00,147.0,1.6,194.0
2023-01-26 19:00:00,133.0,1.275,182.075
2023-01-26 20:00:00,140.0,1.625,186.4
2023-01-26 21:00:00,139.0,1.95,185.75
2023-01-26 22:00:00,118.0,1.625,176.45
2023-01-26 23:00:00,119.0,1.1749999999999998,169.025
2023-01-27 00:00:00,125.0,1.35,189.5
2023-01-27 01:00:00,111.0,1.025,180.75
2023-01-27 02:00:00,105.0,1.725,196.275
2023-01-27 03:00:00,91.0,1.875,188.675
2023-01-27 04:00:00,89.0,1.4,192.3
2023-01-27 05:00:00,84.0,1.1,179.425
2023-01-27 06:00:00,86.0,0.625,145.75
2023-01-27 07:00:00,86.0,1.6,200.55
2023-01-27 08:00:00,112.0,2.05,192.525
2023-01-27 09:00:00,102.0,2.4,195.25
2023-01-27 10:00:00,121.0,3.225,201.675
2023-01-27 11:00:00,89.0,2.8,211.25
2023-01-27 12:00:00,79.0,2.825,205.925
2023-01-27 13:00:00,84.0,2.775,198.2
2023-01-27 14:00:00,75.0,3.175,195.325
2023-01-27 15:00:00,67.0,2.975,193.7
2023-01-27 16:00:00,83.0,2.925,192.7
2023-01-27 17:00:00,79.0,2.3,190.35
2023-01-27 18:00:00,75.0,1.025,169.725
2023-01-27 19:00:00,81.0,1.075,167.85
2023-01-27 20:00:00,90.0,1.75,195.35
2023-01-27 21:00:00,111.0,1.875,188.525
2023-01-27 22:00:00,140.0,1.05,157.25
2023-01-27 23:00:00,127.0,0.65,113.325
2023-01-28 00:00:00,138.0,1.5,184.1
2023-01-28 01:00:00,133.0,1.425,188.075
2023-01-28 02:00:00,128.0,1.85,188.625
2023-01-28 03:00:00,119.0,2.025,187.875
2023-01-28 04:00:00,119.0,2.0,188.4
2023-01-28 05:00:00,116.0,2.0,195.225
2023-01-28 06:00:00,107.0,2.6,189.725
2023-01-28 07:00:00,92.0,2.7,191.575
2023-01-28 08:00:00,107.0,2.5,189.1
2023-01-28 09:00:00,86.0,2.7,190.4
2023-01-28 10:00:00,107.0,2.5,211.25
2023-01-28 11:00:00,105.0,2.5,214.625
2023-01-28 12:00:00,95.0,2.125,199.425
2023-01-28 13:00:00,101.0,2.4,195.275
2023-01-28 14:00:00,112.0,1.95,203.075
2023-01-28 15:00:00,114.0,1.925,204.425
2023-01-28 16:00:00,105.0,1.8,202.375
2023-01-28 17:00:00,110.0,0.975,160.775
2023-01-28 18:00:00,107.0,0.625,139.8
2023-01-28 19:00:00,110.0,0.625,108.975
2023-01-28 20:00:00,121.0,0.775,107.575
2023-01-28 21:00:00,133.0,0.675,121.575
2023-01-28 22:00:00,175.0,0.7,123.55
2023-01-28 23:00:00,185.0,0.625,113.25
2023-01-29 00:00:00,186.0,0.675,121.975
2023-01-29 01:00:00,196.0,0.7,109.45
2023-01-29 02:00:00,182.0,0.7250000000000001,124.675
2023-01-29 03:00:00,184.0,0.5,206.425
2023-01-29 04:00:00,183.0,0.7,103.875
2023-01-29 05:00:00,173.0,0.4,146.5
2023-01-29 06:00:00,175.0,0.6,103.0
2023-01-29 07:00:00,193.0,0.475,72.55000000000001
2023-01-29 08:00:00,204.0,0.925,118.025
2023-01-29 09:00:00,194.0,0.8,99.35
2023-01-29 10:00:00,186.0,1.075,74.39999999999999
2023-01-29 11:00:00,153.0,1.15,74.35
2023-01-29 12:00:00,152.0,1.475,69.625
2023-01-29 13:00:00,141.0,0.925,171.1
2023-01-29 14:00:00,83.0,0.875,240.37500000000003
2023-01-29 15:00:00,103.0,0.425,129.525
2023-01-29 16:00:00,127.0,0.65,277.85
2023-01-29 17:00:00,132.0,1.275,218.725
2023-01-29 18:00:00,136.0,0.95,101.375
2023-01-29 19:00:00,149.0,0.8,28.575
2023-01-29 20:00:00,182.0,0.7250000000000001,171.05
2023-01-29 21:00:00,173.0,1.05,184.875
2023-01-29 22:00:00,169.0,0.775,198.875
2023-01-29 23:00:00,152.0,0.45,167.4
2023-01-30 00:00:00,141.0,1.0,179.125
2023-01-30 01:00:00,133.0,0.675,224.675
2023-01-30 02:00:00,103.0,0.525,150.275
2023-01-30 03:00:00,86.0,0.5249999999999999,204.95
2023-01-30 04:00:00,56.0,0.85,184.825
2023-01-30 05:00:00,42.0,1.925,64.7
2023-01-30 06:00:00,11.0,1.275,122.225
2023-01-30 07:00:00,11.0,1.3,46.150000000000006
2023-01-30 08:00:00,28.0,0.6499999999999999,179.4
2023-01-30 09:00:00,42.0,1.15,264.75
2023-01-30 10:00:00,46.0,1.175,102.875
2023-01-30 11:00:00,40.0,1.075,104.3
2023-01-30 12:00:00,41.0,1.35,236.05
2023-01-30 13:00:00,44.0,1.0499999999999998,260.05
2023-01-30 14:00:00,42.0,0.825,304.875
2023-01-30 15:00:00,48.0,0.875,99.725
2023-01-30 16:00:00,58.0,0.85,257.875
2023-01-30 17:00:00,51.0,0.7,60.675
2023-01-30 18:00:00,53.0,0.6,88.75
2023-01-30 19:00:00,53.0,0.725,111.625
2023-01-30 20:00:00,84.0,0.7,138.675
2023-01-30 21:00:00,110.0,0.7,113.325
2023-01-30 22:00:00,128.0,0.6499999999999999,133.125
2023-01-30 23:00:00,133.0,0.5499999999999999,131.675
2023-01-31 00:00:00,128.0,0.6,149.925
2023-01-31 01:00:00,112.0,0.95,175.3
2023-01-31 02:00:00,116.0,1.05,171.75
2023-01-31 03:00:00,124.0,1.225,188.45
2023-01-31 04:00:00,94.0,1.325,189.825
2023-01-31 05:00:00,72.0,1.325,186.1
2023-01-31 06:00:00,68.0,1.75,184.325
2023-01-31 07:00:00,73.0,2.125,185.75
2023-01-31 08:00:00,59.0,2.425,186.725
2023-01-31 09:00:00,52.0,2.625,192.575
2023-01-31 10:00:00,59.0,2.775,198.875
2023-01-31 11:00:00,64.0,3.4,192.1
2023-01-31 12:00:00,72.0,3.3,192.95
2023-01-31 13:00:00,62.0,3.575,196.0
2023-01-31 14:00:00,62.0,3.875,194.1
2023-01-31 15:00:00,56.0,3.65,187.45
2023-01-31 16:00:00,58.0,3.2,185.5
2023-01-31 17:00:00,62.0,2.975,194.975
2023-01-31 18:00:00,73.0,2.525,194.95
2023-01-31 19:00:00,92.0,2.675,200.45
2023-01-31 20:00:00,95.0,2.575,200.05
2023-01-31 21:00:00,90.0,2.775,196.5
2023-01-31 22:00:00,74.0,2.1,187.825
2023-01-31 23:00:00,77.0,2.65,190.1
2023-02-01 00:00:00,94.0,2.975,195.7
2023-02-01 01:00:00,100.0,2.9,196.55
2023-02-01 02:00:00,88.0,3.275,193.725
2023-02-01 03:00:00,84.0,3.225,196.975
2023-02-01 04:00:00,79.0,3.125,196.7
2023-02-01 05:00:00,83.0,2.625,193.125
2023-02-01 06:00:00,92.0,1.8,192.4
2023-02-01 07:00:00,86.0,2.725,186.425
2023-02-01 08:00:00,79.0,3.25,192.65
2023-02-01 09:00:00,69.0,3.4,191.4
2023-02-01 10:00:00,81.0,3.25,194.625
2023-02-01 11:00:00,79.0,3.525,197.25
2023-02-01 12:00:00,69.0,3.525,193.375
2023-02-01 13:00:00,69.0,3.1750000000000003,190.775
2023-02-01 14:00:00,69.0,3.4,194.2
2023-02-01 15:00:00,56.0,3.35,191.15
2023-02-01 16:00:00,66.0,2.65,191.025
2023-02-01 17:00:00,72.0,2.125,186.2
2023-02-01 18:00:00,61.0,1.75,185.625
2023-02-01 19:00:00,67.0,1.5,182.05
2023-02-01 20:00:00,84.0,2.225,186.925
2023-02-01 21:00:00,103.0,1.975,189.575
2023-02-01 22:00:00,116.0,1.975,186.5
2023-02-01 23:00:00,117.0,1.875,185.925
2023-02-02 00:00:00,110.0,1.25,180.975
2023-02-02 01:00:00,96.0,1.2,183.95
2023-02-02 02:00:00,88.0,1.4,179.6
2023-02-02 03:00:00,89.0,2.225,188.75
2023-02-02 04:00:00,80.0,2.275,189.5
2023-02-02 05:00:00,84.0,2.2,187.95
2023-02-02 06:00:00,86.0,1.95,186.775
2023-02-02 07:00:00,81.0,2.1,186.45
2023-02-02 08:00:00,90.0,2.65,190.425
2023-02-02 09:00:00,97.0,2.975,190.0
2023-02-02 10:00:00,95.0,3.125,197.8
2023-02-02 11:00:00,88.0,3.75,192.325
2023-02-02 12:00:00,72.0,3.3,189.85
2023-02-02 13:00:00,62.0,3.525,184.8
2023-02-02 14:00:00,56.0,3.875,187.875
2023-02-02 15:00:00,50.0,3.625,188.575
2023-02-02 16:00:00,61.0,3.475,195.225
2023-02-02 17:00:00,51.0,2.575,194.225
2023-02-02 18:00:00,47.0,1.3,185.625
2023-02-02 19:00:00,53.0,1.275,180.35
2023-02-02 20:00:00,72.0,0.65,90.55
2023-02-02 21:00:00,81.0,0.725,90.4
2023-02-02 22:00:00,96.0,0.825,155.45
2023-02-02 23:00:00,110.0,0.625,119.225
2023-02-03 00:00:00,118.0,1.825,189.475
2023-02-03 01:00:00,111.0,2.1500000000000004,189.75
2023-02-03 02:00:00,106.0,2.125,192.875
2023-02-03 03:00:00,111.0,2.25,190.525
2023-02-03 04:00:00,97.0,2.15,194.25
2023-02-03 05:00:00,89.0,1.975,195.25
2023-02-03 06:00:00,80.0,1.85,189.9
2023-02-03 07:00:00,75.0,2.025,192.95
2023-02-03 08:00:00,80.0,2.35,184.65
2023-02-03 09:00:00,89.0,2.525,184.55
2023-02-03 10:00:00,84.0,2.875,197.625
2023-02-03 11:00:00,68.0,3.125,191.5
2023-02-03 12:00:00,68.0,2.7,204.55
2023-02-03 13:00:00,67.0,2.725,200.525
2023-02-03 14:00:00,70.0,1.9,219.375
2023-02-03 15:00:00,83.0,2.05,200.625
2023-02-03 16:00:00,83.0,2.325,188.125
2023-02-03 17:00:00,73.0,1.425,167.925
2023-02-03 18:00:00,63.0,0.525,116.05
2023-02-03 19:00:00,61.0,0.6,96.2
2023-02-03 20:00:00,64.0,0.55,90.8
2023-02-03 21:00:00,89.0,0.6749999999999999,101.05
2023-02-03 22:00:00,110.0,0.5499999999999999,91.875
2023-02-03 23:00:00,143.0,0.625,107.3
2023-02-04 00:00:00,128.0,0.55,144.525
2023-02-04 01:00:00,121.0,0.7999999999999999,174.35
2023-02-04 02:00:00,103.0,0.825,166.625
2023-02-04 03:00:00,95.0,1.05,189.8
2023-02-04 04:00:00,188.0,0.6499999999999999,166.525
2023-02-04 05:00:00,101.0,0.85,186.6
2023-02-04 06:00:00,83.0,1.225,195.375
2023-02-04 07:00:00,79.0,1.575,196.575
2023-02-04 08:00:00,89.0,2.15,188.55
2023-02-04 09:00:00,85.0,2.55,192.475
2023-02-04 10:00:00,90.0,2.775,196.575
2023-02-04 11:00:00,101.0,3.1,195.65
2023-02-04 12:00:00,92.0,3.725,194.425
2023-02-04 13:00:00,69.0,3.875,190.925
2023-02-04 14:00:00,57.0,3.5,188.65
2023-02-04 15:00:00,51.0,3.3,185.1
2023-02-04 16:00:00,59.0,2.925,191.325
2023-02-04 17:00:00,79.0,1.925,181.475
2023-02-04 18:00:00,89.0,0.625,120.0
2023-02-04 19:00:00,105.0,0.45,119.675
2023-02-04 20:00:00,124.0,0.575,196.05
2023-02-04 21:00:00,139.0,1.5,195.55
2023-02-04 22:00:00,157.0,2.0,189.4
2023-02-04 23:00:00,143.0,1.9,191.55
2023-02-05 00:00:00,139.0,1.975,188.575
2023-02-05 01:00:00,119.0,1.45,190.025
2023-02-05 02:00:00,119.0,1.125,191.725
2023-02-05 03:00:00,113.0,1.8,191.225
2023-02-05 04:00:00,105.0,2.025,191.325
2023-02-05 05:00:00,110.0,1.4,188.875
2023-02-05 06:00:00,100.0,1.05,182.775
2023-02-05 07:00:00,102.0,0.6,160.1
2023-02-05 08:00:00,100.0,1.425,175.325
2023-02-05 09:00:00,105.0,2.475,184.025
2023-02-05 10:00:00,101.0,2.825,187.55
2023-02-05 11:00:00,91.0,2.825,185.925
2023-02-05 12:00:00,81.0,3.15,183.725
2023-02-05 13:00:00,67.0,3.1,188.975
2023-02-05 14:00:00,45.0,2.225,187.7
2023-02-05 15:00:00,36.0,2.45,192.1
2023-02-05 16:00:00,33.0,2.475,183.45
2023-02-05 17:00:00,27.0,1.45,168.8
2023-02-05 18:00:00,29.0,0.675,107.65
2023-02-05 19:00:00,30.0,0.55,108.075
2023-02-05 20:00:00,47.0,0.675,122.1
2023-02-05 21:00:00,57.0,0.85,102.55
2023-02-05 22:00:00,92.0,0.725,117.85
2023-02-05 23:00:00,112.0,0.8,122.2
2023-02-06 00:00:00,134.0,0.55,144.375
2023-02-06 01:00:00,160.0,0.775,108.2
2023-02-06 02:00:00,138.0,0.65,109.725
2023-02-06 03:00:00,149.0,0.575,134.7
2023-02-06 04:00:00,128.0,0.675,119.3
2023-02-06 05:00:00,112.0,0.625,107.75
2023-02-06 06:00:00,107.0,0.475,142.125
2023-02-06 07:00:00,101.0,0.6,90.15
2023-02-06 08:00:00,101.0,0.5,51.6
2023-02-06 09:00:00,119.0,1.125,56.075
2023-02-06 10:00:00,90.0,1.4500000000000002,70.375
2023-02-06 11:00:00,64.0,1.525,72.675
2023-02-06 12:00:00,53.0,1.65,70.05
2023-02-06 13:00:00,61.0,1.225,87.625
2023-02-06 14:00:00,69.0,1.375,68.175
2023-02-06 15:00:00,70.0,1.55,72.825
2023-02-06 16:00:00,73.0,1.15,73.6
2023-02-06 17:00:00,63.0,0.75,74.65
2023-02-06 18:00:00,66.0,0.475,166.8
2023-02-06 19:00:00,67.0,0.7,132.9
2023-02-06 20:00:00,99.0,0.55,94.3
2023-02-06 21:00:00,100.0,0.725,96.75
2023-02-06 22:00:00,132.0,0.475,145.7
2023-02-06 23:00:00,216.0,0.675,151.425
2023-02-07 00:00:00,180.0,0.6,135.1
2023-02-07 01:00:00,146.0,0.775,118.7
2023-02-07 02:00:00,135.0,0.375,189.625
2023-02-07 03:00:00,149.0,0.95,185.075
2023-02-07 04:00:00,135.0,0.725,108.775
2023-02-07 05:00:00,146.0,0.775,154.325
2023-02-07 06:00:00,180.0,1.725,194.475
2023-02-07 07:00:00,194.0,2.125,184.9
2023-02-07 08:00:00,163.0,2.25,187.05
2023-02-07 09:00:00,135.0,2.8,189.95
2023-02-07 10:00:00,132.0,3.375,191.0
2023-02-07 11:00:00,117.0,3.275,191.65
2023-02-07 12:00:00,89.0,3.625,192.475
2023-02-07 13:00:00,74.0,3.366666666666667,197.26666666666665
2023-02-07 14:00:00,74.0,2.8,216.45
2023-02-07 15:00:00,51.0,3.6,199.26666666666665
2023-02-07 16:00:00,28.0,3.5,190.45
2023-02-07 17:00:00,24.0,2.725,198.725
2023-02-07 18:00:00,23.0,1.55,178.15
2023-02-07 19:00:00,24.0,0.775,121.8
2023-02-07 20:00:00,25.0,0.675,115.1
2023-02-07 21:00:00,39.0,1.175,164.0
2023-02-07 22:00:00,70.0,1.8,191.075
2023-02-07 23:00:00,64.0,1.425,182.7
2023-02-08 00:00:00,72.0,1.425,169.4
2023-02-08 01:00:00,55.66666666666666,1.475,179.025
2023-02-08 02:00:00,58.5,1.375,182.25
2023-02-08 03:00:00,52.0,0.925,143.925
2023-02-08 04:00:00,62.5,0.75,144.95
2023-02-08 05:00:00,84.75,1.05,190.2
2023-02-08 06:00:00,78.5,0.9,177.675
2023-02-08 07:00:00,64.0,1.2,189.75
2023-02-08 08:00:00,71.0,2.35,189.35
2023-02-08 09:00:00,73.5,2.775,188.8
2023-02-08 10:00:00,70.0,2.9,196.0
2023-02-08 11:00:00,62.5,3.1,202.825
2023-02-08 12:00:00,54.75,3.05,201.85
2023-02-08 13:00:00,44.25,3.1,190.575
2023-02-08 14:00:00,42.75,3.325,191.325
2023-02-08 15:00:00,44.0,3.225,192.825
2023-02-08 16:00:00,42.25,2.9,192.275
2023-02-08 17:00:00,47.0,2.2,191.125
2023-02-08 18:00:00,48.5,0.7,106.725
2023-02-08 19:00:00,45.0,0.675,121.75
2023-02-08 20:00:00,53.0,0.725,133.57500000000002
2023-02-08 21:00:00,74.5,0.7,104.8
2023-02-08 22:00:00,98.25,0.725,112.525
2023-02-08 23:00:00,112.75,1.375,120.1
2023-02-09 00:00:00,119.0,0.675,105.45
2023-02-09 01:00:00,125.75,0.425,150.1
2023-02-09 02:00:00,139.75,0.725,136.675
2023-02-09 03:00:00,136.25,0.85,167.15
2023-02-09 04:00:00,124.25,1.25,192.6
2023-02-09 05:00:00,109.5,1.225,192.675
2023-02-09 06:00:00,96.75,0.95,179.475
2023-02-09 07:00:00,90.0,0.35,131.175
2023-02-09 08:00:00,91.75,0.325,101.975
2023-02-09 09:00:00,104.75,0.6000000000000001,127.925
2023-02-09 10:00:00,118.25,0.85,118.9
2023-02-09 11:00:00,81.25,1.0750000000000002,93.5
2023-02-09 12:00:00,52.5,1.075,126.15
2023-02-09 13:00:00,39.0,1.125,129.05
2023-02-09 14:00:00,45.0,1.1,129.425
2023-02-09 15:00:00,35.5,0.825,97.2
2023-02-09 16:00:00,35.0,1.25,75.45
2023-02-09 17:00:00,42.75,0.925,54.85
2023-02-09 18:00:00,59.5,0.7,36.95
2023-02-09 19:00:00,67.0,0.525,53.625
2023-02-09 20:00:00,71.25,0.575,42.0
2023-02-09 21:00:00,89.5,0.6499999999999999,29.825
2023-02-09 22:00:00,107.25,0.55,52.875
2023-02-09 23:00:00,110.0,0.575,110.975
2023-02-10 00:00:00,103.0,0.4,116.125
2023-02-10 01:00:00,92.75,0.525,68.825
2023-02-10 02:00:00,83.25,0.575,63.35
2023-02-10 03:00:00,73.75,0.625,113.65
2023-02-10 04:00:00,71.25,0.35,47.1
2023-02-10 05:00:00,76.5,0.575,38.675
2023-02-10 06:00:00,82.25,0.475,32.05
2023-02-10 07:00:00,89.75,0.7,38.45
2023-02-10 08:00:00,102.0,1.5,59.475
2023-02-10 09:00:00,104.5,1.5,54.925
2023-02-10 10:00:00,105.5,1.25,53.65
2023-02-10 11:00:00,111.75,1.175,25.975
2023-02-10 12:00:00,111.5,1.775,47.025
2023-02-10 13:00:00,107.25,1.35,78.75
2023-02-10 14:00:00,66.75,1.4,124.175
2023-02-10 15:00:00,73.75,0.9,58.125
2023-02-10 16:00:00,59.75,1.0,78.575
2023-02-10 17:00:00,53.5,0.9,49.15
2023-02-10 18:00:00,46.0,0.475,91.225
2023-02-10 19:00:00,45.75,0.7749999999999999,102.225
2023-02-10 20:00:00,47.5,0.625,97.875
2023-02-10 21:00:00,60.5,0.55,94.225
2023-02-10 22:00:00,84.75,0.55,147.975
2023-02-10 23:00:00,111.75,0.65,162.025
2023-02-11 00:00:00,126.66666666666669,0.575,103.575
2023-02-11 01:00:00,135.0,0.525,114.625
2023-02-11 02:00:00,137.5,0.4499999999999999,168.2
2023-02-11 03:00:00,133.75,0.6,114.55
2023-02-11 04:00:00,130.25,0.75,163.75
2023-02-11 05:00:00,140.75,0.675,67.225
2023-02-11 06:00:00,138.5,0.775,123.8
2023-02-11 07:00:00,124.75,0.575,113.625
2023-02-11 08:00:00,129.75,0.95,189.275
2023-02-11 09:00:00,152.0,1.375,177.95
2023-02-11 10:00:00,165.5,1.95,182.1
2023-02-11 11:00:00,158.25,2.875,193.5
2023-02-11 12:00:00,143.75,2.675,180.225
2023-02-11 13:00:00,117.5,2.925,191.825
2023-02-11 14:00:00,89.25,2.95,183.675
2023-02-11 15:00:00,70.75,3.1,189.55
2023-02-11 16:00:00,68.75,2.975,181.05
2023-02-11 17:00:00,75.5,2.8,192.0
2023-02-11 18:00:00,84.75,2.175,190.95
2023-02-11 19:00:00,97.25,1.6,184.35
2023-02-11 20:00:00,97.25,1.825,186.175
2023-02-11 21:00:00,115.5,1.725,185.25
2023-02-11 22:00:00,123.0,2.05,197.225
2023-02-11 23:00:00,118.0,2.025,201.775
2023-02-12 00:00:00,98.5,2.025,203.725
2023-02-12 01:00:00,82.25,1.65,187.675
2023-02-12 02:00:00,72.0,0.825,135.2
2023-02-12 03:00:00,66.25,0.575,100.8
2023-02-12 04:00:00,67.0,0.8,150.85
2023-02-12 05:00:00,71.75,1.15,166.375
2023-02-12 06:00:00,82.5,0.35,163.775
2023-02-12 07:00:00,68.5,0.6,150.15
2023-02-12 08:00:00,60.75,2.05,186.5
2023-02-12 09:00:00,67.0,2.65,193.975
2023-02-12 10:00:00,60.5,2.95,198.3
2023-02-12 11:00:00,58.25,3.65,197.475
2023-02-12 12:00:00,51.0,3.5,198.45
2023-02-12 13:00:00,33.25,3.925,199.625
2023-02-12 14:00:00,24.5,4.0,198.325
2023-02-12 15:00:00,22.25,3.675,205.175
2023-02-12 16:00:00,20.75,3.525,210.0
2023-02-12 17:00:00,22.0,3.025,202.725
2023-02-12 18:00:00,19.25,2.425,197.9
2023-02-12 19:00:00,22.0,2.625,197.975
2023-02-12 20:00:00,31.25,2.6,200.625
2023-02-12 21:00:00,43.75,2.95,197.475
2023-02-12 22:00:00,50.75,3.475,206.675
2023-02-12 23:00:00,44.25,2.975,204.075
2023-02-13 00:00:00,37.66666666666666,3.1,194.65
2023-02-13 01:00:00,43.333333333333336,2.95,195.1
2023-02-13 02:00:00,48.0,3.4,202.925
2023-02-13 03:00:00,35.0,2.875,193.725
2023-02-13 04:00:00,33.0,2.0,184.525
2023-02-13 05:00:00,44.0,1.975,186.825
2023-02-13 06:00:00,41.0,2.05,182.0
2023-02-13 07:00:00,51.0,2.925,185.175
2023-02-13 08:00:00,53.0,3.3,185.4
2023-02-13 09:00:00,61.0,4.275,190.3
2023-02-13 10:00:00,57.0,4.625,192.45
2023-02-13 11:00:00,51.0,4.625,195.7
2023-02-13 12:00:00,47.0,5.125,190.925
2023-02-13 13:00:00,40.0,4.975,193.75
2023-02-13 14:00:00,34.0,5.175,194.1
2023-02-13 15:00:00,29.0,4.675,195.875
2023-02-13 16:00:00,27.0,4.75,192.1
2023-02-13 17:00:00,24.0,4.05,194.725
2023-02-13 18:00:00,22.0,2.725,195.475
2023-02-13 19:00:00,27.0,2.675,192.5
2023-02-13 20:00:00,35.0,2.3,191.225
2023-02-13 21:00:00,44.0,2.15,187.4
2023-02-13 22:00:00,50.0,1.825,182.25
2023-02-13 23:00:00,45.0,2.125,184.3
2023-02-14 00:00:00,46.0,1.75,179.47500000000002
2023-02-14 01:00:00,45.0,1.6,181.025
2023-02-14 02:00:00,45.0,0.825,151.075
2023-02-14 03:00:00,50.0,0.85,166.45
2023-02-14 04:00:00,56.0,0.8,171.775
2023-02-14 05:00:00,57.0,1.05,170.35
2023-02-14 06:00:00,58.0,1.45,195.4
2023-02-14 07:00:00,68.0,1.825,193.15
2023-02-14 08:00:00,58.0,2.525,189.55
2023-02-14 09:00:00,64.0,2.925,195.625
2023-02-14 10:00:00,51.0,2.825,209.7
2023-02-14 11:00:00,61.0,3.125,204.6
2023-02-14 12:00:00,66.0,3.1750000000000003,205.05
2023-02-14 13:00:00,46.0,3.1750000000000003,208.375
2023-02-14 14:00:00,35.0,3.625,198.525
2023-02-14 15:00:00,30.0,3.85,193.025
2023-02-14 16:00:00,29.0,3.175,191.95
2023-02-14 17:00:00,30.0,2.35,186.7
2023-02-14 18:00:00,48.0,1.25,174.1
2023-02-14 19:00:00,57.0,1.275,171.2
2023-02-14 20:00:00,66.0,2.05,197.25
2023-02-14 21:00:00,72.0,1.075,165.35
2023-02-14 22:00:00,79.0,0.725,104.3
2023-02-14 23:00:00,83.0,0.725,119.65
2023-02-15 00:00:00,80.0,0.85,157.275
2023-02-15 01:00:00,161.0,0.825,177.325
2023-02-15 02:00:00,111.0,0.65,146.025
2023-02-15 03:00:00,105.0,1.45,197.625
2023-02-15 04:00:00,88.0,1.775,190.675
2023-02-15 05:00:00,91.0,1.525,182.5
2023-02-15 06:00:00,90.0,2.375,187.325
2023-02-15 07:00:00,94.0,2.075,183.9
2023-02-15 08:00:00,97.0,2.525,184.925
2023-02-15 09:00:00,96.0,3.25,185.15
2023-02-15 10:00:00,94.0,2.975,188.05
2023-02-15 11:00:00,91.0,3.125,183.775
2023-02-15 12:00:00,90.0,3.2,196.425
2023-02-15 13:00:00,86.0,3.35,197.45
2023-02-15 14:00:00,78.0,3.35,204.3
2023-02-15 15:00:00,48.0,4.0,193.475
2023-02-15 16:00:00,48.0,3.15,190.55
2023-02-15 17:00:00,58.0,2.25,186.6
2023-02-15 18:00:00,61.0,0.85,118.85
2023-02-15 19:00:00,58.0,0.55,89.475
2023-02-15 20:00:00,66.0,0.75,115.625
2023-02-15 21:00:00,73.0,0.75,123.65
2023-02-15 22:00:00,81.0,0.7,93.375
2023-02-15 23:00:00,103.0,0.625,86.4
2023-02-16 00:00:00,106.0,0.7,116.575
2023-02-16 01:00:00,113.0,0.7,106.675
2023-02-16 02:00:00,112.0,0.675,109.025
2023-02-16 03:00:00,102.0,0.625,143.8
2023-02-16 04:00:00,94.0,0.575,112.6
2023-02-16 05:00:00,99.0,0.625,99.525
2023-02-16 06:00:00,103.0,0.625,133.3
2023-02-16 07:00:00,108.0,0.875,167.35
2023-02-16 08:00:00,118.0,1.15,203.35
2023-02-16 09:00:00,114.0,1.175,245.775
2023-02-16 10:00:00,136.0,0.75,251.225
2023-02-16 11:00:00,143.0,0.7,245.65
2023-02-16 12:00:00,156.0,0.45,197.75
2023-02-16 13:00:00,147.0,1.825,197.775
2023-02-16 14:00:00,151.0,1.65,205.1
2023-02-16 15:00:00,149.0,1.55,226.25
2023-02-16 16:00:00,157.0,1.475,218.225
2023-02-16 17:00:00,201.0,0.6,146.15
2023-02-16 18:00:00,179.0,0.65,100.65
2023-02-16 19:00:00,171.0,0.725,114.8
2023-02-16 20:00:00,175.0,0.625,143.575
2023-02-16 21:00:00,174.0,0.65,128.15
2023-02-16 22:00:00,221.0,0.625,167.20000000000002
2023-02-16 23:00:00,211.0,0.65,127.125
2023-02-17 00:00:00,226.0,0.6,112.725
2023-02-17 01:00:00,249.0,0.55,134.725
2023-02-17 02:00:00,255.0,0.575,104.175
2023-02-17 03:00:00,244.0,0.6749999999999999,85.5
2023-02-17 04:00:00,237.0,0.75,107.1
2023-02-17 05:00:00,237.0,0.625,124.375
2023-02-17 06:00:00,233.0,0.6499999999999999,104.8
2023-02-17 07:00:00,232.0,0.5,118.45
2023-02-17 08:00:00,230.0,0.55,182.425
2023-02-17 09:00:00,243.0,0.525,84.3
2023-02-17 10:00:00,208.0,1.275,32.25
2023-02-17 11:00:00,194.0,1.55,42.4
2023-02-17 12:00:00,227.0,1.1749999999999998,59.25
2023-02-17 13:00:00,132.0,1.025,50.075
2023-02-17 14:00:00,110.0,0.975,39.825
2023-02-17 15:00:00,113.0,0.975,205.25
2023-02-17 16:00:00,129.0,0.75,156.325
2023-02-17 17:00:00,125.0,0.475,128.75
2023-02-17 18:00:00,124.0,0.725,110.2
2023-02-17 19:00:00,175.0,0.8250000000000001,114.0
2023-02-17 20:00:00,207.0,0.725,115.85
2023-02-17 21:00:00,238.0,0.725,105.25
2023-02-17 22:00:00,255.0,0.625,124.925
2023-02-17 23:00:00,274.0,0.675,111.875
2023-02-18 00:00:00,252.0,0.575,117.975
2023-02-18 01:00:00,246.0,0.725,120.05
2023-02-18 02:00:00,226.0,0.675,117.775
2023-02-18 03:00:00,222.0,0.7,107.725
2023-02-18 04:00:00,228.0,0.725,103.4
2023-02-18 05:00:00,224.0,0.675,113.4
2023-02-18 06:00:00,228.0,0.7,108.7
2023-02-18 07:00:00,233.0,0.6,112.55
2023-02-18 08:00:00,243.0,0.475,204.45
2023-02-18 09:00:00,239.0,0.625,268.575
2023-02-18 10:00:00,222.0,0.675,86.4
2023-02-18 11:00:00,184.0,0.875,82.15
2023-02-18 12:00:00,156.0,0.725,176.9
2023-02-18 13:00:00,94.0,0.45,211.325
2023-02-18 14:00:00,121.0,1.225,233.075
2023-02-18 15:00:00,147.0,1.55,220.8
2023-02-18 16:00:00,160.0,1.8,200.25
2023-02-18 17:00:00,106.0,1.0,175.72500000000002
2023-02-18 18:00:00,103.0,0.775,110.45
2023-02-18 19:00:00,123.0,0.55,110.85
2023-02-18 20:00:00,132.0,0.575,99.4
2023-02-18 21:00:00,132.0,0.6,144.925
2023-02-18 22:00:00,158.0,0.75,108.7
2023-02-18 23:00:00,135.0,0.6,148.875
2023-02-19 00:00:00,151.0,0.75,114.975
2023-02-19 01:00:00,139.0,0.75,111.975
2023-02-19 02:00:00,139.0,0.725,116.775
2023-02-19 03:00:00,149.0,0.675,119.15
2023-02-19 04:00:00,145.0,0.725,116.0
2023-02-19 05:00:00,145.0,0.5,126.95
2023-02-19 06:00:00,147.0,0.75,113.2
2023-02-19 07:00:00,168.0,0.7,121.2
2023-02-19 08:00:00,177.0,0.55,170.29999999999998
2023-02-19 09:00:00,172.0,0.95,247.325
2023-02-19 10:00:00,250.0,1.15,114.55
2023-02-19 11:00:00,204.0,1.35,62.625
2023-02-19 12:00:00,188.0,1.025,84.725
2023-02-19 13:00:00,167.0,0.725,99.0
2023-02-19 14:00:00,129.0,1.35,95.125
2023-02-19 15:00:00,147.0,1.275,149.975
2023-02-19 16:00:00,96.0,0.575,116.2
2023-02-19 17:00:00,101.0,0.5,104.75
2023-02-19 18:00:00,110.0,0.425,158.875
2023-02-19 19:00:00,105.0,0.65,100.45
2023-02-19 20:00:00,107.0,0.75,119.0
2023-02-19 21:00:00,124.0,0.7,97.05
2023-02-19 22:00:00,135.0,0.425,118.5
2023-02-19 23:00:00,164.0,0.55,105.6
2023-02-20 00:00:00,173.0,0.55,112.65
2023-02-20 01:00:00,164.0,0.6,97.825
2023-02-20 02:00:00,147.0,0.5,111.2
2023-02-20 03:00:00,140.0,0.65,103.05
2023-02-20 04:00:00,151.0,0.75,97.5
2023-02-20 05:00:00,169.0,0.525,106.9
2023-02-20 06:00:00,173.0,0.4,114.375
2023-02-20 07:00:00,175.0,0.6,111.225
2023-02-20 08:00:00,171.0,0.475,129.25
2023-02-20 09:00:00,208.0,1.1,67.675
2023-02-20 10:00:00,172.0,1.1,59.825
2023-02-20 11:00:00,129.0,1.05,82.025
2023-02-20 12:00:00,84.0,0.975,184.7
2023-02-20 13:00:00,89.0,0.9,150.075
2023-02-20 14:00:00,50.0,0.725,154.225
2023-02-20 15:00:00,59.0,1.5,39.7
2023-02-20 16:00:00,95.0,1.575,49.525
2023-02-20 17:00:00,86.0,1.2,42.2
2023-02-20 18:00:00,86.0,0.625,69.75
2023-02-20 19:00:00,85.0,0.6,84.15
2023-02-20 20:00:00,85.0,0.675,136.6
2023-02-20 21:00:00,91.0,0.6499999999999999,95.325
2023-02-20 22:00:00,97.0,0.625,100.1
2023-02-20 23:00:00,122.0,0.5,70.45
2023-02-21 00:00:00,127.0,0.625,82.3
2023-02-21 01:00:00,106.0,0.675,36.175
2023-02-21 02:00:00,103.0,0.675,36.35
2023-02-21 03:00:00,100.0,0.575,43.775
2023-02-21 04:00:00,108.0,0.475,103.275
2023-02-21 05:00:00,107.0,0.35,123.625
2023-02-21 06:00:00,99.0,0.625,94.125
2023-02-21 07:00:00,92.0,0.75,125.0
2023-02-21 08:00:00,100.0,1.375,76.775
2023-02-21 09:00:00,103.0,0.6,117.025
2023-02-21 10:00:00,110.0,0.8,128.975
2023-02-21 11:00:00,113.0,0.9,133.175
2023-02-21 12:00:00,112.0,1.45,165.45
2023-02-21 13:00:00,91.0,2.0,175.6
2023-02-21 14:00:00,79.0,2.2,178.625
2023-02-21 15:00:00,86.0,2.725,184.3
2023-02-21 16:00:00,85.0,2.425,192.625
2023-02-21 17:00:00,90.0,1.7,176.125
2023-02-21 18:00:00,114.0,0.7,130.925
2023-02-21 19:00:00,119.0,0.625,97.625
2023-02-21 20:00:00,133.0,0.575,86.7
2023-02-21 21:00:00,143.0,0.675,125.275
2023-02-21 22:00:00,160.0,0.75,170.075
2023-02-21 23:00:00,168.0,1.025,180.75
2023-02-22 00:00:00,163.0,0.8,150.25
2023-02-22 01:00:00,152.0,0.6,137.775
2023-02-22 02:00:00,140.0,0.7,131.825
2023-02-22 03:00:00,135.0,1.125,175.8
2023-02-22 04:00:00,130.0,0.7,121.3
2023-02-22 05:00:00,122.0,0.325,241.375
2023-02-22 06:00:00,121.0,0.375,129.35
2023-02-22 07:00:00,122.0,0.6499999999999999,156.125
2023-02-22 08:00:00,119.0,1.325,194.175
2023-02-22 09:00:00,112.0,1.9,197.05
2023-02-22 10:00:00,114.0,1.775,197.2
2023-02-22 11:00:00,124.0,1.3,217.2
2023-02-22 12:00:00,169.0,1.25,207.8
2023-02-22 13:00:00,175.0,1.975,196.775
2023-02-22 14:00:00,149.0,1.95,206.275
2023-02-22 15:00:00,111.0,1.75,214.825
2023-02-22 16:00:00,86.0,1.425,219.85
2023-02-22 17:00:00,69.0,1.025,193.725
2023-02-22 18:00:00,58.0,0.775,116.5
2023-02-22 19:00:00,56.0,0.75,124.75
2023-02-22 20:00:00,66.0,0.725,125.825
2023-02-22 21:00:00,84.0,0.725,113.675
2023-02-22 22:00:00,90.0,0.8,119.45
2023-02-22 23:00:00,108.0,0.725,140.125
2023-02-23 00:00:00,113.0,0.725,142.95
2023-02-23 01:00:00,117.0,0.75,167.65
2023-02-23 02:00:00,128.0,0.7250000000000001,135.675
2023-02-23 03:00:00,127.0,0.75,155.375
2023-02-23 04:00:00,110.0,0.9,167.175
2023-02-23 05:00:00,105.0,1.45,189.375
2023-02-23 06:00:00,110.0,2.05,188.55
2023-02-23 07:00:00,83.0,2.075,190.475
2023-02-23 08:00:00,75.0,2.5,191.6
2023-02-23 09:00:00,66.0,2.5,190.475
2023-02-23 10:00:00,97.0,2.5,189.35
2023-02-23 11:00:00,85.0,3.1333333333333333,199.3333333333333
2023-02-23 12:00:00,62.0,2.85,202.95
2023-02-23 13:00:00,53.0,3.55,189.975
2023-02-23 14:00:00,48.0,4.025,184.15
2023-02-23 15:00:00,47.0,3.625,187.825
2023-02-23 16:00:00,35.0,3.325,188.95
2023-02-23 17:00:00,34.0,2.8,187.975
2023-02-23 18:00:00,29.0,1.15,153.475
2023-02-23 19:00:00,36.0,0.625,91.55
2023-02-23 20:00:00,41.0,1.175,169.875
2023-02-23 21:00:00,45.0,1.025,165.4
2023-02-23 22:00:00,50.0,0.6499999999999999,101.95
2023-02-23 23:00:00,85.0,1.025,145.775
2023-02-24 00:00:00,69.0,1.25,183.325
2023-02-24 01:00:00,73.0,0.8500000000000001,136.275
2023-02-24 02:00:00,67.0,0.65,100.725
2023-02-24 03:00:00,67.0,0.775,103.4
2023-02-24 04:00:00,80.0,0.575,171.225
2023-02-24 05:00:00,91.0,0.5249999999999999,98.7
2023-02-24 06:00:00,88.0,0.425,107.3
2023-02-24 07:00:00,94.0,1.225,191.65
2023-02-24 08:00:00,85.0,1.55,195.25
2023-02-24 09:00:00,97.0,2.3,187.7
2023-02-24 10:00:00,103.0,2.95,181.275
2023-02-24 11:00:00,84.0,2.5,196.925
2023-02-24 12:00:00,70.0,2.25,213.875
2023-02-24 13:00:00,58.0,2.125,201.35
2023-02-24 14:00:00,44.0,2.625,177.575
2023-02-24 15:00:00,31.0,2.6750000000000003,190.475
2023-02-24 16:00:00,24.0,2.725,187.25
2023-02-24 17:00:00,33.0,1.65,177.2
2023-02-24 18:00:00,38.0,0.825,153.225
2023-02-24 19:00:00,47.0,0.75,130.875
2023-02-24 20:00:00,50.0,0.725,103.925
2023-02-24 21:00:00,58.0,0.575,109.675
2023-02-24 22:00:00,69.0,0.6499999999999999,89.275
2023-02-24 23:00:00,89.0,0.5,114.55
2023-02-25 00:00:00,99.0,0.6,99.725
2023-02-25 01:00:00,102.0,0.6,101.2
2023-02-25 02:00:00,103.5,0.675,102.1
2023-02-25 03:00:00,99.75,0.6499999999999999,103.55
2023-02-25 04:00:00,100.5,0.75,95.75
2023-02-25 05:00:00,95.75,0.65,97.95
2023-02-25 06:00:00,93.5,0.775,112.425
2023-02-25 07:00:00,88.0,0.525,141.5
2023-02-25 08:00:00,88.5,1.5,210.4
2023-02-25 09:00:00,99.75,1.55,198.275
2023-02-25 10:00:00,100.5,1.6,220.25
2023-02-25 11:00:00,94.0,1.925,224.625
2023-02-25 12:00:00,84.75,1.525,158.5
2023-02-25 13:00:00,73.25,1.675,177.45
2023-02-25 14:00:00,67.75,1.7,187.3333333333333
2023-02-25 15:00:00,66.25,1.775,193.55
2023-02-25 16:00:00,62.5,1.375,215.775
2023-02-25 17:00:00,57.5,0.8,169.425
2023-02-25 18:00:00,55.25,0.75,112.175
2023-02-25 19:00:00,53.75,0.55,124.875
2023-02-25 20:00:00,59.0,0.625,117.925
2023-02-25 21:00:00,74.75,0.65,127.9
2023-02-25 22:00:00,104.25,0.675,109.775
2023-02-25 23:00:00,134.25,0.675,135.975
2023-02-26 00:00:00,140.5,0.475,137.55
2023-02-26 01:00:00,138.75,0.75,129.225
2023-02-26 02:00:00,141.0,0.7,112.3
2023-02-26 03:00:00,151.25,0.625,110.5
2023-02-26 04:00:00,155.25,0.675,118.4
2023-02-26 05:00:00,154.25,0.65,114.5
2023-02-26 06:00:00,147.75,0.475,124.825
2023-02-26 07:00:00,148.25,0.475,91.9
2023-02-26 08:00:00,169.5,0.575,73.775
2023-02-26 09:00:00,193.5,0.475,195.05
2023-02-26 10:00:00,177.5,0.525,71.125
2023-02-26 11:00:00,127.25,0.975,101.375
2023-02-26 12:00:00,78.25,0.875,140.625
2023-02-26 13:00:00,69.5,0.8500000000000001,134.7
2023-02-26 14:00:00,59.5,1.175,177.125
2023-02-26 15:00:00,58.25,1.925,185.625
2023-02-26 16:00:00,49.5,2.025,186.625
2023-02-26 17:00:00,48.0,0.875,152.625
2023-02-26 18:00:00,49.0,0.575,118.975
2023-02-26 19:00:00,52.0,0.7,115.675
2023-02-26 20:00:00,59.5,0.775,107.625
2023-02-26 21:00:00,77.0,0.675,119.525
2023-02-26 22:00:00,91.5,0.775,115.325
2023-02-26 23:00:00,103.25,0.7,118.1
2023-02-27 00:00:00,115.5,0.775,118.7
2023-02-27 01:00:00,117.25,0.6499999999999999,144.325
2023-02-27 02:00:00,123.75,0.7,122.875
2023-02-27 03:00:00,114.75,0.625,125.075
2023-02-27 04:00:00,126.0,0.625,146.575
2023-02-27 05:00:00,160.75,0.625,141.225
2023-02-27 06:00:00,182.25,0.4,127.275
2023-02-27 07:00:00,166.25,0.525,165.825
2023-02-27 08:00:00,135.75,0.4499999999999999,220.3
2023-02-27 09:00:00,139.5,0.775,168.775
2023-02-27 10:00:00,131.75,1.475,185.75
2023-02-27 11:00:00,112.5,1.425,179.025
2023-02-27 12:00:00,79.75,1.35,186.9
2023-02-27 13:00:00,61.75,1.775,187.225
2023-02-27 14:00:00,45.0,1.825,188.55
2023-02-27 15:00:00,44.0,2.0,196.725
2023-02-27 16:00:00,54.0,2.025,193.325
2023-02-27 17:00:00,63.75,1.575,192.875
2023-02-27 18:00:00,55.5,0.675,119.075
2023-02-27 19:00:00,51.25,0.725,132.725
2023-02-27 20:00:00,54.5,0.825,119.35
2023-02-27 21:00:00,66.25,0.775,101.425
2023-02-27 22:00:00,80.75,0.775,109.85
2023-02-27 23:00:00,86.5,0.7,124.675
2023-02-28 00:00:00,85.75,0.7,132.45
2023-02-28 01:00:00,78.75,0.75,137.3
2023-02-28 02:00:00,78.75,0.625,125.875
2023-02-28 03:00:00,82.0,0.6,135.475
2023-02-28 04:00:00,85.75,0.6749999999999999,101.45
2023-02-28 05:00:00,88.0,0.825,115.55
2023-02-28 06:00:00,89.0,0.5499999999999999,169.575
2023-02-28 07:00:00,90.5,0.6,106.425
2023-02-28 08:00:00,94.0,0.275,250.1
2023-02-28 09:00:00,118.0,0.55,219.125
2023-02-28 10:00:00,113.75,0.6,128.725
2023-02-28 11:00:00,91.5,0.825,71.45
2023-02-28 12:00:00,62.75,0.725,122.75
2023-02-28 13:00:00,62.0,2.525,208.625
2023-02-28 14:00:00,62.25,2.65,229.45
2023-02-28 15:00:00,63.25,2.15,249.425
2023-02-28 16:00:00,56.75,1.9,243.175
2023-02-28 17:00:00,39.5,1.025,231.025
2023-02-28 18:00:00,53.0,1.375,236.125
2023-02-28 19:00:00,50.25,0.475,138.125
2023-02-28 20:00:00,44.75,0.875,146.2
2023-02-28 21:00:00,50.25,0.625,103.65
2023-02-28 22:00:00,50.75,0.35,76.975
2023-02-28 23:00:00,76.0,0.35,148.92499999999998
2023-03-01 00:00:00,70.75,0.55,167.17499999999998
2023-03-01 01:00:00,62.25,0.6,151.6
2023-03-01 02:00:00,56.5,1.075,128.325
2023-03-01 03:00:00,51.25,1.0499999999999998,197.625
2023-03-01 04:00:00,39.0,1.35,172.67499999999998
2023-03-01 05:00:00,38.25,0.7000000000000001,146.475
2023-03-01 06:00:00,51.0,3.65,210.3
2023-03-01 07:00:00,61.75,2.175,275.4
2023-03-01 08:00:00,40.0,0.975,248.3
2023-03-01 09:00:00,40.5,1.9,233.425
2023-03-01 10:00:00,45.25,1.55,295.6
2023-03-01 11:00:00,56.0,1.1,163.925
2023-03-01 12:00:00,58.25,1.025,164.55
2023-03-01 13:00:00,58.5,0.675,206.05
2023-03-01 14:00:00,66.0,0.75,259.85
2023-03-01 15:00:00,63.75,0.65,234.825
2023-03-01 16:00:00,56.75,0.5,142.45
2023-03-01 17:00:00,56.75,0.55,85.775
2023-03-01 18:00:00,58.25,0.725,123.025
2023-03-01 19:00:00,55.75,0.725,114.85
2023-03-01 20:00:00,55.75,0.7,123.95
2023-03-01 21:00:00,59.5,0.725,106.325
2023-03-01 22:00:00,66.75,0.65,112.8
2023-03-01 23:00:00,77.75,0.725,114.9
2023-03-02 00:00:00,98.0,0.575,128.35
2023-03-02 01:00:00,126.0,0.8500000000000001,118.875
2023-03-02 02:00:00,107.75,0.925,184.1
2023-03-02 03:00:00,123.0,0.4,113.45
2023-03-02 04:00:00,113.5,0.5,143.6
2023-03-02 05:00:00,100.25,0.8,140.3
2023-03-02 06:00:00,91.75,0.7,132.3
2023-03-02 07:00:00,89.75,0.55,107.425
2023-03-02 08:00:00,92.25,0.475,150.075
2023-03-02 09:00:00,105.25,0.4499999999999999,155.325
2023-03-02 10:00:00,88.0,1.775,208.1
2023-03-02 11:00:00,94.5,2.075,224.15
2023-03-02 12:00:00,106.25,2.75,195.025
2023-03-02 13:00:00,72.75,2.875,196.75
2023-03-02 14:00:00,41.5,2.375,212.85
2023-03-02 15:00:00,40.25,1.925,205.65
2023-03-02 16:00:00,39.5,1.825,209.2
2023-03-02 17:00:00,35.0,1.775,180.05
2023-03-02 18:00:00,36.25,0.7,124.225
2023-03-02 19:00:00,39.75,0.75,101.7
2023-03-02 20:00:00,39.75,0.675,106.325
2023-03-02 21:00:00,44.25,0.575,101.25
2023-03-02 22:00:00,52.5,0.525,101.25
2023-03-02 23:00:00,59.5,0.625,133.4
2023-03-03 00:00:00,65.33333333333333,0.7,108.75
2023-03-03 01:00:00,60.25,0.9,140.45
2023-03-03 02:00:00,55.75,1.175,180.725
2023-03-03 03:00:00,65.0,1.125,183.225
2023-03-03 04:00:00,87.25,1.25,187.875
2023-03-03 05:00:00,90.75,1.9,198.4
2023-03-03 06:00:00,91.25,0.6000000000000001,127.075
2023-03-03 07:00:00,92.0,1.575,187.05
2023-03-03 08:00:00,84.25,2.175,196.7
2023-03-03 09:00:00,87.25,2.475,197.55
2023-03-03 10:00:00,80.5,2.4,199.375
2023-03-03 11:00:00,64.5,2.65,204.825
2023-03-03 12:00:00,53.0,2.5,218.825
2023-03-03 13:00:00,39.25,3.1,195.975
2023-03-03 14:00:00,32.25,2.75,198.925
2023-03-03 15:00:00,24.75,2.65,211.675
2023-03-03 16:00:00,19.0,2.25,205.375
2023-03-03 17:00:00,22.5,2.1,196.325
2023-03-03 18:00:00,26.5,1.575,181.975
2023-03-03 19:00:00,36.5,1.925,187.05
2023-03-03 20:00:00,47.25,1.675,187.2
2023-03-03 21:00:00,55.5,0.675,131.15
2023-03-03 22:00:00,50.75,0.975,149.1
2023-03-03 23:00:00,48.75,0.775,103.525
2023-03-04 00:00:00,43.25,1.05,167.35
2023-03-04 01:00:00,36.75,1.05,159.475
2023-03-04 02:00:00,34.75,1.175,155.225
2023-03-04 03:00:00,40.25,1.375,170.35
2023-03-04 04:00:00,42.0,1.225,171.375
2023-03-04 05:00:00,45.5,1.1,159.975
2023-03-04 06:00:00,49.0,1.625,208.225
2023-03-04 07:00:00,54.25,1.35,181.925
2023-03-04 08:00:00,51.5,2.1,196.825
2023-03-04 09:00:00,44.75,2.1500000000000004,228.975
2023-03-04 10:00:00,31.25,2.5250000000000004,180.825
2023-03-04 11:00:00,42.25,2.9,164.65
2023-03-04 12:00:00,49.75,1.925,169.275
2023-03-04 13:00:00,34.25,1.95,178.55
2023-03-04 14:00:00,30.75,2.25,179.175
2023-03-04 15:00:00,17.0,2.3,192.45
2023-03-04 16:00:00,16.5,2.3,183.7
2023-03-04 17:00:00,25.25,1.55,178.775
2023-03-04 18:00:00,29.25,0.925,179.55
2023-03-04 19:00:00,33.0,1.225,169.75
2023-03-04 20:00:00,44.0,1.625,182.325
2023-03-04 21:00:00,57.0,1.2,184.9
2023-03-04 22:00:00,75.25,0.7,133.95
2023-03-04 23:00:00,66.25,0.8250000000000001,156.05
2023-03-05 00:00:00,63.66666666666666,1.0,182.575
2023-03-05 01:00:00,63.25,1.0750000000000002,179.2
2023-03-05 02:00:00,62.0,1.275,171.725
2023-03-05 03:00:00,50.25,0.675,189.15
2023-03-05 04:00:00,32.0,0.7749999999999999,134.7
2023-03-05 05:00:00,29.0,1.3250000000000002,180.45
2023-03-05 06:00:00,31.5,0.875,149.79999999999998
2023-03-05 07:00:00,43.0,0.625,135.725
2023-03-05 08:00:00,62.75,1.95,207.85
2023-03-05 09:00:00,77.0,2.575,204.275
2023-03-05 10:00:00,46.0,2.775,212.425
2023-03-05 11:00:00,32.5,3.1,212.925
2023-03-05 12:00:00,26.0,3.3,221.95
2023-03-05 13:00:00,20.75,2.85,222.75
2023-03-05 14:00:00,22.0,3.35,199.125
2023-03-05 15:00:00,20.0,2.75,204.875
2023-03-05 16:00:00,22.25,2.975,191.2
2023-03-05 17:00:00,20.75,2.7,186.425
2023-03-05 18:00:00,24.25,1.4,166.475
2023-03-05 19:00:00,28.75,0.775,160.65
2023-03-05 20:00:00,34.25,1.575,186.95
2023-03-05 21:00:00,45.75,1.175,143.70000000000002
2023-03-05 22:00:00,51.25,0.8500000000000001,91.85
2023-03-05 23:00:00,53.0,1.0,149.25
2023-03-06 00:00:00,56.75,0.875,133.55
2023-03-06 01:00:00,59.75,0.75,128.55
2023-03-06 02:00:00,62.0,0.75,97.8
2023-03-06 03:00:00,57.0,0.65,77.65
2023-03-06 04:00:00,63.0,0.375,114.225
2023-03-06 05:00:00,70.0,0.5,124.3
2023-03-06 06:00:00,79.0,0.7,63.875
2023-03-06 07:00:00,94.0,1.0750000000000002,162.35
2023-03-06 08:00:00,70.0,2.1,192.4
2023-03-06 09:00:00,90.0,2.45,198.875
2023-03-06 10:00:00,97.0,2.6,201.925
2023-03-06 11:00:00,69.0,2.925,207.3
2023-03-06 12:00:00,42.0,2.95,204.75
2023-03-06 13:00:00,35.0,2.975,206.1
2023-03-06 14:00:00,31.0,2.95,206.35
2023-03-06 15:00:00,42.0,2.825,207.825
2023-03-06 16:00:00,35.0,2.6,198.825
2023-03-06 17:00:00,38.0,2.35,193.825
2023-03-06 18:00:00,34.0,1.325,183.85
2023-03-06 19:00:00,27.0,0.6749999999999999,109.55
2023-03-06 20:00:00,34.0,0.6499999999999999,110.8
2023-03-06 21:00:00,59.0,0.675,120.25
2023-03-06 22:00:00,44.0,0.725,102.8
2023-03-06 23:00:00,53.0,0.725,104.875
2023-03-07 00:00:00,66.0,0.6,108.7
2023-03-07 01:00:00,68.0,0.625,148.55
2023-03-07 02:00:00,72.0,0.725,99.425
2023-03-07 03:00:00,100.0,0.675,124.15
2023-03-07 04:00:00,97.0,0.7,89.075
2023-03-07 05:00:00,96.0,0.675,98.825
2023-03-07 06:00:00,97.0,0.5,129.425
2023-03-07 07:00:00,92.0,0.475,212.775
2023-03-07 08:00:00,101.0,1.25,209.775
2023-03-07 09:00:00,112.0,1.325,229.575
2023-03-07 10:00:00,83.0,1.35,212.8
2023-03-07 11:00:00,84.0,1.35,181.275
2023-03-07 12:00:00,70.0,1.525,159.0
2023-03-07 13:00:00,53.0,1.775,184.4
2023-03-07 14:00:00,45.0,1.8,208.03333333333333
2023-03-07 15:00:00,44.0,2.05,216.725
2023-03-07 16:00:00,40.0,2.1,210.275
2023-03-07 17:00:00,31.0,2.025,193.35
2023-03-07 18:00:00,25.0,0.975,141.8
2023-03-07 19:00:00,25.0,0.825,105.925
2023-03-07 20:00:00,25.0,0.675,100.55
2023-03-07 21:00:00,34.0,0.7,102.275
2023-03-07 22:00:00,52.0,0.525,110.575
2023-03-07 23:00:00,69.0,0.75,105.125
2023-03-08 00:00:00,88.0,0.65,103.475
2023-03-08 01:00:00,121.0,0.6,104.0
2023-03-08 02:00:00,124.0,0.725,107.525
2023-03-08 03:00:00,124.0,0.475,105.0
2023-03-08 04:00:00,139.0,0.625,143.0
2023-03-08 05:00:00,164.0,0.65,116.2
2023-03-08 06:00:00,169.0,0.525,79.2
2023-03-08 07:00:00,151.0,0.525,103.825
2023-03-08 08:00:00,132.0,1.0333333333333334,234.85
2023-03-08 09:00:00,151.0,0.975,298.7
2023-03-08 10:00:00,121.0,1.425,239.375
2023-03-08 11:00:00,79.0,0.7,196.85
2023-03-08 12:00:00,63.0,1.275,198.55
2023-03-08 13:00:00,63.0,1.675,217.375
2023-03-08 14:00:00,59.0,1.4,204.3
2023-03-08 15:00:00,45.0,1.375,186.35
2023-03-08 16:00:00,35.0,1.875,204.85
2023-03-08 17:00:00,45.0,1.875,196.8
2023-03-08 18:00:00,41.0,0.625,120.275
2023-03-08 19:00:00,42.0,0.425,120.4
2023-03-08 20:00:00,50.0,0.6749999999999999,131.8
2023-03-08 21:00:00,51.0,0.625,112.575
2023-03-08 22:00:00,55.0,0.825,100.2
2023-03-08 23:00:00,59.0,0.65,70.9
2023-03-09 00:00:00,73.0,0.95,74.925
2023-03-09 01:00:00,58.0,1.475,78.95
2023-03-09 02:00:00,35.0,0.775,80.8
2023-03-09 03:00:00,35.0,0.8,84.25
2023-03-09 04:00:00,18.0,0.5,79.69999999999999
2023-03-09 05:00:00,18.0,0.6499999999999999,182.775
2023-03-09 06:00:00,14.0,0.525,138.925
2023-03-09 07:00:00,20.0,0.55,99.875
2023-03-09 08:00:00,24.0,1.0,193.125
2023-03-09 09:00:00,31.0,1.5,201.5
2023-03-09 10:00:00,30.0,1.65,218.95
2023-03-09 11:00:00,57.0,0.925,232.475
2023-03-09 12:00:00,52.0,1.15,200.375
2023-03-09 13:00:00,50.0,1.0,143.45
2023-03-09 14:00:00,42.0,1.175,216.9
2023-03-09 15:00:00,52.0,1.25,116.575
2023-03-09 16:00:00,46.0,1.4,71.125
2023-03-09 17:00:00,50.0,0.925,113.2
2023-03-09 18:00:00,55.0,0.375,230.35
2023-03-09 19:00:00,51.0,0.625,97.925
2023-03-09 20:00:00,48.0,0.65,105.6
2023-03-09 21:00:00,72.0,0.75,99.575
2023-03-09 22:00:00,73.0,0.65,107.35
2023-03-09 23:00:00,75.0,0.575,106.25
2023-03-10 00:00:00,70.0,0.6499999999999999,110.3
2023-03-10 01:00:00,63.0,0.575,103.925
2023-03-10 02:00:00,66.0,0.6,90.125
2023-03-10 03:00:00,64.0,0.6,111.1
2023-03-10 04:00:00,68.0,0.575,158.325
2023-03-10 05:00:00,81.0,0.675,136.5
2023-03-10 06:00:00,78.0,1.4,196.625
2023-03-10 07:00:00,103.0,0.425,204.825
2023-03-10 08:00:00,99.0,1.625,195.9
2023-03-10 09:00:00,107.0,1.975,189.8
2023-03-10 10:00:00,77.0,1.95,196.475
2023-03-10 11:00:00,56.0,2.225,189.35
2023-03-10 12:00:00,46.0,2.4,181.5
2023-03-10 13:00:00,52.0,2.675,192.825
2023-03-10 14:00:00,44.0,2.575,198.375
2023-03-10 15:00:00,51.0,2.6333333333333333,206.1
2023-03-10 16:00:00,47.0,2.7,200.775
2023-03-10 17:00:00,41.0,2.0250000000000004,198.7
2023-03-10 18:00:00,38.0,1.925,188.625
2023-03-10 19:00:00,47.0,1.1,153.85
2023-03-10 20:00:00,52.0,0.6749999999999999,90.3
2023-03-10 21:00:00,63.0,0.75,98.85
2023-03-10 22:00:00,68.0,0.7,110.875
2023-03-10 23:00:00,72.0,0.625,99.775
2023-03-11 00:00:00,80.0,0.675,106.4
2023-03-11 01:00:00,89.0,0.6666666666666666,102.3
2023-03-11 02:00:00,84.0,0.6499999999999999,147.9
2023-03-11 03:00:00,75.0,0.525,118.075
2023-03-11 04:00:00,84.0,0.475,105.925
2023-03-11 05:00:00,89.0,0.6,103.025
2023-03-11 06:00:00,94.0,0.525,79.0
2023-03-11 07:00:00,96.0,0.5,132.675
2023-03-11 08:00:00,95.0,1.0,214.425
2023-03-11 09:00:00,96.0,1.175,148.35
2023-03-11 10:00:00,81.0,0.775,119.775
2023-03-11 11:00:00,67.0,0.975,122.95
2023-03-11 12:00:00,59.0,1.6,177.125
2023-03-11 13:00:00,58.0,2.5,172.22500000000002
2023-03-11 14:00:00,34.0,1.625,171.55
2023-03-11 15:00:00,30.0,2.15,202.1
2023-03-11 16:00:00,34.0,2.175,190.4
2023-03-11 17:00:00,31.0,1.975,181.475
2023-03-11 18:00:00,31.0,0.575,96.875
2023-03-11 19:00:00,27.0,0.575,96.55
2023-03-11 20:00:00,34.0,0.725,101.35
2023-03-11 21:00:00,47.0,0.6499999999999999,98.825
2023-03-11 22:00:00,64.0,0.75,106.575
2023-03-11 23:00:00,74.0,0.775,122.6
2023-03-12 00:00:00,81.0,0.425,97.875
2023-03-12 01:00:00,91.0,0.575,114.75
2023-03-12 02:00:00,92.0,0.525,109.975
2023-03-12 03:00:00,94.0,0.675,106.05
2023-03-12 04:00:00,84.0,0.575,112.975
2023-03-12 05:00:00,91.0,0.575,107.95
2023-03-12 06:00:00,97.0,0.65,108.5
2023-03-12 07:00:00,100.0,0.625,93.825
2023-03-12 08:00:00,96.0,0.725,70.875
2023-03-12 09:00:00,130.0,1.175,75.725
2023-03-12 10:00:00,83.0,0.9,124.45
2023-03-12 11:00:00,90.0,0.925,132.525
2023-03-12 12:00:00,70.0,1.025,175.2
2023-03-12 13:00:00,51.0,1.65,222.875
2023-03-12 14:00:00,46.0,2.075,194.425
2023-03-12 15:00:00,40.0,2.1500000000000004,242.15
2023-03-12 16:00:00,51.0,1.875,208.45
2023-03-12 17:00:00,46.0,1.325,187.175
2023-03-12 18:00:00,48.0,0.75,108.075
2023-03-12 19:00:00,46.0,0.675,97.75
2023-03-12 20:00:00,47.0,0.675,101.05
2023-03-12 21:00:00,47.0,0.775,110.35
2023-03-12 22:00:00,59.0,0.8250000000000001,106.8
2023-03-12 23:00:00,73.0,0.675,116.5
2023-03-13 00:00:00,85.0,0.625,133.52499999999998
2023-03-13 01:00:00,102.0,0.525,133.45
2023-03-13 02:00:00,121.0,0.675,101.5
2023-03-13 03:00:00,118.0,0.55,125.7
2023-03-13 04:00:00,111.0,0.75,101.5
2023-03-13 05:00:00,106.0,0.55,111.875
2023-03-13 06:00:00,108.0,0.625,100.025
2023-03-13 07:00:00,96.0,0.475,133.65
2023-03-13 08:00:00,106.0,0.425,183.0
2023-03-13 09:00:00,158.0,0.75,145.525
2023-03-13 10:00:00,103.0,0.775,153.425
2023-03-13 11:00:00,85.0,1.9,190.625
2023-03-13 12:00:00,70.0,1.6,188.175
2023-03-13 13:00:00,70.0,1.9,205.525
2023-03-13 14:00:00,75.0,1.8,210.15
2023-03-13 15:00:00,61.0,2.333333333333333,207.7333333333333
2023-03-13 16:00:00,72.0,1.75,215.575
2023-03-13 17:00:00,53.0,1.775,186.325
2023-03-13 18:00:00,40.0,0.875,116.7
2023-03-13 19:00:00,41.0,0.6,93.225
2023-03-13 20:00:00,36.0,0.675,115.0
2023-03-13 21:00:00,47.0,0.775,107.6
2023-03-13 22:00:00,63.0,0.875,153.55
2023-03-13 23:00:00,77.0,0.75,131.6
2023-03-14 00:00:00,80.0,0.75,100.575
2023-03-14 01:00:00,99.0,0.8,106.975
2023-03-14 02:00:00,79.0,0.8500000000000001,112.075
2023-03-14 03:00:00,86.0,0.8,131.425
2023-03-14 04:00:00,86.0,0.45,127.65
2023-03-14 05:00:00,85.0,0.55,154.4
2023-03-14 06:00:00,92.0,0.375,139.925
2023-03-14 07:00:00,103.0,0.55,158.7
2023-03-14 08:00:00,99.0,1.125,187.125
2023-03-14 09:00:00,144.0,1.775,180.6
2023-03-14 10:00:00,106.0,2.375,185.2
2023-03-14 11:00:00,89.0,2.5,179.25
2023-03-14 12:00:00,70.0,1.925,191.075
2023-03-14 13:00:00,64.0,2.0,196.125
2023-03-14 14:00:00,52.0,3.0,195.6
2023-03-14 15:00:00,40.0,3.05,186.7
2023-03-14 16:00:00,29.0,2.575,196.4
2023-03-14 17:00:00,39.0,2.6,183.475
2023-03-14 18:00:00,46.0,1.625,163.075
2023-03-14 19:00:00,42.0,0.8250000000000001,99.075
2023-03-14 20:00:00,46.0,0.7,107.0
2023-03-14 21:00:00,46.0,0.625,128.325
2023-03-14 22:00:00,48.0,0.75,101.125
2023-03-14 23:00:00,58.0,0.6,127.125
2023-03-15 00:00:00,59.0,0.725,114.3
2023-03-15 01:00:00,62.0,0.525,127.625
2023-03-15 02:00:00,59.0,0.55,119.3
2023-03-15 03:00:00,66.0,0.425,119.475
2023-03-15 04:00:00,63.0,0.575,131.55
2023-03-15 05:00:00,59.0,0.625,105.4
2023-03-15 06:00:00,62.0,0.65,108.1
2023-03-15 07:00:00,66.0,0.5750000000000001,94.225
2023-03-15 08:00:00,78.0,0.575,72.725
2023-03-15 09:00:00,102.0,0.575,206.075
2023-03-15 10:00:00,68.0,1.125,57.875
2023-03-15 11:00:00,51.0,0.85,107.975
2023-03-15 12:00:00,47.0,0.65,120.55
2023-03-15 13:00:00,41.0,1.275,133.9
2023-03-15 14:00:00,39.0,1.35,157.95
2023-03-15 15:00:00,45.0,0.8999999999999999,236.1
2023-03-15 16:00:00,33.0,1.1,214.45
2023-03-15 17:00:00,31.0,0.7250000000000001,140.3
2023-03-15 18:00:00,34.0,0.725,119.075
2023-03-15 19:00:00,39.0,0.775,148.725
2023-03-15 20:00:00,41.0,0.725,103.55
2023-03-15 21:00:00,57.0,0.675,109.1
2023-03-15 22:00:00,116.0,0.725,100.25
2023-03-15 23:00:00,94.0,0.5,158.3
2023-03-16 00:00:00,105.0,0.675,116.2
2023-03-16 01:00:00,113.0,0.725,117.9
2023-03-16 02:00:00,111.0,0.825,119.8
2023-03-16 03:00:00,123.0,0.4,95.05
2023-03-16 04:00:00,117.0,0.75,143.1
2023-03-16 05:00:00,121.0,0.625,124.35
2023-03-16 06:00:00,132.0,0.8,107.8
2023-03-16 07:00:00,147.0,0.725,158.95
2023-03-16 08:00:00,138.0,0.65,163.3
2023-03-16 09:00:00,143.0,0.325,181.15
2023-03-16 10:00:00,150.0,0.8,155.675
2023-03-16 11:00:00,127.0,1.45,53.725
2023-03-16 12:00:00,56.0,0.7,207.15
2023-03-16 13:00:00,74.0,0.8500000000000001,108.225
2023-03-16 14:00:00,67.0,1.675,53.975
2023-03-16 15:00:00,52.0,1.4,43.2
2023-03-16 16:00:00,34.0,1.55,46.225
2023-03-16 17:00:00,28.0,1.5,69.36666666666666
2023-03-16 18:00:00,30.0,0.675,100.125
2023-03-16 19:00:00,34.5,0.275,229.725
2023-03-16 20:00:00,31.25,0.575,119.725
2023-03-16 21:00:00,38.75,0.45,51.225
2023-03-16 22:00:00,50.75,0.525,144.67499999999998
2023-03-16 23:00:00,49.75,0.5249999999999999,205.75
2023-03-17 00:00:00,40.0,0.825,130.2
2023-03-17 01:00:00,39.75,0.525,145.95
2023-03-17 02:00:00,38.75,0.575,159.1
2023-03-17 03:00:00,38.75,0.75,136.47500000000002
2023-03-17 04:00:00,40.25,0.55,107.425
2023-03-17 05:00:00,39.5,0.75,132.1
2023-03-17 06:00:00,48.75,0.6666666666666666,105.4
2023-03-17 07:00:00,65.5,0.55,148.05
2023-03-17 08:00:00,89.75,0.825,223.075
2023-03-17 09:00:00,139.75,1.375,194.4
2023-03-17 10:00:00,143.25,1.125,221.275
2023-03-17 11:00:00,157.25,1.125,62.675
2023-03-17 12:00:00,145.75,1.35,52.650000000000006
2023-03-17 13:00:00,102.5,1.125,77.125
2023-03-17 14:00:00,105.5,1.525,84.625
2023-03-17 15:00:00,80.5,1.125,89.2
2023-03-17 16:00:00,51.75,0.85,60.175
2023-03-17 17:00:00,69.25,1.075,50.0
2023-03-17 18:00:00,76.0,0.8,82.25
2023-03-17 19:00:00,91.75,0.325,83.95
2023-03-17 20:00:00,87.25,0.325,137.675
2023-03-17 21:00:00,95.25,0.625,68.82499999999999
2023-03-17 22:00:00,98.25,0.55,98.125
2023-03-17 23:00:00,99.0,0.5,100.825
2023-03-18 00:00:00,114.75,0.6749999999999999,111.625
2023-03-18 01:00:00,132.5,0.8,71.125
2023-03-18 02:00:00,116.25,0.75,93.325
2023-03-18 03:00:00,90.5,0.6,237.475
2023-03-18 04:00:00,92.0,0.5,135.925
2023-03-18 05:00:00,92.0,1.225,42.25
2023-03-18 06:00:00,91.0,0.475,149.1
2023-03-18 07:00:00,85.25,0.8,274.075
2023-03-18 08:00:00,73.75,1.3,314.3
2023-03-18 09:00:00,68.75,1.3,253.55
2023-03-18 10:00:00,81.0,1.35,190.525
2023-03-18 11:00:00,75.0,1.3,30.825
2023-03-18 12:00:00,72.0,1.775,45.05
2023-03-18 13:00:00,70.75,1.95,235.875
2023-03-18 14:00:00,58.5,2.45,301.175
2023-03-18 15:00:00,32.25,1.7,272.425
2023-03-18 16:00:00,29.75,0.475,148.22500000000002
2023-03-18 17:00:00,31.75,0.675,172.3
2023-03-18 18:00:00,43.0,0.675,115.1
2023-03-18 19:00:00,51.0,0.55,118.55
2023-03-18 20:00:00,50.0,0.775,32.150000000000006
2023-03-18 21:00:00,60.25,0.725,199.975
2023-03-18 22:00:00,72.75,0.425,123.925
2023-03-18 23:00:00,68.5,0.425,115.55
2023-03-19 00:00:00,56.75,0.45,85.775
2023-03-19 01:00:00,53.0,0.525,135.9
2023-03-19 02:00:00,52.5,0.575,138.2
2023-03-19 03:00:00,51.25,0.4499999999999999,132.25
2023-03-19 04:00:00,52.25,0.65,135.7
2023-03-19 05:00:00,53.0,0.4,137.975
2023-03-19 06:00:00,52.75,0.425,108.9
2023-03-19 07:00:00,54.5,0.575,55.25
2023-03-19 08:00:00,67.5,0.975,44.975
2023-03-19 09:00:00,87.75,0.7,128.6
2023-03-19 10:00:00,95.0,0.8,190.5
2023-03-19 11:00:00,81.5,1.3250000000000002,99.95
2023-03-19 12:00:00,77.5,0.925,35.5
2023-03-19 13:00:00,75.75,1.3,179.425
2023-03-19 14:00:00,69.5,1.575,259.65
2023-03-19 15:00:00,83.75,0.925,205.55
2023-03-19 16:00:00,96.5,0.65,106.325
2023-03-19 17:00:00,98.25,0.475,107.275
2023-03-19 18:00:00,88.75,1.2,179.04999999999998
2023-03-19 19:00:00,76.75,0.375,142.6
2023-03-19 20:00:00,49.25,0.275,160.39999999999998
2023-03-19 21:00:00,40.5,0.725,102.0
2023-03-19 22:00:00,41.75,0.725,121.75
2023-03-19 23:00:00,48.75,0.4,134.65
2023-03-20 00:00:00,44.75,0.525,144.2
2023-03-20 01:00:00,41.5,0.45,165.225
2023-03-20 02:00:00,32.75,0.45,159.4
2023-03-20 03:00:00,28.75,0.45,173.5
2023-03-20 04:00:00,28.0,0.425,111.475
2023-03-20 05:00:00,28.25,0.65,145.65
2023-03-20 06:00:00,30.75,0.575,119.35
2023-03-20 07:00:00,39.0,0.725,81.675
2023-03-20 08:00:00,48.75,0.675,93.25
2023-03-20 09:00:00,49.5,1.05,150.675
2023-03-20 10:00:00,42.75,1.325,190.95
2023-03-20 11:00:00,38.75,1.1,207.825
2023-03-20 12:00:00,46.5,1.2000000000000002,148.4
2023-03-20 13:00:00,47.0,2.55,55.15
2023-03-20 14:00:00,46.75,2.775,50.125
2023-03-20 15:00:00,30.75,2.675,41.125
2023-03-20 16:00:00,39.5,2.1,47.35
2023-03-20 17:00:00,35.25,2.025,51.225
2023-03-20 18:00:00,26.0,1.525,72.175
2023-03-20 19:00:00,41.75,2.725,190.125
2023-03-20 20:00:00,17.0,0.6,190.05
2023-03-20 21:00:00,12.0,0.95,242.025
2023-03-20 22:00:00,14.0,0.775,263.0
2023-03-20 23:00:00,18.5,0.875,173.225
2023-03-21 00:00:00,14.75,1.0750000000000002,305.1
2023-03-21 01:00:00,19.0,0.875,320.675
2023-03-21 02:00:00,26.25,0.475,247.575
2023-03-21 03:00:00,30.75,0.475,146.025
2023-03-21 04:00:00,31.0,0.8,132.65
2023-03-21 05:00:00,25.0,0.925,187.375
2023-03-21 06:00:00,23.5,0.575,162.125
2023-03-21 07:00:00,22.0,1.125,253.65
2023-03-21 08:00:00,33.5,0.925,257.975
2023-03-21 09:00:00,43.5,1.125,235.5
2023-03-21 10:00:00,49.5,0.775,166.925
2023-03-21 11:00:00,50.25,0.75,219.525
2023-03-21 12:00:00,66.25,1.1,245.65
2023-03-21 13:00:00,65.75,1.125,307.20000000000005
2023-03-21 14:00:00,61.25,1.325,305.025
2023-03-21 15:00:00,56.25,1.05,278.55
2023-03-21 16:00:00,44.5,1.5,229.925
2023-03-21 17:00:00,33.0,0.95,192.925
2023-03-21 18:00:00,33.0,0.6499999999999999,187.375
2023-03-21 19:00:00,43.25,0.625,106.375
2023-03-21 20:00:00,45.5,0.8,105.425
2023-03-21 21:00:00,42.5,0.6499999999999999,115.525
2023-03-21 22:00:00,45.75,0.775,119.2
2023-03-21 23:00:00,41.5,0.5,134.675
2023-03-22 00:00:00,42.75,0.525,123.3
2023-03-22 01:00:00,54.25,0.575,107.45
2023-03-22 02:00:00,64.75,0.65,136.75
2023-03-22 03:00:00,71.25,0.65,145.225
2023-03-22 04:00:00,80.25,0.775,106.25
2023-03-22 05:00:00,67.5,0.375,95.575
2023-03-22 06:00:00,63.0,0.55,63.175
2023-03-22 07:00:00,66.75,0.575,200.075
2023-03-22 08:00:00,75.0,0.8,78.575
2023-03-22 09:00:00,74.25,1.225,153.8
2023-03-22 10:00:00,100.5,1.175,178.725
2023-03-22 11:00:00,102.5,0.525,106.05
2023-03-22 12:00:00,88.25,0.85,102.05
2023-03-22 13:00:00,70.75,0.85,211.55
2023-03-22 14:00:00,84.5,0.65,189.85
2023-03-22 15:00:00,99.75,1.025,262.725
2023-03-22 16:00:00,90.75,0.9,240.725
2023-03-22 17:00:00,73.25,0.75,132.525
2023-03-22 18:00:00,68.25,0.575,83.225
2023-03-22 19:00:00,60.75,1.475,182.575
2023-03-22 20:00:00,36.5,0.675,144.325
2023-03-22 21:00:00,37.0,0.65,152.0
2023-03-22 22:00:00,35.5,0.325,128.775
2023-03-22 23:00:00,40.0,0.425,158.2
2023-03-23 00:00:00,40.25,0.65,151.175
2023-03-23 01:00:00,40.5,0.4,216.3
2023-03-23 02:00:00,37.75,0.55,47.1
2023-03-23 03:00:00,33.0,0.8,163.02499999999998
2023-03-23 04:00:00,30.0,0.625,147.975
2023-03-23 05:00:00,32.25,0.5,108.275
2023-03-23 06:00:00,39.5,0.6,72.95
2023-03-23 07:00:00,41.25,0.65,166.05
2023-03-23 08:00:00,49.0,1.4,207.65
2023-03-23 09:00:00,65.25,1.925,210.525
2023-03-23 10:00:00,48.75,1.95,214.65
2023-03-23 11:00:00,42.66666666666666,1.875,214.875
2023-03-23 12:00:00,44.0,2.1666666666666665,202.53333333333333
2023-03-23 13:00:00,39.0,2.8,189.45
2023-03-23 14:00:00,28.0,2.3666666666666667,197.0666666666667
2023-03-23 15:00:00,28.0,2.033333333333333,208.6
2023-03-23 16:00:00,28.0,2.25,213.95
2023-03-23 17:00:00,28.0,1.475,208.075
2023-03-23 18:00:00,22.0,0.85,123.2
2023-03-23 19:00:00,22.0,0.55,120.225
2023-03-23 20:00:00,23.0,0.75,112.45
2023-03-23 21:00:00,28.0,0.625,107.925
2023-03-23 22:00:00,36.0,0.625,156.725
2023-03-23 23:00:00,41.0,0.725,138.375
2023-03-24 00:00:00,59.0,0.45,119.7
2023-03-24 01:00:00,68.0,0.55,133.075
2023-03-24 02:00:00,66.0,0.525,94.4
2023-03-24 03:00:00,70.0,0.6,120.7
2023-03-24 04:00:00,72.0,0.525,97.6
2023-03-24 05:00:00,72.0,0.65,83.725
2023-03-24 06:00:00,79.0,0.65,80.25
2023-03-24 07:00:00,84.0,0.775,94.075
2023-03-24 08:00:00,123.0,1.05,99.875
2023-03-24 09:00:00,182.0,1.025,157.725
2023-03-24 10:00:00,114.0,0.8250000000000001,144.675
2023-03-24 11:00:00,94.0,0.75,111.625
2023-03-24 12:00:00,67.0,0.925,181.2
2023-03-24 13:00:00,61.0,1.75,47.725
2023-03-24 14:00:00,18.0,1.875,41.9
2023-03-24 15:00:00,12.0,1.7,192.75
2023-03-24 16:00:00,50.0,1.4333333333333331,22.83333333333333
2023-03-24 17:00:00,46.0,1.3,32.775
2023-03-24 18:00:00,34.0,0.825,97.825
2023-03-24 19:00:00,40.0,0.55,62.75
2023-03-24 20:00:00,50.0,1.275,40.325
2023-03-24 21:00:00,40.0,1.85,129.425
2023-03-24 22:00:00,40.0,1.2,253.65
2023-03-24 23:00:00,46.0,0.55,187.675
2023-03-25 00:00:00,38.0,1.1,25.5
2023-03-25 01:00:00,44.0,1.05,348.925
2023-03-25 02:00:00,46.0,0.825,172.925
2023-03-25 03:00:00,50.0,1.05,10.8
2023-03-25 04:00:00,36.0,1.225,27.45
2023-03-25 05:00:00,29.0,1.25,31.1
2023-03-25 06:00:00,23.0,1.0,25.95
2023-03-25 07:00:00,25.0,1.3,34.900000000000006
2023-03-25 08:00:00,28.0,2.0,42.6
2023-03-25 09:00:00,34.0,2.325,44.225
2023-03-25 10:00:00,17.0,2.075,52.275000000000006
2023-03-25 11:00:00,28.0,2.15,56.325
2023-03-25 12:00:00,24.0,1.95,56.275000000000006
2023-03-25 13:00:00,17.0,1.45,37.65
2023-03-25 14:00:00,9.0,1.175,154.8
2023-03-25 15:00:00,23.0,1.1666666666666667,52.46666666666667
2023-03-25 16:00:00,22.0,0.8,35.0
2023-03-25 17:00:00,23.0,0.55,251.9
2023-03-25 18:00:00,22.0,0.6,157.575
2023-03-25 19:00:00,29.0,0.75,108.25
2023-03-25 20:00:00,28.0,0.75,128.125
2023-03-25 21:00:00,45.0,0.525,182.675
2023-03-25 22:00:00,51.0,0.45,95.175
2023-03-25 23:00:00,50.0,0.6,109.375
2023-03-26 00:00:00,68.33333333333333,0.675,102.525
2023-03-26 01:00:00,70.0,0.5499999999999999,134.3
2023-03-26 02:00:00,73.0,0.725,114.675
2023-03-26 03:00:00,71.75,0.475,157.10000000000002
2023-03-26 04:00:00,68.5,0.95,180.55
2023-03-26 05:00:00,69.0,0.625,143.725
2023-03-26 06:00:00,63.75,0.75,108.8
2023-03-26 07:00:00,56.0,0.875,163.075
2023-03-26 08:00:00,58.25,1.25,252.525
2023-03-26 09:00:00,68.25,1.225,262.2
2023-03-26 10:00:00,48.5,1.675,253.075
2023-03-26 11:00:00,40.75,0.95,250.075
2023-03-26 12:00:00,40.0,1.825,203.275
2023-03-26 13:00:00,40.0,2.1,193.75
2023-03-26 14:00:00,39.75,2.625,192.6
2023-03-26 15:00:00,38.0,3.1,191.05
2023-03-26 16:00:00,35.75,3.05,185.8
2023-03-26 17:00:00,37.25,2.575,190.825
2023-03-26 18:00:00,35.25,1.775,192.075
2023-03-26 19:00:00,36.0,0.975,174.075
2023-03-26 20:00:00,36.75,0.8,151.225
2023-03-26 21:00:00,40.25,0.775,133.8
2023-03-26 22:00:00,45.5,1.35,199.125
2023-03-26 23:00:00,47.0,0.625,226.75
2023-03-27 00:00:00,36.25,0.775,198.075
2023-03-27 01:00:00,31.0,0.8,167.525
2023-03-27 02:00:00,31.0,0.925,133.475
2023-03-27 03:00:00,30.5,0.575,143.325
2023-03-27 04:00:00,29.25,0.5,107.5
2023-03-27 05:00:00,36.5,1.025,180.85
2023-03-27 06:00:00,59.0,1.0,184.525
2023-03-27 07:00:00,72.5,1.3,203.25
2023-03-27 08:00:00,109.0,2.2,191.7
2023-03-27 09:00:00,172.5,2.175,193.025
2023-03-27 10:00:00,135.75,2.75,188.55
2023-03-27 11:00:00,69.5,2.775,184.375
2023-03-27 12:00:00,48.5,2.5500000000000003,186.525
2023-03-27 13:00:00,33.75,2.975,184.4
2023-03-27 14:00:00,27.5,3.2,188.3
2023-03-27 15:00:00,20.75,3.3,194.975
2023-03-27 16:00:00,22.25,2.55,201.45
2023-03-27 17:00:00,21.75,2.3,193.05
2023-03-27 18:00:00,26.5,1.55,177.625
2023-03-27 19:00:00,26.0,0.725,105.8
2023-03-27 20:00:00,30.0,0.625,114.125
2023-03-27 21:00:00,34.25,0.7,104.075
2023-03-27 22:00:00,40.0,0.775,111.5
2023-03-27 23:00:00,48.25,0.8,109.775
2023-03-28 00:00:00,55.25,0.7,127.25
2023-03-28 01:00:00,56.25,0.725,107.575
2023-03-28 02:00:00,56.5,0.75,110.8
2023-03-28 03:00:00,54.0,0.65,109.55
2023-03-28 04:00:00,50.75,0.625,118.6
2023-03-28 05:00:00,50.5,0.65,121.05
2023-03-28 06:00:00,52.0,0.4,129.925
2023-03-28 07:00:00,58.25,1.075,195.175
2023-03-28 08:00:00,89.0,2.0250000000000004,181.9
2023-03-28 09:00:00,114.5,2.3,182.85
2023-03-28 10:00:00,76.25,2.1,172.95
2023-03-28 11:00:00,51.5,2.2,177.1
2023-03-28 12:00:00,36.0,2.55,176.675
2023-03-28 13:00:00,28.25,2.675,187.9
2023-03-28 14:00:00,20.75,2.925,186.275
2023-03-28 15:00:00,14.5,3.75,195.05
2023-03-28 16:00:00,16.75,2.6,198.0
2023-03-28 17:00:00,21.0,1.95,202.525
2023-03-28 18:00:00,26.5,0.975,165.05
2023-03-28 19:00:00,26.5,0.775,110.275
2023-03-28 20:00:00,31.5,0.725,106.275
2023-03-28 21:00:00,34.5,0.75,128.675
2023-03-28 22:00:00,40.25,0.75,118.375
2023-03-28 23:00:00,47.5,0.7,122.375
2023-03-29 00:00:00,60.75,0.6499999999999999,126.175
2023-03-29 01:00:00,70.5,0.8500000000000001,132.925
2023-03-29 02:00:00,75.0,0.675,116.5
2023-03-29 03:00:00,81.0,0.725,138.55
2023-03-29 04:00:00,90.0,0.675,113.125
2023-03-29 05:00:00,94.0,0.65,121.575
2023-03-29 06:00:00,105.0,0.75,118.825
2023-03-29 07:00:00,103.0,0.4,125.95
2023-03-29 08:00:00,106.0,0.925,33.15
2023-03-29 09:00:00,156.0,1.15,64.65
2023-03-29 10:00:00,99.0,1.1,101.625
2023-03-29 11:00:00,72.0,1.275,103.7
2023-03-29 12:00:00,53.0,0.95,102.425
2023-03-29 13:00:00,61.0,1.15,117.1
2023-03-29 14:00:00,42.0,0.775,94.775
2023-03-29 15:00:00,51.0,0.5,344.6
2023-03-29 16:00:00,42.0,1.1,74.3
2023-03-29 17:00:00,42.0,0.3999999999999999,69.4
2023-03-29 18:00:00,48.0,1.7999999999999998,162.525
2023-03-29 19:00:00,45.0,1.35,101.15
2023-03-29 20:00:00,29.0,0.875,42.775
2023-03-29 21:00:00,39.0,0.575,53.675
2023-03-29 22:00:00,39.0,0.5,123.675
2023-03-29 23:00:00,33.0,0.575,127.75
2023-03-30 00:00:00,36.0,0.75,115.45
2023-03-30 01:00:00,38.0,0.475,112.35
2023-03-30 02:00:00,39.0,0.575,130.55
2023-03-30 03:00:00,46.0,0.7000000000000001,164.75
2023-03-30 04:00:00,44.0,1.0,169.4
2023-03-30 05:00:00,66.0,0.425,280.625
2023-03-30 06:00:00,73.0,0.6000000000000001,164.825
2023-03-30 07:00:00,88.0,0.85,231.175
2023-03-30 08:00:00,108.0,1.2,267.6
2023-03-30 09:00:00,95.0,1.25,283.85
2023-03-30 10:00:00,95.0,1.275,300.975
2023-03-30 11:00:00,89.0,0.8,304.175
2023-03-30 12:00:00,75.0,0.95,124.35
2023-03-30 13:00:00,81.0,0.7,95.025
2023-03-30 14:00:00,69.0,1.3,206.3
2023-03-30 15:00:00,64.0,1.7,276.2
2023-03-30 16:00:00,77.0,0.8,163.2
2023-03-30 17:00:00,44.0,2.15,158.175
2023-03-30 18:00:00,38.0,3.025,228.1
2023-03-30 19:00:00,25.0,3.25,236.5
2023-03-30 20:00:00,13.0,2.0,259.15
2023-03-30 21:00:00,8.0,1.175,260.4
2023-03-30 22:00:00,9.0,0.825,205.75
2023-03-30 23:00:00,11.0,0.8,164.75
2023-03-31 00:00:00,19.0,1.1,118.0
2023-03-31 01:00:00,17.0,0.875,111.075
2023-03-31 02:00:00,14.0,0.75,154.275
2023-03-31 03:00:00,13.0,0.7,134.475
2023-03-31 04:00:00,9.0,0.475,171.15
2023-03-31 05:00:00,12.0,0.625,241.325
2023-03-31 06:00:00,14.0,0.35,161.675
2023-03-31 07:00:00,17.0,0.4,109.3
2023-03-31 08:00:00,17.0,0.825,165.85
2023-03-31 09:00:00,28.0,0.725,272.85
2023-03-31 10:00:00,19.0,1.25,307.025
2023-03-31 11:00:00,59.0,1.35,332.8
2023-03-31 12:00:00,50.0,1.075,193.475
2023-03-31 13:00:00,30.0,1.4666666666666668,42.6
2023-03-31 14:00:00,27.0,1.2,26.625
2023-03-31 15:00:00,25.0,0.75,211.775
2023-03-31 16:00:00,13.0,0.8333333333333334,178.6
2023-03-31 17:00:00,13.0,2.7,188.475
2023-03-31 18:00:00,31.0,1.9,187.625
2023-03-31 19:00:00,29.0,0.975,208.5
2023-03-31 20:00:00,30.0,0.65,167.775
2023-03-31 21:00:00,28.0,0.675,257.725
2023-03-31 22:00:00,36.0,1.1,107.55
2023-03-31 23:00:00,27.0,0.5,147.0
2023-04-01 00:00:00,28.0,0.425,66.325
2023-04-01 01:00:00,30.0,0.425,114.525
2023-04-01 02:00:00,27.0,0.575,70.975
2023-04-01 03:00:00,24.0,0.65,142.325
2023-04-01 04:00:00,24.0,0.4,132.65
2023-04-01 05:00:00,27.0,0.475,171.275
2023-04-01 06:00:00,23.0,0.4,133.95
2023-04-01 07:00:00,30.0,0.675,247.2
2023-04-01 08:00:00,42.0,0.625,104.675
2023-04-01 09:00:00,44.0,1.0,133.35
2023-04-01 10:00:00,48.0,1.325,132.675
2023-04-01 11:00:00,50.0,1.2,126.625
2023-04-01 12:00:00,52.0,0.725,78.75
2023-04-01 13:00:00,46.0,0.7,112.575
2023-04-01 14:00:00,42.0,0.675,248.925
2023-04-01 15:00:00,41.0,0.85,174.0
2023-04-01 16:00:00,44.0,0.75,166.675
2023-04-01 17:00:00,39.0,0.625,181.55
2023-04-01 18:00:00,29.0,2.125,114.825
2023-04-01 19:00:00,33.0,0.45,184.425
2023-04-01 20:00:00,14.0,0.45,200.075
2023-04-01 21:00:00,14.0,0.6333333333333333,119.7
2023-04-01 22:00:00,13.0,0.5,126.3
2023-04-01 23:00:00,17.0,0.525,178.97500000000002
2023-04-02 00:00:00,25.0,0.5,150.475
2023-04-02 01:00:00,34.0,0.425,227.95
2023-04-02 02:00:00,40.0,0.4,131.725
2023-04-02 03:00:00,41.0,0.525,146.525
2023-04-02 04:00:00,42.0,0.55,98.15
2023-04-02 05:00:00,45.0,0.7250000000000001,90.85
2023-04-02 06:00:00,46.0,0.4499999999999999,146.875
2023-04-02 07:00:00,45.0,0.275,159.05
2023-04-02 08:00:00,39.0,0.8666666666666667,134.1
2023-04-02 09:00:00,52.0,1.025,134.55
2023-04-02 10:00:00,55.0,2.45,175.22500000000002
2023-04-02 11:00:00,46.0,3.0,182.725
2023-04-02 12:00:00,33.0,3.075,179.3
2023-04-02 13:00:00,22.0,2.725,186.825
2023-04-02 14:00:00,20.0,3.125,187.275
2023-04-02 15:00:00,14.0,3.475,181.3
2023-04-02 16:00:00,9.0,3.15,185.85
2023-04-02 17:00:00,12.0,2.75,185.025
2023-04-02 18:00:00,9.0,1.0,145.6
2023-04-02 19:00:00,12.0,0.65,101.825
2023-04-02 20:00:00,11.0,0.4,108.05
2023-04-02 21:00:00,18.0,0.525,110.95
2023-04-02 22:00:00,30.0,0.5,120.525
2023-04-02 23:00:00,31.0,0.6,98.95
2023-04-03 00:00:00,41.0,0.525,111.525
2023-04-03 01:00:00,39.0,0.625,145.975
2023-04-03 02:00:00,51.0,0.575,125.275
2023-04-03 03:00:00,47.0,0.625,103.9
2023-04-03 04:00:00,50.0,0.525,119.55
2023-04-03 05:00:00,51.0,0.575,108.3
2023-04-03 06:00:00,57.0,0.65,154.275
2023-04-03 07:00:00,62.0,0.65,183.125
2023-04-03 08:00:00,99.0,1.475,262.3
2023-04-03 09:00:00,107.0,1.325,292.475
2023-04-03 10:00:00,69.0,0.8250000000000001,158.35
2023-04-03 11:00:00,73.0,0.95,136.2
2023-04-03 12:00:00,67.0,0.85,207.025
2023-04-03 13:00:00,70.0,1.6749999999999998,223.025
2023-04-03 14:00:00,62.0,1.825,220.65
2023-04-03 15:00:00,51.0,2.1333333333333333,237.66666666666663
2023-04-03 16:00:00,41.0,1.5541666666666667,166.33333333333331
2023-04-03 17:00:00,38.0,0.975,95.0
2023-04-03 18:00:00,22.0,0.4499999999999999,179.72500000000002
2023-04-03 19:00:00,48.0,0.425,123.025
2023-04-03 20:00:00,44.0,0.8,165.675
2023-04-03 21:00:00,55.0,0.575,80.60000000000001
2023-04-03 22:00:00,40.0,0.75,121.225
2023-04-03 23:00:00,36.0,0.5,141.625
2023-04-04 00:00:00,42.0,0.625,153.975
2023-04-04 01:00:00,36.0,0.575,137.45
2023-04-04 02:00:00,40.0,0.4,156.0
2023-04-04 03:00:00,42.0,2.075,172.925
2023-04-04 04:00:00,80.0,1.75,200.675
2023-04-04 05:00:00,83.0,1.725,192.525
2023-04-04 06:00:00,45.0,1.7,249.35
2023-04-04 07:00:00,29.0,1.275,242.35
2023-04-04 08:00:00,27.0,0.95,168.47500000000002
2023-04-04 09:00:00,28.0,1.125,307.925
2023-04-04 10:00:00,29.0,0.775,141.75
2023-04-04 11:00:00,24.0,1.1,138.52499999999998
2023-04-04 12:00:00,22.0,1.525,154.8
2023-04-04 13:00:00,29.0,2.375,174.55
2023-04-04 14:00:00,23.0,2.725,196.475
2023-04-04 15:00:00,23.0,2.425,215.125
2023-04-04 16:00:00,22.0,2.8666666666666667,189.7333333333333
2023-04-04 17:00:00,19.0,2.2,201.175
2023-04-04 18:00:00,13.0,1.55,193.975
2023-04-04 19:00:00,20.0,0.775,100.975
2023-04-04 20:00:00,23.0,0.65,109.1
2023-04-04 21:00:00,22.0,0.6499999999999999,105.825
2023-04-04 22:00:00,25.0,0.675,131.275
2023-04-04 23:00:00,36.0,0.875,158.3
2023-04-05 00:00:00,58.0,0.8500000000000001,149.625
2023-04-05 01:00:00,53.0,0.775,109.1
2023-04-05 02:00:00,46.0,0.525,129.025
2023-04-05 03:00:00,38.0,0.625,140.9
2023-04-05 04:00:00,41.0,0.8,169.875
2023-04-05 05:00:00,36.0,0.7749999999999999,153.725
2023-04-05 06:00:00,44.0,1.075,185.8
2023-04-05 07:00:00,63.0,1.25,193.425
2023-04-05 08:00:00,79.0,1.9,197.3
2023-04-05 09:00:00,91.0,2.0,211.1
2023-04-05 10:00:00,57.0,2.225,213.85
2023-04-05 11:00:00,44.0,2.575,194.6
2023-04-05 12:00:00,44.0,2.775,190.325
2023-04-05 13:00:00,42.0,2.4,204.475
2023-04-05 14:00:00,29.0,2.2,200.8
2023-04-05 15:00:00,24.0,2.525,202.975
2023-04-05 16:00:00,22.0,2.45,196.65
2023-04-05 17:00:00,17.0,2.575,187.025
2023-04-05 18:00:00,17.0,0.875,134.45
2023-04-05 19:00:00,36.0,0.675,100.975
2023-04-05 20:00:00,14.0,0.575,113.25
2023-04-05 21:00:00,24.0,0.6499999999999999,126.6
2023-04-05 22:00:00,27.0,0.675,140.675
2023-04-05 23:00:00,41.0,0.85,121.175
2023-04-06 00:00:00,50.0,1.925,205.075
2023-04-06 01:00:00,68.0,2.325,211.175
2023-04-06 02:00:00,31.0,2.75,195.075
2023-04-06 03:00:00,38.0,0.95,134.075
2023-04-06 04:00:00,28.0,0.825,154.725
2023-04-06 05:00:00,27.0,0.45,131.3
2023-04-06 06:00:00,22.0,0.55,132.225
2023-04-06 07:00:00,29.0,1.275,179.125
2023-04-06 08:00:00,33.0,1.55,246.0
2023-04-06 09:00:00,40.0,1.275,259.3
2023-04-06 10:00:00,33.0,1.275,240.725
2023-04-06 11:00:00,20.0,1.45,229.475
2023-04-06 12:00:00,24.0,2.575,200.95
2023-04-06 13:00:00,30.0,2.375,200.55
2023-04-06 14:00:00,12.0,2.9,202.525
2023-04-06 15:00:00,13.0,2.4,215.9
2023-04-06 16:00:00,9.0,2.1,214.2
2023-04-06 17:00:00,13.0,1.7666666666666668,201.36666666666667
2023-04-06 18:00:00,14.0,0.925,138.2
2023-04-06 19:00:00,14.0,0.775,109.075
2023-04-06 20:00:00,18.0,0.625,100.65
2023-04-06 21:00:00,24.0,0.725,118.575
2023-04-06 22:00:00,25.0,0.8500000000000001,103.6
2023-04-06 23:00:00,44.0,0.575,125.05
2023-04-07 00:00:00,53.0,0.775,127.575
2023-04-07 01:00:00,50.0,0.925,171.0
2023-04-07 02:00:00,44.0,0.575,108.05
2023-04-07 03:00:00,39.0,0.675,122.2
2023-04-07 04:00:00,36.0,0.6499999999999999,148.0
2023-04-07 05:00:00,33.0,0.5,117.775
2023-04-07 06:00:00,35.0,0.625,144.6
2023-04-07 07:00:00,34.0,0.7749999999999999,170.75
2023-04-07 08:00:00,45.0,1.85,200.6
2023-04-07 09:00:00,55.0,2.325,206.925
2023-04-07 10:00:00,50.0,2.6,208.175
2023-04-07 11:00:00,51.0,2.525,219.375
2023-04-07 12:00:00,31.0,3.125,197.675
2023-04-07 13:00:00,18.0,3.625,188.8
2023-04-07 14:00:00,17.0,3.6,197.0
2023-04-07 15:00:00,12.0,3.15,200.3
2023-04-07 16:00:00,13.0,3.05,191.95
2023-04-07 17:00:00,14.0,2.1666666666666665,176.03333333333333
2023-04-07 18:00:00,11.0,0.975,145.125
2023-04-07 19:00:00,16.0,0.6,108.725
2023-04-07 20:00:00,19.0,0.575,112.55
2023-04-07 21:00:00,22.0,0.625,110.925
2023-04-07 22:00:00,27.0,0.7,123.325
2023-04-07 23:00:00,33.0,0.75,104.45
2023-04-08 00:00:00,55.0,0.75,106.625
2023-04-08 01:00:00,72.0,0.6,122.95
2023-04-08 02:00:00,75.0,0.7749999999999999,100.7
2023-04-08 03:00:00,73.0,0.6,118.475
2023-04-08 04:00:00,62.0,0.575,119.9
2023-04-08 05:00:00,52.0,0.575,114.475
2023-04-08 06:00:00,66.0,0.7,143.075
2023-04-08 07:00:00,75.0,1.3,189.35
2023-04-08 08:00:00,125.0,1.6,201.5
2023-04-08 09:00:00,124.0,1.925,212.175
2023-04-08 10:00:00,68.0,1.225,202.85
2023-04-08 11:00:00,61.0,1.025,208.325
2023-04-08 12:00:00,80.0,1.4,182.4
2023-04-08 13:00:00,62.0,2.025,180.75
2023-04-08 14:00:00,27.0,2.575,187.475
2023-04-08 15:00:00,9.0,2.175,181.875
2023-04-08 16:00:00,16.0,2.2,186.8
2023-04-08 17:00:00,16.0,1.65,188.4
2023-04-08 18:00:00,14.0,1.2,137.275
2023-04-08 19:00:00,18.0,0.675,104.375
2023-04-08 20:00:00,16.0,0.8,107.05
2023-04-08 21:00:00,23.0,0.6,117.9
2023-04-08 22:00:00,29.0,0.575,178.375
2023-04-08 23:00:00,50.0,0.45,190.35
2023-04-09 00:00:00,47.0,0.625,124.95
2023-04-09 01:00:00,42.0,0.6499999999999999,122.325
2023-04-09 02:00:00,59.0,0.6,127.725
2023-04-09 03:00:00,111.0,0.725,117.75
2023-04-09 04:00:00,106.0,0.6,117.65
2023-04-09 05:00:00,97.0,0.5,141.55
2023-04-09 06:00:00,91.0,0.475,105.55
2023-04-09 07:00:00,116.0,0.55,104.675
2023-04-09 08:00:00,152.0,0.475,172.0
2023-04-09 09:00:00,196.0,0.525,158.425
2023-04-09 10:00:00,97.0,0.7,265.8
2023-04-09 11:00:00,69.0,1.1,178.3
2023-04-09 12:00:00,50.0,2.425,198.175
2023-04-09 13:00:00,18.0,1.625,184.925
2023-04-09 14:00:00,30.0,2.075,174.825
2023-04-09 15:00:00,20.0,2.3000000000000003,179.33333333333334
2023-04-09 16:00:00,18.0,1.975,182.91666666666669
2023-04-09 17:00:00,20.0,1.65,186.5
2023-04-09 18:00:00,20.0,0.8,123.0
2023-04-09 19:00:00,20.0,0.8500000000000001,106.2
2023-04-09 20:00:00,20.0,0.675,100.8
2023-04-09 21:00:00,24.0,0.6499999999999999,98.15
2023-04-09 22:00:00,34.0,0.6,114.5
2023-04-09 23:00:00,50.0,0.625,111.3
2023-04-10 00:00:00,59.0,0.7000000000000001,135.85
2023-04-10 01:00:00,59.0,0.9,125.7
2023-04-10 02:00:00,62.0,0.65,108.325
2023-04-10 03:00:00,78.0,0.7,125.0
2023-04-10 04:00:00,74.0,0.65,132.225
2023-04-10 05:00:00,80.0,0.575,136.85
2023-04-10 06:00:00,75.0,1.325,187.225
2023-04-10 07:00:00,85.0,1.45,196.1
2023-04-10 08:00:00,189.0,1.0,172.2
2023-04-10 09:00:00,151.0,0.5,174.025
2023-04-10 10:00:00,80.0,0.6,178.85
2023-04-10 11:00:00,45.0,1.0,153.775
2023-04-10 12:00:00,35.0,2.05,178.8
2023-04-10 13:00:00,34.0,2.225,186.125
2023-04-10 14:00:00,33.0,3.1500000000000004,192.575
2023-04-10 15:00:00,24.0,2.7,194.3
2023-04-10 16:00:00,22.0,2.625,194.475
2023-04-10 17:00:00,20.0,1.85,184.85
2023-04-10 18:00:00,24.0,0.925,127.925
2023-04-10 19:00:00,24.0,0.675,104.55
2023-04-10 20:00:00,23.0,0.45,105.925
2023-04-10 21:00:00,39.0,0.525,101.175
2023-04-10 22:00:00,47.0,0.7,113.925
2023-04-10 23:00:00,52.0,0.6,106.2
2023-04-11 00:00:00,63.0,0.625,107.325
2023-04-11 01:00:00,84.0,0.55,107.375
2023-04-11 02:00:00,96.0,0.6,108.4
2023-04-11 03:00:00,122.0,0.575,130.0
2023-04-11 04:00:00,151.0,0.65,127.6
2023-04-11 05:00:00,196.0,0.475,110.325
2023-04-11 06:00:00,193.0,0.525,101.9
2023-04-11 07:00:00,184.0,0.625,113.3
2023-04-11 08:00:00,186.0,2.175,176.75
2023-04-11 09:00:00,190.0,2.275,174.875
2023-04-11 10:00:00,118.0,2.475,191.725
2023-04-11 11:00:00,68.0,2.725,192.8
2023-04-11 12:00:00,52.0,2.95,194.4
2023-04-11 13:00:00,36.0,3.625,197.2
2023-04-11 14:00:00,25.0,3.15,198.0
2023-04-11 15:00:00,24.0,3.2,209.7
2023-04-11 16:00:00,23.0,2.6,187.6
2023-04-11 17:00:00,19.0,2.6,187.6
2023-04-11 18:00:00,22.0,0.875,120.175
2023-04-11 19:00:00,23.0,0.65,97.825
2023-04-11 20:00:00,20.0,0.55,97.325
2023-04-11 21:00:00,31.0,0.575,113.625
2023-04-11 22:00:00,46.0,0.6,106.875
2023-04-11 23:00:00,59.0,0.8,102.5
2023-04-12 00:00:00,68.0,0.6,106.175
2023-04-12 01:00:00,79.0,0.55,168.575
2023-04-12 02:00:00,102.0,0.7,159.525
2023-04-12 03:00:00,156.0,0.625,126.7
2023-04-12 04:00:00,125.0,0.8500000000000001,172.95
2023-04-12 05:00:00,116.0,1.425,195.9
2023-04-12 06:00:00,141.0,1.45,193.975
2023-04-12 07:00:00,121.0,2.0,185.5
2023-04-12 08:00:00,111.0,1.975,196.15
2023-04-12 09:00:00,92.0,1.9,210.425
2023-04-12 10:00:00,64.0,1.975,206.5
2023-04-12 11:00:00,53.0,3.7,188.55
2023-04-12 12:00:00,46.0,3.95,195.575
2023-04-12 13:00:00,33.0,3.2,208.75
2023-04-12 14:00:00,24.0,2.725,208.925
2023-04-12 15:00:00,28.0,3.25,189.45
2023-04-12 16:00:00,19.0,3.1,190.625
2023-04-12 17:00:00,14.0,3.4,184.1
2023-04-12 18:00:00,17.0,1.525,150.6
2023-04-12 19:00:00,19.0,0.7,117.075
2023-04-12 20:00:00,20.0,0.725,141.075
2023-04-12 21:00:00,25.0,0.675,104.0
2023-04-12 22:00:00,35.0,0.575,143.225
2023-04-12 23:00:00,38.0,0.7,151.85
2023-04-13 00:00:00,42.0,0.775,133.925
2023-04-13 01:00:00,55.0,0.625,125.85
2023-04-13 02:00:00,41.0,0.5,102.3
2023-04-13 03:00:00,61.0,0.475,117.725
2023-04-13 04:00:00,85.0,0.65,102.4
2023-04-13 05:00:00,78.0,0.55,102.725
2023-04-13 06:00:00,88.0,0.575,98.175
2023-04-13 07:00:00,97.0,0.625,123.2
2023-04-13 08:00:00,121.0,1.55,185.675
2023-04-13 09:00:00,173.0,2.3,190.875
2023-04-13 10:00:00,143.0,1.875,204.7
2023-04-13 11:00:00,121.0,2.45,203.05
2023-04-13 12:00:00,78.0,2.175,181.675
2023-04-13 13:00:00,51.0,2.75,200.05
2023-04-13 14:00:00,34.0,2.675,207.625
2023-04-13 15:00:00,28.0,2.85,187.05
2023-04-13 16:00:00,27.0,2.85,191.525
2023-04-13 17:00:00,23.0,2.05,179.75
2023-04-13 18:00:00,22.0,0.55,105.925
2023-04-13 19:00:00,27.0,0.6,117.575
2023-04-13 20:00:00,25.0,0.6,131.55
2023-04-13 21:00:00,41.0,0.625,131.325
2023-04-13 22:00:00,50.0,0.75,125.3
2023-04-13 23:00:00,61.0,0.675,135.325
2023-04-14 00:00:00,88.0,0.575,105.775
2023-04-14 01:00:00,94.0,0.5249999999999999,142.575
2023-04-14 02:00:00,116.0,0.675,113.375
2023-04-14 03:00:00,112.0,0.5,118.775
2023-04-14 04:00:00,110.0,0.6,120.8
2023-04-14 05:00:00,122.0,0.825,148.5
2023-04-14 06:00:00,123.0,0.625,153.75
2023-04-14 07:00:00,138.0,0.475,146.075
2023-04-14 08:00:00,139.0,1.175,155.4
2023-04-14 09:00:00,138.0,2.025,183.825
2023-04-14 10:00:00,95.0,1.775,219.625
2023-04-14 11:00:00,59.0,1.5,174.575
2023-04-14 12:00:00,45.0,2.95,195.8
2023-04-14 13:00:00,22.0,2.7,195.2
2023-04-14 14:00:00,25.0,2.6,195.825
2023-04-14 15:00:00,23.0,2.425,201.5
2023-04-14 16:00:00,23.0,2.075,189.95
2023-04-14 17:00:00,19.0,1.0,133.05
2023-04-14 18:00:00,28.0,0.7,87.15
2023-04-14 19:00:00,25.0,0.6499999999999999,113.275
2023-04-14 20:00:00,33.0,0.7,111.825
2023-04-14 21:00:00,35.0,0.6,119.475
2023-04-14 22:00:00,46.0,0.725,122.475
2023-04-14 23:00:00,57.0,0.8,116.2
2023-04-15 00:00:00,41.0,0.675,132.4
2023-04-15 01:00:00,44.0,0.775,113.85
2023-04-15 02:00:00,46.0,0.65,102.15
2023-04-15 03:00:00,62.0,0.4,99.3
2023-04-15 04:00:00,72.0,0.575,105.475
2023-04-15 05:00:00,81.0,0.425,124.8
2023-04-15 06:00:00,89.0,0.45,78.025
2023-04-15 07:00:00,95.0,0.525,86.05000000000001
2023-04-15 08:00:00,99.0,0.5,77.725
2023-04-15 09:00:00,100.0,0.675,87.325
2023-04-15 10:00:00,66.0,0.95,81.85
2023-04-15 11:00:00,46.0,1.025,103.0
2023-04-15 12:00:00,25.0,1.625,163.075
2023-04-15 13:00:00,23.0,1.7,246.225
2023-04-15 14:00:00,29.0,1.375,161.625
2023-04-15 15:00:00,30.0,2.1,190.0
2023-04-15 16:00:00,32.0,1.6333333333333333,161.66666666666666
2023-04-15 17:00:00,27.75,1.1666666666666665,133.33333333333334
2023-04-15 18:00:00,24.25,0.7,105.0
2023-04-15 19:00:00,27.75,0.775,108.175
2023-04-15 20:00:00,43.0,0.6499999999999999,96.275
2023-04-15 21:00:00,72.25,0.5,94.05
2023-04-15 22:00:00,95.25,0.525,189.625
2023-04-15 23:00:00,88.75,0.65,102.025
2023-04-16 00:00:00,90.5,0.8500000000000001,105.925
2023-04-16 01:00:00,104.5,0.675,85.1
2023-04-16 02:00:00,98.0,0.625,110.075
2023-04-16 03:00:00,99.25,0.6,135.525
2023-04-16 04:00:00,93.0,0.725,125.575
2023-04-16 05:00:00,92.25,0.75,143.525
2023-04-16 06:00:00,99.0,0.475,104.275
2023-04-16 07:00:00,103.5,0.625,106.95
2023-04-16 08:00:00,117.5,0.525,167.25
2023-04-16 09:00:00,109.25,1.425,129.45
2023-04-16 10:00:00,67.5,2.275,173.625
2023-04-16 11:00:00,26.75,2.4,176.375
2023-04-16 12:00:00,17.0,2.375,166.75
2023-04-16 13:00:00,18.0,2.05,175.575
2023-04-16 14:00:00,13.0,2.375,189.7
2023-04-16 15:00:00,18.0,1.2000000000000002,188.7
2023-04-16 16:00:00,18.0,0.9000000000000001,142.85
2023-04-16 17:00:00,19.0,0.6,97.0
2023-04-16 18:00:00,14.0,1.5499999999999998,144.275
2023-04-16 19:00:00,24.0,0.75,119.575
2023-04-16 20:00:00,17.0,0.575,123.625
2023-04-16 21:00:00,30.0,0.5,143.25
2023-04-16 22:00:00,44.0,0.725,126.475
2023-04-16 23:00:00,48.0,0.575,98.05
2023-04-17 00:00:00,42.0,0.9,114.325
2023-04-17 01:00:00,53.0,0.475,107.775
2023-04-17 02:00:00,48.0,0.525,104.175
2023-04-17 03:00:00,48.0,0.55,110.425
2023-04-17 04:00:00,50.0,0.725,185.525
2023-04-17 05:00:00,51.0,0.4,123.85
2023-04-17 06:00:00,50.0,0.975,161.675
2023-04-17 07:00:00,53.0,0.725,152.47500000000002
2023-04-17 08:00:00,67.0,1.0750000000000002,161.175
2023-04-17 09:00:00,72.0,1.0,133.03333333333333
2023-04-17 10:00:00,50.0,1.0,104.15
2023-04-17 11:00:00,41.0,2.025,210.075
2023-04-17 12:00:00,25.0,1.725,210.175
2023-04-17 13:00:00,31.0,1.15,196.625
2023-04-17 14:00:00,39.0,1.85,201.05
2023-04-17 15:00:00,30.0,1.925,186.625
2023-04-17 16:00:00,24.0,1.425,180.175
2023-04-17 17:00:00,18.0,0.8,151.2
2023-04-17 18:00:00,19.0,0.75,96.275
2023-04-17 19:00:00,24.0,0.6499999999999999,121.15
2023-04-17 20:00:00,28.0,0.6499999999999999,111.35
2023-04-17 21:00:00,29.0,0.6499999999999999,103.05
2023-04-17 22:00:00,35.0,0.6499999999999999,99.025
2023-04-17 23:00:00,44.0,0.625,114.325
2023-04-18 00:00:00,42.0,0.6749999999999999,116.35
2023-04-18 01:00:00,55.0,0.5499999999999999,149.95
2023-04-18 02:00:00,79.0,0.475,92.925
2023-04-18 03:00:00,77.0,0.35,74.07499999999999
2023-04-18 04:00:00,75.0,0.4499999999999999,148.525
2023-04-18 05:00:00,68.0,0.7,174.025
2023-04-18 06:00:00,64.0,0.925,177.75
2023-04-18 07:00:00,56.0,1.625,171.325
2023-04-18 08:00:00,34.0,2.65,176.425
2023-04-18 09:00:00,29.0,2.3,166.5
2023-04-18 10:00:00,28.0,1.975,172.175
2023-04-18 11:00:00,42.0,2.6,173.6
2023-04-18 12:00:00,35.0,2.375,175.925
2023-04-18 13:00:00,27.0,2.025,179.625
2023-04-18 14:00:00,27.0,2.125,171.875
2023-04-18 15:00:00,23.0,2.525,181.625
2023-04-18 16:00:00,24.0,2.825,184.025
2023-04-18 17:00:00,22.0,1.55,164.95
2023-04-18 18:00:00,22.0,0.6,83.5
2023-04-18 19:00:00,20.0,0.625,100.725
2023-04-18 20:00:00,23.0,0.65,119.8
2023-04-18 21:00:00,33.0,0.625,125.625
2023-04-18 22:00:00,42.0,0.6499999999999999,118.975
2023-04-18 23:00:00,41.0,0.55,100.525
2023-04-19 00:00:00,67.0,0.7,113.45
2023-04-19 01:00:00,74.0,0.6,150.55
2023-04-19 02:00:00,69.0,0.875,110.5
2023-04-19 03:00:00,66.0,3.375,167.225
2023-04-19 04:00:00,72.0,3.775,205.575
2023-04-19 05:00:00,105.0,2.575,231.675
2023-04-19 06:00:00,61.0,1.475,250.375
2023-04-19 07:00:00,51.0,2.025,250.825
2023-04-19 08:00:00,38.0,1.65,256.825
2023-04-19 09:00:00,42.0,1.4,253.325
2023-04-19 10:00:00,41.0,0.975,257.925
2023-04-19 11:00:00,40.0,1.05,259.05
2023-04-19 12:00:00,47.0,1.125,90.975
2023-04-19 13:00:00,40.0,1.0,118.2
2023-04-19 14:00:00,41.0,1.85,185.875
2023-04-19 15:00:00,33.0,1.6,169.625
2023-04-19 16:00:00,34.0,0.975,156.15
2023-04-19 17:00:00,34.0,0.75,134.725
2023-04-19 18:00:00,31.0,0.325,115.525
2023-04-19 19:00:00,40.0,0.6499999999999999,132.65
2023-04-19 20:00:00,42.0,1.35,180.10000000000002
2023-04-19 21:00:00,50.0,0.925,213.9
2023-04-19 22:00:00,48.0,0.875,198.075
2023-04-19 23:00:00,52.0,1.1,187.1
2023-04-20 00:00:00,53.0,0.875,169.075
2023-04-20 01:00:00,41.0,0.8250000000000001,139.5
2023-04-20 02:00:00,38.25,0.725,153.25
2023-04-20 03:00:00,36.0,0.9,186.475
2023-04-20 04:00:00,41.5,1.075,213.125
2023-04-20 05:00:00,54.5,0.725,155.95
2023-04-20 06:00:00,43.0,0.65,129.9
2023-04-20 07:00:00,40.25,0.575,126.525
2023-04-20 08:00:00,39.75,0.9,138.725
2023-04-20 09:00:00,36.0,1.3250000000000002,132.9
2023-04-20 10:00:00,32.75,2.175,178.625
2023-04-20 11:00:00,23.25,1.6749999999999998,147.475
2023-04-20 12:00:00,26.25,1.2000000000000002,138.025
2023-04-20 13:00:00,32.5,2.25,176.175
2023-04-20 14:00:00,29.5,2.25,171.25
2023-04-20 15:00:00,26.25,2.275,184.1
2023-04-20 16:00:00,28.75,1.775,175.775
2023-04-20 17:00:00,25.5,0.825,106.875
2023-04-20 18:00:00,30.25,1.675,199.95
2023-04-20 19:00:00,35.0,1.6,184.65
2023-04-20 20:00:00,19.75,0.775,126.55
2023-04-20 21:00:00,18.25,0.725,108.15
2023-04-20 22:00:00,19.5,0.7,102.175
2023-04-20 23:00:00,32.0,0.4,30.35
2023-04-21 00:00:00,40.5,1.75,209.75
2023-04-21 01:00:00,42.75,1.5666666666666669,241.0666666666667
2023-04-21 02:00:00,27.0,0.6,221.75
2023-04-21 03:00:00,29.0,0.525,250.775
2023-04-21 04:00:00,34.0,0.8999999999999999,162.925
2023-04-21 05:00:00,33.0,0.9,321.175
2023-04-21 06:00:00,30.0,0.725,148.725
2023-04-21 07:00:00,31.0,0.875,176.6
2023-04-21 08:00:00,29.0,0.8999999999999999,108.2
2023-04-21 09:00:00,31.0,1.25,27.75
2023-04-21 10:00:00,34.0,2.05,53.975
2023-04-21 11:00:00,42.0,1.0666666666666669,245.3
2023-04-21 12:00:00,45.0,0.65,174.15
2023-04-21 13:00:00,35.0,1.4,144.64999999999998
2023-04-21 14:00:00,33.0,2.325,153.55
2023-04-21 15:00:00,30.75,2.325,187.725
2023-04-21 16:00:00,30.25,1.925,179.525
2023-04-21 17:00:00,30.75,0.725,133.125
2023-04-21 18:00:00,33.75,0.6,87.525
2023-04-21 19:00:00,40.5,0.675,80.425
2023-04-21 20:00:00,33.5,1.175,55.525
2023-04-21 21:00:00,50.25,0.7,40.025
2023-04-21 22:00:00,42.5,0.7,84.0
2023-04-21 23:00:00,44.25,0.65,75.3
2023-04-22 00:00:00,46.5,1.025,250.325
2023-04-22 01:00:00,52.25,1.4,282.475
2023-04-22 02:00:00,51.5,0.85,316.025
2023-04-22 03:00:00,38.0,0.325,139.55
2023-04-22 04:00:00,38.75,0.85,40.7
2023-04-22 05:00:00,43.25,0.4499999999999999,136.275
2023-04-22 06:00:00,49.25,0.525,69.7
2023-04-22 07:00:00,52.75,1.0,59.75
2023-04-22 08:00:00,65.25,1.4,51.35
2023-04-22 09:00:00,47.0,1.15,310.425
2023-04-22 10:00:00,34.5,0.9,129.775
2023-04-22 11:00:00,32.25,0.75,180.525
2023-04-22 12:00:00,29.5,0.925,197.575
2023-04-22 13:00:00,28.0,0.8999999999999999,238.75
2023-04-22 14:00:00,22.0,1.425,210.4
2023-04-22 15:00:00,27.0,1.15,234.3
2023-04-22 16:00:00,30.0,0.575,299.75
2023-04-22 17:00:00,31.0,0.625,303.125
2023-04-22 18:00:00,35.0,0.475,106.875
2023-04-22 19:00:00,35.0,0.55,103.525
2023-04-22 20:00:00,30.0,1.175,193.45
2023-04-22 21:00:00,46.0,1.8,244.125
2023-04-22 22:00:00,35.0,1.45,241.75
2023-04-22 23:00:00,24.0,1.575,194.525
2023-04-23 00:00:00,23.0,3.35,221.7
2023-04-23 01:00:00,37.75,2.225,233.55
2023-04-23 02:00:00,15.25,1.775,226.125
2023-04-23 03:00:00,13.0,2.375,216.775
2023-04-23 04:00:00,13.0,1.1749999999999998,262.175
2023-04-23 05:00:00,16.0,0.8,274.2
2023-04-23 06:00:00,13.0,2.825,201.6
2023-04-23 07:00:00,16.0,3.7,217.85
2023-04-23 08:00:00,20.0,3.6,233.25
2023-04-23 09:00:00,16.0,3.025,231.85
2023-04-23 10:00:00,8.0,2.225,213.65
2023-04-23 11:00:00,19.0,1.625,200.375
2023-04-23 12:00:00,12.0,2.425,203.9
2023-04-23 13:00:00,12.0,3.975,181.175
2023-04-23 14:00:00,16.0,2.225,168.975
2023-04-23 15:00:00,14.0,1.675,174.0
2023-04-23 16:00:00,11.0,1.6,60.35
2023-04-23 17:00:00,12.0,0.775,42.95
2023-04-23 18:00:00,17.0,0.6499999999999999,91.425
2023-04-23 19:00:00,22.0,0.925,105.0
2023-04-23 20:00:00,25.0,1.7000000000000002,180.1
2023-04-23 21:00:00,48.0,0.9,156.35
2023-04-23 22:00:00,28.0,0.325,131.725
2023-04-23 23:00:00,23.0,0.4,96.575
2023-04-24 00:00:00,17.0,0.65,117.75
2023-04-24 01:00:00,25.0,0.6,139.1
2023-04-24 02:00:00,30.0,0.725,134.775
2023-04-24 03:00:00,30.0,0.85,93.55
2023-04-24 04:00:00,35.0,0.45,136.925
2023-04-24 05:00:00,30.0,0.9,133.575
2023-04-24 06:00:00,31.0,0.55,209.625
2023-04-24 07:00:00,30.0,0.725,235.475
2023-04-24 08:00:00,45.0,1.275,196.15
2023-04-24 09:00:00,48.0,0.6,165.9
2023-04-24 10:00:00,48.0,0.725,185.825
2023-04-24 11:00:00,35.0,0.825,194.5
2023-04-24 12:00:00,48.0,1.225,88.025
2023-04-24 13:00:00,56.0,1.75,101.975
2023-04-24 14:00:00,72.0,1.475,26.15
2023-04-24 15:00:00,39.0,1.6,36.15
2023-04-24 16:00:00,41.0,1.775,46.85
2023-04-24 17:00:00,28.0,1.7,44.025
2023-04-24 18:00:00,24.0,1.725,48.025
2023-04-24 19:00:00,27.0,1.125,48.4
2023-04-24 20:00:00,39.0,1.05,45.6
2023-04-24 21:00:00,48.0,1.4,40.375
2023-04-24 22:00:00,56.0,1.2,39.175
2023-04-24 23:00:00,51.0,1.125,47.0
2023-04-25 00:00:00,41.0,1.125,40.275
2023-04-25 01:00:00,39.0,1.025,25.9
2023-04-25 02:00:00,45.0,0.775,32.0
2023-04-25 03:00:00,55.0,0.925,42.125
2023-04-25 04:00:00,48.0,1.15,40.725
2023-04-25 05:00:00,41.0,1.075,36.15
2023-04-25 06:00:00,50.0,1.3,49.575
2023-04-25 07:00:00,61.0,1.325,55.0
2023-04-25 08:00:00,57.0,1.625,63.5
2023-04-25 09:00:00,56.0,1.95,72.525
2023-04-25 10:00:00,53.0,2.175,63.65
2023-04-25 11:00:00,48.0,1.775,47.45
2023-04-25 12:00:00,42.0,1.3,42.775000000000006
2023-04-25 13:00:00,44.0,1.2,167.075
2023-04-25 14:00:00,41.0,1.025,121.65
2023-04-25 15:00:00,41.0,1.125,197.45
2023-04-25 16:00:00,41.0,0.85,87.4
2023-04-25 17:00:00,44.0,0.35,64.0
2023-04-25 18:00:00,41.0,0.575,87.0
2023-04-25 19:00:00,47.0,0.7,109.6
2023-04-25 20:00:00,44.0,0.625,110.175
2023-04-25 21:00:00,51.0,0.7,105.15
2023-04-25 22:00:00,56.0,0.65,75.2
2023-04-25 23:00:00,77.0,0.8,102.75
2023-04-26 00:00:00,95.0,0.575,68.45
2023-04-26 01:00:00,97.0,0.625,86.1
2023-04-26 02:00:00,102.0,0.55,120.9
2023-04-26 03:00:00,101.0,0.75,111.225
2023-04-26 04:00:00,103.0,0.675,66.875
2023-04-26 05:00:00,114.0,0.725,121.725
2023-04-26 06:00:00,130.0,0.45,83.575
2023-04-26 07:00:00,136.0,0.5,105.1
2023-04-26 08:00:00,106.0,0.725,98.325
2023-04-26 09:00:00,79.0,1.15,82.425
2023-04-26 10:00:00,52.0,1.15,85.925
2023-04-26 11:00:00,58.0,0.75,124.65
2023-04-26 12:00:00,50.0,0.7250000000000001,104.825
2023-04-26 13:00:00,39.0,0.825,125.7
2023-04-26 14:00:00,55.0,1.25,198.225
2023-04-26 15:00:00,45.0,0.8999999999999999,320.35
2023-04-26 16:00:00,45.0,0.75,19.2
2023-04-26 17:00:00,48.0,0.475,203.75
2023-04-26 18:00:00,56.0,0.675,85.325
2023-04-26 19:00:00,56.0,0.6499999999999999,90.375
2023-04-26 20:00:00,59.0,0.55,95.1
2023-04-26 21:00:00,74.0,0.625,97.55
2023-04-26 22:00:00,86.0,0.475,104.475
2023-04-26 23:00:00,108.0,0.4,80.825
2023-04-27 00:00:00,105.0,0.6,91.075
2023-04-27 01:00:00,102.0,0.575,70.725
2023-04-27 02:00:00,103.0,0.75,92.725
2023-04-27 03:00:00,91.0,0.525,89.225
2023-04-27 04:00:00,91.0,0.625,87.55
2023-04-27 05:00:00,84.0,0.6,76.975
2023-04-27 06:00:00,85.0,0.55,159.975
2023-04-27 07:00:00,88.0,0.575,106.9
2023-04-27 08:00:00,121.0,0.775,91.325
2023-04-27 09:00:00,128.0,0.7,97.325
2023-04-27 10:00:00,83.0,1.05,91.975
2023-04-27 11:00:00,55.0,1.15,88.1
2023-04-27 12:00:00,40.0,1.15,95.875
2023-04-27 13:00:00,36.0,1.05,114.275
2023-04-27 14:00:00,29.0,1.375,139.775
2023-04-27 15:00:00,30.0,1.0750000000000002,139.925
2023-04-27 16:00:00,33.0,0.675,122.125
2023-04-27 17:00:00,33.0,0.575,93.5
2023-04-27 18:00:00,31.0,0.725,98.25
2023-04-27 19:00:00,30.0,2.825,247.55
2023-04-27 20:00:00,63.0,1.975,245.825
2023-04-27 21:00:00,44.0,2.25,307.8
2023-04-27 22:00:00,31.0,1.175,103.55
2023-04-27 23:00:00,29.0,0.9,44.725
2023-04-28 00:00:00,27.0,0.675,103.025
2023-04-28 01:00:00,29.25,0.75,123.7
2023-04-28 02:00:00,31.0,0.65,158.9
2023-04-28 03:00:00,35.25,0.45,137.325
2023-04-28 04:00:00,37.75,0.5,106.2
2023-04-28 05:00:00,35.25,0.55,111.825
2023-04-28 06:00:00,39.5,0.425,151.4
2023-04-28 07:00:00,45.0,0.5249999999999999,134.875
2023-04-28 08:00:00,59.25,0.675,288.6
2023-04-28 09:00:00,67.5,0.675,323.075
2023-04-28 10:00:00,77.0,0.825,167.6
2023-04-28 11:00:00,84.5,1.125,84.05
2023-04-28 12:00:00,56.5,0.825,86.775
2023-04-28 13:00:00,39.0,1.1,102.15
2023-04-28 14:00:00,37.5,1.15,80.9
2023-04-28 15:00:00,38.75,0.625,41.35
2023-04-28 16:00:00,27.25,0.575,177.125
2023-04-28 17:00:00,23.75,0.6,144.225
2023-04-28 18:00:00,29.0,0.6,101.0
2023-04-28 19:00:00,30.0,0.6499999999999999,121.475
2023-04-28 20:00:00,33.5,0.725,108.375
2023-04-28 21:00:00,40.5,0.65,110.775
2023-04-28 22:00:00,64.0,0.75,92.45
2023-04-28 23:00:00,88.0,0.625,91.95
2023-04-29 00:00:00,97.0,0.8250000000000001,90.55
2023-04-29 01:00:00,95.75,0.75,82.4
2023-04-29 02:00:00,93.25,0.625,52.4
2023-04-29 03:00:00,111.75,0.575,43.575
2023-04-29 04:00:00,152.25,0.4,158.1
2023-04-29 05:00:00,135.0,0.825,131.85
2023-04-29 06:00:00,113.0,0.775,136.7
2023-04-29 07:00:00,96.75,2.475,180.025
2023-04-29 08:00:00,74.25,3.325,185.0
2023-04-29 09:00:00,42.75,3.125,186.075
2023-04-29 10:00:00,35.25,2.375,195.05
2023-04-29 11:00:00,35.75,1.725,208.175
2023-04-29 12:00:00,43.0,1.925,188.05
2023-04-29 13:00:00,42.5,1.65,163.825
2023-04-29 14:00:00,46.25,1.8,165.35
2023-04-29 15:00:00,34.75,1.675,173.3
2023-04-29 16:00:00,31.5,2.175,176.35
2023-04-29 17:00:00,24.0,1.675,165.875
2023-04-29 18:00:00,25.25,0.55,135.125
2023-04-29 19:00:00,31.75,0.475,111.625
2023-04-29 20:00:00,40.5,0.575,136.125
2023-04-29 21:00:00,42.0,0.45,100.8
2023-04-29 22:00:00,43.5,0.525,95.725
2023-04-29 23:00:00,49.0,0.3,171.275
2023-04-30 00:00:00,51.75,0.7,125.05
2023-04-30 01:00:00,45.5,0.425,198.45
2023-04-30 02:00:00,26.5,1.05,178.875
2023-04-30 03:00:00,19.75,0.425,111.15
2023-04-30 04:00:00,26.25,0.625,106.425
2023-04-30 05:00:00,40.75,0.4,100.875
2023-04-30 06:00:00,46.0,0.5,115.625
2023-04-30 07:00:00,46.25,0.95,31.425
2023-04-30 08:00:00,47.25,0.7,187.825
2023-04-30 09:00:00,48.5,0.425,218.675
2023-04-30 10:00:00,49.25,0.875,286.15
2023-04-30 11:00:00,50.0,1.25,334.725
2023-04-30 12:00:00,58.25,1.2,329.5
2023-04-30 13:00:00,53.25,1.2000000000000002,251.025
2023-04-30 14:00:00,43.75,0.9,277.95
2023-04-30 15:00:00,39.5,0.575,202.375
2023-04-30 16:00:00,39.75,0.925,151.95
2023-04-30 17:00:00,42.5,0.8250000000000001,79.575
2023-04-30 18:00:00,39.5,1.125,72.82499999999999
2023-04-30 19:00:00,51.75,0.675,77.30000000000001
2023-04-30 20:00:00,48.5,0.45,84.15
2023-04-30 21:00:00,50.0,0.525,171.425
2023-04-30 22:00:00,50.25,0.35,188.325
2023-04-30 23:00:00,51.5,0.4499999999999999,245.2
2023-05-01 00:00:00,57.25,1.25,178.425
2023-05-01 01:00:00,61.0,1.05,31.35
2023-05-01 02:00:00,38.0,0.975,32.975
2023-05-01 03:00:00,50.0,1.025,32.85
2023-05-01 04:00:00,47.5,0.975,28.15
2023-05-01 05:00:00,44.0,1.1,45.975
2023-05-01 06:00:00,52.5,1.0,36.425
2023-05-01 07:00:00,41.25,0.825,189.0
2023-05-01 08:00:00,38.75,0.7749999999999999,32.9
2023-05-01 09:00:00,38.25,1.575,40.75
2023-05-01 10:00:00,40.25,1.9,48.25
2023-05-01 11:00:00,45.75,1.225,116.3
2023-05-01 12:00:00,49.25,1.225,301.4
2023-05-01 13:00:00,37.25,1.15,308.225
2023-05-01 14:00:00,22.75,1.075,101.975
2023-05-01 15:00:00,40.25,1.175,28.025
2023-05-01 16:00:00,41.0,0.95,247.0
2023-05-01 17:00:00,38.5,0.625,342.325
2023-05-01 18:00:00,33.5,0.775,170.7
2023-05-01 19:00:00,43.75,0.575,322.3
2023-05-01 20:00:00,50.75,0.775,190.625
2023-05-01 21:00:00,48.5,0.475,41.6
2023-05-01 22:00:00,54.0,0.625,71.575
2023-05-01 23:00:00,56.75,0.625,40.9
2023-05-02 00:00:00,54.75,1.175,37.975
2023-05-02 01:00:00,44.25,0.95,40.575
2023-05-02 02:00:00,22.75,1.25,43.225
2023-05-02 03:00:00,18.5,0.975,34.75
2023-05-02 04:00:00,18.75,0.75,21.8
2023-05-02 05:00:00,23.0,1.075,38.7
2023-05-02 06:00:00,22.0,1.425,48.025
2023-05-02 07:00:00,29.25,0.975,29.275
2023-05-02 08:00:00,32.5,1.125,27.425
2023-05-02 09:00:00,33.0,1.025,106.2
2023-05-02 10:00:00,40.75,1.275,92.9
2023-05-02 11:00:00,46.5,1.325,334.55
2023-05-02 12:00:00,46.0,1.45,35.35
2023-05-02 13:00:00,41.25,1.175,260.975
2023-05-02 14:00:00,44.0,1.25,173.1
2023-05-02 15:00:00,42.25,1.275,261.725
2023-05-02 16:00:00,46.25,1.225,259.675
2023-05-02 17:00:00,45.25,1.225,331.775
2023-05-02 18:00:00,39.5,1.0,333.875
2023-05-02 19:00:00,39.0,0.85,344.475
2023-05-02 20:00:00,41.75,0.6,255.025
2023-05-02 21:00:00,41.75,0.4,69.17500000000001
2023-05-02 22:00:00,44.75,0.375,142.525
2023-05-02 23:00:00,45.5,0.625,153.1
2023-05-03 00:00:00,44.0,0.875,52.375
2023-05-03 01:00:00,50.75,0.65,35.3
2023-05-03 02:00:00,42.75,0.4499999999999999,124.775
2023-05-03 03:00:00,39.5,0.525,97.0
2023-05-03 04:00:00,40.75,0.375,102.475
2023-05-03 05:00:00,39.5,0.425,118.225
2023-05-03 06:00:00,41.0,0.625,135.8
2023-05-03 07:00:00,52.25,1.1,40.1
2023-05-03 08:00:00,55.75,1.375,47.45
2023-05-03 09:00:00,45.75,1.2,37.225
2023-05-03 10:00:00,45.0,0.925,32.075
2023-05-03 11:00:00,46.25,0.75,171.975
2023-05-03 12:00:00,49.0,0.925,117.875
2023-05-03 13:00:00,45.75,1.4,105.675
2023-05-03 14:00:00,40.75,1.9,207.575
2023-05-03 15:00:00,25.25,1.3250000000000002,196.025
2023-05-03 16:00:00,17.5,1.15,240.975
2023-05-03 17:00:00,19.0,0.8,288.4
2023-05-03 18:00:00,18.75,0.7999999999999999,79.73333333333333
2023-05-03 19:00:00,21.0,0.6499999999999999,157.875
2023-05-03 20:00:00,30.75,0.875,159.75
2023-05-03 21:00:00,34.25,0.45,126.0
2023-05-03 22:00:00,36.0,0.35,102.6
2023-05-03 23:00:00,33.75,0.55,337.475
2023-05-04 00:00:00,42.5,0.4499999999999999,166.675
2023-05-04 01:00:00,36.0,0.325,316.375
2023-05-04 02:00:00,39.0,0.475,199.575
2023-05-04 03:00:00,34.0,0.625,157.2
2023-05-04 04:00:00,30.0,0.4,106.0
2023-05-04 05:00:00,29.0,0.375,111.725
2023-05-04 06:00:00,30.0,0.65,25.575000000000003
2023-05-04 07:00:00,44.0,0.875,25.5
2023-05-04 08:00:00,59.0,0.85,230.75
2023-05-04 09:00:00,90.0,0.7,243.05
2023-05-04 10:00:00,89.0,0.8500000000000001,236.15
2023-05-04 11:00:00,53.0,0.675,208.8
2023-05-04 12:00:00,42.0,0.6,190.65
2023-05-04 13:00:00,36.0,0.7250000000000001,167.6
2023-05-04 14:00:00,30.0,1.05,264.875
2023-05-04 15:00:00,36.0,0.7,200.15
2023-05-04 16:00:00,33.0,0.625,119.175
2023-05-04 17:00:00,39.0,0.625,45.65
2023-05-04 18:00:00,38.0,0.575,81.575
2023-05-04 19:00:00,41.0,0.6,127.975
2023-05-04 20:00:00,50.0,0.5,134.825
2023-05-04 21:00:00,57.0,0.575,93.825
2023-05-04 22:00:00,58.0,0.6749999999999999,121.65
2023-05-04 23:00:00,73.0,0.675,88.625
2023-05-05 00:00:00,84.0,0.725,98.775
2023-05-05 01:00:00,89.0,0.475,89.77499999999999
2023-05-05 02:00:00,88.0,0.575,82.4
2023-05-05 03:00:00,73.0,0.8,62.55
2023-05-05 04:00:00,62.0,0.55,139.05
2023-05-05 05:00:00,47.0,0.375,184.95
2023-05-05 06:00:00,51.0,0.5,116.75
2023-05-05 07:00:00,53.0,0.475,190.875
2023-05-05 08:00:00,48.0,1.4,234.4
2023-05-05 09:00:00,53.0,0.75,159.725
2023-05-05 10:00:00,61.0,0.8,179.725
2023-05-05 11:00:00,51.0,1.0750000000000002,167.0
2023-05-05 12:00:00,68.0,1.125,206.275
2023-05-05 13:00:00,56.0,2.075,218.525
2023-05-05 14:00:00,46.0,1.9,193.45
2023-05-05 15:00:00,50.0,2.175,182.5
2023-05-05 16:00:00,50.0,1.7000000000000002,176.55
2023-05-05 17:00:00,46.0,1.4,177.025
2023-05-05 18:00:00,48.0,0.675,113.65
2023-05-05 19:00:00,53.0,0.5,69.925
2023-05-05 20:00:00,55.0,0.55,104.275
2023-05-05 21:00:00,57.0,0.65,107.175
2023-05-05 22:00:00,72.0,0.55,120.525
2023-05-05 23:00:00,85.0,0.55,118.25
2023-05-06 00:00:00,86.0,0.6,130.425
2023-05-06 01:00:00,129.0,0.675,105.6
2023-05-06 02:00:00,158.0,0.7,104.825
2023-05-06 03:00:00,155.0,0.675,135.95
2023-05-06 04:00:00,149.0,0.625,117.2
2023-05-06 05:00:00,161.0,0.575,118.65
2023-05-06 06:00:00,158.0,0.5249999999999999,129.25
2023-05-06 07:00:00,160.0,0.7749999999999999,154.2
2023-05-06 08:00:00,210.0,2.175,185.5
2023-05-06 09:00:00,195.0,2.45,193.45
2023-05-06 10:00:00,132.0,2.275,201.25
2023-05-06 11:00:00,91.0,2.525,207.375
2023-05-06 12:00:00,36.0,5.025,190.4
2023-05-06 13:00:00,39.0,2.6,202.55
2023-05-06 14:00:00,12.0,2.4,207.13333333333333
2023-05-06 15:00:00,12.0,3.475,194.65
2023-05-06 16:00:00,14.0,3.225,197.95
2023-05-06 17:00:00,19.0,2.25,182.45
2023-05-06 18:00:00,22.0,1.75,164.4
2023-05-06 19:00:00,25.0,0.725,117.4
2023-05-06 20:00:00,27.0,0.525,129.725
2023-05-06 21:00:00,35.0,0.625,116.75
2023-05-06 22:00:00,35.0,0.7,150.875
2023-05-06 23:00:00,59.0,0.725,154.05
2023-05-07 00:00:00,64.0,0.975,195.025
2023-05-07 01:00:00,78.0,0.85,198.05
2023-05-07 02:00:00,48.0,0.35,134.85
2023-05-07 03:00:00,39.0,0.45,101.525
2023-05-07 04:00:00,29.0,0.375,130.95
2023-05-07 05:00:00,27.0,0.6,106.8
2023-05-07 06:00:00,25.0,0.55,102.725
2023-05-07 07:00:00,23.0,0.525,91.75
2023-05-07 08:00:00,31.0,0.625,89.7
2023-05-07 09:00:00,61.0,0.6499999999999999,107.125
2023-05-07 10:00:00,47.0,1.125,134.35
2023-05-07 11:00:00,62.0,1.175,172.65
2023-05-07 12:00:00,64.0,1.9666666666666668,265.43333333333334
2023-05-07 13:00:00,123.0,1.4500000000000002,274.05
2023-05-07 14:00:00,95.0,1.25,272.35
2023-05-07 15:00:00,100.0,1.325,222.275
2023-05-07 16:00:00,58.0,0.525,156.55
2023-05-07 17:00:00,55.0,1.775,173.75
2023-05-07 18:00:00,52.0,0.625,71.75
2023-05-07 19:00:00,45.0,0.7,126.125
2023-05-07 20:00:00,42.0,0.85,51.725
2023-05-07 21:00:00,57.0,0.35,89.675
2023-05-07 22:00:00,50.0,0.725,87.275
2023-05-07 23:00:00,52.0,0.425,106.1
2023-05-08 00:00:00,53.0,0.475,150.05
2023-05-08 01:00:00,56.0,0.375,99.6
2023-05-08 02:00:00,64.0,0.725,147.625
2023-05-08 03:00:00,61.0,0.75,114.65
2023-05-08 04:00:00,53.0,0.575,153.75
2023-05-08 05:00:00,51.0,0.775,113.625
2023-05-08 06:00:00,55.0,0.975,78.25
2023-05-08 07:00:00,73.0,1.15,131.29999999999998
2023-05-08 08:00:00,86.0,1.55,45.575
2023-05-08 09:00:00,84.0,1.825,41.65
2023-05-08 10:00:00,51.0,1.85,51.75
2023-05-08 11:00:00,42.0,2.075,46.275
2023-05-08 12:00:00,33.0,2.05,46.35
2023-05-08 13:00:00,31.0,1.45,124.225
2023-05-08 14:00:00,30.0,1.0750000000000002,329.4
2023-05-08 15:00:00,35.0,0.975,266.8
2023-05-08 16:00:00,28.0,0.95,194.9
2023-05-08 17:00:00,29.0,1.175,51.275
2023-05-08 18:00:00,34.0,0.725,52.725
2023-05-08 19:00:00,39.0,0.6,99.175
2023-05-08 20:00:00,35.0,0.45,80.97500000000001
2023-05-08 21:00:00,39.0,0.575,99.525
2023-05-08 22:00:00,59.0,0.55,181.0
2023-05-08 23:00:00,64.0,0.7,136.97500000000002
2023-05-09 00:00:00,64.0,0.475,150.8
2023-05-09 01:00:00,62.0,0.825,122.3
2023-05-09 02:00:00,53.0,0.475,135.1
2023-05-09 03:00:00,47.0,0.7250000000000001,103.525
2023-05-09 04:00:00,55.0,0.55,147.925
2023-05-09 05:00:00,58.0,0.55,180.025
2023-05-09 06:00:00,70.0,0.825,174.425
2023-05-09 07:00:00,111.0,1.425,189.5
2023-05-09 08:00:00,174.0,1.875,185.375
2023-05-09 09:00:00,189.0,2.275,181.7
2023-05-09 10:00:00,183.0,2.425,217.95
2023-05-09 11:00:00,111.0,2.5,213.125
2023-05-09 12:00:00,83.0,2.2,212.725
2023-05-09 13:00:00,57.0,1.825,186.45
2023-05-09 14:00:00,45.0,1.0,213.6
2023-05-09 15:00:00,40.0,1.775,199.5
2023-05-09 16:00:00,47.0,1.55,203.1
2023-05-09 17:00:00,47.0,1.4,182.875
2023-05-09 18:00:00,50.0,1.65,173.525
2023-05-09 19:00:00,50.0,0.8999999999999999,140.175
2023-05-09 20:00:00,44.0,0.6,128.575
2023-05-09 21:00:00,52.0,1.05,164.375
2023-05-09 22:00:00,74.0,0.875,142.14999999999998
2023-05-09 23:00:00,74.0,1.125,162.075
2023-05-10 00:00:00,89.0,0.85,109.225
2023-05-10 01:00:00,80.0,0.8,104.9
2023-05-10 02:00:00,93.25,0.7,120.025
2023-05-10 03:00:00,100.0,0.6499999999999999,120.025
2023-05-10 04:00:00,139.0,1.05,183.95
2023-05-10 05:00:00,146.5,0.875,169.1
2023-05-10 06:00:00,167.5,0.525,134.475
2023-05-10 07:00:00,163.75,1.375,176.55
2023-05-10 08:00:00,161.75,2.375,189.8
2023-05-10 09:00:00,138.5,2.35,192.775
2023-05-10 10:00:00,91.25,2.85,207.775
2023-05-10 11:00:00,39.75,2.675,214.975
2023-05-10 12:00:00,26.25,2.625,206.25
2023-05-10 13:00:00,26.75,2.275,211.75
2023-05-10 14:00:00,36.75,2.725,200.525
2023-05-10 15:00:00,40.5,3.025,196.65
2023-05-10 16:00:00,34.75,2.8,195.2
2023-05-10 17:00:00,30.25,2.075,187.725
2023-05-10 18:00:00,28.0,0.725,107.675
2023-05-10 19:00:00,27.25,0.575,94.975
2023-05-10 20:00:00,27.75,0.5,106.025
2023-05-10 21:00:00,41.0,0.525,120.175
2023-05-10 22:00:00,60.0,0.55,136.0
2023-05-10 23:00:00,83.75,0.525,126.025
2023-05-11 00:00:00,127.25,0.575,137.1
2023-05-11 01:00:00,152.0,0.6,143.4
2023-05-11 02:00:00,173.0,0.65,124.65
2023-05-11 03:00:00,194.0,0.525,103.525
2023-05-11 04:00:00,164.0,0.6,129.6
2023-05-11 05:00:00,152.0,0.6499999999999999,114.1
2023-05-11 06:00:00,135.0,0.525,127.075
2023-05-11 07:00:00,124.0,0.475,150.225
2023-05-11 08:00:00,180.0,0.6,182.325
2023-05-11 09:00:00,194.0,1.1,220.8
2023-05-11 10:00:00,108.0,0.9000000000000001,230.6
2023-05-11 11:00:00,66.0,1.35,230.55
2023-05-11 12:00:00,38.0,1.15,206.675
2023-05-11 13:00:00,36.0,1.125,204.4
2023-05-11 14:00:00,47.0,1.2,225.425
2023-05-11 15:00:00,51.0,1.25,263.675
2023-05-11 16:00:00,36.0,0.6666666666666666,99.86666666666667
2023-05-11 17:00:00,33.0,0.6,64.66666666666667
2023-05-11 18:00:00,35.0,0.65,117.275
2023-05-11 19:00:00,39.0,0.7,108.85
2023-05-11 20:00:00,40.0,0.5249999999999999,113.45
2023-05-11 21:00:00,51.0,0.65,107.675
2023-05-11 22:00:00,72.0,0.65,95.75
2023-05-11 23:00:00,84.0,0.5,180.175
2023-05-12 00:00:00,88.0,0.725,69.55
2023-05-12 01:00:00,102.0,0.6,164.8
2023-05-12 02:00:00,92.0,0.575,110.65
2023-05-12 03:00:00,99.0,0.725,108.225
2023-05-12 04:00:00,95.0,0.575,98.725
2023-05-12 05:00:00,97.0,0.575,117.325
2023-05-12 06:00:00,78.0,0.425,154.9
2023-05-12 07:00:00,59.0,0.45,98.975
2023-05-12 08:00:00,66.0,0.525,142.175
2023-05-12 09:00:00,64.0,0.975,145.725
2023-05-12 10:00:00,51.0,0.8,142.45
2023-05-12 11:00:00,62.0,1.65,175.3
2023-05-12 12:00:00,50.0,1.7,169.125
2023-05-12 13:00:00,34.0,1.7,174.375
2023-05-12 14:00:00,30.0,1.625,212.55
2023-05-12 15:00:00,28.0,1.475,177.125
2023-05-12 16:00:00,33.0,1.275,255.275
2023-05-12 17:00:00,27.0,0.55,158.925
2023-05-12 18:00:00,44.0,0.65,106.875
2023-05-12 19:00:00,45.0,0.55,91.825
2023-05-12 20:00:00,55.0,0.475,102.375
2023-05-12 21:00:00,62.0,0.725,97.425
2023-05-12 22:00:00,72.0,0.625,91.15
2023-05-12 23:00:00,84.0,0.55,98.25
2023-05-13 00:00:00,90.0,0.625,97.55
2023-05-13 01:00:00,94.0,0.625,94.725
2023-05-13 02:00:00,99.0,0.5,96.6
2023-05-13 03:00:00,94.0,0.625,112.15
2023-05-13 04:00:00,84.0,0.775,105.225
2023-05-13 05:00:00,80.0,0.725,100.475
2023-05-13 06:00:00,99.0,0.55,105.35
2023-05-13 07:00:00,99.0,0.6000000000000001,78.875
2023-05-13 08:00:00,108.0,0.7,31.0
2023-05-13 09:00:00,111.0,1.125,33.125
2023-05-13 10:00:00,89.0,1.175,294.025
2023-05-13 11:00:00,84.0,1.025,300.95
2023-05-13 12:00:00,97.0,1.35,118.7
2023-05-13 13:00:00,83.0,1.525,93.725
2023-05-13 14:00:00,75.0,1.725,183.875
2023-05-13 15:00:00,73.0,1.225,95.3
2023-05-13 16:00:00,57.0,0.85,89.825
2023-05-13 17:00:00,50.0,0.525,134.7
2023-05-13 18:00:00,57.0,0.625,76.975
2023-05-13 19:00:00,63.0,0.75,116.025
2023-05-13 20:00:00,59.0,0.675,70.0
2023-05-13 21:00:00,86.0,0.725,130.75
2023-05-13 22:00:00,84.0,0.75,82.9
2023-05-13 23:00:00,90.0,0.475,97.575
2023-05-14 00:00:00,97.0,0.5,114.2
2023-05-14 01:00:00,92.66666666666669,0.55,110.55
2023-05-14 02:00:00,90.25,0.6,147.95
2023-05-14 03:00:00,95.5,0.575,103.5
2023-05-14 04:00:00,93.5,0.775,92.15
2023-05-14 05:00:00,106.25,0.75,83.475
2023-05-14 06:00:00,120.0,0.575,91.825
2023-05-14 07:00:00,115.75,0.925,163.075
2023-05-14 08:00:00,128.25,1.6,259.375
2023-05-14 09:00:00,145.0,1.425,315.3
2023-05-14 10:00:00,127.0,1.325,302.225
2023-05-14 11:00:00,111.5,1.525,319.75
2023-05-14 12:00:00,90.25,1.275,294.775
2023-05-14 13:00:00,82.0,1.25,302.425
2023-05-14 14:00:00,74.0,0.925,165.325
2023-05-14 15:00:00,74.0,1.175,255.6
2023-05-14 16:00:00,63.75,1.7,209.7
2023-05-14 17:00:00,51.0,1.15,160.3
2023-05-14 18:00:00,49.5,0.625,100.45
2023-05-14 19:00:00,45.25,0.7000000000000001,156.5
2023-05-14 20:00:00,43.25,0.55,82.65
2023-05-14 21:00:00,33.75,0.5,58.925
2023-05-14 22:00:00,28.0,0.375,97.625
2023-05-14 23:00:00,22.75,0.525,149.025
2023-05-15 00:00:00,22.75,1.125,145.975
2023-05-15 01:00:00,16.0,1.95,157.725
2023-05-15 02:00:00,14.0,1.675,167.3
2023-05-15 03:00:00,16.0,2.275,179.825
2023-05-15 04:00:00,8.0,1.275,179.8
2023-05-15 05:00:00,9.0,0.975,184.925
2023-05-15 06:00:00,8.0,0.675,191.7
2023-05-15 07:00:00,6.0,1.525,178.9
2023-05-15 08:00:00,20.0,2.625,182.55
2023-05-15 09:00:00,8.0,2.75,183.325
2023-05-15 10:00:00,8.0,3.0,185.3
2023-05-15 11:00:00,17.0,2.0,206.85
2023-05-15 12:00:00,25.0,1.375,224.725
2023-05-15 13:00:00,29.0,1.5,229.7
2023-05-15 14:00:00,34.0,1.65,242.525
2023-05-15 15:00:00,35.0,1.6333333333333335,224.125
2023-05-15 16:00:00,36.0,1.6,225.725
2023-05-15 17:00:00,29.0,0.575,153.2
2023-05-15 18:00:00,29.0,0.775,90.95
2023-05-15 19:00:00,41.0,0.575,69.975
2023-05-15 20:00:00,30.0,0.5,104.175
2023-05-15 21:00:00,29.0,1.075,126.775
2023-05-15 22:00:00,22.0,1.325,147.675
2023-05-15 23:00:00,53.0,1.275,133.55
2023-05-16 00:00:00,23.0,0.925,122.5
2023-05-16 01:00:00,9.0,1.5,144.2
2023-05-16 02:00:00,12.0,2.6,168.475
2023-05-16 03:00:00,12.0,4.25,180.725
2023-05-16 04:00:00,18.0,4.75,184.025
2023-05-16 05:00:00,30.0,4.575,184.2
2023-05-16 06:00:00,68.0,2.7,196.85
2023-05-16 07:00:00,95.0,1.825,203.175
2023-05-16 08:00:00,128.0,2.125,208.35
2023-05-16 09:00:00,197.0,1.6,250.05
2023-05-16 10:00:00,338.0,1.375,238.2
2023-05-16 11:00:00,328.0,1.725,199.1
2023-05-16 12:00:00,180.0,0.8999999999999999,217.15
2023-05-16 13:00:00,151.0,1.625,166.65
2023-05-16 14:00:00,117.0,2.775,180.275
2023-05-16 15:00:00,40.0,1.95,172.025
2023-05-16 16:00:00,24.0,0.975,169.6
2023-05-16 17:00:00,28.0,0.725,139.35
2023-05-16 18:00:00,44.0,0.65,104.975
2023-05-16 19:00:00,56.0,0.7,114.25
2023-05-16 20:00:00,62.0,0.7,118.075
2023-05-16 21:00:00,72.0,0.6749999999999999,133.4
2023-05-16 22:00:00,84.0,0.725,136.3
2023-05-16 23:00:00,89.0,0.65,132.925
2023-05-17 00:00:00,100.0,0.925,161.575
2023-05-17 01:00:00,113.5,1.4249999999999998,178.82500000000002
2023-05-17 02:00:00,108.5,0.7749999999999999,163.95
2023-05-17 03:00:00,116.0,0.525,105.375
2023-05-17 04:00:00,117.0,0.4,106.175
2023-05-17 05:00:00,100.0,0.625,161.0
2023-05-17 06:00:00,88.0,0.475,97.15
2023-05-17 07:00:00,77.0,1.075,166.35
2023-05-17 08:00:00,75.0,1.775,192.15
2023-05-17 09:00:00,69.0,1.55,179.05
2023-05-17 10:00:00,84.0,1.425,241.3
2023-05-17 11:00:00,35.0,1.375,237.275
2023-05-17 12:00:00,30.0,0.975,185.1
2023-05-17 13:00:00,36.0,1.55,191.3
2023-05-17 14:00:00,33.0,3.3,192.4
2023-05-17 15:00:00,35.0,0.4000000000000001,67.5
2023-05-17 16:00:00,34.0,0.775,92.6
2023-05-17 17:00:00,38.0,0.65,124.75
2023-05-17 18:00:00,47.0,0.9,139.175
2023-05-17 19:00:00,91.0,0.8500000000000001,141.925
2023-05-17 20:00:00,45.0,1.3,84.975
2023-05-17 21:00:00,36.0,1.075,72.4
2023-05-17 22:00:00,29.0,1.375,64.8
2023-05-17 23:00:00,28.0,0.925,52.325
2023-05-18 00:00:00,25.0,2.15,143.725
2023-05-18 01:00:00,20.0,1.575,110.825
2023-05-18 02:00:00,7.0,2.475,201.875
2023-05-18 03:00:00,19.0,3.775,204.225
2023-05-18 04:00:00,38.0,3.675,244.075
2023-05-18 05:00:00,20.0,1.95,295.075
2023-05-18 06:00:00,16.0,1.5,322.475
2023-05-18 07:00:00,33.0,1.925,330.55
2023-05-18 08:00:00,34.0,1.975,316.825
2023-05-18 09:00:00,28.0,1.125,284.6
2023-05-18 10:00:00,28.0,0.85,149.45
2023-05-18 11:00:00,22.0,0.7,71.525
2023-05-18 12:00:00,22.0,0.9,117.625
2023-05-18 13:00:00,22.0,1.5,162.8
2023-05-18 14:00:00,24.0,2.3,177.85
2023-05-18 15:00:00,33.0,3.125,194.85
2023-05-18 16:00:00,36.0,2.575,207.675
2023-05-18 17:00:00,29.0,2.2750000000000004,211.525
2023-05-18 18:00:00,28.0,2.1,221.95
2023-05-18 19:00:00,35.0,1.4,210.075
2023-05-18 20:00:00,35.0,1.375,193.075
2023-05-18 21:00:00,42.0,1.075,167.625
2023-05-18 22:00:00,44.0,0.6499999999999999,130.075
2023-05-18 23:00:00,39.0,0.8,126.775
2023-05-19 00:00:00,36.0,0.7,142.725
2023-05-19 01:00:00,36.0,1.25,172.625
2023-05-19 02:00:00,40.0,1.875,184.15
2023-05-19 03:00:00,57.0,1.075,182.075
2023-05-19 04:00:00,61.0,0.85,188.325
2023-05-19 05:00:00,103.0,1.075,193.1
2023-05-19 06:00:00,96.0,1.15,174.775
2023-05-19 07:00:00,99.0,2.525,180.675
2023-05-19 08:00:00,96.0,2.55,189.225
2023-05-19 09:00:00,96.0,2.425,197.95
2023-05-19 10:00:00,58.0,2.35,207.725
2023-05-19 11:00:00,51.0,2.85,189.625
2023-05-19 12:00:00,42.0,2.825,209.15
2023-05-19 13:00:00,44.0,3.3666666666666667,192.2333333333333
2023-05-19 14:00:00,41.0,3.2333333333333334,195.26666666666665
2023-05-19 15:00:00,42.0,3.1,198.3
2023-05-19 16:00:00,42.0,3.05,199.725
2023-05-19 17:00:00,44.0,2.35,192.25
2023-05-19 18:00:00,38.0,1.6749999999999998,187.3
2023-05-19 19:00:00,39.0,0.7,118.1
2023-05-19 20:00:00,36.0,0.625,120.7
2023-05-19 21:00:00,40.0,0.6499999999999999,104.55
2023-05-19 22:00:00,48.0,0.825,138.65
2023-05-19 23:00:00,52.0,0.625,106.65
2023-05-20 00:00:00,57.0,0.7,97.35
2023-05-20 01:00:00,47.0,0.65,101.575
2023-05-20 02:00:00,44.0,0.575,110.55
2023-05-20 03:00:00,31.0,0.6499999999999999,122.05
2023-05-20 04:00:00,31.0,0.775,171.525
2023-05-20 05:00:00,66.0,0.525,118.725
2023-05-20 06:00:00,51.0,1.0,182.575
2023-05-20 07:00:00,64.0,1.975,177.575
2023-05-20 08:00:00,59.0,2.3,183.5
2023-05-20 09:00:00,42.0,1.9,198.45
2023-05-20 10:00:00,55.0,1.825,211.6
2023-05-20 11:00:00,56.0,1.75,210.9
2023-05-20 12:00:00,34.0,1.825,234.025
2023-05-20 13:00:00,30.0,2.275,200.425
2023-05-20 14:00:00,28.0,2.9,207.85
2023-05-20 15:00:00,16.0,3.45,203.775
2023-05-20 16:00:00,22.0,4.0,192.45
2023-05-20 17:00:00,17.0,2.675,193.5
2023-05-20 18:00:00,14.0,1.15,135.55
2023-05-20 19:00:00,14.0,0.625,95.075
2023-05-20 20:00:00,27.0,0.6,109.1
2023-05-20 21:00:00,44.0,0.7,94.95
2023-05-20 22:00:00,64.0,0.825,100.375
2023-05-20 23:00:00,52.0,0.625,120.0
2023-05-21 00:00:00,68.0,0.625,121.025
2023-05-21 01:00:00,72.0,0.65,122.5
2023-05-21 02:00:00,69.0,0.525,139.975
2023-05-21 03:00:00,56.0,0.625,117.425
2023-05-21 04:00:00,58.0,0.65,122.0
2023-05-21 05:00:00,53.0,0.375,99.4
2023-05-21 06:00:00,51.0,0.475,135.225
2023-05-21 07:00:00,63.0,0.55,123.55
2023-05-21 08:00:00,75.0,0.85,148.4
2023-05-21 09:00:00,57.0,1.075,212.625
2023-05-21 10:00:00,41.0,0.65,136.325
2023-05-21 11:00:00,41.0,1.15,207.175
2023-05-21 12:00:00,31.0,2.15,229.325
2023-05-21 13:00:00,28.0,3.15,197.3
2023-05-21 14:00:00,25.0,3.158333333333333,197.31666666666666
2023-05-21 15:00:00,14.0,3.1666666666666665,197.33333333333334
2023-05-21 16:00:00,17.0,3.175,197.35
2023-05-21 17:00:00,9.0,1.95,201.125
2023-05-21 18:00:00,14.0,0.675,91.875
2023-05-21 19:00:00,16.0,0.6,105.975
2023-05-21 20:00:00,25.0,0.65,122.525
2023-05-21 21:00:00,25.31578947368421,1.05,108.1
2023-05-21 22:00:00,25.63157894736842,0.7250000000000001,97.775
2023-05-21 23:00:00,25.94736842105263,0.9,75.775
2023-05-22 00:00:00,,0.95,47.25
2023-05-22 01:00:00,,0.825,40.35
2023-05-22 02:00:00,,0.8,127.475
2023-05-22 03:00:00,,1.05,164.0
2023-05-22 04:00:00,,1.25,170.975
2023-05-22 05:00:00,,1.975,176.825
2023-05-22 06:00:00,,1.95,176.575
2023-05-22 07:00:00,,3.025,180.725
2023-05-22 08:00:00,,4.0,183.3
2023-05-22 09:00:00,,3.925,184.575
2023-05-22 10:00:00,,4.35,185.0
2023-05-22 11:00:00,,4.1,187.775
2023-05-22 12:00:00,,4.095833333333333,187.89270833333333
2023-05-22 13:00:00,,4.091666666666667,188.01041666666669
2023-05-22 14:00:00,,4.0874999999999995,188.128125
2023-05-22 15:00:00,31.0,,
2023-05-22 16:00:00,32.75,,
2023-05-22 17:00:00,34.5,,
2023-05-22 18:00:00,38.0,,
2023-05-22 19:00:00,41.5,,
2023-05-22 20:00:00,45.0,,
2023-05-22 21:00:00,46.0,,
2023-05-22 22:00:00,45.0,,
2023-05-22 23:00:00,40.0,,
2023-05-23 00:00:00,35.0,,
2023-05-23 01:00:00,30.0,,
2023-05-23 02:00:00,,,
2023-05-23 03:00:00,20.0,,
2023-05-23 04:00:00,23.0,,
2023-05-23 05:00:00,22.0,,
2023-05-23 06:00:00,21.0,,
2023-05-23 07:00:00,20.0,,
2023-05-23 08:00:00,19.5,,
2023-05-23 09:00:00,19.0,,
2023-05-23 10:00:00,24.25,,
2023-05-23 11:00:00,29.5,4.0,190.6
2023-05-23 12:00:00,29.0,3.025,177.42499999999998
2023-05-23 13:00:00,28.75,3.1,188.325
2023-05-23 14:00:00,25.75,2.8,191.775
2023-05-23 15:00:00,19.75,3.075,200.025
2023-05-23 16:00:00,21.25,2.825,187.6
2023-05-23 17:00:00,21.0,1.575,160.2
2023-05-23 18:00:00,27.0,3.35,181.275
2023-05-23 19:00:00,34.25,3.725,184.375
2023-05-23 20:00:00,52.5,2.375,170.45
2023-05-23 21:00:00,40.0,1.675,152.625
2023-05-23 22:00:00,30.0,0.825,86.45
2023-05-23 23:00:00,23.0,1.6,296.275
2023-05-24 00:00:00,34.75,1.45,244.625
2023-05-24 01:00:00,23.75,0.75,45.675
2023-05-24 02:00:00,19.0,0.475,120.65
2023-05-24 03:00:00,16.0,0.625,155.05
2023-05-24 04:00:00,18.25,0.9,201.775
2023-05-24 05:00:00,24.25,0.775,109.75
2023-05-24 06:00:00,24.0,0.5,142.725
2023-05-24 07:00:00,29.25,2.1,226.95
2023-05-24 08:00:00,24.75,1.65,269.7
2023-05-24 09:00:00,20.25,1.65,255.3
2023-05-24 10:00:00,26.5,1.65,180.95
2023-05-24 11:00:00,25.75,2.3,62.425
2023-05-24 12:00:00,27.75,2.15,73.875
2023-05-24 13:00:00,26.0,2.25,53.275
2023-05-24 14:00:00,22.25,2.2666666666666666,52.5
2023-05-24 15:00:00,20.5,1.7583333333333333,66.875
2023-05-24 16:00:00,21.0,1.25,81.25
2023-05-24 17:00:00,17.75,0.825,84.0
2023-05-24 18:00:00,20.0,0.4499999999999999,107.55
2023-05-24 19:00:00,25.75,1.475,169.575
2023-05-24 20:00:00,14.25,2.4250000000000003,176.225
2023-05-24 21:00:00,9.5,1.575,156.075
2023-05-24 22:00:00,10.25,0.675,148.475
2023-05-24 23:00:00,8.75,0.65,31.1
2023-05-25 00:00:00,10.5,0.875,184.325
2023-05-25 01:00:00,8.5,0.45,194.3
2023-05-25 02:00:00,8.5,1.325,209.175
2023-05-25 03:00:00,12.5,1.7000000000000002,263.75
2023-05-25 04:00:00,10.5,0.825,232.55
2023-05-25 05:00:00,9.75,0.5,141.02499999999998
2023-05-25 06:00:00,11.25,0.5,165.25
2023-05-25 07:00:00,11.25,0.675,103.075
2023-05-25 08:00:00,18.5,0.95,45.15
2023-05-25 09:00:00,22.0,1.2000000000000002,129.025
2023-05-25 10:00:00,28.0,1.125,136.25
2023-05-25 11:00:00,27.0,1.175,179.125
2023-05-25 12:00:00,23.0,1.225,165.625
2023-05-25 13:00:00,21.25,1.2,134.79999999999998
2023-05-25 14:00:00,24.75,0.8,152.4
2023-05-25 15:00:00,24.0,1.5499999999999998,164.15
2023-05-25 16:00:00,24.25,1.225,168.575
2023-05-25 17:00:00,24.5,1.525,208.925
2023-05-25 18:00:00,24.25,2.225,204.975
2023-05-25 19:00:00,30.5,1.85,257.7
2023-05-25 20:00:00,33.25,2.625,180.0
2023-05-25 21:00:00,16.25,0.95,148.7
2023-05-25 22:00:00,8.0,1.425,175.425
2023-05-25 23:00:00,10.0,1.1,192.45
2023-05-26 00:00:00,12.5,1.45,180.75
2023-05-26 01:00:00,2.0,1.15,113.05
2023-05-26 02:00:00,2.25,0.525,85.875
2023-05-26 03:00:00,3.5,0.625,81.15
2023-05-26 04:00:00,5.5,0.575,117.975
2023-05-26 05:00:00,7.5,0.6,114.1
2023-05-26 06:00:00,8.25,0.6,144.175
2023-05-26 07:00:00,6.75,1.825,170.525
2023-05-26 08:00:00,10.0,2.65,198.925
2023-05-26 09:00:00,14.0,2.025,229.175
2023-05-26 10:00:00,20.25,1.55,261.35
2023-05-26 11:00:00,26.75,1.675,263.2
2023-05-26 12:00:00,18.25,1.125,278.35
2023-05-26 13:00:00,22.25,1.425,238.8
2023-05-26 14:00:00,21.25,1.375,138.05
2023-05-26 15:00:00,16.75,0.975,214.325
2023-05-26 16:00:00,19.0,0.75,92.8
2023-05-26 17:00:00,19.0,0.675,98.4
2023-05-26 18:00:00,22.75,0.625,111.35
2023-05-26 19:00:00,31.0,0.575,102.725
2023-05-26 20:00:00,26.0,0.5,125.3
2023-05-26 21:00:00,42.75,0.55,95.2
2023-05-26 22:00:00,58.75,0.45,134.35
2023-05-26 23:00:00,62.25,0.55,145.325
2023-05-27 00:00:00,50.5,0.5,92.55
2023-05-27 01:00:00,31.0,0.5249999999999999,104.425
2023-05-27 02:00:00,31.0,0.425,149.35
2023-05-27 03:00:00,30.75,0.6,78.475
2023-05-27 04:00:00,29.5,0.525,92.875
2023-05-27 05:00:00,34.25,0.375,96.875
2023-05-27 06:00:00,43.25,4.675,200.5
2023-05-27 07:00:00,12.75,1.625,262.9
2023-05-27 08:00:00,8.5,2.2,262.8
2023-05-27 09:00:00,7.25,1.3,84.425
2023-05-27 10:00:00,8.0,1.675,67.55
2023-05-27 11:00:00,11.0,2.025,63.9
2023-05-27 12:00:00,17.25,1.225,93.325
2023-05-27 13:00:00,9.75,1.075,156.875
2023-05-27 14:00:00,13.25,2.2,189.65
2023-05-27 15:00:00,18.25,1.025,279.775
2023-05-27 16:00:00,23.5,0.875,294.275
2023-05-27 17:00:00,29.75,0.675,242.925
2023-05-27 18:00:00,34.75,0.525,143.525
2023-05-27 19:00:00,33.75,0.55,114.375
2023-05-27 20:00:00,31.75,0.6499999999999999,140.525
2023-05-27 21:00:00,28.5,0.575,106.675
2023-05-27 22:00:00,31.5,0.5,87.375
2023-05-27 23:00:00,37.0,0.55,103.5
2023-05-28 00:00:00,40.0,0.425,89.7
2023-05-28 01:00:00,41.0,0.3999999999999999,131.89999999999998
2023-05-28 02:00:00,46.25,0.6,167.45000000000002
2023-05-28 03:00:00,54.5,0.4499999999999999,134.9
2023-05-28 04:00:00,58.5,0.625,139.85
2023-05-28 05:00:00,55.75,0.7,104.675
2023-05-28 06:00:00,50.5,0.65,87.15
2023-05-28 07:00:00,46.0,0.825,43.875
2023-05-28 08:00:00,44.0,1.1,41.375
2023-05-28 09:00:00,38.5,1.3,38.575
2023-05-28 10:00:00,42.5,1.65,67.2
2023-05-28 11:00:00,54.25,1.775,70.025
2023-05-28 12:00:00,60.75,1.1,78.925
2023-05-28 13:00:00,38.75,0.9333333333333332,130.63333333333333
2023-05-28 14:00:00,27.25,1.1166666666666667,183.96666666666667
2023-05-28 15:00:00,23.5,1.3,237.3
2023-05-28 16:00:00,29.25,0.8,173.02499999999998
2023-05-28 17:00:00,33.0,0.1,233.4
2023-05-28 18:00:00,33.0,0.4,170.975
2023-05-28 19:00:00,33.0,0.7,108.55
2023-05-28 20:00:00,36.0,0.45,107.075
2023-05-28 21:00:00,37.0,0.8,127.075
2023-05-28 22:00:00,36.0,2.625,181.575
2023-05-28 23:00:00,22.25,1.3,161.75
2023-05-29 00:00:00,17.0,0.975,95.5
2023-05-29 01:00:00,18.5,3.3,184.725
2023-05-29 02:00:00,21.25,1.875,177.325
2023-05-29 03:00:00,15.0,1.975,231.525
2023-05-29 04:00:00,11.666666666666666,0.55,178.625
2023-05-29 05:00:00,11.0,0.5,173.475
2023-05-29 06:00:00,10.5,0.5,136.825
2023-05-29 07:00:00,13.75,0.725,221.9
2023-05-29 08:00:00,30.33333333333333,1.1,243.5
2023-05-29 09:00:00,35.333333333333336,1.175,261.425
2023-05-29 10:00:00,36.0,0.8250000000000001,238.725
2023-05-29 11:00:00,36.0,1.1,346.8
2023-05-29 12:00:00,36.0,1.35,255.8
2023-05-29 13:00:00,33.0,1.6,164.8
2023-05-29 14:00:00,36.0,1.35,122.125
2023-05-29 15:00:00,39.0,1.05,147.7
2023-05-29 16:00:00,14.0,0.825,187.8
2023-05-29 17:00:00,17.0,0.35,214.7
2023-05-29 18:00:00,25.0,0.95,159.725
2023-05-29 19:00:00,28.0,0.525,102.575
2023-05-29 20:00:00,25.0,0.65,127.725
2023-05-29 21:00:00,36.0,0.5,157.725
2023-05-29 22:00:00,36.0,1.375,203.475
2023-05-29 23:00:00,44.0,0.8,236.35
2023-05-30 00:00:00,36.0,0.675,125.8
2023-05-30 01:00:00,36.0,0.5,155.72500000000002
2023-05-30 02:00:00,34.0,0.4499999999999999,202.325
2023-05-30 03:00:00,34.0,0.5249999999999999,144.1
2023-05-30 04:00:00,46.0,0.55,167.20000000000002
2023-05-30 05:00:00,40.0,0.475,173.5
2023-05-30 06:00:00,46.0,1.2,175.27499999999998
2023-05-30 07:00:00,39.0,0.85,193.275
2023-05-30 08:00:00,48.0,0.45,107.425
2023-05-30 09:00:00,47.0,0.925,102.575
2023-05-30 10:00:00,44.0,0.9,92.125
2023-05-30 11:00:00,41.0,0.75,104.375
2023-05-30 12:00:00,39.0,1.175,92.05
2023-05-30 13:00:00,33.0,1.275,76.575
2023-05-30 14:00:00,24.0,0.8999999999999999,73.3
2023-05-30 15:00:00,19.0,1.175,85.025
2023-05-30 16:00:00,20.0,0.8999999999999999,31.05
2023-05-30 17:00:00,20.0,0.6,108.7
2023-05-30 18:00:00,31.0,2.675,159.325
2023-05-30 19:00:00,28.0,2.5,191.1
2023-05-30 20:00:00,12.0,0.8500000000000001,142.8
2023-05-30 21:00:00,8.0,0.625,149.8
2023-05-30 22:00:00,11.0,0.55,163.7
2023-05-30 23:00:00,18.0,0.5249999999999999,193.075
2023-05-31 00:00:00,22.0,0.6000000000000001,134.2
2023-05-31 01:00:00,20.0,0.625,140.5
2023-05-31 02:00:00,22.0,1.2,198.3
2023-05-31 03:00:00,56.0,0.65,177.975
2023-05-31 04:00:00,62.0,1.6,181.35
2023-05-31 05:00:00,22.0,2.025,190.275
2023-05-31 06:00:00,18.0,1.625,170.7
2023-05-31 07:00:00,19.0,1.875,190.875
2023-05-31 08:00:00,25.0,2.55,184.55
2023-05-31 09:00:00,33.0,2.25,176.375
2023-05-31 10:00:00,38.0,1.125,179.175
2023-05-31 11:00:00,18.0,1.925,173.3
2023-05-31 12:00:00,18.0,2.2,181.875
2023-05-31 13:00:00,25.0,1.625,154.25
2023-05-31 14:00:00,19.0,1.925,170.25
2023-05-31 15:00:00,17.0,1.05,134.8
2023-05-31 16:00:00,18.0,2.15,174.05
2023-05-31 17:00:00,19.0,3.45,182.375
2023-05-31 18:00:00,6.0,0.9,157.325
2023-05-31 19:00:00,9.0,1.075,174.4
2023-05-31 20:00:00,7.0,0.9,128.275
2023-05-31 21:00:00,13.0,0.475,188.55
2023-05-31 22:00:00,25.0,0.575,139.75
2023-05-31 23:00:00,20.0,0.55,125.175
2023-06-01 00:00:00,28.0,0.75,171.275
2023-06-01 01:00:00,28.0,0.75,152.85
2023-06-01 02:00:00,29.0,0.675,113.75
2023-06-01 03:00:00,35.0,0.55,132.625
2023-06-01 04:00:00,31.0,0.5,83.775
2023-06-01 05:00:00,33.0,1.025,164.65
2023-06-01 06:00:00,36.0,1.225,205.475
2023-06-01 07:00:00,63.0,1.225,251.8
2023-06-01 08:00:00,53.0,2.225,185.1
2023-06-01 09:00:00,45.0,2.175,169.7
2023-06-01 10:00:00,42.0,1.025,177.5
2023-06-01 11:00:00,17.0,1.1333333333333333,200.46666666666667
2023-06-01 12:00:00,24.0,1.0,243.4
2023-06-01 13:00:00,27.0,1.175,233.4
2023-06-01 14:00:00,30.0,1.35,223.4
2023-06-01 15:00:00,33.0,1.525,213.4
2023-06-01 16:00:00,36.0,1.7,203.4
2023-06-01 17:00:00,33.0,2.25,202.95
2023-06-01 18:00:00,34.0,2.625,191.225
2023-06-01 19:00:00,17.0,0.85,144.525
2023-06-01 20:00:00,13.0,0.625,160.25
2023-06-01 21:00:00,12.0,1.65,195.275
2023-06-01 22:00:00,23.0,1.6,197.85
2023-06-01 23:00:00,53.0,0.7,126.2
2023-06-02 00:00:00,34.0,0.7250000000000001,160.125
2023-06-02 01:00:00,33.0,0.65,154.45
2023-06-02 02:00:00,27.0,0.725,135.75
2023-06-02 03:00:00,40.0,1.225,176.925
2023-06-02 04:00:00,41.0,0.95,159.55
2023-06-02 05:00:00,57.0,0.925,155.35
2023-06-02 06:00:00,68.0,1.0750000000000002,170.225
2023-06-02 07:00:00,69.0,1.425,245.5
2023-06-02 08:00:00,36.0,1.3,269.125
2023-06-02 09:00:00,23.0,0.85,232.025
2023-06-02 10:00:00,17.0,0.975,193.65
2023-06-02 11:00:00,20.0,0.8500000000000001,219.5
2023-06-02 12:00:00,18.0,1.125,192.3
2023-06-02 13:00:00,16.0,1.875,201.25
2023-06-02 14:00:00,18.0,2.1,191.95
2023-06-02 15:00:00,13.0,1.95,213.8
2023-06-02 16:00:00,20.0,2.325,200.675
2023-06-02 17:00:00,16.0,1.95,191.4
2023-06-02 18:00:00,23.0,1.525,188.0
2023-06-02 19:00:00,22.0,0.525,121.525
2023-06-02 20:00:00,19.0,0.675,113.25
2023-06-02 21:00:00,23.0,0.65,154.825
2023-06-02 22:00:00,25.0,0.675,150.875
2023-06-02 23:00:00,30.0,0.675,101.425
2023-06-03 00:00:00,30.0,0.7,124.775
2023-06-03 01:00:00,34.0,0.6749999999999999,135.55
2023-06-03 02:00:00,35.0,0.55,122.175
2023-06-03 03:00:00,36.0,0.575,119.7
2023-06-03 04:00:00,35.0,0.6,127.825
2023-06-03 05:00:00,36.0,0.7250000000000001,156.10000000000002
2023-06-03 06:00:00,40.0,0.725,161.0
2023-06-03 07:00:00,42.0,0.9,259.1
2023-06-03 08:00:00,48.0,0.85,222.3
2023-06-03 09:00:00,42.0,1.025,210.8
2023-06-03 10:00:00,31.0,1.25,184.55
2023-06-03 11:00:00,38.0,1.975,173.575
2023-06-03 12:00:00,28.0,2.075,178.55
2023-06-03 13:00:00,27.0,2.675,188.7
2023-06-03 14:00:00,31.0,2.55,192.975
2023-06-03 15:00:00,28.0,2.45,200.5
2023-06-03 16:00:00,24.0,2.125,194.8
2023-06-03 17:00:00,22.0,1.7,198.625
2023-06-03 18:00:00,22.0,1.7,185.4
2023-06-03 19:00:00,20.0,0.6749999999999999,97.75
2023-06-03 20:00:00,22.0,0.475,129.075
2023-06-03 21:00:00,19.0,0.7,134.55
2023-06-03 22:00:00,27.0,0.85,141.975
2023-06-03 23:00:00,35.0,0.6,129.25
2023-06-04 00:00:00,40.0,0.725,128.5
2023-06-04 01:00:00,47.0,0.625,148.375
2023-06-04 02:00:00,53.0,0.825,129.35
2023-06-04 03:00:00,63.0,0.375,196.075
2023-06-04 04:00:00,79.0,0.325,87.0
2023-06-04 05:00:00,80.0,1.15,177.575
2023-06-04 06:00:00,91.0,1.25,188.1
2023-06-04 07:00:00,47.0,0.95,195.2
2023-06-04 08:00:00,42.0,1.725,179.55
2023-06-04 09:00:00,51.0,0.8,268.675
2023-06-04 10:00:00,59.0,0.35,238.025
2023-06-04 11:00:00,50.0,0.525,193.175
2023-06-04 12:00:00,57.0,0.825,101.5
2023-06-04 13:00:00,58.0,0.725,210.55
2023-06-04 14:00:00,61.0,1.55,184.55
2023-06-04 15:00:00,58.0,1.2,177.975
2023-06-04 16:00:00,61.0,0.85,149.625
2023-06-04 17:00:00,67.0,1.0,163.775
2023-06-04 18:00:00,53.0,0.775,138.025
2023-06-04 19:00:00,53.0,0.625,142.375
2023-06-04 20:00:00,51.0,0.7999999999999999,129.1
2023-06-04 21:00:00,53.0,1.1,173.425
2023-06-04 22:00:00,61.0,0.85,164.925
2023-06-04 23:00:00,63.0,1.125,177.225
2023-06-05 00:00:00,69.0,0.875,159.875
2023-06-05 01:00:00,97.0,0.8,164.275
2023-06-05 02:00:00,58.0,0.725,180.9
2023-06-05 03:00:00,42.0,1.025,164.1
2023-06-05 04:00:00,36.0,1.9,189.775
2023-06-05 05:00:00,39.0,1.85,189.725
2023-06-05 06:00:00,50.0,1.275,178.22500000000002
2023-06-05 07:00:00,59.0,1.85,184.75
2023-06-05 08:00:00,63.0,2.375,193.55
2023-06-05 09:00:00,56.0,2.3,198.6
2023-06-05 10:00:00,53.0,2.625,211.75
2023-06-05 11:00:00,44.0,2.25,197.075
2023-06-05 12:00:00,39.0,2.45,202.025
2023-06-05 13:00:00,42.0,2.525,187.425
2023-06-05 14:00:00,38.0,2.5,183.125
2023-06-05 15:00:00,39.0,2.325,185.225
2023-06-05 16:00:00,38.0,2.425,189.0
2023-06-05 17:00:00,33.0,2.25,186.4
2023-06-05 18:00:00,29.0,0.7,120.4
2023-06-05 19:00:00,27.0,0.7,96.775
2023-06-05 20:00:00,28.0,0.675,99.975
2023-06-05 21:00:00,33.0,0.725,112.725
2023-06-05 22:00:00,40.0,0.6749999999999999,131.3
2023-06-05 23:00:00,48.0,0.725,77.9
2023-06-06 00:00:00,55.0,0.825,125.725
2023-06-06 01:00:00,41.0,0.8500000000000001,91.6
2023-06-06 02:00:00,8.0,0.7,110.25
2023-06-06 03:00:00,14.0,0.4,186.05
2023-06-06 04:00:00,22.0,0.225,121.375
2023-06-06 05:00:00,18.0,0.375,116.45
2023-06-06 06:00:00,19.0,0.525,120.2
2023-06-06 07:00:00,20.0,0.975,206.55
2023-06-06 08:00:00,23.0,1.375,235.775
2023-06-06 09:00:00,23.0,0.675,270.95
2023-06-06 10:00:00,23.0,1.5,170.1
2023-06-06 11:00:00,29.0,1.8,177.1
2023-06-06 12:00:00,40.0,1.475,242.3
2023-06-06 13:00:00,36.0,1.5,207.175
2023-06-06 14:00:00,40.0,1.925,226.55
2023-06-06 15:00:00,34.0,1.675,237.475
2023-06-06 16:00:00,35.0,1.45,255.4
2023-06-06 17:00:00,45.0,0.5750000000000001,211.075
2023-06-06 18:00:00,35.0,1.0,118.55
2023-06-06 19:00:00,41.0,1.675,170.525
2023-06-06 20:00:00,117.0,1.4,173.175
2023-06-06 21:00:00,167.0,2.65,182.8
2023-06-06 22:00:00,135.0,2.425,178.325
2023-06-06 23:00:00,169.0,2.85,180.45
2023-06-07 00:00:00,139.0,1.7999999999999998,166.075
2023-06-07 01:00:00,129.0,1.05,138.225
2023-06-07 02:00:00,88.0,0.6666666666666666,149.6
2023-06-07 03:00:00,52.0,0.6,160.025
2023-06-07 04:00:00,44.0,1.2000000000000002,191.85
2023-06-07 05:00:00,57.0,1.65,192.625
2023-06-07 06:00:00,75.0,1.975,180.625
2023-06-07 07:00:00,80.0,2.325,181.575
2023-06-07 08:00:00,59.0,1.975,177.1
2023-06-07 09:00:00,46.0,2.1,182.65
2023-06-07 10:00:00,42.0,2.25,193.175
2023-06-07 11:00:00,35.0,1.975,205.525
2023-06-07 12:00:00,35.0,2.375,206.85
2023-06-07 13:00:00,31.0,2.4,195.775
2023-06-07 14:00:00,30.0,2.125,204.55
2023-06-07 15:00:00,27.0,1.8083333333333333,194.71666666666667
2023-06-07 16:00:00,25.0,1.4916666666666667,184.88333333333335
2023-06-07 17:00:00,18.0,1.175,175.05
2023-06-07 18:00:00,17.0,0.625,97.4
2023-06-07 19:00:00,20.0,0.65,130.275
2023-06-07 20:00:00,24.0,0.7,137.64999999999998
2023-06-07 21:00:00,31.0,0.55,109.9
2023-06-07 22:00:00,39.0,0.7,110.825
2023-06-07 23:00:00,34.0,0.6749999999999999,137.7
2023-06-08 00:00:00,41.0,0.75,122.55
2023-06-08 01:00:00,55.0,0.65,103.825
2023-06-08 02:00:00,53.0,0.75,121.65
2023-06-08 03:00:00,50.0,0.6499999999999999,136.125
2023-06-08 04:00:00,48.0,0.75,130.8
2023-06-08 05:00:00,42.0,0.8,112.625
2023-06-08 06:00:00,45.0,0.675,133.775
2023-06-08 07:00:00,44.0,0.675,143.9
2023-06-08 08:00:00,50.0,0.75,180.45
2023-06-08 09:00:00,50.0,0.725,255.575
2023-06-08 10:00:00,42.0,0.825,234.425
2023-06-08 11:00:00,40.0,1.375,218.85
2023-06-08 12:00:00,41.0,2.3,191.325
2023-06-08 13:00:00,42.0,2.2,200.95
2023-06-08 14:00:00,30.0,2.875,185.375
2023-06-08 15:00:00,27.0,3.05,194.1
2023-06-08 16:00:00,28.0,3.0125,193.5125
2023-06-08 17:00:00,27.0,2.975,192.925
2023-06-08 18:00:00,22.0,2.025,188.6
2023-06-08 19:00:00,23.0,1.225,151.325
2023-06-08 20:00:00,28.0,0.6749999999999999,100.975
2023-06-08 21:00:00,27.0,0.75,98.275
2023-06-08 22:00:00,24.0,0.875,102.85
2023-06-08 23:00:00,25.0,0.775,101.5
2023-06-09 00:00:00,29.0,0.775,126.6
2023-06-09 01:00:00,30.0,0.775,113.875
2023-06-09 02:00:00,39.5,0.9,173.525
2023-06-09 03:00:00,49.25,0.925,167.725
2023-06-09 04:00:00,41.5,1.575,185.525
2023-06-09 05:00:00,24.25,1.125,173.275
2023-06-09 06:00:00,22.0,2.4,181.15
2023-06-09 07:00:00,24.25,2.2,179.725
2023-06-09 08:00:00,32.25,2.575,184.675
2023-06-09 09:00:00,35.25,2.35,177.45
2023-06-09 10:00:00,33.5,1.575,176.325
2023-06-09 11:00:00,34.75,2.05,194.475
2023-06-09 12:00:00,32.25,2.475,187.575
2023-06-09 13:00:00,27.0,2.85,210.8
2023-06-09 14:00:00,31.0,2.875,209.875
2023-06-09 15:00:00,27.75,2.4,215.4
2023-06-09 16:00:00,26.5,3.1333333333333333,186.8
2023-06-09 17:00:00,24.25,2.5,176.325
2023-06-09 18:00:00,23.5,1.9,168.2
2023-06-09 19:00:00,25.25,2.025,164.775
2023-06-09 20:00:00,17.75,2.275,174.95
2023-06-09 21:00:00,19.25,2.95,177.875
2023-06-09 22:00:00,18.25,2.725,180.65
2023-06-09 23:00:00,21.0,2.125,181.775
2023-06-10 00:00:00,18.0,1.8,178.975
2023-06-10 01:00:00,18.5,0.55,82.975
2023-06-10 02:00:00,25.25,0.575,100.6
2023-06-10 03:00:00,39.5,0.375,67.025
2023-06-10 04:00:00,32.25,0.525,137.3
2023-06-10 05:00:00,22.5,0.875,165.125
2023-06-10 06:00:00,18.25,1.25,179.15
2023-06-10 07:00:00,21.75,1.85,179.8
2023-06-10 08:00:00,30.25,2.375,179.125
2023-06-10 09:00:00,33.0,3.45,186.1
2023-06-10 10:00:00,40.25,2.9,187.025
2023-06-10 11:00:00,41.5,2.9,187.35
2023-06-10 12:00:00,34.0,2.725,189.7
2023-06-10 13:00:00,33.25,2.8,190.8
2023-06-10 14:00:00,30.5,2.4000000000000004,177.175
2023-06-10 15:00:00,28.75,3.2,178.9
2023-06-10 16:00:00,25.5,3.25,192.16666666666666
2023-06-10 17:00:00,20.75,3.3000000000000003,205.4333333333333
2023-06-10 18:00:00,28.75,2.05,185.575
2023-06-10 19:00:00,27.0,1.275,170.625
2023-06-10 20:00:00,24.0,0.85,147.375
2023-06-10 21:00:00,23.5,0.475,128.975
2023-06-10 22:00:00,22.5,0.625,118.975
2023-06-10 23:00:00,23.75,0.4,193.475
2023-06-11 00:00:00,23.5,1.275,174.425
2023-06-11 01:00:00,26.25,1.45,247.375
2023-06-11 02:00:00,28.0,2.55,208.825
2023-06-11 03:00:00,23.75,2.325,196.25
2023-06-11 04:00:00,28.5,1.3,146.775
2023-06-11 05:00:00,26.0,0.45,101.125
2023-06-11 06:00:00,23.25,0.75,179.65
2023-06-11 07:00:00,26.5,1.85,183.4
2023-06-11 08:00:00,32.75,2.15,190.25
2023-06-11 09:00:00,29.0,1.675,185.125
2023-06-11 10:00:00,27.5,2.15,186.7
2023-06-11 11:00:00,22.25,2.325,182.975
2023-06-11 12:00:00,20.75,3.05,190.325
2023-06-11 13:00:00,25.0,3.45,187.05
2023-06-11 14:00:00,32.25,3.15,196.475
2023-06-11 15:00:00,35.25,3.5,193.6
2023-06-11 16:00:00,31.75,2.7,188.3
2023-06-11 17:00:00,29.75,2.575,198.475
2023-06-11 18:00:00,34.5,2.45,199.65
2023-06-11 19:00:00,32.25,2.175,186.025
2023-06-11 20:00:00,32.0,1.85,179.875
2023-06-11 21:00:00,38.0,0.925,159.15
2023-06-11 22:00:00,38.25,1.7,173.95
2023-06-11 23:00:00,39.0,1.975,176.1
2023-06-12 00:00:00,36.0,1.5,172.22500000000002
2023-06-12 01:00:00,27.0,1.425,178.325
2023-06-12 02:00:00,41.0,1.575,178.27499999999998
2023-06-12 03:00:00,66.0,1.275,176.825
2023-06-12 04:00:00,57.0,1.425,178.025
2023-06-12 05:00:00,47.0,1.8,178.95
2023-06-12 06:00:00,41.0,1.875,182.25
2023-06-12 07:00:00,48.0,1.875,188.2
2023-06-12 08:00:00,41.0,2.1,195.525
2023-06-12 09:00:00,33.0,2.65,191.875
2023-06-12 10:00:00,34.0,3.35,187.2
2023-06-12 11:00:00,35.0,3.675,193.275
2023-06-12 12:00:00,40.0,4.225,189.9
2023-06-12 13:00:00,39.0,4.325,193.725
2023-06-12 14:00:00,34.0,4.5,197.2
2023-06-12 15:00:00,33.0,4.1,208.5
2023-06-12 16:00:00,25.0,3.575,206.1
2023-06-12 17:00:00,31.0,3.425,194.575
2023-06-12 18:00:00,38.0,2.425,189.15
2023-06-12 19:00:00,38.0,1.925,180.975
2023-06-12 20:00:00,36.0,1.125,165.375
2023-06-12 21:00:00,45.0,0.775,119.05
2023-06-12 22:00:00,41.0,0.625,112.1
2023-06-12 23:00:00,47.0,0.7,102.1
2023-06-13 00:00:00,42.0,0.475,118.65
2023-06-13 01:00:00,46.0,0.625,110.4
2023-06-13 02:00:00,55.0,0.5,99.925
2023-06-13 03:00:00,66.0,0.6,118.5
2023-06-13 04:00:00,58.0,0.725,160.525
2023-06-13 05:00:00,62.0,0.95,160.35
2023-06-13 06:00:00,48.0,1.45,171.775
2023-06-13 07:00:00,53.0,2.7,178.9
2023-06-13 08:00:00,45.0,3.775,184.9
2023-06-13 09:00:00,30.0,5.0,189.5
2023-06-13 10:00:00,22.0,5.275,191.625
2023-06-13 11:00:00,24.0,5.25,191.975
2023-06-13 12:00:00,23.0,5.05,187.55
2023-06-13 13:00:00,17.0,4.699999999999999,187.6
2023-06-13 14:00:00,20.0,5.1,185.2
2023-06-13 15:00:00,25.0,4.25,185.425
2023-06-13 16:00:00,34.0,4.175,185.075
2023-06-13 17:00:00,50.0,3.6,182.85
2023-06-13 18:00:00,51.0,3.025,182.375
2023-06-13 19:00:00,47.0,1.525,171.675
2023-06-13 20:00:00,38.0,2.025,182.475
2023-06-13 21:00:00,36.0,1.7,178.1
2023-06-13 22:00:00,35.0,2.375,179.9
2023-06-13 23:00:00,48.0,2.325,182.625
2023-06-14 00:00:00,36.0,2.15,188.1
2023-06-14 01:00:00,45.0,1.2,162.775
2023-06-14 02:00:00,36.0,0.825,150.175
2023-06-14 03:00:00,28.0,0.95,159.975
2023-06-14 04:00:00,36.0,1.05,175.10000000000002
2023-06-14 05:00:00,38.0,1.0,170.35
2023-06-14 06:00:00,38.0,1.425,170.85
2023-06-14 07:00:00,44.0,3.425,180.525
2023-06-14 08:00:00,33.0,4.425,181.525
2023-06-14 09:00:00,27.0,3.85,182.525
2023-06-14 10:00:00,25.0,3.9,181.6
2023-06-14 11:00:00,19.0,4.25,185.825
2023-06-14 12:00:00,22.0,3.85,187.55
2023-06-14 13:00:00,27.0,3.675,193.45
2023-06-14 14:00:00,25.0,4.05,191.0
2023-06-14 15:00:00,29.0,3.6,185.0
2023-06-14 16:00:00,30.0,3.45,183.725
2023-06-14 17:00:00,27.0,3.35,182.35
2023-06-14 18:00:00,20.0,2.6750000000000003,180.975
2023-06-14 19:00:00,18.0,2.275,182.775
2023-06-14 20:00:00,22.0,1.925,205.45
2023-06-14 21:00:00,30.0,1.975,230.925
2023-06-14 22:00:00,27.0,1.725,229.95
2023-06-14 23:00:00,24.0,1.15,184.475
2023-06-15 00:00:00,20.0,0.8,153.275
2023-06-15 01:00:00,22.0,1.15,173.225
2023-06-15 02:00:00,24.0,0.8250000000000001,174.225
2023-06-15 03:00:00,24.0,0.975,181.6
2023-06-15 04:00:00,25.0,1.025,172.5
2023-06-15 05:00:00,27.0,1.0750000000000002,185.325
2023-06-15 06:00:00,28.0,1.325,159.375
2023-06-15 07:00:00,25.0,3.625,178.925
2023-06-15 08:00:00,24.0,4.175,184.975
2023-06-15 09:00:00,28.0,3.9,198.4
2023-06-15 10:00:00,30.0,4.525,190.025
2023-06-15 11:00:00,31.0,4.35,190.175
2023-06-15 12:00:00,44.0,3.925,187.95
2023-06-15 13:00:00,38.0,3.675,194.15
2023-06-15 14:00:00,31.0,3.625,195.725
2023-06-15 15:00:00,29.0,3.825,188.625
2023-06-15 16:00:00,27.0,3.35,189.125
2023-06-15 17:00:00,27.0,3.225,187.025
2023-06-15 18:00:00,25.0,2.475,187.675
2023-06-15 19:00:00,18.0,1.25,218.95
2023-06-15 20:00:00,22.0,0.65,256.05
2023-06-15 21:00:00,22.0,0.65,136.1
2023-06-15 22:00:00,22.0,0.65,127.85
2023-06-15 23:00:00,27.0,0.775,165.425
2023-06-16 00:00:00,27.0,0.7,117.9
2023-06-16 01:00:00,27.0,0.75,132.975
2023-06-16 02:00:00,25.0,0.525,115.425
2023-06-16 03:00:00,23.0,0.5,152.85
2023-06-16 04:00:00,27.0,0.625,121.575
2023-06-16 05:00:00,30.0,0.8,164.15
2023-06-16 06:00:00,50.0,0.475,128.8
2023-06-16 07:00:00,42.0,1.8,167.35
2023-06-16 08:00:00,27.0,2.85,181.925
2023-06-16 09:00:00,23.0,3.2,180.775
2023-06-16 10:00:00,30.0,3.5,183.65
2023-06-16 11:00:00,24.0,3.025,185.3
2023-06-16 12:00:00,24.0,3.025,183.825
2023-06-16 13:00:00,20.0,3.25,191.6
2023-06-16 14:00:00,17.0,2.375,171.275
2023-06-16 15:00:00,19.0,1.125,101.25
2023-06-16 16:00:00,11.0,0.875,144.85
2023-06-16 17:00:00,12.0,0.95,71.375
2023-06-16 18:00:00,20.0,0.35,127.35
2023-06-16 19:00:00,16.0,0.55,114.125
2023-06-16 20:00:00,19.0,0.55,136.45
2023-06-16 21:00:00,22.0,0.5,162.225
2023-06-16 22:00:00,23.0,0.675,111.625
2023-06-16 23:00:00,30.0,0.6,110.45
2023-06-17 00:00:00,34.0,0.625,126.525
2023-06-17 01:00:00,40.0,0.425,179.075
2023-06-17 02:00:00,40.0,0.525,196.275
2023-06-17 03:00:00,38.0,0.35,164.4
2023-06-17 04:00:00,39.0,0.55,110.125
2023-06-17 05:00:00,45.0,0.65,121.525
2023-06-17 06:00:00,39.0,0.575,153.5
2023-06-17 07:00:00,41.0,1.6,175.02499999999998
2023-06-17 08:00:00,56.0,2.2,182.45
2023-06-17 09:00:00,38.0,2.0,183.325
2023-06-17 10:00:00,24.0,1.875,186.575
2023-06-17 11:00:00,25.0,0.975,161.25
2023-06-17 12:00:00,20.0,1.0750000000000002,197.225
2023-06-17 13:00:00,22.0,1.25,244.975
2023-06-17 14:00:00,19.0,1.15,242.925
2023-06-17 15:00:00,18.0,0.975,149.8
2023-06-17 16:00:00,27.0,0.8,63.25
2023-06-17 17:00:00,35.0,0.775,104.65
2023-06-17 18:00:00,36.0,1.75,176.3
2023-06-17 19:00:00,35.0,0.575,115.975
2023-06-17 20:00:00,41.0,0.6,91.55
2023-06-17 21:00:00,33.0,0.8,136.325
2023-06-17 22:00:00,29.0,1.8,182.75
2023-06-17 23:00:00,18.0,1.5,191.225
2023-06-18 00:00:00,18.0,0.825,143.575
2023-06-18 01:00:00,12.0,0.45,194.85
2023-06-18 02:00:00,13.0,0.45,67.875
2023-06-18 03:00:00,16.0,0.4499999999999999,69.0
2023-06-18 04:00:00,19.0,0.5,97.05
2023-06-18 05:00:00,20.0,0.375,53.95
2023-06-18 06:00:00,14.0,0.325,79.45
2023-06-18 07:00:00,22.0,0.525,321.025
2023-06-18 08:00:00,45.0,1.225,188.625
2023-06-18 09:00:00,61.0,1.4,36.8
2023-06-18 10:00:00,39.0,1.325,23.125
2023-06-18 11:00:00,38.0,1.025,30.55
2023-06-18 12:00:00,36.75,1.25,337.7
2023-06-18 13:00:00,36.75,1.35,38.25
2023-06-18 14:00:00,30.75,1.725,45.3
2023-06-18 15:00:00,31.5,1.45,42.225
2023-06-18 16:00:00,26.0,1.775,76.5
2023-06-18 17:00:00,24.25,1.675,72.425
2023-06-18 18:00:00,26.75,1.05,77.225
2023-06-18 19:00:00,23.5,0.775,101.325
2023-06-18 20:00:00,24.25,0.325,92.95
2023-06-18 21:00:00,22.5,0.5,91.8
2023-06-18 22:00:00,25.5,0.65,90.02499999999999
2023-06-18 23:00:00,29.25,1.2000000000000002,71.05
2023-06-19 00:00:00,23.0,0.425,130.525
2023-06-19 01:00:00,11.0,0.7666666666666666,97.375
2023-06-19 02:00:00,9.0,1.15,60.8
2023-06-19 03:00:00,11.0,0.55,84.85
2023-06-19 04:00:00,9.0,0.55,129.9
2023-06-19 05:00:00,16.0,0.875,84.475
2023-06-19 06:00:00,16.0,0.525,122.65
2023-06-19 07:00:00,12.0,0.825,231.375
2023-06-19 08:00:00,8.0,1.3,290.175
2023-06-19 09:00:00,16.0,0.825,296.525
2023-06-19 10:00:00,14.0,0.95,246.375
2023-06-19 11:00:00,12.0,1.15,277.95
2023-06-19 12:00:00,28.0,1.3250000000000002,291.125
2023-06-19 13:00:00,41.0,1.25,277.55
2023-06-19 14:00:00,36.0,1.95,143.45
2023-06-19 15:00:00,35.0,1.2000000000000002,100.7
2023-06-19 16:00:00,8.0,0.575,108.85
2023-06-19 17:00:00,12.0,1.075,192.525
2023-06-19 18:00:00,20.0,0.9,259.3
2023-06-19 19:00:00,20.0,1.475,207.55
2023-06-19 20:00:00,46.0,0.65,170.7
2023-06-19 21:00:00,41.0,0.525,191.4
2023-06-19 22:00:00,39.0,0.65,156.85
2023-06-19 23:00:00,39.0,0.7000000000000001,210.1
2023-06-20 00:00:00,38.0,0.45,214.275
2023-06-20 01:00:00,41.0,0.4,117.35
2023-06-20 02:00:00,39.0,0.625,134.325
2023-06-20 03:00:00,35.0,0.875,162.625
2023-06-20 04:00:00,40.0,1.275,180.05
2023-06-20 05:00:00,53.0,0.925,112.575
2023-06-20 06:00:00,52.0,1.375,138.0
2023-06-20 07:00:00,33.0,0.45,207.8
2023-06-20 08:00:00,38.0,0.725,289.225
2023-06-20 09:00:00,36.0,0.725,342.875
2023-06-20 10:00:00,35.0,1.4250000000000005,52.45
2023-06-20 11:00:00,30.0,1.425,322.775
2023-06-20 12:00:00,40.0,1.25,180.0
2023-06-20 13:00:00,33.0,1.2,83.2
2023-06-20 14:00:00,29.0,1.275,26.125
2023-06-20 15:00:00,25.0,1.15,270.57500000000005
2023-06-20 16:00:00,25.0,1.225,316.6
2023-06-20 17:00:00,23.0,1.125,107.55
2023-06-20 18:00:00,29.0,1.95,51.7
2023-06-20 19:00:00,25.0,1.3,40.45
2023-06-20 20:00:00,29.0,1.05,51.45
2023-06-20 21:00:00,36.0,1.05,50.525
2023-06-20 22:00:00,29.0,0.9,36.075
2023-06-20 23:00:00,40.0,1.025,77.6
2023-06-21 00:00:00,36.0,0.5,100.575
2023-06-21 01:00:00,27.0,0.3,79.375
2023-06-21 02:00:00,25.0,0.25,207.275
2023-06-21 03:00:00,23.0,0.375,122.2
2023-06-21 04:00:00,22.0,0.75,50.525
2023-06-21 05:00:00,27.0,0.9,89.35
2023-06-21 06:00:00,22.0,1.5,163.875
2023-06-21 07:00:00,19.0,0.9,158.15
2023-06-21 08:00:00,14.0,2.125,178.775
2023-06-21 09:00:00,20.0,1.6749999999999998,177.125
2023-06-21 10:00:00,17.0,1.1,166.525
2023-06-21 11:00:00,27.0,1.875,183.475
2023-06-21 12:00:00,31.0,2.15,178.85
2023-06-21 13:00:00,29.0,1.525,210.2
2023-06-21 14:00:00,36.0,1.075,140.45
2023-06-21 15:00:00,33.0,0.55,139.575
2023-06-21 16:00:00,38.0,1.4,52.775
2023-06-21 17:00:00,45.0,1.025,84.3
2023-06-21 18:00:00,41.0,0.5249999999999999,115.975
2023-06-21 19:00:00,47.0,0.475,78.3
2023-06-21 20:00:00,51.0,0.65,143.7
2023-06-21 21:00:00,42.0,0.925,144.625
2023-06-21 22:00:00,42.0,0.475,127.425
2023-06-21 23:00:00,38.0,0.4,65.375
2023-06-22 00:00:00,30.0,0.5,124.475
2023-06-22 01:00:00,34.0,0.5,162.45
2023-06-22 02:00:00,23.0,0.475,151.375
2023-06-22 03:00:00,24.0,0.6,129.75
2023-06-22 04:00:00,25.0,0.825,173.6
2023-06-22 05:00:00,24.0,0.45,159.775
2023-06-22 06:00:00,28.0,0.6,132.475
2023-06-22 07:00:00,20.0,0.475,111.475
2023-06-22 08:00:00,29.0,0.575,99.4
2023-06-22 09:00:00,27.0,0.825,70.25
2023-06-22 10:00:00,36.0,1.3,157.575
2023-06-22 11:00:00,36.0,2.1750000000000003,177.75
2023-06-22 12:00:00,30.0,2.075,188.675
2023-06-22 13:00:00,33.0,1.45,193.85
2023-06-22 14:00:00,34.0,2.2,190.25
2023-06-22 15:00:00,42.0,2.425,188.8
2023-06-22 16:00:00,40.0,1.725,200.35
2023-06-22 17:00:00,39.0,0.7,231.85
2023-06-22 18:00:00,41.0,0.575,62.575
2023-06-22 19:00:00,41.0,0.7,95.8
2023-06-22 20:00:00,45.0,0.675,88.65
2023-06-22 21:00:00,44.0,0.475,80.625
2023-06-22 22:00:00,50.0,0.525,79.775
2023-06-22 23:00:00,47.0,0.475,93.125
2023-06-23 00:00:00,46.0,0.5,86.925
2023-06-23 01:00:00,45.0,0.5,73.8
2023-06-23 02:00:00,44.0,1.025,78.65
2023-06-23 03:00:00,45.0,1.575,148.75
2023-06-23 04:00:00,22.0,0.875,159.55
2023-06-23 05:00:00,20.0,0.975,151.95
2023-06-23 06:00:00,23.0,1.025,172.625
2023-06-23 07:00:00,23.0,1.2,162.775
2023-06-23 08:00:00,29.0,2.325,185.25
2023-06-23 09:00:00,28.0,2.825,190.775
2023-06-23 10:00:00,33.0,2.4,201.95
2023-06-23 11:00:00,34.0,2.4,218.875
2023-06-23 12:00:00,38.0,2.475,228.6
2023-06-23 13:00:00,41.0,1.925,233.475
2023-06-23 14:00:00,42.0,2.1,218.85
2023-06-23 15:00:00,48.0,1.125,268.125
2023-06-23 16:00:00,53.0,0.675,241.275
2023-06-23 17:00:00,53.0,0.6,57.075
2023-06-23 18:00:00,56.0,0.525,96.5
2023-06-23 19:00:00,57.0,0.4,95.05
2023-06-23 20:00:00,58.0,0.35,181.15
2023-06-23 21:00:00,63.0,0.6,120.0
2023-06-23 22:00:00,59.0,0.5,93.35
2023-06-23 23:00:00,62.0,0.5,88.375
2023-06-24 00:00:00,74.0,0.6,73.97500000000001
2023-06-24 01:00:00,73.0,0.575,59.675
2023-06-24 02:00:00,81.0,0.375,85.725
2023-06-24 03:00:00,84.0,0.675,72.175
2023-06-24 04:00:00,78.0,0.8999999999999999,80.125
2023-06-24 05:00:00,86.0,0.725,78.875
2023-06-24 06:00:00,72.0,0.575,70.225
2023-06-24 07:00:00,57.0,1.275,166.575
2023-06-24 08:00:00,40.0,1.95,180.15
2023-06-24 09:00:00,34.0,2.725,191.05
2023-06-24 10:00:00,33.0,2.45,199.125
2023-06-24 11:00:00,34.0,1.95,236.05
2023-06-24 12:00:00,42.0,1.275,241.2
2023-06-24 13:00:00,53.0,1.075,259.6
2023-06-24 14:00:00,55.0,1.3,38.975
2023-06-24 15:00:00,52.0,1.0,102.15
2023-06-24 16:00:00,31.0,1.2000000000000002,104.575
2023-06-24 17:00:00,28.0,1.05,40.85
2023-06-24 18:00:00,22.0,1.075,41.875
2023-06-24 19:00:00,23.0,1.05,46.25
2023-06-24 20:00:00,20.0,1.3,42.125
2023-06-24 21:00:00,39.0,0.975,35.175
2023-06-24 22:00:00,35.0,1.4,37.3
2023-06-24 23:00:00,38.0,1.3,80.975
2023-06-25 00:00:00,41.0,1.05,59.075
2023-06-25 01:00:00,55.0,0.875,76.975
2023-06-25 02:00:00,55.0,2.25,170.475
2023-06-25 03:00:00,47.0,1.475,100.8
2023-06-25 04:00:00,26.0,0.5,158.15
2023-06-25 05:00:00,5.0,0.775,122.225
2023-06-25 06:00:00,5.0,2.05,181.725
2023-06-25 07:00:00,5.0,0.475,177.55
2023-06-25 08:00:00,5.0,0.925,189.575
2023-06-25 09:00:00,5.0,1.2,188.275
2023-06-25 10:00:00,6.0,1.925,185.475
2023-06-25 11:00:00,7.0,2.3,184.95
2023-06-25 12:00:00,9.0,2.225,189.675
2023-06-25 13:00:00,11.0,1.95,182.35
2023-06-25 14:00:00,13.0,0.575,195.0
2023-06-25 15:00:00,,0.85,212.725
2023-06-25 16:00:00,,0.975,314.825
2023-06-25 17:00:00,19.0,0.8999999999999999,181.225
2023-06-25 18:00:00,34.0,0.525,273.325
2023-06-25 19:00:00,40.0,0.5,130.25
2023-06-25 20:00:00,51.0,0.75,126.15
2023-06-25 21:00:00,44.0,0.65,128.475
2023-06-25 22:00:00,38.0,0.4,123.375
2023-06-25 23:00:00,39.0,0.7000000000000001,76.425
2023-06-26 00:00:00,50.0,0.45,175.85
2023-06-26 01:00:00,42.0,0.475,132.375
2023-06-26 02:00:00,40.0,0.575,144.875
2023-06-26 03:00:00,42.0,0.55,75.0
2023-06-26 04:00:00,42.0,0.55,115.925
2023-06-26 05:00:00,42.0,0.6,74.65
2023-06-26 06:00:00,33.0,0.65,192.7
2023-06-26 07:00:00,24.0,1.125,55.95
2023-06-26 08:00:00,38.0,1.15,47.95
2023-06-26 09:00:00,53.0,1.075,35.025
2023-06-26 10:00:00,48.0,0.9,26.75
2023-06-26 11:00:00,53.0,1.1,257.575
2023-06-26 12:00:00,52.0,0.725,214.225
2023-06-26 13:00:00,40.0,1.275,156.6
2023-06-26 14:00:00,38.0,0.725,119.3
2023-06-26 15:00:00,40.0,1.075,147.275
2023-06-26 16:00:00,32.0,1.375,201.675
2023-06-26 17:00:00,24.0,0.825,232.775
2023-06-26 18:00:00,42.0,0.825,63.325
2023-06-26 19:00:00,34.0,0.475,118.125
2023-06-26 20:00:00,34.0,0.6,112.35
2023-06-26 21:00:00,33.0,0.425,112.15
2023-06-26 22:00:00,34.0,0.475,119.525
2023-06-26 23:00:00,34.0,0.525,141.075
2023-06-27 00:00:00,35.0,0.5,113.0
2023-06-27 01:00:00,38.0,0.4499999999999999,133.875
2023-06-27 02:00:00,40.0,0.6499999999999999,125.55
2023-06-27 03:00:00,39.0,0.7250000000000001,68.5
2023-06-27 04:00:00,38.0,0.525,162.7
2023-06-27 05:00:00,24.0,0.725,218.775
2023-06-27 06:00:00,18.0,0.7,184.725
2023-06-27 07:00:00,33.0,0.525,98.25
2023-06-27 08:00:00,25.0,0.75,170.125
2023-06-27 09:00:00,27.0,0.65,163.8
2023-06-27 10:00:00,33.0,0.55,101.95
2023-06-27 11:00:00,38.0,1.1,102.1
2023-06-27 12:00:00,34.0,1.2,43.975
2023-06-27 13:00:00,33.0,1.175,74.675
2023-06-27 14:00:00,29.0,0.8999999999999999,27.75
2023-06-27 15:00:00,39.0,0.775,123.05
2023-06-27 16:00:00,36.0,1.625,246.45
2023-06-27 17:00:00,38.0,0.7250000000000001,231.325
2023-06-27 18:00:00,34.0,0.725,284.45
2023-06-27 19:00:00,33.75,0.65,324.0
2023-06-27 20:00:00,30.5,0.9,105.55
2023-06-27 21:00:00,26.0,1.025,41.4
2023-06-27 22:00:00,34.75,1.15,42.875
2023-06-27 23:00:00,32.75,0.9,43.0
2023-06-28 00:00:00,30.0,0.725,26.575
2023-06-28 01:00:00,32.0,0.425,133.775
2023-06-28 02:00:00,27.75,0.475,125.7
2023-06-28 03:00:00,22.75,0.55,81.85
2023-06-28 04:00:00,19.75,0.45,153.25
2023-06-28 05:00:00,24.25,0.7,62.325
2023-06-28 06:00:00,33.75,1.025,119.525
2023-06-28 07:00:00,41.25,1.425,44.575
2023-06-28 08:00:00,38.0,1.6,35.325
2023-06-28 09:00:00,33.0,1.575,32.55
2023-06-28 10:00:00,26.25,1.725,34.825
2023-06-28 11:00:00,23.5,1.375,42.9
2023-06-28 12:00:00,21.25,1.325,29.125
2023-06-28 13:00:00,20.0,1.175,97.65
2023-06-28 14:00:00,21.5,0.95,257.55
2023-06-28 15:00:00,18.25,1.0,229.65
2023-06-28 16:00:00,22.0,1.1,201.025
2023-06-28 17:00:00,12.0,0.675,144.7
2023-06-28 18:00:00,13.25,1.075,168.6
2023-06-28 19:00:00,17.5,0.4,93.95
2023-06-28 20:00:00,20.0,0.75,118.425
2023-06-28 21:00:00,22.0,0.775,146.975
2023-06-28 22:00:00,20.25,0.4,104.675
2023-06-28 23:00:00,24.0,0.55,137.525
2023-06-29 00:00:00,24.25,0.55,132.7
2023-06-29 01:00:00,25.0,0.575,125.25
2023-06-29 02:00:00,31.0,0.575,121.05
2023-06-29 03:00:00,42.0,0.6,114.05
2023-06-29 04:00:00,56.0,0.525,125.825
2023-06-29 05:00:00,68.0,0.625,69.7
2023-06-29 06:00:00,63.0,0.85,58.2
2023-06-29 07:00:00,39.0,1.225,120.625
2023-06-29 08:00:00,20.5,1.55,51.650000000000006
2023-06-29 09:00:00,2.0,1.25,51.475
2023-06-29 10:00:00,4.833333333333334,0.8999999999999999,43.4
2023-06-29 11:00:00,7.666666666666667,0.975,115.925
2023-06-29 12:00:00,10.5,1.125,308.825
2023-06-29 13:00:00,,1.2,329.45000000000005
2023-06-29 14:00:00,,1.325,256.85
2023-06-29 15:00:00,19.0,1.175,243.275
2023-06-29 16:00:00,20.0,1.1,344.7
2023-06-29 17:00:00,22.0,0.925,125.65
2023-06-29 18:00:00,20.0,1.4,66.125
2023-06-29 19:00:00,12.0,0.375,98.325
2023-06-29 20:00:00,16.0,0.575,86.425
2023-06-29 21:00:00,18.0,0.6,107.4
2023-06-29 22:00:00,25.0,0.675,139.025
2023-06-29 23:00:00,28.0,0.6,108.775
2023-06-30 00:00:00,24.0,0.45,101.7
2023-06-30 01:00:00,20.0,0.5249999999999999,147.5
2023-06-30 02:00:00,33.0,0.65,84.875
2023-06-30 03:00:00,40.0,0.8,185.9
2023-06-30 04:00:00,34.0,1.15,186.975
2023-06-30 05:00:00,12.0,0.625,218.1
2023-06-30 06:00:00,7.0,0.75,160.65
2023-06-30 07:00:00,6.0,0.775,306.925
2023-06-30 08:00:00,17.0,0.95,251.5
2023-06-30 09:00:00,21.0,0.85,107.525
2023-06-30 10:00:00,25.0,1.05,28.5
2023-06-30 11:00:00,38.0,1.225,193.3
2023-06-30 12:00:00,36.0,0.975,320.525
2023-06-30 13:00:00,29.0,0.925,290.825
2023-06-30 14:00:00,28.0,1.1,223.975
2023-06-30 15:00:00,22.0,0.9,35.4
2023-06-30 16:00:00,18.0,0.6499999999999999,249.4333333333333
2023-06-30 17:00:00,16.0,0.6666666666666666,42.23333333333333
2023-06-30 18:00:00,14.0,0.6,124.775
2023-06-30 19:00:00,19.5,0.525,89.275
2023-06-30 20:00:00,25.0,0.55,82.425
2023-06-30 21:00:00,25.0,0.7250000000000001,42.975
2023-06-30 22:00:00,24.0,0.725,44.75
2023-06-30 23:00:00,24.0,0.525,129.325
2023-07-01 00:00:00,20.0,0.575,131.375
2023-07-01 01:00:00,17.0,0.675,83.75
2023-07-01 02:00:00,20.0,0.65,48.6
2023-07-01 03:00:00,18.0,0.5249999999999999,206.85
2023-07-01 04:00:00,14.0,0.4,136.15
2023-07-01 05:00:00,14.0,0.5,131.125
2023-07-01 06:00:00,12.0,0.4,198.575
2023-07-01 07:00:00,18.0,1.1,266.325
2023-07-01 08:00:00,33.0,1.15,256.05
2023-07-01 09:00:00,28.0,1.0750000000000002,248.725
2023-07-01 10:00:00,30.0,0.95,275.65
2023-07-01 11:00:00,28.0,0.725,199.75
2023-07-01 12:00:00,33.0,0.65,234.9
2023-07-01 13:00:00,31.0,0.6,284.725
2023-07-01 14:00:00,31.0,0.875,242.525
2023-07-01 15:00:00,28.0,0.825,314.6
2023-07-01 16:00:00,25.0,0.7277777777777777,308.52222222222224
2023-07-01 17:00:00,24.0,0.6305555555555555,302.44444444444446
2023-07-01 18:00:00,23.0,0.5333333333333333,296.3666666666667
2023-07-01 19:00:00,17.0,0.4,31.625
2023-07-01 20:00:00,18.0,0.65,36.075
2023-07-01 21:00:00,25.0,0.95,19.775
2023-07-01 22:00:00,30.0,1.025,27.0
2023-07-01 23:00:00,16.0,0.875,159.325
2023-07-02 00:00:00,12.0,0.825,84.5
2023-07-02 01:00:00,8.0,0.7,24.825
2023-07-02 02:00:00,11.0,0.725,80.65
2023-07-02 03:00:00,13.0,0.825,151.55
2023-07-02 04:00:00,11.0,0.65,126.125
2023-07-02 05:00:00,12.0,0.375,141.05
2023-07-02 06:00:00,18.0,0.7,221.45
2023-07-02 07:00:00,29.0,1.175,263.475
2023-07-02 08:00:00,30.0,0.9,288.40000000000003
2023-07-02 09:00:00,27.0,0.925,238.15
2023-07-02 10:00:00,31.0,0.775,243.225
2023-07-02 11:00:00,30.0,0.675,273.125
2023-07-02 12:00:00,31.0,1.1,237.25
2023-07-02 13:00:00,36.0,1.6749999999999998,180.3
2023-07-02 14:00:00,44.0,1.6,185.225
2023-07-02 15:00:00,40.0,1.125,256.275
2023-07-02 16:00:00,38.0,1.4,193.1
2023-07-02 17:00:00,40.0,0.7999999999999999,126.1
2023-07-02 18:00:00,45.0,0.2,59.1
2023-07-02 19:00:00,53.0,0.475,99.9
2023-07-02 20:00:00,51.0,0.6,95.675
2023-07-02 21:00:00,57.0,0.5,96.2
2023-07-02 22:00:00,52.0,0.475,93.775
2023-07-02 23:00:00,53.0,0.725,84.875
2023-07-03 00:00:00,58.0,0.475,67.2
2023-07-03 01:00:00,61.0,0.525,83.225
2023-07-03 02:00:00,56.0,0.4,157.64999999999998
2023-07-03 03:00:00,44.0,0.525,84.15
2023-07-03 04:00:00,33.0,0.55,85.675
2023-07-03 05:00:00,30.0,0.575,97.675
2023-07-03 06:00:00,30.0,0.5249999999999999,118.35
2023-07-03 07:00:00,31.0,0.875,31.275
2023-07-03 08:00:00,33.0,1.075,105.025
2023-07-03 09:00:00,34.0,0.7,129.5
2023-07-03 10:00:00,50.0,1.7666666666666666,178.66666666666666
2023-07-03 11:00:00,33.0,1.2,158.275
2023-07-03 12:00:00,39.0,1.8,175.15
2023-07-03 13:00:00,42.0,1.45,173.825
2023-07-03 14:00:00,47.0,1.85,180.925
2023-07-03 15:00:00,50.0,1.6666666666666667,180.36666666666667
2023-07-03 16:00:00,46.0,1.36875,144.05
2023-07-03 17:00:00,45.0,1.0708333333333333,107.73333333333333
2023-07-03 18:00:00,77.0,0.7729166666666666,71.41666666666666
2023-07-03 19:00:00,81.0,0.475,35.1
2023-07-03 20:00:00,91.0,0.575,126.2
2023-07-03 21:00:00,95.0,0.4,54.85
2023-07-03 22:00:00,95.0,0.475,106.75
2023-07-03 23:00:00,89.0,0.5,58.725
2023-07-04 00:00:00,78.0,0.7,94.45
2023-07-04 01:00:00,72.0,0.525,85.15
2023-07-04 02:00:00,64.0,0.55,65.0
2023-07-04 03:00:00,57.0,0.7250000000000001,33.325
2023-07-04 04:00:00,57.0,0.675,117.3
2023-07-04 05:00:00,56.0,0.5249999999999999,133.925
2023-07-04 06:00:00,52.0,0.65,36.775
2023-07-04 07:00:00,53.0,1.0,45.725
2023-07-04 08:00:00,52.0,0.8,82.9
2023-07-04 09:00:00,40.0,0.7000000000000001,92.9
2023-07-04 10:00:00,33.0,0.5,186.3
2023-07-04 11:00:00,40.0,1.2333333333333334,111.9
2023-07-04 12:00:00,47.0,1.725,21.5
2023-07-04 13:00:00,51.0,1.275,256.775
2023-07-04 14:00:00,33.0,2.85,174.375
2023-07-04 15:00:00,17.0,0.7999999999999999,160.03333333333333
2023-07-04 16:00:00,18.0,0.325,88.2
2023-07-04 17:00:00,24.0,0.525,54.0
2023-07-04 18:00:00,29.0,0.85,68.375
2023-07-04 19:00:00,40.0,0.55,62.225
2023-07-04 20:00:00,42.0,0.8,32.2
2023-07-04 21:00:00,50.0,0.925,46.575
2023-07-04 22:00:00,46.0,0.625,54.425
2023-07-04 23:00:00,46.0,0.9,21.85
2023-07-05 00:00:00,40.0,0.5,117.5
2023-07-05 01:00:00,40.0,0.45,90.2
2023-07-05 02:00:00,38.0,0.75,22.875
2023-07-05 03:00:00,41.0,1.125,35.975
2023-07-05 04:00:00,33.0,0.95,25.05
2023-07-05 05:00:00,38.0,0.925,23.625
2023-07-05 06:00:00,33.0,1.225,31.725
2023-07-05 07:00:00,44.0,1.1,34.85
2023-07-05 08:00:00,40.0,1.3,32.825
2023-07-05 09:00:00,40.0,1.05,176.925
2023-07-05 10:00:00,31.0,0.925,114.775
2023-07-05 11:00:00,34.0,0.7666666666666666,111.9
2023-07-05 12:00:00,33.0,1.05,317.5
2023-07-05 13:00:00,30.0,1.125,296.775
2023-07-05 14:00:00,35.0,1.025,299.775
2023-07-05 15:00:00,34.0,0.925,244.8
2023-07-05 16:00:00,36.0,1.0,317.4
2023-07-05 17:00:00,39.0,1.0,264.8
2023-07-05 18:00:00,28.0,2.225,235.6
2023-07-05 19:00:00,25.0,0.575,80.025
2023-07-05 20:00:00,14.0,0.775,105.3
2023-07-05 21:00:00,18.0,0.85,115.65
2023-07-05 22:00:00,25.0,0.675,87.65
2023-07-05 23:00:00,27.0,0.85,36.1
2023-07-06 00:00:00,28.0,1.025,31.675
2023-07-06 01:00:00,28.0,1.075,29.85
2023-07-06 02:00:00,25.0,1.2,25.875
2023-07-06 03:00:00,33.0,1.2000000000000002,26.075
2023-07-06 04:00:00,31.0,0.6499999999999999,22.075
2023-07-06 05:00:00,41.0,0.3999999999999999,205.3
2023-07-06 06:00:00,42.0,0.575,80.9
2023-07-06 07:00:00,41.0,1.25,37.55
2023-07-06 08:00:00,44.0,0.85,44.5
2023-07-06 09:00:00,30.0,1.125,228.825
2023-07-06 10:00:00,20.0,1.4,270.3
2023-07-06 11:00:00,6.0,1.55,265.55
2023-07-06 12:00:00,16.0,1.45,288.4
2023-07-06 13:00:00,13.0,1.675,285.825
2023-07-06 14:00:00,11.0,1.35,306.875
2023-07-06 15:00:00,9.0,1.075,344.075
2023-07-06 16:00:00,11.0,1.2,91.725
2023-07-06 17:00:00,9.0,0.825,174.75
2023-07-06 18:00:00,9.0,0.95,100.6
2023-07-06 19:00:00,18.0,0.775,263.725
2023-07-06 20:00:00,19.0,1.0750000000000002,19.9
2023-07-06 21:00:00,19.0,1.225,15.75
2023-07-06 22:00:00,22.0,1.2,14.95
2023-07-06 23:00:00,25.0,1.0,20.025
2023-07-07 00:00:00,24.0,1.2,19.025
2023-07-07 01:00:00,20.0,0.925,17.6
2023-07-07 02:00:00,29.0,0.65,20.125
2023-07-07 03:00:00,29.0,1.125,27.8
2023-07-07 04:00:00,28.0,1.2000000000000002,17.45
2023-07-07 05:00:00,27.0,0.75,12.975
2023-07-07 06:00:00,29.0,0.9,19.6
2023-07-07 07:00:00,25.0,0.875,105.55
2023-07-07 08:00:00,28.0,0.8,187.35
2023-07-07 09:00:00,23.0,1.05,25.4
2023-07-07 10:00:00,25.0,1.525,38.875
2023-07-07 11:00:00,31.0,1.225,34.775
2023-07-07 12:00:00,36.0,1.4,108.2
2023-07-07 13:00:00,34.0,1.125,181.8
2023-07-07 14:00:00,36.0,1.1,167.575
2023-07-07 15:00:00,41.0,1.15,172.525
2023-07-07 16:00:00,25.0,1.55,19.025
2023-07-07 17:00:00,23.0,1.025,252.225
2023-07-07 18:00:00,20.0,0.95,21.275
2023-07-07 19:00:00,23.0,0.75,17.55
2023-07-07 20:00:00,30.0,1.0,22.5
2023-07-07 21:00:00,25.0,0.825,13.525
2023-07-07 22:00:00,22.0,0.95,103.55
2023-07-07 23:00:00,19.0,0.8,97.475
2023-07-08 00:00:00,25.0,0.875,17.3
2023-07-08 01:00:00,18.0,0.925,20.45
2023-07-08 02:00:00,18.0,0.875,181.175
2023-07-08 03:00:00,22.0,1.0,239.0
2023-07-08 04:00:00,6.0,0.3,305.5
2023-07-08 05:00:00,5.0,0.475,115.85
2023-07-08 06:00:00,5.0,0.6,233.65
2023-07-08 07:00:00,8.0,0.7749999999999999,173.325
2023-07-08 08:00:00,19.0,0.675,113.175
2023-07-08 09:00:00,19.0,0.875,102.3
2023-07-08 10:00:00,14.0,0.725,169.8
2023-07-08 11:00:00,6.0,0.575,185.525
2023-07-08 12:00:00,9.0,0.575,178.775
2023-07-08 13:00:00,12.0,0.7,14.625
2023-07-08 14:00:00,15.0,0.4,174.925
2023-07-08 15:00:00,18.0,0.775,256.29999999999995
2023-07-08 16:00:00,,0.6,246.4
2023-07-08 17:00:00,24.0,0.775,265.6
2023-07-08 18:00:00,20.0,0.5,119.525
2023-07-08 19:00:00,25.0,0.725,65.2
2023-07-08 20:00:00,20.0,0.775,51.675
2023-07-08 21:00:00,33.0,0.725,24.375
2023-07-08 22:00:00,36.0,1.0,132.1
2023-07-08 23:00:00,31.0,0.7,27.875
2023-07-09 00:00:00,24.5,0.75,22.85
2023-07-09 01:00:00,18.0,0.8250000000000001,26.875
2023-07-09 02:00:00,20.0,0.95,25.725
2023-07-09 03:00:00,12.0,1.025,20.025
2023-07-09 04:00:00,13.0,1.3,27.625
2023-07-09 05:00:00,17.5,0.9,23.1
2023-07-09 06:00:00,22.0,1.35,36.075
2023-07-09 07:00:00,22.0,1.475,29.8
2023-07-09 08:00:00,27.0,1.25,31.525
2023-07-09 09:00:00,18.0,1.025,47.225
2023-07-09 10:00:00,14.0,1.05,45.35
2023-07-09 11:00:00,12.0,1.225,48.25
2023-07-09 12:00:00,8.0,0.95,67.575
2023-07-09 13:00:00,18.0,0.825,197.8
2023-07-09 14:00:00,14.333333333333334,1.725,197.325
2023-07-09 15:00:00,10.666666666666668,1.025,186.625
2023-07-09 16:00:00,7.0,0.8999999999999999,242.85
2023-07-09 17:00:00,5.0,0.825,313.225
2023-07-09 18:00:00,3.0,0.725,91.3
2023-07-09 19:00:00,8.0,1.0,34.575
2023-07-09 20:00:00,8.0,0.9,30.2
2023-07-09 21:00:00,7.0,0.475,114.625
2023-07-09 22:00:00,7.0,0.55,111.075
2023-07-09 23:00:00,9.0,0.6749999999999999,94.75
2023-07-10 00:00:00,7.0,0.4499999999999999,121.675
2023-07-10 01:00:00,11.0,0.575,113.35
2023-07-10 02:00:00,9.0,0.525,125.35
2023-07-10 03:00:00,7.0,0.55,60.725
2023-07-10 04:00:00,7.0,0.475,86.025
2023-07-10 05:00:00,16.0,0.45,129.5
2023-07-10 06:00:00,9.0,0.55,267.70000000000005
2023-07-10 07:00:00,17.0,0.55,261.075
2023-07-10 08:00:00,22.0,0.65,149.375
2023-07-10 09:00:00,24.0,0.475,319.075
2023-07-10 10:00:00,16.0,0.525,306.65
2023-07-10 11:00:00,22.0,0.4499999999999999,227.425
2023-07-10 12:00:00,28.0,1.0,44.65
2023-07-10 13:00:00,24.0,0.675,95.125
2023-07-10 14:00:00,17.0,0.7,122.6
2023-07-10 15:00:00,22.0,0.75,269.875
2023-07-10 16:00:00,17.0,0.65,229.975
2023-07-10 17:00:00,17.0,1.975,221.325
2023-07-10 18:00:00,12.0,1.725,227.075
2023-07-10 19:00:00,7.0,0.425,266.325
2023-07-10 20:00:00,6.0,0.4499999999999999,230.025
2023-07-10 21:00:00,9.0,0.3999999999999999,198.575
2023-07-10 22:00:00,16.0,0.8,120.07500000000002
2023-07-10 23:00:00,16.0,1.025,158.225
2023-07-11 00:00:00,13.0,1.025,156.95
2023-07-11 01:00:00,14.0,0.825,174.975
2023-07-11 02:00:00,16.0,0.975,183.825
2023-07-11 03:00:00,14.0,0.625,99.875
2023-07-11 04:00:00,14.0,0.6749999999999999,124.4
2023-07-11 05:00:00,13.0,0.625,123.07500000000002
2023-07-11 06:00:00,14.0,0.8500000000000001,145.45
2023-07-11 07:00:00,19.0,1.525,174.6
2023-07-11 08:00:00,17.0,1.85,174.075
2023-07-11 09:00:00,35.0,2.375,173.225
2023-07-11 10:00:00,31.0,2.225,179.275
2023-07-11 11:00:00,16.0,1.775,191.75
2023-07-11 12:00:00,25.0,1.5,199.575
2023-07-11 13:00:00,34.0,1.15,212.725
2023-07-11 14:00:00,41.0,1.025,276.625
2023-07-11 15:00:00,48.0,0.875,224.575
2023-07-11 16:00:00,53.0,1.15,243.9
2023-07-11 17:00:00,63.0,0.975,240.875
2023-07-11 18:00:00,38.0,1.075,272.625
2023-07-11 19:00:00,31.0,0.425,80.39999999999999
2023-07-11 20:00:00,24.0,0.6666666666666666,110.625
2023-07-11 21:00:00,28.0,0.675,53.275
2023-07-11 22:00:00,38.0,0.525,49.0
2023-07-11 23:00:00,33.0,0.425,42.775000000000006
2023-07-12 00:00:00,30.0,0.725,30.6
2023-07-12 01:00:00,29.0,0.65,44.75
2023-07-12 02:00:00,17.0,0.55,46.85
2023-07-12 03:00:00,23.0,0.4499999999999999,102.75
2023-07-12 04:00:00,19.0,0.525,65.2
2023-07-12 05:00:00,16.0,0.425,102.525
2023-07-12 06:00:00,16.0,0.7,84.5
2023-07-12 07:00:00,20.0,0.525,54.475
2023-07-12 08:00:00,20.0,0.8,72.3
2023-07-12 09:00:00,19.0,0.8,33.2
2023-07-12 10:00:00,25.0,0.575,152.175
2023-07-12 11:00:00,23.0,0.75,151.275
2023-07-12 12:00:00,24.0,1.3,125.175
2023-07-12 13:00:00,33.0,1.675,210.575
2023-07-12 14:00:00,27.0,1.525,193.975
2023-07-12 15:00:00,30.0,1.3250000000000002,191.65
2023-07-12 16:00:00,34.0,1.85,209.15
2023-07-12 17:00:00,29.0,1.65,242.625
2023-07-12 18:00:00,18.0,1.1,279.725
2023-07-12 19:00:00,12.0,0.825,244.45
2023-07-12 20:00:00,13.0,0.425,22.175
2023-07-12 21:00:00,19.0,0.825,23.575
2023-07-12 22:00:00,27.0,0.675,32.975
2023-07-12 23:00:00,27.0,0.825,35.325
2023-07-13 00:00:00,27.0,0.825,107.35
2023-07-13 01:00:00,19.0,0.6,109.35
2023-07-13 02:00:00,16.0,0.4499999999999999,199.85
2023-07-13 03:00:00,14.0,0.55,113.0
2023-07-13 04:00:00,12.0,0.525,164.075
2023-07-13 05:00:00,18.0,0.675,120.275
2023-07-13 06:00:00,19.0,0.5333333333333333,103.325
2023-07-13 07:00:00,24.0,0.6,78.2
2023-07-13 08:00:00,22.0,0.675,167.275
2023-07-13 09:00:00,27.0,0.5,191.975
2023-07-13 10:00:00,33.0,0.675,247.525
2023-07-13 11:00:00,33.0,1.175,256.7
2023-07-13 12:00:00,34.0,0.8500000000000001,203.575
2023-07-13 13:00:00,57.0,1.05,21.25
2023-07-13 14:00:00,50.0,1.2,174.75
2023-07-13 15:00:00,36.0,1.325,253.575
2023-07-13 16:00:00,38.0,1.425,19.025
2023-07-13 17:00:00,28.0,1.4,13.8
2023-07-13 18:00:00,27.969135802469136,1.3975308641975308,13.783641975308642
2023-07-13 19:00:00,27.938271604938272,1.3950617283950617,13.767283950617285
2023-07-13 20:00:00,27.90740740740741,1.3925925925925926,13.750925925925927
2023-07-13 21:00:00,,,
2023-07-13 22:00:00,,,
2023-07-13 23:00:00,,,
2023-07-14 00:00:00,,,
2023-07-14 01:00:00,,,
2023-07-14 02:00:00,,,
2023-07-14 03:00:00,,,
2023-07-14 04:00:00,,,
2023-07-14 05:00:00,,,
2023-07-14 06:00:00,,,
2023-07-14 07:00:00,,,
2023-07-14 08:00:00,,,
2023-07-14 09:00:00,,,
2023-07-14 10:00:00,,,
2023-07-14 11:00:00,,,
2023-07-14 12:00:00,,,
2023-07-14 13:00:00,,,
2023-07-14 14:00:00,,,
2023-07-14 15:00:00,,,
2023-07-14 16:00:00,,,
2023-07-14 17:00:00,,,
2023-07-14 18:00:00,,,
2023-07-14 19:00:00,,,
2023-07-14 20:00:00,,,
2023-07-14 21:00:00,,,
2023-07-14 22:00:00,,,
2023-07-14 23:00:00,,,
2023-07-15 00:00:00,,,
2023-07-15 01:00:00,,,
2023-07-15 02:00:00,,,
2023-07-15 03:00:00,,,
2023-07-15 04:00:00,,,
2023-07-15 05:00:00,,,
2023-07-15 06:00:00,,,
2023-07-15 07:00:00,,,
2023-07-15 08:00:00,,,
2023-07-15 09:00:00,,,
2023-07-15 10:00:00,,,
2023-07-15 11:00:00,,,
2023-07-15 12:00:00,,,
2023-07-15 13:00:00,,,
2023-07-15 14:00:00,,,
2023-07-15 15:00:00,,,
2023-07-15 16:00:00,,,
2023-07-15 17:00:00,,,
2023-07-15 18:00:00,,,
2023-07-15 19:00:00,,,
2023-07-15 20:00:00,,,
2023-07-15 21:00:00,,,
2023-07-15 22:00:00,,,
2023-07-15 23:00:00,,,
2023-07-16 00:00:00,,,
2023-07-16 01:00:00,,,
2023-07-16 02:00:00,,,
2023-07-16 03:00:00,,,
2023-07-16 04:00:00,,,
2023-07-16 05:00:00,,,
2023-07-16 06:00:00,,,
2023-07-16 07:00:00,,,
2023-07-16 08:00:00,,,
2023-07-16 09:00:00,,,
2023-07-16 10:00:00,,,
2023-07-16 11:00:00,,,
2023-07-16 12:00:00,,,
2023-07-16 13:00:00,,,
2023-07-16 14:00:00,,,
2023-07-16 15:00:00,,,
2023-07-16 16:00:00,,,
2023-07-16 17:00:00,,,
2023-07-16 18:00:00,,,
2023-07-16 19:00:00,,,
2023-07-16 20:00:00,,,
2023-07-16 21:00:00,,,
2023-07-16 22:00:00,,,
2023-07-16 23:00:00,,,
2023-07-17 00:00:00,,,
2023-07-17 01:00:00,,,
2023-07-17 02:00:00,,,
2023-07-17 03:00:00,,,
2023-07-17 04:00:00,,,
2023-07-17 05:00:00,,,
2023-07-17 06:00:00,,,
2023-07-17 07:00:00,,,
2023-07-17 08:00:00,,,
2023-07-17 09:00:00,,,
2023-07-17 10:00:00,,,
2023-07-17 11:00:00,,,
2023-07-17 12:00:00,,,
2023-07-17 13:00:00,,,
2023-07-17 14:00:00,,,
2023-07-17 15:00:00,,,
2023-07-17 16:00:00,,,
2023-07-17 17:00:00,,,
2023-07-17 18:00:00,,,
2023-07-17 19:00:00,,,
2023-07-17 20:00:00,,,
2023-07-17 21:00:00,,,
2023-07-17 22:00:00,,,
2023-07-17 23:00:00,,,
2023-07-18 00:00:00,,,
2023-07-18 01:00:00,,,
2023-07-18 02:00:00,,,
2023-07-18 03:00:00,,,
2023-07-18 04:00:00,,,
2023-07-18 05:00:00,,,
2023-07-18 06:00:00,,,
2023-07-18 07:00:00,,,
2023-07-18 08:00:00,,,
2023-07-18 09:00:00,,,
2023-07-18 10:00:00,,,
2023-07-18 11:00:00,,,
2023-07-18 12:00:00,,,
2023-07-18 13:00:00,,,
2023-07-18 14:00:00,,,
2023-07-18 15:00:00,,,
2023-07-18 16:00:00,,,
2023-07-18 17:00:00,,,
2023-07-18 18:00:00,,,
2023-07-18 19:00:00,,,
2023-07-18 20:00:00,,,
2023-07-18 21:00:00,,,
2023-07-18 22:00:00,,,
2023-07-18 23:00:00,,,
2023-07-19 00:00:00,,,
2023-07-19 01:00:00,,,
2023-07-19 02:00:00,,,
2023-07-19 03:00:00,,,
2023-07-19 04:00:00,,,
2023-07-19 05:00:00,,,
2023-07-19 06:00:00,,,
2023-07-19 07:00:00,,,
2023-07-19 08:00:00,,,
2023-07-19 09:00:00,,,
2023-07-19 10:00:00,,,
2023-07-19 11:00:00,,,
2023-07-19 12:00:00,,,
2023-07-19 13:00:00,,,
2023-07-19 14:00:00,,,
2023-07-19 15:00:00,,,
2023-07-19 16:00:00,,,
2023-07-19 17:00:00,,,
2023-07-19 18:00:00,,,
2023-07-19 19:00:00,,,
2023-07-19 20:00:00,,,
2023-07-19 21:00:00,,,
2023-07-19 22:00:00,,,
2023-07-19 23:00:00,,,
2023-07-20 00:00:00,,,
2023-07-20 01:00:00,,,
2023-07-20 02:00:00,,,
2023-07-20 03:00:00,,,
2023-07-20 04:00:00,,,
2023-07-20 05:00:00,,,
2023-07-20 06:00:00,,,
2023-07-20 07:00:00,,,
2023-07-20 08:00:00,,,
2023-07-20 09:00:00,,,
2023-07-20 10:00:00,,,
2023-07-20 11:00:00,23.0,1.0,11.15
2023-07-20 12:00:00,22.75,1.05,179.95000000000002
2023-07-20 13:00:00,25.5,0.875,208.975
2023-07-20 14:00:00,25.75,0.575,153.825
2023-07-20 15:00:00,20.75,1.2,234.9333333333333
2023-07-20 16:00:00,16.75,0.9833333333333333,188.08888888888887
2023-07-20 17:00:00,16.0,0.7666666666666666,141.24444444444444
2023-07-20 18:00:00,25.0,0.55,94.4
2023-07-20 19:00:00,31.0,0.6,134.10000000000002
2023-07-20 20:00:00,38.0,0.7,109.35
2023-07-20 21:00:00,23.0,0.575,69.55
2023-07-20 22:00:00,31.0,0.4,105.4
2023-07-20 23:00:00,31.0,0.475,90.725
2023-07-21 00:00:00,28.0,0.5,28.4
2023-07-21 01:00:00,35.0,0.5666666666666667,102.3
2023-07-21 02:00:00,25.0,0.5,118.875
2023-07-21 03:00:00,23.0,0.625,115.2
2023-07-21 04:00:00,20.0,0.525,116.075
2023-07-21 05:00:00,20.0,0.5,111.075
2023-07-21 06:00:00,23.0,0.425,85.55
2023-07-21 07:00:00,25.0,0.9,34.9
2023-07-21 08:00:00,42.0,1.375,33.775
2023-07-21 09:00:00,51.0,1.15,27.15
2023-07-21 10:00:00,45.0,1.075,42.825
2023-07-21 11:00:00,40.0,1.0,58.5
2023-07-21 12:00:00,38.0,1.3,31.65
2023-07-21 13:00:00,25.0,1.85,37.375
2023-07-21 14:00:00,41.0,1.7,26.1
2023-07-21 15:00:00,38.0,1.4,353.5
2023-07-21 16:00:00,33.0,1.0499999999999998,182.0
2023-07-21 17:00:00,34.75,0.7,10.5
2023-07-21 18:00:00,43.0,0.7,106.675
2023-07-21 19:00:00,50.75,0.3999999999999999,71.35
2023-07-21 20:00:00,48.25,0.1,234.3
2023-07-21 21:00:00,51.0,0.22666666666666668,212.07333333333335
2023-07-21 22:00:00,46.0,0.3533333333333334,189.8466666666667
2023-07-21 23:00:00,39.0,0.48,167.62
2023-07-22 00:00:00,35.75,,
2023-07-22 01:00:00,34.5,0.7333333333333334,123.16666666666669
2023-07-22 02:00:00,32.5,0.875,17.525
2023-07-22 03:00:00,31.5,1.225,18.025
2023-07-22 04:00:00,32.5,1.1,20.9
2023-07-22 05:00:00,31.5,1.25,19.61
2023-07-22 06:00:00,33.0,1.4000000000000001,18.32
2023-07-22 07:00:00,35.0,1.55,17.03
2023-07-22 08:00:00,37.5,,
2023-07-22 09:00:00,27.25,1.85,14.45
2023-07-22 10:00:00,27.75,1.3,16.0
2023-07-22 11:00:00,27.0,1.575,20.5
2023-07-22 12:00:00,28.75,1.1,17.4
2023-07-22 13:00:00,34.25,1.1083333333333334,45.30833333333333
2023-07-22 14:00:00,33.75,1.1166666666666667,73.21666666666667
2023-07-22 15:00:00,29.25,1.125,101.125
2023-07-22 16:00:00,26.25,,
2023-07-22 17:00:00,24.0,,
2023-07-22 18:00:00,40.66666666666666,1.15,184.85
2023-07-22 19:00:00,59.75,1.1,4.0
2023-07-22 20:00:00,23.0,1.0333333333333334,42.84444444444445
2023-07-22 21:00:00,24.5,0.9666666666666668,81.6888888888889
2023-07-22 22:00:00,27.75,0.9000000000000001,120.53333333333335
2023-07-22 23:00:00,24.0,,
2023-07-23 00:00:00,20.75,,
2023-07-23 01:00:00,12.75,0.7000000000000001,237.0666666666667
2023-07-23 02:00:00,18.0,0.975,7.6
2023-07-23 03:00:00,17.0,1.1,94.125
2023-07-23 04:00:00,20.0,1.3,15.8
2023-07-23 05:00:00,22.0,1.2958333333333334,54.99583333333334
2023-07-23 06:00:00,19.0,1.2916666666666667,94.19166666666666
2023-07-23 07:00:00,25.0,1.2875,133.38750000000002
2023-07-23 08:00:00,22.0,,
2023-07-23 09:00:00,17.0,,
2023-07-23 10:00:00,18.0,1.275,250.975
2023-07-23 11:00:00,20.0,1.3,174.225
2023-07-23 12:00:00,24.0,1.8,20.0
2023-07-23 13:00:00,20.0,1.56,23.88
2023-07-23 14:00:00,23.0,1.3199999999999998,27.759999999999998
2023-07-23 15:00:00,19.0,1.0799999999999998,31.64
2023-07-23 16:00:00,19.0,,
2023-07-23 17:00:00,18.0,0.6,39.4
2023-07-23 18:00:00,18.0,1.0666666666666669,120.40000000000002
2023-07-23 19:00:00,23.0,0.925,17.6
2023-07-23 20:00:00,25.0,0.75,22.65
2023-07-23 21:00:00,34.0,0.8133333333333334,20.799999999999997
2023-07-23 22:00:00,38.0,0.8766666666666667,18.95
2023-07-23 23:00:00,27.0,0.9400000000000002,17.1
2023-07-24 00:00:00,23.0,,
2023-07-24 01:00:00,18.0,1.0666666666666669,13.4
2023-07-24 02:00:00,25.0,0.975,11.025
2023-07-24 03:00:00,31.0,1.05,12.075
2023-07-24 04:00:00,33.0,1.1,7.9
2023-07-24 05:00:00,38.0,1.1400000000000001,77.46000000000001
2023-07-24 06:00:00,34.0,1.1800000000000002,147.02
2023-07-24 07:00:00,31.0,1.22,216.58
2023-07-24 08:00:00,30.0,,
2023-07-24 09:00:00,24.0,1.3,355.7
2023-07-24 10:00:00,19.0,1.875,101.2
2023-07-24 11:00:00,17.0,1.7,8.35
2023-07-24 12:00:00,18.5,1.5,4.2749999999999995
2023-07-24 13:00:00,20.0,1.3,0.2
2023-07-24 14:00:00,17.0,1.45,263.525
2023-07-24 15:00:00,22.0,1.475,97.725
2023-07-24 16:00:00,18.0,1.3250000000000002,18.95
2023-07-24 17:00:00,27.0,1.0,98.15
2023-07-24 18:00:00,31.0,0.975,9.15
2023-07-24 19:00:00,31.0,1.025,264.8
2023-07-24 20:00:00,34.0,0.875,16.225
2023-07-24 21:00:00,24.0,0.875,18.3
2023-07-24 22:00:00,29.0,0.85,16.875
2023-07-24 23:00:00,33.0,0.6749999999999999,101.925
2023-07-25 00:00:00,34.0,0.95,12.4
2023-07-25 01:00:00,30.5,0.875,15.275
2023-07-25 02:00:00,37.25,0.825,8.475000000000001
2023-07-25 03:00:00,34.0,0.75,12.6
2023-07-25 04:00:00,27.75,1.325,19.425
2023-07-25 05:00:00,18.0,0.65,203.075
2023-07-25 06:00:00,16.0,0.5,115.075
2023-07-25 07:00:00,18.25,0.825,57.55
2023-07-25 08:00:00,27.25,1.175,102.825
2023-07-25 09:00:00,34.25,1.05,104.45
2023-07-25 10:00:00,35.25,1.15,9.675
2023-07-25 11:00:00,37.0,1.675,97.925
2023-07-25 12:00:00,40.0,1.35,172.27499999999998
2023-07-25 13:00:00,40.25,1.6749999999999998,265.175
2023-07-25 14:00:00,42.0,1.15,183.375
2023-07-25 15:00:00,43.75,0.975,93.125
2023-07-25 16:00:00,40.5,1.2,103.625
2023-07-25 17:00:00,41.0,1.375,30.725
2023-07-25 18:00:00,41.5,0.95,97.5
2023-07-25 19:00:00,54.5,0.875,12.825
2023-07-25 20:00:00,62.5,0.7,98.375
2023-07-25 21:00:00,65.5,1.125,12.675
2023-07-25 22:00:00,65.25,1.4,16.65
2023-07-25 23:00:00,46.75,1.725,23.3
2023-07-26 00:00:00,33.0,1.25,22.65
2023-07-26 01:00:00,30.0,1.425,16.325
2023-07-26 02:00:00,19.0,1.125,19.725
2023-07-26 03:00:00,17.5,1.175,19.975
2023-07-26 04:00:00,16.0,0.725,94.175
2023-07-26 05:00:00,18.0,1.5499999999999998,208.875
2023-07-26 06:00:00,17.0,1.5,275.75
2023-07-26 07:00:00,15.0,0.525,212.725
2023-07-26 08:00:00,13.0,0.825,268.925
2023-07-26 09:00:00,11.0,0.85,220.875
2023-07-26 10:00:00,12.5,1.1,101.775
2023-07-26 11:00:00,14.0,0.75,12.475
2023-07-26 12:00:00,18.0,0.925,105.85
2023-07-26 13:00:00,23.0,1.2,25.075
2023-07-26 14:00:00,25.0,0.7999999999999999,133.775
2023-07-26 15:00:00,11.0,0.55,143.3
2023-07-26 16:00:00,14.0,0.825,97.45
2023-07-26 17:00:00,20.0,0.8,99.225
2023-07-26 18:00:00,22.0,0.75,29.275
2023-07-26 19:00:00,29.0,0.575,44.6
2023-07-26 20:00:00,40.0,0.65,33.95
2023-07-26 21:00:00,31.0,0.475,115.625
2023-07-26 22:00:00,25.0,0.575,43.725
2023-07-26 23:00:00,23.0,0.625,68.95
2023-07-27 00:00:00,22.0,0.375,141.625
2023-07-27 01:00:00,23.0,0.4,32.6
2023-07-27 02:00:00,23.0,0.5249999999999999,109.7
2023-07-27 03:00:00,20.0,0.725,75.5
2023-07-27 04:00:00,20.0,0.5499999999999999,93.325
2023-07-27 05:00:00,24.0,0.575,67.2
2023-07-27 06:00:00,30.0,0.5,128.15
2023-07-27 07:00:00,30.0,0.6,176.175
2023-07-27 08:00:00,52.0,0.5499999999999999,104.85
2023-07-27 09:00:00,39.0,0.825,25.125
2023-07-27 10:00:00,39.0,0.75,179.39999999999998
2023-07-27 11:00:00,40.0,0.925,174.4
2023-07-27 12:00:00,35.0,1.3,161.3
2023-07-27 13:00:00,29.0,1.15,165.625
2023-07-27 14:00:00,28.0,1.225,98.8
2023-07-27 15:00:00,33.0,1.875,160.8
2023-07-27 16:00:00,45.0,1.475,162.475
2023-07-27 17:00:00,44.0,1.6,147.4
2023-07-27 18:00:00,35.0,1.4,154.325
2023-07-27 19:00:00,12.0,0.825,130.65
2023-07-27 20:00:00,16.0,0.925,191.45
2023-07-27 21:00:00,18.0,0.675,76.75
2023-07-27 22:00:00,19.0,0.575,131.9
2023-07-27 23:00:00,22.0,1.2,166.475
2023-07-28 00:00:00,22.0,0.65,121.8
2023-07-28 01:00:00,12.0,0.825,154.475
2023-07-28 02:00:00,19.0,1.05,153.5
2023-07-28 03:00:00,17.0,0.575,82.45
2023-07-28 04:00:00,11.0,0.65,102.025
2023-07-28 05:00:00,11.0,0.55,116.925
2023-07-28 06:00:00,8.0,0.7250000000000001,148.8
2023-07-28 07:00:00,14.0,0.925,152.175
2023-07-28 08:00:00,17.0,0.65,186.0
2023-07-28 09:00:00,31.0,0.875,124.875
2023-07-28 10:00:00,47.0,0.7,86.875
2023-07-28 11:00:00,53.0,1.225,169.52499999999998
2023-07-28 12:00:00,44.0,1.5,241.0
2023-07-28 13:00:00,29.0,1.025,230.975
2023-07-28 14:00:00,27.0,0.825,263.95
2023-07-28 15:00:00,33.0,0.9333333333333336,251.9
2023-07-28 16:00:00,26.6,0.625,244.0
2023-07-28 17:00:00,20.2,0.95,42.925
2023-07-28 18:00:00,13.799999999999997,0.825,97.575
2023-07-28 19:00:00,,1.15,155.075
2023-07-28 20:00:00,1.0,1.0,155.27499999999998
2023-07-28 21:00:00,3.5,0.825,158.05
2023-07-28 22:00:00,9.75,0.525,229.95
2023-07-28 23:00:00,5.25,0.275,215.4
2023-07-29 00:00:00,3.75,0.375,102.725
2023-07-29 01:00:00,6.5,0.525,29.9
2023-07-29 02:00:00,9.25,0.575,57.8
2023-07-29 03:00:00,11.75,0.575,107.95
2023-07-29 04:00:00,9.25,0.725,229.325
2023-07-29 05:00:00,13.0,0.7,98.4
2023-07-29 06:00:00,12.5,1.275,242.675
2023-07-29 07:00:00,12.0,1.075,99.95
2023-07-29 08:00:00,12.0,1.0,36.875
2023-07-29 09:00:00,14.0,1.35,33.525
2023-07-29 10:00:00,16.0,1.65,41.75
2023-07-29 11:00:00,18.0,1.425,39.825
2023-07-29 12:00:00,7.0,1.6,39.65
2023-07-29 13:00:00,5.0,1.4,41.425
2023-07-29 14:00:00,5.0,0.7,121.325
2023-07-29 15:00:00,7.0,0.9,133.45
2023-07-29 16:00:00,11.0,0.9,140.225
2023-07-29 17:00:00,11.0,0.775,124.075
2023-07-29 18:00:00,8.0,0.55,123.125
2023-07-29 19:00:00,7.0,0.875,157.425
2023-07-29 20:00:00,14.0,0.9,149.45
2023-07-29 21:00:00,19.0,1.7000000000000002,159.95
2023-07-29 22:00:00,7.0,1.875,159.775
2023-07-29 23:00:00,12.0,0.8,148.275
2023-07-30 00:00:00,9.0,0.8,136.175
2023-07-30 01:00:00,7.0,0.75,196.375
2023-07-30 02:00:00,7.0,0.6,187.075
2023-07-30 03:00:00,3.0,0.375,129.6
2023-07-30 04:00:00,2.0,0.325,161.75
2023-07-30 05:00:00,6.0,0.575,170.025
2023-07-30 06:00:00,7.0,0.65,140.025
2023-07-30 07:00:00,8.0,1.55,159.9
2023-07-30 08:00:00,9.0,1.875,161.275
2023-07-30 09:00:00,9.0,1.625,155.0
2023-07-30 10:00:00,7.0,1.4,155.65
2023-07-30 11:00:00,12.0,1.2,142.375
2023-07-30 12:00:00,18.0,1.575,153.925
2023-07-30 13:00:00,16.0,1.75,162.925
2023-07-30 14:00:00,13.0,1.45,156.05
2023-07-30 15:00:00,14.0,1.425,156.475
2023-07-30 16:00:00,14.0,1.625,152.25
2023-07-30 17:00:00,14.0,1.7,161.275
2023-07-30 18:00:00,14.0,2.0,162.925
2023-07-30 19:00:00,13.0,0.925,140.775
2023-07-30 20:00:00,13.0,0.675,120.825
2023-07-30 21:00:00,11.0,0.625,95.925
2023-07-30 22:00:00,14.0,0.525,196.85
2023-07-30 23:00:00,16.0,0.725,125.85
2023-07-31 00:00:00,22.0,1.15,163.65
2023-07-31 01:00:00,24.0,1.175,154.75
2023-07-31 02:00:00,30.0,0.95,159.64999999999998
2023-07-31 03:00:00,30.0,0.9,154.925
2023-07-31 04:00:00,34.0,1.1,156.425
2023-07-31 05:00:00,25.0,1.675,161.6
2023-07-31 06:00:00,35.0,1.7999999999999998,159.9
2023-07-31 07:00:00,28.0,1.925,158.625
2023-07-31 08:00:00,34.0,2.375,158.95
2023-07-31 09:00:00,34.0,2.35,161.65
2023-07-31 10:00:00,34.0,2.325,164.45
2023-07-31 11:00:00,48.0,1.95,160.125
2023-07-31 12:00:00,44.0,2.025,158.85
2023-07-31 13:00:00,42.0,2.525,178.65
2023-07-31 14:00:00,25.0,2.575,168.1
2023-07-31 15:00:00,24.0,2.575,166.825
2023-07-31 16:00:00,22.0,2.475,156.47500000000002
2023-07-31 17:00:00,17.0,2.275,158.6
2023-07-31 18:00:00,19.0,1.8,159.175
2023-07-31 19:00:00,17.0,0.825,126.75
2023-07-31 20:00:00,19.0,0.475,139.05
2023-07-31 21:00:00,23.0,0.575,104.825
2023-07-31 22:00:00,20.0,0.675,124.375
2023-07-31 23:00:00,24.0,1.4,156.45
2023-08-01 00:00:00,16.0,1.75,159.075
2023-08-01 01:00:00,14.0,1.525,159.9
2023-08-01 02:00:00,13.0,1.05,156.52499999999998
2023-08-01 03:00:00,9.0,1.025,154.25
2023-08-01 04:00:00,7.0,1.05,158.225
2023-08-01 05:00:00,7.0,0.85,151.7
2023-08-01 06:00:00,8.0,1.175,156.2
2023-08-01 07:00:00,11.0,2.45,159.175
2023-08-01 08:00:00,17.0,2.825,159.95
2023-08-01 09:00:00,20.0,3.05,161.85
2023-08-01 10:00:00,23.0,3.125,167.225
2023-08-01 11:00:00,18.0,2.675,171.95
2023-08-01 12:00:00,20.0,2.475,167.6
2023-08-01 13:00:00,19.0,2.725,171.3
2023-08-01 14:00:00,27.0,2.575,163.8
2023-08-01 15:00:00,27.0,2.175,168.79999999999998
2023-08-01 16:00:00,31.0,2.15,160.1
2023-08-01 17:00:00,30.0,2.25,157.675
2023-08-01 18:00:00,16.0,1.475,147.25
2023-08-01 19:00:00,18.0,1.625,152.775
2023-08-01 20:00:00,19.0,1.05,161.175
2023-08-01 21:00:00,18.0,0.875,156.925
2023-08-01 22:00:00,17.0,0.7,142.85
2023-08-01 23:00:00,18.0,1.475,157.075
2023-08-02 00:00:00,17.0,1.175,155.85
2023-08-02 01:00:00,14.0,1.575,156.825
2023-08-02 02:00:00,17.0,1.425,157.35
2023-08-02 03:00:00,14.0,1.7,161.575
2023-08-02 04:00:00,16.0,2.025,158.125
2023-08-02 05:00:00,9.0,2.55,160.275
2023-08-02 06:00:00,17.0,2.1,158.275
2023-08-02 07:00:00,17.0,2.975,160.575
2023-08-02 08:00:00,20.0,3.075,159.05
2023-08-02 09:00:00,23.0,2.925,162.1
2023-08-02 10:00:00,22.0,3.7,165.0
2023-08-02 11:00:00,23.0,3.3,166.0
2023-08-02 12:00:00,24.0,2.9,167.0
2023-08-02 13:00:00,27.0,2.3,158.4125
2023-08-02 14:00:00,25.0,1.7,149.825
2023-08-02 15:00:00,24.0,1.55,149.825
2023-08-02 16:00:00,24.0,1.775,157.025
2023-08-02 17:00:00,23.0,1.3250000000000002,158.425
2023-08-02 18:00:00,22.0,1.475,157.8
2023-08-02 19:00:00,22.0,1.2000000000000002,152.45
2023-08-02 20:00:00,17.0,1.075,162.7
2023-08-02 21:00:00,16.0,0.6,167.625
2023-08-02 22:00:00,17.0,1.375,156.6
2023-08-02 23:00:00,19.0,1.7,149.025
2023-08-03 00:00:00,9.0,1.075,165.225
2023-08-03 01:00:00,16.0,1.65,149.5
2023-08-03 02:00:00,14.0,0.95,111.725
2023-08-03 03:00:00,11.0,1.25,139.75
2023-08-03 04:00:00,13.0,0.95,167.575
2023-08-03 05:00:00,14.0,1.175,154.65
2023-08-03 06:00:00,11.0,1.575,156.8
2023-08-03 07:00:00,18.0,2.675,160.325
2023-08-03 08:00:00,22.0,3.65,164.3
2023-08-03 09:00:00,27.0,3.25,167.625
2023-08-03 10:00:00,24.0,3.2,167.95
2023-08-03 11:00:00,30.0,2.9,172.55
2023-08-03 12:00:00,35.0,2.6,176.525
2023-08-03 13:00:00,35.0,2.45,176.9
2023-08-03 14:00:00,38.0,1.625,188.275
2023-08-03 15:00:00,34.0,1.85,167.225
2023-08-03 16:00:00,35.0,2.15,173.95
2023-08-03 17:00:00,35.0,1.5,160.525
2023-08-03 18:00:00,31.0,1.325,117.625
2023-08-03 19:00:00,33.0,0.825,122.975
2023-08-03 20:00:00,22.0,1.075,149.45
2023-08-03 21:00:00,23.0,0.6,140.25
2023-08-03 22:00:00,22.0,0.95,144.1
2023-08-03 23:00:00,18.0,1.875,160.2
2023-08-04 00:00:00,16.0,1.625,150.825
2023-08-04 01:00:00,17.0,1.15,156.35
2023-08-04 02:00:00,18.0,1.175,158.275
2023-08-04 03:00:00,14.0,1.0,152.825
2023-08-04 04:00:00,16.0,1.75,160.375
2023-08-04 05:00:00,18.0,1.225,160.60000000000002
2023-08-04 06:00:00,17.0,1.525,158.625
2023-08-04 07:00:00,16.0,0.8,224.425
2023-08-04 08:00:00,24.0,0.625,111.525
2023-08-04 09:00:00,27.0,0.675,112.925
2023-08-04 10:00:00,25.0,0.7,95.75
2023-08-04 11:00:00,28.0,0.725,121.675
2023-08-04 12:00:00,30.0,0.7,109.25
2023-08-04 13:00:00,30.0,0.65,151.0
2023-08-04 14:00:00,41.0,1.1,232.7
2023-08-04 15:00:00,51.0,1.2,156.775
2023-08-04 16:00:00,57.0,1.15,159.625
2023-08-04 17:00:00,61.0,0.55,89.6
2023-08-04 18:00:00,57.0,0.825,42.75
2023-08-04 19:00:00,70.0,0.75,201.35
2023-08-04 20:00:00,39.0,1.15,125.1
2023-08-04 21:00:00,19.0,0.825,97.425
2023-08-04 22:00:00,17.0,0.8,93.775
2023-08-04 23:00:00,16.0,0.6,114.7
2023-08-05 00:00:00,20.0,0.9,108.975
2023-08-05 01:00:00,18.0,0.775,103.15
2023-08-05 02:00:00,14.0,0.7250000000000001,102.975
2023-08-05 03:00:00,20.0,0.725,103.5
2023-08-05 04:00:00,20.0,0.75,96.15
2023-08-05 05:00:00,20.0,0.6499999999999999,144.675
2023-08-05 06:00:00,25.0,0.975,196.65
2023-08-05 07:00:00,22.0,0.475,78.525
2023-08-05 08:00:00,16.0,0.525,91.025
2023-08-05 09:00:00,20.0,0.8500000000000001,149.075
2023-08-05 10:00:00,24.0,1.7,154.825
2023-08-05 11:00:00,31.0,2.275,160.55
2023-08-05 12:00:00,30.0,1.25,156.4
2023-08-05 13:00:00,27.0,1.8,162.9
2023-08-05 14:00:00,27.285714285714285,1.6285714285714286,153.9857142857143
2023-08-05 15:00:00,27.571428571428573,1.457142857142857,145.07142857142858
2023-08-05 16:00:00,27.857142857142858,1.2857142857142856,136.15714285714287
2023-08-05 17:00:00,,,
2023-08-05 18:00:00,,,
2023-08-05 19:00:00,,,
2023-08-05 20:00:00,29.0,0.6,100.5
2023-08-05 21:00:00,28.0,0.55,91.575
2023-08-05 22:00:00,31.0,0.65,127.45
2023-08-05 23:00:00,24.0,0.725,75.575
2023-08-06 00:00:00,36.0,0.55,66.9
2023-08-06 01:00:00,50.0,0.375,87.625
2023-08-06 02:00:00,39.0,0.625,102.3
2023-08-06 03:00:00,39.0,0.625,158.275
2023-08-06 04:00:00,31.0,1.75,156.3
2023-08-06 05:00:00,18.0,2.35,159.075
2023-08-06 06:00:00,19.0,2.4,160.25
2023-08-06 07:00:00,27.0,2.575,158.125
2023-08-06 08:00:00,19.0,3.125,158.75
2023-08-06 09:00:00,19.0,2.875,158.125
2023-08-06 10:00:00,24.0,2.625,156.725
2023-08-06 11:00:00,24.0,2.55,158.8
2023-08-06 12:00:00,22.0,2.25,159.375
2023-08-06 13:00:00,24.0,2.0,155.425
2023-08-06 14:00:00,24.0,2.5,161.47500000000002
2023-08-06 15:00:00,19.0,2.35,161.55
2023-08-06 16:00:00,23.0,2.3,158.85
2023-08-06 17:00:00,18.0,2.0,160.125
2023-08-06 18:00:00,27.0,1.525,155.625
2023-08-06 19:00:00,29.0,0.975,144.875
2023-08-06 20:00:00,23.0,1.1,145.95
2023-08-06 21:00:00,20.0,0.9,149.4
2023-08-06 22:00:00,22.0,1.3,153.6
2023-08-06 23:00:00,23.0,1.775,151.64999999999998
2023-08-07 00:00:00,22.0,1.65,145.075
2023-08-07 01:00:00,26.0,1.35,141.825
2023-08-07 02:00:00,22.0,1.875,154.125
2023-08-07 03:00:00,18.5,1.85,149.825
2023-08-07 04:00:00,17.25,1.95,148.375
2023-08-07 05:00:00,17.75,1.925,152.2
2023-08-07 06:00:00,17.5,2.0,152.075
2023-08-07 07:00:00,19.25,2.175,155.0
2023-08-07 08:00:00,21.25,2.775,155.575
2023-08-07 09:00:00,25.0,3.325,157.675
2023-08-07 10:00:00,24.75,2.25,151.725
2023-08-07 11:00:00,25.0,2.05,144.975
2023-08-07 12:00:00,28.25,1.725,151.8
2023-08-07 13:00:00,29.0,2.0,152.6
2023-08-07 14:00:00,29.5,1.95,155.475
2023-08-07 15:00:00,30.0,1.75,149.35
2023-08-07 16:00:00,25.0,1.35,153.175
2023-08-07 17:00:00,20.0,1.625,157.375
2023-08-07 18:00:00,22.25,0.975,149.4
2023-08-07 19:00:00,20.75,1.175,149.275
2023-08-07 20:00:00,23.5,1.3,150.325
2023-08-07 21:00:00,24.25,0.775,150.3
2023-08-07 22:00:00,23.5,0.8,154.625
2023-08-07 23:00:00,28.0,0.6,152.27499999999998
2023-08-08 00:00:00,22.0,1.3,154.325
2023-08-08 01:00:00,23.0,2.225,156.79999999999998
2023-08-08 02:00:00,23.0,2.1,150.325
2023-08-08 03:00:00,28.0,2.0,152.15
2023-08-08 04:00:00,22.0,1.925,151.8
2023-08-08 05:00:00,22.0,1.825,153.2
2023-08-08 06:00:00,22.0,2.2,154.325
2023-08-08 07:00:00,19.0,2.95,156.125
2023-08-08 08:00:00,22.0,3.175,156.4
2023-08-08 09:00:00,24.0,3.775,157.875
2023-08-08 10:00:00,25.0,3.275,153.2
2023-08-08 11:00:00,24.0,2.675,156.45
2023-08-08 12:00:00,24.0,2.5,157.35
2023-08-08 13:00:00,25.0,2.475,165.225
2023-08-08 14:00:00,24.0,2.175,162.225
2023-08-08 15:00:00,28.0,1.525,155.075
2023-08-08 16:00:00,30.0,1.225,154.85000000000002
2023-08-08 17:00:00,28.0,0.85,131.45
2023-08-08 18:00:00,23.0,0.8,130.15
2023-08-08 19:00:00,27.0,1.225,144.05
2023-08-08 20:00:00,24.0,0.975,151.4
2023-08-08 21:00:00,20.0,0.875,148.425
2023-08-08 22:00:00,23.0,1.1,155.15
2023-08-08 23:00:00,23.0,0.925,144.675
2023-08-09 00:00:00,25.0,0.975,146.825
2023-08-09 01:00:00,31.0,1.2,155.675
2023-08-09 02:00:00,28.0,1.45,147.75
2023-08-09 03:00:00,33.0,1.95,148.8
2023-08-09 04:00:00,34.0,1.85,153.475
2023-08-09 05:00:00,27.0,1.525,149.875
2023-08-09 06:00:00,23.0,2.1,157.9
2023-08-09 07:00:00,23.0,2.525,158.825
2023-08-09 08:00:00,24.0,3.15,156.275
2023-08-09 09:00:00,25.0,2.925,157.9
2023-08-09 10:00:00,27.0,2.5,157.6
2023-08-09 11:00:00,27.0,2.725,157.9
2023-08-09 12:00:00,30.0,1.925,154.575
2023-08-09 13:00:00,30.0,1.2,152.675
2023-08-09 14:00:00,33.0,1.475,162.225
2023-08-09 15:00:00,33.0,0.85,143.125
2023-08-09 16:00:00,34.0,0.825,134.225
2023-08-09 17:00:00,30.0,0.55,105.725
2023-08-09 18:00:00,35.0,0.375,104.975
2023-08-09 19:00:00,38.0,0.625,149.1
2023-08-09 20:00:00,42.0,0.575,138.2
2023-08-09 21:00:00,44.0,0.6,145.875
2023-08-09 22:00:00,45.0,0.975,166.45
2023-08-09 23:00:00,46.0,0.625,153.55
2023-08-10 00:00:00,40.0,0.575,144.15
2023-08-10 01:00:00,39.0,1.125,162.5
2023-08-10 02:00:00,41.5,1.05,157.3
2023-08-10 03:00:00,37.75,0.95,156.7
2023-08-10 04:00:00,30.75,1.05,155.05
2023-08-10 05:00:00,30.0,1.825,162.22500000000002
2023-08-10 06:00:00,30.75,2.075,161.65
2023-08-10 07:00:00,33.5,1.875,156.2
2023-08-10 08:00:00,34.5,2.525,156.075
2023-08-10 09:00:00,33.0,3.125,163.54999999999998
2023-08-10 10:00:00,33.75,2.725,166.65
2023-08-10 11:00:00,36.75,2.25,168.1
2023-08-10 12:00:00,39.75,2.225,165.825
2023-08-10 13:00:00,43.0,2.0,167.1
2023-08-10 14:00:00,45.75,1.7,162.22500000000002
2023-08-10 15:00:00,44.0,1.275,155.25
2023-08-10 16:00:00,42.0,1.55,154.25
2023-08-10 17:00:00,44.0,0.7,90.55
2023-08-10 18:00:00,42.25,0.4,102.5
2023-08-10 19:00:00,46.5,0.35,99.2
2023-08-10 20:00:00,48.5,0.775,122.225
2023-08-10 21:00:00,46.5,0.85,57.05
2023-08-10 22:00:00,34.25,0.45,54.0
2023-08-10 23:00:00,30.5,0.45,103.45
2023-08-11 00:00:00,36.0,1.2,154.775
2023-08-11 01:00:00,39.0,0.75,149.95000000000002
2023-08-11 02:00:00,40.0,0.95,160.05
2023-08-11 03:00:00,44.0,1.1,157.075
2023-08-11 04:00:00,41.0,1.225,152.275
2023-08-11 05:00:00,42.0,1.6,160.375
2023-08-11 06:00:00,39.0,1.4,153.65
2023-08-11 07:00:00,31.0,2.4,160.55
2023-08-11 08:00:00,35.0,2.675,158.875
2023-08-11 09:00:00,38.0,2.725,160.15
2023-08-11 10:00:00,39.0,2.6,166.775
2023-08-11 11:00:00,38.0,2.425,166.25
2023-08-11 12:00:00,41.0,2.4000000000000004,169.8
2023-08-11 13:00:00,45.0,2.05,162.2
2023-08-11 14:00:00,45.0,1.65,164.025
2023-08-11 15:00:00,44.0,1.875,158.5
2023-08-11 16:00:00,46.0,1.6,158.25
2023-08-11 17:00:00,48.0,1.3,148.85
2023-08-11 18:00:00,48.0,1.3,152.775
2023-08-11 19:00:00,51.0,0.575,111.825
2023-08-11 20:00:00,45.0,0.575,106.55
2023-08-11 21:00:00,47.0,0.6499999999999999,133.45
2023-08-11 22:00:00,50.0,0.8,139.625
2023-08-11 23:00:00,41.0,0.925,151.675
2023-08-12 00:00:00,45.0,1.075,152.575
2023-08-12 01:00:00,42.0,1.725,160.05
2023-08-12 02:00:00,44.0,1.775,156.475
2023-08-12 03:00:00,38.0,1.725,156.95
2023-08-12 04:00:00,38.0,1.325,158.825
2023-08-12 05:00:00,35.0,1.75,156.375
2023-08-12 06:00:00,25.0,2.1,157.3
2023-08-12 07:00:00,30.0,2.575,160.85
2023-08-12 08:00:00,31.0,2.5,156.75
2023-08-12 09:00:00,33.0,2.5,154.45
2023-08-12 10:00:00,38.0,2.575,156.6
2023-08-12 11:00:00,36.0,2.1,152.125
2023-08-12 12:00:00,38.0,2.025,147.9
2023-08-12 13:00:00,38.0,2.575,164.8
2023-08-12 14:00:00,38.0,2.325,159.4
2023-08-12 15:00:00,41.0,2.025,154.575
2023-08-12 16:00:00,44.0,2.15,159.025
2023-08-12 17:00:00,41.0,1.725,156.15
2023-08-12 18:00:00,41.0,1.25,153.55
2023-08-12 19:00:00,41.25,1.175,155.675
2023-08-12 20:00:00,43.75,1.125,147.22500000000002
2023-08-12 21:00:00,38.75,1.4,142.275
2023-08-12 22:00:00,33.5,1.475,146.35
2023-08-12 23:00:00,26.75,1.475,144.85
2023-08-13 00:00:00,21.75,1.575,149.375
2023-08-13 01:00:00,26.0,1.7,145.4
2023-08-13 02:00:00,22.0,1.575,149.25
2023-08-13 03:00:00,20.0,1.75,155.7
2023-08-13 04:00:00,22.75,1.525,150.2
2023-08-13 05:00:00,22.25,1.4,150.1
2023-08-13 06:00:00,21.75,1.475,146.775
2023-08-13 07:00:00,19.75,1.925,148.125
2023-08-13 08:00:00,26.5,2.725,157.35
2023-08-13 09:00:00,30.25,2.225,150.475
2023-08-13 10:00:00,29.25,2.3,155.45
2023-08-13 11:00:00,32.25,1.95,153.575
2023-08-13 12:00:00,31.25,0.925,132.95000000000002
2023-08-13 13:00:00,36.0,1.0,143.725
2023-08-13 14:00:00,39.0,0.85,95.65
2023-08-13 15:00:00,39.75,0.8,60.15
2023-08-13 16:00:00,41.5,0.7,58.875
2023-08-13 17:00:00,40.0,0.6,57.1
2023-08-13 18:00:00,39.0,0.4,75.82499999999999
2023-08-13 19:00:00,37.0,0.425,69.225
2023-08-13 20:00:00,40.25,0.6,40.875
2023-08-13 21:00:00,40.5,0.6,38.45
2023-08-13 22:00:00,38.25,0.475,38.85
2023-08-13 23:00:00,36.0,0.7,37.775
2023-08-14 00:00:00,34.25,0.575,57.3
2023-08-14 01:00:00,30.5,0.65,36.975
2023-08-14 02:00:00,34.0,0.775,40.275
2023-08-14 03:00:00,30.75,0.625,39.225
2023-08-14 04:00:00,30.25,0.3,241.7
2023-08-14 05:00:00,30.5,0.65,29.325000000000003
2023-08-14 06:00:00,28.75,0.375,173.05
2023-08-14 07:00:00,27.25,0.4,245.75
2023-08-14 08:00:00,28.5,0.95,165.375
2023-08-14 09:00:00,38.75,0.8250000000000001,145.95
2023-08-14 10:00:00,37.25,1.15,154.625
2023-08-14 11:00:00,36.5,0.525,264.9
2023-08-14 12:00:00,41.25,0.85,99.25
2023-08-14 13:00:00,41.5,1.125,45.775
2023-08-14 14:00:00,39.75,1.0750000000000002,29.725
2023-08-14 15:00:00,38.25,1.325,31.0
2023-08-14 16:00:00,36.5,1.15,41.65
2023-08-14 17:00:00,38.25,1.275,116.55
2023-08-14 18:00:00,39.0,0.975,52.150000000000006
2023-08-14 19:00:00,39.5,0.875,41.95
2023-08-14 20:00:00,43.25,0.425,265.05
2023-08-14 21:00:00,50.5,0.4499999999999999,265.475
2023-08-14 22:00:00,50.75,0.525,267.1
2023-08-14 23:00:00,46.75,0.8,246.925
2023-08-15 00:00:00,46.25,0.625,343.775
2023-08-15 01:00:00,46.25,0.475,251.825
2023-08-15 02:00:00,42.0,0.5,179.65
2023-08-15 03:00:00,38.0,0.45,116.65
2023-08-15 04:00:00,43.0,0.5,105.825
2023-08-15 05:00:00,39.0,0.3999999999999999,200.4
2023-08-15 06:00:00,39.5,0.5,110.6
2023-08-15 07:00:00,50.5,0.7,55.925
2023-08-15 08:00:00,53.5,0.725,62.35
2023-08-15 09:00:00,57.25,0.65,98.475
2023-08-15 10:00:00,54.5,1.45,150.425
2023-08-15 11:00:00,51.25,1.825,160.4
2023-08-15 12:00:00,45.0,1.775,158.2
2023-08-15 13:00:00,41.0,1.375,223.525
2023-08-15 14:00:00,34.5,2.075,199.525
2023-08-15 15:00:00,24.75,1.225,152.9
2023-08-15 16:00:00,29.25,0.55,191.875
2023-08-15 17:00:00,35.5,0.525,53.95
2023-08-15 18:00:00,36.75,0.775,69.35
2023-08-15 19:00:00,45.5,0.6,61.625
2023-08-15 20:00:00,44.25,0.4,74.2
2023-08-15 21:00:00,37.25,0.425,76.0
2023-08-15 22:00:00,43.25,0.5,43.1
2023-08-15 23:00:00,48.0,0.4,89.375
2023-08-16 00:00:00,41.0,0.5249999999999999,109.675
2023-08-16 01:00:00,36.0,0.55,115.175
2023-08-16 02:00:00,29.75,0.525,97.75
2023-08-16 03:00:00,29.25,0.4,123.475
2023-08-16 04:00:00,29.5,0.3,114.125
2023-08-16 05:00:00,28.75,0.625,168.75
2023-08-16 06:00:00,30.5,0.8,163.825
2023-08-16 07:00:00,31.5,1.65,159.35
2023-08-16 08:00:00,42.0,2.0,160.95
2023-08-16 09:00:00,50.75,1.8,162.475
2023-08-16 10:00:00,50.75,1.975,164.325
2023-08-16 11:00:00,51.5,1.9,160.35
2023-08-16 12:00:00,46.75,2.0,178.875
2023-08-16 13:00:00,48.5,2.3,167.625
2023-08-16 14:00:00,55.0,2.5500000000000003,162.975
2023-08-16 15:00:00,53.5,2.35,165.65
2023-08-16 16:00:00,56.25,2.525,166.35
2023-08-16 17:00:00,50.25,2.05,171.675
2023-08-16 18:00:00,48.5,1.625,156.225
2023-08-16 19:00:00,49.25,1.075,129.925
2023-08-16 20:00:00,45.25,0.675,111.025
2023-08-16 21:00:00,38.75,0.475,76.325
2023-08-16 22:00:00,35.0,0.65,94.25
2023-08-16 23:00:00,38.0,0.675,143.85
2023-08-17 00:00:00,48.5,1.125,166.85
2023-08-17 01:00:00,50.25,0.9,156.475
2023-08-17 02:00:00,41.25,1.075,164.8
2023-08-17 03:00:00,38.75,1.225,165.05
2023-08-17 04:00:00,38.25,1.125,154.025
2023-08-17 05:00:00,40.25,1.95,159.15
2023-08-17 06:00:00,44.25,2.25,159.8
2023-08-17 07:00:00,46.5,2.55,160.3
2023-08-17 08:00:00,51.0,3.3,162.475
2023-08-17 09:00:00,52.5,3.2,161.4
2023-08-17 10:00:00,56.5,3.375,165.875
2023-08-17 11:00:00,53.25,3.075,157.325
2023-08-17 12:00:00,49.0,2.725,159.95
2023-08-17 13:00:00,52.75,2.975,170.2
2023-08-17 14:00:00,55.25,2.65,163.1
2023-08-17 15:00:00,57.25,2.55,161.775
2023-08-17 16:00:00,58.75,2.075,163.6
2023-08-17 17:00:00,51.75,1.575,152.95
2023-08-17 18:00:00,51.25,0.75,119.325
2023-08-17 19:00:00,48.0,0.475,81.575
2023-08-17 20:00:00,35.5,0.55,87.125
2023-08-17 21:00:00,34.5,0.575,97.475
2023-08-17 22:00:00,36.5,0.6749999999999999,83.95
2023-08-17 23:00:00,38.0,0.625,68.9
2023-08-18 00:00:00,43.75,0.55,128.22500000000002
2023-08-18 01:00:00,57.75,0.775,149.35
2023-08-18 02:00:00,47.0,1.025,166.625
2023-08-18 03:00:00,43.0,0.975,153.375
2023-08-18 04:00:00,40.0,1.775,155.5
2023-08-18 05:00:00,41.0,2.525,161.45
2023-08-18 06:00:00,45.0,2.225,161.4
2023-08-18 07:00:00,51.25,2.625,159.925
2023-08-18 08:00:00,63.0,3.325,164.0
2023-08-18 09:00:00,71.0,3.175,161.85
2023-08-18 10:00:00,77.0,2.7,165.0
2023-08-18 11:00:00,76.5,2.425,168.675
2023-08-18 12:00:00,73.75,2.1500000000000004,178.8
2023-08-18 13:00:00,69.25,3.475,148.675
2023-08-18 14:00:00,66.0,2.525,161.55
2023-08-18 15:00:00,63.0,2.125,173.25
2023-08-18 16:00:00,62.75,1.725,182.675
2023-08-18 17:00:00,62.25,1.325,193.325
2023-08-18 18:00:00,63.25,0.975,192.475
2023-08-18 19:00:00,62.0,0.425,189.45
2023-08-18 20:00:00,53.25,0.6,113.15
2023-08-18 21:00:00,44.75,0.625,93.9
2023-08-18 22:00:00,45.5,0.575,106.575
2023-08-18 23:00:00,48.5,0.6,94.025
2023-08-19 00:00:00,43.25,0.6499999999999999,94.25
2023-08-19 01:00:00,43.5,0.35,166.725
2023-08-19 02:00:00,49.75,0.6,100.975
2023-08-19 03:00:00,48.25,0.525,81.325
2023-08-19 04:00:00,55.25,1.4500000000000002,180.3
2023-08-19 05:00:00,48.75,1.1,187.425
2023-08-19 06:00:00,23.25,1.025,209.35
2023-08-19 07:00:00,12.5,0.725,92.825
2023-08-19 08:00:00,14.0,0.7,32.3
2023-08-19 09:00:00,16.0,0.65,232.575
2023-08-19 10:00:00,25.25,0.85,117.9
2023-08-19 11:00:00,31.75,0.775,154.85
2023-08-19 12:00:00,25.5,0.525,151.075
2023-08-19 13:00:00,37.25,1.075,109.8
2023-08-19 14:00:00,38.25,1.3250000000000002,40.225
2023-08-19 15:00:00,29.75,1.375,27.175
2023-08-19 16:00:00,28.0,0.85,95.2
2023-08-19 17:00:00,23.75,0.625,17.2
2023-08-19 18:00:00,22.0,0.5,141.45
2023-08-19 19:00:00,29.25,0.425,126.9
2023-08-19 20:00:00,32.25,0.575,125.25
2023-08-19 21:00:00,30.0,0.5,94.175
2023-08-19 22:00:00,29.75,0.4499999999999999,81.175
2023-08-19 23:00:00,33.5,0.55,116.3
2023-08-20 00:00:00,45.75,0.55,99.075
2023-08-20 01:00:00,41.25,0.55,130.6
2023-08-20 02:00:00,37.5,0.575,81.625
2023-08-20 03:00:00,32.0,0.4,61.650000000000006
2023-08-20 04:00:00,31.5,0.6,68.0
2023-08-20 05:00:00,37.75,0.775,25.625
2023-08-20 06:00:00,34.25,0.725,34.575
2023-08-20 07:00:00,33.75,1.0,12.15
2023-08-20 08:00:00,28.0,1.375,22.725
2023-08-20 09:00:00,22.5,1.3,23.25
2023-08-20 10:00:00,24.25,1.5,105.275
2023-08-20 11:00:00,25.5,1.275,25.675
2023-08-20 12:00:00,25.75,1.2,15.275000000000002
2023-08-20 13:00:00,21.25,1.4,21.975
2023-08-20 14:00:00,16.5,1.375,99.325
2023-08-20 15:00:00,10.25,1.05,251.625
2023-08-20 16:00:00,15.25,0.8,169.95
2023-08-20 17:00:00,18.5,0.6499999999999999,45.375
2023-08-20 18:00:00,19.5,0.625,64.875
2023-08-20 19:00:00,27.75,0.4,45.900000000000006
2023-08-20 20:00:00,29.75,0.425,72.55
2023-08-20 21:00:00,29.25,0.4,101.0
2023-08-20 22:00:00,30.25,0.75,49.275000000000006
2023-08-20 23:00:00,30.75,0.875,34.05
2023-08-21 00:00:00,29.5,0.775,27.450000000000003
2023-08-21 01:00:00,28.0,0.475,253.0
2023-08-21 02:00:00,27.75,0.525,117.675
2023-08-21 03:00:00,26.25,0.7,178.55
2023-08-21 04:00:00,23.5,0.4,105.175
2023-08-21 05:00:00,22.0,0.275,213.75
2023-08-21 06:00:00,22.75,0.35,92.275
2023-08-21 07:00:00,27.5,0.925,42.35
2023-08-21 08:00:00,33.5,0.8,52.825
2023-08-21 09:00:00,28.5,0.725,62.825
2023-08-21 10:00:00,26.0,0.8,93.1
2023-08-21 11:00:00,25.0,2.05,162.875
2023-08-21 12:00:00,31.5,1.7,165.95
2023-08-21 13:00:00,33.75,1.125,103.9
2023-08-21 14:00:00,38.5,2.0250000000000004,123.95
2023-08-21 15:00:00,44.5,1.375,157.925
2023-08-21 16:00:00,43.25,1.4,136.375
2023-08-21 17:00:00,47.25,0.875,112.85
2023-08-21 18:00:00,30.25,0.575,125.1
2023-08-21 19:00:00,31.0,0.5,181.425
2023-08-21 20:00:00,33.75,1.2,17.3
2023-08-21 21:00:00,37.5,0.825,262.775
2023-08-21 22:00:00,24.75,0.75,102.54999999999998
2023-08-21 23:00:00,28.75,0.825,106.975
2023-08-22 00:00:00,31.25,0.825,97.425
2023-08-22 01:00:00,23.0,0.525,45.65
2023-08-22 02:00:00,23.5,0.275,218.6
2023-08-22 03:00:00,26.25,0.425,39.475
2023-08-22 04:00:00,30.75,0.475,85.375
2023-08-22 05:00:00,32.5,0.75,44.1
2023-08-22 06:00:00,29.5,0.7250000000000001,185.225
2023-08-22 07:00:00,25.0,1.325,161.075
2023-08-22 08:00:00,25.0,2.55,159.55
2023-08-22 09:00:00,25.5,2.925,160.025
2023-08-22 10:00:00,27.25,2.95,163.275
2023-08-22 11:00:00,28.25,2.35,160.85
2023-08-22 12:00:00,30.25,2.225,166.5
2023-08-22 13:00:00,33.75,2.125,161.5
2023-08-22 14:00:00,32.0,2.15,165.375
2023-08-22 15:00:00,31.25,1.3,178.47500000000002
2023-08-22 16:00:00,35.75,0.625,183.6
2023-08-22 17:00:00,29.25,0.525,90.75
2023-08-22 18:00:00,30.25,1.0,47.7
2023-08-22 19:00:00,28.75,1.625,47.725
2023-08-22 20:00:00,18.75,0.5750000000000001,74.05
2023-08-22 21:00:00,8.75,0.6,134.89999999999998
2023-08-22 22:00:00,8.25,0.675,114.2
2023-08-22 23:00:00,8.5,0.55,169.04999999999998
2023-08-23 00:00:00,7.25,0.55,39.575
2023-08-23 01:00:00,8.75,0.4,173.35000000000002
2023-08-23 02:00:00,10.5,0.45,133.1
2023-08-23 03:00:00,8.75,0.575,115.05
2023-08-23 04:00:00,10.0,0.85,119.725
2023-08-23 05:00:00,16.5,1.325,146.6
2023-08-23 06:00:00,19.25,1.45,147.15
2023-08-23 07:00:00,24.0,0.975,139.275
2023-08-23 08:00:00,27.0,0.55,117.05
2023-08-23 09:00:00,25.75,0.6,114.0
2023-08-23 10:00:00,24.0,0.6749999999999999,92.325
2023-08-23 11:00:00,31.25,0.7749999999999999,71.175
2023-08-23 12:00:00,33.75,0.75,69.225
2023-08-23 13:00:00,27.5,0.625,117.725
2023-08-23 14:00:00,20.0,0.575,93.025
2023-08-23 15:00:00,22.25,0.65,66.45
2023-08-23 16:00:00,30.0,0.725,35.525
2023-08-23 17:00:00,29.0,0.525,267.1
2023-08-23 18:00:00,17.25,0.875,29.5
2023-08-23 19:00:00,17.0,0.4499999999999999,114.65
2023-08-23 20:00:00,15.5,0.7,49.55
2023-08-23 21:00:00,19.75,0.575,60.25
2023-08-23 22:00:00,19.25,0.5,37.225
2023-08-23 23:00:00,19.25,0.475,39.15
2023-08-24 00:00:00,18.25,0.55,50.375
2023-08-24 01:00:00,21.5,0.475,161.375
2023-08-24 02:00:00,19.5,0.55,137.025
2023-08-24 03:00:00,19.25,0.6,94.0
2023-08-24 04:00:00,22.0,0.5,109.975
2023-08-24 05:00:00,19.75,1.3,164.375
2023-08-24 06:00:00,21.0,1.3,163.7
2023-08-24 07:00:00,21.25,2.0,161.05
2023-08-24 08:00:00,31.0,2.9,160.775
2023-08-24 09:00:00,30.75,2.475,159.975
2023-08-24 10:00:00,30.0,2.775,162.325
2023-08-24 11:00:00,30.75,2.525,163.2
2023-08-24 12:00:00,32.5,1.875,158.1
2023-08-24 13:00:00,31.75,1.65,154.4
2023-08-24 14:00:00,35.75,1.7,157.5
2023-08-24 15:00:00,39.75,1.575,160.375
2023-08-24 16:00:00,36.5,1.45,159.875
2023-08-24 17:00:00,37.5,1.375,157.9
2023-08-24 18:00:00,41.0,0.625,112.425
2023-08-24 19:00:00,52.25,0.7250000000000001,161.125
2023-08-24 20:00:00,39.25,0.425,130.075
2023-08-24 21:00:00,35.0,0.825,157.625
2023-08-24 22:00:00,36.0,0.975,158.525
2023-08-24 23:00:00,30.0,0.775,159.325
2023-08-25 00:00:00,29.25,0.825,164.7
2023-08-25 01:00:00,27.5,0.975,164.525
2023-08-25 02:00:00,30.0,1.275,172.525
2023-08-25 03:00:00,32.0,1.075,170.2
2023-08-25 04:00:00,27.75,1.15,165.275
2023-08-25 05:00:00,25.0,1.725,162.225
2023-08-25 06:00:00,28.0,1.725,161.55
2023-08-25 07:00:00,29.5,2.5,163.55
2023-08-25 08:00:00,34.25,3.0,161.775
2023-08-25 09:00:00,34.75,3.0,164.4
2023-08-25 10:00:00,37.0,2.825,163.925
2023-08-25 11:00:00,44.0,2.65,163.8
2023-08-25 12:00:00,39.0,2.65,167.525
2023-08-25 13:00:00,39.75,1.875,151.2
2023-08-25 14:00:00,34.25,2.2,162.975
2023-08-25 15:00:00,40.5,1.5,150.85
2023-08-25 16:00:00,52.75,1.15,151.325
2023-08-25 17:00:00,63.0,0.975,152.925
2023-08-25 18:00:00,50.75,0.8,157.875
2023-08-25 19:00:00,50.0,0.55,151.425
2023-08-25 20:00:00,48.75,0.325,113.775
2023-08-25 21:00:00,44.75,0.3,86.75
2023-08-25 22:00:00,47.0,0.325,103.975
2023-08-25 23:00:00,57.5,0.675,152.625
2023-08-26 00:00:00,62.5,1.175,167.475
2023-08-26 01:00:00,62.0,1.1,162.95
2023-08-26 02:00:00,56.5,1.35,157.65
2023-08-26 03:00:00,56.5,1.2000000000000002,148.52499999999998
2023-08-26 04:00:00,51.5,1.325,157.375
2023-08-26 05:00:00,49.25,1.65,161.2
2023-08-26 06:00:00,47.75,1.6,159.975
2023-08-26 07:00:00,49.5,2.25,159.8
2023-08-26 08:00:00,47.75,2.65,160.625
2023-08-26 09:00:00,49.25,2.85,159.05
2023-08-26 10:00:00,62.0,3.35,162.2
2023-08-26 11:00:00,78.0,3.1500000000000004,158.625
2023-08-26 12:00:00,73.25,2.775,162.85
2023-08-26 13:00:00,77.75,2.4,164.45000000000002
2023-08-26 14:00:00,79.75,2.225,161.725
2023-08-26 15:00:00,77.25,1.875,163.6
2023-08-26 16:00:00,68.25,1.725,161.75
2023-08-26 17:00:00,57.5,1.5,159.325
2023-08-26 18:00:00,58.25,1.0,148.25
2023-08-26 19:00:00,56.0,0.975,155.65
2023-08-26 20:00:00,58.0,1.125,159.625
2023-08-26 21:00:00,58.5,0.6,127.875
2023-08-26 22:00:00,43.5,0.8,143.2
2023-08-26 23:00:00,51.5,0.975,158.25
2023-08-27 00:00:00,64.5,0.875,148.825
2023-08-27 01:00:00,73.5,1.05,153.35
2023-08-27 02:00:00,80.0,1.55,154.675
2023-08-27 03:00:00,87.5,1.825,159.825
2023-08-27 04:00:00,91.75,1.325,159.55
2023-08-27 05:00:00,94.5,1.625,160.60000000000002
2023-08-27 06:00:00,104.5,1.4,160.075
2023-08-27 07:00:00,101.0,2.125,159.45
2023-08-27 08:00:00,91.5,2.9,158.55
2023-08-27 09:00:00,80.25,3.15,157.6
2023-08-27 10:00:00,78.5,2.75,158.7
2023-08-27 11:00:00,78.75,3.4,163.8
2023-08-27 12:00:00,75.5,2.975,158.15
2023-08-27 13:00:00,75.0,3.2,159.2
2023-08-27 14:00:00,69.0,3.05,164.875
2023-08-27 15:00:00,70.0,2.675,161.475
2023-08-27 16:00:00,73.0,2.275,163.025
2023-08-27 17:00:00,71.75,1.425,152.325
2023-08-27 18:00:00,66.25,1.075,135.95
2023-08-27 19:00:00,61.5,1.85,162.3
2023-08-27 20:00:00,60.0,2.275,162.8
2023-08-27 21:00:00,46.0,2.125,155.6
2023-08-27 22:00:00,30.25,1.35,152.75
2023-08-27 23:00:00,28.75,0.85,156.1
2023-08-28 00:00:00,31.0,1.25,173.925
2023-08-28 01:00:00,31.0,1.15,156.575
2023-08-28 02:00:00,39.0,1.75,152.725
2023-08-28 03:00:00,72.0,1.675,154.9
2023-08-28 04:00:00,61.0,2.05,159.275
2023-08-28 05:00:00,68.0,1.45,154.825
2023-08-28 06:00:00,63.0,1.575,155.775
2023-08-28 07:00:00,67.0,2.15,156.2
2023-08-28 08:00:00,58.0,2.45,156.025
2023-08-28 09:00:00,53.0,3.025,156.85
2023-08-28 10:00:00,53.0,3.4,163.85
2023-08-28 11:00:00,69.0,3.575,162.75
2023-08-28 12:00:00,68.0,3.275,169.275
2023-08-28 13:00:00,68.0,2.275,165.8
2023-08-28 14:00:00,68.0,2.35,160.825
2023-08-28 15:00:00,79.0,2.3,164.25
2023-08-28 16:00:00,69.0,2.0,159.725
2023-08-28 17:00:00,68.0,1.0,150.15
2023-08-28 18:00:00,61.0,0.55,115.65
2023-08-28 19:00:00,52.0,0.5,107.125
2023-08-28 20:00:00,45.0,0.575,111.725
2023-08-28 21:00:00,45.0,0.675,82.4
2023-08-28 22:00:00,42.0,0.625,120.7
2023-08-28 23:00:00,46.0,0.55,105.425
2023-08-29 00:00:00,50.0,0.6,99.225
2023-08-29 01:00:00,47.0,0.525,121.4
2023-08-29 02:00:00,45.0,0.7,128.3
2023-08-29 03:00:00,52.75,0.95,148.25
2023-08-29 04:00:00,38.75,1.55,162.7
2023-08-29 05:00:00,34.75,1.6749999999999998,160.6
2023-08-29 06:00:00,35.25,2.1,160.0
2023-08-29 07:00:00,40.25,2.625,157.35
2023-08-29 08:00:00,44.0,3.925,162.075
2023-08-29 09:00:00,44.25,3.575,158.925
2023-08-29 10:00:00,45.0,2.7,159.25
2023-08-29 11:00:00,46.5,2.275,160.3
2023-08-29 12:00:00,50.75,2.525,163.475
2023-08-29 13:00:00,51.5,2.525,166.9
2023-08-29 14:00:00,56.25,2.35,166.925
2023-08-29 15:00:00,55.75,1.675,159.55
2023-08-29 16:00:00,51.0,1.75,157.4
2023-08-29 17:00:00,47.5,1.15,149.725
2023-08-29 18:00:00,45.75,0.8,138.575
2023-08-29 19:00:00,42.5,0.45,110.675
2023-08-29 20:00:00,34.0,0.6,81.525
2023-08-29 21:00:00,32.0,0.6,109.175
2023-08-29 22:00:00,36.25,0.6499999999999999,87.075
2023-08-29 23:00:00,40.0,0.6499999999999999,90.5
2023-08-30 00:00:00,38.75,0.6,83.4
2023-08-30 01:00:00,33.0,0.6,95.175
2023-08-30 02:00:00,31.25,0.55,128.275
2023-08-30 03:00:00,43.5,0.8,153.20000000000002
2023-08-30 04:00:00,43.25,1.075,164.7
2023-08-30 05:00:00,45.75,0.95,156.225
2023-08-30 06:00:00,41.75,1.775,162.225
2023-08-30 07:00:00,43.5,2.075,159.35
2023-08-30 08:00:00,52.0,1.875,154.05
2023-08-30 09:00:00,55.0,2.6,158.375
2023-08-30 10:00:00,55.25,3.0,164.29999999999998
2023-08-30 11:00:00,57.25,2.825,162.55
2023-08-30 12:00:00,62.75,3.2,166.675
2023-08-30 13:00:00,66.5,3.225,165.1
2023-08-30 14:00:00,61.25,2.95,171.275
2023-08-30 15:00:00,57.0,2.75,165.5
2023-08-30 16:00:00,52.75,2.25,171.6
2023-08-30 17:00:00,59.0,1.875,174.775
2023-08-30 18:00:00,59.25,0.95,129.05
2023-08-30 19:00:00,48.75,0.6499999999999999,81.85
2023-08-30 20:00:00,42.0,0.75,131.6
2023-08-30 21:00:00,41.25,0.7,87.9
2023-08-30 22:00:00,37.75,0.575,89.95
2023-08-30 23:00:00,33.75,0.675,80.275
2023-08-31 00:00:00,33.25,0.5,118.575
2023-08-31 01:00:00,35.0,0.65,89.15
2023-08-31 02:00:00,38.25,0.55,76.9
2023-08-31 03:00:00,39.5,0.6,137.95
2023-08-31 04:00:00,39.75,0.55,87.075
2023-08-31 05:00:00,34.75,0.6,89.25
2023-08-31 06:00:00,33.5,0.475,126.25
2023-08-31 07:00:00,42.0,1.05,158.20000000000002
2023-08-31 08:00:00,49.75,1.775,156.525
2023-08-31 09:00:00,64.5,1.75,151.775
2023-08-31 10:00:00,65.5,2.0,158.35
2023-08-31 11:00:00,62.5,2.45,166.15
2023-08-31 12:00:00,59.5,2.65,162.1
2023-08-31 13:00:00,65.0,2.825,161.8
2023-08-31 14:00:00,67.0,2.425,171.5
2023-08-31 15:00:00,61.25,2.125,168.5
2023-08-31 16:00:00,55.0,2.175,173.025
2023-08-31 17:00:00,60.25,2.1,168.525
2023-08-31 18:00:00,54.5,1.15,130.4
2023-08-31 19:00:00,41.25,0.4,86.95
2023-08-31 20:00:00,33.25,0.3999999999999999,85.475
2023-08-31 21:00:00,32.5,0.6,82.0
2023-08-31 22:00:00,29.25,0.625,95.45
2023-08-31 23:00:00,32.5,0.6,91.175
2023-09-01 00:00:00,29.5,0.55,92.35
2023-09-01 01:00:00,25.0,0.525,97.05
2023-09-01 02:00:00,27.0,0.475,124.05
2023-09-01 03:00:00,38.75,0.6,144.275
2023-09-01 04:00:00,39.0,0.475,134.5
2023-09-01 05:00:00,34.5,0.675,129.525
2023-09-01 06:00:00,38.75,1.05,162.1
2023-09-01 07:00:00,42.25,1.75,163.6
2023-09-01 08:00:00,55.25,1.9,157.0
2023-09-01 09:00:00,55.0,2.0,154.7
2023-09-01 10:00:00,57.25,2.475,155.45
2023-09-01 11:00:00,68.75,3.025,163.775
2023-09-01 12:00:00,53.5,3.075,168.15
2023-09-01 13:00:00,46.25,2.925,170.15
2023-09-01 14:00:00,45.5,3.425,167.72500000000002
2023-09-01 15:00:00,41.75,3.35,162.675
2023-09-01 16:00:00,45.75,2.6,167.175
2023-09-01 17:00:00,52.0,1.9,173.875
2023-09-01 18:00:00,53.25,1.275,140.525
2023-09-01 19:00:00,43.75,0.5,92.375
2023-09-01 20:00:00,30.5,0.6,94.825
2023-09-01 21:00:00,30.5,0.6,93.05
2023-09-01 22:00:00,35.0,0.6,80.675
2023-09-01 23:00:00,35.75,0.525,82.52499999999999
2023-09-02 00:00:00,35.75,0.6499999999999999,109.1
2023-09-02 01:00:00,29.5,0.775,125.425
2023-09-02 02:00:00,33.5,0.675,132.8
2023-09-02 03:00:00,41.25,0.725,150.925
2023-09-02 04:00:00,43.0,0.85,155.7
2023-09-02 05:00:00,42.25,0.825,152.625
2023-09-02 06:00:00,30.75,1.175,160.7
2023-09-02 07:00:00,34.25,1.775,157.175
2023-09-02 08:00:00,48.5,2.875,158.975
2023-09-02 09:00:00,51.0,3.15,162.45
2023-09-02 10:00:00,45.5,3.675,161.275
2023-09-02 11:00:00,47.25,3.575,164.4
2023-09-02 12:00:00,48.75,3.55,166.725
2023-09-02 13:00:00,50.0,3.6,165.35
2023-09-02 14:00:00,46.75,3.275,164.275
2023-09-02 15:00:00,46.5,2.85,164.65
2023-09-02 16:00:00,49.75,2.825,170.075
2023-09-02 17:00:00,53.0,2.425,167.075
2023-09-02 18:00:00,48.5,1.475,146.725
2023-09-02 19:00:00,49.5,0.35,90.025
2023-09-02 20:00:00,38.0,0.675,88.325
2023-09-02 21:00:00,34.5,0.525,87.22500000000001
2023-09-02 22:00:00,32.5,0.45,88.65
2023-09-02 23:00:00,30.75,0.55,82.725
2023-09-03 00:00:00,28.25,0.475,94.3
2023-09-03 01:00:00,23.0,0.575,103.625
2023-09-03 02:00:00,23.25,0.675,109.975
2023-09-03 03:00:00,24.25,0.7,123.975
2023-09-03 04:00:00,27.25,0.675,127.1
2023-09-03 05:00:00,31.5,0.775,146.875
2023-09-03 06:00:00,25.5,0.875,164.325
2023-09-03 07:00:00,32.5,1.325,159.825
2023-09-03 08:00:00,39.75,2.125,152.55
2023-09-03 09:00:00,38.0,3.1,158.775
2023-09-03 10:00:00,37.25,3.625,160.775
2023-09-03 11:00:00,42.5,3.325,161.425
2023-09-03 12:00:00,37.25,3.375,162.325
2023-09-03 13:00:00,34.75,3.425,162.3
2023-09-03 14:00:00,33.25,3.125,161.45
2023-09-03 15:00:00,34.25,3.5500000000000003,171.67499999999998
2023-09-03 16:00:00,42.75,3.25,168.875
2023-09-03 17:00:00,40.5,2.35,173.675
2023-09-03 18:00:00,45.0,1.25,152.92499999999998
2023-09-03 19:00:00,42.75,0.65,119.65
2023-09-03 20:00:00,35.5,0.55,100.7
2023-09-03 21:00:00,32.5,0.55,119.3
2023-09-03 22:00:00,28.0,0.5,104.0
2023-09-03 23:00:00,28.25,0.6,111.075
2023-09-04 00:00:00,27.5,0.6,92.9
2023-09-04 01:00:00,23.5,0.55,100.175
2023-09-04 02:00:00,25.75,0.575,89.7
2023-09-04 03:00:00,26.75,0.75,104.225
2023-09-04 04:00:00,24.0,0.625,106.5
2023-09-04 05:00:00,26.25,0.8,124.675
2023-09-04 06:00:00,24.0,1.025,158.625
2023-09-04 07:00:00,26.5,1.125,156.95
2023-09-04 08:00:00,36.0,2.275,158.3
2023-09-04 09:00:00,40.5,2.475,157.325
2023-09-04 10:00:00,34.0,2.7,161.25
2023-09-04 11:00:00,28.75,2.775,162.675
2023-09-04 12:00:00,30.5,2.625,173.45
2023-09-04 13:00:00,31.5,2.875,168.35
2023-09-04 14:00:00,38.25,2.525,176.125
2023-09-04 15:00:00,33.25,2.725,170.725
2023-09-04 16:00:00,26.0,2.825,167.5
2023-09-04 17:00:00,28.5,2.525,169.15
2023-09-04 18:00:00,28.75,1.875,169.275
2023-09-04 19:00:00,34.25,0.725,192.7
2023-09-04 20:00:00,35.25,0.6,211.625
2023-09-04 21:00:00,35.75,0.575,182.175
2023-09-04 22:00:00,33.0,0.55,127.775
2023-09-04 23:00:00,27.25,0.4333333333333333,136.05
2023-09-05 00:00:00,26.5,0.475,153.375
2023-09-05 01:00:00,24.25,0.575,156.625
2023-09-05 02:00:00,30.0,0.825,143.05
2023-09-05 03:00:00,27.5,0.525,66.8
2023-09-05 04:00:00,29.5,0.525,124.3
2023-09-05 05:00:00,29.0,0.375,178.875
2023-09-05 06:00:00,22.75,0.25,178.75
2023-09-05 07:00:00,21.25,0.65,127.125
2023-09-05 08:00:00,22.75,0.75,114.9
2023-09-05 09:00:00,32.5,0.35,265.75
2023-09-05 10:00:00,31.25,1.15,294.275
2023-09-05 11:00:00,41.75,1.425,227.9
2023-09-05 12:00:00,41.75,1.9,270.675
2023-09-05 13:00:00,34.0,1.125,205.35
2023-09-05 14:00:00,33.5,1.05,135.04999999999998
2023-09-05 15:00:00,39.5,0.8666666666666667,285.3666666666667
2023-09-05 16:00:00,33.25,0.675,13.7
2023-09-05 17:00:00,27.25,0.7,33.525
2023-09-05 18:00:00,22.0,0.45,61.3
2023-09-05 19:00:00,16.0,0.55,91.7
2023-09-05 20:00:00,24.75,0.55,112.775
2023-09-05 21:00:00,26.75,0.9,121.95
2023-09-05 22:00:00,32.25,0.5,84.675
2023-09-05 23:00:00,25.5,0.775,141.2
2023-09-06 00:00:00,28.75,0.45,122.9
2023-09-06 01:00:00,25.0,0.525,155.325
2023-09-06 02:00:00,24.25,0.575,152.65
2023-09-06 03:00:00,21.5,0.625,134.5
2023-09-06 04:00:00,20.0,0.725,130.275
2023-09-06 05:00:00,25.0,1.275,67.7
2023-09-06 06:00:00,34.0,0.85,56.275
2023-09-06 07:00:00,15.5,0.625,87.525
2023-09-06 08:00:00,17.25,0.725,183.625
2023-09-06 09:00:00,26.25,0.475,127.85
2023-09-06 10:00:00,24.25,0.65,288.325
2023-09-06 11:00:00,24.5,0.975,250.05
2023-09-06 12:00:00,20.75,1.425,159.85
2023-09-06 13:00:00,13.5,1.125,277.925
2023-09-06 14:00:00,12.25,1.05,230.65
2023-09-06 15:00:00,12.5,1.2999999999999998,168.375
2023-09-06 16:00:00,12.25,0.975,70.35
2023-09-06 17:00:00,17.75,0.95,46.325
2023-09-06 18:00:00,23.0,0.7000000000000001,45.825
2023-09-06 19:00:00,21.5,0.425,116.95
2023-09-06 20:00:00,18.5,0.3249999999999999,155.775
2023-09-06 21:00:00,22.0,0.275,190.175
2023-09-06 22:00:00,17.75,0.3,264.55
2023-09-06 23:00:00,13.75,0.425,189.3
2023-09-07 00:00:00,14.666666666666666,0.35,135.4
2023-09-07 01:00:00,17.0,0.475,124.8
2023-09-07 02:00:00,14.5,0.425,127.925
2023-09-07 03:00:00,15.25,0.725,108.05
2023-09-07 04:00:00,12.5,0.5,89.375
2023-09-07 05:00:00,11.25,0.525,117.975
2023-09-07 06:00:00,11.75,0.5,125.1
2023-09-07 07:00:00,12.5,0.625,73.5
2023-09-07 08:00:00,19.5,0.8,106.35
2023-09-07 09:00:00,25.0,1.275,157.325
2023-09-07 10:00:00,21.25,1.375,219.25
2023-09-07 11:00:00,28.25,1.65,202.25
2023-09-07 12:00:00,29.0,1.225,186.575
2023-09-07 13:00:00,27.25,0.675,203.55
2023-09-07 14:00:00,23.25,0.85,153.95
2023-09-07 15:00:00,29.25,0.65,71.575
2023-09-07 16:00:00,38.5,2.3,147.375
2023-09-07 17:00:00,40.25,2.55,163.675
2023-09-07 18:00:00,22.0,1.075,154.275
2023-09-07 19:00:00,18.5,0.675,96.625
2023-09-07 20:00:00,16.75,0.5,118.425
2023-09-07 21:00:00,16.25,0.5,139.625
2023-09-07 22:00:00,17.75,0.55,91.225
2023-09-07 23:00:00,21.0,0.75,87.1
2023-09-08 00:00:00,25.0,0.5,47.625
2023-09-08 01:00:00,28.25,1.3,28.125
2023-09-08 02:00:00,25.75,0.95,12.525
2023-09-08 03:00:00,13.75,0.775,166.05
2023-09-08 04:00:00,6.5,0.85,17.7
2023-09-08 05:00:00,5.25,0.75,22.375
2023-09-08 06:00:00,6.0,0.55,43.325
2023-09-08 07:00:00,6.25,0.475,271.4
2023-09-08 08:00:00,9.75,0.575,298.0
2023-09-08 09:00:00,17.75,0.925,241.5
2023-09-08 10:00:00,16.0,1.325,336.02500000000003
2023-09-08 11:00:00,12.75,1.85,337.375
2023-09-08 12:00:00,13.5,2.1,309.825
2023-09-08 13:00:00,15.25,2.075,299.3
2023-09-08 14:00:00,7.5,1.2,260.075
2023-09-08 15:00:00,9.5,0.8500000000000001,219.0
2023-09-08 16:00:00,11.5,1.0750000000000002,163.4
2023-09-08 17:00:00,13.75,1.725,23.25
2023-09-08 18:00:00,14.25,1.8,33.55
2023-09-08 19:00:00,9.5,1.025,31.675
2023-09-08 20:00:00,11.5,1.55,35.5
2023-09-08 21:00:00,11.5,1.125,9.725
2023-09-08 22:00:00,6.5,0.825,98.075
2023-09-08 23:00:00,5.25,0.675,264.575
2023-09-09 00:00:00,6.0,1.1,101.85
2023-09-09 01:00:00,6.25,0.875,186.775
2023-09-09 02:00:00,7.0,1.0,85.97500000000001
2023-09-09 03:00:00,7.25,0.975,296.0
2023-09-09 04:00:00,7.5,0.825,307.175
2023-09-09 05:00:00,5.25,0.925,270.75
2023-09-09 06:00:00,4.25,0.65,291.075
2023-09-09 07:00:00,8.0,0.475,304.3
2023-09-09 08:00:00,7.25,0.725,300.725
2023-09-09 09:00:00,5.0,1.25,280.95
2023-09-09 10:00:00,6.0,1.25,339.475
2023-09-09 11:00:00,8.75,1.5,264.125
2023-09-09 12:00:00,7.25,1.425,345.125
2023-09-09 13:00:00,4.0,1.475,181.45
2023-09-09 14:00:00,2.5,1.175,296.0
2023-09-09 15:00:00,7.5,0.875,283.775
2023-09-09 16:00:00,8.5,0.8,292.3
2023-09-09 17:00:00,6.75,1.125,303.8
2023-09-09 18:00:00,6.25,0.5,227.425
2023-09-09 19:00:00,7.0,0.675,345.725
2023-09-09 20:00:00,7.0,1.05,289.525
2023-09-09 21:00:00,6.5,1.125,277.85
2023-09-09 22:00:00,4.25,1.125,262.125
2023-09-09 23:00:00,1.75,1.175,262.025
2023-09-10 00:00:00,1.25,0.95,245.525
2023-09-10 01:00:00,2.25,1.1,231.2
2023-09-10 02:00:00,2.5,1.25,247.675
2023-09-10 03:00:00,1.0,0.75,266.625
2023-09-10 04:00:00,1.0,1.0,252.875
2023-09-10 05:00:00,1.25,1.4,248.1
2023-09-10 06:00:00,2.0,1.1,258.975
2023-09-10 07:00:00,3.0,0.825,225.525
2023-09-10 08:00:00,4.5,0.8,271.15
2023-09-10 09:00:00,8.5,1.075,290.2
2023-09-10 10:00:00,6.0,1.4,238.625
2023-09-10 11:00:00,3.0,1.175,271.5
2023-09-10 12:00:00,3.5,1.475,272.15
2023-09-10 13:00:00,5.0,1.375,251.975
2023-09-10 14:00:00,5.0,1.3,265.0
2023-09-10 15:00:00,4.25,1.275,265.55
2023-09-10 16:00:00,1.75,1.475,267.6
2023-09-10 17:00:00,1.0,1.175,262.1
2023-09-10 18:00:00,1.5,0.85,281.85
2023-09-10 19:00:00,3.0,1.05,285.625
2023-09-10 20:00:00,3.5,0.975,283.025
2023-09-10 21:00:00,5.5,0.85,271.425
2023-09-10 22:00:00,7.0,0.575,300.2
2023-09-10 23:00:00,6.75,0.8,329.825
2023-09-11 00:00:00,5.75,0.8,315.65
2023-09-11 01:00:00,4.25,0.8,286.5
2023-09-11 02:00:00,3.75,0.925,279.15
2023-09-11 03:00:00,9.5,0.8250000000000001,308.7
2023-09-11 04:00:00,10.0,0.4,302.675
2023-09-11 05:00:00,7.0,0.6499999999999999,310.45
2023-09-11 06:00:00,7.0,0.5,172.8
2023-09-11 07:00:00,6.75,0.6,169.125
2023-09-11 08:00:00,6.75,0.35,284.575
2023-09-11 09:00:00,10.0,0.725,286.54999999999995
2023-09-11 10:00:00,14.0,0.575,288.85
2023-09-11 11:00:00,17.0,0.6499999999999999,204.65555555555557
2023-09-11 12:00:00,39.0,0.725,120.46111111111111
2023-09-11 13:00:00,35.0,0.7999999999999999,36.266666666666666
2023-09-11 14:00:00,25.0,1.125,249.3
2023-09-11 15:00:00,24.0,0.8250000000000001,215.8
2023-09-11 16:00:00,13.0,0.8,222.025
2023-09-11 17:00:00,23.0,0.7,141.975
2023-09-11 18:00:00,20.0,0.75,37.65
2023-09-11 19:00:00,29.0,0.425,62.125
2023-09-11 20:00:00,22.0,0.3666666666666667,131.05
2023-09-11 21:00:00,14.0,0.6,103.6
2023-09-11 22:00:00,11.0,0.6499999999999999,86.6
2023-09-11 23:00:00,11.0,0.4,51.275
2023-09-12 00:00:00,16.0,0.525,113.5
2023-09-12 01:00:00,14.0,0.45,68.3
2023-09-12 02:00:00,12.0,0.375,121.35
2023-09-12 03:00:00,9.0,0.55,104.075
2023-09-12 04:00:00,9.0,0.525,119.875
2023-09-12 05:00:00,9.0,0.625,142.85
2023-09-12 06:00:00,11.0,0.45,99.675
2023-09-12 07:00:00,7.0,0.525,158.875
2023-09-12 08:00:00,8.0,0.3,218.5
2023-09-12 09:00:00,18.0,0.375,151.925
2023-09-12 10:00:00,22.0,1.275,163.625
2023-09-12 11:00:00,18.0,1.675,227.825
2023-09-12 12:00:00,18.0,1.825,280.1
2023-09-12 13:00:00,30.5,1.775,280.3
2023-09-12 14:00:00,52.5,1.25,267.95
2023-09-12 15:00:00,52.5,0.725,196.825
2023-09-12 16:00:00,53.75,0.85,126.5
2023-09-12 17:00:00,40.5,0.8500000000000001,51.15
2023-09-12 18:00:00,30.75,0.5,155.25
2023-09-12 19:00:00,34.5,0.55,82.475
2023-09-12 20:00:00,37.75,0.475,152.625
2023-09-12 21:00:00,34.5,0.375,135.32500000000002
2023-09-12 22:00:00,36.75,0.35,115.925
2023-09-12 23:00:00,37.5,0.25,183.025
2023-09-13 00:00:00,33.5,0.4,61.475
2023-09-13 01:00:00,39.25,0.5,65.825
2023-09-13 02:00:00,51.0,0.3,158.775
2023-09-13 03:00:00,45.0,0.4,194.075
2023-09-13 04:00:00,34.75,0.425,211.925
2023-09-13 05:00:00,30.25,0.175,226.2
2023-09-13 06:00:00,28.25,0.55,120.45
2023-09-13 07:00:00,29.0,0.8666666666666667,116.25
2023-09-13 08:00:00,28.5,0.675,40.05
2023-09-13 09:00:00,27.25,0.7,102.525
2023-09-13 10:00:00,27.25,0.925,100.275
2023-09-13 11:00:00,30.5,0.95,70.67500000000001
2023-09-13 12:00:00,47.25,1.225,17.75
2023-09-13 13:00:00,48.5,1.275,256.55
2023-09-13 14:00:00,49.25,1.5,89.45
2023-09-13 15:00:00,44.25,1.35,99.8
2023-09-13 16:00:00,35.75,0.95,37.3
2023-09-13 17:00:00,33.5,0.55,92.775
2023-09-13 18:00:00,31.75,0.6,73.575
2023-09-13 19:00:00,39.75,0.575,113.925
2023-09-13 20:00:00,39.5,0.625,83.975
2023-09-13 21:00:00,42.75,0.625,87.95
2023-09-13 22:00:00,54.25,0.325,101.225
2023-09-13 23:00:00,69.0,0.525,89.025
2023-09-14 00:00:00,58.25,0.375,92.5
2023-09-14 01:00:00,60.5,0.35,154.7
2023-09-14 02:00:00,57.25,0.275,142.75
2023-09-14 03:00:00,58.25,0.375,70.35000000000001
2023-09-14 04:00:00,49.25,0.275,165.475
2023-09-14 05:00:00,45.75,0.45,152.675
2023-09-14 06:00:00,43.0,0.375,95.35
2023-09-14 07:00:00,49.0,0.425,202.975
2023-09-14 08:00:00,61.0,0.8500000000000001,95.025
2023-09-14 09:00:00,64.25,1.175,26.55
2023-09-14 10:00:00,47.0,1.65,163.10000000000002
2023-09-14 11:00:00,46.75,1.75,328.15
2023-09-14 12:00:00,45.0,2.425,320.675
2023-09-14 13:00:00,41.25,2.35,320.4
2023-09-14 14:00:00,39.75,1.4249999999999998,263.6
2023-09-14 15:00:00,42.75,1.175,260.175
2023-09-14 16:00:00,45.0,1.575,108.85
2023-09-14 17:00:00,44.0,0.5,34.2
2023-09-14 18:00:00,40.5,0.5,111.6
2023-09-14 19:00:00,39.5,0.575,94.65
2023-09-14 20:00:00,42.5,0.425,89.525
2023-09-14 21:00:00,47.0,0.4,169.375
2023-09-14 22:00:00,47.75,0.45,99.825
2023-09-14 23:00:00,49.5,0.35,95.85
2023-09-15 00:00:00,48.5,0.25,115.45
2023-09-15 01:00:00,50.25,0.375,91.7
2023-09-15 02:00:00,50.75,0.25,61.45
2023-09-15 03:00:00,50.5,0.2,142.32500000000002
2023-09-15 04:00:00,51.0,0.35,71.05
2023-09-15 05:00:00,46.5,0.75,132.15
2023-09-15 06:00:00,43.0,0.6,112.075
2023-09-15 07:00:00,36.0,2.2,265.55
2023-09-15 08:00:00,5.25,1.375,311.875
2023-09-15 09:00:00,3.75,0.6,184.05
2023-09-15 10:00:00,7.25,1.3,96.125
2023-09-15 11:00:00,10.0,1.375,188.125
2023-09-15 12:00:00,7.5,0.65,249.3
2023-09-15 13:00:00,11.25,0.975,223.125
2023-09-15 14:00:00,20.5,0.825,281.025
2023-09-15 15:00:00,29.25,0.8,88.225
2023-09-15 16:00:00,33.0,0.875,185.725
2023-09-15 17:00:00,29.25,0.425,186.15
2023-09-15 18:00:00,19.5,0.5249999999999999,112.275
2023-09-15 19:00:00,24.25,0.375,105.2
2023-09-15 20:00:00,27.0,0.425,112.525
2023-09-15 21:00:00,31.5,0.3,104.5
2023-09-15 22:00:00,27.5,0.35,81.9
2023-09-15 23:00:00,27.75,0.375,136.35
2023-09-16 00:00:00,25.25,0.45,122.5
2023-09-16 01:00:00,29.0,0.425,173.5
2023-09-16 02:00:00,35.0,0.25,273.05
2023-09-16 03:00:00,36.0,0.55,171.7
2023-09-16 04:00:00,29.0,0.275,165.825
2023-09-16 05:00:00,31.0,0.625,30.975
2023-09-16 06:00:00,24.0,0.725,102.125
2023-09-16 07:00:00,29.0,0.7,99.0
2023-09-16 08:00:00,22.0,1.025,173.89999999999998
2023-09-16 09:00:00,25.0,1.1,268.35
2023-09-16 10:00:00,30.0,1.15,334.725
2023-09-16 11:00:00,22.0,1.25,321.975
2023-09-16 12:00:00,17.0,1.8,264.875
2023-09-16 13:00:00,20.0,1.425,280.45
2023-09-16 14:00:00,20.0,1.65,267.55
2023-09-16 15:00:00,20.0,0.85,168.1
2023-09-16 16:00:00,19.0,0.675,234.025
2023-09-16 17:00:00,11.0,0.575,228.25
2023-09-16 18:00:00,14.0,0.75,181.075
2023-09-16 19:00:00,19.0,0.95,347.75
2023-09-16 20:00:00,16.0,0.6000000000000001,301.65
2023-09-16 21:00:00,12.0,0.425,234.025
2023-09-16 22:00:00,12.0,0.325,195.425
2023-09-16 23:00:00,13.0,0.425,314.925
2023-09-17 00:00:00,16.0,0.525,269.675
2023-09-17 01:00:00,20.0,0.375,180.325
2023-09-17 02:00:00,17.0,0.825,12.75
2023-09-17 03:00:00,19.0,0.75,177.22500000000002
2023-09-17 04:00:00,25.0,1.1,14.225
2023-09-17 05:00:00,27.0,1.15,98.075
2023-09-17 06:00:00,19.0,0.975,9.9
2023-09-17 07:00:00,25.0,1.05,94.5
2023-09-17 08:00:00,25.0,1.25,329.25
2023-09-17 09:00:00,23.0,1.25,319.875
2023-09-17 10:00:00,22.0,1.125,335.42499999999995
2023-09-17 11:00:00,17.0,1.3,313.425
2023-09-17 12:00:00,20.0,1.375,343.925
2023-09-17 13:00:00,9.0,1.375,258.75
2023-09-17 14:00:00,9.0,1.675,98.525
2023-09-17 15:00:00,13.0,1.65,97.275
2023-09-17 16:00:00,11.0,1.425,98.225
2023-09-17 17:00:00,12.0,1.275,15.075
2023-09-17 18:00:00,14.0,1.15,14.675
2023-09-17 19:00:00,20.0,1.075,8.575
2023-09-17 20:00:00,24.0,1.4,15.175
2023-09-17 21:00:00,30.0,0.925,23.375
2023-09-17 22:00:00,23.0,1.075,17.7
2023-09-17 23:00:00,12.0,1.525,20.925
2023-09-18 00:00:00,11.0,1.65,20.175
2023-09-18 01:00:00,6.0,1.75,26.625
2023-09-18 02:00:00,1.0,1.025,100.025
2023-09-18 03:00:00,1.0,0.775,185.4
2023-09-18 04:00:00,1.0,0.5,121.05
2023-09-18 05:00:00,1.0,1.1,14.25
2023-09-18 06:00:00,18.0,1.25,13.625
2023-09-18 07:00:00,20.0,1.275,11.175
2023-09-18 08:00:00,22.0,1.55,9.55
2023-09-18 09:00:00,14.0,1.775,17.1
2023-09-18 10:00:00,11.0,2.1,20.5
2023-09-18 11:00:00,7.0,2.15,20.4
2023-09-18 12:00:00,11.333333333333334,2.4,14.5
2023-09-18 13:00:00,2.0,1.7,18.3
2023-09-18 14:00:00,1.75,1.75,21.075
2023-09-18 15:00:00,1.0,1.9,23.275
2023-09-18 16:00:00,5.0,1.2,9.4
2023-09-18 17:00:00,5.0,1.275,29.1
2023-09-18 18:00:00,14.5,0.6499999999999999,105.325
2023-09-18 19:00:00,24.0,0.775,14.175
2023-09-18 20:00:00,23.5,1.2,21.15
2023-09-18 21:00:00,20.75,1.275,20.875
2023-09-18 22:00:00,18.5,1.0,17.675
2023-09-18 23:00:00,20.25,1.2,11.8
2023-09-19 00:00:00,11.75,1.1,19.05
2023-09-19 01:00:00,12.25,0.875,17.775
2023-09-19 02:00:00,16.5,0.875,12.6
2023-09-19 03:00:00,17.5,0.475,104.5
2023-09-19 04:00:00,17.75,0.7,9.35
2023-09-19 05:00:00,22.75,0.7,95.575
2023-09-19 06:00:00,22.5,0.625,178.60000000000002
2023-09-19 07:00:00,24.0,1.3,36.325
2023-09-19 08:00:00,25.5,1.225,35.05
2023-09-19 09:00:00,28.0,1.5,43.7
2023-09-19 10:00:00,20.75,1.575,40.025
2023-09-19 11:00:00,17.0,1.775,33.725
2023-09-19 12:00:00,17.25,1.45,32.875
2023-09-19 13:00:00,20.25,1.625,16.075
2023-09-19 14:00:00,26.0,1.75,29.475
2023-09-19 15:00:00,21.75,1.2,44.975
2023-09-19 16:00:00,18.25,1.125,62.825
2023-09-19 17:00:00,20.0,0.525,77.875
2023-09-19 18:00:00,46.25,0.475,84.8
2023-09-19 19:00:00,94.75,0.4,91.85
2023-09-19 20:00:00,32.0,0.25,144.6
2023-09-19 21:00:00,33.75,0.55,121.05
2023-09-19 22:00:00,30.0,0.625,113.075
2023-09-19 23:00:00,29.5,0.6749999999999999,105.8
2023-09-20 00:00:00,27.75,0.425,112.45
2023-09-20 01:00:00,27.5,0.6,98.9
2023-09-20 02:00:00,28.0,0.7,80.15
2023-09-20 03:00:00,26.5,0.6,88.125
2023-09-20 04:00:00,32.0,0.4499999999999999,145.3
2023-09-20 05:00:00,34.75,0.425,180.125
2023-09-20 06:00:00,33.75,0.525,110.725
2023-09-20 07:00:00,35.25,0.75,77.575
2023-09-20 08:00:00,41.75,0.775,39.225
2023-09-20 09:00:00,36.75,1.175,32.375
2023-09-20 10:00:00,22.25,0.9,204.775
2023-09-20 11:00:00,16.75,1.05,312.625
2023-09-20 12:00:00,17.5,1.6,157.125
2023-09-20 13:00:00,22.0,0.5,208.4
2023-09-20 14:00:00,18.0,1.4,182.1
2023-09-20 15:00:00,19.0,1.1,166.05
2023-09-20 16:00:00,22.0,0.8,137.125
2023-09-20 17:00:00,23.0,0.55,83.925
2023-09-20 18:00:00,25.0,0.55,108.825
2023-09-20 19:00:00,42.0,0.45,120.025
2023-09-20 20:00:00,25.0,0.5249999999999999,114.575
2023-09-20 21:00:00,31.0,0.7,107.9
2023-09-20 22:00:00,42.0,0.75,79.875
2023-09-20 23:00:00,47.0,0.45,101.475
2023-09-21 00:00:00,53.0,0.725,87.35
2023-09-21 01:00:00,56.0,0.4,56.675
2023-09-21 02:00:00,55.0,0.375,132.225
2023-09-21 03:00:00,58.0,0.425,64.25
2023-09-21 04:00:00,53.0,0.35,258.725
2023-09-21 05:00:00,50.0,0.35,252.6
2023-09-21 06:00:00,40.0,0.375,158.25
2023-09-21 07:00:00,40.0,0.525,115.15
2023-09-21 08:00:00,35.0,0.775,129.675
2023-09-21 09:00:00,38.0,1.6,170.275
2023-09-21 10:00:00,28.0,1.75,172.925
2023-09-21 11:00:00,27.0,1.65,173.125
2023-09-21 12:00:00,28.0,1.925,176.525
2023-09-21 13:00:00,22.0,1.775,191.15
2023-09-21 14:00:00,24.0,1.475,188.625
2023-09-21 15:00:00,27.0,1.75,211.125
2023-09-21 16:00:00,31.0,1.225,134.9
2023-09-21 17:00:00,38.0,1.1,75.625
2023-09-21 18:00:00,24.0,0.675,109.675
2023-09-21 19:00:00,31.0,0.475,142.925
2023-09-21 20:00:00,18.0,0.375,114.175
2023-09-21 21:00:00,31.0,0.425,96.775
2023-09-21 22:00:00,24.0,0.75,146.175
2023-09-21 23:00:00,18.0,0.825,138.55
2023-09-22 00:00:00,19.0,0.5,78.175
2023-09-22 01:00:00,25.0,0.6,152.525
2023-09-22 02:00:00,30.0,0.875,133.8
2023-09-22 03:00:00,33.0,0.625,159.05
2023-09-22 04:00:00,28.0,0.675,146.575
2023-09-22 05:00:00,30.0,0.9,153.65
2023-09-22 06:00:00,29.0,0.725,137.1
2023-09-22 07:00:00,33.0,0.375,184.025
2023-09-22 08:00:00,46.0,1.025,250.825
2023-09-22 09:00:00,66.0,0.825,264.975
2023-09-22 10:00:00,52.0,0.95,241.55
2023-09-22 11:00:00,53.0,1.35,195.4
2023-09-22 12:00:00,45.0,1.2,215.675
2023-09-22 13:00:00,39.0,2.55,225.25
2023-09-22 14:00:00,35.0,1.5,242.25
2023-09-22 15:00:00,36.0,1.625,209.2
2023-09-22 16:00:00,40.0,0.65,165.625
2023-09-22 17:00:00,35.0,0.4,105.975
2023-09-22 18:00:00,67.0,0.525,100.475
2023-09-22 19:00:00,64.0,0.375,58.2
2023-09-22 20:00:00,66.0,0.3999999999999999,149.95
2023-09-22 21:00:00,77.0,0.475,84.15
2023-09-22 22:00:00,80.0,0.525,69.65
2023-09-22 23:00:00,73.0,0.525,50.15
2023-09-23 00:00:00,53.0,0.7,114.975
2023-09-23 01:00:00,48.0,0.2,108.375
2023-09-23 02:00:00,48.0,0.35,184.05
2023-09-23 03:00:00,59.0,0.6749999999999999,54.05
2023-09-23 04:00:00,55.0,0.6,30.175
2023-09-23 05:00:00,59.0,1.025,39.375
2023-09-23 06:00:00,52.0,0.975,36.275
2023-09-23 07:00:00,42.0,1.275,51.075
2023-09-23 08:00:00,48.0,1.05,53.0
2023-09-23 09:00:00,34.0,1.25,53.35
2023-09-23 10:00:00,33.0,1.075,67.075
2023-09-23 11:00:00,30.0,1.05,55.5
2023-09-23 12:00:00,39.0,2.275,140.525
2023-09-23 13:00:00,41.0,2.125,225.825
2023-09-23 14:00:00,9.0,0.625,117.55
2023-09-23 15:00:00,8.0,0.65,114.0
2023-09-23 16:00:00,11.0,0.6,110.4
2023-09-23 17:00:00,20.0,0.725,112.85
2023-09-23 18:00:00,27.0,0.65,74.525
2023-09-23 19:00:00,31.0,0.375,100.075
2023-09-23 20:00:00,36.0,0.55,153.425
2023-09-23 21:00:00,39.0,0.425,132.35
2023-09-23 22:00:00,45.0,0.625,96.7
2023-09-23 23:00:00,45.0,0.525,126.675
2023-09-24 00:00:00,48.0,0.35,179.65
2023-09-24 01:00:00,46.0,0.4,197.725
2023-09-24 02:00:00,48.0,0.45,121.35
2023-09-24 03:00:00,46.0,0.325,178.875
2023-09-24 04:00:00,42.0,0.275,96.8
2023-09-24 05:00:00,40.0,0.25,73.275
2023-09-24 06:00:00,42.0,0.45,168.75
2023-09-24 07:00:00,46.0,0.575,97.45
2023-09-24 08:00:00,74.0,1.275,42.15
2023-09-24 09:00:00,83.0,1.15,54.275
2023-09-24 10:00:00,80.0,0.75,149.25
2023-09-24 11:00:00,59.0,1.4249999999999998,166.925
2023-09-24 12:00:00,50.0,1.4,166.55
2023-09-24 13:00:00,47.0,1.9,188.55
2023-09-24 14:00:00,46.0,1.6749999999999998,173.425
2023-09-24 15:00:00,34.0,3.05,188.675
2023-09-24 16:00:00,51.0,1.575,203.575
2023-09-24 17:00:00,29.0,0.6,207.1
2023-09-24 18:00:00,25.0,0.475,111.125
2023-09-24 19:00:00,28.0,0.425,183.125
2023-09-24 20:00:00,42.0,0.85,151.175
2023-09-24 21:00:00,34.0,0.475,113.55
2023-09-24 22:00:00,36.0,0.4,100.45
2023-09-24 23:00:00,34.0,0.6,99.375
2023-09-25 00:00:00,35.0,0.6,122.75
2023-09-25 01:00:00,36.0,0.6,118.675
2023-09-25 02:00:00,45.0,0.4499999999999999,165.22500000000002
2023-09-25 03:00:00,44.0,0.55,115.025
2023-09-25 04:00:00,50.0,0.475,123.0
2023-09-25 05:00:00,51.0,0.625,113.1
2023-09-25 06:00:00,47.0,0.55,103.55
2023-09-25 07:00:00,51.0,0.5,61.35
2023-09-25 08:00:00,52.0,0.675,338.925
2023-09-25 09:00:00,74.0,0.7,72.475
2023-09-25 10:00:00,78.0,1.425,267.6
2023-09-25 11:00:00,53.0,1.35,153.55
2023-09-25 12:00:00,46.0,1.65,144.55
2023-09-25 13:00:00,47.0,1.6749999999999998,229.5
2023-09-25 14:00:00,52.0,1.0,230.925
2023-09-25 15:00:00,46.0,1.0,229.55
2023-09-25 16:00:00,63.0,0.4,141.35
2023-09-25 17:00:00,70.0,0.6749999999999999,101.725
2023-09-25 18:00:00,78.0,0.6,128.15
2023-09-25 19:00:00,68.0,0.625,114.9
2023-09-25 20:00:00,58.0,0.725,139.375
2023-09-25 21:00:00,57.0,0.7,110.1
2023-09-25 22:00:00,52.0,0.6,114.325
2023-09-25 23:00:00,53.0,0.525,119.375
2023-09-26 00:00:00,51.0,0.6,125.55
2023-09-26 01:00:00,53.0,0.625,113.875
2023-09-26 02:00:00,61.0,0.6499999999999999,111.125
2023-09-26 03:00:00,58.0,0.6,115.2
2023-09-26 04:00:00,47.0,0.6,129.5
2023-09-26 05:00:00,48.0,0.625,115.4
2023-09-26 06:00:00,47.0,0.65,137.1
2023-09-26 07:00:00,46.0,0.575,161.7
2023-09-26 08:00:00,58.0,0.75,292.125
2023-09-26 09:00:00,95.0,0.65,290.125
2023-09-26 10:00:00,92.0,0.8250000000000001,223.45
2023-09-26 11:00:00,83.0,1.05,187.075
2023-09-26 12:00:00,56.0,2.325,237.825
2023-09-26 13:00:00,64.0,2.0,206.15
2023-09-26 14:00:00,57.0,1.725,209.925
2023-09-26 15:00:00,53.0,1.1,219.225
2023-09-26 16:00:00,59.0,1.3,204.175
2023-09-26 17:00:00,59.0,0.8999999999999999,171.05
2023-09-26 18:00:00,59.0,0.825,165.925
2023-09-26 19:00:00,52.0,1.025,147.325
2023-09-26 20:00:00,56.0,0.575,92.175
2023-09-26 21:00:00,55.0,0.55,105.325
2023-09-26 22:00:00,58.0,0.625,108.0
2023-09-26 23:00:00,56.0,0.625,101.625
2023-09-27 00:00:00,53.0,0.575,107.075
2023-09-27 01:00:00,50.0,0.575,119.4
2023-09-27 02:00:00,42.0,0.6,105.1
2023-09-27 03:00:00,38.0,0.625,105.275
2023-09-27 04:00:00,31.0,0.675,127.675
2023-09-27 05:00:00,34.0,0.625,135.775
2023-09-27 06:00:00,30.0,0.65,132.175
2023-09-27 07:00:00,31.0,0.85,152.025
2023-09-27 08:00:00,38.0,1.525,180.175
2023-09-27 09:00:00,55.0,1.975,168.6
2023-09-27 10:00:00,47.0,1.95,174.175
2023-09-27 11:00:00,39.0,2.275,177.9
2023-09-27 12:00:00,36.0,2.1,187.0
2023-09-27 13:00:00,41.0,2.175,195.75
2023-09-27 14:00:00,42.0,2.4,178.975
2023-09-27 15:00:00,44.0,2.25,178.775
2023-09-27 16:00:00,42.0,1.875,179.75
2023-09-27 17:00:00,44.0,1.0,150.3
2023-09-27 18:00:00,38.0,0.475,89.65
2023-09-27 19:00:00,34.0,0.675,109.95
2023-09-27 20:00:00,33.0,0.725,106.875
2023-09-27 21:00:00,33.0,0.575,101.475
2023-09-27 22:00:00,35.0,0.675,113.9
2023-09-27 23:00:00,31.0,0.775,141.1
2023-09-28 00:00:00,33.0,0.725,128.725
2023-09-28 01:00:00,35.0,0.6,102.9
2023-09-28 02:00:00,33.0,0.625,105.475
2023-09-28 03:00:00,33.0,0.625,126.2
2023-09-28 04:00:00,33.0,0.575,174.825
2023-09-28 05:00:00,41.0,0.475,146.75
2023-09-28 06:00:00,47.0,0.575,178.975
2023-09-28 07:00:00,58.0,1.0,192.05
2023-09-28 08:00:00,61.0,1.725,175.97500000000002
2023-09-28 09:00:00,63.0,1.725,183.9
2023-09-28 10:00:00,64.0,1.55,190.275
2023-09-28 11:00:00,63.0,1.625,175.95
2023-09-28 12:00:00,55.0,1.975,185.225
2023-09-28 13:00:00,53.0,1.75,192.4
2023-09-28 14:00:00,53.0,1.875,184.2
2023-09-28 15:00:00,55.0,1.425,174.425
2023-09-28 16:00:00,50.0,1.275,161.1
2023-09-28 17:00:00,46.0,0.775,147.975
2023-09-28 18:00:00,39.0,0.55,97.4
2023-09-28 19:00:00,33.0,0.6,102.75
2023-09-28 20:00:00,42.0,0.7,99.575
2023-09-28 21:00:00,41.0,0.6749999999999999,97.4
2023-09-28 22:00:00,38.0,0.6499999999999999,118.95
2023-09-28 23:00:00,42.0,0.6749999999999999,101.375
2023-09-29 00:00:00,46.0,0.7,97.275
2023-09-29 01:00:00,45.0,0.55,104.625
2023-09-29 02:00:00,47.0,0.525,91.975
2023-09-29 03:00:00,39.0,0.6499999999999999,104.225
2023-09-29 04:00:00,40.0,0.45,91.175
2023-09-29 05:00:00,41.0,0.6,116.0
2023-09-29 06:00:00,51.0,0.6749999999999999,132.375
2023-09-29 07:00:00,57.0,0.925,174.375
2023-09-29 08:00:00,72.0,1.325,169.65
2023-09-29 09:00:00,85.0,0.825,160.375
2023-09-29 10:00:00,85.0,1.15,201.4
2023-09-29 11:00:00,64.0,1.8,237.025
2023-09-29 12:00:00,59.0,1.975,226.45
2023-09-29 13:00:00,61.0,1.775,218.95
2023-09-29 14:00:00,61.0,1.85,185.125
2023-09-29 15:00:00,58.0,1.575,187.45
2023-09-29 16:00:00,57.0,0.825,165.575
2023-09-29 17:00:00,51.0,0.6,95.95
2023-09-29 18:00:00,56.0,0.6499999999999999,110.175
2023-09-29 19:00:00,53.0,0.625,98.225
2023-09-29 20:00:00,56.0,0.6499999999999999,107.55
2023-09-29 21:00:00,58.0,0.7,116.45
2023-09-29 22:00:00,69.0,0.7,99.0
2023-09-29 23:00:00,72.0,0.6749999999999999,112.05
2023-09-30 00:00:00,69.0,0.6749999999999999,99.6
2023-09-30 01:00:00,53.0,0.7,109.875
2023-09-30 02:00:00,52.0,0.55,98.475
2023-09-30 03:00:00,46.0,0.6499999999999999,120.55
2023-09-30 04:00:00,46.0,0.6,103.05
2023-09-30 05:00:00,44.0,0.6,131.4
2023-09-30 06:00:00,50.0,0.6,117.75
2023-09-30 07:00:00,48.0,0.85,157.8
2023-09-30 08:00:00,55.0,1.825,173.05
2023-09-30 09:00:00,101.0,2.025,173.35
2023-09-30 10:00:00,97.0,1.975,180.375
2023-09-30 11:00:00,83.0,2.175,173.475
2023-09-30 12:00:00,67.0,1.85,212.15
2023-09-30 13:00:00,52.0,2.1,205.5
2023-09-30 14:00:00,42.0,2.2,204.25
2023-09-30 15:00:00,36.0,2.275,194.275
2023-09-30 16:00:00,29.0,2.075,186.725
2023-09-30 17:00:00,39.0,2.1,177.4
2023-09-30 18:00:00,40.0,1.25,161.825
2023-09-30 19:00:00,38.0,1.05,156.325
2023-09-30 20:00:00,40.0,0.9,149.9
2023-09-30 21:00:00,47.0,0.575,98.675
2023-09-30 22:00:00,48.0,0.55,113.9
2023-09-30 23:00:00,41.0,1.3,168.10000000000002
2023-10-01 00:00:00,46.0,0.6499999999999999,99.225
2023-10-01 01:00:00,46.0,0.625,90.525
2023-10-01 02:00:00,44.0,0.6499999999999999,102.975
2023-10-01 03:00:00,41.0,0.675,110.475
2023-10-01 04:00:00,42.0,0.75,109.875
2023-10-01 05:00:00,42.0,0.625,112.2
2023-10-01 06:00:00,42.0,1.225,165.325
2023-10-01 07:00:00,53.0,0.775,159.8
2023-10-01 08:00:00,68.0,1.175,197.375
2023-10-01 09:00:00,81.0,1.25,220.775
2023-10-01 10:00:00,83.0,0.975,244.075
2023-10-01 11:00:00,66.0,1.5,210.95
2023-10-01 12:00:00,64.0,2.1,227.05
2023-10-01 13:00:00,50.0,2.3000000000000003,195.575
2023-10-01 14:00:00,51.0,2.225,190.425
2023-10-01 15:00:00,69.0,1.875,184.7
2023-10-01 16:00:00,42.0,2.0250000000000004,174.925
2023-10-01 17:00:00,40.0,1.725,169.0
2023-10-01 18:00:00,45.0,0.825,118.45
2023-10-01 19:00:00,46.0,0.625,102.475
2023-10-01 20:00:00,44.0,0.725,106.9
2023-10-01 21:00:00,50.0,0.675,97.875
2023-10-01 22:00:00,53.0,0.75,123.4
2023-10-01 23:00:00,53.0,0.675,103.9
2023-10-02 00:00:00,44.0,0.625,115.5
2023-10-02 01:00:00,48.0,0.5,107.075
2023-10-02 02:00:00,44.0,0.65,98.975
2023-10-02 03:00:00,35.0,0.675,108.175
2023-10-02 04:00:00,35.0,0.6499999999999999,108.45
2023-10-02 05:00:00,44.0,0.6,113.75
2023-10-02 06:00:00,44.0,0.75,137.325
2023-10-02 07:00:00,51.0,0.8,161.7
2023-10-02 08:00:00,63.0,1.95,177.925
2023-10-02 09:00:00,74.0,2.2,177.275
2023-10-02 10:00:00,88.0,1.925,183.575
2023-10-02 11:00:00,99.0,1.725,200.725
2023-10-02 12:00:00,69.0,1.975,202.8
2023-10-02 13:00:00,47.0,1.85,197.2
2023-10-02 14:00:00,47.0,2.075,191.675
2023-10-02 15:00:00,45.0,2.1,180.1
2023-10-02 16:00:00,32.0,2.35,173.575
2023-10-02 17:00:00,28.25,1.0,130.85
2023-10-02 18:00:00,28.75,1.15,101.8
2023-10-02 19:00:00,28.0,0.75,97.075
2023-10-02 20:00:00,28.0,0.775,121.875
2023-10-02 21:00:00,30.0,0.775,105.5
2023-10-02 22:00:00,42.0,0.775,92.725
2023-10-02 23:00:00,42.0,0.8,101.55
2023-10-03 00:00:00,46.0,0.725,96.35
2023-10-03 01:00:00,45.0,0.75,102.55
2023-10-03 02:00:00,50.0,0.625,85.325
2023-10-03 03:00:00,45.0,0.8500000000000001,108.475
2023-10-03 04:00:00,39.0,0.525,107.05
2023-10-03 05:00:00,55.0,0.5,96.3
2023-10-03 06:00:00,46.0,0.775,122.45
2023-10-03 07:00:00,53.0,0.8999999999999999,150.975
2023-10-03 08:00:00,50.0,1.925,172.625
2023-10-03 09:00:00,59.0,2.275,170.8
2023-10-03 10:00:00,53.0,3.0,175.3
2023-10-03 11:00:00,51.0,2.875,176.125
2023-10-03 12:00:00,45.0,2.75,184.1
2023-10-03 13:00:00,47.0,3.05,186.35
2023-10-03 14:00:00,40.0,3.075,183.05
2023-10-03 15:00:00,33.0,3.2750000000000004,179.525
2023-10-03 16:00:00,30.0,2.95,180.875
2023-10-03 17:00:00,35.0,2.45,175.95
2023-10-03 18:00:00,40.0,0.725,113.575
2023-10-03 19:00:00,36.0,0.625,89.1
2023-10-03 20:00:00,41.0,0.6499999999999999,94.9
2023-10-03 21:00:00,41.0,0.775,90.825
2023-10-03 22:00:00,56.0,0.7,96.1
2023-10-03 23:00:00,50.0,0.725,98.05
2023-10-04 00:00:00,52.0,0.6749999999999999,92.375
2023-10-04 01:00:00,50.0,0.7,102.8
2023-10-04 02:00:00,48.0,0.75,96.85
2023-10-04 03:00:00,52.0,0.7,103.525
2023-10-04 04:00:00,53.0,0.85,138.375
2023-10-04 05:00:00,59.0,0.7,116.575
2023-10-04 06:00:00,64.0,0.875,140.575
2023-10-04 07:00:00,59.0,1.65,174.875
2023-10-04 08:00:00,62.0,2.2,172.20000000000002
2023-10-04 09:00:00,77.0,2.5,173.575
2023-10-04 10:00:00,72.0,2.975,174.625
2023-10-04 11:00:00,83.0,3.1,181.925
2023-10-04 12:00:00,67.0,3.075,187.1
2023-10-04 13:00:00,50.0,2.575,200.6
2023-10-04 14:00:00,44.0,2.775,199.025
2023-10-04 15:00:00,33.0,2.325,211.8
2023-10-04 16:00:00,39.0,2.15,201.375
2023-10-04 17:00:00,40.0,1.8,169.225
2023-10-04 18:00:00,41.0,1.025,134.4
2023-10-04 19:00:00,36.0,0.625,82.425
2023-10-04 20:00:00,41.0,0.6,89.875
2023-10-04 21:00:00,45.0,0.625,85.85
2023-10-04 22:00:00,55.0,0.575,113.4
2023-10-04 23:00:00,73.0,0.775,93.75
2023-10-05 00:00:00,128.0,0.625,103.9
2023-10-05 01:00:00,132.0,0.45,99.5
2023-10-05 02:00:00,64.0,0.55,111.9
2023-10-05 03:00:00,62.0,0.7,110.65
2023-10-05 04:00:00,64.0,0.6,105.225
2023-10-05 05:00:00,64.0,0.775,149.875
2023-10-05 06:00:00,62.0,0.8,158.225
2023-10-05 07:00:00,58.0,0.95,165.075
2023-10-05 08:00:00,55.0,1.675,174.4
2023-10-05 09:00:00,73.0,2.7,172.25
2023-10-05 10:00:00,61.0,2.35,175.825
2023-10-05 11:00:00,75.0,2.25,185.425
2023-10-05 12:00:00,84.0,2.325,185.475
2023-10-05 13:00:00,85.0,2.6,181.525
2023-10-05 14:00:00,70.0,2.225,186.9
2023-10-05 15:00:00,72.0,2.525,176.85
2023-10-05 16:00:00,52.0,1.825,176.75
2023-10-05 17:00:00,47.0,1.05,139.45
2023-10-05 18:00:00,63.0,0.7,92.575
2023-10-05 19:00:00,50.0,0.6499999999999999,93.125
2023-10-05 20:00:00,53.333333333333336,0.625,104.775
2023-10-05 21:00:00,60.5,0.6,72.275
2023-10-05 22:00:00,77.25,0.8,93.825
2023-10-05 23:00:00,98.5,0.65,104.55
2023-10-06 00:00:00,80.0,0.6749999999999999,123.4
2023-10-06 01:00:00,83.0,0.575,91.125
2023-10-06 02:00:00,82.5,0.55,132.3
2023-10-06 03:00:00,84.25,0.6749999999999999,116.975
2023-10-06 04:00:00,95.5,0.525,145.225
2023-10-06 05:00:00,97.0,0.55,152.675
2023-10-06 06:00:00,85.25,0.65,171.75
2023-10-06 07:00:00,77.5,0.375,99.8
2023-10-06 08:00:00,83.25,1.125,155.875
2023-10-06 09:00:00,86.25,2.425,171.425
2023-10-06 10:00:00,54.0,2.475,177.5
2023-10-06 11:00:00,45.0,2.1,180.225
2023-10-06 12:00:00,34.0,1.95,181.5
2023-10-06 13:00:00,40.0,2.1750000000000003,187.75
2023-10-06 14:00:00,39.0,2.025,181.425
2023-10-06 15:00:00,47.0,1.55,191.15
2023-10-06 16:00:00,42.0,1.475,176.0
2023-10-06 17:00:00,36.0,0.425,88.4
2023-10-06 18:00:00,42.0,0.6749999999999999,96.8
2023-10-06 19:00:00,38.0,0.7,89.675
2023-10-06 20:00:00,39.0,0.725,104.175
2023-10-06 21:00:00,55.0,0.7,111.1
2023-10-06 22:00:00,59.0,0.725,109.625
2023-10-06 23:00:00,67.0,0.75,107.9
2023-10-07 00:00:00,73.0,0.7,107.75
2023-10-07 01:00:00,70.0,0.7,126.7
2023-10-07 02:00:00,90.0,0.65,118.5
2023-10-07 03:00:00,89.0,0.7,104.2
2023-10-07 04:00:00,81.0,0.45,81.47500000000001
2023-10-07 05:00:00,95.0,0.375,101.3
2023-10-07 06:00:00,101.0,0.9,162.525
2023-10-07 07:00:00,77.0,0.675,141.075
2023-10-07 08:00:00,69.0,2.2,171.275
2023-10-07 09:00:00,36.0,2.75,172.8
2023-10-07 10:00:00,34.0,2.925,175.875
2023-10-07 11:00:00,31.0,2.4000000000000004,175.125
2023-10-07 12:00:00,35.0,2.15,177.125
2023-10-07 13:00:00,34.0,1.975,187.0
2023-10-07 14:00:00,35.0,2.625,177.5
2023-10-07 15:00:00,25.0,2.325,172.75
2023-10-07 16:00:00,34.0,1.325,171.925
2023-10-07 17:00:00,39.0,0.475,80.475
2023-10-07 18:00:00,39.0,0.6,91.45
2023-10-07 19:00:00,35.0,0.6,97.75
2023-10-07 20:00:00,38.0,0.675,100.775
2023-10-07 21:00:00,40.0,0.6,119.675
2023-10-07 22:00:00,50.0,0.625,128.925
2023-10-07 23:00:00,56.0,0.6499999999999999,138.925
2023-10-08 00:00:00,63.0,0.5,120.025
2023-10-08 01:00:00,63.0,0.625,94.575
2023-10-08 02:00:00,62.0,0.6749999999999999,118.55
2023-10-08 03:00:00,69.0,0.75,110.25
2023-10-08 04:00:00,61.0,0.725,102.375
2023-10-08 05:00:00,55.0,0.85,138.1
2023-10-08 06:00:00,62.0,1.175,172.85000000000002
2023-10-08 07:00:00,42.0,1.05,160.875
2023-10-08 08:00:00,36.0,1.7,160.75
2023-10-08 09:00:00,30.0,2.375,166.425
2023-10-08 10:00:00,30.0,2.35,164.8
2023-10-08 11:00:00,33.0,1.7000000000000002,158.3
2023-10-08 12:00:00,38.0,1.875,167.575
2023-10-08 13:00:00,37.5,2.05,176.85
2023-10-08 14:00:00,36.0,2.2,180.85
2023-10-08 15:00:00,35.75,1.8,174.7
2023-10-08 16:00:00,38.0,1.6166666666666667,160.31666666666666
2023-10-08 17:00:00,47.25,1.4333333333333333,145.93333333333334
2023-10-08 18:00:00,43.75,1.25,131.55
2023-10-08 19:00:00,28.25,,
2023-10-08 20:00:00,22.0,,
2023-10-08 21:00:00,31.0,0.7,88.4
2023-10-08 22:00:00,42.5,0.575,120.575
2023-10-08 23:00:00,51.25,0.7,97.6
2023-10-09 00:00:00,56.75,0.725,107.55
2023-10-09 01:00:00,62.0,0.75,117.5
2023-10-09 02:00:00,65.75,0.7749999999999999,127.44999999999999
2023-10-09 03:00:00,74.75,,
2023-10-09 04:00:00,65.25,,
2023-10-09 05:00:00,54.0,,
2023-10-09 06:00:00,42.25,0.875,167.25
2023-10-09 07:00:00,34.0,0.8,161.6
2023-10-09 08:00:00,34.5,0.7694444444444445,154.23055555555555
2023-10-09 09:00:00,36.5,0.7388888888888889,146.86111111111111
2023-10-09 10:00:00,38.75,0.7083333333333334,139.49166666666667
2023-10-09 11:00:00,39.75,,
2023-10-09 12:00:00,35.5,,
2023-10-09 13:00:00,36.0,,
2023-10-09 14:00:00,38.333333333333336,,
2023-10-09 15:00:00,30.5,,
2023-10-09 16:00:00,30.25,0.5249999999999999,95.275
2023-10-09 17:00:00,34.5,0.6499999999999999,83.275
2023-10-09 18:00:00,34.25,0.625,114.925
2023-10-09 19:00:00,31.5,0.6499999999999999,88.225
2023-10-09 20:00:00,39.75,0.6,122.2
2023-10-09 21:00:00,43.5,0.775,90.2
2023-10-09 22:00:00,51.5,0.6499999999999999,69.15
2023-10-09 23:00:00,62.5,0.8,87.3
2023-10-10 00:00:00,66.5,0.7,99.725
2023-10-10 01:00:00,75.5,0.525,114.975
2023-10-10 02:00:00,80.0,0.475,150.8
2023-10-10 03:00:00,76.5,0.275,115.875
2023-10-10 04:00:00,59.5,0.675,64.6
2023-10-10 05:00:00,38.25,0.475,108.3
2023-10-10 06:00:00,31.5,0.775,134.025
2023-10-10 07:00:00,26.5,0.525,116.9
2023-10-10 08:00:00,26.0,1.55,166.675
2023-10-10 09:00:00,28.0,1.95,169.8
2023-10-10 10:00:00,26.0,1.9250000000000005,164.475
2023-10-10 11:00:00,30.5,1.575,161.6
2023-10-10 12:00:00,33.25,1.5666666666666669,204.4333333333333
2023-10-10 13:00:00,28.75,1.4125,192.6375
2023-10-10 14:00:00,32.0,1.2583333333333333,180.84166666666664
2023-10-10 15:00:00,34.5,1.1041666666666667,169.04583333333332
2023-10-10 16:00:00,35.75,0.95,157.25
2023-10-10 17:00:00,45.75,0.575,90.525
2023-10-10 18:00:00,49.25,0.6749999999999999,92.15
2023-10-10 19:00:00,46.0,0.725,100.075
2023-10-10 20:00:00,51.75,0.7,99.625
2023-10-10 21:00:00,51.25,0.7,121.2
2023-10-10 22:00:00,53.0,0.75,140.75
2023-10-10 23:00:00,59.5,0.6,95.6
2023-10-11 00:00:00,76.0,0.6499999999999999,105.875
2023-10-11 01:00:00,95.5,0.6,95.85
2023-10-11 02:00:00,103.25,0.625,104.525
2023-10-11 03:00:00,115.5,0.675,115.9
2023-10-11 04:00:00,124.5,0.7,127.125
2023-10-11 05:00:00,128.0,0.6,116.05
2023-10-11 06:00:00,125.5,0.6,148.0
2023-10-11 07:00:00,127.25,0.65,152.325
2023-10-11 08:00:00,116.0,1.775,173.825
2023-10-11 09:00:00,78.75,1.875,168.35
2023-10-11 10:00:00,71.75,2.275,169.8
2023-10-11 11:00:00,57.0,2.1,168.425
2023-10-11 12:00:00,40.5,2.15,175.275
2023-10-11 13:00:00,35.25,2.0625,176.75625
2023-10-11 14:00:00,31.0,1.975,178.2375
2023-10-11 15:00:00,24.75,1.8875,179.71875
2023-10-11 16:00:00,23.75,1.8,181.2
2023-10-11 17:00:00,23.25,1.25,171.15
2023-10-11 18:00:00,23.5,0.725,93.225
2023-10-11 19:00:00,23.5,0.6749999999999999,93.875
2023-10-11 20:00:00,28.25,0.7,99.05
2023-10-11 21:00:00,32.0,0.75,96.75
2023-10-11 22:00:00,44.75,0.725,96.775
2023-10-11 23:00:00,59.5,0.7,96.45
2023-10-12 00:00:00,72.5,0.675,99.85
2023-10-12 01:00:00,83.5,0.75,102.075
2023-10-12 02:00:00,98.75,0.7,98.05
2023-10-12 03:00:00,115.25,0.65,117.5
2023-10-12 04:00:00,127.5,0.75,121.2
2023-10-12 05:00:00,144.5,0.875,124.325
2023-10-12 06:00:00,144.75,0.725,125.35
2023-10-12 07:00:00,140.25,0.575,173.10000000000002
2023-10-12 08:00:00,135.5,0.7250000000000001,158.3
2023-10-12 09:00:00,120.25,0.925,180.425
2023-10-12 10:00:00,84.5,1.475,161.025
2023-10-12 11:00:00,45.5,1.7000000000000002,165.825
2023-10-12 12:00:00,42.0,2.075,184.8
2023-10-12 13:00:00,45.75,1.8562500000000002,186.60000000000002
2023-10-12 14:00:00,48.75,1.6375000000000002,188.4
2023-10-12 15:00:00,50.75,1.41875,190.2
2023-10-12 16:00:00,48.75,1.2,192.0
2023-10-12 17:00:00,45.0,0.5,100.725
2023-10-12 18:00:00,45.0,0.65,98.4
2023-10-12 19:00:00,46.75,0.725,106.925
2023-10-12 20:00:00,53.75,0.7,112.15
2023-10-12 21:00:00,60.75,0.725,90.45
2023-10-12 22:00:00,67.75,0.725,110.575
2023-10-12 23:00:00,73.5,0.625,89.7
2023-10-13 00:00:00,77.0,0.6749999999999999,102.675
2023-10-13 01:00:00,87.25,0.65,114.925
2023-10-13 02:00:00,102.75,0.625,105.25
2023-10-13 03:00:00,116.75,0.6499999999999999,119.775
2023-10-13 04:00:00,135.75,0.625,105.6
2023-10-13 05:00:00,136.25,0.575,114.45
2023-10-13 06:00:00,120.75,0.475,158.02499999999998
2023-10-13 07:00:00,119.0,0.575,110.475
2023-10-13 08:00:00,131.5,0.65,122.6
2023-10-13 09:00:00,149.5,0.9,145.725
2023-10-13 10:00:00,132.5,0.8,137.60000000000002
2023-10-13 11:00:00,92.5,0.95,220.7
2023-10-13 12:00:00,92.25,1.575,185.7
2023-10-13 13:00:00,111.0,1.6229166666666666,181.35
2023-10-13 14:00:00,95.25,1.6708333333333334,177.0
2023-10-13 15:00:00,70.5,1.71875,172.64999999999998
2023-10-13 16:00:00,54.5,1.7666666666666666,168.29999999999998
2023-10-13 17:00:00,45.5,0.575,76.075
2023-10-13 18:00:00,39.5,0.625,93.225
2023-10-13 19:00:00,35.75,0.7,100.675
2023-10-13 20:00:00,43.25,0.675,111.8
2023-10-13 21:00:00,65.0,0.6499999999999999,107.375
2023-10-13 22:00:00,89.25,0.65,94.025
2023-10-13 23:00:00,109.5,0.6,87.6
2023-10-14 00:00:00,119.0,0.4,119.075
2023-10-14 01:00:00,135.5,0.475,136.95
2023-10-14 02:00:00,140.0,0.625,97.225
2023-10-14 03:00:00,139.0,0.6,116.475
2023-10-14 04:00:00,135.0,0.55,120.35
2023-10-14 05:00:00,128.5,0.65,123.975
2023-10-14 06:00:00,119.0,0.5,132.975
2023-10-14 07:00:00,122.75,0.575,126.85
2023-10-14 08:00:00,123.5,0.525,89.4
2023-10-14 09:00:00,117.5,0.925,141.7
2023-10-14 10:00:00,110.0,1.15,174.5
2023-10-14 11:00:00,92.5,1.225,195.7
2023-10-14 12:00:00,62.0,1.6333333333333335,191.63333333333333
2023-10-14 13:00:00,45.5,1.4666666666666668,182.20833333333331
2023-10-14 14:00:00,37.75,1.3000000000000003,172.78333333333333
2023-10-14 15:00:00,28.75,1.1333333333333335,163.35833333333335
2023-10-14 16:00:00,32.75,0.9666666666666668,153.93333333333334
2023-10-14 17:00:00,40.5,0.6,85.925
2023-10-14 18:00:00,46.25,0.6749999999999999,89.05
2023-10-14 19:00:00,42.75,0.7,96.175
2023-10-14 20:00:00,48.5,0.7,92.4
2023-10-14 21:00:00,53.5,0.7,104.8
2023-10-14 22:00:00,68.0,0.625,117.925
2023-10-14 23:00:00,85.0,0.65,125.525
2023-10-15 00:00:00,99.25,0.725,119.95
2023-10-15 01:00:00,97.75,0.625,128.225
2023-10-15 02:00:00,100.75,0.55,99.875
2023-10-15 03:00:00,104.25,0.625,126.4
2023-10-15 04:00:00,107.5,0.675,108.425
2023-10-15 05:00:00,104.5,0.675,115.825
2023-10-15 06:00:00,98.0,0.55,131.0
2023-10-15 07:00:00,92.0,1.05,154.85
2023-10-15 08:00:00,105.0,1.625,205.45
2023-10-15 09:00:00,123.75,2.35,223.075
2023-10-15 10:00:00,54.75,1.8,235.125
2023-10-15 11:00:00,29.75,1.225,244.5
2023-10-15 12:00:00,30.75,0.9,313.875
2023-10-15 13:00:00,36.75,1.975,290.7
2023-10-15 14:00:00,39.5,1.5,281.3
2023-10-15 15:00:00,40.25,1.1166666666666667,180.81666666666666
2023-10-15 16:00:00,38.75,0.7333333333333334,80.33333333333333
2023-10-15 17:00:00,41.0,0.5,107.875
2023-10-15 18:00:00,41.25,0.6499999999999999,94.325
2023-10-15 19:00:00,45.75,0.725,129.32500000000002
2023-10-15 20:00:00,55.5,0.7,104.625
2023-10-15 21:00:00,53.75,0.575,119.85
2023-10-15 22:00:00,65.0,0.6,100.85
2023-10-15 23:00:00,76.25,0.55,83.925
2023-10-16 00:00:00,84.25,0.525,114.725
2023-10-16 01:00:00,88.0,0.6749999999999999,121.3
2023-10-16 02:00:00,88.0,0.675,127.275
2023-10-16 03:00:00,86.75,0.575,100.1
2023-10-16 04:00:00,83.0,0.675,74.55
2023-10-16 05:00:00,84.5,0.55,75.175
2023-10-16 06:00:00,86.25,0.6749999999999999,76.75
2023-10-16 07:00:00,82.0,0.6499999999999999,122.82500000000002
2023-10-16 08:00:00,97.5,0.85,77.55
2023-10-16 09:00:00,103.5,3.225,160.35
2023-10-16 10:00:00,85.5,2.725,216.075
2023-10-16 11:00:00,72.0,1.725,241.525
2023-10-16 12:00:00,64.25,1.375,292.45
2023-10-16 13:00:00,51.75,1.7,261.53333333333336
2023-10-16 14:00:00,31.25,1.7555555555555555,265.41111111111115
2023-10-16 15:00:00,32.0,1.811111111111111,269.2888888888889
2023-10-16 16:00:00,21.75,1.8666666666666665,273.1666666666667
2023-10-16 17:00:00,17.75,1.6,301.1
2023-10-16 18:00:00,16.75,1.575,327.6
2023-10-16 19:00:00,17.5,1.725,18.525
2023-10-16 20:00:00,21.5,1.575,30.35
2023-10-16 21:00:00,19.75,1.4,40.925
2023-10-16 22:00:00,17.5,1.9,132.0
2023-10-16 23:00:00,14.25,1.2,227.075
2023-10-17 00:00:00,18.5,0.975,183.4
2023-10-17 01:00:00,19.75,0.4499999999999999,146.275
2023-10-17 02:00:00,20.25,0.4,113.675
2023-10-17 03:00:00,23.5,0.725,75.85
2023-10-17 04:00:00,20.75,0.6,50.55
2023-10-17 05:00:00,17.25,0.775,56.35
2023-10-17 06:00:00,20.5,0.5,114.15
2023-10-17 07:00:00,28.25,0.325,135.0
2023-10-17 08:00:00,30.0,0.8250000000000001,176.85
2023-10-17 09:00:00,32.5,0.725,94.625
2023-10-17 10:00:00,28.75,0.95,216.075
2023-10-17 11:00:00,28.0,0.475,271.575
2023-10-17 12:00:00,51.0,0.725,317.95
2023-10-17 13:00:00,60.5,0.75,92.1
2023-10-17 14:00:00,43.25,0.55,170.77499999999998
2023-10-17 15:00:00,41.75,0.5333333333333333,105.76666666666668
2023-10-17 16:00:00,43.0,0.625,206.8
2023-10-17 17:00:00,39.75,0.55,117.9
2023-10-17 18:00:00,40.25,0.475,116.05
2023-10-17 19:00:00,44.25,0.575,129.25
2023-10-17 20:00:00,45.75,0.6749999999999999,132.6
2023-10-17 21:00:00,50.75,0.6,128.675
2023-10-17 22:00:00,59.75,0.6499999999999999,118.925
2023-10-17 23:00:00,63.25,0.7,111.45
2023-10-18 00:00:00,65.33333333333333,0.6499999999999999,123.625
2023-10-18 01:00:00,61.25,0.7,121.95
2023-10-18 02:00:00,57.0,1.375,163.92499999999998
2023-10-18 03:00:00,52.5,1.175,164.175
2023-10-18 04:00:00,56.5,0.6,148.575
2023-10-18 05:00:00,54.25,0.7,105.825
2023-10-18 06:00:00,53.0,0.55,121.225
2023-10-18 07:00:00,58.0,1.175,163.775
2023-10-18 08:00:00,64.0,2.025,171.725
2023-10-18 09:00:00,56.75,2.4,181.25
2023-10-18 10:00:00,32.25,2.5500000000000003,183.675
2023-10-18 11:00:00,22.5,2.3,186.4
2023-10-18 12:00:00,17.75,2.375,184.9
2023-10-18 13:00:00,17.5,1.925,189.3
2023-10-18 14:00:00,19.75,2.15,194.25
2023-10-18 15:00:00,22.25,2.15,187.45
2023-10-18 16:00:00,21.5,1.933333333333333,175.5666666666667
2023-10-18 17:00:00,17.0,1.35,153.875
2023-10-18 18:00:00,17.5,0.75,108.425
2023-10-18 19:00:00,19.25,0.6749999999999999,99.45
2023-10-18 20:00:00,22.5,0.6749999999999999,92.35
2023-10-18 21:00:00,32.75,0.7,91.425
2023-10-18 22:00:00,43.25,0.75,91.35
2023-10-18 23:00:00,50.5,0.75,94.825
2023-10-19 00:00:00,52.25,0.725,105.125
2023-10-19 01:00:00,51.25,0.6,102.45
2023-10-19 02:00:00,45.0,0.725,92.9
2023-10-19 03:00:00,41.5,0.5249999999999999,97.175
2023-10-19 04:00:00,39.5,0.6,106.35
2023-10-19 05:00:00,41.75,0.8,144.725
2023-10-19 06:00:00,55.75,0.825,148.10000000000002
2023-10-19 07:00:00,64.0,0.6,175.35
2023-10-19 08:00:00,63.75,1.275,171.975
2023-10-19 09:00:00,63.0,1.9,174.925
2023-10-19 10:00:00,59.0,2.075,186.65
2023-10-19 11:00:00,46.0,1.8,199.825
2023-10-19 12:00:00,40.0,1.975,181.5
2023-10-19 13:00:00,41.0,1.95,181.875
2023-10-19 14:00:00,45.0,1.925,196.625
2023-10-19 15:00:00,33.0,1.85,182.525
2023-10-19 16:00:00,27.0,1.45,173.525
2023-10-19 17:00:00,23.0,0.55,84.0
2023-10-19 18:00:00,25.0,0.575,102.375
2023-10-19 19:00:00,22.0,0.7,94.3
2023-10-19 20:00:00,30.0,0.6499999999999999,94.125
2023-10-19 21:00:00,31.0,0.6749999999999999,90.4
2023-10-19 22:00:00,34.0,0.725,94.4
2023-10-19 23:00:00,46.0,0.7,105.65
2023-10-20 00:00:00,52.0,0.6749999999999999,97.7
2023-10-20 01:00:00,52.0,0.7,98.7
2023-10-20 02:00:00,68.0,0.725,95.225
2023-10-20 03:00:00,92.0,0.525,146.55
2023-10-20 04:00:00,99.0,0.7250000000000001,119.55
2023-10-20 05:00:00,107.0,0.625,98.35
2023-10-20 06:00:00,107.0,0.55,131.675
2023-10-20 07:00:00,107.0,0.5,148.95
2023-10-20 08:00:00,114.0,1.05,169.3
2023-10-20 09:00:00,157.0,1.025,198.25
2023-10-20 10:00:00,124.0,1.025,203.75
2023-10-20 11:00:00,91.0,0.8500000000000001,138.5
2023-10-20 12:00:00,64.0,1.075,197.45
2023-10-20 13:00:00,56.0,1.275,201.325
2023-10-20 14:00:00,62.0,1.8,200.2
2023-10-20 15:00:00,58.0,1.0666666666666669,190.86666666666667
2023-10-20 16:00:00,68.0,0.6,116.55
2023-10-20 17:00:00,61.0,0.675,90.825
2023-10-20 18:00:00,55.0,0.75,104.8
2023-10-20 19:00:00,48.0,0.725,97.475
2023-10-20 20:00:00,47.0,0.6499999999999999,95.55
2023-10-20 21:00:00,48.0,0.7,97.5
2023-10-20 22:00:00,55.0,0.75,97.15
2023-10-20 23:00:00,63.0,0.7,100.95
2023-10-21 00:00:00,68.0,0.7,96.675
2023-10-21 01:00:00,66.0,0.725,100.55
2023-10-21 02:00:00,66.0,0.725,104.15
2023-10-21 03:00:00,73.0,0.725,111.375
2023-10-21 04:00:00,111.0,0.725,103.775
2023-10-21 05:00:00,150.0,0.675,113.175
2023-10-21 06:00:00,152.0,0.675,103.85
2023-10-21 07:00:00,150.0,0.6499999999999999,116.9
2023-10-21 08:00:00,138.0,0.9,175.55
2023-10-21 09:00:00,156.0,0.6,209.425
2023-10-21 10:00:00,161.0,0.8,190.1
2023-10-21 11:00:00,128.0,0.625,225.7
2023-10-21 12:00:00,121.0,1.3,173.175
2023-10-21 13:00:00,101.0,0.925,179.25
2023-10-21 14:00:00,92.0,1.0333333333333334,134.73333333333332
2023-10-21 15:00:00,77.0,0.7916666666666667,102.79166666666666
2023-10-21 16:00:00,74.0,0.55,70.85
2023-10-21 17:00:00,83.0,0.575,93.225
2023-10-21 18:00:00,88.0,0.6749999999999999,101.95
2023-10-21 19:00:00,88.0,0.725,101.55
2023-10-21 20:00:00,97.0,0.725,101.55
2023-10-21 21:00:00,94.0,0.6749999999999999,111.8
2023-10-21 22:00:00,97.0,0.675,124.75
2023-10-21 23:00:00,102.0,0.675,96.75
2023-10-22 00:00:00,105.0,0.65,110.025
2023-10-22 01:00:00,108.0,0.675,120.2
2023-10-22 02:00:00,112.0,0.725,109.85
2023-10-22 03:00:00,125.0,0.625,117.875
2023-10-22 04:00:00,124.0,0.6,130.8
2023-10-22 05:00:00,116.0,0.925,132.3
2023-10-22 06:00:00,111.0,0.45,84.975
2023-10-22 07:00:00,149.0,0.825,130.05
2023-10-22 08:00:00,140.0,1.4,170.525
2023-10-22 09:00:00,174.0,0.9,174.85
2023-10-22 10:00:00,246.0,0.875,190.65
2023-10-22 11:00:00,279.0,0.9,170.075
2023-10-22 12:00:00,239.0,1.35,216.5
2023-10-22 13:00:00,158.0,1.375,198.15
2023-10-22 14:00:00,149.0,1.75,209.025
2023-10-22 15:00:00,118.0,0.7,217.175
2023-10-22 16:00:00,123.0,1.425,176.175
2023-10-22 17:00:00,50.0,0.675,132.275
2023-10-22 18:00:00,47.0,0.575,92.0
2023-10-22 19:00:00,47.0,0.75,102.45
2023-10-22 20:00:00,47.0,0.725,104.8
2023-10-22 21:00:00,63.0,0.675,103.425
2023-10-22 22:00:00,74.0,0.7,95.125
2023-10-22 23:00:00,85.0,0.7,92.25
2023-10-23 00:00:00,91.0,0.725,123.475
2023-10-23 01:00:00,101.0,0.6749999999999999,120.775
2023-10-23 02:00:00,118.0,0.725,120.25
2023-10-23 03:00:00,145.0,0.6499999999999999,117.35
2023-10-23 04:00:00,158.0,0.525,135.175
2023-10-23 05:00:00,191.0,0.525,122.95000000000002
2023-10-23 06:00:00,217.0,0.7,136.0
2023-10-23 07:00:00,223.0,0.975,164.125
2023-10-23 08:00:00,238.0,1.5499999999999998,172.8
2023-10-23 09:00:00,215.0,2.1,171.675
2023-10-23 10:00:00,161.0,2.1,191.6
2023-10-23 11:00:00,121.0,2.375,189.25
2023-10-23 12:00:00,92.0,2.3,180.85
2023-10-23 13:00:00,59.0,2.025,194.15
2023-10-23 14:00:00,52.0,2.033333333333333,192.7333333333333
2023-10-23 15:00:00,47.0,1.575,181.5
2023-10-23 16:00:00,44.0,1.2666666666666666,169.23333333333332
2023-10-23 17:00:00,38.0,0.75,108.45
2023-10-23 18:00:00,35.0,0.725,92.1
2023-10-23 19:00:00,33.0,0.775,100.175
2023-10-23 20:00:00,52.0,0.725,101.2
2023-10-23 21:00:00,57.0,0.75,97.65
2023-10-23 22:00:00,57.0,0.75,94.75
2023-10-23 23:00:00,77.0,0.75,96.625
2023-10-24 00:00:00,92.0,0.8,100.125
2023-10-24 01:00:00,95.0,0.7,108.0
2023-10-24 02:00:00,103.0,0.725,89.44999999999999
2023-10-24 03:00:00,108.0,0.6749999999999999,92.625
2023-10-24 04:00:00,105.0,0.65,114.025
2023-10-24 05:00:00,92.0,0.725,118.3
2023-10-24 06:00:00,86.0,0.5,85.675
2023-10-24 07:00:00,92.0,0.725,139.45
2023-10-24 08:00:00,99.0,1.175,164.875
2023-10-24 09:00:00,116.0,1.3,167.95
2023-10-24 10:00:00,108.0,1.575,166.575
2023-10-24 11:00:00,91.0,1.9,174.175
2023-10-24 12:00:00,59.0,1.975,182.3
2023-10-24 13:00:00,51.0,2.025,181.0
2023-10-24 14:00:00,48.0,1.7000000000000002,195.975
2023-10-24 15:00:00,53.0,1.6,178.3
2023-10-24 16:00:00,46.0,0.95,130.3
2023-10-24 17:00:00,34.0,0.6499999999999999,83.975
2023-10-24 18:00:00,30.0,0.7,100.8
2023-10-24 19:00:00,31.0,0.775,97.15
2023-10-24 20:00:00,45.0,0.8,92.175
2023-10-24 21:00:00,55.0,0.8,95.4
2023-10-24 22:00:00,70.0,0.75,98.675
2023-10-24 23:00:00,90.0,0.8,99.45
2023-10-25 00:00:00,105.0,0.8,97.6
2023-10-25 01:00:00,114.0,0.75,93.575
2023-10-25 02:00:00,143.0,0.775,97.375
2023-10-25 03:00:00,160.0,0.6749999999999999,99.375
2023-10-25 04:00:00,162.0,0.6749999999999999,114.85
2023-10-25 05:00:00,146.0,0.6499999999999999,114.45
2023-10-25 06:00:00,124.0,0.725,126.8
2023-10-25 07:00:00,132.0,0.45,165.2
2023-10-25 08:00:00,136.0,1.25,171.775
2023-10-25 09:00:00,149.0,1.725,172.925
2023-10-25 10:00:00,135.0,1.625,192.0
2023-10-25 11:00:00,116.0,2.375,188.075
2023-10-25 12:00:00,95.0,2.4,181.55
2023-10-25 13:00:00,92.0,2.0,193.225
2023-10-25 14:00:00,69.0,1.775,192.125
2023-10-25 15:00:00,57.0,1.7,191.3
2023-10-25 16:00:00,58.0,1.475,179.9
2023-10-25 17:00:00,56.0,0.7,105.275
2023-10-25 18:00:00,62.0,0.675,89.15
2023-10-25 19:00:00,72.0,0.6749999999999999,94.3
2023-10-25 20:00:00,78.0,0.75,102.475
2023-10-25 21:00:00,94.0,0.8250000000000001,95.75
2023-10-25 22:00:00,106.0,0.8,100.0
2023-10-25 23:00:00,113.0,0.725,105.325
2023-10-26 00:00:00,112.0,0.775,106.225
2023-10-26 01:00:00,105.0,0.7,109.4
2023-10-26 02:00:00,133.0,0.575,91.3
2023-10-26 03:00:00,138.0,0.625,92.175
2023-10-26 04:00:00,121.0,0.75,125.55
2023-10-26 05:00:00,132.0,0.5,99.95
2023-10-26 06:00:00,153.0,0.8250000000000001,137.175
2023-10-26 07:00:00,145.0,0.85,161.325
2023-10-26 08:00:00,139.0,2.1,172.925
2023-10-26 09:00:00,150.0,2.2,174.975
2023-10-26 10:00:00,144.0,2.575,175.5
2023-10-26 11:00:00,133.0,2.225,186.5
2023-10-26 12:00:00,107.0,2.025,193.7
2023-10-26 13:00:00,94.0,1.75,199.675
2023-10-26 14:00:00,62.0,1.4,190.375
2023-10-26 15:00:00,58.0,1.125,180.55
2023-10-26 16:00:00,50.0,0.75,95.95
2023-10-26 17:00:00,44.0,0.575,89.625
2023-10-26 18:00:00,48.0,0.675,110.525
2023-10-26 19:00:00,48.0,0.75,107.15
2023-10-26 20:00:00,55.0,0.8,103.475
2023-10-26 21:00:00,62.0,0.7,96.4
2023-10-26 22:00:00,80.0,0.725,97.375
2023-10-26 23:00:00,92.0,0.725,93.425
2023-10-27 00:00:00,114.0,0.7,93.9
2023-10-27 01:00:00,122.0,0.775,105.475
2023-10-27 02:00:00,135.0,0.725,102.55
2023-10-27 03:00:00,145.0,0.7,95.9
2023-10-27 04:00:00,153.0,0.55,117.125
2023-10-27 05:00:00,153.0,0.475,146.775
2023-10-27 06:00:00,155.0,0.525,138.75
2023-10-27 07:00:00,134.0,0.725,135.275
2023-10-27 08:00:00,125.0,1.225,185.025
2023-10-27 09:00:00,141.0,1.575,168.35
2023-10-27 10:00:00,130.0,2.05,174.8
2023-10-27 11:00:00,113.0,1.6749999999999998,192.95
2023-10-27 12:00:00,85.0,1.825,195.175
2023-10-27 13:00:00,78.0,1.8,191.575
2023-10-27 14:00:00,78.0,1.325,197.075
2023-10-27 15:00:00,90.0,0.925,163.15
2023-10-27 16:00:00,84.0,0.65,105.475
2023-10-27 17:00:00,85.0,0.6749999999999999,90.025
2023-10-27 18:00:00,75.0,0.725,103.0
2023-10-27 19:00:00,86.0,0.725,98.6
2023-10-27 20:00:00,83.0,0.675,109.25
2023-10-27 21:00:00,85.0,0.6749999999999999,112.5
2023-10-27 22:00:00,106.0,0.6749999999999999,123.15
2023-10-27 23:00:00,111.0,0.7,106.325
2023-10-28 00:00:00,119.0,0.6749999999999999,106.05
2023-10-28 01:00:00,124.0,0.65,108.75
2023-10-28 02:00:00,107.0,0.8,108.7
2023-10-28 03:00:00,107.0,0.65,110.425
2023-10-28 04:00:00,116.0,0.725,117.125
2023-10-28 05:00:00,127.0,0.625,101.175
2023-10-28 06:00:00,132.0,0.6,98.6
2023-10-28 07:00:00,152.0,0.65,98.375
2023-10-28 08:00:00,151.0,0.35,115.375
2023-10-28 09:00:00,150.0,0.575,178.1
2023-10-28 10:00:00,149.0,0.6,74.4
2023-10-28 11:00:00,118.0,0.675,69.19999999999999
2023-10-28 12:00:00,102.0,1.05,220.0
2023-10-28 13:00:00,103.0,0.9125000000000001,203.15
2023-10-28 14:00:00,110.0,0.775,186.3
2023-10-28 15:00:00,102.66666666666667,0.6499999999999999,104.625
2023-10-28 16:00:00,95.33333333333333,0.6499999999999999,79.325
2023-10-28 17:00:00,88.0,0.6,96.6
2023-10-28 18:00:00,90.0,0.65,108.75
2023-10-28 19:00:00,90.0,0.7,102.35
2023-10-28 20:00:00,101.0,0.575,107.7
2023-10-28 21:00:00,112.0,0.7,110.3
2023-10-28 22:00:00,119.0,0.7,113.35
2023-10-28 23:00:00,143.0,0.65,125.325
2023-10-29 00:00:00,168.0,0.6499999999999999,121.075
2023-10-29 01:00:00,182.5,0.5499999999999999,104.5
2023-10-29 02:00:00,175.25,0.575,116.15
2023-10-29 03:00:00,164.25,0.55,119.575
2023-10-29 04:00:00,156.5,0.625,104.225
2023-10-29 05:00:00,160.5,0.55,93.25
2023-10-29 06:00:00,170.5,0.65,109.025
2023-10-29 07:00:00,181.0,0.725,107.5
2023-10-29 08:00:00,191.0,0.35,89.925
2023-10-29 09:00:00,177.75,0.775,45.575
2023-10-29 10:00:00,125.0,0.925,24.1
2023-10-29 11:00:00,116.5,0.925,29.375
2023-10-29 12:00:00,125.5,0.9,17.475
2023-10-29 13:00:00,118.75,0.75,90.5
2023-10-29 14:00:00,108.25,0.5249999999999999,239.5
2023-10-29 15:00:00,96.25,0.425,168.125
2023-10-29 16:00:00,93.0,0.575,72.15
2023-10-29 17:00:00,89.5,0.6,85.6
2023-10-29 18:00:00,90.0,0.675,107.175
2023-10-29 19:00:00,98.25,0.6499999999999999,94.575
2023-10-29 20:00:00,107.75,0.675,103.325
2023-10-29 21:00:00,122.25,0.6499999999999999,101.825
2023-10-29 22:00:00,148.75,0.6749999999999999,114.4
2023-10-29 23:00:00,172.0,0.65,114.575
2023-10-30 00:00:00,174.0,0.725,103.775
2023-10-30 01:00:00,164.0,0.575,102.575
2023-10-30 02:00:00,160.0,0.6499999999999999,107.35
2023-10-30 03:00:00,166.0,0.6,108.875
2023-10-30 04:00:00,161.0,0.65,78.80000000000001
2023-10-30 05:00:00,166.0,0.525,126.225
2023-10-30 06:00:00,162.0,0.6499999999999999,101.925
2023-10-30 07:00:00,172.0,0.6499999999999999,118.9
2023-10-30 08:00:00,215.0,0.475,74.3
2023-10-30 09:00:00,201.0,0.925,41.75
2023-10-30 10:00:00,223.0,1.225,44.35
2023-10-30 11:00:00,172.0,1.25,51.975
2023-10-30 12:00:00,138.0,1.175,188.3
2023-10-30 13:00:00,124.0,0.5,184.75
2023-10-30 14:00:00,110.0,0.7000000000000001,186.45
2023-10-30 15:00:00,107.0,0.55,52.85
2023-10-30 16:00:00,103.0,0.6,70.675
2023-10-30 17:00:00,106.0,0.625,101.0
2023-10-30 18:00:00,110.0,0.7,97.875
2023-10-30 19:00:00,101.0,0.7,110.9
2023-10-30 20:00:00,111.0,0.675,104.275
2023-10-30 21:00:00,114.0,0.725,99.075
2023-10-30 22:00:00,124.0,0.725,112.4
2023-10-30 23:00:00,145.0,0.725,103.275
2023-10-31 00:00:00,160.0,0.6749999999999999,99.75
2023-10-31 01:00:00,169.0,0.7,96.125
2023-10-31 02:00:00,177.0,0.7,109.325
2023-10-31 03:00:00,177.0,0.725,103.55
2023-10-31 04:00:00,172.0,0.625,104.5
2023-10-31 05:00:00,171.0,0.425,123.075
2023-10-31 06:00:00,169.0,0.7,108.25
2023-10-31 07:00:00,163.0,0.6499999999999999,108.0
2023-10-31 08:00:00,172.0,0.4,115.75
2023-10-31 09:00:00,180.0,0.675,31.575
2023-10-31 10:00:00,210.0,1.0750000000000002,46.275
2023-10-31 11:00:00,169.0,1.05,46.375
2023-10-31 12:00:00,186.0,1.0,34.025000000000006
2023-10-31 13:00:00,163.0,0.625,228.2
2023-10-31 14:00:00,147.0,0.7000000000000001,193.8
2023-10-31 15:00:00,145.0,0.6416666666666667,159.19166666666666
2023-10-31 16:00:00,150.0,0.5833333333333334,124.58333333333334
2023-10-31 17:00:00,191.0,0.525,89.97500000000001
2023-10-31 18:00:00,184.0,0.675,109.5
2023-10-31 19:00:00,180.0,0.6,121.05
2023-10-31 20:00:00,188.0,0.6499999999999999,104.95
2023-10-31 21:00:00,201.0,0.6749999999999999,118.55
2023-10-31 22:00:00,207.0,0.65,109.825
2023-10-31 23:00:00,215.0,0.7,99.825
2023-11-01 00:00:00,216.0,0.725,95.85
2023-11-01 01:00:00,206.0,0.6749999999999999,90.875
2023-11-01 02:00:00,194.0,0.6499999999999999,97.9
2023-11-01 03:00:00,183.0,0.725,106.3
2023-11-01 04:00:00,177.0,0.675,100.325
2023-11-01 05:00:00,169.0,0.65,107.7
2023-11-01 06:00:00,169.0,0.65,94.475
2023-11-01 07:00:00,157.0,0.6749999999999999,112.8
2023-11-01 08:00:00,156.0,0.55,79.925
2023-11-01 09:00:00,155.0,0.65,96.5
2023-11-01 10:00:00,184.0,0.6,145.89999999999998
2023-11-01 11:00:00,161.0,0.8,110.82500000000002
2023-11-01 12:00:00,130.0,0.65,192.7
2023-11-01 13:00:00,122.0,0.775,155.675
2023-11-01 14:00:00,135.0,0.45,251.6
2023-11-01 15:00:00,160.0,0.3,256.3
2023-11-01 16:00:00,147.0,0.5166666666666667,176.85000000000002
2023-11-01 17:00:00,135.0,0.7333333333333334,97.4
2023-11-01 18:00:00,116.0,0.7,93.15
2023-11-01 19:00:00,105.0,0.7,103.075
2023-11-01 20:00:00,96.0,0.725,103.375
2023-11-01 21:00:00,85.0,0.725,108.9
2023-11-01 22:00:00,118.0,0.7,101.15
2023-11-01 23:00:00,113.0,0.725,102.525
2023-11-02 00:00:00,135.0,0.7,107.775
2023-11-02 01:00:00,141.0,0.75,113.65
2023-11-02 02:00:00,150.0,0.725,109.65
2023-11-02 03:00:00,182.0,0.6499999999999999,101.0
2023-11-02 04:00:00,196.0,0.775,100.6
2023-11-02 05:00:00,189.0,0.75,127.65
2023-11-02 06:00:00,226.0,0.625,92.4
2023-11-02 07:00:00,215.0,0.625,119.075
2023-11-02 08:00:00,201.0,0.525,140.525
2023-11-02 09:00:00,208.0,0.65,209.15
2023-11-02 10:00:00,290.0,1.025,178.7
2023-11-02 11:00:00,298.0,0.425,170.875
2023-11-02 12:00:00,285.0,0.95,256.0
2023-11-02 13:00:00,307.0,0.9,198.825
2023-11-02 14:00:00,354.0,0.7,232.8
2023-11-02 15:00:00,412.0,0.3333333333333333,267.43333333333334
2023-11-02 16:00:00,434.0,0.4,95.1
2023-11-02 17:00:00,426.0,0.7000000000000001,97.93333333333334
2023-11-02 18:00:00,415.0,0.65,111.35
2023-11-02 19:00:00,393.0,0.6499999999999999,107.325
2023-11-02 20:00:00,370.0,0.75,104.0
2023-11-02 21:00:00,361.0,0.6749999999999999,110.475
2023-11-02 22:00:00,370.0,0.7333333333333334,107.16666666666669
2023-11-02 23:00:00,409.0,0.775,102.475
2023-11-03 00:00:00,349.0,0.75,112.4
2023-11-03 01:00:00,338.0,0.675,111.425
2023-11-03 02:00:00,333.0,0.625,102.1
2023-11-03 03:00:00,320.0,0.525,94.175
2023-11-03 04:00:00,304.0,0.6499999999999999,89.65
2023-11-03 05:00:00,311.0,0.4,158.125
2023-11-03 06:00:00,339.0,0.3,95.775
2023-11-03 07:00:00,340.0,0.225,155.35
2023-11-03 08:00:00,353.0,0.3249999999999999,180.4
2023-11-03 09:00:00,360.0,1.0,169.925
2023-11-03 10:00:00,385.0,1.0,186.25
2023-11-03 11:00:00,486.0,1.3,208.2
2023-11-03 12:00:00,465.0,1.1,199.4
2023-11-03 13:00:00,418.0,0.8999999999999999,146.8
2023-11-03 14:00:00,429.0,1.25,162.5
2023-11-03 15:00:00,368.0,0.925,147.075
2023-11-03 16:00:00,243.0,0.6499999999999999,78.9
2023-11-03 17:00:00,180.0,0.7,104.925
2023-11-03 18:00:00,157.0,0.575,117.35
2023-11-03 19:00:00,136.0,0.8250000000000001,110.225
2023-11-03 20:00:00,133.0,0.725,103.7
2023-11-03 21:00:00,134.0,0.625,109.075
2023-11-03 22:00:00,135.0,0.675,119.7
2023-11-03 23:00:00,150.0,0.75,105.275
2023-11-04 00:00:00,155.0,0.725,113.6
2023-11-04 01:00:00,169.0,0.725,116.6
2023-11-04 02:00:00,179.0,0.6499999999999999,102.75
2023-11-04 03:00:00,209.5,0.7,89.65
2023-11-04 04:00:00,236.5,0.55,130.125
2023-11-04 05:00:00,253.0,0.6,112.225
2023-11-04 06:00:00,262.75,0.6,116.35
2023-11-04 07:00:00,266.5,0.3333333333333333,141.7
2023-11-04 08:00:00,274.5,0.6,126.2
2023-11-04 09:00:00,298.0,0.95,197.575
2023-11-04 10:00:00,369.5,1.175,207.525
2023-11-04 11:00:00,480.75,1.275,222.175
2023-11-04 12:00:00,527.0,1.125,196.3
2023-11-04 13:00:00,556.0,1.475,199.525
2023-11-04 14:00:00,588.75,0.95,172.05
2023-11-04 15:00:00,553.75,0.6,112.525
2023-11-04 16:00:00,522.25,0.525,87.7
2023-11-04 17:00:00,484.25,0.6999999999999998,101.0
2023-11-04 18:00:00,444.5,0.725,121.725
2023-11-04 19:00:00,394.75,0.7,91.275
2023-11-04 20:00:00,359.75,0.775,130.725
2023-11-04 21:00:00,326.25,0.725,108.925
2023-11-04 22:00:00,280.25,0.7,114.675
2023-11-04 23:00:00,242.5,0.7,109.7
2023-11-05 00:00:00,226.3333333333333,0.725,99.825
2023-11-05 01:00:00,228.5,0.55,117.67499999999998
2023-11-05 02:00:00,241.5,0.525,124.325
2023-11-05 03:00:00,274.0,0.575,84.65
2023-11-05 04:00:00,300.25,0.425,95.05
2023-11-05 05:00:00,319.0,0.3,123.95
2023-11-05 06:00:00,323.25,0.375,78.825
2023-11-05 07:00:00,305.25,0.5249999999999999,92.575
2023-11-05 08:00:00,294.5,0.4,159.55
2023-11-05 09:00:00,314.75,0.575,230.5
2023-11-05 10:00:00,393.25,1.0750000000000002,209.075
2023-11-05 11:00:00,444.5,0.8999999999999999,195.05
2023-11-05 12:00:00,349.5,1.0750000000000002,177.9
2023-11-05 13:00:00,200.0,0.95,202.475
2023-11-05 14:00:00,185.75,0.75,143.8
2023-11-05 15:00:00,201.5,0.525,81.65
2023-11-05 16:00:00,271.5,0.575,74.17500000000001
2023-11-05 17:00:00,278.25,0.6999999999999998,104.73333333333332
2023-11-05 18:00:00,269.75,0.7,101.7
2023-11-05 19:00:00,251.25,0.775,104.125
2023-11-05 20:00:00,253.75,0.6749999999999999,100.85
2023-11-05 21:00:00,275.0,0.75,100.4
2023-11-05 22:00:00,310.25,0.75,98.9
2023-11-05 23:00:00,286.25,0.6,114.425
2023-11-06 00:00:00,322.25,0.7,106.825
2023-11-06 01:00:00,307.5,0.7749999999999999,107.4
2023-11-06 02:00:00,319.25,0.625,116.65
2023-11-06 03:00:00,301.5,0.7,97.05
2023-11-06 04:00:00,290.25,0.6499999999999999,93.275
2023-11-06 05:00:00,285.25,0.675,104.75
2023-11-06 06:00:00,275.75,0.6749999999999999,104.5
2023-11-06 07:00:00,265.5,0.625,112.3
2023-11-06 08:00:00,253.75,0.55,133.725
2023-11-06 09:00:00,285.75,0.7,74.6
2023-11-06 10:00:00,298.25,1.125,48.95
2023-11-06 11:00:00,244.25,0.975,35.65
2023-11-06 12:00:00,194.5,0.85,111.35
2023-11-06 13:00:00,166.25,0.8,179.425
2023-11-06 14:00:00,187.5,0.625,34.15
2023-11-06 15:00:00,194.5,0.475,66.175
2023-11-06 16:00:00,193.0,0.5,82.65
2023-11-06 17:00:00,197.5,0.6499999999999999,92.925
2023-11-06 18:00:00,205.75,0.6499999999999999,101.55
2023-11-06 19:00:00,190.75,0.725,99.05
2023-11-06 20:00:00,193.75,0.7,109.575
2023-11-06 21:00:00,198.0,0.7,100.2
2023-11-06 22:00:00,207.0,0.6749999999999999,101.425
2023-11-06 23:00:00,219.5,0.65,114.05
2023-11-07 00:00:00,228.66666666666663,0.675,104.65
2023-11-07 01:00:00,224.25,0.6,131.175
2023-11-07 02:00:00,220.75,0.6749999999999999,107.175
2023-11-07 03:00:00,226.0,0.7,112.15
2023-11-07 04:00:00,244.0,0.675,107.4
2023-11-07 05:00:00,249.0,0.6749999999999999,109.05
2023-11-07 06:00:00,249.0,0.8,108.125
2023-11-07 07:00:00,237.0,0.6749999999999999,128.1
2023-11-07 08:00:00,239.0,0.5,133.975
2023-11-07 09:00:00,235.0,0.3,141.075
2023-11-07 10:00:00,244.0,0.625,90.5
2023-11-07 11:00:00,262.0,0.775,103.05
2023-11-07 12:00:00,248.0,0.775,121.45
2023-11-07 13:00:00,222.0,0.525,146.4
2023-11-07 14:00:00,184.0,0.5,257.775
2023-11-07 15:00:00,193.0,0.675,69.17500000000001
2023-11-07 16:00:00,188.0,0.55,79.05
2023-11-07 17:00:00,183.0,0.625,104.15
2023-11-07 18:00:00,185.0,0.7,104.05
2023-11-07 19:00:00,173.0,0.7,99.625
2023-11-07 20:00:00,180.0,0.75,116.625
2023-11-07 21:00:00,212.0,0.775,103.575
2023-11-07 22:00:00,221.0,0.625,114.975
2023-11-07 23:00:00,235.0,0.75,116.95
2023-11-08 00:00:00,235.0,0.75,112.775
2023-11-08 01:00:00,252.0,0.7,98.875
2023-11-08 02:00:00,249.0,0.725,115.9
2023-11-08 03:00:00,249.0,0.6749999999999999,117.7
2023-11-08 04:00:00,272.0,0.75,106.35
2023-11-08 05:00:00,262.0,0.8,113.575
2023-11-08 06:00:00,251.0,0.725,94.575
2023-11-08 07:00:00,249.0,0.75,116.875
2023-11-08 08:00:00,252.0,0.5,112.9
2023-11-08 09:00:00,259.0,0.65,204.25
2023-11-08 10:00:00,285.0,0.925,231.3
2023-11-08 11:00:00,248.0,0.775,226.325
2023-11-08 12:00:00,213.0,0.5,226.975
2023-11-08 13:00:00,268.0,0.875,197.075
2023-11-08 14:00:00,313.0,0.575,191.45
2023-11-08 15:00:00,316.0,0.425,112.85
2023-11-08 16:00:00,295.0,0.6,85.475
2023-11-08 17:00:00,290.0,0.6499999999999999,101.075
2023-11-08 18:00:00,260.0,0.725,97.5
2023-11-08 19:00:00,239.0,0.75,92.45
2023-11-08 20:00:00,249.0,0.625,92.275
2023-11-08 21:00:00,260.0,0.625,88.0
2023-11-08 22:00:00,248.0,0.625,100.775
2023-11-08 23:00:00,227.0,0.775,106.875
2023-11-09 00:00:00,237.0,0.775,105.025
2023-11-09 01:00:00,215.0,0.6749999999999999,87.92500000000001
2023-11-09 02:00:00,234.0,0.6499999999999999,94.8
2023-11-09 03:00:00,235.0,0.75,106.0
2023-11-09 04:00:00,248.0,0.675,123.05
2023-11-09 05:00:00,257.0,0.725,123.95
2023-11-09 06:00:00,271.0,0.725,104.975
2023-11-09 07:00:00,299.0,0.625,102.6
2023-11-09 08:00:00,295.0,0.475,122.55
2023-11-09 09:00:00,301.0,0.275,94.8
2023-11-09 10:00:00,344.0,0.6499999999999999,86.7
2023-11-09 11:00:00,400.0,0.75,85.775
2023-11-09 12:00:00,444.0,0.75,98.15
2023-11-09 13:00:00,257.0,0.7,115.325
2023-11-09 14:00:00,288.0,0.575,145.35
2023-11-09 15:00:00,252.0,0.575,90.8
2023-11-09 16:00:00,183.0,0.525,78.525
2023-11-09 17:00:00,173.0,0.7,106.775
2023-11-09 18:00:00,166.0,0.7,100.225
2023-11-09 19:00:00,157.0,0.675,120.35
2023-11-09 20:00:00,180.0,0.75,101.475
2023-11-09 21:00:00,196.0,0.675,117.975
2023-11-09 22:00:00,233.0,0.6,96.025
2023-11-09 23:00:00,277.0,0.575,114.275
2023-11-10 00:00:00,300.0,0.9,128.175
2023-11-10 01:00:00,322.0,0.9,130.625
2023-11-10 02:00:00,298.0,0.65,202.025
2023-11-10 03:00:00,278.0,1.125,117.45
2023-11-10 04:00:00,141.0,0.75,111.2
2023-11-10 05:00:00,34.0,0.675,129.95
2023-11-10 06:00:00,28.0,0.7000000000000001,77.05
2023-11-10 07:00:00,31.0,0.875,124.55
2023-11-10 08:00:00,34.0,1.3,137.375
2023-11-10 09:00:00,40.0,0.85,133.025
2023-11-10 10:00:00,48.0,0.975,58.3
2023-11-10 11:00:00,45.0,0.7,242.975
2023-11-10 12:00:00,51.0,1.675,183.275
2023-11-10 13:00:00,58.0,0.875,204.3
2023-11-10 14:00:00,61.0,1.375,231.65
2023-11-10 15:00:00,69.0,0.5750000000000001,288.8
2023-11-10 16:00:00,72.0,1.325,190.525
2023-11-10 17:00:00,96.0,0.75,261.375
2023-11-10 18:00:00,97.0,0.475,143.42499999999998
2023-11-10 19:00:00,105.0,0.675,49.025
2023-11-10 20:00:00,199.0,0.575,133.425
2023-11-10 21:00:00,111.0,0.65,110.375
2023-11-10 22:00:00,99.0,0.8500000000000001,127.775
2023-11-10 23:00:00,97.0,0.9,136.95
2023-11-11 00:00:00,105.0,0.45,95.85
2023-11-11 01:00:00,106.0,0.675,209.5
2023-11-11 02:00:00,107.0,0.525,172.275
2023-11-11 03:00:00,114.0,0.8250000000000001,168.025
2023-11-11 04:00:00,128.0,0.35,131.9
2023-11-11 05:00:00,105.0,0.45,143.14999999999998
2023-11-11 06:00:00,89.0,0.875,164.175
2023-11-11 07:00:00,79.0,1.275,179.975
2023-11-11 08:00:00,79.0,1.575,180.275
2023-11-11 09:00:00,99.0,2.175,172.05
2023-11-11 10:00:00,86.0,2.325,174.6
2023-11-11 11:00:00,74.0,2.275,180.775
2023-11-11 12:00:00,74.0,2.475,186.175
2023-11-11 13:00:00,57.0,2.225,186.575
2023-11-11 14:00:00,40.0,2.25,183.175
2023-11-11 15:00:00,46.0,1.875,181.95
2023-11-11 16:00:00,50.0,1.9,173.975
2023-11-11 17:00:00,45.0,0.85,126.45
2023-11-11 18:00:00,47.0,0.7,113.775
2023-11-11 19:00:00,47.0,0.6499999999999999,96.525
2023-11-11 20:00:00,52.0,0.7,118.15
2023-11-11 21:00:00,55.0,0.6749999999999999,115.4
2023-11-11 22:00:00,75.0,0.8,109.475
2023-11-11 23:00:00,94.0,0.75,113.125
2023-11-12 00:00:00,102.0,0.65,95.8
2023-11-12 01:00:00,103.0,0.725,102.175
2023-11-12 02:00:00,100.0,0.8,127.825
2023-11-12 03:00:00,118.0,0.925,153.125
2023-11-12 04:00:00,119.0,0.725,134.2
2023-11-12 05:00:00,112.0,0.8999999999999999,152.175
2023-11-12 06:00:00,113.0,0.8500000000000001,164.95
2023-11-12 07:00:00,106.0,1.375,183.45
2023-11-12 08:00:00,112.0,1.85,174.04999999999998
2023-11-12 09:00:00,119.0,2.175,177.35
2023-11-12 10:00:00,102.0,2.0,180.35
2023-11-12 11:00:00,89.0,2.625,182.35
2023-11-12 12:00:00,67.0,2.425,182.225
2023-11-12 13:00:00,78.0,2.075,195.775
2023-11-12 14:00:00,66.0,2.025,179.4
2023-11-12 15:00:00,59.0,1.875,177.125
2023-11-12 16:00:00,46.0,1.075,133.825
2023-11-12 17:00:00,46.0,0.55,100.825
2023-11-12 18:00:00,55.0,0.75,101.625
2023-11-12 19:00:00,48.0,0.65,109.825
2023-11-12 20:00:00,85.66666666666667,0.775,99.1
2023-11-12 21:00:00,152.25,0.75,104.8
2023-11-12 22:00:00,289.5,0.8,94.475
2023-11-12 23:00:00,442.75,0.6499999999999999,96.4
2023-11-13 00:00:00,511.0,0.6749999999999999,101.775
2023-11-13 01:00:00,733.0,0.675,81.625
2023-11-13 02:00:00,733.0,0.7,111.225
2023-11-13 03:00:00,520.0,0.725,108.2
2023-11-13 04:00:00,487.5,0.675,125.4
2023-11-13 05:00:00,377.0,0.7,125.9
2023-11-13 06:00:00,331.0,0.6749999999999999,104.5
2023-11-13 07:00:00,309.0,0.6,115.475
2023-11-13 08:00:00,307.75,0.6000000000000001,137.625
2023-11-13 09:00:00,312.5,1.15,170.525
2023-11-13 10:00:00,297.0,1.125,207.75
2023-11-13 11:00:00,246.0,1.0750000000000002,225.15
2023-11-13 12:00:00,219.75,0.625,272.725
2023-11-13 13:00:00,218.0,0.65,203.825
2023-11-13 14:00:00,203.5,0.7000000000000001,225.675
2023-11-13 15:00:00,194.0,0.425,172.95
2023-11-13 16:00:00,188.75,0.625,89.275
2023-11-13 17:00:00,183.75,0.725,101.05
2023-11-13 18:00:00,163.0,0.575,78.7
2023-11-13 19:00:00,168.25,0.8,106.3
2023-11-13 20:00:00,181.75,0.75,107.025
2023-11-13 21:00:00,211.0,0.7,108.75
2023-11-13 22:00:00,239.75,0.725,108.925
2023-11-13 23:00:00,247.25,0.625,110.025
2023-11-14 00:00:00,254.0,0.6,109.025
2023-11-14 01:00:00,255.5,0.7,106.175
2023-11-14 02:00:00,268.75,0.6499999999999999,91.325
2023-11-14 03:00:00,296.0,0.7,105.825
2023-11-14 04:00:00,297.5,0.7,112.85
2023-11-14 05:00:00,283.25,0.675,125.425
2023-11-14 06:00:00,248.5,0.65,89.375
2023-11-14 07:00:00,232.0,0.575,102.15
2023-11-14 08:00:00,233.0,0.625,151.625
2023-11-14 09:00:00,235.0,0.975,162.15
2023-11-14 10:00:00,269.0,0.975,175.3
2023-11-14 11:00:00,298.0,1.725,175.675
2023-11-14 12:00:00,215.0,1.5,187.65
2023-11-14 13:00:00,158.0,1.225,209.175
2023-11-14 14:00:00,150.0,1.2,188.325
2023-11-14 15:00:00,149.0,0.925,145.35
2023-11-14 16:00:00,119.0,0.55,99.225
2023-11-14 17:00:00,116.0,0.525,93.425
2023-11-14 18:00:00,117.0,0.725,117.175
2023-11-14 19:00:00,139.0,0.725,107.025
2023-11-14 20:00:00,152.0,0.775,98.5
2023-11-14 21:00:00,175.0,0.625,113.925
2023-11-14 22:00:00,193.0,0.7,123.375
2023-11-14 23:00:00,200.0,0.7,109.775
2023-11-15 00:00:00,226.0,0.6499999999999999,105.9
2023-11-15 01:00:00,240.0,0.7,90.8
2023-11-15 02:00:00,266.0,0.575,105.175
2023-11-15 03:00:00,300.0,0.775,95.25
2023-11-15 04:00:00,359.0,0.725,95.375
2023-11-15 05:00:00,415.0,0.725,109.5
2023-11-15 06:00:00,396.0,0.425,107.375
2023-11-15 07:00:00,368.0,0.475,132.0
2023-11-15 08:00:00,324.0,1.6,173.025
2023-11-15 09:00:00,335.0,1.925,173.2
2023-11-15 10:00:00,362.0,1.825,178.675
2023-11-15 11:00:00,298.0,1.6749999999999998,187.0
2023-11-15 12:00:00,219.0,1.525,205.75
2023-11-15 13:00:00,201.0,1.55,183.1
2023-11-15 14:00:00,186.0,1.4,179.4
2023-11-15 15:00:00,184.0,1.225,168.425
2023-11-15 16:00:00,135.0,0.65,82.525
2023-11-15 17:00:00,124.0,0.675,87.075
2023-11-15 18:00:00,113.0,0.725,103.35
2023-11-15 19:00:00,117.0,0.6749999999999999,96.1
2023-11-15 20:00:00,119.0,0.6749999999999999,104.65
2023-11-15 21:00:00,145.0,0.725,91.95
2023-11-15 22:00:00,182.0,0.55,91.225
2023-11-15 23:00:00,251.0,0.575,88.94999999999999
2023-11-16 00:00:00,280.0,0.525,82.9
2023-11-16 01:00:00,295.0,0.6,99.525
2023-11-16 02:00:00,291.0,0.625,90.275
2023-11-16 03:00:00,306.0,0.575,87.375
2023-11-16 04:00:00,305.0,0.5,102.175
2023-11-16 05:00:00,304.0,0.65,81.45
2023-11-16 06:00:00,313.0,0.55,79.05
2023-11-16 07:00:00,332.0,0.425,103.075
2023-11-16 08:00:00,316.0,0.65,133.675
2023-11-16 09:00:00,356.0,1.3,178.825
2023-11-16 10:00:00,433.0,0.975,172.85
2023-11-16 11:00:00,509.0,0.925,191.625
2023-11-16 12:00:00,519.0,0.55,233.025
2023-11-16 13:00:00,493.0,0.5,167.975
2023-11-16 14:00:00,256.0,0.425,183.2
2023-11-16 15:00:00,267.0,0.375,176.89999999999998
2023-11-16 16:00:00,251.0,0.6499999999999999,92.625
2023-11-16 17:00:00,246.75,0.75,104.175
2023-11-16 18:00:00,252.0,0.725,111.275
2023-11-16 19:00:00,299.0,0.65,113.3
2023-11-16 20:00:00,296.75,0.7,98.475
2023-11-16 21:00:00,291.25,0.575,111.2
2023-11-16 22:00:00,291.0,0.6,84.775
2023-11-16 23:00:00,282.0,0.6499999999999999,92.95
2023-11-17 00:00:00,291.75,0.775,110.525
2023-11-17 01:00:00,290.25,0.6499999999999999,119.225
2023-11-17 02:00:00,283.6666666666667,0.75,120.7
2023-11-17 03:00:00,284.75,0.6499999999999999,98.0
2023-11-17 04:00:00,259.75,0.6499999999999999,97.6
2023-11-17 05:00:00,261.25,0.55,103.425
2023-11-17 06:00:00,274.5,0.6499999999999999,81.825
2023-11-17 07:00:00,291.75,0.625,110.5
2023-11-17 08:00:00,280.5,0.475,152.325
2023-11-17 09:00:00,282.25,0.625,214.075
2023-11-17 10:00:00,328.75,0.625,254.2
2023-11-17 11:00:00,307.75,0.35,310.5
2023-11-17 12:00:00,226.75,0.425,113.575
2023-11-17 13:00:00,177.75,0.8250000000000001,217.95
2023-11-17 14:00:00,132.25,0.425,151.875
2023-11-17 15:00:00,130.0,0.375,114.1
2023-11-17 16:00:00,121.5,0.625,93.225
2023-11-17 17:00:00,121.5,0.7,104.625
2023-11-17 18:00:00,115.25,0.7,111.225
2023-11-17 19:00:00,112.25,0.575,109.275
2023-11-17 20:00:00,123.75,0.625,105.875
2023-11-17 21:00:00,146.5,0.5,124.05
2023-11-17 22:00:00,179.0,0.675,131.9
2023-11-17 23:00:00,201.25,0.825,87.3
2023-11-18 00:00:00,207.75,0.75,123.1
2023-11-18 01:00:00,210.25,0.6,99.0
2023-11-18 02:00:00,190.75,0.55,120.55
2023-11-18 03:00:00,183.75,0.4,156.72500000000002
2023-11-18 04:00:00,180.75,0.425,71.625
2023-11-18 05:00:00,168.0,0.575,46.775
2023-11-18 06:00:00,149.75,0.7,125.475
2023-11-18 07:00:00,145.0,0.475,110.8
2023-11-18 08:00:00,133.75,0.4499999999999999,172.325
2023-11-18 09:00:00,141.5,0.5,275.275
2023-11-18 10:00:00,153.0,0.45,189.525
2023-11-18 11:00:00,137.5,0.55,105.8
2023-11-18 12:00:00,124.5,0.625,51.475
2023-11-18 13:00:00,85.5,0.75,259.6
2023-11-18 14:00:00,77.0,0.7749999999999999,176.75
2023-11-18 15:00:00,92.5,0.4499999999999999,117.825
2023-11-18 16:00:00,94.75,0.6,81.425
2023-11-18 17:00:00,97.5,0.6749999999999999,94.275
2023-11-18 18:00:00,96.25,0.6,117.2
2023-11-18 19:00:00,92.5,0.775,87.57499999999999
2023-11-18 20:00:00,106.25,0.375,169.35000000000002
2023-11-18 21:00:00,108.75,0.575,78.825
2023-11-18 22:00:00,119.0,0.625,69.125
2023-11-18 23:00:00,134.0,0.775,91.95
2023-11-19 00:00:00,130.75,0.825,78.6
2023-11-19 01:00:00,117.75,0.65,134.0
2023-11-19 02:00:00,108.0,0.525,154.925
2023-11-19 03:00:00,109.5,0.425,78.45
2023-11-19 04:00:00,112.25,0.75,111.125
2023-11-19 05:00:00,105.25,0.6,110.6
2023-11-19 06:00:00,99.75,0.525,143.15
2023-11-19 07:00:00,99.5,0.625,108.525
2023-11-19 08:00:00,102.75,0.575,131.525
2023-11-19 09:00:00,123.75,0.475,317.225
2023-11-19 10:00:00,171.75,0.725,179.75
2023-11-19 11:00:00,168.25,1.275,34.95
2023-11-19 12:00:00,144.0,0.975,108.575
2023-11-19 13:00:00,123.0,0.9,27.4
2023-11-19 14:00:00,123.5,0.85,182.4
2023-11-19 15:00:00,124.0,0.5,141.70000000000002
2023-11-19 16:00:00,119.25,0.5249999999999999,80.05
2023-11-19 17:00:00,114.5,0.725,100.725
2023-11-19 18:00:00,112.25,0.725,93.75
2023-11-19 19:00:00,104.75,0.6749999999999999,94.4
2023-11-19 20:00:00,117.5,0.7,116.7
2023-11-19 21:00:00,122.25,0.85,109.75
2023-11-19 22:00:00,129.5,0.725,120.975
2023-11-19 23:00:00,161.0,0.7666666666666666,87.325
2023-11-20 00:00:00,191.0,0.725,81.5
2023-11-20 01:00:00,180.25,0.6,109.65
2023-11-20 02:00:00,187.0,0.6,110.975
2023-11-20 03:00:00,192.75,0.6749999999999999,116.1
2023-11-20 04:00:00,174.5,0.65,114.925
2023-11-20 05:00:00,141.5,0.7,101.05
2023-11-20 06:00:00,123.0,0.6499999999999999,111.875
2023-11-20 07:00:00,142.75,0.55,89.05000000000001
2023-11-20 08:00:00,169.25,0.575,134.42499999999998
2023-11-20 09:00:00,184.25,0.375,148.75
2023-11-20 10:00:00,205.5,0.4,65.875
2023-11-20 11:00:00,206.0,0.725,102.225
2023-11-20 12:00:00,156.25,1.7000000000000002,163.625
2023-11-20 13:00:00,146.25,1.25,155.10000000000002
2023-11-20 14:00:00,133.75,1.5,162.375
2023-11-20 15:00:00,136.75,1.75,171.95
2023-11-20 16:00:00,127.75,0.7,105.45
2023-11-20 17:00:00,122.75,0.65,102.925
2023-11-20 18:00:00,126.75,0.65,115.125
2023-11-20 19:00:00,127.5,0.7,108.025
2023-11-20 20:00:00,142.0,0.775,105.625
2023-11-20 21:00:00,150.5,0.7,115.65
2023-11-20 22:00:00,172.75,0.6749999999999999,108.0
2023-11-20 23:00:00,190.75,0.7,96.95
2023-11-21 00:00:00,193.5,0.6499999999999999,102.7
2023-11-21 01:00:00,198.25,0.575,102.175
2023-11-21 02:00:00,204.75,0.65,108.525
2023-11-21 03:00:00,196.5,0.775,104.4
2023-11-21 04:00:00,205.25,0.75,137.2
2023-11-21 05:00:00,219.0,0.6,70.4
2023-11-21 06:00:00,221.0,0.475,83.85
2023-11-21 07:00:00,220.25,0.7749999999999999,124.95
2023-11-21 08:00:00,234.5,1.475,171.57500000000002
2023-11-21 09:00:00,271.75,1.675,170.7
2023-11-21 10:00:00,302.0,1.675,171.8
2023-11-21 11:00:00,246.0,1.825,175.425
2023-11-21 12:00:00,189.5,2.425,173.325
2023-11-21 13:00:00,147.25,2.475,172.5
2023-11-21 14:00:00,158.25,1.925,175.825
2023-11-21 15:00:00,178.75,2.125,171.9
2023-11-21 16:00:00,174.75,1.525,167.0
2023-11-21 17:00:00,181.5,0.85,121.65
2023-11-21 18:00:00,209.0,0.8250000000000001,99.9
2023-11-21 19:00:00,228.75,0.8,109.0
2023-11-21 20:00:00,250.5,0.8500000000000001,131.425
2023-11-21 21:00:00,276.6666666666667,0.9,137.725
2023-11-21 22:00:00,286.25,0.975,147.55
2023-11-21 23:00:00,284.0,0.775,134.6
2023-11-22 00:00:00,255.0,0.85,144.25
2023-11-22 01:00:00,250.75,0.875,142.55
2023-11-22 02:00:00,256.0,0.975,151.75
2023-11-22 03:00:00,261.25,0.95,151.25
2023-11-22 04:00:00,258.5,0.95,150.5
2023-11-22 05:00:00,263.5,1.0,154.075
2023-11-22 06:00:00,258.5,1.1,151.95
2023-11-22 07:00:00,267.75,0.925,159.9
2023-11-22 08:00:00,282.25,1.675,170.3
2023-11-22 09:00:00,325.5,2.025,172.35
2023-11-22 10:00:00,357.0,1.825,181.1
2023-11-22 11:00:00,300.75,2.1500000000000004,178.075
2023-11-22 12:00:00,258.75,2.775,174.2
2023-11-22 13:00:00,227.25,2.575,180.3
2023-11-22 14:00:00,205.0,2.275,171.9
2023-11-22 15:00:00,198.0,1.95,173.125
2023-11-22 16:00:00,189.25,0.775,101.525
2023-11-22 17:00:00,171.25,0.575,102.625
2023-11-22 18:00:00,166.0,0.7,108.075
2023-11-22 19:00:00,158.0,0.675,86.475
2023-11-22 20:00:00,161.33333333333334,0.7,98.3
2023-11-22 21:00:00,165.25,0.725,94.35
2023-11-22 22:00:00,181.75,0.75,96.05
2023-11-22 23:00:00,208.25,0.6499999999999999,79.575
2023-11-23 00:00:00,235.5,0.625,92.65
2023-11-23 01:00:00,266.5,0.65,109.3
2023-11-23 02:00:00,281.25,0.575,137.8
2023-11-23 03:00:00,276.0,0.625,107.725
2023-11-23 04:00:00,260.0,0.625,107.875
2023-11-23 05:00:00,244.0,0.625,105.675
2023-11-23 06:00:00,232.0,0.625,104.1
2023-11-23 07:00:00,213.0,0.575,99.775
2023-11-23 08:00:00,205.0,0.55,120.325
2023-11-23 09:00:00,216.0,0.325,135.65
2023-11-23 10:00:00,229.0,0.85,92.225
2023-11-23 11:00:00,274.0,0.725,103.075
2023-11-23 12:00:00,234.0,0.6,199.25
2023-11-23 13:00:00,222.0,0.875,42.475
2023-11-23 14:00:00,174.0,0.825,122.775
2023-11-23 15:00:00,155.0,0.675,39.325
2023-11-23 16:00:00,174.0,0.45,53.325
2023-11-23 17:00:00,196.0,0.6,91.8
2023-11-23 18:00:00,217.0,0.575,80.45
2023-11-23 19:00:00,188.0,0.575,105.675
2023-11-23 20:00:00,202.0,0.6,120.35
2023-11-23 21:00:00,223.0,0.625,94.0
2023-11-23 22:00:00,241.0,0.7,115.85
2023-11-23 23:00:00,295.0,0.6749999999999999,94.45
2023-11-24 00:00:00,294.0,0.575,87.075
2023-11-24 01:00:00,313.0,0.7,103.325
2023-11-24 02:00:00,291.0,0.725,115.675
2023-11-24 03:00:00,318.0,0.75,107.9
2023-11-24 04:00:00,289.0,0.7,97.15
2023-11-24 05:00:00,252.0,0.7,102.925
2023-11-24 06:00:00,240.0,0.6499999999999999,94.325
2023-11-24 07:00:00,245.0,0.475,116.175
2023-11-24 08:00:00,222.0,0.625,125.975
2023-11-24 09:00:00,222.0,0.625,68.85
2023-11-24 10:00:00,244.0,0.475,153.72500000000002
2023-11-24 11:00:00,304.0,0.625,158.35
2023-11-24 12:00:00,280.0,0.525,208.45
2023-11-24 13:00:00,257.0,0.5,167.04999999999998
2023-11-24 14:00:00,246.0,0.7250000000000001,106.35
2023-11-24 15:00:00,241.0,0.675,108.8
2023-11-24 16:00:00,213.0,0.625,85.125
2023-11-24 17:00:00,204.0,0.725,90.725
2023-11-24 18:00:00,213.0,0.7,103.575
2023-11-24 19:00:00,217.0,0.75,109.325
2023-11-24 20:00:00,243.0,0.7,107.0
2023-11-24 21:00:00,249.0,0.625,92.3
2023-11-24 22:00:00,239.0,0.6749999999999999,114.45
2023-11-24 23:00:00,245.0,0.7,101.275
2023-11-25 00:00:00,230.0,0.575,95.7
2023-11-25 01:00:00,227.0,0.5,76.6
2023-11-25 02:00:00,244.0,0.575,96.375
2023-11-25 03:00:00,245.0,0.45,111.9
2023-11-25 04:00:00,257.0,0.6,96.325
2023-11-25 05:00:00,273.0,0.525,107.275
2023-11-25 06:00:00,262.0,0.55,126.775
2023-11-25 07:00:00,240.0,0.55,113.125
2023-11-25 08:00:00,232.0,0.675,158.52499999999998
2023-11-25 09:00:00,221.0,0.8,176.65
2023-11-25 10:00:00,260.0,1.025,181.75
2023-11-25 11:00:00,217.0,1.675,177.85
2023-11-25 12:00:00,163.0,1.575,187.25
2023-11-25 13:00:00,153.75,1.025,217.275
2023-11-25 14:00:00,127.25,0.7,187.4
2023-11-25 15:00:00,119.0,0.425,127.925
2023-11-25 16:00:00,109.5,0.625,79.025
2023-11-25 17:00:00,110.25,0.7,104.875
2023-11-25 18:00:00,119.5,0.725,104.825
2023-11-25 19:00:00,133.0,0.725,105.0
2023-11-25 20:00:00,159.0,0.625,105.9
2023-11-25 21:00:00,187.0,0.6,116.075
2023-11-25 22:00:00,196.25,0.625,99.675
2023-11-25 23:00:00,188.0,0.625,108.75
2023-11-26 00:00:00,191.25,0.7,109.925
2023-11-26 01:00:00,197.25,0.75,108.925
2023-11-26 02:00:00,186.0,0.6749999999999999,90.45
2023-11-26 03:00:00,178.0,0.625,113.45
2023-11-26 04:00:00,197.0,0.775,99.925
2023-11-26 05:00:00,191.0,0.7,101.725
2023-11-26 06:00:00,207.0,0.4499999999999999,94.65
2023-11-26 07:00:00,221.0,0.575,107.15
2023-11-26 08:00:00,218.0,0.5,95.475
2023-11-26 09:00:00,249.0,0.575,116.175
2023-11-26 10:00:00,300.0,0.6,226.725
2023-11-26 11:00:00,343.0,0.975,157.55
2023-11-26 12:00:00,294.0,1.1,32.825
2023-11-26 13:00:00,277.0,0.625,99.075
2023-11-26 14:00:00,230.0,0.55,126.55
2023-11-26 15:00:00,175.0,0.375,155.07500000000002
2023-11-26 16:00:00,184.0,0.475,91.7
2023-11-26 17:00:00,183.0,0.675,110.15
2023-11-26 18:00:00,180.0,0.6,102.525
2023-11-26 19:00:00,179.0,0.7,111.1
2023-11-26 20:00:00,201.0,0.6499999999999999,133.55
2023-11-26 21:00:00,205.0,0.625,104.35
2023-11-26 22:00:00,188.0,0.55,134.975
2023-11-26 23:00:00,202.0,0.675,126.575
2023-11-27 00:00:00,223.0,0.725,124.05
2023-11-27 01:00:00,232.0,0.5249999999999999,133.0
2023-11-27 02:00:00,240.0,0.575,110.525
2023-11-27 03:00:00,228.0,0.55,109.0
2023-11-27 04:00:00,230.0,0.525,132.025
2023-11-27 05:00:00,219.0,0.5,134.35000000000002
2023-11-27 06:00:00,215.0,0.6499999999999999,117.3
2023-11-27 07:00:00,186.0,0.375,88.625
2023-11-27 08:00:00,186.0,0.7,106.7
2023-11-27 09:00:00,194.0,0.625,120.95
2023-11-27 10:00:00,226.0,0.525,94.175
2023-11-27 11:00:00,250.0,0.625,200.025
2023-11-27 12:00:00,265.0,0.8,16.8
2023-11-27 13:00:00,243.0,1.075,178.75
2023-11-27 14:00:00,207.0,1.0,95.075
2023-11-27 15:00:00,199.0,1.0,18.575
2023-11-27 16:00:00,215.0,0.85,38.825
2023-11-27 17:00:00,185.0,0.4,102.475
2023-11-27 18:00:00,180.0,0.7,63.8
2023-11-27 19:00:00,202.0,0.825,158.225
2023-11-27 20:00:00,156.0,0.5,134.975
2023-11-27 21:00:00,151.0,0.5249999999999999,114.05
2023-11-27 22:00:00,151.0,0.5750000000000001,70.125
2023-11-27 23:00:00,167.0,0.6,188.925
2023-11-28 00:00:00,160.0,0.35,117.3
2023-11-28 01:00:00,147.0,0.55,108.075
2023-11-28 02:00:00,138.0,0.8500000000000001,124.925
2023-11-28 03:00:00,124.0,0.45,62.275
2023-11-28 04:00:00,119.0,0.575,204.175
2023-11-28 05:00:00,122.0,0.525,255.225
2023-11-28 06:00:00,117.0,0.3,111.25
2023-11-28 07:00:00,118.0,0.3,255.875
2023-11-28 08:00:00,125.0,0.65,154.775
2023-11-28 09:00:00,130.0,0.65,144.0
2023-11-28 10:00:00,134.0,0.8,87.44999999999999
2023-11-28 11:00:00,141.0,0.475,160.85
2023-11-28 12:00:00,84.0,0.8250000000000001,209.0
2023-11-28 13:00:00,78.0,1.1,201.275
2023-11-28 14:00:00,30.0,1.2000000000000002,209.65
2023-11-28 15:00:00,51.0,1.225,195.475
2023-11-28 16:00:00,92.0,0.8,136.775
2023-11-28 17:00:00,75.0,0.6749999999999999,127.725
2023-11-28 18:00:00,68.0,0.6,115.075
2023-11-28 19:00:00,55.0,0.6,115.05
2023-11-28 20:00:00,52.0,0.6499999999999999,112.9
2023-11-28 21:00:00,56.0,0.7,104.675
2023-11-28 22:00:00,69.0,0.6749999999999999,101.525
2023-11-28 23:00:00,80.0,0.7,97.2
2023-11-29 00:00:00,102.0,0.6749999999999999,94.875
2023-11-29 01:00:00,117.0,0.6749999999999999,99.825
2023-11-29 02:00:00,124.0,0.55,97.575
2023-11-29 03:00:00,135.0,0.6,88.925
2023-11-29 04:00:00,130.0,0.475,103.65
2023-11-29 05:00:00,139.0,0.6,128.275
2023-11-29 06:00:00,134.0,0.5249999999999999,112.275
2023-11-29 07:00:00,140.0,0.625,114.65
2023-11-29 08:00:00,149.0,0.425,158.67499999999998
2023-11-29 09:00:00,155.0,0.525,177.05
2023-11-29 10:00:00,179.0,0.75,31.3
2023-11-29 11:00:00,184.0,1.1,19.725
2023-11-29 12:00:00,135.0,0.9,88.475
2023-11-29 13:00:00,143.0,0.875,108.0
2023-11-29 14:00:00,172.0,0.925,41.95
2023-11-29 15:00:00,196.0,0.5,113.375
2023-11-29 16:00:00,194.0,0.525,87.875
2023-11-29 17:00:00,195.0,0.6499999999999999,128.9
2023-11-29 18:00:00,180.0,0.6499999999999999,108.275
2023-11-29 19:00:00,180.0,0.7,110.45
2023-11-29 20:00:00,156.0,0.5499999999999999,108.7
2023-11-29 21:00:00,167.25,0.625,106.975
2023-11-29 22:00:00,176.25,0.65,107.65
2023-11-29 23:00:00,186.25,0.55,107.925
2023-11-30 00:00:00,189.0,0.6,97.025
2023-11-30 01:00:00,189.0,0.625,118.85
2023-11-30 02:00:00,189.0,0.6,110.875
2023-11-30 03:00:00,172.0,0.525,85.925
2023-11-30 04:00:00,172.0,0.6,105.35
2023-11-30 05:00:00,172.5,0.625,103.225
2023-11-30 06:00:00,172.0,0.525,120.075
2023-11-30 07:00:00,171.0,0.45,127.175
2023-11-30 08:00:00,171.0,0.45,224.5
2023-11-30 09:00:00,171.0,0.8,52.725
2023-11-30 10:00:00,171.0,1.15,30.2
2023-11-30 11:00:00,171.0,0.925,20.0
2023-11-30 12:00:00,311.0,1.425,35.0
2023-11-30 13:00:00,262.25,1.075,31.075
2023-11-30 14:00:00,256.5,1.125,40.35
2023-11-30 15:00:00,260.0,0.85,43.6
2023-11-30 16:00:00,260.0,0.475,116.65
2023-11-30 17:00:00,260.0,0.65,111.875
2023-11-30 18:00:00,227.5,0.6749999999999999,102.9
2023-11-30 19:00:00,195.0,0.6,110.7
2023-11-30 20:00:00,184.0,0.625,141.65
2023-11-30 21:00:00,197.0,0.6,106.95
2023-11-30 22:00:00,193.0,0.675,110.025
2023-11-30 23:00:00,206.0,0.7749999999999999,147.8
2023-12-01 00:00:00,211.0,0.575,127.575
2023-12-01 01:00:00,184.0,0.55,104.8
2023-12-01 02:00:00,167.0,0.65,126.15
2023-12-01 03:00:00,160.0,0.675,99.5
2023-12-01 04:00:00,153.0,0.675,129.975
2023-12-01 05:00:00,155.0,0.625,110.725
2023-12-01 06:00:00,151.0,0.6,121.975
2023-12-01 07:00:00,172.0,0.425,194.875
2023-12-01 08:00:00,190.0,0.525,149.875
2023-12-01 09:00:00,190.0,0.575,226.75
2023-12-01 10:00:00,287.0,0.575,194.525
2023-12-01 11:00:00,271.0,0.675,221.45
2023-12-01 12:00:00,189.0,0.875,239.95
2023-12-01 13:00:00,217.0,0.65,222.625
2023-12-01 14:00:00,186.0,0.625,196.55
2023-12-01 15:00:00,153.0,0.7,140.375
2023-12-01 16:00:00,175.0,0.6,113.05
2023-12-01 17:00:00,189.0,0.7,123.05
2023-12-01 18:00:00,206.0,0.625,106.325
2023-12-01 19:00:00,197.0,0.7,102.3
2023-12-01 20:00:00,178.0,0.6499999999999999,109.725
2023-12-01 21:00:00,180.0,0.6749999999999999,105.15
2023-12-01 22:00:00,183.0,0.6749999999999999,97.8
2023-12-01 23:00:00,177.0,0.625,105.425
2023-12-02 00:00:00,175.0,0.6,96.075
2023-12-02 01:00:00,164.0,0.6499999999999999,126.675
2023-12-02 02:00:00,157.0,0.7,96.825
2023-12-02 03:00:00,146.0,0.625,115.575
2023-12-02 04:00:00,138.0,0.5,91.475
2023-12-02 05:00:00,151.0,0.575,109.95
2023-12-02 06:00:00,145.0,0.4,145.0
2023-12-02 07:00:00,167.0,0.6,112.325
2023-12-02 08:00:00,161.0,0.725,204.975
2023-12-02 09:00:00,156.0,1.05,179.625
2023-12-02 10:00:00,161.0,1.0,189.45
2023-12-02 11:00:00,200.0,1.15,211.2
2023-12-02 12:00:00,185.0,1.225,191.8
2023-12-02 13:00:00,149.0,1.275,201.35
2023-12-02 14:00:00,177.0,1.35,189.825
2023-12-02 15:00:00,172.0,1.3,186.625
2023-12-02 16:00:00,110.0,0.925,143.375
2023-12-02 17:00:00,88.0,0.6,94.575
2023-12-02 18:00:00,88.0,0.625,97.975
2023-12-02 19:00:00,94.0,0.525,97.875
2023-12-02 20:00:00,92.0,0.7,106.95
2023-12-02 21:00:00,111.0,0.7,106.525
2023-12-02 22:00:00,118.0,0.625,110.525
2023-12-02 23:00:00,141.0,0.875,129.65
2023-12-03 00:00:00,152.0,0.725,103.175
2023-12-03 01:00:00,137.25,0.5,96.825
2023-12-03 02:00:00,130.75,0.6,97.525
2023-12-03 03:00:00,127.0,0.7,84.05
2023-12-03 04:00:00,125.0,0.55,107.275
2023-12-03 05:00:00,118.0,0.7,147.3
2023-12-03 06:00:00,123.0,0.575,130.925
2023-12-03 07:00:00,119.0,0.725,89.375
2023-12-03 08:00:00,123.0,0.45,168.225
2023-12-03 09:00:00,127.0,0.575,231.35
2023-12-03 10:00:00,195.0,0.575,217.9
2023-12-03 11:00:00,210.0,0.425,202.45
2023-12-03 12:00:00,229.0,0.375,162.225
2023-12-03 13:00:00,146.0,0.95,178.125
2023-12-03 14:00:00,118.0,0.725,187.15
2023-12-03 15:00:00,103.0,0.375,180.65
2023-12-03 16:00:00,106.0,0.525,110.075
2023-12-03 17:00:00,103.0,0.75,112.625
2023-12-03 18:00:00,111.0,0.875,91.5
2023-12-03 19:00:00,103.0,0.675,198.8
2023-12-03 20:00:00,118.0,0.625,73.775
2023-12-03 21:00:00,158.0,0.7,143.25
2023-12-03 22:00:00,149.0,0.625,90.55
2023-12-03 23:00:00,161.0,0.3333333333333333,154.775
2023-12-04 00:00:00,167.0,0.725,118.55
2023-12-04 01:00:00,169.0,0.675,113.25
2023-12-04 02:00:00,144.0,0.675,119.55
2023-12-04 03:00:00,132.0,0.825,142.325
2023-12-04 04:00:00,114.0,0.675,105.075
2023-12-04 05:00:00,118.0,0.7,98.075
2023-12-04 06:00:00,125.0,0.775,116.475
2023-12-04 07:00:00,133.0,0.35,105.625
2023-12-04 08:00:00,124.0,0.825,151.425
2023-12-04 09:00:00,130.0,0.65,177.3
2023-12-04 10:00:00,173.0,0.7,215.125
2023-12-04 11:00:00,155.0,0.775,242.325
2023-12-04 12:00:00,144.0,0.575,288.55
2023-12-04 13:00:00,167.0,1.0,318.03333333333336
2023-12-04 14:00:00,207.0,1.1125,265.9791666666667
2023-12-04 15:00:00,150.0,1.225,213.925
2023-12-04 16:00:00,105.0,0.675,114.325
2023-12-04 17:00:00,108.0,0.775,95.75
2023-12-04 18:00:00,91.0,0.725,110.15
2023-12-04 19:00:00,83.0,0.8,106.1
2023-12-04 20:00:00,91.0,0.7,101.95
2023-12-04 21:00:00,101.0,0.75,92.8
2023-12-04 22:00:00,122.0,0.625,89.35
2023-12-04 23:00:00,136.0,0.725,125.4
2023-12-05 00:00:00,140.0,0.75,100.675
2023-12-05 01:00:00,136.0,0.625,124.675
2023-12-05 02:00:00,135.0,0.65,101.05
2023-12-05 03:00:00,139.0,0.6749999999999999,130.5
2023-12-05 04:00:00,155.0,0.6499999999999999,113.575
2023-12-05 05:00:00,168.0,0.7749999999999999,129.14999999999998
2023-12-05 06:00:00,162.0,0.7,104.925
2023-12-05 07:00:00,140.0,0.65,142.725
2023-12-05 08:00:00,111.0,0.8250000000000001,174.125
2023-12-05 09:00:00,116.0,1.75,171.775
2023-12-05 10:00:00,163.0,1.725,186.3
2023-12-05 11:00:00,180.0,2.2,191.95
2023-12-05 12:00:00,186.0,2.05,201.475
2023-12-05 13:00:00,153.0,2.075,190.925
2023-12-05 14:00:00,79.0,2.375,181.55
2023-12-05 15:00:00,99.0,2.1,184.225
2023-12-05 16:00:00,85.0,1.675,173.55
2023-12-05 17:00:00,75.0,0.775,110.65
2023-12-05 18:00:00,62.0,0.725,106.35
2023-12-05 19:00:00,66.0,0.6499999999999999,91.3
2023-12-05 20:00:00,79.0,0.725,95.55
2023-12-05 21:00:00,101.0,0.75,97.2
2023-12-05 22:00:00,112.0,0.7,102.7
2023-12-05 23:00:00,127.0,0.7,112.775
2023-12-06 00:00:00,122.0,0.725,109.85
2023-12-06 01:00:00,136.0,0.625,103.1
2023-12-06 02:00:00,144.0,0.675,102.2
2023-12-06 03:00:00,141.0,0.775,127.05
2023-12-06 04:00:00,132.0,0.625,107.35
2023-12-06 05:00:00,128.0,0.95,145.575
2023-12-06 06:00:00,135.0,0.575,118.25
2023-12-06 07:00:00,143.0,0.6,110.3
2023-12-06 08:00:00,140.0,1.225,171.525
2023-12-06 09:00:00,133.0,1.6,173.425
2023-12-06 10:00:00,167.0,1.35,193.175
2023-12-06 11:00:00,136.0,1.425,176.2
2023-12-06 12:00:00,129.0,1.0,171.225
2023-12-06 13:00:00,92.0,0.8,85.25
2023-12-06 14:00:00,78.0,0.825,130.6
2023-12-06 15:00:00,68.0,0.875,174.475
2023-12-06 16:00:00,73.0,0.75,111.725
2023-12-06 17:00:00,72.0,0.6499999999999999,113.225
2023-12-06 18:00:00,68.0,0.625,114.775
2023-12-06 19:00:00,69.0,0.525,98.65
2023-12-06 20:00:00,77.0,0.575,108.5
2023-12-06 21:00:00,92.0,0.6499999999999999,99.875
2023-12-06 22:00:00,105.0,0.6749999999999999,102.0
2023-12-06 23:00:00,114.0,0.55,80.5
2023-12-07 00:00:00,118.0,0.525,91.05
2023-12-07 01:00:00,116.0,0.45,112.1
2023-12-07 02:00:00,112.0,0.675,105.825
2023-12-07 03:00:00,117.0,0.4,119.05
2023-12-07 04:00:00,122.0,0.625,107.75
2023-12-07 05:00:00,117.0,0.625,105.35
2023-12-07 06:00:00,130.0,0.7,113.825
2023-12-07 07:00:00,128.0,0.6,136.10000000000002
2023-12-07 08:00:00,134.0,0.95,162.75
2023-12-07 09:00:00,152.0,1.6,173.0
2023-12-07 10:00:00,196.0,1.45,173.175
2023-12-07 11:00:00,219.0,1.85,186.0
2023-12-07 12:00:00,193.0,1.475,196.05
2023-12-07 13:00:00,158.0,1.05,137.2
2023-12-07 14:00:00,155.0,1.825,171.325
2023-12-07 15:00:00,130.0,1.4,156.65
2023-12-07 16:00:00,117.0,0.825,144.47500000000002
2023-12-07 17:00:00,106.0,0.775,104.2
2023-12-07 18:00:00,108.0,0.675,114.525
2023-12-07 19:00:00,111.0,0.675,106.95
2023-12-07 20:00:00,116.0,0.775,111.075
2023-12-07 21:00:00,130.0,0.675,103.975
2023-12-07 22:00:00,147.0,0.725,107.625
2023-12-07 23:00:00,139.0,0.675,107.7
2023-12-08 00:00:00,144.0,0.6499999999999999,93.075
2023-12-08 01:00:00,139.0,0.425,94.725
2023-12-08 02:00:00,130.0,0.475,85.275
2023-12-08 03:00:00,132.0,0.5,105.975
2023-12-08 04:00:00,135.0,0.925,144.225
2023-12-08 05:00:00,132.0,1.25,163.39999999999998
2023-12-08 06:00:00,133.0,1.275,165.45
2023-12-08 07:00:00,113.0,1.8,174.65
2023-12-08 08:00:00,108.0,1.9,171.075
2023-12-08 09:00:00,114.0,2.175,171.525
2023-12-08 10:00:00,150.0,2.1,178.675
2023-12-08 11:00:00,146.0,2.25,175.975
2023-12-08 12:00:00,138.0,2.55,180.45
2023-12-08 13:00:00,118.0,1.9,195.275
2023-12-08 14:00:00,107.0,1.866666666666667,193.66666666666663
2023-12-08 15:00:00,106.0,1.8,187.75
2023-12-08 16:00:00,102.0,1.0,152.6
2023-12-08 17:00:00,88.0,0.6499999999999999,90.675
2023-12-08 18:00:00,80.0,0.7,96.025
2023-12-08 19:00:00,80.0,0.725,94.8
2023-12-08 20:00:00,91.0,0.75,96.0
2023-12-08 21:00:00,106.0,0.8500000000000001,103.975
2023-12-08 22:00:00,140.0,0.875,101.65
2023-12-08 23:00:00,157.0,0.8500000000000001,103.725
2023-12-09 00:00:00,182.0,0.8,105.225
2023-12-09 01:00:00,190.0,0.775,109.55
2023-12-09 02:00:00,204.0,0.625,86.875
2023-12-09 03:00:00,201.0,0.7,98.15
2023-12-09 04:00:00,174.0,0.7,100.175
2023-12-09 05:00:00,155.0,0.65,95.625
2023-12-09 06:00:00,141.0,0.625,87.6
2023-12-09 07:00:00,136.0,0.6749999999999999,99.025
2023-12-09 08:00:00,127.0,0.975,172.85000000000002
2023-12-09 09:00:00,133.0,1.625,175.9
2023-12-09 10:00:00,158.0,2.4000000000000004,180.425
2023-12-09 11:00:00,140.0,2.5,173.125
2023-12-09 12:00:00,122.0,2.6500000000000004,174.475
2023-12-09 13:00:00,103.0,2.5,181.7
2023-12-09 14:00:00,101.0,2.55,179.325
2023-12-09 15:00:00,80.0,2.175,176.775
2023-12-09 16:00:00,94.0,1.1749999999999998,170.75
2023-12-09 17:00:00,113.0,0.725,93.725
2023-12-09 18:00:00,100.0,0.75,97.25
2023-12-09 19:00:00,95.0,0.8,107.425
2023-12-09 20:00:00,107.0,0.775,100.4
2023-12-09 21:00:00,122.0,0.8,97.4
2023-12-09 22:00:00,136.0,0.775,98.6
2023-12-09 23:00:00,147.0,0.8,98.825
2023-12-10 00:00:00,156.0,0.725,96.3
2023-12-10 01:00:00,156.0,0.725,93.225
2023-12-10 02:00:00,153.0,0.525,103.35
2023-12-10 03:00:00,172.0,0.625,85.825
2023-12-10 04:00:00,166.0,0.475,81.8
2023-12-10 05:00:00,153.0,0.4,104.925
2023-12-10 06:00:00,141.0,0.9000000000000001,155.825
2023-12-10 07:00:00,133.0,0.5,104.25
2023-12-10 08:00:00,122.0,1.525,171.625
2023-12-10 09:00:00,122.0,2.025,167.275
2023-12-10 10:00:00,144.0,2.825,177.575
2023-12-10 11:00:00,158.0,2.925,178.6
2023-12-10 12:00:00,155.0,2.875,181.55
2023-12-10 13:00:00,145.0,3.1,174.575
2023-12-10 14:00:00,116.0,2.7750000000000004,177.425
2023-12-10 15:00:00,134.0,2.65,175.75
2023-12-10 16:00:00,136.0,1.55,149.7
2023-12-10 17:00:00,125.0,0.75,96.225
2023-12-10 18:00:00,118.0,0.6749999999999999,118.3
2023-12-10 19:00:00,122.0,0.75,97.1
2023-12-10 20:00:00,135.0,0.55,106.05
2023-12-10 21:00:00,153.0,0.75,102.95
2023-12-10 22:00:00,172.0,0.65,88.125
2023-12-10 23:00:00,168.0,0.675,97.325
2023-12-11 00:00:00,184.0,0.775,96.4
2023-12-11 01:00:00,186.0,0.675,87.975
2023-12-11 02:00:00,179.0,0.55,83.7
2023-12-11 03:00:00,175.0,0.6749999999999999,86.875
2023-12-11 04:00:00,167.0,0.6,104.75
2023-12-11 05:00:00,147.0,0.55,91.975
2023-12-11 06:00:00,153.0,0.525,93.35
2023-12-11 07:00:00,151.0,0.6,74.3
2023-12-11 08:00:00,173.0,0.575,141.65
2023-12-11 09:00:00,185.0,0.725,181.775
2023-12-11 10:00:00,166.0,0.45,216.075
2023-12-11 11:00:00,199.0,0.875,114.425
2023-12-11 12:00:00,133.0,0.85,92.9
2023-12-11 13:00:00,117.0,1.625,174.8
2023-12-11 14:00:00,95.0,1.775,176.075
2023-12-11 15:00:00,90.0,1.125,200.275
2023-12-11 16:00:00,73.0,0.6,112.825
2023-12-11 17:00:00,67.0,0.7,94.575
2023-12-11 18:00:00,55.0,0.7,95.075
2023-12-11 19:00:00,70.0,0.7,104.5
2023-12-11 20:00:00,110.0,0.6,123.125
2023-12-11 21:00:00,139.0,0.625,98.85
2023-12-11 22:00:00,162.0,0.625,110.125
2023-12-11 23:00:00,188.0,0.75,96.95
2023-12-12 00:00:00,186.0,0.75,98.275
2023-12-12 01:00:00,222.0,0.6499999999999999,104.75
2023-12-12 02:00:00,230.0,0.75,100.975
2023-12-12 03:00:00,207.0,0.6,87.725
2023-12-12 04:00:00,196.0,0.775,95.725
2023-12-12 05:00:00,197.0,0.575,112.7
2023-12-12 06:00:00,183.0,0.6,98.975
2023-12-12 07:00:00,177.0,0.725,103.075
2023-12-12 08:00:00,202.0,0.6,99.9
2023-12-12 09:00:00,229.0,0.55,91.5
2023-12-12 10:00:00,287.0,1.0,22.65
2023-12-12 11:00:00,246.0,0.975,20.0
2023-12-12 12:00:00,232.0,0.975,59.75
2023-12-12 13:00:00,175.0,0.7,158.75
2023-12-12 14:00:00,112.0,0.95,98.075
2023-12-12 15:00:00,119.0,0.75,54.575
2023-12-12 16:00:00,140.0,0.525,59.925
2023-12-12 17:00:00,141.0,0.525,63.85
2023-12-12 18:00:00,134.0,0.65,84.45
2023-12-12 19:00:00,135.0,0.65,120.4
2023-12-12 20:00:00,160.0,0.575,71.575
2023-12-12 21:00:00,191.0,0.675,111.975
2023-12-12 22:00:00,217.0,0.6499999999999999,100.525
2023-12-12 23:00:00,243.0,0.625,96.325
2023-12-13 00:00:00,259.0,0.7,109.7
2023-12-13 01:00:00,250.0,0.7,114.7
2023-12-13 02:00:00,257.0,0.6749999999999999,96.45
2023-12-13 03:00:00,254.0,0.725,111.75
2023-12-13 04:00:00,256.0,0.625,106.775
2023-12-13 05:00:00,244.0,0.75,107.175
2023-12-13 06:00:00,233.0,0.575,116.1
2023-12-13 07:00:00,224.0,0.5,119.725
2023-12-13 08:00:00,226.0,0.525,104.35
2023-12-13 09:00:00,188.0,0.325,218.2
2023-12-13 10:00:00,201.0,0.575,278.5
2023-12-13 11:00:00,260.0,0.925,219.9
2023-12-13 12:00:00,199.0,1.175,215.5
2023-12-13 13:00:00,129.0,1.45,205.575
2023-12-13 14:00:00,186.0,1.75,198.075
2023-12-13 15:00:00,83.0,1.8,185.725
2023-12-13 16:00:00,68.0,0.825,128.85
2023-12-13 17:00:00,59.0,0.825,91.05
2023-12-13 18:00:00,68.0,0.775,96.5
2023-12-13 19:00:00,86.0,0.775,94.875
2023-12-13 20:00:00,116.0,0.775,102.825
2023-12-13 21:00:00,157.0,0.75,95.6
2023-12-13 22:00:00,191.0,0.775,100.25
2023-12-13 23:00:00,201.0,0.8,105.975
2023-12-14 00:00:00,197.0,0.8250000000000001,98.85
2023-12-14 01:00:00,195.0,0.6499999999999999,99.9
2023-12-14 02:00:00,179.0,0.75,97.25
2023-12-14 03:00:00,179.0,0.675,108.325
2023-12-14 04:00:00,183.0,0.75,103.55
2023-12-14 05:00:00,189.0,0.6,103.6
2023-12-14 06:00:00,183.0,0.375,86.75
2023-12-14 07:00:00,161.0,0.7,115.775
2023-12-14 08:00:00,155.0,1.475,166.825
2023-12-14 09:00:00,145.0,2.0,169.95
2023-12-14 10:00:00,167.0,2.075,166.85000000000002
2023-12-14 11:00:00,158.0,2.4,170.6
2023-12-14 12:00:00,116.0,2.9,174.45
2023-12-14 13:00:00,88.0,2.9,169.55
2023-12-14 14:00:00,72.0,2.525,169.1
2023-12-14 15:00:00,58.0,2.4,176.30000000000004
2023-12-14 16:00:00,58.0,1.5,160.35
2023-12-14 17:00:00,62.0,0.625,100.85
2023-12-14 18:00:00,63.0,0.725,100.2
2023-12-14 19:00:00,78.0,0.75,94.375
2023-12-14 20:00:00,96.0,0.725,93.225
2023-12-14 21:00:00,127.0,0.7,90.525
2023-12-14 22:00:00,145.0,0.8250000000000001,112.7
2023-12-14 23:00:00,163.0,0.8,110.2
2023-12-15 00:00:00,164.0,0.8250000000000001,94.775
2023-12-15 01:00:00,166.0,0.6,87.55
2023-12-15 02:00:00,151.0,0.625,119.55
2023-12-15 03:00:00,149.0,0.6499999999999999,95.05
2023-12-15 04:00:00,160.0,0.575,110.225
2023-12-15 05:00:00,174.0,0.65,97.15
2023-12-15 06:00:00,155.0,0.6499999999999999,97.95
2023-12-15 07:00:00,139.0,0.775,89.025
2023-12-15 08:00:00,143.0,0.725,94.225
2023-12-15 09:00:00,173.0,0.475,110.8
2023-12-15 10:00:00,175.0,0.35,215.9
2023-12-15 11:00:00,147.0,0.5,182.025
2023-12-15 12:00:00,174.0,1.125,162.0
2023-12-15 13:00:00,123.0,1.625,170.675
2023-12-15 14:00:00,108.0,1.7,172.075
2023-12-15 15:00:00,70.0,1.575,188.95
2023-12-15 16:00:00,66.0,0.6749999999999999,103.75
2023-12-15 17:00:00,73.0,0.7,104.3
2023-12-15 18:00:00,73.0,0.775,104.9
2023-12-15 19:00:00,75.0,0.775,111.3
2023-12-15 20:00:00,99.0,0.775,102.95
2023-12-15 21:00:00,118.0,0.7,94.825
2023-12-15 22:00:00,139.0,0.7,93.05
2023-12-15 23:00:00,183.0,0.7,107.775
2023-12-16 00:00:00,191.0,0.75,103.275
2023-12-16 01:00:00,185.0,0.725,115.1
2023-12-16 02:00:00,196.0,0.75,112.1
2023-12-16 03:00:00,207.0,0.75,97.1
2023-12-16 04:00:00,201.0,0.6,96.475
2023-12-16 05:00:00,205.0,0.625,95.95
2023-12-16 06:00:00,215.0,0.575,89.64999999999999
2023-12-16 07:00:00,226.0,0.6749999999999999,111.1
2023-12-16 08:00:00,243.0,0.625,93.25
2023-12-16 09:00:00,226.0,0.475,233.075
2023-12-16 10:00:00,221.0,0.4,71.675
2023-12-16 11:00:00,322.0,1.175,156.85
2023-12-16 12:00:00,219.0,1.75,181.05
2023-12-16 13:00:00,129.0,1.5,162.1
2023-12-16 14:00:00,59.0,1.5666666666666669,170.55
2023-12-16 15:00:00,59.0,1.6333333333333335,179.0
2023-12-16 16:00:00,71.5,0.925,135.85
2023-12-16 17:00:00,84.0,0.7,87.625
2023-12-16 18:00:00,77.0,0.725,109.225
2023-12-16 19:00:00,86.0,0.775,122.85
2023-12-16 20:00:00,114.0,0.725,95.65
2023-12-16 21:00:00,122.0,0.7,121.775
2023-12-16 22:00:00,167.0,0.625,102.725
2023-12-16 23:00:00,175.0,0.625,89.5
2023-12-17 00:00:00,161.0,0.75,103.525
2023-12-17 01:00:00,206.0,0.775,106.975
2023-12-17 02:00:00,226.0,0.7,101.75
2023-12-17 03:00:00,240.0,0.725,96.925
2023-12-17 04:00:00,241.0,0.7,98.125
2023-12-17 05:00:00,249.0,0.8,101.75
2023-12-17 06:00:00,243.0,0.8,98.275
2023-12-17 07:00:00,243.0,0.725,110.8
2023-12-17 08:00:00,248.0,0.575,130.725
2023-12-17 09:00:00,226.0,0.45,91.35
2023-12-17 10:00:00,238.0,0.6,111.375
2023-12-17 11:00:00,136.0,1.025,132.075
2023-12-17 12:00:00,84.0,1.275,187.15
2023-12-17 13:00:00,91.0,1.825,199.9
2023-12-17 14:00:00,99.0,2.2,195.7
2023-12-17 15:00:00,92.0,1.6333333333333335,197.7333333333333
2023-12-17 16:00:00,110.0,0.825,209.5
2023-12-17 17:00:00,116.0,0.675,207.375
2023-12-17 18:00:00,266.0,0.75,111.675
2023-12-17 19:00:00,608.0,0.75,107.35
2023-12-17 20:00:00,422.0,0.825,104.25
2023-12-17 21:00:00,449.0,0.725,105.85
2023-12-17 22:00:00,399.0,0.8,113.25
2023-12-17 23:00:00,349.0,0.6749999999999999,107.575
2023-12-18 00:00:00,314.5,0.6499999999999999,97.375
2023-12-18 01:00:00,280.0,0.475,150.77499999999998
2023-12-18 02:00:00,254.0,0.6,99.675
2023-12-18 03:00:00,246.0,0.875,121.5
2023-12-18 04:00:00,218.0,1.25,160.375
2023-12-18 05:00:00,193.0,1.225,162.975
2023-12-18 06:00:00,193.0,1.05,153.375
2023-12-18 07:00:00,172.0,1.425,169.575
2023-12-18 08:00:00,173.0,1.775,171.225
2023-12-18 09:00:00,186.0,2.25,178.375
2023-12-18 10:00:00,202.0,2.675,170.975
2023-12-18 11:00:00,199.0,2.675,172.725
2023-12-18 12:00:00,136.0,3.125,173.175
2023-12-18 13:00:00,121.0,2.75,179.625
2023-12-18 14:00:00,111.0,2.75,174.475
2023-12-18 15:00:00,127.0,2.2,174.1
2023-12-18 16:00:00,113.0,1.95,172.875
2023-12-18 17:00:00,101.0,0.85,131.92499999999998
2023-12-18 18:00:00,110.0,0.8250000000000001,112.3
2023-12-18 19:00:00,113.0,0.75,105.9
2023-12-18 20:00:00,118.0,0.975,138.3
2023-12-18 21:00:00,152.0,1.15,156.975
2023-12-18 22:00:00,180.0,1.4,163.625
2023-12-18 23:00:00,196.0,1.4,162.825
2023-12-19 00:00:00,178.0,1.9,168.875
2023-12-19 01:00:00,167.0,1.8,168.6
2023-12-19 02:00:00,156.0,1.05,141.35
2023-12-19 03:00:00,156.0,1.475,165.825
2023-12-19 04:00:00,147.0,1.1,149.5
2023-12-19 05:00:00,156.0,1.525,168.8
2023-12-19 06:00:00,149.0,1.775,171.0
2023-12-19 07:00:00,140.0,1.775,167.7
2023-12-19 08:00:00,132.0,2.0,167.425
2023-12-19 09:00:00,141.0,2.45,170.2
2023-12-19 10:00:00,157.0,2.55,172.975
2023-12-19 11:00:00,153.0,2.45,172.625
2023-12-19 12:00:00,134.0,3.35,181.675
2023-12-19 13:00:00,91.0,3.25,179.425
2023-12-19 14:00:00,84.0,2.95,179.325
2023-12-19 15:00:00,66.0,2.65,186.0
2023-12-19 16:00:00,51.0,1.825,173.925
2023-12-19 17:00:00,56.0,0.75,106.0
2023-12-19 18:00:00,73.0,0.575,96.45
2023-12-19 19:00:00,73.0,0.75,99.525
2023-12-19 20:00:00,88.0,0.775,102.175
2023-12-19 21:00:00,111.0,0.85,110.875
2023-12-19 22:00:00,139.0,0.725,110.2
2023-12-19 23:00:00,127.0,0.8,96.75
2023-12-20 00:00:00,138.0,0.6,103.825
2023-12-20 01:00:00,134.0,0.725,104.175
2023-12-20 02:00:00,130.0,0.8,110.65
2023-12-20 03:00:00,141.0,0.95,155.675
2023-12-20 04:00:00,141.0,0.825,136.125
2023-12-20 05:00:00,133.0,0.825,145.02499999999998
2023-12-20 06:00:00,125.0,1.025,148.85
2023-12-20 07:00:00,123.0,0.975,153.075
2023-12-20 08:00:00,112.0,1.575,169.975
2023-12-20 09:00:00,117.0,1.75,180.75
2023-12-20 10:00:00,134.0,2.025,174.6
2023-12-20 11:00:00,150.0,2.275,181.275
2023-12-20 12:00:00,141.0,2.6,181.25
2023-12-20 13:00:00,134.0,2.2,185.425
2023-12-20 14:00:00,119.0,2.5,178.075
2023-12-20 15:00:00,100.0,1.95,173.275
2023-12-20 16:00:00,108.0,1.075,140.1
2023-12-20 17:00:00,108.0,0.625,103.5
2023-12-20 18:00:00,100.0,0.45,96.35
2023-12-20 19:00:00,118.0,0.825,99.25
2023-12-20 20:00:00,136.0,0.6,129.10000000000002
2023-12-20 21:00:00,177.0,0.775,104.25
2023-12-20 22:00:00,172.0,0.65,112.75
2023-12-20 23:00:00,195.0,0.8500000000000001,114.425
2023-12-21 00:00:00,185.0,0.575,100.975
2023-12-21 01:00:00,173.0,0.425,160.2
2023-12-21 02:00:00,169.5,0.775,106.3
2023-12-21 03:00:00,170.0,0.7,116.55
2023-12-21 04:00:00,194.5,0.75,123.6
2023-12-21 05:00:00,199.75,0.75,167.7
2023-12-21 06:00:00,210.75,0.6499999999999999,159.225
2023-12-21 07:00:00,214.25,0.85,135.875
2023-12-21 08:00:00,232.5,0.75,136.15
2023-12-21 09:00:00,243.75,0.85,152.075
2023-12-21 10:00:00,235.0,1.55,173.675
2023-12-21 11:00:00,249.0,1.625,183.65
2023-12-21 12:00:00,220.0,1.925,191.825
2023-12-21 13:00:00,193.25,2.3,181.875
2023-12-21 14:00:00,189.25,2.175,183.075
2023-12-21 15:00:00,192.0,1.95,178.0
2023-12-21 16:00:00,159.25,1.325,155.325
2023-12-21 17:00:00,152.5,0.65,108.3
2023-12-21 18:00:00,159.5,0.725,102.65
2023-12-21 19:00:00,170.25,0.775,102.0
2023-12-21 20:00:00,187.0,0.8000000000000002,104.13333333333333
2023-12-21 21:00:00,205.75,0.7750000000000001,102.54166666666666
2023-12-21 22:00:00,213.25,0.75,100.95
2023-12-21 23:00:00,264.0,0.7249999999999999,99.35833333333335
2023-12-22 00:00:00,288.25,0.6999999999999998,97.76666666666668
2023-12-22 01:00:00,285.0,0.575,87.425
2023-12-22 02:00:00,270.5,0.6499999999999999,94.3
2023-12-22 03:00:00,259.5,0.6749999999999999,104.375
2023-12-22 04:00:00,247.0,0.6749999999999999,90.55
2023-12-22 05:00:00,243.5,0.6,110.7
2023-12-22 06:00:00,252.0,0.6,87.2
2023-12-22 07:00:00,259.0,0.575,97.15
2023-12-22 08:00:00,274.0,0.5,123.55
2023-12-22 09:00:00,276.25,0.675,188.725
2023-12-22 10:00:00,264.0,0.975,203.775
2023-12-22 11:00:00,288.25,0.625,202.7
2023-12-22 12:00:00,286.25,0.55,193.3
2023-12-22 13:00:00,272.0,0.5708333333333333,169.36666666666667
2023-12-22 14:00:00,255.5,0.5916666666666667,145.43333333333334
2023-12-22 15:00:00,261.75,0.6125,121.5
2023-12-22 16:00:00,266.5,0.6333333333333333,97.56666666666666
2023-12-22 17:00:00,261.25,0.625,106.125
2023-12-22 18:00:00,252.5,0.65,100.0
2023-12-22 19:00:00,258.75,0.6,88.075
2023-12-22 20:00:00,257.5,0.75,125.875
2023-12-22 21:00:00,271.5,0.7666666666666667,130.58333333333334
2023-12-22 22:00:00,291.75,0.7833333333333333,135.29166666666666
2023-12-22 23:00:00,312.0,0.8,140.0
2023-12-23 00:00:00,374.0,0.5666666666666667,98.3
2023-12-23 01:00:00,394.5,0.45,229.8
2023-12-23 02:00:00,391.0,0.675,109.775
2023-12-23 03:00:00,420.0,0.775,80.3
2023-12-23 04:00:00,433.25,0.625,185.05
2023-12-23 05:00:00,397.5,0.8,106.6
2023-12-23 06:00:00,384.5,0.9,94.5
2023-12-23 07:00:00,374.0,0.625,107.575
2023-12-23 08:00:00,363.5,0.45,99.625
2023-12-23 09:00:00,367.5,0.425,147.15
2023-12-23 10:00:00,396.0,0.65,162.05
2023-12-23 11:00:00,377.75,0.6,106.125
2023-12-23 12:00:00,278.75,1.1,23.7
2023-12-23 13:00:00,216.0,1.1,29.6
2023-12-23 14:00:00,183.0,1.25,110.15
2023-12-23 15:00:00,166.75,0.9,27.6
2023-12-23 16:00:00,123.25,0.55,64.275
2023-12-23 17:00:00,150.0,0.6499999999999999,88.275
2023-12-23 18:00:00,223.5,0.675,106.0
2023-12-23 19:00:00,354.25,0.7,111.125
2023-12-23 20:00:00,422.0,0.725,123.075
2023-12-23 21:00:00,483.75,0.6499999999999999,109.6
2023-12-23 22:00:00,334.5,0.65,115.65
2023-12-23 23:00:00,429.75,0.775,102.05
2023-12-24 00:00:00,486.0,0.7,103.25
2023-12-24 01:00:00,327.0,0.6499999999999999,91.175
2023-12-24 02:00:00,299.75,0.75,106.525
2023-12-24 03:00:00,216.0,0.7,89.7
2023-12-24 04:00:00,220.0,0.75,109.575
2023-12-24 05:00:00,252.5,0.725,108.85
2023-12-24 06:00:00,278.5,0.725,114.45
2023-12-24 07:00:00,360.5,0.7,104.975
2023-12-24 08:00:00,440.5,0.5499999999999999,96.525
2023-12-24 09:00:00,441.25,0.45,161.1
2023-12-24 10:00:00,429.25,0.75,232.675
2023-12-24 11:00:00,362.0,0.7000000000000001,242.625
2023-12-24 12:00:00,232.0,0.725,244.3
2023-12-24 13:00:00,176.0,0.675,229.45
2023-12-24 14:00:00,143.0,0.85,207.6222222222222
2023-12-24 15:00:00,161.5,1.025,185.79444444444445
2023-12-24 16:00:00,287.75,1.2,163.96666666666667
2023-12-24 17:00:00,247.5,0.75,108.375
2023-12-24 18:00:00,209.25,0.775,94.0
2023-12-24 19:00:00,177.0,0.725,103.65
2023-12-24 20:00:00,165.25,0.775,96.125
2023-12-24 21:00:00,170.25,0.775,99.375
2023-12-24 22:00:00,223.25,0.725,92.7
2023-12-24 23:00:00,271.0,0.7,95.325
2023-12-25 00:00:00,289.5,0.65,99.575
2023-12-25 01:00:00,282.5,0.625,89.67500000000001
2023-12-25 02:00:00,300.5,0.725,87.475
2023-12-25 03:00:00,266.0,0.425,100.25
2023-12-25 04:00:00,252.5,1.175,160.35
2023-12-25 05:00:00,240.0,0.975,174.3
2023-12-25 06:00:00,238.0,1.0,183.475
2023-12-25 07:00:00,219.25,1.325,183.975
2023-12-25 08:00:00,205.0,1.15,180.6
2023-12-25 09:00:00,197.5,1.225,156.0
2023-12-25 10:00:00,213.75,2.0250000000000004,177.625
2023-12-25 11:00:00,241.5,2.125,167.975
2023-12-25 12:00:00,209.75,2.4000000000000004,176.825
2023-12-25 13:00:00,180.0,2.45,178.05
2023-12-25 14:00:00,172.0,1.9,182.625
2023-12-25 15:00:00,172.75,1.4666666666666668,165.0625
2023-12-25 16:00:00,191.75,1.0333333333333334,147.5
2023-12-25 17:00:00,188.0,0.65,85.2
2023-12-25 18:00:00,187.0,0.55,120.475
2023-12-25 19:00:00,185.0,0.65,98.375
2023-12-25 20:00:00,190.25,0.65,90.425
2023-12-25 21:00:00,199.0,0.625,99.525
2023-12-25 22:00:00,207.5,0.725,96.25
2023-12-25 23:00:00,215.5,0.675,103.6
2023-12-26 00:00:00,220.75,0.6749999999999999,107.65
2023-12-26 01:00:00,230.75,0.725,94.925
2023-12-26 02:00:00,225.75,0.75,99.75
2023-12-26 03:00:00,221.75,0.7,99.95
2023-12-26 04:00:00,222.5,0.725,104.4
2023-12-26 05:00:00,224.0,0.725,102.125
2023-12-26 06:00:00,218.0,0.575,87.975
2023-12-26 07:00:00,227.75,0.55,98.725
2023-12-26 08:00:00,236.75,0.6,149.625
2023-12-26 09:00:00,255.5,1.375,176.625
2023-12-26 10:00:00,258.0,1.225,206.125
2023-12-26 11:00:00,282.0,1.0,205.825
2023-12-26 12:00:00,268.25,1.6,187.125
2023-12-26 13:00:00,194.5,1.8,187.45
2023-12-26 14:00:00,168.75,1.875,197.375
2023-12-26 15:00:00,145.75,1.9666666666666668,184.3333333333333
2023-12-26 16:00:00,171.25,1.3,179.75
2023-12-26 17:00:00,193.75,0.6,102.725
2023-12-26 18:00:00,161.0,0.65,97.4
2023-12-26 19:00:00,160.75,0.725,99.1
2023-12-26 20:00:00,153.25,0.7,95.05
2023-12-26 21:00:00,166.0,0.725,97.1
2023-12-26 22:00:00,193.25,0.7,98.575
2023-12-26 23:00:00,228.0,0.65,111.95
2023-12-27 00:00:00,248.0,0.725,111.175
2023-12-27 01:00:00,244.75,0.725,98.6
2023-12-27 02:00:00,244.5,0.75,91.875
2023-12-27 03:00:00,250.75,0.75,117.7
2023-12-27 04:00:00,268.5,0.775,134.825
2023-12-27 05:00:00,275.75,0.725,117.525
2023-12-27 06:00:00,263.0,0.7749999999999999,143.85
2023-12-27 07:00:00,235.25,0.925,165.0
2023-12-27 08:00:00,172.0,1.075,153.725
2023-12-27 09:00:00,153.5,0.7,201.625
2023-12-27 10:00:00,163.0,0.75,175.05
2023-12-27 11:00:00,181.0,0.65,213.5
2023-12-27 12:00:00,232.0,0.75,197.425
2023-12-27 13:00:00,310.5,2.05,181.65
2023-12-27 14:00:00,386.5,2.0125,175.1875
2023-12-27 15:00:00,310.25,1.975,168.725
2023-12-27 16:00:00,301.5,1.85,167.625
2023-12-27 17:00:00,300.5,1.225,161.775
2023-12-27 18:00:00,304.5,1.5,167.1
2023-12-27 19:00:00,307.5,1.7,172.15
2023-12-27 20:00:00,294.0,2.125,176.5
2023-12-27 21:00:00,288.75,1.925,173.325
2023-12-27 22:00:00,272.75,1.95,171.95
2023-12-27 23:00:00,267.5,1.75,176.72500000000002
2023-12-28 00:00:00,248.5,2.025,175.9
2023-12-28 01:00:00,226.0,1.9,169.525
2023-12-28 02:00:00,203.25,1.925,175.575
2023-12-28 03:00:00,179.5,1.975,171.825
2023-12-28 04:00:00,147.0,1.6749999999999998,181.5
2023-12-28 05:00:00,133.5,1.55,170.2
2023-12-28 06:00:00,126.25,1.55,164.325
2023-12-28 07:00:00,115.0,1.55,168.675
2023-12-28 08:00:00,106.5,1.125,161.3
2023-12-28 09:00:00,110.25,1.3,164.225
2023-12-28 10:00:00,122.5,1.025,167.125
2023-12-28 11:00:00,147.25,1.2,172.875
2023-12-28 12:00:00,168.0,0.8,212.075
2023-12-28 13:00:00,155.0,0.8,187.7
2023-12-28 14:00:00,156.0,1.6,180.35
2023-12-28 15:00:00,170.5,0.9,233.77500000000003
2023-12-28 16:00:00,209.0,0.2,287.20000000000005
2023-12-28 17:00:00,296.25,0.55,102.475
2023-12-28 18:00:00,270.5,0.65,108.75
2023-12-28 19:00:00,242.25,0.6,112.725
2023-12-28 20:00:00,237.0,0.5,111.3
2023-12-28 21:00:00,249.5,0.95,73.525
2023-12-28 22:00:00,257.25,0.725,70.07499999999999
2023-12-28 23:00:00,247.0,0.525,130.475
2023-12-29 00:00:00,239.0,0.65,102.2
2023-12-29 01:00:00,231.75,0.775,63.725
2023-12-29 02:00:00,227.5,0.375,201.8
2023-12-29 03:00:00,222.75,1.05,54.675
2023-12-29 04:00:00,210.0,0.65,130.95
2023-12-29 05:00:00,200.0,0.5,144.65
2023-12-29 06:00:00,193.5,0.6,211.65
2023-12-29 07:00:00,181.5,0.7,84.725
2023-12-29 08:00:00,175.75,0.625,168.225
2023-12-29 09:00:00,179.5,0.8250000000000001,52.8
2023-12-29 10:00:00,214.5,0.825,44.55
2023-12-29 11:00:00,249.75,0.85,61.85
2023-12-29 12:00:00,247.5,0.6000000000000001,160.5
2023-12-29 13:00:00,258.5,0.7666666666666666,216.2
2023-12-29 14:00:00,252.0,1.0499999999999998,131.7
2023-12-29 15:00:00,259.25,1.3333333333333333,47.2
2023-12-29 16:00:00,258.75,1.225,55.0
2023-12-29 17:00:00,218.0,0.75,66.5
2023-12-29 18:00:00,217.25,0.35,173.575
2023-12-29 19:00:00,220.75,0.475,95.225
2023-12-29 20:00:00,211.5,0.325,220.775
2023-12-29 21:00:00,223.75,0.4666666666666666,180.66666666666663
2023-12-29 22:00:00,257.75,0.7,19.6
2023-12-29 23:00:00,270.0,0.55,119.525
2023-12-30 00:00:00,301.25,0.4,219.45
2023-12-30 01:00:00,327.75,0.475,41.425
2023-12-30 02:00:00,305.25,0.5,63.3
2023-12-30 03:00:00,277.0,0.375,114.875
2023-12-30 04:00:00,279.5,0.775,157.3
2023-12-30 05:00:00,273.75,0.725,117.5
2023-12-30 06:00:00,253.75,0.775,39.7
2023-12-30 07:00:00,231.25,0.35,150.575
2023-12-30 08:00:00,234.0,0.575,117.775
2023-12-30 09:00:00,254.5,0.675,88.475
2023-12-30 10:00:00,275.0,0.8500000000000001,202.275
2023-12-30 11:00:00,286.5,0.925,53.775
2023-12-30 12:00:00,281.0,0.375,59.425
2023-12-30 13:00:00,265.25,0.8,238.175
2023-12-30 14:00:00,257.75,0.75,106.95
2023-12-30 15:00:00,272.75,0.8500000000000001,297.55
2023-12-30 16:00:00,307.5,1.0,256.05
2023-12-30 17:00:00,361.5,0.75,258.6
2023-12-30 18:00:00,310.5,0.95,260.04999999999995
2023-12-30 19:00:00,311.0,0.6,271.6
2023-12-30 20:00:00,323.75,0.6,211.2
2023-12-30 21:00:00,318.5,0.5,182.975
2023-12-30 22:00:00,324.5,0.325,199.5
2023-12-30 23:00:00,324.75,0.4375,126.4
2023-12-31 00:00:00,306.25,0.55,53.3
2023-12-31 01:00:00,286.0,0.6,79.275
2023-12-31 02:00:00,275.5,0.575,223.55
2023-12-31 03:00:00,267.5,0.575,149.97500000000002
2023-12-31 04:00:00,254.75,0.65,250.375
2023-12-31 05:00:00,244.5,0.7,192.05
2023-12-31 06:00:00,230.75,1.2,171.0
2023-12-31 07:00:00,220.5,0.8333333333333334,206.6
2023-12-31 08:00:00,221.5,0.675,100.05
2023-12-31 09:00:00,234.5,0.825,103.8
2023-12-31 10:00:00,262.25,0.825,119.875
2023-12-31 11:00:00,294.0,1.1,39.275
2023-12-31 12:00:00,284.0,0.875,112.75
2023-12-31 13:00:00,266.75,0.85,110.25
2023-12-31 14:00:00,255.25,1.0666666666666669,116.59999999999998
2023-12-31 15:00:00,270.0,0.7833333333333334,69.1
2023-12-31 16:00:00,275.25,0.5,21.6
2023-12-31 17:00:00,271.0,0.475,67.19999999999999
2023-12-31 18:00:00,258.0,0.4499999999999999,149.95
2023-12-31 19:00:00,250.5,0.6,225.2
2023-12-31 20:00:00,291.5,0.65,258.425
2023-12-31 21:00:00,288.75,0.7333333333333334,219.3333333333333
2023-12-31 22:00:00,267.75,0.7916666666666667,219.11666666666665
2023-12-31 23:00:00,233.5,0.85,218.9
