timestamp,PM 2.5,wind_speed,wind_dir
2021-01-01 00:00:00,475.25,0.3,289.6
2021-01-01 01:00:00,518.25,0.3,289.6
2021-01-01 02:00:00,596.5,0.3,289.6
2021-01-01 03:00:00,614.75,0.3,289.55
2021-01-01 04:00:00,627.5,0.3,289.6
2021-01-01 05:00:00,649.0,0.3,289.55
2021-01-01 06:00:00,628.0,0.3,98.92
2021-01-01 07:00:00,534.0,0.3,39.7
2021-01-01 08:00:00,403.5,0.32,50.75
2021-01-01 09:00:00,387.25,0.8,53.82
2021-01-01 10:00:00,468.75,0.57,48.32
2021-01-01 11:00:00,601.25,0.92,57.3
2021-01-01 12:00:00,646.0,1.08,30.55
2021-01-01 13:00:00,534.75,1.05,40.08
2021-01-01 14:00:00,462.5,0.85,59.85
2021-01-01 15:00:00,366.0,1.08,68.38
2021-01-01 16:00:00,237.5,0.98,101.28
2021-01-01 17:00:00,268.25,1.58,70.02
2021-01-01 18:00:00,339.5,1.6,56.58
2021-01-01 19:00:00,379.5,1.6,55.98
2021-01-01 20:00:00,460.75,1.6,49.05
2021-01-01 21:00:00,634.25,1.6,51.08
2021-01-01 22:00:00,658.5,1.1,50.6
2021-01-01 23:00:00,641.0,1.5,89.88
2021-01-02 00:00:00,526.5,1.6,62.68
2021-01-02 01:00:00,469.75,1.6,85.9
2021-01-02 02:00:00,406.5,1.6,85.85
2021-01-02 03:00:00,385.5,1.23,101.52
2021-01-02 04:00:00,374.5,1.5,56.97
2021-01-02 05:00:00,388.0,1.25,161.9
2021-01-02 06:00:00,409.0,1.08,78.2
2021-01-02 07:00:00,428.0,1.25,73.1
2021-01-02 08:00:00,453.0,0.72,129.88
2021-01-02 09:00:00,431.5,1.4,52.08
2021-01-02 10:00:00,442.0,0.8,61.18
2021-01-02 11:00:00,513.0,0.5,154.17
2021-01-02 12:00:00,450.25,0.8,77.7
2021-01-02 13:00:00,396.75,0.88,101.0
2021-01-02 14:00:00,275.25,0.95,79.65
2021-01-02 15:00:00,240.5,0.88,77.65
2021-01-02 16:00:00,260.0,0.85,72.18
2021-01-02 17:00:00,287.25,1.4,84.7
2021-01-02 18:00:00,292.5,0.6,99.55
2021-01-02 19:00:00,315.25,1.23,120.55
2021-01-02 20:00:00,338.75,1.45,132.85
2021-01-02 21:00:00,315.5,1.6,134.88
2021-01-02 22:00:00,285.75,1.45,128.52
2021-01-02 23:00:00,294.25,0.22,253.5
2021-01-03 00:00:00,298.5,0.25,189.18
2021-01-03 01:00:00,276.25,0.28,150.25
2021-01-03 02:00:00,256.75,0.3,65.93
2021-01-03 03:00:00,265.25,0.8,40.6
2021-01-03 04:00:00,304.25,0.65,124.05
2021-01-03 05:00:00,273.25,0.82,77.05
2021-01-03 06:00:00,241.75,0.8,97.38
2021-01-03 07:00:00,244.25,0.65,91.55
2021-01-03 08:00:00,245.0,0.68,75.32
2021-01-03 09:00:00,220.375,0.82,91.45
2021-01-03 10:00:00,195.75,1.12,77.9
2021-01-03 11:00:00,171.125,0.72,127.88
2021-01-03 12:00:00,,0.92,110.75
2021-01-03 13:00:00,,0.75,84.43
2021-01-03 14:00:00,,0.88,81.65
2021-01-03 15:00:00,,0.85,74.28
2021-01-03 16:00:00,48.0,0.85,80.0
2021-01-03 17:00:00,50.0,0.92,69.95
2021-01-03 18:00:00,56.0,1.02,95.25
2021-01-03 19:00:00,57.0,1.48,125.57
2021-01-03 20:00:00,58.0,1.0,117.57
2021-01-03 21:00:00,59.0,0.3,143.88
2021-01-03 22:00:00,59.0,0.3,142.68
2021-01-03 23:00:00,48.0,1.48,116.72
2021-01-04 00:00:00,50.0,1.58,143.12
2021-01-04 01:00:00,56.0,1.6,132.78
2021-01-04 02:00:00,141.0,1.58,237.85
2021-01-04 03:00:00,161.5,1.35,128.22
2021-01-04 04:00:00,223.0,0.3,35.92
2021-01-04 05:00:00,55.0,0.3,45.45
2021-01-04 06:00:00,58.0,0.3,54.35
2021-01-04 07:00:00,74.5,0.28,67.85
2021-01-04 08:00:00,103.0,0.3,179.12
2021-01-04 09:00:00,131.25,0.3,145.15
2021-01-04 10:00:00,181.5,0.28,124.7
2021-01-04 11:00:00,247.25,0.5,24.17
2021-01-04 12:00:00,231.0,0.8,33.3
2021-01-04 13:00:00,113.25,0.28,69.5
2021-01-04 14:00:00,112.0,0.3,194.6
2021-01-04 15:00:00,137.0,0.3,222.92
2021-01-04 16:00:00,185.5,0.35,149.95
2021-01-04 17:00:00,260.0,0.62,316.12
2021-01-04 18:00:00,250.5,0.92,277.0
2021-01-04 19:00:00,200.0,0.95,297.5
2021-01-04 20:00:00,127.5,0.9,302.98
2021-01-04 21:00:00,55.0,0.9,306.27
2021-01-04 22:00:00,44.0,1.0,276.82
2021-01-04 23:00:00,42.5,1.58,276.5
2021-01-05 00:00:00,47.0,1.38,208.98
2021-01-05 01:00:00,42.0,0.98,204.6
2021-01-05 02:00:00,30.0,1.6,44.68
2021-01-05 03:00:00,27.0,1.6,44.8
2021-01-05 04:00:00,27.5,1.42,62.4
2021-01-05 05:00:00,25.0,0.98,67.28
2021-01-05 06:00:00,23.5,1.12,54.05
2021-01-05 07:00:00,40.5,0.92,60.72
2021-01-05 08:00:00,69.0,1.0,226.62
2021-01-05 09:00:00,106.5,1.15,101.52
2021-01-05 10:00:00,116.5,1.28,37.18
2021-01-05 11:00:00,104.0,1.1,56.78
2021-01-05 12:00:00,116.0,0.6,43.75
2021-01-05 13:00:00,141.0,0.8,304.58
2021-01-05 14:00:00,163.5,0.85,334.4
2021-01-05 15:00:00,156.5,0.85,265.68
2021-01-05 16:00:00,111.5,0.85,105.05
2021-01-05 17:00:00,97.0,0.9,14.92
2021-01-05 18:00:00,117.0,1.08,134.55
2021-01-05 19:00:00,138.5,1.35,72.72
2021-01-05 20:00:00,133.0,1.08,57.32
2021-01-05 21:00:00,113.5,1.5,112.98
2021-01-05 22:00:00,128.5,1.35,83.9
2021-01-05 23:00:00,143.5,1.6,56.28
2021-01-06 00:00:00,140.0,1.6,56.1
2021-01-06 01:00:00,133.0,1.6,56.35
2021-01-06 02:00:00,132.0,1.4,213.28
2021-01-06 03:00:00,163.5,1.6,258.82
2021-01-06 04:00:00,209.5,1.48,273.05
2021-01-06 05:00:00,218.5,1.58,13.2
2021-01-06 06:00:00,186.0,1.4,175.77
2021-01-06 07:00:00,150.0,0.85,85.43
2021-01-06 08:00:00,148.0,1.0,65.45
2021-01-06 09:00:00,157.0,1.08,133.5
2021-01-06 10:00:00,153.66666666666666,0.6,54.95
2021-01-06 11:00:00,150.33333333333334,0.48,66.9
2021-01-06 12:00:00,147.0,0.65,65.2
2021-01-06 13:00:00,126.5,1.0,69.65
2021-01-06 14:00:00,90.5,1.15,65.15
2021-01-06 15:00:00,65.5,0.58,24.12
2021-01-06 16:00:00,52.0,0.3,283.72
2021-01-06 17:00:00,97.5,0.9,253.5
2021-01-06 18:00:00,206.5,1.12,258.38
2021-01-06 19:00:00,266.5,0.98,250.18
2021-01-06 20:00:00,252.5,1.05,258.17
2021-01-06 21:00:00,257.5,1.08,275.95
2021-01-06 22:00:00,259.0,1.17,269.88
2021-01-06 23:00:00,241.0,1.1,287.8
2021-01-07 00:00:00,190.0,1.23,285.88
2021-01-07 01:00:00,161.5,1.12,283.98
2021-01-07 02:00:00,155.0,0.95,280.67
2021-01-07 03:00:00,149.0,1.17,277.25
2021-01-07 04:00:00,162.0,0.95,278.5
2021-01-07 05:00:00,162.0,1.2,280.0
2021-01-07 06:00:00,162.0,1.15,286.02
2021-01-07 07:00:00,162.0,1.27,304.68
2021-01-07 08:00:00,152.0,0.95,309.77
2021-01-07 09:00:00,149.0,0.82,315.48
2021-01-07 10:00:00,142.5,0.9,295.25
2021-01-07 11:00:00,138.5,0.95,288.32
2021-01-07 12:00:00,134.0,0.75,316.97
2021-01-07 13:00:00,135.0,0.82,325.25
2021-01-07 14:00:00,145.0,0.8,314.35
2021-01-07 15:00:00,142.5,0.8,319.83
2021-01-07 16:00:00,137.5,1.05,302.8
2021-01-07 17:00:00,156.0,1.25,293.3
2021-01-07 18:00:00,178.5,1.0,284.28
2021-01-07 19:00:00,185.5,1.5,279.58
2021-01-07 20:00:00,173.5,1.58,280.1
2021-01-07 21:00:00,166.5,1.6,279.27
2021-01-07 22:00:00,167.0,1.55,215.92
2021-01-07 23:00:00,211.0,1.6,14.82
2021-01-08 00:00:00,252.0,1.27,313.83
2021-01-08 01:00:00,188.5,0.35,276.35
2021-01-08 02:00:00,122.0,1.05,289.25
2021-01-08 03:00:00,106.0,1.23,313.8
2021-01-08 04:00:00,112.5,1.0,174.6
2021-01-08 05:00:00,129.5,0.55,94.1
2021-01-08 06:00:00,139.5,0.8,174.55
2021-01-08 07:00:00,163.0,1.23,87.75
2021-01-08 08:00:00,191.5,1.25,248.55
2021-01-08 09:00:00,239.5,0.82,97.58
2021-01-08 10:00:00,278.5,0.62,280.12
2021-01-08 11:00:00,272.5,0.92,297.18
2021-01-08 12:00:00,268.5,0.92,317.5
2021-01-08 13:00:00,274.5,1.0,296.75
2021-01-08 14:00:00,285.0,0.88,303.12
2021-01-08 15:00:00,272.5,0.78,291.55
2021-01-08 16:00:00,255.0,0.3,273.8
2021-01-08 17:00:00,260.5,0.28,287.17
2021-01-08 18:00:00,283.0,0.3,229.98
2021-01-08 19:00:00,292.0,0.3,252.08
2021-01-08 20:00:00,303.0,0.3,273.88
2021-01-08 21:00:00,316.0,0.38,266.05
2021-01-08 22:00:00,279.5,1.05,265.73
2021-01-08 23:00:00,226.0,0.82,280.45
2021-01-09 00:00:00,195.5,1.12,279.72
2021-01-09 01:00:00,180.0,1.12,291.45
2021-01-09 02:00:00,170.5,0.88,292.77
2021-01-09 03:00:00,164.0,1.02,287.65
2021-01-09 04:00:00,162.0,1.08,281.1
2021-01-09 05:00:00,162.0,1.05,284.92
2021-01-09 06:00:00,180.0,0.95,277.9
2021-01-09 07:00:00,190.75,1.48,277.38
2021-01-09 08:00:00,190.5,0.98,276.92
2021-01-09 09:00:00,223.0,1.12,280.2
2021-01-09 10:00:00,244.5,1.05,273.55
2021-01-09 11:00:00,244.0,0.92,279.62
2021-01-09 12:00:00,221.5,1.02,280.05
2021-01-09 13:00:00,210.0,1.05,278.4
2021-01-09 14:00:00,216.0,1.03,276.5
2021-01-09 15:00:00,184.0,1.1,275.95
2021-01-09 16:00:00,165.5,1.12,280.62
2021-01-09 17:00:00,158.0,1.1,281.92
2021-01-09 18:00:00,187.5,0.92,277.42
2021-01-09 19:00:00,208.0,1.02,266.98
2021-01-09 20:00:00,209.0,1.08,275.62
2021-01-09 21:00:00,220.0,1.15,277.28
2021-01-09 22:00:00,222.0,1.1,277.7
2021-01-09 23:00:00,206.0,1.17,281.68
2021-01-10 00:00:00,187.0,1.08,278.8
2021-01-10 01:00:00,169.0,0.95,277.42
2021-01-10 02:00:00,155.5,1.0,284.58
2021-01-10 03:00:00,157.5,1.02,272.88
2021-01-10 04:00:00,164.0,1.02,271.73
2021-01-10 05:00:00,147.5,1.0,281.7
2021-01-10 06:00:00,131.0,0.92,285.73
2021-01-10 07:00:00,120.5,0.98,274.48
2021-01-10 08:00:00,120.5,0.98,280.1
2021-01-10 09:00:00,131.5,1.02,277.32
2021-01-10 10:00:00,144.5,0.88,286.6
2021-01-10 11:00:00,144.5,0.92,287.85
2021-01-10 12:00:00,131.5,0.92,275.68
2021-01-10 13:00:00,126.0,0.9,275.92
2021-01-10 14:00:00,125.0,0.9,282.38
2021-01-10 15:00:00,115.5,0.98,280.33
2021-01-10 16:00:00,108.5,1.05,277.1
2021-01-10 17:00:00,124.5,0.98,284.0
2021-01-10 18:00:00,159.0,0.98,273.83
2021-01-10 19:00:00,193.0,1.1,269.52
2021-01-10 20:00:00,210.5,1.12,271.0
2021-01-10 21:00:00,219.0,1.08,263.1
2021-01-10 22:00:00,224.5,1.05,267.7
2021-01-10 23:00:00,223.5,0.98,266.7
2021-01-11 00:00:00,215.5,0.98,270.55
2021-01-11 01:00:00,207.0,1.02,272.32
2021-01-11 02:00:00,200.5,1.12,279.2
2021-01-11 03:00:00,188.5,0.92,284.2
2021-01-11 04:00:00,177.0,0.88,282.88
2021-01-11 05:00:00,164.5,0.95,280.02
2021-01-11 06:00:00,155.5,0.88,288.17
2021-01-11 07:00:00,153.0,0.9,279.53
2021-01-11 08:00:00,139.5,0.85,277.48
2021-01-11 09:00:00,128.0,0.95,282.28
2021-01-11 10:00:00,115.0,0.98,295.02
2021-01-11 11:00:00,101.0,0.98,276.38
2021-01-11 12:00:00,99.5,0.92,281.2
2021-01-11 13:00:00,95.0,0.98,293.1
2021-01-11 14:00:00,85.5,0.98,279.62
2021-01-11 15:00:00,82.0,1.0,284.15
2021-01-11 16:00:00,91.5,0.98,273.68
2021-01-11 17:00:00,112.0,0.95,265.3
2021-01-11 18:00:00,158.5,1.08,260.6
2021-01-11 19:00:00,222.5,1.1,251.25
2021-01-11 20:00:00,257.5,1.12,245.45
2021-01-11 21:00:00,286.0,0.82,239.25
2021-01-11 22:00:00,299.5,1.2,242.27
2021-01-11 23:00:00,269.5,0.88,265.52
2021-01-12 00:00:00,232.5,1.02,268.0
2021-01-12 01:00:00,201.0,1.23,280.67
2021-01-12 02:00:00,183.0,1.02,273.58
2021-01-12 03:00:00,193.5,0.3,278.55
2021-01-12 04:00:00,218.5,0.3,303.58
2021-01-12 05:00:00,215.5,0.9,291.8
2021-01-12 06:00:00,184.5,0.82,287.35
2021-01-12 07:00:00,168.5,1.05,289.62
2021-01-12 08:00:00,174.5,0.98,263.25
2021-01-12 09:00:00,190.0,1.12,277.23
2021-01-12 10:00:00,202.0,0.92,287.73
2021-01-12 11:00:00,201.5,1.0,269.85
2021-01-12 12:00:00,207.5,0.8,266.68
2021-01-12 13:00:00,210.0,0.9,280.23
2021-01-12 14:00:00,187.5,0.82,278.18
2021-01-12 15:00:00,169.5,0.92,266.1
2021-01-12 16:00:00,151.5,1.18,276.75
2021-01-12 17:00:00,153.0,1.2,269.12
2021-01-12 18:00:00,202.0,1.48,248.65
2021-01-12 19:00:00,261.0,1.48,260.33
2021-01-12 20:00:00,283.5,1.5,291.92
2021-01-12 21:00:00,270.0,1.5,296.25
2021-01-12 22:00:00,290.0,1.58,94.88
2021-01-12 23:00:00,286.0,0.98,17.82
2021-01-13 00:00:00,251.5,0.3,31.3
2021-01-13 01:00:00,239.5,0.3,14.32
2021-01-13 02:00:00,223.5,0.3,31.3
2021-01-13 03:00:00,209.5,0.3,32.4
2021-01-13 04:00:00,195.0,0.3,32.4
2021-01-13 05:00:00,178.5,0.3,32.4
2021-01-13 06:00:00,175.5,0.3,32.4
2021-01-13 07:00:00,213.0,0.52,224.7
2021-01-13 08:00:00,203.0,1.27,277.25
2021-01-13 09:00:00,172.5,0.95,293.12
2021-01-13 10:00:00,208.5,1.0,270.4
2021-01-13 11:00:00,234.0,0.95,255.38
2021-01-13 12:00:00,290.0,1.05,261.35
2021-01-13 13:00:00,278.0,0.85,269.2
2021-01-13 14:00:00,248.0,1.08,265.2
2021-01-13 15:00:00,214.5,1.02,273.23
2021-01-13 16:00:00,191.5,1.0,282.58
2021-01-13 17:00:00,208.0,0.3,286.9
2021-01-13 18:00:00,258.0,0.3,293.8
2021-01-13 19:00:00,305.5,0.3,279.35
2021-01-13 20:00:00,349.5,0.3,280.4
2021-01-13 21:00:00,476.0,0.3,280.3
2021-01-13 22:00:00,659.0,0.3,280.3
2021-01-13 23:00:00,654.5,1.23,88.42
2021-01-14 00:00:00,436.5,1.6,14.9
2021-01-14 01:00:00,282.5,1.6,14.9
2021-01-14 02:00:00,257.5,1.6,14.88
2021-01-14 03:00:00,235.0,1.6,14.88
2021-01-14 04:00:00,223.5,1.6,14.8
2021-01-14 05:00:00,220.0,1.6,14.8
2021-01-14 06:00:00,224.0,1.6,15.28
2021-01-14 07:00:00,243.0,1.55,24.38
2021-01-14 08:00:00,277.0,1.52,41.47
2021-01-14 09:00:00,407.5,1.1,57.58
2021-01-14 10:00:00,617.5,0.8,54.97
2021-01-14 11:00:00,741.0,0.6,25.85
2021-01-14 12:00:00,661.5,1.1,11.6
2021-01-14 13:00:00,529.0,1.08,49.08
2021-01-14 14:00:00,492.0,1.08,269.75
2021-01-14 15:00:00,421.0,0.75,97.63
2021-01-14 16:00:00,380.5,1.18,104.88
2021-01-14 17:00:00,343.0,1.38,14.15
2021-01-14 18:00:00,422.0,1.6,26.02
2021-01-14 19:00:00,503.0,1.6,31.78
2021-01-14 20:00:00,619.0,1.6,31.88
2021-01-14 21:00:00,713.0,1.6,31.8
2021-01-14 22:00:00,703.5,1.6,31.8
2021-01-14 23:00:00,721.5,1.6,31.8
2021-01-15 00:00:00,756.0,1.6,31.8
2021-01-15 01:00:00,783.5,1.6,31.78
2021-01-15 02:00:00,802.0,1.6,31.7
2021-01-15 03:00:00,660.5,1.6,31.7
2021-01-15 04:00:00,510.5,1.6,31.7
2021-01-15 05:00:00,493.0,1.6,31.7
2021-01-15 06:00:00,447.0,1.6,31.62
2021-01-15 07:00:00,401.0,1.6,31.6
2021-01-15 08:00:00,446.0,1.58,26.12
2021-01-15 09:00:00,590.0,1.52,66.62
2021-01-15 10:00:00,679.0,1.35,56.85
2021-01-15 11:00:00,693.0,0.65,97.48
2021-01-15 12:00:00,512.5,1.05,144.23
2021-01-15 13:00:00,332.0,0.3,175.55
2021-01-15 14:00:00,294.0,1.12,132.5
2021-01-15 15:00:00,267.0,1.25,115.82
2021-01-15 16:00:00,274.5,1.6,77.6
2021-01-15 17:00:00,271.0,1.6,71.6
2021-01-15 18:00:00,459.0,1.6,71.5
2021-01-15 19:00:00,458.75,1.6,71.5
2021-01-15 20:00:00,468.25,1.6,71.5
2021-01-15 21:00:00,540.25,1.6,71.5
2021-01-15 22:00:00,664.0,1.6,71.47
2021-01-15 23:00:00,697.0,1.6,71.38
2021-01-16 00:00:00,730.0,1.6,71.38
2021-01-16 01:00:00,672.0,1.58,224.68
2021-01-16 02:00:00,437.75,1.58,271.65
2021-01-16 03:00:00,254.0,1.6,285.2
2021-01-16 04:00:00,242.0,1.6,287.42
2021-01-16 05:00:00,227.5,1.52,238.98
2021-01-16 06:00:00,200.0,1.52,279.85
2021-01-16 07:00:00,166.25,1.55,261.95
2021-01-16 08:00:00,177.5,1.52,255.92
2021-01-16 09:00:00,225.75,1.42,268.53
2021-01-16 10:00:00,265.5,0.85,212.42
2021-01-16 11:00:00,345.25,1.0,310.18
2021-01-16 12:00:00,431.25,1.02,279.25
2021-01-16 13:00:00,396.0,1.12,283.85
2021-01-16 14:00:00,315.0,1.0,289.25
2021-01-16 15:00:00,251.0,0.92,292.5
2021-01-16 16:00:00,219.75,0.88,280.77
2021-01-16 17:00:00,220.0,0.3,288.88
2021-01-16 18:00:00,248.5,0.38,289.48
2021-01-16 19:00:00,299.5,1.27,288.98
2021-01-16 20:00:00,304.25,1.12,287.7
2021-01-16 21:00:00,312.5,0.28,257.38
2021-01-16 22:00:00,317.5,1.08,227.2
2021-01-16 23:00:00,251.25,1.38,289.22
2021-01-17 00:00:00,200.5,1.12,288.52
2021-01-17 01:00:00,187.0,1.15,19.12
2021-01-17 02:00:00,215.75,1.02,141.95
2021-01-17 03:00:00,161.25,0.4,48.78
2021-01-17 04:00:00,142.0,0.25,45.62
2021-01-17 05:00:00,139.5,1.0,59.05
2021-01-17 06:00:00,156.75,1.1,49.12
2021-01-17 07:00:00,183.75,0.45,71.65
2021-01-17 08:00:00,217.25,0.82,76.03
2021-01-17 09:00:00,258.25,1.05,98.88
2021-01-17 10:00:00,274.0,0.8,104.98
2021-01-17 11:00:00,295.0,0.9,120.82
2021-01-17 12:00:00,281.75,0.82,123.0
2021-01-17 13:00:00,287.5,0.85,119.85
2021-01-17 14:00:00,297.0,0.92,106.85
2021-01-17 15:00:00,316.0,0.85,110.98
2021-01-17 16:00:00,334.0,0.92,94.48
2021-01-17 17:00:00,331.0,0.8,107.72
2021-01-17 18:00:00,321.5,0.92,88.68
2021-01-17 19:00:00,331.0,0.92,71.45
2021-01-17 20:00:00,333.5,0.72,90.48
2021-01-17 21:00:00,308.5,0.85,111.38
2021-01-17 22:00:00,264.5,0.88,98.65
2021-01-17 23:00:00,225.5,0.9,110.25
2021-01-18 00:00:00,203.5,0.87,106.05
2021-01-18 01:00:00,197.5,0.35,88.68
2021-01-18 02:00:00,196.5,1.08,106.82
2021-01-18 03:00:00,211.0,1.28,63.0
2021-01-18 04:00:00,239.5,0.88,56.42
2021-01-18 05:00:00,254.0,0.3,67.05
2021-01-18 06:00:00,251.5,0.5,89.58
2021-01-18 07:00:00,248.5,0.9,106.1
2021-01-18 08:00:00,280.5,1.4,90.85
2021-01-18 09:00:00,309.5,1.1,125.82
2021-01-18 10:00:00,280.5,1.15,101.4
2021-01-18 11:00:00,240.0,0.92,109.45
2021-01-18 12:00:00,217.5,0.92,101.15
2021-01-18 13:00:00,189.5,0.98,110.4
2021-01-18 14:00:00,152.0,1.05,99.92
2021-01-18 15:00:00,133.5,1.4,103.48
2021-01-18 16:00:00,150.5,1.58,62.72
2021-01-18 17:00:00,175.5,1.58,178.18
2021-01-18 18:00:00,234.0,1.5,93.35
2021-01-18 19:00:00,285.0,1.6,86.35
2021-01-18 20:00:00,326.0,1.6,86.35
2021-01-18 21:00:00,445.0,1.6,86.4
2021-01-18 22:00:00,655.5,1.6,86.4
2021-01-18 23:00:00,752.5,1.6,86.4
2021-01-19 00:00:00,646.5,1.6,86.43
2021-01-19 01:00:00,564.0,1.6,86.45
2021-01-19 02:00:00,554.0,1.6,86.38
2021-01-19 03:00:00,513.0,1.6,86.4
2021-01-19 04:00:00,446.0,1.6,86.38
2021-01-19 05:00:00,372.0,1.6,86.38
2021-01-19 06:00:00,317.0,1.6,86.4
2021-01-19 07:00:00,322.5,1.6,86.4
2021-01-19 08:00:00,348.0,0.75,223.25
2021-01-19 09:00:00,367.5,1.0,254.75
2021-01-19 10:00:00,379.0,0.98,270.2
2021-01-19 11:00:00,338.5,1.02,270.97
2021-01-19 12:00:00,259.5,1.0,272.0
2021-01-19 13:00:00,221.0,1.02,270.7
2021-01-19 14:00:00,214.0,1.12,270.42
2021-01-19 15:00:00,201.0,1.02,253.62
2021-01-19 16:00:00,192.5,1.08,257.0
2021-01-19 17:00:00,201.0,1.12,248.02
2021-01-19 18:00:00,228.0,1.02,255.4
2021-01-19 19:00:00,236.5,1.1,246.6
2021-01-19 20:00:00,232.5,1.02,252.38
2021-01-19 21:00:00,229.0,0.95,253.4
2021-01-19 22:00:00,206.5,0.98,252.82
2021-01-19 23:00:00,182.0,1.18,251.78
2021-01-20 00:00:00,167.5,0.9,263.25
2021-01-20 01:00:00,164.5,1.1,265.85
2021-01-20 02:00:00,162.5,1.15,271.25
2021-01-20 03:00:00,149.5,1.0,265.8
2021-01-20 04:00:00,139.5,1.0,272.9
2021-01-20 05:00:00,154.5,1.05,268.32
2021-01-20 06:00:00,159.5,1.08,262.73
2021-01-20 07:00:00,158.0,1.08,266.0
2021-01-20 08:00:00,174.5,1.05,259.82
2021-01-20 09:00:00,190.0,1.02,270.77
2021-01-20 10:00:00,190.0,1.05,269.6
2021-01-20 11:00:00,176.5,1.0,278.62
2021-01-20 12:00:00,169.0,1.0,264.98
2021-01-20 13:00:00,164.0,1.02,261.75
2021-01-20 14:00:00,154.0,1.02,258.1
2021-01-20 15:00:00,155.5,1.08,254.3
2021-01-20 16:00:00,157.5,1.05,252.73
2021-01-20 17:00:00,156.0,1.12,247.48
2021-01-20 18:00:00,178.0,1.15,249.02
2021-01-20 19:00:00,216.0,1.15,252.2
2021-01-20 20:00:00,231.5,1.23,251.92
2021-01-20 21:00:00,235.5,1.05,254.5
2021-01-20 22:00:00,226.5,1.05,244.48
2021-01-20 23:00:00,214.5,0.72,248.2
2021-01-21 00:00:00,199.5,1.1,260.9
2021-01-21 01:00:00,184.0,1.2,254.58
2021-01-21 02:00:00,194.0,1.25,251.42
2021-01-21 03:00:00,192.0,1.1,263.27
2021-01-21 04:00:00,182.5,1.08,264.95
2021-01-21 05:00:00,180.0,1.02,269.65
2021-01-21 06:00:00,184.0,1.18,271.68
2021-01-21 07:00:00,206.0,1.15,267.77
2021-01-21 08:00:00,243.0,1.12,254.52
2021-01-21 09:00:00,252.5,1.0,254.08
2021-01-21 10:00:00,222.0,1.08,260.25
2021-01-21 11:00:00,175.0,1.02,269.05
2021-01-21 12:00:00,142.0,1.05,265.58
2021-01-21 13:00:00,120.0,1.05,264.95
2021-01-21 14:00:00,97.0,0.98,267.88
2021-01-21 15:00:00,89.0,1.1,266.3
2021-01-21 16:00:00,93.0,1.08,262.32
2021-01-21 17:00:00,108.0,0.85,249.92
2021-01-21 18:00:00,131.5,0.3,239.88
2021-01-21 19:00:00,213.0,0.3,239.68
2021-01-21 20:00:00,258.0,0.3,239.6
2021-01-21 21:00:00,255.5,0.3,239.62
2021-01-21 22:00:00,276.5,0.3,239.7
2021-01-21 23:00:00,286.5,0.3,239.6
2021-01-22 00:00:00,298.0,0.3,239.48
2021-01-22 01:00:00,324.0,0.3,239.4
2021-01-22 02:00:00,361.0,0.3,239.42
2021-01-22 03:00:00,366.5,0.3,239.48
2021-01-22 04:00:00,357.0,0.28,113.55
2021-01-22 05:00:00,345.0,0.8,51.25
2021-01-22 06:00:00,294.0,0.85,56.92
2021-01-22 07:00:00,222.5,0.95,79.97
2021-01-22 08:00:00,193.5,0.98,103.48
2021-01-22 09:00:00,198.0,0.75,107.25
2021-01-22 10:00:00,215.5,0.98,86.62
2021-01-22 11:00:00,260.5,1.0,78.53
2021-01-22 12:00:00,281.5,0.73,93.42
2021-01-22 13:00:00,258.5,0.95,110.2
2021-01-22 14:00:00,234.5,0.88,98.3
2021-01-22 15:00:00,215.0,0.82,107.38
2021-01-22 16:00:00,205.5,1.12,104.1
2021-01-22 17:00:00,218.0,1.0,81.9
2021-01-22 18:00:00,250.5,1.05,98.42
2021-01-22 19:00:00,275.0,1.3,85.45
2021-01-22 20:00:00,275.5,1.05,71.57
2021-01-22 21:00:00,273.5,1.08,84.5
2021-01-22 22:00:00,256.0,0.85,91.22
2021-01-22 23:00:00,212.0,1.08,106.12
2021-01-23 00:00:00,160.5,1.2,98.2
2021-01-23 01:00:00,126.0,0.82,105.55
2021-01-23 02:00:00,115.0,1.02,105.0
2021-01-23 03:00:00,127.0,0.82,97.42
2021-01-23 04:00:00,139.5,1.1,104.88
2021-01-23 05:00:00,136.5,0.6,111.12
2021-01-23 06:00:00,131.0,0.98,123.7
2021-01-23 07:00:00,141.5,0.9,98.92
2021-01-23 08:00:00,161.5,0.88,99.98
2021-01-23 09:00:00,165.0,0.92,118.98
2021-01-23 10:00:00,184.0,0.9,117.48
2021-01-23 11:00:00,194.5,0.98,128.9
2021-01-23 12:00:00,181.0,1.08,139.72
2021-01-23 13:00:00,180.5,0.85,102.1
2021-01-23 14:00:00,173.5,0.82,113.22
2021-01-23 15:00:00,164.0,0.88,113.43
2021-01-23 16:00:00,164.0,0.75,133.3
2021-01-23 17:00:00,169.0,1.27,119.9
2021-01-23 18:00:00,181.0,1.52,124.6
2021-01-23 19:00:00,211.0,1.0,129.07
2021-01-23 20:00:00,246.5,0.82,132.32
2021-01-23 21:00:00,260.5,0.73,195.65
2021-01-23 22:00:00,271.0,1.6,158.1
2021-01-23 23:00:00,273.5,1.6,181.2
2021-01-24 00:00:00,250.5,1.55,250.5
2021-01-24 01:00:00,209.5,1.6,254.3
2021-01-24 02:00:00,227.0,1.6,254.48
2021-01-24 03:00:00,325.0,1.38,107.38
2021-01-24 04:00:00,347.0,1.5,55.42
2021-01-24 05:00:00,304.0,1.58,156.02
2021-01-24 06:00:00,287.5,1.58,191.48
2021-01-24 07:00:00,278.5,1.12,276.28
2021-01-24 08:00:00,238.0,0.98,290.18
2021-01-24 09:00:00,211.5,1.28,286.02
2021-01-24 10:00:00,257.5,1.02,290.58
2021-01-24 11:00:00,299.0,1.2,282.6
2021-01-24 12:00:00,293.5,1.0,281.98
2021-01-24 13:00:00,279.0,1.0,282.6
2021-01-24 14:00:00,286.5,1.08,282.33
2021-01-24 15:00:00,291.0,1.05,278.15
2021-01-24 16:00:00,290.5,0.95,281.85
2021-01-24 17:00:00,278.0,1.35,278.17
2021-01-24 18:00:00,271.0,1.48,298.58
2021-01-24 19:00:00,319.5,1.52,213.78
2021-01-24 20:00:00,310.5,1.38,280.58
2021-01-24 21:00:00,243.0,1.1,281.42
2021-01-24 22:00:00,221.0,1.1,288.42
2021-01-24 23:00:00,197.5,1.05,288.92
2021-01-25 00:00:00,174.5,1.1,282.38
2021-01-25 01:00:00,170.0,0.98,286.4
2021-01-25 02:00:00,161.5,1.0,283.53
2021-01-25 03:00:00,164.0,1.08,281.27
2021-01-25 04:00:00,172.0,0.82,283.95
2021-01-25 05:00:00,163.5,1.08,280.17
2021-01-25 06:00:00,169.5,0.95,283.5
2021-01-25 07:00:00,170.5,1.12,298.97
2021-01-25 08:00:00,154.0,0.95,291.38
2021-01-25 09:00:00,152.5,1.0,278.73
2021-01-25 10:00:00,158.0,1.0,279.42
2021-01-25 11:00:00,165.0,0.8,308.05
2021-01-25 12:00:00,170.0,0.62,307.27
2021-01-25 13:00:00,166.0,0.75,300.15
2021-01-25 14:00:00,158.5,0.85,216.92
2021-01-25 15:00:00,154.0,1.02,286.42
2021-01-25 16:00:00,154.5,1.45,284.78
2021-01-25 17:00:00,167.5,0.82,278.1
2021-01-25 18:00:00,167.0,0.3,282.52
2021-01-25 19:00:00,176.5,0.3,284.3
2021-01-25 20:00:00,228.0,0.3,284.2
2021-01-25 21:00:00,276.5,0.3,284.15
2021-01-25 22:00:00,304.5,0.3,283.88
2021-01-25 23:00:00,315.5,0.3,283.8
2021-01-26 00:00:00,314.0,0.3,283.75
2021-01-26 01:00:00,300.0,0.3,283.83
2021-01-26 02:00:00,284.0,0.3,283.9
2021-01-26 03:00:00,280.0,0.3,283.85
2021-01-26 04:00:00,270.0,0.3,283.92
2021-01-26 05:00:00,235.5,0.3,283.9
2021-01-26 06:00:00,200.5,0.3,273.02
2021-01-26 07:00:00,202.5,0.3,240.45
2021-01-26 08:00:00,227.5,0.72,244.25
2021-01-26 09:00:00,252.5,1.42,221.82
2021-01-26 10:00:00,269.0,0.8,240.48
2021-01-26 11:00:00,213.0,0.98,259.65
2021-01-26 12:00:00,144.0,0.9,276.88
2021-01-26 13:00:00,127.0,0.88,297.48
2021-01-26 14:00:00,116.5,1.02,271.88
2021-01-26 15:00:00,108.5,1.1,285.08
2021-01-26 16:00:00,100.0,0.98,280.25
2021-01-26 17:00:00,97.0,1.6,288.65
2021-01-26 18:00:00,115.5,1.6,283.7
2021-01-26 19:00:00,157.0,1.6,283.45
2021-01-26 20:00:00,254.5,1.6,283.3
2021-01-26 21:00:00,368.0,1.6,283.15
2021-01-26 22:00:00,375.5,1.6,290.92
2021-01-26 23:00:00,318.5,1.6,291.0
2021-01-27 00:00:00,284.5,1.6,291.0
2021-01-27 01:00:00,251.0,1.6,290.92
2021-01-27 02:00:00,209.5,1.42,282.3
2021-01-27 03:00:00,191.5,1.1,280.1
2021-01-27 04:00:00,177.0,0.78,260.77
2021-01-27 05:00:00,174.5,1.23,239.15
2021-01-27 06:00:00,201.0,1.33,244.68
2021-01-27 07:00:00,223.0,1.4,250.22
2021-01-27 08:00:00,237.5,1.22,248.75
2021-01-27 09:00:00,243.5,0.95,244.95
2021-01-27 10:00:00,231.5,1.0,274.88
2021-01-27 11:00:00,208.0,0.98,278.58
2021-01-27 12:00:00,190.0,0.82,272.58
2021-01-27 13:00:00,149.0,1.0,278.95
2021-01-27 14:00:00,90.0,1.0,287.17
2021-01-27 15:00:00,74.5,0.95,278.15
2021-01-27 16:00:00,82.0,0.82,277.98
2021-01-27 17:00:00,78.5,1.3,280.9
2021-01-27 18:00:00,124.0,1.6,283.55
2021-01-27 19:00:00,192.5,1.6,283.5
2021-01-27 20:00:00,226.0,1.6,283.48
2021-01-27 21:00:00,258.5,1.6,283.42
2021-01-27 22:00:00,284.5,1.6,282.27
2021-01-27 23:00:00,297.5,0.38,12.32
2021-01-28 00:00:00,269.5,0.3,14.88
2021-01-28 01:00:00,238.5,0.3,14.9
2021-01-28 02:00:00,242.0,0.3,14.9
2021-01-28 03:00:00,258.0,0.3,14.9
2021-01-28 04:00:00,260.5,0.3,14.88
2021-01-28 05:00:00,249.0,0.3,14.9
2021-01-28 06:00:00,273.5,0.3,14.88
2021-01-28 07:00:00,298.0,0.3,14.9
2021-01-28 08:00:00,322.5,0.3,49.95
2021-01-28 09:00:00,,0.3,52.88
2021-01-28 10:00:00,,0.9,44.68
2021-01-28 11:00:00,396.0,0.95,47.68
2021-01-28 12:00:00,368.0,0.85,25.35
2021-01-28 13:00:00,306.0,0.8,111.65
2021-01-28 14:00:00,234.0,0.88,324.68
2021-01-28 15:00:00,196.0,0.75,318.9
2021-01-28 16:00:00,198.0,0.82,96.32
2021-01-28 17:00:00,248.0,1.15,31.55
2021-01-28 18:00:00,318.0,1.6,49.72
2021-01-28 19:00:00,386.0,1.6,53.7
2021-01-28 20:00:00,454.5,1.6,53.8
2021-01-28 21:00:00,477.0,1.5571428571428572,68.95714285714286
2021-01-28 22:00:00,458.2,1.5142857142857145,84.11428571428571
2021-01-28 23:00:00,439.4,1.4714285714285715,99.27142857142857
2021-01-29 00:00:00,420.6,,
2021-01-29 01:00:00,,,
2021-01-29 02:00:00,,,
2021-01-29 03:00:00,,,
2021-01-29 04:00:00,,,
2021-01-29 05:00:00,,,
2021-01-29 06:00:00,,,
2021-01-29 07:00:00,,,
2021-01-29 08:00:00,,,
2021-01-29 09:00:00,,,
2021-01-29 10:00:00,,1.0,266.0
2021-01-29 11:00:00,,0.95,271.08
2021-01-29 12:00:00,195.0,0.92,279.08
2021-01-29 13:00:00,167.0,0.98,288.32
2021-01-29 14:00:00,123.0,0.98,289.02
2021-01-29 15:00:00,102.0,0.9,288.42
2021-01-29 16:00:00,89.0,1.0,284.25
2021-01-29 17:00:00,83.0,1.02,282.98
2021-01-29 18:00:00,109.5,0.95,277.83
2021-01-29 19:00:00,191.0,0.3,266.3
2021-01-29 20:00:00,256.5,0.48,261.32
2021-01-29 21:00:00,282.5,0.95,274.35
2021-01-29 22:00:00,300.5,0.82,264.73
2021-01-29 23:00:00,303.5,0.85,270.55
2021-01-30 00:00:00,281.5,0.95,266.62
2021-01-30 01:00:00,226.0,1.27,247.98
2021-01-30 02:00:00,195.0,1.12,264.27
2021-01-30 03:00:00,192.5,1.02,258.77
2021-01-30 04:00:00,196.0,1.18,265.58
2021-01-30 05:00:00,203.5,1.18,263.33
2021-01-30 06:00:00,222.0,1.25,252.02
2021-01-30 07:00:00,216.0,1.18,243.25
2021-01-30 08:00:00,202.0,1.1,254.05
2021-01-30 09:00:00,216.0,1.05,263.98
2021-01-30 10:00:00,197.0,0.92,275.15
2021-01-30 11:00:00,172.5,0.98,276.52
2021-01-30 12:00:00,159.0,0.98,288.58
2021-01-30 13:00:00,135.0,1.0,282.9
2021-01-30 14:00:00,108.0,0.98,270.25
2021-01-30 15:00:00,90.0,0.98,264.8
2021-01-30 16:00:00,86.0,1.02,260.35
2021-01-30 17:00:00,97.5,1.08,259.0
2021-01-30 18:00:00,155.5,0.35,247.05
2021-01-30 19:00:00,196.5,0.3,236.05
2021-01-30 20:00:00,236.5,0.3,233.95
2021-01-30 21:00:00,305.5,0.3,252.85
2021-01-30 22:00:00,333.0,0.3,254.1
2021-01-30 23:00:00,342.5,0.3,254.1
2021-01-31 00:00:00,358.0,0.3,254.05
2021-01-31 01:00:00,346.0,0.3,254.08
2021-01-31 02:00:00,307.5,0.3,254.02
2021-01-31 03:00:00,265.0,0.3,254.02
2021-01-31 04:00:00,238.0,0.3,254.0
2021-01-31 05:00:00,240.0,0.3,254.0
2021-01-31 06:00:00,244.5,0.3,254.0
2021-01-31 07:00:00,246.0,0.3,254.05
2021-01-31 08:00:00,266.0,0.3,227.35
2021-01-31 09:00:00,285.5,0.38,234.6
2021-01-31 10:00:00,240.0,1.18,264.62
2021-01-31 11:00:00,193.0,1.0,234.98
2021-01-31 12:00:00,180.0,0.7,244.95
2021-01-31 13:00:00,139.5,0.62,238.52
2021-01-31 14:00:00,92.5,0.6,223.65
2021-01-31 15:00:00,66.0,0.8,258.58
2021-01-31 16:00:00,59.0,1.32,248.53
2021-01-31 17:00:00,83.0,0.25,162.78
2021-01-31 18:00:00,148.5,0.3,67.5
2021-01-31 19:00:00,255.5,0.3,67.3
2021-01-31 20:00:00,348.5,0.3,67.22
2021-01-31 21:00:00,415.5,0.3,67.28
2021-01-31 22:00:00,477.0,0.3,67.2
2021-01-31 23:00:00,513.0,0.3,67.58
2021-02-01 00:00:00,493.5,0.3,47.5
2021-02-01 01:00:00,406.5,0.3,31.75
2021-02-01 02:00:00,349.0,0.3,76.0
2021-02-01 03:00:00,338.0,0.28,258.95
2021-02-01 04:00:00,338.0,0.3,323.9
2021-02-01 05:00:00,330.0,0.3,323.88
2021-02-01 06:00:00,315.0,0.3,323.8
2021-02-01 07:00:00,322.0,0.3,323.9
2021-02-01 08:00:00,347.0,0.3,250.78
2021-02-01 09:00:00,413.5,0.28,62.48
2021-02-01 10:00:00,406.5,0.2,137.73
2021-02-01 11:00:00,300.0,0.5,202.58
2021-02-01 12:00:00,227.0,1.2,248.3
2021-02-01 13:00:00,241.5,0.5,267.18
2021-02-01 14:00:00,295.0,0.73,276.1
2021-02-01 15:00:00,252.5,0.55,307.58
2021-02-01 16:00:00,174.5,0.88,295.08
2021-02-01 17:00:00,158.0,1.52,279.4
2021-02-01 18:00:00,166.5,1.6,272.1
2021-02-01 19:00:00,194.5,1.6,271.77
2021-02-01 20:00:00,236.5,1.6,271.7
2021-02-01 21:00:00,275.5,1.6,271.52
2021-02-01 22:00:00,374.0,1.48,285.82
2021-02-01 23:00:00,404.0,1.6,6.6
2021-02-02 00:00:00,360.5,1.6,13.98
2021-02-02 01:00:00,428.5,1.6,13.8
2021-02-02 02:00:00,439.0,1.6,13.82
2021-02-02 03:00:00,351.5,1.6,13.8
2021-02-02 04:00:00,294.5,1.6,13.8
2021-02-02 05:00:00,257.0,1.6,13.8
2021-02-02 06:00:00,240.0,1.6,13.8
2021-02-02 07:00:00,247.0,1.6,13.78
2021-02-02 08:00:00,278.0,1.23,233.25
2021-02-02 09:00:00,343.5,1.52,234.32
2021-02-02 10:00:00,347.0,1.42,217.35
2021-02-02 11:00:00,329.0,0.98,228.82
2021-02-02 12:00:00,272.5,0.95,240.0
2021-02-02 13:00:00,181.0,0.78,256.0
2021-02-02 14:00:00,156.0,1.2,264.45
2021-02-02 15:00:00,134.0,1.25,289.23
2021-02-02 16:00:00,141.5,1.27,38.08
2021-02-02 17:00:00,238.5,1.58,52.28
2021-02-02 18:00:00,319.0,1.6,51.28
2021-02-02 19:00:00,349.0,1.6,51.2
2021-02-02 20:00:00,407.0,1.6,51.32
2021-02-02 21:00:00,453.5,1.6,52.25
2021-02-02 22:00:00,467.0,1.6,52.28
2021-02-02 23:00:00,410.0,1.4,60.48
2021-02-03 00:00:00,330.5,1.25,60.15
2021-02-03 01:00:00,304.0,1.05,78.25
2021-02-03 02:00:00,287.5,0.57,124.3
2021-02-03 03:00:00,262.0,0.92,127.43
2021-02-03 04:00:00,259.0,1.1,114.6
2021-02-03 05:00:00,258.5,1.55,121.05
2021-02-03 06:00:00,241.5,1.02,113.43
2021-02-03 07:00:00,249.0,0.9,95.85
2021-02-03 08:00:00,267.0,0.85,102.43
2021-02-03 09:00:00,240.0,0.77,123.62
2021-02-03 10:00:00,207.25,0.98,108.12
2021-02-03 11:00:00,191.75,0.7,114.92
2021-02-03 12:00:00,163.5,0.85,109.38
2021-02-03 13:00:00,114.25,0.75,126.45
2021-02-03 14:00:00,104.75,0.85,109.55
2021-02-03 15:00:00,103.5,1.02,118.22
2021-02-03 16:00:00,115.75,0.95,88.98
2021-02-03 17:00:00,134.25,1.05,93.72
2021-02-03 18:00:00,157.75,1.55,72.22
2021-02-03 19:00:00,203.75,0.95,86.92
2021-02-03 20:00:00,239.25,0.43,90.48
2021-02-03 21:00:00,215.5,1.25,103.75
2021-02-03 22:00:00,198.5,1.42,109.8
2021-02-03 23:00:00,207.5,0.65,144.27
2021-02-04 00:00:00,216.25,1.27,105.02
2021-02-04 01:00:00,234.5,0.92,58.95
2021-02-04 02:00:00,254.75,1.55,48.22
2021-02-04 03:00:00,266.25,1.52,64.53
2021-02-04 04:00:00,261.25,0.68,131.92
2021-02-04 05:00:00,244.0,0.78,154.33
2021-02-04 06:00:00,240.25,1.32,166.7
2021-02-04 07:00:00,229.75,1.32,64.48
2021-02-04 08:00:00,234.75,1.38,73.72
2021-02-04 09:00:00,236.0,0.85,61.85
2021-02-04 10:00:00,221.0,0.85,93.5
2021-02-04 11:00:00,227.75,0.9,165.5
2021-02-04 12:00:00,192.5,0.75,335.98
2021-02-04 13:00:00,167.25,0.95,36.35
2021-02-04 14:00:00,103.0,0.85,33.28
2021-02-04 15:00:00,90.0,1.0,44.92
2021-02-04 16:00:00,72.0,0.88,181.85
2021-02-04 17:00:00,80.0,0.85,338.33
2021-02-04 18:00:00,69.75,0.88,348.18
2021-02-04 19:00:00,52.75,0.85,178.3
2021-02-04 20:00:00,63.25,1.1,56.92
2021-02-04 21:00:00,52.0,1.02,44.85
2021-02-04 22:00:00,51.0,1.15,99.52
2021-02-04 23:00:00,49.0,0.5,101.05
2021-02-05 00:00:00,54.25,0.92,186.52
2021-02-05 01:00:00,54.5,0.38,26.05
2021-02-05 02:00:00,32.5,1.15,45.25
2021-02-05 03:00:00,26.5,1.52,46.85
2021-02-05 04:00:00,32.0,1.45,224.95
2021-02-05 05:00:00,46.0,1.52,158.12
2021-02-05 06:00:00,108.25,1.58,239.75
2021-02-05 07:00:00,168.0,1.45,291.48
2021-02-05 08:00:00,89.75,1.52,276.05
2021-02-05 09:00:00,100.0,0.82,289.38
2021-02-05 10:00:00,79.0,0.62,299.2
2021-02-05 11:00:00,84.5,0.6,298.77
2021-02-05 12:00:00,91.5,0.85,305.73
2021-02-05 13:00:00,62.75,0.62,298.27
2021-02-05 14:00:00,67.25,0.98,292.8
2021-02-05 15:00:00,76.0,0.72,308.18
2021-02-05 16:00:00,55.75,0.95,303.35
2021-02-05 17:00:00,56.5,1.25,290.88
2021-02-05 18:00:00,57.75,0.88,289.8
2021-02-05 19:00:00,74.5,1.1,279.62
2021-02-05 20:00:00,75.75,0.55,284.05
2021-02-05 21:00:00,86.0,1.33,282.15
2021-02-05 22:00:00,89.75,1.48,282.62
2021-02-05 23:00:00,81.75,1.1,281.65
2021-02-06 00:00:00,80.75,1.23,284.12
2021-02-06 01:00:00,86.5,0.8,283.15
2021-02-06 02:00:00,81.25,0.6,283.98
2021-02-06 03:00:00,85.5,1.45,276.35
2021-02-06 04:00:00,84.0,1.0,277.38
2021-02-06 05:00:00,104.25,0.72,250.88
2021-02-06 06:00:00,123.75,1.05,243.42
2021-02-06 07:00:00,163.25,1.22,248.98
2021-02-06 08:00:00,164.0,1.02,270.65
2021-02-06 09:00:00,152.75,1.0,281.68
2021-02-06 10:00:00,138.75,0.9,291.97
2021-02-06 11:00:00,108.75,0.9,290.23
2021-02-06 12:00:00,79.75,0.95,297.6
2021-02-06 13:00:00,66.25,0.85,296.62
2021-02-06 14:00:00,65.25,0.9,291.48
2021-02-06 15:00:00,67.75,1.02,284.17
2021-02-06 16:00:00,60.5,1.05,285.52
2021-02-06 17:00:00,50.75,1.1,287.25
2021-02-06 18:00:00,59.25,1.2,277.68
2021-02-06 19:00:00,82.25,0.98,282.88
2021-02-06 20:00:00,102.25,0.9,280.77
2021-02-06 21:00:00,129.5,1.12,281.48
2021-02-06 22:00:00,143.5,1.23,282.52
2021-02-06 23:00:00,140.75,0.98,277.6
2021-02-07 00:00:00,153.0,1.0,281.68
2021-02-07 01:00:00,146.5,1.23,277.27
2021-02-07 02:00:00,156.5,1.08,263.27
2021-02-07 03:00:00,192.0,1.03,277.02
2021-02-07 04:00:00,188.5,1.17,270.6
2021-02-07 05:00:00,180.5,1.02,254.42
2021-02-07 06:00:00,217.0,1.2,252.62
2021-02-07 07:00:00,222.75,1.0,246.78
2021-02-07 08:00:00,227.25,1.0,257.92
2021-02-07 09:00:00,236.25,0.9,277.73
2021-02-07 10:00:00,205.5,0.95,281.88
2021-02-07 11:00:00,166.5,0.95,275.23
2021-02-07 12:00:00,132.75,0.98,288.05
2021-02-07 13:00:00,95.0,0.92,285.6
2021-02-07 14:00:00,80.5,0.9,291.45
2021-02-07 15:00:00,74.5,0.95,291.6
2021-02-07 16:00:00,77.25,1.0,278.88
2021-02-07 17:00:00,76.0,1.08,274.23
2021-02-07 18:00:00,94.25,1.08,277.73
2021-02-07 19:00:00,134.0,1.3,256.88
2021-02-07 20:00:00,206.0,0.43,259.5
2021-02-07 21:00:00,228.5,0.3,250.95
2021-02-07 22:00:00,218.5,0.3,249.85
2021-02-07 23:00:00,234.75,0.3,249.9
2021-02-08 00:00:00,247.25,0.3,262.8
2021-02-08 01:00:00,229.0,0.3,284.5
2021-02-08 02:00:00,215.25,0.3,279.58
2021-02-08 03:00:00,210.75,0.3,273.55
2021-02-08 04:00:00,207.5,0.3,280.22
2021-02-08 05:00:00,189.75,0.3,280.1
2021-02-08 06:00:00,190.0,0.3,280.0
2021-02-08 07:00:00,211.25,0.3,280.1
2021-02-08 08:00:00,250.25,0.43,260.4
2021-02-08 09:00:00,286.25,1.32,253.52
2021-02-08 10:00:00,289.25,0.97,250.62
2021-02-08 11:00:00,268.75,1.2,257.22
2021-02-08 12:00:00,229.0,0.88,271.75
2021-02-08 13:00:00,175.75,0.88,262.35
2021-02-08 14:00:00,122.5,1.05,266.62
2021-02-08 15:00:00,115.0,1.0,277.18
2021-02-08 16:00:00,103.0,1.05,289.8
2021-02-08 17:00:00,99.0,0.88,289.08
2021-02-08 18:00:00,119.0,0.3,284.68
2021-02-08 19:00:00,144.75,0.3,287.5
2021-02-08 20:00:00,187.25,0.3,287.4
2021-02-08 21:00:00,234.75,0.3,287.35
2021-02-08 22:00:00,285.5,0.3,287.33
2021-02-08 23:00:00,284.5,0.3,287.38
2021-02-09 00:00:00,271.75,0.3,287.48
2021-02-09 01:00:00,248.5,0.3,287.45
2021-02-09 02:00:00,222.75,0.3,287.4
2021-02-09 03:00:00,218.5,0.3,266.65
2021-02-09 04:00:00,230.75,0.3,252.28
2021-02-09 05:00:00,245.25,0.3,251.45
2021-02-09 06:00:00,326.0,0.3,250.7
2021-02-09 07:00:00,321.5,0.3,250.15
2021-02-09 08:00:00,322.0,0.3,232.68
2021-02-09 09:00:00,360.0,0.82,230.58
2021-02-09 10:00:00,419.75,1.12,233.55
2021-02-09 11:00:00,355.25,1.03,234.7
2021-02-09 12:00:00,245.0,0.88,219.08
2021-02-09 13:00:00,185.0,1.1,267.9
2021-02-09 14:00:00,165.5,0.88,253.65
2021-02-09 15:00:00,97.5,1.12,260.08
2021-02-09 16:00:00,70.25,0.85,250.95
2021-02-09 17:00:00,74.75,1.5,284.73
2021-02-09 18:00:00,84.75,1.6,290.12
2021-02-09 19:00:00,130.25,1.6,290.92
2021-02-09 20:00:00,204.25,1.42,62.72
2021-02-09 21:00:00,232.0,1.6,57.35
2021-02-09 22:00:00,257.5,1.6,56.72
2021-02-09 23:00:00,283.5,1.6,56.42
2021-02-10 00:00:00,303.75,1.6,56.4
2021-02-10 01:00:00,342.5,1.6,56.4
2021-02-10 02:00:00,372.25,1.6,56.4
2021-02-10 03:00:00,376.0,1.6,56.42
2021-02-10 04:00:00,366.75,1.6,56.5
2021-02-10 05:00:00,338.5,1.6,56.5
2021-02-10 06:00:00,334.75,1.6,56.5
2021-02-10 07:00:00,331.75,1.6,56.42
2021-02-10 08:00:00,356.0,1.48,68.97
2021-02-10 09:00:00,346.75,1.3,169.22
2021-02-10 10:00:00,183.25,1.02,173.12
2021-02-10 11:00:00,129.0,0.68,179.05
2021-02-10 12:00:00,115.25,0.72,197.0
2021-02-10 13:00:00,53.25,0.57,209.52
2021-02-10 14:00:00,49.75,1.0,274.68
2021-02-10 15:00:00,80.25,1.17,109.18
2021-02-10 16:00:00,130.5,0.95,36.15
2021-02-10 17:00:00,132.5,1.38,190.48
2021-02-10 18:00:00,129.75,1.6,34.82
2021-02-10 19:00:00,147.5,1.55,85.98
2021-02-10 20:00:00,178.5,1.0,283.48
2021-02-10 21:00:00,229.25,1.08,302.85
2021-02-10 22:00:00,222.75,1.3,259.38
2021-02-10 23:00:00,282.25,1.12,19.73
2021-02-11 00:00:00,236.75,0.3,16.88
2021-02-11 01:00:00,263.25,0.3,37.35
2021-02-11 02:00:00,267.5,0.28,169.4
2021-02-11 03:00:00,290.5,0.3,80.92
2021-02-11 04:00:00,398.75,0.3,1.1
2021-02-11 05:00:00,372.0,0.28,77.75
2021-02-11 06:00:00,344.75,1.4,289.62
2021-02-11 07:00:00,231.0,1.6,285.9
2021-02-11 08:00:00,255.0,1.6,278.33
2021-02-11 09:00:00,305.25,1.12,257.65
2021-02-11 10:00:00,337.0,0.57,260.7
2021-02-11 11:00:00,280.5,0.72,261.98
2021-02-11 12:00:00,199.5,0.68,309.77
2021-02-11 13:00:00,168.0,0.92,284.27
2021-02-11 14:00:00,91.0,0.88,303.73
2021-02-11 15:00:00,152.0,0.98,286.92
2021-02-11 16:00:00,130.0,0.85,287.75
2021-02-11 17:00:00,106.0,1.02,274.8
2021-02-11 18:00:00,121.0,1.02,268.02
2021-02-11 19:00:00,129.0,1.08,258.8
2021-02-11 20:00:00,157.0,0.3,267.45
2021-02-11 21:00:00,161.0,0.3,283.38
2021-02-11 22:00:00,205.0,0.3,286.73
2021-02-11 23:00:00,228.0,0.3,289.32
2021-02-12 00:00:00,249.0,0.3,281.47
2021-02-12 01:00:00,217.0,0.28,289.3
2021-02-12 02:00:00,191.0,0.28,216.23
2021-02-12 03:00:00,186.0,0.3,290.65
2021-02-12 04:00:00,304.0,0.3,289.38
2021-02-12 05:00:00,257.0,0.3,289.15
2021-02-12 06:00:00,206.0,0.3,289.17
2021-02-12 07:00:00,200.0,0.3,289.38
2021-02-12 08:00:00,194.0,0.28,286.32
2021-02-12 09:00:00,221.0,0.3,165.12
2021-02-12 10:00:00,295.0,0.6,190.78
2021-02-12 11:00:00,372.0,1.08,248.65
2021-02-12 12:00:00,283.0,0.8,159.3
2021-02-12 13:00:00,217.0,0.97,287.35
2021-02-12 14:00:00,260.0,0.75,279.8
2021-02-12 15:00:00,223.0,0.82,300.67
2021-02-12 16:00:00,185.0,1.1,234.45
2021-02-12 17:00:00,335.0,1.58,290.3
2021-02-12 18:00:00,321.0,1.6,289.65
2021-02-12 19:00:00,298.0,1.6,85.3
2021-02-12 20:00:00,372.0,1.6,12.88
2021-02-12 21:00:00,331.0,1.48,9.6
2021-02-12 22:00:00,317.0,1.6,9.1
2021-02-12 23:00:00,382.0,1.58,24.7
2021-02-13 00:00:00,365.0,1.52,296.25
2021-02-13 01:00:00,234.0,1.4,236.2
2021-02-13 02:00:00,279.0,1.48,292.3
2021-02-13 03:00:00,139.0,1.4,316.75
2021-02-13 04:00:00,127.0,1.42,182.8
2021-02-13 05:00:00,232.0,1.58,18.05
2021-02-13 06:00:00,210.0,1.48,240.12
2021-02-13 07:00:00,246.0,1.33,49.92
2021-02-13 08:00:00,349.0,1.55,188.62
2021-02-13 09:00:00,250.0,1.38,172.42
2021-02-13 10:00:00,296.0,1.42,102.78
2021-02-13 11:00:00,432.0,1.12,205.0
2021-02-13 12:00:00,459.0,1.02,249.95
2021-02-13 13:00:00,455.0,0.35,159.32
2021-02-13 14:00:00,436.0,1.05,174.62
2021-02-13 15:00:00,354.0,0.75,306.6
2021-02-13 16:00:00,265.0,1.18,289.3
2021-02-13 17:00:00,227.0,0.3,286.7
2021-02-13 18:00:00,207.0,0.3,300.95
2021-02-13 19:00:00,261.0,0.3,305.2
2021-02-13 20:00:00,304.0,0.3,305.12
2021-02-13 21:00:00,323.0,0.3,305.1
2021-02-13 22:00:00,310.0,0.3,305.08
2021-02-13 23:00:00,324.0,0.3,305.02
2021-02-14 00:00:00,356.0,0.3,305.0
2021-02-14 01:00:00,374.0,0.3,165.25
2021-02-14 02:00:00,344.0,0.3,41.2
2021-02-14 03:00:00,279.0,0.3,48.25
2021-02-14 04:00:00,229.0,0.3,40.08
2021-02-14 05:00:00,216.0,0.3,40.62
2021-02-14 06:00:00,223.0,0.3,40.5
2021-02-14 07:00:00,227.0,0.3,40.08
2021-02-14 08:00:00,273.0,0.3,40.12
2021-02-14 09:00:00,334.0,0.25,117.32
2021-02-14 10:00:00,396.0,0.28,158.85
2021-02-14 11:00:00,276.0,0.62,174.78
2021-02-14 12:00:00,232.0,0.92,186.6
2021-02-14 13:00:00,188.0,0.68,229.25
2021-02-14 14:00:00,145.0,0.62,289.48
2021-02-14 15:00:00,107.0,0.82,278.85
2021-02-14 16:00:00,101.0,1.02,291.6
2021-02-14 17:00:00,172.0,1.6,293.12
2021-02-14 18:00:00,146.0,1.6,292.05
2021-02-14 19:00:00,164.0,1.6,290.12
2021-02-14 20:00:00,199.75,1.6,289.88
2021-02-14 21:00:00,229.0,1.6,289.75
2021-02-14 22:00:00,284.0,1.58,149.48
2021-02-14 23:00:00,302.0,1.6,12.2
2021-02-15 00:00:00,245.0,1.6,12.48
2021-02-15 01:00:00,216.0,1.6,12.7
2021-02-15 02:00:00,215.0,1.6,12.7
2021-02-15 03:00:00,204.0,1.6,12.6
2021-02-15 04:00:00,204.0,1.6,12.5
2021-02-15 05:00:00,205.0,1.6,12.28
2021-02-15 06:00:00,210.0,1.6,12.02
2021-02-15 07:00:00,212.0,1.6,11.9
2021-02-15 08:00:00,241.25,1.6,11.92
2021-02-15 09:00:00,273.0,1.32,101.55
2021-02-15 10:00:00,270.25,1.27,178.6
2021-02-15 11:00:00,187.25,0.88,189.73
2021-02-15 12:00:00,152.25,1.08,171.28
2021-02-15 13:00:00,149.75,0.8,187.32
2021-02-15 14:00:00,121.75,0.7,191.0
2021-02-15 15:00:00,65.75,0.78,149.02
2021-02-15 16:00:00,66.5,1.27,147.43
2021-02-15 17:00:00,85.25,0.32,101.45
2021-02-15 18:00:00,115.0,0.25,152.0
2021-02-15 19:00:00,177.75,0.3,20.58
2021-02-15 20:00:00,246.75,0.55,21.22
2021-02-15 21:00:00,265.5,0.3,34.58
2021-02-15 22:00:00,258.5,0.3,26.38
2021-02-15 23:00:00,252.0,0.3,24.6
2021-02-16 00:00:00,249.25,0.3,17.48
2021-02-16 01:00:00,229.5,0.3,15.4
2021-02-16 02:00:00,228.75,0.3,15.5
2021-02-16 03:00:00,263.5,0.3,15.52
2021-02-16 04:00:00,315.0,0.3,15.48
2021-02-16 05:00:00,314.25,0.3,15.48
2021-02-16 06:00:00,238.75,0.3,15.52
2021-02-16 07:00:00,240.0,0.3,169.08
2021-02-16 08:00:00,261.75,0.3,100.02
2021-02-16 09:00:00,280.75,0.5,97.85
2021-02-16 10:00:00,261.75,0.9,127.08
2021-02-16 11:00:00,216.0,0.9,179.58
2021-02-16 12:00:00,136.0,0.4,145.22
2021-02-16 13:00:00,134.0,0.7,128.75
2021-02-16 14:00:00,152.0,0.88,106.22
2021-02-16 15:00:00,204.5,0.8,100.05
2021-02-16 16:00:00,143.25,1.1,95.98
2021-02-16 17:00:00,125.25,1.1,313.85
2021-02-16 18:00:00,107.25,1.15,289.67
2021-02-16 19:00:00,144.5,1.2,288.95
2021-02-16 20:00:00,154.0,0.82,302.9
2021-02-16 21:00:00,149.5,0.3,313.9
2021-02-16 22:00:00,149.5,0.3,301.08
2021-02-16 23:00:00,164.25,0.3,301.0
2021-02-17 00:00:00,170.5,0.3,301.0
2021-02-17 01:00:00,179.5,0.3,300.95
2021-02-17 02:00:00,185.75,0.3,300.92
2021-02-17 03:00:00,188.25,0.3,317.1
2021-02-17 04:00:00,177.25,0.3,321.6
2021-02-17 05:00:00,174.5,0.3,321.6
2021-02-17 06:00:00,198.0,0.3,303.88
2021-02-17 07:00:00,221.75,0.3,281.75
2021-02-17 08:00:00,243.75,0.3,270.25
2021-02-17 09:00:00,296.5,0.3,191.58
2021-02-17 10:00:00,402.25,0.7,20.1
2021-02-17 11:00:00,508.0,1.2,117.35
2021-02-17 12:00:00,174.5,0.55,172.3
2021-02-17 13:00:00,138.5,1.0,218.55
2021-02-17 14:00:00,103.0,0.8,272.42
2021-02-17 15:00:00,66.5,0.8,330.12
2021-02-17 16:00:00,80.75,0.4,235.42
2021-02-17 17:00:00,102.0,1.15,288.92
2021-02-17 18:00:00,103.75,0.3,292.95
2021-02-17 19:00:00,113.0,0.3,292.48
2021-02-17 20:00:00,155.5,0.3,292.3
2021-02-17 21:00:00,171.5,0.3,292.23
2021-02-17 22:00:00,192.5,0.3,295.02
2021-02-17 23:00:00,269.0,0.3,7.95
2021-02-18 00:00:00,416.25,0.3,6.6
2021-02-18 01:00:00,394.825,0.418,11.698
2021-02-18 02:00:00,373.4,0.536,16.796
2021-02-18 03:00:00,351.975,0.6539999999999999,21.894
2021-02-18 04:00:00,,,
2021-02-18 05:00:00,,,
2021-02-18 06:00:00,,,
2021-02-18 07:00:00,,,
2021-02-18 08:00:00,,,
2021-02-18 09:00:00,,,
2021-02-18 10:00:00,202.0,1.48,57.58
2021-02-18 11:00:00,259.0,1.02,143.93
2021-02-18 12:00:00,227.25,0.82,182.68
2021-02-18 13:00:00,128.25,0.88,202.1
2021-02-18 14:00:00,106.5,0.65,202.78
2021-02-18 15:00:00,80.0,0.82,87.13
2021-02-18 16:00:00,93.75,1.0,299.12
2021-02-18 17:00:00,90.0,1.23,288.15
2021-02-18 18:00:00,96.5,1.6,288.05
2021-02-18 19:00:00,125.0,1.6,285.02
2021-02-18 20:00:00,176.25,1.6,284.95
2021-02-18 21:00:00,305.0,1.6,284.77
2021-02-18 22:00:00,448.75,1.55,218.38
2021-02-18 23:00:00,384.5,1.6,3.9
2021-02-19 00:00:00,389.75,1.5,221.72
2021-02-19 01:00:00,292.25,0.38,277.92
2021-02-19 02:00:00,181.0,0.3,282.75
2021-02-19 03:00:00,175.25,0.3,282.8
2021-02-19 04:00:00,169.5,0.3,282.65
2021-02-19 05:00:00,177.25,0.3,282.6
2021-02-19 06:00:00,177.0,0.3,282.62
2021-02-19 07:00:00,178.0,0.3,282.7
2021-02-19 08:00:00,195.25,0.3,282.82
2021-02-19 09:00:00,239.75,0.3,270.92
2021-02-19 10:00:00,331.75,0.62,230.18
2021-02-19 11:00:00,318.75,0.98,227.62
2021-02-19 12:00:00,250.25,0.98,259.23
2021-02-19 13:00:00,261.25,0.95,258.6
2021-02-19 14:00:00,99.75,0.98,270.7
2021-02-19 15:00:00,115.25,1.02,283.88
2021-02-19 16:00:00,112.0,0.9,289.22
2021-02-19 17:00:00,118.0,0.98,278.82
2021-02-19 18:00:00,155.0,0.72,284.25
2021-02-19 19:00:00,160.75,0.48,285.27
2021-02-19 20:00:00,186.75,0.3,294.25
2021-02-19 21:00:00,222.25,0.3,288.28
2021-02-19 22:00:00,248.75,0.3,290.45
2021-02-19 23:00:00,241.25,1.55,290.12
2021-02-20 00:00:00,227.75,1.6,286.83
2021-02-20 01:00:00,221.5,1.6,282.8
2021-02-20 02:00:00,223.0,1.6,280.38
2021-02-20 03:00:00,212.75,1.6,281.38
2021-02-20 04:00:00,202.5,1.6,281.02
2021-02-20 05:00:00,192.25,1.6,280.6
2021-02-20 06:00:00,182.0,1.58,261.98
2021-02-20 07:00:00,182.0,1.52,272.62
2021-02-20 08:00:00,206.0,1.5,239.95
2021-02-20 09:00:00,209.25,1.15,253.72
2021-02-20 10:00:00,219.0,0.88,279.82
2021-02-20 11:00:00,260.0,0.92,292.9
2021-02-20 12:00:00,254.5,0.8,297.8
2021-02-20 13:00:00,213.0,0.88,298.73
2021-02-20 14:00:00,125.75,0.95,290.27
2021-02-20 15:00:00,83.25,0.98,274.65
2021-02-20 16:00:00,63.75,1.0,274.52
2021-02-20 17:00:00,59.75,1.08,295.6
2021-02-20 18:00:00,72.5,0.72,288.2
2021-02-20 19:00:00,97.0,0.3,282.35
2021-02-20 20:00:00,135.0,0.4,278.23
2021-02-20 21:00:00,153.0,0.3,283.23
2021-02-20 22:00:00,160.5,1.58,287.58
2021-02-20 23:00:00,159.0,1.6,285.7
2021-02-21 00:00:00,162.5,1.6,288.12
2021-02-21 01:00:00,142.5,1.3,288.15
2021-02-21 02:00:00,141.0,0.3,282.05
2021-02-21 03:00:00,173.5,0.3,293.1
2021-02-21 04:00:00,193.0,0.52,247.52
2021-02-21 05:00:00,208.0,1.15,249.9
2021-02-21 06:00:00,240.0,0.68,259.45
2021-02-21 07:00:00,278.75,1.25,247.2
2021-02-21 08:00:00,286.0,0.9,245.92
2021-02-21 09:00:00,333.25,1.25,259.0
2021-02-21 10:00:00,312.0,1.05,245.15
2021-02-21 11:00:00,268.25,0.98,250.52
2021-02-21 12:00:00,214.5,1.05,272.88
2021-02-21 13:00:00,166.25,1.02,259.27
2021-02-21 14:00:00,128.75,1.0,277.23
2021-02-21 15:00:00,109.5,1.02,271.02
2021-02-21 16:00:00,96.75,0.92,265.33
2021-02-21 17:00:00,88.25,0.98,272.8
2021-02-21 18:00:00,85.25,1.1,270.55
2021-02-21 19:00:00,102.0,0.95,272.82
2021-02-21 20:00:00,144.0,1.6,282.22
2021-02-21 21:00:00,186.0,0.65,265.95
2021-02-21 22:00:00,203.5,1.48,264.65
2021-02-21 23:00:00,200.25,1.58,283.52
2021-02-22 00:00:00,191.0,1.6,284.27
2021-02-22 01:00:00,181.5,1.6,282.3
2021-02-22 02:00:00,189.0,1.6,283.92
2021-02-22 03:00:00,189.5,1.6,267.62
2021-02-22 04:00:00,193.75,1.58,252.3
2021-02-22 05:00:00,214.25,1.6,242.88
2021-02-22 06:00:00,251.75,0.95,244.15
2021-02-22 07:00:00,244.5,0.3,230.1
2021-02-22 08:00:00,207.75,0.95,239.62
2021-02-22 09:00:00,179.0,0.95,243.6
2021-02-22 10:00:00,164.5,0.95,246.4
2021-02-22 11:00:00,155.5,1.0,252.2
2021-02-22 12:00:00,148.0,1.02,254.8
2021-02-22 13:00:00,131.75,0.95,263.65
2021-02-22 14:00:00,105.25,1.0,263.73
2021-02-22 15:00:00,85.25,0.98,261.6
2021-02-22 16:00:00,69.25,1.05,260.0
2021-02-22 17:00:00,73.0,1.08,252.95
2021-02-22 18:00:00,72.1,1.0785,252.54999999999998
2021-02-22 19:00:00,71.2,1.077,252.14999999999998
2021-02-22 20:00:00,70.3,1.0755000000000001,251.75
2021-02-22 21:00:00,,,
2021-02-22 22:00:00,,,
2021-02-22 23:00:00,,,
2021-02-23 00:00:00,,,
2021-02-23 01:00:00,,,
2021-02-23 02:00:00,,,
2021-02-23 03:00:00,,,
2021-02-23 04:00:00,,,
2021-02-23 05:00:00,,,
2021-02-23 06:00:00,,,
2021-02-23 07:00:00,,,
2021-02-23 08:00:00,,,
2021-02-23 09:00:00,,,
2021-02-23 10:00:00,,,
2021-02-23 11:00:00,,,
2021-02-23 12:00:00,,,
2021-02-23 13:00:00,55.0,1.05,244.95
2021-02-23 14:00:00,52.5,1.02,249.12
2021-02-23 15:00:00,45.25,1.05,250.98
2021-02-23 16:00:00,44.5,1.15,249.68
2021-02-23 17:00:00,41.0,0.98,260.15
2021-02-23 18:00:00,47.0,1.6,256.75
2021-02-23 19:00:00,69.5,1.6,256.67
2021-02-23 20:00:00,117.5,1.6,256.62
2021-02-23 21:00:00,145.25,1.6,256.6
2021-02-23 22:00:00,168.0,1.6,256.6
2021-02-23 23:00:00,202.75,1.6,256.6
2021-02-24 00:00:00,252.0,1.6,256.6
2021-02-24 01:00:00,277.5,1.6,256.58
2021-02-24 02:00:00,276.5,1.6,256.5
2021-02-24 03:00:00,260.0,1.6,256.5
2021-02-24 04:00:00,311.0,1.6,256.48
2021-02-24 05:00:00,330.0,1.6,256.45
2021-02-24 06:00:00,394.25,1.6,256.55
2021-02-24 07:00:00,416.0,1.6,256.65
2021-02-24 08:00:00,401.0,1.55,244.27
2021-02-24 09:00:00,395.5,1.25,275.82
2021-02-24 10:00:00,379.0,1.12,289.83
2021-02-24 11:00:00,253.5,0.88,270.6
2021-02-24 12:00:00,128.0,0.95,247.02
2021-02-24 13:00:00,227.0,1.05,249.95
2021-02-24 14:00:00,102.0,1.05,257.62
2021-02-24 15:00:00,80.0,0.98,279.7
2021-02-24 16:00:00,111.0,1.0,278.88
2021-02-24 17:00:00,50.0,1.18,267.65
2021-02-24 18:00:00,66.0,0.8,247.52
2021-02-24 19:00:00,67.0,0.3,241.6
2021-02-24 20:00:00,75.0,0.3,243.0
2021-02-24 21:00:00,106.0,0.3,242.9
2021-02-24 22:00:00,132.0,0.3,241.25
2021-02-24 23:00:00,161.0,0.3,164.85
2021-02-25 00:00:00,162.0,0.3,168.58
2021-02-25 01:00:00,175.0,0.25,58.4
2021-02-25 02:00:00,211.0,0.3,13.58
2021-02-25 03:00:00,268.0,0.3,14.0
2021-02-25 04:00:00,307.0,0.3,13.98
2021-02-25 05:00:00,331.0,0.3,14.0
2021-02-25 06:00:00,312.0,0.3,13.8
2021-02-25 07:00:00,190.0,0.3,13.3
2021-02-25 08:00:00,234.0,0.3,119.55
2021-02-25 09:00:00,235.75,0.45,230.88
2021-02-25 10:00:00,215.5,0.95,242.8
2021-02-25 11:00:00,143.5,0.82,255.38
2021-02-25 12:00:00,148.75,0.95,262.1
2021-02-25 13:00:00,124.0,0.98,259.15
2021-02-25 14:00:00,79.0,0.98,262.45
2021-02-25 15:00:00,80.0,1.02,259.62
2021-02-25 16:00:00,75.25,0.95,268.85
2021-02-25 17:00:00,55.0,1.1,257.65
2021-02-25 18:00:00,64.0,1.23,257.48
2021-02-25 19:00:00,74.33333333333333,0.58,254.45
2021-02-25 20:00:00,84.66666666666667,1.1,275.98
2021-02-25 21:00:00,95.0,1.08,267.7
2021-02-25 22:00:00,94.0,0.85,261.48
2021-02-25 23:00:00,101.0,1.05,272.42
2021-02-26 00:00:00,117.0,0.95,282.02
2021-02-26 01:00:00,124.0,1.33,253.35
2021-02-26 02:00:00,156.0,1.55,236.88
2021-02-26 03:00:00,174.0,0.95,250.28
2021-02-26 04:00:00,169.0,0.62,251.9
2021-02-26 05:00:00,162.0,1.48,244.68
2021-02-26 06:00:00,172.0,1.45,230.58
2021-02-26 07:00:00,206.0,1.23,241.4
2021-02-26 08:00:00,249.0,1.05,255.65
2021-02-26 09:00:00,196.0,1.05,253.38
2021-02-26 10:00:00,160.0,1.02,258.92
2021-02-26 11:00:00,122.66666666666666,1.0,266.32
2021-02-26 12:00:00,85.33333333333333,0.98,272.62
2021-02-26 13:00:00,48.0,0.92,273.75
2021-02-26 14:00:00,52.0,1.05,265.27
2021-02-26 15:00:00,47.0,1.02,257.9
2021-02-26 16:00:00,47.0,1.0,257.6
2021-02-26 17:00:00,44.0,0.7,255.88
2021-02-26 18:00:00,41.0,0.3,227.18
2021-02-26 19:00:00,44.0,0.3,222.7
2021-02-26 20:00:00,69.0,0.3,222.68
2021-02-26 21:00:00,111.0,0.3,222.62
2021-02-26 22:00:00,108.0,0.3,222.6
2021-02-26 23:00:00,136.0,0.3,222.65
2021-02-27 00:00:00,124.0,1.5,151.15
2021-02-27 01:00:00,83.0,1.6,142.8
2021-02-27 02:00:00,80.0,1.6,142.8
2021-02-27 03:00:00,66.0,1.38,109.45
2021-02-27 04:00:00,44.0,0.98,143.5
2021-02-27 05:00:00,158.0,1.42,42.3
2021-02-27 06:00:00,167.0,1.2,211.65
2021-02-27 07:00:00,100.0,0.73,273.17
2021-02-27 08:00:00,112.0,0.52,67.78
2021-02-27 09:00:00,112.0,1.08,202.88
2021-02-27 10:00:00,118.0,0.65,221.32
2021-02-27 11:00:00,61.0,0.75,215.4
2021-02-27 12:00:00,59.0,0.95,240.05
2021-02-27 13:00:00,58.0,0.98,260.27
2021-02-27 14:00:00,66.0,1.02,274.82
2021-02-27 15:00:00,42.25,0.9,289.62
2021-02-27 16:00:00,35.5,1.0,289.12
2021-02-27 17:00:00,40.25,1.18,253.18
2021-02-27 18:00:00,45.5,0.28,237.38
2021-02-27 19:00:00,69.0,0.3,27.88
2021-02-27 20:00:00,103.5,0.3,101.38
2021-02-27 21:00:00,120.0,0.3,160.85
2021-02-27 22:00:00,125.25,0.3,1.7
2021-02-27 23:00:00,120.0,0.28,276.52
2021-02-28 00:00:00,156.0,0.65,338.6
2021-02-28 01:00:00,189.5,0.55,306.77
2021-02-28 02:00:00,113.5,0.58,291.55
2021-02-28 03:00:00,73.75,0.3,288.55
2021-02-28 04:00:00,82.5,0.3,272.35
2021-02-28 05:00:00,77.25,0.25,240.4
2021-02-28 06:00:00,103.75,0.3,310.75
2021-02-28 07:00:00,147.0,0.35,270.15
2021-02-28 08:00:00,99.0,0.35,215.35
2021-02-28 09:00:00,105.5,0.88,313.7
2021-02-28 10:00:00,119.5,0.55,243.28
2021-02-28 11:00:00,90.5,1.08,278.08
2021-02-28 12:00:00,51.5,0.75,285.15
2021-02-28 13:00:00,54.75,0.75,314.8
2021-02-28 14:00:00,77.25,0.8,305.75
2021-02-28 15:00:00,69.5,1.0,289.92
2021-02-28 16:00:00,51.25,0.92,297.23
2021-02-28 17:00:00,45.0,1.02,290.8
2021-02-28 18:00:00,41.25,1.0,298.95
2021-02-28 19:00:00,41.25,1.2,294.55
2021-02-28 20:00:00,50.5,0.7,299.25
2021-02-28 21:00:00,59.25,1.5,295.32
2021-02-28 22:00:00,63.0,1.08,283.08
2021-02-28 23:00:00,64.25,1.33,288.9
2021-03-01 00:00:00,73.75,1.15,311.52
2021-03-01 01:00:00,114.0,0.7,331.3
2021-03-01 02:00:00,152.75,0.78,317.73
2021-03-01 03:00:00,61.75,1.0,300.6
2021-03-01 04:00:00,62.5,1.25,292.12
2021-03-01 05:00:00,70.5,1.17,297.7
2021-03-01 06:00:00,83.5,1.52,294.97
2021-03-01 07:00:00,95.75,1.5,280.38
2021-03-01 08:00:00,113.5,1.23,293.2
2021-03-01 09:00:00,121.5,1.0,294.0
2021-03-01 10:00:00,109.25,0.88,297.08
2021-03-01 11:00:00,87.75,0.88,282.88
2021-03-01 12:00:00,60.5,0.88,299.35
2021-03-01 13:00:00,42.5,0.95,290.95
2021-03-01 14:00:00,38.0,0.92,293.58
2021-03-01 15:00:00,36.0,1.0,274.95
2021-03-01 16:00:00,28.75,0.98,285.23
2021-03-01 17:00:00,26.0,1.0,286.12
2021-03-01 18:00:00,33.5,1.1,284.08
2021-03-01 19:00:00,53.75,1.05,256.42
2021-03-01 20:00:00,87.25,1.02,261.85
2021-03-01 21:00:00,137.0,1.18,272.27
2021-03-01 22:00:00,179.5,0.95,263.28
2021-03-01 23:00:00,192.0,1.08,263.55
2021-03-02 00:00:00,118.0,1.02,265.38
2021-03-02 01:00:00,117.0,1.08,270.75
2021-03-02 02:00:00,108.0,0.9,267.83
2021-03-02 03:00:00,117.0,0.95,258.92
2021-03-02 04:00:00,118.75,1.08,262.02
2021-03-02 05:00:00,127.5,0.98,262.4
2021-03-02 06:00:00,143.0,1.05,270.75
2021-03-02 07:00:00,160.75,1.05,269.83
2021-03-02 08:00:00,146.0,0.98,283.48
2021-03-02 09:00:00,74.25,0.98,283.05
2021-03-02 10:00:00,62.5,1.0,285.55
2021-03-02 11:00:00,51.75,0.98,277.65
2021-03-02 12:00:00,52.0,1.0,277.77
2021-03-02 13:00:00,51.0,1.0,278.7
2021-03-02 14:00:00,39.0,1.02,270.3
2021-03-02 15:00:00,41.75,1.08,274.8
2021-03-02 16:00:00,45.75,1.02,271.95
2021-03-02 17:00:00,32.0,0.98,271.33
2021-03-02 18:00:00,32.0,1.05,262.33
2021-03-02 19:00:00,46.75,1.08,262.85
2021-03-02 20:00:00,62.0,1.15,262.48
2021-03-02 21:00:00,55.0,0.9,261.5
2021-03-02 22:00:00,54.25,0.98,262.95
2021-03-02 23:00:00,60.25,1.02,261.15
2021-03-03 00:00:00,61.5,1.08,265.55
2021-03-03 01:00:00,80.25,1.05,267.35
2021-03-03 02:00:00,106.75,1.05,264.7
2021-03-03 03:00:00,110.25,0.82,271.55
2021-03-03 04:00:00,95.75,1.0,284.0
2021-03-03 05:00:00,70.25,0.98,265.75
2021-03-03 06:00:00,100.0,1.0,259.3
2021-03-03 07:00:00,159.0,1.02,263.12
2021-03-03 08:00:00,130.75,0.98,267.48
2021-03-03 09:00:00,129.0,1.0,262.42
2021-03-03 10:00:00,107.75,1.0,273.05
2021-03-03 11:00:00,108.75,0.98,272.98
2021-03-03 12:00:00,106.5,0.95,261.0
2021-03-03 13:00:00,75.0,0.95,261.65
2021-03-03 14:00:00,44.25,0.95,259.2
2021-03-03 15:00:00,32.5,1.02,252.95
2021-03-03 16:00:00,33.0,1.02,258.77
2021-03-03 17:00:00,39.25,1.08,255.32
2021-03-03 18:00:00,43.0,1.18,280.62
2021-03-03 19:00:00,57.25,1.6,317.83
2021-03-03 20:00:00,86.75,1.6,325.23
2021-03-03 21:00:00,150.0,1.6,325.15
2021-03-03 22:00:00,214.0,1.6,325.1
2021-03-03 23:00:00,213.5,1.55,333.02
2021-03-04 00:00:00,236.25,1.6,22.98
2021-03-04 01:00:00,248.25,1.6,22.85
2021-03-04 02:00:00,228.5,1.6,22.85
2021-03-04 03:00:00,223.5,1.6,22.9
2021-03-04 04:00:00,204.25,1.6,22.95
2021-03-04 05:00:00,213.25,1.6,23.02
2021-03-04 06:00:00,263.0,1.58,39.5
2021-03-04 07:00:00,351.75,1.6,76.12
2021-03-04 08:00:00,375.0,1.25,43.88
2021-03-04 09:00:00,270.5,1.1,50.22
2021-03-04 10:00:00,132.0,0.4,60.12
2021-03-04 11:00:00,171.0,0.72,161.1
2021-03-04 12:00:00,156.5,0.7,220.18
2021-03-04 13:00:00,113.25,0.95,190.42
2021-03-04 14:00:00,111.0,0.4,261.58
2021-03-04 15:00:00,87.0,0.95,266.48
2021-03-04 16:00:00,47.5,0.92,282.18
2021-03-04 17:00:00,70.0,0.78,295.85
2021-03-04 18:00:00,95.75,0.3,151.3
2021-03-04 19:00:00,122.25,0.3,4.82
2021-03-04 20:00:00,150.75,0.3,264.35
2021-03-04 21:00:00,203.75,0.45,93.42
2021-03-04 22:00:00,194.0,1.52,80.8
2021-03-04 23:00:00,284.0,1.6,5.55
2021-03-05 00:00:00,374.0,1.6,5.57
2021-03-05 01:00:00,416.0,1.55,81.35
2021-03-05 02:00:00,344.0,1.58,287.4
2021-03-05 03:00:00,254.0,1.42,295.7
2021-03-05 04:00:00,122.0,1.3,276.23
2021-03-05 05:00:00,141.0,0.92,263.25
2021-03-05 06:00:00,147.0,0.72,271.18
2021-03-05 07:00:00,182.0,0.8,271.58
2021-03-05 08:00:00,166.0,1.05,270.58
2021-03-05 09:00:00,138.0,1.05,280.4
2021-03-05 10:00:00,111.0,0.98,283.95
2021-03-05 11:00:00,66.0,0.95,289.35
2021-03-05 12:00:00,50.0,0.95,287.55
2021-03-05 13:00:00,44.0,0.95,287.73
2021-03-05 14:00:00,44.0,0.95,285.85
2021-03-05 15:00:00,38.0,0.95,278.72
2021-03-05 16:00:00,42.0,1.0,277.52
2021-03-05 17:00:00,39.0,1.0,271.5
2021-03-05 18:00:00,46.0,1.08,263.25
2021-03-05 19:00:00,74.0,1.08,253.85
2021-03-05 20:00:00,105.0,0.98,262.35
2021-03-05 21:00:00,127.0,1.05,264.85
2021-03-05 22:00:00,138.0,1.0,267.7
2021-03-05 23:00:00,138.0,0.98,269.65
2021-03-06 00:00:00,161.0,0.95,279.88
2021-03-06 01:00:00,116.0,1.03,283.55
2021-03-06 02:00:00,86.0,0.78,283.98
2021-03-06 03:00:00,88.0,1.12,269.42
2021-03-06 04:00:00,85.0,1.0,245.78
2021-03-06 05:00:00,114.0,1.2,254.22
2021-03-06 06:00:00,124.0,0.92,244.82
2021-03-06 07:00:00,175.0,1.12,243.88
2021-03-06 08:00:00,205.0,1.0,260.88
2021-03-06 09:00:00,168.0,1.08,270.38
2021-03-06 10:00:00,145.0,1.0,264.68
2021-03-06 11:00:00,147.0,0.9,280.2
2021-03-06 12:00:00,127.0,0.98,278.8
2021-03-06 13:00:00,78.0,0.98,271.18
2021-03-06 14:00:00,56.0,0.98,275.92
2021-03-06 15:00:00,51.0,0.92,284.27
2021-03-06 16:00:00,40.0,1.02,275.72
2021-03-06 17:00:00,45.0,0.92,257.88
2021-03-06 18:00:00,42.0,0.85,259.95
2021-03-06 19:00:00,58.0,0.3,267.55
2021-03-06 20:00:00,80.0,0.3,267.77
2021-03-06 21:00:00,99.0,0.3,267.77
2021-03-06 22:00:00,134.0,0.28,26.3
2021-03-06 23:00:00,244.0,0.3,98.22
2021-03-07 00:00:00,202.0,1.08,163.57
2021-03-07 01:00:00,153.0,1.6,156.9
2021-03-07 02:00:00,152.0,0.35,28.8
2021-03-07 03:00:00,185.0,0.3,25.72
2021-03-07 04:00:00,234.0,0.3,42.72
2021-03-07 05:00:00,229.0,0.3,211.3
2021-03-07 06:00:00,239.0,0.57,106.8
2021-03-07 07:00:00,267.0,0.95,65.38
2021-03-07 08:00:00,338.0,0.75,92.93
2021-03-07 09:00:00,241.0,1.02,78.88
2021-03-07 10:00:00,135.0,0.9,97.32
2021-03-07 11:00:00,107.0,0.95,111.62
2021-03-07 12:00:00,95.0,0.75,114.78
2021-03-07 13:00:00,74.0,0.92,93.68
2021-03-07 14:00:00,68.0,0.78,100.15
2021-03-07 15:00:00,64.0,0.82,110.3
2021-03-07 16:00:00,62.0,0.9,97.12
2021-03-07 17:00:00,68.0,1.03,112.48
2021-03-07 18:00:00,66.0,0.85,120.0
2021-03-07 19:00:00,64.0,0.65,85.4
2021-03-07 20:00:00,90.0,1.33,60.05
2021-03-07 21:00:00,111.0,1.2,60.8
2021-03-07 22:00:00,136.0,0.88,98.3
2021-03-07 23:00:00,118.0,1.0,114.95
2021-03-08 00:00:00,67.0,0.85,127.82
2021-03-08 01:00:00,56.0,0.88,133.0
2021-03-08 02:00:00,56.0,0.98,125.3
2021-03-08 03:00:00,52.0,0.82,127.48
2021-03-08 04:00:00,52.0,0.9,79.6
2021-03-08 05:00:00,61.0,0.85,60.1
2021-03-08 06:00:00,130.0,0.72,61.82
2021-03-08 07:00:00,186.0,0.8,88.8
2021-03-08 08:00:00,174.0,0.77,103.68
2021-03-08 09:00:00,175.0,0.78,106.93
2021-03-08 10:00:00,152.0,0.92,100.42
2021-03-08 11:00:00,140.0,0.85,103.4
2021-03-08 12:00:00,136.0,0.92,118.65
2021-03-08 13:00:00,119.0,0.78,98.4
2021-03-08 14:00:00,97.0,0.9,122.45
2021-03-08 15:00:00,82.5,0.95,117.0
2021-03-08 16:00:00,79.0,0.9,117.68
2021-03-08 17:00:00,77.0,0.92,99.92
2021-03-08 18:00:00,92.25,1.12,109.8
2021-03-08 19:00:00,106.25,1.48,108.18
2021-03-08 20:00:00,120.25,1.4,126.4
2021-03-08 21:00:00,131.0,1.48,90.78
2021-03-08 22:00:00,160.0,1.6,81.75
2021-03-08 23:00:00,184.25,1.55,68.82
2021-03-09 00:00:00,200.75,1.1,43.5
2021-03-09 01:00:00,258.0,0.28,92.7
2021-03-09 02:00:00,272.75,1.08,57.72
2021-03-09 03:00:00,224.75,1.45,86.7
2021-03-09 04:00:00,217.5,1.58,61.5
2021-03-09 05:00:00,221.5,1.58,76.38
2021-03-09 06:00:00,238.75,1.35,88.78
2021-03-09 07:00:00,248.5,1.15,83.25
2021-03-09 08:00:00,263.0,1.23,104.65
2021-03-09 09:00:00,216.5,0.98,134.15
2021-03-09 10:00:00,147.5,0.9,137.1
2021-03-09 11:00:00,149.25,0.92,128.82
2021-03-09 12:00:00,153.75,0.88,141.35
2021-03-09 13:00:00,108.75,0.7,119.88
2021-03-09 14:00:00,98.0,0.75,138.62
2021-03-09 15:00:00,88.0,0.62,107.6
2021-03-09 16:00:00,93.0,1.15,73.42
2021-03-09 17:00:00,93.25,1.08,66.45
2021-03-09 18:00:00,112.5,1.5,70.5
2021-03-09 19:00:00,154.25,1.55,74.05
2021-03-09 20:00:00,185.75,1.38,146.88
2021-03-09 21:00:00,161.0,0.98,194.5
2021-03-09 22:00:00,28.0,0.92,148.75
2021-03-09 23:00:00,25.25,0.95,147.15
2021-03-10 00:00:00,15.5,1.12,119.7
2021-03-10 01:00:00,11.25,1.45,96.65
2021-03-10 02:00:00,13.0,1.32,181.35
2021-03-10 03:00:00,17.0,1.6,253.22
2021-03-10 04:00:00,26.0,1.12,293.02
2021-03-10 05:00:00,98.5,0.25,234.75
2021-03-10 06:00:00,249.75,0.3,290.5
2021-03-10 07:00:00,207.0,0.3,38.38
2021-03-10 08:00:00,187.5,0.28,292.5
2021-03-10 09:00:00,160.25,0.4,228.32
2021-03-10 10:00:00,91.25,0.22,138.6
2021-03-10 11:00:00,81.25,0.15,124.02
2021-03-10 12:00:00,62.0,0.2,89.28
2021-03-10 13:00:00,78.25,0.45,205.35
2021-03-10 14:00:00,80.75,0.8,177.77
2021-03-10 15:00:00,51.5,0.82,254.82
2021-03-10 16:00:00,57.5,1.05,268.2
2021-03-10 17:00:00,60.5,0.4,233.68
2021-03-10 18:00:00,60.5,1.1,269.45
2021-03-10 19:00:00,75.5,1.52,263.08
2021-03-10 20:00:00,79.75,0.3,257.15
2021-03-10 21:00:00,86.0,0.3,298.92
2021-03-10 22:00:00,129.0,0.3,288.0
2021-03-10 23:00:00,202.0,0.78,238.72
2021-03-11 00:00:00,260.5,1.45,255.75
2021-03-11 01:00:00,338.25,1.48,289.58
2021-03-11 02:00:00,252.75,1.58,79.9
2021-03-11 03:00:00,282.75,1.45,281.62
2021-03-11 04:00:00,212.75,1.6,269.65
2021-03-11 05:00:00,227.75,1.6,269.98
2021-03-11 06:00:00,196.75,1.6,270.3
2021-03-11 07:00:00,210.75,1.6,270.35
2021-03-11 08:00:00,228.5,1.25,171.65
2021-03-11 09:00:00,206.0,0.62,145.82
2021-03-11 10:00:00,127.5,0.73,154.5
2021-03-11 11:00:00,101.0,0.78,137.7
2021-03-11 12:00:00,75.75,0.7,116.7
2021-03-11 13:00:00,63.0,0.78,149.15
2021-03-11 14:00:00,60.5,0.8,115.28
2021-03-11 15:00:00,53.5,1.0,124.32
2021-03-11 16:00:00,54.5,0.88,145.33
2021-03-11 17:00:00,55.75,1.05,153.98
2021-03-11 18:00:00,65.25,0.3,158.1
2021-03-11 19:00:00,72.0,0.3,161.07
2021-03-11 20:00:00,100.75,0.3,154.1
2021-03-11 21:00:00,163.0,0.3,100.38
2021-03-11 22:00:00,171.75,0.3,100.32
2021-03-11 23:00:00,166.0,0.3,100.32
2021-03-12 00:00:00,146.75,0.28,92.75
2021-03-12 01:00:00,131.75,0.9,127.08
2021-03-12 02:00:00,120.5,1.58,126.82
2021-03-12 03:00:00,103.0,1.6,123.02
2021-03-12 04:00:00,91.25,1.6,118.68
2021-03-12 05:00:00,95.75,1.05,80.0
2021-03-12 06:00:00,112.5,1.27,97.43
2021-03-12 07:00:00,148.5,0.55,222.38
2021-03-12 08:00:00,188.5,0.78,83.22
2021-03-12 09:00:00,118.25,0.78,204.7
2021-03-12 10:00:00,89.25,0.9,96.2
2021-03-12 11:00:00,122.25,0.88,62.38
2021-03-12 12:00:00,74.75,0.88,81.22
2021-03-12 13:00:00,44.25,0.9,120.8
2021-03-12 14:00:00,35.75,0.92,132.62
2021-03-12 15:00:00,38.25,0.9,131.25
2021-03-12 16:00:00,43.0,1.02,146.43
2021-03-12 17:00:00,26.75,0.75,132.82
2021-03-12 18:00:00,30.0,1.38,117.65
2021-03-12 19:00:00,54.0,1.03,183.95
2021-03-12 20:00:00,50.75,0.78,126.3
2021-03-12 21:00:00,28.5,0.68,120.78
2021-03-12 22:00:00,90.75,1.12,102.8
2021-03-12 23:00:00,138.5,0.55,63.72
2021-03-13 00:00:00,116.75,0.3,66.85
2021-03-13 01:00:00,132.0,0.3,55.12
2021-03-13 02:00:00,147.25,0.3,110.3
2021-03-13 03:00:00,161.0,0.3,5.7
2021-03-13 04:00:00,170.5,0.3,5.65
2021-03-13 05:00:00,161.0,0.3,5.7
2021-03-13 06:00:00,155.25,0.3,45.15
2021-03-13 07:00:00,153.75,0.85,209.4
2021-03-13 08:00:00,193.25,0.92,178.75
2021-03-13 09:00:00,328.25,0.9,259.27
2021-03-13 10:00:00,292.25,0.95,261.9
2021-03-13 11:00:00,210.5,1.08,258.82
2021-03-13 12:00:00,173.0,0.68,294.5
2021-03-13 13:00:00,115.5,0.85,303.0
2021-03-13 14:00:00,74.5,0.82,309.82
2021-03-13 15:00:00,59.75,0.75,303.52
2021-03-13 16:00:00,55.25,0.98,313.77
2021-03-13 17:00:00,71.25,0.85,291.73
2021-03-13 18:00:00,46.75,1.2,285.95
2021-03-13 19:00:00,51.75,1.2,281.27
2021-03-13 20:00:00,52.0,1.0,283.95
2021-03-13 21:00:00,57.0,1.58,285.25
2021-03-13 22:00:00,70.25,1.6,277.2
2021-03-13 23:00:00,88.75,0.5,290.68
2021-03-14 00:00:00,81.25,0.3,289.25
2021-03-14 01:00:00,92.5,0.3,282.8
2021-03-14 02:00:00,111.25,0.65,262.25
2021-03-14 03:00:00,128.25,0.38,283.02
2021-03-14 04:00:00,121.0,1.12,279.7
2021-03-14 05:00:00,83.5,1.38,284.12
2021-03-14 06:00:00,68.25,1.6,279.27
2021-03-14 07:00:00,67.25,1.38,280.1
2021-03-14 08:00:00,79.75,1.17,284.35
2021-03-14 09:00:00,79.5,0.92,279.45
2021-03-14 10:00:00,91.0,0.88,261.38
2021-03-14 11:00:00,118.75,0.9,274.75
2021-03-14 12:00:00,110.75,0.98,269.92
2021-03-14 13:00:00,94.75,0.92,270.32
2021-03-14 14:00:00,56.75,0.95,272.05
2021-03-14 15:00:00,53.0,1.0,284.08
2021-03-14 16:00:00,47.75,0.95,283.82
2021-03-14 17:00:00,41.75,1.05,290.7
2021-03-14 18:00:00,44.5,0.85,284.02
2021-03-14 19:00:00,48.75,1.08,278.85
2021-03-14 20:00:00,62.5,1.58,280.15
2021-03-14 21:00:00,84.75,1.48,236.28
2021-03-14 22:00:00,141.75,0.43,228.58
2021-03-14 23:00:00,218.0,0.3,267.02
2021-03-15 00:00:00,86.75,0.3,290.92
2021-03-15 01:00:00,80.25,0.3,287.73
2021-03-15 02:00:00,83.25,0.9,299.77
2021-03-15 03:00:00,88.5,0.85,295.95
2021-03-15 04:00:00,88.0,1.25,274.12
2021-03-15 05:00:00,100.25,0.95,242.02
2021-03-15 06:00:00,124.0,0.7,253.15
2021-03-15 07:00:00,212.5,1.33,243.82
2021-03-15 08:00:00,257.5,1.25,253.73
2021-03-15 09:00:00,217.0,0.92,251.92
2021-03-15 10:00:00,168.0,1.02,254.52
2021-03-15 11:00:00,150.0,0.98,257.88
2021-03-15 12:00:00,90.0,1.02,260.62
2021-03-15 13:00:00,56.0,1.0,268.35
2021-03-15 14:00:00,44.0,0.98,272.45
2021-03-15 15:00:00,55.0,0.92,282.08
2021-03-15 16:00:00,53.0,1.0,288.55
2021-03-15 17:00:00,63.0,0.95,288.15
2021-03-15 18:00:00,62.0,1.02,277.18
2021-03-15 19:00:00,56.0,1.15,279.12
2021-03-15 20:00:00,67.0,1.4,276.52
2021-03-15 21:00:00,88.0,0.75,284.12
2021-03-15 22:00:00,85.0,0.82,280.83
2021-03-15 23:00:00,74.25,0.85,283.62
2021-03-16 00:00:00,90.0,0.88,280.48
2021-03-16 01:00:00,75.0,1.15,284.85
2021-03-16 02:00:00,74.0,1.12,283.15
2021-03-16 03:00:00,73.0,1.35,280.35
2021-03-16 04:00:00,80.0,0.3,278.82
2021-03-16 05:00:00,88.0,0.3,253.82
2021-03-16 06:00:00,83.0,0.82,242.5
2021-03-16 07:00:00,116.0,1.02,245.0
2021-03-16 08:00:00,136.0,1.15,257.08
2021-03-16 09:00:00,172.0,0.92,276.62
2021-03-16 10:00:00,123.0,1.0,272.55
2021-03-16 11:00:00,111.0,0.95,280.7
2021-03-16 12:00:00,80.0,0.92,271.62
2021-03-16 13:00:00,81.0,0.95,281.02
2021-03-16 14:00:00,75.0,0.9,277.92
2021-03-16 15:00:00,77.0,0.95,286.02
2021-03-16 16:00:00,75.0,0.95,290.35
2021-03-16 17:00:00,73.0,1.03,287.23
2021-03-16 18:00:00,70.0,1.0,277.05
2021-03-16 19:00:00,70.0,1.05,272.95
2021-03-16 20:00:00,88.0,1.1,288.82
2021-03-16 21:00:00,101.0,1.12,283.48
2021-03-16 22:00:00,110.0,1.18,279.32
2021-03-16 23:00:00,107.0,1.5,288.25
2021-03-17 00:00:00,89.0,1.55,278.92
2021-03-17 01:00:00,97.0,1.48,279.65
2021-03-17 02:00:00,90.0,1.58,287.5
2021-03-17 03:00:00,81.0,1.6,271.98
2021-03-17 04:00:00,85.0,1.58,254.98
2021-03-17 05:00:00,85.0,1.42,242.25
2021-03-17 06:00:00,103.0,0.95,251.0
2021-03-17 07:00:00,199.0,1.08,247.6
2021-03-17 08:00:00,244.0,1.27,242.9
2021-03-17 09:00:00,178.0,1.12,252.28
2021-03-17 10:00:00,128.0,1.05,269.4
2021-03-17 11:00:00,123.0,0.95,255.42
2021-03-17 12:00:00,90.0,0.98,268.68
2021-03-17 13:00:00,94.0,0.9,266.23
2021-03-17 14:00:00,77.0,0.88,280.95
2021-03-17 15:00:00,72.0,0.9,287.58
2021-03-17 16:00:00,74.0,0.9,317.32
2021-03-17 17:00:00,69.0,1.18,298.83
2021-03-17 18:00:00,69.0,0.88,308.95
2021-03-17 19:00:00,77.0,0.62,306.45
2021-03-17 20:00:00,83.0,0.3,288.12
2021-03-17 21:00:00,95.0,0.3,288.45
2021-03-17 22:00:00,90.0,0.3,293.73
2021-03-17 23:00:00,86.0,1.52,279.58
2021-03-18 00:00:00,97.0,1.6,287.3
2021-03-18 01:00:00,99.0,1.52,294.25
2021-03-18 02:00:00,92.0,1.6,296.52
2021-03-18 03:00:00,88.0,1.6,296.52
2021-03-18 04:00:00,83.0,1.6,296.45
2021-03-18 05:00:00,79.0,1.6,296.42
2021-03-18 06:00:00,85.0,1.6,292.95
2021-03-18 07:00:00,121.0,1.58,288.15
2021-03-18 08:00:00,171.0,1.6,264.65
2021-03-18 09:00:00,163.0,1.25,257.42
2021-03-18 10:00:00,162.0,0.88,265.97
2021-03-18 11:00:00,122.0,0.75,249.82
2021-03-18 12:00:00,105.0,0.6,286.75
2021-03-18 13:00:00,73.5,0.73,298.0
2021-03-18 14:00:00,86.0,0.8,290.4
2021-03-18 15:00:00,88.75,0.95,283.42
2021-03-18 16:00:00,76.75,0.95,300.82
2021-03-18 17:00:00,67.75,0.98,288.32
2021-03-18 18:00:00,65.0,1.3,285.62
2021-03-18 19:00:00,77.25,1.5,283.6
2021-03-18 20:00:00,84.25,1.45,238.9
2021-03-18 21:00:00,109.75,1.52,19.08
2021-03-18 22:00:00,125.0,1.58,300.65
2021-03-18 23:00:00,108.25,1.58,279.5
2021-03-19 00:00:00,104.0,1.48,247.27
2021-03-19 01:00:00,119.5,1.05,246.85
2021-03-19 02:00:00,170.25,0.32,279.35
2021-03-19 03:00:00,193.75,0.3,286.23
2021-03-19 04:00:00,148.75,1.0,324.38
2021-03-19 05:00:00,146.25,1.18,291.65
2021-03-19 06:00:00,101.25,1.35,289.02
2021-03-19 07:00:00,90.5,1.27,252.25
2021-03-19 08:00:00,92.75,0.6,101.28
2021-03-19 09:00:00,97.75,0.25,148.9
2021-03-19 10:00:00,102.5,0.68,232.3
2021-03-19 11:00:00,87.5,0.65,268.52
2021-03-19 12:00:00,72.75,0.98,258.92
2021-03-19 13:00:00,67.5,0.85,282.38
2021-03-19 14:00:00,67.25,0.75,292.35
2021-03-19 15:00:00,78.0,1.05,281.55
2021-03-19 16:00:00,64.25,0.95,289.0
2021-03-19 17:00:00,41.25,0.92,292.45
2021-03-19 18:00:00,42.5,1.25,286.4
2021-03-19 19:00:00,47.0,1.6,282.62
2021-03-19 20:00:00,55.75,1.6,281.98
2021-03-19 21:00:00,55.75,1.6,284.5
2021-03-19 22:00:00,61.5,0.62,282.2
2021-03-19 23:00:00,73.25,1.5,281.2
2021-03-20 00:00:00,74.5,1.3,280.7
2021-03-20 01:00:00,67.0,1.1,281.27
2021-03-20 02:00:00,73.75,0.92,276.52
2021-03-20 03:00:00,98.5,1.3,251.08
2021-03-20 04:00:00,125.5,0.6,253.88
2021-03-20 05:00:00,168.0,0.98,264.92
2021-03-20 06:00:00,175.25,1.05,263.35
2021-03-20 07:00:00,180.75,0.73,251.78
2021-03-20 08:00:00,196.5,1.15,253.72
2021-03-20 09:00:00,210.0,0.92,266.88
2021-03-20 10:00:00,144.0,0.98,260.4
2021-03-20 11:00:00,108.75,1.0,272.55
2021-03-20 12:00:00,110.25,0.98,271.25
2021-03-20 13:00:00,99.75,0.95,269.52
2021-03-20 14:00:00,81.5,0.98,267.6
2021-03-20 15:00:00,87.25,0.92,278.98
2021-03-20 16:00:00,44.75,0.95,291.73
2021-03-20 17:00:00,42.5,1.02,295.23
2021-03-20 18:00:00,47.0,0.98,285.2
2021-03-20 19:00:00,50.0,0.3,280.32
2021-03-20 20:00:00,67.0,0.3,28.18
2021-03-20 21:00:00,90.75,0.28,171.3
2021-03-20 22:00:00,89.75,0.3,296.32
2021-03-20 23:00:00,89.75,0.3,296.2
2021-03-21 00:00:00,92.75,0.3,296.17
2021-03-21 01:00:00,96.25,0.3,296.1
2021-03-21 02:00:00,101.25,0.3,282.48
2021-03-21 03:00:00,108.25,0.3,244.4
2021-03-21 04:00:00,131.5,0.3,238.42
2021-03-21 05:00:00,181.75,0.3,238.35
2021-03-21 06:00:00,208.25,0.3,238.32
2021-03-21 07:00:00,214.25,0.3,168.02
2021-03-21 08:00:00,228.0,0.3,209.82
2021-03-21 09:00:00,127.0,0.57,186.05
2021-03-21 10:00:00,80.75,0.85,186.88
2021-03-21 11:00:00,66.25,0.75,212.82
2021-03-21 12:00:00,57.75,0.82,202.78
2021-03-21 13:00:00,46.5,0.85,257.5
2021-03-21 14:00:00,41.75,0.8,212.55
2021-03-21 15:00:00,45.5,0.85,316.98
2021-03-21 16:00:00,60.0,0.95,255.25
2021-03-21 17:00:00,65.25,0.9,270.83
2021-03-21 18:00:00,72.75,0.88,94.18
2021-03-21 19:00:00,79.0,1.08,6.7
2021-03-21 20:00:00,100.25,1.12,27.5
2021-03-21 21:00:00,123.5,1.4,47.6
2021-03-21 22:00:00,117.0,1.55,53.55
2021-03-21 23:00:00,132.75,1.55,55.3
2021-03-22 00:00:00,114.0,1.58,54.38
2021-03-22 01:00:00,113.75,1.55,72.95
2021-03-22 02:00:00,139.0,1.08,209.75
2021-03-22 03:00:00,119.5,0.95,302.32
2021-03-22 04:00:00,69.75,0.9,336.22
2021-03-22 05:00:00,69.75,0.92,337.7
2021-03-22 06:00:00,73.5,0.9,347.72
2021-03-22 07:00:00,75.5,1.08,93.2
2021-03-22 08:00:00,68.25,1.02,188.08
2021-03-22 09:00:00,72.5,0.95,44.92
2021-03-22 10:00:00,77.0,0.9,48.6
2021-03-22 11:00:00,62.5,0.88,57.28
2021-03-22 12:00:00,68.0,0.9,58.5
2021-03-22 13:00:00,51.25,0.82,157.35
2021-03-22 14:00:00,50.5,0.98,310.45
2021-03-22 15:00:00,61.0,0.95,49.4
2021-03-22 16:00:00,51.5,0.9,56.08
2021-03-22 17:00:00,49.5,0.73,60.22
2021-03-22 18:00:00,52.75,1.12,60.8
2021-03-22 19:00:00,67.25,1.45,118.98
2021-03-22 20:00:00,75.0,1.35,112.92
2021-03-22 21:00:00,98.75,1.33,91.5
2021-03-22 22:00:00,112.5,0.7,262.05
2021-03-22 23:00:00,138.25,0.3,274.25
2021-03-23 00:00:00,178.5,0.28,195.08
2021-03-23 01:00:00,231.0,0.6,338.45
2021-03-23 02:00:00,254.5,0.57,86.95
2021-03-23 03:00:00,178.5,1.18,82.02
2021-03-23 04:00:00,141.75,0.73,132.72
2021-03-23 05:00:00,122.5,1.2,140.95
2021-03-23 06:00:00,75.25,1.02,150.12
2021-03-23 07:00:00,61.0,0.92,271.55
2021-03-23 08:00:00,101.0,0.92,291.73
2021-03-23 09:00:00,78.25,0.85,320.67
2021-03-23 10:00:00,57.75,0.85,247.55
2021-03-23 11:00:00,62.25,0.78,266.42
2021-03-23 12:00:00,49.25,0.82,262.32
2021-03-23 13:00:00,42.0,0.85,318.4
2021-03-23 14:00:00,38.0,0.82,313.23
2021-03-23 15:00:00,40.5,1.08,249.35
2021-03-23 16:00:00,25.25,0.98,213.95
2021-03-23 17:00:00,13.25,0.57,201.6
2021-03-23 18:00:00,26.25,1.23,10.02
2021-03-23 19:00:00,48.5,1.45,158.52
2021-03-23 20:00:00,53.0,0.98,151.05
2021-03-23 21:00:00,44.25,0.95,61.68
2021-03-23 22:00:00,69.75,0.7,30.5
2021-03-23 23:00:00,74.75,1.27,65.42
2021-03-24 00:00:00,91.0,1.4,189.32
2021-03-24 01:00:00,31.25,1.52,161.48
2021-03-24 02:00:00,23.25,1.2,210.48
2021-03-24 03:00:00,22.75,0.38,233.38
2021-03-24 04:00:00,20.25,0.3,243.98
2021-03-24 05:00:00,26.25,0.3,257.0
2021-03-24 06:00:00,43.5,0.3,270.2
2021-03-24 07:00:00,117.75,0.38,256.82
2021-03-24 08:00:00,269.0,1.23,97.4
2021-03-24 09:00:00,295.0,0.85,271.8
2021-03-24 10:00:00,148.0,1.17,239.73
2021-03-24 11:00:00,90.0,0.95,250.88
2021-03-24 12:00:00,72.5,0.85,254.75
2021-03-24 13:00:00,55.0,0.68,256.85
2021-03-24 14:00:00,49.5,0.8,287.25
2021-03-24 15:00:00,43.0,0.72,289.38
2021-03-24 16:00:00,47.0,1.18,272.15
2021-03-24 17:00:00,47.25,0.98,291.52
2021-03-24 18:00:00,39.5,0.98,285.58
2021-03-24 19:00:00,42.0,0.95,288.08
2021-03-24 20:00:00,46.75,0.8,294.38
2021-03-24 21:00:00,51.75,1.02,299.8
2021-03-24 22:00:00,51.5,0.95,299.02
2021-03-24 23:00:00,52.75,1.02,296.62
2021-03-25 00:00:00,51.75,1.02,295.32
2021-03-25 01:00:00,49.75,1.0,280.8
2021-03-25 02:00:00,50.0,0.88,279.8
2021-03-25 03:00:00,61.25,1.08,278.95
2021-03-25 04:00:00,56.25,0.98,280.52
2021-03-25 05:00:00,50.25,1.0,265.58
2021-03-25 06:00:00,65.25,1.12,273.88
2021-03-25 07:00:00,83.25,1.1,264.58
2021-03-25 08:00:00,73.0,0.98,262.68
2021-03-25 09:00:00,95.25,1.02,275.92
2021-03-25 10:00:00,67.25,1.0,272.2
2021-03-25 11:00:00,53.0,0.92,278.35
2021-03-25 12:00:00,46.5,0.95,279.18
2021-03-25 13:00:00,25.25,0.95,282.2
2021-03-25 14:00:00,22.0,1.0,273.52
2021-03-25 15:00:00,28.25,0.98,278.52
2021-03-25 16:00:00,28.5,1.0,282.18
2021-03-25 17:00:00,36.0,1.02,286.28
2021-03-25 18:00:00,54.0,1.0,279.68
2021-03-25 19:00:00,30.5,1.0,265.25
2021-03-25 20:00:00,51.5,1.05,264.75
2021-03-25 21:00:00,95.5,1.05,259.17
2021-03-25 22:00:00,126.75,1.1,278.38
2021-03-25 23:00:00,100.5,1.02,280.62
2021-03-26 00:00:00,82.75,0.8,280.65
2021-03-26 01:00:00,88.25,0.92,287.25
2021-03-26 02:00:00,62.5,1.12,285.02
2021-03-26 03:00:00,61.0,1.02,281.85
2021-03-26 04:00:00,58.5,1.12,268.8
2021-03-26 05:00:00,85.25,1.08,259.92
2021-03-26 06:00:00,110.5,1.1,255.02
2021-03-26 07:00:00,113.75,1.1,265.1
2021-03-26 08:00:00,94.25,1.0,265.6
2021-03-26 09:00:00,100.75,1.05,278.95
2021-03-26 10:00:00,95.25,1.0,279.83
2021-03-26 11:00:00,74.75,0.92,269.18
2021-03-26 12:00:00,54.0,0.95,280.4
2021-03-26 13:00:00,45.75,0.92,287.05
2021-03-26 14:00:00,38.75,0.95,281.95
2021-03-26 15:00:00,37.0,1.02,283.1
2021-03-26 16:00:00,33.0,1.0,280.85
2021-03-26 17:00:00,29.75,1.02,280.15
2021-03-26 18:00:00,30.5,1.05,279.92
2021-03-26 19:00:00,37.25,1.42,284.77
2021-03-26 20:00:00,45.5,0.3,280.25
2021-03-26 21:00:00,57.5,0.3,288.33
2021-03-26 22:00:00,79.25,0.3,291.33
2021-03-26 23:00:00,83.25,0.8,308.18
2021-03-27 00:00:00,100.25,1.58,80.4
2021-03-27 01:00:00,109.5,1.55,154.22
2021-03-27 02:00:00,142.5,1.6,294.88
2021-03-27 03:00:00,113.5,1.6,294.4
2021-03-27 04:00:00,113.25,1.6,287.18
2021-03-27 05:00:00,89.75,1.58,282.82
2021-03-27 06:00:00,89.5,1.6,241.05
2021-03-27 07:00:00,98.0,1.55,231.05
2021-03-27 08:00:00,131.0,1.38,208.55
2021-03-27 09:00:00,154.5,0.95,228.25
2021-03-27 10:00:00,101.5,0.95,240.32
2021-03-27 11:00:00,54.0,0.98,244.8
2021-03-27 12:00:00,46.75,1.02,253.55
2021-03-27 13:00:00,37.25,0.62,261.27
2021-03-27 14:00:00,45.5,0.62,268.77
2021-03-27 15:00:00,42.25,0.88,282.62
2021-03-27 16:00:00,48.25,0.92,297.05
2021-03-27 17:00:00,52.25,1.12,295.12
2021-03-27 18:00:00,46.0,0.68,305.88
2021-03-27 19:00:00,64.0,0.28,249.02
2021-03-27 20:00:00,134.25,0.3,96.22
2021-03-27 21:00:00,210.0,0.3,227.2
2021-03-27 22:00:00,125.0,0.52,153.02
2021-03-27 23:00:00,147.75,1.55,97.22
2021-03-28 00:00:00,272.75,1.6,27.45
2021-03-28 01:00:00,321.0,1.6,40.02
2021-03-28 02:00:00,272.25,1.6,40.0
2021-03-28 03:00:00,240.25,1.6,39.95
2021-03-28 04:00:00,197.25,1.55,183.45
2021-03-28 05:00:00,169.25,1.6,294.58
2021-03-28 06:00:00,155.5,1.6,294.2
2021-03-28 07:00:00,161.0,1.6,294.27
2021-03-28 08:00:00,165.5,1.5,210.73
2021-03-28 09:00:00,141.25,1.02,168.58
2021-03-28 10:00:00,115.25,0.88,184.85
2021-03-28 11:00:00,55.75,0.82,181.42
2021-03-28 12:00:00,57.0,0.62,229.22
2021-03-28 13:00:00,37.25,0.55,189.3
2021-03-28 14:00:00,40.75,0.68,253.45
2021-03-28 15:00:00,38.25,0.85,273.67
2021-03-28 16:00:00,33.75,0.85,282.72
2021-03-28 17:00:00,33.93981481481482,0.8546296296296296,282.34555555555556
2021-03-28 18:00:00,34.129629629629626,0.8592592592592593,281.97111111111116
2021-03-28 19:00:00,34.31944444444444,0.8638888888888889,281.5966666666667
2021-03-28 20:00:00,,,
2021-03-28 21:00:00,,,
2021-03-28 22:00:00,,,
2021-03-28 23:00:00,,,
2021-03-29 00:00:00,,,
2021-03-29 01:00:00,,,
2021-03-29 02:00:00,,,
2021-03-29 03:00:00,,,
2021-03-29 04:00:00,,,
2021-03-29 05:00:00,,,
2021-03-29 06:00:00,,,
2021-03-29 07:00:00,,,
2021-03-29 08:00:00,,,
2021-03-29 09:00:00,,,
2021-03-29 10:00:00,,,
2021-03-29 11:00:00,,,
2021-03-29 12:00:00,,,
2021-03-29 13:00:00,,,
2021-03-29 14:00:00,,,
2021-03-29 15:00:00,,,
2021-03-29 16:00:00,,,
2021-03-29 17:00:00,,,
2021-03-29 18:00:00,,,
2021-03-29 19:00:00,,,
2021-03-29 20:00:00,,,
2021-03-29 21:00:00,,,
2021-03-29 22:00:00,,,
2021-03-29 23:00:00,,,
2021-03-30 00:00:00,,,
2021-03-30 01:00:00,,,
2021-03-30 02:00:00,,,
2021-03-30 03:00:00,,,
2021-03-30 04:00:00,,,
2021-03-30 05:00:00,,,
2021-03-30 06:00:00,,,
2021-03-30 07:00:00,,,
2021-03-30 08:00:00,,,
2021-03-30 09:00:00,,,
2021-03-30 10:00:00,,,
2021-03-30 11:00:00,,,
2021-03-30 12:00:00,,,
2021-03-30 13:00:00,,,
2021-03-30 14:00:00,,,
2021-03-30 15:00:00,,,
2021-03-30 16:00:00,,,
2021-03-30 17:00:00,,,
2021-03-30 18:00:00,,,
2021-03-30 19:00:00,,,
2021-03-30 20:00:00,,,
2021-03-30 21:00:00,,,
2021-03-30 22:00:00,44.0,1.1,262.5
2021-03-30 23:00:00,43.25,1.1,264.9
2021-03-31 00:00:00,44.0,1.08,266.62
2021-03-31 01:00:00,51.0,1.02,278.65
2021-03-31 02:00:00,47.0,1.1,268.17
2021-03-31 03:00:00,55.25,1.05,263.7
2021-03-31 04:00:00,62.25,1.05,262.4
2021-03-31 05:00:00,59.75,0.92,272.98
2021-03-31 06:00:00,48.0,1.1,281.67
2021-03-31 07:00:00,47.0,1.15,261.98
2021-03-31 08:00:00,65.0,1.05,268.23
2021-03-31 09:00:00,71.25,1.1,267.95
2021-03-31 10:00:00,61.25,1.08,270.1
2021-03-31 11:00:00,53.25,1.1,267.25
2021-03-31 12:00:00,40.75,1.02,277.45
2021-03-31 13:00:00,26.0,1.02,279.65
2021-03-31 14:00:00,19.25,1.05,274.12
2021-03-31 15:00:00,18.5,1.08,269.45
2021-03-31 16:00:00,21.5,1.08,275.73
2021-03-31 17:00:00,17.0,1.1,271.02
2021-03-31 18:00:00,42.0,1.05,274.08
2021-03-31 19:00:00,42.75,1.12,265.77
2021-03-31 20:00:00,42.75,1.1,266.75
2021-03-31 21:00:00,37.5,1.17,269.62
2021-03-31 22:00:00,42.0,1.05,278.4
2021-03-31 23:00:00,42.0,1.12,280.65
2021-04-01 00:00:00,31.0,1.08,279.35
2021-04-01 01:00:00,30.0,1.0,270.42
2021-04-01 02:00:00,33.0,1.1,266.75
2021-04-01 03:00:00,36.0,1.15,255.12
2021-04-01 04:00:00,68.0,1.2,248.75
2021-04-01 05:00:00,50.0,1.15,246.73
2021-04-01 06:00:00,64.0,1.23,249.45
2021-04-01 07:00:00,73.0,1.12,257.75
2021-04-01 08:00:00,68.0,1.17,268.98
2021-04-01 09:00:00,75.0,1.08,280.33
2021-04-01 10:00:00,45.0,1.1,270.05
2021-04-01 11:00:00,68.0,1.1,273.42
2021-04-01 12:00:00,40.0,1.02,286.55
2021-04-01 13:00:00,34.0,1.1,277.5
2021-04-01 14:00:00,45.0,1.08,274.02
2021-04-01 15:00:00,30.0,1.1,273.38
2021-04-01 16:00:00,33.0,1.1,275.88
2021-04-01 17:00:00,42.0,1.12,279.27
2021-04-01 18:00:00,28.0,1.15,273.42
2021-04-01 19:00:00,29.0,1.15,282.88
2021-04-01 20:00:00,27.0,1.15,285.6
2021-04-01 21:00:00,30.0,1.2,284.3
2021-04-01 22:00:00,38.0,1.2875,281.275
2021-04-01 23:00:00,33.0,1.375,278.25
2021-04-02 00:00:00,30.0,1.4625,275.225
2021-04-02 01:00:00,51.0,1.55,272.2
2021-04-02 02:00:00,64.0,1.52,283.6
2021-04-02 03:00:00,94.0,0.48,261.2
2021-04-02 04:00:00,129.0,1.0,263.15
2021-04-02 05:00:00,112.0,0.4,280.0
2021-04-02 06:00:00,95.0,0.554,278.01
2021-04-02 07:00:00,110.0,0.708,276.02
2021-04-02 08:00:00,114.0,0.8619999999999999,274.03000000000003
2021-04-02 09:00:00,108.5,,
2021-04-02 10:00:00,80.0,1.17,270.05
2021-04-02 11:00:00,75.75,1.0,274.08
2021-04-02 12:00:00,56.75,1.05,271.05
2021-04-02 13:00:00,32.5,1.02,276.65
2021-04-02 14:00:00,16.75,1.08,286.45
2021-04-02 15:00:00,21.75,1.1,286.58
2021-04-02 16:00:00,28.0,1.05,279.3
2021-04-02 17:00:00,22.25,1.15,279.45
2021-04-02 18:00:00,23.5,1.2,285.32
2021-04-02 19:00:00,27.0,1.08,282.55
2021-04-02 20:00:00,36.75,1.48,292.1
2021-04-02 21:00:00,48.75,1.2,305.05
2021-04-02 22:00:00,55.5,0.6,306.8
2021-04-02 23:00:00,65.5,1.4,305.15
2021-04-03 00:00:00,67.0,1.52,242.9
2021-04-03 01:00:00,139.5,1.5,178.8
2021-04-03 02:00:00,233.25,1.5,262.95
2021-04-03 03:00:00,199.75,1.58,152.8
2021-04-03 04:00:00,211.0,1.6,296.25
2021-04-03 05:00:00,118.25,1.6,296.23
2021-04-03 06:00:00,106.75,1.55,308.33
2021-04-03 07:00:00,99.0,1.55,166.82
2021-04-03 08:00:00,116.5,1.0,257.95
2021-04-03 09:00:00,139.75,0.95,170.05
2021-04-03 10:00:00,96.75,0.9,316.18
2021-04-03 11:00:00,64.25,0.6,174.92
2021-04-03 12:00:00,47.25,0.82,242.58
2021-04-03 13:00:00,37.0,0.88,276.12
2021-04-03 14:00:00,30.5,0.75,233.8
2021-04-03 15:00:00,30.0,1.08,270.42
2021-04-03 16:00:00,30.75,1.05,286.02
2021-04-03 17:00:00,22.75,1.15,284.92
2021-04-03 18:00:00,22.5,1.45,287.3
2021-04-03 19:00:00,36.0,0.95,285.3
2021-04-03 20:00:00,48.5,0.3,290.97
2021-04-03 21:00:00,61.25,0.3,270.85
2021-04-03 22:00:00,75.75,0.95,336.8
2021-04-03 23:00:00,103.75,1.45,311.48
2021-04-04 00:00:00,113.25,1.2,305.05
2021-04-04 01:00:00,91.75,1.3,298.77
2021-04-04 02:00:00,91.5,1.15,344.7
2021-04-04 03:00:00,162.5,1.6,311.27
2021-04-04 04:00:00,158.75,1.55,295.35
2021-04-04 05:00:00,80.75,1.18,285.32
2021-04-04 06:00:00,55.0,0.3,251.2
2021-04-04 07:00:00,59.25,0.3,259.9
2021-04-04 08:00:00,83.0,1.27,260.82
2021-04-04 09:00:00,91.5,1.25,257.88
2021-04-04 10:00:00,100.5,1.17,278.65
2021-04-04 11:00:00,100.75,1.08,271.08
2021-04-04 12:00:00,79.75,1.15,259.77
2021-04-04 13:00:00,48.75,1.12,249.42
2021-04-04 14:00:00,29.25,1.17,247.02
2021-04-04 15:00:00,27.5,1.2,254.75
2021-04-04 16:00:00,30.75,1.17,261.12
2021-04-04 17:00:00,34.75,1.27,273.73
2021-04-04 18:00:00,33.5,0.78,251.0
2021-04-04 19:00:00,46.25,0.68,259.2
2021-04-04 20:00:00,66.25,1.6,254.78
2021-04-04 21:00:00,82.25,1.6,252.95
2021-04-04 22:00:00,98.0,1.55,268.83
2021-04-04 23:00:00,121.75,1.05,263.92
2021-04-05 00:00:00,140.0,0.35,341.2
2021-04-05 01:00:00,134.25,0.3,296.73
2021-04-05 02:00:00,112.25,0.52,169.1
2021-04-05 03:00:00,134.5,1.48,151.05
2021-04-05 04:00:00,161.5,1.6,293.75
2021-04-05 05:00:00,151.5,1.55,232.35
2021-04-05 06:00:00,138.0,1.6,200.65
2021-04-05 07:00:00,149.0,1.6,200.8
2021-04-05 08:00:00,158.25,1.45,166.65
2021-04-05 09:00:00,161.25,1.25,174.3
2021-04-05 10:00:00,137.75,1.05,167.18
2021-04-05 11:00:00,121.5,0.95,165.65
2021-04-05 12:00:00,89.75,0.92,186.42
2021-04-05 13:00:00,53.5,0.95,176.9
2021-04-05 14:00:00,53.0,0.85,232.6
2021-04-05 15:00:00,47.0,1.2,171.12
2021-04-05 16:00:00,50.5,1.32,41.55
2021-04-05 17:00:00,68.75,1.12,20.95
2021-04-05 18:00:00,95.25,1.48,27.78
2021-04-05 19:00:00,107.75,1.4,34.55
2021-04-05 20:00:00,121.75,1.55,46.8
2021-04-05 21:00:00,147.5,1.6,55.78
2021-04-05 22:00:00,173.25,1.6,74.4
2021-04-05 23:00:00,165.75,1.52,89.22
2021-04-06 00:00:00,128.25,1.55,102.9
2021-04-06 01:00:00,89.75,1.48,96.25
2021-04-06 02:00:00,93.0,0.5,74.53
2021-04-06 03:00:00,111.75,1.05,54.45
2021-04-06 04:00:00,137.75,1.4,72.78
2021-04-06 05:00:00,155.5,1.28,69.7
2021-04-06 06:00:00,156.0,1.32,62.25
2021-04-06 07:00:00,157.0,0.92,66.75
2021-04-06 08:00:00,166.0,1.1,96.95
2021-04-06 09:00:00,153.0,1.05,102.65
2021-04-06 10:00:00,139.0,0.9,115.92
2021-04-06 11:00:00,134.25,0.6,152.5
2021-04-06 12:00:00,141.75,0.9,32.8
2021-04-06 13:00:00,148.0,0.78,340.45
2021-04-06 14:00:00,128.0,0.8,46.0
2021-04-06 15:00:00,111.0,1.25,31.18
2021-04-06 16:00:00,124.75,0.9,48.28
2021-04-06 17:00:00,162.75,0.98,54.68
2021-04-06 18:00:00,99.5,1.12,69.55
2021-04-06 19:00:00,108.0,1.05,102.78
2021-04-06 20:00:00,124.25,1.3,107.75
2021-04-06 21:00:00,107.25,1.1,109.08
2021-04-06 22:00:00,97.75,1.18,123.5
2021-04-06 23:00:00,96.0,0.98,128.8
2021-04-07 00:00:00,98.0,1.28,133.45
2021-04-07 01:00:00,86.5,0.92,187.5
2021-04-07 02:00:00,87.25,1.38,220.82
2021-04-07 03:00:00,91.25,1.08,309.5
2021-04-07 04:00:00,106.0,1.05,173.0
2021-04-07 05:00:00,92.75,1.1,166.3
2021-04-07 06:00:00,85.25,0.95,319.98
2021-04-07 07:00:00,84.0,1.1,266.8
2021-04-07 08:00:00,110.25,1.0,128.52
2021-04-07 09:00:00,105.25,1.12,20.83
2021-04-07 10:00:00,123.75,1.05,29.42
2021-04-07 11:00:00,121.5,0.78,123.92
2021-04-07 12:00:00,110.25,1.05,305.0
2021-04-07 13:00:00,83.25,0.92,268.5
2021-04-07 14:00:00,64.0,0.98,246.88
2021-04-07 15:00:00,70.0,1.0,252.58
2021-04-07 16:00:00,72.0,1.2,258.12
2021-04-07 17:00:00,49.75,1.1,268.45
2021-04-07 18:00:00,47.25,1.23,256.35
2021-04-07 19:00:00,52.75,1.35,262.78
2021-04-07 20:00:00,67.25,1.32,283.0
2021-04-07 21:00:00,91.0,1.12,284.4
2021-04-07 22:00:00,86.75,1.05,300.4
2021-04-07 23:00:00,103.75,1.15,294.82
2021-04-08 00:00:00,77.0,1.05,301.9
2021-04-08 01:00:00,56.75,1.2,297.4
2021-04-08 02:00:00,66.5,1.05,294.95
2021-04-08 03:00:00,68.75,1.1,297.73
2021-04-08 04:00:00,81.5,1.1,296.35
2021-04-08 05:00:00,60.25,1.2,296.45
2021-04-08 06:00:00,70.0,1.15,295.3
2021-04-08 07:00:00,82.0,1.3,276.2
2021-04-08 08:00:00,67.5,0.9,259.92
2021-04-08 09:00:00,82.5,0.72,285.1
2021-04-08 10:00:00,97.0,1.05,277.65
2021-04-08 11:00:00,87.5,1.2,256.0
2021-04-08 12:00:00,47.25,1.02,255.88
2021-04-08 13:00:00,38.75,1.1,264.02
2021-04-08 14:00:00,35.5,1.02,280.8
2021-04-08 15:00:00,27.75,1.12,265.9
2021-04-08 16:00:00,26.0,0.98,278.0
2021-04-08 17:00:00,23.0,1.27,255.7
2021-04-08 18:00:00,25.75,1.17,266.32
2021-04-08 19:00:00,39.5,1.55,276.55
2021-04-08 20:00:00,60.5,1.6,277.27
2021-04-08 21:00:00,72.5,1.58,286.25
2021-04-08 22:00:00,71.25,1.48,291.5
2021-04-08 23:00:00,91.25,1.17,305.48
2021-04-09 00:00:00,116.25,1.08,303.15
2021-04-09 01:00:00,106.0,1.25,297.5
2021-04-09 02:00:00,118.25,1.3,296.73
2021-04-09 03:00:00,94.75,1.25,317.88
2021-04-09 04:00:00,100.25,0.9,299.68
2021-04-09 05:00:00,94.5,1.25,291.12
2021-04-09 06:00:00,102.75,1.25,316.92
2021-04-09 07:00:00,110.5,1.08,334.58
2021-04-09 08:00:00,131.0,1.0,334.48
2021-04-09 09:00:00,133.0,0.92,322.52
2021-04-09 10:00:00,91.75,1.12,301.62
2021-04-09 11:00:00,52.25,1.02,322.88
2021-04-09 12:00:00,36.5,1.0,336.12
2021-04-09 13:00:00,38.0,1.0,307.42
2021-04-09 14:00:00,29.25,1.0,329.8
2021-04-09 15:00:00,29.25,1.0,303.05
2021-04-09 16:00:00,30.0,1.0,326.32
2021-04-09 17:00:00,38.25,1.02,241.7
2021-04-09 18:00:00,40.75,0.3,91.82
2021-04-09 19:00:00,62.25,0.3,5.5
2021-04-09 20:00:00,96.75,0.28,80.73
2021-04-09 21:00:00,128.25,0.3,284.6
2021-04-09 22:00:00,104.5,0.55,292.2
2021-04-09 23:00:00,84.5,1.23,300.3
2021-04-10 00:00:00,53.5,1.23,298.3
2021-04-10 01:00:00,47.0,1.1,313.88
2021-04-10 02:00:00,70.75,1.0,334.82
2021-04-10 03:00:00,120.75,0.4,312.48
2021-04-10 04:00:00,74.75,1.2,289.75
2021-04-10 05:00:00,45.25,1.55,286.85
2021-04-10 06:00:00,41.5,1.6,276.48
2021-04-10 07:00:00,48.5,1.52,286.95
2021-04-10 08:00:00,60.25,1.33,324.53
2021-04-10 09:00:00,72.75,1.15,293.9
2021-04-10 10:00:00,68.0,1.0,302.95
2021-04-10 11:00:00,55.75,1.05,276.38
2021-04-10 12:00:00,58.25,1.02,294.23
2021-04-10 13:00:00,65.0,1.08,250.38
2021-04-10 14:00:00,50.25,1.18,260.58
2021-04-10 15:00:00,34.25,1.12,271.2
2021-04-10 16:00:00,36.0,1.17,250.02
2021-04-10 17:00:00,30.25,1.3,257.52
2021-04-10 18:00:00,35.0,1.38,251.82
2021-04-10 19:00:00,47.0,1.55,247.5
2021-04-10 20:00:00,71.0,1.5,273.28
2021-04-10 21:00:00,95.0,1.58,245.3
2021-04-10 22:00:00,94.25,1.6,255.25
2021-04-10 23:00:00,102.5,1.35,279.95
2021-04-11 00:00:00,131.5,0.75,286.1
2021-04-11 01:00:00,113.25,0.92,287.8
2021-04-11 02:00:00,95.25,1.3,298.47
2021-04-11 03:00:00,134.25,1.15,293.75
2021-04-11 04:00:00,121.5,1.12,291.73
2021-04-11 05:00:00,112.0,1.22,288.17
2021-04-11 06:00:00,97.75,0.3,268.62
2021-04-11 07:00:00,97.0,0.3,268.25
2021-04-11 08:00:00,92.75,0.82,320.32
2021-04-11 09:00:00,101.5,0.95,310.73
2021-04-11 10:00:00,83.5,1.12,284.23
2021-04-11 11:00:00,74.0,1.08,266.52
2021-04-11 12:00:00,59.5,1.0,258.4
2021-04-11 13:00:00,56.0,1.12,256.15
2021-04-11 14:00:00,42.75,1.2,250.82
2021-04-11 15:00:00,45.75,1.17,257.82
2021-04-11 16:00:00,39.25,1.2,266.95
2021-04-11 17:00:00,39.5,1.3,271.08
2021-04-11 18:00:00,38.25,1.45,281.38
2021-04-11 19:00:00,44.5,1.6,279.58
2021-04-11 20:00:00,68.75,1.6,279.8
2021-04-11 21:00:00,99.75,1.6,279.73
2021-04-11 22:00:00,131.5,1.6,279.25
2021-04-11 23:00:00,157.0,1.58,292.5
2021-04-12 00:00:00,154.25,1.6,296.27
2021-04-12 01:00:00,169.5,1.6,304.77
2021-04-12 02:00:00,259.25,1.6,304.7
2021-04-12 03:00:00,308.5,1.6,304.7
2021-04-12 04:00:00,255.75,1.6,304.6
2021-04-12 05:00:00,161.25,1.6,304.3
2021-04-12 06:00:00,119.0,1.55,278.5
2021-04-12 07:00:00,121.75,1.58,231.9
2021-04-12 08:00:00,183.25,1.35,259.2
2021-04-12 09:00:00,225.0,0.82,283.38
2021-04-12 10:00:00,178.5,1.05,307.5
2021-04-12 11:00:00,113.25,0.95,313.05
2021-04-12 12:00:00,60.75,0.8,283.25
2021-04-12 13:00:00,45.0,1.0,240.7
2021-04-12 14:00:00,42.0,1.18,236.88
2021-04-12 15:00:00,43.0,1.2,251.98
2021-04-12 16:00:00,46.0,1.2,247.2
2021-04-12 17:00:00,46.5,1.3,272.2
2021-04-12 18:00:00,50.25,1.48,257.58
2021-04-12 19:00:00,65.25,1.55,312.42
2021-04-12 20:00:00,109.25,1.52,157.85
2021-04-12 21:00:00,167.0,1.38,181.92
2021-04-12 22:00:00,152.75,0.8,20.32
2021-04-12 23:00:00,113.75,0.3,33.05
2021-04-13 00:00:00,122.75,0.3,31.9
2021-04-13 01:00:00,127.5,0.45,178.4
2021-04-13 02:00:00,143.75,1.6,291.6
2021-04-13 03:00:00,87.5,1.6,286.02
2021-04-13 04:00:00,77.75,1.55,264.75
2021-04-13 05:00:00,66.0,1.6,242.1
2021-04-13 06:00:00,87.75,1.55,240.18
2021-04-13 07:00:00,150.75,1.45,252.73
2021-04-13 08:00:00,238.0,1.3,244.95
2021-04-13 09:00:00,194.0,1.23,237.45
2021-04-13 10:00:00,170.5,1.27,243.95
2021-04-13 11:00:00,107.25,1.25,249.75
2021-04-13 12:00:00,70.75,1.23,251.05
2021-04-13 13:00:00,55.25,1.23,257.6
2021-04-13 14:00:00,46.25,1.25,266.05
2021-04-13 15:00:00,43.25,1.2,275.48
2021-04-13 16:00:00,41.0,1.27,272.05
2021-04-13 17:00:00,42.25,1.23,278.68
2021-04-13 18:00:00,44.75,1.3,278.98
2021-04-13 19:00:00,46.25,1.4,273.75
2021-04-13 20:00:00,66.5,1.5,260.75
2021-04-13 21:00:00,83.5,1.6,258.4
2021-04-13 22:00:00,92.75,1.27,278.02
2021-04-13 23:00:00,87.75,1.15,282.15
2021-04-14 00:00:00,81.25,1.48,287.92
2021-04-14 01:00:00,75.5,1.15,295.65
2021-04-14 02:00:00,80.5,1.35,291.4
2021-04-14 03:00:00,93.5,1.1,305.32
2021-04-14 04:00:00,140.25,1.2,329.0
2021-04-14 05:00:00,103.75,1.1,221.48
2021-04-14 06:00:00,115.25,1.45,269.73
2021-04-14 07:00:00,76.75,1.25,269.08
2021-04-14 08:00:00,73.0,1.25,250.7
2021-04-14 09:00:00,96.75,1.32,266.58
2021-04-14 10:00:00,106.25,1.2,277.82
2021-04-14 11:00:00,84.5,1.23,271.65
2021-04-14 12:00:00,78.0,1.12,267.25
2021-04-14 13:00:00,43.25,1.2,263.35
2021-04-14 14:00:00,37.5,1.18,265.17
2021-04-14 15:00:00,38.25,1.2,260.18
2021-04-14 16:00:00,44.75,1.25,256.12
2021-04-14 17:00:00,44.0,1.25,248.65
2021-04-14 18:00:00,47.0,1.38,247.68
2021-04-14 19:00:00,59.25,1.4,261.3
2021-04-14 20:00:00,66.5,1.27,244.1
2021-04-14 21:00:00,58.0,1.27,216.7
2021-04-14 22:00:00,56.75,1.6,239.45
2021-04-14 23:00:00,62.5,1.58,216.32
2021-04-15 00:00:00,64.0,1.6,232.58
2021-04-15 01:00:00,67.25,1.6,245.23
2021-04-15 02:00:00,76.5,1.4,267.52
2021-04-15 03:00:00,94.0,1.48,283.55
2021-04-15 04:00:00,145.5,1.58,227.15
2021-04-15 05:00:00,130.75,1.45,224.42
2021-04-15 06:00:00,137.0,1.35,227.4
2021-04-15 07:00:00,122.5,1.23,224.18
2021-04-15 08:00:00,69.25,1.3,241.98
2021-04-15 09:00:00,68.75,1.35,249.9
2021-04-15 10:00:00,77.0,1.2,274.05
2021-04-15 11:00:00,88.75,1.25,262.25
2021-04-15 12:00:00,91.25,1.25,255.77
2021-04-15 13:00:00,70.75,1.2,277.08
2021-04-15 14:00:00,59.75,1.23,272.45
2021-04-15 15:00:00,54.0,1.23,258.65
2021-04-15 16:00:00,47.5,1.25,255.3
2021-04-15 17:00:00,46.25,1.27,263.72
2021-04-15 18:00:00,50.0,1.2,261.77
2021-04-15 19:00:00,61.75,1.27,262.9
2021-04-15 20:00:00,75.25,1.12,263.82
2021-04-15 21:00:00,90.25,1.27,289.27
2021-04-15 22:00:00,89.0,1.6,283.08
2021-04-15 23:00:00,91.75,1.45,284.4
2021-04-16 00:00:00,109.75,1.38,333.52
2021-04-16 01:00:00,169.5,1.55,166.65
2021-04-16 02:00:00,184.0,1.5,160.92
2021-04-16 03:00:00,196.0,1.48,41.1
2021-04-16 04:00:00,192.0,1.6,55.5
2021-04-16 05:00:00,196.25,1.6,51.95
2021-04-16 06:00:00,225.25,1.42,135.68
2021-04-16 07:00:00,170.0,1.48,222.7
2021-04-16 08:00:00,185.25,1.3,225.0
2021-04-16 09:00:00,177.5,0.43,191.25
2021-04-16 10:00:00,125.0,1.03,153.75
2021-04-16 11:00:00,57.0,0.98,148.12
2021-04-16 12:00:00,54.75,1.05,132.6
2021-04-16 13:00:00,47.5,0.85,120.38
2021-04-16 14:00:00,45.75,0.95,157.2
2021-04-16 15:00:00,43.75,1.15,177.32
2021-04-16 16:00:00,48.0,1.25,229.92
2021-04-16 17:00:00,67.75,1.05,291.68
2021-04-16 18:00:00,59.25,1.25,262.73
2021-04-16 19:00:00,71.25,1.27,277.48
2021-04-16 20:00:00,62.0,1.27,269.23
2021-04-16 21:00:00,35.0,0.88,175.5
2021-04-16 22:00:00,17.25,0.75,193.55
2021-04-16 23:00:00,16.75,1.3,82.12
2021-04-17 00:00:00,16.5,1.5,46.32
2021-04-17 01:00:00,42.75,1.3,19.55
2021-04-17 02:00:00,78.75,1.42,99.28
2021-04-17 03:00:00,53.75,1.1,101.05
2021-04-17 04:00:00,74.75,1.3,224.65
2021-04-17 05:00:00,59.5,1.42,92.52
2021-04-17 06:00:00,59.5,1.48,85.82
2021-04-17 07:00:00,62.5,1.27,231.35
2021-04-17 08:00:00,115.5,1.23,249.55
2021-04-17 09:00:00,180.0,1.27,259.45
2021-04-17 10:00:00,84.5,1.23,272.82
2021-04-17 11:00:00,38.25,1.23,259.1
2021-04-17 12:00:00,32.75,1.27,258.55
2021-04-17 13:00:00,39.0,1.25,245.5
2021-04-17 14:00:00,29.5,1.3,249.12
2021-04-17 15:00:00,19.0,1.25,253.68
2021-04-17 16:00:00,20.0,1.3,255.42
2021-04-17 17:00:00,22.25,1.3,257.3
2021-04-17 18:00:00,20.75,1.45,254.95
2021-04-17 19:00:00,24.5,1.25,249.98
2021-04-17 20:00:00,32.75,1.55,259.85
2021-04-17 21:00:00,46.75,1.3,290.75
2021-04-17 22:00:00,71.75,0.98,312.9
2021-04-17 23:00:00,115.0,1.55,6.72
2021-04-18 00:00:00,109.25,1.55,179.9
2021-04-18 01:00:00,155.0,1.48,8.48
2021-04-18 02:00:00,160.0,1.55,18.5
2021-04-18 03:00:00,169.5,1.6,23.15
2021-04-18 04:00:00,169.25,1.6,5.45
2021-04-18 05:00:00,225.75,1.6,5.1
2021-04-18 06:00:00,247.5,1.6,4.5
2021-04-18 07:00:00,228.25,1.58,5.58
2021-04-18 08:00:00,165.0,1.33,112.25
2021-04-18 09:00:00,102.5,1.2,221.9
2021-04-18 10:00:00,77.5,0.8,214.32
2021-04-18 11:00:00,50.0,0.78,279.38
2021-04-18 12:00:00,43.5,1.08,268.65
2021-04-18 13:00:00,45.75,1.1,265.23
2021-04-18 14:00:00,56.0,1.25,239.68
2021-04-18 15:00:00,54.0,1.25,253.85
2021-04-18 16:00:00,66.25,1.33,266.33
2021-04-18 17:00:00,91.5,1.4,256.38
2021-04-18 18:00:00,74.25,1.3,254.35
2021-04-18 19:00:00,45.75,1.58,268.08
2021-04-18 20:00:00,52.5,1.6,274.25
2021-04-18 21:00:00,70.5,1.6,274.17
2021-04-18 22:00:00,85.0,1.6,279.8
2021-04-18 23:00:00,91.0,1.38,321.15
2021-04-19 00:00:00,96.5,1.12,314.23
2021-04-19 01:00:00,85.75,0.28,260.45
2021-04-19 02:00:00,85.0,0.3,298.4
2021-04-19 03:00:00,85.0,0.3,279.98
2021-04-19 04:00:00,83.25,0.3,283.9
2021-04-19 05:00:00,76.0,0.3,285.77
2021-04-19 06:00:00,71.25,0.3,268.85
2021-04-19 07:00:00,74.5,0.3,249.02
2021-04-19 08:00:00,74.25,1.27,256.12
2021-04-19 09:00:00,81.5,1.3,274.85
2021-04-19 10:00:00,93.25,1.27,267.8
2021-04-19 11:00:00,91.0,1.27,256.55
2021-04-19 12:00:00,65.75,1.27,265.27
2021-04-19 13:00:00,44.5,1.3,248.58
2021-04-19 14:00:00,43.5,1.3,252.55
2021-04-19 15:00:00,36.0,1.3,264.77
2021-04-19 16:00:00,38.25,1.3,272.22
2021-04-19 17:00:00,44.0,1.3,277.2
2021-04-19 18:00:00,43.75,1.15,284.55
2021-04-19 19:00:00,55.75,1.38,286.92
2021-04-19 20:00:00,68.25,1.6,286.9
2021-04-19 21:00:00,78.25,1.6,285.42
2021-04-19 22:00:00,93.75,1.6,285.8
2021-04-19 23:00:00,98.0,1.4,170.7
2021-04-20 00:00:00,140.75,1.42,354.52
2021-04-20 01:00:00,136.25,1.5,179.15
2021-04-20 02:00:00,114.75,1.48,184.42
2021-04-20 03:00:00,108.75,1.5,251.05
2021-04-20 04:00:00,102.0,1.42,22.38
2021-04-20 05:00:00,123.5,1.5,97.3
2021-04-20 06:00:00,188.0,1.42,294.3
2021-04-20 07:00:00,173.25,1.48,281.6
2021-04-20 08:00:00,127.75,1.38,216.98
2021-04-20 09:00:00,123.5,1.35,265.67
2021-04-20 10:00:00,114.5,1.32,180.98
2021-04-20 11:00:00,82.75,1.2,32.75
2021-04-20 12:00:00,51.25,1.25,27.9
2021-04-20 13:00:00,37.0,1.3,30.28
2021-04-20 14:00:00,29.5,1.25,97.25
2021-04-20 15:00:00,35.75,1.2,173.95
2021-04-20 16:00:00,41.25,1.2,262.85
2021-04-20 17:00:00,40.5,1.33,90.42
2021-04-20 18:00:00,39.75,1.33,291.9
2021-04-20 19:00:00,50.0,1.35,292.88
2021-04-20 20:00:00,42.0,1.25,302.68
2021-04-20 21:00:00,26.25,1.23,321.62
2021-04-20 22:00:00,26.5,1.25,35.67
2021-04-20 23:00:00,36.5,1.2,39.45
2021-04-21 00:00:00,46.0,1.32,44.42
2021-04-21 01:00:00,50.0,1.25,22.4
2021-04-21 02:00:00,43.0,1.35,52.92
2021-04-21 03:00:00,49.75,1.52,68.5
2021-04-21 04:00:00,74.75,1.48,239.9
2021-04-21 05:00:00,66.0,1.52,253.0
2021-04-21 06:00:00,93.5,1.48,224.5
2021-04-21 07:00:00,130.25,1.42,251.35
2021-04-21 08:00:00,94.5,1.35,244.68
2021-04-21 09:00:00,69.25,1.27,238.35
2021-04-21 10:00:00,54.25,1.35,238.12
2021-04-21 11:00:00,61.75,1.23,248.0
2021-04-21 12:00:00,59.0,1.05,246.95
2021-04-21 13:00:00,41.5,1.1,233.77
2021-04-21 14:00:00,36.0,1.02,231.1
2021-04-21 15:00:00,39.25,1.23,233.23
2021-04-21 16:00:00,30.5,1.4,253.27
2021-04-21 17:00:00,30.5,1.38,253.72
2021-04-21 18:00:00,34.5,1.45,256.98
2021-04-21 19:00:00,32.0,1.48,260.1
2021-04-21 20:00:00,31.5,1.45,270.58
2021-04-21 21:00:00,43.75,1.45,282.35
2021-04-21 22:00:00,60.75,1.42,284.82
2021-04-21 23:00:00,65.75,1.2,309.4
2021-04-22 00:00:00,55.75,1.3,318.75
2021-04-22 01:00:00,52.5,1.23,236.18
2021-04-22 02:00:00,56.0,1.48,94.52
2021-04-22 03:00:00,91.75,1.42,157.82
2021-04-22 04:00:00,104.75,1.35,252.55
2021-04-22 05:00:00,121.25,1.5,42.9
2021-04-22 06:00:00,131.75,1.42,70.93
2021-04-22 07:00:00,132.25,1.35,126.0
2021-04-22 08:00:00,103.25,1.25,117.4
2021-04-22 09:00:00,98.5,1.25,129.0
2021-04-22 10:00:00,52.75,1.15,111.38
2021-04-22 11:00:00,45.5,1.1,108.92
2021-04-22 12:00:00,41.75,1.02,121.3
2021-04-22 13:00:00,35.75,0.92,192.3
2021-04-22 14:00:00,36.75,0.88,121.98
2021-04-22 15:00:00,32.25,1.05,124.58
2021-04-22 16:00:00,30.75,1.02,102.22
2021-04-22 17:00:00,34.25,1.32,62.88
2021-04-22 18:00:00,37.25,0.98,99.55
2021-04-22 19:00:00,37.75,1.35,67.08
2021-04-22 20:00:00,46.0,1.32,76.47
2021-04-22 21:00:00,49.0,1.3,78.45
2021-04-22 22:00:00,57.5,1.08,75.2
2021-04-22 23:00:00,55.75,1.2,82.45
2021-04-23 00:00:00,57.25,1.15,61.05
2021-04-23 01:00:00,62.75,1.25,88.95
2021-04-23 02:00:00,59.5,1.3,96.05
2021-04-23 03:00:00,60.5,1.23,103.25
2021-04-23 04:00:00,58.75,1.05,70.45
2021-04-23 05:00:00,60.5,1.25,106.75
2021-04-23 06:00:00,64.75,1.28,120.4
2021-04-23 07:00:00,52.5,1.3,132.18
2021-04-23 08:00:00,44.25,1.15,108.4
2021-04-23 09:00:00,46.0,1.27,115.8
2021-04-23 10:00:00,60.0,1.2,31.52
2021-04-23 11:00:00,62.25,1.25,28.72
2021-04-23 12:00:00,48.0,1.17,53.48
2021-04-23 13:00:00,40.75,1.25,53.65
2021-04-23 14:00:00,58.75,1.17,56.9
2021-04-23 15:00:00,93.0,1.25,53.3
2021-04-23 16:00:00,71.0,1.27,29.6
2021-04-23 17:00:00,40.5,1.33,36.62
2021-04-23 18:00:00,38.25,1.22,26.98
2021-04-23 19:00:00,35.25,1.35,14.12
2021-04-23 20:00:00,37.75,1.38,15.85
2021-04-23 21:00:00,55.5,1.32,345.52
2021-04-23 22:00:00,69.0,1.33,349.35
2021-04-23 23:00:00,77.25,1.33,325.62
2021-04-24 00:00:00,69.0,1.38,304.6
2021-04-24 01:00:00,59.0,1.32,322.12
2021-04-24 02:00:00,75.5,1.42,312.27
2021-04-24 03:00:00,51.5,1.58,285.2
2021-04-24 04:00:00,53.25,1.42,306.02
2021-04-24 05:00:00,66.5,1.12,301.0
2021-04-24 06:00:00,52.25,0.92,310.15
2021-04-24 07:00:00,59.0,1.27,323.62
2021-04-24 08:00:00,54.75,1.23,319.55
2021-04-24 09:00:00,43.0,1.12,316.9
2021-04-24 10:00:00,39.0,1.2,309.27
2021-04-24 11:00:00,20.5,1.25,282.62
2021-04-24 12:00:00,30.75,1.08,303.23
2021-04-24 13:00:00,38.25,1.2,290.4
2021-04-24 14:00:00,34.75,1.15,300.0
2021-04-24 15:00:00,29.0,1.35,275.62
2021-04-24 16:00:00,23.5,1.27,283.6
2021-04-24 17:00:00,23.75,1.33,284.85
2021-04-24 18:00:00,20.5,1.38,283.65
2021-04-24 19:00:00,26.0,1.5,279.82
2021-04-24 20:00:00,41.0,1.55,245.12
2021-04-24 21:00:00,57.5,1.35,320.12
2021-04-24 22:00:00,99.5,1.38,238.2
2021-04-24 23:00:00,164.25,1.6,296.02
2021-04-25 00:00:00,180.25,1.33,171.12
2021-04-25 01:00:00,166.5,1.6,139.1
2021-04-25 02:00:00,145.5,1.6,139.07
2021-04-25 03:00:00,129.75,1.28,217.45
2021-04-25 04:00:00,127.25,0.9,259.95
2021-04-25 05:00:00,153.25,1.38,263.88
2021-04-25 06:00:00,187.75,1.35,282.8
2021-04-25 07:00:00,158.0,1.42,287.23
2021-04-25 08:00:00,110.5,1.27,307.68
2021-04-25 09:00:00,85.0,1.25,304.38
2021-04-25 10:00:00,53.5,1.35,285.55
2021-04-25 11:00:00,37.25,1.3,290.18
2021-04-25 12:00:00,29.5,1.27,291.15
2021-04-25 13:00:00,31.5,1.27,290.42
2021-04-25 14:00:00,32.5,1.12,294.8
2021-04-25 15:00:00,30.75,1.22,301.85
2021-04-25 16:00:00,30.75,1.25,308.42
2021-04-25 17:00:00,33.75,1.2,315.42
2021-04-25 18:00:00,36.75,1.55,149.45
2021-04-25 19:00:00,41.25,1.6,8.9
2021-04-25 20:00:00,54.25,1.6,8.88
2021-04-25 21:00:00,76.75,1.6,8.85
2021-04-25 22:00:00,96.5,1.6,8.8
2021-04-25 23:00:00,126.0,1.6,8.88
2021-04-26 00:00:00,139.75,1.6,8.9
2021-04-26 01:00:00,156.0,1.6,8.9
2021-04-26 02:00:00,204.5,1.6,8.9
2021-04-26 03:00:00,267.5,1.6,8.9
2021-04-26 04:00:00,322.25,1.6,8.9
2021-04-26 05:00:00,338.25,1.6,8.9
2021-04-26 06:00:00,329.0,1.6,8.9
2021-04-26 07:00:00,297.75,1.55,59.82
2021-04-26 08:00:00,287.25,1.5,244.77
2021-04-26 09:00:00,241.25,1.32,231.58
2021-04-26 10:00:00,147.75,1.28,238.9
2021-04-26 11:00:00,88.0,1.35,265.3
2021-04-26 12:00:00,61.0,1.27,277.68
2021-04-26 13:00:00,79.0,1.3,272.8
2021-04-26 14:00:00,90.0,1.18,297.03
2021-04-26 15:00:00,82.75,1.32,269.8
2021-04-26 16:00:00,65.25,1.25,285.68
2021-04-26 17:00:00,80.5,1.48,281.62
2021-04-26 18:00:00,90.75,1.6,259.83
2021-04-26 19:00:00,100.5,1.6,258.58
2021-04-26 20:00:00,111.25,1.6,258.5
2021-04-26 21:00:00,137.5,1.6,258.52
2021-04-26 22:00:00,163.0,1.6,258.48
2021-04-26 23:00:00,180.0,1.6,258.48
2021-04-27 00:00:00,213.0,1.6,258.42
2021-04-27 01:00:00,233.0,1.6,258.42
2021-04-27 02:00:00,212.25,1.6,258.38
2021-04-27 03:00:00,213.5,1.6,258.33
2021-04-27 04:00:00,217.75,1.6,258.27
2021-04-27 05:00:00,231.0,1.6,258.25
2021-04-27 06:00:00,254.25,1.6,258.27
2021-04-27 07:00:00,298.5,1.6,257.48
2021-04-27 08:00:00,370.25,1.55,227.88
2021-04-27 09:00:00,364.5,1.45,234.02
2021-04-27 10:00:00,203.0,1.38,237.4
2021-04-27 11:00:00,113.25,1.38,240.32
2021-04-27 12:00:00,76.0,1.35,249.27
2021-04-27 13:00:00,94.0,1.35,283.0
2021-04-27 14:00:00,78.5,1.3,293.27
2021-04-27 15:00:00,58.5,1.18,304.9
2021-04-27 16:00:00,57.5,1.35,296.6
2021-04-27 17:00:00,61.75,1.45,294.05
2021-04-27 18:00:00,74.0,1.58,299.35
2021-04-27 19:00:00,90.0,1.6,299.52
2021-04-27 20:00:00,107.75,1.6,299.48
2021-04-27 21:00:00,127.75,1.6,299.4
2021-04-27 22:00:00,140.25,1.6,299.4
2021-04-27 23:00:00,168.75,1.6,299.38
2021-04-28 00:00:00,240.75,1.6,299.3
2021-04-28 01:00:00,307.25,1.6,299.23
2021-04-28 02:00:00,268.5,1.6,299.27
2021-04-28 03:00:00,232.25,1.6,299.33
2021-04-28 04:00:00,298.0,1.6,286.23
2021-04-28 05:00:00,406.5,1.6,283.0
2021-04-28 06:00:00,421.25,1.6,283.05
2021-04-28 07:00:00,437.25,1.55,263.98
2021-04-28 08:00:00,446.25,1.52,234.62
2021-04-28 09:00:00,424.25,1.48,229.62
2021-04-28 10:00:00,315.75,1.5,243.62
2021-04-28 11:00:00,148.0,1.48,245.18
2021-04-28 12:00:00,85.75,1.4,257.6
2021-04-28 13:00:00,79.0,1.35,261.0
2021-04-28 14:00:00,74.0,1.33,276.18
2021-04-28 15:00:00,56.75,1.42,266.68
2021-04-28 16:00:00,66.5,1.42,288.0
2021-04-28 17:00:00,65.75,1.48,273.92
2021-04-28 18:00:00,75.75,1.58,271.98
2021-04-28 19:00:00,75.25,1.45,292.33
2021-04-28 20:00:00,91.25,1.6,1.2
2021-04-28 21:00:00,116.0,1.58,160.35
2021-04-28 22:00:00,135.25,1.52,276.85
2021-04-28 23:00:00,142.25,1.6,298.82
2021-04-29 00:00:00,157.25,1.6,296.73
2021-04-29 01:00:00,168.0,1.6,296.67
2021-04-29 02:00:00,162.0,1.48,306.9
2021-04-29 03:00:00,192.25,1.6,286.25
2021-04-29 04:00:00,196.5,1.6,286.17
2021-04-29 05:00:00,184.75,1.6,286.0
2021-04-29 06:00:00,216.5,1.6,272.0
2021-04-29 07:00:00,291.75,1.6,236.08
2021-04-29 08:00:00,368.0,1.4,262.18
2021-04-29 09:00:00,361.0,1.2,278.95
2021-04-29 10:00:00,250.75,1.3,263.98
2021-04-29 11:00:00,172.25,0.92,285.88
2021-04-29 12:00:00,88.75,1.28,278.38
2021-04-29 13:00:00,79.0,1.15,291.55
2021-04-29 14:00:00,73.0,1.18,310.62
2021-04-29 15:00:00,54.25,1.35,281.77
2021-04-29 16:00:00,53.75,1.4,287.58
2021-04-29 17:00:00,62.5,1.3,88.0
2021-04-29 18:00:00,79.75,1.38,287.77
2021-04-29 19:00:00,98.0,1.17,318.5
2021-04-29 20:00:00,87.25,1.42,108.87
2021-04-29 21:00:00,71.75,1.5,181.1
2021-04-29 22:00:00,70.5,1.15,98.5
2021-04-29 23:00:00,77.75,1.52,75.45
2021-04-30 00:00:00,79.25,1.6,63.8
2021-04-30 01:00:00,83.25,1.6,64.25
2021-04-30 02:00:00,73.75,1.27,155.7
2021-04-30 03:00:00,72.25,1.58,262.3
2021-04-30 04:00:00,82.75,1.5,15.95
2021-04-30 05:00:00,122.0,1.52,20.55
2021-04-30 06:00:00,210.0,1.58,10.5
2021-04-30 07:00:00,255.0,1.23,49.62
2021-04-30 08:00:00,309.25,1.4,68.53
2021-04-30 09:00:00,156.25,1.23,105.02
2021-04-30 10:00:00,96.25,1.2,58.35
2021-04-30 11:00:00,81.25,1.25,100.92
2021-04-30 12:00:00,67.25,1.05,265.6
2021-04-30 13:00:00,59.0,0.88,161.4
2021-04-30 14:00:00,59.0,1.05,288.73
2021-04-30 15:00:00,58.75,0.68,225.6
2021-04-30 16:00:00,59.5,1.25,40.02
2021-04-30 17:00:00,62.75,1.6,22.88
2021-04-30 18:00:00,61.5,1.6,21.85
2021-04-30 19:00:00,74.25,1.42,163.9
2021-04-30 20:00:00,95.75,1.58,265.05
2021-04-30 21:00:00,118.0,1.6,191.45
2021-04-30 22:00:00,135.0,1.3,236.08
2021-04-30 23:00:00,124.25,1.45,263.72
2021-05-01 00:00:00,72.25,1.45,105.82
2021-05-01 01:00:00,67.5,1.38,142.55
2021-05-01 02:00:00,70.0,1.27,30.52
2021-05-01 03:00:00,70.25,1.27,57.18
2021-05-01 04:00:00,67.75,1.4,122.22
2021-05-01 05:00:00,86.75,1.38,107.85
2021-05-01 06:00:00,91.5,1.35,134.43
2021-05-01 07:00:00,88.25,1.38,117.82
2021-05-01 08:00:00,83.25,1.27,94.52
2021-05-01 09:00:00,98.0,1.3,99.28
2021-05-01 10:00:00,137.5,1.2,40.88
2021-05-01 11:00:00,125.75,1.1,96.08
2021-05-01 12:00:00,109.5,0.9,161.8
2021-05-01 13:00:00,113.75,0.62,187.35
2021-05-01 14:00:00,158.0,1.12,169.58
2021-05-01 15:00:00,158.0,0.92,278.25
2021-05-01 16:00:00,139.75,1.23,169.98
2021-05-01 17:00:00,83.25,1.0,257.23
2021-05-01 18:00:00,78.0,1.58,37.82
2021-05-01 19:00:00,75.25,1.15,243.77
2021-05-01 20:00:00,61.25,1.48,251.35
2021-05-01 21:00:00,50.5,1.6,261.6
2021-05-01 22:00:00,74.0,1.52,158.6
2021-05-01 23:00:00,111.0,1.55,10.15
2021-05-02 00:00:00,173.0,1.42,321.25
2021-05-02 01:00:00,133.75,1.17,279.58
2021-05-02 02:00:00,118.0,1.48,171.3
2021-05-02 03:00:00,71.5,1.58,226.85
2021-05-02 04:00:00,67.75,1.52,208.92
2021-05-02 05:00:00,68.25,1.6,136.93
2021-05-02 06:00:00,62.0,1.55,160.85
2021-05-02 07:00:00,57.25,1.23,145.12
2021-05-02 08:00:00,75.5,1.4,173.42
2021-05-02 09:00:00,137.0,1.2,68.03
2021-05-02 10:00:00,104.75,0.9,103.88
2021-05-02 11:00:00,98.5,1.05,172.98
2021-05-02 12:00:00,116.75,1.23,179.92
2021-05-02 13:00:00,86.0,1.17,214.38
2021-05-02 14:00:00,57.0,1.15,214.75
2021-05-02 15:00:00,62.25,1.27,217.55
2021-05-02 16:00:00,76.5,1.38,232.68
2021-05-02 17:00:00,63.5,1.4,222.92
2021-05-02 18:00:00,36.25,1.5,213.1
2021-05-02 19:00:00,33.5,1.58,201.35
2021-05-02 20:00:00,40.25,1.6,204.28
2021-05-02 21:00:00,42.75,1.45,196.05
2021-05-02 22:00:00,66.25,1.42,238.6
2021-05-02 23:00:00,99.75,1.5,301.67
2021-05-03 00:00:00,122.5,1.52,279.02
2021-05-03 01:00:00,125.75,1.58,276.98
2021-05-03 02:00:00,80.25,1.6,285.7
2021-05-03 03:00:00,63.0,1.58,280.77
2021-05-03 04:00:00,65.5,1.6,256.62
2021-05-03 05:00:00,75.75,1.58,222.15
2021-05-03 06:00:00,83.25,1.6,197.52
2021-05-03 07:00:00,93.0,1.5,230.35
2021-05-03 08:00:00,139.5,1.42,233.8
2021-05-03 09:00:00,164.5,1.35,231.68
2021-05-03 10:00:00,143.5,1.25,224.2
2021-05-03 11:00:00,132.25,1.25,222.65
2021-05-03 12:00:00,103.75,1.25,239.68
2021-05-03 13:00:00,74.75,1.18,267.35
2021-05-03 14:00:00,59.5,1.2,253.1
2021-05-03 15:00:00,50.0,1.32,239.25
2021-05-03 16:00:00,45.5,1.42,254.12
2021-05-03 17:00:00,48.5,1.42,269.18
2021-05-03 18:00:00,45.0,1.32,277.95
2021-05-03 19:00:00,49.25,0.3,290.5
2021-05-03 20:00:00,55.5,0.3,291.2
2021-05-03 21:00:00,72.0,0.3,292.82
2021-05-03 22:00:00,108.0,1.27,59.4
2021-05-03 23:00:00,124.75,1.38,92.25
2021-05-04 00:00:00,94.5,1.48,134.43
2021-05-04 01:00:00,93.5,1.55,152.02
2021-05-04 02:00:00,85.5,1.52,112.88
2021-05-04 03:00:00,81.25,1.52,122.12
2021-05-04 04:00:00,74.0,1.6,156.45
2021-05-04 05:00:00,74.5,1.6,194.75
2021-05-04 06:00:00,72.25,1.55,139.65
2021-05-04 07:00:00,112.5,1.48,42.05
2021-05-04 08:00:00,166.25,1.38,235.5
2021-05-04 09:00:00,97.75,1.42,257.5
2021-05-04 10:00:00,67.0,1.25,231.95
2021-05-04 11:00:00,58.25,1.1,241.2
2021-05-04 12:00:00,59.0,0.82,206.85
2021-05-04 13:00:00,31.0,1.12,247.88
2021-05-04 14:00:00,29.0,1.25,236.58
2021-05-04 15:00:00,23.0,1.08,188.9
2021-05-04 16:00:00,23.0,1.0,190.58
2021-05-04 17:00:00,25.0,1.5,246.15
2021-05-04 18:00:00,31.75,1.52,252.32
2021-05-04 19:00:00,35.0,1.6,246.02
2021-05-04 20:00:00,41.5,1.6,247.05
2021-05-04 21:00:00,58.75,1.32,308.75
2021-05-04 22:00:00,77.25,1.27,258.58
2021-05-04 23:00:00,70.5,1.38,97.02
2021-05-05 00:00:00,68.0,1.23,207.0
2021-05-05 01:00:00,73.0,1.38,19.82
2021-05-05 02:00:00,73.5,1.32,29.05
2021-05-05 03:00:00,101.25,1.35,34.02
2021-05-05 04:00:00,147.0,1.4,58.92
2021-05-05 05:00:00,117.5,1.38,107.68
2021-05-05 06:00:00,82.0,1.27,78.75
2021-05-05 07:00:00,77.25,1.27,106.98
2021-05-05 08:00:00,68.5,1.2,113.42
2021-05-05 09:00:00,60.0,1.25,121.98
2021-05-05 10:00:00,66.25,1.25,148.95
2021-05-05 11:00:00,67.25,1.18,130.75
2021-05-05 12:00:00,69.0,0.85,106.2
2021-05-05 13:00:00,72.0,0.72,93.9
2021-05-05 14:00:00,70.75,1.15,166.45
2021-05-05 15:00:00,65.5,1.18,37.5
2021-05-05 16:00:00,61.75,1.35,38.1
2021-05-05 17:00:00,62.5,1.25,49.03
2021-05-05 18:00:00,59.25,1.27,56.4
2021-05-05 19:00:00,62.75,1.17,78.0
2021-05-05 20:00:00,62.0,1.3,89.98
2021-05-05 21:00:00,63.0,1.25,86.0
2021-05-05 22:00:00,64.75,1.23,104.72
2021-05-05 23:00:00,61.5,1.32,87.25
2021-05-06 00:00:00,62.5,1.38,114.62
2021-05-06 01:00:00,59.0,1.08,132.52
2021-05-06 02:00:00,55.0,1.48,136.2
2021-05-06 03:00:00,61.5,1.4,117.12
2021-05-06 04:00:00,62.75,1.35,117.92
2021-05-06 05:00:00,61.0,1.38,126.18
2021-05-06 06:00:00,61.5,1.25,112.65
2021-05-06 07:00:00,75.25,1.18,92.55
2021-05-06 08:00:00,82.5,1.23,98.38
2021-05-06 09:00:00,72.25,1.23,109.02
2021-05-06 10:00:00,64.0,1.15,106.12
2021-05-06 11:00:00,64.75,1.18,107.8
2021-05-06 12:00:00,64.0,1.2,93.68
2021-05-06 13:00:00,55.0,1.08,92.6
2021-05-06 14:00:00,54.5,1.08,106.28
2021-05-06 15:00:00,53.5,1.3,117.28
2021-05-06 16:00:00,52.75,1.4,241.75
2021-05-06 17:00:00,45.75,1.2,265.88
2021-05-06 18:00:00,46.25,1.35,214.2
2021-05-06 19:00:00,51.25,1.3,10.28
2021-05-06 20:00:00,53.0,1.3,25.22
2021-05-06 21:00:00,50.0,1.4,140.52
2021-05-06 22:00:00,57.25,1.25,34.75
2021-05-06 23:00:00,53.5,1.27,177.95
2021-05-07 00:00:00,58.25,1.3,148.12
2021-05-07 01:00:00,55.5,1.35,167.65
2021-05-07 02:00:00,45.0,1.48,107.35
2021-05-07 03:00:00,43.5,1.55,109.75
2021-05-07 04:00:00,41.75,1.52,162.6
2021-05-07 05:00:00,48.75,1.52,188.52
2021-05-07 06:00:00,57.25,1.3,198.28
2021-05-07 07:00:00,119.75,1.32,84.7
2021-05-07 08:00:00,179.75,1.08,101.95
2021-05-07 09:00:00,125.25,1.1,262.05
2021-05-07 10:00:00,113.25,0.98,113.75
2021-05-07 11:00:00,97.25,1.1,35.12
2021-05-07 12:00:00,77.0,0.95,115.85
2021-05-07 13:00:00,58.0,1.0,63.9
2021-05-07 14:00:00,54.25,1.02,35.83
2021-05-07 15:00:00,50.25,1.1,83.32
2021-05-07 16:00:00,45.0,1.25,193.48
2021-05-07 17:00:00,45.5,1.32,34.1
2021-05-07 18:00:00,48.25,1.23,105.85
2021-05-07 19:00:00,55.5,1.5,20.23
2021-05-07 20:00:00,72.0,1.55,13.72
2021-05-07 21:00:00,98.0,1.6,15.15
2021-05-07 22:00:00,119.25,1.6,39.65
2021-05-07 23:00:00,114.25,1.6,40.22
2021-05-08 00:00:00,126.5,1.6,39.02
2021-05-08 01:00:00,137.0,1.6,36.8
2021-05-08 02:00:00,174.25,1.6,10.85
2021-05-08 03:00:00,259.25,1.6,10.58
2021-05-08 04:00:00,253.0,1.6,10.58
2021-05-08 05:00:00,230.5,1.6,10.55
2021-05-08 06:00:00,229.25,1.52,32.58
2021-05-08 07:00:00,207.5,1.4,162.9
2021-05-08 08:00:00,100.5,1.25,160.9
2021-05-08 09:00:00,58.75,0.98,187.5
2021-05-08 10:00:00,47.25,0.92,109.3
2021-05-08 11:00:00,49.25,1.0,151.02
2021-05-08 12:00:00,41.5,1.12,274.7
2021-05-08 13:00:00,33.0,0.92,269.48
2021-05-08 14:00:00,31.5,0.75,191.15
2021-05-08 15:00:00,36.0,1.08,282.05
2021-05-08 16:00:00,35.5,1.15,309.02
2021-05-08 17:00:00,35.25,0.95,295.9
2021-05-08 18:00:00,43.0,1.4,307.45
2021-05-08 19:00:00,62.75,1.5,356.83
2021-05-08 20:00:00,93.5,1.52,179.0
2021-05-08 21:00:00,115.5,1.5,42.0
2021-05-08 22:00:00,102.25,1.35,103.9
2021-05-08 23:00:00,67.0,1.35,118.02
2021-05-09 00:00:00,62.0,1.42,129.1
2021-05-09 01:00:00,51.0,1.48,137.55
2021-05-09 02:00:00,53.0,1.32,124.98
2021-05-09 03:00:00,46.0,1.08,89.55
2021-05-09 04:00:00,52.0,1.38,89.65
2021-05-09 05:00:00,89.0,1.5,114.48
2021-05-09 06:00:00,79.0,1.38,102.68
2021-05-09 07:00:00,63.0,1.25,85.28
2021-05-09 08:00:00,82.75,1.3,80.25
2021-05-09 09:00:00,95.25,1.22,106.6
2021-05-09 10:00:00,86.0,1.2,111.68
2021-05-09 11:00:00,72.75,0.9,128.22
2021-05-09 12:00:00,66.0,0.75,145.1
2021-05-09 13:00:00,56.0,1.12,129.78
2021-05-09 14:00:00,52.75,0.7,261.92
2021-05-09 15:00:00,50.25,0.68,268.0
2021-05-09 16:00:00,45.0,0.9,208.38
2021-05-09 17:00:00,46.25,1.3,170.12
2021-05-09 18:00:00,50.75,1.35,165.9
2021-05-09 19:00:00,53.0,1.4,212.88
2021-05-09 20:00:00,61.0,1.1,214.32
2021-05-09 21:00:00,38.0,1.27,224.2
2021-05-09 22:00:00,39.0,1.33,256.95
2021-05-09 23:00:00,22.0,1.12,240.78
2021-05-10 00:00:00,62.0,0.68,311.95
2021-05-10 01:00:00,50.0,0.9,82.68
2021-05-10 02:00:00,40.0,1.48,121.28
2021-05-10 03:00:00,47.0,1.48,170.92
2021-05-10 04:00:00,52.0,1.55,166.92
2021-05-10 05:00:00,39.0,1.4,166.95
2021-05-10 06:00:00,50.0,1.25,86.05
2021-05-10 07:00:00,103.0,1.05,102.15
2021-05-10 08:00:00,64.0,1.05,197.3
2021-05-10 09:00:00,89.0,1.25,136.75
2021-05-10 10:00:00,50.0,1.23,153.98
2021-05-10 11:00:00,48.0,1.23,153.48
2021-05-10 12:00:00,45.0,1.08,268.75
2021-05-10 13:00:00,48.0,1.27,20.72
2021-05-10 14:00:00,47.0,1.23,69.65
2021-05-10 15:00:00,53.0,1.17,107.98
2021-05-10 16:00:00,53.0,1.15,84.4
2021-05-10 17:00:00,50.25,1.27,126.9
2021-05-10 18:00:00,45.0,0.98,146.52
2021-05-10 19:00:00,53.0,0.3,145.07
2021-05-10 20:00:00,50.0,0.3,138.75
2021-05-10 21:00:00,67.0,0.3,108.12
2021-05-10 22:00:00,75.0,1.12,119.08
2021-05-10 23:00:00,74.0,0.3,109.1
2021-05-11 00:00:00,91.0,0.65,119.7
2021-05-11 01:00:00,96.0,1.42,120.2
2021-05-11 02:00:00,97.0,1.38,92.6
2021-05-11 03:00:00,114.0,1.32,86.9
2021-05-11 04:00:00,118.0,1.4,106.7
2021-05-11 05:00:00,111.0,1.38,102.92
2021-05-11 06:00:00,143.0,1.3758333333333332,96.0475
2021-05-11 07:00:00,108.0,1.3716666666666666,89.175
2021-05-11 08:00:00,84.0,1.3675,82.30250000000001
2021-05-11 09:00:00,89.71428571428571,,
2021-05-11 10:00:00,95.42857142857143,,
2021-05-11 11:00:00,101.14285714285714,,
2021-05-11 12:00:00,,,
2021-05-11 13:00:00,,,
2021-05-11 14:00:00,,,
2021-05-11 15:00:00,124.0,,
2021-05-11 16:00:00,124.0,,
2021-05-11 17:00:00,50.0,1.33,20.45
2021-05-11 18:00:00,50.0,1.18,27.22
2021-05-11 19:00:00,52.0,1.23,39.12
2021-05-11 20:00:00,47.5,1.2,177.88
2021-05-11 21:00:00,18.75,1.25,177.22
2021-05-11 22:00:00,27.5,1.15,163.77
2021-05-11 23:00:00,29.25,1.2,182.7
2021-05-12 00:00:00,30.0,1.38,132.95
2021-05-12 01:00:00,29.5,1.38,140.83
2021-05-12 02:00:00,26.75,1.58,184.42
2021-05-12 03:00:00,23.5,0.62,217.72
2021-05-12 04:00:00,25.75,1.15,208.92
2021-05-12 05:00:00,30.0,1.38,130.4
2021-05-12 06:00:00,49.25,1.33,95.4
2021-05-12 07:00:00,78.0,1.23,119.62
2021-05-12 08:00:00,45.5,1.15,149.05
2021-05-12 09:00:00,45.25,1.1,182.62
2021-05-12 10:00:00,39.0,0.75,224.27
2021-05-12 11:00:00,34.0,1.02,244.18
2021-05-12 12:00:00,29.75,1.22,255.22
2021-05-12 13:00:00,38.0,1.3,285.6
2021-05-12 14:00:00,48.5,1.33,288.0
2021-05-12 15:00:00,57.75,1.18,328.58
2021-05-12 16:00:00,66.75,1.2,180.8
2021-05-12 17:00:00,49.75,1.2,345.48
2021-05-12 18:00:00,46.0,1.35,182.28
2021-05-12 19:00:00,49.75,1.52,25.6
2021-05-12 20:00:00,62.75,1.27,57.12
2021-05-12 21:00:00,68.0,1.38,54.58
2021-05-12 22:00:00,73.75,1.48,126.02
2021-05-12 23:00:00,68.0,1.52,137.5
2021-05-13 00:00:00,53.0,1.48,107.55
2021-05-13 01:00:00,64.75,1.3,95.05
2021-05-13 02:00:00,84.0,1.3,135.02
2021-05-13 03:00:00,33.25,1.12,149.18
2021-05-13 04:00:00,32.5,1.17,315.62
2021-05-13 05:00:00,50.25,1.23,40.65
2021-05-13 06:00:00,37.5,1.15,93.85
2021-05-13 07:00:00,47.25,1.08,99.92
2021-05-13 08:00:00,58.75,1.2,101.32
2021-05-13 09:00:00,47.0,1.15,105.4
2021-05-13 10:00:00,48.5,1.15,103.98
2021-05-13 11:00:00,43.5,1.02,93.2
2021-05-13 12:00:00,40.25,1.08,123.45
2021-05-13 13:00:00,33.25,1.05,77.35
2021-05-13 14:00:00,28.25,1.0,111.78
2021-05-13 15:00:00,30.0,1.12,31.1
2021-05-13 16:00:00,33.0,1.25,7.62
2021-05-13 17:00:00,41.0,1.23,113.35
2021-05-13 18:00:00,38.0,1.27,119.22
2021-05-13 19:00:00,34.25,1.38,84.05
2021-05-13 20:00:00,52.5,1.12,25.1
2021-05-13 21:00:00,101.75,1.48,50.58
2021-05-13 22:00:00,112.25,1.45,52.88
2021-05-13 23:00:00,91.75,1.42,81.95
2021-05-14 00:00:00,90.5,1.5,98.22
2021-05-14 01:00:00,84.0,1.58,134.55
2021-05-14 02:00:00,68.75,1.6,143.82
2021-05-14 03:00:00,69.0,1.45,87.78
2021-05-14 04:00:00,88.75,1.4,54.12
2021-05-14 05:00:00,136.25,1.42,89.58
2021-05-14 06:00:00,115.75,1.38,121.42
2021-05-14 07:00:00,73.0,1.3,123.52
2021-05-14 08:00:00,51.25,1.22,103.85
2021-05-14 09:00:00,40.5,1.15,71.12
2021-05-14 10:00:00,41.0,1.12,95.15
2021-05-14 11:00:00,37.5,1.08,52.98
2021-05-14 12:00:00,34.25,1.02,31.12
2021-05-14 13:00:00,31.5,1.02,104.18
2021-05-14 14:00:00,38.75,1.12,168.95
2021-05-14 15:00:00,36.0,1.05,193.65
2021-05-14 16:00:00,29.5,0.75,47.03
2021-05-14 17:00:00,28.25,1.38,10.62
2021-05-14 18:00:00,30.75,1.38,186.35
2021-05-14 19:00:00,37.5,1.55,32.17
2021-05-14 20:00:00,41.5,0.62,172.5
2021-05-14 21:00:00,38.25,0.4,166.98
2021-05-14 22:00:00,34.25,1.27,171.85
2021-05-14 23:00:00,35.75,1.27,186.55
2021-05-15 00:00:00,28.5,1.45,179.92
2021-05-15 01:00:00,27.5,1.58,189.15
2021-05-15 02:00:00,28.75,1.6,191.25
2021-05-15 03:00:00,28.0,1.6,191.2
2021-05-15 04:00:00,32.75,1.3,192.82
2021-05-15 05:00:00,59.5,1.6,5.28
2021-05-15 06:00:00,99.0,1.48,259.58
2021-05-15 07:00:00,105.75,1.38,244.68
2021-05-15 08:00:00,99.75,1.27,182.18
2021-05-15 09:00:00,69.25,1.17,132.57
2021-05-15 10:00:00,50.0,1.08,93.4
2021-05-15 11:00:00,44.25,0.88,41.45
2021-05-15 12:00:00,43.75,1.05,49.9
2021-05-15 13:00:00,37.5,0.88,347.92
2021-05-15 14:00:00,31.25,1.1,308.23
2021-05-15 15:00:00,38.0,1.23,315.75
2021-05-15 16:00:00,48.25,1.17,322.4
2021-05-15 17:00:00,46.25,1.26,169.23999999999998
2021-05-15 18:00:00,30.5,1.35,16.08
2021-05-15 19:00:00,36.5,1.5,30.42
2021-05-15 20:00:00,43.5,1.6,30.08
2021-05-15 21:00:00,64.0,1.4,33.05
2021-05-15 22:00:00,98.5,1.55,53.2
2021-05-15 23:00:00,86.75,1.3,38.88
2021-05-16 00:00:00,104.0,1.32,48.05
2021-05-16 01:00:00,131.5,1.58,50.55
2021-05-16 02:00:00,104.5,1.6,35.1
2021-05-16 03:00:00,106.75,1.6,33.5
2021-05-16 04:00:00,129.0,1.6,33.5
2021-05-16 05:00:00,158.0,1.6,31.92
2021-05-16 06:00:00,227.25,1.6,31.6
2021-05-16 07:00:00,199.0,1.52,42.68
2021-05-16 08:00:00,103.75,1.48,45.82
2021-05-16 09:00:00,78.75,1.4806896551724138,52.77275862068966
2021-05-16 10:00:00,78.0,1.4813793103448276,59.72551724137931
2021-05-16 11:00:00,78.29464285714286,1.4820689655172414,66.67827586206897
2021-05-16 12:00:00,78.58928571428571,,
2021-05-16 13:00:00,78.88392857142857,,
2021-05-16 14:00:00,,,
2021-05-16 15:00:00,,,
2021-05-16 16:00:00,,,
2021-05-16 17:00:00,,,
2021-05-16 18:00:00,,,
2021-05-16 19:00:00,,,
2021-05-16 20:00:00,,,
2021-05-16 21:00:00,,,
2021-05-16 22:00:00,,,
2021-05-16 23:00:00,,,
2021-05-17 00:00:00,,,
2021-05-17 01:00:00,,,
2021-05-17 02:00:00,,,
2021-05-17 03:00:00,,,
2021-05-17 04:00:00,,,
2021-05-17 05:00:00,,,
2021-05-17 06:00:00,,,
2021-05-17 07:00:00,,,
2021-05-17 08:00:00,,,
2021-05-17 09:00:00,,,
2021-05-17 10:00:00,,,
2021-05-17 11:00:00,,,
2021-05-17 12:00:00,,,
2021-05-17 13:00:00,,1.5,247.45
2021-05-17 14:00:00,86.25,1.58,242.3
2021-05-17 15:00:00,63.75,1.58,241.27
2021-05-17 16:00:00,66.5,1.55,222.88
2021-05-17 17:00:00,66.25,1.5,185.0
2021-05-17 18:00:00,62.5,1.58,121.12
2021-05-17 19:00:00,71.75,1.55,128.85
2021-05-17 20:00:00,81.25,1.3,165.75
2021-05-17 21:00:00,57.25,1.27,171.95
2021-05-17 22:00:00,27.0,1.23,172.4
2021-05-17 23:00:00,23.5,1.23,180.7
2021-05-18 00:00:00,22.0,1.18,182.12
2021-05-18 01:00:00,21.25,0.97,191.65
2021-05-18 02:00:00,19.25,1.2,188.05
2021-05-18 03:00:00,19.0,0.85,175.45
2021-05-18 04:00:00,15.5,1.3,163.43
2021-05-18 05:00:00,16.5,1.15,154.1
2021-05-18 06:00:00,25.75,1.08,164.38
2021-05-18 07:00:00,35.0,1.3,152.45
2021-05-18 08:00:00,49.5,1.25,164.08
2021-05-18 09:00:00,49.75,1.32,195.35
2021-05-18 10:00:00,27.25,1.23,196.1
2021-05-18 11:00:00,27.5,1.25,159.82
2021-05-18 12:00:00,33.25,1.3,166.28
2021-05-18 13:00:00,27.25,1.2,176.95
2021-05-18 14:00:00,27.25,1.17,184.7
2021-05-18 15:00:00,33.75,1.2,166.42
2021-05-18 16:00:00,34.75,1.35,153.15
2021-05-18 17:00:00,39.0,1.38,131.9
2021-05-18 18:00:00,42.25,1.4,176.4
2021-05-18 19:00:00,65.0,1.45,35.4
2021-05-18 20:00:00,72.5,1.23,85.22
2021-05-18 21:00:00,60.25,1.42,91.68
2021-05-18 22:00:00,67.25,1.45,66.05
2021-05-18 23:00:00,75.0,1.4,64.72
2021-05-19 00:00:00,69.25,1.45,112.0
2021-05-19 01:00:00,70.0,1.55,37.62
2021-05-19 02:00:00,75.0,1.2,66.12
2021-05-19 03:00:00,75.0,1.45,100.9
2021-05-19 04:00:00,72.75,1.48,70.28
2021-05-19 05:00:00,70.5,1.17,88.68
2021-05-19 06:00:00,68.25,0.8,98.95
2021-05-19 07:00:00,66.0,1.42,99.25
2021-05-19 08:00:00,66.0,1.38,75.58
2021-05-19 09:00:00,64.0,1.23,85.75
2021-05-19 10:00:00,62.0,1.35,66.85
2021-05-19 11:00:00,62.0,1.27,82.18
2021-05-19 12:00:00,84.125,1.25,50.38
2021-05-19 13:00:00,106.25,1.3,25.88
2021-05-19 14:00:00,107.0,1.33,102.32
2021-05-19 15:00:00,106.35714285714286,1.3,182.82
2021-05-19 16:00:00,105.71428571428571,1.35,12.95
2021-05-19 17:00:00,105.07142857142857,1.32,12.2
2021-05-19 18:00:00,,1.3,91.05
2021-05-19 19:00:00,,1.27,265.48
2021-05-19 20:00:00,,1.3,180.28
2021-05-19 21:00:00,,1.3,11.77
2021-05-19 22:00:00,,1.2,99.58
2021-05-19 23:00:00,,1.27,12.45
2021-05-20 00:00:00,,1.05,183.55
2021-05-20 01:00:00,,1.28,92.48
2021-05-20 02:00:00,,1.27,184.9
2021-05-20 03:00:00,,1.23,350.4
2021-05-20 04:00:00,,1.2,350.1
2021-05-20 05:00:00,,1.23,349.25
2021-05-20 06:00:00,,1.23,342.28
2021-05-20 07:00:00,,1.17,339.62
2021-05-20 08:00:00,,1.27,311.27
2021-05-20 09:00:00,,1.17,313.47
2021-05-20 10:00:00,,1.27,308.27
2021-05-20 11:00:00,,1.12,324.1
2021-05-20 12:00:00,,1.15,326.65
2021-05-20 13:00:00,,1.05,313.85
2021-05-20 14:00:00,,1.22,306.77
2021-05-20 15:00:00,,1.18,294.6
2021-05-20 16:00:00,,1.18,308.45
2021-05-20 17:00:00,,1.33,239.58
2021-05-20 18:00:00,89.0,1.6,247.52
2021-05-20 19:00:00,83.5,1.35,50.85
2021-05-20 20:00:00,78.0,1.05,64.38
2021-05-20 21:00:00,72.5,0.3,68.35
2021-05-20 22:00:00,67.0,0.3,106.1
2021-05-20 23:00:00,62.8,0.3,104.28
2021-05-21 00:00:00,58.6,0.3,110.12
2021-05-21 01:00:00,54.4,0.82,100.85
2021-05-21 02:00:00,,1.5,120.02
2021-05-21 03:00:00,46.0,1.55,88.85
2021-05-21 04:00:00,46.69230769230769,1.55,92.28
2021-05-21 05:00:00,47.38461538461539,1.23,143.77
2021-05-21 06:00:00,48.07692307692308,1.15,320.05
2021-05-21 07:00:00,,1.25,344.1
2021-05-21 08:00:00,,1.2,294.08000000000004
2021-05-21 09:00:00,,1.15,244.06
2021-05-21 10:00:00,,1.1,194.04000000000002
2021-05-21 11:00:00,,1.05,144.02
2021-05-21 12:00:00,,1.38,112.5
2021-05-21 13:00:00,,1.25,76.45
2021-05-21 14:00:00,,1.3,89.62
2021-05-21 15:00:00,,1.15,82.8
2021-05-21 16:00:00,55.0,1.23,94.38
2021-05-21 17:00:00,48.0,1.25,96.32
2021-05-21 18:00:00,33.0,1.23,89.68
2021-05-21 19:00:00,56.25,1.55,72.05
2021-05-21 20:00:00,76.25,1.48,73.82
2021-05-21 21:00:00,87.75,1.52,133.9
2021-05-21 22:00:00,84.0,1.5,85.45
2021-05-21 23:00:00,67.0,1.55,99.25
2021-05-22 00:00:00,50.0,1.4875,119.13333333333334
2021-05-22 01:00:00,50.0,1.425,139.01666666666668
2021-05-22 02:00:00,48.45454545454545,1.3625,158.9
2021-05-22 03:00:00,46.90909090909091,,
2021-05-22 04:00:00,45.36363636363636,,
2021-05-22 05:00:00,,,
2021-05-22 06:00:00,,,
2021-05-22 07:00:00,,,
2021-05-22 08:00:00,,,
2021-05-22 09:00:00,,,
2021-05-22 10:00:00,,,
2021-05-22 11:00:00,,0.8,337.85
2021-05-22 12:00:00,33.0,0.62,175.98
2021-05-22 13:00:00,32.0,0.9,256.82
2021-05-22 14:00:00,27.75,0.55,311.9
2021-05-22 15:00:00,22.0,0.45,310.7333333333333
2021-05-22 16:00:00,16.0,0.35,309.56666666666666
2021-05-22 17:00:00,16.25,0.25,308.4
2021-05-22 18:00:00,25.25,0.3,266.3
2021-05-22 19:00:00,54.75,0.3,239.25
2021-05-22 20:00:00,69.25,0.3,228.85
2021-05-22 21:00:00,71.75,0.3,244.1
2021-05-22 22:00:00,87.0,0.22,159.38
2021-05-22 23:00:00,121.5,0.25,67.22
2021-05-23 00:00:00,135.0,0.3,61.72
2021-05-23 01:00:00,134.0,0.3,61.45
2021-05-23 02:00:00,133.0,0.25,149.52
2021-05-23 03:00:00,132.0,0.3,242.52
2021-05-23 04:00:00,144.5,0.3,274.77
2021-05-23 05:00:00,201.25,0.3,249.32
2021-05-23 06:00:00,287.5,0.3,248.52
2021-05-23 07:00:00,372.75,0.3,248.4
2021-05-23 08:00:00,366.0,0.3,242.82
2021-05-23 09:00:00,314.75,0.3,248.08
2021-05-23 10:00:00,175.5,0.3,250.98
2021-05-23 11:00:00,128.25,0.22,280.52
2021-05-23 12:00:00,105.0,0.3,280.5
2021-05-23 13:00:00,107.75,0.22,294.28
2021-05-23 14:00:00,115.25,0.28,288.18
2021-05-23 15:00:00,108.25,0.3,270.78
2021-05-23 16:00:00,87.5,0.3,272.4
2021-05-23 17:00:00,65.75,0.3,281.85
2021-05-23 18:00:00,54.75,0.3,283.18
2021-05-23 19:00:00,41.0,0.3,283.35
2021-05-23 20:00:00,41.25,0.3,281.85
2021-05-23 21:00:00,51.0,0.3,274.0
2021-05-23 22:00:00,52.0,0.3,278.08
2021-05-23 23:00:00,58.75,0.3,264.58
2021-05-24 00:00:00,66.25,0.3,250.22
2021-05-24 01:00:00,56.75,0.3,247.95
2021-05-24 02:00:00,61.25,0.3,256.25
2021-05-24 03:00:00,65.75,0.3,242.2
2021-05-24 04:00:00,85.25,0.3,277.58
2021-05-24 05:00:00,83.75,0.3,275.02
2021-05-24 06:00:00,91.5,0.3,260.02
2021-05-24 07:00:00,105.75,0.3,273.92
2021-05-24 08:00:00,95.0,0.3,275.33
2021-05-24 09:00:00,77.5,0.3,272.92
2021-05-24 10:00:00,57.5,0.3,273.85
2021-05-24 11:00:00,41.25,0.3,280.38
2021-05-24 12:00:00,25.0,0.3,286.27
2021-05-24 13:00:00,26.5,0.3,284.88
2021-05-24 14:00:00,24.25,0.3,271.27
2021-05-24 15:00:00,27.5,0.3,275.1
2021-05-24 16:00:00,19.75,0.3,275.15
2021-05-24 17:00:00,27.75,0.3,277.18
2021-05-24 18:00:00,28.5,0.3,273.32
2021-05-24 19:00:00,36.25,0.3,270.15
2021-05-24 20:00:00,49.25,0.3,275.75
2021-05-24 21:00:00,57.25,0.3,281.23
2021-05-24 22:00:00,51.75,0.3,278.88
2021-05-24 23:00:00,52.25,0.3,282.85
2021-05-25 00:00:00,55.25,0.3,269.23
2021-05-25 01:00:00,50.75,0.3,278.73
2021-05-25 02:00:00,40.75,0.3,285.12
2021-05-25 03:00:00,33.0,0.3,283.88
2021-05-25 04:00:00,39.5,0.3,280.97
2021-05-25 05:00:00,40.75,0.3,281.02
2021-05-25 06:00:00,45.5,0.3,281.4
2021-05-25 07:00:00,59.0,0.3,277.67
2021-05-25 08:00:00,48.75,0.3,282.95
2021-05-25 09:00:00,43.25,0.3,286.38
2021-05-25 10:00:00,35.75,0.28,296.75
2021-05-25 11:00:00,26.75,0.3,294.5
2021-05-25 12:00:00,17.75,0.22,306.78
2021-05-25 13:00:00,11.75,0.3,293.88
2021-05-25 14:00:00,13.25,0.3,290.23
2021-05-25 15:00:00,12.25,0.3,301.1
2021-05-25 16:00:00,16.25,0.28,293.62
2021-05-25 17:00:00,15.75,0.3,288.7
2021-05-25 18:00:00,11.25,0.2957894736842105,289.5721052631579
2021-05-25 19:00:00,9.0,0.29157894736842105,290.44421052631577
2021-05-25 20:00:00,12.0,0.28736842105263155,291.31631578947366
2021-05-25 21:00:00,15.0,,
2021-05-25 22:00:00,18.0,,
2021-05-25 23:00:00,,,
2021-05-26 00:00:00,,,
2021-05-26 01:00:00,,,
2021-05-26 02:00:00,,,
2021-05-26 03:00:00,,,
2021-05-26 04:00:00,,,
2021-05-26 05:00:00,,,
2021-05-26 06:00:00,,,
2021-05-26 07:00:00,,,
2021-05-26 08:00:00,,,
2021-05-26 09:00:00,,,
2021-05-26 10:00:00,,,
2021-05-26 11:00:00,57.0,,
2021-05-26 12:00:00,38.75,0.22,305.27
2021-05-26 13:00:00,26.5,0.28,309.2
2021-05-26 14:00:00,21.75,0.25,288.02
2021-05-26 15:00:00,28.25,0.22,293.2
2021-05-26 16:00:00,22.0,0.3,295.6
2021-05-26 17:00:00,21.5,0.3,295.97
2021-05-26 18:00:00,31.25,0.3,291.4
2021-05-26 19:00:00,38.0,0.3,297.73
2021-05-26 20:00:00,60.0,0.3,297.8
2021-05-26 21:00:00,53.5,0.3,297.7
2021-05-26 22:00:00,77.5,0.25,76.25
2021-05-26 23:00:00,109.75,0.3,88.43
2021-05-27 00:00:00,133.25,0.3,88.43
2021-05-27 01:00:00,112.75,0.3,125.22
2021-05-27 02:00:00,98.75,0.3,229.5
2021-05-27 03:00:00,86.0,0.3,249.05
2021-05-27 04:00:00,62.0,0.3,249.3
2021-05-27 05:00:00,38.0,0.3,248.62
2021-05-27 06:00:00,38.5,0.3,243.5
2021-05-27 07:00:00,41.0,0.3,251.45
2021-05-27 08:00:00,45.0,0.3,263.3
2021-05-27 09:00:00,51.25,0.3,282.1
2021-05-27 10:00:00,57.75,0.25,278.0
2021-05-27 11:00:00,43.75,0.3,276.95
2021-05-27 12:00:00,32.75,0.28,283.27
2021-05-27 13:00:00,36.75,0.22,291.27
2021-05-27 14:00:00,29.75,0.22,291.08
2021-05-27 15:00:00,19.5,0.25,312.45
2021-05-27 16:00:00,18.5,0.22,246.2
2021-05-27 17:00:00,22.25,0.28,180.38
2021-05-27 18:00:00,33.25,0.3,47.9
2021-05-27 19:00:00,50.25,0.3,120.52
2021-05-27 20:00:00,72.75,0.3,120.15
2021-05-27 21:00:00,102.0,0.3,115.18
2021-05-27 22:00:00,79.0,0.3,110.68
2021-05-27 23:00:00,75.25,0.2,134.18
2021-05-28 00:00:00,59.25,0.2,133.43
2021-05-28 01:00:00,44.25,0.2,132.72
2021-05-28 02:00:00,42.5,0.3,134.98
2021-05-28 03:00:00,42.5,0.28,138.05
2021-05-28 04:00:00,35.75,0.2,137.62
2021-05-28 05:00:00,28.0,0.3,135.62
2021-05-28 06:00:00,23.5,0.3,137.22
2021-05-28 07:00:00,17.75,0.3,140.73
2021-05-28 08:00:00,13.75,0.3,134.25
2021-05-28 09:00:00,14.5,0.3,133.3
2021-05-28 10:00:00,21.5,0.3,138.3
2021-05-28 11:00:00,26.25,0.25,136.95
2021-05-28 12:00:00,19.25,0.22,154.62
2021-05-28 13:00:00,23.5,0.22,163.48
2021-05-28 14:00:00,23.0,0.22,194.18
2021-05-28 15:00:00,19.5,0.28,137.1
2021-05-28 16:00:00,27.25,0.25,127.28
2021-05-28 17:00:00,28.25,0.28,168.58
2021-05-28 18:00:00,30.25,0.3,125.3
2021-05-28 19:00:00,39.75,0.3,110.15
2021-05-28 20:00:00,55.5,0.28,104.4
2021-05-28 21:00:00,47.75,0.3,111.75
2021-05-28 22:00:00,38.25,0.28,140.0
2021-05-28 23:00:00,39.0,0.3,136.9
2021-05-29 00:00:00,34.0,0.3,145.45
2021-05-29 01:00:00,19.75,0.3,146.88
2021-05-29 02:00:00,20.5,0.3,146.15
2021-05-29 03:00:00,14.75,0.28,154.12
2021-05-29 04:00:00,11.0,0.22,155.62
2021-05-29 05:00:00,11.0,0.3,146.12
2021-05-29 06:00:00,11.75,0.3,149.05
2021-05-29 07:00:00,13.5,0.3,148.72
2021-05-29 08:00:00,11.25,0.3,161.07
2021-05-29 09:00:00,11.25,0.28,142.32
2021-05-29 10:00:00,17.75,0.28,146.7
2021-05-29 11:00:00,17.0,0.3,143.02
2021-05-29 12:00:00,16.75,0.28,143.9
2021-05-29 13:00:00,15.25,0.28,150.68
2021-05-29 14:00:00,14.25,0.28,148.3
2021-05-29 15:00:00,18.5,0.3,155.95
2021-05-29 16:00:00,19.5,0.28,134.4
2021-05-29 17:00:00,19.0,0.3,113.9
2021-05-29 18:00:00,21.5,0.3,115.98
2021-05-29 19:00:00,22.5,0.3,110.35
2021-05-29 20:00:00,29.5,0.28,114.5
2021-05-29 21:00:00,25.25,0.28,124.72
2021-05-29 22:00:00,18.5,0.22,121.0
2021-05-29 23:00:00,22.75,0.22,119.9
2021-05-30 00:00:00,18.5,0.2,129.43
2021-05-30 01:00:00,9.25,0.25,181.7
2021-05-30 02:00:00,17.25,0.28,36.12
2021-05-30 03:00:00,31.25,0.3,48.52
2021-05-30 04:00:00,31.25,0.25,70.5
2021-05-30 05:00:00,19.75,0.28,101.4
2021-05-30 06:00:00,21.75,0.28,107.68
2021-05-30 07:00:00,26.75,0.3,137.52
2021-05-30 08:00:00,17.75,0.3,137.72
2021-05-30 09:00:00,21.0,0.3,126.7
2021-05-30 10:00:00,24.0,0.3,149.32
2021-05-30 11:00:00,30.0,0.3,143.75
2021-05-30 12:00:00,22.0,0.22,157.25
2021-05-30 13:00:00,22.0,0.22,154.12
2021-05-30 14:00:00,22.0,0.2,180.75
2021-05-30 15:00:00,20.0,0.2,145.3
2021-05-30 16:00:00,25.0,0.28,115.98
2021-05-30 17:00:00,29.0,0.3,206.78
2021-05-30 18:00:00,46.0,0.25,192.98
2021-05-30 19:00:00,20.0,0.3,277.8
2021-05-30 20:00:00,25.0,0.28,278.72
2021-05-30 21:00:00,31.0,0.28,214.58
2021-05-30 22:00:00,30.0,0.3,164.6
2021-05-30 23:00:00,24.0,0.28,108.4
2021-05-31 00:00:00,28.0,0.3,58.72
2021-05-31 01:00:00,59.0,0.3,121.52
2021-05-31 02:00:00,46.0,0.28,245.52
2021-05-31 03:00:00,48.0,0.3,249.88
2021-05-31 04:00:00,42.0,0.28,102.28
2021-05-31 05:00:00,63.0,0.3,55.7
2021-05-31 06:00:00,75.0,0.3,87.8
2021-05-31 07:00:00,70.0,0.3,155.12
2021-05-31 08:00:00,64.0,0.3,178.85
2021-05-31 09:00:00,47.0,0.22,170.15
2021-05-31 10:00:00,62.0,0.25,193.82
2021-05-31 11:00:00,59.0,0.28,238.25
2021-05-31 12:00:00,30.0,0.25,243.05
2021-05-31 13:00:00,25.0,0.22,234.48
2021-05-31 14:00:00,30.0,0.2,216.08
2021-05-31 15:00:00,27.0,0.28,216.25
2021-05-31 16:00:00,27.0,0.25,202.8
2021-05-31 17:00:00,35.0,0.3,203.92
2021-05-31 18:00:00,34.0,0.3,206.25
2021-05-31 19:00:00,47.0,0.3,204.78
2021-05-31 20:00:00,41.0,0.3,204.68
2021-05-31 21:00:00,47.0,0.3,204.32
2021-05-31 22:00:00,58.0,0.28,94.72
2021-05-31 23:00:00,67.0,0.28,71.62
2021-06-01 00:00:00,101.0,0.2,340.75
2021-06-01 01:00:00,55.0,0.22,318.58
2021-06-01 02:00:00,22.0,0.2,335.28
2021-06-01 03:00:00,17.0,0.3,35.38
2021-06-01 04:00:00,19.0,0.2,109.95
2021-06-01 05:00:00,24.0,0.22,53.42
2021-06-01 06:00:00,30.25,0.22,62.1
2021-06-01 07:00:00,21.0,0.28,44.38
2021-06-01 08:00:00,17.75,0.22,104.65
2021-06-01 09:00:00,17.0,0.25,107.88
2021-06-01 10:00:00,17.75,0.28,166.58
2021-06-01 11:00:00,22.0,0.3,244.25
2021-06-01 12:00:00,30.75,0.3,248.2
2021-06-01 13:00:00,36.75,0.28,217.8
2021-06-01 14:00:00,28.0,0.22,55.28
2021-06-01 15:00:00,21.5,0.25,53.98
2021-06-01 16:00:00,23.25,0.28,37.08
2021-06-01 17:00:00,32.5,0.3,12.42
2021-06-01 18:00:00,35.0,0.25,178.8
2021-06-01 19:00:00,49.75,0.28,107.22
2021-06-01 20:00:00,63.75,0.28,86.78
2021-06-01 21:00:00,89.75,0.3,38.48
2021-06-01 22:00:00,119.0,0.3,38.0
2021-06-01 23:00:00,117.25,0.3,38.05
2021-06-02 00:00:00,85.25,0.3,38.08
2021-06-02 01:00:00,85.5,0.3,38.18
2021-06-02 02:00:00,85.25,0.3,38.18
2021-06-02 03:00:00,89.0,0.3,23.58
2021-06-02 04:00:00,104.0,0.3,28.62
2021-06-02 05:00:00,119.0,0.3,47.25
2021-06-02 06:00:00,134.0,0.28,42.35
2021-06-02 07:00:00,120.0,0.3,57.08
2021-06-02 08:00:00,79.25,0.28,66.53
2021-06-02 09:00:00,81.75,0.28,141.82
2021-06-02 10:00:00,75.5,0.25,159.38
2021-06-02 11:00:00,70.25,0.22,187.4
2021-06-02 12:00:00,70.5,0.22,209.0
2021-06-02 13:00:00,51.25,0.22,215.22
2021-06-02 14:00:00,48.0,0.25,210.75
2021-06-02 15:00:00,34.75,0.3,218.12
2021-06-02 16:00:00,27.5,0.3,224.28
2021-06-02 17:00:00,15.5,0.3,243.48
2021-06-02 18:00:00,15.25,0.3,261.98
2021-06-02 19:00:00,27.25,0.3,290.25
2021-06-02 20:00:00,26.0,0.3,274.73
2021-06-02 21:00:00,28.5,0.3,304.68
2021-06-02 22:00:00,50.0,0.28,262.23
2021-06-02 23:00:00,107.5,0.3,37.17
2021-06-03 00:00:00,73.25,0.25,148.02
2021-06-03 01:00:00,75.25,0.3,36.42
2021-06-03 02:00:00,95.0,0.3,138.6
2021-06-03 03:00:00,143.0,0.3,209.92
2021-06-03 04:00:00,183.0,0.28,112.9
2021-06-03 05:00:00,189.0,0.3,40.95
2021-06-03 06:00:00,198.0,0.3,42.62
2021-06-03 07:00:00,170.0,0.3,20.4
2021-06-03 08:00:00,173.75,0.28,72.08
2021-06-03 09:00:00,169.25,0.22,177.8
2021-06-03 10:00:00,97.75,0.18,257.98
2021-06-03 11:00:00,103.75,0.25,235.05
2021-06-03 12:00:00,85.75,0.2,195.7
2021-06-03 13:00:00,74.25,0.28,50.6
2021-06-03 14:00:00,136.25,0.28,178.62
2021-06-03 15:00:00,116.5,0.3,100.8
2021-06-03 16:00:00,93.75,0.3,20.15
2021-06-03 17:00:00,71.5,0.3,26.3
2021-06-03 18:00:00,65.0,0.3,17.7
2021-06-03 19:00:00,80.5,0.3,27.17
2021-06-03 20:00:00,97.25,0.3,47.6
2021-06-03 21:00:00,123.0,0.3,60.75
2021-06-03 22:00:00,144.0,0.3,44.18
2021-06-03 23:00:00,138.35294117647058,0.3,56.55
2021-06-04 00:00:00,132.7058823529412,0.3,59.3
2021-06-04 01:00:00,127.05882352941177,0.3,47.52
2021-06-04 02:00:00,,0.3,58.32
2021-06-04 03:00:00,,0.3,26.08
2021-06-04 04:00:00,,0.3,23.92
2021-06-04 05:00:00,,0.3,20.82
2021-06-04 06:00:00,,0.3,59.25
2021-06-04 07:00:00,,0.3,58.28
2021-06-04 08:00:00,,0.3,80.28
2021-06-04 09:00:00,,0.25,115.75
2021-06-04 10:00:00,,0.22,74.62
2021-06-04 11:00:00,,0.22,133.9
2021-06-04 12:00:00,,0.18,56.15
2021-06-04 13:00:00,,0.2,114.5
2021-06-04 14:00:00,,0.15,139.23
2021-06-04 15:00:00,48.0,0.3,100.3
2021-06-04 16:00:00,48.0,0.2,130.2
2021-06-04 17:00:00,45.0,0.28,176.75
2021-06-04 18:00:00,41.0,0.25,180.48
2021-06-04 19:00:00,25.0,0.28,33.62
2021-06-04 20:00:00,20.0,0.28,322.15
2021-06-04 21:00:00,47.0,0.2,10.02
2021-06-04 22:00:00,49.25,0.25,251.15
2021-06-04 23:00:00,52.75,0.25,162.67
2021-06-05 00:00:00,50.25,0.3,284.27
2021-06-05 01:00:00,49.0,0.3,131.6
2021-06-05 02:00:00,60.5,0.3,115.55
2021-06-05 03:00:00,58.75,0.3,150.05
2021-06-05 04:00:00,59.25,0.28,171.3
2021-06-05 05:00:00,64.5,0.3,78.75
2021-06-05 06:00:00,96.75,0.3,32.75
2021-06-05 07:00:00,177.75,0.28,13.78
2021-06-05 08:00:00,146.25,0.3,24.92
2021-06-05 09:00:00,63.5,0.28,53.68
2021-06-05 10:00:00,36.25,0.25,57.65
2021-06-05 11:00:00,32.0,0.2,85.45
2021-06-05 12:00:00,34.5,0.2,71.15
2021-06-05 13:00:00,34.25,0.25,88.4
2021-06-05 14:00:00,38.0,0.2,74.47
2021-06-05 15:00:00,30.75,0.2,73.72
2021-06-05 16:00:00,32.5,0.28,101.02
2021-06-05 17:00:00,30.5,0.3,192.88
2021-06-05 18:00:00,29.0,0.2,221.42
2021-06-05 19:00:00,31.5,0.3,163.43
2021-06-05 20:00:00,38.0,0.3,183.45
2021-06-05 21:00:00,36.0,0.3,199.0
2021-06-05 22:00:00,38.75,0.3,176.42
2021-06-05 23:00:00,35.75,0.3,163.5
2021-06-06 00:00:00,31.5,0.3,187.12
2021-06-06 01:00:00,50.5,0.28,133.5
2021-06-06 02:00:00,131.0,0.3,21.15
2021-06-06 03:00:00,248.75,0.28,146.7
2021-06-06 04:00:00,182.0,0.3,249.78
2021-06-06 05:00:00,135.0,0.3,238.92
2021-06-06 06:00:00,47.5,0.28,272.3
2021-06-06 07:00:00,41.5,0.3,231.9
2021-06-06 08:00:00,27.0,0.3,254.58
2021-06-06 09:00:00,24.25,0.28,253.38
2021-06-06 10:00:00,25.75,0.25,245.05
2021-06-06 11:00:00,31.25,0.22,226.4
2021-06-06 12:00:00,41.25,0.25,225.32
2021-06-06 13:00:00,41.5,0.25,223.92
2021-06-06 14:00:00,39.5,0.25,213.28
2021-06-06 15:00:00,35.25,0.25,229.3
2021-06-06 16:00:00,27.0,0.25,212.22
2021-06-06 17:00:00,26.0,0.28,223.5
2021-06-06 18:00:00,23.0,0.3,199.02
2021-06-06 19:00:00,23.25,0.3,194.45
2021-06-06 20:00:00,23.75,0.3,197.3692857142857
2021-06-06 21:00:00,34.0,0.3,200.28857142857143
2021-06-06 22:00:00,67.0,0.3,203.20785714285714
2021-06-06 23:00:00,73.63636363636364,,
2021-06-07 00:00:00,80.27272727272728,,
2021-06-07 01:00:00,86.9090909090909,,
2021-06-07 02:00:00,,,
2021-06-07 03:00:00,,,
2021-06-07 04:00:00,,,
2021-06-07 05:00:00,,,
2021-06-07 06:00:00,,,
2021-06-07 07:00:00,,,
2021-06-07 08:00:00,,,
2021-06-07 09:00:00,140.0,0.3,235.32
2021-06-07 10:00:00,98.0,0.3,245.32
2021-06-07 11:00:00,62.0,0.22,273.75
2021-06-07 12:00:00,59.5,0.22,277.45
2021-06-07 13:00:00,51.0,0.28,272.9
2021-06-07 14:00:00,46.0,0.25,269.67
2021-06-07 15:00:00,37.75,0.3,265.33
2021-06-07 16:00:00,32.0,0.3,291.35
2021-06-07 17:00:00,34.75,0.3,294.92
2021-06-07 18:00:00,36.75,0.3,239.12
2021-06-07 19:00:00,52.25,0.3,41.95
2021-06-07 20:00:00,79.0,0.3,64.75
2021-06-07 21:00:00,96.75,0.3,45.95
2021-06-07 22:00:00,110.0,0.3,44.2
2021-06-07 23:00:00,117.75,0.3,44.2
2021-06-08 00:00:00,94.0,0.3,44.2
2021-06-08 01:00:00,85.75,0.3,44.62
2021-06-08 02:00:00,77.75,0.3,44.68
2021-06-08 03:00:00,73.75,0.25,91.72
2021-06-08 04:00:00,76.0,0.3,248.82
2021-06-08 05:00:00,83.5,0.3,249.58
2021-06-08 06:00:00,71.25,0.3,244.73
2021-06-08 07:00:00,44.25,0.3,248.9
2021-06-08 08:00:00,33.25,0.3,253.45
2021-06-08 09:00:00,33.75,0.3,257.6
2021-06-08 10:00:00,35.0,0.3,262.27
2021-06-08 11:00:00,39.0,0.3,258.42
2021-06-08 12:00:00,39.0,0.3,262.6
2021-06-08 13:00:00,45.0,0.3,269.65
2021-06-08 14:00:00,44.0,0.3,265.75
2021-06-08 15:00:00,40.5,0.3,267.25
2021-06-08 16:00:00,43.0,0.3,272.17
2021-06-08 17:00:00,60.5,0.3,272.0
2021-06-08 18:00:00,81.5,0.3,268.7
2021-06-08 19:00:00,101.75,0.3,251.78
2021-06-08 20:00:00,127.5,0.3,230.32
2021-06-08 21:00:00,144.0,0.3,258.73
2021-06-08 22:00:00,166.5,0.3,246.38
2021-06-08 23:00:00,168.5,0.3,208.92
2021-06-09 00:00:00,140.75,0.3,225.62
2021-06-09 01:00:00,97.75,0.3,233.02
2021-06-09 02:00:00,61.5,0.3,232.0
2021-06-09 03:00:00,34.0,0.3,241.08
2021-06-09 04:00:00,28.5,0.3,252.27
2021-06-09 05:00:00,30.0,0.3,248.82
2021-06-09 06:00:00,29.75,0.3,244.25
2021-06-09 07:00:00,29.5,0.3,246.75
2021-06-09 08:00:00,31.0,0.3,256.48
2021-06-09 09:00:00,33.0,0.3,255.22
2021-06-09 10:00:00,39.75,0.3,254.77
2021-06-09 11:00:00,44.25,0.3,260.58
2021-06-09 12:00:00,53.0,0.3,265.2
2021-06-09 13:00:00,53.0,0.3,259.75
2021-06-09 14:00:00,39.0,0.3,261.55
2021-06-09 15:00:00,49.25,0.3,257.6
2021-06-09 16:00:00,44.5,0.3,272.42
2021-06-09 17:00:00,46.5,0.3,267.58
2021-06-09 18:00:00,48.0,0.28,292.1
2021-06-09 19:00:00,49.25,0.3,279.23
2021-06-09 20:00:00,62.75,0.22,135.62
2021-06-09 21:00:00,86.25,0.3,114.9
2021-06-09 22:00:00,69.0,0.3,118.18333333333334
2021-06-09 23:00:00,70.0,0.3,121.46666666666667
2021-06-10 00:00:00,75.75,0.3,124.75
2021-06-10 01:00:00,80.5,0.3,120.08
2021-06-10 02:00:00,70.0,0.3,120.52
2021-06-10 03:00:00,70.5,0.28,112.1
2021-06-10 04:00:00,76.0,0.3,110.9
2021-06-10 05:00:00,80.5,0.25,67.6
2021-06-10 06:00:00,73.0,0.25,97.22
2021-06-10 07:00:00,98.5,0.25,92.95
2021-06-10 08:00:00,41.25,0.3,142.48
2021-06-10 09:00:00,47.0,0.25,119.18
2021-06-10 10:00:00,53.0,0.2,123.55
2021-06-10 11:00:00,83.0,0.28,133.93
2021-06-10 12:00:00,50.0,0.22,121.1
2021-06-10 13:00:00,52.0,0.22,107.75
2021-06-10 14:00:00,52.0,0.2,95.68
2021-06-10 15:00:00,58.0,0.22,112.9
2021-06-10 16:00:00,48.0,0.28,111.2
2021-06-10 17:00:00,51.0,0.25,114.2
2021-06-10 18:00:00,44.0,0.2,93.08
2021-06-10 19:00:00,34.0,0.2,96.18
2021-06-10 20:00:00,33.0,0.2,100.35
2021-06-10 21:00:00,35.0,0.3,117.75
2021-06-10 22:00:00,35.0,0.25,124.28
2021-06-10 23:00:00,36.0,0.25,202.73
2021-06-11 00:00:00,22.0,0.22,135.9
2021-06-11 01:00:00,14.0,0.25,146.93
2021-06-11 02:00:00,19.0,0.2,72.2
2021-06-11 03:00:00,24.0,0.28,129.82
2021-06-11 04:00:00,28.0,0.3,148.05
2021-06-11 05:00:00,20.25,0.28,156.95
2021-06-11 06:00:00,24.0,0.3,137.5
2021-06-11 07:00:00,18.0,0.28,131.2
2021-06-11 08:00:00,30.5,0.3,127.8
2021-06-11 09:00:00,38.0,0.3,129.45
2021-06-11 10:00:00,38.25,0.3,134.02
2021-06-11 11:00:00,40.25,0.25,122.9
2021-06-11 12:00:00,44.75,0.22,131.5
2021-06-11 13:00:00,48.0,0.2,127.38
2021-06-11 14:00:00,53.75,0.25,31.2
2021-06-11 15:00:00,63.75,0.25,22.85
2021-06-11 16:00:00,67.5,0.28,45.32
2021-06-11 17:00:00,63.0,0.3,52.88
2021-06-11 18:00:00,56.0,0.3,66.25
2021-06-11 19:00:00,53.0,0.3,74.18
2021-06-11 20:00:00,51.0,0.3,105.02
2021-06-11 21:00:00,55.0,0.2,105.6
2021-06-11 22:00:00,44.0,0.3,106.75
2021-06-11 23:00:00,40.0,0.3,125.82
2021-06-12 00:00:00,39.0,0.3,132.25
2021-06-12 01:00:00,40.0,0.3,127.68
2021-06-12 02:00:00,28.0,0.3,126.75
2021-06-12 03:00:00,35.0,0.3,118.15
2021-06-12 04:00:00,48.0,0.28,115.8
2021-06-12 05:00:00,55.0,0.3,114.0
2021-06-12 06:00:00,64.0,0.3,124.57
2021-06-12 07:00:00,56.0,0.25,90.52
2021-06-12 08:00:00,59.0,0.3,99.25
2021-06-12 09:00:00,67.0,0.3,104.48
2021-06-12 10:00:00,59.0,0.28,71.8
2021-06-12 11:00:00,47.0,0.2,107.3
2021-06-12 12:00:00,39.25,0.22,116.88
2021-06-12 13:00:00,32.25,0.2,115.55
2021-06-12 14:00:00,26.0,0.2,107.1
2021-06-12 15:00:00,21.75,0.2,76.0
2021-06-12 16:00:00,18.0,0.22,78.72
2021-06-12 17:00:00,16.5,0.28,107.38
2021-06-12 18:00:00,17.75,0.25,99.2
2021-06-12 19:00:00,17.0,0.28,78.05
2021-06-12 20:00:00,20.0,0.28,211.68
2021-06-12 21:00:00,29.0,0.3,275.78
2021-06-12 22:00:00,24.0,0.25,214.72
2021-06-12 23:00:00,6.0,0.3,130.65
2021-06-13 00:00:00,13.0,0.25,122.32
2021-06-13 01:00:00,29.0,0.3,120.68
2021-06-13 02:00:00,39.0,0.3,110.35
2021-06-13 03:00:00,30.0,0.3,116.07
2021-06-13 04:00:00,24.0,0.3,109.22
2021-06-13 05:00:00,24.0,0.3,106.32
2021-06-13 06:00:00,19.0,0.3,109.42
2021-06-13 07:00:00,24.0,0.28,93.38
2021-06-13 08:00:00,23.5,0.22,102.95
2021-06-13 09:00:00,21.0,0.2,85.5
2021-06-13 10:00:00,26.0,0.22,171.62
2021-06-13 11:00:00,46.25,0.22,250.52
2021-06-13 12:00:00,35.25,0.3,273.8
2021-06-13 13:00:00,38.5,0.3,270.47
2021-06-13 14:00:00,47.75,0.28,279.38
2021-06-13 15:00:00,50.0,0.2,123.58
2021-06-13 16:00:00,41.0,0.25,200.28
2021-06-13 17:00:00,41.75,0.28,257.92
2021-06-13 18:00:00,47.25,0.3,287.9
2021-06-13 19:00:00,57.5,0.3,289.12
2021-06-13 20:00:00,60.75,0.3,283.9
2021-06-13 21:00:00,67.0,0.28,299.05
2021-06-13 22:00:00,74.0,0.3,281.47
2021-06-13 23:00:00,106.5,0.28,88.5
2021-06-14 00:00:00,158.25,0.3,23.6
2021-06-14 01:00:00,120.75,0.3,95.15
2021-06-14 02:00:00,77.0,0.3,111.88
2021-06-14 03:00:00,17.75,0.3,118.58
2021-06-14 04:00:00,14.5,0.28,103.32
2021-06-14 05:00:00,24.75,0.3,105.85
2021-06-14 06:00:00,23.5,0.28,99.82
2021-06-14 07:00:00,23.75,0.28,112.72
2021-06-14 08:00:00,29.25,0.22,113.2
2021-06-14 09:00:00,31.25,0.22,124.45
2021-06-14 10:00:00,36.75,0.22,125.45
2021-06-14 11:00:00,39.75,0.2,170.88
2021-06-14 12:00:00,33.0,0.22,106.7
2021-06-14 13:00:00,32.5,0.15,275.35
2021-06-14 14:00:00,31.0,0.2,103.3
2021-06-14 15:00:00,41.5,0.25,293.65
2021-06-14 16:00:00,39.5,0.25,232.98
2021-06-14 17:00:00,41.75,0.3,116.02
2021-06-14 18:00:00,52.5,0.3,36.72
2021-06-14 19:00:00,52.25,0.3,53.48
2021-06-14 20:00:00,52.5,0.3,88.08
2021-06-14 21:00:00,41.0,0.3,102.62
2021-06-14 22:00:00,37.25,0.3,112.35
2021-06-14 23:00:00,36.75,0.3,133.4
2021-06-15 00:00:00,41.0,0.3,118.75
2021-06-15 01:00:00,39.5,0.3,126.98
2021-06-15 02:00:00,38.5,0.3,142.07
2021-06-15 03:00:00,21.25,0.3,157.15
2021-06-15 04:00:00,17.0,0.3,140.32
2021-06-15 05:00:00,11.25,0.3,141.98
2021-06-15 06:00:00,11.0,0.3,124.6
2021-06-15 07:00:00,8.25,0.3,131.1
2021-06-15 08:00:00,8.75,0.28,167.18
2021-06-15 09:00:00,11.0,0.28,180.45
2021-06-15 10:00:00,22.0,0.22,196.38
2021-06-15 11:00:00,28.5,0.15,150.62
2021-06-15 12:00:00,32.0,0.2,225.95
2021-06-15 13:00:00,38.5,0.2,275.0
2021-06-15 14:00:00,41.5,0.18,281.02
2021-06-15 15:00:00,47.25,0.3,284.0
2021-06-15 16:00:00,50.25,0.22,299.27
2021-06-15 17:00:00,45.75,0.3,277.4
2021-06-15 18:00:00,36.75,0.28,220.8
2021-06-15 19:00:00,30.0,0.28,47.9
2021-06-15 20:00:00,31.5,0.22,85.75
2021-06-15 21:00:00,36.5,0.25,102.07
2021-06-15 22:00:00,35.5,0.28,111.8
2021-06-15 23:00:00,25.25,0.3,125.25
2021-06-16 00:00:00,19.75,0.3,138.8
2021-06-16 01:00:00,26.5,0.3,159.32
2021-06-16 02:00:00,22.25,0.28,150.48
2021-06-16 03:00:00,23.0,0.3,90.7
2021-06-16 04:00:00,29.75,0.28,74.15
2021-06-16 05:00:00,50.5,0.28,87.85
2021-06-16 06:00:00,55.5,0.3,44.8
2021-06-16 07:00:00,64.75,0.28,47.95
2021-06-16 08:00:00,54.0,0.22,84.4
2021-06-16 09:00:00,33.5,0.22,115.65
2021-06-16 10:00:00,35.0,0.22,134.85
2021-06-16 11:00:00,48.0,0.2,113.1
2021-06-16 12:00:00,46.0,0.2,165.95
2021-06-16 13:00:00,40.25,0.28,186.85
2021-06-16 14:00:00,43.25,0.3,275.62
2021-06-16 15:00:00,51.75,0.22,249.9
2021-06-16 16:00:00,49.0,0.22,13.45
2021-06-16 17:00:00,31.25,0.28,17.12
2021-06-16 18:00:00,47.25,0.28,38.25
2021-06-16 19:00:00,41.75,0.28,108.02
2021-06-16 20:00:00,58.25,0.3,30.4
2021-06-16 21:00:00,85.25,0.3,38.8
2021-06-16 22:00:00,92.0,0.3,44.38
2021-06-16 23:00:00,97.0,0.3,55.6
2021-06-17 00:00:00,94.0,0.3,46.72
2021-06-17 01:00:00,88.5,0.28,59.5
2021-06-17 02:00:00,93.0,0.3,98.5
2021-06-17 03:00:00,74.5,0.28,68.55
2021-06-17 04:00:00,75.0,0.25,78.97
2021-06-17 05:00:00,77.5,0.3,93.75
2021-06-17 06:00:00,78.0,0.28,59.55
2021-06-17 07:00:00,116.25,0.25,53.92
2021-06-17 08:00:00,126.75,0.28,46.08
2021-06-17 09:00:00,110.25,0.25,62.22
2021-06-17 10:00:00,95.25,0.22,82.42
2021-06-17 11:00:00,53.25,0.3,262.45
2021-06-17 12:00:00,42.0,0.25,307.62
2021-06-17 13:00:00,38.25,0.22,66.6
2021-06-17 14:00:00,29.75,0.22,45.0
2021-06-17 15:00:00,36.75,0.2,35.15
2021-06-17 16:00:00,35.0,0.3,30.42
2021-06-17 17:00:00,39.0,0.3,37.47
2021-06-17 18:00:00,33.75,0.3,52.7
2021-06-17 19:00:00,39.5,0.3,55.78
2021-06-17 20:00:00,48.75,0.3,51.47
2021-06-17 21:00:00,50.25,0.28,66.3
2021-06-17 22:00:00,65.5,0.22,100.52
2021-06-17 23:00:00,60.75,0.28,99.68
2021-06-18 00:00:00,49.5,0.3,117.25
2021-06-18 01:00:00,44.0,0.3,108.88
2021-06-18 02:00:00,50.0,0.28,102.75
2021-06-18 03:00:00,66.0,0.3,131.65
2021-06-18 04:00:00,30.25,0.3,132.48
2021-06-18 05:00:00,26.25,0.28,113.68
2021-06-18 06:00:00,40.25,0.28,69.82
2021-06-18 07:00:00,43.5,0.25,87.32
2021-06-18 08:00:00,51.75,0.2,93.92
2021-06-18 09:00:00,68.0,0.25,112.05
2021-06-18 10:00:00,29.25,0.2,82.15
2021-06-18 11:00:00,29.25,0.2,101.1
2021-06-18 12:00:00,26.25,0.22,76.5
2021-06-18 13:00:00,28.25,0.28,65.68
2021-06-18 14:00:00,39.0,0.25,55.25
2021-06-18 15:00:00,30.75,0.28,47.25
2021-06-18 16:00:00,22.0,0.28,50.38
2021-06-18 17:00:00,14.25,0.28,50.52
2021-06-18 18:00:00,9.5,0.3,52.42
2021-06-18 19:00:00,13.25,0.3,63.8
2021-06-18 20:00:00,19.75,0.22,77.85
2021-06-18 21:00:00,21.5,0.22,109.7
2021-06-18 22:00:00,29.25,0.28,99.7
2021-06-18 23:00:00,33.0,0.2,81.0
2021-06-19 00:00:00,47.25,0.3,63.82
2021-06-19 01:00:00,61.5,0.28,72.15
2021-06-19 02:00:00,53.0,0.3,31.25
2021-06-19 03:00:00,41.0,0.3,21.7
2021-06-19 04:00:00,72.0,0.28,84.4
2021-06-19 05:00:00,72.0,0.25,173.88
2021-06-19 06:00:00,72.5,0.3,188.45
2021-06-19 07:00:00,73.0,0.3,23.88
2021-06-19 08:00:00,68.0,0.25,24.4
2021-06-19 09:00:00,48.5,0.2,175.28
2021-06-19 10:00:00,33.75,0.2,171.35
2021-06-19 11:00:00,27.5,0.2,17.75
2021-06-19 12:00:00,20.5,0.22,20.7
2021-06-19 13:00:00,22.5,0.22,108.1
2021-06-19 14:00:00,23.75,0.28,24.45
2021-06-19 15:00:00,22.0,0.2,15.0
2021-06-19 16:00:00,20.25,0.28,34.38
2021-06-19 17:00:00,24.0,0.3,46.47
2021-06-19 18:00:00,15.25,0.28,35.8
2021-06-19 19:00:00,23.75,0.3,40.9
2021-06-19 20:00:00,26.5,0.3,52.7
2021-06-19 21:00:00,19.0,0.28,69.38
2021-06-19 22:00:00,21.5,0.3,60.32
2021-06-19 23:00:00,28.75,0.2,79.92
2021-06-20 00:00:00,30.5,0.2,65.42
2021-06-20 01:00:00,36.0,0.3,79.2
2021-06-20 02:00:00,32.0,0.3,67.82
2021-06-20 03:00:00,39.0,0.3,58.58
2021-06-20 04:00:00,42.5,0.28,45.8
2021-06-20 05:00:00,45.0,0.3,20.35
2021-06-20 06:00:00,48.0,0.3,27.25
2021-06-20 07:00:00,23.0,0.3,26.88
2021-06-20 08:00:00,22.0,0.3,26.25
2021-06-20 09:00:00,19.75,0.3,30.88
2021-06-20 10:00:00,20.0,0.25,53.98
2021-06-20 11:00:00,14.0,0.28,58.08
2021-06-20 12:00:00,15.5,0.2,29.95
2021-06-20 13:00:00,22.75,0.2,95.92
2021-06-20 14:00:00,31.0,0.25,187.1
2021-06-20 15:00:00,28.25,0.25,20.48
2021-06-20 16:00:00,20.75,0.2,17.95
2021-06-20 17:00:00,21.75,0.25,37.62
2021-06-20 18:00:00,16.25,0.3,46.08
2021-06-20 19:00:00,15.5,0.3,60.3
2021-06-20 20:00:00,28.0,0.3,60.38
2021-06-20 21:00:00,25.0,0.3,47.9
2021-06-20 22:00:00,25.0,0.3,42.18
2021-06-20 23:00:00,32.75,0.3,44.28
2021-06-21 00:00:00,52.5,0.3,50.25
2021-06-21 01:00:00,42.0,0.28,61.7
2021-06-21 02:00:00,43.142857142857146,0.3,37.25
2021-06-21 03:00:00,44.285714285714285,0.3,50.45
2021-06-21 04:00:00,45.42857142857143,0.3,97.32
2021-06-21 05:00:00,,0.3,45.5
2021-06-21 06:00:00,,0.3,45.62
2021-06-21 07:00:00,,0.28,101.65
2021-06-21 08:00:00,50.0,0.22,251.9
2021-06-21 09:00:00,52.0,0.2,234.92
2021-06-21 10:00:00,56.25,0.25,101.52
2021-06-21 11:00:00,50.25,0.2,120.28
2021-06-21 12:00:00,43.0,0.2,43.78
2021-06-21 13:00:00,27.0,0.18,46.9
2021-06-21 14:00:00,25.75,0.18,179.8
2021-06-21 15:00:00,30.75,0.18,25.95
2021-06-21 16:00:00,30.0,0.18,91.7
2021-06-21 17:00:00,29.5,0.28,112.28
2021-06-21 18:00:00,28.75,0.3,68.12
2021-06-21 19:00:00,33.5,0.3,70.95
2021-06-21 20:00:00,42.75,0.3,57.58
2021-06-21 21:00:00,48.0,0.3,117.08
2021-06-21 22:00:00,48.5,0.28,143.07
2021-06-21 23:00:00,47.0,0.3,154.48
2021-06-22 00:00:00,40.5,0.3,151.75
2021-06-22 01:00:00,48.5,0.3,171.75
2021-06-22 02:00:00,51.75,0.28,193.3
2021-06-22 03:00:00,56.0,0.3,176.75
2021-06-22 04:00:00,51.25,0.3,172.9
2021-06-22 05:00:00,46.25,0.3,172.95
2021-06-22 06:00:00,51.25,0.3,197.45
2021-06-22 07:00:00,76.0,0.3,290.7
2021-06-22 08:00:00,99.75,0.25,295.78
2021-06-22 09:00:00,60.0,0.25,297.2
2021-06-22 10:00:00,50.75,0.2,309.62
2021-06-22 11:00:00,50.0,0.22,292.98
2021-06-22 12:00:00,49.0,0.22,271.4
2021-06-22 13:00:00,46.5,0.28,276.18
2021-06-22 14:00:00,47.0,0.22,289.77
2021-06-22 15:00:00,44.25,0.2,317.0
2021-06-22 16:00:00,43.25,0.25,302.55
2021-06-22 17:00:00,38.0,0.2,325.8
2021-06-22 18:00:00,41.25,0.3,25.3
2021-06-22 19:00:00,52.75,0.3,50.72
2021-06-22 20:00:00,59.25,0.3,49.82
2021-06-22 21:00:00,65.75,0.3,42.9
2021-06-22 22:00:00,74.75,0.3,46.6
2021-06-22 23:00:00,80.0,0.3,46.65
2021-06-23 00:00:00,84.75,0.3,48.25
2021-06-23 01:00:00,74.75,0.3,49.75
2021-06-23 02:00:00,84.5,0.3,50.72
2021-06-23 03:00:00,91.5,0.3,61.62
2021-06-23 04:00:00,92.75,0.3,65.92
2021-06-23 05:00:00,73.5,0.3,53.2
2021-06-23 06:00:00,88.5,0.3,11.45
2021-06-23 07:00:00,168.75,0.28,292.02
2021-06-23 08:00:00,250.5,0.28,292.52
2021-06-23 09:00:00,201.5,0.3,296.48
2021-06-23 10:00:00,110.5,0.2,289.35
2021-06-23 11:00:00,65.25,0.2,300.8
2021-06-23 12:00:00,46.75,0.2,219.3
2021-06-23 13:00:00,52.25,0.15,103.05
2021-06-23 14:00:00,52.75,0.2,186.68
2021-06-23 15:00:00,50.5,0.15,174.92
2021-06-23 16:00:00,46.25,0.25,100.93
2021-06-23 17:00:00,47.0,0.25,43.62
2021-06-23 18:00:00,48.25,0.3,68.47
2021-06-23 19:00:00,53.25,0.3,69.4
2021-06-23 20:00:00,62.5,0.3,63.93
2021-06-23 21:00:00,80.25,0.28,110.4
2021-06-23 22:00:00,83.0,0.22,132.38
2021-06-23 23:00:00,78.0,0.22,119.43
2021-06-24 00:00:00,70.5,0.25,128.12
2021-06-24 01:00:00,62.0,0.3,129.9
2021-06-24 02:00:00,49.25,0.3,144.67
2021-06-24 03:00:00,45.5,0.28,141.07
2021-06-24 04:00:00,41.0,0.3,138.83
2021-06-24 05:00:00,42.25,0.3,101.65
2021-06-24 06:00:00,61.0,0.25,67.7
2021-06-24 07:00:00,101.5,0.22,77.35
2021-06-24 08:00:00,85.5,0.3,65.65
2021-06-24 09:00:00,76.75,0.28,60.62
2021-06-24 10:00:00,70.75,0.25,120.08
2021-06-24 11:00:00,65.25,0.2,120.18
2021-06-24 12:00:00,70.25,0.22,159.77
2021-06-24 13:00:00,72.5,0.2,188.15
2021-06-24 14:00:00,73.25,0.2,155.75
2021-06-24 15:00:00,90.75,0.2,173.88
2021-06-24 16:00:00,80.5,0.28,101.72
2021-06-24 17:00:00,33.25,0.25,60.8
2021-06-24 18:00:00,32.0,0.3,42.8
2021-06-24 19:00:00,36.0,0.3,58.3
2021-06-24 20:00:00,41.75,0.3,107.08
2021-06-24 21:00:00,48.0,0.25,176.18
2021-06-24 22:00:00,44.25,0.28,180.35
2021-06-24 23:00:00,49.5,0.3,195.15
2021-06-25 00:00:00,44.75,0.3,217.52
2021-06-25 01:00:00,44.75,0.3,234.6
2021-06-25 02:00:00,47.75,0.28,198.48
2021-06-25 03:00:00,70.75,0.3,47.7
2021-06-25 04:00:00,135.75,0.3,45.3
2021-06-25 05:00:00,141.0,0.3,13.38
2021-06-25 06:00:00,131.5,0.3,15.4
2021-06-25 07:00:00,137.5,0.28,103.12
2021-06-25 08:00:00,158.75,0.25,219.27
2021-06-25 09:00:00,151.0,0.28,258.2
2021-06-25 10:00:00,117.0,0.22,315.95
2021-06-25 11:00:00,52.25,0.18,163.92
2021-06-25 12:00:00,53.25,0.2,300.27
2021-06-25 13:00:00,46.5,0.2,326.88
2021-06-25 14:00:00,52.5,0.22,327.35
2021-06-25 15:00:00,54.75,0.2,161.45
2021-06-25 16:00:00,49.0,0.25,79.03
2021-06-25 17:00:00,54.5,0.3,33.8
2021-06-25 18:00:00,61.0,0.25,116.98
2021-06-25 19:00:00,51.0,0.3,262.12
2021-06-25 20:00:00,29.25,0.3,182.2
2021-06-25 21:00:00,25.75,0.2,195.08
2021-06-25 22:00:00,23.5,0.28,178.12
2021-06-25 23:00:00,25.75,0.3,161.65
2021-06-26 00:00:00,19.75,0.3,213.52
2021-06-26 01:00:00,24.0,0.3,261.62
2021-06-26 02:00:00,35.25,0.3,29.78
2021-06-26 03:00:00,51.5,0.28,66.6
2021-06-26 04:00:00,49.75,0.25,70.8
2021-06-26 05:00:00,46.0,0.28,66.12
2021-06-26 06:00:00,60.75,0.28,71.03
2021-06-26 07:00:00,58.25,0.25,181.98
2021-06-26 08:00:00,90.25,0.28,29.28
2021-06-26 09:00:00,111.0,0.22,188.85
2021-06-26 10:00:00,81.75,0.22,95.38
2021-06-26 11:00:00,82.5,0.25,75.92
2021-06-26 12:00:00,75.75,0.18,150.45
2021-06-26 13:00:00,60.25,0.2,261.82
2021-06-26 14:00:00,36.5,0.25,282.1
2021-06-26 15:00:00,42.75,0.25,299.73
2021-06-26 16:00:00,38.0,0.25,328.0
2021-06-26 17:00:00,36.75,0.28,298.17
2021-06-26 18:00:00,39.75,0.3,212.2
2021-06-26 19:00:00,36.25,0.3,257.5
2021-06-26 20:00:00,47.25,0.3,273.27
2021-06-26 21:00:00,52.5,0.3,286.65
2021-06-26 22:00:00,69.5,0.3,109.65
2021-06-26 23:00:00,130.75,0.3,18.15
2021-06-27 00:00:00,200.75,0.3,18.75
2021-06-27 01:00:00,175.25,0.3,68.18
2021-06-27 02:00:00,104.75,0.3,112.38
2021-06-27 03:00:00,82.5,0.3,126.85
2021-06-27 04:00:00,61.75,0.28,130.38
2021-06-27 05:00:00,62.0,0.28,139.35
2021-06-27 06:00:00,79.25,0.3,112.52
2021-06-27 07:00:00,97.0,0.3,125.22
2021-06-27 08:00:00,102.75,0.28,136.72
2021-06-27 09:00:00,100.75,0.2,148.05
2021-06-27 10:00:00,93.5,0.22,154.32
2021-06-27 11:00:00,83.0,0.22,31.45
2021-06-27 12:00:00,80.5,0.18,160.25
2021-06-27 13:00:00,70.75,0.25,106.9
2021-06-27 14:00:00,65.0,0.22,57.0
2021-06-27 15:00:00,68.0,0.18,53.98
2021-06-27 16:00:00,68.0,0.2,95.15
2021-06-27 17:00:00,70.25,0.3,32.88
2021-06-27 18:00:00,76.0,0.29285714285714287,44.402857142857144
2021-06-27 19:00:00,71.25,0.2857142857142857,55.92571428571429
2021-06-27 20:00:00,66.0,0.2785714285714286,67.44857142857143
2021-06-27 21:00:00,65.0909090909091,,
2021-06-27 22:00:00,64.18181818181819,,
2021-06-27 23:00:00,63.27272727272727,,
2021-06-28 00:00:00,,,
2021-06-28 01:00:00,,,
2021-06-28 02:00:00,,,
2021-06-28 03:00:00,,,
2021-06-28 04:00:00,,,
2021-06-28 05:00:00,,,
2021-06-28 06:00:00,,,
2021-06-28 07:00:00,56.0,0.2,194.2
2021-06-28 08:00:00,63.0,0.28,175.05
2021-06-28 09:00:00,50.0,0.22,184.22
2021-06-28 10:00:00,51.0,0.22,141.98
2021-06-28 11:00:00,51.666666666666664,0.18,273.73
2021-06-28 12:00:00,52.333333333333336,0.15,270.25
2021-06-28 13:00:00,53.0,0.2,205.9
2021-06-28 14:00:00,62.0,0.15,198.48
2021-06-28 15:00:00,50.0,0.22,267.65
2021-06-28 16:00:00,56.0,0.22,96.72
2021-06-28 17:00:00,68.0,0.28,269.8
2021-06-28 18:00:00,70.0,0.28,97.62
2021-06-28 19:00:00,86.0,0.3,28.95
2021-06-28 20:00:00,95.0,0.3,34.72
2021-06-28 21:00:00,83.0,0.3,85.2
2021-06-28 22:00:00,101.0,0.3,85.8
2021-06-28 23:00:00,110.0,0.3,85.78
2021-06-29 00:00:00,102.0,0.3,85.52
2021-06-29 01:00:00,117.0,0.3,117.15
2021-06-29 02:00:00,90.0,0.3,122.75
2021-06-29 03:00:00,81.0,0.3,122.75
2021-06-29 04:00:00,86.0,0.28,155.75
2021-06-29 05:00:00,94.0,0.3,215.75
2021-06-29 06:00:00,81.0,0.25,208.38
2021-06-29 07:00:00,84.25,0.3,197.45
2021-06-29 08:00:00,92.5,0.3,234.42
2021-06-29 09:00:00,82.0,0.3,255.08
2021-06-29 10:00:00,62.25,0.3,279.3
2021-06-29 11:00:00,54.5,0.28,289.4
2021-06-29 12:00:00,45.25,0.25,288.62
2021-06-29 13:00:00,39.5,0.28,282.52
2021-06-29 14:00:00,38.25,0.3,280.75
2021-06-29 15:00:00,39.0,0.3,284.6
2021-06-29 16:00:00,38.0,0.3,289.52
2021-06-29 17:00:00,35.75,0.3,299.12
2021-06-29 18:00:00,41.0,0.28,316.92
2021-06-29 19:00:00,64.5,0.28,312.8
2021-06-29 20:00:00,95.5,0.3,282.18
2021-06-29 21:00:00,59.25,0.3,282.58
2021-06-29 22:00:00,63.25,0.3,304.02
2021-06-29 23:00:00,63.75,0.3,223.95
2021-06-30 00:00:00,61.0,0.3,206.12
2021-06-30 01:00:00,54.25,0.3,206.08
2021-06-30 02:00:00,55.5,0.3,202.18
2021-06-30 03:00:00,67.5,0.3,229.48
2021-06-30 04:00:00,70.5,0.3,236.0
2021-06-30 05:00:00,59.5,0.3,234.1
2021-06-30 06:00:00,38.75,0.3,236.85
2021-06-30 07:00:00,35.25,0.3,254.12
2021-06-30 08:00:00,35.5,0.3,257.12
2021-06-30 09:00:00,35.25,0.3,260.4
2021-06-30 10:00:00,39.0,0.3,267.95
2021-06-30 11:00:00,38.0,0.3,274.02
2021-06-30 12:00:00,33.25,0.3,266.17
2021-06-30 13:00:00,29.5,0.3,261.17
2021-06-30 14:00:00,38.0,0.3,264.88
2021-06-30 15:00:00,47.0,0.3,262.55
2021-06-30 16:00:00,70.25,0.3,257.4
2021-06-30 17:00:00,92.5,0.3,259.77
2021-06-30 18:00:00,84.0,0.3,254.38
2021-06-30 19:00:00,77.5,0.3,253.65
2021-06-30 20:00:00,68.75,0.3,260.48
2021-06-30 21:00:00,78.25,0.3,275.08
2021-06-30 22:00:00,85.5,0.3,265.65
2021-06-30 23:00:00,67.0,0.3,253.48
2021-07-01 00:00:00,57.5,0.3,242.25
2021-07-01 01:00:00,42.0,0.3,240.62
2021-07-01 02:00:00,26.0,0.3,242.85
2021-07-01 03:00:00,22.75,0.3,246.02
2021-07-01 04:00:00,22.0,0.3,251.38
2021-07-01 05:00:00,22.25,0.3,254.15
2021-07-01 06:00:00,25.5,0.3,253.3
2021-07-01 07:00:00,32.25,0.3,255.7
2021-07-01 08:00:00,33.5,0.3,253.27
2021-07-01 09:00:00,43.5,0.3,246.08
2021-07-01 10:00:00,42.75,0.3,252.5
2021-07-01 11:00:00,45.0,0.3,248.72
2021-07-01 12:00:00,44.75,0.3,257.18
2021-07-01 13:00:00,42.75,0.28,240.7
2021-07-01 14:00:00,38.25,0.3,243.75
2021-07-01 15:00:00,36.5,0.22,265.23
2021-07-01 16:00:00,38.0,0.3,239.25
2021-07-01 17:00:00,38.25,0.3,248.18
2021-07-01 18:00:00,39.25,0.3,225.78
2021-07-01 19:00:00,40.25,0.3,213.52
2021-07-01 20:00:00,43.5,0.3,209.9
2021-07-01 21:00:00,49.5,0.3,170.8
2021-07-01 22:00:00,53.0,0.28,68.75
2021-07-01 23:00:00,80.0,0.28,22.65
2021-07-02 00:00:00,89.25,0.25,61.35
2021-07-02 01:00:00,89.0,0.3,85.55
2021-07-02 02:00:00,88.25,0.3,22.1
2021-07-02 03:00:00,85.75,0.29166666666666663,43.49166666666667
2021-07-02 04:00:00,54.0,0.2833333333333333,64.88333333333333
2021-07-02 05:00:00,42.0,0.275,86.275
2021-07-02 06:00:00,43.6,,
2021-07-02 07:00:00,45.2,,
2021-07-02 08:00:00,46.8,,
2021-07-02 09:00:00,,,
2021-07-02 10:00:00,50.0,,
2021-07-02 11:00:00,50.75,,
2021-07-02 12:00:00,65.75,,
2021-07-02 13:00:00,59.0,,
2021-07-02 14:00:00,58.4,0.2,278.8
2021-07-02 15:00:00,57.8,0.3,318.4
2021-07-02 16:00:00,57.2,0.3,252.4
2021-07-02 17:00:00,,0.2,155.85
2021-07-02 18:00:00,56.0,0.25,172.02499999999998
2021-07-02 19:00:00,29.0,0.3,188.2
2021-07-02 20:00:00,12.0,0.22,168.77
2021-07-02 21:00:00,66.0,0.21533333333333332,169.18666666666667
2021-07-02 22:00:00,40.0,0.21066666666666667,169.60333333333335
2021-07-02 23:00:00,40.92857142857143,0.206,170.02
2021-07-03 00:00:00,41.857142857142854,,
2021-07-03 01:00:00,42.785714285714285,,
2021-07-03 02:00:00,,,
2021-07-03 03:00:00,,,
2021-07-03 04:00:00,,,
2021-07-03 05:00:00,,,
2021-07-03 06:00:00,,,
2021-07-03 07:00:00,,,
2021-07-03 08:00:00,,,
2021-07-03 09:00:00,,,
2021-07-03 10:00:00,,,
2021-07-03 11:00:00,,0.15,175.02
2021-07-03 12:00:00,53.0,0.2,210.25
2021-07-03 13:00:00,39.0,0.28,206.65
2021-07-03 14:00:00,46.0,0.3,219.75
2021-07-03 15:00:00,51.0,0.28,170.52
2021-07-03 16:00:00,44.0,0.25,212.8
2021-07-03 17:00:00,48.0,0.32,258.68
2021-07-03 18:00:00,62.0,0.25,230.65
2021-07-03 19:00:00,45.0,0.32,179.88
2021-07-03 20:00:00,45.0,0.3,168.95
2021-07-03 21:00:00,52.0,0.3,122.88
2021-07-03 22:00:00,38.0,0.28,140.52
2021-07-03 23:00:00,118.0,0.35,209.82
2021-07-04 00:00:00,102.0,0.4,266.05
2021-07-04 01:00:00,72.0,0.4,266.0
2021-07-04 02:00:00,72.0,0.4,266.0
2021-07-04 03:00:00,66.0,0.4,266.05
2021-07-04 04:00:00,66.0,0.4,277.77
2021-07-04 05:00:00,109.5,0.4,281.0
2021-07-04 06:00:00,153.0,0.4,281.02
2021-07-04 07:00:00,105.0,0.4,282.0
2021-07-04 08:00:00,103.0,0.38,285.88
2021-07-04 09:00:00,140.0,0.32,249.82
2021-07-04 10:00:00,145.0,0.35,207.52
2021-07-04 11:00:00,145.0,0.35,273.45
2021-07-04 12:00:00,128.0,0.38,237.62
2021-07-04 13:00:00,108.0,0.38,259.17
2021-07-04 14:00:00,68.0,0.32,251.7
2021-07-04 15:00:00,50.0,0.4,258.48
2021-07-04 16:00:00,56.0,0.35,231.95
2021-07-04 17:00:00,50.0,0.35,231.27
2021-07-04 18:00:00,48.0,0.38,245.85
2021-07-04 19:00:00,45.0,0.4,284.42
2021-07-04 20:00:00,56.0,0.4,280.45
2021-07-04 21:00:00,67.0,0.4,277.73
2021-07-04 22:00:00,79.0,0.375,267.135
2021-07-04 23:00:00,46.0,0.35,256.54
2021-07-05 00:00:00,27.0,0.325,245.945
2021-07-05 01:00:00,33.0,0.3,235.35
2021-07-05 02:00:00,24.0,0.32,208.52
2021-07-05 03:00:00,41.0,0.4,237.5
2021-07-05 04:00:00,34.0,0.4,237.5
2021-07-05 05:00:00,67.0,0.38,220.65
2021-07-05 06:00:00,101.0,0.375,215.86666666666667
2021-07-05 07:00:00,80.0,0.37,211.08333333333334
2021-07-05 08:00:00,91.0,0.365,206.3
2021-07-05 09:00:00,82.83333333333333,,
2021-07-05 10:00:00,74.66666666666667,,
2021-07-05 11:00:00,66.5,0.35,191.95
2021-07-05 12:00:00,76.75,0.35,251.1
2021-07-05 13:00:00,63.25,0.35,253.82
2021-07-05 14:00:00,53.0,0.3,257.32
2021-07-05 15:00:00,54.75,0.32,224.73
2021-07-05 16:00:00,50.75,0.32,237.3
2021-07-05 17:00:00,52.75,0.3,256.8
2021-07-05 18:00:00,61.5,0.28,346.88
2021-07-05 19:00:00,67.25,0.3,186.95
2021-07-05 20:00:00,78.25,0.38,166.85
2021-07-05 21:00:00,69.0,0.4,242.12
2021-07-05 22:00:00,56.0,0.38,271.0
2021-07-05 23:00:00,54.0,0.4,222.62
2021-07-06 00:00:00,51.5,0.4,218.45
2021-07-06 01:00:00,40.25,0.38,231.77
2021-07-06 02:00:00,53.75,0.4,242.82
2021-07-06 03:00:00,43.0,0.4,247.6
2021-07-06 04:00:00,33.0,0.4,246.35
2021-07-06 05:00:00,41.0,0.38,230.38
2021-07-06 06:00:00,45.25,0.4,225.62
2021-07-06 07:00:00,43.75,0.4,223.35
2021-07-06 08:00:00,51.75,0.4,239.38
2021-07-06 09:00:00,44.25,0.4,254.65
2021-07-06 10:00:00,51.25,0.4,238.7
2021-07-06 11:00:00,48.5,0.4,254.95
2021-07-06 12:00:00,39.0,0.4,266.42
2021-07-06 13:00:00,42.5,0.4,236.42
2021-07-06 14:00:00,44.5,0.32,242.3
2021-07-06 15:00:00,45.5,0.35,254.9
2021-07-06 16:00:00,42.0,0.32,237.55
2021-07-06 17:00:00,38.0,0.52,255.78
2021-07-06 18:00:00,44.5,0.57,259.25
2021-07-06 19:00:00,51.0,0.48,332.88
2021-07-06 20:00:00,75.75,0.45,224.75
2021-07-06 21:00:00,93.25,0.62,269.5
2021-07-06 22:00:00,62.25,0.48,280.8
2021-07-06 23:00:00,69.25,0.62,291.9
2021-07-07 00:00:00,53.5,0.48,275.9
2021-07-07 01:00:00,57.5,0.3,275.75
2021-07-07 02:00:00,53.75,0.5,275.92
2021-07-07 03:00:00,50.5,0.57,216.05
2021-07-07 04:00:00,61.25,0.32,214.3
2021-07-07 05:00:00,61.75,0.3,213.55
2021-07-07 06:00:00,75.5,0.52,209.15
2021-07-07 07:00:00,104.5,0.52,211.2
2021-07-07 08:00:00,58.5,0.57,220.22
2021-07-07 09:00:00,53.75,0.52,234.48
2021-07-07 10:00:00,57.0,0.55,233.35
2021-07-07 11:00:00,42.5,0.5,247.98
2021-07-07 12:00:00,41.5,0.48,261.95
2021-07-07 13:00:00,32.75,0.5,258.0
2021-07-07 14:00:00,28.75,0.45,268.77
2021-07-07 15:00:00,28.75,0.48,263.12
2021-07-07 16:00:00,31.0,0.52,263.4
2021-07-07 17:00:00,31.5,0.5,264.78
2021-07-07 18:00:00,33.0,0.52,267.7
2021-07-07 19:00:00,34.0,0.55,262.35
2021-07-07 20:00:00,38.0,0.52,251.02
2021-07-07 21:00:00,51.75,0.57,249.1
2021-07-07 22:00:00,56.0,0.52,243.92
2021-07-07 23:00:00,50.75,0.57,209.38
2021-07-08 00:00:00,42.0,0.45,214.35
2021-07-08 01:00:00,35.75,0.5,215.48
2021-07-08 02:00:00,37.25,0.68,215.42
2021-07-08 03:00:00,42.0,0.6,243.92
2021-07-08 04:00:00,35.25,0.52,228.22
2021-07-08 05:00:00,35.25,0.52,233.88
2021-07-08 06:00:00,41.25,0.55,231.32
2021-07-08 07:00:00,39.75,0.52,236.32
2021-07-08 08:00:00,45.25,0.52,245.62
2021-07-08 09:00:00,54.25,0.5,241.58
2021-07-08 10:00:00,56.0,0.52,243.32
2021-07-08 11:00:00,67.75,0.5,247.4
2021-07-08 12:00:00,60.25,0.48,258.25
2021-07-08 13:00:00,41.5,0.48,264.23
2021-07-08 14:00:00,44.75,0.42,254.08
2021-07-08 15:00:00,41.25,0.52,236.18
2021-07-08 16:00:00,41.75,0.57,218.62
2021-07-08 17:00:00,41.0,0.52,229.8
2021-07-08 18:00:00,43.25,0.42,210.2
2021-07-08 19:00:00,50.0,0.52,40.2
2021-07-08 20:00:00,56.0,0.52,58.48
2021-07-08 21:00:00,60.0,0.45,47.0
2021-07-08 22:00:00,65.25,0.38,297.73
2021-07-08 23:00:00,41.0,0.45,138.6
2021-07-09 00:00:00,30.75,0.5,143.07
2021-07-09 01:00:00,40.25,0.4,84.85
2021-07-09 02:00:00,49.25,0.5,90.7
2021-07-09 03:00:00,37.5,0.43,49.95
2021-07-09 04:00:00,34.75,0.4,67.15
2021-07-09 05:00:00,33.0,0.5,111.8
2021-07-09 06:00:00,39.25,0.48,105.22
2021-07-09 07:00:00,40.25,0.45,85.95
2021-07-09 08:00:00,46.75,0.43,28.48
2021-07-09 09:00:00,64.0,0.42,43.5
2021-07-09 10:00:00,70.25,0.43,83.05
2021-07-09 11:00:00,98.0,0.4,64.7
2021-07-09 12:00:00,113.75,0.32,104.45
2021-07-09 13:00:00,79.5,0.45,102.52
2021-07-09 14:00:00,68.75,0.35,61.1
2021-07-09 15:00:00,40.75,0.4,41.12
2021-07-09 16:00:00,40.0,0.48,62.88
2021-07-09 17:00:00,39.0,0.4,77.15
2021-07-09 18:00:00,45.0,0.4,79.45
2021-07-09 19:00:00,50.0,0.48,86.95
2021-07-09 20:00:00,61.0,0.5,78.68
2021-07-09 21:00:00,59.0,0.5,90.42
2021-07-09 22:00:00,63.0,0.5,86.65
2021-07-09 23:00:00,64.0,0.45,75.8
2021-07-10 00:00:00,64.0,0.45,89.9
2021-07-10 01:00:00,55.0,0.5,101.57
2021-07-10 02:00:00,51.0,0.5,101.52
2021-07-10 03:00:00,47.0,0.48,95.28
2021-07-10 04:00:00,42.0,0.48,88.18
2021-07-10 05:00:00,53.0,0.48,107.98
2021-07-10 06:00:00,50.0,0.48,102.78
2021-07-10 07:00:00,30.0,0.5,114.95
2021-07-10 08:00:00,33.0,0.5,119.18
2021-07-10 09:00:00,20.0,0.45,80.38
2021-07-10 10:00:00,27.0,0.45,102.65
2021-07-10 11:00:00,23.0,0.4,84.08
2021-07-10 12:00:00,23.0,0.32,81.75
2021-07-10 13:00:00,23.0,0.38,95.5
2021-07-10 14:00:00,30.0,0.4,83.98
2021-07-10 15:00:00,29.25,0.38,70.68
2021-07-10 16:00:00,27.0,0.48,53.78
2021-07-10 17:00:00,28.75,0.4,56.47
2021-07-10 18:00:00,27.75,0.48,33.65
2021-07-10 19:00:00,27.0,0.5,28.3
2021-07-10 20:00:00,31.25,0.52,42.62
2021-07-10 21:00:00,41.25,0.5,64.32
2021-07-10 22:00:00,43.5,0.43,46.02
2021-07-10 23:00:00,44.75,0.43,81.4
2021-07-11 00:00:00,34.5,0.38,84.28
2021-07-11 01:00:00,39.25,0.45,87.38
2021-07-11 02:00:00,55.25,0.43,111.2
2021-07-11 03:00:00,46.25,0.48,94.35
2021-07-11 04:00:00,44.5,0.48,96.08
2021-07-11 05:00:00,49.25,0.45,71.18
2021-07-11 06:00:00,61.25,0.45,84.88
2021-07-11 07:00:00,70.25,0.4,87.48
2021-07-11 08:00:00,75.25,0.43,100.38
2021-07-11 09:00:00,70.75,0.45,112.62
2021-07-11 10:00:00,69.25,0.43,100.18
2021-07-11 11:00:00,58.0,0.38,94.38
2021-07-11 12:00:00,58.75,0.4,86.05
2021-07-11 13:00:00,59.75,0.4,84.2
2021-07-11 14:00:00,57.5,0.4,66.95
2021-07-11 15:00:00,59.25,0.43,52.7
2021-07-11 16:00:00,49.5,0.38,68.35
2021-07-11 17:00:00,43.5,0.35,79.5
2021-07-11 18:00:00,40.25,0.4,99.52
2021-07-11 19:00:00,43.25,0.45,94.58
2021-07-11 20:00:00,41.75,0.4,103.43
2021-07-11 21:00:00,48.25,0.45,107.58
2021-07-11 22:00:00,59.5,0.4,82.38
2021-07-11 23:00:00,52.5,0.38,91.42
2021-07-12 00:00:00,43.25,0.43,89.65
2021-07-12 01:00:00,37.25,0.4,82.5
2021-07-12 02:00:00,35.25,0.4,87.28
2021-07-12 03:00:00,34.5,0.38,96.65
2021-07-12 04:00:00,30.25,0.45,104.45
2021-07-12 05:00:00,31.75,0.43,99.12
2021-07-12 06:00:00,35.25,0.4,81.98
2021-07-12 07:00:00,41.75,0.43,79.1
2021-07-12 08:00:00,50.5,0.4,82.48
2021-07-12 09:00:00,48.5,0.43,82.4
2021-07-12 10:00:00,40.5,0.45,108.3
2021-07-12 11:00:00,46.0,0.4,93.42
2021-07-12 12:00:00,38.5,0.45,96.43
2021-07-12 13:00:00,34.25,0.45,104.98
2021-07-12 14:00:00,34.0,0.43,95.48
2021-07-12 15:00:00,31.0,0.45,100.07
2021-07-12 16:00:00,31.75,0.4,65.38
2021-07-12 17:00:00,32.25,0.43,92.1
2021-07-12 18:00:00,26.0,0.4,88.9
2021-07-12 19:00:00,24.0,0.38,76.95
2021-07-12 20:00:00,28.0,0.45,45.32
2021-07-12 21:00:00,32.0,0.43,71.1
2021-07-12 22:00:00,35.75,0.45,83.45
2021-07-12 23:00:00,38.25,0.45,94.55
2021-07-13 00:00:00,36.0,0.48,112.55
2021-07-13 01:00:00,27.75,0.43,103.02
2021-07-13 02:00:00,30.75,0.48,80.12
2021-07-13 03:00:00,34.25,0.48,43.78
2021-07-13 04:00:00,40.0,0.48,63.82
2021-07-13 05:00:00,47.5,0.5,73.03
2021-07-13 06:00:00,50.25,0.48,84.2
2021-07-13 07:00:00,42.75,0.43,98.88
2021-07-13 08:00:00,28.75,0.4,163.12
2021-07-13 09:00:00,6.75,0.73,237.88
2021-07-13 10:00:00,10.0,0.32,304.5
2021-07-13 11:00:00,26.5,0.43,172.25
2021-07-13 12:00:00,51.25,0.45,255.92
2021-07-13 13:00:00,78.5,0.43,324.25
2021-07-13 14:00:00,52.75,0.4,328.7
2021-07-13 15:00:00,30.0,0.4,266.48
2021-07-13 16:00:00,18.5,0.48,111.52
2021-07-13 17:00:00,18.0,0.5,45.72
2021-07-13 18:00:00,15.0,0.5,108.52
2021-07-13 19:00:00,25.0,0.6,233.85
2021-07-13 20:00:00,32.25,0.48,12.35
2021-07-13 21:00:00,43.5,0.45,13.68
2021-07-13 22:00:00,39.25,0.45,260.2
2021-07-13 23:00:00,45.25,0.48,99.28
2021-07-14 00:00:00,57.25,0.52,28.67
2021-07-14 01:00:00,44.5,0.52,17.8
2021-07-14 02:00:00,39.0,0.52,30.35
2021-07-14 03:00:00,39.5,0.6,33.65
2021-07-14 04:00:00,48.0,0.62,11.58
2021-07-14 05:00:00,47.0,0.62,72.92
2021-07-14 06:00:00,62.0,0.5,63.38
2021-07-14 07:00:00,57.0,0.5,99.48
2021-07-14 08:00:00,41.5,0.43,98.65
2021-07-14 09:00:00,38.25,0.5,114.6
2021-07-14 10:00:00,30.5,0.5,119.0
2021-07-14 11:00:00,23.0,0.38,279.2
2021-07-14 12:00:00,20.75,0.43,333.9
2021-07-14 13:00:00,15.0,0.4,254.25
2021-07-14 14:00:00,16.75,0.48,25.95
2021-07-14 15:00:00,12.0,0.5,51.42
2021-07-14 16:00:00,15.5,0.48,96.32
2021-07-14 17:00:00,34.5,0.57,199.4
2021-07-14 18:00:00,45.75,0.48,301.85
2021-07-14 19:00:00,73.5,0.45,176.25
2021-07-14 20:00:00,43.0,0.45,185.28
2021-07-14 21:00:00,45.75,0.5,109.4
2021-07-14 22:00:00,49.5,0.55,10.98
2021-07-14 23:00:00,68.5,0.55,12.1
2021-07-15 00:00:00,84.5,0.5,11.82
2021-07-15 01:00:00,78.0,0.5,193.42
2021-07-15 02:00:00,69.5,0.55,94.8
2021-07-15 03:00:00,81.0,0.55,18.18
2021-07-15 04:00:00,54.75,0.55,36.25
2021-07-15 05:00:00,48.5,0.52,51.9
2021-07-15 06:00:00,53.5,0.5,53.88
2021-07-15 07:00:00,66.25,0.52,49.22
2021-07-15 08:00:00,67.25,0.4,107.08
2021-07-15 09:00:00,50.0,0.5,108.68
2021-07-15 10:00:00,36.0,0.48,113.65
2021-07-15 11:00:00,35.0,0.45,106.93
2021-07-15 12:00:00,33.0,0.45,164.3
2021-07-15 13:00:00,29.0,0.38,314.5
2021-07-15 14:00:00,24.0,0.43,262.05
2021-07-15 15:00:00,47.0,0.4,6.75
2021-07-15 16:00:00,46.0,0.45,175.875
2021-07-15 17:00:00,22.0,0.5,345.0
2021-07-15 18:00:00,42.0,0.48,260.1
2021-07-15 19:00:00,58.5,0.4,351.22
2021-07-15 20:00:00,64.0,0.48,96.98
2021-07-15 21:00:00,58.0,0.48,99.6
2021-07-15 22:00:00,62.25,0.5,32.7
2021-07-15 23:00:00,75.0,0.48,40.67
2021-07-16 00:00:00,69.5,0.45,45.88
2021-07-16 01:00:00,64.0,0.48,70.45
2021-07-16 02:00:00,63.25,0.45,82.3
2021-07-16 03:00:00,56.75,0.48,75.75
2021-07-16 04:00:00,43.5,0.43,39.1
2021-07-16 05:00:00,43.5,0.45,55.95
2021-07-16 06:00:00,52.5,0.45,63.53
2021-07-16 07:00:00,62.0,0.43,91.55
2021-07-16 08:00:00,47.0,0.4,100.58
2021-07-16 09:00:00,38.0,0.43,102.45
2021-07-16 10:00:00,35.0,0.45,104.15
2021-07-16 11:00:00,44.75,0.42,71.3
2021-07-16 12:00:00,42.0,0.38,69.93
2021-07-16 13:00:00,49.25,0.48,33.52
2021-07-16 14:00:00,58.5,0.43,37.53
2021-07-16 15:00:00,47.5,0.38,33.42
2021-07-16 16:00:00,45.0,0.45,105.52
2021-07-16 17:00:00,40.5,0.5,22.9
2021-07-16 18:00:00,39.0,0.48,182.3
2021-07-16 19:00:00,49.25,0.52,17.75
2021-07-16 20:00:00,53.5,0.5,34.83
2021-07-16 21:00:00,58.5,0.5,44.45
2021-07-16 22:00:00,65.75,0.5,41.48
2021-07-16 23:00:00,56.0,0.48,85.08
2021-07-17 00:00:00,40.0,0.5,58.8
2021-07-17 01:00:00,40.0,0.49142857142857144,66.85571428571428
2021-07-17 02:00:00,42.2,0.4828571428571429,74.91142857142857
2021-07-17 03:00:00,44.4,0.4742857142857143,82.96714285714285
2021-07-17 04:00:00,46.6,,
2021-07-17 05:00:00,,,
2021-07-17 06:00:00,,,
2021-07-17 07:00:00,,,
2021-07-17 08:00:00,,,
2021-07-17 09:00:00,,,
2021-07-17 10:00:00,,,
2021-07-17 11:00:00,62.0,,
2021-07-17 12:00:00,62.0,,
2021-07-17 13:00:00,62.0,,
2021-07-17 14:00:00,62.0,0.38,171.58
2021-07-17 15:00:00,64.0,0.32,291.62
2021-07-17 16:00:00,70.25,0.43,263.1
2021-07-17 17:00:00,86.5,0.55,5.75
2021-07-17 18:00:00,81.75,0.5,22.42
2021-07-17 19:00:00,94.5,0.5,41.78
2021-07-17 20:00:00,110.5,0.45,63.53
2021-07-17 21:00:00,98.0,0.38,144.22
2021-07-17 22:00:00,34.75,0.43,149.43
2021-07-17 23:00:00,25.0,0.43,183.15
2021-07-18 00:00:00,24.75,0.48,178.38
2021-07-18 01:00:00,24.25,0.52,146.5
2021-07-18 02:00:00,23.75,0.6,186.48
2021-07-18 03:00:00,20.75,0.62,158.52
2021-07-18 04:00:00,21.75,0.8,167.58
2021-07-18 05:00:00,18.25,0.57,146.77
2021-07-18 06:00:00,21.25,0.48,135.45
2021-07-18 07:00:00,28.25,0.48,105.68
2021-07-18 08:00:00,32.25,0.48,140.32
2021-07-18 09:00:00,47.25,0.4,119.72
2021-07-18 10:00:00,61.25,0.38,188.12
2021-07-18 11:00:00,56.5,0.45,112.78
2021-07-18 12:00:00,57.25,0.43,73.45
2021-07-18 13:00:00,56.75,0.45,42.42
2021-07-18 14:00:00,63.5,0.45,111.35
2021-07-18 15:00:00,68.0,0.5,44.85
2021-07-18 16:00:00,65.75,0.43,74.97
2021-07-18 17:00:00,55.75,0.48,129.95
2021-07-18 18:00:00,40.25,0.48,174.0
2021-07-18 19:00:00,24.75,0.48,147.18
2021-07-18 20:00:00,32.5,0.48,169.05
2021-07-18 21:00:00,38.25,0.52,187.85
2021-07-18 22:00:00,30.5,0.5,125.85
2021-07-18 23:00:00,27.0,0.52,116.68
2021-07-19 00:00:00,39.0,0.52,124.82
2021-07-19 01:00:00,35.0,0.52,127.48
2021-07-19 02:00:00,26.75,0.5,135.05
2021-07-19 03:00:00,34.0,0.55,127.52
2021-07-19 04:00:00,19.75,0.52,135.45
2021-07-19 05:00:00,11.5,0.52,139.12
2021-07-19 06:00:00,9.5,0.43,146.55
2021-07-19 07:00:00,15.5,0.45,186.9
2021-07-19 08:00:00,10.0,0.73,201.82
2021-07-19 09:00:00,6.5,0.52,205.77
2021-07-19 10:00:00,5.5,0.57,201.88
2021-07-19 11:00:00,6.5,0.5,209.02
2021-07-19 12:00:00,5.25,0.6,211.7
2021-07-19 13:00:00,8.5,0.72,205.08
2021-07-19 14:00:00,16.25,0.7,202.68
2021-07-19 15:00:00,15.75,0.5,170.5
2021-07-19 16:00:00,11.0,0.62,189.08
2021-07-19 17:00:00,9.5,0.62,219.7
2021-07-19 18:00:00,21.0,0.48,194.6
2021-07-19 19:00:00,42.5,0.48,90.35
2021-07-19 20:00:00,48.25,0.52,19.12
2021-07-19 21:00:00,60.0,0.5,31.55
2021-07-19 22:00:00,55.75,0.62,16.95
2021-07-19 23:00:00,51.5,0.92,16.8
2021-07-20 00:00:00,51.25,0.57,16.7
2021-07-20 01:00:00,51.0,0.92,16.73
2021-07-20 02:00:00,40.25,0.82,16.8
2021-07-20 03:00:00,51.75,0.55,16.9
2021-07-20 04:00:00,68.0,0.75,16.9
2021-07-20 05:00:00,50.5,0.62,101.85
2021-07-20 06:00:00,71.25,0.6,8.35
2021-07-20 07:00:00,96.75,0.52,24.9
2021-07-20 08:00:00,82.25,0.55,39.15
2021-07-20 09:00:00,86.0,0.6,6.7
2021-07-20 10:00:00,112.0,0.52,120.78
2021-07-20 11:00:00,68.0,0.52,51.08
2021-07-20 12:00:00,40.0,0.5,20.33
2021-07-20 13:00:00,24.0,0.4,310.23
2021-07-20 14:00:00,19.0,0.35,164.12
2021-07-20 15:00:00,21.0,0.38,237.5
2021-07-20 16:00:00,27.0,0.45,250.52
2021-07-20 17:00:00,28.0,0.5,291.73
2021-07-20 18:00:00,26.5,0.4,162.5
2021-07-20 19:00:00,13.25,0.6,49.15
2021-07-20 20:00:00,22.0,0.57,174.8
2021-07-20 21:00:00,36.25,0.6466666666666666,122.35
2021-07-20 22:00:00,7.25,0.7233333333333334,69.89999999999999
2021-07-20 23:00:00,15.75,0.8,17.45
2021-07-21 00:00:00,37.5,0.45,16.3
2021-07-21 01:00:00,31.5,0.58,225.28
2021-07-21 02:00:00,28.0,0.4,208.4
2021-07-21 03:00:00,34.75,0.55,124.88
2021-07-21 04:00:00,46.25,0.5,12.65
2021-07-21 05:00:00,47.75,0.4,15.88
2021-07-21 06:00:00,50.0,0.48,26.88
2021-07-21 07:00:00,57.0,0.85,8.95
2021-07-21 08:00:00,64.0,0.76,61.726
2021-07-21 09:00:00,59.25,0.6699999999999999,114.502
2021-07-21 10:00:00,45.0,0.58,167.27799999999996
2021-07-21 11:00:00,45.5,,
2021-07-21 12:00:00,46.0,0.4,272.83
2021-07-21 13:00:00,45.0,0.4,275.65
2021-07-21 14:00:00,94.0,0.38333333333333336,237.67499999999998
2021-07-21 15:00:00,80.0,0.3666666666666667,199.7
2021-07-21 16:00:00,66.0,0.35,161.725
2021-07-21 17:00:00,52.0,,
2021-07-21 18:00:00,,,
2021-07-21 19:00:00,24.0,0.3,47.8
2021-07-21 20:00:00,23.5625,0.3142857142857143,45.59285714285714
2021-07-21 21:00:00,23.125,0.32857142857142857,43.385714285714286
2021-07-21 22:00:00,22.6875,0.34285714285714286,41.17857142857143
2021-07-21 23:00:00,,,
2021-07-22 00:00:00,,,
2021-07-22 01:00:00,,,
2021-07-22 02:00:00,,,
2021-07-22 03:00:00,,,
2021-07-22 04:00:00,,,
2021-07-22 05:00:00,,,
2021-07-22 06:00:00,,,
2021-07-22 07:00:00,,,
2021-07-22 08:00:00,,,
2021-07-22 09:00:00,,0.5,16.9
2021-07-22 10:00:00,,0.45,21.98
2021-07-22 11:00:00,17.0,0.43333333333333335,18.03666666666667
2021-07-22 12:00:00,17.0,0.4166666666666667,14.093333333333334
2021-07-22 13:00:00,17.0,0.4,10.15
2021-07-22 14:00:00,17.0,0.4,14.18
2021-07-22 15:00:00,16.25,0.45,96.22
2021-07-22 16:00:00,14.5,0.45,9.18
2021-07-22 17:00:00,17.75,0.45,118.18
2021-07-22 18:00:00,24.75,0.45,56.75
2021-07-22 19:00:00,29.25,0.43,82.25
2021-07-22 20:00:00,28.5,0.45,63.9
2021-07-22 21:00:00,32.25,0.42,125.43
2021-07-22 22:00:00,29.5,0.48,45.08
2021-07-22 23:00:00,30.0,0.4,63.1
2021-07-23 00:00:00,37.5,0.5,83.2
2021-07-23 01:00:00,42.0,0.48,82.45
2021-07-23 02:00:00,39.0,0.48,77.75
2021-07-23 03:00:00,39.0,0.45,85.28
2021-07-23 04:00:00,41.0,0.45,75.98
2021-07-23 05:00:00,41.0,0.52,75.92
2021-07-23 06:00:00,28.0,0.48,75.15
2021-07-23 07:00:00,29.5,0.45,77.7
2021-07-23 08:00:00,34.0,0.52,111.93
2021-07-23 09:00:00,53.0,0.43,85.98
2021-07-23 10:00:00,47.5,0.48,105.62
2021-07-23 11:00:00,30.25,0.4,91.38
2021-07-23 12:00:00,29.75,0.4,119.82
2021-07-23 13:00:00,33.75,0.35,105.72
2021-07-23 14:00:00,31.25,0.4,106.45
2021-07-23 15:00:00,36.25,0.45,85.5
2021-07-23 16:00:00,37.75,0.5,103.82
2021-07-23 17:00:00,30.75,0.45,55.85
2021-07-23 18:00:00,30.25,0.48,36.95
2021-07-23 19:00:00,33.5,0.55,51.05
2021-07-23 20:00:00,45.25,0.52,62.03
2021-07-23 21:00:00,60.75,0.62,54.25
2021-07-23 22:00:00,65.75,0.85,22.9
2021-07-23 23:00:00,56.0,0.45,23.12
2021-07-24 00:00:00,75.0,0.43,13.3
2021-07-24 01:00:00,77.75,0.5,25.55
2021-07-24 02:00:00,74.25,0.57,33.48
2021-07-24 03:00:00,38.25,0.57,55.02
2021-07-24 04:00:00,34.75,0.45,26.65
2021-07-24 05:00:00,31.0,0.52,33.58
2021-07-24 06:00:00,28.857142857142858,0.4,108.25
2021-07-24 07:00:00,26.714285714285715,0.6,86.62
2021-07-24 08:00:00,24.57142857142857,0.5,117.75
2021-07-24 09:00:00,,0.45,115.28
2021-07-24 10:00:00,,0.43,88.65
2021-07-24 11:00:00,,0.42,121.32
2021-07-24 12:00:00,16.0,0.45,168.12
2021-07-24 13:00:00,16.75,0.48,126.6
2021-07-24 14:00:00,20.5,0.45,82.28
2021-07-24 15:00:00,30.75,0.55,84.68
2021-07-24 16:00:00,42.0,0.5,163.52
2021-07-24 17:00:00,22.25,0.52,174.68
2021-07-24 18:00:00,22.25,0.55,274.55
2021-07-24 19:00:00,45.25,0.45,160.25
2021-07-24 20:00:00,67.0,0.5,34.95
2021-07-24 21:00:00,41.0,0.55,28.95
2021-07-24 22:00:00,38.0,0.38,7.28
2021-07-24 23:00:00,29.0,0.32,8.65
2021-07-25 00:00:00,40.0,0.68,8.4
2021-07-25 01:00:00,40.0,0.42,10.9
2021-07-25 02:00:00,57.0,0.45,52.23
2021-07-25 03:00:00,74.0,0.85,77.4
2021-07-25 04:00:00,75.0,0.6,43.5
2021-07-25 05:00:00,75.0,0.57,53.4
2021-07-25 06:00:00,66.0,0.6,39.55
2021-07-25 07:00:00,44.0,0.5,84.05
2021-07-25 08:00:00,35.0,0.4875,92.74249999999999
2021-07-25 09:00:00,30.0,0.475,101.435
2021-07-25 10:00:00,24.333333333333332,0.4625,110.1275
2021-07-25 11:00:00,18.666666666666664,0.45,118.82
2021-07-25 12:00:00,13.0,0.45,123.02
2021-07-25 13:00:00,14.0,0.38,112.1
2021-07-25 14:00:00,16.0,0.48,122.32
2021-07-25 15:00:00,14.5,0.4,112.82
2021-07-25 16:00:00,17.75,0.48,108.8
2021-07-25 17:00:00,14.75,0.52,65.4
2021-07-25 18:00:00,19.0,0.48,25.6
2021-07-25 19:00:00,26.25,0.52,39.85
2021-07-25 20:00:00,32.5,0.5,40.55
2021-07-25 21:00:00,37.75,0.52,37.9
2021-07-25 22:00:00,30.0,0.55,31.9
2021-07-25 23:00:00,27.75,0.5,64.0
2021-07-26 00:00:00,30.0,0.48,88.88
2021-07-26 01:00:00,16.0,0.5,89.22
2021-07-26 02:00:00,16.0,0.48,102.68
2021-07-26 03:00:00,574.0,0.5,99.08
2021-07-26 04:00:00,574.0,0.5,98.98
2021-07-26 05:00:00,393.66666666666663,0.52,98.28
2021-07-26 06:00:00,213.33333333333331,0.55,107.9
2021-07-26 07:00:00,33.0,0.5,108.02
2021-07-26 08:00:00,41.25,0.55,138.78
2021-07-26 09:00:00,55.0,0.52,173.0
2021-07-26 10:00:00,22.0,0.57,161.22
2021-07-26 11:00:00,47.0,0.5,126.35
2021-07-26 12:00:00,52.25,0.52,14.25
2021-07-26 13:00:00,74.5,0.5,109.22
2021-07-26 14:00:00,99.75,0.52,102.9
2021-07-26 15:00:00,117.0,0.5,102.58
2021-07-26 16:00:00,72.0,0.5,32.98
2021-07-26 17:00:00,72.5,0.55,37.05
2021-07-26 18:00:00,76.5,0.52,52.08
2021-07-26 19:00:00,81.5,0.6,69.53
2021-07-26 20:00:00,78.5,0.52,58.05
2021-07-26 21:00:00,91.75,0.6,33.35
2021-07-26 22:00:00,91.0,0.5928571428571429,48.49071428571429
2021-07-26 23:00:00,88.0,0.5857142857142857,63.63142857142857
2021-07-27 00:00:00,85.0,0.5785714285714285,78.77214285714285
2021-07-27 01:00:00,82.0,,
2021-07-27 02:00:00,,,
2021-07-27 03:00:00,,,
2021-07-27 04:00:00,,,
2021-07-27 05:00:00,,,
2021-07-27 06:00:00,,,
2021-07-27 07:00:00,,,
2021-07-27 08:00:00,,,
2021-07-27 09:00:00,,,
2021-07-27 10:00:00,,,
2021-07-27 11:00:00,52.0,0.5,245.32
2021-07-27 12:00:00,50.25,0.52,240.42
2021-07-27 13:00:00,44.0,0.57,249.35
2021-07-27 14:00:00,41.75,0.55,256.35
2021-07-27 15:00:00,42.5,0.6,241.98
2021-07-27 16:00:00,36.25,0.55,227.42
2021-07-27 17:00:00,32.25,0.52,223.68
2021-07-27 18:00:00,36.0,0.48,215.95
2021-07-27 19:00:00,33.0,0.57,213.05
2021-07-27 20:00:00,34.0,0.73,211.68
2021-07-27 21:00:00,48.0,0.6,200.45
2021-07-27 22:00:00,39.0,0.57,228.82
2021-07-27 23:00:00,51.25,0.48,240.48
2021-07-28 00:00:00,67.0,0.52,205.08
2021-07-28 01:00:00,36.0,0.48,217.38
2021-07-28 02:00:00,421.0,0.3,209.12
2021-07-28 03:00:00,230.5,0.55,210.65
2021-07-28 04:00:00,40.0,0.6,182.32
2021-07-28 05:00:00,25.0,0.5,170.68
2021-07-28 06:00:00,368.0,0.55,184.48
2021-07-28 07:00:00,20.0,0.57,165.3
2021-07-28 08:00:00,24.0,0.55,154.95
2021-07-28 09:00:00,29.0,0.57,190.25
2021-07-28 10:00:00,31.0,0.5,274.65
2021-07-28 11:00:00,22.5,0.5,294.15
2021-07-28 12:00:00,14.0,0.52,274.5
2021-07-28 13:00:00,8.0,0.52,255.88
2021-07-28 14:00:00,17.5,0.52,250.62
2021-07-28 15:00:00,27.0,0.57,239.58
2021-07-28 16:00:00,47.75,0.52,244.42
2021-07-28 17:00:00,42.0,0.57,270.2
2021-07-28 18:00:00,39.25,0.57,243.32
2021-07-28 19:00:00,31.0,0.52,225.42
2021-07-28 20:00:00,34.0,0.52,223.0
2021-07-28 21:00:00,40.0,0.55,214.78
2021-07-28 22:00:00,40.0,0.55,215.92
2021-07-28 23:00:00,45.0,0.75,212.4
2021-07-29 00:00:00,39.0,1.02,212.42
2021-07-29 01:00:00,33.0,0.72,212.55
2021-07-29 02:00:00,34.0,0.32,212.8
2021-07-29 03:00:00,38.0,0.55,212.48
2021-07-29 04:00:00,34.0,0.52,208.55
2021-07-29 05:00:00,23.0,0.52,176.05
2021-07-29 06:00:00,24.0,0.75,138.95
2021-07-29 07:00:00,20.0,0.57,181.95
2021-07-29 08:00:00,27.0,0.55,237.02
2021-07-29 09:00:00,45.0,0.57,243.62
2021-07-29 10:00:00,47.0,0.5,250.85
2021-07-29 11:00:00,45.0,0.43,276.3
2021-07-29 12:00:00,39.5,0.5,268.55
2021-07-29 13:00:00,38.0,0.5,272.85
2021-07-29 14:00:00,38.0,0.55,252.78
2021-07-29 15:00:00,36.0,0.5,238.02
2021-07-29 16:00:00,44.0,0.52,227.58
2021-07-29 17:00:00,30.0,0.6,168.05
2021-07-29 18:00:00,17.75,0.52,107.25
2021-07-29 19:00:00,26.75,0.45,31.95
2021-07-29 20:00:00,21.0,0.6,49.82
2021-07-29 21:00:00,24.0,0.4,81.65
2021-07-29 22:00:00,24.0,0.57,57.82
2021-07-29 23:00:00,20.0,0.5,17.62
2021-07-30 00:00:00,24.0,0.5,54.98
2021-07-30 01:00:00,28.0,0.65,39.83
2021-07-30 02:00:00,32.0,0.62,51.98
2021-07-30 03:00:00,,0.52,27.72
2021-07-30 04:00:00,40.0,0.62,6.92
2021-07-30 05:00:00,45.0,0.57,24.38
2021-07-30 06:00:00,53.0,0.57,25.3
2021-07-30 07:00:00,42.0,0.55,25.6
2021-07-30 08:00:00,44.0,0.5,36.4
2021-07-30 09:00:00,58.0,0.52,99.98
2021-07-30 10:00:00,52.0,0.48,185.2
2021-07-30 11:00:00,42.0,0.42,192.88
2021-07-30 12:00:00,38.0,0.38,249.55
2021-07-30 13:00:00,28.5,0.48,100.28
2021-07-30 14:00:00,25.25,0.32,76.72
2021-07-30 15:00:00,26.75,0.52,107.6
2021-07-30 16:00:00,18.0,0.62,251.35
2021-07-30 17:00:00,13.25,0.45,235.32
2021-07-30 18:00:00,17.75,0.57,208.8
2021-07-30 19:00:00,25.0,0.62,219.77
2021-07-30 20:00:00,43.0,0.62,266.12
2021-07-30 21:00:00,52.0,0.57,273.62
2021-07-30 22:00:00,67.0,0.5,301.92
2021-07-30 23:00:00,63.0,0.48,258.12
2021-07-31 00:00:00,44.0,0.43,190.45
2021-07-31 01:00:00,23.5,0.52,103.75
2021-07-31 02:00:00,25.0,0.5,29.42
2021-07-31 03:00:00,25.0,0.55,39.35
2021-07-31 04:00:00,26.5,0.48,50.55
2021-07-31 05:00:00,29.0,0.4,70.05
2021-07-31 06:00:00,24.0,0.5,71.2
2021-07-31 07:00:00,31.25,0.5,71.27
2021-07-31 08:00:00,42.5,0.45,71.18
2021-07-31 09:00:00,36.25,0.43,68.45
2021-07-31 10:00:00,30.25,0.45,68.65
2021-07-31 11:00:00,24.0,0.43,80.08
2021-07-31 12:00:00,14.75,0.4,74.65
2021-07-31 13:00:00,21.5,0.45,71.45
2021-07-31 14:00:00,17.0,0.45,76.88
2021-07-31 15:00:00,16.75,0.4,91.92
2021-07-31 16:00:00,15.5,0.52,48.45
2021-07-31 17:00:00,14.5,0.52,29.55
2021-07-31 18:00:00,19.5,0.5,183.1
2021-07-31 19:00:00,28.0,0.52,15.52
2021-07-31 20:00:00,24.25,0.4,11.12
2021-07-31 21:00:00,37.25,0.72,31.05
2021-07-31 22:00:00,57.5,0.5,35.7
2021-07-31 23:00:00,62.25,0.3,35.7
2021-08-01 00:00:00,63.0,0.52,35.7
2021-08-01 01:00:00,73.0,0.57,35.7
2021-08-01 02:00:00,83.0,0.62,35.7
2021-08-01 03:00:00,76.25,0.38,35.68
2021-08-01 04:00:00,53.5,0.32,179.52
2021-08-01 05:00:00,36.5,0.5,210.9
2021-08-01 06:00:00,7.25,0.48,164.6
2021-08-01 07:00:00,5.0,0.38,190.38
2021-08-01 08:00:00,5.75,1.1,3.38
2021-08-01 09:00:00,10.25,0.45,4.68
2021-08-01 10:00:00,17.0,0.6,45.98
2021-08-01 11:00:00,39.0,0.6,198.68
2021-08-01 12:00:00,34.0,0.57,198.95
2021-08-01 13:00:00,21.5,0.55,225.48
2021-08-01 14:00:00,37.25,0.52,284.92
2021-08-01 15:00:00,65.25,0.57,260.02
2021-08-01 16:00:00,69.5,0.55,262.23
2021-08-01 17:00:00,54.5,0.6,296.15
2021-08-01 18:00:00,67.25,0.57,1.17
2021-08-01 19:00:00,92.0,1.02,74.07
2021-08-01 20:00:00,80.0,0.82,79.22
2021-08-01 21:00:00,80.0,0.3,84.3
2021-08-01 22:00:00,80.0,0.62,92.22
2021-08-01 23:00:00,80.0,0.7,71.75
2021-08-02 00:00:00,79.5,1.17,10.52
2021-08-02 01:00:00,80.5,1.2,10.6
2021-08-02 02:00:00,88.75,1.2,10.6
2021-08-02 03:00:00,89.75,1.08,10.77
2021-08-02 04:00:00,86.0,0.43,10.92
2021-08-02 05:00:00,84.5,0.3,11.0
2021-08-02 06:00:00,68.75,0.75,11.1
2021-08-02 07:00:00,32.5,0.75,11.08
2021-08-02 08:00:00,31.25,0.38,13.0
2021-08-02 09:00:00,50.0,0.57,21.8
2021-08-02 10:00:00,39.0,0.55,158.95
2021-08-02 11:00:00,35.25,0.38,348.08
2021-08-02 12:00:00,24.25,0.43,99.35
2021-08-02 13:00:00,26.25,0.5,185.82
2021-08-02 14:00:00,31.5,0.48,242.05
2021-08-02 15:00:00,33.0,0.5,42.62
2021-08-02 16:00:00,24.0,0.48,28.9
2021-08-02 17:00:00,24.5,0.48,98.3
2021-08-02 18:00:00,32.25,0.57,259.68
2021-08-02 19:00:00,44.0,0.5,254.18
2021-08-02 20:00:00,51.75,0.5,102.62
2021-08-02 21:00:00,53.75,0.48,94.0
2021-08-02 22:00:00,43.5,0.6,30.2
2021-08-02 23:00:00,42.75,0.55,27.72
2021-08-03 00:00:00,47.0,0.6,22.65
2021-08-03 01:00:00,49.5,0.57,22.17
2021-08-03 02:00:00,37.75,0.52,22.08
2021-08-03 03:00:00,33.0,0.57,47.45
2021-08-03 04:00:00,29.75,0.6,19.0
2021-08-03 05:00:00,28.0,0.5,20.5
2021-08-03 06:00:00,26.5,0.55,180.85
2021-08-03 07:00:00,33.75,0.52,17.75
2021-08-03 08:00:00,42.5,0.52,41.75
2021-08-03 09:00:00,43.25,0.43,42.95
2021-08-03 10:00:00,38.0,0.38,42.32
2021-08-03 11:00:00,25.75,0.5,42.32
2021-08-03 12:00:00,14.75,0.5,39.6
2021-08-03 13:00:00,11.25,0.48,32.9
2021-08-03 14:00:00,11.75,0.38,47.28
2021-08-03 15:00:00,11.25,0.38,62.22
2021-08-03 16:00:00,12.5,0.43,39.08
2021-08-03 17:00:00,13.75,0.45,59.58
2021-08-03 18:00:00,13.0,0.48,70.97
2021-08-03 19:00:00,22.0,0.52,86.05
2021-08-03 20:00:00,23.5,0.55,67.05
2021-08-03 21:00:00,27.0,0.55,39.5
2021-08-03 22:00:00,26.25,0.48,33.92
2021-08-03 23:00:00,32.5,0.55,33.12
2021-08-04 00:00:00,32.25,0.52,27.8
2021-08-04 01:00:00,40.25,0.52,16.18
2021-08-04 02:00:00,48.0,0.57,31.38
2021-08-04 03:00:00,30.75,0.55,28.95
2021-08-04 04:00:00,25.25,0.5,42.08
2021-08-04 05:00:00,27.5,0.52,68.05
2021-08-04 06:00:00,20.0,0.45,64.43
2021-08-04 07:00:00,13.75,0.4,57.95
2021-08-04 08:00:00,22.0,0.48,53.1
2021-08-04 09:00:00,20.5,0.45,53.4
2021-08-04 10:00:00,16.0,0.4,47.92
2021-08-04 11:00:00,24.0,0.48,36.45
2021-08-04 12:00:00,20.5,0.43,52.15
2021-08-04 13:00:00,15.25,0.43,70.93
2021-08-04 14:00:00,14.0,0.42,43.85
2021-08-04 15:00:00,17.25,0.48,84.75
2021-08-04 16:00:00,20.25,0.43,91.85
2021-08-04 17:00:00,27.75,0.48,69.05
2021-08-04 18:00:00,29.25,0.45,118.22
2021-08-04 19:00:00,32.25,0.52,41.92
2021-08-04 20:00:00,47.5,0.57,41.5
2021-08-04 21:00:00,47.0,0.35,60.55
2021-08-04 22:00:00,50.0,0.6,49.92
2021-08-04 23:00:00,57.0,0.52,49.85
2021-08-05 00:00:00,51.0,0.3,69.08
2021-08-05 01:00:00,67.0,0.65,18.48
2021-08-05 02:00:00,74.0,0.5,17.75
2021-08-05 03:00:00,74.0,0.5,20.4
2021-08-05 04:00:00,64.0,0.55,36.0
2021-08-05 05:00:00,55.0,0.5,84.92
2021-08-05 06:00:00,68.0,0.57,84.55
2021-08-05 07:00:00,69.0,0.6,64.25
2021-08-05 08:00:00,42.5,0.48,94.72
2021-08-05 09:00:00,35.0,0.43,64.28
2021-08-05 10:00:00,45.0,0.5,63.95
2021-08-05 11:00:00,45.0,0.5,26.48
2021-08-05 12:00:00,29.0,0.4,172.6
2021-08-05 13:00:00,19.0,0.38,89.68
2021-08-05 14:00:00,27.0,0.38,44.18
2021-08-05 15:00:00,22.0,0.35,239.28
2021-08-05 16:00:00,19.0,0.4,347.45
2021-08-05 17:00:00,25.25,0.45,346.5
2021-08-05 18:00:00,29.0,0.52,260.77
2021-08-05 19:00:00,38.75,0.5,336.2
2021-08-05 20:00:00,47.0,0.45,338.3
2021-08-05 21:00:00,55.75,0.45,169.68
2021-08-05 22:00:00,57.0,0.52,83.8
2021-08-05 23:00:00,63.0,0.57,175.28
2021-08-06 00:00:00,84.0,0.52,10.95
2021-08-06 01:00:00,45.0,0.52,95.1
2021-08-06 02:00:00,55.0,0.52,28.45
2021-08-06 03:00:00,59.0,0.75,72.18
2021-08-06 04:00:00,68.0,0.65,29.45
2021-08-06 05:00:00,77.0,0.72,13.38
2021-08-06 06:00:00,78.33333333333333,0.5,172.85
2021-08-06 07:00:00,79.66666666666667,0.57,26.02
2021-08-06 08:00:00,81.0,0.55,33.45
2021-08-06 09:00:00,76.66666666666667,0.4,62.12
2021-08-06 10:00:00,72.33333333333333,0.42,57.4
2021-08-06 11:00:00,68.0,0.45,156.65
2021-08-06 12:00:00,57.0,0.38,161.45
2021-08-06 13:00:00,31.0,0.3,166.05
2021-08-06 14:00:00,25.0,0.43,33.28
2021-08-06 15:00:00,34.0,0.45,35.02
2021-08-06 16:00:00,35.0,0.5,23.85
2021-08-06 17:00:00,40.0,0.5,32.33
2021-08-06 18:00:00,35.0,0.5,38.55
2021-08-06 19:00:00,24.0,0.5,41.28
2021-08-06 20:00:00,22.0,0.57,34.47
2021-08-06 21:00:00,31.0,0.5,100.5
2021-08-06 22:00:00,34.0,0.78,129.93
2021-08-06 23:00:00,36.0,0.52,117.0
2021-08-07 00:00:00,36.0,0.57,47.62
2021-08-07 01:00:00,56.0,0.55,32.62
2021-08-07 02:00:00,72.0,0.38,43.72
2021-08-07 03:00:00,51.0,0.48,41.3
2021-08-07 04:00:00,56.0,0.65,29.6
2021-08-07 05:00:00,45.0,0.52,21.65
2021-08-07 06:00:00,58.0,0.57,34.15
2021-08-07 07:00:00,41.0,0.55,31.8
2021-08-07 08:00:00,73.0,0.42,104.52
2021-08-07 09:00:00,77.0,0.48,98.78
2021-08-07 10:00:00,68.0,0.72,106.05
2021-08-07 11:00:00,77.0,0.38,137.12
2021-08-07 12:00:00,40.0,0.7,143.68
2021-08-07 13:00:00,14.0,0.52,304.72
2021-08-07 14:00:00,62.0,0.45,263.27
2021-08-07 15:00:00,44.0,0.57,163.33
2021-08-07 16:00:00,48.75,0.55,21.92
2021-08-07 17:00:00,59.75,0.28,217.42
2021-08-07 18:00:00,65.75,0.6,80.55
2021-08-07 19:00:00,58.5,1.1,113.12
2021-08-07 20:00:00,63.5,0.35,83.95
2021-08-07 21:00:00,85.25,0.68,74.38
2021-08-07 22:00:00,87.75,0.57,26.75
2021-08-07 23:00:00,69.5,0.45,15.5
2021-08-08 00:00:00,53.0,0.57,14.08
2021-08-08 01:00:00,55.0,0.62,93.9
2021-08-08 02:00:00,57.0,0.6,98.85
2021-08-08 03:00:00,56.75,0.7,43.95
2021-08-08 04:00:00,56.0,0.52,23.18
2021-08-08 05:00:00,55.0,0.52,31.22
2021-08-08 06:00:00,58.25,0.65,36.7
2021-08-08 07:00:00,73.25,0.5,23.9
2021-08-08 08:00:00,89.0,0.5,164.55
2021-08-08 09:00:00,90.66666666666667,0.6,188.15
2021-08-08 10:00:00,92.33333333333333,0.5,70.97
2021-08-08 11:00:00,94.0,0.5,111.38
2021-08-08 12:00:00,94.0,0.57,182.48
2021-08-08 13:00:00,62.0,0.55,215.82
2021-08-08 14:00:00,30.0,0.57,223.25
2021-08-08 15:00:00,34.5,0.62,246.8
2021-08-08 16:00:00,48.0,0.57,183.55
2021-08-08 17:00:00,55.0,0.9,167.0
2021-08-08 18:00:00,62.0,0.73,123.2
2021-08-08 19:00:00,69.0,0.5,63.62
2021-08-08 20:00:00,69.0,0.45,24.82
2021-08-08 21:00:00,74.0,0.5,33.0
2021-08-08 22:00:00,74.0,0.6,60.35
2021-08-08 23:00:00,61.0,0.5,63.32
2021-08-09 00:00:00,63.0,0.4,52.75
2021-08-09 01:00:00,69.0,0.62,73.3
2021-08-09 02:00:00,68.25,0.78,73.35
2021-08-09 03:00:00,67.5,0.42,73.3
2021-08-09 04:00:00,66.75,0.5,73.35
2021-08-09 05:00:00,66.0,0.6,33.67
2021-08-09 06:00:00,69.75,0.65,85.32
2021-08-09 07:00:00,81.0,0.62,314.9
2021-08-09 08:00:00,80.8,0.6,39.98
2021-08-09 09:00:00,80.6,0.52,192.75
2021-08-09 10:00:00,80.4,0.55,205.25
2021-08-09 11:00:00,,0.5,262.52
2021-08-09 12:00:00,80.0,0.43,310.65
2021-08-09 13:00:00,80.0,0.43,335.18
2021-08-09 14:00:00,57.75,0.42,118.85
2021-08-09 15:00:00,44.75,0.48,58.28
2021-08-09 16:00:00,36.75,0.48,63.58
2021-08-09 17:00:00,43.5,0.4,76.62
2021-08-09 18:00:00,44.5,0.48,125.08
2021-08-09 19:00:00,37.0,0.52,106.52
2021-08-09 20:00:00,43.0,0.43,132.65
2021-08-09 21:00:00,36.75,0.43,145.55
2021-08-09 22:00:00,42.0,0.6,164.3
2021-08-09 23:00:00,33.25,0.65,155.43
2021-08-10 00:00:00,35.75,0.62,168.2
2021-08-10 01:00:00,41.75,0.57,179.88
2021-08-10 02:00:00,45.0,0.7,176.8
2021-08-10 03:00:00,47.25,0.43,190.78
2021-08-10 04:00:00,43.25,0.6,189.7
2021-08-10 05:00:00,33.5,0.55,181.85
2021-08-10 06:00:00,21.25,0.52,200.52
2021-08-10 07:00:00,25.75,0.6,212.27
2021-08-10 08:00:00,28.5,0.55,211.9
2021-08-10 09:00:00,30.0,0.55,233.25
2021-08-10 10:00:00,30.5,0.55,233.18
2021-08-10 11:00:00,31.0,0.55,239.8
2021-08-10 12:00:00,32.0,0.52,240.75
2021-08-10 13:00:00,34.0,0.57,237.08
2021-08-10 14:00:00,31.75,0.55,248.85
2021-08-10 15:00:00,34.0,0.55,257.12
2021-08-10 16:00:00,35.0,0.52,262.68
2021-08-10 17:00:00,37.0,0.55,261.02
2021-08-10 18:00:00,34.5,0.57,255.9
2021-08-10 19:00:00,38.5,0.57,243.15
2021-08-10 20:00:00,48.5,0.45,250.55
2021-08-10 21:00:00,55.25,0.42,251.2
2021-08-10 22:00:00,51.5,0.6,251.27
2021-08-10 23:00:00,44.75,0.6,197.42
2021-08-11 00:00:00,35.75,0.57,229.73
2021-08-11 01:00:00,28.5,0.6,238.0
2021-08-11 02:00:00,25.25,0.55,227.32
2021-08-11 03:00:00,20.5,0.57,227.35
2021-08-11 04:00:00,21.0,0.52,227.2
2021-08-11 05:00:00,16.75,0.57,231.58
2021-08-11 06:00:00,15.5,0.57,231.9
2021-08-11 07:00:00,22.75,0.6,223.48
2021-08-11 08:00:00,21.5,0.55,233.12
2021-08-11 09:00:00,22.25,0.57,232.12
2021-08-11 10:00:00,29.5,0.52,234.7
2021-08-11 11:00:00,31.75,0.6,239.8
2021-08-11 12:00:00,33.0,0.6,236.92
2021-08-11 13:00:00,28.25,0.57,234.95
2021-08-11 14:00:00,26.0,0.57,239.15
2021-08-11 15:00:00,34.5,0.57,241.77
2021-08-11 16:00:00,33.75,0.55,241.18
2021-08-11 17:00:00,34.0,0.55,233.15
2021-08-11 18:00:00,29.5,0.6,225.7
2021-08-11 19:00:00,31.5,0.6,226.08888888888887
2021-08-11 20:00:00,24.0,0.6,226.47777777777776
2021-08-11 21:00:00,24.2,0.6,226.86666666666665
2021-08-11 22:00:00,24.4,,
2021-08-11 23:00:00,24.6,,
2021-08-12 00:00:00,,,
2021-08-12 01:00:00,,,
2021-08-12 02:00:00,,,
2021-08-12 03:00:00,,,
2021-08-12 04:00:00,,,
2021-08-12 05:00:00,,,
2021-08-12 06:00:00,,,
2021-08-12 07:00:00,,,
2021-08-12 08:00:00,,,
2021-08-12 09:00:00,,,
2021-08-12 10:00:00,,,
2021-08-12 11:00:00,27.0,,
2021-08-12 12:00:00,42.0,0.6,232.7
2021-08-12 13:00:00,31.0,0.52,243.73
2021-08-12 14:00:00,28.0,0.55,243.25
2021-08-12 15:00:00,34.0,0.57,239.42
2021-08-12 16:00:00,28.0,0.52,228.4
2021-08-12 17:00:00,30.0,0.55,246.05
2021-08-12 18:00:00,30.0,0.55,269.02
2021-08-12 19:00:00,30.0,0.57,264.18
2021-08-12 20:00:00,24.0,0.55,273.35
2021-08-12 21:00:00,31.0,0.7,268.12
2021-08-12 22:00:00,59.0,0.88,267.77
2021-08-12 23:00:00,81.0,0.43,235.4
2021-08-13 00:00:00,51.0,0.57,203.78
2021-08-13 01:00:00,20.0,0.55,209.27
2021-08-13 02:00:00,16.0,0.6,212.12
2021-08-13 03:00:00,18.0,0.55,211.7
2021-08-13 04:00:00,19.0,0.6,214.75
2021-08-13 05:00:00,18.0,0.52,231.3
2021-08-13 06:00:00,20.0,0.57,233.82
2021-08-13 07:00:00,19.0,0.6,231.48
2021-08-13 08:00:00,18.0,0.52,230.98
2021-08-13 09:00:00,25.0,0.5,232.15
2021-08-13 10:00:00,23.0,0.55,234.98
2021-08-13 11:00:00,29.0,0.57,248.25
2021-08-13 12:00:00,34.0,0.57,247.9
2021-08-13 13:00:00,29.0,0.52,247.92
2021-08-13 14:00:00,34.0,0.52,255.5
2021-08-13 15:00:00,24.0,0.52,241.88
2021-08-13 16:00:00,24.0,0.55,245.3
2021-08-13 17:00:00,25.0,0.55,245.05
2021-08-13 18:00:00,24.5,0.52,228.9
2021-08-13 19:00:00,23.0,0.6,227.38
2021-08-13 20:00:00,27.0,0.5,222.0
2021-08-13 21:00:00,65.25,0.7,153.65
2021-08-13 22:00:00,36.0,0.4,297.77
2021-08-13 23:00:00,30.0,0.5,245.52
2021-08-14 00:00:00,35.0,0.6,227.32
2021-08-14 01:00:00,24.0,0.55,227.35
2021-08-14 02:00:00,20.0,0.57,225.72
2021-08-14 03:00:00,16.0,0.6,230.52
2021-08-14 04:00:00,18.0,0.55,233.45
2021-08-14 05:00:00,22.0,0.57,232.12
2021-08-14 06:00:00,18.0,0.6,235.38
2021-08-14 07:00:00,19.0,0.57,230.15
2021-08-14 08:00:00,28.0,0.55,228.12
2021-08-14 09:00:00,28.0,0.52,224.85
2021-08-14 10:00:00,27.75,0.52,238.18
2021-08-14 11:00:00,36.0,0.5,237.85
2021-08-14 12:00:00,29.0,0.52,241.75
2021-08-14 13:00:00,30.75,0.52,233.4
2021-08-14 14:00:00,30.0,0.57,235.92
2021-08-14 15:00:00,27.0,0.576,245.5
2021-08-14 16:00:00,20.0,0.582,255.07999999999998
2021-08-14 17:00:00,30.5,0.588,264.65999999999997
2021-08-14 18:00:00,41.0,,
2021-08-14 19:00:00,41.75,0.6,283.82
2021-08-14 20:00:00,51.0,0.48,253.95
2021-08-14 21:00:00,70.5,0.55,99.32
2021-08-14 22:00:00,58.0,0.48,193.92
2021-08-14 23:00:00,35.0,0.7,313.0
2021-08-15 00:00:00,35.5,0.65,219.2
2021-08-15 01:00:00,32.0,0.57,226.55
2021-08-15 02:00:00,38.0,0.52,225.12
2021-08-15 03:00:00,20.0,0.55,206.82
2021-08-15 04:00:00,19.75,0.48,221.75
2021-08-15 05:00:00,21.0,0.57,225.68
2021-08-15 06:00:00,23.75,0.55,205.28
2021-08-15 07:00:00,16.0,0.52,223.35
2021-08-15 08:00:00,21.25,0.57,230.22
2021-08-15 09:00:00,21.25,0.52,237.23
2021-08-15 10:00:00,27.0,0.55,242.55
2021-08-15 11:00:00,24.0,0.5,255.62
2021-08-15 12:00:00,24.25,0.48,263.68
2021-08-15 13:00:00,25.5,0.52,257.05
2021-08-15 14:00:00,25.25,0.5,241.52
2021-08-15 15:00:00,20.0,0.55,263.25
2021-08-15 16:00:00,21.25,0.55,244.08
2021-08-15 17:00:00,23.5,0.55,256.27
2021-08-15 18:00:00,20.25,0.52,272.02
2021-08-15 19:00:00,24.25,0.55,268.12
2021-08-15 20:00:00,26.5,0.57,264.8
2021-08-15 21:00:00,30.75,0.6,252.32
2021-08-15 22:00:00,30.75,0.57,255.15
2021-08-15 23:00:00,31.75,0.5,257.32
2021-08-16 00:00:00,29.5,0.43,258.2
2021-08-16 01:00:00,32.5,0.65,248.38
2021-08-16 02:00:00,29.25,0.57,216.45
2021-08-16 03:00:00,33.75,0.6,229.12
2021-08-16 04:00:00,32.75,0.52,229.55
2021-08-16 05:00:00,22.75,0.52,228.1
2021-08-16 06:00:00,22.0,0.57,234.3
2021-08-16 07:00:00,22.25,0.57,245.3
2021-08-16 08:00:00,24.25,0.55,253.15
2021-08-16 09:00:00,28.0,0.52,250.45
2021-08-16 10:00:00,27.25,0.55,254.4
2021-08-16 11:00:00,26.25,0.55,253.5
2021-08-16 12:00:00,30.0,0.52,236.78
2021-08-16 13:00:00,30.0,0.5,252.8
2021-08-16 14:00:00,29.75,0.52,267.12
2021-08-16 15:00:00,29.0,0.52,260.6
2021-08-16 16:00:00,29.0,0.52,270.6
2021-08-16 17:00:00,33.0,0.52,273.0
2021-08-16 18:00:00,41.5,0.48,278.67
2021-08-16 19:00:00,32.75,0.52,272.32
2021-08-16 20:00:00,36.75,0.57,263.0
2021-08-16 21:00:00,33.25,0.55,217.45
2021-08-16 22:00:00,34.0,0.7,85.82
2021-08-16 23:00:00,47.0,0.62,3.4
2021-08-17 00:00:00,44.75,0.95,20.62
2021-08-17 01:00:00,37.0,0.48,162.05
2021-08-17 02:00:00,42.25,0.62,310.15
2021-08-17 03:00:00,69.75,0.5,310.3
2021-08-17 04:00:00,71.0,0.9,310.3
2021-08-17 05:00:00,47.0,0.32,310.45
2021-08-17 06:00:00,41.0,0.57,238.02
2021-08-17 07:00:00,50.75,0.55,217.38
2021-08-17 08:00:00,50.0,0.55,220.78
2021-08-17 09:00:00,42.75,0.5,248.4
2021-08-17 10:00:00,47.75,0.5,247.5
2021-08-17 11:00:00,45.75,0.45,271.23
2021-08-17 12:00:00,41.5,0.45,279.85
2021-08-17 13:00:00,41.25,0.48,280.15
2021-08-17 14:00:00,41.25,0.45,283.23
2021-08-17 15:00:00,38.25,0.45,280.12
2021-08-17 16:00:00,35.5,0.45,293.98
2021-08-17 17:00:00,33.75,0.5,276.95
2021-08-17 18:00:00,34.25,0.5,284.23
2021-08-17 19:00:00,38.25,0.5,286.4
2021-08-17 20:00:00,38.75,0.49666666666666665,284.71866666666665
2021-08-17 21:00:00,39.0,0.49333333333333335,283.0373333333333
2021-08-17 22:00:00,42.0,0.49,281.356
2021-08-17 23:00:00,44.18181818181818,,
2021-08-18 00:00:00,46.36363636363636,,
2021-08-18 01:00:00,48.54545454545455,,
2021-08-18 02:00:00,,,
2021-08-18 03:00:00,,,
2021-08-18 04:00:00,,,
2021-08-18 05:00:00,,,
2021-08-18 06:00:00,,,
2021-08-18 07:00:00,,,
2021-08-18 08:00:00,,,
2021-08-18 09:00:00,66.0,,
2021-08-18 10:00:00,66.0,0.45,261.18
2021-08-18 11:00:00,77.0,0.4,279.65
2021-08-18 12:00:00,70.0,0.5,259.35
2021-08-18 13:00:00,63.0,0.52,265.68
2021-08-18 14:00:00,51.0,0.48,296.33
2021-08-18 15:00:00,52.0,0.48,282.62
2021-08-18 16:00:00,46.0,0.48,288.42
2021-08-18 17:00:00,47.0,0.5,282.12
2021-08-18 18:00:00,44.0,0.5,281.02
2021-08-18 19:00:00,47.0,0.52,283.58
2021-08-18 20:00:00,58.0,0.52,280.38
2021-08-18 21:00:00,61.0,0.55,293.27
2021-08-18 22:00:00,59.0,0.4,298.8
2021-08-18 23:00:00,56.0,0.35,32.2
2021-08-19 00:00:00,53.0,0.48,21.6
2021-08-19 01:00:00,57.0,0.7,3.65
2021-08-19 02:00:00,55.0,0.6,4.12
2021-08-19 03:00:00,67.0,0.72,20.75
2021-08-19 04:00:00,71.14285714285714,0.5,13.7
2021-08-19 05:00:00,75.28571428571429,0.7,13.7
2021-08-19 06:00:00,79.42857142857143,0.72,25.38
2021-08-19 07:00:00,,0.45,41.92
2021-08-19 08:00:00,,0.55,44.12
2021-08-19 09:00:00,,0.38,258.02
2021-08-19 10:00:00,96.0,0.45,181.23
2021-08-19 11:00:00,90.5,0.38,166.38
2021-08-19 12:00:00,69.75,0.48,93.22
2021-08-19 13:00:00,57.5,0.48,232.1
2021-08-19 14:00:00,57.5,0.57,275.05
2021-08-19 15:00:00,59.0,0.45,285.92
2021-08-19 16:00:00,74.75,0.48,293.58
2021-08-19 17:00:00,68.0,0.48,103.55
2021-08-19 18:00:00,83.0,0.55,29.8
2021-08-19 19:00:00,69.0,0.48,44.58
2021-08-19 20:00:00,79.0,0.52,52.58
2021-08-19 21:00:00,67.0,0.5,66.25
2021-08-19 22:00:00,88.0,0.52,79.97
2021-08-19 23:00:00,63.0,0.52,121.1
2021-08-20 00:00:00,52.0,0.55,101.2
2021-08-20 01:00:00,56.0,0.52,124.95
2021-08-20 02:00:00,53.0,0.55,123.32
2021-08-20 03:00:00,48.0,0.48,116.92
2021-08-20 04:00:00,53.0,0.52,89.2
2021-08-20 05:00:00,47.0,0.5,89.1
2021-08-20 06:00:00,48.0,0.52,86.8
2021-08-20 07:00:00,46.0,0.48,99.85
2021-08-20 08:00:00,38.0,0.48,91.95
2021-08-20 09:00:00,30.0,0.45,74.23
2021-08-20 10:00:00,35.0,0.4,101.8
2021-08-20 11:00:00,40.0,0.45,19.2
2021-08-20 12:00:00,23.0,0.5,39.43
2021-08-20 13:00:00,20.5,0.5,36.05
2021-08-20 14:00:00,28.0,0.45,54.85
2021-08-20 15:00:00,6.0,0.52,56.65
2021-08-20 16:00:00,13.0,0.48,50.15
2021-08-20 17:00:00,18.0,0.5,35.6
2021-08-20 18:00:00,15.5,0.52,49.35
2021-08-20 19:00:00,11.0,0.55,106.45
2021-08-20 20:00:00,13.0,0.48,22.62
2021-08-20 21:00:00,19.0,0.5,19.25
2021-08-20 22:00:00,25.0,0.45,32.1
2021-08-20 23:00:00,25.0,0.45,12.38
2021-08-21 00:00:00,22.0,0.52,17.67
2021-08-21 01:00:00,25.0,0.57,30.2
2021-08-21 02:00:00,22.0,0.45,41.25
2021-08-21 03:00:00,14.0,0.52,42.9
2021-08-21 04:00:00,9.0,0.5,29.2
2021-08-21 05:00:00,11.0,0.5,12.7
2021-08-21 06:00:00,9.0,0.5,123.25
2021-08-21 07:00:00,16.0,0.32,94.28
2021-08-21 08:00:00,7.0,0.5,43.22
2021-08-21 09:00:00,31.0,0.55,46.05
2021-08-21 10:00:00,41.0,0.45,58.02
2021-08-21 11:00:00,41.0,0.45,48.6
2021-08-21 12:00:00,34.0,0.48,38.95
2021-08-21 13:00:00,29.0,0.43,70.55
2021-08-21 14:00:00,24.0,0.38,81.1
2021-08-21 15:00:00,22.0,0.4,68.72
2021-08-21 16:00:00,13.5,0.45,45.32
2021-08-21 17:00:00,17.75,0.6,32.45
2021-08-21 18:00:00,22.5,0.5,98.8
2021-08-21 19:00:00,36.0,0.62,46.6
2021-08-21 20:00:00,29.75,0.5,49.8
2021-08-21 21:00:00,37.0,0.52,39.22
2021-08-21 22:00:00,30.5,0.42,89.25
2021-08-21 23:00:00,18.5,0.57,79.78
2021-08-22 00:00:00,12.5,0.5,95.55
2021-08-22 01:00:00,9.5,0.5,98.7
2021-08-22 02:00:00,16.75,0.48,95.22
2021-08-22 03:00:00,25.0,0.5,86.1
2021-08-22 04:00:00,23.75,0.52,91.45
2021-08-22 05:00:00,22.25,0.52,81.55
2021-08-22 06:00:00,31.5,0.48,81.12
2021-08-22 07:00:00,39.75,0.55,93.28
2021-08-22 08:00:00,41.25,0.5,120.95
2021-08-22 09:00:00,40.5,0.5,105.82
2021-08-22 10:00:00,46.5,0.5,117.32
2021-08-22 11:00:00,49.5,0.52,100.7
2021-08-22 12:00:00,42.25,0.45,116.78
2021-08-22 13:00:00,32.5,0.45,121.78
2021-08-22 14:00:00,29.75,0.48,73.82
2021-08-22 15:00:00,34.0,0.4,80.25
2021-08-22 16:00:00,30.5,0.43,89.45
2021-08-22 17:00:00,31.75,0.52,55.8
2021-08-22 18:00:00,39.0,0.77,60.45
2021-08-22 19:00:00,35.5,0.6,50.92
2021-08-22 20:00:00,35.25,0.42,50.68
2021-08-22 21:00:00,42.0,0.85,51.38
2021-08-22 22:00:00,52.25,0.48,54.68
2021-08-22 23:00:00,57.25,0.65,50.22
2021-08-23 00:00:00,63.25,0.48,75.6
2021-08-23 01:00:00,65.25,0.52,74.65
2021-08-23 02:00:00,49.5,0.48,75.23
2021-08-23 03:00:00,44.0,0.7,75.4
2021-08-23 04:00:00,37.75,0.48,74.0
2021-08-23 05:00:00,30.0,0.52,19.08
2021-08-23 06:00:00,30.5,0.48,32.05
2021-08-23 07:00:00,12.25,0.5,43.92
2021-08-23 08:00:00,11.25,0.55,73.15
2021-08-23 09:00:00,25.0,0.52,146.02
2021-08-23 10:00:00,29.25,0.55,168.92
2021-08-23 11:00:00,36.0,0.4,227.08
2021-08-23 12:00:00,43.5,0.58,150.25
2021-08-23 13:00:00,42.5,0.42,219.8
2021-08-23 14:00:00,53.5,0.52,226.27
2021-08-23 15:00:00,55.25,0.45,265.95
2021-08-23 16:00:00,53.75,0.55,232.5
2021-08-23 17:00:00,46.75,0.52,280.75
2021-08-23 18:00:00,46.0,0.6,305.95
2021-08-23 19:00:00,44.75,0.65,270.32
2021-08-23 20:00:00,41.75,0.3,276.47
2021-08-23 21:00:00,46.75,0.3,276.38
2021-08-23 22:00:00,53.0,1.0,276.38
2021-08-23 23:00:00,46.25,1.2,278.68
2021-08-24 00:00:00,44.0,0.72,277.9
2021-08-24 01:00:00,92.0,0.72,289.83
2021-08-24 02:00:00,89.75,0.62,284.92
2021-08-24 03:00:00,73.5,0.75,213.6
2021-08-24 04:00:00,44.0,0.45,224.68
2021-08-24 05:00:00,47.25,0.48,287.27
2021-08-24 06:00:00,74.25,0.57,91.65
2021-08-24 07:00:00,97.0,0.48,95.05
2021-08-24 08:00:00,91.0,0.57,89.55
2021-08-24 09:00:00,87.0,0.55,262.83
2021-08-24 10:00:00,70.25,0.52,236.48
2021-08-24 11:00:00,56.75,0.5,253.82
2021-08-24 12:00:00,54.0,0.55,244.32
2021-08-24 13:00:00,38.25,0.55,234.7
2021-08-24 14:00:00,34.5,0.52,262.62
2021-08-24 15:00:00,29.5,0.5,255.18
2021-08-24 16:00:00,29.75,0.5,270.48
2021-08-24 17:00:00,34.0,0.7,267.9
2021-08-24 18:00:00,32.75,1.2,274.48
2021-08-24 19:00:00,38.75,1.2,276.32
2021-08-24 20:00:00,44.75,1.2,278.67
2021-08-24 21:00:00,65.0,0.6,199.58
2021-08-24 22:00:00,86.0,0.52,165.85
2021-08-24 23:00:00,63.75,0.52,151.07
2021-08-25 00:00:00,53.0,0.48,123.0
2021-08-25 01:00:00,54.25,0.6,99.2
2021-08-25 02:00:00,41.0,0.45,139.55
2021-08-25 03:00:00,44.5,0.57,144.6
2021-08-25 04:00:00,46.25,0.65,178.42
2021-08-25 05:00:00,45.0,0.57,210.4
2021-08-25 06:00:00,34.25,0.57,235.02
2021-08-25 07:00:00,20.5,0.55,238.92
2021-08-25 08:00:00,22.75,0.52,237.8
2021-08-25 09:00:00,24.75,0.52,238.5
2021-08-25 10:00:00,27.75,0.55,238.28
2021-08-25 11:00:00,36.25,0.57,237.48
2021-08-25 12:00:00,27.75,0.57,243.35
2021-08-25 13:00:00,27.75,0.57,239.38
2021-08-25 14:00:00,28.5,0.55,234.38
2021-08-25 15:00:00,24.25,0.57,237.62
2021-08-25 16:00:00,24.5,0.55,236.82
2021-08-25 17:00:00,22.75,0.57,236.95
2021-08-25 18:00:00,22.75,0.55,236.1
2021-08-25 19:00:00,26.25,0.77,183.4
2021-08-25 20:00:00,30.0,0.65,183.02
2021-08-25 21:00:00,29.5,0.57,184.2
2021-08-25 22:00:00,26.75,0.6,215.08
2021-08-25 23:00:00,22.75,0.57,210.45
2021-08-26 00:00:00,19.5,0.55,203.05
2021-08-26 01:00:00,12.5,0.55,197.55
2021-08-26 02:00:00,15.0,0.55,206.7
2021-08-26 03:00:00,17.75,0.57,205.42
2021-08-26 04:00:00,15.0,0.55,217.52
2021-08-26 05:00:00,10.0,0.55,216.95
2021-08-26 06:00:00,13.75,0.57,222.32
2021-08-26 07:00:00,18.0,0.55,230.82
2021-08-26 08:00:00,25.5,0.57,233.27
2021-08-26 09:00:00,29.75,0.55,232.1
2021-08-26 10:00:00,29.5,0.57,230.18
2021-08-26 11:00:00,30.25,0.52,221.62
2021-08-26 12:00:00,29.75,0.55,231.7
2021-08-26 13:00:00,33.25,0.57,236.52
2021-08-26 14:00:00,27.0,0.55,238.68
2021-08-26 15:00:00,26.25,0.52,257.85
2021-08-26 16:00:00,33.0,0.55,267.88
2021-08-26 17:00:00,34.5,0.62,262.7
2021-08-26 18:00:00,39.25,0.32,216.35
2021-08-26 19:00:00,39.0,0.3,210.77
2021-08-26 20:00:00,37.5,0.45,210.25
2021-08-26 21:00:00,41.75,0.5,173.2
2021-08-26 22:00:00,40.25,0.4,171.85
2021-08-26 23:00:00,36.0,0.57,174.3
2021-08-27 00:00:00,31.0,0.57,196.28
2021-08-27 01:00:00,31.75,0.6,193.95
2021-08-27 02:00:00,24.75,0.55,194.15
2021-08-27 03:00:00,22.75,0.58,200.02
2021-08-27 04:00:00,20.25,0.55,210.58
2021-08-27 05:00:00,23.75,0.5,190.32
2021-08-27 06:00:00,23.5,0.52,204.48
2021-08-27 07:00:00,25.5,0.6,197.38
2021-08-27 08:00:00,28.5,0.6,218.5
2021-08-27 09:00:00,33.75,0.57,225.28
2021-08-27 10:00:00,36.75,0.55,226.12
2021-08-27 11:00:00,38.0,0.52,251.88
2021-08-27 12:00:00,34.75,0.55,251.58
2021-08-27 13:00:00,33.25,0.4,288.05
2021-08-27 14:00:00,33.5,0.48,266.3
2021-08-27 15:00:00,41.25,0.4,286.75
2021-08-27 16:00:00,41.5,0.52,237.05
2021-08-27 17:00:00,40.5,0.45,191.35
2021-08-27 18:00:00,43.25,0.5,36.95
2021-08-27 19:00:00,46.25,0.62,45.15
2021-08-27 20:00:00,49.5,0.52,47.42
2021-08-27 21:00:00,59.5,0.6,134.6
2021-08-27 22:00:00,38.75,0.57,107.68
2021-08-27 23:00:00,35.75,0.57,122.0
2021-08-28 00:00:00,38.0,0.55,117.8
2021-08-28 01:00:00,37.5,0.5,129.38
2021-08-28 02:00:00,35.5,0.5,145.5
2021-08-28 03:00:00,34.0,0.5,158.38
2021-08-28 04:00:00,35.0,0.5,157.32
2021-08-28 05:00:00,38.5,0.82,162.43
2021-08-28 06:00:00,40.0,1.0,89.62
2021-08-28 07:00:00,47.25,0.55,43.7
2021-08-28 08:00:00,68.5,0.52,67.05
2021-08-28 09:00:00,64.75,0.4,131.55
2021-08-28 10:00:00,56.25,0.38,230.52
2021-08-28 11:00:00,49.75,0.35,238.0
2021-08-28 12:00:00,45.0,0.4,174.82
2021-08-28 13:00:00,41.5,0.48,68.5
2021-08-28 14:00:00,42.75,0.48,123.6
2021-08-28 15:00:00,53.0,0.48,70.47
2021-08-28 16:00:00,54.0,0.6,256.38
2021-08-28 17:00:00,41.0,0.42,92.43
2021-08-28 18:00:00,48.25,0.52,44.25
2021-08-28 19:00:00,51.0,0.5,67.05
2021-08-28 20:00:00,47.5,0.45,62.08
2021-08-28 21:00:00,45.5,0.57,68.7
2021-08-28 22:00:00,43.25,0.55,91.7
2021-08-28 23:00:00,41.25,0.5,92.98
2021-08-29 00:00:00,45.25,0.55,89.35
2021-08-29 01:00:00,51.0,0.55,91.1
2021-08-29 02:00:00,42.0,0.5,74.53
2021-08-29 03:00:00,50.0,0.6,33.85
2021-08-29 04:00:00,45.5,0.52,92.25
2021-08-29 05:00:00,42.0,0.6,89.88
2021-08-29 06:00:00,44.25,0.5,40.42
2021-08-29 07:00:00,48.0,0.55,26.88
2021-08-29 08:00:00,71.5,0.45,57.32
2021-08-29 09:00:00,91.0,0.48,51.98
2021-08-29 10:00:00,93.0,0.45,145.48
2021-08-29 11:00:00,70.75,0.42,75.65
2021-08-29 12:00:00,70.5,0.4,65.25
2021-08-29 13:00:00,75.0,0.45,108.58
2021-08-29 14:00:00,58.0,0.4,147.3
2021-08-29 15:00:00,60.0,0.48,183.38
2021-08-29 16:00:00,57.5,0.38,93.85
2021-08-29 17:00:00,59.75,0.45,100.95
2021-08-29 18:00:00,58.0,0.5,93.62
2021-08-29 19:00:00,44.75,0.5,86.98
2021-08-29 20:00:00,39.75,0.5,109.85
2021-08-29 21:00:00,36.5,0.52,106.2
2021-08-29 22:00:00,35.5,0.43,92.57
2021-08-29 23:00:00,28.0,0.48,78.93
2021-08-30 00:00:00,26.0,0.5,78.43
2021-08-30 01:00:00,19.5,0.48,85.5
2021-08-30 02:00:00,16.25,0.45,106.55
2021-08-30 03:00:00,13.75,0.5,79.0
2021-08-30 04:00:00,20.5,0.43,67.72
2021-08-30 05:00:00,16.0,0.55,27.62
2021-08-30 06:00:00,23.0,0.55,40.28
2021-08-30 07:00:00,19.5,0.5,44.92
2021-08-30 08:00:00,27.0,0.55,40.5
2021-08-30 09:00:00,35.0,0.5,29.62
2021-08-30 10:00:00,34.0,0.48,29.55
2021-08-30 11:00:00,27.0,0.45,46.12
2021-08-30 12:00:00,29.0,0.42,47.32
2021-08-30 13:00:00,23.0,0.48,47.48
2021-08-30 14:00:00,17.0,0.43,41.15
2021-08-30 15:00:00,17.0,0.45,38.15
2021-08-30 16:00:00,19.0,0.43,59.4
2021-08-30 17:00:00,17.0,0.43,58.52
2021-08-30 18:00:00,14.0,0.35,126.4
2021-08-30 19:00:00,19.0,0.35,83.75
2021-08-30 20:00:00,20.0,0.48,90.68
2021-08-30 21:00:00,16.0,0.43,77.27
2021-08-30 22:00:00,12.0,0.45,65.65
2021-08-30 23:00:00,17.0,0.52,75.85
2021-08-31 00:00:00,16.0,0.45,66.8
2021-08-31 01:00:00,14.0,0.48,63.32
2021-08-31 02:00:00,12.0,0.48,43.22
2021-08-31 03:00:00,27.0,0.48,44.2
2021-08-31 04:00:00,13.0,0.5,41.45
2021-08-31 05:00:00,19.0,0.45,49.97
2021-08-31 06:00:00,19.0,0.5,72.18
2021-08-31 07:00:00,18.0,0.45,65.7
2021-08-31 08:00:00,19.0,0.52,44.45
2021-08-31 09:00:00,20.0,0.48,58.82
2021-08-31 10:00:00,30.0,0.48,47.0
2021-08-31 11:00:00,20.0,0.5,79.03
2021-08-31 12:00:00,9.0,0.57,77.03
2021-08-31 13:00:00,7.0,0.48,154.5
2021-08-31 14:00:00,11.0,0.48,118.07
2021-08-31 15:00:00,17.0,0.52,45.0
2021-08-31 16:00:00,30.0,0.48,35.9
2021-08-31 17:00:00,24.0,0.57,96.2
2021-08-31 18:00:00,28.0,0.6,37.6
2021-08-31 19:00:00,34.0,0.55,27.98
2021-08-31 20:00:00,24.0,0.55,36.1
2021-08-31 21:00:00,20.0,0.52,41.7
2021-08-31 22:00:00,11.0,0.52,43.8
2021-08-31 23:00:00,28.0,0.55,32.83
2021-09-01 00:00:00,38.0,0.5,41.92
2021-09-01 01:00:00,31.0,0.55,40.5
2021-09-01 02:00:00,28.0,0.6,28.3
2021-09-01 03:00:00,23.0,0.57,34.1
2021-09-01 04:00:00,18.0,0.55,42.28
2021-09-01 05:00:00,30.0,0.6,29.42
2021-09-01 06:00:00,22.0,0.68,22.8
2021-09-01 07:00:00,24.0,0.55,32.95
2021-09-01 08:00:00,23.0,0.68,35.5
2021-09-01 09:00:00,20.25,0.52,37.65
2021-09-01 10:00:00,17.5,0.5,111.82
2021-09-01 11:00:00,14.75,0.43,267.08
2021-09-01 12:00:00,12.0,0.5,345.2
2021-09-01 13:00:00,18.0,0.48,263.7
2021-09-01 14:00:00,17.5,0.48,168.38
2021-09-01 15:00:00,17.0,0.5,264.45
2021-09-01 16:00:00,7.0,0.57,26.62
2021-09-01 17:00:00,13.0,0.55,28.95
2021-09-01 18:00:00,18.0,0.57,32.12
2021-09-01 19:00:00,9.0,0.6,41.25
2021-09-01 20:00:00,22.0,0.55,28.38
2021-09-01 21:00:00,31.0,0.55,45.1
2021-09-01 22:00:00,23.0,0.57,189.8
2021-09-01 23:00:00,24.0,0.5,41.7
2021-09-02 00:00:00,18.0,0.45,42.15
2021-09-02 01:00:00,26.5,0.77,48.4
2021-09-02 02:00:00,35.0,0.52,65.6
2021-09-02 03:00:00,23.0,0.52,28.68
2021-09-02 04:00:00,25.0,0.52,13.55
2021-09-02 05:00:00,25.0,0.57,20.95
2021-09-02 06:00:00,34.0,0.5,133.22
2021-09-02 07:00:00,38.0,0.32,196.25
2021-09-02 08:00:00,30.0,0.57,28.58
2021-09-02 09:00:00,22.0,0.52,43.62
2021-09-02 10:00:00,11.0,0.48,39.22
2021-09-02 11:00:00,11.0,0.5,37.6
2021-09-02 12:00:00,8.0,0.5,57.65
2021-09-02 13:00:00,19.0,0.43,5.95
2021-09-02 14:00:00,25.0,0.45,31.32
2021-09-02 15:00:00,17.0,0.48,29.35
2021-09-02 16:00:00,13.0,0.52,25.82
2021-09-02 17:00:00,14.0,0.52,23.05
2021-09-02 18:00:00,16.0,0.82,35.5
2021-09-02 19:00:00,30.0,0.32,47.88
2021-09-02 20:00:00,46.0,0.3,50.85
2021-09-02 21:00:00,52.0,0.3,50.8
2021-09-02 22:00:00,63.0,0.62,162.48
2021-09-02 23:00:00,45.0,0.5,194.88
2021-09-03 00:00:00,25.0,0.52,194.88
2021-09-03 01:00:00,25.0,0.85,90.48
2021-09-03 02:00:00,42.0,0.52,206.2
2021-09-03 03:00:00,22.0,0.42,150.9
2021-09-03 04:00:00,3.0,0.57,90.82
2021-09-03 05:00:00,17.0,0.5,97.45
2021-09-03 06:00:00,31.0,0.45,28.0
2021-09-03 07:00:00,8.0,0.52,29.55
2021-09-03 08:00:00,14.0,0.55,69.18
2021-09-03 09:00:00,39.0,0.43,76.9
2021-09-03 10:00:00,56.0,0.4,74.53
2021-09-03 11:00:00,57.0,0.45,116.05
2021-09-03 12:00:00,46.0,0.45,116.55
2021-09-03 13:00:00,20.0,0.43,119.52
2021-09-03 14:00:00,11.0,0.45,141.45
2021-09-03 15:00:00,11.0,0.48,147.75
2021-09-03 16:00:00,9.0,0.52,157.48
2021-09-03 17:00:00,18.0,0.52,161.15
2021-09-03 18:00:00,14.0,0.48,189.78
2021-09-03 19:00:00,23.0,0.48,327.32
2021-09-03 20:00:00,27.0,0.62,111.65
2021-09-03 21:00:00,20.0,0.38,118.98
2021-09-03 22:00:00,36.0,0.55,98.62
2021-09-03 23:00:00,27.0,0.57,24.12
2021-09-04 00:00:00,16.0,0.5,37.12
2021-09-04 01:00:00,24.0,0.55,40.03
2021-09-04 02:00:00,30.0,0.62,35.97
2021-09-04 03:00:00,45.0,0.5,69.38
2021-09-04 04:00:00,45.0,0.6,59.38
2021-09-04 05:00:00,28.0,0.9,56.97
2021-09-04 06:00:00,23.0,0.42,231.0
2021-09-04 07:00:00,24.0,0.5,41.12
2021-09-04 08:00:00,8.0,0.57,61.32
2021-09-04 09:00:00,19.0,0.52,91.38
2021-09-04 10:00:00,41.0,0.43,103.62
2021-09-04 11:00:00,24.0,0.45,114.78
2021-09-04 12:00:00,14.0,0.3,152.5
2021-09-04 13:00:00,29.0,0.48,180.1
2021-09-04 14:00:00,31.0,0.4,228.62
2021-09-04 15:00:00,29.0,0.43,230.05
2021-09-04 16:00:00,41.0,0.82,135.6
2021-09-04 17:00:00,72.0,1.15,92.02
2021-09-04 18:00:00,81.0,1.2,114.68
2021-09-04 19:00:00,55.0,0.68,65.68
2021-09-04 20:00:00,83.0,0.9,30.92
2021-09-04 21:00:00,80.0,1.2,30.32
2021-09-04 22:00:00,79.0,0.78,148.2
2021-09-04 23:00:00,55.0,0.85,182.0
2021-09-05 00:00:00,45.0,0.5,181.98
2021-09-05 01:00:00,55.0,1.05,182.0
2021-09-05 02:00:00,53.0,1.2,182.0
2021-09-05 03:00:00,47.0,0.88,169.22
2021-09-05 04:00:00,50.0,0.35,111.43
2021-09-05 05:00:00,50.0,0.45,108.9
2021-09-05 06:00:00,40.0,0.65,106.8
2021-09-05 07:00:00,34.0,0.48,71.18
2021-09-05 08:00:00,38.0,0.5,60.6
2021-09-05 09:00:00,39.0,0.43,98.75
2021-09-05 10:00:00,28.0,0.25,130.65
2021-09-05 11:00:00,28.0,0.45,117.1
2021-09-05 12:00:00,24.0,0.6,13.98
2021-09-05 13:00:00,31.0,0.52,291.58
2021-09-05 14:00:00,36.0,0.48,20.3
2021-09-05 15:00:00,46.25,0.5,90.15
2021-09-05 16:00:00,47.5,0.45,302.52
2021-09-05 17:00:00,29.5,0.55,265.08
2021-09-05 18:00:00,26.25,0.32,261.2
2021-09-05 19:00:00,34.0,0.3,261.17
2021-09-05 20:00:00,55.5,0.3,261.1
2021-09-05 21:00:00,84.0,0.3,261.1
2021-09-05 22:00:00,85.5,0.3,261.1
2021-09-05 23:00:00,87.0,0.88,261.12
2021-09-06 00:00:00,88.5,0.7,261.17
2021-09-06 01:00:00,90.0,0.65,261.12
2021-09-06 02:00:00,85.75,0.45,261.1
2021-09-06 03:00:00,75.0,0.5,203.95
2021-09-06 04:00:00,83.75,0.52,42.38
2021-09-06 05:00:00,94.0,0.68,45.8
2021-09-06 06:00:00,100.0,0.78,46.78
2021-09-06 07:00:00,81.66666666666667,0.48,49.18
2021-09-06 08:00:00,63.333333333333336,0.43,68.32
2021-09-06 09:00:00,45.0,0.5,102.95
2021-09-06 10:00:00,42.25,0.43,94.2
2021-09-06 11:00:00,31.75,0.4,91.2
2021-09-06 12:00:00,27.75,0.4,108.32
2021-09-06 13:00:00,37.5,0.4,210.38
2021-09-06 14:00:00,44.25,0.5,62.92
2021-09-06 15:00:00,52.0,0.88,34.6
2021-09-06 16:00:00,58.0,0.55,39.62
2021-09-06 17:00:00,66.0,0.62,55.4
2021-09-06 18:00:00,64.25,0.7,47.65
2021-09-06 19:00:00,73.5,0.75,29.55
2021-09-06 20:00:00,87.25,0.48,17.35
2021-09-06 21:00:00,79.0,1.02,16.05
2021-09-06 22:00:00,73.25,0.5,93.3
2021-09-06 23:00:00,50.25,0.55,126.9
2021-09-07 00:00:00,32.5,0.52,127.18
2021-09-07 01:00:00,29.5,0.52,125.62
2021-09-07 02:00:00,24.25,0.5,128.25
2021-09-07 03:00:00,22.5,0.55,124.78
2021-09-07 04:00:00,24.25,0.65,110.58
2021-09-07 05:00:00,25.5,0.65,95.25
2021-09-07 06:00:00,28.5,0.5,91.88
2021-09-07 07:00:00,36.5,0.48,60.3
2021-09-07 08:00:00,51.75,0.45,61.4
2021-09-07 09:00:00,66.5,0.45,62.47
2021-09-07 10:00:00,64.75,0.45,80.88
2021-09-07 11:00:00,54.5,0.43,65.1
2021-09-07 12:00:00,53.0,0.48,57.2
2021-09-07 13:00:00,51.75,0.45,65.62
2021-09-07 14:00:00,49.0,0.45,55.05
2021-09-07 15:00:00,51.75,0.48,18.0
2021-09-07 16:00:00,50.75,0.4,339.83
2021-09-07 17:00:00,51.25,0.48,351.95
2021-09-07 18:00:00,46.0,0.32,102.68
2021-09-07 19:00:00,22.75,0.43,298.58
2021-09-07 20:00:00,34.0,0.4,156.08
2021-09-07 21:00:00,91.0,0.4,16.7
2021-09-07 22:00:00,77.75,0.55,45.22
2021-09-07 23:00:00,37.0,0.52,42.8
2021-09-08 00:00:00,34.5,0.38,53.08
2021-09-08 01:00:00,33.75,0.5,71.25
2021-09-08 02:00:00,26.25,0.52,57.9
2021-09-08 03:00:00,23.5,0.5,65.92
2021-09-08 04:00:00,20.5,0.45,64.1
2021-09-08 05:00:00,17.5,0.48,56.68
2021-09-08 06:00:00,20.75,0.48,59.85
2021-09-08 07:00:00,18.25,0.43,66.97
2021-09-08 08:00:00,22.5,0.4,66.65
2021-09-08 09:00:00,23.5,0.4,49.6
2021-09-08 10:00:00,20.0,0.43,86.88
2021-09-08 11:00:00,13.75,0.43,84.12
2021-09-08 12:00:00,14.25,0.4,82.42
2021-09-08 13:00:00,18.0,0.43,72.9
2021-09-08 14:00:00,18.0,0.43,58.3
2021-09-08 15:00:00,19.0,0.45,68.28
2021-09-08 16:00:00,20.75,0.5,48.55
2021-09-08 17:00:00,17.75,0.5,59.47
2021-09-08 18:00:00,21.0,0.5,60.9
2021-09-08 19:00:00,26.25,0.52,44.62
2021-09-08 20:00:00,34.75,0.48,52.5
2021-09-08 21:00:00,41.0,0.48,46.88
2021-09-08 22:00:00,45.5,0.52,80.0
2021-09-08 23:00:00,47.0,0.5,69.95
2021-09-09 00:00:00,37.0,0.48,63.15
2021-09-09 01:00:00,35.0,0.5,54.82
2021-09-09 02:00:00,35.5,0.5,54.18
2021-09-09 03:00:00,27.75,0.5,67.47
2021-09-09 04:00:00,27.75,0.48,71.6
2021-09-09 05:00:00,30.25,0.52,55.35
2021-09-09 06:00:00,32.75,0.5,68.95
2021-09-09 07:00:00,38.75,0.5,55.5
2021-09-09 08:00:00,39.0,0.45,68.82
2021-09-09 09:00:00,33.5,0.48,57.8
2021-09-09 10:00:00,33.0,0.4,59.5
2021-09-09 11:00:00,29.75,0.5,50.25
2021-09-09 12:00:00,36.0,0.5,47.28
2021-09-09 13:00:00,28.5,0.45,52.38
2021-09-09 14:00:00,25.25,0.48,57.52
2021-09-09 15:00:00,29.25,0.45,41.2
2021-09-09 16:00:00,29.5,0.48,56.28
2021-09-09 17:00:00,28.5,0.5,57.8
2021-09-09 18:00:00,31.5,0.57,61.0
2021-09-09 19:00:00,38.25,0.52,22.2
2021-09-09 20:00:00,43.5,0.48,64.82
2021-09-09 21:00:00,37.0,0.52,71.15
2021-09-09 22:00:00,30.75,0.57,72.27
2021-09-09 23:00:00,36.25,0.45,63.4
2021-09-10 00:00:00,53.25,0.5,37.02
2021-09-10 01:00:00,46.5,0.55,48.08
2021-09-10 02:00:00,43.25,0.5,70.78
2021-09-10 03:00:00,42.5,0.5,43.97
2021-09-10 04:00:00,29.0,0.5,81.05
2021-09-10 05:00:00,28.5,0.52,60.48
2021-09-10 06:00:00,28.5,0.57,43.0
2021-09-10 07:00:00,33.75,0.5,47.08
2021-09-10 08:00:00,38.25,0.5,54.52
2021-09-10 09:00:00,44.75,0.48,61.2
2021-09-10 10:00:00,43.5,0.4,64.42
2021-09-10 11:00:00,40.5,0.43,66.58
2021-09-10 12:00:00,34.75,0.38,74.68
2021-09-10 13:00:00,27.5,0.4,81.15
2021-09-10 14:00:00,18.25,0.45,46.92
2021-09-10 15:00:00,23.25,0.45,61.18
2021-09-10 16:00:00,26.5,0.4,68.65
2021-09-10 17:00:00,25.0,0.45,46.32
2021-09-10 18:00:00,27.0,0.48,48.35
2021-09-10 19:00:00,36.0,0.48,65.73
2021-09-10 20:00:00,22.0,0.52,38.62
2021-09-10 21:00:00,20.0,0.45,55.15
2021-09-10 22:00:00,30.0,0.52,71.12
2021-09-10 23:00:00,40.0,0.45,100.85
2021-09-11 00:00:00,38.0,0.52,65.15
2021-09-11 01:00:00,46.0,0.48,100.48
2021-09-11 02:00:00,22.0,0.5,90.0
2021-09-11 03:00:00,14.5,0.52,74.48
2021-09-11 04:00:00,7.0,0.48,55.25
2021-09-11 05:00:00,29.0,0.5,51.02
2021-09-11 06:00:00,8.0,0.52,41.28
2021-09-11 07:00:00,10.5,0.48,32.55
2021-09-11 08:00:00,13.0,0.3,53.3
2021-09-11 09:00:00,20.5,0.52,35.78
2021-09-11 10:00:00,28.0,0.52,26.72
2021-09-11 11:00:00,41.0,0.57,29.3
2021-09-11 12:00:00,33.0,0.43,86.85
2021-09-11 13:00:00,27.0,0.38,93.1
2021-09-11 14:00:00,20.0,0.48,52.6
2021-09-11 15:00:00,34.0,0.55,24.0
2021-09-11 16:00:00,18.0,0.525,22.65
2021-09-11 17:00:00,22.0,0.5,21.3
2021-09-11 18:00:00,21.75,0.5,32.33
2021-09-11 19:00:00,16.5,0.62,45.98
2021-09-11 20:00:00,31.5,0.5,46.4
2021-09-11 21:00:00,33.0,0.5,44.88
2021-09-11 22:00:00,20.75,0.52,40.75
2021-09-11 23:00:00,14.0,0.55,40.48
2021-09-12 00:00:00,21.5,0.55,50.72
2021-09-12 01:00:00,16.25,0.52,54.32
2021-09-12 02:00:00,13.25,0.55,31.1
2021-09-12 03:00:00,14.5,0.62,39.75
2021-09-12 04:00:00,37.5,0.57,27.4
2021-09-12 05:00:00,68.0,0.6,36.45
2021-09-12 06:00:00,44.75,0.57,48.25
2021-09-12 07:00:00,40.0,0.57,43.88
2021-09-12 08:00:00,43.25,0.5,64.07
2021-09-12 09:00:00,29.75,0.45,74.68
2021-09-12 10:00:00,16.75,0.45,65.6
2021-09-12 11:00:00,27.5,0.6,35.15
2021-09-12 12:00:00,33.5,0.5,55.98
2021-09-12 13:00:00,26.5,0.52,63.58
2021-09-12 14:00:00,21.5,0.48,57.25
2021-09-12 15:00:00,27.25,0.4,200.95
2021-09-12 16:00:00,26.0,0.38,202.42
2021-09-12 17:00:00,38.5,0.57,212.68
2021-09-12 18:00:00,40.25,0.5,210.45
2021-09-12 19:00:00,44.0,0.38,206.4
2021-09-12 20:00:00,54.0,0.3,206.4
2021-09-12 21:00:00,58.5,0.75,207.82
2021-09-12 22:00:00,60.25,1.2,212.15
2021-09-12 23:00:00,56.0,1.2,213.2
2021-09-13 00:00:00,68.0,1.2,213.3
2021-09-13 01:00:00,63.0,1.17,213.6
2021-09-13 02:00:00,58.0,0.4,4.8
2021-09-13 03:00:00,53.0,0.45,25.28
2021-09-13 04:00:00,54.0,0.5,35.6
2021-09-13 05:00:00,59.75,0.38,29.35
2021-09-13 06:00:00,61.25,0.6,26.02
2021-09-13 07:00:00,39.0,0.55,38.1
2021-09-13 08:00:00,37.75,0.68,17.25
2021-09-13 09:00:00,52.25,0.57,112.82
2021-09-13 10:00:00,56.25,0.48,141.52
2021-09-13 11:00:00,60.75,0.4,82.5
2021-09-13 12:00:00,36.75,0.45,33.58
2021-09-13 13:00:00,13.25,0.45,107.7
2021-09-13 14:00:00,15.0,0.48,22.52
2021-09-13 15:00:00,12.25,0.45,152.18
2021-09-13 16:00:00,17.25,0.52,108.18
2021-09-13 17:00:00,4.5,0.43,91.05
2021-09-13 18:00:00,17.25,0.5,91.58
2021-09-13 19:00:00,41.75,0.45,255.1
2021-09-13 20:00:00,39.5,0.5,109.8
2021-09-13 21:00:00,33.0,0.5,42.12
2021-09-13 22:00:00,25.0,0.55,34.72
2021-09-13 23:00:00,19.75,0.57,21.38
2021-09-14 00:00:00,18.5,0.52,21.4
2021-09-14 01:00:00,9.5,0.55,11.15
2021-09-14 02:00:00,13.25,0.55,107.93
2021-09-14 03:00:00,12.75,0.57,30.45
2021-09-14 04:00:00,19.0,0.6,19.08
2021-09-14 05:00:00,28.0,0.5,3.82
2021-09-14 06:00:00,47.75,0.52,249.48
2021-09-14 07:00:00,49.5,0.52,99.42
2021-09-14 08:00:00,39.0,0.5,15.6
2021-09-14 09:00:00,38.75,0.55,32.3
2021-09-14 10:00:00,36.0,0.52,40.78
2021-09-14 11:00:00,27.5,0.5,38.75
2021-09-14 12:00:00,17.25,0.45,41.52
2021-09-14 13:00:00,9.75,0.45,30.95
2021-09-14 14:00:00,15.0,0.43,91.35
2021-09-14 15:00:00,22.0,0.48,94.75
2021-09-14 16:00:00,14.25,0.52,34.15
2021-09-14 17:00:00,10.25,0.52,18.75
2021-09-14 18:00:00,16.0,0.45,20.95
2021-09-14 19:00:00,24.25,0.68,74.92
2021-09-14 20:00:00,33.25,0.57,35.6
2021-09-14 21:00:00,35.75,0.48,55.6
2021-09-14 22:00:00,25.75,0.52,36.28
2021-09-14 23:00:00,31.75,0.48,31.48
2021-09-15 00:00:00,24.25,0.45,58.68
2021-09-15 01:00:00,19.75,0.52,38.0
2021-09-15 02:00:00,12.5,0.52,47.38
2021-09-15 03:00:00,10.25,0.55,39.02
2021-09-15 04:00:00,11.5,0.6,72.75
2021-09-15 05:00:00,17.0,0.43,107.98
2021-09-15 06:00:00,4.5,0.45,67.73
2021-09-15 07:00:00,14.75,0.5,40.9
2021-09-15 08:00:00,20.75,0.48,73.2
2021-09-15 09:00:00,12.5,0.43,91.22
2021-09-15 10:00:00,7.75,0.4,91.98
2021-09-15 11:00:00,7.25,0.5,86.98
2021-09-15 12:00:00,9.5,0.45,90.5
2021-09-15 13:00:00,12.75,0.42,91.1
2021-09-15 14:00:00,10.75,0.4,66.78
2021-09-15 15:00:00,16.5,0.48,50.25
2021-09-15 16:00:00,17.0,0.42,256.88
2021-09-15 17:00:00,14.75,0.55,13.2
2021-09-15 18:00:00,17.25,0.82,72.25
2021-09-15 19:00:00,19.25,1.2,79.95
2021-09-15 20:00:00,24.0,1.2,79.93
2021-09-15 21:00:00,29.0,1.2,79.9
2021-09-15 22:00:00,32.25,1.2,79.9
2021-09-15 23:00:00,22.0,1.02,80.2
2021-09-16 00:00:00,15.5,1.2,80.32
2021-09-16 01:00:00,15.5,1.02,108.8
2021-09-16 02:00:00,20.5,0.52,182.2
2021-09-16 03:00:00,21.25,0.62,182.2
2021-09-16 04:00:00,20.5,0.73,182.2
2021-09-16 05:00:00,24.5,0.45,182.18
2021-09-16 06:00:00,21.5,0.57,182.2
2021-09-16 07:00:00,19.75,0.4,145.22
2021-09-16 08:00:00,28.0,0.45,173.8
2021-09-16 09:00:00,3.0,0.43,147.68
2021-09-16 10:00:00,5.0,0.45,94.08
2021-09-16 11:00:00,13.0,0.4,140.48
2021-09-16 12:00:00,12.0,0.52,186.0
2021-09-16 13:00:00,7.0,0.45,121.45
2021-09-16 14:00:00,11.0,0.48,46.4
2021-09-16 15:00:00,13.0,0.43,291.52
2021-09-16 16:00:00,22.0,0.45,331.82
2021-09-16 17:00:00,47.0,0.32,270.58
2021-09-16 18:00:00,66.0,0.3,268.6
2021-09-16 19:00:00,44.0,0.3,268.42
2021-09-16 20:00:00,39.0,0.32,202.9
2021-09-16 21:00:00,35.0,0.68,23.85
2021-09-16 22:00:00,29.0,0.52,85.75
2021-09-16 23:00:00,35.0,0.32,73.95
2021-09-17 00:00:00,20.0,0.52,10.42
2021-09-17 01:00:00,27.0,0.55,189.08
2021-09-17 02:00:00,23.0,0.48,260.15
2021-09-17 03:00:00,78.0,0.52,175.75
2021-09-17 04:00:00,84.0,0.5,32.72
2021-09-17 05:00:00,19.0,0.57,15.15
2021-09-17 06:00:00,33.0,0.55,24.02
2021-09-17 07:00:00,22.0,0.55,30.1
2021-09-17 08:00:00,22.0,0.5,46.35
2021-09-17 09:00:00,17.0,0.48,44.18
2021-09-17 10:00:00,17.0,0.48,32.02
2021-09-17 11:00:00,29.0,0.48,37.58
2021-09-17 12:00:00,18.0,0.5,115.52
2021-09-17 13:00:00,28.0,0.48,174.02
2021-09-17 14:00:00,28.0,0.48,10.88
2021-09-17 15:00:00,33.0,0.43,177.88
2021-09-17 16:00:00,16.0,0.48,181.98
2021-09-17 17:00:00,24.0,0.43,182.52
2021-09-17 18:00:00,17.0,0.52,10.68
2021-09-17 19:00:00,29.0,0.52,25.75
2021-09-17 20:00:00,36.0,0.57,35.42
2021-09-17 21:00:00,36.0,0.55,30.75
2021-09-17 22:00:00,31.0,0.55,33.65
2021-09-17 23:00:00,24.0,0.52,43.12
2021-09-18 00:00:00,22.0,0.52,36.38
2021-09-18 01:00:00,28.0,0.52,42.8
2021-09-18 02:00:00,19.0,0.52,37.45
2021-09-18 03:00:00,24.0,0.57,39.97
2021-09-18 04:00:00,22.0,0.57,23.52
2021-09-18 05:00:00,24.0,0.57,34.0
2021-09-18 06:00:00,25.0,0.52,35.4
2021-09-18 07:00:00,27.0,0.5,43.62
2021-09-18 08:00:00,28.0,0.55,43.5
2021-09-18 09:00:00,28.0,0.5,46.08
2021-09-18 10:00:00,30.0,0.5,47.92
2021-09-18 11:00:00,35.0,0.5,40.53
2021-09-18 12:00:00,28.0,0.48,39.88
2021-09-18 13:00:00,24.0,0.48,36.22
2021-09-18 14:00:00,23.0,0.5,37.4
2021-09-18 15:00:00,20.0,0.52,36.95
2021-09-18 16:00:00,28.0,0.48,39.38
2021-09-18 17:00:00,25.0,0.52,45.98
2021-09-18 18:00:00,25.0,0.52,51.68
2021-09-18 19:00:00,34.0,0.57,34.15
2021-09-18 20:00:00,63.0,0.5,66.5
2021-09-18 21:00:00,58.0,0.5166666666666667,81.75
2021-09-18 22:00:00,70.0,0.5333333333333333,97.0
2021-09-18 23:00:00,50.0,0.55,112.25
2021-09-19 00:00:00,19.0,0.68,67.53
2021-09-19 01:00:00,40.0,0.57,31.08
2021-09-19 02:00:00,27.0,0.55,40.0
2021-09-19 03:00:00,44.0,0.6,63.92
2021-09-19 04:00:00,48.0,0.52,31.02
2021-09-19 05:00:00,48.0,0.57,34.28
2021-09-19 06:00:00,81.0,0.5,80.72
2021-09-19 07:00:00,59.0,0.52,68.53
2021-09-19 08:00:00,36.0,0.43,74.78
2021-09-19 09:00:00,35.0,0.45,95.25
2021-09-19 10:00:00,17.0,0.45,78.22
2021-09-19 11:00:00,18.0,0.43,91.28
2021-09-19 12:00:00,14.0,0.4,88.2
2021-09-19 13:00:00,18.0,0.43,91.78
2021-09-19 14:00:00,16.0,0.43,92.02
2021-09-19 15:00:00,16.0,0.48,97.38
2021-09-19 16:00:00,19.0,0.45,119.78
2021-09-19 17:00:00,17.0,0.5,96.95
2021-09-19 18:00:00,18.0,0.48,107.42
2021-09-19 19:00:00,9.0,0.65,163.55
2021-09-19 20:00:00,19.0,0.8,155.05
2021-09-19 21:00:00,18.0,0.55,137.05
2021-09-19 22:00:00,27.0,0.52,129.3
2021-09-19 23:00:00,19.0,0.65,167.22
2021-09-20 00:00:00,19.0,0.75,168.5
2021-09-20 01:00:00,22.0,0.62,140.38
2021-09-20 02:00:00,22.0,0.57,168.72
2021-09-20 03:00:00,7.0,0.55,68.8
2021-09-20 04:00:00,24.0,0.78,44.72
2021-09-20 05:00:00,25.0,0.52,31.92
2021-09-20 06:00:00,62.0,0.73,56.28
2021-09-20 07:00:00,63.0,0.52,56.78
2021-09-20 08:00:00,66.0,0.5,91.85
2021-09-20 09:00:00,50.0,0.48,77.15
2021-09-20 10:00:00,31.0,0.43,80.95
2021-09-20 11:00:00,24.0,0.32,82.4
2021-09-20 12:00:00,17.0,0.45,106.93
2021-09-20 13:00:00,28.0,0.35,94.58
2021-09-20 14:00:00,14.0,0.48,66.62
2021-09-20 15:00:00,17.0,0.38,81.65
2021-09-20 16:00:00,18.0,0.5,69.35
2021-09-20 17:00:00,16.0,0.52,64.32
2021-09-20 18:00:00,19.0,0.5,144.9
2021-09-20 19:00:00,8.0,0.62,124.32
2021-09-20 20:00:00,22.0,1.0,158.45
2021-09-20 21:00:00,20.0,1.2,158.2
2021-09-20 22:00:00,23.0,0.85,158.12
2021-09-20 23:00:00,22.0,0.6,156.75
2021-09-21 00:00:00,30.0,0.62,155.42
2021-09-21 01:00:00,38.0,0.68,96.88
2021-09-21 02:00:00,29.0,0.3,96.1
2021-09-21 03:00:00,23.0,0.75,96.1
2021-09-21 04:00:00,22.0,0.55,94.22
2021-09-21 05:00:00,24.0,0.55,100.22
2021-09-21 06:00:00,30.0,0.57,82.8
2021-09-21 07:00:00,31.0,0.52,112.55
2021-09-21 08:00:00,34.0,0.48,109.9
2021-09-21 09:00:00,33.0,0.48,102.32
2021-09-21 10:00:00,27.0,0.45,91.43
2021-09-21 11:00:00,22.0,0.4,124.18
2021-09-21 12:00:00,23.0,0.35,75.62
2021-09-21 13:00:00,22.0,0.48,117.92
2021-09-21 14:00:00,18.0,0.5,120.08
2021-09-21 15:00:00,28.0,0.38,97.45
2021-09-21 16:00:00,23.0,0.4,214.18
2021-09-21 17:00:00,27.0,0.6,42.95
2021-09-21 18:00:00,29.25,0.52,96.38
2021-09-21 19:00:00,42.5,0.4,297.27
2021-09-21 20:00:00,36.0,0.3,281.9
2021-09-21 21:00:00,37.0,0.4,193.37
2021-09-21 22:00:00,29.25,0.6,93.6
2021-09-21 23:00:00,26.25,0.57,52.85
2021-09-22 00:00:00,32.25,1.17,65.47
2021-09-22 01:00:00,29.5,0.82,65.68
2021-09-22 02:00:00,29.75,0.5,38.65
2021-09-22 03:00:00,40.25,0.57,29.78
2021-09-22 04:00:00,60.0,0.57,38.12
2021-09-22 05:00:00,66.75,0.72,28.65
2021-09-22 06:00:00,51.0,0.55,39.42
2021-09-22 07:00:00,46.0,0.52,32.15
2021-09-22 08:00:00,25.5,0.5,42.05
2021-09-22 09:00:00,10.75,0.45,56.8
2021-09-22 10:00:00,14.75,0.45,57.53
2021-09-22 11:00:00,10.25,0.45,87.78
2021-09-22 12:00:00,7.25,0.48,70.12
2021-09-22 13:00:00,5.75,0.48,60.3
2021-09-22 14:00:00,9.25,0.45,103.7
2021-09-22 15:00:00,14.5,0.48,62.53
2021-09-22 16:00:00,22.0,0.48,182.27
2021-09-22 17:00:00,30.25,0.52,32.72
2021-09-22 18:00:00,29.25,0.52,46.05
2021-09-22 19:00:00,32.0,0.48,48.72
2021-09-22 20:00:00,31.25,0.5,66.75
2021-09-22 21:00:00,40.5,0.52,61.08
2021-09-22 22:00:00,49.25,0.5,54.25
2021-09-22 23:00:00,43.0,0.5,64.65
2021-09-23 00:00:00,15.25,0.52,68.65
2021-09-23 01:00:00,23.5,0.55,67.9
2021-09-23 02:00:00,26.0,0.55,61.32
2021-09-23 03:00:00,20.5,0.48,57.92
2021-09-23 04:00:00,21.5,0.55,61.15
2021-09-23 05:00:00,23.75,0.5,48.92
2021-09-23 06:00:00,33.75,0.52,56.4
2021-09-23 07:00:00,32.5,0.57,52.2
2021-09-23 08:00:00,36.75,0.48,80.1
2021-09-23 09:00:00,26.25,0.5,88.35
2021-09-23 10:00:00,24.0,0.48,105.48
2021-09-23 11:00:00,25.0,0.4,130.62
2021-09-23 12:00:00,22.0,0.43,127.7
2021-09-23 13:00:00,19.0,0.4,110.85
2021-09-23 14:00:00,19.25,0.4,110.18
2021-09-23 15:00:00,18.5,0.42,110.68
2021-09-23 16:00:00,15.0,0.5,138.4
2021-09-23 17:00:00,18.5,0.52,72.4
2021-09-23 18:00:00,22.0,0.68,56.42
2021-09-23 19:00:00,29.25,0.48,161.82
2021-09-23 20:00:00,31.75,0.38,289.05
2021-09-23 21:00:00,29.25,0.45,191.65
2021-09-23 22:00:00,26.75,0.45,21.08
2021-09-23 23:00:00,8.0,0.55,44.62
2021-09-24 00:00:00,6.0,0.52,37.05
2021-09-24 01:00:00,6.5,0.55,31.05
2021-09-24 02:00:00,9.25,0.6,37.45
2021-09-24 03:00:00,12.5,0.55,20.48
2021-09-24 04:00:00,15.0,0.6,6.95
2021-09-24 05:00:00,34.0,0.58,15.974999999999998
2021-09-24 06:00:00,46.75,0.56,24.999999999999996
2021-09-24 07:00:00,17.75,0.54,34.025
2021-09-24 08:00:00,13.75,0.52,43.05
2021-09-24 09:00:00,41.0,0.57,47.68
2021-09-24 10:00:00,41.25,0.5,77.25
2021-09-24 11:00:00,35.75,0.5,55.9
2021-09-24 12:00:00,37.5,0.52,42.52
2021-09-24 13:00:00,15.5,0.465,79.61500000000001
2021-09-24 14:00:00,14.25,0.41000000000000003,116.71000000000001
2021-09-24 15:00:00,29.0,0.355,153.805
2021-09-24 16:00:00,18.75,0.3,190.9
2021-09-24 17:00:00,31.75,0.82,212.82
2021-09-24 18:00:00,53.25,0.6,275.48
2021-09-24 19:00:00,49.0,0.45,310.33
2021-09-24 20:00:00,50.25,0.5,117.4
2021-09-24 21:00:00,36.5,0.55,31.4
2021-09-24 22:00:00,13.75,0.6,35.28
2021-09-24 23:00:00,20.5,0.55,31.18
2021-09-25 00:00:00,17.0,0.57,30.15
2021-09-25 01:00:00,20.75,0.6,53.72
2021-09-25 02:00:00,22.25,0.6,70.95
2021-09-25 03:00:00,21.25,0.57,10.48
2021-09-25 04:00:00,23.75,0.6,12.88
2021-09-25 05:00:00,22.0,0.6,6.78
2021-09-25 06:00:00,26.75,0.6,22.4
2021-09-25 07:00:00,25.5,0.62,35.05
2021-09-25 08:00:00,42.0,0.57,33.55
2021-09-25 09:00:00,66.25,0.52,194.9
2021-09-25 10:00:00,55.5,0.35,263.0
2021-09-25 11:00:00,44.5,0.52,21.65
2021-09-25 12:00:00,34.0,0.45,97.75
2021-09-25 13:00:00,32.75,0.5,14.5
2021-09-25 14:00:00,30.25,0.42,76.3
2021-09-25 15:00:00,33.75,0.52,28.98
2021-09-25 16:00:00,33.0,0.45,95.85
2021-09-25 17:00:00,32.25,0.57,24.15
2021-09-25 18:00:00,34.25,0.5,53.45
2021-09-25 19:00:00,43.5,0.52,90.4
2021-09-25 20:00:00,38.5,0.48,28.0
2021-09-25 21:00:00,47.0,0.48,90.82
2021-09-25 22:00:00,19.5,0.48,96.08
2021-09-25 23:00:00,9.5,0.55,68.82
2021-09-26 00:00:00,14.25,0.5,65.03
2021-09-26 01:00:00,23.5,0.5,39.08
2021-09-26 02:00:00,23.25,0.5,40.22
2021-09-26 03:00:00,28.75,0.55,44.22
2021-09-26 04:00:00,34.0,0.55,58.32
2021-09-26 05:00:00,41.25,0.52,46.53
2021-09-26 06:00:00,58.5,0.55,61.58
2021-09-26 07:00:00,46.25,0.55,140.3
2021-09-26 08:00:00,45.0,0.45,63.82
2021-09-26 09:00:00,36.75,0.52,50.5
2021-09-26 10:00:00,52.5,0.5,54.2
2021-09-26 11:00:00,40.5,0.5,35.95
2021-09-26 12:00:00,41.5,0.48,38.65
2021-09-26 13:00:00,29.5,0.48,54.68
2021-09-26 14:00:00,24.75,0.4,66.22
2021-09-26 15:00:00,24.0,0.52,50.38
2021-09-26 16:00:00,23.0,0.48,45.6
2021-09-26 17:00:00,23.25,0.52,52.4
2021-09-26 18:00:00,34.75,0.55,42.6
2021-09-26 19:00:00,40.5,0.4,46.22
2021-09-26 20:00:00,44.5,0.5,59.68
2021-09-26 21:00:00,50.75,0.57,65.82
2021-09-26 22:00:00,45.0,0.57,84.32
2021-09-26 23:00:00,40.25,0.57,99.38
2021-09-27 00:00:00,47.0,0.48,62.82
2021-09-27 01:00:00,54.75,0.62,22.83
2021-09-27 02:00:00,54.25,0.77,52.45
2021-09-27 03:00:00,62.0,0.45,62.7
2021-09-27 04:00:00,56.5,0.5,33.9
2021-09-27 05:00:00,58.0,0.3,24.72
2021-09-27 06:00:00,54.5,0.3,26.02
2021-09-27 07:00:00,49.75,0.55,35.88
2021-09-27 08:00:00,70.0,0.5,65.53
2021-09-27 09:00:00,71.25,0.5,117.55
2021-09-27 10:00:00,45.75,0.52,153.98
2021-09-27 11:00:00,48.5,0.45,191.9
2021-09-27 12:00:00,73.75,0.4,108.32
2021-09-27 13:00:00,63.75,0.42,196.88
2021-09-27 14:00:00,57.75,0.48,13.82
2021-09-27 15:00:00,41.5,0.43,90.6
2021-09-27 16:00:00,40.5,0.48,171.82
2021-09-27 17:00:00,42.0,0.52,99.88
2021-09-27 18:00:00,44.5,0.6,39.45
2021-09-27 19:00:00,54.25,0.55,294.27
2021-09-27 20:00:00,66.0,0.75,251.35
2021-09-27 21:00:00,81.0,0.55,92.85
2021-09-27 22:00:00,88.0,0.7,3.2
2021-09-27 23:00:00,82.75,0.6692307692307692,10.396153846153847
2021-09-28 00:00:00,67.0,0.6384615384615384,17.592307692307692
2021-09-28 01:00:00,61.666666666666664,0.6076923076923076,24.788461538461537
2021-09-28 02:00:00,56.333333333333336,,
2021-09-28 03:00:00,51.0,,
2021-09-28 04:00:00,,,
2021-09-28 05:00:00,,,
2021-09-28 06:00:00,,,
2021-09-28 07:00:00,,,
2021-09-28 08:00:00,,,
2021-09-28 09:00:00,,,
2021-09-28 10:00:00,,,
2021-09-28 11:00:00,,0.3,96.75
2021-09-28 12:00:00,3.0,0.35,104.28
2021-09-28 13:00:00,11.0,0.42,65.88
2021-09-28 14:00:00,18.0,0.4,68.88
2021-09-28 15:00:00,9.0,0.43,60.22
2021-09-28 16:00:00,12.0,0.45,43.82
2021-09-28 17:00:00,17.0,0.38,54.62
2021-09-28 18:00:00,22.0,0.52,47.55
2021-09-28 19:00:00,19.0,0.52,44.3
2021-09-28 20:00:00,42.0,0.57,32.25
2021-09-28 21:00:00,45.0,0.57,53.02
2021-09-28 22:00:00,39.0,0.57,56.7
2021-09-28 23:00:00,41.0,0.57,37.75
2021-09-29 00:00:00,44.0,0.55,43.28
2021-09-29 01:00:00,62.0,0.48,127.95
2021-09-29 02:00:00,50.0,0.43,59.18
2021-09-29 03:00:00,39.0,0.55,58.6
2021-09-29 04:00:00,40.0,0.52,42.78
2021-09-29 05:00:00,27.0,0.52,37.7
2021-09-29 06:00:00,29.0,0.52,35.83
2021-09-29 07:00:00,42.0,0.5,47.85
2021-09-29 08:00:00,38.0,0.43,81.25
2021-09-29 09:00:00,35.0,0.4,79.92
2021-09-29 10:00:00,19.0,0.38,84.35
2021-09-29 11:00:00,22.0,0.4,70.68
2021-09-29 12:00:00,18.0,0.4,78.42
2021-09-29 13:00:00,17.0,0.4,84.5
2021-09-29 14:00:00,19.0,0.4,89.28
2021-09-29 15:00:00,17.0,0.45,69.0
2021-09-29 16:00:00,11.0,0.5,65.42
2021-09-29 17:00:00,16.0,0.57,33.72
2021-09-29 18:00:00,24.0,0.6,41.7
2021-09-29 19:00:00,23.0,0.68,34.12
2021-09-29 20:00:00,51.0,0.62,57.1
2021-09-29 21:00:00,58.0,0.57,65.72
2021-09-29 22:00:00,58.0,0.52,49.25
2021-09-29 23:00:00,45.0,0.57,58.35
2021-09-30 00:00:00,36.0,0.48,68.95
2021-09-30 01:00:00,23.0,0.57,74.7
2021-09-30 02:00:00,25.0,0.52,80.9
2021-09-30 03:00:00,31.0,0.48,85.22
2021-09-30 04:00:00,30.0,0.68,53.82
2021-09-30 05:00:00,31.0,0.5,42.7
2021-09-30 06:00:00,50.0,0.55,27.65
2021-09-30 07:00:00,69.0,0.57,81.65
2021-09-30 08:00:00,35.0,0.5,73.7
2021-09-30 09:00:00,31.0,0.5,98.9
2021-09-30 10:00:00,27.0,0.42,123.45
2021-09-30 11:00:00,30.0,0.52,135.2
2021-09-30 12:00:00,23.0,0.42,115.32
2021-09-30 13:00:00,20.0,0.55,61.47
2021-09-30 14:00:00,29.0,0.52,48.32
2021-09-30 15:00:00,33.0,0.5,30.65
2021-09-30 16:00:00,30.0,0.42,108.82
2021-09-30 17:00:00,27.0,0.45,155.2
2021-09-30 18:00:00,18.0,0.65,125.22
2021-09-30 19:00:00,24.0,0.65,231.0
2021-09-30 20:00:00,35.0,0.62,233.9
2021-09-30 21:00:00,40.0,0.65,233.88
2021-09-30 22:00:00,36.0,0.62,233.8
2021-09-30 23:00:00,31.0,0.55,233.78
2021-10-01 00:00:00,31.0,0.5,233.78
2021-10-01 01:00:00,33.0,0.73,233.8
2021-10-01 02:00:00,30.0,0.52,233.78
2021-10-01 03:00:00,40.0,0.45,233.78
2021-10-01 04:00:00,55.0,0.43,202.88
2021-10-01 05:00:00,61.0,0.5,8.78
2021-10-01 06:00:00,77.0,0.62,9.18
2021-10-01 07:00:00,94.0,0.55,44.3
2021-10-01 08:00:00,82.0,0.62,53.38
2021-10-01 09:00:00,70.0,0.62,63.32
2021-10-01 10:00:00,58.0,0.55,173.8
2021-10-01 11:00:00,46.0,0.5,169.02
2021-10-01 12:00:00,47.0,0.62,89.75
2021-10-01 13:00:00,40.0,0.5,98.92
2021-10-01 14:00:00,42.0,0.4,154.2
2021-10-01 15:00:00,45.0,0.45,173.0
2021-10-01 16:00:00,42.0,0.55,146.4
2021-10-01 17:00:00,36.0,0.57,174.08
2021-10-01 18:00:00,38.0,0.52,173.72
2021-10-01 19:00:00,47.0,0.42,173.7
2021-10-01 20:00:00,50.0,0.78,173.7
2021-10-01 21:00:00,50.0,0.7,173.7
2021-10-01 22:00:00,46.0,0.68,173.68
2021-10-01 23:00:00,47.0,0.77,173.62
2021-10-02 00:00:00,46.0,0.65,173.62
2021-10-02 01:00:00,59.0,0.6,173.35
2021-10-02 02:00:00,99.0,0.55,173.32
2021-10-02 03:00:00,99.0,0.52,173.3
2021-10-02 04:00:00,97.0,0.5,173.3
2021-10-02 05:00:00,88.0,0.72,173.3
2021-10-02 06:00:00,85.66666666666667,0.62,173.38
2021-10-02 07:00:00,83.33333333333333,0.52,211.1
2021-10-02 08:00:00,81.0,0.52,221.1
2021-10-02 09:00:00,73.0,0.55,213.8
2021-10-02 10:00:00,78.0,0.57,249.58
2021-10-02 11:00:00,55.0,0.55,247.08
2021-10-02 12:00:00,39.0,0.5,247.12
2021-10-02 13:00:00,40.0,0.55,251.32
2021-10-02 14:00:00,36.0,0.52,233.72
2021-10-02 15:00:00,46.0,0.55,241.8
2021-10-02 16:00:00,31.0,0.57,267.35
2021-10-02 17:00:00,36.0,0.62,266.32
2021-10-02 18:00:00,42.0,0.6,261.65
2021-10-02 19:00:00,47.0,0.68,262.88
2021-10-02 20:00:00,64.0,0.62,265.32
2021-10-02 21:00:00,58.0,0.7,270.12
2021-10-02 22:00:00,57.0,1.02,269.95
2021-10-02 23:00:00,50.0,0.57,270.83
2021-10-03 00:00:00,55.0,0.6,266.92
2021-10-03 01:00:00,58.0,0.52,264.2
2021-10-03 02:00:00,47.0,0.55,270.27
2021-10-03 03:00:00,57.0,0.62,276.8
2021-10-03 04:00:00,63.0,0.52,277.2
2021-10-03 05:00:00,57.0,0.62,277.3
2021-10-03 06:00:00,72.0,0.45,259.38
2021-10-03 07:00:00,59.0,0.57,188.3
2021-10-03 08:00:00,50.0,0.6,203.32
2021-10-03 09:00:00,48.0,0.55,217.85
2021-10-03 10:00:00,53.0,0.52,225.15
2021-10-03 11:00:00,35.0,0.5,227.32
2021-10-03 12:00:00,18.0,0.5,240.35
2021-10-03 13:00:00,14.0,0.57,238.65
2021-10-03 14:00:00,14.0,0.57,251.82
2021-10-03 15:00:00,16.0,0.55,257.23
2021-10-03 16:00:00,18.0,0.55,243.2
2021-10-03 17:00:00,18.0,0.6,226.48
2021-10-03 18:00:00,17.5,0.6,220.48
2021-10-03 19:00:00,17.0,0.57,225.42
2021-10-03 20:00:00,24.0,0.58,203.4
2021-10-03 21:00:00,27.0,0.45,201.75
2021-10-03 22:00:00,38.0,0.95,246.32
2021-10-03 23:00:00,38.0,1.0,257.4
2021-10-04 00:00:00,30.0,0.38,195.32
2021-10-04 01:00:00,25.0,0.35,188.7
2021-10-04 02:00:00,22.0,0.3,252.28
2021-10-04 03:00:00,30.0,0.45,241.42
2021-10-04 04:00:00,24.0,0.65,213.18
2021-10-04 05:00:00,23.0,0.55,231.88
2021-10-04 06:00:00,28.0,0.6,205.15
2021-10-04 07:00:00,30.0,0.6,209.85
2021-10-04 08:00:00,30.0,0.57,221.88
2021-10-04 09:00:00,31.0,0.57,228.45
2021-10-04 10:00:00,22.0,0.57,240.48
2021-10-04 11:00:00,25.0,0.5,245.32
2021-10-04 12:00:00,19.0,0.48,248.38
2021-10-04 13:00:00,18.0,0.52,227.23
2021-10-04 14:00:00,18.0,0.55,225.95
2021-10-04 15:00:00,28.0,0.55,213.1
2021-10-04 16:00:00,16.0,0.57,240.73
2021-10-04 17:00:00,12.0,0.68,183.62
2021-10-04 18:00:00,14.0,1.2,179.5
2021-10-04 19:00:00,19.0,1.2,159.18
2021-10-04 20:00:00,36.0,1.08,155.02
2021-10-04 21:00:00,38.0,0.55,54.45
2021-10-04 22:00:00,56.0,0.7,35.35
2021-10-04 23:00:00,51.0,0.65,54.2
2021-10-05 00:00:00,46.0,0.55,58.2
2021-10-05 01:00:00,96.0,0.5,34.55
2021-10-05 02:00:00,75.0,0.45,26.22
2021-10-05 03:00:00,34.0,0.57,29.08
2021-10-05 04:00:00,18.0,0.52,37.88
2021-10-05 05:00:00,24.0,0.62,15.4
2021-10-05 06:00:00,25.0,0.45,17.4
2021-10-05 07:00:00,33.0,0.55,54.98
2021-10-05 08:00:00,38.0,0.48,60.88
2021-10-05 09:00:00,45.0,0.48,106.55
2021-10-05 10:00:00,55.0,0.48,140.22
2021-10-05 11:00:00,57.0,0.45,36.38
2021-10-05 12:00:00,77.0,0.38,165.5
2021-10-05 13:00:00,81.0,0.52,22.3
2021-10-05 14:00:00,57.0,0.48,88.95
2021-10-05 15:00:00,47.0,0.43,325.95
2021-10-05 16:00:00,53.0,0.52,249.88
2021-10-05 17:00:00,47.0,0.42,245.35
2021-10-05 18:00:00,38.0,0.52,182.12
2021-10-05 19:00:00,39.0,0.57,205.28
2021-10-05 20:00:00,24.0,0.7,206.25
2021-10-05 21:00:00,31.0,0.65,223.85
2021-10-05 22:00:00,35.0,0.6,257.08
2021-10-05 23:00:00,29.0,0.57,238.55
2021-10-06 00:00:00,36.0,0.6,223.15
2021-10-06 01:00:00,45.0,0.68,255.18
2021-10-06 02:00:00,47.0,0.8,142.17
2021-10-06 03:00:00,59.0,1.02,17.32
2021-10-06 04:00:00,68.0,0.57,267.55
2021-10-06 05:00:00,64.0,0.5,312.0
2021-10-06 06:00:00,78.0,0.55,227.15
2021-10-06 07:00:00,77.0,0.73,230.88
2021-10-06 08:00:00,94.0,0.48,159.78
2021-10-06 09:00:00,86.0,0.45,275.7
2021-10-06 10:00:00,78.0,0.43,141.05
2021-10-06 11:00:00,55.0,0.48,196.18
2021-10-06 12:00:00,48.0,0.4,256.5
2021-10-06 13:00:00,47.0,0.45,254.85
2021-10-06 14:00:00,40.0,0.48,282.75
2021-10-06 15:00:00,56.0,0.52,281.9
2021-10-06 16:00:00,41.25,0.48,278.38
2021-10-06 17:00:00,45.5,0.57,261.35
2021-10-06 18:00:00,54.5,0.6,259.77
2021-10-06 19:00:00,49.5,0.6,262.02
2021-10-06 20:00:00,47.5,0.57,266.15
2021-10-06 21:00:00,44.25,0.57,256.77
2021-10-06 22:00:00,39.25,0.52,268.23
2021-10-06 23:00:00,44.75,0.57,262.23
2021-10-07 00:00:00,60.25,0.6,265.82
2021-10-07 01:00:00,61.0,0.62,254.47
2021-10-07 02:00:00,52.25,0.57,254.0
2021-10-07 03:00:00,50.25,0.6,268.25
2021-10-07 04:00:00,47.25,0.62,243.85
2021-10-07 05:00:00,61.0,0.52,220.32
2021-10-07 06:00:00,58.25,0.57,244.75
2021-10-07 07:00:00,69.5,0.6,237.52
2021-10-07 08:00:00,75.0,0.57,237.8
2021-10-07 09:00:00,79.25,0.57,237.88
2021-10-07 10:00:00,84.5,0.55,228.72
2021-10-07 11:00:00,86.75,0.52,235.2
2021-10-07 12:00:00,77.0,0.5,252.18
2021-10-07 13:00:00,67.0,0.5,270.88
2021-10-07 14:00:00,62.0,0.48,264.18
2021-10-07 15:00:00,52.5,0.55,257.08
2021-10-07 16:00:00,44.75,0.57,266.85
2021-10-07 17:00:00,53.5,0.57,253.35
2021-10-07 18:00:00,54.25,0.55,262.25
2021-10-07 19:00:00,55.0,0.55,260.8
2021-10-07 20:00:00,64.5,0.57,260.5
2021-10-07 21:00:00,66.5,0.82,204.25
2021-10-07 22:00:00,68.25,0.32,52.72
2021-10-07 23:00:00,69.75,0.5,282.12
2021-10-08 00:00:00,70.75,0.57,272.98
2021-10-08 01:00:00,66.25,0.48,269.58
2021-10-08 02:00:00,65.5,0.3,269.45
2021-10-08 03:00:00,68.25,0.3,269.42
2021-10-08 04:00:00,65.75,0.3,269.38
2021-10-08 05:00:00,75.25,1.15,263.2
2021-10-08 06:00:00,78.75,0.7,209.32
2021-10-08 07:00:00,77.0,0.57,192.58
2021-10-08 08:00:00,75.25,0.6,196.62
2021-10-08 09:00:00,76.75,0.57,209.38
2021-10-08 10:00:00,70.0,0.57,221.5
2021-10-08 11:00:00,67.75,0.5,244.38
2021-10-08 12:00:00,59.75,0.48,249.98
2021-10-08 13:00:00,55.75,0.45,273.77
2021-10-08 14:00:00,52.5,0.48,275.32
2021-10-08 15:00:00,43.25,0.55,274.1
2021-10-08 16:00:00,38.75,0.5,272.8
2021-10-08 17:00:00,42.5,0.57,272.18
2021-10-08 18:00:00,49.5,0.62,264.17
2021-10-08 19:00:00,62.0,0.4,271.02
2021-10-08 20:00:00,82.75,0.57,271.85
2021-10-08 21:00:00,100.0,0.38,271.8
2021-10-08 22:00:00,100.0,0.57,271.7
2021-10-08 23:00:00,98.33333333333333,0.3,271.38
2021-10-09 00:00:00,96.66666666666667,0.3,270.95
2021-10-09 01:00:00,95.0,0.3,270.75
2021-10-09 02:00:00,93.5,0.3,270.9
2021-10-09 03:00:00,89.75,0.55,239.1
2021-10-09 04:00:00,91.75,0.62,237.72
2021-10-09 05:00:00,88.25,0.5,237.72
2021-10-09 06:00:00,76.0,0.35,173.28
2021-10-09 07:00:00,65.5,0.55,142.57
2021-10-09 08:00:00,72.5,0.85,165.6
2021-10-09 09:00:00,79.75,0.57,209.77
2021-10-09 10:00:00,76.0,0.55,215.52
2021-10-09 11:00:00,68.25,0.55,229.62
2021-10-09 12:00:00,72.75,0.5,226.5
2021-10-09 13:00:00,69.25,0.55,234.62
2021-10-09 14:00:00,46.75,0.57,238.18
2021-10-09 15:00:00,31.75,0.57,235.2
2021-10-09 16:00:00,34.25,0.55,260.02
2021-10-09 17:00:00,35.75,0.6,264.77
2021-10-09 18:00:00,40.25,0.48,262.83
2021-10-09 19:00:00,47.0,0.48,262.67
2021-10-09 20:00:00,64.33333333333333,0.68,298.6
2021-10-09 21:00:00,81.66666666666666,0.55,311.52
2021-10-09 22:00:00,99.0,0.55,311.48
2021-10-09 23:00:00,99.0,0.72,311.48
2021-10-10 00:00:00,98.25,0.48,311.4
2021-10-10 01:00:00,94.5,0.4,311.33
2021-10-10 02:00:00,91.0,0.78,311.38
2021-10-10 03:00:00,93.5,0.4,266.5
2021-10-10 04:00:00,90.25,0.3,264.67
2021-10-10 05:00:00,82.25,0.3,264.6
2021-10-10 06:00:00,73.0,0.3,264.6
2021-10-10 07:00:00,71.75,0.4,230.2
2021-10-10 08:00:00,79.0,0.5,224.9
2021-10-10 09:00:00,85.0,0.5,251.02
2021-10-10 10:00:00,69.0,0.48,229.05
2021-10-10 11:00:00,64.75,0.55,227.7
2021-10-10 12:00:00,53.0,0.5,236.12
2021-10-10 13:00:00,51.0,0.52,241.52
2021-10-10 14:00:00,36.0,0.57,243.88
2021-10-10 15:00:00,33.0,0.52,245.25
2021-10-10 16:00:00,33.0,0.52,273.77
2021-10-10 17:00:00,33.5,0.6,255.82
2021-10-10 18:00:00,36.0,0.57,246.45
2021-10-10 19:00:00,42.5,0.58,246.38
2021-10-10 20:00:00,57.0,0.82,246.35
2021-10-10 21:00:00,76.0,0.58,246.3
2021-10-10 22:00:00,97.0,0.35,246.3
2021-10-10 23:00:00,94.0,0.88,246.3
2021-10-11 00:00:00,91.0,0.62,246.28
2021-10-11 01:00:00,88.0,0.6,246.55
2021-10-11 02:00:00,85.0,0.3,247.0
2021-10-11 03:00:00,80.75,0.3,246.98
2021-10-11 04:00:00,67.0,0.3,247.05
2021-10-11 05:00:00,62.75,0.3,247.25
2021-10-11 06:00:00,59.0,0.3,246.45
2021-10-11 07:00:00,60.25,0.52,247.12
2021-10-11 08:00:00,67.75,0.52,235.32
2021-10-11 09:00:00,79.0,0.55,234.98
2021-10-11 10:00:00,69.75,0.6,221.45
2021-10-11 11:00:00,41.25,0.57,240.18
2021-10-11 12:00:00,36.5,0.57,230.8
2021-10-11 13:00:00,29.5,0.5,238.45
2021-10-11 14:00:00,30.25,0.52,234.98
2021-10-11 15:00:00,28.75,0.5,272.17
2021-10-11 16:00:00,30.75,0.57,254.98
2021-10-11 17:00:00,31.5,0.55,267.65
2021-10-11 18:00:00,46.75,0.5,298.28
2021-10-11 19:00:00,81.75,0.48,252.82
2021-10-11 20:00:00,91.75,0.62,311.25
2021-10-11 21:00:00,92.0,0.6,311.42
2021-10-11 22:00:00,79.0,0.62,311.15
2021-10-11 23:00:00,81.0,0.92,311.05
2021-10-12 00:00:00,67.25,0.73,311.0
2021-10-12 01:00:00,62.0,0.5,311.0
2021-10-12 02:00:00,68.5,0.45,160.05
2021-10-12 03:00:00,88.0,0.48,2.7
2021-10-12 04:00:00,92.0,0.52,2.7
2021-10-12 05:00:00,96.0,0.52,2.7
2021-10-12 06:00:00,94.75,0.5,26.1
2021-10-12 07:00:00,91.0,0.6,79.53
2021-10-12 08:00:00,90.0,0.6,110.75
2021-10-12 09:00:00,89.0,0.6,194.3
2021-10-12 10:00:00,82.25,0.57,194.75
2021-10-12 11:00:00,58.0,0.6,211.6
2021-10-12 12:00:00,44.0,0.48,262.05
2021-10-12 13:00:00,36.25,0.5,247.5
2021-10-12 14:00:00,29.25,0.45,255.15
2021-10-12 15:00:00,24.0,0.52,273.1
2021-10-12 16:00:00,24.25,0.57,263.82
2021-10-12 17:00:00,26.5,0.6,262.48
2021-10-12 18:00:00,33.75,0.65,268.38
2021-10-12 19:00:00,44.5,0.6,264.62
2021-10-12 20:00:00,55.0,0.6,264.82
2021-10-12 21:00:00,71.0,0.6,255.62
2021-10-12 22:00:00,89.0,0.6,263.75
2021-10-12 23:00:00,82.5,0.55,280.85
2021-10-13 00:00:00,89.75,0.42,277.23
2021-10-13 01:00:00,89.0,0.57,264.82
2021-10-13 02:00:00,96.0,0.57,254.9
2021-10-13 03:00:00,95.5,0.57,267.25
2021-10-13 04:00:00,95.5,0.55,272.45
2021-10-13 05:00:00,100.0,0.57,275.62
2021-10-13 06:00:00,100.0,0.6,296.08
2021-10-13 07:00:00,99.66666666666667,0.52,288.62
2021-10-13 08:00:00,99.33333333333333,0.55,270.4
2021-10-13 09:00:00,99.0,0.52,279.9
2021-10-13 10:00:00,97.75,0.5,255.95
2021-10-13 11:00:00,90.25,0.52,255.68
2021-10-13 12:00:00,73.0,0.5,255.65
2021-10-13 13:00:00,53.0,0.52,256.45
2021-10-13 14:00:00,46.5,0.5,264.38
2021-10-13 15:00:00,45.0,0.52,257.32
2021-10-13 16:00:00,44.75,0.57,273.08
2021-10-13 17:00:00,47.5,0.6,259.73
2021-10-13 18:00:00,66.0,0.6,269.38
2021-10-13 19:00:00,90.0,0.55,283.55
2021-10-13 20:00:00,99.0,0.57,264.7
2021-10-13 21:00:00,98.25,0.6,264.55
2021-10-13 22:00:00,92.0,0.7,262.23
2021-10-13 23:00:00,79.25,0.6,261.77
2021-10-14 00:00:00,74.75,0.62,264.8
2021-10-14 01:00:00,68.0,0.65,272.0
2021-10-14 02:00:00,67.75,0.5,264.85
2021-10-14 03:00:00,67.0,0.55,236.18
2021-10-14 04:00:00,94.0,0.55,219.78
2021-10-14 05:00:00,94.0,0.65,224.85
2021-10-14 06:00:00,96.5,0.62,226.55
2021-10-14 07:00:00,99.0,0.6,261.48
2021-10-14 08:00:00,97.0,0.55,250.82
2021-10-14 09:00:00,91.0,0.52,255.45
2021-10-14 10:00:00,89.33333333333333,0.57,258.0
2021-10-14 11:00:00,87.66666666666667,0.52,265.85
2021-10-14 12:00:00,86.0,0.55,255.15
2021-10-14 13:00:00,58.0,0.52,245.32
2021-10-14 14:00:00,47.0,0.52,245.95
2021-10-14 15:00:00,51.0,0.5,255.68
2021-10-14 16:00:00,46.0,0.5,251.18
2021-10-14 17:00:00,53.0,0.6,255.92
2021-10-14 18:00:00,52.0,0.62,262.08
2021-10-14 19:00:00,69.0,0.6,254.2
2021-10-14 20:00:00,80.0,0.6,231.98
2021-10-14 21:00:00,88.0,0.57,252.6
2021-10-14 22:00:00,96.0,0.6,266.67
2021-10-14 23:00:00,90.0,0.55,248.3
2021-10-15 00:00:00,75.0,0.57,265.73
2021-10-15 01:00:00,77.0,0.5,267.7
2021-10-15 02:00:00,74.0,0.7,266.8
2021-10-15 03:00:00,74.0,0.52,226.27
2021-10-15 04:00:00,83.0,0.55,262.1
2021-10-15 05:00:00,81.0,0.55,263.42
2021-10-15 06:00:00,83.57142857142857,0.65,239.0
2021-10-15 07:00:00,86.14285714285714,0.6,255.18
2021-10-15 08:00:00,88.71428571428572,0.55,235.22
2021-10-15 09:00:00,,0.6,234.73
2021-10-15 10:00:00,,0.5,237.32
2021-10-15 11:00:00,,0.45,249.18
2021-10-15 12:00:00,99.0,0.45,231.18
2021-10-15 13:00:00,90.0,0.43,239.42
2021-10-15 14:00:00,91.0,0.45,227.48
2021-10-15 15:00:00,73.0,0.52,237.92
2021-10-15 16:00:00,63.0,0.57,271.67
2021-10-15 17:00:00,57.0,0.57,277.25
2021-10-15 18:00:00,64.0,0.55,273.95
2021-10-15 19:00:00,73.0,0.88,273.9
2021-10-15 20:00:00,73.66666666666667,0.5,273.8
2021-10-15 21:00:00,74.33333333333333,0.55,273.75
2021-10-15 22:00:00,75.0,0.62,273.73
2021-10-15 23:00:00,,0.38,273.7
2021-10-16 00:00:00,,0.68,273.67
2021-10-16 01:00:00,,0.55,273.62
2021-10-16 02:00:00,,0.75,273.6
2021-10-16 03:00:00,,0.3,273.6
2021-10-16 04:00:00,,0.3,273.6
2021-10-16 05:00:00,,0.4,273.6
2021-10-16 06:00:00,,0.57,281.95
2021-10-16 07:00:00,,0.43,312.08
2021-10-16 08:00:00,,0.43,312.25
2021-10-16 09:00:00,,0.52,285.88
2021-10-16 10:00:00,,0.45,321.27
2021-10-16 11:00:00,,0.43,269.0
2021-10-16 12:00:00,,0.32,155.4
2021-10-16 13:00:00,,0.32,292.27
2021-10-16 14:00:00,,0.52,21.25
2021-10-16 15:00:00,,0.6,27.05
2021-10-16 16:00:00,,0.54,17.175
2021-10-16 17:00:00,,0.48,7.3
2021-10-16 18:00:00,,0.68,7.3
2021-10-16 19:00:00,,0.6,7.3
2021-10-16 20:00:00,,0.6,7.32
2021-10-16 21:00:00,,0.45,7.3
2021-10-16 22:00:00,,0.3,7.3
2021-10-16 23:00:00,,0.78,7.28
2021-10-17 00:00:00,,0.3,7.25
2021-10-17 01:00:00,,0.3,7.22
2021-10-17 02:00:00,,0.52,15.98
2021-10-17 03:00:00,,0.72,19.88
2021-10-17 04:00:00,,0.88,38.62
2021-10-17 05:00:00,,0.6,38.95
2021-10-17 06:00:00,,0.57,23.22
2021-10-17 07:00:00,97.0,0.5,276.88
2021-10-17 08:00:00,97.0,0.5,102.05
2021-10-17 09:00:00,97.0,0.52,22.35
2021-10-17 10:00:00,86.75,0.5,176.25
2021-10-17 11:00:00,53.0,0.45,180.2
2021-10-17 12:00:00,43.0,0.43,177.92
2021-10-17 13:00:00,33.0,0.48,48.12
2021-10-17 14:00:00,11.0,0.5,36.45
2021-10-17 15:00:00,11.0,0.5,18.75
2021-10-17 16:00:00,20.5,0.45,22.42
2021-10-17 17:00:00,19.25,0.55,40.4
2021-10-17 18:00:00,10.0,0.5,46.45
2021-10-17 19:00:00,9.75,0.52,27.0
2021-10-17 20:00:00,19.25,0.5,41.65
2021-10-17 21:00:00,21.5,0.55,44.58
2021-10-17 22:00:00,18.25,0.6,14.45
2021-10-17 23:00:00,25.25,0.5,235.28
2021-10-18 00:00:00,31.25,0.48,241.28
2021-10-18 01:00:00,22.25,0.48,303.85
2021-10-18 02:00:00,43.75,0.48,325.1
2021-10-18 03:00:00,88.0,0.55,119.85
2021-10-18 04:00:00,59.0,0.5,29.18
2021-10-18 05:00:00,30.0,0.48,32.5
2021-10-18 06:00:00,1.0,0.48,27.45
2021-10-18 07:00:00,1.25,0.5,38.1
2021-10-18 08:00:00,2.25,0.5,41.53
2021-10-18 09:00:00,5.75,0.5,36.38
2021-10-18 10:00:00,12.75,0.5,39.2
2021-10-18 11:00:00,10.75,0.5,27.3
2021-10-18 12:00:00,15.0,0.48,8.85
2021-10-18 13:00:00,12.25,0.45,101.05
2021-10-18 14:00:00,13.25,0.43,336.67
2021-10-18 15:00:00,16.25,0.4,341.92
2021-10-18 16:00:00,24.5,0.45,280.83
2021-10-18 17:00:00,26.5,0.48,296.12
2021-10-18 18:00:00,21.25,0.6,196.42
2021-10-18 19:00:00,27.25,0.6,253.45
2021-10-18 20:00:00,23.75,0.8,252.35
2021-10-18 21:00:00,22.5,0.7,234.8
2021-10-18 22:00:00,31.5,0.48,237.98
2021-10-18 23:00:00,36.0,0.55,265.18
2021-10-19 00:00:00,38.25,0.6,265.73
2021-10-19 01:00:00,43.5,0.57,265.05
2021-10-19 02:00:00,38.25,0.6,256.15
2021-10-19 03:00:00,35.75,0.6,261.75
2021-10-19 04:00:00,34.0,0.6,254.55
2021-10-19 05:00:00,32.25,0.6,263.3
2021-10-19 06:00:00,36.75,0.6,258.55
2021-10-19 07:00:00,40.5,0.6,244.82
2021-10-19 08:00:00,45.25,0.52,236.35
2021-10-19 09:00:00,45.0,0.55,236.88
2021-10-19 10:00:00,40.25,0.5,248.42
2021-10-19 11:00:00,38.25,0.5,251.15
2021-10-19 12:00:00,46.25,0.5,253.7
2021-10-19 13:00:00,39.25,0.5,262.35
2021-10-19 14:00:00,33.75,0.52,249.05
2021-10-19 15:00:00,40.25,0.52,247.6
2021-10-19 16:00:00,66.75,0.55,247.75
2021-10-19 17:00:00,82.25,0.57,238.98
2021-10-19 18:00:00,86.0,0.57,226.8
2021-10-19 19:00:00,85.10526315789474,0.6,225.52
2021-10-19 20:00:00,84.21052631578948,0.55,247.45
2021-10-19 21:00:00,83.3157894736842,0.6,244.72
2021-10-19 22:00:00,,0.52,254.0
2021-10-19 23:00:00,,0.6,261.3
2021-10-20 00:00:00,,0.48,261.23
2021-10-20 01:00:00,,0.57,261.2
2021-10-20 02:00:00,,0.6,261.2
2021-10-20 03:00:00,,0.65,261.45
2021-10-20 04:00:00,,0.43,261.6
2021-10-20 05:00:00,,0.6,230.68
2021-10-20 06:00:00,,0.8,209.88
2021-10-20 07:00:00,,0.6,209.28
2021-10-20 08:00:00,,0.6,217.72
2021-10-20 09:00:00,,0.6,217.1
2021-10-20 10:00:00,,0.57,229.85
2021-10-20 11:00:00,,0.5,242.32
2021-10-20 12:00:00,,0.55,243.25
2021-10-20 13:00:00,69.0,0.5,252.62
2021-10-20 14:00:00,69.0,0.5,266.17
2021-10-20 15:00:00,61.0,0.52,259.25
2021-10-20 16:00:00,61.0,0.6,256.25
2021-10-20 17:00:00,79.0,0.62,237.72
2021-10-20 18:00:00,79.18181818181819,0.8,241.65
2021-10-20 19:00:00,79.36363636363636,0.43,241.62
2021-10-20 20:00:00,79.54545454545455,0.9,241.5
2021-10-20 21:00:00,,0.45,251.72
2021-10-20 22:00:00,,0.38,265.45
2021-10-20 23:00:00,,1.2,265.3
2021-10-21 00:00:00,,1.2,265.05
2021-10-21 01:00:00,,0.92,263.58
2021-10-21 02:00:00,,0.82,251.12
2021-10-21 03:00:00,,0.7,208.15
2021-10-21 04:00:00,81.0,0.7,236.32
2021-10-21 05:00:00,68.0,0.52,224.98
2021-10-21 06:00:00,72.0,0.6,217.85
2021-10-21 07:00:00,81.0,0.55,224.4
2021-10-21 08:00:00,67.0,0.6,221.22
2021-10-21 09:00:00,72.0,0.55,217.65
2021-10-21 10:00:00,57.0,0.55,225.45
2021-10-21 11:00:00,57.0,0.57,224.9
2021-10-21 12:00:00,63.0,0.55,240.25
2021-10-21 13:00:00,59.0,0.57,234.82
2021-10-21 14:00:00,46.0,0.57,234.32
2021-10-21 15:00:00,48.0,0.57,231.18
2021-10-21 16:00:00,50.0,0.6,239.6
2021-10-21 17:00:00,47.0,0.57,211.52
2021-10-21 18:00:00,64.0,0.78,200.68
2021-10-21 19:00:00,69.0,0.77,200.58
2021-10-21 20:00:00,83.0,0.65,200.62
2021-10-21 21:00:00,94.0,0.48,200.8
2021-10-21 22:00:00,92.0,0.62,200.8
2021-10-21 23:00:00,91.66666666666667,0.5,200.78
2021-10-22 00:00:00,91.33333333333333,0.6,219.88
2021-10-22 01:00:00,91.0,0.62,237.28
2021-10-22 02:00:00,,0.43,237.45
2021-10-22 03:00:00,,0.52,227.75
2021-10-22 04:00:00,90.0,0.57,229.22
2021-10-22 05:00:00,69.0,0.57,236.4
2021-10-22 06:00:00,39.0,0.6,221.12
2021-10-22 07:00:00,47.0,0.6,220.2
2021-10-22 08:00:00,34.0,0.6,220.15
2021-10-22 09:00:00,44.0,0.57,227.95
2021-10-22 10:00:00,47.0,0.52,234.62
2021-10-22 11:00:00,35.0,0.55,237.75
2021-10-22 12:00:00,36.0,0.55,239.7
2021-10-22 13:00:00,22.0,0.55,232.98
2021-10-22 14:00:00,30.0,0.38,205.45
2021-10-22 15:00:00,24.0,0.52,182.58
2021-10-22 16:00:00,25.0,0.68,183.8
2021-10-22 17:00:00,22.0,0.6,173.38
2021-10-22 18:00:00,19.0,0.92,173.4
2021-10-22 19:00:00,38.0,0.38,173.35
2021-10-22 20:00:00,95.0,0.5,173.3
2021-10-22 21:00:00,93.92857142857143,0.3,173.32
2021-10-22 22:00:00,92.85714285714286,0.57,173.32
2021-10-22 23:00:00,91.78571428571429,0.48,173.3
2021-10-23 00:00:00,,0.38,173.25
2021-10-23 01:00:00,,0.3,173.2
2021-10-23 02:00:00,,0.48,173.2
2021-10-23 03:00:00,,0.45,173.2
2021-10-23 04:00:00,,0.55,173.2
2021-10-23 05:00:00,,0.52,173.22
2021-10-23 06:00:00,,0.75,173.15
2021-10-23 07:00:00,,0.5,171.42
2021-10-23 08:00:00,,0.52,173.12
2021-10-23 09:00:00,,0.55,206.48
2021-10-23 10:00:00,80.0,0.55,221.27
2021-10-23 11:00:00,56.0,0.35,150.12
2021-10-23 12:00:00,27.0,0.5,129.78
2021-10-23 13:00:00,34.0,0.4,96.42
2021-10-23 14:00:00,31.0,0.45,113.28
2021-10-23 15:00:00,25.0,0.45,125.6
2021-10-23 16:00:00,31.0,0.57,97.35
2021-10-23 17:00:00,30.0,0.4,120.55
2021-10-23 18:00:00,37.0,0.38,122.32
2021-10-23 19:00:00,50.25,0.48,117.55
2021-10-23 20:00:00,64.75,0.65,116.88
2021-10-23 21:00:00,71.25,0.38,116.75
2021-10-23 22:00:00,75.5,0.3,116.7
2021-10-23 23:00:00,77.0,0.3,116.7
2021-10-24 00:00:00,75.0,0.3,116.7
2021-10-24 01:00:00,78.0,0.3,116.68
2021-10-24 02:00:00,73.0,0.45,116.68
2021-10-24 03:00:00,79.0,0.32,116.62
2021-10-24 04:00:00,75.0,0.3,116.68
2021-10-24 05:00:00,86.0,0.55,105.55
2021-10-24 06:00:00,91.0,0.57,101.9
2021-10-24 07:00:00,92.0,0.68,101.98
2021-10-24 08:00:00,97.0,0.57,179.78
2021-10-24 09:00:00,92.25,0.38,171.78
2021-10-24 10:00:00,87.5,0.5,77.28
2021-10-24 11:00:00,82.75,0.45,92.12
2021-10-24 12:00:00,78.0,0.45,98.28
2021-10-24 13:00:00,57.0,0.45,97.02
2021-10-24 14:00:00,50.0,0.45,86.58
2021-10-24 15:00:00,52.0,0.48,123.0
2021-10-24 16:00:00,50.0,0.45,115.72
2021-10-24 17:00:00,40.0,0.6,99.07
2021-10-24 18:00:00,42.0,0.43,234.82
2021-10-24 19:00:00,77.0,0.45,259.35
2021-10-24 20:00:00,56.0,0.55,39.7
2021-10-24 21:00:00,39.5,0.5,39.88
2021-10-24 22:00:00,23.0,0.5,34.25
2021-10-24 23:00:00,22.0,0.52,40.15
2021-10-25 00:00:00,19.0,0.52,73.47
2021-10-25 01:00:00,19.25,0.57,103.5
2021-10-25 02:00:00,18.25,0.62,152.02
2021-10-25 03:00:00,18.0,0.48,314.02
2021-10-25 04:00:00,33.0,0.62,312.7
2021-10-25 05:00:00,38.0,0.57,309.27
2021-10-25 06:00:00,38.0,0.6,4.8
2021-10-25 07:00:00,47.5,0.52,177.85
2021-10-25 08:00:00,57.0,0.4,339.6
2021-10-25 09:00:00,58.0,0.45,286.85
2021-10-25 10:00:00,57.0,0.48,251.0
2021-10-25 11:00:00,48.25,0.55,241.68
2021-10-25 12:00:00,54.0,0.5,250.7
2021-10-25 13:00:00,40.0,0.45,275.4
2021-10-25 14:00:00,35.25,0.48,268.0
2021-10-25 15:00:00,39.25,0.52,258.18
2021-10-25 16:00:00,40.5,0.5,266.45
2021-10-25 17:00:00,41.25,0.57,263.08
2021-10-25 18:00:00,43.5,0.57,269.67
2021-10-25 19:00:00,60.0,0.52,265.68
2021-10-25 20:00:00,72.5,0.55,264.8
2021-10-25 21:00:00,85.25,0.6,266.4
2021-10-25 22:00:00,92.0,0.57,263.95
2021-10-25 23:00:00,95.5,0.6,264.95
2021-10-26 00:00:00,99.0,0.6,265.85
2021-10-26 01:00:00,94.25,0.6,267.85
2021-10-26 02:00:00,79.5,0.55,265.08
2021-10-26 03:00:00,78.0,0.6,259.58
2021-10-26 04:00:00,77.75,0.57,255.38
2021-10-26 05:00:00,77.0,0.52,224.25
2021-10-26 06:00:00,73.25,0.6,206.78
2021-10-26 07:00:00,67.25,0.57,210.1
2021-10-26 08:00:00,80.5,0.55,228.12
2021-10-26 09:00:00,72.0,0.52,242.7
2021-10-26 10:00:00,66.0,0.52,241.35
2021-10-26 11:00:00,55.25,0.55,233.42
2021-10-26 12:00:00,46.5,0.55,240.0
2021-10-26 13:00:00,36.5,0.48,256.68
2021-10-26 14:00:00,38.25,0.57,234.12
2021-10-26 15:00:00,38.0,0.5,255.32
2021-10-26 16:00:00,36.5,0.55,253.08
2021-10-26 17:00:00,43.5,0.57,258.67
2021-10-26 18:00:00,55.5,0.85,256.9
2021-10-26 19:00:00,74.25,0.55,256.02
2021-10-26 20:00:00,91.75,0.32,254.95
2021-10-26 21:00:00,97.0,0.3,254.92
2021-10-26 22:00:00,95.4375,0.3,254.9
2021-10-26 23:00:00,93.875,0.3,254.9
2021-10-27 00:00:00,92.3125,0.4,263.38
2021-10-27 01:00:00,,0.4,266.38
2021-10-27 02:00:00,,0.65,246.28
2021-10-27 03:00:00,,0.62,188.38
2021-10-27 04:00:00,,0.88,188.3
2021-10-27 05:00:00,,0.78,188.3
2021-10-27 06:00:00,,0.75,188.3
2021-10-27 07:00:00,,0.55,192.42
2021-10-27 08:00:00,,0.55,240.55
2021-10-27 09:00:00,,0.55,247.62
2021-10-27 10:00:00,,0.57,257.23
2021-10-27 11:00:00,,0.52,252.65
2021-10-27 12:00:00,,0.45,271.75
2021-10-27 13:00:00,72.0,0.5,251.65
2021-10-27 14:00:00,68.25,0.55,255.1
2021-10-27 15:00:00,56.0,0.55,253.3
2021-10-27 16:00:00,56.25,0.55,255.05
2021-10-27 17:00:00,72.5,0.6,253.02
2021-10-27 18:00:00,92.0,0.65,258.08
2021-10-27 19:00:00,92.44444444444444,0.6,258.38
2021-10-27 20:00:00,92.88888888888889,0.62,238.85
2021-10-27 21:00:00,93.33333333333333,0.55,233.88
2021-10-27 22:00:00,,0.62,260.35
2021-10-27 23:00:00,,0.6,260.8
2021-10-28 00:00:00,,0.55,253.32
2021-10-28 01:00:00,,0.57,225.48
2021-10-28 02:00:00,,0.5,251.1
2021-10-28 03:00:00,,0.55,230.32
2021-10-28 04:00:00,,0.52,222.32
2021-10-28 05:00:00,,0.52,212.73
2021-10-28 06:00:00,,0.72,233.72
2021-10-28 07:00:00,,0.65,236.72
2021-10-28 08:00:00,,0.6,237.12
2021-10-28 09:00:00,,0.6,235.12
2021-10-28 10:00:00,,0.55,250.9
2021-10-28 11:00:00,,0.5,246.95
2021-10-28 12:00:00,100.0,0.5,260.0
2021-10-28 13:00:00,87.0,0.5,256.95
2021-10-28 14:00:00,50.0,0.48,249.73
2021-10-28 15:00:00,56.25,0.52,259.95
2021-10-28 16:00:00,58.75,0.57,251.68
2021-10-28 17:00:00,67.25,0.6,251.08
2021-10-28 18:00:00,77.0,0.5,253.02
2021-10-28 19:00:00,76.42105263157895,0.3,253.0
2021-10-28 20:00:00,75.84210526315789,0.3,253.0
2021-10-28 21:00:00,75.26315789473684,0.3,252.92
2021-10-28 22:00:00,,0.3,252.92
2021-10-28 23:00:00,,0.32,252.92
2021-10-29 00:00:00,,0.6,252.25
2021-10-29 01:00:00,,0.3,243.42
2021-10-29 02:00:00,,0.3,243.38
2021-10-29 03:00:00,,0.3,243.3
2021-10-29 04:00:00,,0.3,243.3
2021-10-29 05:00:00,,0.3,243.3
2021-10-29 06:00:00,,0.3,243.3
2021-10-29 07:00:00,,0.45,243.45
2021-10-29 08:00:00,,0.55,199.35
2021-10-29 09:00:00,,0.43,238.68
2021-10-29 10:00:00,,0.48,234.82
2021-10-29 11:00:00,,0.5,253.9
2021-10-29 12:00:00,,0.5,260.75
2021-10-29 13:00:00,66.0,0.43,204.12
2021-10-29 14:00:00,65.25,0.32,269.0
2021-10-29 15:00:00,61.25,0.48,75.0
2021-10-29 16:00:00,60.0,0.6,247.82
2021-10-29 17:00:00,76.25,0.62,264.2
2021-10-29 18:00:00,89.0,0.62,260.23
2021-10-29 19:00:00,88.16666666666667,0.85,258.92
2021-10-29 20:00:00,87.33333333333333,0.95,258.77
2021-10-29 21:00:00,86.5,0.35,258.73
2021-10-29 22:00:00,,1.2,258.6
2021-10-29 23:00:00,,0.65,274.3
2021-10-30 00:00:00,,0.48,228.58
2021-10-30 01:00:00,,0.55,209.47
2021-10-30 02:00:00,,0.5,254.73
2021-10-30 03:00:00,,0.6,217.8
2021-10-30 04:00:00,,0.6,211.77
2021-10-30 05:00:00,,0.6,215.42
2021-10-30 06:00:00,,0.55,226.48
2021-10-30 07:00:00,,0.57,222.05
2021-10-30 08:00:00,,0.6,224.5
2021-10-30 09:00:00,,0.57,242.8
2021-10-30 10:00:00,,0.5,258.35
2021-10-30 11:00:00,,0.5,265.12
2021-10-30 12:00:00,74.0,0.5,252.65
2021-10-30 13:00:00,66.0,0.5,246.35
2021-10-30 14:00:00,48.0,0.52,244.42
2021-10-30 15:00:00,48.0,0.57,252.12
2021-10-30 16:00:00,46.0,0.57,253.8
2021-10-30 17:00:00,55.0,0.57,257.25
2021-10-30 18:00:00,70.0,0.57,229.38
2021-10-30 19:00:00,70.9,0.65,238.45
2021-10-30 20:00:00,71.8,0.68,221.82
2021-10-30 21:00:00,72.7,0.6,221.48
2021-10-30 22:00:00,,0.55,216.25
2021-10-30 23:00:00,,0.6,216.75
2021-10-31 00:00:00,,0.6,222.23
2021-10-31 01:00:00,,0.57,219.82
2021-10-31 02:00:00,,0.57,225.55
2021-10-31 03:00:00,,0.57,214.25
2021-10-31 04:00:00,,0.7,225.92
2021-10-31 05:00:00,,0.55,216.88
2021-10-31 06:00:00,,0.57,198.25
2021-10-31 07:00:00,,0.55,218.98
2021-10-31 08:00:00,,0.6,221.58
2021-10-31 09:00:00,,0.6,225.6
2021-10-31 10:00:00,,0.57,219.1
2021-10-31 11:00:00,,0.55,237.58
2021-10-31 12:00:00,,0.55,241.3
2021-10-31 13:00:00,,0.52,240.7
2021-10-31 14:00:00,88.0,0.57,234.2
2021-10-31 15:00:00,83.5,0.6,228.88
2021-10-31 16:00:00,69.0,0.57,232.2
2021-10-31 17:00:00,68.0,0.62,240.27
2021-10-31 18:00:00,79.75,1.0,244.92
2021-10-31 19:00:00,97.0,0.3,244.82
2021-10-31 20:00:00,106.55,0.85,244.78
2021-10-31 21:00:00,116.1,0.65,244.72
2021-10-31 22:00:00,125.65,0.5,244.85
2021-10-31 23:00:00,,0.5,245.02
2021-11-01 00:00:00,,0.52,245.68
2021-11-01 01:00:00,,0.42,246.58
2021-11-01 02:00:00,,0.55,246.9
2021-11-01 03:00:00,,0.3,246.85
2021-11-01 04:00:00,,0.3,246.85
2021-11-01 05:00:00,192.5,0.48,246.82
2021-11-01 06:00:00,160.5,0.38,246.88
2021-11-01 07:00:00,149.75,0.43,246.92
2021-11-01 08:00:00,153.25,0.57,176.1
2021-11-01 09:00:00,159.75,0.57,116.12
2021-11-01 10:00:00,140.5,0.55,129.57
2021-11-01 11:00:00,143.0,0.52,135.85
2021-11-01 12:00:00,152.75,0.42,169.35
2021-11-01 13:00:00,131.0,0.45,148.28
2021-11-01 14:00:00,86.0,0.5,123.38
2021-11-01 15:00:00,91.25,0.57,116.83
2021-11-01 16:00:00,108.25,0.68,88.55
2021-11-01 17:00:00,120.25,0.5,83.98
2021-11-01 18:00:00,155.0,0.45,83.88
2021-11-01 19:00:00,186.0,0.75,83.9
2021-11-01 20:00:00,194.25,0.3,83.98
2021-11-01 21:00:00,206.5,0.3,84.1
2021-11-01 22:00:00,194.0,0.3,84.15
2021-11-01 23:00:00,187.0,0.6,84.18
2021-11-02 00:00:00,181.5,0.55,84.12
2021-11-02 01:00:00,167.75,0.8,84.2
2021-11-02 02:00:00,149.0,0.35,85.2
2021-11-02 03:00:00,148.5,0.3,85.2
2021-11-02 04:00:00,145.0,0.32,85.22
2021-11-02 05:00:00,146.5,0.45,17.15
2021-11-02 06:00:00,178.25,0.6,17.65
2021-11-02 07:00:00,220.75,0.52,35.8
2021-11-02 08:00:00,254.75,0.5,81.05
2021-11-02 09:00:00,204.75,0.52,128.55
2021-11-02 10:00:00,146.75,0.48,124.93
2021-11-02 11:00:00,137.5,0.43,129.57
2021-11-02 12:00:00,109.75,0.45,135.93
2021-11-02 13:00:00,100.0,0.45,122.07
2021-11-02 14:00:00,88.0,0.5,135.7
2021-11-02 15:00:00,80.0,0.55,105.22
2021-11-02 16:00:00,83.0,0.42,169.5
2021-11-02 17:00:00,86.25,0.9,151.3
2021-11-02 18:00:00,106.5,1.0,151.8
2021-11-02 19:00:00,147.75,0.5,146.62
2021-11-02 20:00:00,177.25,0.35,150.48
2021-11-02 21:00:00,178.5,0.7,150.52
2021-11-02 22:00:00,178.5,0.35,150.48
2021-11-02 23:00:00,178.75,0.3,150.57
2021-11-03 00:00:00,198.0,0.52,150.8
2021-11-03 01:00:00,219.0,0.45,125.18
2021-11-03 02:00:00,246.25,0.57,52.2
2021-11-03 03:00:00,258.75,0.85,56.1
2021-11-03 04:00:00,203.5,0.62,70.1
2021-11-03 05:00:00,175.5,1.1,78.68
2021-11-03 06:00:00,173.75,1.2,78.32
2021-11-03 07:00:00,168.5,1.08,78.6
2021-11-03 08:00:00,199.0,0.57,24.98
2021-11-03 09:00:00,250.25,0.55,23.05
2021-11-03 10:00:00,231.75,0.48,181.32
2021-11-03 11:00:00,171.0,0.52,133.73
2021-11-03 12:00:00,161.5,0.5,95.7
2021-11-03 13:00:00,152.25,0.5,92.35
2021-11-03 14:00:00,121.75,0.52,117.88
2021-11-03 15:00:00,96.0,0.6,101.08
2021-11-03 16:00:00,82.25,0.32,82.32
2021-11-03 17:00:00,80.75,0.3,82.3
2021-11-03 18:00:00,104.25,1.17,82.18
2021-11-03 19:00:00,153.0,1.2,82.15
2021-11-03 20:00:00,196.0,1.2,82.1
2021-11-03 21:00:00,220.75,1.2,82.1
2021-11-03 22:00:00,258.25,1.2,82.1
2021-11-03 23:00:00,340.25,1.2,82.1
2021-11-04 00:00:00,337.0,1.12,82.12
2021-11-04 01:00:00,288.75,0.62,82.18
2021-11-04 02:00:00,284.5,0.52,101.6
2021-11-04 03:00:00,343.5,0.5,20.95
2021-11-04 04:00:00,301.0,0.4,20.88
2021-11-04 05:00:00,275.75,0.52,20.85
2021-11-04 06:00:00,264.25,0.68,20.88
2021-11-04 07:00:00,243.25,0.68,20.9
2021-11-04 08:00:00,262.0,0.52,74.4
2021-11-04 09:00:00,318.0,0.5,259.35
2021-11-04 10:00:00,387.5,0.35,293.95
2021-11-04 11:00:00,414.5,0.48,260.1
2021-11-04 12:00:00,400.75,0.5,250.6
2021-11-04 13:00:00,362.0,0.5,282.18
2021-11-04 14:00:00,305.5,0.5,231.15
2021-11-04 15:00:00,243.0,0.65,245.38
2021-11-04 16:00:00,284.75,0.62,263.48
2021-11-04 17:00:00,349.25,0.75,261.58
2021-11-04 18:00:00,384.75,0.5,261.42
2021-11-04 19:00:00,426.75,0.6,262.82
2021-11-04 20:00:00,585.0,0.38,264.68
2021-11-04 21:00:00,789.75,1.0,264.23
2021-11-04 22:00:00,972.0,0.5,264.2
2021-11-04 23:00:00,935.8333333333334,0.32,265.77
2021-11-05 00:00:00,899.6666666666666,0.75,267.3
2021-11-05 01:00:00,863.5,0.92,267.6
2021-11-05 02:00:00,,0.48,267.9
2021-11-05 03:00:00,,0.68,267.85
2021-11-05 04:00:00,755.0,0.7,267.88
2021-11-05 05:00:00,712.0,0.57,268.2
2021-11-05 06:00:00,565.75,0.78,266.8
2021-11-05 07:00:00,504.5,0.52,261.02
2021-11-05 08:00:00,493.25,0.55,239.55
2021-11-05 09:00:00,554.5,0.6,250.68
2021-11-05 10:00:00,577.5,0.55,247.18
2021-11-05 11:00:00,555.5,0.5,258.08
2021-11-05 12:00:00,518.25,0.55,239.02
2021-11-05 13:00:00,429.25,0.6,223.7
2021-11-05 14:00:00,324.75,0.55,230.38
2021-11-05 15:00:00,261.0,0.57,220.45
2021-11-05 16:00:00,286.5,0.48,210.0
2021-11-05 17:00:00,283.25,0.57,209.02
2021-11-05 18:00:00,289.25,0.73,208.98
2021-11-05 19:00:00,299.5,1.2,208.9
2021-11-05 20:00:00,343.25,0.8,208.9
2021-11-05 21:00:00,458.5,1.0,208.9
2021-11-05 22:00:00,494.75,0.82,208.9
2021-11-05 23:00:00,479.25,0.8,208.9
2021-11-06 00:00:00,519.0,0.48,208.95
2021-11-06 01:00:00,490.25,0.4,208.9
2021-11-06 02:00:00,455.75,0.5,211.18
2021-11-06 03:00:00,451.25,0.32,217.75
2021-11-06 04:00:00,449.75,0.3,217.68
2021-11-06 05:00:00,422.75,0.38,229.7
2021-11-06 06:00:00,417.25,0.55,217.22
2021-11-06 07:00:00,415.25,0.57,200.5
2021-11-06 08:00:00,396.75,0.6,199.98
2021-11-06 09:00:00,389.25,0.6,223.12
2021-11-06 10:00:00,371.25,0.6,222.3
2021-11-06 11:00:00,348.0,0.6,232.9
2021-11-06 12:00:00,317.25,0.52,233.3
2021-11-06 13:00:00,246.25,0.57,227.15
2021-11-06 14:00:00,208.0,0.57,250.2
2021-11-06 15:00:00,146.0,0.57,245.85
2021-11-06 16:00:00,154.5,0.62,243.1
2021-11-06 17:00:00,188.0,0.7,236.35
2021-11-06 18:00:00,258.5,0.62,233.8
2021-11-06 19:00:00,340.25,0.5,237.2
2021-11-06 20:00:00,430.5,0.62,238.75
2021-11-06 21:00:00,496.25,0.62,234.5
2021-11-06 22:00:00,497.25,0.62,228.82
2021-11-06 23:00:00,464.25,0.73,231.92
2021-11-07 00:00:00,475.25,0.6,249.7
2021-11-07 01:00:00,500.75,0.68,230.48
2021-11-07 02:00:00,553.5,0.57,230.35
2021-11-07 03:00:00,593.5,0.55,234.05
2021-11-07 04:00:00,581.25,0.6,215.12
2021-11-07 05:00:00,571.75,0.55,235.18
2021-11-07 06:00:00,549.5,0.5,211.98
2021-11-07 07:00:00,496.5,0.85,214.62
2021-11-07 08:00:00,437.25,0.6,225.08
2021-11-07 09:00:00,472.25,0.57,219.7
2021-11-07 10:00:00,435.0,0.52,234.8
2021-11-07 11:00:00,372.5,0.52,256.62
2021-11-07 12:00:00,287.25,0.5,259.65
2021-11-07 13:00:00,205.25,0.5,252.88
2021-11-07 14:00:00,167.75,0.52,259.58
2021-11-07 15:00:00,137.75,0.6,249.02
2021-11-07 16:00:00,95.25,0.62,252.85
2021-11-07 17:00:00,101.5,0.65,255.35
2021-11-07 18:00:00,128.75,0.48,255.2
2021-11-07 19:00:00,169.25,0.3,255.2
2021-11-07 20:00:00,210.5,0.7,255.2
2021-11-07 21:00:00,267.25,0.32,255.2
2021-11-07 22:00:00,288.5,0.3,255.1
2021-11-07 23:00:00,287.0,0.62,255.1
2021-11-08 00:00:00,287.25,0.45,255.1
2021-11-08 01:00:00,302.25,0.68,255.4
2021-11-08 02:00:00,363.25,0.57,253.37
2021-11-08 03:00:00,446.5,0.3,267.75
2021-11-08 04:00:00,526.75,0.3,267.5
2021-11-08 05:00:00,510.75,0.3,267.5
2021-11-08 06:00:00,505.0,0.3,267.45
2021-11-08 07:00:00,490.0,0.4,259.4
2021-11-08 08:00:00,478.0,0.57,220.12
2021-11-08 09:00:00,434.25,0.55,228.92
2021-11-08 10:00:00,394.75,0.57,255.42
2021-11-08 11:00:00,355.75,0.5,261.88
2021-11-08 12:00:00,364.75,0.48,259.55
2021-11-08 13:00:00,282.25,0.57,253.82
2021-11-08 14:00:00,207.75,0.55,250.2
2021-11-08 15:00:00,176.5,0.55,253.05
2021-11-08 16:00:00,158.25,0.62,259.78
2021-11-08 17:00:00,149.0,0.52,263.85
2021-11-08 18:00:00,186.5,0.55,263.62
2021-11-08 19:00:00,180.25,1.08,263.5
2021-11-08 20:00:00,209.0,0.5,263.5
2021-11-08 21:00:00,240.75,0.68,240.75
2021-11-08 22:00:00,274.75,0.5,238.9
2021-11-08 23:00:00,281.0,0.88,264.35
2021-11-09 00:00:00,294.0,1.2,264.27
2021-11-09 01:00:00,349.75,0.82,262.1
2021-11-09 02:00:00,442.25,0.48,263.9
2021-11-09 03:00:00,485.25,0.45,272.75
2021-11-09 04:00:00,482.75,0.42,272.7
2021-11-09 05:00:00,512.0,0.43,272.85
2021-11-09 06:00:00,526.25,0.65,262.7
2021-11-09 07:00:00,461.25,0.57,243.77
2021-11-09 08:00:00,466.5,0.57,251.82
2021-11-09 09:00:00,482.0,0.6,250.08
2021-11-09 10:00:00,471.0,0.52,265.05
2021-11-09 11:00:00,408.0,0.52,255.82
2021-11-09 12:00:00,358.0,0.55,251.92
2021-11-09 13:00:00,309.5,0.52,256.7
2021-11-09 14:00:00,282.25,0.52,247.68
2021-11-09 15:00:00,241.25,0.55,236.02
2021-11-09 16:00:00,180.5,0.52,241.88
2021-11-09 17:00:00,157.5,1.1,248.5
2021-11-09 18:00:00,162.5,1.2,248.35
2021-11-09 19:00:00,190.5,1.2,248.42
2021-11-09 20:00:00,220.5,1.2,248.35
2021-11-09 21:00:00,239.0,1.2,248.4
2021-11-09 22:00:00,253.5,1.2,248.28
2021-11-09 23:00:00,251.0,1.2,248.35
2021-11-10 00:00:00,252.25,1.2,248.35
2021-11-10 01:00:00,257.0,1.2,248.25
2021-11-10 02:00:00,230.0,1.17,248.32
2021-11-10 03:00:00,216.25,0.38,242.32
2021-11-10 04:00:00,199.75,0.62,215.25
2021-11-10 05:00:00,193.25,0.52,215.1
2021-11-10 06:00:00,199.75,0.7,215.15
2021-11-10 07:00:00,219.5,0.82,209.05
2021-11-10 08:00:00,257.5,0.4,223.62
2021-11-10 09:00:00,387.0,0.6,256.1
2021-11-10 10:00:00,517.25,0.48,261.1
2021-11-10 11:00:00,547.75,0.57,233.68
2021-11-10 12:00:00,462.25,0.55,230.5
2021-11-10 13:00:00,355.25,0.55,234.35
2021-11-10 14:00:00,285.75,0.55,244.88
2021-11-10 15:00:00,191.25,0.62,254.82
2021-11-10 16:00:00,134.25,0.55,253.32
2021-11-10 17:00:00,143.25,0.8,250.18
2021-11-10 18:00:00,179.25,0.6,250.1
2021-11-10 19:00:00,201.5,0.75,250.1
2021-11-10 20:00:00,257.0,0.3,250.1
2021-11-10 21:00:00,294.75,0.3,250.08
2021-11-10 22:00:00,326.25,0.73,249.98
2021-11-10 23:00:00,320.25,0.98,249.98
2021-11-11 00:00:00,310.75,0.8,249.98
2021-11-11 01:00:00,314.25,0.57,250.0
2021-11-11 02:00:00,310.0,0.62,249.98
2021-11-11 03:00:00,317.0,1.2,249.9
2021-11-11 04:00:00,334.25,0.8,249.9
2021-11-11 05:00:00,345.5,0.92,249.9
2021-11-11 06:00:00,329.25,0.8,249.9
2021-11-11 07:00:00,319.75,0.48,249.95
2021-11-11 08:00:00,314.25,0.65,251.25
2021-11-11 09:00:00,323.25,0.7,254.9
2021-11-11 10:00:00,379.75,0.57,235.7
2021-11-11 11:00:00,426.75,0.6,203.12
2021-11-11 12:00:00,435.5,0.6,214.7
2021-11-11 13:00:00,417.5,0.6,217.12
2021-11-11 14:00:00,414.75,0.55,229.9
2021-11-11 15:00:00,318.25,0.6,217.92
2021-11-11 16:00:00,275.0,0.55,218.1
2021-11-11 17:00:00,343.5,0.55,215.42
2021-11-11 18:00:00,381.5,0.73,205.42
2021-11-11 19:00:00,407.25,0.88,205.25
2021-11-11 20:00:00,456.5,0.48,205.22
2021-11-11 21:00:00,476.5,0.72,205.2
2021-11-11 22:00:00,509.0,0.3,205.2
2021-11-11 23:00:00,518.5,0.38,205.2
2021-11-12 00:00:00,512.25,0.3,205.2
2021-11-12 01:00:00,525.25,0.6,205.2
2021-11-12 02:00:00,556.5,0.75,205.2
2021-11-12 03:00:00,574.5,0.48,205.2
2021-11-12 04:00:00,604.0,0.32,205.2
2021-11-12 05:00:00,629.25,0.38,205.2
2021-11-12 06:00:00,638.0,0.68,205.2
2021-11-12 07:00:00,614.0,0.35,200.75
2021-11-12 08:00:00,583.0,0.55,211.35
2021-11-12 09:00:00,617.75,0.57,215.1
2021-11-12 10:00:00,672.25,0.55,241.6
2021-11-12 11:00:00,633.0,0.52,247.82
2021-11-12 12:00:00,543.0,0.6,234.5
2021-11-12 13:00:00,472.0,0.55,241.02
2021-11-12 14:00:00,376.5,0.57,248.3
2021-11-12 15:00:00,284.0,0.57,256.75
2021-11-12 16:00:00,157.75,0.57,240.25
2021-11-12 17:00:00,153.0,0.57,242.78
2021-11-12 18:00:00,211.0,0.4,242.7
2021-11-12 19:00:00,241.13333333333333,0.4142857142857143,243.23571428571427
2021-11-12 20:00:00,271.26666666666665,0.4285714285714286,243.77142857142857
2021-11-12 21:00:00,301.4,0.44285714285714284,244.30714285714285
2021-11-12 22:00:00,,,
2021-11-12 23:00:00,,,
2021-11-13 00:00:00,,,
2021-11-13 01:00:00,,,
2021-11-13 02:00:00,,,
2021-11-13 03:00:00,,,
2021-11-13 04:00:00,,,
2021-11-13 05:00:00,,,
2021-11-13 06:00:00,,,
2021-11-13 07:00:00,,,
2021-11-13 08:00:00,,0.6,250.2
2021-11-13 09:00:00,663.0,0.57,212.75
2021-11-13 10:00:00,631.25,0.52,248.12
2021-11-13 11:00:00,484.25,0.55,239.3
2021-11-13 12:00:00,328.25,0.52,256.05
2021-11-13 13:00:00,297.0,0.52,259.88
2021-11-13 14:00:00,181.0,0.5,257.25
2021-11-13 15:00:00,88.0,0.55,258.95
2021-11-13 16:00:00,72.5,0.57,249.7
2021-11-13 17:00:00,84.25,0.82,273.48
2021-11-13 18:00:00,104.5,0.55,282.35
2021-11-13 19:00:00,138.25,0.65,282.38
2021-11-13 20:00:00,186.0,0.57,282.4
2021-11-13 21:00:00,230.75,0.75,282.33
2021-11-13 22:00:00,244.0,0.4,133.38
2021-11-13 23:00:00,260.5,0.5,85.9
2021-11-14 00:00:00,261.75,0.55,83.8
2021-11-14 01:00:00,253.0,0.55,124.9
2021-11-14 02:00:00,258.5,0.62,264.2
2021-11-14 03:00:00,266.25,0.5,251.12
2021-11-14 04:00:00,271.5,0.57,266.12
2021-11-14 05:00:00,286.0,0.32,266.1
2021-11-14 06:00:00,291.75,0.48,224.88
2021-11-14 07:00:00,294.25,0.4,196.48
2021-11-14 08:00:00,263.0,0.52,197.28
2021-11-14 09:00:00,241.0,0.57,220.25
2021-11-14 10:00:00,300.75,0.45,250.18
2021-11-14 11:00:00,281.5,0.45,259.05
2021-11-14 12:00:00,206.75,0.45,260.48
2021-11-14 13:00:00,136.75,0.43,262.82
2021-11-14 14:00:00,99.75,0.48,264.12
2021-11-14 15:00:00,102.5,0.6,257.12
2021-11-14 16:00:00,112.75,0.55,264.27
2021-11-14 17:00:00,118.75,0.3,264.08
2021-11-14 18:00:00,143.25,0.3,263.95
2021-11-14 19:00:00,161.75,0.3,263.9
2021-11-14 20:00:00,188.75,0.3,263.6
2021-11-14 21:00:00,229.75,0.3,263.73
2021-11-14 22:00:00,276.25,0.3,263.9
2021-11-14 23:00:00,317.0,0.35,263.82
2021-11-15 00:00:00,333.0,0.55,263.45
2021-11-15 01:00:00,315.75,0.65,263.4
2021-11-15 02:00:00,303.75,0.75,263.4
2021-11-15 03:00:00,279.75,0.52,263.4
2021-11-15 04:00:00,254.75,0.55,263.48
2021-11-15 05:00:00,252.75,0.52,263.42
2021-11-15 06:00:00,244.0,0.4,263.4
2021-11-15 07:00:00,227.25,0.48,125.4
2021-11-15 08:00:00,227.75,0.5,150.6
2021-11-15 09:00:00,259.75,0.57,12.22
2021-11-15 10:00:00,297.25,0.5,103.98
2021-11-15 11:00:00,281.5,0.4,280.9
2021-11-15 12:00:00,277.75,0.38,297.15
2021-11-15 13:00:00,216.5,0.45,251.5
2021-11-15 14:00:00,188.0,0.5,246.3
2021-11-15 15:00:00,196.0,0.7,259.8
2021-11-15 16:00:00,203.0,0.52,255.65
2021-11-15 17:00:00,223.75,0.52,254.82
2021-11-15 18:00:00,223.75,0.52,254.7
2021-11-15 19:00:00,233.5,1.0,254.7
2021-11-15 20:00:00,265.75,0.65,254.7
2021-11-15 21:00:00,307.75,0.65,258.98
2021-11-15 22:00:00,355.25,0.5,261.32
2021-11-15 23:00:00,398.5,0.68,257.25
2021-11-16 00:00:00,430.5,0.4,247.6
2021-11-16 01:00:00,391.25,0.82,251.5
2021-11-16 02:00:00,407.0,0.98,251.7
2021-11-16 03:00:00,413.25,0.38,250.45
2021-11-16 04:00:00,412.0,0.55,248.65
2021-11-16 05:00:00,436.75,0.52,248.6
2021-11-16 06:00:00,442.5,0.65,248.52
2021-11-16 07:00:00,431.25,0.45,244.72
2021-11-16 08:00:00,438.75,0.75,218.8
2021-11-16 09:00:00,406.5,0.57,205.18
2021-11-16 10:00:00,347.75,0.5,242.55
2021-11-16 11:00:00,231.25,0.55,250.25
2021-11-16 12:00:00,200.5,0.48,252.32
2021-11-16 13:00:00,178.0,0.52,259.1
2021-11-16 14:00:00,158.0,0.55,243.68
2021-11-16 15:00:00,163.0,0.52,240.82
2021-11-16 16:00:00,171.0,0.57,253.85
2021-11-16 17:00:00,139.0,0.38,267.1
2021-11-16 18:00:00,139.0,0.3,267.0
2021-11-16 19:00:00,168.0,0.3,266.9
2021-11-16 20:00:00,196.0,0.3,266.9
2021-11-16 21:00:00,256.0,0.3,266.83
2021-11-16 22:00:00,269.0,0.3,266.8
2021-11-16 23:00:00,296.0,0.3,266.8
2021-11-17 00:00:00,315.0,0.3,266.8
2021-11-17 01:00:00,317.0,0.3,266.8
2021-11-17 02:00:00,321.0,0.3,266.8
2021-11-17 03:00:00,327.0,0.3,266.8
2021-11-17 04:00:00,338.0,0.3,266.8
2021-11-17 05:00:00,346.0,0.3,266.8
2021-11-17 06:00:00,360.0,0.38,262.85
2021-11-17 07:00:00,353.0,0.75,244.2
2021-11-17 08:00:00,348.0,0.42,186.78
2021-11-17 09:00:00,389.0,0.52,186.4
2021-11-17 10:00:00,503.0,0.48,175.8
2021-11-17 11:00:00,301.0,0.48,29.92
2021-11-17 12:00:00,184.0,0.5,37.83
2021-11-17 13:00:00,140.0,0.52,20.4
2021-11-17 14:00:00,116.0,0.57,37.12
2021-11-17 15:00:00,96.0,0.62,32.07
2021-11-17 16:00:00,83.0,0.55,38.15
2021-11-17 17:00:00,75.0,0.3,45.62
2021-11-17 18:00:00,99.0,0.48,45.3
2021-11-17 19:00:00,138.25,0.48,45.15
2021-11-17 20:00:00,166.0,0.3,45.08
2021-11-17 21:00:00,221.0,0.3,45.2
2021-11-17 22:00:00,248.0,0.35,45.28
2021-11-17 23:00:00,246.0,1.2,45.32
2021-11-18 00:00:00,252.0,1.2,45.42
2021-11-18 01:00:00,238.0,1.2,45.5
2021-11-18 02:00:00,241.0,1.2,45.5
2021-11-18 03:00:00,232.0,1.2,45.58
2021-11-18 04:00:00,245.0,1.2,45.95
2021-11-18 05:00:00,476.0,1.2,46.1
2021-11-18 06:00:00,508.0,1.2,46.15
2021-11-18 07:00:00,483.0,0.77,123.18
2021-11-18 08:00:00,429.0,0.57,87.6
2021-11-18 09:00:00,406.0,0.57,90.15
2021-11-18 10:00:00,422.0,0.52,28.08
2021-11-18 11:00:00,289.0,0.43,149.6
2021-11-18 12:00:00,119.0,0.38,220.15
2021-11-18 13:00:00,135.0,0.4,163.12
2021-11-18 14:00:00,117.0,0.52,169.0
2021-11-18 15:00:00,150.0,0.57,211.42
2021-11-18 16:00:00,157.0,0.48,204.18
2021-11-18 17:00:00,141.0,0.4,204.0
2021-11-18 18:00:00,147.0,0.6,204.0
2021-11-18 19:00:00,199.0,0.48,203.98
2021-11-18 20:00:00,226.0,0.35,204.0
2021-11-18 21:00:00,246.0,0.68,203.95
2021-11-18 22:00:00,337.0,0.38,203.9
2021-11-18 23:00:00,465.0,0.3,203.9
2021-11-19 00:00:00,447.0,0.52,203.85
2021-11-19 01:00:00,395.0,0.3,203.88
2021-11-19 02:00:00,338.0,0.35,203.82
2021-11-19 03:00:00,340.0,0.57,203.78
2021-11-19 04:00:00,397.75,0.68,203.75
2021-11-19 05:00:00,403.0,0.4,203.72
2021-11-19 06:00:00,380.5,0.68,203.7
2021-11-19 07:00:00,374.25,0.88,203.72
2021-11-19 08:00:00,398.25,0.72,222.52
2021-11-19 09:00:00,405.5,0.48,195.82
2021-11-19 10:00:00,414.75,0.48,267.08
2021-11-19 11:00:00,401.25,0.45,257.77
2021-11-19 12:00:00,264.5,0.5,264.27
2021-11-19 13:00:00,190.75,0.57,228.45
2021-11-19 14:00:00,204.75,0.62,220.4
2021-11-19 15:00:00,195.5,0.62,215.95
2021-11-19 16:00:00,195.0,0.65,200.12
2021-11-19 17:00:00,184.0,0.68,200.8
2021-11-19 18:00:00,174.0,0.45,200.85
2021-11-19 19:00:00,193.25,0.88,200.92
2021-11-19 20:00:00,209.75,0.68,200.82
2021-11-19 21:00:00,228.25,0.3,200.8
2021-11-19 22:00:00,262.75,0.4,200.8
2021-11-19 23:00:00,311.5,0.5,200.82
2021-11-20 00:00:00,336.5,0.3,200.8
2021-11-20 01:00:00,310.0,0.5,201.05
2021-11-20 02:00:00,285.0,0.6,222.42
2021-11-20 03:00:00,278.0,0.68,258.95
2021-11-20 04:00:00,288.25,0.7,258.7
2021-11-20 05:00:00,282.0,0.48,258.6
2021-11-20 06:00:00,311.0,0.5,256.68
2021-11-20 07:00:00,327.5,0.48,219.02
2021-11-20 08:00:00,328.5,0.62,215.22
2021-11-20 09:00:00,311.0,0.55,199.62
2021-11-20 10:00:00,290.0,0.57,202.88
2021-11-20 11:00:00,278.5,0.38,278.7
2021-11-20 12:00:00,247.25,0.38,306.68
2021-11-20 13:00:00,244.5,0.55,250.82
2021-11-20 14:00:00,217.25,0.5,232.08
2021-11-20 15:00:00,237.25,0.57,255.45
2021-11-20 16:00:00,198.25,0.75,251.98
2021-11-20 17:00:00,178.5,1.2,251.25
2021-11-20 18:00:00,193.75,1.2,251.1
2021-11-20 19:00:00,237.5,1.2,251.1
2021-11-20 20:00:00,257.5,1.08,251.1
2021-11-20 21:00:00,301.25,0.4,251.1
2021-11-20 22:00:00,316.25,0.62,251.1
2021-11-20 23:00:00,306.75,0.48,251.05
2021-11-21 00:00:00,311.5,0.72,251.0
2021-11-21 01:00:00,312.5,0.7,251.05
2021-11-21 02:00:00,328.5,0.78,251.0
2021-11-21 03:00:00,345.0,0.5,264.02
2021-11-21 04:00:00,305.0,0.55,266.3
2021-11-21 05:00:00,269.25,0.68,265.9
2021-11-21 06:00:00,280.0,0.55,259.58
2021-11-21 07:00:00,281.75,0.57,246.88
2021-11-21 08:00:00,275.0,0.6,245.28
2021-11-21 09:00:00,253.5,0.55,251.88
2021-11-21 10:00:00,202.75,0.5,258.45
2021-11-21 11:00:00,149.75,0.52,250.88
2021-11-21 12:00:00,103.5,0.5,253.58
2021-11-21 13:00:00,82.25,0.52,242.6
2021-11-21 14:00:00,78.75,0.52,243.2
2021-11-21 15:00:00,83.75,0.5,246.22
2021-11-21 16:00:00,96.75,0.6,251.12
2021-11-21 17:00:00,145.25,0.68,247.7
2021-11-21 18:00:00,170.25,0.6,210.7
2021-11-21 19:00:00,188.0,0.57,223.65
2021-11-21 20:00:00,220.5,0.6,212.5
2021-11-21 21:00:00,262.25,0.6,222.85
2021-11-21 22:00:00,307.25,0.6,218.65
2021-11-21 23:00:00,297.5,0.62,227.52
2021-11-22 00:00:00,300.25,0.57,233.2
2021-11-22 01:00:00,281.0,0.57,249.4
2021-11-22 02:00:00,224.75,0.55,254.38
2021-11-22 03:00:00,176.5,0.55,254.02
2021-11-22 04:00:00,158.25,0.57,251.7
2021-11-22 05:00:00,161.0,0.6,248.0
2021-11-22 06:00:00,184.25,0.57,251.77
2021-11-22 07:00:00,191.25,0.57,244.12
2021-11-22 08:00:00,221.25,0.6,240.0
2021-11-22 09:00:00,223.75,0.6,243.27
2021-11-22 10:00:00,199.0,0.6,240.2
2021-11-22 11:00:00,154.75,0.52,244.6
2021-11-22 12:00:00,122.25,0.57,233.85
2021-11-22 13:00:00,97.75,0.57,235.82
2021-11-22 14:00:00,92.5,0.57,241.35
2021-11-22 15:00:00,85.5,0.6,242.8
2021-11-22 16:00:00,79.75,0.55,250.88
2021-11-22 17:00:00,94.75,0.6,236.72
2021-11-22 18:00:00,125.5,0.57,218.75
2021-11-22 19:00:00,130.5,0.6,219.32
2021-11-22 20:00:00,142.75,0.6,239.55
2021-11-22 21:00:00,178.75,0.6,234.6
2021-11-22 22:00:00,199.75,0.6,239.42
2021-11-22 23:00:00,219.5,0.57,252.65
2021-11-23 00:00:00,213.0,0.62,240.62
2021-11-23 01:00:00,250.25,0.6,223.27
2021-11-23 02:00:00,160.25,0.57,214.18
2021-11-23 03:00:00,150.5,0.6,217.45
2021-11-23 04:00:00,154.5,0.6,230.15
2021-11-23 05:00:00,153.75,0.6,222.85
2021-11-23 06:00:00,153.75,0.6,167.15
2021-11-23 07:00:00,152.0,0.62,166.0
2021-11-23 08:00:00,174.5,0.6,197.95
2021-11-23 09:00:00,201.0,0.57,220.88
2021-11-23 10:00:00,209.5,0.52,230.2
2021-11-23 11:00:00,197.0,0.55,238.9
2021-11-23 12:00:00,185.25,0.52,221.02
2021-11-23 13:00:00,158.25,0.55,227.92
2021-11-23 14:00:00,130.0,0.57,221.7
2021-11-23 15:00:00,133.0,0.6,222.4
2021-11-23 16:00:00,136.5,0.85,236.02
2021-11-23 17:00:00,144.0,0.52,244.3
2021-11-23 18:00:00,137.25,0.3,244.2
2021-11-23 19:00:00,146.25,0.35,244.2
2021-11-23 20:00:00,157.5,1.2,244.15
2021-11-23 21:00:00,175.5,1.2,244.12
2021-11-23 22:00:00,193.75,1.15,244.1
2021-11-23 23:00:00,208.75,1.12,244.1
2021-11-24 00:00:00,213.0,0.57,244.1
2021-11-24 01:00:00,235.0,0.3,244.1
2021-11-24 02:00:00,293.75,0.68,244.1
2021-11-24 03:00:00,325.5,1.02,244.1
2021-11-24 04:00:00,322.0,1.08,244.12
2021-11-24 05:00:00,314.25,0.3,244.15
2021-11-24 06:00:00,307.0,0.48,244.1
2021-11-24 07:00:00,304.75,0.48,243.52
2021-11-24 08:00:00,339.5,0.43,243.42
2021-11-24 09:00:00,426.75,0.48,151.4
2021-11-24 10:00:00,473.0,0.57,27.05
2021-11-24 11:00:00,414.25,0.45,131.93
2021-11-24 12:00:00,259.5,0.45,153.0
2021-11-24 13:00:00,212.0,0.57,216.23
2021-11-24 14:00:00,211.5,0.65,189.28
2021-11-24 15:00:00,259.75,0.5,68.35
2021-11-24 16:00:00,306.25,0.57,47.0
2021-11-24 17:00:00,312.0,0.62,30.67
2021-11-24 18:00:00,290.5,0.3,30.7
2021-11-24 19:00:00,331.5,0.57,31.25
2021-11-24 20:00:00,378.25,0.43,18.3
2021-11-24 21:00:00,387.0,0.48,18.83
2021-11-24 22:00:00,409.5,1.05,18.8
2021-11-24 23:00:00,408.0,0.3,18.73
2021-11-25 00:00:00,416.5,0.3,18.7
2021-11-25 01:00:00,410.75,0.3,18.7
2021-11-25 02:00:00,385.0,0.92,18.7
2021-11-25 03:00:00,339.75,0.68,18.7
2021-11-25 04:00:00,315.5,0.3,18.7
2021-11-25 05:00:00,302.0,0.3,18.7
2021-11-25 06:00:00,322.25,0.6,18.75
2021-11-25 07:00:00,389.0,0.3,18.8
2021-11-25 08:00:00,510.5,0.57,23.02
2021-11-25 09:00:00,537.0,0.55,61.95
2021-11-25 10:00:00,369.75,0.45,85.82
2021-11-25 11:00:00,234.25,0.45,70.12
2021-11-25 12:00:00,224.0,0.48,89.95
2021-11-25 13:00:00,212.5,0.52,112.6
2021-11-25 14:00:00,194.0,0.62,185.72
2021-11-25 15:00:00,192.75,0.45,228.08
2021-11-25 16:00:00,205.5,0.3,253.35
2021-11-25 17:00:00,210.75,0.3,253.68
2021-11-25 18:00:00,239.25,0.3,253.6
2021-11-25 19:00:00,252.75,0.3,253.58
2021-11-25 20:00:00,319.75,0.3,253.6
2021-11-25 21:00:00,372.75,0.3,253.58
2021-11-25 22:00:00,357.25,0.3,253.5
2021-11-25 23:00:00,368.5,0.8,253.77
2021-11-26 00:00:00,376.5,1.2,254.08
2021-11-26 01:00:00,393.75,1.2,254.02
2021-11-26 02:00:00,439.5,1.1,250.3
2021-11-26 03:00:00,618.5,0.65,207.6
2021-11-26 04:00:00,920.5,0.68,207.6
2021-11-26 05:00:00,896.75,0.5,207.6
2021-11-26 06:00:00,871.75,0.52,207.6
2021-11-26 07:00:00,843.5,1.0,207.48
2021-11-26 08:00:00,762.75,0.7,251.82
2021-11-26 09:00:00,611.5,0.55,22.83
2021-11-26 10:00:00,350.0,0.57,38.28
2021-11-26 11:00:00,240.5,0.5,38.9
2021-11-26 12:00:00,227.0,0.5,102.62
2021-11-26 13:00:00,214.75,0.55,48.8
2021-11-26 14:00:00,190.5,0.55,48.88
2021-11-26 15:00:00,222.25,0.73,30.8
2021-11-26 16:00:00,210.25,1.05,29.5
2021-11-26 17:00:00,232.25,1.2,29.55
2021-11-26 18:00:00,247.5,0.35,29.4
2021-11-26 19:00:00,245.5,0.52,29.4
2021-11-26 20:00:00,278.75,0.57,29.4
2021-11-26 21:00:00,317.75,0.35,29.35
2021-11-26 22:00:00,401.0,0.3,29.3
2021-11-26 23:00:00,491.75,0.3,29.3
2021-11-27 00:00:00,438.0,0.3,29.3
2021-11-27 01:00:00,436.25,0.4,29.4
2021-11-27 02:00:00,438.25,0.88,29.42
2021-11-27 03:00:00,402.75,0.55,29.4
2021-11-27 04:00:00,390.75,0.82,29.4
2021-11-27 05:00:00,381.5,1.15,29.4
2021-11-27 06:00:00,380.0,0.68,29.4
2021-11-27 07:00:00,407.75,0.72,29.55
2021-11-27 08:00:00,427.75,0.48,29.62
2021-11-27 09:00:00,375.0,0.65,63.68
2021-11-27 10:00:00,286.5,0.52,65.62
2021-11-27 11:00:00,250.0,0.5,45.75
2021-11-27 12:00:00,253.25,0.5,63.62
2021-11-27 13:00:00,221.75,0.52,53.0
2021-11-27 14:00:00,207.25,0.52,49.68
2021-11-27 15:00:00,208.5,0.5,69.53
2021-11-27 16:00:00,195.0,0.85,96.3
2021-11-27 17:00:00,180.25,0.3,86.5
2021-11-27 18:00:00,193.5,0.3,86.48
2021-11-27 19:00:00,216.75,0.3,86.4
2021-11-27 20:00:00,266.25,0.3,86.4
2021-11-27 21:00:00,318.5,0.62,86.8
2021-11-27 22:00:00,391.0,0.78,85.72
2021-11-27 23:00:00,433.25,0.52,324.2
2021-11-28 00:00:00,413.75,0.57,240.4
2021-11-28 01:00:00,424.25,0.6,15.48
2021-11-28 02:00:00,381.25,0.6,21.4
2021-11-28 03:00:00,334.25,0.5,16.38
2021-11-28 04:00:00,312.75,0.55,14.5
2021-11-28 05:00:00,322.0,0.38,14.52
2021-11-28 06:00:00,341.25,0.3,14.5
2021-11-28 07:00:00,348.0,0.45,35.1
2021-11-28 08:00:00,387.5,0.62,36.07
2021-11-28 09:00:00,378.0,0.57,39.67
2021-11-28 10:00:00,390.25,0.57,37.4
2021-11-28 11:00:00,351.25,0.55,57.4
2021-11-28 12:00:00,298.5,0.52,62.75
2021-11-28 13:00:00,246.0,0.55,44.95
2021-11-28 14:00:00,220.0,0.52,129.15
2021-11-28 15:00:00,224.5,0.45,189.27
2021-11-28 16:00:00,232.5,0.3,189.32
2021-11-28 17:00:00,247.25,0.3,189.22
2021-11-28 18:00:00,261.75,0.3,189.1
2021-11-28 19:00:00,306.75,0.95,189.1
2021-11-28 20:00:00,419.5,1.2,189.08
2021-11-28 21:00:00,393.25,1.2,189.1
2021-11-28 22:00:00,375.5,1.2,189.05
2021-11-28 23:00:00,379.25,1.2,189.1
2021-11-29 00:00:00,375.0,1.2,189.0
2021-11-29 01:00:00,447.0,1.2,189.02
2021-11-29 02:00:00,591.75,1.2,189.0
2021-11-29 03:00:00,537.75,1.2,189.0
2021-11-29 04:00:00,450.0,1.2,189.0
2021-11-29 05:00:00,326.0,1.2,189.02
2021-11-29 06:00:00,282.0,1.2,189.05
2021-11-29 07:00:00,259.0,1.12,189.02
2021-11-29 08:00:00,293.25,0.5,232.45
2021-11-29 09:00:00,306.75,0.57,249.18
2021-11-29 10:00:00,287.0,0.52,249.82
2021-11-29 11:00:00,212.75,0.52,238.52
2021-11-29 12:00:00,181.0,0.6,232.4
2021-11-29 13:00:00,151.0,0.55,248.5
2021-11-29 14:00:00,115.5,0.57,248.45
2021-11-29 15:00:00,92.5,0.6,252.85
2021-11-29 16:00:00,100.75,0.57,253.3
2021-11-29 17:00:00,111.0,0.52,260.82
2021-11-29 18:00:00,139.5,0.68,260.62
2021-11-29 19:00:00,159.5,0.57,260.6
2021-11-29 20:00:00,177.25,0.45,260.6
2021-11-29 21:00:00,182.75,0.42,260.42
2021-11-29 22:00:00,235.0,0.5,256.9
2021-11-29 23:00:00,307.0,0.6,249.18
2021-11-30 00:00:00,313.25,0.57,253.42
2021-11-30 01:00:00,213.75,0.62,214.08
2021-11-30 02:00:00,183.25,0.5,227.62
2021-11-30 03:00:00,186.5,0.57,256.68
2021-11-30 04:00:00,187.5,0.57,258.8
2021-11-30 05:00:00,170.5,0.55,257.8
2021-11-30 06:00:00,180.0,0.6,252.12
2021-11-30 07:00:00,188.5,0.6,255.98
2021-11-30 08:00:00,204.0,0.55,250.55
2021-11-30 09:00:00,229.5,0.52,247.28
2021-11-30 10:00:00,228.0,0.52,246.22
2021-11-30 11:00:00,204.0,0.52,259.58
2021-11-30 12:00:00,183.0,0.55,248.45
2021-11-30 13:00:00,163.0,0.55,247.18
2021-11-30 14:00:00,129.75,0.52,244.7
2021-11-30 15:00:00,128.5,0.6,251.15
2021-11-30 16:00:00,128.75,0.35,251.42
2021-11-30 17:00:00,134.25,0.3,251.22
2021-11-30 18:00:00,137.0,0.98,243.12
2021-11-30 19:00:00,146.5,0.9,242.8
2021-11-30 20:00:00,166.75,0.35,242.52
2021-11-30 21:00:00,212.75,0.43,242.5
2021-11-30 22:00:00,267.75,0.4,242.4
2021-11-30 23:00:00,284.25,0.8,242.35
2021-12-01 00:00:00,294.75,1.2,242.35
2021-12-01 01:00:00,349.0,1.2,242.35
2021-12-01 02:00:00,523.25,0.68,242.4
2021-12-01 03:00:00,628.25,0.55,242.45
2021-12-01 04:00:00,490.25,0.5,242.52
2021-12-01 05:00:00,345.5,0.3,242.62
2021-12-01 06:00:00,321.25,0.3,242.68
2021-12-01 07:00:00,320.25,0.3,242.6
2021-12-01 08:00:00,334.75,0.3,243.1
2021-12-01 09:00:00,346.25,0.52,243.0
2021-12-01 10:00:00,368.5,0.85,253.62
2021-12-01 11:00:00,392.0,0.55,223.88
2021-12-01 12:00:00,423.5,0.6,244.12
2021-12-01 13:00:00,421.75,0.55,246.12
2021-12-01 14:00:00,439.5,0.57,258.27
2021-12-01 15:00:00,304.25,0.6,252.47
2021-12-01 16:00:00,317.25,0.6,262.97
2021-12-01 17:00:00,376.5,0.48,276.8
2021-12-01 18:00:00,400.25,0.52,222.77
2021-12-01 19:00:00,423.25,0.6,272.32
2021-12-01 20:00:00,399.0,0.57,264.15
2021-12-01 21:00:00,387.25,0.48,246.35
2021-12-01 22:00:00,361.75,0.55,249.77
2021-12-01 23:00:00,367.25,0.6,259.58
2021-12-02 00:00:00,375.25,0.52,283.75
2021-12-02 01:00:00,366.75,0.6,258.5
2021-12-02 02:00:00,355.25,0.6,259.65
2021-12-02 03:00:00,348.75,0.7,258.75
2021-12-02 04:00:00,339.5,0.57,258.9
2021-12-02 05:00:00,326.75,0.68,198.3
2021-12-02 06:00:00,359.75,0.55,4.4
2021-12-02 07:00:00,416.75,0.6,195.0
2021-12-02 08:00:00,388.0,0.6,249.8
2021-12-02 09:00:00,360.75,0.55,249.8
2021-12-02 10:00:00,315.25,0.6,237.32
2021-12-02 11:00:00,295.75,0.57,246.78
2021-12-02 12:00:00,234.25,0.57,267.75
2021-12-02 13:00:00,214.5,0.6,256.45
2021-12-02 14:00:00,167.25,0.55,239.2
2021-12-02 15:00:00,183.0,0.57,185.62
2021-12-02 16:00:00,213.25,0.52,183.73
2021-12-02 17:00:00,290.5,0.52,170.08
2021-12-02 18:00:00,236.75,0.5,205.42
2021-12-02 19:00:00,201.5,0.57,227.9
2021-12-02 20:00:00,214.5,0.57,245.15
2021-12-02 21:00:00,207.25,0.65,209.1
2021-12-02 22:00:00,184.75,0.5,201.65
2021-12-02 23:00:00,164.25,0.65,219.15
2021-12-03 00:00:00,159.75,0.57,240.05
2021-12-03 01:00:00,201.0,0.55,218.35
2021-12-03 02:00:00,233.75,0.6,228.72
2021-12-03 03:00:00,229.5,0.55,251.38
2021-12-03 04:00:00,243.0,0.57,253.55
2021-12-03 05:00:00,235.25,0.57,250.2
2021-12-03 06:00:00,241.5,0.6,238.8
2021-12-03 07:00:00,260.75,0.55,250.38
2021-12-03 08:00:00,306.25,0.52,226.55
2021-12-03 09:00:00,324.75,0.6,231.27
2021-12-03 10:00:00,288.5,0.6,239.18
2021-12-03 11:00:00,281.0,0.55,251.2
2021-12-03 12:00:00,254.75,0.5,256.15
2021-12-03 13:00:00,257.5,0.52,248.2
2021-12-03 14:00:00,256.75,0.52,254.05
2021-12-03 15:00:00,263.0,0.5,278.5
2021-12-03 16:00:00,301.0,0.65,245.6
2021-12-03 17:00:00,294.0,0.48,254.42
2021-12-03 18:00:00,291.5,0.55,254.4
2021-12-03 19:00:00,310.5,0.78,254.38
2021-12-03 20:00:00,280.0,0.72,254.4
2021-12-03 21:00:00,281.5,0.55,254.3
2021-12-03 22:00:00,315.75,0.32,254.2
2021-12-03 23:00:00,355.25,0.42,254.2
2021-12-04 00:00:00,362.25,0.3,254.18
2021-12-04 01:00:00,347.75,0.3,254.1
2021-12-04 02:00:00,356.75,0.3,254.02
2021-12-04 03:00:00,344.75,0.4,253.9
2021-12-04 04:00:00,298.25,0.45,253.98
2021-12-04 05:00:00,280.5,0.68,254.4
2021-12-04 06:00:00,249.0,0.55,255.25
2021-12-04 07:00:00,213.0,0.57,255.92
2021-12-04 08:00:00,248.0,0.55,240.68
2021-12-04 09:00:00,260.5,0.57,252.5
2021-12-04 10:00:00,300.75,0.6,242.05
2021-12-04 11:00:00,289.75,0.5,236.22
2021-12-04 12:00:00,214.0,0.52,250.12
2021-12-04 13:00:00,152.0,0.5,240.78
2021-12-04 14:00:00,113.0,0.55,231.72
2021-12-04 15:00:00,68.0,0.6,217.38
2021-12-04 16:00:00,68.25,0.52,209.95
2021-12-04 17:00:00,73.0,0.3,208.68
2021-12-04 18:00:00,86.0,0.57,208.6
2021-12-04 19:00:00,89.5,1.1,208.58
2021-12-04 20:00:00,96.0,1.08,208.55
2021-12-04 21:00:00,115.25,0.48,208.5
2021-12-04 22:00:00,131.75,0.3,208.5
2021-12-04 23:00:00,143.5,0.35,208.5
2021-12-05 00:00:00,152.25,0.65,208.45
2021-12-05 01:00:00,185.75,0.3,208.45
2021-12-05 02:00:00,227.75,0.3,208.4
2021-12-05 03:00:00,242.0,0.3,208.45
2021-12-05 04:00:00,219.0,0.62,208.45
2021-12-05 05:00:00,208.5,0.3,208.45
2021-12-05 06:00:00,221.0,0.55,182.8
2021-12-05 07:00:00,223.75,0.8,140.55
2021-12-05 08:00:00,244.75,0.5,217.4
2021-12-05 09:00:00,258.5,0.5,48.7
2021-12-05 10:00:00,260.5,0.5,60.58
2021-12-05 11:00:00,222.25,0.55,83.15
2021-12-05 12:00:00,151.0,0.52,110.8
2021-12-05 13:00:00,128.25,0.55,87.55
2021-12-05 14:00:00,112.0,0.57,80.27
2021-12-05 15:00:00,107.25,0.57,152.95
2021-12-05 16:00:00,124.75,0.68,159.02
2021-12-05 17:00:00,166.0,0.6,159.0
2021-12-05 18:00:00,168.4375,0.57,158.9
2021-12-05 19:00:00,170.875,1.02,158.9
2021-12-05 20:00:00,173.3125,0.55,205.32
2021-12-05 21:00:00,,0.6,267.15
2021-12-05 22:00:00,,0.6,191.0
2021-12-05 23:00:00,,0.5,268.18
2021-12-06 00:00:00,,0.43,179.38
2021-12-06 01:00:00,,0.62,14.8
2021-12-06 02:00:00,,0.65,71.18
2021-12-06 03:00:00,,0.43,118.1
2021-12-06 04:00:00,,0.3,118.1
2021-12-06 05:00:00,,0.72,118.1
2021-12-06 06:00:00,,0.57,213.27
2021-12-06 07:00:00,,0.6,222.25
2021-12-06 08:00:00,,0.62,223.05
2021-12-06 09:00:00,205.0,0.52,253.08
2021-12-06 10:00:00,202.25,0.55,256.73
2021-12-06 11:00:00,188.25,0.55,254.3
2021-12-06 12:00:00,157.5,0.55,246.02
2021-12-06 13:00:00,112.0,0.52,248.02
2021-12-06 14:00:00,92.0,0.55,254.98
2021-12-06 15:00:00,77.75,0.55,257.05
2021-12-06 16:00:00,82.5,0.55,270.3
2021-12-06 17:00:00,98.0,0.6,257.0
2021-12-06 18:00:00,130.25,0.6,260.27
2021-12-06 19:00:00,159.25,0.62,261.2
2021-12-06 20:00:00,166.75,0.6,268.15
2021-12-06 21:00:00,154.75,0.57,265.38
2021-12-06 22:00:00,165.0,0.57,264.18
2021-12-06 23:00:00,163.25,0.57,261.58
2021-12-07 00:00:00,176.75,0.5,251.82
2021-12-07 01:00:00,201.0,0.65,246.55
2021-12-07 02:00:00,179.5,0.57,256.97
2021-12-07 03:00:00,157.25,0.57,260.55
2021-12-07 04:00:00,150.75,0.6,260.58
2021-12-07 05:00:00,154.75,0.55,253.72
2021-12-07 06:00:00,148.25,0.57,247.82
2021-12-07 07:00:00,141.75,0.57,258.68
2021-12-07 08:00:00,150.5,0.57,234.52
2021-12-07 09:00:00,157.25,0.57,236.48
2021-12-07 10:00:00,144.75,0.52,245.82
2021-12-07 11:00:00,135.5,0.55,243.2
2021-12-07 12:00:00,111.75,0.5,248.7
2021-12-07 13:00:00,80.75,0.52,254.05
2021-12-07 14:00:00,49.25,0.5,254.8
2021-12-07 15:00:00,38.5,0.48,251.98
2021-12-07 16:00:00,39.75,0.57,253.42
2021-12-07 17:00:00,41.25,0.57,258.58
2021-12-07 18:00:00,53.5,0.62,260.05
2021-12-07 19:00:00,79.25,0.55,259.6
2021-12-07 20:00:00,118.0,0.58,231.48
2021-12-07 21:00:00,153.75,0.57,237.45
2021-12-07 22:00:00,172.5,0.6,240.2
2021-12-07 23:00:00,190.75,0.55,235.1
2021-12-08 00:00:00,147.0,0.62,261.3
2021-12-08 01:00:00,135.0,0.6,251.75
2021-12-08 02:00:00,139.5,0.6,248.58
2021-12-08 03:00:00,148.75,0.57,247.68
2021-12-08 04:00:00,137.75,0.6,218.75
2021-12-08 05:00:00,146.25,0.55,241.58
2021-12-08 06:00:00,155.25,0.6,230.62
2021-12-08 07:00:00,154.25,0.55,265.05
2021-12-08 08:00:00,165.5,0.55,222.55
2021-12-08 09:00:00,181.25,0.57,247.85
2021-12-08 10:00:00,150.5,0.5,258.38
2021-12-08 11:00:00,113.5,0.52,250.62
2021-12-08 12:00:00,96.75,0.5,249.6
2021-12-08 13:00:00,88.0,0.52,248.35
2021-12-08 14:00:00,63.75,0.55,246.2
2021-12-08 15:00:00,61.75,0.57,244.52
2021-12-08 16:00:00,61.75,0.57,233.98
2021-12-08 17:00:00,76.0,0.55,211.38
2021-12-08 18:00:00,93.5,1.1,213.12
2021-12-08 19:00:00,123.0,0.32,213.02
2021-12-08 20:00:00,136.5,0.55,213.0
2021-12-08 21:00:00,150.0,0.45,213.0
2021-12-08 22:00:00,183.0,0.55,213.0
2021-12-08 23:00:00,204.75,0.3,212.95
2021-12-09 00:00:00,215.25,0.52,212.9
2021-12-09 01:00:00,213.0,0.77,212.85
2021-12-09 02:00:00,213.0,0.3,212.85
2021-12-09 03:00:00,205.5,0.5,212.88
2021-12-09 04:00:00,178.75,0.43,212.75
2021-12-09 05:00:00,164.0,0.55,212.88
2021-12-09 06:00:00,157.75,0.6,212.62
2021-12-09 07:00:00,162.75,0.68,212.15
2021-12-09 08:00:00,194.75,0.65,218.95
2021-12-09 09:00:00,243.25,0.55,215.2
2021-12-09 10:00:00,255.75,0.57,244.2
2021-12-09 11:00:00,256.25,0.48,255.88
2021-12-09 12:00:00,250.5,0.57,240.4
2021-12-09 13:00:00,209.25,0.48,244.68
2021-12-09 14:00:00,160.25,0.5,245.98
2021-12-09 15:00:00,135.0,0.55,271.0
2021-12-09 16:00:00,153.75,0.6,258.62
2021-12-09 17:00:00,153.25,0.9,263.73
2021-12-09 18:00:00,190.0,1.12,265.1
2021-12-09 19:00:00,243.75,0.92,264.98
2021-12-09 20:00:00,248.5,0.3,264.92
2021-12-09 21:00:00,263.0,0.88,264.9
2021-12-09 22:00:00,256.25,0.88,265.05
2021-12-09 23:00:00,248.0,0.48,266.8
2021-12-10 00:00:00,232.25,0.7,266.65
2021-12-10 01:00:00,233.0,0.62,260.48
2021-12-10 02:00:00,212.75,0.62,259.92
2021-12-10 03:00:00,208.25,0.55,259.95
2021-12-10 04:00:00,205.0,0.55,259.9
2021-12-10 05:00:00,176.75,0.5,259.9
2021-12-10 06:00:00,179.5,0.48,214.05
2021-12-10 07:00:00,173.5,0.98,208.32
2021-12-10 08:00:00,192.75,0.68,206.58
2021-12-10 09:00:00,244.25,0.55,236.38
2021-12-10 10:00:00,268.0,0.57,235.65
2021-12-10 11:00:00,255.75,0.55,242.68
2021-12-10 12:00:00,193.5,0.52,256.95
2021-12-10 13:00:00,161.5,0.57,246.28
2021-12-10 14:00:00,122.0,0.52,249.45
2021-12-10 15:00:00,85.0,0.57,252.78
2021-12-10 16:00:00,73.25,0.57,254.85
2021-12-10 17:00:00,79.75,0.62,260.6
2021-12-10 18:00:00,108.5,0.78,263.8
2021-12-10 19:00:00,151.75,0.62,245.65
2021-12-10 20:00:00,178.0,0.68,237.32
2021-12-10 21:00:00,179.25,0.52,233.38
2021-12-10 22:00:00,191.0,0.6,212.38
2021-12-10 23:00:00,208.75,0.52,233.18
2021-12-11 00:00:00,192.5,0.57,249.32
2021-12-11 01:00:00,188.25,0.57,224.23
2021-12-11 02:00:00,155.75,0.68,222.42
2021-12-11 03:00:00,160.75,0.52,216.8
2021-12-11 04:00:00,150.0,0.52,216.02
2021-12-11 05:00:00,149.75,0.65,215.32
2021-12-11 06:00:00,155.0,0.6,192.68
2021-12-11 07:00:00,142.5,0.57,160.0
2021-12-11 08:00:00,140.0,0.6,201.7
2021-12-11 09:00:00,170.25,0.6,219.65
2021-12-11 10:00:00,188.25,0.55,229.05
2021-12-11 11:00:00,181.75,0.55,235.8
2021-12-11 12:00:00,153.75,0.52,239.0
2021-12-11 13:00:00,97.5,0.52,236.35
2021-12-11 14:00:00,66.75,0.6,228.78
2021-12-11 15:00:00,69.25,0.55,234.52
2021-12-11 16:00:00,70.5,0.6,215.85
2021-12-11 17:00:00,75.5,0.62,203.4
2021-12-11 18:00:00,89.75,0.62,200.0
2021-12-11 19:00:00,110.25,0.72,199.95
2021-12-11 20:00:00,146.25,0.5,199.98
2021-12-11 21:00:00,174.75,0.5,199.85
2021-12-11 22:00:00,183.25,0.4,199.7
2021-12-11 23:00:00,171.75,0.3,199.4
2021-12-12 00:00:00,161.0,0.3,199.12
2021-12-12 01:00:00,156.75,0.48,199.22
2021-12-12 02:00:00,148.25,0.82,199.0
2021-12-12 03:00:00,132.75,0.4,198.82
2021-12-12 04:00:00,125.75,0.65,198.85
2021-12-12 05:00:00,115.25,0.55,198.92
2021-12-12 06:00:00,111.75,0.3,199.05
2021-12-12 07:00:00,110.0,0.45,210.45
2021-12-12 08:00:00,127.5,0.52,222.02
2021-12-12 09:00:00,162.25,0.6,202.52
2021-12-12 10:00:00,169.25,0.52,203.15
2021-12-12 11:00:00,189.5,0.55,225.8
2021-12-12 12:00:00,179.25,0.55,214.08
2021-12-12 13:00:00,128.75,0.5,195.65
2021-12-12 14:00:00,110.5,0.6,202.8
2021-12-12 15:00:00,109.0,0.68,198.9
2021-12-12 16:00:00,101.25,0.45,198.2
2021-12-12 17:00:00,111.25,0.43,198.68
2021-12-12 18:00:00,140.25,0.65,198.85
2021-12-12 19:00:00,186.75,0.98,198.88
2021-12-12 20:00:00,244.0,0.3,199.02
2021-12-12 21:00:00,284.25,0.9,199.05
2021-12-12 22:00:00,324.0,0.85,199.02
2021-12-12 23:00:00,347.0,0.82,198.95
2021-12-13 00:00:00,344.75,0.3,198.23
2021-12-13 01:00:00,387.0,0.3,197.18
2021-12-13 02:00:00,424.75,0.72,197.1
2021-12-13 03:00:00,414.5,1.2,197.1
2021-12-13 04:00:00,389.25,1.2,197.1
2021-12-13 05:00:00,368.75,0.5,197.1
2021-12-13 06:00:00,359.75,0.3,197.12
2021-12-13 07:00:00,358.0,0.3,198.62
2021-12-13 08:00:00,363.25,0.4,128.05
2021-12-13 09:00:00,426.75,0.5,229.65
2021-12-13 10:00:00,411.25,0.48,181.7
2021-12-13 11:00:00,239.0,0.38,105.65
2021-12-13 12:00:00,164.5,0.5,129.08
2021-12-13 13:00:00,117.0,0.48,153.22
2021-12-13 14:00:00,106.25,0.45,92.2
2021-12-13 15:00:00,112.25,0.57,102.98
2021-12-13 16:00:00,115.5,0.6,95.55
2021-12-13 17:00:00,112.0,0.6,55.55
2021-12-13 18:00:00,144.0,0.55,56.4
2021-12-13 19:00:00,182.0,0.3,56.4
2021-12-13 20:00:00,208.75,0.43,56.9
2021-12-13 21:00:00,248.25,0.8,56.9
2021-12-13 22:00:00,264.75,0.32,56.9
2021-12-13 23:00:00,276.5,0.48,56.8
2021-12-14 00:00:00,281.25,0.3,56.72
2021-12-14 01:00:00,306.5,0.3,56.78
2021-12-14 02:00:00,344.75,0.52,56.78
2021-12-14 03:00:00,308.0,0.3,56.72
2021-12-14 04:00:00,276.5,1.05,56.65
2021-12-14 05:00:00,289.25,0.95,56.82
2021-12-14 06:00:00,287.25,0.9,57.62
2021-12-14 07:00:00,290.5,0.88,57.7
2021-12-14 08:00:00,311.0,0.48,57.8
2021-12-14 09:00:00,351.5,0.57,78.82
2021-12-14 10:00:00,324.5,0.48,93.48
2021-12-14 11:00:00,225.5,0.5,72.8
2021-12-14 12:00:00,204.0,0.55,77.35
2021-12-14 13:00:00,173.0,0.52,35.03
2021-12-14 14:00:00,147.5,0.52,46.32
2021-12-14 15:00:00,130.25,0.55,100.9
2021-12-14 16:00:00,128.5,0.5,79.1
2021-12-14 17:00:00,157.0,0.8,8.4
2021-12-14 18:00:00,217.5,1.2,8.62
2021-12-14 19:00:00,278.0,1.17,8.57
2021-12-14 20:00:00,288.0,0.45,8.5
2021-12-14 21:00:00,327.5,0.62,8.48
2021-12-14 22:00:00,385.75,0.62,8.43
2021-12-14 23:00:00,472.75,0.35,8.6
2021-12-15 00:00:00,479.25,0.48,8.7
2021-12-15 01:00:00,496.25,0.43,8.15
2021-12-15 02:00:00,415.0,0.65,9.5
2021-12-15 03:00:00,362.75,0.5,245.1
2021-12-15 04:00:00,327.25,0.45,348.28
2021-12-15 05:00:00,331.75,0.5,290.25
2021-12-15 06:00:00,294.25,0.6,159.5
2021-12-15 07:00:00,265.5,0.52,261.82
2021-12-15 08:00:00,287.25,0.48,344.3
2021-12-15 09:00:00,273.0,0.45,327.88
2021-12-15 10:00:00,282.0,0.43,258.3
2021-12-15 11:00:00,248.0,0.4,300.55
2021-12-15 12:00:00,208.25,0.48,248.85
2021-12-15 13:00:00,147.25,0.5,255.65
2021-12-15 14:00:00,127.25,0.55,264.88
2021-12-15 15:00:00,100.75,0.43,273.2
2021-12-15 16:00:00,77.0,0.52,292.02
2021-12-15 17:00:00,94.25,0.52,259.25
2021-12-15 18:00:00,120.75,0.65,274.42
2021-12-15 19:00:00,168.0,0.5,315.23
2021-12-15 20:00:00,230.5,0.48,216.2
2021-12-15 21:00:00,297.75,0.65,166.27
2021-12-15 22:00:00,343.5,0.57,165.3
2021-12-15 23:00:00,348.75,0.6,144.18
2021-12-16 00:00:00,374.0,0.57,136.4
2021-12-16 01:00:00,474.0,0.35,105.42
2021-12-16 02:00:00,550.25,0.38,187.88
2021-12-16 03:00:00,457.25,0.52,106.02
2021-12-16 04:00:00,302.25,0.55,99.65
2021-12-16 05:00:00,219.25,0.55,34.15
2021-12-16 06:00:00,212.75,0.45,101.92
2021-12-16 07:00:00,227.5,0.55,22.65
2021-12-16 08:00:00,258.75,0.57,64.95
2021-12-16 09:00:00,280.25,0.52,170.8
2021-12-16 10:00:00,312.25,0.48,12.1
2021-12-16 11:00:00,282.0,0.48,39.8
2021-12-16 12:00:00,256.5,0.43,97.2
2021-12-16 13:00:00,223.0,0.5,183.2
2021-12-16 14:00:00,169.25,0.45,327.27
2021-12-16 15:00:00,176.0,0.48,277.88
2021-12-16 16:00:00,148.25,0.55,261.92
2021-12-16 17:00:00,176.75,0.55,263.52
2021-12-16 18:00:00,195.25,0.57,262.75
2021-12-16 19:00:00,235.25,0.57,259.73
2021-12-16 20:00:00,289.5,0.57,258.3
2021-12-16 21:00:00,279.0,0.55,266.45
2021-12-16 22:00:00,248.75,0.52,264.98
2021-12-16 23:00:00,238.5,0.52,272.27
2021-12-17 00:00:00,255.5,0.52,269.05
2021-12-17 01:00:00,291.25,0.55,263.35
2021-12-17 02:00:00,239.5,0.55,262.88
2021-12-17 03:00:00,253.75,0.57,262.9
2021-12-17 04:00:00,226.25,0.55,255.08
2021-12-17 05:00:00,212.5,0.6,255.35
2021-12-17 06:00:00,198.5,0.6,253.92
2021-12-17 07:00:00,202.25,0.6,253.78
2021-12-17 08:00:00,191.0,0.55,257.08
2021-12-17 09:00:00,184.0,0.45,266.17
2021-12-17 10:00:00,193.0,0.5,274.9
2021-12-17 11:00:00,196.0,0.5,271.35
2021-12-17 12:00:00,128.0,0.43,268.45
2021-12-17 13:00:00,85.0,0.5,262.6
2021-12-17 14:00:00,88.0,0.52,263.92
2021-12-17 15:00:00,72.0,0.5,268.45
2021-12-17 16:00:00,68.0,0.57,262.98
2021-12-17 17:00:00,73.0,0.57,257.52
2021-12-17 18:00:00,92.0,0.6,258.8
2021-12-17 19:00:00,132.0,0.6,253.95
2021-12-17 20:00:00,173.0,0.57,251.62
2021-12-17 21:00:00,226.0,0.52,255.38
2021-12-17 22:00:00,197.0,0.6,255.45
2021-12-17 23:00:00,196.0,0.55,245.8
2021-12-18 00:00:00,222.0,0.52,254.82
2021-12-18 01:00:00,177.0,0.5,256.4
2021-12-18 02:00:00,189.0,0.57,255.68
2021-12-18 03:00:00,189.0,0.57,240.58
2021-12-18 04:00:00,222.0,0.57,251.38
2021-12-18 05:00:00,206.0,0.57,236.65
2021-12-18 06:00:00,184.0,0.52,239.45
2021-12-18 07:00:00,190.0,0.52,244.12
2021-12-18 08:00:00,188.0,0.57,241.55
2021-12-18 09:00:00,179.0,0.55,245.6
2021-12-18 10:00:00,196.0,0.52,243.92
2021-12-18 11:00:00,211.0,0.52,241.52
2021-12-18 12:00:00,196.0,0.5,254.62
2021-12-18 13:00:00,173.0,0.5,253.0
2021-12-18 14:00:00,139.0,0.52,245.0
2021-12-18 15:00:00,108.0,0.5,248.88
2021-12-18 16:00:00,117.0,0.52,247.3
2021-12-18 17:00:00,103.0,0.57,242.15
2021-12-18 18:00:00,138.0,0.52,244.3
2021-12-18 19:00:00,155.0,0.57,251.85
2021-12-18 20:00:00,144.0,0.55,248.62
2021-12-18 21:00:00,124.0,0.57,238.28
2021-12-18 22:00:00,147.0,0.55,236.7
2021-12-18 23:00:00,130.0,0.57,241.6
2021-12-19 00:00:00,128.0,0.6,243.0
2021-12-19 01:00:00,125.0,0.57,239.25
2021-12-19 02:00:00,125.0,0.5,242.6
2021-12-19 03:00:00,125.0,0.57,243.22
2021-12-19 04:00:00,125.0,0.55,242.92
2021-12-19 05:00:00,,0.55,241.05
2021-12-19 06:00:00,,0.57,237.73
2021-12-19 07:00:00,,0.57,224.38
2021-12-19 08:00:00,,0.57,236.2
2021-12-19 09:00:00,,0.57,244.32
2021-12-19 10:00:00,125.0,0.52,244.28
2021-12-19 11:00:00,128.5,0.55,246.88
2021-12-19 12:00:00,132.0,0.5,242.8
2021-12-19 13:00:00,128.25,0.52,248.82
2021-12-19 14:00:00,112.0,0.52,241.72
2021-12-19 15:00:00,99.25,0.57,241.42
2021-12-19 16:00:00,110.25,0.57,252.25
2021-12-19 17:00:00,130.25,0.55,241.58
2021-12-19 18:00:00,169.75,0.52,242.72
2021-12-19 19:00:00,235.75,0.68,245.23
2021-12-19 20:00:00,289.25,0.6,243.8
2021-12-19 21:00:00,324.75,0.57,235.3
2021-12-19 22:00:00,286.75,0.65,247.38
2021-12-19 23:00:00,267.25,0.6,246.48
2021-12-20 00:00:00,256.75,0.6,257.05
2021-12-20 01:00:00,211.25,0.6,238.6
2021-12-20 02:00:00,226.75,0.62,241.22
2021-12-20 03:00:00,212.75,0.6,257.02
2021-12-20 04:00:00,199.25,0.55,234.82
2021-12-20 05:00:00,193.5,0.55,231.65
2021-12-20 06:00:00,181.75,0.55,228.88
2021-12-20 07:00:00,179.0,0.57,212.7
2021-12-20 08:00:00,192.25,0.65,215.8
2021-12-20 09:00:00,219.25,0.57,221.95
2021-12-20 10:00:00,204.75,0.5,240.88
2021-12-20 11:00:00,185.75,0.5,250.02
2021-12-20 12:00:00,156.75,0.5,253.02
2021-12-20 13:00:00,149.25,0.57,237.32
2021-12-20 14:00:00,141.75,0.48,260.9
2021-12-20 15:00:00,141.25,0.55,247.35
2021-12-20 16:00:00,105.75,0.55,260.12
2021-12-20 17:00:00,112.5,0.55,263.62
2021-12-20 18:00:00,152.25,0.57,263.42
2021-12-20 19:00:00,218.0,0.77,263.3
2021-12-20 20:00:00,298.75,0.98,263.27
2021-12-20 21:00:00,419.25,0.38,265.38
2021-12-20 22:00:00,420.2307692307692,0.77,282.85
2021-12-20 23:00:00,421.21153846153845,1.08,282.8
2021-12-21 00:00:00,422.1923076923077,0.58,282.73
2021-12-21 01:00:00,,0.75,282.67
2021-12-21 02:00:00,,0.95,282.7
2021-12-21 03:00:00,,0.3,282.75
2021-12-21 04:00:00,,0.7,282.73
2021-12-21 05:00:00,,0.43,282.67
2021-12-21 06:00:00,,0.3,282.7
2021-12-21 07:00:00,,0.32,282.67
2021-12-21 08:00:00,,0.35,282.8
2021-12-21 09:00:00,,0.68,240.78
2021-12-21 10:00:00,432.0,0.6,200.8
2021-12-21 11:00:00,386.0,0.45,247.7
2021-12-21 12:00:00,340.0,0.38,288.42
2021-12-21 13:00:00,340.0,0.5,249.22
2021-12-21 14:00:00,237.75,0.5,249.7
2021-12-21 15:00:00,136.25,0.57,254.58
2021-12-21 16:00:00,151.0,0.57,256.72
2021-12-21 17:00:00,135.25,0.48,250.58
2021-12-21 18:00:00,170.75,0.3,250.5
2021-12-21 19:00:00,250.75,0.3,250.45
2021-12-21 20:00:00,322.5,0.3,250.42
2021-12-21 21:00:00,392.25,0.3,250.4
2021-12-21 22:00:00,522.25,0.52,250.3
2021-12-21 23:00:00,538.25,0.48,250.3
2021-12-22 00:00:00,518.0,1.0,250.3
2021-12-22 01:00:00,486.0,0.7,250.32
2021-12-22 02:00:00,507.75,1.08,250.4
2021-12-22 03:00:00,529.25,0.3,250.4
2021-12-22 04:00:00,490.75,1.12,250.38
2021-12-22 05:00:00,429.0,0.57,250.35
2021-12-22 06:00:00,373.5,0.3,250.35
2021-12-22 07:00:00,347.5,0.92,247.88
2021-12-22 08:00:00,344.25,1.1,233.5
2021-12-22 09:00:00,369.25,0.75,233.75
2021-12-22 10:00:00,386.75,0.5,235.23
2021-12-22 11:00:00,426.5,0.52,103.48
2021-12-22 12:00:00,435.75,0.48,245.88
2021-12-22 13:00:00,305.75,0.48,278.35
2021-12-22 14:00:00,273.25,0.43,270.95
2021-12-22 15:00:00,242.0,0.52,267.58
2021-12-22 16:00:00,190.5,0.6,258.05
2021-12-22 17:00:00,194.25,0.77,265.12
2021-12-22 18:00:00,246.25,0.65,265.02
2021-12-22 19:00:00,369.25,1.0,264.98
2021-12-22 20:00:00,455.75,0.4,265.15
2021-12-22 21:00:00,592.5,0.3,265.3
2021-12-22 22:00:00,594.25,0.3,265.27
2021-12-22 23:00:00,542.5,0.3,265.2
2021-12-23 00:00:00,512.5,0.82,265.2
2021-12-23 01:00:00,487.0,0.55,265.08
2021-12-23 02:00:00,480.5,1.2,265.0
2021-12-23 03:00:00,487.5,0.57,265.0
2021-12-23 04:00:00,487.0,0.3,264.95
2021-12-23 05:00:00,493.25,0.4,264.9
2021-12-23 06:00:00,500.5,0.32,281.6
2021-12-23 07:00:00,482.5,0.55,39.05
2021-12-23 08:00:00,460.25,0.57,70.15
2021-12-23 09:00:00,524.0,0.57,72.82
2021-12-23 10:00:00,644.25,0.55,45.4
2021-12-23 11:00:00,622.0,0.55,45.88
2021-12-23 12:00:00,393.75,0.52,70.5
2021-12-23 13:00:00,238.5,0.5,96.35
2021-12-23 14:00:00,238.5,0.5,122.2
2021-12-23 15:00:00,243.5,0.5,136.15
2021-12-23 16:00:00,212.25,0.45,107.48
2021-12-23 17:00:00,202.75,0.52,87.52
2021-12-23 18:00:00,248.75,0.3,87.52
2021-12-23 19:00:00,362.0,0.43,87.5
2021-12-23 20:00:00,505.75,0.3,87.5
2021-12-23 21:00:00,559.75,0.3,87.43
2021-12-23 22:00:00,650.25,0.3,87.43
2021-12-23 23:00:00,661.5,0.3,87.4
2021-12-24 00:00:00,608.0,0.3,87.4
2021-12-24 01:00:00,527.5,0.65,87.4
2021-12-24 02:00:00,480.25,1.2,87.4
2021-12-24 03:00:00,456.75,1.2,87.32
2021-12-24 04:00:00,414.0,0.35,87.35
2021-12-24 05:00:00,388.75,0.35,87.35
2021-12-24 06:00:00,371.5,0.4,87.52
2021-12-24 07:00:00,386.75,0.3,87.65
2021-12-24 08:00:00,399.25,0.4,83.1
2021-12-24 09:00:00,441.75,0.57,40.33
2021-12-24 10:00:00,465.0,0.5,62.02
2021-12-24 11:00:00,319.25,0.52,82.1
2021-12-24 12:00:00,227.75,0.48,88.52
2021-12-24 13:00:00,214.25,0.48,87.52
2021-12-24 14:00:00,217.25,0.45,110.48
2021-12-24 15:00:00,198.25,0.6,101.22
2021-12-24 16:00:00,173.0,0.65,119.62
2021-12-24 17:00:00,168.75,0.48,122.22
2021-12-24 18:00:00,183.75,1.1,122.57
2021-12-24 19:00:00,227.0,1.2,122.52
2021-12-24 20:00:00,285.25,1.2,122.32
2021-12-24 21:00:00,360.25,0.35,122.3
2021-12-24 22:00:00,442.0,0.62,122.32
2021-12-24 23:00:00,468.0,0.5,122.3
2021-12-25 00:00:00,537.25,0.43,122.45
2021-12-25 01:00:00,543.75,0.5,122.57
2021-12-25 02:00:00,390.5,0.75,122.6
2021-12-25 03:00:00,365.0,0.48,122.52
2021-12-25 04:00:00,367.0,0.72,122.7
2021-12-25 05:00:00,382.25,0.5,122.7
2021-12-25 06:00:00,406.5,0.42,123.25
2021-12-25 07:00:00,396.5,0.68,123.0
2021-12-25 08:00:00,401.0,0.5,142.3
2021-12-25 09:00:00,423.5,0.52,123.68
2021-12-25 10:00:00,451.75,0.57,87.38
2021-12-25 11:00:00,392.75,0.57,108.15
2021-12-25 12:00:00,323.25,0.45,85.15
2021-12-25 13:00:00,305.25,0.52,143.5
2021-12-25 14:00:00,284.5,0.55,37.4
2021-12-25 15:00:00,294.75,0.57,33.05
2021-12-25 16:00:00,248.75,0.55,11.0
2021-12-25 17:00:00,248.25,0.42,10.05
2021-12-25 18:00:00,269.0,0.45,10.1
2021-12-25 19:00:00,355.0,0.3,10.1
2021-12-25 20:00:00,460.5,0.45,10.12
2021-12-25 21:00:00,553.0,0.3,10.1
2021-12-25 22:00:00,590.5,0.38,10.1
2021-12-25 23:00:00,625.0,0.62,10.07
2021-12-26 00:00:00,655.25,0.45,10.02
2021-12-26 01:00:00,615.5,0.72,10.0
2021-12-26 02:00:00,538.75,0.68,10.0
2021-12-26 03:00:00,509.75,1.2,10.0
2021-12-26 04:00:00,504.75,0.85,10.0
2021-12-26 05:00:00,497.75,0.3,10.0
2021-12-26 06:00:00,482.5,0.35,10.0
2021-12-26 07:00:00,466.0,0.8,10.0
2021-12-26 08:00:00,464.0,0.45,9.98
2021-12-26 09:00:00,569.0,0.48,13.2
2021-12-26 10:00:00,713.0,0.55,36.4
2021-12-26 11:00:00,636.0,0.55,64.28
2021-12-26 12:00:00,495.0,0.52,45.78
2021-12-26 13:00:00,368.0,0.5,51.28
2021-12-26 14:00:00,332.0,0.52,31.2
2021-12-26 15:00:00,359.0,0.5,35.48
2021-12-26 16:00:00,309.0,0.55,43.78
2021-12-26 17:00:00,299.0,0.57,41.55
2021-12-26 18:00:00,305.0,0.52,48.08
2021-12-26 19:00:00,326.0,0.68,146.78
2021-12-26 20:00:00,409.0,0.5,250.95
2021-12-26 21:00:00,497.0,0.57,93.45
2021-12-26 22:00:00,396.0,0.52,31.95
2021-12-26 23:00:00,302.0,0.6,43.3
2021-12-27 00:00:00,195.0,0.6,74.45
2021-12-27 01:00:00,77.0,0.52,74.95
2021-12-27 02:00:00,68.0,0.58,71.5
2021-12-27 03:00:00,73.0,0.5,121.95
2021-12-27 04:00:00,75.5,0.32,29.55
2021-12-27 05:00:00,78.0,0.62,9.52
2021-12-27 06:00:00,97.0,0.45,91.7
2021-12-27 07:00:00,105.0,0.75,17.5
2021-12-27 08:00:00,116.0,0.52,242.45
2021-12-27 09:00:00,135.0,0.55,14.15
2021-12-27 10:00:00,97.0,0.5,37.17
2021-12-27 11:00:00,61.0,0.43,100.18
2021-12-27 12:00:00,56.0,0.43,125.1
2021-12-27 13:00:00,48.0,0.35,236.9
2021-12-27 14:00:00,56.0,0.35,331.28
2021-12-27 15:00:00,58.0,0.45,312.33
2021-12-27 16:00:00,62.0,0.52,13.65
2021-12-27 17:00:00,61.0,1.2,23.6
2021-12-27 18:00:00,62.0,1.2,23.6
2021-12-27 19:00:00,121.0,1.2,23.6
2021-12-27 20:00:00,155.0,0.77,23.6
2021-12-27 21:00:00,263.0,0.55,15.92
2021-12-27 22:00:00,425.0,0.62,3.15
2021-12-27 23:00:00,334.0,0.4,83.42
2021-12-28 00:00:00,254.0,0.55,163.72
2021-12-28 01:00:00,178.0,0.55,98.98
2021-12-28 02:00:00,136.0,0.57,99.93
2021-12-28 03:00:00,141.0,0.55,103.2
2021-12-28 04:00:00,140.0,0.62,11.7
2021-12-28 05:00:00,153.0,0.57,178.82
2021-12-28 06:00:00,175.0,0.57,171.08
2021-12-28 07:00:00,223.0,0.38,3.0
2021-12-28 08:00:00,217.0,0.5,250.55
2021-12-28 09:00:00,267.0,0.57,93.35
2021-12-28 10:00:00,260.0,0.57,64.28
2021-12-28 11:00:00,223.0,0.57,55.25
2021-12-28 12:00:00,206.0,0.55,3.35
2021-12-28 13:00:00,210.0,0.52,226.85
2021-12-28 14:00:00,278.0,0.57,207.1
2021-12-28 15:00:00,243.0,0.57,253.52
2021-12-28 16:00:00,69.0,0.57,191.2
2021-12-28 17:00:00,103.0,0.55,229.0
2021-12-28 18:00:00,182.0,0.57,248.8
2021-12-28 19:00:00,201.0,0.45,86.72
2021-12-28 20:00:00,206.0,0.65,99.15
2021-12-28 21:00:00,194.0,0.45,38.75
2021-12-28 22:00:00,230.0,0.32,33.7
2021-12-28 23:00:00,173.0,0.68,37.52
2021-12-29 00:00:00,167.0,0.62,38.65
2021-12-29 01:00:00,186.0,0.62,38.6
2021-12-29 02:00:00,184.0,0.62,38.6
2021-12-29 03:00:00,177.0,0.73,38.6
2021-12-29 04:00:00,184.0,0.9,38.5
2021-12-29 05:00:00,157.0,0.72,150.25
2021-12-29 06:00:00,136.0,0.92,193.88
2021-12-29 07:00:00,136.0,0.55,193.88
2021-12-29 08:00:00,155.75,0.65,234.05
2021-12-29 09:00:00,194.0,0.62,257.2
2021-12-29 10:00:00,233.75,0.6,238.95
2021-12-29 11:00:00,261.25,0.5,235.82
2021-12-29 12:00:00,195.5,0.52,249.45
2021-12-29 13:00:00,88.0,0.5,258.08
2021-12-29 14:00:00,62.0,0.5,258.35
2021-12-29 15:00:00,47.0,0.48,269.15
2021-12-29 16:00:00,49.0,0.55,262.3
2021-12-29 17:00:00,58.25,0.68,263.08
2021-12-29 18:00:00,76.25,0.55,267.35
2021-12-29 19:00:00,117.25,0.3,267.3
2021-12-29 20:00:00,184.0,0.8,267.3
2021-12-29 21:00:00,235.75,1.2,267.3
2021-12-29 22:00:00,226.5,0.48,267.3
2021-12-29 23:00:00,210.5,0.92,267.2
2021-12-30 00:00:00,179.75,0.38,267.23
2021-12-30 01:00:00,161.75,0.35,267.2
2021-12-30 02:00:00,159.25,0.98,267.2
2021-12-30 03:00:00,177.75,0.45,267.2
2021-12-30 04:00:00,186.75,0.92,267.2
2021-12-30 05:00:00,156.25,0.9,267.2
2021-12-30 06:00:00,139.25,0.65,267.3
2021-12-30 07:00:00,138.75,0.72,267.25
2021-12-30 08:00:00,155.0,0.55,217.82
2021-12-30 09:00:00,214.25,0.43,251.55
2021-12-30 10:00:00,202.5,0.45,260.35
2021-12-30 11:00:00,156.0,0.4,315.7
2021-12-30 12:00:00,106.75,0.35,302.4
2021-12-30 13:00:00,120.0,0.5,275.27
2021-12-30 14:00:00,103.75,0.5,264.35
2021-12-30 15:00:00,58.25,0.52,260.42
2021-12-30 16:00:00,43.5,0.55,251.77
2021-12-30 17:00:00,54.75,0.8,256.62
2021-12-30 18:00:00,79.0,0.68,256.52
2021-12-30 19:00:00,137.0,0.38,257.45
2021-12-30 20:00:00,220.75,0.62,259.12
2021-12-30 21:00:00,302.25,0.38,258.95
2021-12-30 22:00:00,287.5,0.43,195.6
2021-12-30 23:00:00,220.0,0.98,257.75
2021-12-31 00:00:00,217.25,0.58,257.75
2021-12-31 01:00:00,282.25,0.57,257.6
2021-12-31 02:00:00,170.0,0.57,257.52
2021-12-31 03:00:00,147.75,0.38,258.67
2021-12-31 04:00:00,151.5,0.68,255.28
2021-12-31 05:00:00,148.0,0.57,255.15
2021-12-31 06:00:00,156.75,1.12,255.02
2021-12-31 07:00:00,174.0,0.72,254.42
2021-12-31 08:00:00,174.0,0.57,251.62
2021-12-31 09:00:00,182.0,0.6,250.68
2021-12-31 10:00:00,183.0,0.57,242.15
2021-12-31 11:00:00,163.0,0.55,247.7
2021-12-31 12:00:00,129.0,0.48,254.48
2021-12-31 13:00:00,124.0,0.52,253.28
2021-12-31 14:00:00,134.0,0.45,244.9
2021-12-31 15:00:00,100.0,0.52,247.92
2021-12-31 16:00:00,97.0,0.55,257.58
2021-12-31 17:00:00,96.0,0.62,219.85
2021-12-31 18:00:00,108.0,0.6,217.05
2021-12-31 19:00:00,164.0,0.65,209.25
2021-12-31 20:00:00,210.0,0.65,211.98
2021-12-31 21:00:00,296.0,1.2,210.2
2021-12-31 22:00:00,334.0,1.2,210.12
2021-12-31 23:00:00,346.0,1.2,210.1
