timestamp,PM 2.5,wind_speed,wind_dir
2024-01-01 00:00:00,262.25,0.3,53.75
2024-01-01 01:00:00,254.0,0.3,56.25
2024-01-01 02:00:00,243.25,0.3,46.75
2024-01-01 03:00:00,217.75,0.3,28.25
2024-01-01 04:00:00,241.5,0.3,69.75
2024-01-01 05:00:00,254.75,0.32,34.25
2024-01-01 06:00:00,265.5,0.52,80.0
2024-01-01 07:00:00,278.25,0.38,31.5
2024-01-01 08:00:00,286.25,0.65,68.0
2024-01-01 09:00:00,364.75,0.42,36.5
2024-01-01 10:00:00,562.75,0.68,41.75
2024-01-01 11:00:00,250.25,0.45,61.5
2024-01-01 12:00:00,286.75,0.42,91.75
2024-01-01 13:00:00,322.25,0.3,62.0
2024-01-01 14:00:00,364.75,0.6,100.0
2024-01-01 15:00:00,399.5,0.75,98.0
2024-01-01 16:00:00,364.75,0.52,86.5
2024-01-01 17:00:00,339.75,0.4,65.25
2024-01-01 18:00:00,317.5,0.4,72.5
2024-01-01 19:00:00,323.0,0.32,68.75
2024-01-01 20:00:00,400.0,0.32,30.0
2024-01-01 21:00:00,487.0,0.3,26.67
2024-01-01 22:00:00,542.0,0.3,53.5
2024-01-01 23:00:00,542.0,0.3,79.67
2024-01-02 00:00:00,473.75,0.32,89.75
2024-01-02 01:00:00,423.0,0.3,105.75
2024-01-02 02:00:00,398.5,0.4,68.75
2024-01-02 03:00:00,337.25,0.3,48.0
2024-01-02 04:00:00,327.75,0.3,63.25
2024-01-02 05:00:00,338.5,0.4,78.0
2024-01-02 06:00:00,292.25,0.38,73.0
2024-01-02 07:00:00,249.75,0.62,68.0
2024-01-02 08:00:00,205.5,0.55,67.0
2024-01-02 09:00:00,219.75,0.72,55.5
2024-01-02 10:00:00,227.5,1.25,46.0
2024-01-02 11:00:00,252.25,1.08,56.25
2024-01-02 12:00:00,274.0,0.95,59.0
2024-01-02 13:00:00,268.25,1.12,62.0
2024-01-02 14:00:00,279.75,1.0,50.0
2024-01-02 15:00:00,273.25,0.62,51.75
2024-01-02 16:00:00,243.25,0.35,27.75
2024-01-02 17:00:00,281.25,0.3,3.25
2024-01-02 18:00:00,387.5,0.3,5.5
2024-01-02 19:00:00,506.0,0.3,5.75
2024-01-02 20:00:00,440.0,0.32,43.5
2024-01-02 21:00:00,352.25,0.35,44.25
2024-01-02 22:00:00,354.75,0.38,65.25
2024-01-02 23:00:00,336.5,0.42,63.0
2024-01-03 00:00:00,303.75,0.3,15.5
2024-01-03 01:00:00,254.75,0.32,49.0
2024-01-03 02:00:00,252.75,0.5,69.75
2024-01-03 03:00:00,248.75,0.55,40.5
2024-01-03 04:00:00,244.5,0.4,33.5
2024-01-03 05:00:00,229.75,0.57,45.5
2024-01-03 06:00:00,206.0,0.62,46.75
2024-01-03 07:00:00,178.67,0.57,32.33
2024-01-03 08:00:00,199.0,0.62,37.75
2024-01-03 09:00:00,234.5,0.52,39.25
2024-01-03 10:00:00,275.0,0.3,40.75
2024-01-03 11:00:00,342.5,0.52,36.5
2024-01-03 12:00:00,417.0,1.1,55.0
2024-01-03 13:00:00,436.5,0.92,77.5
2024-01-03 14:00:00,433.25,1.1,66.5
2024-01-03 15:00:00,428.5,0.8,72.0
2024-01-03 16:00:00,406.25,0.4,41.0
2024-01-03 17:00:00,419.0,0.3,32.5
2024-01-03 18:00:00,427.75,0.3,12.25
2024-01-03 19:00:00,446.25,0.3,11.5
2024-01-03 20:00:00,531.25,0.3,12.75
2024-01-03 21:00:00,606.75,0.3,13.0
2024-01-03 22:00:00,578.5,0.3,13.0
2024-01-03 23:00:00,550.0,0.3,13.0
2024-01-04 00:00:00,464.25,0.3,64.75
2024-01-04 01:00:00,459.0,0.3,113.0
2024-01-04 02:00:00,437.0,0.3,139.75
2024-01-04 03:00:00,376.75,0.3,116.25
2024-01-04 04:00:00,298.5,0.3,92.75
2024-01-04 05:00:00,263.75,0.3,43.25
2024-01-04 06:00:00,304.0,0.3,86.75
2024-01-04 07:00:00,351.0,0.3,92.75
2024-01-04 08:00:00,405.25,0.3,75.75
2024-01-04 09:00:00,515.75,0.32,100.25
2024-01-04 10:00:00,496.75,0.3,99.0
2024-01-04 11:00:00,509.0,0.38,138.0
2024-01-04 12:00:00,524.75,0.32,130.25
2024-01-04 13:00:00,582.25,0.3,118.75
2024-01-04 14:00:00,670.5,0.35,139.0
2024-01-04 15:00:00,502.5,0.4,94.25
2024-01-04 16:00:00,443.5,0.32,77.5
2024-01-04 17:00:00,416.25,0.35,96.75
2024-01-04 18:00:00,426.25,0.3,123.5
2024-01-04 19:00:00,443.75,0.35,114.75
2024-01-04 20:00:00,422.75,0.35,118.5
2024-01-04 21:00:00,384.0,0.3,66.75
2024-01-04 22:00:00,409.0,0.3,54.5
2024-01-04 23:00:00,362.75,0.3,17.75
2024-01-05 00:00:00,353.5,0.3,8.75
2024-01-05 01:00:00,366.25,0.3,26.5
2024-01-05 02:00:00,349.0,0.3,94.0
2024-01-05 03:00:00,257.75,0.3,119.5
2024-01-05 04:00:00,200.5,0.3,55.0
2024-01-05 05:00:00,205.25,0.3,35.5
2024-01-05 06:00:00,215.75,0.3,47.75
2024-01-05 07:00:00,220.0,0.3,59.5
2024-01-05 08:00:00,236.75,0.3,34.25
2024-01-05 09:00:00,281.75,0.3,23.75
2024-01-05 10:00:00,324.25,0.3,34.75
2024-01-05 11:00:00,355.5,0.4,27.25
2024-01-05 12:00:00,451.75,0.3,27.25
2024-01-05 13:00:00,582.5,0.3,51.75
2024-01-05 14:00:00,591.5,0.4,38.0
2024-01-05 15:00:00,512.0,0.32,25.75
2024-01-05 16:00:00,415.0,0.3,55.5
2024-01-05 17:00:00,378.25,0.3,122.25
2024-01-05 18:00:00,325.5,0.3,123.75
2024-01-05 19:00:00,300.0,0.4,87.75
2024-01-05 20:00:00,278.75,0.3,43.75
2024-01-05 21:00:00,327.75,0.4,31.0
2024-01-05 22:00:00,409.75,0.32,34.5
2024-01-05 23:00:00,364.5,0.38,16.5
2024-01-06 00:00:00,341.75,0.3,15.5
2024-01-06 01:00:00,312.75,0.48,31.75
2024-01-06 02:00:00,271.25,0.32,31.0
2024-01-06 03:00:00,233.0,0.4,31.5
2024-01-06 04:00:00,228.5,0.57,32.0
2024-01-06 05:00:00,271.5,0.4,52.25
2024-01-06 06:00:00,280.0,0.45,25.0
2024-01-06 07:00:00,291.25,0.3,35.25
2024-01-06 08:00:00,309.75,0.3,34.5
2024-01-06 09:00:00,307.5,0.3,54.0
2024-01-06 10:00:00,366.5,0.57,32.0
2024-01-06 11:00:00,395.25,0.32,41.5
2024-01-06 12:00:00,398.5,0.52,52.25
2024-01-06 13:00:00,453.75,0.48,59.25
2024-01-06 14:00:00,552.25,0.57,49.25
2024-01-06 15:00:00,420.0,0.5,60.0
2024-01-06 16:00:00,431.75,0.32,50.0
2024-01-06 17:00:00,455.5,0.32,39.25
2024-01-06 18:00:00,471.75,0.3,37.25
2024-01-06 19:00:00,459.25,0.3,67.0
2024-01-06 20:00:00,453.75,0.3,34.75
2024-01-06 21:00:00,462.0,0.3,56.5
2024-01-06 22:00:00,425.5,0.3,71.25
2024-01-06 23:00:00,449.75,0.3,72.25
2024-01-07 00:00:00,435.0,0.3,98.0
2024-01-07 01:00:00,413.25,0.3,113.5
2024-01-07 02:00:00,355.25,0.3,83.5
2024-01-07 03:00:00,311.75,0.3,76.75
2024-01-07 04:00:00,274.25,0.3,61.5
2024-01-07 05:00:00,261.0,0.3,74.25
2024-01-07 06:00:00,257.75,0.3,103.0
2024-01-07 07:00:00,277.75,0.3,94.75
2024-01-07 08:00:00,315.25,0.3,104.0
2024-01-07 09:00:00,310.5,0.45,64.25
2024-01-07 10:00:00,279.5,0.75,40.5
2024-01-07 11:00:00,301.75,0.4,59.75
2024-01-07 12:00:00,349.0,0.75,70.5
2024-01-07 13:00:00,393.0,0.3,80.0
2024-01-07 14:00:00,423.5,0.38,46.75
2024-01-07 15:00:00,428.25,0.65,45.5
2024-01-07 16:00:00,384.0,0.52,54.0
2024-01-07 17:00:00,375.75,0.62,54.25
2024-01-07 18:00:00,362.25,0.32,54.75
2024-01-07 19:00:00,394.5,0.3,24.0
2024-01-07 20:00:00,399.0,0.3,24.25
2024-01-07 21:00:00,429.5,0.43,18.5
2024-01-07 22:00:00,441.25,0.3,12.25
2024-01-07 23:00:00,415.25,0.3,11.75
2024-01-08 00:00:00,322.75,0.3,22.25
2024-01-08 01:00:00,308.25,0.3,23.0
2024-01-08 02:00:00,289.5,0.3,21.75
2024-01-08 03:00:00,294.5,0.3,12.75
2024-01-08 04:00:00,355.75,0.3,43.25
2024-01-08 05:00:00,364.75,0.42,41.0
2024-01-08 06:00:00,334.5,0.3,46.25
2024-01-08 07:00:00,319.25,0.35,47.75
2024-01-08 08:00:00,333.5,0.35,57.75
2024-01-08 09:00:00,425.0,0.3,65.0
2024-01-08 10:00:00,590.5,0.32,50.75
2024-01-08 11:00:00,569.75,0.85,41.0
2024-01-08 12:00:00,651.25,0.55,63.25
2024-01-08 13:00:00,691.5,0.4,40.25
2024-01-08 14:00:00,691.5,0.75,41.0
2024-01-08 15:00:00,679.0,0.7,36.25
2024-01-08 16:00:00,659.75,0.3,35.5
2024-01-08 17:00:00,703.5,0.3,17.75
2024-01-08 18:00:00,777.0,0.3,19.25
2024-01-08 19:00:00,730.0,0.3,18.0
2024-01-08 20:00:00,735.25,0.3,19.0
2024-01-08 21:00:00,752.5,0.3,18.75
2024-01-08 22:00:00,665.5,0.3,26.25
2024-01-08 23:00:00,512.75,0.3,100.75
2024-01-09 00:00:00,366.25,0.4,31.0
2024-01-09 01:00:00,281.0,0.3,89.75
2024-01-09 02:00:00,271.0,0.35,44.5
2024-01-09 03:00:00,313.0,0.35,72.75
2024-01-09 04:00:00,269.0,0.38,50.0
2024-01-09 05:00:00,265.75,0.55,29.25
2024-01-09 06:00:00,257.0,0.38,69.75
2024-01-09 07:00:00,293.25,0.4,57.25
2024-01-09 08:00:00,417.75,0.3,68.25
2024-01-09 09:00:00,493.25,0.35,123.5
2024-01-09 10:00:00,477.0,0.35,77.75
2024-01-09 11:00:00,411.75,0.5,113.0
2024-01-09 12:00:00,383.0,0.48,110.0
2024-01-09 13:00:00,345.25,0.75,118.25
2024-01-09 14:00:00,356.0,0.65,101.75
2024-01-09 15:00:00,368.5,0.38,119.75
2024-01-09 16:00:00,314.75,0.5,117.75
2024-01-09 17:00:00,231.0,0.35,105.75
2024-01-09 18:00:00,227.0,0.4,125.0
2024-01-09 19:00:00,208.5,0.4,102.25
2024-01-09 20:00:00,205.25,0.78,114.5
2024-01-09 21:00:00,174.75,0.45,111.5
2024-01-09 22:00:00,182.25,0.42,116.0
2024-01-09 23:00:00,189.0,0.48,126.5
2024-01-10 00:00:00,190.0,0.7,134.75
2024-01-10 01:00:00,188.0,0.6,130.0
2024-01-10 02:00:00,180.0,0.92,135.0
2024-01-10 03:00:00,200.75,0.38,99.25
2024-01-10 04:00:00,193.5,0.55,128.75
2024-01-10 05:00:00,172.75,0.4,120.5
2024-01-10 06:00:00,182.75,0.4,105.0
2024-01-10 07:00:00,221.0,0.48,132.5
2024-01-10 08:00:00,221.5,0.5,95.0
2024-01-10 09:00:00,280.75,0.55,134.0
2024-01-10 10:00:00,349.75,0.5,114.25
2024-01-10 11:00:00,290.25,0.68,129.5
2024-01-10 12:00:00,331.25,0.88,131.0
2024-01-10 13:00:00,361.75,0.85,127.75
2024-01-10 14:00:00,362.25,0.62,125.5
2024-01-10 15:00:00,364.5,0.48,130.0
2024-01-10 16:00:00,360.0,0.57,110.0
2024-01-10 17:00:00,401.0,0.35,135.0
2024-01-10 18:00:00,411.75,0.32,95.25
2024-01-10 19:00:00,426.5,0.4,130.0
2024-01-10 20:00:00,382.25,0.35,119.25
2024-01-10 21:00:00,412.5,0.42,132.25
2024-01-10 22:00:00,428.25,0.32,126.25
2024-01-10 23:00:00,415.75,0.3,122.75
2024-01-11 00:00:00,377.25,0.3,65.5
2024-01-11 01:00:00,351.5,0.5,127.75
2024-01-11 02:00:00,349.25,0.38,121.75
2024-01-11 03:00:00,352.0,0.4,128.0
2024-01-11 04:00:00,311.0,0.43,128.67
2024-01-11 05:00:00,310.25,0.3,102.0
2024-01-11 06:00:00,314.5,0.32,111.5
2024-01-11 07:00:00,298.75,0.3,87.75
2024-01-11 08:00:00,303.25,0.48,91.75
2024-01-11 09:00:00,322.5,0.35,95.75
2024-01-11 10:00:00,361.25,0.38,84.25
2024-01-11 11:00:00,363.0,0.3,87.5
2024-01-11 12:00:00,371.75,0.35,83.75
2024-01-11 13:00:00,422.75,0.57,101.75
2024-01-11 14:00:00,446.25,0.42,105.25
2024-01-11 15:00:00,442.0,0.43,123.0
2024-01-11 16:00:00,406.0,0.35,123.25
2024-01-11 17:00:00,414.25,0.3,109.25
2024-01-11 18:00:00,395.75,0.35,95.75
2024-01-11 19:00:00,379.25,0.3,89.75
2024-01-11 20:00:00,409.5,0.3,138.0
2024-01-11 21:00:00,448.0,0.3,73.25
2024-01-11 22:00:00,430.0,0.3,43.75
2024-01-11 23:00:00,423.75,0.3,68.75
2024-01-12 00:00:00,424.0,0.3,103.25
2024-01-12 01:00:00,376.25,0.3,89.5
2024-01-12 02:00:00,299.5,0.3,173.25
2024-01-12 03:00:00,277.75,0.3,172.0
2024-01-12 04:00:00,262.0,0.3,82.25
2024-01-12 05:00:00,269.25,0.3,80.0
2024-01-12 06:00:00,290.5,0.38,99.75
2024-01-12 07:00:00,258.5,0.45,61.0
2024-01-12 08:00:00,256.75,0.32,84.75
2024-01-12 09:00:00,332.5,0.3,65.5
2024-01-12 10:00:00,456.25,0.42,58.5
2024-01-12 11:00:00,405.25,0.45,96.0
2024-01-12 12:00:00,465.5,0.32,94.5
2024-01-12 13:00:00,440.0,0.32,73.5
2024-01-12 14:00:00,447.5,0.48,89.5
2024-01-12 15:00:00,429.0,0.3,67.75
2024-01-12 16:00:00,375.25,0.3,69.0
2024-01-12 17:00:00,330.67,0.3,24.5
2024-01-12 18:00:00,328.5,0.3,24.75
2024-01-12 19:00:00,420.5,0.3,22.5
2024-01-12 20:00:00,555.5,0.3,31.0
2024-01-12 21:00:00,585.5,0.3,28.25
2024-01-12 22:00:00,594.75,0.3,43.5
2024-01-12 23:00:00,533.75,0.3,35.0
2024-01-13 00:00:00,454.25,0.3,30.0
2024-01-13 01:00:00,421.75,0.3,30.75
2024-01-13 02:00:00,464.75,0.3,43.5
2024-01-13 03:00:00,462.5,0.3,45.0
2024-01-13 04:00:00,466.75,0.38,46.25
2024-01-13 05:00:00,457.5,0.3,51.25
2024-01-13 06:00:00,434.0,0.3,31.0
2024-01-13 07:00:00,428.75,0.7,55.5
2024-01-13 08:00:00,401.5,0.3,35.25
2024-01-13 09:00:00,446.0,0.38,50.5
2024-01-13 10:00:00,551.5,0.55,46.5
2024-01-13 11:00:00,676.25,0.3,31.5
2024-01-13 12:00:00,804.25,0.35,60.5
2024-01-13 13:00:00,860.5,1.52,73.0
2024-01-13 14:00:00,749.75,0.78,52.75
2024-01-13 15:00:00,688.0,0.4,36.5
2024-01-13 16:00:00,741.0,0.38,34.0
2024-01-13 17:00:00,773.75,0.3,30.0
2024-01-13 18:00:00,805.0,0.3,24.25
2024-01-13 19:00:00,896.25,0.3,19.25
2024-01-13 20:00:00,882.0,0.3,19.75
2024-01-13 21:00:00,890.7142857142857,0.3,23.75
2024-01-13 22:00:00,899.4285714285714,0.3,30.75
2024-01-13 23:00:00,908.1428571428571,0.3,26.75
2024-01-14 00:00:00,,0.3,31.25
2024-01-14 01:00:00,,0.3,24.75
2024-01-14 02:00:00,,0.3,23.75
2024-01-14 03:00:00,943.0,0.3,28.75
2024-01-14 04:00:00,841.75,0.32,42.5
2024-01-14 05:00:00,507.5,0.98,61.0
2024-01-14 06:00:00,416.0,0.4,31.75
2024-01-14 07:00:00,427.25,0.3,43.75
2024-01-14 08:00:00,441.25,0.3,123.5
2024-01-14 09:00:00,406.75,0.35,83.0
2024-01-14 10:00:00,558.5,0.3,111.75
2024-01-14 11:00:00,784.5,0.32,87.75
2024-01-14 12:00:00,777.0,0.38,90.25
2024-01-14 13:00:00,744.25,0.38,92.5
2024-01-14 14:00:00,506.0,0.52,101.25
2024-01-14 15:00:00,399.5,0.3,56.75
2024-01-14 16:00:00,383.0,0.32,111.0
2024-01-14 17:00:00,459.25,0.3,151.5
2024-01-14 18:00:00,556.0,0.3,115.5
2024-01-14 19:00:00,578.5,0.3,98.25
2024-01-14 20:00:00,638.25,0.3,97.25
2024-01-14 21:00:00,709.75,0.3,97.0
2024-01-14 22:00:00,710.5,0.3,67.75
2024-01-14 23:00:00,551.0,0.3,44.5
2024-01-15 00:00:00,415.0,0.3,56.5
2024-01-15 01:00:00,340.5,0.3,23.25
2024-01-15 02:00:00,300.5,0.3,20.75
2024-01-15 03:00:00,277.75,0.3,45.75
2024-01-15 04:00:00,357.5,0.3,74.75
2024-01-15 05:00:00,387.75,0.3,47.5
2024-01-15 06:00:00,308.5,0.3,88.25
2024-01-15 07:00:00,269.5,0.3,133.25
2024-01-15 08:00:00,271.25,0.38,84.25
2024-01-15 09:00:00,325.75,0.3,64.25
2024-01-15 10:00:00,424.5,0.45,89.25
2024-01-15 11:00:00,401.75,0.6,85.5
2024-01-15 12:00:00,414.0,0.45,116.5
2024-01-15 13:00:00,401.5,0.35,98.0
2024-01-15 14:00:00,331.0,0.42,90.25
2024-01-15 15:00:00,349.0,0.45,75.75
2024-01-15 16:00:00,367.5,0.3,47.0
2024-01-15 17:00:00,345.0,0.3,23.25
2024-01-15 18:00:00,359.5,0.3,31.5
2024-01-15 19:00:00,420.25,0.35,29.5
2024-01-15 20:00:00,595.75,0.3,11.5
2024-01-15 21:00:00,734.0,0.3,11.5
2024-01-15 22:00:00,734.75,0.32,16.0
2024-01-15 23:00:00,610.5,0.3,4.75
2024-01-16 00:00:00,496.25,0.3,6.5
2024-01-16 01:00:00,487.5,0.3,14.75
2024-01-16 02:00:00,505.5,0.3,34.25
2024-01-16 03:00:00,507.0,0.3,45.5
2024-01-16 04:00:00,469.25,0.38,43.5
2024-01-16 05:00:00,362.25,0.38,47.75
2024-01-16 06:00:00,294.75,0.55,29.0
2024-01-16 07:00:00,271.75,0.43,37.75
2024-01-16 08:00:00,255.5,0.78,48.0
2024-01-16 09:00:00,295.25,0.48,43.0
2024-01-16 10:00:00,373.75,0.68,52.0
2024-01-16 11:00:00,417.25,1.7,45.0
2024-01-16 12:00:00,461.75,1.62,39.75
2024-01-16 13:00:00,436.25,1.48,42.0
2024-01-16 14:00:00,423.25,1.92,49.0
2024-01-16 15:00:00,415.75,1.6,44.5
2024-01-16 16:00:00,413.75,1.2,50.5
2024-01-16 17:00:00,424.5,1.68,48.5
2024-01-16 18:00:00,417.0,0.92,47.5
2024-01-16 19:00:00,436.25,0.48,38.75
2024-01-16 20:00:00,466.25,0.85,43.75
2024-01-16 21:00:00,454.75,0.88,41.5
2024-01-16 22:00:00,406.75,0.65,41.25
2024-01-16 23:00:00,346.5,0.55,46.75
2024-01-17 00:00:00,341.5,0.85,53.25
2024-01-17 01:00:00,310.0,0.4,47.25
2024-01-17 02:00:00,276.25,0.68,50.5
2024-01-17 03:00:00,274.5,0.45,49.0
2024-01-17 04:00:00,253.75,0.42,61.0
2024-01-17 05:00:00,267.25,0.4,58.75
2024-01-17 06:00:00,262.5,0.48,45.25
2024-01-17 07:00:00,252.5,0.48,43.0
2024-01-17 08:00:00,252.75,0.68,40.0
2024-01-17 09:00:00,285.75,0.45,42.25
2024-01-17 10:00:00,325.25,0.88,49.5
2024-01-17 11:00:00,357.5,1.28,54.0
2024-01-17 12:00:00,355.0,1.15,51.75
2024-01-17 13:00:00,322.5,0.92,43.75
2024-01-17 14:00:00,284.5,0.92,47.25
2024-01-17 15:00:00,292.0,0.9,50.5
2024-01-17 16:00:00,340.5,0.62,42.0
2024-01-17 17:00:00,338.5,0.48,39.0
2024-01-17 18:00:00,394.75,0.3,26.75
2024-01-17 19:00:00,449.0,0.3,44.25
2024-01-17 20:00:00,487.25,0.3,49.75
2024-01-17 21:00:00,464.25,0.3,46.0
2024-01-17 22:00:00,482.5,0.3,43.25
2024-01-17 23:00:00,443.5,0.48,41.5
2024-01-18 00:00:00,302.75,0.78,41.75
2024-01-18 01:00:00,224.75,0.65,59.5
2024-01-18 02:00:00,226.5,0.35,59.25
2024-01-18 03:00:00,165.0,0.52,55.0
2024-01-18 04:00:00,149.25,0.38,53.5
2024-01-18 05:00:00,164.0,0.35,63.5
2024-01-18 06:00:00,190.0,0.32,63.25
2024-01-18 07:00:00,195.25,0.32,49.0
2024-01-18 08:00:00,205.0,0.35,62.25
2024-01-18 09:00:00,272.25,0.3,46.75
2024-01-18 10:00:00,372.5,0.3,36.75
2024-01-18 11:00:00,408.75,0.42,54.75
2024-01-18 12:00:00,446.75,1.2,40.25
2024-01-18 13:00:00,410.0,1.45,53.0
2024-01-18 14:00:00,370.5,1.12,50.25
2024-01-18 15:00:00,357.0,0.6,45.5
2024-01-18 16:00:00,374.75,0.45,49.25
2024-01-18 17:00:00,394.0,0.38,65.75
2024-01-18 18:00:00,373.75,0.32,53.75
2024-01-18 19:00:00,373.0,0.38,53.75
2024-01-18 20:00:00,353.75,0.32,44.75
2024-01-18 21:00:00,331.5,0.3,54.25
2024-01-18 22:00:00,365.0,0.3,60.5
2024-01-18 23:00:00,389.0,0.32,44.75
2024-01-19 00:00:00,391.5,0.3,47.5
2024-01-19 01:00:00,391.0,0.3,46.0
2024-01-19 02:00:00,353.0,0.3,71.25
2024-01-19 03:00:00,298.5,0.32,73.5
2024-01-19 04:00:00,257.25,0.35,49.75
2024-01-19 05:00:00,243.0,0.32,62.75
2024-01-19 06:00:00,234.0,0.37,47.33
2024-01-19 07:00:00,266.75,0.3,63.0
2024-01-19 08:00:00,291.75,0.4,79.25
2024-01-19 09:00:00,311.0,0.4,66.0
2024-01-19 10:00:00,331.5,0.55,56.5
2024-01-19 11:00:00,363.5,0.9,41.0
2024-01-19 12:00:00,410.0,1.05,44.75
2024-01-19 13:00:00,383.5,1.62,42.0
2024-01-19 14:00:00,312.5,1.2,52.75
2024-01-19 15:00:00,344.75,1.42,42.75
2024-01-19 16:00:00,362.25,1.08,46.0
2024-01-19 17:00:00,339.5,0.88,46.75
2024-01-19 18:00:00,291.75,0.7,44.0
2024-01-19 19:00:00,284.5,0.6,37.0
2024-01-19 20:00:00,295.25,0.55,42.5
2024-01-19 21:00:00,269.25,0.9,39.5
2024-01-19 22:00:00,239.75,0.7,38.75
2024-01-19 23:00:00,228.5,0.68,41.0
2024-01-20 00:00:00,218.5,0.6,40.25
2024-01-20 01:00:00,202.75,0.4,46.75
2024-01-20 02:00:00,201.0,0.52,44.5
2024-01-20 03:00:00,187.5,0.3,80.25
2024-01-20 04:00:00,184.75,0.57,49.0
2024-01-20 05:00:00,188.25,0.42,75.25
2024-01-20 06:00:00,188.5,0.4,52.0
2024-01-20 07:00:00,202.25,0.45,52.25
2024-01-20 08:00:00,201.5,0.3,55.75
2024-01-20 09:00:00,237.5,0.5,31.5
2024-01-20 10:00:00,276.25,0.82,44.25
2024-01-20 11:00:00,277.75,0.75,50.75
2024-01-20 12:00:00,306.75,1.1,46.75
2024-01-20 13:00:00,337.25,0.75,53.75
2024-01-20 14:00:00,360.5,0.65,65.25
2024-01-20 15:00:00,401.25,0.52,67.5
2024-01-20 16:00:00,430.75,0.3,53.5
2024-01-20 17:00:00,480.5,0.3,42.25
2024-01-20 18:00:00,582.0,0.38,78.0
2024-01-20 19:00:00,484.5,0.3,81.25
2024-01-20 20:00:00,493.0,0.3,94.0
2024-01-20 21:00:00,535.75,0.3,78.0
2024-01-20 22:00:00,543.75,0.3,71.0
2024-01-20 23:00:00,534.0,0.3,71.0
2024-01-21 00:00:00,544.75,0.3,71.0
2024-01-21 01:00:00,477.5,0.3,69.75
2024-01-21 02:00:00,446.0,0.3,67.75
2024-01-21 03:00:00,436.75,0.3,67.0
2024-01-21 04:00:00,420.5,0.3,67.0
2024-01-21 05:00:00,373.75,0.3,88.0
2024-01-21 06:00:00,356.5,0.3,126.0
2024-01-21 07:00:00,302.0,0.38,126.25
2024-01-21 08:00:00,297.5,0.3,100.0
2024-01-21 09:00:00,342.0,0.32,141.25
2024-01-21 10:00:00,356.75,0.4,138.0
2024-01-21 11:00:00,276.0,0.3,138.0
2024-01-21 12:00:00,258.75,0.65,122.0
2024-01-21 13:00:00,280.0,0.5,122.5
2024-01-21 14:00:00,292.25,0.75,126.25
2024-01-21 15:00:00,305.25,0.68,129.0
2024-01-21 16:00:00,260.0,0.35,125.75
2024-01-21 17:00:00,260.5,0.3,117.25
2024-01-21 18:00:00,273.75,0.32,99.25
2024-01-21 19:00:00,281.0,0.3,75.0
2024-01-21 20:00:00,285.25,0.35,72.0
2024-01-21 21:00:00,298.25,0.32,94.0
2024-01-21 22:00:00,270.25,0.4,74.5
2024-01-21 23:00:00,267.0,0.55,56.75
2024-01-22 00:00:00,269.0,0.42,69.0
2024-01-22 01:00:00,254.0,0.45,50.5
2024-01-22 02:00:00,240.25,0.3,32.75
2024-01-22 03:00:00,226.5,0.3,32.25
2024-01-22 04:00:00,220.25,0.3,53.0
2024-01-22 05:00:00,204.75,0.3,49.5
2024-01-22 06:00:00,247.0,0.45,55.25
2024-01-22 07:00:00,323.75,0.35,49.0
2024-01-22 08:00:00,383.0,0.5,40.0
2024-01-22 09:00:00,399.0,0.65,34.75
2024-01-22 10:00:00,412.75,1.38,42.5
2024-01-22 11:00:00,454.25,1.25,46.0
2024-01-22 12:00:00,453.25,1.48,39.25
2024-01-22 13:00:00,444.5,1.27,45.0
2024-01-22 14:00:00,437.25,1.1,43.75
2024-01-22 15:00:00,434.75,1.48,39.25
2024-01-22 16:00:00,381.75,0.73,37.75
2024-01-22 17:00:00,342.25,0.57,41.25
2024-01-22 18:00:00,386.75,0.5,41.25
2024-01-22 19:00:00,432.0,0.42,33.75
2024-01-22 20:00:00,417.25,0.3,47.5
2024-01-22 21:00:00,454.5,0.3,45.75
2024-01-22 22:00:00,569.75,0.3,49.5
2024-01-22 23:00:00,571.5,0.35,44.25
2024-01-23 00:00:00,517.5,0.9,38.5
2024-01-23 01:00:00,459.75,1.45,46.0
2024-01-23 02:00:00,349.75,0.9,42.25
2024-01-23 03:00:00,335.75,0.82,42.75
2024-01-23 04:00:00,321.5,0.62,61.5
2024-01-23 05:00:00,285.25,0.42,63.25
2024-01-23 06:00:00,278.75,0.45,41.0
2024-01-23 07:00:00,297.75,0.45,60.5
2024-01-23 08:00:00,285.0,0.52,55.0
2024-01-23 09:00:00,284.0,0.6,67.0
2024-01-23 10:00:00,297.75,0.48,50.5
2024-01-23 11:00:00,354.25,0.35,45.75
2024-01-23 12:00:00,409.75,0.5,48.0
2024-01-23 13:00:00,448.25,0.38,67.0
2024-01-23 14:00:00,483.0,0.38,81.5
2024-01-23 15:00:00,543.75,0.72,65.5
2024-01-23 16:00:00,650.0,0.65,41.0
2024-01-23 17:00:00,603.5,0.3,41.25
2024-01-23 18:00:00,565.75,0.3,33.25
2024-01-23 19:00:00,505.25,1.52,54.25
2024-01-23 20:00:00,453.5,1.6,39.25
2024-01-23 21:00:00,431.5,0.98,47.25
2024-01-23 22:00:00,428.75,1.15,46.0
2024-01-23 23:00:00,413.5,0.32,35.75
2024-01-24 00:00:00,409.0,0.3,45.0
2024-01-24 01:00:00,418.75,0.3,48.5
2024-01-24 02:00:00,418.0,0.38,42.0
2024-01-24 03:00:00,422.0,0.38,36.5
2024-01-24 04:00:00,472.25,0.32,51.25
2024-01-24 05:00:00,491.75,0.55,48.0
2024-01-24 06:00:00,442.5,0.4,44.25
2024-01-24 07:00:00,418.0,0.32,37.75
2024-01-24 08:00:00,402.0,0.3,59.5
2024-01-24 09:00:00,400.75,0.32,87.75
2024-01-24 10:00:00,406.75,0.45,94.75
2024-01-24 11:00:00,427.0,0.48,66.0
2024-01-24 12:00:00,481.75,0.35,79.0
2024-01-24 13:00:00,483.25,0.35,97.0
2024-01-24 14:00:00,454.0,0.5,80.25
2024-01-24 15:00:00,399.75,0.3,53.75
2024-01-24 16:00:00,529.75,0.3,34.5
2024-01-24 17:00:00,674.5,0.3,44.0
2024-01-24 18:00:00,645.5,0.3,44.0
2024-01-24 19:00:00,599.0,0.3,50.0
2024-01-24 20:00:00,432.0,0.3,36.25
2024-01-24 21:00:00,397.5,0.3,22.75
2024-01-24 22:00:00,468.5,0.3,13.75
2024-01-24 23:00:00,568.25,0.3,25.5
2024-01-25 00:00:00,537.25,0.3,36.75
2024-01-25 01:00:00,359.0,0.32,30.75
2024-01-25 02:00:00,348.25,0.3,65.75
2024-01-25 03:00:00,379.75,0.3,89.75
2024-01-25 04:00:00,259.75,0.32,122.75
2024-01-25 05:00:00,227.75,0.3,105.75
2024-01-25 06:00:00,246.25,0.32,84.5
2024-01-25 07:00:00,201.5,0.42,87.0
2024-01-25 08:00:00,199.0,0.35,95.75
2024-01-25 09:00:00,246.75,0.35,97.5
2024-01-25 10:00:00,313.5,0.57,51.5
2024-01-25 11:00:00,356.5,1.32,52.75
2024-01-25 12:00:00,524.5,0.42,56.5
2024-01-25 13:00:00,540.5,0.55,62.5
2024-01-25 14:00:00,579.25,1.42,58.25
2024-01-25 15:00:00,534.5,0.32,54.0
2024-01-25 16:00:00,623.75,0.32,75.5
2024-01-25 17:00:00,671.5,0.3,64.75
2024-01-25 18:00:00,617.25,0.3,34.75
2024-01-25 19:00:00,541.0,0.3,18.0
2024-01-25 20:00:00,578.75,0.3,19.25
2024-01-25 21:00:00,652.25,0.3,20.0
2024-01-25 22:00:00,767.5,0.3,20.5
2024-01-25 23:00:00,652.5,0.3,21.0
2024-01-26 00:00:00,615.5,0.3,22.0
2024-01-26 01:00:00,578.25,0.3,23.25
2024-01-26 02:00:00,567.0,0.3,23.5
2024-01-26 03:00:00,562.0,0.3,24.25
2024-01-26 04:00:00,577.5,0.3,25.0
2024-01-26 05:00:00,573.5,0.3,23.5
2024-01-26 06:00:00,543.25,0.3,17.5
2024-01-26 07:00:00,626.75,0.3,23.75
2024-01-26 08:00:00,715.75,0.3,21.75
2024-01-26 09:00:00,580.0,0.32,46.25
2024-01-26 10:00:00,577.75,0.3,67.5
2024-01-26 11:00:00,663.25,0.3,37.75
2024-01-26 12:00:00,678.0,0.78,53.75
2024-01-26 13:00:00,559.0,0.3,71.25
2024-01-26 14:00:00,372.5,0.72,47.25
2024-01-26 15:00:00,367.25,0.38,67.5
2024-01-26 16:00:00,375.0,0.32,60.0
2024-01-26 17:00:00,432.25,0.3,42.75
2024-01-26 18:00:00,452.5,0.3,44.25
2024-01-26 19:00:00,562.25,0.3,44.75
2024-01-26 20:00:00,704.25,0.3,45.0
2024-01-26 21:00:00,677.25,0.3,45.0
2024-01-26 22:00:00,738.25,0.3,45.0
2024-01-26 23:00:00,824.5,0.3,45.0
2024-01-27 00:00:00,718.5,0.3,45.0
2024-01-27 01:00:00,551.25,0.3,45.0
2024-01-27 02:00:00,382.75,0.3,44.75
2024-01-27 03:00:00,356.0,0.3,44.5
2024-01-27 04:00:00,383.5,0.3,44.0
2024-01-27 05:00:00,347.5,0.32,67.75
2024-01-27 06:00:00,340.0,0.35,84.5
2024-01-27 07:00:00,330.5,0.42,85.5
2024-01-27 08:00:00,332.5,0.62,91.0
2024-01-27 09:00:00,354.75,0.52,101.0
2024-01-27 10:00:00,388.0,1.08,110.25
2024-01-27 11:00:00,377.0,1.1,120.75
2024-01-27 12:00:00,344.25,0.95,121.5
2024-01-27 13:00:00,279.25,1.12,122.5
2024-01-27 14:00:00,242.75,0.98,121.5
2024-01-27 15:00:00,251.25,1.02,122.75
2024-01-27 16:00:00,276.0,0.85,126.0
2024-01-27 17:00:00,261.75,0.35,90.25
2024-01-27 18:00:00,357.25,0.3,84.0
2024-01-27 19:00:00,452.0,0.3,84.5
2024-01-27 20:00:00,477.25,0.3,85.0
2024-01-27 21:00:00,524.75,0.3,84.75
2024-01-27 22:00:00,564.5,0.3,84.0
2024-01-27 23:00:00,652.0,0.3,84.0
2024-01-28 00:00:00,783.0,0.3,84.0
2024-01-28 01:00:00,787.5,0.3,83.5
2024-01-28 02:00:00,612.25,0.3,83.0
2024-01-28 03:00:00,502.25,0.3,83.0
2024-01-28 04:00:00,488.25,0.3,82.25
2024-01-28 05:00:00,482.25,0.3,82.0
2024-01-28 06:00:00,548.75,0.3,83.0
2024-01-28 07:00:00,658.75,0.3,76.25
2024-01-28 08:00:00,716.5,0.32,32.25
2024-01-28 09:00:00,813.75,0.3,23.75
2024-01-28 10:00:00,857.0,0.57,36.0
2024-01-28 11:00:00,691.75,1.65,36.0
2024-01-28 12:00:00,566.5,1.35,47.0
2024-01-28 13:00:00,429.75,1.25,47.25
2024-01-28 14:00:00,410.75,2.28,51.25
2024-01-28 15:00:00,412.75,1.95,51.25
2024-01-28 16:00:00,429.5,1.7,46.5
2024-01-28 17:00:00,443.75,0.9,40.0
2024-01-28 18:00:00,395.0,0.75,43.75
2024-01-28 19:00:00,346.75,0.55,34.75
2024-01-28 20:00:00,337.5,0.95,46.75
2024-01-28 21:00:00,338.75,1.42,52.0
2024-01-28 22:00:00,333.0,1.15,41.0
2024-01-28 23:00:00,316.5,0.8,43.75
2024-01-29 00:00:00,303.75,0.35,34.25
2024-01-29 01:00:00,282.0,0.38,44.25
2024-01-29 02:00:00,293.75,0.38,37.0
2024-01-29 03:00:00,295.5,0.3,32.0
2024-01-29 04:00:00,274.0,0.3,41.0
2024-01-29 05:00:00,266.75,0.32,36.25
2024-01-29 06:00:00,259.5,0.48,40.25
2024-01-29 07:00:00,267.5,0.3,17.5
2024-01-29 08:00:00,326.5,0.4,26.75
2024-01-29 09:00:00,350.75,0.55,42.25
2024-01-29 10:00:00,397.67,0.57,39.25
2024-01-29 11:00:00,417.25,1.15,40.25
2024-01-29 12:00:00,427.5,0.95,45.5
2024-01-29 13:00:00,368.75,0.82,50.25
2024-01-29 14:00:00,305.25,0.6,51.75
2024-01-29 15:00:00,277.25,0.32,68.25
2024-01-29 16:00:00,367.0,0.3,84.0
2024-01-29 17:00:00,467.5,0.3,82.0
2024-01-29 18:00:00,652.0,0.3,81.0
2024-01-29 19:00:00,684.75,0.3,80.5
2024-01-29 20:00:00,686.0,0.3,80.25
2024-01-29 21:00:00,629.75,0.3,80.25
2024-01-29 22:00:00,605.0,0.3,60.5
2024-01-29 23:00:00,543.25,0.3,56.75
2024-01-30 00:00:00,459.75,0.3,51.5
2024-01-30 01:00:00,419.75,0.3,82.75
2024-01-30 02:00:00,403.75,0.3,75.25
2024-01-30 03:00:00,380.5,0.3,81.25
2024-01-30 04:00:00,358.75,0.3,98.0
2024-01-30 05:00:00,321.75,0.3,83.5
2024-01-30 06:00:00,287.75,0.3,86.75
2024-01-30 07:00:00,284.25,0.3,72.0
2024-01-30 08:00:00,283.0,0.45,87.75
2024-01-30 09:00:00,354.5,0.32,70.75
2024-01-30 10:00:00,381.5,0.42,53.25
2024-01-30 11:00:00,449.75,0.3,82.25
2024-01-30 12:00:00,523.25,0.6,70.25
2024-01-30 13:00:00,580.75,0.38,89.25
2024-01-30 14:00:00,583.0,0.38,57.0
2024-01-30 15:00:00,543.0,0.3,35.75
2024-01-30 16:00:00,562.75,0.3,36.0
2024-01-30 17:00:00,600.5,0.3,28.75
2024-01-30 18:00:00,667.5,0.3,32.0
2024-01-30 19:00:00,624.0,0.3,25.5
2024-01-30 20:00:00,507.75,0.3,18.0
2024-01-30 21:00:00,472.75,0.32,17.5
2024-01-30 22:00:00,532.0,0.42,19.25
2024-01-30 23:00:00,520.75,0.3,23.5
2024-01-31 00:00:00,401.25,0.3,19.75
2024-01-31 01:00:00,367.5,0.3,21.75
2024-01-31 02:00:00,318.0,0.3,19.5
2024-01-31 03:00:00,346.25,0.3,24.25
2024-01-31 04:00:00,337.25,0.3,17.25
2024-01-31 05:00:00,310.0,0.3,37.5
2024-01-31 06:00:00,333.5,0.3,73.25
2024-01-31 07:00:00,314.5,0.35,35.25
2024-01-31 08:00:00,354.5,0.35,19.75
2024-01-31 09:00:00,389.0,0.75,41.25
2024-01-31 10:00:00,383.0,0.4,45.75
2024-01-31 11:00:00,622.0,0.52,52.0
2024-01-31 12:00:00,613.25,0.62,67.0
2024-01-31 13:00:00,577.5,0.43,83.25
2024-01-31 14:00:00,496.25,0.68,79.25
2024-01-31 15:00:00,331.75,0.65,42.0
2024-01-31 16:00:00,327.25,0.58,51.75
2024-01-31 17:00:00,351.25,0.35,42.0
2024-01-31 18:00:00,294.0,1.52,41.75
2024-01-31 19:00:00,289.25,0.4,28.0
2024-01-31 20:00:00,274.5,0.78,40.75
2024-01-31 21:00:00,234.25,1.27,52.75
2024-01-31 22:00:00,177.75,1.4,48.25
2024-01-31 23:00:00,114.0,0.83,35.33
2024-02-01 00:00:00,120.5,1.65,37.5
2024-02-01 01:00:00,102.0,1.23,44.25
2024-02-01 02:00:00,69.0,1.23,57.5
2024-02-01 03:00:00,79.0,3.05,54.25
2024-02-01 04:00:00,73.5,2.05,42.25
2024-02-01 05:00:00,59.25,1.08,44.25
2024-02-01 06:00:00,59.5,1.9,59.75
2024-02-01 07:00:00,43.25,1.08,43.0
2024-02-01 08:00:00,52.5,0.82,37.75
2024-02-01 09:00:00,51.5,1.5,40.75
2024-02-01 10:00:00,53.0,2.33,44.5
2024-02-01 11:00:00,79.0,3.55,49.25
2024-02-01 12:00:00,81.5,3.5,47.5
2024-02-01 13:00:00,86.0,1.75,45.5
2024-02-01 14:00:00,83.0,1.72,38.5
2024-02-01 15:00:00,111.5,1.78,44.0
2024-02-01 16:00:00,139.25,1.05,42.75
2024-02-01 17:00:00,132.0,0.5,39.0
2024-02-01 18:00:00,137.5,0.6,47.25
2024-02-01 19:00:00,122.0,0.57,44.0
2024-02-01 20:00:00,135.25,0.57,36.75
2024-02-01 21:00:00,141.75,0.4,47.25
2024-02-01 22:00:00,154.75,0.3,40.25
2024-02-01 23:00:00,166.0,0.3,46.75
2024-02-02 00:00:00,158.5,0.3,45.0
2024-02-02 01:00:00,167.25,0.3,45.0
2024-02-02 02:00:00,183.25,0.3,45.0
2024-02-02 03:00:00,186.5,0.3,41.0
2024-02-02 04:00:00,147.5,0.3,26.5
2024-02-02 05:00:00,88.75,0.3,35.0
2024-02-02 06:00:00,88.25,0.3,31.75
2024-02-02 07:00:00,124.75,0.3,80.75
2024-02-02 08:00:00,211.25,0.3,84.5
2024-02-02 09:00:00,153.25,0.3,96.5
2024-02-02 10:00:00,170.75,0.35,117.5
2024-02-02 11:00:00,185.25,0.38,126.75
2024-02-02 12:00:00,197.75,1.18,126.5
2024-02-02 13:00:00,234.25,1.65,133.5
2024-02-02 14:00:00,243.75,1.95,127.0
2024-02-02 15:00:00,254.5,2.02,128.75
2024-02-02 16:00:00,222.75,1.4,124.25
2024-02-02 17:00:00,200.25,0.45,123.5
2024-02-02 18:00:00,241.0,0.45,121.25
2024-02-02 19:00:00,236.0,0.43,113.0
2024-02-02 20:00:00,241.25,0.4,119.0
2024-02-02 21:00:00,256.0,0.32,105.25
2024-02-02 22:00:00,295.75,0.38,104.75
2024-02-02 23:00:00,312.75,0.38,105.75
2024-02-03 00:00:00,212.5,0.32,123.5
2024-02-03 01:00:00,170.5,0.38,125.5
2024-02-03 02:00:00,128.5,0.43,121.75
2024-02-03 03:00:00,120.0,0.3,116.75
2024-02-03 04:00:00,112.25,0.3,67.0
2024-02-03 05:00:00,158.5,0.3,89.5
2024-02-03 06:00:00,263.5,0.3,116.0
2024-02-03 07:00:00,269.0,0.3,172.0
2024-02-03 08:00:00,268.25,0.3,147.25
2024-02-03 09:00:00,351.0,0.3,108.5
2024-02-03 10:00:00,355.5,1.32,107.75
2024-02-03 11:00:00,242.0,0.68,110.25
2024-02-03 12:00:00,248.0,0.52,112.5
2024-02-03 13:00:00,368.75,0.32,118.0
2024-02-03 14:00:00,406.0,0.3,121.75
2024-02-03 15:00:00,409.5,0.3,121.5
2024-02-03 16:00:00,436.5,0.3,95.0
2024-02-03 17:00:00,475.0,0.3,85.25
2024-02-03 18:00:00,529.5,0.3,83.75
2024-02-03 19:00:00,550.0,0.3,83.0
2024-02-03 20:00:00,575.25,0.3,83.0
2024-02-03 21:00:00,662.5,0.3,80.0
2024-02-03 22:00:00,773.75,0.3,78.75
2024-02-03 23:00:00,850.25,0.3,51.75
2024-02-04 00:00:00,617.75,0.3,26.0
2024-02-04 01:00:00,539.75,0.3,26.0
2024-02-04 02:00:00,431.0,0.3,26.0
2024-02-04 03:00:00,409.0,0.3,38.0
2024-02-04 04:00:00,338.25,0.3,82.0
2024-02-04 05:00:00,221.25,0.3,38.75
2024-02-04 06:00:00,159.75,0.3,32.25
2024-02-04 07:00:00,178.75,0.57,43.75
2024-02-04 08:00:00,190.5,0.3,38.75
2024-02-04 09:00:00,153.75,0.6,33.5
2024-02-04 10:00:00,151.75,1.9,45.25
2024-02-04 11:00:00,162.75,1.55,35.75
2024-02-04 12:00:00,153.5,0.98,37.0
2024-02-04 13:00:00,155.5,0.78,46.75
2024-02-04 14:00:00,165.0,0.82,36.25
2024-02-04 15:00:00,186.0,1.42,45.5
2024-02-04 16:00:00,176.0,1.18,38.25
2024-02-04 17:00:00,175.25,0.85,37.0
2024-02-04 18:00:00,180.75,0.68,36.75
2024-02-04 19:00:00,182.5,0.52,34.0
2024-02-04 20:00:00,200.75,0.62,34.75
2024-02-04 21:00:00,203.0,1.18,40.25
2024-02-04 22:00:00,194.0,1.02,41.5
2024-02-04 23:00:00,123.0,1.88,37.5
2024-02-05 00:00:00,119.75,1.35,38.25
2024-02-05 01:00:00,111.75,0.75,48.5
2024-02-05 02:00:00,124.5,0.32,40.5
2024-02-05 03:00:00,141.25,0.3,34.0
2024-02-05 04:00:00,122.75,0.3,67.75
2024-02-05 05:00:00,117.75,0.3,80.75
2024-02-05 06:00:00,119.0,0.3,84.0
2024-02-05 07:00:00,134.5,0.3,129.25
2024-02-05 08:00:00,146.5,0.3,119.5
2024-02-05 09:00:00,183.5,0.3,122.25
2024-02-05 10:00:00,203.75,0.5,122.5
2024-02-05 11:00:00,207.75,0.52,124.0
2024-02-05 12:00:00,189.5,0.4,128.0
2024-02-05 13:00:00,219.5,0.4,129.0
2024-02-05 14:00:00,283.0,0.55,112.25
2024-02-05 15:00:00,295.25,0.3,108.25
2024-02-05 16:00:00,289.75,0.3,123.0
2024-02-05 17:00:00,293.5,0.3,116.0
2024-02-05 18:00:00,278.0,0.3,122.75
2024-02-05 19:00:00,257.75,0.3,113.25
2024-02-05 20:00:00,214.5,0.3,115.75
2024-02-05 21:00:00,211.0,0.3,102.0
2024-02-05 22:00:00,204.75,0.35,123.0
2024-02-05 23:00:00,204.0,0.43,88.0
2024-02-06 00:00:00,158.0,0.3,94.0
2024-02-06 01:00:00,140.25,0.38,62.0
2024-02-06 02:00:00,126.75,0.3,36.25
2024-02-06 03:00:00,139.5,0.3,70.25
2024-02-06 04:00:00,145.5,0.3,32.75
2024-02-06 05:00:00,161.5,0.3,89.5
2024-02-06 06:00:00,205.25,0.3,77.5
2024-02-06 07:00:00,234.25,0.3,79.0
2024-02-06 08:00:00,262.25,0.3,93.25
2024-02-06 09:00:00,330.0,0.45,112.25
2024-02-06 10:00:00,299.0,0.52,128.0
2024-02-06 11:00:00,256.0,0.55,124.75
2024-02-06 12:00:00,262.0,0.42,127.75
2024-02-06 13:00:00,224.75,1.08,126.5
2024-02-06 14:00:00,206.5,1.45,130.0
2024-02-06 15:00:00,227.75,1.27,128.25
2024-02-06 16:00:00,191.0,1.13,131.33
2024-02-06 17:00:00,229.75,0.53,126.67
2024-02-06 18:00:00,246.5,0.32,121.5
2024-02-06 19:00:00,309.5,0.3,147.75
2024-02-06 20:00:00,442.75,0.3,106.5
2024-02-06 21:00:00,506.25,0.3,109.0
2024-02-06 22:00:00,477.75,0.3,104.0
2024-02-06 23:00:00,416.5,0.3,93.0
2024-02-07 00:00:00,477.25,0.3,93.75
2024-02-07 01:00:00,316.5,0.3,84.0
2024-02-07 02:00:00,233.75,0.3,111.5
2024-02-07 03:00:00,186.75,0.32,127.5
2024-02-07 04:00:00,155.75,0.32,131.25
2024-02-07 05:00:00,178.25,0.3,115.5
2024-02-07 06:00:00,236.5,0.3,104.5
2024-02-07 07:00:00,215.25,0.3,115.75
2024-02-07 08:00:00,259.5,0.35,118.75
2024-02-07 09:00:00,283.5,0.85,130.0
2024-02-07 10:00:00,294.5,1.62,129.25
2024-02-07 11:00:00,220.5,1.38,133.5
2024-02-07 12:00:00,201.25,1.62,134.5
2024-02-07 13:00:00,261.25,2.15,130.75
2024-02-07 14:00:00,279.75,2.35,133.25
2024-02-07 15:00:00,270.0,1.72,133.75
2024-02-07 16:00:00,205.75,0.98,133.0
2024-02-07 17:00:00,177.5,1.35,132.5
2024-02-07 18:00:00,190.0,0.38,126.75
2024-02-07 19:00:00,211.75,0.42,113.5
2024-02-07 20:00:00,238.75,0.48,120.75
2024-02-07 21:00:00,257.25,0.45,127.0
2024-02-07 22:00:00,251.0,0.32,120.75
2024-02-07 23:00:00,236.25,0.6,121.0
2024-02-08 00:00:00,199.25,0.5,111.25
2024-02-08 01:00:00,191.0,0.52,110.5
2024-02-08 02:00:00,179.75,0.7,112.5
2024-02-08 03:00:00,165.75,0.57,119.25
2024-02-08 04:00:00,154.5,0.62,116.25
2024-02-08 05:00:00,188.75,0.98,125.5
2024-02-08 06:00:00,191.5,1.08,123.0
2024-02-08 07:00:00,177.75,0.95,126.5
2024-02-08 08:00:00,190.5,1.12,128.75
2024-02-08 09:00:00,216.0,1.62,132.5
2024-02-08 10:00:00,234.0,1.48,134.75
2024-02-08 11:00:00,186.0,1.9,135.25
2024-02-08 12:00:00,222.25,2.28,134.75
2024-02-08 13:00:00,256.25,1.9,133.5
2024-02-08 14:00:00,197.5,1.9,134.0
2024-02-08 15:00:00,200.5,1.78,133.75
2024-02-08 16:00:00,182.5,1.7,134.25
2024-02-08 17:00:00,183.0,1.35,133.5
2024-02-08 18:00:00,146.0,0.57,129.5
2024-02-08 19:00:00,168.0,0.35,106.25
2024-02-08 20:00:00,216.0,0.52,117.25
2024-02-08 21:00:00,255.0,0.4,119.25
2024-02-08 22:00:00,229.5,0.3,116.75
2024-02-08 23:00:00,217.25,0.45,116.5
2024-02-09 00:00:00,229.75,0.42,120.5
2024-02-09 01:00:00,170.5,0.35,117.5
2024-02-09 02:00:00,156.5,0.32,103.25
2024-02-09 03:00:00,158.5,0.38,90.5
2024-02-09 04:00:00,180.5,0.32,98.75
2024-02-09 05:00:00,236.0,0.3,98.0
2024-02-09 06:00:00,307.25,0.3,95.5
2024-02-09 07:00:00,341.75,0.3,98.0
2024-02-09 08:00:00,339.25,0.3,102.75
2024-02-09 09:00:00,308.0,0.3,105.25
2024-02-09 10:00:00,422.75,0.55,131.25
2024-02-09 11:00:00,185.5,0.52,124.25
2024-02-09 12:00:00,168.25,0.45,111.75
2024-02-09 13:00:00,163.75,0.45,102.5
2024-02-09 14:00:00,158.5,0.65,122.75
2024-02-09 15:00:00,160.0,0.5,128.75
2024-02-09 16:00:00,156.75,0.35,121.0
2024-02-09 17:00:00,180.25,0.3,141.5
2024-02-09 18:00:00,232.25,0.3,152.0
2024-02-09 19:00:00,346.0,0.3,152.0
2024-02-09 20:00:00,427.0,0.3,152.33
2024-02-09 21:00:00,568.25,0.3,152.0
2024-02-09 22:00:00,780.75,0.3,152.0
2024-02-09 23:00:00,864.0,0.3,152.5
2024-02-10 00:00:00,881.0,0.32,109.5
2024-02-10 01:00:00,757.25,0.3,6.0
2024-02-10 02:00:00,589.0,0.3,6.0
2024-02-10 03:00:00,429.75,0.3,6.5
2024-02-10 04:00:00,450.0,0.3,7.25
2024-02-10 05:00:00,609.25,0.3,49.5
2024-02-10 06:00:00,544.0,0.3,68.0
2024-02-10 07:00:00,463.0,0.3,76.5
2024-02-10 08:00:00,490.0,0.3,47.25
2024-02-10 09:00:00,563.0,0.3,30.5
2024-02-10 10:00:00,432.25,0.55,40.0
2024-02-10 11:00:00,394.0,0.32,34.0
2024-02-10 12:00:00,320.75,0.35,61.0
2024-02-10 13:00:00,317.0,0.42,71.25
2024-02-10 14:00:00,297.0,0.32,67.5
2024-02-10 15:00:00,225.25,0.48,61.5
2024-02-10 16:00:00,191.5,0.3,57.25
2024-02-10 17:00:00,219.0,0.3,86.75
2024-02-10 18:00:00,329.25,0.3,98.75
2024-02-10 19:00:00,456.25,0.3,138.0
2024-02-10 20:00:00,461.75,0.3,131.0
2024-02-10 21:00:00,444.67,0.3,78.0
2024-02-10 22:00:00,428.25,0.3,67.0
2024-02-10 23:00:00,405.0,0.3,67.0
2024-02-11 00:00:00,456.0,0.3,67.0
2024-02-11 01:00:00,364.25,0.3,66.5
2024-02-11 02:00:00,368.75,0.3,67.0
2024-02-11 03:00:00,410.75,0.3,67.0
2024-02-11 04:00:00,422.25,0.3,67.0
2024-02-11 05:00:00,364.25,0.3,66.5
2024-02-11 06:00:00,425.0,0.3,66.75
2024-02-11 07:00:00,404.75,0.3,67.0
2024-02-11 08:00:00,409.5,0.3,68.25
2024-02-11 09:00:00,450.75,0.3,105.75
2024-02-11 10:00:00,440.75,0.3,108.75
2024-02-11 11:00:00,329.25,0.3,122.75
2024-02-11 12:00:00,253.5,0.4,98.75
2024-02-11 13:00:00,219.0,0.38,95.25
2024-02-11 14:00:00,240.5,0.3,85.25
2024-02-11 15:00:00,251.75,0.3,89.5
2024-02-11 16:00:00,253.25,0.3,75.25
2024-02-11 17:00:00,249.5,0.3,98.5
2024-02-11 18:00:00,262.75,0.3,53.25
2024-02-11 19:00:00,343.5,0.3,50.0
2024-02-11 20:00:00,433.0,0.3,50.0
2024-02-11 21:00:00,437.5,0.3,50.0
2024-02-11 22:00:00,382.25,0.3,50.0
2024-02-11 23:00:00,402.75,0.3,50.0
2024-02-12 00:00:00,508.75,0.3,52.75
2024-02-12 01:00:00,463.25,0.3,55.0
2024-02-12 02:00:00,390.0,0.3,55.0
2024-02-12 03:00:00,370.0,0.3,55.0
2024-02-12 04:00:00,329.5,0.3,55.0
2024-02-12 05:00:00,360.0,0.3,55.0
2024-02-12 06:00:00,409.25,0.3,55.0
2024-02-12 07:00:00,352.0,0.3,55.0
2024-02-12 08:00:00,435.0,0.3,87.25
2024-02-12 09:00:00,418.25,0.3,77.0
2024-02-12 10:00:00,397.0,0.3,85.0
2024-02-12 11:00:00,361.25,0.32,100.5
2024-02-12 12:00:00,317.75,0.4,89.0
2024-02-12 13:00:00,291.0,0.35,42.5
2024-02-12 14:00:00,201.5,0.48,41.0
2024-02-12 15:00:00,193.0,0.48,41.75
2024-02-12 16:00:00,202.5,0.3,41.0
2024-02-12 17:00:00,254.0,0.3,40.75
2024-02-12 18:00:00,350.0,0.3,19.0
2024-02-12 19:00:00,488.5,0.32,49.5
2024-02-12 20:00:00,422.5,0.3,15.5
2024-02-12 21:00:00,465.0,0.3,13.25
2024-02-12 22:00:00,535.75,0.3,10.25
2024-02-12 23:00:00,499.75,0.3,10.0
2024-02-13 00:00:00,533.5,0.3,10.5
2024-02-13 01:00:00,489.5,0.3,11.0
2024-02-13 02:00:00,419.25,0.3,11.0
2024-02-13 03:00:00,469.5,0.3,11.0
2024-02-13 04:00:00,433.75,0.3,11.5
2024-02-13 05:00:00,454.0,0.3,12.5
2024-02-13 06:00:00,515.5,0.3,15.0
2024-02-13 07:00:00,589.75,0.3,29.75
2024-02-13 08:00:00,448.25,0.3,19.25
2024-02-13 09:00:00,541.5,0.3,31.25
2024-02-13 10:00:00,573.5,0.3,47.0
2024-02-13 11:00:00,567.0,0.3,39.5
2024-02-13 12:00:00,549.25,0.3,78.5
2024-02-13 13:00:00,455.25,0.3,83.25
2024-02-13 14:00:00,324.75,0.3,43.25
2024-02-13 15:00:00,247.0,0.3,37.75
2024-02-13 16:00:00,359.5,0.32,62.75
2024-02-13 17:00:00,407.5,0.3,31.0
2024-02-13 18:00:00,348.75,0.3,176.0
2024-02-13 19:00:00,544.75,0.3,176.0
2024-02-13 20:00:00,674.75,0.3,176.0
2024-02-13 21:00:00,774.0,0.3,176.0
2024-02-13 22:00:00,819.75,0.3,176.0
2024-02-13 23:00:00,730.25,0.3,176.0
2024-02-14 00:00:00,619.25,0.3,176.0
2024-02-14 01:00:00,523.5,0.3,176.0
2024-02-14 02:00:00,454.25,0.3,176.0
2024-02-14 03:00:00,432.75,0.3,176.0
2024-02-14 04:00:00,411.25,0.3,176.0
2024-02-14 05:00:00,424.5,0.3,176.0
2024-02-14 06:00:00,451.5,0.3,175.5
2024-02-14 07:00:00,424.25,0.3,163.0
2024-02-14 08:00:00,444.0,0.3,100.75
2024-02-14 09:00:00,471.75,0.3,126.25
2024-02-14 10:00:00,471.5,0.3,111.75
2024-02-14 11:00:00,408.5,0.32,109.75
2024-02-14 12:00:00,385.75,0.32,120.5
2024-02-14 13:00:00,318.75,0.4,114.75
2024-02-14 14:00:00,271.0,0.42,130.25
2024-02-14 15:00:00,237.0,0.32,124.0
2024-02-14 16:00:00,230.75,0.3,107.0
2024-02-14 17:00:00,239.75,0.3,79.75
2024-02-14 18:00:00,334.0,0.3,102.25
2024-02-14 19:00:00,452.0,0.3,88.75
2024-02-14 20:00:00,483.75,0.3,90.0
2024-02-14 21:00:00,525.0,0.3,88.5
2024-02-14 22:00:00,517.75,0.3,87.75
2024-02-14 23:00:00,658.0,0.3,85.67
2024-02-15 00:00:00,582.0,0.3,131.25
2024-02-15 01:00:00,488.0,0.3,135.25
2024-02-15 02:00:00,210.25,0.3,81.0
2024-02-15 03:00:00,230.75,0.3,80.0
2024-02-15 04:00:00,252.75,0.3,80.5
2024-02-15 05:00:00,282.5,0.3,80.75
2024-02-15 06:00:00,380.25,0.3,80.5
2024-02-15 07:00:00,389.75,0.3,80.75
2024-02-15 08:00:00,435.0,0.3,84.5
2024-02-15 09:00:00,416.0,0.3,97.5
2024-02-15 10:00:00,409.75,0.3,132.25
2024-02-15 11:00:00,346.0,0.38,130.75
2024-02-15 12:00:00,211.0,0.52,124.5
2024-02-15 13:00:00,193.0,0.7,136.75
2024-02-15 14:00:00,149.0,0.8,133.0
2024-02-15 15:00:00,184.5,0.52,126.75
2024-02-15 16:00:00,202.75,0.55,144.75
2024-02-15 17:00:00,212.0,0.38,133.25
2024-02-15 18:00:00,247.5,0.3,122.5
2024-02-15 19:00:00,356.5,0.3,92.0
2024-02-15 20:00:00,488.25,0.3,91.5
2024-02-15 21:00:00,547.25,0.3,91.75
2024-02-15 22:00:00,549.5,0.3,93.0
2024-02-15 23:00:00,464.0,0.3,93.33
2024-02-16 00:00:00,387.0,0.3,88.75
2024-02-16 01:00:00,236.0,0.3,81.0
2024-02-16 02:00:00,206.25,0.3,80.5
2024-02-16 03:00:00,262.75,0.3,79.5
2024-02-16 04:00:00,272.75,0.3,78.5
2024-02-16 05:00:00,300.75,0.3,79.75
2024-02-16 06:00:00,333.75,0.3,82.5
2024-02-16 07:00:00,330.25,0.3,92.0
2024-02-16 08:00:00,381.75,0.3,109.5
2024-02-16 09:00:00,394.25,0.3,85.75
2024-02-16 10:00:00,503.75,0.3,106.0
2024-02-16 11:00:00,375.5,0.35,94.5
2024-02-16 12:00:00,315.5,0.4,108.5
2024-02-16 13:00:00,257.0,0.45,117.0
2024-02-16 14:00:00,196.5,0.45,72.25
2024-02-16 15:00:00,136.0,0.45,98.0
2024-02-16 16:00:00,162.0,0.42,93.75
2024-02-16 17:00:00,186.0,0.3,119.0
2024-02-16 18:00:00,221.0,0.3,114.75
2024-02-16 19:00:00,418.0,0.3,114.75
2024-02-16 20:00:00,489.0,0.3,104.75
2024-02-16 21:00:00,499.0,0.3,77.75
2024-02-16 22:00:00,602.0,0.3,76.0
2024-02-16 23:00:00,539.0,0.3,48.25
2024-02-17 00:00:00,348.0,0.3,16.75
2024-02-17 01:00:00,534.0,0.3,17.0
2024-02-17 02:00:00,495.0,0.3,53.75
2024-02-17 03:00:00,372.75,0.3,82.75
2024-02-17 04:00:00,366.5,0.3,85.75
2024-02-17 05:00:00,414.25,0.3,86.0
2024-02-17 06:00:00,448.25,0.3,85.5
2024-02-17 07:00:00,424.0,0.3,68.5
2024-02-17 08:00:00,541.5,0.3,94.75
2024-02-17 09:00:00,440.5,0.35,128.75
2024-02-17 10:00:00,341.75,0.32,126.75
2024-02-17 11:00:00,315.25,0.4,134.75
2024-02-17 12:00:00,290.75,0.6,133.25
2024-02-17 13:00:00,254.5,1.12,119.25
2024-02-17 14:00:00,232.75,0.52,129.75
2024-02-17 15:00:00,223.0,0.45,127.75
2024-02-17 16:00:00,239.5,0.4,132.25
2024-02-17 17:00:00,243.5,0.32,124.0
2024-02-17 18:00:00,305.5,0.3,96.75
2024-02-17 19:00:00,416.25,0.3,89.75
2024-02-17 20:00:00,498.75,0.3,89.0
2024-02-17 21:00:00,720.25,0.3,89.0
2024-02-17 22:00:00,665.75,0.3,89.25
2024-02-17 23:00:00,673.75,0.3,88.25
2024-02-18 00:00:00,811.5,0.3,88.0
2024-02-18 01:00:00,882.75,0.3,87.75
2024-02-18 02:00:00,862.25,0.3,87.0
2024-02-18 03:00:00,706.25,0.3,87.0
2024-02-18 04:00:00,574.25,0.3,87.25
2024-02-18 05:00:00,490.0,0.3,87.0
2024-02-18 06:00:00,578.0,0.3,85.5
2024-02-18 07:00:00,779.25,0.3,63.0
2024-02-18 08:00:00,739.5,0.32,53.0
2024-02-18 09:00:00,487.75,0.62,55.0
2024-02-18 10:00:00,338.0,1.88,39.0
2024-02-18 11:00:00,330.75,1.2,50.25
2024-02-18 12:00:00,301.25,1.8,45.5
2024-02-18 13:00:00,224.0,1.05,44.25
2024-02-18 14:00:00,189.0,1.25,41.5
2024-02-18 15:00:00,186.5,1.1,39.0
2024-02-18 16:00:00,180.0,0.82,38.25
2024-02-18 17:00:00,190.0,0.3,40.5
2024-02-18 18:00:00,215.5,0.3,30.75
2024-02-18 19:00:00,234.0,0.3,29.25
2024-02-18 20:00:00,252.25,0.42,30.0
2024-02-18 21:00:00,263.25,0.4,28.0
2024-02-18 22:00:00,271.0,0.55,35.75
2024-02-18 23:00:00,280.0,0.45,34.25
2024-02-19 00:00:00,265.75,1.3,43.0
2024-02-19 01:00:00,248.5,0.72,35.75
2024-02-19 02:00:00,234.75,0.42,38.0
2024-02-19 03:00:00,201.25,0.8,49.5
2024-02-19 04:00:00,183.0,0.92,39.75
2024-02-19 05:00:00,177.25,0.72,41.25
2024-02-19 06:00:00,166.25,1.0,44.25
2024-02-19 07:00:00,168.5,1.82,47.25
2024-02-19 08:00:00,241.75,2.92,53.75
2024-02-19 09:00:00,362.5,3.18,49.0
2024-02-19 10:00:00,376.5,3.15,52.5
2024-02-19 11:00:00,450.0,3.52,54.0
2024-02-19 12:00:00,400.5,3.2,62.0
2024-02-19 13:00:00,375.67,3.67,59.33
2024-02-19 14:00:00,439.25,3.65,58.75
2024-02-19 15:00:00,349.5,3.68,53.25
2024-02-19 16:00:00,262.25,2.6,60.25
2024-02-19 17:00:00,211.75,2.0,58.75
2024-02-19 18:00:00,193.75,1.85,50.5
2024-02-19 19:00:00,228.5,2.65,53.5
2024-02-19 20:00:00,241.0,2.15,52.5
2024-02-19 21:00:00,223.75,1.3,47.25
2024-02-19 22:00:00,210.0,2.12,56.75
2024-02-19 23:00:00,216.0,1.8,51.25
2024-02-20 00:00:00,201.5,1.52,43.75
2024-02-20 01:00:00,158.0,0.5,38.5
2024-02-20 02:00:00,147.5,0.38,24.75
2024-02-20 03:00:00,151.5,0.5,35.25
2024-02-20 04:00:00,139.5,0.42,31.25
2024-02-20 05:00:00,161.5,0.4,42.75
2024-02-20 06:00:00,159.5,0.32,37.25
2024-02-20 07:00:00,172.25,0.35,34.25
2024-02-20 08:00:00,214.0,1.2,45.5
2024-02-20 09:00:00,213.5,1.0,40.25
2024-02-20 10:00:00,229.75,1.18,42.25
2024-02-20 11:00:00,263.25,0.88,39.25
2024-02-20 12:00:00,258.75,1.38,42.25
2024-02-20 13:00:00,174.25,1.42,43.25
2024-02-20 14:00:00,168.33,1.1,49.0
2024-02-20 15:00:00,216.75,1.38,37.75
2024-02-20 16:00:00,302.25,1.35,37.75
2024-02-20 17:00:00,332.75,0.7,68.0
2024-02-20 18:00:00,358.0,0.95,41.0
2024-02-20 19:00:00,387.25,0.3,19.5
2024-02-20 20:00:00,410.5,0.3,16.0
2024-02-20 21:00:00,454.5,0.3,19.0
2024-02-20 22:00:00,530.25,0.3,19.0
2024-02-20 23:00:00,541.25,0.3,19.0
2024-02-21 00:00:00,461.0,0.3,19.0
2024-02-21 01:00:00,404.5,0.32,106.75
2024-02-21 02:00:00,314.75,0.3,67.5
2024-02-21 03:00:00,228.0,0.3,62.25
2024-02-21 04:00:00,226.5,0.3,48.75
2024-02-21 05:00:00,265.0,0.3,43.25
2024-02-21 06:00:00,338.75,0.32,57.25
2024-02-21 07:00:00,326.75,0.3,109.0
2024-02-21 08:00:00,289.5,0.3,126.5
2024-02-21 09:00:00,266.75,0.45,131.25
2024-02-21 10:00:00,305.0,0.42,121.5
2024-02-21 11:00:00,291.25,0.35,110.0
2024-02-21 12:00:00,293.0,0.5,128.5
2024-02-21 13:00:00,248.75,0.65,135.0
2024-02-21 14:00:00,221.25,0.5,124.75
2024-02-21 15:00:00,227.75,0.45,131.25
2024-02-21 16:00:00,191.0,0.45,109.0
2024-02-21 17:00:00,189.0,0.3,138.25
2024-02-21 18:00:00,191.75,0.3,103.5
2024-02-21 19:00:00,215.0,0.35,108.0
2024-02-21 20:00:00,207.25,0.4,95.5
2024-02-21 21:00:00,219.5,1.02,120.0
2024-02-21 22:00:00,240.75,0.48,44.75
2024-02-21 23:00:00,227.0,0.88,70.75
2024-02-22 00:00:00,203.25,0.57,47.25
2024-02-22 01:00:00,170.0,0.3,30.5
2024-02-22 02:00:00,240.5,0.3,34.5
2024-02-22 03:00:00,181.5,0.3,35.0
2024-02-22 04:00:00,172.0,0.3,35.5
2024-02-22 05:00:00,232.5,0.3,65.75
2024-02-22 06:00:00,265.25,0.32,32.25
2024-02-22 07:00:00,325.5,0.3,63.75
2024-02-22 08:00:00,314.5,0.4,60.0
2024-02-22 09:00:00,335.75,0.32,119.5
2024-02-22 10:00:00,311.25,0.45,118.75
2024-02-22 11:00:00,282.25,0.52,126.25
2024-02-22 12:00:00,260.75,0.45,129.5
2024-02-22 13:00:00,136.75,0.78,131.75
2024-02-22 14:00:00,131.5,0.75,124.5
2024-02-22 15:00:00,150.5,0.65,126.0
2024-02-22 16:00:00,179.25,0.85,117.75
2024-02-22 17:00:00,199.75,0.72,126.75
2024-02-22 18:00:00,155.5,0.42,139.5
2024-02-22 19:00:00,175.75,0.3,87.5
2024-02-22 20:00:00,205.75,0.3,119.75
2024-02-22 21:00:00,226.0,0.32,100.25
2024-02-22 22:00:00,197.0,0.32,121.0
2024-02-22 23:00:00,188.75,0.3,77.25
2024-02-23 00:00:00,167.5,0.3,109.5
2024-02-23 01:00:00,126.75,0.3,122.5
2024-02-23 02:00:00,132.5,0.3,44.75
2024-02-23 03:00:00,120.25,0.3,103.25
2024-02-23 04:00:00,108.75,0.3,171.5
2024-02-23 05:00:00,155.0,0.3,167.5
2024-02-23 06:00:00,261.5,0.3,76.75
2024-02-23 07:00:00,251.25,0.3,82.0
2024-02-23 08:00:00,310.5,0.3,104.5
2024-02-23 09:00:00,349.0,0.32,123.25
2024-02-23 10:00:00,247.0,0.62,131.75
2024-02-23 11:00:00,193.75,0.78,128.0
2024-02-23 12:00:00,154.75,0.95,127.5
2024-02-23 13:00:00,100.5,1.35,128.5
2024-02-23 14:00:00,81.25,1.2,130.0
2024-02-23 15:00:00,123.75,1.15,136.75
2024-02-23 16:00:00,125.0,0.9,140.75
2024-02-23 17:00:00,145.25,0.42,129.75
2024-02-23 18:00:00,130.0,0.3,131.25
2024-02-23 19:00:00,203.0,0.3,99.5
2024-02-23 20:00:00,233.5,0.3,77.25
2024-02-23 21:00:00,275.5,0.32,57.5
2024-02-23 22:00:00,241.5,0.3,19.0
2024-02-23 23:00:00,261.0,0.3,25.33
2024-02-24 00:00:00,429.5,0.3,31.75
2024-02-24 01:00:00,282.25,0.3,67.25
2024-02-24 02:00:00,274.75,0.3,67.0
2024-02-24 03:00:00,308.75,0.3,33.0
2024-02-24 04:00:00,374.5,0.3,29.0
2024-02-24 05:00:00,521.25,0.3,29.0
2024-02-24 06:00:00,716.75,0.3,29.25
2024-02-24 07:00:00,582.5,0.3,49.25
2024-02-24 08:00:00,382.0,0.3,92.25
2024-02-24 09:00:00,332.5,0.3,68.25
2024-02-24 10:00:00,315.75,0.3,105.5
2024-02-24 11:00:00,259.75,0.3,121.75
2024-02-24 12:00:00,186.75,0.4,96.25
2024-02-24 13:00:00,168.5,0.3,101.25
2024-02-24 14:00:00,245.25,0.3,111.5
2024-02-24 15:00:00,216.0,0.55,78.0
2024-02-24 16:00:00,181.25,0.82,66.0
2024-02-24 17:00:00,198.5,0.82,54.25
2024-02-24 18:00:00,254.25,0.3,37.75
2024-02-24 19:00:00,319.25,0.3,33.75
2024-02-24 20:00:00,446.25,0.3,36.0
2024-02-24 21:00:00,586.25,0.3,16.0
2024-02-24 22:00:00,382.0,0.3,45.75
2024-02-24 23:00:00,373.25,0.35,53.25
2024-02-25 00:00:00,314.0,0.57,122.5
2024-02-25 01:00:00,201.0,0.62,57.0
2024-02-25 02:00:00,231.25,0.6,74.5
2024-02-25 03:00:00,203.75,0.3,102.75
2024-02-25 04:00:00,210.75,0.3,139.75
2024-02-25 05:00:00,271.25,0.3,161.75
2024-02-25 06:00:00,369.25,0.3,176.0
2024-02-25 07:00:00,394.25,0.3,51.25
2024-02-25 08:00:00,363.25,0.3,31.0
2024-02-25 09:00:00,370.25,0.42,39.0
2024-02-25 10:00:00,253.25,0.68,42.25
2024-02-25 11:00:00,193.25,0.5,56.25
2024-02-25 12:00:00,167.5,0.52,68.25
2024-02-25 13:00:00,124.0,0.62,126.25
2024-02-25 14:00:00,118.0,1.12,119.5
2024-02-25 15:00:00,100.25,1.3,97.0
2024-02-25 16:00:00,116.5,1.28,112.25
2024-02-25 17:00:00,163.0,0.72,80.5
2024-02-25 18:00:00,175.0,0.3,50.75
2024-02-25 19:00:00,226.25,0.3,16.25
2024-02-25 20:00:00,261.0,0.3,56.75
2024-02-25 21:00:00,250.0,0.3,25.5
2024-02-25 22:00:00,346.5,0.3,20.75
2024-02-25 23:00:00,450.5,0.3,15.25
2024-02-26 00:00:00,459.25,0.3,44.5
2024-02-26 01:00:00,371.75,0.4,41.5
2024-02-26 02:00:00,315.0,0.3,59.75
2024-02-26 03:00:00,147.75,0.3,63.75
2024-02-26 04:00:00,124.5,0.3,10.75
2024-02-26 05:00:00,141.0,0.35,29.75
2024-02-26 06:00:00,190.0,0.3,24.0
2024-02-26 07:00:00,247.25,0.3,15.0
2024-02-26 08:00:00,301.25,0.3,32.5
2024-02-26 09:00:00,318.25,0.3,80.25
2024-02-26 10:00:00,337.25,0.82,94.75
2024-02-26 11:00:00,213.25,0.88,79.75
2024-02-26 12:00:00,183.0,0.3,64.5
2024-02-26 13:00:00,165.25,0.38,106.5
2024-02-26 14:00:00,163.5,0.38,106.75
2024-02-26 15:00:00,143.25,0.32,57.5
2024-02-26 16:00:00,194.0,0.32,59.75
2024-02-26 17:00:00,216.75,0.3,26.5
2024-02-26 18:00:00,229.0,0.3,44.0
2024-02-26 19:00:00,293.5,0.3,44.0
2024-02-26 20:00:00,359.5,0.3,44.0
2024-02-26 21:00:00,449.5,0.3,44.0
2024-02-26 22:00:00,555.25,0.3,44.0
2024-02-26 23:00:00,490.0,0.3,20.0
2024-02-27 00:00:00,400.5,0.3,31.75
2024-02-27 01:00:00,274.25,0.3,53.75
2024-02-27 02:00:00,204.25,0.3,47.75
2024-02-27 03:00:00,180.75,0.3,47.0
2024-02-27 04:00:00,203.75,0.3,47.0
2024-02-27 05:00:00,194.0,0.3,47.0
2024-02-27 06:00:00,212.0,0.62,129.0
2024-02-27 07:00:00,184.0,0.35,91.75
2024-02-27 08:00:00,99.75,0.3,48.75
2024-02-27 09:00:00,114.25,0.32,103.0
2024-02-27 10:00:00,183.75,0.35,78.75
2024-02-27 11:00:00,234.0,0.45,89.25
2024-02-27 12:00:00,162.0,1.27,120.0
2024-02-27 13:00:00,130.75,1.05,115.5
2024-02-27 14:00:00,118.0,0.57,117.75
2024-02-27 15:00:00,114.25,0.62,113.25
2024-02-27 16:00:00,98.25,0.55,102.25
2024-02-27 17:00:00,84.0,0.3,140.0
2024-02-27 18:00:00,107.0,0.32,88.5
2024-02-27 19:00:00,131.5,0.3,131.5
2024-02-27 20:00:00,209.0,0.3,130.75
2024-02-27 21:00:00,222.25,0.32,125.5
2024-02-27 22:00:00,215.25,0.32,141.0
2024-02-27 23:00:00,184.25,0.32,104.75
2024-02-28 00:00:00,181.5,0.3,119.25
2024-02-28 01:00:00,163.0,0.3,135.0
2024-02-28 02:00:00,160.75,0.3,123.25
2024-02-28 03:00:00,145.0,0.32,114.5
2024-02-28 04:00:00,146.25,0.3,131.5
2024-02-28 05:00:00,155.75,0.3,95.25
2024-02-28 06:00:00,173.0,0.3,98.75
2024-02-28 07:00:00,188.25,0.32,103.5
2024-02-28 08:00:00,233.0,0.3,127.5
2024-02-28 09:00:00,226.25,0.4,127.75
2024-02-28 10:00:00,208.25,0.73,140.5
2024-02-28 11:00:00,186.75,0.88,136.75
2024-02-28 12:00:00,185.5,0.95,136.25
2024-02-28 13:00:00,185.5,1.38,137.5
2024-02-28 14:00:00,152.75,1.45,137.25
2024-02-28 15:00:00,118.33,0.68,127.5
2024-02-28 16:00:00,115.75,0.73,119.5
2024-02-28 17:00:00,136.75,0.65,128.5
2024-02-28 18:00:00,147.0,0.5,138.75
2024-02-28 19:00:00,126.75,0.43,141.25
2024-02-28 20:00:00,171.0,0.32,104.0
2024-02-28 21:00:00,215.75,0.3,134.25
2024-02-28 22:00:00,219.75,0.3,122.0
2024-02-28 23:00:00,217.0,0.35,135.75
2024-02-29 00:00:00,162.5,0.38,130.5
2024-02-29 01:00:00,135.25,0.3,113.0
2024-02-29 02:00:00,85.25,0.3,140.0
2024-02-29 03:00:00,92.0,0.3,97.0
2024-02-29 04:00:00,117.25,0.3,104.5
2024-02-29 05:00:00,153.0,0.3,107.25
2024-02-29 06:00:00,196.75,0.3,112.5
2024-02-29 07:00:00,211.5,0.3,97.0
2024-02-29 08:00:00,243.0,0.3,106.0
2024-02-29 09:00:00,253.75,0.32,122.75
2024-02-29 10:00:00,248.75,0.5,133.25
2024-02-29 11:00:00,205.0,1.18,134.5
2024-02-29 12:00:00,161.25,0.7,138.5
2024-02-29 13:00:00,147.0,0.82,128.25
2024-02-29 14:00:00,100.0,0.68,125.5
2024-02-29 15:00:00,102.0,0.52,132.25
2024-02-29 16:00:00,108.0,0.57,131.5
2024-02-29 17:00:00,122.5,0.3,115.0
2024-02-29 18:00:00,151.75,0.3,114.75
2024-02-29 19:00:00,224.25,0.3,92.0
2024-02-29 20:00:00,286.5,0.3,92.0
2024-02-29 21:00:00,323.0,0.3,84.5
2024-02-29 22:00:00,326.0,0.3,75.0
2024-02-29 23:00:00,371.0,0.3,75.0
2024-03-01 00:00:00,452.25,0.3,64.25
2024-03-01 01:00:00,280.25,0.3,11.0
2024-03-01 02:00:00,300.75,0.3,11.0
2024-03-01 03:00:00,382.0,0.3,11.0
2024-03-01 04:00:00,301.25,0.3,11.0
2024-03-01 05:00:00,291.0,0.3,11.0
2024-03-01 06:00:00,376.25,0.3,11.0
2024-03-01 07:00:00,401.0,0.3,15.25
2024-03-01 08:00:00,387.25,0.38,47.75
2024-03-01 09:00:00,393.25,0.3,54.0
2024-03-01 10:00:00,357.5,0.48,34.0
2024-03-01 11:00:00,294.0,0.72,46.0
2024-03-01 12:00:00,230.0,0.95,44.5
2024-03-01 13:00:00,188.75,1.2,53.5
2024-03-01 14:00:00,190.5,1.9,50.0
2024-03-01 15:00:00,213.75,2.88,52.25
2024-03-01 16:00:00,201.5,3.5,50.25
2024-03-01 17:00:00,176.5,2.78,44.75
2024-03-01 18:00:00,156.25,0.98,48.0
2024-03-01 19:00:00,176.5,0.3,34.75
2024-03-01 20:00:00,192.25,0.72,38.75
2024-03-01 21:00:00,206.25,1.02,47.25
2024-03-01 22:00:00,210.25,0.92,35.25
2024-03-01 23:00:00,155.0,1.1,46.0
2024-03-02 00:00:00,144.0,1.23,41.0
2024-03-02 01:00:00,122.25,0.85,35.75
2024-03-02 02:00:00,96.25,1.5,39.5
2024-03-02 03:00:00,76.5,1.75,41.75
2024-03-02 04:00:00,70.5,2.62,45.25
2024-03-02 05:00:00,74.25,1.92,39.75
2024-03-02 06:00:00,72.25,2.48,40.25
2024-03-02 07:00:00,69.0,2.75,44.5
2024-03-02 08:00:00,59.75,0.8,71.0
2024-03-02 09:00:00,67.75,2.98,45.5
2024-03-02 10:00:00,78.0,5.48,53.25
2024-03-02 11:00:00,131.5,6.98,53.25
2024-03-02 12:00:00,178.25,5.9,46.0
2024-03-02 13:00:00,129.0,5.0,49.75
2024-03-02 14:00:00,123.25,6.52,57.75
2024-03-02 15:00:00,131.25,7.42,51.75
2024-03-02 16:00:00,100.0,6.92,51.75
2024-03-02 17:00:00,172.5,6.1,47.5
2024-03-02 18:00:00,129.0,5.2,53.75
2024-03-02 19:00:00,98.0,4.12,49.75
2024-03-02 20:00:00,82.5,3.92,48.5
2024-03-02 21:00:00,70.0,4.68,44.5
2024-03-02 22:00:00,64.0,2.88,44.75
2024-03-02 23:00:00,46.0,2.85,44.75
2024-03-03 00:00:00,47.25,2.52,42.0
2024-03-03 01:00:00,53.75,2.55,43.5
2024-03-03 02:00:00,63.0,2.82,42.25
2024-03-03 03:00:00,70.25,1.58,41.25
2024-03-03 04:00:00,98.0,0.4,78.0
2024-03-03 05:00:00,154.25,0.3,36.25
2024-03-03 06:00:00,176.25,0.3,40.0
2024-03-03 07:00:00,156.75,0.3,109.75
2024-03-03 08:00:00,207.25,0.4,123.75
2024-03-03 09:00:00,226.5,0.4,125.25
2024-03-03 10:00:00,232.25,0.32,106.75
2024-03-03 11:00:00,170.0,0.3,103.25
2024-03-03 12:00:00,194.25,0.3,69.75
2024-03-03 13:00:00,202.5,1.15,57.0
2024-03-03 14:00:00,167.5,2.22,41.25
2024-03-03 15:00:00,145.5,2.47,49.25
2024-03-03 16:00:00,141.75,0.8,59.0
2024-03-03 17:00:00,234.0,0.45,41.0
2024-03-03 18:00:00,69.0,0.38,51.5
2024-03-03 19:00:00,94.75,0.3,47.75
2024-03-03 20:00:00,179.5,0.35,90.75
2024-03-03 21:00:00,215.0,0.3,44.75
2024-03-03 22:00:00,247.25,0.3,39.25
2024-03-03 23:00:00,209.25,0.9,81.5
2024-03-04 00:00:00,152.25,0.98,76.75
2024-03-04 01:00:00,135.5,0.57,76.25
2024-03-04 02:00:00,115.75,0.3,39.75
2024-03-04 03:00:00,142.25,0.38,38.0
2024-03-04 04:00:00,233.0,0.3,59.0
2024-03-04 05:00:00,180.25,0.3,18.0
2024-03-04 06:00:00,192.75,0.3,7.25
2024-03-04 07:00:00,201.5,0.3,25.25
2024-03-04 08:00:00,151.0,0.38,25.75
2024-03-04 09:00:00,166.5,1.1,56.5
2024-03-04 10:00:00,189.75,0.8,75.75
2024-03-04 11:00:00,158.0,1.32,94.25
2024-03-04 12:00:00,105.0,1.05,99.25
2024-03-04 13:00:00,93.75,1.0,117.75
2024-03-04 14:00:00,112.75,1.38,113.0
2024-03-04 15:00:00,135.0,0.9,123.75
2024-03-04 16:00:00,157.25,0.57,113.75
2024-03-04 17:00:00,212.25,0.57,115.25
2024-03-04 18:00:00,150.5,0.43,111.75
2024-03-04 19:00:00,150.0,0.3,101.75
2024-03-04 20:00:00,151.75,0.52,86.75
2024-03-04 21:00:00,174.0,0.35,68.25
2024-03-04 22:00:00,177.0,0.3,70.25
2024-03-04 23:00:00,185.0,0.5,85.25
2024-03-05 00:00:00,149.75,0.42,56.5
2024-03-05 01:00:00,144.0,0.3,37.5
2024-03-05 02:00:00,157.5,0.32,70.75
2024-03-05 03:00:00,114.75,0.3,94.75
2024-03-05 04:00:00,135.0,0.3,135.25
2024-03-05 05:00:00,227.0,0.3,140.75
2024-03-05 06:00:00,216.5,0.3,130.25
2024-03-05 07:00:00,182.5,0.3,110.0
2024-03-05 08:00:00,188.75,0.38,117.75
2024-03-05 09:00:00,237.5,0.82,144.75
2024-03-05 10:00:00,228.0,0.48,139.75
2024-03-05 11:00:00,133.0,0.92,135.25
2024-03-05 12:00:00,135.75,0.85,132.75
2024-03-05 13:00:00,134.25,1.02,136.0
2024-03-05 14:00:00,133.5,0.85,135.0
2024-03-05 15:00:00,137.25,0.65,137.0
2024-03-05 16:00:00,144.0,0.98,136.0
2024-03-05 17:00:00,163.0,0.7,139.75
2024-03-05 18:00:00,136.0,0.48,140.25
2024-03-05 19:00:00,127.25,0.43,143.75
2024-03-05 20:00:00,124.5,0.5,131.5
2024-03-05 21:00:00,113.75,0.4,95.5
2024-03-05 22:00:00,117.25,0.75,134.75
2024-03-05 23:00:00,116.0,0.45,117.75
2024-03-06 00:00:00,78.0,0.58,121.75
2024-03-06 01:00:00,90.0,0.32,108.75
2024-03-06 02:00:00,90.0,0.3,138.5
2024-03-06 03:00:00,130.0,0.38,129.0
2024-03-06 04:00:00,136.25,0.38,131.25
2024-03-06 05:00:00,157.25,0.35,127.75
2024-03-06 06:00:00,167.25,0.3,130.75
2024-03-06 07:00:00,172.75,0.38,136.5
2024-03-06 08:00:00,169.25,0.32,140.5
2024-03-06 09:00:00,196.5,0.57,130.25
2024-03-06 10:00:00,187.25,0.45,121.25
2024-03-06 11:00:00,168.5,0.35,129.0
2024-03-06 12:00:00,185.25,0.65,123.0
2024-03-06 13:00:00,189.5,0.45,119.0
2024-03-06 14:00:00,173.25,0.7,119.25
2024-03-06 15:00:00,171.25,0.78,127.75
2024-03-06 16:00:00,171.0,0.57,119.5
2024-03-06 17:00:00,200.5,0.38,131.0
2024-03-06 18:00:00,208.5,0.3,98.0
2024-03-06 19:00:00,186.25,0.3,116.5
2024-03-06 20:00:00,198.0,0.3,116.25
2024-03-06 21:00:00,201.25,0.3,21.0
2024-03-06 22:00:00,201.25,0.3,23.75
2024-03-06 23:00:00,226.0,0.3,16.0
2024-03-07 00:00:00,226.0,0.3,12.5
2024-03-07 01:00:00,220.25,0.3,4.5
2024-03-07 02:00:00,207.25,0.3,2.0
2024-03-07 03:00:00,194.5,0.3,3.0
2024-03-07 04:00:00,206.75,0.3,6.5
2024-03-07 05:00:00,268.0,0.3,6.5
2024-03-07 06:00:00,369.75,0.3,4.75
2024-03-07 07:00:00,324.0,0.3,5.0
2024-03-07 08:00:00,299.125,0.33375,21.91625
2024-03-07 09:00:00,274.25,0.3675,38.8325
2024-03-07 10:00:00,249.375,0.40125,55.74875
2024-03-07 11:00:00,,,
2024-03-07 12:00:00,,,
2024-03-07 13:00:00,,,
2024-03-07 14:00:00,,,
2024-03-07 15:00:00,125.0,0.57,140.33
2024-03-07 16:00:00,134.0,0.9,140.33
2024-03-07 17:00:00,183.0,0.4,148.0
2024-03-07 18:00:00,190.75,0.3,109.75
2024-03-07 19:00:00,202.0,0.3,108.5
2024-03-07 20:00:00,236.75,0.3,49.25
2024-03-07 21:00:00,232.25,0.3,56.5
2024-03-07 22:00:00,211.5,0.32,31.0
2024-03-07 23:00:00,156.0,0.3,28.0
2024-03-08 00:00:00,176.0,0.3,94.25
2024-03-08 01:00:00,148.25,0.3,27.25
2024-03-08 02:00:00,156.25,0.3,82.75
2024-03-08 03:00:00,157.75,0.3,18.0
2024-03-08 04:00:00,159.25,0.3,39.5
2024-03-08 05:00:00,205.75,0.3,36.75
2024-03-08 06:00:00,249.0,0.3,35.25
2024-03-08 07:00:00,196.5,0.3,71.0
2024-03-08 08:00:00,231.0,0.3,127.0
2024-03-08 09:00:00,211.75,0.3,129.0
2024-03-08 10:00:00,192.0,0.45,138.0
2024-03-08 11:00:00,146.0,0.82,124.25
2024-03-08 12:00:00,163.0,0.95,128.0
2024-03-08 13:00:00,174.5,0.7,110.25
2024-03-08 14:00:00,118.5,0.88,123.0
2024-03-08 15:00:00,140.5,1.1,129.25
2024-03-08 16:00:00,141.25,0.7,139.5
2024-03-08 17:00:00,168.5,0.32,138.75
2024-03-08 18:00:00,152.0,0.35,148.75
2024-03-08 19:00:00,160.75,0.32,133.0
2024-03-08 20:00:00,160.25,0.32,78.5
2024-03-08 21:00:00,161.25,0.4,106.75
2024-03-08 22:00:00,147.25,0.38,79.75
2024-03-08 23:00:00,107.5,0.3,54.5
2024-03-09 00:00:00,118.25,0.3,119.25
2024-03-09 01:00:00,108.25,0.3,149.75
2024-03-09 02:00:00,109.5,0.3,135.25
2024-03-09 03:00:00,129.25,0.3,127.25
2024-03-09 04:00:00,139.25,0.32,131.0
2024-03-09 05:00:00,178.5,0.3,118.5
2024-03-09 06:00:00,212.5,0.3,99.25
2024-03-09 07:00:00,240.25,0.32,103.0
2024-03-09 08:00:00,309.0,0.32,114.25
2024-03-09 09:00:00,234.75,0.65,128.25
2024-03-09 10:00:00,170.25,0.98,135.0
2024-03-09 11:00:00,125.75,1.4,133.75
2024-03-09 12:00:00,108.5,1.25,136.0
2024-03-09 13:00:00,113.0,1.12,121.75
2024-03-09 14:00:00,109.0,0.98,120.0
2024-03-09 15:00:00,98.25,0.68,115.0
2024-03-09 16:00:00,106.75,0.52,129.0
2024-03-09 17:00:00,128.75,0.35,113.75
2024-03-09 18:00:00,151.75,0.3,122.5
2024-03-09 19:00:00,159.75,0.3,122.25
2024-03-09 20:00:00,188.5,0.32,117.75
2024-03-09 21:00:00,199.5,0.3,115.75
2024-03-09 22:00:00,215.0,0.3,131.25
2024-03-09 23:00:00,207.75,0.3,114.75
2024-03-10 00:00:00,147.75,0.3,64.25
2024-03-10 01:00:00,187.25,0.3,64.0
2024-03-10 02:00:00,246.75,0.3,64.0
2024-03-10 03:00:00,243.5,0.3,71.0
2024-03-10 04:00:00,218.0,0.3,86.25
2024-03-10 05:00:00,369.0,0.3,98.75
2024-03-10 06:00:00,520.0,0.4,88.75
2024-03-10 07:00:00,469.25,0.35,118.75
2024-03-10 08:00:00,299.25,0.3,114.75
2024-03-10 09:00:00,247.0,0.38,106.75
2024-03-10 10:00:00,229.0,0.68,118.75
2024-03-10 11:00:00,155.25,0.65,108.0
2024-03-10 12:00:00,121.25,0.52,100.0
2024-03-10 13:00:00,127.0,0.43,95.5
2024-03-10 14:00:00,156.5,0.6,78.0
2024-03-10 15:00:00,145.75,0.45,92.25
2024-03-10 16:00:00,164.75,0.3,119.25
2024-03-10 17:00:00,222.75,0.3,135.5
2024-03-10 18:00:00,214.0,0.3,73.75
2024-03-10 19:00:00,212.0,0.3,43.25
2024-03-10 20:00:00,246.75,0.3,4.0
2024-03-10 21:00:00,246.8715953307393,0.30340425531914894,4.2042553191489365
2024-03-10 22:00:00,246.9931906614786,0.30680851063829784,4.408510638297872
2024-03-10 23:00:00,247.1147859922179,0.3102127659574468,4.6127659574468085
2024-03-11 00:00:00,,,
2024-03-11 01:00:00,,,
2024-03-11 02:00:00,,,
2024-03-11 03:00:00,,,
2024-03-11 04:00:00,,,
2024-03-11 05:00:00,,,
2024-03-11 06:00:00,,,
2024-03-11 07:00:00,,,
2024-03-11 08:00:00,,,
2024-03-11 09:00:00,,,
2024-03-11 10:00:00,,,
2024-03-11 11:00:00,,,
2024-03-11 12:00:00,,,
2024-03-11 13:00:00,,,
2024-03-11 14:00:00,,,
2024-03-11 15:00:00,,,
2024-03-11 16:00:00,,,
2024-03-11 17:00:00,,,
2024-03-11 18:00:00,,,
2024-03-11 19:00:00,,,
2024-03-11 20:00:00,,,
2024-03-11 21:00:00,,,
2024-03-11 22:00:00,,,
2024-03-11 23:00:00,,,
2024-03-12 00:00:00,,,
2024-03-12 01:00:00,,,
2024-03-12 02:00:00,,,
2024-03-12 03:00:00,,,
2024-03-12 04:00:00,,,
2024-03-12 05:00:00,,,
2024-03-12 06:00:00,,,
2024-03-12 07:00:00,,,
2024-03-12 08:00:00,,,
2024-03-12 09:00:00,,,
2024-03-12 10:00:00,,,
2024-03-12 11:00:00,,,
2024-03-12 12:00:00,,,
2024-03-12 13:00:00,,,
2024-03-12 14:00:00,,,
2024-03-12 15:00:00,,,
2024-03-12 16:00:00,,,
2024-03-12 17:00:00,,,
2024-03-12 18:00:00,,,
2024-03-12 19:00:00,,,
2024-03-12 20:00:00,,,
2024-03-12 21:00:00,,,
2024-03-12 22:00:00,,,
2024-03-12 23:00:00,,,
2024-03-13 00:00:00,,,
2024-03-13 01:00:00,,,
2024-03-13 02:00:00,,,
2024-03-13 03:00:00,,,
2024-03-13 04:00:00,,,
2024-03-13 05:00:00,,,
2024-03-13 06:00:00,,,
2024-03-13 07:00:00,,,
2024-03-13 08:00:00,,,
2024-03-13 09:00:00,,,
2024-03-13 10:00:00,,,
2024-03-13 11:00:00,,,
2024-03-13 12:00:00,,,
2024-03-13 13:00:00,,,
2024-03-13 14:00:00,,,
2024-03-13 15:00:00,,,
2024-03-13 16:00:00,,,
2024-03-13 17:00:00,,,
2024-03-13 18:00:00,,,
2024-03-13 19:00:00,,,
2024-03-13 20:00:00,,,
2024-03-13 21:00:00,,,
2024-03-13 22:00:00,,,
2024-03-13 23:00:00,,,
2024-03-14 00:00:00,,,
2024-03-14 01:00:00,,,
2024-03-14 02:00:00,,,
2024-03-14 03:00:00,,,
2024-03-14 04:00:00,,,
2024-03-14 05:00:00,,,
2024-03-14 06:00:00,,,
2024-03-14 07:00:00,,,
2024-03-14 08:00:00,,,
2024-03-14 09:00:00,,,
2024-03-14 10:00:00,,,
2024-03-14 11:00:00,,,
2024-03-14 12:00:00,,,
2024-03-14 13:00:00,,,
2024-03-14 14:00:00,,,
2024-03-14 15:00:00,,,
2024-03-14 16:00:00,,,
2024-03-14 17:00:00,,,
2024-03-14 18:00:00,,,
2024-03-14 19:00:00,,,
2024-03-14 20:00:00,,,
2024-03-14 21:00:00,,,
2024-03-14 22:00:00,,,
2024-03-14 23:00:00,,,
2024-03-15 00:00:00,,,
2024-03-15 01:00:00,,,
2024-03-15 02:00:00,,,
2024-03-15 03:00:00,,,
2024-03-15 04:00:00,,,
2024-03-15 05:00:00,,,
2024-03-15 06:00:00,,,
2024-03-15 07:00:00,,,
2024-03-15 08:00:00,,,
2024-03-15 09:00:00,,,
2024-03-15 10:00:00,,,
2024-03-15 11:00:00,,,
2024-03-15 12:00:00,,,
2024-03-15 13:00:00,,,
2024-03-15 14:00:00,,,
2024-03-15 15:00:00,,,
2024-03-15 16:00:00,,,
2024-03-15 17:00:00,,,
2024-03-15 18:00:00,,,
2024-03-15 19:00:00,,,
2024-03-15 20:00:00,,,
2024-03-15 21:00:00,,,
2024-03-15 22:00:00,,,
2024-03-15 23:00:00,,,
2024-03-16 00:00:00,,,
2024-03-16 01:00:00,,,
2024-03-16 02:00:00,,,
2024-03-16 03:00:00,,,
2024-03-16 04:00:00,,,
2024-03-16 05:00:00,,,
2024-03-16 06:00:00,,,
2024-03-16 07:00:00,,,
2024-03-16 08:00:00,,,
2024-03-16 09:00:00,,,
2024-03-16 10:00:00,,,
2024-03-16 11:00:00,,,
2024-03-16 12:00:00,,,
2024-03-16 13:00:00,,,
2024-03-16 14:00:00,,,
2024-03-16 15:00:00,,,
2024-03-16 16:00:00,,,
2024-03-16 17:00:00,,,
2024-03-16 18:00:00,,,
2024-03-16 19:00:00,,,
2024-03-16 20:00:00,,,
2024-03-16 21:00:00,,,
2024-03-16 22:00:00,,,
2024-03-16 23:00:00,,,
2024-03-17 00:00:00,,,
2024-03-17 01:00:00,,,
2024-03-17 02:00:00,,,
2024-03-17 03:00:00,,,
2024-03-17 04:00:00,,,
2024-03-17 05:00:00,,,
2024-03-17 06:00:00,,,
2024-03-17 07:00:00,,,
2024-03-17 08:00:00,,,
2024-03-17 09:00:00,,,
2024-03-17 10:00:00,,,
2024-03-17 11:00:00,,,
2024-03-17 12:00:00,,,
2024-03-17 13:00:00,,,
2024-03-17 14:00:00,,,
2024-03-17 15:00:00,,,
2024-03-17 16:00:00,,,
2024-03-17 17:00:00,,,
2024-03-17 18:00:00,,,
2024-03-17 19:00:00,,,
2024-03-17 20:00:00,,,
2024-03-17 21:00:00,,,
2024-03-17 22:00:00,,,
2024-03-17 23:00:00,,,
2024-03-18 00:00:00,,,
2024-03-18 01:00:00,,,
2024-03-18 02:00:00,,,
2024-03-18 03:00:00,,,
2024-03-18 04:00:00,,,
2024-03-18 05:00:00,,,
2024-03-18 06:00:00,,,
2024-03-18 07:00:00,,,
2024-03-18 08:00:00,,,
2024-03-18 09:00:00,,,
2024-03-18 10:00:00,,,
2024-03-18 11:00:00,,,
2024-03-18 12:00:00,,,
2024-03-18 13:00:00,,,
2024-03-18 14:00:00,,,
2024-03-18 15:00:00,,,
2024-03-18 16:00:00,,,
2024-03-18 17:00:00,,,
2024-03-18 18:00:00,,,
2024-03-18 19:00:00,,,
2024-03-18 20:00:00,,,
2024-03-18 21:00:00,,,
2024-03-18 22:00:00,,,
2024-03-18 23:00:00,,,
2024-03-19 00:00:00,,,
2024-03-19 01:00:00,,,
2024-03-19 02:00:00,,,
2024-03-19 03:00:00,,,
2024-03-19 04:00:00,,,
2024-03-19 05:00:00,,,
2024-03-19 06:00:00,,,
2024-03-19 07:00:00,,,
2024-03-19 08:00:00,,,
2024-03-19 09:00:00,,,
2024-03-19 10:00:00,,,
2024-03-19 11:00:00,,,
2024-03-19 12:00:00,,,
2024-03-19 13:00:00,,,
2024-03-19 14:00:00,,,
2024-03-19 15:00:00,,,
2024-03-19 16:00:00,,,
2024-03-19 17:00:00,,,
2024-03-19 18:00:00,,,
2024-03-19 19:00:00,,,
2024-03-19 20:00:00,,,
2024-03-19 21:00:00,,,
2024-03-19 22:00:00,,,
2024-03-19 23:00:00,,,
2024-03-20 00:00:00,,,
2024-03-20 01:00:00,,,
2024-03-20 02:00:00,,,
2024-03-20 03:00:00,,,
2024-03-20 04:00:00,,,
2024-03-20 05:00:00,,,
2024-03-20 06:00:00,,,
2024-03-20 07:00:00,,,
2024-03-20 08:00:00,,,
2024-03-20 09:00:00,,,
2024-03-20 10:00:00,,,
2024-03-20 11:00:00,,,
2024-03-20 12:00:00,,,
2024-03-20 13:00:00,,,
2024-03-20 14:00:00,,,
2024-03-20 15:00:00,,1.1,52.0
2024-03-20 16:00:00,,0.35,126.0
2024-03-20 17:00:00,,0.3,92.5
2024-03-20 18:00:00,,0.3,90.15789473684211
2024-03-20 19:00:00,,0.3,87.8157894736842
2024-03-20 20:00:00,,0.3,85.47368421052632
2024-03-20 21:00:00,,,
2024-03-20 22:00:00,,,
2024-03-20 23:00:00,,,
2024-03-21 00:00:00,,,
2024-03-21 01:00:00,,,
2024-03-21 02:00:00,,,
2024-03-21 03:00:00,,,
2024-03-21 04:00:00,,,
2024-03-21 05:00:00,,,
2024-03-21 06:00:00,,,
2024-03-21 07:00:00,,,
2024-03-21 08:00:00,,,
2024-03-21 09:00:00,,,
2024-03-21 10:00:00,,,
2024-03-21 11:00:00,,,
2024-03-21 12:00:00,,0.3,48.0
2024-03-21 13:00:00,278.0,0.3,45.5
2024-03-21 14:00:00,279.5,1.92,39.75
2024-03-21 15:00:00,274.5,1.38,38.0
2024-03-21 16:00:00,234.5,1.72,35.5
2024-03-21 17:00:00,200.0,1.72,41.75
2024-03-21 18:00:00,190.6,1.42,36.75
2024-03-21 19:00:00,181.2,0.78,34.75
2024-03-21 20:00:00,171.8,1.0,35.5
2024-03-21 21:00:00,,0.42,35.25
2024-03-21 22:00:00,,0.3,37.25
2024-03-21 23:00:00,,0.3,34.33
2024-03-22 00:00:00,,0.3,34.75
2024-03-22 01:00:00,,0.3,30.75
2024-03-22 02:00:00,,0.3,28.75
2024-03-22 03:00:00,106.0,0.48,44.5
2024-03-22 04:00:00,106.0,0.75,31.75
2024-03-22 05:00:00,113.0,0.4,40.75
2024-03-22 06:00:00,120.0,0.38,31.25
2024-03-22 07:00:00,127.0,0.8,38.75
2024-03-22 08:00:00,,2.15,40.75
2024-03-22 09:00:00,,1.15,45.0
2024-03-22 10:00:00,,0.3,47.0
2024-03-22 11:00:00,,0.5,37.25
2024-03-22 12:00:00,,1.27,45.5
2024-03-22 13:00:00,,16.27,45.0
2024-03-22 14:00:00,,16.203179916317993,61.25
2024-03-22 15:00:00,,16.136359832635982,74.25
2024-03-22 16:00:00,,16.069539748953975,84.0
2024-03-22 17:00:00,,,40.75
2024-03-22 18:00:00,,,33.0
2024-03-22 19:00:00,,,34.25
2024-03-22 20:00:00,,,35.0
2024-03-22 21:00:00,,,35.0
2024-03-22 22:00:00,,,51.0
2024-03-22 23:00:00,,,105.75
2024-03-23 00:00:00,,,68.25
2024-03-23 01:00:00,,,39.75
2024-03-23 02:00:00,,,32.75
2024-03-23 03:00:00,,,27.5
2024-03-23 04:00:00,,,15.75
2024-03-23 05:00:00,,,16.0
2024-03-23 06:00:00,,,16.0
2024-03-23 07:00:00,,,27.5
2024-03-23 08:00:00,,,69.75
2024-03-23 09:00:00,,,120.5
2024-03-23 10:00:00,,,135.25
2024-03-23 11:00:00,,,151.0
2024-03-23 12:00:00,,,145.75
2024-03-23 13:00:00,,,138.5
2024-03-23 14:00:00,344.0,,136.0
2024-03-23 15:00:00,314.0,,147.0
2024-03-23 16:00:00,202.5,,146.5
2024-03-23 17:00:00,138.0,,139.0
2024-03-23 18:00:00,366.0,,20.0
2024-03-23 19:00:00,341.5,,20.0
2024-03-23 20:00:00,290.75,,20.0
2024-03-23 21:00:00,352.25,,20.0
2024-03-23 22:00:00,299.25,,29.0
2024-03-23 23:00:00,161.0,,13.75
2024-03-24 00:00:00,89.0,,14.0
2024-03-24 01:00:00,316.25,,31.0
2024-03-24 02:00:00,341.71875,,44.5
2024-03-24 03:00:00,367.1875,,58.0
2024-03-24 04:00:00,392.65625,,71.5
2024-03-24 05:00:00,,,
2024-03-24 06:00:00,,,
2024-03-24 07:00:00,,,
2024-03-24 08:00:00,,,
2024-03-24 09:00:00,520.0,,139.0
2024-03-24 10:00:00,542.0,,135.5
2024-03-24 11:00:00,533.75,,125.5
2024-03-24 12:00:00,459.5,,127.0
2024-03-24 13:00:00,279.5,,120.25
2024-03-24 14:00:00,185.75,,120.0
2024-03-24 15:00:00,275.25,,115.25
2024-03-24 16:00:00,425.25,,92.5
2024-03-24 17:00:00,106.25,,42.75
2024-03-24 18:00:00,155.0,,70.25
2024-03-24 19:00:00,412.0,,15.25
2024-03-24 20:00:00,392.75,,6.0
2024-03-24 21:00:00,345.25,,6.0
2024-03-24 22:00:00,356.5,,6.0
2024-03-24 23:00:00,374.75,,6.0
2024-03-25 00:00:00,605.0,,6.0
2024-03-25 01:00:00,781.0,,6.0
2024-03-25 02:00:00,822.0,,6.0
2024-03-25 03:00:00,945.0,,6.25
2024-03-25 04:00:00,543.0,,18.5
2024-03-25 05:00:00,481.0,,39.25
2024-03-25 06:00:00,254.25,,104.0
2024-03-25 07:00:00,132.0,,130.33
2024-03-25 08:00:00,129.29032258064515,,129.88964285714286
2024-03-25 09:00:00,126.58064516129032,,129.44928571428574
2024-03-25 10:00:00,123.87096774193549,,129.00892857142858
2024-03-25 11:00:00,,,
2024-03-25 12:00:00,,,
2024-03-25 13:00:00,,,
2024-03-25 14:00:00,,,
2024-03-25 15:00:00,,,
2024-03-25 16:00:00,,,
2024-03-25 17:00:00,,,
2024-03-25 18:00:00,,,
2024-03-25 19:00:00,,,
2024-03-25 20:00:00,,,
2024-03-25 21:00:00,,,
2024-03-25 22:00:00,,,
2024-03-25 23:00:00,,,
2024-03-26 00:00:00,,,
2024-03-26 01:00:00,,,
2024-03-26 02:00:00,,,
2024-03-26 03:00:00,,,
2024-03-26 04:00:00,,,
2024-03-26 05:00:00,,,
2024-03-26 06:00:00,,,
2024-03-26 07:00:00,,,
2024-03-26 08:00:00,,,
2024-03-26 09:00:00,,,
2024-03-26 10:00:00,,,
2024-03-26 11:00:00,,,118.0
2024-03-26 12:00:00,,,123.5
2024-03-26 13:00:00,,,129.0
2024-03-26 14:00:00,48.0,,134.5
2024-03-26 15:00:00,92.0,,127.6470588235294
2024-03-26 16:00:00,136.0,,120.79411764705883
2024-03-26 17:00:00,145.5,,113.94117647058823
2024-03-26 18:00:00,155.0,,
2024-03-26 19:00:00,164.5,,
2024-03-26 20:00:00,,,
2024-03-26 21:00:00,,,
2024-03-26 22:00:00,,,
2024-03-26 23:00:00,,,
2024-03-27 00:00:00,,,
2024-03-27 01:00:00,,,
2024-03-27 02:00:00,,,
2024-03-27 03:00:00,,,
2024-03-27 04:00:00,,,
2024-03-27 05:00:00,,,
2024-03-27 06:00:00,,,
2024-03-27 07:00:00,,,18.0
2024-03-27 08:00:00,288.0,,177.0
2024-03-27 09:00:00,334.6666666666667,,161.0
2024-03-27 10:00:00,381.3333333333333,,145.0
2024-03-27 11:00:00,428.0,,129.0
2024-03-27 12:00:00,363.5,,125.33500000000001
2024-03-27 13:00:00,299.0,,121.67
2024-03-27 14:00:00,284.5,,122.44666666666667
2024-03-27 15:00:00,270.0,,123.22333333333333
2024-03-27 16:00:00,255.5,,124.0
2024-03-27 17:00:00,217.0,,113.5
2024-03-27 18:00:00,164.5,,109.25
2024-03-27 19:00:00,167.5,,95.75
2024-03-27 20:00:00,192.75,,71.75
2024-03-27 21:00:00,199.75,,84.75
2024-03-27 22:00:00,192.0,,24.25
2024-03-27 23:00:00,180.0,,19.0
2024-03-28 00:00:00,262.0,,21.5
2024-03-28 01:00:00,244.0,,82.5
2024-03-28 02:00:00,240.25,,83.75
2024-03-28 03:00:00,202.75,,130.75
2024-03-28 04:00:00,124.0,,156.0
2024-03-28 05:00:00,134.75,,15.75
2024-03-28 06:00:00,177.0,,18.0
2024-03-28 07:00:00,234.0,,86.0
2024-03-28 08:00:00,305.75,,58.25
2024-03-28 09:00:00,266.75,,95.5
2024-03-28 10:00:00,237.75,,115.25
2024-03-28 11:00:00,239.25,,57.75
2024-03-28 12:00:00,193.0,,72.75
2024-03-28 13:00:00,165.0,,74.75
2024-03-28 14:00:00,162.5,,92.75
2024-03-28 15:00:00,197.5,,80.75
2024-03-28 16:00:00,217.0,,102.5
2024-03-28 17:00:00,211.0,,143.0
2024-03-28 18:00:00,198.0,,92.0
2024-03-28 19:00:00,221.25,,51.25
2024-03-28 20:00:00,226.75,,68.25
2024-03-28 21:00:00,175.75,,46.25
2024-03-28 22:00:00,189.75,,75.0
2024-03-28 23:00:00,182.0,,14.25
2024-03-29 00:00:00,206.25,,21.0
2024-03-29 01:00:00,188.75,,21.0
2024-03-29 02:00:00,209.5,,21.0
2024-03-29 03:00:00,184.25,,48.0
2024-03-29 04:00:00,160.25,,129.0
2024-03-29 05:00:00,187.5,,82.25
2024-03-29 06:00:00,283.0,,63.25
2024-03-29 07:00:00,368.75,,14.75
2024-03-29 08:00:00,306.75,,29.0
2024-03-29 09:00:00,273.5,,36.0
2024-03-29 10:00:00,298.5,,42.5
2024-03-29 11:00:00,315.0,,35.0
2024-03-29 12:00:00,315.0,,40.0
2024-03-29 13:00:00,269.0,,41.25
2024-03-29 14:00:00,258.75,,33.75
2024-03-29 15:00:00,220.25,,39.0
2024-03-29 16:00:00,214.75,,30.5
2024-03-29 17:00:00,268.25,,31.75
2024-03-29 18:00:00,274.0,,39.75
2024-03-29 19:00:00,260.5,,30.5
2024-03-29 20:00:00,171.75,,22.75
2024-03-29 21:00:00,168.5,,43.25
2024-03-29 22:00:00,203.0,,53.75
2024-03-29 23:00:00,269.0,,33.5
2024-03-30 00:00:00,332.0,,54.0
2024-03-30 01:00:00,304.0,,32.0
2024-03-30 02:00:00,265.5,,39.0
2024-03-30 03:00:00,158.5,,23.75
2024-03-30 04:00:00,177.25,,22.75
2024-03-30 05:00:00,163.5,,37.5
2024-03-30 06:00:00,197.0,,38.25
2024-03-30 07:00:00,240.5,,42.0
2024-03-30 08:00:00,255.75,,81.25
2024-03-30 09:00:00,348.75,,94.25
2024-03-30 10:00:00,507.5,,76.5
2024-03-30 11:00:00,415.0,,69.0
2024-03-30 12:00:00,306.25,,46.25
2024-03-30 13:00:00,175.0,,40.0
2024-03-30 14:00:00,173.0,,41.25
2024-03-30 15:00:00,200.0,,38.5
2024-03-30 16:00:00,231.5,,58.75
2024-03-30 17:00:00,261.5,,29.0
2024-03-30 18:00:00,240.75,,40.5
2024-03-30 19:00:00,283.5,,43.25
2024-03-30 20:00:00,316.75,,34.75
2024-03-30 21:00:00,371.25,,65.0
2024-03-30 22:00:00,581.25,,58.0
2024-03-30 23:00:00,739.5,,72.75
2024-03-31 00:00:00,623.25,,91.25
2024-03-31 01:00:00,527.0,,67.5
2024-03-31 02:00:00,476.0,,19.5
2024-03-31 03:00:00,365.25,,8.25
2024-03-31 04:00:00,382.75,,4.0
2024-03-31 05:00:00,408.5,,7.25
2024-03-31 06:00:00,482.0,,50.5
2024-03-31 07:00:00,429.5,,99.75
2024-03-31 08:00:00,397.75,,25.75
2024-03-31 09:00:00,354.75,,95.5
2024-03-31 10:00:00,324.5,,98.75
2024-03-31 11:00:00,347.25,,104.25
2024-03-31 12:00:00,276.5,,128.25
2024-03-31 13:00:00,278.0,,120.33
2024-03-31 14:00:00,274.6190476190476,,121.03090909090909
2024-03-31 15:00:00,271.23809523809524,,121.73181818181818
2024-03-31 16:00:00,267.85714285714283,,122.43272727272728
2024-03-31 17:00:00,,,
2024-03-31 18:00:00,,,
2024-03-31 19:00:00,,,
2024-03-31 20:00:00,,,
2024-03-31 21:00:00,,,
2024-03-31 22:00:00,,,
2024-03-31 23:00:00,,,
2024-04-01 00:00:00,,,
2024-04-01 01:00:00,,,
2024-04-01 02:00:00,,,
2024-04-01 03:00:00,,,
2024-04-01 04:00:00,,,
2024-04-01 05:00:00,,,
2024-04-01 06:00:00,,,
2024-04-01 07:00:00,,,
2024-04-01 08:00:00,,,
2024-04-01 09:00:00,,,
2024-04-01 10:00:00,207.0,,
2024-04-01 11:00:00,195.5,,135.75
2024-04-01 12:00:00,160.25,0.3,133.25
2024-04-01 13:00:00,175.25,0.5,135.5
2024-04-01 14:00:00,215.75,1.1,132.5
2024-04-01 15:00:00,207.0,1.65,128.0
2024-04-01 16:00:00,264.0,1.1,131.0
2024-04-01 17:00:00,207.25,0.95,143.25
2024-04-01 18:00:00,186.0,0.38,120.0
2024-04-01 19:00:00,147.0,0.52,137.5
2024-04-01 20:00:00,149.25,0.35,127.0
2024-04-01 21:00:00,161.75,0.35,115.5
2024-04-01 22:00:00,174.5,0.3,130.0
2024-04-01 23:00:00,157.0,0.3,159.25
2024-04-02 00:00:00,140.5,0.32,120.25
2024-04-02 01:00:00,116.75,0.38,115.0
2024-04-02 02:00:00,88.0,0.3,76.75
2024-04-02 03:00:00,92.5,0.3,78.0
2024-04-02 04:00:00,94.25,0.3,20.25
2024-04-02 05:00:00,142.75,0.3,20.75
2024-04-02 06:00:00,253.25,0.3,64.0
2024-04-02 07:00:00,312.25,0.3,123.25
2024-04-02 08:00:00,286.25,0.45,135.0
2024-04-02 09:00:00,236.0,0.4,109.25
2024-04-02 10:00:00,210.5,0.45,106.0
2024-04-02 11:00:00,269.0,0.65,126.5
2024-04-02 12:00:00,144.0,1.08,129.25
2024-04-02 13:00:00,168.25,1.3,126.25
2024-04-02 14:00:00,219.5,0.98,138.5
2024-04-02 15:00:00,169.0,1.32,136.75
2024-04-02 16:00:00,216.5,0.95,139.0
2024-04-02 17:00:00,224.5,0.68,139.75
2024-04-02 18:00:00,192.25,0.38,132.75
2024-04-02 19:00:00,169.25,0.3,159.25
2024-04-02 20:00:00,159.0,0.3,176.0
2024-04-02 21:00:00,168.75,0.3,76.5
2024-04-02 22:00:00,226.0,0.3,13.75
2024-04-02 23:00:00,260.0,0.3,17.75
2024-04-03 00:00:00,277.75,0.38,102.5
2024-04-03 01:00:00,277.0,0.3,44.0
2024-04-03 02:00:00,222.5,0.3,53.0
2024-04-03 03:00:00,224.0,0.3,176.0
2024-04-03 04:00:00,237.25,0.3,176.0
2024-04-03 05:00:00,291.0,0.3,176.0
2024-04-03 06:00:00,408.5,0.3,176.0
2024-04-03 07:00:00,382.5,0.32,72.75
2024-04-03 08:00:00,354.0,0.3,129.25
2024-04-03 09:00:00,354.25,0.3,107.75
2024-04-03 10:00:00,258.0,0.3,87.25
2024-04-03 11:00:00,204.5,0.42,109.0
2024-04-03 12:00:00,147.0,0.42,49.75
2024-04-03 13:00:00,118.0,0.5,43.0
2024-04-03 14:00:00,150.0,0.92,71.0
2024-04-03 15:00:00,173.25,1.92,84.0
2024-04-03 16:00:00,289.5,1.4,66.5
2024-04-03 17:00:00,242.5,0.7,61.75
2024-04-03 18:00:00,250.5,0.42,26.5
2024-04-03 19:00:00,266.25,0.3,26.5
2024-04-03 20:00:00,344.0,0.3,16.0
2024-04-03 21:00:00,426.5,0.3,14.5
2024-04-03 22:00:00,365.5,0.3,13.5
2024-04-03 23:00:00,415.25,0.3,25.0
2024-04-04 00:00:00,486.0,0.3,23.5
2024-04-04 01:00:00,419.75,0.32,11.5
2024-04-04 02:00:00,374.5,0.3,43.75
2024-04-04 03:00:00,231.25,0.32,78.75
2024-04-04 04:00:00,61.0,0.3,35.75
2024-04-04 05:00:00,176.25,0.3,46.25
2024-04-04 06:00:00,311.0,0.3,47.75
2024-04-04 07:00:00,262.5,0.3,23.0
2024-04-04 08:00:00,348.25,0.3,22.5
2024-04-04 09:00:00,448.0,0.9,52.0
2024-04-04 10:00:00,239.0,0.68,42.5
2024-04-04 11:00:00,239.0,0.38,104.5
2024-04-04 12:00:00,132.0,0.4,117.25
2024-04-04 13:00:00,137.0,0.82,79.5
2024-04-04 14:00:00,160.5,0.72,113.5
2024-04-04 15:00:00,193.75,0.62,126.75
2024-04-04 16:00:00,220.0,0.48,139.75
2024-04-04 17:00:00,228.75,0.4,98.0
2024-04-04 18:00:00,243.25,0.3,60.75
2024-04-04 19:00:00,283.75,0.3,21.0
2024-04-04 20:00:00,289.75,0.3,21.0
2024-04-04 21:00:00,399.75,0.3,21.0
2024-04-04 22:00:00,521.25,0.3,21.0
2024-04-04 23:00:00,483.0,0.3,31.67
2024-04-05 00:00:00,326.0,0.4,34.5
2024-04-05 01:00:00,307.0,0.42,45.25
2024-04-05 02:00:00,270.0,0.4,84.75
2024-04-05 03:00:00,124.0,0.3,11.75
2024-04-05 04:00:00,128.0,0.3,9.25
2024-04-05 05:00:00,329.5,0.3,13.25
2024-04-05 06:00:00,440.25,0.5,95.0
2024-04-05 07:00:00,411.75,0.3,53.0
2024-04-05 08:00:00,313.5,0.3,153.25
2024-04-05 09:00:00,319.0,0.5,125.5
2024-04-05 10:00:00,308.75,0.75,140.75
2024-04-05 11:00:00,178.5,0.98,130.75
2024-04-05 12:00:00,147.75,0.88,137.75
2024-04-05 13:00:00,164.0,1.15,140.25
2024-04-05 14:00:00,212.75,1.1,136.25
2024-04-05 15:00:00,170.75,0.6,119.5
2024-04-05 16:00:00,235.5,0.52,134.0
2024-04-05 17:00:00,244.5,0.72,123.5
2024-04-05 18:00:00,205.5,0.32,109.5
2024-04-05 19:00:00,219.75,0.32,134.25
2024-04-05 20:00:00,180.0,0.3,130.0
2024-04-05 21:00:00,233.0,0.3,149.75
2024-04-05 22:00:00,274.5,0.3,156.0
2024-04-05 23:00:00,242.75,0.32,127.0
2024-04-06 00:00:00,254.25,0.35,72.0
2024-04-06 01:00:00,294.25,0.35,54.0
2024-04-06 02:00:00,205.0,0.48,76.25
2024-04-06 03:00:00,135.75,0.32,25.75
2024-04-06 04:00:00,88.25,0.3,38.75
2024-04-06 05:00:00,117.5,0.3,49.0
2024-04-06 06:00:00,221.0,0.35,82.5
2024-04-06 07:00:00,536.0,0.3,93.75
2024-04-06 08:00:00,486.75,0.35,128.0
2024-04-06 09:00:00,329.5,0.35,127.75
2024-04-06 10:00:00,313.0,0.48,104.25
2024-04-06 11:00:00,288.5,0.45,125.25
2024-04-06 12:00:00,108.0,0.85,112.75
2024-04-06 13:00:00,137.25,0.8,125.75
2024-04-06 14:00:00,217.25,0.9,121.5
2024-04-06 15:00:00,244.0,0.95,135.0
2024-04-06 16:00:00,312.5,1.03,133.25
2024-04-06 17:00:00,291.5,0.75,135.5
2024-04-06 18:00:00,219.5,0.32,124.25
2024-04-06 19:00:00,166.25,0.3,98.0
2024-04-06 20:00:00,152.75,0.3,95.25
2024-04-06 21:00:00,228.25,0.3,113.75
2024-04-06 22:00:00,223.75,0.3,152.5
2024-04-06 23:00:00,199.0,0.3,27.67
2024-04-07 00:00:00,256.25,0.3,12.0
2024-04-07 01:00:00,233.5,0.3,10.0
2024-04-07 02:00:00,221.0,0.3,10.0
2024-04-07 03:00:00,208.0,0.3,12.0
2024-04-07 04:00:00,146.75,0.3,39.75
2024-04-07 05:00:00,234.0,0.3,56.0
2024-04-07 06:00:00,424.25,0.3,72.75
2024-04-07 07:00:00,538.0,0.3,82.25
2024-04-07 08:00:00,416.25,0.3,128.0
2024-04-07 09:00:00,421.5,0.3,121.0
2024-04-07 10:00:00,328.75,0.45,133.0
2024-04-07 11:00:00,176.25,0.75,120.0
2024-04-07 12:00:00,107.5,0.82,110.75
2024-04-07 13:00:00,125.75,1.05,115.25
2024-04-07 14:00:00,176.5,1.0,117.75
2024-04-07 15:00:00,155.25,0.57,117.0
2024-04-07 16:00:00,172.5,0.52,130.0
2024-04-07 17:00:00,174.75,0.45,142.0
2024-04-07 18:00:00,140.25,0.45,111.5
2024-04-07 19:00:00,163.75,0.3,80.25
2024-04-07 20:00:00,231.0,0.3,80.0
2024-04-07 21:00:00,263.25,0.3,80.0
2024-04-07 22:00:00,451.5,0.3,80.0
2024-04-07 23:00:00,456.0,0.3,80.0
2024-04-08 00:00:00,353.25,0.3,30.0
2024-04-08 01:00:00,328.0,0.3,29.0
2024-04-08 02:00:00,308.0,0.3,29.0
2024-04-08 03:00:00,437.75,0.3,50.75
2024-04-08 04:00:00,415.25,0.3,89.25
2024-04-08 05:00:00,259.0,0.3,81.0
2024-04-08 06:00:00,301.25,0.3,78.25
2024-04-08 07:00:00,453.5,0.3,81.0
2024-04-08 08:00:00,486.25,0.3,123.75
2024-04-08 09:00:00,436.0,0.3,130.0
2024-04-08 10:00:00,240.0,0.3,133.75
2024-04-08 11:00:00,206.5,0.45,122.0
2024-04-08 12:00:00,115.75,0.55,110.5
2024-04-08 13:00:00,145.0,0.85,127.0
2024-04-08 14:00:00,133.0,0.57,123.25
2024-04-08 15:00:00,162.5,0.88,132.0
2024-04-08 16:00:00,266.0,0.88,134.75
2024-04-08 17:00:00,268.0,0.42,111.0
2024-04-08 18:00:00,143.75,0.32,65.25
2024-04-08 19:00:00,158.0,0.3,18.0
2024-04-08 20:00:00,353.0,0.3,15.0
2024-04-08 21:00:00,387.0,0.3,11.75
2024-04-08 22:00:00,491.0,0.35,45.25
2024-04-08 23:00:00,457.75,0.3,22.25
2024-04-09 00:00:00,340.0,0.3,1.0
2024-04-09 01:00:00,705.0,0.3,1.0
2024-04-09 02:00:00,650.75,0.3,1.0
2024-04-09 03:00:00,500.75,0.3,1.0
2024-04-09 04:00:00,479.25,0.3,1.0
2024-04-09 05:00:00,372.25,0.3,8.5
2024-04-09 06:00:00,614.25,0.3,10.25
2024-04-09 07:00:00,678.0,0.38,69.5
2024-04-09 08:00:00,593.75,0.32,79.5
2024-04-09 09:00:00,426.5,0.3,74.75
2024-04-09 10:00:00,313.5,0.3,47.5
2024-04-09 11:00:00,174.75,0.55,74.5
2024-04-09 12:00:00,137.5,0.55,75.25
2024-04-09 13:00:00,86.0,0.35,81.25
2024-04-09 14:00:00,206.5,0.35,115.25
2024-04-09 15:00:00,200.75,0.48,90.5
2024-04-09 16:00:00,202.25,0.42,56.5
2024-04-09 17:00:00,263.25,0.48,50.75
2024-04-09 18:00:00,225.25,0.3,26.25
2024-04-09 19:00:00,186.75,0.3,29.0
2024-04-09 20:00:00,228.75,0.3,21.25
2024-04-09 21:00:00,370.25,0.35,16.5
2024-04-09 22:00:00,344.75,0.32,18.0
2024-04-09 23:00:00,421.0,0.3,15.75
2024-04-10 00:00:00,487.5,0.3,20.75
2024-04-10 01:00:00,432.75,0.3,10.25
2024-04-10 02:00:00,453.0,0.3,11.0
2024-04-10 03:00:00,461.0,0.3,2.0
2024-04-10 04:00:00,434.25,0.3,2.0
2024-04-10 05:00:00,431.75,0.3,2.25
2024-04-10 06:00:00,622.0,0.3,22.75
2024-04-10 07:00:00,453.0,0.32,31.5
2024-04-10 08:00:00,341.25,0.48,32.75
2024-04-10 09:00:00,350.5,0.5,36.75
2024-04-10 10:00:00,282.0,0.78,34.75
2024-04-10 11:00:00,201.25,0.75,36.5
2024-04-10 12:00:00,126.25,1.15,41.0
2024-04-10 13:00:00,57.25,0.85,41.5
2024-04-10 14:00:00,146.75,0.88,36.5
2024-04-10 15:00:00,207.25,0.98,67.0
2024-04-10 16:00:00,223.75,0.6,54.0
2024-04-10 17:00:00,249.75,0.45,29.75
2024-04-10 18:00:00,228.0,0.6,54.75
2024-04-10 19:00:00,285.5,0.3,68.75
2024-04-10 20:00:00,322.5,0.4,48.0
2024-04-10 21:00:00,304.5,0.32,44.75
2024-04-10 22:00:00,326.75,0.3,23.0
2024-04-10 23:00:00,605.25,0.3,23.5
2024-04-11 00:00:00,795.0,0.3,21.75
2024-04-11 01:00:00,692.0,0.3,21.0
2024-04-11 02:00:00,667.75,0.3,54.5
2024-04-11 03:00:00,512.5,0.3,54.75
2024-04-11 04:00:00,457.75,0.3,54.25
2024-04-11 05:00:00,537.0,0.3,45.5
2024-04-11 06:00:00,549.0,0.35,41.0
2024-04-11 07:00:00,708.0,0.48,81.5
2024-04-11 08:00:00,683.0,0.88,35.75
2024-04-11 09:00:00,517.75,0.35,43.75
2024-04-11 10:00:00,378.0,0.48,49.0
2024-04-11 11:00:00,241.25,0.6,33.25
2024-04-11 12:00:00,119.0,1.05,61.5
2024-04-11 13:00:00,150.25,0.52,58.25
2024-04-11 14:00:00,154.25,0.4,89.5
2024-04-11 15:00:00,195.75,2.6,43.75
2024-04-11 16:00:00,375.25,2.58,57.25
2024-04-11 17:00:00,284.5,1.8,46.5
2024-04-11 18:00:00,243.0,0.6,50.75
2024-04-11 19:00:00,339.5,0.3,10.0
2024-04-11 20:00:00,492.5,0.5,34.75
2024-04-11 21:00:00,490.25,0.32,91.0
2024-04-11 22:00:00,322.25,0.3,87.25
2024-04-11 23:00:00,284.0,0.3,1.0
2024-04-12 00:00:00,554.25,0.3,1.75
2024-04-12 01:00:00,560.0,0.3,1.75
2024-04-12 02:00:00,474.0,0.3,6.25
2024-04-12 03:00:00,486.75,0.3,7.5
2024-04-12 04:00:00,465.25,0.3,7.75
2024-04-12 05:00:00,537.5,0.32,8.0
2024-04-12 06:00:00,687.75,0.32,17.75
2024-04-12 07:00:00,546.5,0.32,20.5
2024-04-12 08:00:00,471.25,0.4,32.0
2024-04-12 09:00:00,483.0,0.52,32.25
2024-04-12 10:00:00,420.25,0.68,42.75
2024-04-12 11:00:00,417.75,0.62,29.0
2024-04-12 12:00:00,205.75,0.82,47.0
2024-04-12 13:00:00,188.5,1.35,42.5
2024-04-12 14:00:00,231.5,0.88,77.75
2024-04-12 15:00:00,168.5,0.48,73.5
2024-04-12 16:00:00,212.5,0.4,58.0
2024-04-12 17:00:00,257.0,1.1,39.25
2024-04-12 18:00:00,306.5,0.55,44.5
2024-04-12 19:00:00,391.25,0.3,1.0
2024-04-12 20:00:00,353.0,0.3,12.25
2024-04-12 21:00:00,268.25,0.3,37.25
2024-04-12 22:00:00,328.75,0.3,27.0
2024-04-12 23:00:00,357.75,0.3,40.0
2024-04-13 00:00:00,505.25,0.3,47.5
2024-04-13 01:00:00,437.0,0.3,58.5
2024-04-13 02:00:00,434.8021978021978,0.30032608695652174,59.32423913043478
2024-04-13 03:00:00,432.6043956043956,0.30065217391304344,60.14847826086957
2024-04-13 04:00:00,430.4065934065934,0.3009782608695652,60.97271739130435
2024-04-13 05:00:00,,,
2024-04-13 06:00:00,,,
2024-04-13 07:00:00,,,
2024-04-13 08:00:00,,,
2024-04-13 09:00:00,,,
2024-04-13 10:00:00,,,
2024-04-13 11:00:00,,,
2024-04-13 12:00:00,,,
2024-04-13 13:00:00,,,
2024-04-13 14:00:00,,,
2024-04-13 15:00:00,,,
2024-04-13 16:00:00,,,
2024-04-13 17:00:00,,,
2024-04-13 18:00:00,,,
2024-04-13 19:00:00,,,
2024-04-13 20:00:00,,,
2024-04-13 21:00:00,,,
2024-04-13 22:00:00,,,
2024-04-13 23:00:00,,,
2024-04-14 00:00:00,,,
2024-04-14 01:00:00,,,
2024-04-14 02:00:00,,,
2024-04-14 03:00:00,,,
2024-04-14 04:00:00,,,
2024-04-14 05:00:00,,,
2024-04-14 06:00:00,,,
2024-04-14 07:00:00,,,
2024-04-14 08:00:00,,,
2024-04-14 09:00:00,,,
2024-04-14 10:00:00,,,
2024-04-14 11:00:00,,,
2024-04-14 12:00:00,,,
2024-04-14 13:00:00,,,
2024-04-14 14:00:00,,,
2024-04-14 15:00:00,,,
2024-04-14 16:00:00,,,
2024-04-14 17:00:00,,,
2024-04-14 18:00:00,,,
2024-04-14 19:00:00,,,
2024-04-14 20:00:00,,,
2024-04-14 21:00:00,,,
2024-04-14 22:00:00,,,
2024-04-14 23:00:00,,,
2024-04-15 00:00:00,,,
2024-04-15 01:00:00,,,
2024-04-15 02:00:00,,,
2024-04-15 03:00:00,,,
2024-04-15 04:00:00,,,
2024-04-15 05:00:00,,,
2024-04-15 06:00:00,,,
2024-04-15 07:00:00,,,
2024-04-15 08:00:00,,,
2024-04-15 09:00:00,,,
2024-04-15 10:00:00,,,
2024-04-15 11:00:00,,,
2024-04-15 12:00:00,,,
2024-04-15 13:00:00,,,
2024-04-15 14:00:00,,,
2024-04-15 15:00:00,,,
2024-04-15 16:00:00,,,
2024-04-15 17:00:00,,,
2024-04-15 18:00:00,,,
2024-04-15 19:00:00,,,
2024-04-15 20:00:00,,,
2024-04-15 21:00:00,,,
2024-04-15 22:00:00,,,
2024-04-15 23:00:00,,,
2024-04-16 00:00:00,,,
2024-04-16 01:00:00,,,
2024-04-16 02:00:00,,,
2024-04-16 03:00:00,,,
2024-04-16 04:00:00,,,
2024-04-16 05:00:00,,,
2024-04-16 06:00:00,,,
2024-04-16 07:00:00,,,
2024-04-16 08:00:00,,,
2024-04-16 09:00:00,,,
2024-04-16 10:00:00,,,
2024-04-16 11:00:00,,,
2024-04-16 12:00:00,,,
2024-04-16 13:00:00,,,
2024-04-16 14:00:00,,,
2024-04-16 15:00:00,,,
2024-04-16 16:00:00,,,
2024-04-16 17:00:00,,,
2024-04-16 18:00:00,,,
2024-04-16 19:00:00,,,
2024-04-16 20:00:00,237.0,,
2024-04-16 21:00:00,133.0,0.33,134.33
2024-04-16 22:00:00,187.25,0.5,123.5
2024-04-16 23:00:00,212.0,0.5,138.0
2024-04-17 00:00:00,228.25,0.55,115.0
2024-04-17 01:00:00,211.0,0.32,137.25
2024-04-17 02:00:00,170.5,0.3,131.5
2024-04-17 03:00:00,160.75,0.48,109.75
2024-04-17 04:00:00,70.5,0.52,147.5
2024-04-17 05:00:00,20.5,0.42,124.75
2024-04-17 06:00:00,89.75,0.3,148.75
2024-04-17 07:00:00,185.5,0.43,145.5
2024-04-17 08:00:00,181.0,0.45,136.75
2024-04-17 09:00:00,254.75,0.65,139.25
2024-04-17 10:00:00,263.0,0.8,134.25
2024-04-17 11:00:00,199.75,1.98,131.25
2024-04-17 12:00:00,200.0,2.02,129.0
2024-04-17 13:00:00,139.25,1.8,130.75
2024-04-17 14:00:00,209.5,1.72,132.5
2024-04-17 15:00:00,254.25,1.95,132.5
2024-04-17 16:00:00,237.5,1.42,138.0
2024-04-17 17:00:00,275.0,1.1,137.5
2024-04-17 18:00:00,238.0,0.52,139.25
2024-04-17 19:00:00,212.0,0.7,135.75
2024-04-17 20:00:00,199.25,0.57,108.0
2024-04-17 21:00:00,145.5,0.38,110.0
2024-04-17 22:00:00,216.25,0.38,118.5
2024-04-17 23:00:00,247.0,0.45,101.75
2024-04-18 00:00:00,262.0,0.38,103.75
2024-04-18 01:00:00,269.75,0.35,97.75
2024-04-18 02:00:00,239.0,0.3,128.0
2024-04-18 03:00:00,231.75,0.3,114.5
2024-04-18 04:00:00,182.5,0.3,97.25
2024-04-18 05:00:00,137.25,0.3,91.75
2024-04-18 06:00:00,275.75,0.3,109.0
2024-04-18 07:00:00,341.0,0.3,88.0
2024-04-18 08:00:00,301.0,0.38,95.25
2024-04-18 09:00:00,299.5,0.48,128.25
2024-04-18 10:00:00,247.25,0.45,132.5
2024-04-18 11:00:00,234.5,0.72,132.25
2024-04-18 12:00:00,221.0,0.75,120.5
2024-04-18 13:00:00,221.0,0.675,110.25
2024-04-18 14:00:00,221.0,0.6,100.0
2024-04-18 15:00:00,221.0,0.525,89.75
2024-04-18 16:00:00,,,
2024-04-18 17:00:00,,,
2024-04-18 18:00:00,221.0,0.3,59.0
2024-04-18 19:00:00,220.27586206896552,0.3,60.0919540229885
2024-04-18 20:00:00,219.55172413793105,0.3,61.18390804597701
2024-04-18 21:00:00,218.82758620689654,0.3,62.275862068965516
2024-04-18 22:00:00,,,
2024-04-18 23:00:00,,,
2024-04-19 00:00:00,,,
2024-04-19 01:00:00,,,
2024-04-19 02:00:00,,,
2024-04-19 03:00:00,,,
2024-04-19 04:00:00,,,
2024-04-19 05:00:00,,,
2024-04-19 06:00:00,,,
2024-04-19 07:00:00,,,
2024-04-19 08:00:00,,,
2024-04-19 09:00:00,,,
2024-04-19 10:00:00,,,
2024-04-19 11:00:00,,,
2024-04-19 12:00:00,,,
2024-04-19 13:00:00,,,
2024-04-19 14:00:00,,,
2024-04-19 15:00:00,,,
2024-04-19 16:00:00,,,
2024-04-19 17:00:00,,,
2024-04-19 18:00:00,,,
2024-04-19 19:00:00,,,
2024-04-19 20:00:00,,,
2024-04-19 21:00:00,,,
2024-04-19 22:00:00,,,
2024-04-19 23:00:00,,,
2024-04-20 00:00:00,,,
2024-04-20 01:00:00,,,
2024-04-20 02:00:00,,,
2024-04-20 03:00:00,,,
2024-04-20 04:00:00,,,
2024-04-20 05:00:00,,,
2024-04-20 06:00:00,,,
2024-04-20 07:00:00,,,
2024-04-20 08:00:00,,,
2024-04-20 09:00:00,,,
2024-04-20 10:00:00,,,
2024-04-20 11:00:00,,,
2024-04-20 12:00:00,,,
2024-04-20 13:00:00,,,
2024-04-20 14:00:00,,,
2024-04-20 15:00:00,,,
2024-04-20 16:00:00,,,
2024-04-20 17:00:00,,,
2024-04-20 18:00:00,,,
2024-04-20 19:00:00,,,
2024-04-20 20:00:00,,,
2024-04-20 21:00:00,,,
2024-04-20 22:00:00,,,
2024-04-20 23:00:00,,,
2024-04-21 00:00:00,,,
2024-04-21 01:00:00,,,
2024-04-21 02:00:00,,,
2024-04-21 03:00:00,,,
2024-04-21 04:00:00,,,
2024-04-21 05:00:00,,,
2024-04-21 06:00:00,,,
2024-04-21 07:00:00,,,
2024-04-21 08:00:00,,,
2024-04-21 09:00:00,,,
2024-04-21 10:00:00,,,
2024-04-21 11:00:00,,,
2024-04-21 12:00:00,,,
2024-04-21 13:00:00,,,
2024-04-21 14:00:00,,,
2024-04-21 15:00:00,,,
2024-04-21 16:00:00,,,
2024-04-21 17:00:00,,,
2024-04-21 18:00:00,,,
2024-04-21 19:00:00,,,
2024-04-21 20:00:00,,,
2024-04-21 21:00:00,,,
2024-04-21 22:00:00,,,
2024-04-21 23:00:00,,,
2024-04-22 00:00:00,,,
2024-04-22 01:00:00,,,
2024-04-22 02:00:00,,,
2024-04-22 03:00:00,,,
2024-04-22 04:00:00,,,
2024-04-22 05:00:00,,,
2024-04-22 06:00:00,,,
2024-04-22 07:00:00,,,
2024-04-22 08:00:00,,,
2024-04-22 09:00:00,158.0,0.3,154.0
2024-04-22 10:00:00,156.75,0.45,140.0
2024-04-22 11:00:00,201.25,0.42,146.5
2024-04-22 12:00:00,187.0,0.75,123.75
2024-04-22 13:00:00,167.75,0.78,120.75
2024-04-22 14:00:00,157.75,0.48,120.0
2024-04-22 15:00:00,124.25,0.45,70.75
2024-04-22 16:00:00,80.0,0.4,69.0
2024-04-22 17:00:00,109.5,0.3,141.5
2024-04-22 18:00:00,125.25,0.3,166.5
2024-04-22 19:00:00,183.75,0.32,102.25
2024-04-22 20:00:00,288.75,0.3,14.0
2024-04-22 21:00:00,309.5,0.3,15.0
2024-04-22 22:00:00,357.25,0.3,15.5
2024-04-22 23:00:00,397.5,0.3,16.5
2024-04-23 00:00:00,356.0,0.3,23.5
2024-04-23 01:00:00,349.25,0.3,152.25
2024-04-23 02:00:00,232.0,0.3,176.75
2024-04-23 03:00:00,273.75,0.3,177.0
2024-04-23 04:00:00,362.25,0.3,63.75
2024-04-23 05:00:00,331.0,0.3,91.75
2024-04-23 06:00:00,411.25,0.3,90.75
2024-04-23 07:00:00,378.75,0.32,91.0
2024-04-23 08:00:00,263.75,0.7,100.5
2024-04-23 09:00:00,317.75,0.62,98.75
2024-04-23 10:00:00,216.0,1.02,136.0
2024-04-23 11:00:00,253.25,0.68,138.25
2024-04-23 12:00:00,326.25,0.6,126.75
2024-04-23 13:00:00,304.75,0.68,132.5
2024-04-23 14:00:00,281.75,1.5,106.75
2024-04-23 15:00:00,330.75,2.95,96.25
2024-04-23 16:00:00,309.25,2.0,81.5
2024-04-23 17:00:00,411.75,2.75,109.5
2024-04-23 18:00:00,709.75,2.22,85.25
2024-04-23 19:00:00,197.0,1.48,38.0
2024-04-23 20:00:00,180.0,0.55,36.5
2024-04-23 21:00:00,173.5,0.3,28.0
2024-04-23 22:00:00,186.5,0.3,8.5
2024-04-23 23:00:00,230.0,0.3,8.0
2024-04-24 00:00:00,253.0,0.3,8.25
2024-04-24 01:00:00,297.5,0.3,8.25
2024-04-24 02:00:00,349.5,0.3,8.0
2024-04-24 03:00:00,312.25,0.3,8.0
2024-04-24 04:00:00,354.0,0.3,8.0
2024-04-24 05:00:00,324.0,0.3,37.5
2024-04-24 06:00:00,359.0,0.3,100.25
2024-04-24 07:00:00,331.75,0.35,98.5
2024-04-24 08:00:00,182.5,0.4,111.0
2024-04-24 09:00:00,187.5,0.32,101.0
2024-04-24 10:00:00,151.25,0.6,90.0
2024-04-24 11:00:00,141.0,0.72,110.25
2024-04-24 12:00:00,198.75,1.27,126.0
2024-04-24 13:00:00,178.75,0.62,122.5
2024-04-24 14:00:00,183.0,1.27,128.75
2024-04-24 15:00:00,137.5,1.6,132.0
2024-04-24 16:00:00,100.5,1.0,128.25
2024-04-24 17:00:00,132.75,0.98,139.5
2024-04-24 18:00:00,149.0,0.38,103.75
2024-04-24 19:00:00,206.25,0.3,134.75
2024-04-24 20:00:00,330.5,0.3,177.0
2024-04-24 21:00:00,317.5,0.3,177.0
2024-04-24 22:00:00,303.25,0.3,177.0
2024-04-24 23:00:00,278.75,0.3,176.5
2024-04-25 00:00:00,205.5,0.3,176.0
2024-04-25 01:00:00,290.75,0.3,176.0
2024-04-25 02:00:00,377.0,0.3,176.0
2024-04-25 03:00:00,419.0,0.3,176.75
2024-04-25 04:00:00,389.5,0.3,177.0
2024-04-25 05:00:00,355.5,0.3,177.0
2024-04-25 06:00:00,451.75,0.3,177.0
2024-04-25 07:00:00,455.75,0.3,122.75
2024-04-25 08:00:00,355.25,0.3,106.75
2024-04-25 09:00:00,354.0,0.42,127.0
2024-04-25 10:00:00,236.5,0.85,128.5
2024-04-25 11:00:00,235.75,0.57,119.25
2024-04-25 12:00:00,305.0,0.78,130.5
2024-04-25 13:00:00,170.0,0.78,121.25
2024-04-25 14:00:00,145.5,1.38,127.5
2024-04-25 15:00:00,161.5,1.48,131.5
2024-04-25 16:00:00,114.75,1.15,125.0
2024-04-25 17:00:00,139.5,0.85,141.25
2024-04-25 18:00:00,158.75,0.32,151.0
2024-04-25 19:00:00,256.25,0.3,167.0
2024-04-25 20:00:00,357.0,0.3,167.0
2024-04-25 21:00:00,433.25,0.3,149.25
2024-04-25 22:00:00,428.75,0.3,8.0
2024-04-25 23:00:00,323.0,0.3,10.0
2024-04-26 00:00:00,282.75,0.3,8.0
2024-04-26 01:00:00,390.0,0.3,8.0
2024-04-26 02:00:00,302.25,0.3,8.0
2024-04-26 03:00:00,339.75,0.3,8.0
2024-04-26 04:00:00,400.75,0.3,8.0
2024-04-26 05:00:00,334.5,0.3,15.25
2024-04-26 06:00:00,428.0,0.3,86.25
2024-04-26 07:00:00,410.5,0.3,93.0
2024-04-26 08:00:00,278.75,0.32,72.75
2024-04-26 09:00:00,296.25,0.57,91.75
2024-04-26 10:00:00,167.75,0.82,86.0
2024-04-26 11:00:00,170.5,0.8,68.25
2024-04-26 12:00:00,208.0,0.47,82.33
2024-04-26 13:00:00,183.33333333333334,0.41333333333333333,112.22
2024-04-26 14:00:00,158.66666666666666,0.35666666666666663,142.11
2024-04-26 15:00:00,134.0,0.3,172.0
2024-04-26 16:00:00,130.67,0.35,92.5
2024-04-26 17:00:00,131.0,0.4,58.0
2024-04-26 18:00:00,128.0,3.6,98.0
2024-04-26 19:00:00,140.375,3.4250000000000003,97.71875
2024-04-26 20:00:00,152.75,3.25,97.4375
2024-04-26 21:00:00,165.125,3.075,97.15625
2024-04-26 22:00:00,,,
2024-04-26 23:00:00,,,
2024-04-27 00:00:00,,,
2024-04-27 01:00:00,,,
2024-04-27 02:00:00,,,
2024-04-27 03:00:00,,,
2024-04-27 04:00:00,,,
2024-04-27 05:00:00,,,
2024-04-27 06:00:00,,,
2024-04-27 07:00:00,,,
2024-04-27 08:00:00,,,
2024-04-27 09:00:00,,,
2024-04-27 10:00:00,326.0,0.8,93.5
2024-04-27 11:00:00,377.5,0.75,120.25
2024-04-27 12:00:00,349.5,0.9,105.25
2024-04-27 13:00:00,280.0,0.9,130.25
2024-04-27 14:00:00,278.5,0.48,100.5
2024-04-27 15:00:00,250.0,0.9,111.75
2024-04-27 16:00:00,230.5,0.8,137.75
2024-04-27 17:00:00,319.25,0.57,124.75
2024-04-27 18:00:00,352.75,0.4,127.75
2024-04-27 19:00:00,346.0,0.4,145.5
2024-04-27 20:00:00,345.75,0.32,118.25
2024-04-27 21:00:00,316.75,0.35,126.75
2024-04-27 22:00:00,328.0,2.25,86.75
2024-04-27 23:00:00,373.0,1.03,82.67
2024-04-28 00:00:00,163.0,1.18,42.5
2024-04-28 01:00:00,177.25,0.38,53.5
2024-04-28 02:00:00,177.27625,0.38142857142857145,58.535714285714285
2024-04-28 03:00:00,177.3025,0.38285714285714284,63.57142857142857
2024-04-28 04:00:00,177.32874999999999,0.3842857142857143,68.60714285714286
2024-04-28 05:00:00,,,
2024-04-28 06:00:00,,,
2024-04-28 07:00:00,,,
2024-04-28 08:00:00,,,
2024-04-28 09:00:00,,,
2024-04-28 10:00:00,,,
2024-04-28 11:00:00,,,
2024-04-28 12:00:00,,,
2024-04-28 13:00:00,,,
2024-04-28 14:00:00,,,
2024-04-28 15:00:00,,0.4,124.0
2024-04-28 16:00:00,,0.35,82.0
2024-04-28 17:00:00,177.67,0.3,40.0
2024-04-28 18:00:00,194.25,0.3,67.25
2024-04-28 19:00:00,263.5,0.38,39.5
2024-04-28 20:00:00,387.25,0.38,39.75
2024-04-28 21:00:00,376.5,0.3,25.75
2024-04-28 22:00:00,371.0,0.3,16.75
2024-04-28 23:00:00,431.0,0.3,9.67
2024-04-29 00:00:00,398.5,0.3,13.0
2024-04-29 01:00:00,347.75,0.3,13.0
2024-04-29 02:00:00,401.75,0.3,13.0
2024-04-29 03:00:00,442.5,0.3,13.0
2024-04-29 04:00:00,429.25,0.3,13.25
2024-04-29 05:00:00,367.0,0.3,13.75
2024-04-29 06:00:00,512.5,0.3,13.0
2024-04-29 07:00:00,486.0,0.32,27.25
2024-04-29 08:00:00,454.75,0.6,84.25
2024-04-29 09:00:00,492.0,0.68,90.0
2024-04-29 10:00:00,292.0,0.8,71.0
2024-04-29 11:00:00,303.5,0.95,56.25
2024-04-29 12:00:00,315.0,0.4,95.75
2024-04-29 13:00:00,263.25,0.48,50.25
2024-04-29 14:00:00,236.5,0.95,86.5
2024-04-29 15:00:00,226.25,0.45,113.25
2024-04-29 16:00:00,278.0,2.4,106.0
2024-04-29 17:00:00,593.0,1.7,95.67
2024-04-29 18:00:00,293.75,1.0,86.75
2024-04-29 19:00:00,293.0,0.35,71.5
2024-04-29 20:00:00,303.25,0.6,110.0
2024-04-29 21:00:00,291.0,0.5,107.75
2024-04-29 22:00:00,234.75,0.5,69.75
2024-04-29 23:00:00,210.0,0.3,53.33
2024-04-30 00:00:00,155.75,0.6,121.25
2024-04-30 01:00:00,183.75,0.35,81.75
2024-04-30 02:00:00,176.25,0.6,131.75
2024-04-30 03:00:00,235.75,0.5,126.0
2024-04-30 04:00:00,202.25,0.3,78.5
2024-04-30 05:00:00,194.0,0.3,4.5
2024-04-30 06:00:00,215.25,0.35,54.5
2024-04-30 07:00:00,249.75,0.38,132.75
2024-04-30 08:00:00,268.0,0.78,135.25
2024-04-30 09:00:00,287.75,0.92,123.75
2024-04-30 10:00:00,274.25,0.98,139.75
2024-04-30 11:00:00,264.5,0.78,113.5
2024-04-30 12:00:00,311.5,0.88,132.0
2024-04-30 13:00:00,272.75,0.78,114.5
2024-04-30 14:00:00,251.0,0.9,126.5
2024-04-30 15:00:00,215.25,1.05,131.75
2024-04-30 16:00:00,193.5,1.02,136.75
2024-04-30 17:00:00,216.5,0.98,135.75
2024-04-30 18:00:00,252.0,0.72,134.75
2024-04-30 19:00:00,273.5,0.5,135.25
2024-04-30 20:00:00,297.0,0.3,147.25
2024-04-30 21:00:00,327.5,0.3,100.0
2024-04-30 22:00:00,394.0,0.3,100.0
2024-04-30 23:00:00,346.0,0.3,99.33
2024-05-01 00:00:00,300.25,0.3,35.5
2024-05-01 01:00:00,374.5,0.32,24.0
2024-05-01 02:00:00,359.5,0.48,114.25
2024-05-01 03:00:00,364.5,0.82,122.0
2024-05-01 04:00:00,372.0,1.35,126.5
2024-05-01 05:00:00,279.25,0.75,133.75
2024-05-01 06:00:00,178.67,0.55,140.0
2024-05-01 07:00:00,157.0,0.62,118.5
2024-05-01 08:00:00,178.0,0.7,141.75
2024-05-01 09:00:00,239.5,1.08,133.5
2024-05-01 10:00:00,267.0,1.78,135.0
2024-05-01 11:00:00,287.5,1.68,132.75
2024-05-01 12:00:00,278.0,1.65,135.0
2024-05-01 13:00:00,222.75,2.12,131.75
2024-05-01 14:00:00,291.0,2.22,132.75
2024-05-01 15:00:00,286.5,2.1,131.25
2024-05-01 16:00:00,284.0,2.4,131.0
2024-05-01 17:00:00,293.75,1.42,136.0
2024-05-01 18:00:00,216.33,1.38,132.75
2024-05-01 19:00:00,218.5,0.45,139.5
2024-05-01 20:00:00,270.5,0.4,137.75
2024-05-01 21:00:00,270.75,0.35,145.75
2024-05-01 22:00:00,264.5,0.4,143.25
2024-05-01 23:00:00,230.0,0.33,142.33
2024-05-02 00:00:00,215.75,0.3,38.25
2024-05-02 01:00:00,234.75,0.42,129.25
2024-05-02 02:00:00,202.25,0.3,171.75
2024-05-02 03:00:00,205.25,0.3,23.25
2024-05-02 04:00:00,219.5,0.4,109.0
2024-05-02 05:00:00,191.25,0.3,93.5
2024-05-02 06:00:00,201.0,0.4,123.0
2024-05-02 07:00:00,258.25,0.5,118.75
2024-05-02 08:00:00,238.0,0.78,135.5
2024-05-02 09:00:00,232.5,1.25,136.0
2024-05-02 10:00:00,209.25,1.12,137.0
2024-05-02 11:00:00,200.5,1.05,127.5
2024-05-02 12:00:00,235.0,1.02,119.0
2024-05-02 13:00:00,229.0,1.15,125.5
2024-05-02 14:00:00,200.0,1.35,137.0
2024-05-02 15:00:00,162.75,1.18,132.75
2024-05-02 16:00:00,164.25,1.02,118.5
2024-05-02 17:00:00,201.25,0.52,134.0
2024-05-02 18:00:00,192.5,0.35,105.25
2024-05-02 19:00:00,238.75,0.3,145.0
2024-05-02 20:00:00,311.5,0.3,129.0
2024-05-02 21:00:00,358.75,0.3,92.5
2024-05-02 22:00:00,410.0,0.3,81.0
2024-05-02 23:00:00,415.25,0.3,81.75
2024-05-03 00:00:00,401.75,0.3,90.75
2024-05-03 01:00:00,394.75,0.3,97.25
2024-05-03 02:00:00,325.25,0.3,114.5
2024-05-03 03:00:00,357.5,0.3,160.5
2024-05-03 04:00:00,344.0,0.3,92.75
2024-05-03 05:00:00,365.0,0.3,106.0
2024-05-03 06:00:00,434.75,0.3,95.5
2024-05-03 07:00:00,422.25,0.32,125.75
2024-05-03 08:00:00,327.25,0.43,129.0
2024-05-03 09:00:00,324.0,0.65,141.25
2024-05-03 10:00:00,283.5,0.7,134.75
2024-05-03 11:00:00,299.25,1.4,133.75
2024-05-03 12:00:00,346.25,1.35,137.75
2024-05-03 13:00:00,306.5,1.62,139.75
2024-05-03 14:00:00,283.0,1.1,136.5
2024-05-03 15:00:00,199.0,1.1,151.0
2024-05-03 16:00:00,183.0,0.72,147.5
2024-05-03 17:00:00,260.0,0.38,150.25
2024-05-03 18:00:00,279.0,0.3,133.25
2024-05-03 19:00:00,345.0,0.32,149.25
2024-05-03 20:00:00,407.0,0.3,140.5
2024-05-03 21:00:00,407.0,0.3,168.25
2024-05-03 22:00:00,387.0,0.3,144.0
2024-05-03 23:00:00,326.0,0.3,148.25
2024-05-04 00:00:00,248.0,0.3,83.0
2024-05-04 01:00:00,293.0,0.3,182.0
2024-05-04 02:00:00,261.0,0.3,182.0
2024-05-04 03:00:00,348.0,0.3,182.0
2024-05-04 04:00:00,379.0,0.3,182.0
2024-05-04 05:00:00,355.0,0.3,182.0
2024-05-04 06:00:00,442.0,0.3,145.5
2024-05-04 07:00:00,478.0,0.3,140.5
2024-05-04 08:00:00,423.0,0.5,66.25
2024-05-04 09:00:00,357.0,0.3,117.5
2024-05-04 10:00:00,335.0,0.72,86.25
2024-05-04 11:00:00,619.0,0.38,116.0
2024-05-04 12:00:00,396.0,0.9,131.75
2024-05-04 13:00:00,324.0,1.03,116.75
2024-05-04 14:00:00,278.0,0.62,134.0
2024-05-04 15:00:00,172.0,0.6,137.0
2024-05-04 16:00:00,194.0,0.57,124.5
2024-05-04 17:00:00,245.0,0.38,136.25
2024-05-04 18:00:00,271.0,0.3,152.75
2024-05-04 19:00:00,316.0,0.3,176.5
2024-05-04 20:00:00,532.0,0.3,182.0
2024-05-04 21:00:00,669.0,0.3,182.0
2024-05-04 22:00:00,878.0,0.3,182.0
2024-05-04 23:00:00,740.0,0.3,181.0
2024-05-05 00:00:00,636.0,0.3,181.0
2024-05-05 01:00:00,819.0,0.3,181.0
2024-05-05 02:00:00,716.0,0.3,181.0
2024-05-05 03:00:00,732.0,0.3,181.67
2024-05-05 04:00:00,519.0,0.3,157.25
2024-05-05 05:00:00,475.0,0.3,172.5
2024-05-05 06:00:00,680.0,0.3,132.5
2024-05-05 07:00:00,694.0,0.48,86.0
2024-05-05 08:00:00,671.0,0.32,109.25
2024-05-05 09:00:00,719.0,0.38,147.5
2024-05-05 10:00:00,478.0,0.4,149.0
2024-05-05 11:00:00,398.0,0.38,137.0
2024-05-05 12:00:00,342.0,0.75,121.0
2024-05-05 13:00:00,246.0,0.62,121.0
2024-05-05 14:00:00,224.0,0.62,134.5
2024-05-05 15:00:00,150.0,0.48,116.5
2024-05-05 16:00:00,144.0,0.5,125.5
2024-05-05 17:00:00,215.0,0.5,142.0
2024-05-05 18:00:00,212.0,0.38,131.75
2024-05-05 19:00:00,259.0,0.3,142.0
2024-05-05 20:00:00,370.0,0.3,85.25
2024-05-05 21:00:00,394.0,0.3,21.5
2024-05-05 22:00:00,405.0,0.3,123.5
2024-05-05 23:00:00,355.0,0.3,29.75
2024-05-06 00:00:00,365.0,0.3,6.67
2024-05-06 01:00:00,395.0,0.35,92.25
2024-05-06 02:00:00,356.0,0.35,155.5
2024-05-06 03:00:00,322.0,0.3,170.75
2024-05-06 04:00:00,307.0,0.3,103.5
2024-05-06 05:00:00,276.0,0.3,125.0
2024-05-06 06:00:00,349.0,0.3,123.5
2024-05-06 07:00:00,403.0,0.48,100.0
2024-05-06 08:00:00,443.0,0.38,118.0
2024-05-06 09:00:00,432.0,0.45,87.25
2024-05-06 10:00:00,345.0,0.5,119.25
2024-05-06 11:00:00,269.0,0.45,110.5
2024-05-06 12:00:00,311.0,0.5,112.33
2024-05-06 13:00:00,278.0,1.1,128.5
2024-05-06 14:00:00,272.0,1.08,136.25
2024-05-06 15:00:00,227.0,0.92,136.75
2024-05-06 16:00:00,197.0,0.82,135.25
2024-05-06 17:00:00,222.0,0.57,126.5
2024-05-06 18:00:00,218.0,0.35,56.25
2024-05-06 19:00:00,250.0,0.3,17.0
2024-05-06 20:00:00,415.0,0.3,17.0
2024-05-06 21:00:00,589.0,0.3,17.0
2024-05-06 22:00:00,672.0,0.3,17.0
2024-05-06 23:00:00,530.0,0.3,17.0
2024-05-07 00:00:00,453.0,0.32,13.75
2024-05-07 01:00:00,493.0,0.3,17.75
2024-05-07 02:00:00,647.0,0.3,18.25
2024-05-07 03:00:00,748.0,0.3,18.0
2024-05-07 04:00:00,738.0,0.3,19.0
2024-05-07 05:00:00,795.0,0.3,18.5
2024-05-07 06:00:00,989.0,0.3,18.0
2024-05-07 07:00:00,757.0,0.3,18.0
2024-05-07 08:00:00,818.0,0.35,35.0
2024-05-07 09:00:00,763.0,0.52,28.75
2024-05-07 10:00:00,744.0,0.92,37.25
2024-05-07 11:00:00,676.0,1.4,44.0
2024-05-07 12:00:00,570.5,1.95,38.75
2024-05-07 13:00:00,465.0,2.22,39.5
2024-05-07 14:00:00,359.5,2.1,40.25
2024-05-07 15:00:00,254.0,2.35,46.5
2024-05-07 16:00:00,243.0,2.43,44.67
2024-05-07 17:00:00,294.0,2.28,38.25
2024-05-07 18:00:00,263.0,2.3,26.0
2024-05-07 19:00:00,337.0,0.92,25.5
2024-05-07 20:00:00,387.0,0.48,19.0
2024-05-07 21:00:00,410.0,0.38,25.25
2024-05-07 22:00:00,367.0,0.38,34.5
2024-05-07 23:00:00,324.0,0.3,31.25
2024-05-08 00:00:00,265.0,0.3,14.25
2024-05-08 01:00:00,315.0,0.38,29.25
2024-05-08 02:00:00,315.0,1.3,47.5
2024-05-08 03:00:00,333.0,1.82,44.5
2024-05-08 04:00:00,324.0,2.68,49.75
2024-05-08 05:00:00,288.0,2.95,43.25
2024-05-08 06:00:00,267.0,2.05,49.5
2024-05-08 07:00:00,234.0,3.12,52.25
2024-05-08 08:00:00,169.0,2.82,51.0
2024-05-08 09:00:00,277.0,3.35,48.25
2024-05-08 10:00:00,300.0,3.35,50.75
2024-05-08 11:00:00,344.0,3.45,52.25
2024-05-08 12:00:00,427.0,3.22,45.75
2024-05-08 13:00:00,345.0,3.12,50.25
2024-05-08 14:00:00,320.0,3.25,47.25
2024-05-08 15:00:00,295.0,2.3,46.5
2024-05-08 16:00:00,180.0,2.02,44.25
2024-05-08 17:00:00,235.0,1.55,38.5
2024-05-08 18:00:00,240.0,1.35,42.0
2024-05-08 19:00:00,280.0,0.85,33.0
2024-05-08 20:00:00,344.0,0.88,45.25
2024-05-08 21:00:00,305.0,1.3,38.25
2024-05-08 22:00:00,316.0,2.5,45.75
2024-05-08 23:00:00,317.0,2.4,52.5
2024-05-09 00:00:00,151.0,3.38,52.25
2024-05-09 01:00:00,298.0,3.28,49.25
2024-05-09 02:00:00,261.0,2.5,46.5
2024-05-09 03:00:00,206.0,2.55,47.5
2024-05-09 04:00:00,198.83333333333334,2.6083333333333334,48.75
2024-05-09 05:00:00,191.66666666666666,2.6666666666666665,50.0
2024-05-09 06:00:00,184.5,2.7249999999999996,51.25
2024-05-09 07:00:00,,,
2024-05-09 08:00:00,,,
2024-05-09 09:00:00,163.0,2.9,55.0
2024-05-09 10:00:00,193.5,2.7,51.0
2024-05-09 11:00:00,224.0,2.9,50.33
2024-05-09 12:00:00,280.0,2.7,45.5
2024-05-09 13:00:00,236.5,2.25,42.5
2024-05-09 14:00:00,193.0,2.0,47.0
2024-05-09 15:00:00,197.52380952380952,1.73,52.67
2024-05-09 16:00:00,202.04761904761904,1.7835,52.603
2024-05-09 17:00:00,206.57142857142858,1.837,52.536
2024-05-09 18:00:00,,1.8904999999999998,52.469
2024-05-09 19:00:00,,,
2024-05-09 20:00:00,,,
2024-05-09 21:00:00,,,
2024-05-09 22:00:00,,,
2024-05-09 23:00:00,,,
2024-05-10 00:00:00,,,
2024-05-10 01:00:00,,,
2024-05-10 02:00:00,,,
2024-05-10 03:00:00,,,
2024-05-10 04:00:00,,,
2024-05-10 05:00:00,,,
2024-05-10 06:00:00,,,
2024-05-10 07:00:00,,,
2024-05-10 08:00:00,,,
2024-05-10 09:00:00,,,
2024-05-10 10:00:00,,,
2024-05-10 11:00:00,288.0,2.8,51.33
2024-05-10 12:00:00,340.0,2.55,37.5
2024-05-10 13:00:00,340.0,1.52,47.0
2024-05-10 14:00:00,289.6666666666667,1.72,47.0
2024-05-10 15:00:00,239.33333333333331,1.27,48.25
2024-05-10 16:00:00,189.0,1.62,38.75
2024-05-10 17:00:00,255.0,1.3,41.25
2024-05-10 18:00:00,254.0,1.15,45.5
2024-05-10 19:00:00,226.0,1.0,38.0
2024-05-10 20:00:00,287.0,0.65,39.5
2024-05-10 21:00:00,257.0,0.3,34.0
2024-05-10 22:00:00,338.0,3.88,103.0
2024-05-10 23:00:00,189.5,1.37,101.67
2024-05-11 00:00:00,41.0,2.7,119.5
2024-05-11 01:00:00,58.0,1.55,72.75
2024-05-11 02:00:00,118.0,0.45,98.25
2024-05-11 03:00:00,149.0,2.4,108.5
2024-05-11 04:00:00,305.0,2.05,83.25
2024-05-11 05:00:00,411.0,0.75,33.75
2024-05-11 06:00:00,316.0,0.43,102.0
2024-05-11 07:00:00,298.0,0.48,141.75
2024-05-11 08:00:00,280.0,0.6044444444444445,133.83333333333334
2024-05-11 09:00:00,262.0,0.7288888888888889,125.91666666666667
2024-05-11 10:00:00,244.0,0.8533333333333333,118.0
2024-05-11 11:00:00,,,
2024-05-11 12:00:00,,,
2024-05-11 13:00:00,,,
2024-05-11 14:00:00,,,
2024-05-11 15:00:00,,,
2024-05-11 16:00:00,136.0,1.6,70.5
2024-05-11 17:00:00,164.0,0.8,86.25
2024-05-11 18:00:00,172.0,0.43,84.0
2024-05-11 19:00:00,199.0,0.42,83.5
2024-05-11 20:00:00,254.0,0.32,54.0
2024-05-11 21:00:00,301.0,0.3,35.75
2024-05-11 22:00:00,251.0,0.3,5.0
2024-05-11 23:00:00,392.0,0.3,5.5
2024-05-12 00:00:00,360.0,0.3,16.0
2024-05-12 01:00:00,215.0,0.3,48.75
2024-05-12 02:00:00,268.0,0.3,51.25
2024-05-12 03:00:00,312.0,0.3,77.5
2024-05-12 04:00:00,337.0,0.35,93.75
2024-05-12 05:00:00,265.0,0.5,102.5
2024-05-12 06:00:00,305.0,0.32,102.75
2024-05-12 07:00:00,329.0,0.3,143.25
2024-05-12 08:00:00,194.0,0.3,132.5
2024-05-12 09:00:00,207.0,0.3,143.5
2024-05-12 10:00:00,237.0,0.45,80.25
2024-05-12 11:00:00,272.0,1.4,68.0
2024-05-12 12:00:00,254.33333333333334,1.2833333333333332,59.833333333333336
2024-05-12 13:00:00,236.66666666666666,1.1666666666666665,51.66666666666667
2024-05-12 14:00:00,219.0,1.0499999999999998,43.5
2024-05-12 15:00:00,,,
2024-05-12 16:00:00,,,
2024-05-12 17:00:00,166.0,0.7,19.0
2024-05-12 18:00:00,202.0,0.62,43.5
2024-05-12 19:00:00,240.0,0.42,67.75
2024-05-12 20:00:00,311.0,0.42,26.75
2024-05-12 21:00:00,333.0,0.3,9.25
2024-05-12 22:00:00,321.0,0.3,5.0
2024-05-12 23:00:00,302.0,0.3,16.75
2024-05-13 00:00:00,313.0,0.3,15.5
2024-05-13 01:00:00,409.0,0.3,15.25
2024-05-13 02:00:00,415.0,0.3,25.5
2024-05-13 03:00:00,434.0,0.3,63.5
2024-05-13 04:00:00,445.0,0.3,51.0
2024-05-13 05:00:00,371.0,0.3,54.0
2024-05-13 06:00:00,398.0,0.3,76.25
2024-05-13 07:00:00,298.0,0.38,48.5
2024-05-13 08:00:00,172.0,0.35,110.5
2024-05-13 09:00:00,241.5,0.33999999999999997,79.58500000000001
2024-05-13 10:00:00,311.0,0.33,48.67
2024-05-13 11:00:00,302.0,0.62,87.0
2024-05-13 12:00:00,350.0,0.4,105.25
2024-05-13 13:00:00,274.0,0.82,95.75
2024-05-13 14:00:00,312.0,0.68,128.25
2024-05-13 15:00:00,238.0,0.78,117.5
2024-05-13 16:00:00,152.0,1.05,98.75
2024-05-13 17:00:00,114.0,0.62,95.25
2024-05-13 18:00:00,249.0,0.48,98.25
2024-05-13 19:00:00,172.0,0.32,23.25
2024-05-13 20:00:00,359.0,0.3,6.0
2024-05-13 21:00:00,394.0,0.3,6.0
2024-05-13 22:00:00,536.0,0.3,6.0
2024-05-13 23:00:00,755.0,0.3,6.25
2024-05-14 00:00:00,389.0,0.3,6.0
2024-05-14 01:00:00,428.0,0.3,6.0
2024-05-14 02:00:00,411.0,0.3,6.0
2024-05-14 03:00:00,469.0,0.3,35.25
2024-05-14 04:00:00,401.0,0.3,36.25
2024-05-14 05:00:00,378.0,0.3,99.25
2024-05-14 06:00:00,450.0,0.3,63.25
2024-05-14 07:00:00,447.0,0.3,24.5
2024-05-14 08:00:00,388.0,0.3,50.33
2024-05-14 09:00:00,347.6666666666667,0.31,55.22
2024-05-14 10:00:00,307.3333333333333,0.32,60.11
2024-05-14 11:00:00,267.0,0.33,65.0
2024-05-14 12:00:00,316.0,0.42,108.5
2024-05-14 13:00:00,250.0,0.75,114.25
2024-05-14 14:00:00,206.0,0.57,121.5
2024-05-14 15:00:00,234.0,1.25,67.5
2024-05-14 16:00:00,106.0,0.55,133.5
2024-05-14 17:00:00,130.0,0.32,146.75
2024-05-14 18:00:00,173.0,0.38,67.75
2024-05-14 19:00:00,232.0,0.3,71.5
2024-05-14 20:00:00,367.0,0.3,22.0
2024-05-14 21:00:00,492.0,0.3,22.0
2024-05-14 22:00:00,531.0,0.3,22.0
2024-05-14 23:00:00,701.0,0.3,22.0
2024-05-15 00:00:00,644.0,0.3,22.67
2024-05-15 01:00:00,810.0,0.3,26.0
2024-05-15 02:00:00,553.0,0.3,30.0
2024-05-15 03:00:00,565.0,0.3,27.25
2024-05-15 04:00:00,448.0,0.3,27.0
2024-05-15 05:00:00,465.0,0.3,36.0
2024-05-15 06:00:00,482.0,0.3,56.0
2024-05-15 07:00:00,648.0,0.3,39.0
2024-05-15 08:00:00,648.0,0.3,12.0
2024-05-15 09:00:00,484.0,0.32,31.25
2024-05-15 10:00:00,432.0,0.35,30.25
2024-05-15 11:00:00,350.0,0.7,51.25
2024-05-15 12:00:00,389.0,0.57,72.0
2024-05-15 13:00:00,276.0,0.73,93.0
2024-05-15 14:00:00,210.0,0.72,93.5
2024-05-15 15:00:00,205.0,0.45,99.5
2024-05-15 16:00:00,69.0,2.38,50.5
2024-05-15 17:00:00,228.0,1.75,54.25
2024-05-15 18:00:00,221.0,0.7,22.25
2024-05-15 19:00:00,260.0,0.3,11.75
2024-05-15 20:00:00,456.0,0.3,10.5
2024-05-15 21:00:00,394.0,0.3,13.25
2024-05-15 22:00:00,576.0,0.3,26.25
2024-05-15 23:00:00,451.0,0.4,25.0
2024-05-16 00:00:00,488.0,0.67,43.33
2024-05-16 01:00:00,196.0,0.38,34.25
2024-05-16 02:00:00,147.0,0.48,24.5
2024-05-16 03:00:00,178.0,0.32,37.5
2024-05-16 04:00:00,245.0,0.3,55.5
2024-05-16 05:00:00,251.0,0.3,49.75
2024-05-16 06:00:00,260.0,0.3,31.75
2024-05-16 07:00:00,309.0,0.45,24.5
2024-05-16 08:00:00,266.0,0.85,36.25
2024-05-16 09:00:00,272.0,1.05,34.5
2024-05-16 10:00:00,379.0,1.15,38.25
2024-05-16 11:00:00,306.0,0.5,47.33
2024-05-16 12:00:00,350.0,0.92,53.75
2024-05-16 13:00:00,297.5,0.68,80.25
2024-05-16 14:00:00,245.0,0.5,88.0
2024-05-16 15:00:00,192.5,1.1,56.5
2024-05-16 16:00:00,140.0,1.35,32.25
2024-05-16 17:00:00,194.0,1.15,33.0
2024-05-16 18:00:00,228.0,0.68,45.5
2024-05-16 19:00:00,509.0,0.3,137.0
2024-05-16 20:00:00,416.0,0.3,179.0
2024-05-16 21:00:00,668.0,0.3,179.0
2024-05-16 22:00:00,909.0,0.3,96.75
2024-05-16 23:00:00,650.0,0.3,48.0
2024-05-17 00:00:00,553.0,0.3,46.75
2024-05-17 01:00:00,482.0,0.3,46.5
2024-05-17 02:00:00,440.0,0.3,45.25
2024-05-17 03:00:00,409.0,0.3,45.0
2024-05-17 04:00:00,467.0,0.3,47.0
2024-05-17 05:00:00,469.0,0.3,46.5
2024-05-17 06:00:00,429.0,0.3,44.25
2024-05-17 07:00:00,429.0,0.3,52.5
2024-05-17 08:00:00,366.0,0.3,96.25
2024-05-17 09:00:00,217.0,0.32,73.75
2024-05-17 10:00:00,440.0,0.35,46.75
2024-05-17 11:00:00,512.0,0.48,76.0
2024-05-17 12:00:00,427.5,0.8,76.5
2024-05-17 13:00:00,343.0,0.7,95.25
2024-05-17 14:00:00,302.0,1.0,112.25
2024-05-17 15:00:00,255.0,0.62,120.5
2024-05-17 16:00:00,208.0,0.52,76.0
2024-05-17 17:00:00,184.0,0.3,19.25
2024-05-17 18:00:00,160.0,0.3,141.5
2024-05-17 19:00:00,299.0,0.3,174.0
2024-05-17 20:00:00,554.0,0.3,174.0
2024-05-17 21:00:00,870.0,0.3,174.0
2024-05-17 22:00:00,992.0,0.3,175.5
2024-05-17 23:00:00,759.0,0.3,122.5
2024-05-18 00:00:00,583.0,0.3,54.67
2024-05-18 01:00:00,603.0,0.38,57.25
2024-05-18 02:00:00,396.0,0.3,58.5
2024-05-18 03:00:00,475.0,0.3,45.0
2024-05-18 04:00:00,486.0,0.3,45.0
2024-05-18 05:00:00,520.0,0.3,45.0
2024-05-18 06:00:00,493.4166666666667,0.30166666666666664,48.583333333333336
2024-05-18 07:00:00,466.8333333333333,0.30333333333333334,52.166666666666664
2024-05-18 08:00:00,440.25,0.305,55.75
2024-05-18 09:00:00,,,
2024-05-18 10:00:00,,,
2024-05-18 11:00:00,,,
2024-05-18 12:00:00,,,
2024-05-18 13:00:00,,,
2024-05-18 14:00:00,,,
2024-05-18 15:00:00,,,
2024-05-18 16:00:00,,,
2024-05-18 17:00:00,201.0,0.32,88.0
2024-05-18 18:00:00,161.0,0.3,105.0
2024-05-18 19:00:00,217.0,0.3,179.0
2024-05-18 20:00:00,427.0,0.3,179.0
2024-05-18 21:00:00,544.0,0.3,179.0
2024-05-18 22:00:00,497.0,0.3,176.75
2024-05-18 23:00:00,469.0,0.3,170.0
2024-05-19 00:00:00,387.0,0.3,127.25
2024-05-19 01:00:00,305.0,0.3,91.5
2024-05-19 02:00:00,193.0,0.3,55.5
2024-05-19 03:00:00,193.0,0.3,15.5
2024-05-19 04:00:00,244.0,0.3,20.75
2024-05-19 05:00:00,318.0,0.3,21.0
2024-05-19 06:00:00,406.0,0.3,21.75
2024-05-19 07:00:00,451.0,0.38,30.5
2024-05-19 08:00:00,489.0,0.3,143.5
2024-05-19 09:00:00,415.0,0.42,38.5
2024-05-19 10:00:00,349.0,0.42,47.75
2024-05-19 11:00:00,272.0,0.4,138.5
2024-05-19 12:00:00,268.0,0.72,132.25
2024-05-19 13:00:00,257.0,1.23,121.75
2024-05-19 14:00:00,282.0,1.15,112.25
2024-05-19 15:00:00,313.0,1.82,133.5
2024-05-19 16:00:00,323.0,1.62,135.0
2024-05-19 17:00:00,233.0,1.27,142.5
2024-05-19 18:00:00,174.0,0.6,149.25
2024-05-19 19:00:00,172.0,0.32,65.25
2024-05-19 20:00:00,282.0,0.3,97.5
2024-05-19 21:00:00,320.0,0.52,37.75
2024-05-19 22:00:00,431.0,0.5,130.75
2024-05-19 23:00:00,417.0,0.4,141.0
2024-05-20 00:00:00,360.0,0.3,114.75
2024-05-20 01:00:00,342.0,0.3,15.75
2024-05-20 02:00:00,382.0,0.3,16.0
2024-05-20 03:00:00,498.0,0.3,16.0
2024-05-20 04:00:00,469.0,0.3,16.0
2024-05-20 05:00:00,458.0,0.3,15.25
2024-05-20 06:00:00,500.0,0.4,35.25
2024-05-20 07:00:00,542.0,0.65,29.75
2024-05-20 08:00:00,384.0,0.68,64.0
2024-05-20 09:00:00,411.0,0.35,75.25
2024-05-20 10:00:00,277.0,0.48,102.75
2024-05-20 11:00:00,255.0,0.7,137.0
2024-05-20 12:00:00,283.0,0.86,124.375
2024-05-20 13:00:00,269.0,1.02,111.75
2024-05-20 14:00:00,269.0,1.42,126.25
2024-05-20 15:00:00,268.0,1.4,128.75
2024-05-20 16:00:00,278.0,1.2,146.25
2024-05-20 17:00:00,237.0,0.95,129.5
2024-05-20 18:00:00,202.5,0.45,126.25
2024-05-20 19:00:00,168.0,0.3,4.0
2024-05-20 20:00:00,331.0,0.3,9.5
2024-05-20 21:00:00,390.0,0.3,12.25
2024-05-20 22:00:00,454.0,1.0,32.75
2024-05-20 23:00:00,421.0,0.6,15.0
2024-05-21 00:00:00,381.0,0.3,15.67
2024-05-21 01:00:00,235.0,0.32,16.75
2024-05-21 02:00:00,232.0,0.98,22.5
2024-05-21 03:00:00,285.0,1.88,37.5
2024-05-21 04:00:00,394.0,1.7,44.5
2024-05-21 05:00:00,505.0,2.1,51.25
2024-05-21 06:00:00,542.0,2.28,40.75
2024-05-21 07:00:00,514.0,2.55,40.75
2024-05-21 08:00:00,464.0,3.0,46.0
2024-05-21 09:00:00,338.0,2.7,45.25
2024-05-21 10:00:00,229.0,2.6,43.75
2024-05-21 11:00:00,235.0,2.48,41.5
2024-05-21 12:00:00,269.0,2.42,42.75
2024-05-21 13:00:00,252.0,1.62,37.75
2024-05-21 14:00:00,278.0,1.55,52.25
2024-05-21 15:00:00,262.0,1.08,39.0
2024-05-21 16:00:00,257.0,1.4,36.25
2024-05-21 17:00:00,243.0,1.58,45.5
2024-05-21 18:00:00,213.0,0.6,26.25
2024-05-21 19:00:00,191.0,0.35,25.75
2024-05-21 20:00:00,251.0,0.42,25.0
2024-05-21 21:00:00,261.0,0.3,30.75
2024-05-21 22:00:00,345.0,0.6,46.75
2024-05-21 23:00:00,295.0,1.38,32.5
2024-05-22 00:00:00,256.0,0.8,27.0
2024-05-22 01:00:00,208.0,0.4,29.0
2024-05-22 02:00:00,182.0,0.68,36.75
2024-05-22 03:00:00,196.0,0.62,30.5
2024-05-22 04:00:00,186.0,1.42,47.25
2024-05-22 05:00:00,204.0,1.42,36.5
2024-05-22 06:00:00,240.0,1.78,38.75
2024-05-22 07:00:00,263.0,1.98,39.5
2024-05-22 08:00:00,252.0,2.15,41.0
2024-05-22 09:00:00,239.0,2.82,41.5
2024-05-22 10:00:00,254.0,2.95,52.25
2024-05-22 11:00:00,223.0,3.28,50.25
2024-05-22 12:00:00,316.0,3.35,50.0
2024-05-22 13:00:00,301.0,3.52,44.75
2024-05-22 14:00:00,316.0,2.92,41.0
2024-05-22 15:00:00,285.0,3.0,44.25
2024-05-22 16:00:00,252.0,2.62,44.75
2024-05-22 17:00:00,249.0,2.55,48.75
2024-05-22 18:00:00,206.0,1.55,41.75
2024-05-22 19:00:00,173.0,1.83,43.25
2024-05-22 20:00:00,173.0,2.05,38.75
2024-05-22 21:00:00,229.0,1.98,37.5
2024-05-22 22:00:00,252.0,2.07,41.5
2024-05-22 23:00:00,221.0,2.55,45.25
2024-05-23 00:00:00,188.0,3.02,49.5
2024-05-23 01:00:00,146.0,2.33,41.25
2024-05-23 02:00:00,84.0,2.02,45.75
2024-05-23 03:00:00,63.0,2.65,48.5
2024-05-23 04:00:00,153.0,2.3,48.25
2024-05-23 05:00:00,114.0,2.38,45.5
2024-05-23 06:00:00,157.0,2.7,51.5
2024-05-23 07:00:00,182.0,2.95,49.25
2024-05-23 08:00:00,156.0,2.68,49.75
2024-05-23 09:00:00,174.0,3.03,48.0
2024-05-23 10:00:00,171.0,3.2,46.0
2024-05-23 11:00:00,145.0,3.62,50.75
2024-05-23 12:00:00,204.0,3.28,44.0
2024-05-23 13:00:00,204.0,2.98,43.25
2024-05-23 14:00:00,255.0,3.08,48.0
2024-05-23 15:00:00,255.0,2.8,50.25
2024-05-23 16:00:00,211.0,2.4,48.25
2024-05-23 17:00:00,167.0,1.6,39.75
2024-05-23 18:00:00,184.0,1.0,30.75
2024-05-23 19:00:00,134.0,0.9,35.5
2024-05-23 20:00:00,161.0,1.38,41.0
2024-05-23 21:00:00,211.0,2.0,32.0
2024-05-23 22:00:00,210.1818181818182,2.081818181818182,33.27272727272727
2024-05-23 23:00:00,209.36363636363637,2.1636363636363636,34.54545454545455
2024-05-24 00:00:00,208.54545454545453,2.2454545454545456,35.81818181818182
2024-05-24 01:00:00,,,
2024-05-24 02:00:00,,,
2024-05-24 03:00:00,,,
2024-05-24 04:00:00,,,
2024-05-24 05:00:00,,,
2024-05-24 06:00:00,,,
2024-05-24 07:00:00,,,
2024-05-24 08:00:00,202.0,2.9,46.0
2024-05-24 09:00:00,208.0,2.55,45.5
2024-05-24 10:00:00,218.0,2.85,42.25
2024-05-24 11:00:00,143.0,3.3,42.5
2024-05-24 12:00:00,83.0,2.78,45.25
2024-05-24 13:00:00,153.0,2.48,44.75
2024-05-24 14:00:00,144.0,2.08,48.75
2024-05-24 15:00:00,223.0,1.27,39.75
2024-05-24 16:00:00,183.0,1.2,51.5
2024-05-24 17:00:00,174.0,0.78,35.25
2024-05-24 18:00:00,158.0,0.3,40.0
2024-05-24 19:00:00,125.0,0.53,28.33
2024-05-24 20:00:00,195.0,0.68,25.25
2024-05-24 21:00:00,196.0,0.72,25.25
2024-05-24 22:00:00,191.0,0.45,35.25
2024-05-24 23:00:00,246.0,0.38,23.0
2024-05-25 00:00:00,183.0,0.4,25.0
2024-05-25 01:00:00,157.0,0.3,21.25
2024-05-25 02:00:00,199.0,0.35,30.75
2024-05-25 03:00:00,206.0,0.32,40.75
2024-05-25 04:00:00,169.0,0.3,27.25
2024-05-25 05:00:00,193.0,0.3,45.25
2024-05-25 06:00:00,232.0,0.3,24.25
2024-05-25 07:00:00,291.0,0.38,36.0
2024-05-25 08:00:00,277.0,0.72,56.25
2024-05-25 09:00:00,189.0,0.78,70.0
2024-05-25 10:00:00,305.0,0.48,41.25
2024-05-25 11:00:00,269.0,0.8,71.5
2024-05-25 12:00:00,141.0,0.65,91.5
2024-05-25 13:00:00,202.0,0.78,86.0
2024-05-25 14:00:00,217.0,0.65,59.5
2024-05-25 15:00:00,259.0,0.92,109.0
2024-05-25 16:00:00,301.0,1.27,110.5
2024-05-25 17:00:00,296.0,0.92,105.75
2024-05-25 18:00:00,233.0,0.5,119.0
2024-05-25 19:00:00,223.0,0.35,47.5
2024-05-25 20:00:00,223.0,0.3,1.0
2024-05-25 21:00:00,293.0,0.3,43.75
2024-05-25 22:00:00,273.0,0.32,128.5
2024-05-25 23:00:00,240.0,0.32,104.25
2024-05-26 00:00:00,228.0,0.3,49.75
2024-05-26 01:00:00,164.0,0.3,4.25
2024-05-26 02:00:00,183.0,0.3,1.0
2024-05-26 03:00:00,202.0,0.3,1.0
2024-05-26 04:00:00,169.0,0.3,1.0
2024-05-26 05:00:00,272.0,0.3,1.0
2024-05-26 06:00:00,300.0,0.3,78.0
2024-05-26 07:00:00,417.0,0.32,107.75
2024-05-26 08:00:00,366.0,0.3,122.25
2024-05-26 09:00:00,306.0,0.4,132.0
2024-05-26 10:00:00,238.0,1.08,107.75
2024-05-26 11:00:00,208.0,0.88,122.5
2024-05-26 12:00:00,156.0,1.33,94.5
2024-05-26 13:00:00,166.0,1.62,77.5
2024-05-26 14:00:00,157.0,1.15,104.0
2024-05-26 15:00:00,172.0,0.88,100.25
2024-05-26 16:00:00,211.0,0.62,61.75
2024-05-26 17:00:00,168.0,0.52,65.0
2024-05-26 18:00:00,178.0,0.9,45.0
2024-05-26 19:00:00,211.0,0.3,17.5
2024-05-26 20:00:00,267.0,0.3,16.0
2024-05-26 21:00:00,501.0,0.3,16.0
2024-05-26 22:00:00,620.0,0.3,16.75
2024-05-26 23:00:00,799.0,0.3,16.75
2024-05-27 00:00:00,505.0,0.65,23.25
2024-05-27 01:00:00,362.0,0.4,38.5
2024-05-27 02:00:00,332.0,0.45,53.5
2024-05-27 03:00:00,188.0,0.3,171.75
2024-05-27 04:00:00,223.0,0.3,55.75
2024-05-27 05:00:00,304.0,0.3,102.0
2024-05-27 06:00:00,371.0,0.3,137.75
2024-05-27 07:00:00,508.0,0.3,30.75
2024-05-27 08:00:00,471.0,0.3,32.0
2024-05-27 09:00:00,476.0,0.3,85.5
2024-05-27 10:00:00,276.0,0.52,87.5
2024-05-27 11:00:00,633.0,0.5,92.0
2024-05-27 12:00:00,827.0,0.78,97.5
2024-05-27 13:00:00,385.0,1.0,89.0
2024-05-27 14:00:00,320.5,1.2,69.5
2024-05-27 15:00:00,256.0,1.4,50.0
2024-05-27 16:00:00,299.0,2.0,57.5
2024-05-27 17:00:00,354.0,0.88,81.25
2024-05-27 18:00:00,234.0,0.45,47.0
2024-05-27 19:00:00,268.0,0.3,9.5
2024-05-27 20:00:00,365.0,0.3,7.0
2024-05-27 21:00:00,581.0,0.3,7.0
2024-05-27 22:00:00,838.0,0.3,7.0
2024-05-27 23:00:00,773.0,0.3,7.0
2024-05-28 00:00:00,650.0,0.3,7.0
2024-05-28 01:00:00,570.0,0.3,7.0
2024-05-28 02:00:00,528.0,0.3,7.0
2024-05-28 03:00:00,416.0,0.3,10.5
2024-05-28 04:00:00,266.0,0.3,9.5
2024-05-28 05:00:00,295.0,0.3,10.25
2024-05-28 06:00:00,404.0,0.3,31.0
2024-05-28 07:00:00,466.0,0.38,51.0
2024-05-28 08:00:00,451.0,0.42,109.25
2024-05-28 09:00:00,355.0,0.42,122.75
2024-05-28 10:00:00,365.0,1.55,69.75
2024-05-28 11:00:00,488.0,0.35,104.25
2024-05-28 12:00:00,373.0,1.05,94.5
2024-05-28 13:00:00,343.0,0.88,80.75
2024-05-28 14:00:00,218.0,2.05,69.75
2024-05-28 15:00:00,294.0,1.98,58.0
2024-05-28 16:00:00,280.0,0.62,102.75
2024-05-28 17:00:00,213.0,1.62,43.5
2024-05-28 18:00:00,193.0,0.6,25.25
2024-05-28 19:00:00,265.0,0.32,16.75
2024-05-28 20:00:00,309.0,0.3,39.5
2024-05-28 21:00:00,538.0,0.3,42.0
2024-05-28 22:00:00,622.0,0.3,42.0
2024-05-28 23:00:00,782.0,0.3,40.5
2024-05-29 00:00:00,643.0,0.3,36.0
2024-05-29 01:00:00,471.0,0.3,42.0
2024-05-29 02:00:00,433.0,0.35,75.0
2024-05-29 03:00:00,338.0,0.3,34.25
2024-05-29 04:00:00,278.0,0.3,41.5
2024-05-29 05:00:00,300.0,0.3,43.75
2024-05-29 06:00:00,443.0,0.3,47.75
2024-05-29 07:00:00,443.0,0.72,71.0
2024-05-29 08:00:00,453.0,1.1,107.25
2024-05-29 09:00:00,475.0,1.18,118.25
2024-05-29 10:00:00,450.0,0.98,140.0
2024-05-29 11:00:00,376.0,0.6,105.0
2024-05-29 12:00:00,278.0,0.78,98.75
2024-05-29 13:00:00,356.0,0.8,93.0
2024-05-29 14:00:00,406.0,0.8,52.75
2024-05-29 15:00:00,396.0,0.6,52.5
2024-05-29 16:00:00,411.0,3.02,33.25
2024-05-29 17:00:00,575.0,3.25,49.25
2024-05-29 18:00:00,824.0,2.68,40.25
2024-05-29 19:00:00,824.0,0.38,19.5
2024-05-29 20:00:00,206.0,0.38,41.5
2024-05-29 21:00:00,366.0,0.45,39.0
2024-05-29 22:00:00,316.0,0.42,54.75
2024-05-29 23:00:00,382.0,0.3,39.25
2024-05-30 00:00:00,471.0,0.3,43.33
2024-05-30 01:00:00,410.0,0.3,36.5
2024-05-30 02:00:00,355.0,0.7,33.25
2024-05-30 03:00:00,464.0,0.3,6.75
2024-05-30 04:00:00,384.0,0.32,27.5
2024-05-30 05:00:00,466.0,0.3,27.0
2024-05-30 06:00:00,511.0,0.35,40.75
2024-05-30 07:00:00,458.0,0.65,106.75
2024-05-30 08:00:00,482.0,0.82,137.0
2024-05-30 09:00:00,426.0,0.62,124.25
2024-05-30 10:00:00,367.0,0.6,123.0
2024-05-30 11:00:00,362.0,1.2,131.25
2024-05-30 12:00:00,208.0,0.92,121.25
2024-05-30 13:00:00,229.0,0.85,116.0
2024-05-30 14:00:00,224.0,0.78,98.0
2024-05-30 15:00:00,215.0,0.5,88.0
2024-05-30 16:00:00,306.0,0.52,127.75
2024-05-30 17:00:00,219.0,0.55,108.75
2024-05-30 18:00:00,197.0,0.68,67.25
2024-05-30 19:00:00,299.0,1.95,33.25
2024-05-30 20:00:00,263.0,1.52,41.25
2024-05-30 21:00:00,208.0,0.82,42.25
2024-05-30 22:00:00,221.0,0.32,46.25
2024-05-30 23:00:00,290.0,0.55,60.0
2024-05-31 00:00:00,279.0,0.33,48.0
2024-05-31 01:00:00,168.0,0.4,48.0
2024-05-31 02:00:00,185.0,0.3,46.0
2024-05-31 03:00:00,211.0,0.38,20.5
2024-05-31 04:00:00,294.0,0.3,14.0
2024-05-31 05:00:00,455.0,0.3,30.5
2024-05-31 06:00:00,422.0,0.37,39.67
2024-05-31 07:00:00,345.0,0.75,33.5
2024-05-31 08:00:00,345.0,0.42,59.25
2024-05-31 09:00:00,317.0,1.12,123.75
2024-05-31 10:00:00,320.0,0.95,120.25
2024-05-31 11:00:00,318.0,0.95,129.5
2024-05-31 12:00:00,255.0,1.08,130.5
2024-05-31 13:00:00,256.0,0.6,124.75
2024-05-31 14:00:00,254.0,1.42,83.0
2024-05-31 15:00:00,260.0,1.88,82.25
2024-05-31 16:00:00,331.0,2.42,89.75
2024-05-31 17:00:00,243.0,1.42,88.75
2024-05-31 18:00:00,211.0,1.32,53.25
2024-05-31 19:00:00,256.0,0.5,11.5
2024-05-31 20:00:00,276.0,0.3,6.0
2024-05-31 21:00:00,494.0,0.3,6.0
2024-05-31 22:00:00,481.0,0.3,6.0
2024-05-31 23:00:00,544.0,0.3,6.0
2024-06-01 00:00:00,566.0,0.3,24.33
2024-06-01 01:00:00,427.0,0.3,49.0
2024-06-01 02:00:00,476.0,0.3,49.0
2024-06-01 03:00:00,448.0,0.75,96.75
2024-06-01 04:00:00,288.0,0.4,64.5
2024-06-01 05:00:00,223.0,0.38,15.5
2024-06-01 06:00:00,403.0,0.32,25.0
2024-06-01 07:00:00,550.0,0.3,76.25
2024-06-01 08:00:00,520.0,1.08,132.0
2024-06-01 09:00:00,392.0,1.8,130.25
2024-06-01 10:00:00,396.0,0.57,121.75
2024-06-01 11:00:00,265.0,1.18,131.25
2024-06-01 12:00:00,249.0,0.9,105.25
2024-06-01 13:00:00,233.0,1.32,135.0
2024-06-01 14:00:00,299.0,0.8,105.75
2024-06-01 15:00:00,262.0,2.25,131.0
2024-06-01 16:00:00,342.5,2.8,131.0
2024-06-01 17:00:00,423.0,0.68,86.25
2024-06-01 18:00:00,371.0,1.72,91.0
2024-06-01 19:00:00,443.0,0.42,89.5
2024-06-01 20:00:00,183.0,0.95,122.25
2024-06-01 21:00:00,249.0,0.85,113.5
2024-06-01 22:00:00,245.0,0.35,83.5
2024-06-01 23:00:00,280.0,1.6,99.75
2024-06-02 00:00:00,289.0,0.85,90.0
2024-06-02 01:00:00,199.0,0.42,75.5
2024-06-02 02:00:00,167.0,0.3,101.0
2024-06-02 03:00:00,123.0,0.3,136.0
2024-06-02 04:00:00,79.0,0.3,46.75
2024-06-02 05:00:00,195.0,0.3,39.75
2024-06-02 06:00:00,207.0,0.3,17.75
2024-06-02 07:00:00,196.0,0.72,13.0
2024-06-02 08:00:00,357.0,0.43,27.33
2024-06-02 09:00:00,330.0,0.6042857142857143,38.497142857142855
2024-06-02 10:00:00,303.0,0.7785714285714286,49.66428571428571
2024-06-02 11:00:00,276.0,0.9528571428571428,60.831428571428575
2024-06-02 12:00:00,,,
2024-06-02 13:00:00,,,
2024-06-02 14:00:00,,,
2024-06-02 15:00:00,168.0,1.65,105.5
2024-06-02 16:00:00,257.0,0.95,92.5
2024-06-02 17:00:00,193.0,0.8,100.67
2024-06-02 18:00:00,195.1875,0.7875000000000001,101.67
2024-06-02 19:00:00,197.375,0.775,102.67
2024-06-02 20:00:00,199.5625,0.7625000000000001,103.67
2024-06-02 21:00:00,,,
2024-06-02 22:00:00,,,
2024-06-02 23:00:00,,,
2024-06-03 00:00:00,,,
2024-06-03 01:00:00,,,
2024-06-03 02:00:00,,,
2024-06-03 03:00:00,,,
2024-06-03 04:00:00,,,
2024-06-03 05:00:00,,,
2024-06-03 06:00:00,,,
2024-06-03 07:00:00,,,
2024-06-03 08:00:00,,,
2024-06-03 09:00:00,228.0,0.6,116.67
2024-06-03 10:00:00,238.0,0.8,101.25
2024-06-03 11:00:00,250.0,1.18,88.25
2024-06-03 12:00:00,206.0,1.1,58.5
2024-06-03 13:00:00,268.0,0.95,77.75
2024-06-03 14:00:00,260.0,1.0,120.25
2024-06-03 15:00:00,274.0,1.32,114.0
2024-06-03 16:00:00,331.0,0.9,118.75
2024-06-03 17:00:00,266.0,0.97,141.67
2024-06-03 18:00:00,221.0,0.38,141.25
2024-06-03 19:00:00,234.0,0.3,163.75
2024-06-03 20:00:00,273.0,0.3,162.5
2024-06-03 21:00:00,377.0,0.3,162.0
2024-06-03 22:00:00,563.0,0.3,141.0
2024-06-03 23:00:00,570.0,1.7,27.5
2024-06-04 00:00:00,824.0,3.45,39.75
2024-06-04 01:00:00,338.0,1.78,37.75
2024-06-04 02:00:00,177.0,0.62,46.0
2024-06-04 03:00:00,183.0,1.38,91.0
2024-06-04 04:00:00,288.0,0.48,34.25
2024-06-04 05:00:00,201.0,0.57,39.25
2024-06-04 06:00:00,245.0,0.4,42.25
2024-06-04 07:00:00,289.0,0.6,67.0
2024-06-04 08:00:00,315.0,0.8,80.25
2024-06-04 09:00:00,328.0,0.48,78.75
2024-06-04 10:00:00,232.0,2.22,50.5
2024-06-04 11:00:00,361.0,1.65,34.5
2024-06-04 12:00:00,273.0,1.2,52.75
2024-06-04 13:00:00,294.0,0.82,83.25
2024-06-04 14:00:00,310.0,1.05,108.0
2024-06-04 15:00:00,320.0,1.02,109.75
2024-06-04 16:00:00,481.0,1.12,45.25
2024-06-04 17:00:00,294.0,1.22,62.25
2024-06-04 18:00:00,295.0,0.3,33.0
2024-06-04 19:00:00,345.0,0.3,35.0
2024-06-04 20:00:00,552.0,0.3,36.0
2024-06-04 21:00:00,550.0,0.35,48.0
2024-06-04 22:00:00,427.0,0.3,52.5
2024-06-04 23:00:00,490.0,0.32,33.0
2024-06-05 00:00:00,593.0,0.3,41.75
2024-06-05 01:00:00,521.0,0.3,41.0
2024-06-05 02:00:00,444.0,0.3,38.5
2024-06-05 03:00:00,536.0,0.3,27.75
2024-06-05 04:00:00,398.0,0.3,36.0
2024-06-05 05:00:00,526.0,0.3,37.25
2024-06-05 06:00:00,571.0,0.8,100.25
2024-06-05 07:00:00,394.0,0.75,94.5
2024-06-05 08:00:00,508.0,0.95,130.75
2024-06-05 09:00:00,429.0,1.23,138.5
2024-06-05 10:00:00,405.0,1.33,125.25
2024-06-05 11:00:00,436.0,1.5,123.25
2024-06-05 12:00:00,400.0,1.7,127.25
2024-06-05 13:00:00,456.0,1.02,124.0
2024-06-05 14:00:00,420.0,1.0,118.25
2024-06-05 15:00:00,487.0,1.32,127.5
2024-06-05 16:00:00,510.0,1.52,118.5
2024-06-05 17:00:00,411.0,1.2,120.75
2024-06-05 18:00:00,339.0,0.72,150.0
2024-06-05 19:00:00,302.0,0.65,146.0
2024-06-05 20:00:00,344.0,2.75,32.75
2024-06-05 21:00:00,367.0,2.45,66.0
2024-06-05 22:00:00,887.0,3.22,74.0
2024-06-05 23:00:00,276.0,3.28,48.25
2024-06-06 00:00:00,171.0,3.43,75.33
2024-06-06 01:00:00,213.0,3.7,45.5
2024-06-06 02:00:00,162.0,1.0,50.75
2024-06-06 03:00:00,195.0,0.43,35.75
2024-06-06 04:00:00,113.0,0.3,31.5
2024-06-06 05:00:00,158.0,0.3,43.25
2024-06-06 06:00:00,215.0,0.32,55.5
2024-06-06 07:00:00,161.0,0.7,58.0
2024-06-06 08:00:00,216.0,1.95,130.75
2024-06-06 09:00:00,374.0,1.05,135.0
2024-06-06 10:00:00,208.0,0.55,105.25
2024-06-06 11:00:00,186.0,0.72,95.75
2024-06-06 12:00:00,119.0,0.57,76.75
2024-06-06 13:00:00,180.0,3.05,54.75
2024-06-06 14:00:00,221.0,1.8,75.5
2024-06-06 15:00:00,169.0,2.22,72.5
2024-06-06 16:00:00,238.0,1.5,76.0
2024-06-06 17:00:00,194.0,0.75,86.25
2024-06-06 18:00:00,545.0,0.4,45.0
2024-06-06 19:00:00,222.0,0.45,27.75
2024-06-06 20:00:00,208.0,0.3,31.0
2024-06-06 21:00:00,269.0,0.3,34.25
2024-06-06 22:00:00,414.0,0.45,74.25
2024-06-06 23:00:00,953.0,3.42,132.25
2024-06-07 00:00:00,656.0,1.03,125.0
2024-06-07 01:00:00,359.0,0.3,29.25
2024-06-07 02:00:00,316.0,0.3,95.75
2024-06-07 03:00:00,301.0,0.3,144.5
2024-06-07 04:00:00,211.0,0.32,139.5
2024-06-07 05:00:00,208.0,0.3,112.5
2024-06-07 06:00:00,311.0,0.38,85.0
2024-06-07 07:00:00,346.0,0.5,91.0
2024-06-07 08:00:00,450.0,0.45,126.25
2024-06-07 09:00:00,382.0,0.78,118.25
2024-06-07 10:00:00,416.0,0.98,127.25
2024-06-07 11:00:00,373.0,0.82,127.25
2024-06-07 12:00:00,208.0,1.68,125.5
2024-06-07 13:00:00,224.0,1.3,123.25
2024-06-07 14:00:00,238.0,1.23,126.75
2024-06-07 15:00:00,235.0,1.32,124.75
2024-06-07 16:00:00,318.0,1.23,126.25
2024-06-07 17:00:00,269.0,1.3,118.25
2024-06-07 18:00:00,212.0,0.88,129.5
2024-06-07 19:00:00,222.0,0.45,112.75
2024-06-07 20:00:00,221.0,0.3,148.0
2024-06-07 21:00:00,320.0,0.32,119.25
2024-06-07 22:00:00,344.0,0.55,82.5
2024-06-07 23:00:00,414.0,0.75,88.75
2024-06-08 00:00:00,630.0,0.35,101.5
2024-06-08 01:00:00,632.0,0.9,129.75
2024-06-08 02:00:00,537.0,0.8,127.0
2024-06-08 03:00:00,472.0,0.42,122.0
2024-06-08 04:00:00,379.0,0.45,124.0
2024-06-08 05:00:00,309.0,0.75,126.5
2024-06-08 06:00:00,377.0,1.27,135.25
2024-06-08 07:00:00,356.0,1.42,130.5
2024-06-08 08:00:00,438.0,1.83,136.25
2024-06-08 09:00:00,361.0,1.35,129.75
2024-06-08 10:00:00,288.0,1.9,130.75
2024-06-08 11:00:00,353.0,1.6,133.0
2024-06-08 12:00:00,269.0,1.72,127.25
2024-06-08 13:00:00,228.0,1.42,118.25
2024-06-08 14:00:00,194.0,1.18,123.25
2024-06-08 15:00:00,199.0,1.52,131.75
2024-06-08 16:00:00,273.0,1.32,130.25
2024-06-08 17:00:00,265.0,1.12,130.0
2024-06-08 18:00:00,224.0,0.92,134.75
2024-06-08 19:00:00,199.0,0.6,106.25
2024-06-08 20:00:00,169.0,0.32,78.0
2024-06-08 21:00:00,201.0,0.32,127.75
2024-06-08 22:00:00,268.0,0.42,119.25
2024-06-08 23:00:00,262.0,0.55,122.75
2024-06-09 00:00:00,307.0,0.35,109.75
2024-06-09 01:00:00,266.0,0.32,114.0
2024-06-09 02:00:00,260.0,0.4,122.75
2024-06-09 03:00:00,237.0,0.32,118.25
2024-06-09 04:00:00,175.0,0.3,132.25
2024-06-09 05:00:00,171.0,0.4,139.0
2024-06-09 06:00:00,232.0,0.38,116.75
2024-06-09 07:00:00,243.0,0.72,133.0
2024-06-09 08:00:00,243.0,0.75,134.0
2024-06-09 09:00:00,284.0,1.08,123.25
2024-06-09 10:00:00,241.0,0.8,123.75
2024-06-09 11:00:00,199.0,1.25,127.75
2024-06-09 12:00:00,147.0,1.62,130.75
2024-06-09 13:00:00,169.0,1.45,134.75
2024-06-09 14:00:00,197.0,1.92,128.0
2024-06-09 15:00:00,177.0,1.62,124.5
2024-06-09 16:00:00,248.0,1.6,126.25
2024-06-09 17:00:00,189.0,1.3,124.25
2024-06-09 18:00:00,163.0,0.88,146.5
2024-06-09 19:00:00,158.0,0.38,131.25
2024-06-09 20:00:00,179.0,0.3,149.25
2024-06-09 21:00:00,268.0,0.3,160.75
2024-06-09 22:00:00,348.0,0.3,96.25
2024-06-09 23:00:00,376.0,0.3,100.5
2024-06-10 00:00:00,385.0,0.3,112.25
2024-06-10 01:00:00,269.0,0.3,113.5
2024-06-10 02:00:00,269.0,0.35,131.75
2024-06-10 03:00:00,182.0,0.48,134.25
2024-06-10 04:00:00,125.0,0.75,135.5
2024-06-10 05:00:00,112.0,0.57,124.5
2024-06-10 06:00:00,155.0,0.68,136.0
2024-06-10 07:00:00,186.0,0.72,116.25
2024-06-10 08:00:00,266.0,0.75,122.75
2024-06-10 09:00:00,268.0,0.85,114.5
2024-06-10 10:00:00,229.0,1.0,124.25
2024-06-10 11:00:00,205.0,0.95,97.75
2024-06-10 12:00:00,146.0,0.92,123.25
2024-06-10 13:00:00,161.0,1.27,114.75
2024-06-10 14:00:00,173.0,1.42,128.75
2024-06-10 15:00:00,178.0,1.2,128.25
2024-06-10 16:00:00,248.0,1.12,131.25
2024-06-10 17:00:00,212.0,0.95,140.25
2024-06-10 18:00:00,194.0,0.4,130.25
2024-06-10 19:00:00,201.0,0.3,149.75
2024-06-10 20:00:00,250.0,0.3,136.25
2024-06-10 21:00:00,328.0,0.3,62.5
2024-06-10 22:00:00,374.0,0.3,19.25
2024-06-10 23:00:00,403.0,0.3,29.75
2024-06-11 00:00:00,429.0,0.3,80.5
2024-06-11 01:00:00,372.0,0.3,84.5
2024-06-11 02:00:00,331.0,0.3,83.0
2024-06-11 03:00:00,335.0,0.3,86.75
2024-06-11 04:00:00,278.0,0.3,113.75
2024-06-11 05:00:00,323.0,0.3,92.5
2024-06-11 06:00:00,403.0,0.3,81.25
2024-06-11 07:00:00,476.0,0.3,72.0
2024-06-11 08:00:00,564.0,0.32,108.0
2024-06-11 09:00:00,493.0,0.52,107.75
2024-06-11 10:00:00,276.0,0.75,132.0
2024-06-11 11:00:00,331.0,0.9,132.75
2024-06-11 12:00:00,233.0,1.6,135.5
2024-06-11 13:00:00,238.0,1.18,123.0
2024-06-11 14:00:00,195.0,1.27,131.5
2024-06-11 15:00:00,207.0,1.32,136.25
2024-06-11 16:00:00,212.5,1.06,136.125
2024-06-11 17:00:00,218.0,0.8,136.0
2024-06-11 18:00:00,183.0,0.45,134.25
2024-06-11 19:00:00,193.0,0.3,106.5
2024-06-11 20:00:00,237.0,0.3,30.0
2024-06-11 21:00:00,277.0,0.3,2.0
2024-06-11 22:00:00,437.0,0.3,30.0
2024-06-11 23:00:00,547.0,0.3,38.75
2024-06-12 00:00:00,636.0,0.3,41.33
2024-06-12 01:00:00,512.0,0.3,48.75
2024-06-12 02:00:00,438.0,0.3,44.75
2024-06-12 03:00:00,384.0,0.3,78.0
2024-06-12 04:00:00,283.0,0.3,76.0
2024-06-12 05:00:00,305.0,0.3,89.5
2024-06-12 06:00:00,318.0,0.35,89.0
2024-06-12 07:00:00,359.0,1.05,121.25
2024-06-12 08:00:00,450.0,0.68,138.5
2024-06-12 09:00:00,373.0,0.6,136.5
2024-06-12 10:00:00,331.0,0.95,125.75
2024-06-12 11:00:00,327.0,0.88,128.5
2024-06-12 12:00:00,206.0,0.95,121.5
2024-06-12 13:00:00,168.0,1.3,128.25
2024-06-12 14:00:00,206.0,0.9,129.0
2024-06-12 15:00:00,169.0,0.92,113.0
2024-06-12 16:00:00,240.0,1.02,132.75
2024-06-12 17:00:00,233.0,0.8,121.5
2024-06-12 18:00:00,206.0,0.35,138.25
2024-06-12 19:00:00,240.0,0.3,71.25
2024-06-12 20:00:00,256.0,0.3,54.25
2024-06-12 21:00:00,364.0,0.3,35.0
2024-06-12 22:00:00,444.0,0.3,28.0
2024-06-12 23:00:00,497.0,0.42083333333333334,37.041666666666664
2024-06-13 00:00:00,550.0,0.5416666666666666,46.08333333333333
2024-06-13 01:00:00,526.5,0.6625,55.125
2024-06-13 02:00:00,503.0,,
2024-06-13 03:00:00,479.5,,
2024-06-13 04:00:00,,,
2024-06-13 05:00:00,,,
2024-06-13 06:00:00,,,
2024-06-13 07:00:00,,,
2024-06-13 08:00:00,,,
2024-06-13 09:00:00,,,
2024-06-13 10:00:00,315.0,1.75,136.5
2024-06-13 11:00:00,382.0,2.05,135.5
2024-06-13 12:00:00,329.0,1.58,130.0
2024-06-13 13:00:00,217.0,1.5,133.0
2024-06-13 14:00:00,228.0,1.4,120.0
2024-06-13 15:00:00,208.0,1.4,138.0
2024-06-13 16:00:00,217.0,0.95,124.75
2024-06-13 17:00:00,241.0,0.98,126.5
2024-06-13 18:00:00,189.0,0.62,138.5
2024-06-13 19:00:00,177.0,0.3,123.0
2024-06-13 20:00:00,289.0,0.32,88.0
2024-06-13 21:00:00,311.0,0.3,94.0
2024-06-13 22:00:00,349.5,0.7249999999999999,93.75
2024-06-13 23:00:00,388.0,1.15,93.5
2024-06-14 00:00:00,251.0,0.88,102.25
2024-06-14 01:00:00,251.0,0.68,124.5
2024-06-14 02:00:00,262.57142857142856,0.8442857142857143,125.19
2024-06-14 03:00:00,274.14285714285717,1.0085714285714287,125.88000000000001
2024-06-14 04:00:00,285.7142857142857,1.172857142857143,126.57000000000001
2024-06-14 05:00:00,,,
2024-06-14 06:00:00,,,
2024-06-14 07:00:00,,,
2024-06-14 08:00:00,332.0,1.83,129.33
2024-06-14 09:00:00,506.0,2.52,131.75
2024-06-14 10:00:00,620.0,2.62,131.75
2024-06-14 11:00:00,483.0,2.55,133.0
2024-06-14 12:00:00,699.0,2.4,134.75
2024-06-14 13:00:00,915.0,2.2,133.5
2024-06-14 14:00:00,345.0,2.25,124.75
2024-06-14 15:00:00,550.0,0.82,47.25
2024-06-14 16:00:00,346.0,0.82,84.5
2024-06-14 17:00:00,349.0,1.3,129.25
2024-06-14 18:00:00,287.0,1.23,119.25
2024-06-14 19:00:00,559.0,1.62,93.5
2024-06-14 20:00:00,353.0,2.9,110.0
2024-06-14 21:00:00,285.0,3.3,107.0
2024-06-14 22:00:00,264.3333333333333,2.7199999999999998,104.0
2024-06-14 23:00:00,243.66666666666666,2.1399999999999997,101.0
2024-06-15 00:00:00,223.0,1.56,98.0
2024-06-15 01:00:00,201.0,,
2024-06-15 02:00:00,179.0,0.4,92.0
2024-06-15 03:00:00,150.0,0.43,86.0
2024-06-15 04:00:00,190.83333333333334,0.8333333333333333,94.16666666666667
2024-06-15 05:00:00,231.66666666666669,1.2366666666666666,102.33333333333333
2024-06-15 06:00:00,272.5,1.64,110.5
2024-06-15 07:00:00,,,
2024-06-15 08:00:00,,,
2024-06-15 09:00:00,395.0,2.85,135.0
2024-06-15 10:00:00,405.0,2.9,130.0
2024-06-15 11:00:00,465.0,2.8,134.0
2024-06-15 12:00:00,434.0,2.9,137.0
2024-06-15 13:00:00,322.0,2.6,131.0
2024-06-15 14:00:00,289.0,2.23,129.0
2024-06-15 15:00:00,298.0,2.0,130.25
2024-06-15 16:00:00,376.0,1.62,131.75
2024-06-15 17:00:00,359.0,1.65,133.25
2024-06-15 18:00:00,265.0,1.35,129.75
2024-06-15 19:00:00,262.0,0.6,138.5
2024-06-15 20:00:00,265.0,0.32,135.25
2024-06-15 21:00:00,287.0,0.38,148.5
2024-06-15 22:00:00,350.0,0.38,135.25
2024-06-15 23:00:00,382.0,0.4,117.25
2024-06-16 00:00:00,376.0,0.35,109.5
2024-06-16 01:00:00,333.0,0.35,146.75
2024-06-16 02:00:00,295.0,0.32,141.0
2024-06-16 03:00:00,263.0,0.38,131.75
2024-06-16 04:00:00,289.0,0.585,127.3125
2024-06-16 05:00:00,315.0,0.79,122.875
2024-06-16 06:00:00,341.0,0.995,118.4375
2024-06-16 07:00:00,367.0,1.2,114.0
2024-06-16 08:00:00,399.0,1.38,136.75
2024-06-16 09:00:00,357.0,1.37,133.33
2024-06-16 10:00:00,342.3,1.4916666666666667,133.775
2024-06-16 11:00:00,327.6,1.6133333333333335,134.22
2024-06-16 12:00:00,312.9,1.735,134.66500000000002
2024-06-16 13:00:00,,,
2024-06-16 14:00:00,,,
2024-06-16 15:00:00,,2.1,136.0
2024-06-16 16:00:00,,1.7175,137.6675
2024-06-16 17:00:00,,1.335,139.33499999999998
2024-06-16 18:00:00,,0.9524999999999999,141.0025
2024-06-16 19:00:00,210.0,0.57,142.67
2024-06-16 20:00:00,221.0,0.35,132.75
2024-06-16 21:00:00,219.0,0.3,159.0
2024-06-16 22:00:00,320.0,0.3,123.75
2024-06-16 23:00:00,333.0,0.3,89.0
2024-06-17 00:00:00,389.0,0.3,89.0
2024-06-17 01:00:00,378.0,0.5333333333333333,82.66666666666667
2024-06-17 02:00:00,367.0,0.7666666666666666,76.33333333333333
2024-06-17 03:00:00,356.0,1.0,70.0
2024-06-17 04:00:00,,,
2024-06-17 05:00:00,,,
2024-06-17 06:00:00,,,
2024-06-17 07:00:00,312.0,,
2024-06-17 08:00:00,314.5,,
2024-06-17 09:00:00,317.0,2.4,32.0
2024-06-17 10:00:00,322.0,2.0,32.0
2024-06-17 11:00:00,290.5,2.6,61.0
2024-06-17 12:00:00,259.0,1.7,137.0
2024-06-17 13:00:00,257.73333333333335,1.6666666666666665,133.55
2024-06-17 14:00:00,256.46666666666664,1.6333333333333333,130.1
2024-06-17 15:00:00,255.2,1.5999999999999999,126.65
2024-06-17 16:00:00,,,
2024-06-17 17:00:00,,,
2024-06-17 18:00:00,,,
2024-06-17 19:00:00,,,
2024-06-17 20:00:00,,,
2024-06-17 21:00:00,,,
2024-06-17 22:00:00,,,
2024-06-17 23:00:00,,,
2024-06-18 00:00:00,,,
2024-06-18 01:00:00,,,
2024-06-18 02:00:00,,,
2024-06-18 03:00:00,,,
2024-06-18 04:00:00,,,
2024-06-18 05:00:00,,,
2024-06-18 06:00:00,,,
2024-06-18 07:00:00,,,
2024-06-18 08:00:00,,,
2024-06-18 09:00:00,,,
2024-06-18 10:00:00,,,
2024-06-18 11:00:00,,,
2024-06-18 12:00:00,,,
2024-06-18 13:00:00,,,
2024-06-18 14:00:00,,,
2024-06-18 15:00:00,,,
2024-06-18 16:00:00,,,
2024-06-18 17:00:00,,,
2024-06-18 18:00:00,221.0,0.7,33.5
2024-06-18 19:00:00,462.0,0.62,137.25
2024-06-18 20:00:00,439.75,0.3,171.75
2024-06-18 21:00:00,348.25,0.3,174.75
2024-06-18 22:00:00,285.0,0.3,175.0
2024-06-18 23:00:00,365.5,0.3,175.0
2024-06-19 00:00:00,486.25,0.3,176.0
2024-06-19 01:00:00,453.25,0.3,150.0
2024-06-19 02:00:00,519.5,0.3,2.25
2024-06-19 03:00:00,403.75,0.3,107.0
2024-06-19 04:00:00,333.0,0.45,127.75
2024-06-19 05:00:00,342.5,0.35,129.5
2024-06-19 06:00:00,378.25,0.45,130.5
2024-06-19 07:00:00,453.0,0.35,138.75
2024-06-19 08:00:00,421.0,0.34285714285714286,136.35714285714286
2024-06-19 09:00:00,389.0,0.3357142857142857,133.96428571428572
2024-06-19 10:00:00,357.0,0.32857142857142857,131.57142857142858
2024-06-19 11:00:00,375.5,,
2024-06-19 12:00:00,394.0,,
2024-06-19 13:00:00,412.5,,
2024-06-19 14:00:00,431.0,0.3,122.0
2024-06-19 15:00:00,511.0,0.3,129.75
2024-06-19 16:00:00,411.0,0.3,128.75
2024-06-19 17:00:00,456.0,0.3,127.0
2024-06-19 18:00:00,373.0,0.3,120.75
2024-06-19 19:00:00,311.0,0.3,115.75
2024-06-19 20:00:00,310.0,0.3,109.25
2024-06-19 21:00:00,427.0,0.3,39.0
2024-06-19 22:00:00,307.0,0.3,53.25
2024-06-19 23:00:00,998.0,0.3,91.25
2024-06-20 00:00:00,705.0,0.3,63.25
2024-06-20 01:00:00,241.0,0.3,33.25
2024-06-20 02:00:00,125.0,0.3,40.25
2024-06-20 03:00:00,121.0,0.3,53.25
2024-06-20 04:00:00,121.0,0.3,64.0
2024-06-20 05:00:00,88.0,0.3,58.0
2024-06-20 06:00:00,91.0,0.3,66.5
2024-06-20 07:00:00,123.0,0.3,94.25
2024-06-20 08:00:00,268.0,0.3,90.25
2024-06-20 09:00:00,243.0,0.3,85.75
2024-06-20 10:00:00,240.0,0.3,51.5
2024-06-20 11:00:00,151.0,0.3,39.75
2024-06-20 12:00:00,183.0,0.3,38.0
2024-06-20 13:00:00,113.0,0.3,43.0
2024-06-20 14:00:00,167.0,0.3,33.75
2024-06-20 15:00:00,199.0,0.3,54.5
2024-06-20 16:00:00,208.0,0.3,47.75
2024-06-20 17:00:00,266.0,0.3,64.5
2024-06-20 18:00:00,194.0,0.3,37.75
2024-06-20 19:00:00,202.0,0.3,40.75
2024-06-20 20:00:00,199.0,0.3,24.5
2024-06-20 21:00:00,146.0,0.3,26.0
2024-06-20 22:00:00,178.0,0.3,33.5
2024-06-20 23:00:00,245.0,0.3,44.5
2024-06-21 00:00:00,267.0,0.3,21.25
2024-06-21 01:00:00,238.0,0.3,22.75
2024-06-21 02:00:00,169.0,0.3,44.0
2024-06-21 03:00:00,166.0,0.3,43.25
2024-06-21 04:00:00,186.0,0.3,77.75
2024-06-21 05:00:00,155.0,0.3,86.5
2024-06-21 06:00:00,200.0,0.3,87.0
2024-06-21 07:00:00,458.0,0.3,49.5
2024-06-21 08:00:00,470.0,0.3,40.0
2024-06-21 09:00:00,387.0,0.3,35.5
2024-06-21 10:00:00,245.0,0.3,37.5
2024-06-21 11:00:00,228.0,0.3,41.5
2024-06-21 12:00:00,208.0,0.3,38.0
2024-06-21 13:00:00,107.0,0.3,37.0
2024-06-21 14:00:00,133.0,0.3,91.25
2024-06-21 15:00:00,560.0,0.3,109.5
2024-06-21 16:00:00,113.0,0.3,45.75
2024-06-21 17:00:00,153.0,0.3,20.75
2024-06-21 18:00:00,139.0,0.3,45.75
2024-06-21 19:00:00,244.0,0.3,12.5
2024-06-21 20:00:00,238.0,0.3,15.5
2024-06-21 21:00:00,155.0,0.3,14.75
2024-06-21 22:00:00,256.0,0.3,15.0
2024-06-21 23:00:00,388.0,0.3,55.5
2024-06-22 00:00:00,354.0,0.3,69.0
2024-06-22 01:00:00,350.0,0.3,69.0
2024-06-22 02:00:00,307.0,0.3,111.75
2024-06-22 03:00:00,219.0,0.3,51.25
2024-06-22 04:00:00,221.0,0.3,14.25
2024-06-22 05:00:00,299.0,0.3,16.25
2024-06-22 06:00:00,516.0,0.3,20.5
2024-06-22 07:00:00,490.0,0.3,25.75
2024-06-22 08:00:00,383.0,0.3,23.33
2024-06-22 09:00:00,392.0,0.3,33.25
2024-06-22 10:00:00,276.0,0.3,44.0
2024-06-22 11:00:00,235.0,0.3,29.0
2024-06-22 12:00:00,211.0,0.3,33.5
2024-06-22 13:00:00,143.0,0.3,38.75
2024-06-22 14:00:00,210.0,0.3,45.25
2024-06-22 15:00:00,211.0,0.3,81.75
2024-06-22 16:00:00,219.0,0.3,34.0
2024-06-22 17:00:00,255.0,0.3,45.25
2024-06-22 18:00:00,222.0,0.3,30.25
2024-06-22 19:00:00,221.0,0.3,33.75
2024-06-22 20:00:00,166.0,0.3,38.33
2024-06-22 21:00:00,122.0,0.3,30.0
2024-06-22 22:00:00,145.0,0.3,30.5
2024-06-22 23:00:00,188.0,0.3,32.0
2024-06-23 00:00:00,127.0,0.3,28.5
2024-06-23 01:00:00,184.0,0.3,21.5
2024-06-23 02:00:00,158.0,0.3,25.75
2024-06-23 03:00:00,127.0,0.3,10.0
2024-06-23 04:00:00,116.0,0.3,21.25
2024-06-23 05:00:00,67.0,0.3,14.0
2024-06-23 06:00:00,110.0,0.3,24.5
2024-06-23 07:00:00,153.0,0.3,31.75
2024-06-23 08:00:00,171.0,0.3,27.0
2024-06-23 09:00:00,238.0,0.3,34.25
2024-06-23 10:00:00,189.0,0.3,37.25
2024-06-23 11:00:00,167.0,0.3,40.0
2024-06-23 12:00:00,161.0,0.3,37.0
2024-06-23 13:00:00,108.0,0.3,35.75
2024-06-23 14:00:00,139.0,0.3,63.75
2024-06-23 15:00:00,171.0,0.3,74.25
2024-06-23 16:00:00,202.0,0.3,28.5
2024-06-23 17:00:00,169.0,0.3,30.75
2024-06-23 18:00:00,135.0,0.3,32.5
2024-06-23 19:00:00,169.0,0.3,52.5
2024-06-23 20:00:00,194.0,0.3,33.0
2024-06-23 21:00:00,147.0,0.3,30.5
2024-06-23 22:00:00,151.0,0.3,27.5
2024-06-23 23:00:00,191.0,0.3,36.75
2024-06-24 00:00:00,186.0,0.3,30.25
2024-06-24 01:00:00,221.0,0.3,26.0
2024-06-24 02:00:00,168.0,0.3,36.5
2024-06-24 03:00:00,162.0,0.3,41.25
2024-06-24 04:00:00,157.0,0.3,47.0
2024-06-24 05:00:00,144.0,0.3,44.5
2024-06-24 06:00:00,145.0,0.3,40.75
2024-06-24 07:00:00,177.0,0.3,46.25
2024-06-24 08:00:00,172.0,0.3,33.75
2024-06-24 09:00:00,221.0,0.3,35.5
2024-06-24 10:00:00,200.0,0.3,40.25
2024-06-24 11:00:00,213.0,0.3,44.0
2024-06-24 12:00:00,184.0,0.3,65.25
2024-06-24 13:00:00,172.0,0.3,39.25
2024-06-24 14:00:00,155.0,0.3,33.75
2024-06-24 15:00:00,156.0,0.3,41.0
2024-06-24 16:00:00,649.0,0.3,39.5
2024-06-24 17:00:00,223.0,0.3,30.75
2024-06-24 18:00:00,150.0,0.3,38.75
2024-06-24 19:00:00,149.0,0.3,25.5
2024-06-24 20:00:00,124.0,0.3,13.0
2024-06-24 21:00:00,95.0,0.3,21.0
2024-06-24 22:00:00,91.0,0.3,38.0
2024-06-24 23:00:00,121.0,0.3,36.125
2024-06-25 00:00:00,116.0,0.3,34.25
2024-06-25 01:00:00,178.0,0.3,39.5
2024-06-25 02:00:00,158.0,0.3,53.75
2024-06-25 03:00:00,143.0,0.3,36.67
2024-06-25 04:00:00,99.0,0.3,24.25
2024-06-25 05:00:00,39.0,0.3,26.25
2024-06-25 06:00:00,67.0,0.3,20.75
2024-06-25 07:00:00,219.0,0.3,19.75
2024-06-25 08:00:00,215.0,0.3,21.33
2024-06-25 09:00:00,224.0,0.3,51.0
2024-06-25 10:00:00,221.0,0.3,32.0
2024-06-25 11:00:00,164.0,0.3,40.5
2024-06-25 12:00:00,151.0,0.3,38.0
2024-06-25 13:00:00,112.0,0.3,84.5
2024-06-25 14:00:00,101.0,0.3,53.0
2024-06-25 15:00:00,162.0,0.3,47.0
2024-06-25 16:00:00,179.0,0.3,30.5
2024-06-25 17:00:00,226.0,0.3,43.0
2024-06-25 18:00:00,226.1818181818182,0.3,43.02066115702479
2024-06-25 19:00:00,226.36363636363637,0.3,43.04132231404959
2024-06-25 20:00:00,226.54545454545453,0.3,43.06198347107438
2024-06-25 21:00:00,,,
2024-06-25 22:00:00,,,
2024-06-25 23:00:00,,,
2024-06-26 00:00:00,,,
2024-06-26 01:00:00,,,
2024-06-26 02:00:00,,,
2024-06-26 03:00:00,,,
2024-06-26 04:00:00,,,
2024-06-26 05:00:00,,,
2024-06-26 06:00:00,,,
2024-06-26 07:00:00,,,
2024-06-26 08:00:00,,,
2024-06-26 09:00:00,,,
2024-06-26 10:00:00,,,
2024-06-26 11:00:00,,,
2024-06-26 12:00:00,,,
2024-06-26 13:00:00,,,
2024-06-26 14:00:00,,,
2024-06-26 15:00:00,,,
2024-06-26 16:00:00,,,
2024-06-26 17:00:00,,,
2024-06-26 18:00:00,,,
2024-06-26 19:00:00,,,
2024-06-26 20:00:00,,,
2024-06-26 21:00:00,,,
2024-06-26 22:00:00,,,
2024-06-26 23:00:00,,,
2024-06-27 00:00:00,,,
2024-06-27 01:00:00,,,
2024-06-27 02:00:00,,,
2024-06-27 03:00:00,,,
2024-06-27 04:00:00,,,
2024-06-27 05:00:00,,,
2024-06-27 06:00:00,,,
2024-06-27 07:00:00,,,
2024-06-27 08:00:00,,,
2024-06-27 09:00:00,,,
2024-06-27 10:00:00,,,
2024-06-27 11:00:00,,,
2024-06-27 12:00:00,,,
2024-06-27 13:00:00,,,
2024-06-27 14:00:00,,,
2024-06-27 15:00:00,,,
2024-06-27 16:00:00,,,
2024-06-27 17:00:00,,,
2024-06-27 18:00:00,,,
2024-06-27 19:00:00,,,
2024-06-27 20:00:00,,,
2024-06-27 21:00:00,,,
2024-06-27 22:00:00,,,
2024-06-27 23:00:00,,,
2024-06-28 00:00:00,,,
2024-06-28 01:00:00,,,
2024-06-28 02:00:00,,,
2024-06-28 03:00:00,,,
2024-06-28 04:00:00,,,
2024-06-28 05:00:00,,,
2024-06-28 06:00:00,,,
2024-06-28 07:00:00,,,
2024-06-28 08:00:00,,,
2024-06-28 09:00:00,,,
2024-06-28 10:00:00,,,
2024-06-28 11:00:00,,,
2024-06-28 12:00:00,,,
2024-06-28 13:00:00,,,
2024-06-28 14:00:00,,,
2024-06-28 15:00:00,,,
2024-06-28 16:00:00,,,
2024-06-28 17:00:00,,,
2024-06-28 18:00:00,,,
2024-06-28 19:00:00,,,
2024-06-28 20:00:00,,,
2024-06-28 21:00:00,,,
2024-06-28 22:00:00,,,
2024-06-28 23:00:00,,,
2024-06-29 00:00:00,,,
2024-06-29 01:00:00,,,
2024-06-29 02:00:00,,,
2024-06-29 03:00:00,,,
2024-06-29 04:00:00,,,
2024-06-29 05:00:00,,,
2024-06-29 06:00:00,,,
2024-06-29 07:00:00,,,
2024-06-29 08:00:00,,,
2024-06-29 09:00:00,,,
2024-06-29 10:00:00,,,
2024-06-29 11:00:00,,,
2024-06-29 12:00:00,,,
2024-06-29 13:00:00,,,
2024-06-29 14:00:00,,,
2024-06-29 15:00:00,,,
2024-06-29 16:00:00,,,
2024-06-29 17:00:00,,,
2024-06-29 18:00:00,,,
2024-06-29 19:00:00,,,
2024-06-29 20:00:00,,,
2024-06-29 21:00:00,,,
2024-06-29 22:00:00,,,
2024-06-29 23:00:00,,,
2024-06-30 00:00:00,,,
2024-06-30 01:00:00,,,
2024-06-30 02:00:00,,,
2024-06-30 03:00:00,,,
2024-06-30 04:00:00,,,
2024-06-30 05:00:00,,,
2024-06-30 06:00:00,,,
2024-06-30 07:00:00,,,
2024-06-30 08:00:00,,,
2024-06-30 09:00:00,,,
2024-06-30 10:00:00,,,
2024-06-30 11:00:00,,,
2024-06-30 12:00:00,,,
2024-06-30 13:00:00,,,
2024-06-30 14:00:00,,,
2024-06-30 15:00:00,,,
2024-06-30 16:00:00,,,
2024-06-30 17:00:00,,,
2024-06-30 18:00:00,248.0,0.3,45.5
2024-06-30 19:00:00,246.42857142857142,0.3,46.857142857142854
2024-06-30 20:00:00,244.85714285714286,0.3,48.214285714285715
2024-06-30 21:00:00,243.28571428571428,0.3,49.57142857142857
2024-06-30 22:00:00,,,
2024-06-30 23:00:00,,,
2024-07-01 00:00:00,,,
2024-07-01 01:00:00,,,
2024-07-01 02:00:00,,,
2024-07-01 03:00:00,,,
2024-07-01 04:00:00,,,
2024-07-01 05:00:00,,,
2024-07-01 06:00:00,,,
2024-07-01 07:00:00,,,
2024-07-01 08:00:00,,,
2024-07-01 09:00:00,,,
2024-07-01 10:00:00,,,
2024-07-01 11:00:00,,,
2024-07-01 12:00:00,,,
2024-07-01 13:00:00,,,
2024-07-01 14:00:00,,,
2024-07-01 15:00:00,215.0,0.3,74.0
2024-07-01 16:00:00,221.0,0.3,92.75
2024-07-01 17:00:00,233.0,0.3,96.75
2024-07-01 18:00:00,411.0,0.3,64.5
2024-07-01 19:00:00,283.0,0.3,75.25
2024-07-01 20:00:00,244.0,0.3,83.75
2024-07-01 21:00:00,282.0,0.3,76.5
2024-07-01 22:00:00,149.0,0.3,91.0
2024-07-01 23:00:00,313.0,0.3,80.75
2024-07-02 00:00:00,256.0,0.3,74.0
2024-07-02 01:00:00,300.0,0.3,76.0
2024-07-02 02:00:00,304.0,0.3,74.75
2024-07-02 03:00:00,221.0,0.3,81.25
2024-07-02 04:00:00,160.0,0.3,101.5
2024-07-02 05:00:00,132.0,0.3,101.5
2024-07-02 06:00:00,161.0,0.3,102.0
2024-07-02 07:00:00,161.0,0.3,78.0
2024-07-02 08:00:00,238.0,0.3,98.75
2024-07-02 09:00:00,315.0,0.3,107.5
2024-07-02 10:00:00,345.0,0.3,133.0
2024-07-02 11:00:00,210.0,0.3,118.25
2024-07-02 12:00:00,232.0,0.3,78.33
2024-07-02 13:00:00,202.0,0.3,89.67
2024-07-02 14:00:00,136.0,0.3,67.5
2024-07-02 15:00:00,202.0,0.3,50.25
2024-07-02 16:00:00,215.0,0.3,54.25
2024-07-02 17:00:00,228.0,0.3,27.5
2024-07-02 18:00:00,243.0,0.3,36.75
2024-07-02 19:00:00,194.0,0.3,41.67
2024-07-02 20:00:00,171.0,0.3,42.6275
2024-07-02 21:00:00,148.0,0.3,43.585
2024-07-02 22:00:00,125.0,0.3,44.542500000000004
2024-07-02 23:00:00,102.0,0.3,45.5
2024-07-03 00:00:00,116.66666666666667,0.3,45.0
2024-07-03 01:00:00,131.33333333333334,0.3,42.5
2024-07-03 02:00:00,146.0,0.3,44.0
2024-07-03 03:00:00,85.0,0.3,43.25
2024-07-03 04:00:00,78.0,0.3,35.25
2024-07-03 05:00:00,89.0,0.3,39.0
2024-07-03 06:00:00,47.0,0.3,38.75
2024-07-03 07:00:00,128.0,0.3,23.0
2024-07-03 08:00:00,272.0,0.3,33.25
2024-07-03 09:00:00,260.0,0.3,35.5
2024-07-03 10:00:00,248.0,0.3,33.25
2024-07-03 11:00:00,207.0,0.3,33.0
2024-07-03 12:00:00,218.0,0.3,38.33
2024-07-03 13:00:00,160.0,0.3,42.5
2024-07-03 14:00:00,38.0,0.3,42.75
2024-07-03 15:00:00,44.0,0.3,39.5
2024-07-03 16:00:00,52.0,0.3,44.5
2024-07-03 17:00:00,53.0,0.3,44.25
2024-07-03 18:00:00,118.0,0.3,44.0
2024-07-03 19:00:00,103.0,0.3,41.5
2024-07-03 20:00:00,83.0,0.3,39.0
2024-07-03 21:00:00,90.0,0.3,28.0
2024-07-03 22:00:00,86.18181818181819,0.3,29.0
2024-07-03 23:00:00,82.36363636363636,0.3,30.0
2024-07-04 00:00:00,78.54545454545455,0.3,31.0
2024-07-04 01:00:00,,,
2024-07-04 02:00:00,,,
2024-07-04 03:00:00,,,
2024-07-04 04:00:00,,,
2024-07-04 05:00:00,,,
2024-07-04 06:00:00,,,
2024-07-04 07:00:00,,,
2024-07-04 08:00:00,48.0,0.3,39.0
2024-07-04 09:00:00,62.0,0.37,31.0
2024-07-04 10:00:00,136.0,1.58,40.5
2024-07-04 11:00:00,110.0,0.83,37.33
2024-07-04 12:00:00,92.25,0.828,37.164
2024-07-04 13:00:00,74.5,0.826,36.998
2024-07-04 14:00:00,56.75,0.824,36.832
2024-07-04 15:00:00,39.0,,
2024-07-04 16:00:00,51.0,0.82,36.5
2024-07-04 17:00:00,119.0,1.2,30.0
2024-07-04 18:00:00,160.0,0.985,27.375
2024-07-04 19:00:00,138.0,0.77,24.75
2024-07-04 20:00:00,125.0,0.7423529411764707,25.25470588235294
2024-07-04 21:00:00,123.8125,0.7147058823529412,25.75941176470588
2024-07-04 22:00:00,122.625,0.6870588235294117,26.264117647058825
2024-07-04 23:00:00,121.4375,,
2024-07-05 00:00:00,,,
2024-07-05 01:00:00,,,
2024-07-05 02:00:00,,,
2024-07-05 03:00:00,,,
2024-07-05 04:00:00,,,
2024-07-05 05:00:00,,,
2024-07-05 06:00:00,,,
2024-07-05 07:00:00,,,
2024-07-05 08:00:00,,,
2024-07-05 09:00:00,,,
2024-07-05 10:00:00,,,
2024-07-05 11:00:00,,,
2024-07-05 12:00:00,106.0,0.3,33.33
2024-07-05 13:00:00,91.0,0.3,38.25
2024-07-05 14:00:00,2.0,0.3,36.25
2024-07-05 15:00:00,40.0,0.3,38.25
2024-07-05 16:00:00,62.0,0.3,36.0
2024-07-05 17:00:00,73.0,0.3,33.0
2024-07-05 18:00:00,146.0,0.3,24.0
2024-07-05 19:00:00,119.0,0.3,30.25
2024-07-05 20:00:00,77.0,0.3,31.5
2024-07-05 21:00:00,69.0,0.3,35.25
2024-07-05 22:00:00,45.5,0.3,42.0
2024-07-05 23:00:00,22.0,0.3,48.0
2024-07-06 00:00:00,47.0,0.3,36.25
2024-07-06 01:00:00,46.0,0.3,33.75
2024-07-06 02:00:00,112.0,0.3,31.25
2024-07-06 03:00:00,70.0,0.3,53.5
2024-07-06 04:00:00,45.0,0.3,26.25
2024-07-06 05:00:00,69.0,0.3,58.5
2024-07-06 06:00:00,41.0,0.3,33.0
2024-07-06 07:00:00,90.0,0.3,32.0
2024-07-06 08:00:00,55.0,0.3,33.75
2024-07-06 09:00:00,67.0,0.3,37.75
2024-07-06 10:00:00,193.0,0.3,22.5
2024-07-06 11:00:00,194.0,0.3,34.5
2024-07-06 12:00:00,167.0,0.3,110.75
2024-07-06 13:00:00,132.0,0.3,31.75
2024-07-06 14:00:00,55.0,0.3,54.25
2024-07-06 15:00:00,125.0,0.3,34.75
2024-07-06 16:00:00,132.0,0.3,47.25
2024-07-06 17:00:00,103.0,0.3,54.0
2024-07-06 18:00:00,223.0,0.3,39.5
2024-07-06 19:00:00,138.0,0.3,15.75
2024-07-06 20:00:00,88.0,0.3,19.5
2024-07-06 21:00:00,81.0,0.3,43.25
2024-07-06 22:00:00,55.5,0.3,23.75
2024-07-06 23:00:00,30.0,0.3,52.25
2024-07-07 00:00:00,45.0,0.3,37.0
2024-07-07 01:00:00,50.0,0.3,44.25
2024-07-07 02:00:00,128.0,0.3,20.25
2024-07-07 03:00:00,58.0,0.3,28.25
2024-07-07 04:00:00,59.0,0.3,33.5
2024-07-07 05:00:00,28.0,0.3,41.5
2024-07-07 06:00:00,28.5,0.3,25.75
2024-07-07 07:00:00,29.0,0.3,56.75
2024-07-07 08:00:00,62.0,0.3,38.75
2024-07-07 09:00:00,56.0,0.3,30.75
2024-07-07 10:00:00,168.0,0.3,51.75
2024-07-07 11:00:00,99.0,0.3,37.5
2024-07-07 12:00:00,92.0,0.3,34.75
2024-07-07 13:00:00,112.0,0.3,47.0
2024-07-07 14:00:00,89.5,0.3,34.0
2024-07-07 15:00:00,67.0,0.3,56.5
2024-07-07 16:00:00,118.25,0.3,42.12
2024-07-07 17:00:00,169.0,0.3,30.67
2024-07-07 18:00:00,133.0,0.3,46.25
2024-07-07 19:00:00,96.0,0.3,33.0
2024-07-07 20:00:00,63.0,0.3,47.75
2024-07-07 21:00:00,50.0,0.3,43.5
2024-07-07 22:00:00,42.0,0.3,45.75
2024-07-07 23:00:00,34.0,0.3,30.75
2024-07-08 00:00:00,47.0,0.3,34.0
2024-07-08 01:00:00,29.0,0.3,25.75
2024-07-08 02:00:00,103.0,0.3,45.25
2024-07-08 03:00:00,67.0,0.3,14.25
2024-07-08 04:00:00,63.0,0.3,73.33
2024-07-08 05:00:00,85.0,0.3,38.75
2024-07-08 06:00:00,99.0,0.3,16.25
2024-07-08 07:00:00,129.0,0.3,55.25
2024-07-08 08:00:00,108.0,0.3,55.75
2024-07-08 09:00:00,92.0,0.3,47.5
2024-07-08 10:00:00,180.0,0.3,67.0
2024-07-08 11:00:00,121.0,0.3,71.25
2024-07-08 12:00:00,135.0,0.3,48.5
2024-07-08 13:00:00,91.0,0.3,55.5
2024-07-08 14:00:00,9.0,0.3,88.75
2024-07-08 15:00:00,83.0,0.3,42.33
2024-07-08 16:00:00,117.0,0.3,36.0
2024-07-08 17:00:00,132.0,0.3,45.25
2024-07-08 18:00:00,189.0,0.3,29.75
2024-07-08 19:00:00,123.0,0.3,25.0
2024-07-08 20:00:00,125.0,0.3,19.25
2024-07-08 21:00:00,151.0,0.3,52.75
2024-07-08 22:00:00,61.0,0.3,41.0
2024-07-08 23:00:00,132.0,0.3,38.25
2024-07-09 00:00:00,112.0,0.3,16.75
2024-07-09 01:00:00,83.0,0.3,45.25
2024-07-09 02:00:00,162.0,0.3,28.25
2024-07-09 03:00:00,103.0,0.3,60.33
2024-07-09 04:00:00,63.0,0.3,35.75
2024-07-09 05:00:00,67.0,0.3,22.25
2024-07-09 06:00:00,74.0,0.3,43.0
2024-07-09 07:00:00,81.0,0.3,29.75
2024-07-09 08:00:00,113.0,0.3,32.0
2024-07-09 09:00:00,121.0,0.3,38.0
2024-07-09 10:00:00,202.0,0.3,36.0
2024-07-09 11:00:00,149.0,0.3,52.5
2024-07-09 12:00:00,116.0,0.3,77.5
2024-07-09 13:00:00,51.0,0.3,51.5
2024-07-09 14:00:00,54.5,0.3,88.0
2024-07-09 15:00:00,58.0,0.3,23.5
2024-07-09 16:00:00,103.0,0.3,31.0
2024-07-09 17:00:00,102.0,0.3,27.0
2024-07-09 18:00:00,211.0,0.3,33.75
2024-07-09 19:00:00,218.0,0.3,33.75
2024-07-09 20:00:00,212.0,0.3,34.25
2024-07-09 21:00:00,223.0,0.3,30.5
2024-07-09 22:00:00,145.0,0.3,32.25
2024-07-09 23:00:00,202.0,0.3,27.5
2024-07-10 00:00:00,232.0,0.3,38.25
2024-07-10 01:00:00,222.0,0.3,31.25
2024-07-10 02:00:00,237.0,0.3,25.5
2024-07-10 03:00:00,222.0,0.3,25.25
2024-07-10 04:00:00,221.0,0.3,29.0
2024-07-10 05:00:00,195.0,0.3,23.5
2024-07-10 06:00:00,122.0,0.3,27.25
2024-07-10 07:00:00,124.0,0.3,35.5
2024-07-10 08:00:00,152.0,0.3,42.25
2024-07-10 09:00:00,211.0,0.3,70.5
2024-07-10 10:00:00,290.0,0.3,68.5
2024-07-10 11:00:00,226.0,0.3,109.0
2024-07-10 12:00:00,224.0,0.3,107.0
2024-07-10 13:00:00,211.0,0.3,32.0
2024-07-10 14:00:00,116.0,0.3,46.75
2024-07-10 15:00:00,42.0,0.3,70.5
2024-07-10 16:00:00,219.0,0.3,46.25
2024-07-10 17:00:00,141.0,0.3,32.75
2024-07-10 18:00:00,155.0,0.3,36.25
2024-07-10 19:00:00,175.0,0.3,44.0
2024-07-10 20:00:00,132.0,0.3,57.0
2024-07-10 21:00:00,146.0,0.3,48.5
2024-07-10 22:00:00,103.0,0.3,37.5
2024-07-10 23:00:00,58.0,0.3,36.75
2024-07-11 00:00:00,202.0,0.3,39.5
2024-07-11 01:00:00,190.0,0.3,27.25
2024-07-11 02:00:00,223.0,0.3,25.5
2024-07-11 03:00:00,287.0,0.3,25.25
2024-07-11 04:00:00,173.0,0.3,38.0
2024-07-11 05:00:00,150.0,0.3,36.25
2024-07-11 06:00:00,149.0,0.3,55.75
2024-07-11 07:00:00,83.0,0.3,29.25
2024-07-11 08:00:00,132.0,0.3,48.0
2024-07-11 09:00:00,265.0,0.3,96.25
2024-07-11 10:00:00,260.0,0.3,103.75
2024-07-11 11:00:00,273.0,0.3,94.75
2024-07-11 12:00:00,238.0,0.3,93.5
2024-07-11 13:00:00,219.0,0.3,50.25
2024-07-11 14:00:00,206.0,0.3,71.25
2024-07-11 15:00:00,180.0,0.3,62.0
2024-07-11 16:00:00,218.0,0.3,18.5
2024-07-11 17:00:00,255.0,0.3,65.75
2024-07-11 18:00:00,239.0,0.3,35.25
2024-07-11 19:00:00,287.0,0.3,36.25
2024-07-11 20:00:00,304.0,0.3,28.5
2024-07-11 21:00:00,244.0,0.3,39.0
2024-07-11 22:00:00,238.0,0.3,66.0
2024-07-11 23:00:00,189.0,0.3,69.25
2024-07-12 00:00:00,134.0,0.3,80.75
2024-07-12 01:00:00,245.0,0.3,60.75
2024-07-12 02:00:00,178.0,0.3,69.0
2024-07-12 03:00:00,240.0,0.3,81.75
2024-07-12 04:00:00,188.0,0.3,119.0
2024-07-12 05:00:00,144.0,0.3,115.0
2024-07-12 06:00:00,200.0,0.3,119.0
2024-07-12 07:00:00,151.0,0.3,109.5
2024-07-12 08:00:00,277.0,0.3,103.75
2024-07-12 09:00:00,177.0,0.3,125.0
2024-07-12 10:00:00,229.0,0.3,80.25
2024-07-12 11:00:00,232.0,0.3,142.75
2024-07-12 12:00:00,232.0,0.3,142.25
2024-07-12 13:00:00,194.0,0.3,118.5
2024-07-12 14:00:00,168.0,0.3,71.5
2024-07-12 15:00:00,108.0,0.3,57.25
2024-07-12 16:00:00,184.0,0.3,74.75
2024-07-12 17:00:00,291.0,0.3,48.5
2024-07-12 18:00:00,211.0,0.3,37.75
2024-07-12 19:00:00,300.0,0.3,104.5
2024-07-12 20:00:00,227.0,0.3,30.75
2024-07-12 21:00:00,202.0,0.3,80.25
2024-07-12 22:00:00,377.0,0.3,53.75
2024-07-12 23:00:00,169.0,0.3,75.5
2024-07-13 00:00:00,355.0,0.3,41.0
2024-07-13 01:00:00,272.0,0.3,29.0
2024-07-13 02:00:00,287.0,0.3,31.75
2024-07-13 03:00:00,279.0,0.3,37.5
2024-07-13 04:00:00,348.0,0.3,37.0
2024-07-13 05:00:00,298.0,0.3,40.25
2024-07-13 06:00:00,234.0,0.3,41.75
2024-07-13 07:00:00,127.0,0.3,31.75
2024-07-13 08:00:00,20.0,0.3,38.25
2024-07-13 09:00:00,46.0,0.3,24.0
2024-07-13 10:00:00,88.0,0.3,29.25
2024-07-13 11:00:00,164.0,0.3,29.75
2024-07-13 12:00:00,136.0,0.3,37.5
2024-07-13 13:00:00,171.0,0.3,31.0
2024-07-13 14:00:00,180.0,0.3,85.75
2024-07-13 15:00:00,136.0,0.3,118.0
2024-07-13 16:00:00,156.0,0.3,51.25
2024-07-13 17:00:00,138.0,0.3,43.0
2024-07-13 18:00:00,107.0,0.3,43.5
2024-07-13 19:00:00,218.0,0.3,55.25
2024-07-13 20:00:00,199.0,0.3,48.0
2024-07-13 21:00:00,250.0,0.3,47.5
2024-07-13 22:00:00,195.0,0.3,59.5
2024-07-13 23:00:00,95.0,0.3,62.25
2024-07-14 00:00:00,155.0,0.3,79.0
2024-07-14 01:00:00,179.0,0.3,67.25
2024-07-14 02:00:00,171.0,0.3,91.0
2024-07-14 03:00:00,304.0,0.3,66.75
2024-07-14 04:00:00,200.0,0.3,27.75
2024-07-14 05:00:00,218.0,0.3,22.5
2024-07-14 06:00:00,199.0,0.3,24.5
2024-07-14 07:00:00,111.0,0.3,39.0
2024-07-14 08:00:00,141.0,0.3,67.75
2024-07-14 09:00:00,206.0,0.3,28.5
2024-07-14 10:00:00,175.0,0.3,46.5
2024-07-14 11:00:00,206.0,0.3,38.75
2024-07-14 12:00:00,151.0,0.3,35.75
2024-07-14 13:00:00,146.0,0.3,50.5
2024-07-14 14:00:00,116.0,0.3,49.75
2024-07-14 15:00:00,63.0,0.3,23.75
2024-07-14 16:00:00,135.0,0.3,36.75
2024-07-14 17:00:00,146.0,0.3,28.5
2024-07-14 18:00:00,157.0,0.3,34.25
2024-07-14 19:00:00,229.0,0.3,46.25
2024-07-14 20:00:00,174.0,0.3,22.5
2024-07-14 21:00:00,141.0,0.3,25.5
2024-07-14 22:00:00,173.0,0.3,13.0
2024-07-14 23:00:00,102.0,0.3,30.0
2024-07-15 00:00:00,164.0,0.3,25.75
2024-07-15 01:00:00,190.0,0.3,25.75
2024-07-15 02:00:00,182.0,0.3,29.75
2024-07-15 03:00:00,238.0,0.3,37.75
2024-07-15 04:00:00,182.0,0.3,28.0
2024-07-15 05:00:00,140.0,0.3,24.25
2024-07-15 06:00:00,129.0,0.3,15.75
2024-07-15 07:00:00,70.0,0.3,35.25
2024-07-15 08:00:00,125.0,0.3,73.25
2024-07-15 09:00:00,188.0,0.3,97.75
2024-07-15 10:00:00,117.0,0.3,123.75
2024-07-15 11:00:00,164.0,0.3,67.0
2024-07-15 12:00:00,193.0,0.3,32.25
2024-07-15 13:00:00,132.0,0.3,37.75
2024-07-15 14:00:00,140.0,0.3,33.25
2024-07-15 15:00:00,80.0,0.3,44.0
2024-07-15 16:00:00,140.0,0.3,48.0
2024-07-15 17:00:00,138.0,0.3,38.25
2024-07-15 18:00:00,162.0,0.3,28.0
2024-07-15 19:00:00,207.0,0.3,21.0
2024-07-15 20:00:00,216.0,0.3,15.25
2024-07-15 21:00:00,238.0,0.3,19.0
2024-07-15 22:00:00,177.0,0.3,25.0
2024-07-15 23:00:00,130.0,0.3,28.25
2024-07-16 00:00:00,132.0,0.3,27.75
2024-07-16 01:00:00,127.0,0.3,54.0
2024-07-16 02:00:00,119.0,0.3,26.25
2024-07-16 03:00:00,174.0,0.3,23.25
2024-07-16 04:00:00,129.0,0.3,27.75
2024-07-16 05:00:00,122.0,0.3,46.25
2024-07-16 06:00:00,144.0,0.3,38.5
2024-07-16 07:00:00,39.0,0.3,39.0
2024-07-16 08:00:00,96.0,0.3,55.5
2024-07-16 09:00:00,108.0,0.3,46.0
2024-07-16 10:00:00,129.0,0.3,34.5
2024-07-16 11:00:00,213.0,0.3,52.75
2024-07-16 12:00:00,160.0,0.3,46.75
2024-07-16 13:00:00,152.0,0.3,50.0
2024-07-16 14:00:00,118.0,0.3,31.0
2024-07-16 15:00:00,47.0,0.3,37.75
2024-07-16 16:00:00,78.0,0.3,30.25
2024-07-16 17:00:00,103.0,0.3,39.5
2024-07-16 18:00:00,118.0,0.3,55.5
2024-07-16 19:00:00,228.0,0.3,19.0
2024-07-16 20:00:00,243.0,0.3,35.75
2024-07-16 21:00:00,255.0,0.3,35.0
2024-07-16 22:00:00,212.0,0.3,16.75
2024-07-16 23:00:00,194.0,0.3,29.5
2024-07-17 00:00:00,215.0,0.3,40.5
2024-07-17 01:00:00,118.0,0.3,18.75
2024-07-17 02:00:00,106.0,0.3,40.75
2024-07-17 03:00:00,160.0,0.3,33.0
2024-07-17 04:00:00,128.0,0.3,33.75
2024-07-17 05:00:00,91.0,0.3,35.75
2024-07-17 06:00:00,79.0,0.3,33.25
2024-07-17 07:00:00,68.0,0.3,40.5
2024-07-17 08:00:00,57.0,0.3,38.5
2024-07-17 09:00:00,85.0,0.3,46.75
2024-07-17 10:00:00,113.0,0.3,33.75
2024-07-17 11:00:00,195.0,0.3,45.67
2024-07-17 12:00:00,155.0,0.3,97.67
2024-07-17 13:00:00,118.0,0.3,35.25
2024-07-17 14:00:00,182.0,0.3,89.0
2024-07-17 15:00:00,141.0,0.3,100.25
2024-07-17 16:00:00,139.0,0.3,39.0
2024-07-17 17:00:00,185.0,0.3,38.5
2024-07-17 18:00:00,161.0,0.3,55.25
2024-07-17 19:00:00,212.0,0.3,36.0
2024-07-17 20:00:00,246.0,0.3,15.75
2024-07-17 21:00:00,140.0,0.3,28.75
2024-07-17 22:00:00,147.0,0.3,40.25
2024-07-17 23:00:00,150.0,0.3,20.75
2024-07-18 00:00:00,177.0,0.3,20.75
2024-07-18 01:00:00,215.0,0.3,9.25
2024-07-18 02:00:00,168.0,0.3,28.25
2024-07-18 03:00:00,197.0,0.3,23.75
2024-07-18 04:00:00,158.0,0.3,25.25
2024-07-18 05:00:00,141.0,0.3,38.25
2024-07-18 06:00:00,125.0,0.3,26.25
2024-07-18 07:00:00,86.0,0.3,32.75
2024-07-18 08:00:00,70.0,0.3,37.5
2024-07-18 09:00:00,113.0,0.3,34.25
2024-07-18 10:00:00,140.0,0.3,35.25
2024-07-18 11:00:00,197.0,0.3,41.75
2024-07-18 12:00:00,219.0,0.3,90.75
2024-07-18 13:00:00,110.0,0.3,99.5
2024-07-18 14:00:00,62.0,0.3,31.5
2024-07-18 15:00:00,40.0,0.3,39.5
2024-07-18 16:00:00,27.0,0.3,30.5
2024-07-18 17:00:00,95.0,0.3,52.0
2024-07-18 18:00:00,119.0,0.3,53.25
2024-07-18 19:00:00,190.0,0.3,41.25
2024-07-18 20:00:00,212.0,0.3,34.0
2024-07-18 21:00:00,257.0,0.3,30.25
2024-07-18 22:00:00,273.0,0.3,23.5
2024-07-18 23:00:00,219.0,0.3,40.0
2024-07-19 00:00:00,173.0,0.3,40.0
2024-07-19 01:00:00,239.0,0.3,38.25
2024-07-19 02:00:00,307.0,0.3,18.0
2024-07-19 03:00:00,385.0,0.3,18.0
2024-07-19 04:00:00,315.0,0.3,19.0
2024-07-19 05:00:00,217.0,0.3,17.5
2024-07-19 06:00:00,208.0,0.3,22.0
2024-07-19 07:00:00,173.0,0.3,24.5
2024-07-19 08:00:00,208.0,0.3,38.25
2024-07-19 09:00:00,233.0,0.3,38.5
2024-07-19 10:00:00,193.0,0.3,38.5
2024-07-19 11:00:00,224.0,0.3,29.25
2024-07-19 12:00:00,226.0,0.3,38.75
2024-07-19 13:00:00,194.0,0.3,33.75
2024-07-19 14:00:00,162.0,0.3,33.0
2024-07-19 15:00:00,96.0,0.3,64.5
2024-07-19 16:00:00,73.0,0.3,59.75
2024-07-19 17:00:00,139.0,0.3,29.5
2024-07-19 18:00:00,162.0,0.3,34.0
2024-07-19 19:00:00,234.0,0.3,40.0
2024-07-19 20:00:00,221.0,0.3,40.5
2024-07-19 21:00:00,213.0,0.3,30.5
2024-07-19 22:00:00,136.0,0.3,33.5
2024-07-19 23:00:00,84.0,0.3,27.5
2024-07-20 00:00:00,59.0,0.3,39.33
2024-07-20 01:00:00,118.0,0.3,24.75
2024-07-20 02:00:00,134.0,0.3,16.5
2024-07-20 03:00:00,163.0,0.3,50.0
2024-07-20 04:00:00,132.0,0.3,35.25
2024-07-20 05:00:00,95.0,0.3,51.0
2024-07-20 06:00:00,91.0,0.3,25.75
2024-07-20 07:00:00,61.0,0.3,32.0
2024-07-20 08:00:00,80.0,0.3,33.25
2024-07-20 09:00:00,106.0,0.3,36.75
2024-07-20 10:00:00,140.0,0.3,39.75
2024-07-20 11:00:00,205.0,0.3,42.75
2024-07-20 12:00:00,249.0,0.3,74.75
2024-07-20 13:00:00,143.0,0.3,28.5
2024-07-20 14:00:00,139.0,0.3,29.25
2024-07-20 15:00:00,59.0,0.3,28.5
2024-07-20 16:00:00,73.0,0.3,55.0
2024-07-20 17:00:00,211.0,0.3,31.5
2024-07-20 18:00:00,147.0,0.3,38.5
2024-07-20 19:00:00,202.0,0.3,36.75
2024-07-20 20:00:00,213.0,0.3,24.0
2024-07-20 21:00:00,152.0,0.3,19.25
2024-07-20 22:00:00,144.0,0.3,27.75
2024-07-20 23:00:00,101.0,0.3,40.25
2024-07-21 00:00:00,96.0,0.3,26.0
2024-07-21 01:00:00,144.0,0.3,31.5
2024-07-21 02:00:00,133.0,0.3,22.0
2024-07-21 03:00:00,173.0,0.3,34.5
2024-07-21 04:00:00,140.0,0.3,29.25
2024-07-21 05:00:00,108.0,0.3,47.0
2024-07-21 06:00:00,83.0,0.3,47.75
2024-07-21 07:00:00,55.0,0.3,43.75
2024-07-21 08:00:00,39.0,0.3,46.0
2024-07-21 09:00:00,102.0,0.3,36.0
2024-07-21 10:00:00,122.0,0.3,38.25
2024-07-21 11:00:00,150.0,0.3,40.75
2024-07-21 12:00:00,180.0,0.3,26.75
2024-07-21 13:00:00,206.0,0.3,50.75
2024-07-21 14:00:00,205.0,0.3,25.5
2024-07-21 15:00:00,144.0,0.3,36.5
2024-07-21 16:00:00,118.0,0.3,58.5
2024-07-21 17:00:00,162.0,0.3,38.0
2024-07-21 18:00:00,135.0,0.3,38.0
2024-07-21 19:00:00,160.0,0.3,26.75
2024-07-21 20:00:00,151.0,0.3,32.33
2024-07-21 21:00:00,105.0,0.3,31.75
2024-07-21 22:00:00,103.0,0.3,49.25
2024-07-21 23:00:00,46.0,0.3,37.5
2024-07-22 00:00:00,24.0,0.3,28.5
2024-07-22 01:00:00,70.0,0.3,33.5
2024-07-22 02:00:00,75.0,0.3,27.5
2024-07-22 03:00:00,143.0,0.3,22.75
2024-07-22 04:00:00,129.0,0.3,33.5
2024-07-22 05:00:00,96.0,0.3,44.75
2024-07-22 06:00:00,96.0,0.3,43.25
2024-07-22 07:00:00,55.0,0.3,49.0
2024-07-22 08:00:00,48.0,0.3,69.25
2024-07-22 09:00:00,108.0,0.3,56.75
2024-07-22 10:00:00,134.0,0.3,41.75
2024-07-22 11:00:00,152.0,0.3,73.25
2024-07-22 12:00:00,177.0,0.3,41.75
2024-07-22 13:00:00,158.0,0.32,52.0
2024-07-22 14:00:00,155.0,0.3,29.5
2024-07-22 15:00:00,34.0,0.3,37.75
2024-07-22 16:00:00,139.0,0.3,22.75
2024-07-22 17:00:00,199.0,0.3,32.75
2024-07-22 18:00:00,166.0,0.3,22.75
2024-07-22 19:00:00,257.0,0.3,26.25
2024-07-22 20:00:00,223.0,0.3,18.25
2024-07-22 21:00:00,172.0,0.3,19.5
2024-07-22 22:00:00,207.0,0.3,34.0
2024-07-22 23:00:00,161.0,0.3,24.5
2024-07-23 00:00:00,160.0,0.3,17.5
2024-07-23 01:00:00,186.0,0.3,17.0
2024-07-23 02:00:00,174.0,0.3,25.75
2024-07-23 03:00:00,147.0,0.3,35.0
2024-07-23 04:00:00,138.0,0.3,22.5
2024-07-23 05:00:00,110.0,0.3,32.25
2024-07-23 06:00:00,66.0,0.3,31.0
2024-07-23 07:00:00,30.0,0.3,25.25
2024-07-23 08:00:00,41.0,0.3,27.5
2024-07-23 09:00:00,102.0,0.3,43.0
2024-07-23 10:00:00,118.0,0.3,28.25
2024-07-23 11:00:00,177.0,0.3,60.5
2024-07-23 12:00:00,184.0,0.3,40.25
2024-07-23 13:00:00,191.0,0.3,35.25
2024-07-23 14:00:00,90.0,0.3,50.5
2024-07-23 15:00:00,122.0,0.3,37.5
2024-07-23 16:00:00,28.0,0.3,29.25
2024-07-23 17:00:00,206.0,0.3,20.25
2024-07-23 18:00:00,108.0,0.3,25.75
2024-07-23 19:00:00,193.0,0.3,18.75
2024-07-23 20:00:00,232.0,0.3,14.75
2024-07-23 21:00:00,287.0,0.3,18.75
2024-07-23 22:00:00,218.0,0.3,39.75
2024-07-23 23:00:00,125.0,0.3,66.25
2024-07-24 00:00:00,143.0,0.3,40.25
2024-07-24 01:00:00,146.0,0.3,21.5
2024-07-24 02:00:00,171.0,0.3,36.25
2024-07-24 03:00:00,213.0,0.3,46.75
2024-07-24 04:00:00,169.0,0.3,131.0
2024-07-24 05:00:00,127.0,0.3,55.5
2024-07-24 06:00:00,228.0,0.3,42.5
2024-07-24 07:00:00,107.0,0.3,110.25
2024-07-24 08:00:00,9.0,0.3,86.0
2024-07-24 09:00:00,17.0,0.3,13.75
2024-07-24 10:00:00,56.0,0.3,37.25
2024-07-24 11:00:00,122.0,0.3,52.5
2024-07-24 12:00:00,155.0,0.3,53.75
2024-07-24 13:00:00,162.0,0.3,25.75
2024-07-24 14:00:00,235.0,0.3,70.75
2024-07-24 15:00:00,185.0,0.3,54.75
2024-07-24 16:00:00,219.66666666666666,0.3,62.0
2024-07-24 17:00:00,254.33333333333331,0.3,80.75
2024-07-24 18:00:00,289.0,0.3,50.25
2024-07-24 19:00:00,269.25,0.3,32.75
2024-07-24 20:00:00,249.5,0.3,43.5
2024-07-24 21:00:00,229.75,0.3,30.75
2024-07-24 22:00:00,210.0,0.3,41.5
2024-07-24 23:00:00,179.0,0.3,41.5
2024-07-25 00:00:00,147.0,0.3,19.0
2024-07-25 01:00:00,112.0,0.3,29.75
2024-07-25 02:00:00,72.0,0.3,24.5
2024-07-25 03:00:00,86.0,0.3,33.0
2024-07-25 04:00:00,77.0,0.3,20.5
2024-07-25 05:00:00,61.0,0.3,28.0
2024-07-25 06:00:00,77.0,0.3,27.0
2024-07-25 07:00:00,13.0,0.3,36.0
2024-07-25 08:00:00,18.5,0.3,25.25
2024-07-25 09:00:00,24.0,0.3,32.25
2024-07-25 10:00:00,30.0,0.3,34.5
2024-07-25 11:00:00,50.0,0.3,36.5
2024-07-25 12:00:00,56.0,0.3,60.25
2024-07-25 13:00:00,59.0,0.3,63.25
2024-07-25 14:00:00,47.0,0.3,66.75
2024-07-25 15:00:00,133.0,0.3,36.25
2024-07-25 16:00:00,61.0,0.3,36.75
2024-07-25 17:00:00,195.0,0.3,31.5
2024-07-25 18:00:00,151.0,0.3,38.0
2024-07-25 19:00:00,92.0,0.3,26.0
2024-07-25 20:00:00,72.0,0.3,34.0
2024-07-25 21:00:00,63.0,0.3,29.5
2024-07-25 22:00:00,62.5,0.3,37.75
2024-07-25 23:00:00,62.0,0.3,22.75
2024-07-26 00:00:00,77.0,0.3,36.0
2024-07-26 01:00:00,92.0,0.3,44.5
2024-07-26 02:00:00,83.0,0.3,32.25
2024-07-26 03:00:00,135.0,0.3,38.0
2024-07-26 04:00:00,84.0,0.3,35.75
2024-07-26 05:00:00,58.0,0.3,60.0
2024-07-26 06:00:00,56.0,0.3,113.5
2024-07-26 07:00:00,39.0,0.3,118.75
2024-07-26 08:00:00,38.5,0.3,52.25
2024-07-26 09:00:00,38.0,0.3,96.5
2024-07-26 10:00:00,100.0,0.3,40.5
2024-07-26 11:00:00,97.0,0.3,40.5
2024-07-26 12:00:00,119.0,0.3,27.25
2024-07-26 13:00:00,158.0,0.3,23.25
2024-07-26 14:00:00,139.0,0.3,101.75
2024-07-26 15:00:00,179.0,0.3,31.0
2024-07-26 16:00:00,130.0,0.3,35.5
2024-07-26 17:00:00,153.0,0.3,57.5
2024-07-26 18:00:00,126.0,0.3,16.0
2024-07-26 19:00:00,99.0,0.3,24.5
2024-07-26 20:00:00,127.0,0.3,26.0
2024-07-26 21:00:00,173.0,0.3,23.25
2024-07-26 22:00:00,163.0,0.3,36.75
2024-07-26 23:00:00,185.0,0.3,48.75
2024-07-27 00:00:00,85.0,0.3,21.0
2024-07-27 01:00:00,83.0,0.3,22.0
2024-07-27 02:00:00,78.0,0.3,16.0
2024-07-27 03:00:00,90.0,0.3,30.0
2024-07-27 04:00:00,33.0,0.3,32.5
2024-07-27 05:00:00,59.0,0.3,23.5
2024-07-27 06:00:00,62.0,0.3,25.0
2024-07-27 07:00:00,33.0,0.3,22.5
2024-07-27 08:00:00,51.0,0.3,37.0
2024-07-27 09:00:00,110.0,0.3,36.5
2024-07-27 10:00:00,96.0,0.3,71.5
2024-07-27 11:00:00,100.0,0.3,29.5
2024-07-27 12:00:00,94.0,0.3,87.0
2024-07-27 13:00:00,99.0,0.3,34.5
2024-07-27 14:00:00,83.0,0.3,51.25
2024-07-27 15:00:00,67.0,0.3,41.25
2024-07-27 16:00:00,51.0,0.3,40.5
2024-07-27 17:00:00,47.0,0.3,22.75
2024-07-27 18:00:00,100.0,0.3,44.5
2024-07-27 19:00:00,177.0,0.3,113.25
2024-07-27 20:00:00,83.0,0.3,46.5
2024-07-27 21:00:00,96.0,0.3,50.5
2024-07-27 22:00:00,92.0,0.3,43.5
2024-07-27 23:00:00,67.0,0.3,44.0
2024-07-28 00:00:00,47.0,0.3,34.5
2024-07-28 01:00:00,27.0,0.3,43.0
2024-07-28 02:00:00,62.0,0.3,35.0
2024-07-28 03:00:00,52.0,0.3,30.5
2024-07-28 04:00:00,61.0,0.3,26.75
2024-07-28 05:00:00,161.0,0.3,20.0
2024-07-28 06:00:00,191.0,0.3,38.5
2024-07-28 07:00:00,149.0,0.3,32.25
2024-07-28 08:00:00,133.0,0.3,40.0
2024-07-28 09:00:00,73.0,0.3,36.25
2024-07-28 10:00:00,59.5,0.3,43.75
2024-07-28 11:00:00,46.0,0.3,44.25
2024-07-28 12:00:00,46.0,0.3,39.25
2024-07-28 13:00:00,45.0,0.3,55.0
2024-07-28 14:00:00,33.0,0.3,38.0
2024-07-28 15:00:00,110.0,0.3,52.5
2024-07-28 16:00:00,96.0,0.3,32.5
2024-07-28 17:00:00,55.0,0.3,47.0
2024-07-28 18:00:00,48.0,0.3,38.5
2024-07-28 19:00:00,40.0,0.3,36.5
2024-07-28 20:00:00,34.5,0.3,55.5
2024-07-28 21:00:00,29.0,0.3,36.5
2024-07-28 22:00:00,36.0,0.3,30.5
2024-07-28 23:00:00,33.0,0.3,38.25
2024-07-29 00:00:00,40.0,0.3,37.0
2024-07-29 01:00:00,103.0,0.3,27.75
2024-07-29 02:00:00,57.0,0.3,30.25
2024-07-29 03:00:00,45.0,0.3,41.25
2024-07-29 04:00:00,33.0,0.3,35.5
2024-07-29 05:00:00,38.0,0.3,26.0
2024-07-29 06:00:00,33.0,0.3,30.5
2024-07-29 07:00:00,28.0,0.3,46.5
2024-07-29 08:00:00,19.0,0.3,46.5
2024-07-29 09:00:00,39.0,0.3,38.25
2024-07-29 10:00:00,53.0,0.3,38.5
2024-07-29 11:00:00,139.0,0.3,33.25
2024-07-29 12:00:00,91.0,0.3,28.5
2024-07-29 13:00:00,83.0,0.3,47.75
2024-07-29 14:00:00,62.0,0.3,33.5
2024-07-29 15:00:00,42.0,0.3,29.0
2024-07-29 16:00:00,32.5,0.3,40.25
2024-07-29 17:00:00,23.0,0.3,43.33
2024-07-29 18:00:00,90.0,0.3,36.25
2024-07-29 19:00:00,72.0,0.3,30.0
2024-07-29 20:00:00,81.0,0.3,44.5
2024-07-29 21:00:00,153.0,0.3,33.25
2024-07-29 22:00:00,103.0,0.3,32.5
2024-07-29 23:00:00,84.0,0.3,27.75
2024-07-30 00:00:00,84.0,0.3,21.5
2024-07-30 01:00:00,75.0,0.3,26.5
2024-07-30 02:00:00,56.5,0.3,23.5
2024-07-30 03:00:00,38.0,0.3,52.75
2024-07-30 04:00:00,50.0,0.3,25.5
2024-07-30 05:00:00,41.0,0.3,29.0
2024-07-30 06:00:00,68.0,0.3,36.0
2024-07-30 07:00:00,122.0,0.3,32.5
2024-07-30 08:00:00,80.0,0.3,50.5
2024-07-30 09:00:00,63.0,0.3,30.5
2024-07-30 10:00:00,63.0,0.3,49.75
2024-07-30 11:00:00,56.0,0.3,61.0
2024-07-30 12:00:00,42.5,0.3,38.5
2024-07-30 13:00:00,29.0,0.3,38.5
2024-07-30 14:00:00,55.0,0.3,58.5
2024-07-30 15:00:00,52.0,0.3,36.0
2024-07-30 16:00:00,102.0,0.3,20.25
2024-07-30 17:00:00,179.0,0.3,34.5
2024-07-30 18:00:00,164.0,0.3,70.0
2024-07-30 19:00:00,58.0,0.3,61.75
2024-07-30 20:00:00,77.0,0.3,66.0
2024-07-30 21:00:00,96.0,0.3,87.25
2024-07-30 22:00:00,76.5,0.3,71.0
2024-07-30 23:00:00,57.0,0.3,60.0
2024-07-31 00:00:00,88.0,0.3,57.5
2024-07-31 01:00:00,90.0,0.3,56.0
2024-07-31 02:00:00,91.0,0.3,56.25
2024-07-31 03:00:00,129.0,0.3,64.5
2024-07-31 04:00:00,91.0,0.3,80.75
2024-07-31 05:00:00,89.0,0.3,84.5
2024-07-31 06:00:00,95.0,0.3,64.5
2024-07-31 07:00:00,94.0,0.3,80.75
2024-07-31 08:00:00,91.5,0.3,71.0
2024-07-31 09:00:00,89.0,0.3,108.5
2024-07-31 10:00:00,117.0,0.3,140.0
2024-07-31 11:00:00,110.0,0.3,117.5
2024-07-31 12:00:00,106.0,0.3,68.5
2024-07-31 13:00:00,218.0,0.3,111.5
2024-07-31 14:00:00,160.0,0.3,97.5
2024-07-31 15:00:00,167.0,0.3,70.0
2024-07-31 16:00:00,129.0,0.3,94.33
2024-07-31 17:00:00,112.0,0.3,92.15590909090909
2024-07-31 18:00:00,41.0,0.3,89.98181818181818
2024-07-31 19:00:00,200.0,0.3,87.80772727272728
2024-07-31 20:00:00,40.0,,
2024-07-31 21:00:00,13.0,,
2024-07-31 22:00:00,33.0,,
2024-07-31 23:00:00,75.0,,
2024-08-01 00:00:00,31.0,,
2024-08-01 01:00:00,18.0,,
2024-08-01 02:00:00,18.4,,
2024-08-01 03:00:00,18.8,,
2024-08-01 04:00:00,19.2,,
2024-08-01 05:00:00,,,
2024-08-01 06:00:00,20.0,,
2024-08-01 07:00:00,6.0,,
2024-08-01 08:00:00,3.0,,
2024-08-01 09:00:00,84.0,,
2024-08-01 10:00:00,40.0,,
2024-08-01 11:00:00,29.0,,
2024-08-01 12:00:00,44.0,,
2024-08-01 13:00:00,30.0,,
2024-08-01 14:00:00,22.0,0.3,46.5
2024-08-01 15:00:00,14.0,0.3,47.17
2024-08-01 16:00:00,28.0,0.3,36.25
2024-08-01 17:00:00,29.25,0.3,36.05882352941177
2024-08-01 18:00:00,30.5,0.3,35.86764705882353
2024-08-01 19:00:00,31.75,0.3,35.6764705882353
2024-08-01 20:00:00,,,
2024-08-01 21:00:00,,,
2024-08-01 22:00:00,,,
2024-08-01 23:00:00,,,
2024-08-02 00:00:00,,,
2024-08-02 01:00:00,,,
2024-08-02 02:00:00,,,
2024-08-02 03:00:00,,,
2024-08-02 04:00:00,,,
2024-08-02 05:00:00,,,
2024-08-02 06:00:00,,,
2024-08-02 07:00:00,,,
2024-08-02 08:00:00,48.0,,
2024-08-02 09:00:00,46.0,0.3,33.0
2024-08-02 10:00:00,48.0,0.3,35.5
2024-08-02 11:00:00,50.0,0.3,36.5
2024-08-02 12:00:00,68.0,0.3,37.5
2024-08-02 13:00:00,48.0,0.3,43.5
2024-08-02 14:00:00,47.0,0.3,40.083333333333336
2024-08-02 15:00:00,46.0,0.3,36.666666666666664
2024-08-02 16:00:00,45.0,0.3,33.25
2024-08-02 17:00:00,,,
2024-08-02 18:00:00,,,
2024-08-02 19:00:00,42.0,0.3,23.0
2024-08-02 20:00:00,61.66666666666667,0.35,23.5
2024-08-02 21:00:00,81.33333333333334,0.4,24.0
2024-08-02 22:00:00,101.0,0.45,24.5
2024-08-02 23:00:00,93.6,0.43125,25.75
2024-08-03 00:00:00,86.2,0.4125,27.0
2024-08-03 01:00:00,78.8,0.39375,28.25
2024-08-03 02:00:00,,,
2024-08-03 03:00:00,,,
2024-08-03 04:00:00,,,
2024-08-03 05:00:00,,,
2024-08-03 06:00:00,,0.3,34.5
2024-08-03 07:00:00,,0.3,37.25
2024-08-03 08:00:00,27.0,0.3,40.0
2024-08-03 09:00:00,27.0,0.3,41.5
2024-08-03 10:00:00,45.0,0.3,40.0
2024-08-03 11:00:00,47.0,0.3,42.25
2024-08-03 12:00:00,127.0,0.3,42.25
2024-08-03 13:00:00,237.0,0.3,45.0
2024-08-03 14:00:00,112.0,0.3,42.0
2024-08-03 15:00:00,121.0,0.3,42.0
2024-08-03 16:00:00,114.0,0.3,49.0
2024-08-03 17:00:00,157.0,0.3,48.75
2024-08-03 18:00:00,138.0,0.3,39.75
2024-08-03 19:00:00,149.0,0.3,38.0
2024-08-03 20:00:00,128.0,0.3,39.25
2024-08-03 21:00:00,88.0,0.3,41.0
2024-08-03 22:00:00,84.0,0.3,35.25
2024-08-03 23:00:00,94.0,0.3,33.25
2024-08-04 00:00:00,101.0,0.3,29.75
2024-08-04 01:00:00,86.0,0.3,24.0
2024-08-04 02:00:00,91.0,0.3,23.0
2024-08-04 03:00:00,73.0,0.3,28.33
2024-08-04 04:00:00,63.0,0.3,32.0
2024-08-04 05:00:00,57.0,0.3,29.75
2024-08-04 06:00:00,72.0,0.3,37.5
2024-08-04 07:00:00,48.0,0.3,42.75
2024-08-04 08:00:00,53.0,0.3,42.5
2024-08-04 09:00:00,84.0,0.3,45.5
2024-08-04 10:00:00,95.0,0.3,49.75
2024-08-04 11:00:00,100.0,0.3,48.75
2024-08-04 12:00:00,215.0,0.3,44.75
2024-08-04 13:00:00,175.0,0.3,43.25
2024-08-04 14:00:00,108.0,0.3,45.25
2024-08-04 15:00:00,123.0,0.3,42.0
2024-08-04 16:00:00,122.0,0.3,53.25
2024-08-04 17:00:00,190.0,0.3,59.0
2024-08-04 18:00:00,195.0,0.3,50.0
2024-08-04 19:00:00,153.0,0.3,48.25
2024-08-04 20:00:00,61.0,0.3,34.25
2024-08-04 21:00:00,96.0,0.3,34.0
2024-08-04 22:00:00,90.0,0.3,37.5
2024-08-04 23:00:00,79.0,0.3,39.25
2024-08-05 00:00:00,79.0,0.3,39.5
2024-08-05 01:00:00,66.0,0.3,37.75
2024-08-05 02:00:00,55.0,0.3,41.5
2024-08-05 03:00:00,50.0,0.3,42.75
2024-08-05 04:00:00,46.0,0.3,37.0
2024-08-05 05:00:00,61.0,0.3,42.75
2024-08-05 06:00:00,72.0,0.3,47.75
2024-08-05 07:00:00,61.0,0.3,49.5
2024-08-05 08:00:00,61.0,0.3,50.75
2024-08-05 09:00:00,68.0,0.3,49.0
2024-08-05 10:00:00,77.0,0.3,46.25
2024-08-05 11:00:00,178.0,0.3,46.75
2024-08-05 12:00:00,140.0,0.3,43.5
2024-08-05 13:00:00,70.0,0.3,43.0
2024-08-05 14:00:00,114.0,0.3,47.5
2024-08-05 15:00:00,78.0,0.3,39.25
2024-08-05 16:00:00,108.0,0.3,46.5
2024-08-05 17:00:00,66.0,0.3,40.0
2024-08-05 18:00:00,63.0,0.3,38.5
2024-08-05 19:00:00,85.0,0.3,35.5
2024-08-05 20:00:00,96.0,0.3,40.5
2024-08-05 21:00:00,100.0,0.3,41.0
2024-08-05 22:00:00,99.0,0.3,38.5
2024-08-05 23:00:00,84.0,0.3,39.5
2024-08-06 00:00:00,70.0,0.3,37.5
2024-08-06 01:00:00,59.0,0.3,47.5
2024-08-06 02:00:00,56.0,0.3,38.5
2024-08-06 03:00:00,50.0,0.3,41.0
2024-08-06 04:00:00,42.0,0.3,39.75
2024-08-06 05:00:00,55.0,0.3,38.0
2024-08-06 06:00:00,55.0,0.3,42.75
2024-08-06 07:00:00,56.0,0.3,39.0
2024-08-06 08:00:00,105.0,0.3,46.5
2024-08-06 09:00:00,85.0,0.3,84.0
2024-08-06 10:00:00,157.0,0.3,76.0
2024-08-06 11:00:00,229.0,0.3,60.5
2024-08-06 12:00:00,399.0,0.3,58.25
2024-08-06 13:00:00,178.0,0.3,60.0
2024-08-06 14:00:00,168.0,0.3,54.75
2024-08-06 15:00:00,95.0,0.3,45.75
2024-08-06 16:00:00,207.0,0.3,74.5
2024-08-06 17:00:00,324.0,0.3,46.5
2024-08-06 18:00:00,135.0,0.3,63.0
2024-08-06 19:00:00,136.0,0.3,89.5
2024-08-06 20:00:00,240.0,0.3,70.0
2024-08-06 21:00:00,149.0,0.3,78.75
2024-08-06 22:00:00,155.0,0.3,69.5
2024-08-06 23:00:00,129.0,0.3,83.0
2024-08-07 00:00:00,153.0,0.3,92.5
2024-08-07 01:00:00,90.0,0.3,87.25
2024-08-07 02:00:00,95.0,0.3,84.5
2024-08-07 03:00:00,103.0,0.3,57.5
2024-08-07 04:00:00,64.0,0.3,80.75
2024-08-07 05:00:00,107.0,0.3,65.75
2024-08-07 06:00:00,89.0,0.3,46.75
2024-08-07 07:00:00,73.0,0.3,40.75
2024-08-07 08:00:00,75.0,0.3,47.0
2024-08-07 09:00:00,105.0,0.3,81.0
2024-08-07 10:00:00,200.0,0.3,46.25
2024-08-07 11:00:00,97.0,0.3,35.75
2024-08-07 12:00:00,96.0,0.3,58.75
2024-08-07 13:00:00,146.0,0.3,38.75
2024-08-07 14:00:00,83.0,0.3,44.0
2024-08-07 15:00:00,69.0,0.3,38.0
2024-08-07 16:00:00,117.0,0.3,42.5
2024-08-07 17:00:00,81.0,0.3,35.75
2024-08-07 18:00:00,301.0,0.3,38.25
2024-08-07 19:00:00,44.0,0.3,35.75
2024-08-07 20:00:00,38.0,0.3,37.5
2024-08-07 21:00:00,48.0,0.3,35.25
2024-08-07 22:00:00,52.0,0.3,33.0
2024-08-07 23:00:00,52.0,0.3,35.25
2024-08-08 00:00:00,56.0,0.3,33.5
2024-08-08 01:00:00,46.0,0.3,30.5
2024-08-08 02:00:00,51.0,0.3,30.75
2024-08-08 03:00:00,61.0,0.3,33.0
2024-08-08 04:00:00,50.0,0.3,31.5
2024-08-08 05:00:00,50.0,0.3,28.75
2024-08-08 06:00:00,42.0,0.3,31.0
2024-08-08 07:00:00,44.0,0.3,25.25
2024-08-08 08:00:00,53.0,0.3,33.75
2024-08-08 09:00:00,61.0,0.3,34.0
2024-08-08 10:00:00,74.0,0.3,40.75
2024-08-08 11:00:00,86.0,0.3,37.0
2024-08-08 12:00:00,64.0,0.3,45.25
2024-08-08 13:00:00,63.0,0.3,41.75
2024-08-08 14:00:00,67.0,0.3,38.5
2024-08-08 15:00:00,80.0,0.3,37.0
2024-08-08 16:00:00,45.0,0.3,30.0
2024-08-08 17:00:00,69.0,0.3,35.5
2024-08-08 18:00:00,69.0,0.3,30.25
2024-08-08 19:00:00,72.0,0.3,39.5
2024-08-08 20:00:00,79.0,0.3,32.75
2024-08-08 21:00:00,62.0,0.3,26.75
2024-08-08 22:00:00,68.0,0.3,25.75
2024-08-08 23:00:00,69.0,0.3,32.75
2024-08-09 00:00:00,58.0,0.3,30.0
2024-08-09 01:00:00,59.0,0.3,28.5
2024-08-09 02:00:00,64.0,0.3,31.25
2024-08-09 03:00:00,81.0,0.3,25.75
2024-08-09 04:00:00,116.0,0.3,23.75
2024-08-09 05:00:00,95.0,0.3,26.0
2024-08-09 06:00:00,99.0,0.3,29.25
2024-08-09 07:00:00,78.0,0.3,29.0
2024-08-09 08:00:00,56.0,0.3,34.0
2024-08-09 09:00:00,88.0,0.3,34.75
2024-08-09 10:00:00,78.0,0.3,37.25
2024-08-09 11:00:00,70.0,0.3,42.0
2024-08-09 12:00:00,73.0,0.3,47.25
2024-08-09 13:00:00,78.0,0.3,41.0
2024-08-09 14:00:00,61.0,0.3,42.0
2024-08-09 15:00:00,62.0,0.3,37.75
2024-08-09 16:00:00,119.0,0.3,37.75
2024-08-09 17:00:00,90.0,0.3,54.25
2024-08-09 18:00:00,61.0,0.3,82.25
2024-08-09 19:00:00,59.0,0.3,29.5
2024-08-09 20:00:00,57.0,0.3,47.75
2024-08-09 21:00:00,48.0,0.3,52.0
2024-08-09 22:00:00,52.0,0.3,32.0
2024-08-09 23:00:00,64.0,0.3,33.5
2024-08-10 00:00:00,100.0,0.3,20.0
2024-08-10 01:00:00,141.0,0.3,27.75
2024-08-10 02:00:00,105.0,0.3,35.25
2024-08-10 03:00:00,89.0,0.3,25.0
2024-08-10 04:00:00,110.0,0.3,25.25
2024-08-10 05:00:00,102.0,0.3,55.25
2024-08-10 06:00:00,97.0,0.3,73.25
2024-08-10 07:00:00,99.0,0.3,72.25
2024-08-10 08:00:00,85.0,0.3,121.25
2024-08-10 09:00:00,68.0,0.3,110.5
2024-08-10 10:00:00,75.0,0.3,135.5
2024-08-10 11:00:00,77.0,0.3,143.5
2024-08-10 12:00:00,84.0,0.3,146.5
2024-08-10 13:00:00,75.0,0.3,154.0
2024-08-10 14:00:00,91.0,0.3,142.25
2024-08-10 15:00:00,70.0,0.3,111.25
2024-08-10 16:00:00,77.0,0.3,167.25
2024-08-10 17:00:00,88.0,0.3,174.0
2024-08-10 18:00:00,80.0,0.3,175.25
2024-08-10 19:00:00,101.0,0.3,176.0
2024-08-10 20:00:00,90.0,0.3,175.75
2024-08-10 21:00:00,83.0,0.3,176.0
2024-08-10 22:00:00,100.0,0.3,176.0
2024-08-10 23:00:00,92.0,0.3,174.25
2024-08-11 00:00:00,108.0,0.3,176.0
2024-08-11 01:00:00,86.0,0.3,175.0
2024-08-11 02:00:00,78.0,0.3,175.25
2024-08-11 03:00:00,67.0,0.3,175.5
2024-08-11 04:00:00,61.0,0.3,174.0
2024-08-11 05:00:00,75.0,0.3,175.75
2024-08-11 06:00:00,58.0,0.3,176.0
2024-08-11 07:00:00,85.0,0.3,176.0
2024-08-11 08:00:00,79.0,0.3,174.0
2024-08-11 09:00:00,67.0,0.3,172.25
2024-08-11 10:00:00,75.0,0.3,171.75
2024-08-11 11:00:00,70.0,0.3,175.0
2024-08-11 12:00:00,84.0,0.3,175.5
2024-08-11 13:00:00,80.0,0.3,174.5
2024-08-11 14:00:00,59.0,0.3,175.75
2024-08-11 15:00:00,96.0,0.3,175.67
2024-08-11 16:00:00,78.66666666666667,0.3,173.25
2024-08-11 17:00:00,61.333333333333336,0.3,174.5
2024-08-11 18:00:00,44.0,0.3,173.75
2024-08-11 19:00:00,75.0,0.3,174.75
2024-08-11 20:00:00,116.0,0.3,170.25
2024-08-11 21:00:00,53.0,0.3,174.75
2024-08-11 22:00:00,44.0,0.3,210.5
2024-08-11 23:00:00,59.0,0.3,358.75
2024-08-12 00:00:00,68.0,0.3,346.75
2024-08-12 01:00:00,59.0,0.3,358.0
2024-08-12 02:00:00,69.0,0.3,359.0
2024-08-12 03:00:00,79.0,0.3,357.0
2024-08-12 04:00:00,41.0,0.3,351.75
2024-08-12 05:00:00,69.0,0.3,354.25
2024-08-12 06:00:00,58.0,0.3,355.25
2024-08-12 07:00:00,74.0,0.3,355.5
2024-08-12 08:00:00,95.0,0.3,355.0
2024-08-12 09:00:00,90.0,0.3,321.0
2024-08-12 10:00:00,81.0,0.3,330.75
2024-08-12 11:00:00,67.0,0.3,313.33
2024-08-12 12:00:00,68.0,0.3,336.5
2024-08-12 13:00:00,63.0,0.3,331.75
2024-08-12 14:00:00,85.0,0.3,340.5
2024-08-12 15:00:00,67.0,0.3,359.0
2024-08-12 16:00:00,103.0,0.3,350.75
2024-08-12 17:00:00,123.0,0.3,352.5
2024-08-12 18:00:00,143.0,0.3,355.25
2024-08-12 19:00:00,112.0,0.3,335.25
2024-08-12 20:00:00,139.0,0.3,352.25
2024-08-12 21:00:00,136.0,0.3,357.75
2024-08-12 22:00:00,79.0,0.3,345.25
2024-08-12 23:00:00,52.0,0.3,351.25
2024-08-13 00:00:00,75.0,0.3,332.75
2024-08-13 01:00:00,91.0,0.3,346.0
2024-08-13 02:00:00,80.0,0.3,350.25
2024-08-13 03:00:00,69.0,0.3,352.0
2024-08-13 04:00:00,66.0,0.3,345.75
2024-08-13 05:00:00,69.0,0.3,345.25
2024-08-13 06:00:00,54.0,0.3,346.5
2024-08-13 07:00:00,39.0,0.3,333.0
2024-08-13 08:00:00,44.0,0.3,330.0
2024-08-13 09:00:00,45.0,0.3,343.75
2024-08-13 10:00:00,50.0,0.3,348.0
2024-08-13 11:00:00,157.0,0.3,338.5
2024-08-13 12:00:00,127.0,0.3,341.5
2024-08-13 13:00:00,100.0,0.3,346.0
2024-08-13 14:00:00,68.0,0.3,352.25
2024-08-13 15:00:00,112.0,0.3,359.0
2024-08-13 16:00:00,3.0,0.3,357.0
2024-08-13 17:00:00,52.0,0.3,355.25
2024-08-13 18:00:00,74.0,0.3,357.75
2024-08-13 19:00:00,94.0,0.3,359.0
2024-08-13 20:00:00,112.0,0.3,359.0
2024-08-13 21:00:00,189.0,0.3,356.5
2024-08-13 22:00:00,129.0,0.3,359.0
2024-08-13 23:00:00,152.0,0.3,351.5
2024-08-14 00:00:00,139.0,0.3,343.25
2024-08-14 01:00:00,128.0,0.3,350.0
2024-08-14 02:00:00,14.0,0.3,339.0
2024-08-14 03:00:00,84.0,0.3,354.5
2024-08-14 04:00:00,83.0,0.3,349.25
2024-08-14 05:00:00,119.0,0.3,353.5
2024-08-14 06:00:00,100.0,0.3,358.5
2024-08-14 07:00:00,218.0,0.3,351.0
2024-08-14 08:00:00,191.0,0.3,343.25
2024-08-14 09:00:00,151.0,0.3,342.25
2024-08-14 10:00:00,182.0,0.3,339.5
2024-08-14 11:00:00,143.0,0.3,351.5
2024-08-14 12:00:00,144.5,0.3,353.25
2024-08-14 13:00:00,146.0,0.3,346.5
2024-08-14 14:00:00,78.0,0.3,356.33
2024-08-14 15:00:00,123.0,0.3,355.25
2024-08-14 16:00:00,89.0,0.3,355.0
2024-08-14 17:00:00,178.0,0.3,353.5
2024-08-14 18:00:00,117.0,0.3,358.5
2024-08-14 19:00:00,135.0,0.3,350.25
2024-08-14 20:00:00,133.0,0.3,359.0
2024-08-14 21:00:00,171.0,0.3,359.0
2024-08-14 22:00:00,33.0,0.3,359.0
2024-08-14 23:00:00,118.0,0.3,357.5
2024-08-15 00:00:00,103.0,0.3,357.0
2024-08-15 01:00:00,99.0,0.3,347.5
2024-08-15 02:00:00,64.0,0.3,358.5
2024-08-15 03:00:00,161.0,0.3,358.25
2024-08-15 04:00:00,95.0,0.3,358.5
2024-08-15 05:00:00,62.0,0.3,358.25
2024-08-15 06:00:00,102.0,0.3,357.25
2024-08-15 07:00:00,66.0,0.3,359.0
2024-08-15 08:00:00,64.5,0.3,356.25
2024-08-15 09:00:00,63.0,0.3,357.75
2024-08-15 10:00:00,69.0,0.3,358.25
2024-08-15 11:00:00,90.0,0.3,355.25
2024-08-15 12:00:00,91.0,0.3,358.25
2024-08-15 13:00:00,129.0,0.3,358.75
2024-08-15 14:00:00,108.0,0.3,356.75
2024-08-15 15:00:00,69.0,0.3,359.0
2024-08-15 16:00:00,66.0,0.3,359.0
2024-08-15 17:00:00,160.0,0.3,358.5
2024-08-15 18:00:00,30.0,0.3,359.0
2024-08-15 19:00:00,229.0,0.3,359.0
2024-08-15 20:00:00,114.0,0.3,359.0
2024-08-15 21:00:00,150.0,0.3,359.0
2024-08-15 22:00:00,173.0,0.3,359.0
2024-08-15 23:00:00,251.0,0.3,359.0
2024-08-16 00:00:00,204.0,0.3,359.0
2024-08-16 01:00:00,208.0,0.3,359.0
2024-08-16 02:00:00,162.0,0.3,359.0
2024-08-16 03:00:00,124.0,0.3,359.0
2024-08-16 04:00:00,9.0,0.3,359.0
2024-08-16 05:00:00,90.0,0.3,359.0
2024-08-16 06:00:00,164.0,0.3,359.0
2024-08-16 07:00:00,116.0,0.3,357.75
2024-08-16 08:00:00,113.0,0.3,358.75
2024-08-16 09:00:00,180.0,0.3,358.25
2024-08-16 10:00:00,116.0,0.3,359.0
2024-08-16 11:00:00,86.0,0.3,359.0
2024-08-16 12:00:00,106.0,0.3,359.0
2024-08-16 13:00:00,94.0,0.3,359.0
2024-08-16 14:00:00,87.5,0.3,359.0
2024-08-16 15:00:00,81.0,0.3,359.0
2024-08-16 16:00:00,74.0,0.3,359.0
2024-08-16 17:00:00,86.0,0.3,359.0
2024-08-16 18:00:00,89.0,0.3,359.0
2024-08-16 19:00:00,180.0,0.3,359.0
2024-08-16 20:00:00,118.0,0.3,359.0
2024-08-16 21:00:00,114.0,0.3,359.0
2024-08-16 22:00:00,149.0,0.3,359.0
2024-08-16 23:00:00,223.0,0.3,359.0
2024-08-17 00:00:00,56.0,0.3,359.0
2024-08-17 01:00:00,171.0,0.3,359.0
2024-08-17 02:00:00,197.0,0.3,359.0
2024-08-17 03:00:00,155.0,0.3,359.0
2024-08-17 04:00:00,161.0,0.3,359.0
2024-08-17 05:00:00,302.0,0.3,359.0
2024-08-17 06:00:00,274.0,0.3,359.0
2024-08-17 07:00:00,164.0,0.3,359.0
2024-08-17 08:00:00,161.0,0.3,359.0
2024-08-17 09:00:00,212.0,0.3,359.0
2024-08-17 10:00:00,86.0,0.3,359.0
2024-08-17 11:00:00,199.0,0.3,359.0
2024-08-17 12:00:00,326.0,0.3,359.0
2024-08-17 13:00:00,233.0,0.3,359.0
2024-08-17 14:00:00,269.0,0.3,359.0
2024-08-17 15:00:00,447.0,0.3,359.0
2024-08-17 16:00:00,404.0,0.3,359.0
2024-08-17 17:00:00,337.0,0.3,359.0
2024-08-17 18:00:00,232.0,0.3,359.0
2024-08-17 19:00:00,186.0,0.3,359.0
2024-08-17 20:00:00,100.0,0.3,359.0
2024-08-17 21:00:00,282.0,0.3,359.0
2024-08-17 22:00:00,359.0,0.3,359.0
2024-08-17 23:00:00,366.0,0.3,359.0
2024-08-18 00:00:00,349.0,0.3,359.0
2024-08-18 01:00:00,334.0,0.3,359.0
2024-08-18 02:00:00,234.0,0.3,359.0
2024-08-18 03:00:00,185.0,0.3,359.0
2024-08-18 04:00:00,190.0,0.3,359.0
2024-08-18 05:00:00,118.0,0.3,359.0
2024-08-18 06:00:00,68.0,0.3,359.0
2024-08-18 07:00:00,180.0,0.3,359.0
2024-08-18 08:00:00,268.0,0.3,359.0
2024-08-18 09:00:00,219.0,0.3,359.0
2024-08-18 10:00:00,455.0,0.3,359.0
2024-08-18 11:00:00,350.0,0.3,359.0
2024-08-18 12:00:00,339.0,0.3,359.0
2024-08-18 13:00:00,66.0,0.3,359.0
2024-08-18 14:00:00,51.0,0.3,359.0
2024-08-18 15:00:00,69.0,0.3,359.0
2024-08-18 16:00:00,82.5,0.3,359.0
2024-08-18 17:00:00,96.0,0.3,359.0
2024-08-18 18:00:00,122.0,0.3,359.0
2024-08-18 19:00:00,128.0,0.3,359.0
2024-08-18 20:00:00,134.0,0.3,359.0
2024-08-18 21:00:00,249.0,0.3,359.0
2024-08-18 22:00:00,259.0,0.3,359.0
2024-08-18 23:00:00,237.0,0.3,359.0
2024-08-19 00:00:00,224.0,0.3,359.0
2024-08-19 01:00:00,183.0,0.3,359.0
2024-08-19 02:00:00,59.0,0.3,359.0
2024-08-19 03:00:00,138.0,0.3,359.0
2024-08-19 04:00:00,110.0,0.3,359.0
2024-08-19 05:00:00,119.0,0.3,359.0
2024-08-19 06:00:00,127.0,0.3,359.0
2024-08-19 07:00:00,222.0,0.3,358.75
2024-08-19 08:00:00,164.0,0.3,359.0
2024-08-19 09:00:00,144.0,0.3,359.0
2024-08-19 10:00:00,122.0,0.3,359.0
2024-08-19 11:00:00,113.0,0.3,359.0
2024-08-19 12:00:00,17.0,0.3,359.0
2024-08-19 13:00:00,111.0,0.3,359.0
2024-08-19 14:00:00,175.0,0.3,358.75
2024-08-19 15:00:00,162.0,0.3,359.0
2024-08-19 16:00:00,234.0,0.3,359.0
2024-08-19 17:00:00,310.0,0.3,359.0
2024-08-19 18:00:00,283.0,0.3,359.0
2024-08-19 19:00:00,58.0,0.3,359.0
2024-08-19 20:00:00,102.0,0.3,359.0
2024-08-19 21:00:00,95.0,0.3,359.0
2024-08-19 22:00:00,56.0,0.3,359.0
2024-08-19 23:00:00,193.0,0.3,359.0
2024-08-20 00:00:00,205.0,0.3,359.0
2024-08-20 01:00:00,179.0,0.3,359.0
2024-08-20 02:00:00,172.0,0.3,359.0
2024-08-20 03:00:00,204.0,0.3,359.0
2024-08-20 04:00:00,147.0,0.3,359.0
2024-08-20 05:00:00,117.0,0.3,359.0
2024-08-20 06:00:00,195.0,0.3,359.0
2024-08-20 07:00:00,234.0,0.3,359.0
2024-08-20 08:00:00,161.33333333333331,0.3,359.0
2024-08-20 09:00:00,88.66666666666666,0.3,359.0
2024-08-20 10:00:00,16.0,0.3,359.0
2024-08-20 11:00:00,38.0,0.3,359.0
2024-08-20 12:00:00,50.0,0.3,359.0
2024-08-20 13:00:00,129.0,0.3,359.0
2024-08-20 14:00:00,97.0,0.3,359.0
2024-08-20 15:00:00,62.0,0.3,359.0
2024-08-20 16:00:00,59.0,0.3,359.0
2024-08-20 17:00:00,74.0,0.3,359.0
2024-08-20 18:00:00,78.5,0.3,359.0
2024-08-20 19:00:00,83.0,0.3,359.0
2024-08-20 20:00:00,169.0,0.3,359.0
2024-08-20 21:00:00,164.0,0.3,359.0
2024-08-20 22:00:00,135.0,0.3,359.0
2024-08-20 23:00:00,240.0,0.3,359.0
2024-08-21 00:00:00,161.0,0.3,359.0
2024-08-21 01:00:00,140.0,0.3,359.0
2024-08-21 02:00:00,108.0,0.3,359.0
2024-08-21 03:00:00,96.0,0.3,359.0
2024-08-21 04:00:00,18.0,0.3,359.0
2024-08-21 05:00:00,97.0,0.3,359.0
2024-08-21 06:00:00,121.0,0.3,359.0
2024-08-21 07:00:00,128.0,0.3,359.0
2024-08-21 08:00:00,112.0,0.3,359.0
2024-08-21 09:00:00,180.0,0.3,359.0
2024-08-21 10:00:00,145.0,0.3,359.0
2024-08-21 11:00:00,102.0,0.3,359.0
2024-08-21 12:00:00,183.0,0.3,359.0
2024-08-21 13:00:00,179.0,0.3,359.0
2024-08-21 14:00:00,75.0,0.3,359.0
2024-08-21 15:00:00,153.0,0.3,359.0
2024-08-21 16:00:00,194.0,0.3,359.0
2024-08-21 17:00:00,235.0,0.3,359.0
2024-08-21 18:00:00,157.0,0.3,358.5
2024-08-21 19:00:00,243.0,0.3,359.0
2024-08-21 20:00:00,256.0,0.3,359.0
2024-08-21 21:00:00,269.0,0.3,359.0
2024-08-21 22:00:00,229.0,0.3,359.0
2024-08-21 23:00:00,138.0,0.3,359.0
2024-08-22 00:00:00,157.0,0.3,359.0
2024-08-22 01:00:00,221.0,0.3,359.0
2024-08-22 02:00:00,261.0,0.3,359.0
2024-08-22 03:00:00,223.0,0.3,359.0
2024-08-22 04:00:00,149.0,0.3,359.0
2024-08-22 05:00:00,228.0,0.3,359.0
2024-08-22 06:00:00,95.0,0.3,359.0
2024-08-22 07:00:00,97.0,0.3,359.0
2024-08-22 08:00:00,197.0,0.3,359.0
2024-08-22 09:00:00,136.0,0.3,359.0
2024-08-22 10:00:00,46.0,0.3,359.0
2024-08-22 11:00:00,174.0,0.3,359.0
2024-08-22 12:00:00,279.0,0.3,359.0
2024-08-22 13:00:00,342.0,0.3,359.0
2024-08-22 14:00:00,426.0,0.3,359.0
2024-08-22 15:00:00,434.0,0.3,359.0
2024-08-22 16:00:00,403.0,0.32,348.25
2024-08-22 17:00:00,357.0,0.3,358.0
2024-08-22 18:00:00,388.0,0.3,301.75
2024-08-22 19:00:00,466.0,0.3,284.0
2024-08-22 20:00:00,398.0,0.3,284.0
2024-08-22 21:00:00,390.0,0.3,284.0
2024-08-22 22:00:00,256.0,0.3,284.0
2024-08-22 23:00:00,291.0,0.3,284.0
2024-08-23 00:00:00,233.0,0.3,284.0
2024-08-23 01:00:00,282.0,0.3,284.0
2024-08-23 02:00:00,150.0,0.3,284.0
2024-08-23 03:00:00,124.0,0.3,284.0
2024-08-23 04:00:00,163.0,0.3,284.0
2024-08-23 05:00:00,227.0,0.3,284.0
2024-08-23 06:00:00,283.0,0.3,284.0
2024-08-23 07:00:00,385.0,0.3,284.0
2024-08-23 08:00:00,172.0,0.3,284.0
2024-08-23 09:00:00,211.0,0.3,284.0
2024-08-23 10:00:00,364.0,0.3,284.0
2024-08-23 11:00:00,304.0,0.3,284.0
2024-08-23 12:00:00,80.0,0.3,284.0
2024-08-23 13:00:00,66.0,0.3,284.0
2024-08-23 14:00:00,58.0,0.3,284.0
2024-08-23 15:00:00,70.0,0.3,282.25
2024-08-23 16:00:00,53.0,0.3,284.67
2024-08-23 17:00:00,36.0,0.3,285.0
2024-08-23 18:00:00,57.0,0.3,64.25
2024-08-23 19:00:00,141.0,0.3,4.0
2024-08-23 20:00:00,189.0,0.3,7.5
2024-08-23 21:00:00,212.0,0.3,10.0
2024-08-23 22:00:00,162.0,0.3,10.0
2024-08-23 23:00:00,224.0,0.3,10.0
2024-08-24 00:00:00,233.0,0.3,10.0
2024-08-24 01:00:00,110.0,0.3,10.0
2024-08-24 02:00:00,17.0,0.3,10.0
2024-08-24 03:00:00,92.0,0.3,10.0
2024-08-24 04:00:00,99.0,0.3,10.0
2024-08-24 05:00:00,134.0,0.3,10.0
2024-08-24 06:00:00,156.0,0.3,10.0
2024-08-24 07:00:00,252.0,0.3,10.0
2024-08-24 08:00:00,206.0,0.3,10.0
2024-08-24 09:00:00,155.0,0.3,10.0
2024-08-24 10:00:00,149.0,0.3,10.0
2024-08-24 11:00:00,157.0,0.3,10.0
2024-08-24 12:00:00,14.0,0.32,9.75
2024-08-24 13:00:00,143.0,0.35,1.0
2024-08-24 14:00:00,175.0,0.57,1.25
2024-08-24 15:00:00,168.0,0.67,47.5
2024-08-24 16:00:00,188.0,1.08,77.5
2024-08-24 17:00:00,300.0,1.27,78.75
2024-08-24 18:00:00,251.0,0.98,60.5
2024-08-24 19:00:00,223.0,0.95,64.5
2024-08-24 20:00:00,262.0,1.02,75.5
2024-08-24 21:00:00,252.0,1.42,72.25
2024-08-24 22:00:00,155.0,1.1,71.5
2024-08-24 23:00:00,304.0,1.38,65.0
2024-08-25 00:00:00,376.0,0.75,55.75
2024-08-25 01:00:00,237.0,1.92,72.75
2024-08-25 02:00:00,83.0,1.37,66.0
2024-08-25 03:00:00,125.0,1.35,64.75
2024-08-25 04:00:00,85.0,1.7,68.25
2024-08-25 05:00:00,63.0,2.25,85.5
2024-08-25 06:00:00,52.0,2.4,90.25
2024-08-25 07:00:00,58.0,2.68,91.0
2024-08-25 08:00:00,50.0,3.0,99.5
2024-08-25 09:00:00,42.0,3.2,101.25
2024-08-25 10:00:00,74.0,3.38,98.25
2024-08-25 11:00:00,91.0,3.28,86.5
2024-08-25 12:00:00,111.0,3.32,97.5
2024-08-25 13:00:00,212.0,4.05,96.75
2024-08-25 14:00:00,129.0,4.03,96.0
2024-08-25 15:00:00,118.0,3.9,94.5
2024-08-25 16:00:00,127.0,4.03,98.0
2024-08-25 17:00:00,127.0,4.03,93.5
2024-08-25 18:00:00,6.0,3.58,85.0
2024-08-25 19:00:00,94.0,2.6,93.0
2024-08-25 20:00:00,125.0,2.08,98.25
2024-08-25 21:00:00,136.0,2.75,87.25
2024-08-25 22:00:00,113.0,3.1,100.0
2024-08-25 23:00:00,184.0,3.08,103.75
2024-08-26 00:00:00,103.0,2.78,99.75
2024-08-26 01:00:00,77.0,2.73,94.67
2024-08-26 02:00:00,53.0,2.65,99.25
2024-08-26 03:00:00,50.0,2.38,88.5
2024-08-26 04:00:00,45.0,2.7,102.0
2024-08-26 05:00:00,40.0,2.33,87.5
2024-08-26 06:00:00,92.0,2.02,85.75
2024-08-26 07:00:00,161.0,2.35,95.75
2024-08-26 08:00:00,173.0,2.85,92.75
2024-08-26 09:00:00,174.0,3.58,98.5
2024-08-26 10:00:00,158.0,3.95,90.75
2024-08-26 11:00:00,111.0,4.42,95.0
2024-08-26 12:00:00,141.0,3.97,100.5
2024-08-26 13:00:00,121.0,3.95,97.5
2024-08-26 14:00:00,68.0,4.15,98.5
2024-08-26 15:00:00,95.0,3.4,109.5
2024-08-26 16:00:00,95.0,2.28,108.25
2024-08-26 17:00:00,112.0,1.92,116.25
2024-08-26 18:00:00,114.0,2.02,104.0
2024-08-26 19:00:00,171.0,1.9,90.0
2024-08-26 20:00:00,138.0,1.65,89.5
2024-08-26 21:00:00,111.0,1.78,81.75
2024-08-26 22:00:00,97.0,2.8,91.5
2024-08-26 23:00:00,74.0,2.28,90.5
2024-08-27 00:00:00,48.5,2.35,114.75
2024-08-27 01:00:00,23.0,1.3,88.25
2024-08-27 02:00:00,84.0,1.82,86.25
2024-08-27 03:00:00,66.0,2.33,83.0
2024-08-27 04:00:00,86.0,2.35,86.0
2024-08-27 05:00:00,146.0,2.28,93.75
2024-08-27 06:00:00,77.0,2.68,94.0
2024-08-27 07:00:00,83.0,3.4,98.5
2024-08-27 08:00:00,67.0,3.95,105.25
2024-08-27 09:00:00,58.0,4.1,103.0
2024-08-27 10:00:00,3.0,4.5,99.0
2024-08-27 11:00:00,78.0,4.53,103.0
2024-08-27 12:00:00,100.0,4.85,108.5
2024-08-27 13:00:00,106.0,4.22,99.5
2024-08-27 14:00:00,78.0,4.03,124.25
2024-08-27 15:00:00,172.0,3.62,107.75
2024-08-27 16:00:00,106.0,3.62,112.5
2024-08-27 17:00:00,89.0,3.65,121.75
2024-08-27 18:00:00,77.0,2.05,122.25
2024-08-27 19:00:00,63.0,1.65,114.75
2024-08-27 20:00:00,58.0,2.08,124.75
2024-08-27 21:00:00,53.0,1.6,117.25
2024-08-27 22:00:00,95.0,1.38,124.25
2024-08-27 23:00:00,85.0,1.87,97.33
2024-08-28 00:00:00,92.66666666666667,1.6,99.33
2024-08-28 01:00:00,100.33333333333333,1.1,87.75
2024-08-28 02:00:00,108.0,1.32,68.25
2024-08-28 03:00:00,211.0,1.7,94.0
2024-08-28 04:00:00,33.0,1.9,100.5
2024-08-28 05:00:00,18.0,1.6,90.0
2024-08-28 06:00:00,12.5,1.45,97.75
2024-08-28 07:00:00,7.0,1.98,109.25
2024-08-28 08:00:00,36.0,2.22,99.25
2024-08-28 09:00:00,52.0,2.47,114.0
2024-08-28 10:00:00,103.5,2.85,100.75
2024-08-28 11:00:00,155.0,3.05,114.75
2024-08-28 12:00:00,94.0,3.08,100.75
2024-08-28 13:00:00,70.0,3.12,105.0
2024-08-28 14:00:00,808.0,2.95,107.0
2024-08-28 15:00:00,88.0,2.58,106.5
2024-08-28 16:00:00,93.5,2.98,93.5
2024-08-28 17:00:00,99.0,3.15,115.25
2024-08-28 18:00:00,55.0,1.23,128.0
2024-08-28 19:00:00,74.5,0.57,152.75
2024-08-28 20:00:00,94.0,0.82,135.5
2024-08-28 21:00:00,147.0,1.1,95.33
2024-08-28 22:00:00,126.5,1.7,103.25
2024-08-28 23:00:00,106.0,1.72,97.75
2024-08-29 00:00:00,78.0,1.55,93.75
2024-08-29 01:00:00,107.0,1.77,80.67
2024-08-29 02:00:00,73.0,1.25,113.5
2024-08-29 03:00:00,39.0,2.43,147.5
2024-08-29 04:00:00,99.0,2.25,121.5
2024-08-29 05:00:00,13.0,2.38,118.0
2024-08-29 06:00:00,22.0,2.05,111.75
2024-08-29 07:00:00,88.0,2.5,112.75
2024-08-29 08:00:00,56.0,3.0,99.0
2024-08-29 09:00:00,48.0,2.75,103.75
2024-08-29 10:00:00,39.0,2.2,102.75
2024-08-29 11:00:00,42.0,2.68,104.25
2024-08-29 12:00:00,49.5,2.5,119.33
2024-08-29 13:00:00,57.0,1.9,116.5
2024-08-29 14:00:00,75.0,1.62,130.5
2024-08-29 15:00:00,103.0,1.72,156.25
2024-08-29 16:00:00,55.0,1.05,129.75
2024-08-29 17:00:00,177.0,0.4,138.25
2024-08-29 18:00:00,123.0,0.32,104.5
2024-08-29 19:00:00,116.0,0.3,6.25
2024-08-29 20:00:00,106.0,0.45,6.25
2024-08-29 21:00:00,244.0,0.6,56.5
2024-08-29 22:00:00,143.0,0.57,77.0
2024-08-29 23:00:00,168.0,0.78,84.25
2024-08-30 00:00:00,195.0,0.4,111.0
2024-08-30 01:00:00,216.0,0.38,110.0
2024-08-30 02:00:00,157.0,0.38,110.0
2024-08-30 03:00:00,197.0,0.43,111.0
2024-08-30 04:00:00,167.0,0.32,111.0
2024-08-30 05:00:00,210.0,0.57,110.75
2024-08-30 06:00:00,260.0,0.48,227.0
2024-08-30 07:00:00,180.0,1.0,187.25
2024-08-30 08:00:00,59.0,1.92,123.25
2024-08-30 09:00:00,91.0,2.2,128.0
2024-08-30 10:00:00,77.0,2.05,119.75
2024-08-30 11:00:00,99.0,1.6,160.33
2024-08-30 12:00:00,127.0,1.55,147.75
2024-08-30 13:00:00,127.0,1.58,152.5
2024-08-30 14:00:00,155.0,1.1,186.75
2024-08-30 15:00:00,243.0,1.2,66.33
2024-08-30 16:00:00,283.0,0.92,82.5
2024-08-30 17:00:00,323.0,0.82,148.5
2024-08-30 18:00:00,213.0,0.78,236.5
2024-08-30 19:00:00,268.0,0.48,256.25
2024-08-30 20:00:00,393.0,0.48,259.5
2024-08-30 21:00:00,395.0,0.57,242.75
2024-08-30 22:00:00,423.0,0.52,238.75
2024-08-30 23:00:00,464.0,0.72,211.25
2024-08-31 00:00:00,365.0,0.62,241.5
2024-08-31 01:00:00,248.0,0.42,235.0
2024-08-31 02:00:00,189.0,0.43,247.0
2024-08-31 03:00:00,102.0,0.52,129.75
2024-08-31 04:00:00,50.0,0.35,134.0
2024-08-31 05:00:00,118.0,0.4,134.0
2024-08-31 06:00:00,245.0,0.38,139.0
2024-08-31 07:00:00,243.0,0.57,73.0
2024-08-31 08:00:00,160.0,0.78,127.5
2024-08-31 09:00:00,261.0,1.0,166.5
2024-08-31 10:00:00,349.0,1.12,116.5
2024-08-31 11:00:00,228.0,1.02,135.5
2024-08-31 12:00:00,307.0,1.27,103.5
2024-08-31 13:00:00,310.0,1.33,124.0
2024-08-31 14:00:00,241.0,1.4,107.5
2024-08-31 15:00:00,268.0,1.38,162.25
2024-08-31 16:00:00,271.0,1.3,72.0
2024-08-31 17:00:00,331.0,1.05,58.5
2024-08-31 18:00:00,353.0,0.65,69.75
2024-08-31 19:00:00,488.0,0.47,62.67
2024-08-31 20:00:00,430.8,0.55,52.5
2024-08-31 21:00:00,373.6,0.67,70.67
2024-08-31 22:00:00,316.4,0.67,87.67
2024-08-31 23:00:00,,0.62,97.75
2024-09-01 00:00:00,202.0,0.73,108.67
2024-09-01 01:00:00,123.0,0.52,100.75
2024-09-01 02:00:00,125.0,0.52,99.0
2024-09-01 03:00:00,136.0,0.5,96.25
2024-09-01 04:00:00,146.0,0.3,99.0
2024-09-01 05:00:00,345.0,0.32,98.0
2024-09-01 06:00:00,433.0,0.5,110.25
2024-09-01 07:00:00,321.0,0.75,135.0
2024-09-01 08:00:00,344.0,0.85,141.75
2024-09-01 09:00:00,455.0,1.03,158.33
2024-09-01 10:00:00,350.0,1.18,142.25
2024-09-01 11:00:00,262.0,1.3,128.75
2024-09-01 12:00:00,224.0,1.1,189.75
2024-09-01 13:00:00,401.0,1.03,109.75
2024-09-01 14:00:00,395.0,1.72,100.75
2024-09-01 15:00:00,456.0,1.12,81.25
2024-09-01 16:00:00,480.0,1.38,86.25
2024-09-01 17:00:00,487.0,1.18,99.25
2024-09-01 18:00:00,449.0,0.98,96.0
2024-09-01 19:00:00,436.5,1.15,100.0
2024-09-01 20:00:00,424.0,1.05,97.5
2024-09-01 21:00:00,411.5,0.62,99.75
2024-09-01 22:00:00,399.0,1.75,111.0
2024-09-01 23:00:00,226.0,2.45,122.5
2024-09-02 00:00:00,97.0,2.2,116.0
2024-09-02 01:00:00,72.0,2.17,166.5
2024-09-02 02:00:00,134.0,2.22,126.25
2024-09-02 03:00:00,80.0,2.62,118.5
2024-09-02 04:00:00,62.0,2.38,126.25
2024-09-02 05:00:00,57.0,2.0,108.5
2024-09-02 06:00:00,53.0,2.17,107.25
2024-09-02 07:00:00,58.0,2.23,117.67
2024-09-02 08:00:00,63.0,2.33,126.25
2024-09-02 09:00:00,91.0,2.17,106.25
2024-09-02 10:00:00,146.0,3.62,101.0
2024-09-02 11:00:00,188.0,3.32,106.5
2024-09-02 12:00:00,230.0,2.8,123.5
2024-09-02 13:00:00,160.0,3.32,120.25
2024-09-02 14:00:00,137.0,3.52,119.0
2024-09-02 15:00:00,114.0,3.17,133.67
2024-09-02 16:00:00,87.5,3.0,123.75
2024-09-02 17:00:00,61.0,2.48,126.0
2024-09-02 18:00:00,117.0,2.17,127.25
2024-09-02 19:00:00,121.0,1.9,125.33
2024-09-02 20:00:00,125.0,2.02,124.5
2024-09-02 21:00:00,129.0,2.17,120.75
2024-09-02 22:00:00,188.0,1.82,118.75
2024-09-02 23:00:00,168.0,1.38,127.5
2024-09-03 00:00:00,132.0,1.27,115.75
2024-09-03 01:00:00,123.0,1.52,126.75
2024-09-03 02:00:00,68.0,1.25,124.25
2024-09-03 03:00:00,48.0,1.68,112.5
2024-09-03 04:00:00,48.0,2.1,120.5
2024-09-03 05:00:00,99.0,1.62,120.75
2024-09-03 06:00:00,73.0,1.93,125.0
2024-09-03 07:00:00,105.0,2.1,124.25
2024-09-03 08:00:00,141.0,2.65,131.75
2024-09-03 09:00:00,133.0,3.13,124.67
2024-09-03 10:00:00,122.5,3.32,134.75
2024-09-03 11:00:00,112.0,2.78,132.5
2024-09-03 12:00:00,117.0,2.5,153.5
2024-09-03 13:00:00,62.0,2.95,121.75
2024-09-03 14:00:00,52.0,2.62,129.0
2024-09-03 15:00:00,92.0,2.48,138.75
2024-09-03 16:00:00,101.0,2.4,117.25
2024-09-03 17:00:00,205.0,2.02,130.0
2024-09-03 18:00:00,243.0,0.67,110.0
2024-09-03 19:00:00,243.0,0.7,124.75
2024-09-03 20:00:00,243.0,1.9,99.0
2024-09-03 21:00:00,243.0,1.83,89.5
2024-09-03 22:00:00,318.0,1.75,101.0
2024-09-03 23:00:00,230.0,1.32,94.75
2024-09-04 00:00:00,186.0,1.72,109.75
2024-09-04 01:00:00,90.0,2.52,127.5
2024-09-04 02:00:00,55.0,1.28,135.25
2024-09-04 03:00:00,50.0,0.65,138.25
2024-09-04 04:00:00,97.0,0.35,149.0
2024-09-04 05:00:00,96.0,0.62,148.5
2024-09-04 06:00:00,83.0,0.8,129.67
2024-09-04 07:00:00,61.0,1.35,121.75
2024-09-04 08:00:00,92.0,1.25,140.75
2024-09-04 09:00:00,90.0,1.3,132.5
2024-09-04 10:00:00,91.0,1.25,160.0
2024-09-04 11:00:00,239.0,1.3,130.75
2024-09-04 12:00:00,305.0,2.17,91.0
2024-09-04 13:00:00,365.0,1.85,50.5
2024-09-04 14:00:00,362.0,1.27,175.75
2024-09-04 15:00:00,68.0,0.57,141.75
2024-09-04 16:00:00,45.0,0.8,131.75
2024-09-04 17:00:00,50.0,0.37,134.67
2024-09-04 18:00:00,45.0,0.3,145.25
2024-09-04 19:00:00,33.5,0.4,147.0
2024-09-04 20:00:00,22.0,0.9,154.5
2024-09-04 21:00:00,103.0,0.88,212.5
2024-09-04 22:00:00,73.0,0.52,250.75
2024-09-04 23:00:00,67.0,0.43,250.25
2024-09-05 00:00:00,116.0,0.48,250.75
2024-09-05 01:00:00,112.0,0.72,230.5
2024-09-05 02:00:00,67.0,0.4,148.0
2024-09-05 03:00:00,48.0,0.35,146.5
2024-09-05 04:00:00,50.0,0.47,137.0
2024-09-05 05:00:00,36.0,0.4,137.0
2024-09-05 06:00:00,25.0,0.32,139.25
2024-09-05 07:00:00,67.0,0.38,149.75
2024-09-05 08:00:00,91.0,0.5,135.25
2024-09-05 09:00:00,97.0,0.85,117.5
2024-09-05 10:00:00,144.0,0.88,118.5
2024-09-05 11:00:00,129.0,1.12,122.75
2024-09-05 12:00:00,164.0,1.35,125.5
2024-09-05 13:00:00,205.0,1.05,123.25
2024-09-05 14:00:00,229.0,1.5,135.0
2024-09-05 15:00:00,108.0,0.92,111.5
2024-09-05 16:00:00,324.0,0.57,116.33
2024-09-05 17:00:00,250.0,0.45,119.25
2024-09-05 18:00:00,410.0,2.9,168.0
2024-09-05 19:00:00,116.0,0.72,162.5
2024-09-05 20:00:00,130.0,0.32,153.75
2024-09-05 21:00:00,147.0,0.42,154.0
2024-09-05 22:00:00,149.0,0.4,133.75
2024-09-05 23:00:00,136.0,0.4,131.75
2024-09-06 00:00:00,147.0,0.3,132.25
2024-09-06 01:00:00,91.0,0.3,132.0
2024-09-06 02:00:00,63.0,0.32,132.25
2024-09-06 03:00:00,118.0,0.3,131.67
2024-09-06 04:00:00,136.0,0.3,131.25
2024-09-06 05:00:00,156.0,0.32,132.0
2024-09-06 06:00:00,190.0,0.32,146.5
2024-09-06 07:00:00,204.0,1.15,142.5
2024-09-06 08:00:00,123.0,1.2,132.75
2024-09-06 09:00:00,57.0,2.07,124.33
2024-09-06 10:00:00,42.0,3.6,124.25
2024-09-06 11:00:00,27.0,3.98,127.0
2024-09-06 12:00:00,12.0,2.78,126.75
2024-09-06 13:00:00,42.0,3.0,122.0
2024-09-06 14:00:00,89.0,2.58,124.0
2024-09-06 15:00:00,132.0,2.35,128.0
2024-09-06 16:00:00,97.0,2.38,128.0
2024-09-06 17:00:00,107.0,1.95,133.0
2024-09-06 18:00:00,75.5,1.62,124.0
2024-09-06 19:00:00,44.0,1.7,124.0
2024-09-06 20:00:00,78.0,2.17,121.25
2024-09-06 21:00:00,95.0,1.92,124.0
2024-09-06 22:00:00,61.0,1.8,119.0
2024-09-06 23:00:00,152.0,2.1,121.5
2024-09-07 00:00:00,92.0,1.82,121.25
2024-09-07 01:00:00,63.0,1.83,121.5
2024-09-07 02:00:00,48.0,1.52,117.75
2024-09-07 03:00:00,70.0,1.3,118.33
2024-09-07 04:00:00,64.0,1.2,122.0
2024-09-07 05:00:00,58.0,1.32,126.75
2024-09-07 06:00:00,52.0,1.03,160.0
2024-09-07 07:00:00,84.0,1.72,112.5
2024-09-07 08:00:00,113.0,1.95,128.0
2024-09-07 09:00:00,150.0,1.58,136.25
2024-09-07 10:00:00,45.0,1.9,124.0
2024-09-07 11:00:00,56.0,1.35,124.75
2024-09-07 12:00:00,66.0,1.72,74.0
2024-09-07 13:00:00,85.0,1.58,62.0
2024-09-07 14:00:00,18.0,1.57,58.0
2024-09-07 15:00:00,90.0,1.83,57.0
2024-09-07 16:00:00,257.0,1.8,57.75
2024-09-07 17:00:00,257.0,0.88,55.75
2024-09-07 18:00:00,282.0,0.95,55.25
2024-09-07 19:00:00,158.0,0.7,57.0
2024-09-07 20:00:00,125.0,0.43,57.0
2024-09-07 21:00:00,94.0,0.52,55.0
2024-09-07 22:00:00,106.0,0.5,57.0
2024-09-07 23:00:00,101.0,0.48,56.75
2024-09-08 00:00:00,90.0,0.7,57.0
2024-09-08 01:00:00,190.0,0.3,57.0
2024-09-08 02:00:00,183.0,0.3,57.0
2024-09-08 03:00:00,149.0,0.62,57.0
2024-09-08 04:00:00,125.0,0.95,57.0
2024-09-08 05:00:00,230.0,1.12,57.0
2024-09-08 06:00:00,151.0,0.95,57.25
2024-09-08 07:00:00,144.0,1.0,58.33
2024-09-08 08:00:00,132.0,1.5,58.25
2024-09-08 09:00:00,182.0,1.72,57.75
2024-09-08 10:00:00,81.0,1.08,57.25
2024-09-08 11:00:00,143.0,0.52,57.25
2024-09-08 12:00:00,211.0,0.88,103.5
2024-09-08 13:00:00,331.0,1.1,247.0
2024-09-08 14:00:00,381.0,1.05,190.25
2024-09-08 15:00:00,355.0,0.88,177.5
2024-09-08 16:00:00,287.0,0.68,98.25
2024-09-08 17:00:00,263.0,0.57,51.75
2024-09-08 18:00:00,248.0,0.37,56.0
2024-09-08 19:00:00,312.0,0.55,55.0
2024-09-08 20:00:00,112.0,0.35,54.75
2024-09-08 21:00:00,349.0,0.3,55.0
2024-09-08 22:00:00,389.0,0.38,55.0
2024-09-08 23:00:00,355.0,0.35,55.0
2024-09-09 00:00:00,451.0,0.3,55.25
2024-09-09 01:00:00,405.0,0.32,55.25
2024-09-09 02:00:00,272.0,0.3,55.0
2024-09-09 03:00:00,249.0,0.32,55.0
2024-09-09 04:00:00,183.0,0.35,55.75
2024-09-09 05:00:00,189.0,0.33,55.67
2024-09-09 06:00:00,107.0,0.3,55.75
2024-09-09 07:00:00,190.0,0.55,55.0
2024-09-09 08:00:00,178.0,0.8,53.5
2024-09-09 09:00:00,194.0,0.82,51.75
2024-09-09 10:00:00,294.0,1.0,41.0
2024-09-09 11:00:00,459.0,0.98,46.25
2024-09-09 12:00:00,564.0,0.8,50.25
2024-09-09 13:00:00,304.0,0.78,53.5
2024-09-09 14:00:00,249.0,1.4,56.25
2024-09-09 15:00:00,246.0,0.85,56.0
2024-09-09 16:00:00,184.5,0.68,57.0
2024-09-09 17:00:00,123.0,0.67,78.0
2024-09-09 18:00:00,103.0,1.48,258.0
2024-09-09 19:00:00,177.0,1.25,295.5
2024-09-09 20:00:00,46.0,1.1,306.0
2024-09-09 21:00:00,108.0,1.15,293.75
2024-09-09 22:00:00,101.0,0.55,310.0
2024-09-09 23:00:00,139.0,0.52,309.25
2024-09-10 00:00:00,151.0,0.48,309.5
2024-09-10 01:00:00,151.0,1.0,149.5
2024-09-10 02:00:00,180.0,0.75,290.5
2024-09-10 03:00:00,132.0,0.78,288.75
2024-09-10 04:00:00,153.0,1.07,276.67
2024-09-10 05:00:00,95.0,0.35,262.0
2024-09-10 06:00:00,122.0,1.18,274.5
2024-09-10 07:00:00,169.0,0.98,251.25
2024-09-10 08:00:00,145.0,1.62,263.75
2024-09-10 09:00:00,110.0,1.85,240.5
2024-09-10 10:00:00,134.0,1.88,245.25
2024-09-10 11:00:00,134.47663551401868,1.8687254901960784,245.28676470588235
2024-09-10 12:00:00,134.9532710280374,1.8574509803921568,245.3235294117647
2024-09-10 13:00:00,135.42990654205607,1.846176470588235,245.36029411764707
2024-09-10 14:00:00,,,
2024-09-10 15:00:00,,,
2024-09-10 16:00:00,,,
2024-09-10 17:00:00,,,
2024-09-10 18:00:00,,,
2024-09-10 19:00:00,,,
2024-09-10 20:00:00,,,
2024-09-10 21:00:00,,,
2024-09-10 22:00:00,,,
2024-09-10 23:00:00,,,
2024-09-11 00:00:00,,,
2024-09-11 01:00:00,,,
2024-09-11 02:00:00,,,
2024-09-11 03:00:00,,,
2024-09-11 04:00:00,,,
2024-09-11 05:00:00,,,
2024-09-11 06:00:00,,,
2024-09-11 07:00:00,,,
2024-09-11 08:00:00,,,
2024-09-11 09:00:00,,,
2024-09-11 10:00:00,,,
2024-09-11 11:00:00,,,
2024-09-11 12:00:00,,,
2024-09-11 13:00:00,,,
2024-09-11 14:00:00,,,
2024-09-11 15:00:00,,,
2024-09-11 16:00:00,,,
2024-09-11 17:00:00,,,
2024-09-11 18:00:00,,,
2024-09-11 19:00:00,,,
2024-09-11 20:00:00,,,
2024-09-11 21:00:00,,,
2024-09-11 22:00:00,,,
2024-09-11 23:00:00,,,
2024-09-12 00:00:00,,,
2024-09-12 01:00:00,,,
2024-09-12 02:00:00,,,
2024-09-12 03:00:00,,,
2024-09-12 04:00:00,,,
2024-09-12 05:00:00,,,
2024-09-12 06:00:00,,,
2024-09-12 07:00:00,,,
2024-09-12 08:00:00,,,
2024-09-12 09:00:00,,,
2024-09-12 10:00:00,,,
2024-09-12 11:00:00,,,
2024-09-12 12:00:00,,,
2024-09-12 13:00:00,,,
2024-09-12 14:00:00,,,
2024-09-12 15:00:00,,,
2024-09-12 16:00:00,,,
2024-09-12 17:00:00,,,
2024-09-12 18:00:00,,,
2024-09-12 19:00:00,,,
2024-09-12 20:00:00,,,
2024-09-12 21:00:00,,,
2024-09-12 22:00:00,,,
2024-09-12 23:00:00,,,
2024-09-13 00:00:00,,,
2024-09-13 01:00:00,,,
2024-09-13 02:00:00,,,
2024-09-13 03:00:00,,,
2024-09-13 04:00:00,,,
2024-09-13 05:00:00,,,
2024-09-13 06:00:00,,,
2024-09-13 07:00:00,,,
2024-09-13 08:00:00,,,
2024-09-13 09:00:00,,,
2024-09-13 10:00:00,,,
2024-09-13 11:00:00,,,
2024-09-13 12:00:00,,,
2024-09-13 13:00:00,,,
2024-09-13 14:00:00,,,
2024-09-13 15:00:00,,,
2024-09-13 16:00:00,,,
2024-09-13 17:00:00,,,
2024-09-13 18:00:00,,,
2024-09-13 19:00:00,,,
2024-09-13 20:00:00,,,
2024-09-13 21:00:00,,,
2024-09-13 22:00:00,,,
2024-09-13 23:00:00,,,
2024-09-14 00:00:00,,,
2024-09-14 01:00:00,,,
2024-09-14 02:00:00,,,
2024-09-14 03:00:00,,,
2024-09-14 04:00:00,,,
2024-09-14 05:00:00,,,
2024-09-14 06:00:00,,,
2024-09-14 07:00:00,,,
2024-09-14 08:00:00,,,
2024-09-14 09:00:00,,,
2024-09-14 10:00:00,,,
2024-09-14 11:00:00,,,
2024-09-14 12:00:00,,,
2024-09-14 13:00:00,,,
2024-09-14 14:00:00,,,
2024-09-14 15:00:00,,,
2024-09-14 16:00:00,,0.73,249.0
2024-09-14 17:00:00,,0.9,249.0
2024-09-14 18:00:00,,2.62,243.0
2024-09-14 19:00:00,,1.25,249.0
2024-09-14 20:00:00,,2.3,230.75
2024-09-14 21:00:00,185.0,1.28,248.75
2024-09-14 22:00:00,163.0,0.82,150.75
2024-09-14 23:00:00,86.0,1.2,249.0
2024-09-15 00:00:00,156.0,0.5,249.0
2024-09-15 01:00:00,161.0,0.32,249.0
2024-09-15 02:00:00,174.0,0.55,249.0
2024-09-15 03:00:00,164.0,0.57,249.0
2024-09-15 04:00:00,194.0,1.05,249.0
2024-09-15 05:00:00,139.0,0.62,249.0
2024-09-15 06:00:00,106.0,0.92,232.25
2024-09-15 07:00:00,129.0,0.52,247.75
2024-09-15 08:00:00,160.0,0.68,74.25
2024-09-15 09:00:00,97.0,0.98,232.5
2024-09-15 10:00:00,199.0,0.98,191.75
2024-09-15 11:00:00,160.0,1.38,204.75
2024-09-15 12:00:00,230.5,1.4,186.75
2024-09-15 13:00:00,301.0,1.38,186.25
2024-09-15 14:00:00,306.0,1.38,184.5
2024-09-15 15:00:00,311.0,1.2,249.0
2024-09-15 16:00:00,316.0,1.25,249.0
2024-09-15 17:00:00,321.0,0.72,249.0
2024-09-15 18:00:00,332.5,0.42,249.0
2024-09-15 19:00:00,344.0,0.32,249.0
2024-09-15 20:00:00,443.0,0.82,249.0
2024-09-15 21:00:00,415.0,0.72,249.0
2024-09-15 22:00:00,311.0,0.32,249.0
2024-09-15 23:00:00,418.0,0.65,249.0
2024-09-16 00:00:00,553.0,0.45,249.0
2024-09-16 01:00:00,371.0,0.38,249.0
2024-09-16 02:00:00,472.0,0.32,249.0
2024-09-16 03:00:00,342.0,0.32,249.0
2024-09-16 04:00:00,278.0,0.53,249.0
2024-09-16 05:00:00,196.0,0.35,249.0
2024-09-16 06:00:00,283.0,0.68,249.0
2024-09-16 07:00:00,348.0,1.0,249.0
2024-09-16 08:00:00,332.0,1.45,249.0
2024-09-16 09:00:00,405.0,1.6,249.0
2024-09-16 10:00:00,379.0,1.55,139.75
2024-09-16 11:00:00,349.0,1.8,188.5
2024-09-16 12:00:00,438.0,1.6,249.0
2024-09-16 13:00:00,445.0,1.58,249.0
2024-09-16 14:00:00,434.0,1.35,249.0
2024-09-16 15:00:00,388.0,1.25,249.0
2024-09-16 16:00:00,388.0,1.15,249.0
2024-09-16 17:00:00,388.0,1.05,249.0
2024-09-16 18:00:00,463.0,0.55,249.0
2024-09-16 19:00:00,538.0,0.3,249.0
2024-09-16 20:00:00,718.0,0.3,249.0
2024-09-16 21:00:00,668.0,0.3,249.0
2024-09-16 22:00:00,696.0,0.3,249.0
2024-09-16 23:00:00,696.0,0.3,249.0
2024-09-17 00:00:00,892.0,0.3,249.0
2024-09-17 01:00:00,456.0,0.3,249.0
2024-09-17 02:00:00,298.0,0.3,249.0
2024-09-17 03:00:00,315.0,0.3,249.0
2024-09-17 04:00:00,355.0,0.32,249.0
2024-09-17 05:00:00,283.0,0.3,249.0
2024-09-17 06:00:00,332.0,0.4,249.0
2024-09-17 07:00:00,396.0,0.45,249.0
2024-09-17 08:00:00,371.0,0.77,249.0
2024-09-17 09:00:00,345.0,0.9,249.0
2024-09-17 10:00:00,486.0,0.82,249.0
2024-09-17 11:00:00,398.0,0.92,158.25
2024-09-17 12:00:00,374.0,1.2,101.5
2024-09-17 13:00:00,567.0,1.3,102.0
2024-09-17 14:00:00,517.0,1.08,102.25
2024-09-17 15:00:00,516.0,1.23,96.25
2024-09-17 16:00:00,525.0,0.77,101.0
2024-09-17 17:00:00,599.0,0.65,101.0
2024-09-17 18:00:00,205.0,3.72,166.25
2024-09-17 19:00:00,133.0,1.32,196.5
2024-09-17 20:00:00,42.0,0.52,249.0
2024-09-17 21:00:00,58.0,0.35,249.0
2024-09-17 22:00:00,70.41666666666667,0.3,249.0
2024-09-17 23:00:00,82.83333333333333,0.4727272727272727,249.0
2024-09-18 00:00:00,95.25,0.6454545454545455,249.0
2024-09-18 01:00:00,,0.8181818181818181,249.0
2024-09-18 02:00:00,,,
2024-09-18 03:00:00,,,
2024-09-18 04:00:00,,,
2024-09-18 05:00:00,,,
2024-09-18 06:00:00,,,
2024-09-18 07:00:00,,,
2024-09-18 08:00:00,,,
2024-09-18 09:00:00,207.0,2.2,249.0
2024-09-18 10:00:00,154.5,2.65,237.25
2024-09-18 11:00:00,102.0,2.92,245.0
2024-09-18 12:00:00,61.0,2.42,246.5
2024-09-18 13:00:00,130.0,2.02,243.5
2024-09-18 14:00:00,81.5,1.32,228.0
2024-09-18 15:00:00,33.0,1.08,248.5
2024-09-18 16:00:00,41.0,0.92,209.25
2024-09-18 17:00:00,33.0,0.9,249.0
2024-09-18 18:00:00,24.5,0.95,249.0
2024-09-18 19:00:00,16.0,2.05,206.5
2024-09-18 20:00:00,22.0,2.97,151.67
2024-09-18 21:00:00,45.0,3.42,212.25
2024-09-18 22:00:00,68.0,3.3,209.5
2024-09-18 23:00:00,89.0,3.98,232.0
2024-09-19 00:00:00,44.0,3.88,244.75
2024-09-19 01:00:00,25.0,2.72,249.0
2024-09-19 02:00:00,42.0,1.85,249.0
2024-09-19 03:00:00,17.0,1.98,249.0
2024-09-19 04:00:00,18.0,1.4,249.0
2024-09-19 05:00:00,19.0,1.83,249.0
2024-09-19 06:00:00,42.0,1.3,249.0
2024-09-19 07:00:00,30.0,1.42,249.0
2024-09-19 08:00:00,51.0,1.27,249.0
2024-09-19 09:00:00,132.0,1.5,249.0
2024-09-19 10:00:00,97.0,1.55,235.25
2024-09-19 11:00:00,91.0,2.15,246.25
2024-09-19 12:00:00,86.0,2.3,234.75
2024-09-19 13:00:00,89.0,2.4,241.5
2024-09-19 14:00:00,99.5,2.33,229.5
2024-09-19 15:00:00,110.0,2.6,244.5
2024-09-19 16:00:00,114.0,2.2,245.75
2024-09-19 17:00:00,124.0,1.8,246.0
2024-09-19 18:00:00,141.0,1.12,249.0
2024-09-19 19:00:00,208.0,1.1,242.67
2024-09-19 20:00:00,172.0,0.5,249.0
2024-09-19 21:00:00,166.0,0.48,249.0
2024-09-19 22:00:00,149.0,0.57,249.0
2024-09-19 23:00:00,168.0,0.35,249.0
2024-09-20 00:00:00,143.0,0.3,249.0
2024-09-20 01:00:00,161.0,0.35,249.0
2024-09-20 02:00:00,127.0,0.3,249.0
2024-09-20 03:00:00,143.0,0.3,249.0
2024-09-20 04:00:00,102.0,0.38,249.0
2024-09-20 05:00:00,172.0,0.42,249.0
2024-09-20 06:00:00,162.0,0.5,249.0
2024-09-20 07:00:00,163.0,0.72,89.5
2024-09-20 08:00:00,180.0,1.18,118.5
2024-09-20 09:00:00,119.0,1.62,224.25
2024-09-20 10:00:00,33.0,2.08,229.25
2024-09-20 11:00:00,67.0,2.05,179.25
2024-09-20 12:00:00,95.0,2.58,211.75
2024-09-20 13:00:00,97.0,2.52,148.25
2024-09-20 14:00:00,132.0,2.55,98.75
2024-09-20 15:00:00,179.0,2.22,114.0
2024-09-20 16:00:00,185.0,2.15,158.75
2024-09-20 17:00:00,117.0,1.85,179.5
2024-09-20 18:00:00,136.0,1.2,249.0
2024-09-20 19:00:00,216.0,0.62,249.0
2024-09-20 20:00:00,283.0,0.3,249.0
2024-09-20 21:00:00,736.0,0.32,249.0
2024-09-20 22:00:00,770.0,0.3,249.0
2024-09-20 23:00:00,753.0,0.3,249.0
2024-09-21 00:00:00,703.0,0.32,249.0
2024-09-21 01:00:00,324.0,0.3,249.0
2024-09-21 02:00:00,217.0,0.35,249.0
2024-09-21 03:00:00,213.0,0.3,249.0
2024-09-21 04:00:00,959.0,0.5,53.0
2024-09-21 05:00:00,240.0,0.3,1.0
2024-09-21 06:00:00,328.0,0.42,1.0
2024-09-21 07:00:00,407.0,0.7,1.25
2024-09-21 08:00:00,298.0,0.82,2.25
2024-09-21 09:00:00,237.0,0.85,84.5
2024-09-21 10:00:00,216.0,1.6,139.25
2024-09-21 11:00:00,238.0,2.1,108.75
2024-09-21 12:00:00,173.0,2.2,151.25
2024-09-21 13:00:00,156.0,1.6,105.75
2024-09-21 14:00:00,257.0,1.85,129.5
2024-09-21 15:00:00,114.0,1.62,106.75
2024-09-21 16:00:00,57.0,1.32,147.0
2024-09-21 17:00:00,182.0,0.78,102.5
2024-09-21 18:00:00,272.25,0.38,47.5
2024-09-21 19:00:00,362.5,0.3,36.25
2024-09-21 20:00:00,452.75,0.3,33.75
2024-09-21 21:00:00,,0.32,33.75
2024-09-21 22:00:00,,0.3,34.0
2024-09-21 23:00:00,,0.3,35.25
2024-09-22 00:00:00,,0.3,36.0
2024-09-22 01:00:00,904.0,0.3,36.0
2024-09-22 02:00:00,867.0,0.32,35.25
2024-09-22 03:00:00,600.0,0.32,35.0
2024-09-22 04:00:00,588.0,0.3,35.0
2024-09-22 05:00:00,383.0,0.3,35.0
2024-09-22 06:00:00,945.0,0.32,35.0
2024-09-22 07:00:00,819.0,0.72,34.25
2024-09-22 08:00:00,660.0,0.55,34.25
2024-09-22 09:00:00,472.0,0.62,36.0
2024-09-22 10:00:00,765.0,0.75,42.75
2024-09-22 11:00:00,420.0,0.68,39.75
2024-09-22 12:00:00,514.0,0.88,71.75
2024-09-22 13:00:00,488.0,1.02,86.25
2024-09-22 14:00:00,581.0,0.75,121.5
2024-09-22 15:00:00,650.0,0.93,102.33
2024-09-22 16:00:00,757.0,1.03,104.25
2024-09-22 17:00:00,702.0,0.67,126.67
2024-09-22 18:00:00,696.0238095238095,0.6730952380952382,124.79690476190477
2024-09-22 19:00:00,690.047619047619,0.6761904761904762,122.92380952380952
2024-09-22 20:00:00,684.0714285714286,0.6792857142857143,121.05071428571429
2024-09-22 21:00:00,,,
2024-09-22 22:00:00,,,
2024-09-22 23:00:00,,,
2024-09-23 00:00:00,,,
2024-09-23 01:00:00,,,
2024-09-23 02:00:00,,,
2024-09-23 03:00:00,,,
2024-09-23 04:00:00,,,
2024-09-23 05:00:00,,,
2024-09-23 06:00:00,,,
2024-09-23 07:00:00,,,
2024-09-23 08:00:00,,,
2024-09-23 09:00:00,,,
2024-09-23 10:00:00,,,
2024-09-23 11:00:00,,,
2024-09-23 12:00:00,,,
2024-09-23 13:00:00,,,
2024-09-23 14:00:00,,,
2024-09-23 15:00:00,,,
2024-09-23 16:00:00,,,
2024-09-23 17:00:00,,,
2024-09-23 18:00:00,,,
2024-09-23 19:00:00,,,
2024-09-23 20:00:00,,,
2024-09-23 21:00:00,,,
2024-09-23 22:00:00,,,
2024-09-23 23:00:00,,,
2024-09-24 00:00:00,,,
2024-09-24 01:00:00,,,
2024-09-24 02:00:00,,,
2024-09-24 03:00:00,,,
2024-09-24 04:00:00,,,
2024-09-24 05:00:00,,,
2024-09-24 06:00:00,,,
2024-09-24 07:00:00,,,
2024-09-24 08:00:00,,,
2024-09-24 09:00:00,,,
2024-09-24 10:00:00,,,
2024-09-24 11:00:00,451.0,0.8,48.0
2024-09-24 12:00:00,574.0,0.87,103.33
2024-09-24 13:00:00,586.0,1.2,153.25
2024-09-24 14:00:00,642.0,1.0,44.0
2024-09-24 15:00:00,668.0,0.7,110.0
2024-09-24 16:00:00,675.0,0.98,100.25
2024-09-24 17:00:00,690.0,0.9,99.5
2024-09-24 18:00:00,592.0,0.4,99.0
2024-09-24 19:00:00,592.0,0.3,98.0
2024-09-24 20:00:00,540.0,0.48,96.25
2024-09-24 21:00:00,488.0,0.42,95.0
2024-09-24 22:00:00,738.0,0.3,95.0
2024-09-24 23:00:00,839.5,0.32,95.0
2024-09-25 00:00:00,941.0,0.3,95.0
2024-09-25 01:00:00,943.5,0.3,95.0
2024-09-25 02:00:00,946.0,0.3,95.0
2024-09-25 03:00:00,998.0,0.4,95.0
2024-09-25 04:00:00,340.0,0.32,111.25
2024-09-25 05:00:00,682.0,0.35,112.0
2024-09-25 06:00:00,400.0,0.3,112.0
2024-09-25 07:00:00,823.0,0.57,111.0
2024-09-25 08:00:00,353.0,1.35,211.75
2024-09-25 09:00:00,267.0,2.62,186.25
2024-09-25 10:00:00,383.0,2.33,119.0
2024-09-25 11:00:00,322.0,2.35,115.5
2024-09-25 12:00:00,243.0,2.38,109.0
2024-09-25 13:00:00,215.5,2.0,99.33
2024-09-25 14:00:00,188.0,2.7,100.0
2024-09-25 15:00:00,161.0,4.2,183.5
2024-09-25 16:00:00,233.0,2.98,229.5
2024-09-25 17:00:00,136.0,2.35,241.25
2024-09-25 18:00:00,132.0,2.82,239.0
2024-09-25 19:00:00,160.0,2.88,243.0
2024-09-25 20:00:00,156.0,2.82,247.75
2024-09-25 21:00:00,173.0,2.85,234.75
2024-09-25 22:00:00,117.0,2.48,168.0
2024-09-25 23:00:00,83.0,2.5,152.5
2024-09-26 00:00:00,72.0,2.63,207.33
2024-09-26 01:00:00,31.0,2.02,249.0
2024-09-26 02:00:00,52.0,1.85,249.0
2024-09-26 03:00:00,73.0,2.2,249.0
2024-09-26 04:00:00,69.0,1.9,249.0
2024-09-26 05:00:00,63.0,2.42,248.0
2024-09-26 06:00:00,81.0,2.45,249.0
2024-09-26 07:00:00,132.0,2.12,249.0
2024-09-26 08:00:00,94.0,2.42,249.0
2024-09-26 09:00:00,101.0,2.6,249.0
2024-09-26 10:00:00,143.0,2.47,245.5
2024-09-26 11:00:00,53.0,2.52,177.0
2024-09-26 12:00:00,51.0,2.35,212.0
2024-09-26 13:00:00,143.0,2.28,184.25
2024-09-26 14:00:00,138.0,2.37,179.67
2024-09-26 15:00:00,207.0,2.5,105.33
2024-09-26 16:00:00,140.0,2.5,124.0
2024-09-26 17:00:00,174.0,2.5,171.25
2024-09-26 18:00:00,121.0,1.65,96.5
2024-09-26 19:00:00,116.0,1.58,110.25
2024-09-26 20:00:00,103.0,1.12,114.5
2024-09-26 21:00:00,73.0,1.32,114.0
2024-09-26 22:00:00,50.0,1.72,109.75
2024-09-26 23:00:00,106.0,1.75,153.5
2024-09-27 00:00:00,101.0,1.78,125.0
2024-09-27 01:00:00,94.0,1.9,110.75
2024-09-27 02:00:00,114.0,1.45,102.0
2024-09-27 03:00:00,128.0,1.98,102.25
2024-09-27 04:00:00,75.0,1.75,91.25
2024-09-27 05:00:00,51.0,2.52,103.25
2024-09-27 06:00:00,33.0,2.2,102.75
2024-09-27 07:00:00,3.0,2.82,99.0
2024-09-27 08:00:00,2.0,3.78,117.0
2024-09-27 09:00:00,132.0,4.62,108.5
2024-09-27 10:00:00,171.0,4.08,108.0
2024-09-27 11:00:00,127.0,3.5,105.75
2024-09-27 12:00:00,111.0,3.35,110.5
2024-09-27 13:00:00,182.0,3.2,126.5
2024-09-27 14:00:00,95.0,2.7,101.0
2024-09-27 15:00:00,124.0,2.4,98.25
2024-09-27 16:00:00,92.0,2.28,93.5
2024-09-27 17:00:00,121.0,1.98,111.75
2024-09-27 18:00:00,69.5,2.5,231.0
2024-09-27 19:00:00,18.0,2.78,122.5
2024-09-27 20:00:00,69.0,2.5,118.25
2024-09-27 21:00:00,79.0,2.05,100.0
2024-09-27 22:00:00,63.0,2.85,116.0
2024-09-27 23:00:00,188.0,3.72,106.5
2024-09-28 00:00:00,145.0,2.78,139.0
2024-09-28 01:00:00,53.0,2.38,101.75
2024-09-28 02:00:00,42.0,2.25,96.75
2024-09-28 03:00:00,35.0,1.98,92.5
2024-09-28 04:00:00,1.0,1.6,87.0
2024-09-28 05:00:00,61.0,2.0,90.75
2024-09-28 06:00:00,45.0,2.1,89.0
2024-09-28 07:00:00,46.0,2.15,98.0
2024-09-28 08:00:00,42.0,2.58,97.25
2024-09-28 09:00:00,103.0,2.78,98.5
2024-09-28 10:00:00,114.0,2.45,97.5
2024-09-28 11:00:00,113.0,2.15,96.25
2024-09-28 12:00:00,124.0,2.35,91.75
2024-09-28 13:00:00,194.0,2.43,84.33
2024-09-28 14:00:00,96.0,1.82,96.5
2024-09-28 15:00:00,168.0,1.85,115.5
2024-09-28 16:00:00,176.30434782608697,2.7,95.75
2024-09-28 17:00:00,184.6086956521739,2.2,107.0
2024-09-28 18:00:00,192.91304347826087,2.4,97.0
2024-09-28 19:00:00,,2.2,98.75
2024-09-28 20:00:00,,1.75,221.75
2024-09-28 21:00:00,,1.68,230.5
2024-09-28 22:00:00,,2.15,249.0
2024-09-28 23:00:00,,1.98,249.0
2024-09-29 00:00:00,,1.72,249.0
2024-09-29 01:00:00,,1.7,249.0
2024-09-29 02:00:00,,1.75,249.0
2024-09-29 03:00:00,,1.58,249.0
2024-09-29 04:00:00,,1.18,249.0
2024-09-29 05:00:00,,1.28,249.0
2024-09-29 06:00:00,,1.02,249.0
2024-09-29 07:00:00,,1.52,249.0
2024-09-29 08:00:00,,1.55,249.0
2024-09-29 09:00:00,,2.15,249.0
2024-09-29 10:00:00,,2.38,248.0
2024-09-29 11:00:00,,2.12,249.0
2024-09-29 12:00:00,,2.3,249.0
2024-09-29 13:00:00,,2.48,249.0
2024-09-29 14:00:00,,1.55,249.0
2024-09-29 15:00:00,,2.17,249.0
2024-09-29 16:00:00,,2.0,242.75
2024-09-29 17:00:00,,1.8,249.0
2024-09-29 18:00:00,,1.1,249.0
2024-09-29 19:00:00,,0.95,249.0
2024-09-29 20:00:00,,0.57,249.0
2024-09-29 21:00:00,,0.55,249.0
2024-09-29 22:00:00,,0.5,249.0
2024-09-29 23:00:00,,0.48,249.0
2024-09-30 00:00:00,,0.3,249.0
2024-09-30 01:00:00,,0.3,249.0
2024-09-30 02:00:00,,0.3,249.0
2024-09-30 03:00:00,,0.3,249.0
2024-09-30 04:00:00,,0.3,249.0
2024-09-30 05:00:00,,0.3,249.0
2024-09-30 06:00:00,,0.38,249.0
2024-09-30 07:00:00,,0.7,218.5
2024-09-30 08:00:00,,1.2,1.25
2024-09-30 09:00:00,,1.25,2.5
2024-09-30 10:00:00,,1.12,3.0
2024-09-30 11:00:00,,1.12,1.0
2024-09-30 12:00:00,,1.25,1.75
2024-09-30 13:00:00,550.0,1.3,157.25
2024-09-30 14:00:00,587.0,1.38,156.0
2024-09-30 15:00:00,407.0,1.3,208.25
2024-09-30 16:00:00,267.0,1.15,186.0
2024-09-30 17:00:00,178.0,1.05,56.75
2024-09-30 18:00:00,249.0,0.92,205.25
2024-09-30 19:00:00,256.0,0.68,136.0
2024-09-30 20:00:00,282.0,0.72,160.75
2024-09-30 21:00:00,373.0,0.62,218.25
2024-09-30 22:00:00,340.0,0.48,1.0
2024-09-30 23:00:00,387.0,0.4,1.0
2024-10-01 00:00:00,429.0,0.37,4.0
2024-10-01 01:00:00,287.0,0.48,1.25
2024-10-01 02:00:00,166.0,0.6,1.0
2024-10-01 03:00:00,200.0,0.52,1.0
2024-10-01 04:00:00,232.0,0.48,1.0
2024-10-01 05:00:00,271.0,0.55,1.0
2024-10-01 06:00:00,487.0,0.65,28.0
2024-10-01 07:00:00,534.0,0.68,40.75
2024-10-01 08:00:00,646.0,0.92,7.25
2024-10-01 09:00:00,384.0,0.92,98.0
2024-10-01 10:00:00,746.0,1.35,127.0
2024-10-01 11:00:00,353.0,1.5,86.0
2024-10-01 12:00:00,267.0,1.48,108.5
2024-10-01 13:00:00,357.0,1.62,78.0
2024-10-01 14:00:00,411.0,1.65,98.25
2024-10-01 15:00:00,418.0,1.55,55.5
2024-10-01 16:00:00,438.0,1.15,40.25
2024-10-01 17:00:00,466.0,0.92,73.5
2024-10-01 18:00:00,494.0,0.57,249.0
2024-10-01 19:00:00,415.25,0.65,249.0
2024-10-01 20:00:00,386.0,0.45,249.0
2024-10-01 21:00:00,500.5,0.35,249.0
2024-10-01 22:00:00,539.0,0.3,249.0
2024-10-01 23:00:00,555.6666666666666,0.3,249.0
2024-10-02 00:00:00,572.3333333333334,0.3,249.0
2024-10-02 01:00:00,589.0,0.32,249.0
2024-10-02 02:00:00,504.0,0.3,249.0
2024-10-02 03:00:00,709.0,0.3,249.0
2024-10-02 04:00:00,600.0,0.3,249.0
2024-10-02 05:00:00,550.0,0.3,249.0
2024-10-02 06:00:00,676.0,0.3,249.0
2024-10-02 07:00:00,802.0,0.88,249.0
2024-10-02 08:00:00,377.0,1.3,27.0
2024-10-02 09:00:00,516.0,0.92,56.75
2024-10-02 10:00:00,403.0,1.18,99.5
2024-10-02 11:00:00,284.0,1.32,119.5
2024-10-02 12:00:00,342.0,1.62,152.75
2024-10-02 13:00:00,414.0,1.65,100.0
2024-10-02 14:00:00,477.0,1.55,106.75
2024-10-02 15:00:00,399.0,1.5,47.5
2024-10-02 16:00:00,443.0,1.0,192.75
2024-10-02 17:00:00,422.0,0.8,109.25
2024-10-02 18:00:00,327.0,0.35,3.25
2024-10-02 19:00:00,915.0,0.3,2.5
2024-10-02 20:00:00,914.5714285714286,0.3,1.67
2024-10-02 21:00:00,914.1428571428571,0.3,2.75
2024-10-02 22:00:00,913.7142857142857,0.3,4.25
2024-10-02 23:00:00,,0.3,2.75
2024-10-03 00:00:00,,0.3,1.75
2024-10-03 01:00:00,,0.3,3.25
2024-10-03 02:00:00,912.0,0.3,2.5
2024-10-03 03:00:00,836.0,0.48,3.0
2024-10-03 04:00:00,305.0,0.48,1.5
2024-10-03 05:00:00,642.0,0.43,2.0
2024-10-03 06:00:00,809.0,0.45,1.5
2024-10-03 07:00:00,815.0,0.95,9.0
2024-10-03 08:00:00,598.0,1.73,45.33
2024-10-03 09:00:00,574.0,1.42,29.25
2024-10-03 10:00:00,436.0,1.48,132.5
2024-10-03 11:00:00,382.0,1.27,108.75
2024-10-03 12:00:00,283.0,1.03,249.0
2024-10-03 13:00:00,259.0,1.2,209.75
2024-10-03 14:00:00,240.0,1.12,83.75
2024-10-03 15:00:00,305.0,0.9,25.75
2024-10-03 16:00:00,425.0,0.88,154.75
2024-10-03 17:00:00,426.0,0.5,249.0
2024-10-03 18:00:00,577.0,0.32,249.0
2024-10-03 19:00:00,917.0,0.3,249.0
2024-10-03 20:00:00,873.5,0.32,249.0
2024-10-03 21:00:00,830.0,0.35,249.0
2024-10-03 22:00:00,786.5,0.52,249.0
2024-10-03 23:00:00,743.0,0.3,249.0
2024-10-04 00:00:00,737.0,0.3,249.0
2024-10-04 01:00:00,731.0,0.32,249.0
2024-10-04 02:00:00,725.0,0.3,249.0
2024-10-04 03:00:00,719.0,0.3,249.0
2024-10-04 04:00:00,858.0,0.3,249.0
2024-10-04 05:00:00,849.5,0.32,249.0
2024-10-04 06:00:00,841.0,0.37,249.0
2024-10-04 07:00:00,920.0,0.75,81.0
2024-10-04 08:00:00,912.0,1.35,42.25
2024-10-04 09:00:00,500.0,1.7,37.75
2024-10-04 10:00:00,254.0,1.5,77.5
2024-10-04 11:00:00,248.0,1.38,79.5
2024-10-04 12:00:00,316.0,1.32,220.5
2024-10-04 13:00:00,360.0,1.23,132.25
2024-10-04 14:00:00,335.0,1.05,216.0
2024-10-04 15:00:00,400.0,1.23,89.25
2024-10-04 16:00:00,464.0,0.72,12.5
2024-10-04 17:00:00,476.0,0.6,22.25
2024-10-04 18:00:00,525.0,0.33,164.0
2024-10-04 19:00:00,453.0,0.43,249.0
2024-10-04 20:00:00,488.0,0.3,249.0
2024-10-04 21:00:00,969.0,0.33,249.0
2024-10-04 22:00:00,936.0,0.3,249.0
2024-10-04 23:00:00,903.0,0.32,249.0
2024-10-05 00:00:00,921.3333333333334,0.3,249.0
2024-10-05 01:00:00,939.6666666666666,0.42,249.0
2024-10-05 02:00:00,958.0,0.45,249.0
2024-10-05 03:00:00,558.0,0.38,249.0
2024-10-05 04:00:00,525.0,0.77,177.25
2024-10-05 05:00:00,477.0,1.05,202.5
2024-10-05 06:00:00,438.0,0.65,183.75
2024-10-05 07:00:00,445.0,0.72,88.5
2024-10-05 08:00:00,631.0,1.43,12.67
2024-10-05 09:00:00,323.0,1.52,19.0
2024-10-05 10:00:00,390.0,1.55,16.75
2024-10-05 11:00:00,383.0,1.3,76.5
2024-10-05 12:00:00,437.0,1.35,176.25
2024-10-05 13:00:00,313.0,1.18,69.0
2024-10-05 14:00:00,241.0,1.15,116.75
2024-10-05 15:00:00,279.0,1.2,86.25
2024-10-05 16:00:00,267.0,1.02,190.5
2024-10-05 17:00:00,285.0,1.02,191.75
2024-10-05 18:00:00,340.0,0.5,249.0
2024-10-05 19:00:00,658.0,0.3,249.0
2024-10-05 20:00:00,951.0,0.3,249.0
2024-10-05 21:00:00,943.0,0.3,249.0
2024-10-05 22:00:00,935.0,0.3,249.0
2024-10-05 23:00:00,927.0,0.48,249.0
2024-10-06 00:00:00,919.0,0.55,145.5
2024-10-06 01:00:00,646.0,0.3,1.0
2024-10-06 02:00:00,532.0,0.3,1.0
2024-10-06 03:00:00,762.0,0.3,1.0
2024-10-06 04:00:00,642.0,0.3,1.0
2024-10-06 05:00:00,969.0,0.3,1.0
2024-10-06 06:00:00,951.5,1.55,120.5
2024-10-06 07:00:00,934.0,2.12,248.25
2024-10-06 08:00:00,713.0,1.42,249.0
2024-10-06 09:00:00,243.0,0.9,249.0
2024-10-06 10:00:00,675.0,2.1,249.0
2024-10-06 11:00:00,364.0,1.8,249.0
2024-10-06 12:00:00,290.0,1.42,249.0
2024-10-06 13:00:00,285.0,1.3,119.75
2024-10-06 14:00:00,294.0,1.3,245.75
2024-10-06 15:00:00,381.0,1.5,207.0
2024-10-06 16:00:00,405.0,1.4,231.25
2024-10-06 17:00:00,338.0,1.1,217.25
2024-10-06 18:00:00,475.0,0.83,193.67
2024-10-06 19:00:00,429.0,0.5,249.0
2024-10-06 20:00:00,477.0,0.78,219.0
2024-10-06 21:00:00,399.0,0.82,194.75
2024-10-06 22:00:00,254.0,0.88,230.75
2024-10-06 23:00:00,245.0,0.78,232.5
2024-10-07 00:00:00,304.0,0.6,249.0
2024-10-07 01:00:00,421.0,0.75,249.0
2024-10-07 02:00:00,302.0,0.52,249.0
2024-10-07 03:00:00,289.0,0.7,249.0
2024-10-07 04:00:00,498.0,0.48,249.0
2024-10-07 05:00:00,444.0,0.55,249.0
2024-10-07 06:00:00,472.0,0.45,67.5
2024-10-07 07:00:00,395.0,0.5,60.25
2024-10-07 08:00:00,460.0,0.57,188.25
2024-10-07 09:00:00,443.0,0.7,195.0
2024-10-07 10:00:00,410.0,0.9,115.25
2024-10-07 11:00:00,254.0,1.2,229.0
2024-10-07 12:00:00,316.0,1.23,244.25
2024-10-07 13:00:00,339.0,1.45,209.0
2024-10-07 14:00:00,377.0,1.2,201.75
2024-10-07 15:00:00,282.0,1.02,189.0
2024-10-07 16:00:00,291.0,1.0,240.5
2024-10-07 17:00:00,345.0,0.68,211.75
2024-10-07 18:00:00,362.0,0.4,57.75
2024-10-07 19:00:00,587.0,0.35,50.25
2024-10-07 20:00:00,482.0,0.52,249.0
2024-10-07 21:00:00,338.0,0.55,249.0
2024-10-07 22:00:00,481.0,0.62,207.75
2024-10-07 23:00:00,387.0,0.6,249.0
2024-10-08 00:00:00,522.0,0.85,249.0
2024-10-08 01:00:00,576.0,0.82,249.0
2024-10-08 02:00:00,287.0,0.52,249.0
2024-10-08 03:00:00,343.0,0.57,249.0
2024-10-08 04:00:00,514.0,0.85,249.0
2024-10-08 05:00:00,395.0,0.32,249.0
2024-10-08 06:00:00,829.0,0.43,249.0
2024-10-08 07:00:00,997.0,0.35,249.0
2024-10-08 08:00:00,542.0,0.8,249.0
2024-10-08 09:00:00,482.0,0.85,249.0
2024-10-08 10:00:00,462.0,1.05,177.5
2024-10-08 11:00:00,371.0,1.4,167.0
2024-10-08 12:00:00,307.0,1.25,185.0
2024-10-08 13:00:00,418.0,1.27,224.25
2024-10-08 14:00:00,394.0,1.2,200.0
2024-10-08 15:00:00,500.0,0.88,179.5
2024-10-08 16:00:00,543.0,1.0,206.0
2024-10-08 17:00:00,401.0,0.7,139.25
2024-10-08 18:00:00,476.0,0.52,249.0
2024-10-08 19:00:00,566.0,0.45,248.75
2024-10-08 20:00:00,403.0,0.3,249.0
2024-10-08 21:00:00,659.0,0.57,244.5
2024-10-08 22:00:00,437.0,0.62,218.25
2024-10-08 23:00:00,417.0,0.55,59.5
2024-10-09 00:00:00,356.0,0.7,171.25
2024-10-09 01:00:00,360.0,0.47,249.0
2024-10-09 02:00:00,370.1111111111111,0.54,235.33333333333334
2024-10-09 03:00:00,380.22222222222223,0.61,221.66666666666666
2024-10-09 04:00:00,390.3333333333333,0.6799999999999999,208.0
2024-10-09 05:00:00,,,
2024-10-09 06:00:00,,,
2024-10-09 07:00:00,,,
2024-10-09 08:00:00,,,
2024-10-09 09:00:00,,,
2024-10-09 10:00:00,451.0,1.1,126.0
2024-10-09 11:00:00,534.0,1.18,178.75
2024-10-09 12:00:00,354.0,1.27,191.75
2024-10-09 13:00:00,318.0,1.37,223.33
2024-10-09 14:00:00,301.0,1.25,198.25
2024-10-09 15:00:00,390.0,1.05,161.25
2024-10-09 16:00:00,278.0,1.05,169.25
2024-10-09 17:00:00,326.0,1.05,227.5
2024-10-09 18:00:00,274.0,0.55,214.25
2024-10-09 19:00:00,444.0,0.48,159.0
2024-10-09 20:00:00,425.0,0.6,181.25
2024-10-09 21:00:00,346.0,0.55,6.25
2024-10-09 22:00:00,516.0,0.55,129.75
2024-10-09 23:00:00,422.0,0.95,179.0
2024-10-10 00:00:00,342.0,0.88,189.5
2024-10-10 01:00:00,199.0,0.65,242.75
2024-10-10 02:00:00,179.0,0.57,116.5
2024-10-10 03:00:00,208.0,0.4,249.0
2024-10-10 04:00:00,340.0,0.6,177.0
2024-10-10 05:00:00,244.0,0.65,123.75
2024-10-10 06:00:00,311.0,0.55,85.5
2024-10-10 07:00:00,407.0,0.52,97.5
2024-10-10 08:00:00,545.0,0.8,195.25
2024-10-10 09:00:00,436.0,0.88,145.75
2024-10-10 10:00:00,541.0,1.12,162.5
2024-10-10 11:00:00,340.0,1.23,225.0
2024-10-10 12:00:00,406.5,1.43,226.0
2024-10-10 13:00:00,473.0,1.45,230.0
2024-10-10 14:00:00,427.0,1.5,226.75
2024-10-10 15:00:00,417.0,1.32,208.0
2024-10-10 16:00:00,313.0,1.15,204.75
2024-10-10 17:00:00,335.0,1.15,143.0
2024-10-10 18:00:00,426.0,0.82,178.5
2024-10-10 19:00:00,429.0,0.55,206.5
2024-10-10 20:00:00,522.0,0.78,185.0
2024-10-10 21:00:00,385.0,0.75,113.75
2024-10-10 22:00:00,294.0,0.65,164.0
2024-10-10 23:00:00,378.0,0.5,249.0
2024-10-11 00:00:00,365.0,0.45,134.0
2024-10-11 01:00:00,345.0,0.52,42.0
2024-10-11 02:00:00,366.0,0.38,34.75
2024-10-11 03:00:00,296.0,0.48,4.0
2024-10-11 04:00:00,186.0,0.75,166.0
2024-10-11 05:00:00,256.0,0.4,216.75
2024-10-11 06:00:00,721.0,0.5,63.0
2024-10-11 07:00:00,564.0,0.6,175.75
2024-10-11 08:00:00,819.0,0.92,148.25
2024-10-11 09:00:00,477.0,0.98,154.0
2024-10-11 10:00:00,440.0,1.0,229.0
2024-10-11 11:00:00,344.0,1.38,225.75
2024-10-11 12:00:00,329.0,1.62,213.75
2024-10-11 13:00:00,329.0,1.45,213.0
2024-10-11 14:00:00,295.0,1.45,197.75
2024-10-11 15:00:00,357.0,1.38,219.25
2024-10-11 16:00:00,364.0,1.25,192.5
2024-10-11 17:00:00,433.0,0.88,214.5
2024-10-11 18:00:00,460.0,0.48,240.75
2024-10-11 19:00:00,415.0,0.48,138.75
2024-10-11 20:00:00,580.0,0.5,143.25
2024-10-11 21:00:00,528.0,0.52,114.75
2024-10-11 22:00:00,362.0,0.5,249.0
2024-10-11 23:00:00,399.0,0.3,249.0
2024-10-12 00:00:00,657.0,0.3,249.0
2024-10-12 01:00:00,915.0,0.3,249.0
2024-10-12 02:00:00,672.0,0.3,249.0
2024-10-12 03:00:00,459.0,0.3,249.0
2024-10-12 04:00:00,417.0,0.35,215.0
2024-10-12 05:00:00,429.0,0.48,1.0
2024-10-12 06:00:00,832.0,0.48,106.75
2024-10-12 07:00:00,769.0,0.57,248.25
2024-10-12 08:00:00,715.0,0.85,209.5
2024-10-12 09:00:00,444.0,0.78,197.0
2024-10-12 10:00:00,293.0,0.85,190.0
2024-10-12 11:00:00,335.0,1.18,164.5
2024-10-12 12:00:00,268.0,1.25,192.0
2024-10-12 13:00:00,285.0,1.32,204.75
2024-10-12 14:00:00,291.0,1.18,174.5
2024-10-12 15:00:00,320.0,1.15,180.5
2024-10-12 16:00:00,316.0,0.98,170.75
2024-10-12 17:00:00,295.0,0.6,27.25
2024-10-12 18:00:00,409.0,0.55,233.5
2024-10-12 19:00:00,565.0,0.3,249.0
2024-10-12 20:00:00,820.0,0.32,249.0
2024-10-12 21:00:00,813.5,0.35,249.0
2024-10-12 22:00:00,807.0,0.3,249.0
2024-10-12 23:00:00,800.5,0.38,249.0
2024-10-13 00:00:00,,0.4,249.0
2024-10-13 01:00:00,,0.3,249.0
2024-10-13 02:00:00,781.0,0.3,249.0
2024-10-13 03:00:00,858.0,0.3,249.0
2024-10-13 04:00:00,906.0,0.32,249.0
2024-10-13 05:00:00,954.0,0.3,249.0
2024-10-13 06:00:00,819.3333333333334,0.32,249.0
2024-10-13 07:00:00,684.6666666666667,0.57,249.0
2024-10-13 08:00:00,550.0,0.92,249.0
2024-10-13 09:00:00,657.0,0.9,249.0
2024-10-13 10:00:00,809.0,1.15,249.0
2024-10-13 11:00:00,354.0,1.05,160.25
2024-10-13 12:00:00,257.0,1.2,204.5
2024-10-13 13:00:00,227.0,1.1,238.5
2024-10-13 14:00:00,326.0,1.0,170.25
2024-10-13 15:00:00,301.0,1.0,168.0
2024-10-13 16:00:00,370.0,0.68,102.75
2024-10-13 17:00:00,377.0,0.5,249.0
2024-10-13 18:00:00,515.0,0.3,249.0
2024-10-13 19:00:00,532.8181818181819,0.3,249.0
2024-10-13 20:00:00,550.6363636363636,0.3,249.0
2024-10-13 21:00:00,568.4545454545455,0.3,249.0
2024-10-13 22:00:00,,0.3,249.0
2024-10-13 23:00:00,,0.3,249.0
2024-10-14 00:00:00,,0.3,249.0
2024-10-14 01:00:00,,0.3,249.0
2024-10-14 02:00:00,,0.32,249.0
2024-10-14 03:00:00,,0.32,249.0
2024-10-14 04:00:00,,0.3,249.0
2024-10-14 05:00:00,711.0,0.3,249.0
2024-10-14 06:00:00,735.75,0.3,249.0
2024-10-14 07:00:00,760.5,0.32,249.0
2024-10-14 08:00:00,785.25,0.73,207.5
2024-10-14 09:00:00,810.0,0.92,243.0
2024-10-14 10:00:00,539.0,0.68,209.0
2024-10-14 11:00:00,481.0,1.0,199.25
2024-10-14 12:00:00,440.0,1.05,213.5
2024-10-14 13:00:00,313.0,1.2,212.75
2024-10-14 14:00:00,334.0,1.08,190.5
2024-10-14 15:00:00,313.0,1.02,208.0
2024-10-14 16:00:00,269.0,0.9,186.25
2024-10-14 17:00:00,388.0,0.5,221.0
2024-10-14 18:00:00,638.0,0.3,249.0
2024-10-14 19:00:00,991.0,0.32,249.0
2024-10-14 20:00:00,991.0,0.3,249.0
2024-10-14 21:00:00,991.0,0.3,249.0
2024-10-14 22:00:00,946.25,0.32,249.0
2024-10-14 23:00:00,901.5,0.42,249.0
2024-10-15 00:00:00,856.75,0.3,249.0
2024-10-15 01:00:00,812.0,0.32,249.0
2024-10-15 02:00:00,669.0,0.38,173.5
2024-10-15 03:00:00,563.0,0.32,1.0
2024-10-15 04:00:00,641.0,0.4,2.75
2024-10-15 05:00:00,627.0,0.62,199.0
2024-10-15 06:00:00,689.0,0.88,74.25
2024-10-15 07:00:00,751.0,0.98,166.0
2024-10-15 08:00:00,686.5,0.6,171.0
2024-10-15 09:00:00,622.0,0.75,221.25
2024-10-15 10:00:00,571.0,1.02,177.25
2024-10-15 11:00:00,449.0,1.15,242.0
2024-10-15 12:00:00,393.0,1.2,229.5
2024-10-15 13:00:00,422.0,1.23,224.0
2024-10-15 14:00:00,351.0,1.3,242.0
2024-10-15 15:00:00,398.0,1.23,192.5
2024-10-15 16:00:00,442.0,1.0,221.5
2024-10-15 17:00:00,454.0,0.6,240.0
2024-10-15 18:00:00,583.0,0.42,249.0
2024-10-15 19:00:00,781.0,0.32,249.0
2024-10-15 20:00:00,785.25,0.35,249.0
2024-10-15 21:00:00,789.5,0.3,249.0
2024-10-15 22:00:00,793.75,0.3,249.0
2024-10-15 23:00:00,,0.35,249.0
2024-10-16 00:00:00,,0.32,249.0
2024-10-16 01:00:00,,0.3,249.0
2024-10-16 02:00:00,,0.32,249.0
2024-10-16 03:00:00,815.0,0.48,199.5
2024-10-16 04:00:00,692.0,0.45,1.25
2024-10-16 05:00:00,541.0,0.32,3.25
2024-10-16 06:00:00,823.0,0.3,13.25
2024-10-16 07:00:00,794.0,0.62,214.75
2024-10-16 08:00:00,765.0,0.85,69.75
2024-10-16 09:00:00,697.0,1.15,153.5
2024-10-16 10:00:00,553.0,0.95,115.75
2024-10-16 11:00:00,438.0,1.18,159.5
2024-10-16 12:00:00,353.0,1.2,185.5
2024-10-16 13:00:00,398.0,1.2,192.75
2024-10-16 14:00:00,316.0,1.2,143.75
2024-10-16 15:00:00,431.0,0.75,164.25
2024-10-16 16:00:00,481.0,0.55,1.0
2024-10-16 17:00:00,796.0,0.38,167.0
2024-10-16 18:00:00,797.7,0.32,249.0
2024-10-16 19:00:00,799.4,0.35,249.0
2024-10-16 20:00:00,801.1,0.3,249.0
2024-10-16 21:00:00,,0.3,249.0
2024-10-16 22:00:00,,0.3,249.0
2024-10-16 23:00:00,,0.4,249.0
2024-10-17 00:00:00,,0.32,249.0
2024-10-17 01:00:00,,0.45,249.0
2024-10-17 02:00:00,,0.32,249.0
2024-10-17 03:00:00,813.0,0.3,249.0
2024-10-17 04:00:00,871.0,0.32,249.0
2024-10-17 05:00:00,929.0,0.52,249.0
2024-10-17 06:00:00,857.0,0.78,249.0
2024-10-17 07:00:00,856.0,1.27,249.0
2024-10-17 08:00:00,840.0,0.75,249.0
2024-10-17 09:00:00,934.0,1.38,249.0
2024-10-17 10:00:00,541.0,1.8,248.0
2024-10-17 11:00:00,324.0,1.15,235.5
2024-10-17 12:00:00,371.0,1.05,239.5
2024-10-17 13:00:00,351.0,0.95,234.0
2024-10-17 14:00:00,309.0,0.88,225.25
2024-10-17 15:00:00,353.0,0.4,249.0
2024-10-17 16:00:00,616.0,0.55,249.0
2024-10-17 17:00:00,384.0,0.42,249.0
2024-10-17 18:00:00,898.0,0.3,249.0
2024-10-17 19:00:00,867.0,0.3,249.0
2024-10-17 20:00:00,870.25,0.3,249.0
2024-10-17 21:00:00,873.5,0.3,249.0
2024-10-17 22:00:00,876.75,0.32,249.0
2024-10-17 23:00:00,,0.3,249.0
2024-10-18 00:00:00,,0.32,249.0
2024-10-18 01:00:00,,0.32,249.0
2024-10-18 02:00:00,,0.3,249.0
2024-10-18 03:00:00,893.0,0.32,249.0
2024-10-18 04:00:00,897.0,0.3,249.0
2024-10-18 05:00:00,901.0,0.3,249.0
2024-10-18 06:00:00,905.0,0.3,249.0
2024-10-18 07:00:00,,0.3,241.75
2024-10-18 08:00:00,,0.5,166.0
2024-10-18 09:00:00,917.0,0.72,168.25
2024-10-18 10:00:00,558.0,0.85,182.25
2024-10-18 11:00:00,633.0,1.05,121.5
2024-10-18 12:00:00,481.0,1.62,190.75
2024-10-18 13:00:00,290.0,1.25,208.75
2024-10-18 14:00:00,392.0,0.93,212.0
2024-10-18 15:00:00,368.0,0.82,249.0
2024-10-18 16:00:00,456.0,0.65,248.75
2024-10-18 17:00:00,445.0,0.42,249.0
2024-10-18 18:00:00,989.0,0.35,249.0
2024-10-18 19:00:00,958.0,0.3,249.0
2024-10-18 20:00:00,851.0,0.3,249.0
2024-10-18 21:00:00,834.0,0.48,249.0
2024-10-18 22:00:00,817.0,0.38,249.0
2024-10-18 23:00:00,800.0,0.35,249.0
2024-10-19 00:00:00,,0.43,249.0
2024-10-19 01:00:00,,0.33,249.0
2024-10-19 02:00:00,749.0,0.32,249.0
2024-10-19 03:00:00,802.0,0.3,249.0
2024-10-19 04:00:00,848.0,0.3,249.0
2024-10-19 05:00:00,894.0,0.3,249.0
2024-10-19 06:00:00,940.0,0.3,249.0
2024-10-19 07:00:00,986.0,0.45,249.0
2024-10-19 08:00:00,759.0,0.98,239.25
2024-10-19 09:00:00,486.0,0.82,180.75
2024-10-19 10:00:00,672.0,1.38,230.75
2024-10-19 11:00:00,355.0,0.82,195.0
2024-10-19 12:00:00,458.0,1.1,152.5
2024-10-19 13:00:00,501.0,1.27,233.33
2024-10-19 14:00:00,495.0,1.18,201.5
2024-10-19 15:00:00,506.0,1.23,193.5
2024-10-19 16:00:00,586.0,0.98,247.75
2024-10-19 17:00:00,606.0,0.52,249.0
2024-10-19 18:00:00,825.0,0.4,249.0
2024-10-19 19:00:00,800.2,0.38,249.0
2024-10-19 20:00:00,775.4,0.47,249.0
2024-10-19 21:00:00,750.6,0.3,249.0
2024-10-19 22:00:00,,0.3,249.0
2024-10-19 23:00:00,701.0,0.3,249.0
2024-10-20 00:00:00,706.8,0.35,249.0
2024-10-20 01:00:00,712.6,0.3,249.0
2024-10-20 02:00:00,718.4,0.3,249.0
2024-10-20 03:00:00,,0.3,249.0
2024-10-20 04:00:00,730.0,0.32,249.0
2024-10-20 05:00:00,592.0,0.3,249.0
2024-10-20 06:00:00,958.0,0.4,249.0
2024-10-20 07:00:00,757.0,1.05,249.0
2024-10-20 08:00:00,394.0,1.58,249.0
2024-10-20 09:00:00,335.0,1.92,249.0
2024-10-20 10:00:00,339.0,2.58,246.5
2024-10-20 11:00:00,313.0,2.4,248.0
2024-10-20 12:00:00,361.0,2.48,249.0
2024-10-20 13:00:00,252.0,1.52,249.0
2024-10-20 14:00:00,199.0,1.3,249.0
2024-10-20 15:00:00,302.0,1.23,249.0
2024-10-20 16:00:00,246.0,0.62,249.0
2024-10-20 17:00:00,628.0,0.42,223.0
2024-10-20 18:00:00,609.0,0.9,249.0
2024-10-20 19:00:00,506.0,0.88,249.0
2024-10-20 20:00:00,571.0,0.35,249.0
2024-10-20 21:00:00,643.0,0.3,249.0
2024-10-20 22:00:00,754.0,0.32,249.0
2024-10-20 23:00:00,907.0,0.6,249.0
2024-10-21 00:00:00,555.0,0.82,249.0
2024-10-21 01:00:00,472.0,0.85,249.0
2024-10-21 02:00:00,389.0,0.7,249.0
2024-10-21 03:00:00,324.0,0.57,249.0
2024-10-21 04:00:00,401.0,0.98,249.0
2024-10-21 05:00:00,398.0,1.18,249.0
2024-10-21 06:00:00,412.0,1.0,249.0
2024-10-21 07:00:00,484.0,1.25,207.25
2024-10-21 08:00:00,492.0,1.92,249.0
2024-10-21 09:00:00,396.0,2.6,245.0
2024-10-21 10:00:00,346.0,2.58,248.75
2024-10-21 11:00:00,313.0,2.2,249.0
2024-10-21 12:00:00,245.0,2.17,249.0
2024-10-21 13:00:00,123.0,1.6,249.0
2024-10-21 14:00:00,239.0,1.2,249.0
2024-10-21 15:00:00,332.0,0.75,249.0
2024-10-21 16:00:00,404.0,0.8,249.0
2024-10-21 17:00:00,373.0,1.23,249.0
2024-10-21 18:00:00,409.0,1.18,248.25
2024-10-21 19:00:00,488.0,1.1,249.0
2024-10-21 20:00:00,415.0,1.18,249.0
2024-10-21 21:00:00,449.0,0.62,249.0
2024-10-21 22:00:00,523.0,0.3,249.0
2024-10-21 23:00:00,725.0,0.32,249.0
2024-10-22 00:00:00,849.0,0.3,249.0
2024-10-22 01:00:00,732.0,0.3,249.0
2024-10-22 02:00:00,736.0,0.3,249.0
2024-10-22 03:00:00,622.0,0.3,249.0
2024-10-22 04:00:00,880.0,0.68,249.0
2024-10-22 05:00:00,543.0,0.32,249.0
2024-10-22 06:00:00,815.0,0.32,249.0
2024-10-22 07:00:00,780.0,0.38,249.0
2024-10-22 08:00:00,514.0,0.6,248.75
2024-10-22 09:00:00,439.0,0.88,249.0
2024-10-22 10:00:00,315.0,1.23,195.25
2024-10-22 11:00:00,282.0,1.08,249.0
2024-10-22 12:00:00,409.0,1.23,249.0
2024-10-22 13:00:00,370.0,0.9,249.0
2024-10-22 14:00:00,575.0,0.85,249.0
2024-10-22 15:00:00,482.0,0.95,51.25
2024-10-22 16:00:00,294.0,0.78,195.25
2024-10-22 17:00:00,416.0,0.62,249.0
2024-10-22 18:00:00,361.0,0.4,38.75
2024-10-22 19:00:00,299.0,0.38,52.5
2024-10-22 20:00:00,477.0,0.42,249.0
2024-10-22 21:00:00,846.0,0.3,249.0
2024-10-22 22:00:00,797.0,0.3,249.0
2024-10-22 23:00:00,772.25,0.3,249.0
2024-10-23 00:00:00,747.5,0.3,249.0
2024-10-23 01:00:00,722.75,0.3,249.0
2024-10-23 02:00:00,698.0,0.3,249.0
2024-10-23 03:00:00,637.0,0.35,249.0
2024-10-23 04:00:00,781.0,0.32,249.0
2024-10-23 05:00:00,729.0,0.57,249.0
2024-10-23 06:00:00,646.0,0.6,249.0
2024-10-23 07:00:00,630.0,0.55,245.5
2024-10-23 08:00:00,609.0,0.9,232.5
2024-10-23 09:00:00,657.0,1.0,64.75
2024-10-23 10:00:00,564.0,1.2,145.25
2024-10-23 11:00:00,525.0,1.48,76.5
2024-10-23 12:00:00,447.0,1.62,66.0
2024-10-23 13:00:00,379.0,1.4,157.75
2024-10-23 14:00:00,371.0,1.4,144.75
2024-10-23 15:00:00,274.0,1.45,125.75
2024-10-23 16:00:00,349.0,1.1,76.0
2024-10-23 17:00:00,432.0,0.8,15.0
2024-10-23 18:00:00,600.0,0.42,2.25
2024-10-23 19:00:00,759.0,0.48,2.0
2024-10-23 20:00:00,693.0,0.52,1.0
2024-10-23 21:00:00,594.0,0.52,1.75
2024-10-23 22:00:00,530.0,0.6,1.0
2024-10-23 23:00:00,454.0,0.55,1.25
2024-10-24 00:00:00,537.0,0.63,1.0
2024-10-24 01:00:00,250.0,0.65,1.0
2024-10-24 02:00:00,334.0,0.65,7.25
2024-10-24 03:00:00,344.0,0.75,38.75
2024-10-24 04:00:00,400.0,0.62,1.0
2024-10-24 05:00:00,412.0,0.72,1.25
2024-10-24 06:00:00,484.0,0.72,95.75
2024-10-24 07:00:00,466.0,0.57,249.0
2024-10-24 08:00:00,596.0,0.95,70.5
2024-10-24 09:00:00,490.0,1.0,1.0
2024-10-24 10:00:00,422.0,1.15,34.0
2024-10-24 11:00:00,194.0,1.18,82.25
2024-10-24 12:00:00,327.0,1.25,71.75
2024-10-24 13:00:00,302.0,1.25,197.0
2024-10-24 14:00:00,315.0,1.23,95.5
2024-10-24 15:00:00,302.0,1.23,34.5
2024-10-24 16:00:00,384.0,1.1,155.5
2024-10-24 17:00:00,512.0,0.72,71.0
2024-10-24 18:00:00,610.0,0.35,240.0
2024-10-24 19:00:00,870.0,0.3,249.0
2024-10-24 20:00:00,984.0,0.35,249.0
2024-10-24 21:00:00,847.0,0.57,39.5
2024-10-24 22:00:00,454.0,0.62,48.0
2024-10-24 23:00:00,403.0,0.57,248.75
2024-10-25 00:00:00,477.0,0.65,47.5
2024-10-25 01:00:00,406.0,0.9,40.0
2024-10-25 02:00:00,429.0,0.5,6.0
2024-10-25 03:00:00,510.0,0.3,4.25
2024-10-25 04:00:00,725.0,0.3,2.5
2024-10-25 05:00:00,514.0,0.38,120.5
2024-10-25 06:00:00,448.0,0.43,111.0
2024-10-25 07:00:00,356.0,0.62,59.75
2024-10-25 08:00:00,596.0,0.78,155.25
2024-10-25 09:00:00,559.0,0.92,170.75
2024-10-25 10:00:00,447.0,1.23,236.25
2024-10-25 11:00:00,395.0,1.45,178.0
2024-10-25 12:00:00,407.0,1.55,219.25
2024-10-25 13:00:00,354.0,1.55,206.75
2024-10-25 14:00:00,313.0,1.6,204.5
2024-10-25 15:00:00,315.0,1.4,115.25
2024-10-25 16:00:00,334.0,1.6,226.5
2024-10-25 17:00:00,153.0,0.9,186.0
2024-10-25 18:00:00,365.0,0.42,249.0
2024-10-25 19:00:00,462.0,0.38,249.0
2024-10-25 20:00:00,571.0,0.55,127.25
2024-10-25 21:00:00,484.0,0.5,1.0
2024-10-25 22:00:00,571.0,0.43,68.75
2024-10-25 23:00:00,654.0,0.48,3.5
2024-10-26 00:00:00,587.0,0.35,1.0
2024-10-26 01:00:00,519.0,0.3,1.0
2024-10-26 02:00:00,442.0,0.35,1.25
2024-10-26 03:00:00,255.0,0.38,1.0
2024-10-26 04:00:00,394.0,0.6,22.5
2024-10-26 05:00:00,389.0,0.85,32.0
2024-10-26 06:00:00,506.0,1.3,27.5
2024-10-26 07:00:00,405.0,1.4,21.0
2024-10-26 08:00:00,561.0,0.62,210.0
2024-10-26 09:00:00,589.0,1.18,222.0
2024-10-26 10:00:00,451.0,1.48,245.0
2024-10-26 11:00:00,346.0,1.45,245.5
2024-10-26 12:00:00,381.0,1.42,230.0
2024-10-26 13:00:00,389.0,1.45,245.75
2024-10-26 14:00:00,387.0,1.5,223.75
2024-10-26 15:00:00,346.0,1.38,243.5
2024-10-26 16:00:00,322.0,1.12,249.0
2024-10-26 17:00:00,343.0,0.48,249.0
2024-10-26 18:00:00,652.0,0.3,249.0
2024-10-26 19:00:00,671.0,0.3,249.0
2024-10-26 20:00:00,928.0,0.3,249.0
2024-10-26 21:00:00,911.0,0.3,249.0
2024-10-26 22:00:00,923.0,0.3,249.0
2024-10-26 23:00:00,871.0,0.3,249.0
2024-10-27 00:00:00,834.0,0.3,249.0
2024-10-27 01:00:00,797.0,0.3,249.0
2024-10-27 02:00:00,760.0,0.3,249.0
2024-10-27 03:00:00,791.0,0.75,249.0
2024-10-27 04:00:00,444.0,1.2,249.0
2024-10-27 05:00:00,291.0,1.12,249.0
2024-10-27 06:00:00,353.0,0.48,249.0
2024-10-27 07:00:00,432.0,0.65,248.75
2024-10-27 08:00:00,377.0,1.0,224.75
2024-10-27 09:00:00,221.0,1.8,247.5
2024-10-27 10:00:00,315.0,2.12,249.0
2024-10-27 11:00:00,254.0,1.88,249.0
2024-10-27 12:00:00,250.0,2.0,249.0
2024-10-27 13:00:00,257.0,1.78,245.75
2024-10-27 14:00:00,313.0,1.48,249.0
2024-10-27 15:00:00,196.0,0.88,249.0
2024-10-27 16:00:00,263.0,0.88,249.0
2024-10-27 17:00:00,299.0,0.3,249.0
2024-10-27 18:00:00,429.0,0.3,249.0
2024-10-27 19:00:00,462.0,0.35,249.0
2024-10-27 20:00:00,605.0,0.38,249.0
2024-10-27 21:00:00,731.0,0.55,249.0
2024-10-27 22:00:00,549.0,0.38,249.0
2024-10-27 23:00:00,591.0,0.62,249.0
2024-10-28 00:00:00,771.0,0.48,249.0
2024-10-28 01:00:00,497.0,0.7,249.0
2024-10-28 02:00:00,525.0,0.48,249.0
2024-10-28 03:00:00,370.0,0.3,249.0
2024-10-28 04:00:00,442.0,0.45,249.0
2024-10-28 05:00:00,237.0,0.45,249.0
2024-10-28 06:00:00,390.0,0.6,249.0
2024-10-28 07:00:00,324.0,0.9,249.0
2024-10-28 08:00:00,311.0,1.4,249.0
2024-10-28 09:00:00,298.0,1.82,201.0
2024-10-28 10:00:00,384.0,2.05,223.75
2024-10-28 11:00:00,274.0,2.2,230.0
2024-10-28 12:00:00,235.0,2.4,234.75
2024-10-28 13:00:00,178.0,1.8,220.0
2024-10-28 14:00:00,134.0,1.675,233.5
2024-10-28 15:00:00,90.0,1.55,247.0
2024-10-28 16:00:00,152.0,1.48,249.0
2024-10-28 17:00:00,238.0,1.17,247.67
2024-10-28 18:00:00,211.0,0.55,249.0
2024-10-28 19:00:00,344.0,0.85,249.0
2024-10-28 20:00:00,437.0,0.4,249.0
2024-10-28 21:00:00,464.0,0.52,249.0
2024-10-28 22:00:00,417.0,0.48,249.0
2024-10-28 23:00:00,451.0,1.02,249.0
2024-10-29 00:00:00,283.0,0.4,249.0
2024-10-29 01:00:00,443.0,0.32,249.0
2024-10-29 02:00:00,395.0,0.32,249.0
2024-10-29 03:00:00,426.0,0.4,249.0
2024-10-29 04:00:00,492.0,0.3,249.0
2024-10-29 05:00:00,480.0,0.4,249.0
2024-10-29 06:00:00,501.0,0.4,249.0
2024-10-29 07:00:00,508.0,0.9,249.0
2024-10-29 08:00:00,287.0,1.7,249.0
2024-10-29 09:00:00,268.0,1.62,245.25
2024-10-29 10:00:00,193.0,1.85,241.75
2024-10-29 11:00:00,229.5,2.25,245.75
2024-10-29 12:00:00,266.0,1.72,227.25
2024-10-29 13:00:00,234.0,1.6,226.25
2024-10-29 14:00:00,193.0,1.23,188.25
2024-10-29 15:00:00,277.0,1.25,202.5
2024-10-29 16:00:00,233.0,0.68,70.25
2024-10-29 17:00:00,348.0,0.88,245.75
2024-10-29 18:00:00,267.0,0.38,249.0
2024-10-29 19:00:00,555.0,0.3,249.0
2024-10-29 20:00:00,686.0,0.3,249.0
2024-10-29 21:00:00,784.0,0.32,249.0
2024-10-29 22:00:00,746.0,0.3,249.0
2024-10-29 23:00:00,795.0,0.3,249.0
2024-10-30 00:00:00,740.0,0.3,249.0
2024-10-30 01:00:00,720.0,0.3,249.0
2024-10-30 02:00:00,624.0,0.55,249.0
2024-10-30 03:00:00,428.0,0.58,249.0
2024-10-30 04:00:00,418.0,0.52,249.0
2024-10-30 05:00:00,497.0,0.38,249.0
2024-10-30 06:00:00,482.0,0.6,248.75
2024-10-30 07:00:00,539.0,0.9,248.75
2024-10-30 08:00:00,525.0,1.38,249.0
2024-10-30 09:00:00,489.0,1.4,249.0
2024-10-30 10:00:00,498.0,1.3,231.5
2024-10-30 11:00:00,403.0,1.25,231.0
2024-10-30 12:00:00,483.0,1.02,212.75
2024-10-30 13:00:00,407.0,0.82,227.75
2024-10-30 14:00:00,515.0,0.78,210.25
2024-10-30 15:00:00,338.0,0.7,234.5
2024-10-30 16:00:00,313.0,0.48,144.5
2024-10-30 17:00:00,410.0,0.48,1.0
2024-10-30 18:00:00,499.0,0.3,1.0
2024-10-30 19:00:00,709.0,0.32,1.0
2024-10-30 20:00:00,803.0,0.32,6.75
2024-10-30 21:00:00,768.0,0.35,1.0
2024-10-30 22:00:00,831.0,0.55,1.0
2024-10-30 23:00:00,630.0,0.3,1.0
2024-10-31 00:00:00,567.0,0.3,1.0
2024-10-31 01:00:00,642.0,0.3,1.0
2024-10-31 02:00:00,552.0,0.3,1.0
2024-10-31 03:00:00,414.0,0.3,1.0
2024-10-31 04:00:00,377.0,0.3,1.0
2024-10-31 05:00:00,478.0,0.42,1.0
2024-10-31 06:00:00,544.0,0.92,7.0
2024-10-31 07:00:00,544.0,0.95,42.0
2024-10-31 08:00:00,637.0,0.95,104.0
2024-10-31 09:00:00,588.0,0.9,100.0
2024-10-31 10:00:00,647.0,1.08,164.25
2024-10-31 11:00:00,417.0,1.18,236.5
2024-10-31 12:00:00,267.0,1.5,230.75
2024-10-31 13:00:00,313.0,1.45,227.75
2024-10-31 14:00:00,266.0,1.38,237.5
2024-10-31 15:00:00,287.0,1.12,239.75
2024-10-31 16:00:00,355.0,0.9,228.25
2024-10-31 17:00:00,342.0,0.72,243.0
2024-10-31 18:00:00,427.0,0.38,249.0
2024-10-31 19:00:00,505.0,0.45,214.5
2024-10-31 20:00:00,539.0,0.62,234.5
2024-10-31 21:00:00,417.0,0.65,1.0
2024-10-31 22:00:00,626.0,0.57,1.0
2024-10-31 23:00:00,898.0,0.52,130.5
2024-11-01 00:00:00,926.3333333333334,0.6,198.67
2024-11-01 01:00:00,954.6666666666666,0.63,152.33
2024-11-01 02:00:00,983.0,0.72,233.5
2024-11-01 03:00:00,642.0,0.85,150.25
2024-11-01 04:00:00,655.0,0.85,160.25
2024-11-01 05:00:00,516.0,0.55,82.25
2024-11-01 06:00:00,561.0,1.18,167.0
2024-11-01 07:00:00,564.0,1.1,187.25
2024-11-01 08:00:00,477.0,1.1,197.0
2024-11-01 09:00:00,385.0,1.02,226.75
2024-11-01 10:00:00,415.0,1.2,212.75
2024-11-01 11:00:00,300.0,1.4,202.0
2024-11-01 12:00:00,324.0,1.3,212.0
2024-11-01 13:00:00,315.0,1.2,209.0
2024-11-01 14:00:00,312.0,1.45,233.25
2024-11-01 15:00:00,287.0,1.15,235.5
2024-11-01 16:00:00,296.0,0.88,222.5
2024-11-01 17:00:00,345.0,0.38,248.75
2024-11-01 18:00:00,499.0,0.38,249.0
2024-11-01 19:00:00,575.0,0.32,249.0
2024-11-01 20:00:00,550.0,0.3,249.0
2024-11-01 21:00:00,990.0,0.3,249.0
2024-11-01 22:00:00,982.2,0.4,249.0
2024-11-01 23:00:00,974.4,0.48,249.0
2024-11-02 00:00:00,966.6,0.38,249.0
2024-11-02 01:00:00,,0.3,249.0
2024-11-02 02:00:00,951.0,0.32,249.0
2024-11-02 03:00:00,856.0,0.3,249.0
2024-11-02 04:00:00,669.0,0.42,249.0
2024-11-02 05:00:00,627.0,0.5,249.0
2024-11-02 06:00:00,487.0,0.55,249.0
2024-11-02 07:00:00,661.0,0.48,249.0
2024-11-02 08:00:00,548.0,0.43,249.0
2024-11-02 09:00:00,476.0,0.6,249.0
2024-11-02 10:00:00,381.0,0.95,249.0
2024-11-02 11:00:00,394.0,0.9,234.25
2024-11-02 12:00:00,394.0,0.82,158.25
2024-11-02 13:00:00,304.0,0.88,208.0
2024-11-02 14:00:00,298.0,0.68,197.0
2024-11-02 15:00:00,455.0,0.45,102.25
2024-11-02 16:00:00,403.0,0.42,237.75
2024-11-02 17:00:00,333.0,0.3,249.0
2024-11-02 18:00:00,620.0,0.55,249.0
2024-11-02 19:00:00,676.0,0.52,249.0
2024-11-02 20:00:00,668.0,0.35,249.0
2024-11-02 21:00:00,830.0,0.3,249.0
2024-11-02 22:00:00,671.0,0.32,249.0
2024-11-02 23:00:00,566.0,0.3,249.0
2024-11-03 00:00:00,633.0,0.3,249.0
2024-11-03 01:00:00,754.0,0.3,249.0
2024-11-03 02:00:00,711.0,0.3,249.0
2024-11-03 03:00:00,672.0,0.3,249.0
2024-11-03 04:00:00,793.0,0.3,249.0
2024-11-03 05:00:00,781.0,0.3,249.0
2024-11-03 06:00:00,653.0,0.32,249.0
2024-11-03 07:00:00,637.0,0.3,249.0
2024-11-03 08:00:00,884.0,0.52,249.0
2024-11-03 09:00:00,736.0,0.82,225.5
2024-11-03 10:00:00,602.0,0.82,249.0
2024-11-03 11:00:00,570.0,0.82,249.0
2024-11-03 12:00:00,570.0,1.2,221.5
2024-11-03 13:00:00,280.0,1.0,249.0
2024-11-03 14:00:00,300.0,0.92,234.25
2024-11-03 15:00:00,265.0,0.85,249.0
2024-11-03 16:00:00,197.0,0.6,221.75
2024-11-03 17:00:00,265.0,0.45,249.0
2024-11-03 18:00:00,484.0,0.3,249.0
2024-11-03 19:00:00,613.0,0.3,249.0
2024-11-03 20:00:00,848.0,0.3,249.0
2024-11-03 21:00:00,937.0,0.3,249.0
2024-11-03 22:00:00,926.5,0.32,249.0
2024-11-03 23:00:00,916.0,0.32,249.0
2024-11-04 00:00:00,905.5,0.3,249.0
2024-11-04 01:00:00,,0.3,249.0
2024-11-04 02:00:00,,0.3,249.0
2024-11-04 03:00:00,874.0,0.3,249.0
2024-11-04 04:00:00,729.0,0.35,249.0
2024-11-04 05:00:00,647.0,0.43,249.0
2024-11-04 06:00:00,659.0,0.5,248.25
2024-11-04 07:00:00,732.0,0.5,244.5
2024-11-04 08:00:00,738.0,1.2,241.0
2024-11-04 09:00:00,488.0,1.02,248.25
2024-11-04 10:00:00,600.0,1.05,188.5
2024-11-04 11:00:00,453.0,0.9,157.25
2024-11-04 12:00:00,506.0,0.95,213.5
2024-11-04 13:00:00,443.0,1.08,228.0
2024-11-04 14:00:00,332.0,0.82,249.0
2024-11-04 15:00:00,332.0,0.57,249.0
2024-11-04 16:00:00,511.0,0.45,249.0
2024-11-04 17:00:00,594.0,0.3,249.0
2024-11-04 18:00:00,657.0,0.3,249.0
2024-11-04 19:00:00,724.0,0.3,249.0
2024-11-04 20:00:00,710.0,0.3,249.0
2024-11-04 21:00:00,765.5,0.32,249.0
2024-11-04 22:00:00,821.0,0.35,249.0
2024-11-04 23:00:00,969.0,0.3,249.0
2024-11-05 00:00:00,935.0,0.3,249.0
2024-11-05 01:00:00,890.0,0.3,249.0
2024-11-05 02:00:00,918.0,0.3,249.0
2024-11-05 03:00:00,742.0,0.3,249.0
2024-11-05 04:00:00,780.0,0.35,249.0
2024-11-05 05:00:00,705.0,0.3,249.0
2024-11-05 06:00:00,637.0,0.32,249.0
2024-11-05 07:00:00,730.0,1.23,244.5
2024-11-05 08:00:00,447.0,1.4,249.0
2024-11-05 09:00:00,356.0,1.65,249.0
2024-11-05 10:00:00,399.0,1.68,249.0
2024-11-05 11:00:00,326.0,2.03,247.0
2024-11-05 12:00:00,372.0,1.85,245.5
2024-11-05 13:00:00,367.0,1.9,239.0
2024-11-05 14:00:00,309.0,1.9,249.0
2024-11-05 15:00:00,312.0,1.27,226.0
2024-11-05 16:00:00,240.0,0.85,242.25
2024-11-05 17:00:00,228.0,0.35,248.75
2024-11-05 18:00:00,666.0,0.32,249.0
2024-11-05 19:00:00,874.0,0.3,249.0
2024-11-05 20:00:00,842.5625,0.360625,244.1875
2024-11-05 21:00:00,811.125,0.42125,239.375
2024-11-05 22:00:00,779.6875,0.481875,234.5625
2024-11-05 23:00:00,,,
2024-11-06 00:00:00,,,
2024-11-06 01:00:00,,,
2024-11-06 02:00:00,,,
2024-11-06 03:00:00,,,
2024-11-06 04:00:00,,,
2024-11-06 05:00:00,,,
2024-11-06 06:00:00,,,
2024-11-06 07:00:00,,,
2024-11-06 08:00:00,,,
2024-11-06 09:00:00,,,
2024-11-06 10:00:00,,,
2024-11-06 11:00:00,371.0,1.27,172.0
2024-11-06 12:00:00,337.0,1.32,214.25
2024-11-06 13:00:00,321.0,0.98,234.25
2024-11-06 14:00:00,304.0,0.88,114.0
2024-11-06 15:00:00,301.0,0.65,121.25
2024-11-06 16:00:00,335.0,0.48,15.0
2024-11-06 17:00:00,433.0,0.35,140.0
2024-11-06 18:00:00,577.0,0.3,249.0
2024-11-06 19:00:00,913.0,0.3,249.0
2024-11-06 20:00:00,867.0,0.3,249.0
2024-11-06 21:00:00,912.0,0.3,249.0
2024-11-06 22:00:00,957.0,0.3,249.0
2024-11-06 23:00:00,976.0,0.3,249.0
2024-11-07 00:00:00,834.0,0.3,249.0
2024-11-07 01:00:00,896.0,0.3,249.0
2024-11-07 02:00:00,876.0,0.3,249.0
2024-11-07 03:00:00,768.0,0.3,249.0
2024-11-07 04:00:00,802.0,0.3,249.0
2024-11-07 05:00:00,648.0,0.3,249.0
2024-11-07 06:00:00,754.0,0.3,249.0
2024-11-07 07:00:00,736.0,0.38,248.5
2024-11-07 08:00:00,614.0,0.85,181.75
2024-11-07 09:00:00,439.0,1.32,239.75
2024-11-07 10:00:00,407.0,1.45,234.25
2024-11-07 11:00:00,420.0,1.75,188.25
2024-11-07 12:00:00,344.0,1.52,240.5
2024-11-07 13:00:00,310.0,1.38,234.0
2024-11-07 14:00:00,366.0,1.45,248.25
2024-11-07 15:00:00,351.0,0.9,247.75
2024-11-07 16:00:00,272.0,1.05,249.0
2024-11-07 17:00:00,295.0,0.5,238.25
2024-11-07 18:00:00,541.0,0.3,249.0
2024-11-07 19:00:00,671.0,0.3,249.0
2024-11-07 20:00:00,785.0,0.3,249.0
2024-11-07 21:00:00,843.0,0.3,249.0
2024-11-07 22:00:00,843.0,0.3,249.0
2024-11-07 23:00:00,711.0,0.55,249.0
2024-11-08 00:00:00,527.0,0.35,249.0
2024-11-08 01:00:00,597.0,0.32,249.0
2024-11-08 02:00:00,599.0,0.3,249.0
2024-11-08 03:00:00,600.5,0.3,249.0
2024-11-08 04:00:00,602.0,0.3,249.0
2024-11-08 05:00:00,603.0,0.3,249.0
2024-11-08 06:00:00,532.0,0.38,249.0
2024-11-08 07:00:00,515.0,0.92,231.5
2024-11-08 08:00:00,410.0,1.42,212.5
2024-11-08 09:00:00,422.0,1.42,202.75
2024-11-08 10:00:00,421.0,1.58,236.0
2024-11-08 11:00:00,416.0,2.08,246.0
2024-11-08 12:00:00,345.0,1.52,220.75
2024-11-08 13:00:00,439.0,1.58,200.5
2024-11-08 14:00:00,290.0,1.8,248.0
2024-11-08 15:00:00,269.0,1.5,248.5
2024-11-08 16:00:00,240.0,1.23,249.0
2024-11-08 17:00:00,213.0,0.38,249.0
2024-11-08 18:00:00,478.0,0.3,249.0
2024-11-08 19:00:00,589.0,0.33,249.0
2024-11-08 20:00:00,588.0,0.4,249.0
2024-11-08 21:00:00,617.0,0.6,249.0
2024-11-08 22:00:00,521.0,0.5,249.0
2024-11-08 23:00:00,533.0,1.08,249.0
2024-11-09 00:00:00,382.0,0.87,249.0
2024-11-09 01:00:00,385.0,0.88,249.0
2024-11-09 02:00:00,492.0,0.55,249.0
2024-11-09 03:00:00,506.0,0.68,249.0
2024-11-09 04:00:00,495.0,0.68,221.75
2024-11-09 05:00:00,431.0,0.68,218.25
2024-11-09 06:00:00,476.0,0.4,249.0
2024-11-09 07:00:00,514.0,1.5,249.0
2024-11-09 08:00:00,371.0,1.48,219.5
2024-11-09 09:00:00,356.0,1.95,244.0
2024-11-09 10:00:00,477.0,2.17,245.0
2024-11-09 11:00:00,315.0,2.17,246.0
2024-11-09 12:00:00,202.0,2.42,247.0
2024-11-09 13:00:00,301.0,2.22,238.25
2024-11-09 14:00:00,285.0,2.22,246.25
2024-11-09 15:00:00,260.0,2.08,239.0
2024-11-09 16:00:00,269.0,2.08,243.5
2024-11-09 17:00:00,326.0,1.48,205.5
2024-11-09 18:00:00,300.0,1.35,249.0
2024-11-09 19:00:00,367.0,1.25,249.0
2024-11-09 20:00:00,346.0,1.25,249.0
2024-11-09 21:00:00,351.0,0.95,249.0
2024-11-09 22:00:00,278.0,1.25,249.0
2024-11-09 23:00:00,299.0,1.27,249.0
2024-11-10 00:00:00,321.0,1.42,248.0
2024-11-10 01:00:00,268.0,0.98,249.0
2024-11-10 02:00:00,382.0,1.58,249.0
2024-11-10 03:00:00,287.0,1.4,249.0
2024-11-10 04:00:00,283.0,1.2,249.0
2024-11-10 05:00:00,305.0,1.3,249.0
2024-11-10 06:00:00,277.0,1.35,249.0
2024-11-10 07:00:00,272.0,1.8,249.0
2024-11-10 08:00:00,277.0,2.08,239.0
2024-11-10 09:00:00,283.0,1.75,234.5
2024-11-10 10:00:00,295.0,1.65,239.5
2024-11-10 11:00:00,278.0,1.85,235.5
2024-11-10 12:00:00,289.0,1.85,248.5
2024-11-10 13:00:00,309.0,1.58,226.0
2024-11-10 14:00:00,324.0,1.52,245.0
2024-11-10 15:00:00,285.0,1.4,236.0
2024-11-10 16:00:00,269.0,1.0,249.0
2024-11-10 17:00:00,254.0,0.48,249.0
2024-11-10 18:00:00,255.0,0.3,249.0
2024-11-10 19:00:00,609.0,0.3,249.0
2024-11-10 20:00:00,738.0,0.3,249.0
2024-11-10 21:00:00,710.0,0.3,249.0
2024-11-10 22:00:00,708.0,0.5,249.0
2024-11-10 23:00:00,633.0,0.42,249.0
2024-11-11 00:00:00,577.0,0.35,249.0
2024-11-11 01:00:00,490.0,0.68,249.0
2024-11-11 02:00:00,401.0,0.6,249.0
2024-11-11 03:00:00,388.0,0.6,249.0
2024-11-11 04:00:00,376.0,0.38,249.0
2024-11-11 05:00:00,428.0,0.3,249.0
2024-11-11 06:00:00,466.0,0.62,249.0
2024-11-11 07:00:00,451.0,1.1,248.75
2024-11-11 08:00:00,455.0,1.4,244.5
2024-11-11 09:00:00,415.0,1.65,245.75
2024-11-11 10:00:00,362.0,1.2,240.75
2024-11-11 11:00:00,315.0,1.38,247.0
2024-11-11 12:00:00,317.0,1.52,227.75
2024-11-11 13:00:00,296.0,1.52,249.0
2024-11-11 14:00:00,289.0,1.48,246.75
2024-11-11 15:00:00,251.0,0.78,247.0
2024-11-11 16:00:00,455.0,0.43,249.0
2024-11-11 17:00:00,512.0,0.88,189.5
2024-11-11 18:00:00,537.0,0.3,1.75
2024-11-11 19:00:00,621.0,0.3,3.25
2024-11-11 20:00:00,823.0,0.3,5.75
2024-11-11 21:00:00,909.0,0.3,5.5
2024-11-11 22:00:00,864.0,0.3,5.5
2024-11-11 23:00:00,729.0,0.3,8.5
2024-11-12 00:00:00,770.0,0.4,6.75
2024-11-12 01:00:00,709.0,0.32,12.25
2024-11-12 02:00:00,633.0,0.3,15.25
2024-11-12 03:00:00,528.0,0.3,5.75
2024-11-12 04:00:00,567.0,0.3,8.0
2024-11-12 05:00:00,489.0,0.3,14.0
2024-11-12 06:00:00,525.0,0.38,10.5
2024-11-12 07:00:00,427.0,0.38,204.0
2024-11-12 08:00:00,387.0,1.08,213.25
2024-11-12 09:00:00,398.0,1.27,232.5
2024-11-12 10:00:00,404.0,1.42,224.75
2024-11-12 11:00:00,366.0,1.42,217.5
2024-11-12 12:00:00,340.0,1.25,181.0
2024-11-12 13:00:00,283.0,1.2,225.75
2024-11-12 14:00:00,294.0,1.27,247.75
2024-11-12 15:00:00,273.0,1.02,140.5
2024-11-12 16:00:00,400.0,0.57,80.75
2024-11-12 17:00:00,382.0,0.43,91.25
2024-11-12 18:00:00,515.0,0.4,249.0
2024-11-12 19:00:00,512.0,0.4,249.0
2024-11-12 20:00:00,464.0,0.48,151.75
2024-11-12 21:00:00,541.0,0.57,229.75
2024-11-12 22:00:00,680.0,0.4,249.0
2024-11-12 23:00:00,736.0,0.62,249.0
2024-11-13 00:00:00,769.0,0.92,249.0
2024-11-13 01:00:00,878.0,0.88,206.25
2024-11-13 02:00:00,889.0,0.6,249.0
2024-11-13 03:00:00,926.0,0.55,249.0
2024-11-13 04:00:00,914.0,0.75,239.5
2024-11-13 05:00:00,902.0,0.65,249.0
2024-11-13 06:00:00,890.0,0.6,249.0
2024-11-13 07:00:00,820.0,0.78,241.75
2024-11-13 08:00:00,766.0,0.7,249.0
2024-11-13 09:00:00,755.0,0.8,246.75
2024-11-13 10:00:00,871.0,0.9,238.25
2024-11-13 11:00:00,665.0,1.05,242.75
2024-11-13 12:00:00,587.0,1.08,249.0
2024-11-13 13:00:00,536.0,1.02,249.0
2024-11-13 14:00:00,523.0,0.92,207.5
2024-11-13 15:00:00,481.0,0.78,249.0
2024-11-13 16:00:00,525.0,0.78,183.25
2024-11-13 17:00:00,445.0,0.45,112.25
2024-11-13 18:00:00,541.0,0.32,1.0
2024-11-13 19:00:00,633.0,0.32,2.25
2024-11-13 20:00:00,650.0,0.3,2.5
2024-11-13 21:00:00,632.0,0.43,139.5
2024-11-13 22:00:00,563.0,0.8,249.0
2024-11-13 23:00:00,622.0,1.42,249.0
2024-11-14 00:00:00,593.0,0.73,249.0
2024-11-14 01:00:00,632.0,0.62,249.0
2024-11-14 02:00:00,561.0,0.5,249.0
2024-11-14 03:00:00,516.0,0.8,249.0
2024-11-14 04:00:00,522.0,0.85,249.0
2024-11-14 05:00:00,570.0,0.82,249.0
2024-11-14 06:00:00,626.0,1.18,249.0
2024-11-14 07:00:00,558.0,1.55,249.0
2024-11-14 08:00:00,415.0,1.9,249.0
2024-11-14 09:00:00,373.0,2.02,249.0
2024-11-14 10:00:00,365.0,1.4,249.0
2024-11-14 11:00:00,410.0,1.27,249.0
2024-11-14 12:00:00,437.0,1.0,207.0
2024-11-14 13:00:00,574.0,0.92,245.5
2024-11-14 14:00:00,664.0,0.82,247.75
2024-11-14 15:00:00,556.0,0.7,249.0
2024-11-14 16:00:00,440.0,0.8,249.0
2024-11-14 17:00:00,329.0,0.4,249.0
2024-11-14 18:00:00,528.0,0.3,249.0
2024-11-14 19:00:00,779.0,0.38,249.0
2024-11-14 20:00:00,814.0,0.32,249.0
2024-11-14 21:00:00,630.0,0.35,249.0
2024-11-14 22:00:00,664.0,0.38,248.75
2024-11-14 23:00:00,632.0,0.58,249.0
2024-11-15 00:00:00,699.0,0.35,249.0
2024-11-15 01:00:00,932.0,0.57,249.0
2024-11-15 02:00:00,672.0,0.6,249.0
2024-11-15 03:00:00,637.0,0.42,249.0
2024-11-15 04:00:00,665.0,0.35,249.0
2024-11-15 05:00:00,720.0,0.4,249.0
2024-11-15 06:00:00,705.0,0.52,249.0
2024-11-15 07:00:00,755.0,0.45,249.0
2024-11-15 08:00:00,842.0,0.68,45.75
2024-11-15 09:00:00,904.0,0.55,215.75
2024-11-15 10:00:00,842.0,0.85,60.25
2024-11-15 11:00:00,759.0,0.9,148.0
2024-11-15 12:00:00,593.0,1.15,209.75
2024-11-15 13:00:00,448.0,1.0,145.0
2024-11-15 14:00:00,318.0,1.08,235.25
2024-11-15 15:00:00,257.0,0.9,237.5
2024-11-15 16:00:00,331.0,0.72,247.5
2024-11-15 17:00:00,311.0,0.35,249.0
2024-11-15 18:00:00,412.0,0.3,249.0
2024-11-15 19:00:00,364.0,0.32,249.0
2024-11-15 20:00:00,436.0,0.3,249.0
2024-11-15 21:00:00,538.0,0.3,249.0
2024-11-15 22:00:00,555.0,0.55,249.0
2024-11-15 23:00:00,710.0,0.7,249.0
2024-11-16 00:00:00,878.0,0.3,249.0
2024-11-16 01:00:00,868.0,0.35,249.0
2024-11-16 02:00:00,896.0,0.3,249.0
2024-11-16 03:00:00,837.0,0.3,249.0
2024-11-16 04:00:00,802.0,0.42,57.25
2024-11-16 05:00:00,860.0,0.4,144.25
2024-11-16 06:00:00,832.0,0.5,190.25
2024-11-16 07:00:00,773.0,0.78,63.5
2024-11-16 08:00:00,731.0,0.62,236.0
2024-11-16 09:00:00,826.0,0.57,75.0
2024-11-16 10:00:00,821.0,0.55,92.75
2024-11-16 11:00:00,770.0,0.95,222.75
2024-11-16 12:00:00,625.0,1.0,221.0
2024-11-16 13:00:00,382.0,1.15,201.25
2024-11-16 14:00:00,291.0,0.82,249.0
2024-11-16 15:00:00,329.0,0.68,178.25
2024-11-16 16:00:00,374.0,0.43,1.25
2024-11-16 17:00:00,451.0,0.32,1.0
2024-11-16 18:00:00,577.0,0.3,1.0
2024-11-16 19:00:00,626.0,0.3,1.0
2024-11-16 20:00:00,733.0,0.3,1.0
2024-11-16 21:00:00,860.0,0.3,1.0
2024-11-16 22:00:00,718.0,0.3,1.0
2024-11-16 23:00:00,735.0,0.3,1.0
2024-11-17 00:00:00,748.0,0.3,1.0
2024-11-17 01:00:00,922.0,0.3,1.0
2024-11-17 02:00:00,708.0,0.6,164.25
2024-11-17 03:00:00,714.0,0.52,249.0
2024-11-17 04:00:00,746.0,0.35,249.0
2024-11-17 05:00:00,780.0,0.38,249.0
2024-11-17 06:00:00,696.0,0.55,249.0
2024-11-17 07:00:00,705.0,0.45,249.0
2024-11-17 08:00:00,731.0,0.9,148.75
2024-11-17 09:00:00,511.0,0.7,117.0
2024-11-17 10:00:00,440.0,0.65,162.5
2024-11-17 11:00:00,475.0,0.92,229.75
2024-11-17 12:00:00,567.0,1.1,247.0
2024-11-17 13:00:00,639.0,0.92,249.0
2024-11-17 14:00:00,555.0,0.95,249.0
2024-11-17 15:00:00,503.0,0.88,234.0
2024-11-17 16:00:00,610.0,0.9,247.0
2024-11-17 17:00:00,586.0,0.9,246.0
2024-11-17 18:00:00,594.0,0.82,248.5
2024-11-17 19:00:00,597.0,0.8,222.0
2024-11-17 20:00:00,791.0,0.6,249.0
2024-11-17 21:00:00,976.0,0.62,202.25
2024-11-17 22:00:00,987.0,0.85,201.0
2024-11-17 23:00:00,998.0,0.68,151.5
2024-11-18 00:00:00,845.0,0.72,201.75
2024-11-18 01:00:00,781.0,0.72,247.25
2024-11-18 02:00:00,680.0,0.68,249.0
2024-11-18 03:00:00,709.0,0.72,226.25
2024-11-18 04:00:00,724.0,0.72,248.75
2024-11-18 05:00:00,731.0,0.8,230.0
2024-11-18 06:00:00,729.0,0.82,246.0
2024-11-18 07:00:00,736.0,0.95,214.0
2024-11-18 08:00:00,762.0,0.8,249.0
2024-11-18 09:00:00,863.0,0.78,90.75
2024-11-18 10:00:00,995.0,0.8,237.25
2024-11-18 11:00:00,961.75,0.8,249.0
2024-11-18 12:00:00,928.5,1.02,249.0
2024-11-18 13:00:00,895.25,1.03,249.0
2024-11-18 14:00:00,862.0,0.88,193.5
2024-11-18 15:00:00,915.0,0.75,245.0
2024-11-18 16:00:00,890.0,0.45,167.0
2024-11-18 17:00:00,943.0,0.35,182.5
2024-11-18 18:00:00,885.0,0.3,249.0
2024-11-18 19:00:00,953.0,0.32,249.0
2024-11-18 20:00:00,880.0,0.3,249.0
2024-11-18 21:00:00,889.0,0.3,249.0
2024-11-18 22:00:00,963.0,0.3,249.0
2024-11-18 23:00:00,874.0,0.3,249.0
2024-11-19 00:00:00,995.0,0.3,249.0
2024-11-19 01:00:00,990.3333333333334,0.3,249.0
2024-11-19 02:00:00,985.6666666666666,0.3,249.0
2024-11-19 03:00:00,981.0,0.3,249.0
2024-11-19 04:00:00,871.0,0.35,249.0
2024-11-19 05:00:00,864.0,0.32,249.0
2024-11-19 06:00:00,666.0,0.42,249.0
2024-11-19 07:00:00,500.0,0.62,249.0
2024-11-19 08:00:00,521.0,1.1,249.0
2024-11-19 09:00:00,437.0,0.8,187.5
2024-11-19 10:00:00,487.0,0.75,78.0
2024-11-19 11:00:00,484.0,0.95,249.0
2024-11-19 12:00:00,473.0,0.95,249.0
2024-11-19 13:00:00,411.0,0.98,249.0
2024-11-19 14:00:00,411.0,0.98,249.0
2024-11-19 15:00:00,372.0,0.88,249.0
2024-11-19 16:00:00,374.0,0.48,208.5
2024-11-19 17:00:00,439.0,0.3,249.0
2024-11-19 18:00:00,585.0,0.38,249.0
2024-11-19 19:00:00,679.0,0.3,249.0
2024-11-19 20:00:00,637.0,0.3,249.0
2024-11-19 21:00:00,638.0,0.35,249.0
2024-11-19 22:00:00,603.0,0.5,249.0
2024-11-19 23:00:00,630.0,0.3,249.0
2024-11-20 00:00:00,707.0,0.3,249.0
2024-11-20 01:00:00,674.0,0.3,249.0
2024-11-20 02:00:00,647.0,0.32,249.0
2024-11-20 03:00:00,687.0,0.3,249.0
2024-11-20 04:00:00,626.0,0.3,249.0
2024-11-20 05:00:00,566.0,0.5,222.0
2024-11-20 06:00:00,583.0,0.7,225.75
2024-11-20 07:00:00,567.0,0.75,222.75
2024-11-20 08:00:00,585.0,1.02,247.0
2024-11-20 09:00:00,589.0,0.8,220.5
2024-11-20 10:00:00,544.0,0.8,68.75
2024-11-20 11:00:00,532.0,0.92,207.5
2024-11-20 12:00:00,409.0,0.92,248.25
2024-11-20 13:00:00,329.0,1.0,245.25
2024-11-20 14:00:00,280.0,0.98,196.25
2024-11-20 15:00:00,265.0,0.82,249.0
2024-11-20 16:00:00,311.0,0.48,249.0
2024-11-20 17:00:00,360.0,0.32,249.0
2024-11-20 18:00:00,421.0,0.32,249.0
2024-11-20 19:00:00,575.0,0.38,249.0
2024-11-20 20:00:00,672.0,0.38,249.0
2024-11-20 21:00:00,735.0,0.32,249.0
2024-11-20 22:00:00,764.0,0.3,249.0
2024-11-20 23:00:00,708.0,0.32,249.0
2024-11-21 00:00:00,694.0,0.33,249.0
2024-11-21 01:00:00,633.0,0.32,249.0
2024-11-21 02:00:00,544.0,0.3,249.0
2024-11-21 03:00:00,522.0,0.3,249.0
2024-11-21 04:00:00,394.0,0.3,249.0
2024-11-21 05:00:00,414.0,0.3,249.0
2024-11-21 06:00:00,506.0,0.45,249.0
2024-11-21 07:00:00,469.0,0.85,244.0
2024-11-21 08:00:00,461.0,1.5,233.0
2024-11-21 09:00:00,498.0,0.85,150.75
2024-11-21 10:00:00,480.0,0.98,19.5
2024-11-21 11:00:00,548.0,0.85,195.75
2024-11-21 12:00:00,473.0,1.05,247.0
2024-11-21 13:00:00,320.0,0.95,239.25
2024-11-21 14:00:00,251.0,0.92,243.25
2024-11-21 15:00:00,257.0,0.7,80.25
2024-11-21 16:00:00,299.0,0.42,1.75
2024-11-21 17:00:00,331.0,0.35,1.25
2024-11-21 18:00:00,429.0,0.3,1.0
2024-11-21 19:00:00,621.0,0.3,1.0
2024-11-21 20:00:00,636.0,0.3,1.0
2024-11-21 21:00:00,635.0,0.3,1.0
2024-11-21 22:00:00,709.0,0.32,1.0
2024-11-21 23:00:00,649.0,0.3,1.0
2024-11-22 00:00:00,672.0,0.32,1.0
2024-11-22 01:00:00,683.0,0.32,1.0
2024-11-22 02:00:00,593.0,0.32,1.0
2024-11-22 03:00:00,643.0,0.35,1.0
2024-11-22 04:00:00,683.0,0.3,1.0
2024-11-22 05:00:00,622.0,0.3,1.0
2024-11-22 06:00:00,598.0,0.38,42.25
2024-11-22 07:00:00,571.0,1.05,125.5
2024-11-22 08:00:00,592.0,1.25,18.5
2024-11-22 09:00:00,597.0,0.62,8.0
2024-11-22 10:00:00,563.0,0.68,1.5
2024-11-22 11:00:00,583.0,0.95,140.0
2024-11-22 12:00:00,516.0,0.85,230.0
2024-11-22 13:00:00,421.0,0.82,249.0
2024-11-22 14:00:00,396.0,0.78,249.0
2024-11-22 15:00:00,404.0,0.5,249.0
2024-11-22 16:00:00,396.0,0.3,249.0
2024-11-22 17:00:00,748.0,0.3,9.0
2024-11-22 18:00:00,626.0,0.32,1.0
2024-11-22 19:00:00,564.0,0.35,1.0
2024-11-22 20:00:00,657.0,0.3,1.0
2024-11-22 21:00:00,758.0,0.3,1.0
2024-11-22 22:00:00,774.0,0.3,1.0
2024-11-22 23:00:00,917.0,0.3,1.0
2024-11-23 00:00:00,919.0,0.3,1.0
2024-11-23 01:00:00,946.0,0.3,1.0
2024-11-23 02:00:00,779.0,0.3,1.5
2024-11-23 03:00:00,763.0,0.3,2.0
2024-11-23 04:00:00,754.0,0.3,1.75
2024-11-23 05:00:00,664.0,0.35,26.5
2024-11-23 06:00:00,580.0,0.32,249.0
2024-11-23 07:00:00,523.0,0.62,233.0
2024-11-23 08:00:00,483.0,0.48,5.25
2024-11-23 09:00:00,613.0,0.75,88.25
2024-11-23 10:00:00,504.0,1.12,126.5
2024-11-23 11:00:00,504.0,1.25,190.0
2024-11-23 12:00:00,418.0,1.52,154.25
2024-11-23 13:00:00,298.0,1.3,206.25
2024-11-23 14:00:00,237.0,1.1,166.5
2024-11-23 15:00:00,239.0,0.72,164.75
2024-11-23 16:00:00,273.0,0.32,1.0
2024-11-23 17:00:00,371.0,0.3,79.5
2024-11-23 18:00:00,641.0,0.3,249.0
2024-11-23 19:00:00,858.0,0.3,249.0
2024-11-23 20:00:00,970.0,0.3,249.0
2024-11-23 21:00:00,930.0,0.3,249.0
2024-11-23 22:00:00,935.0,0.35,249.0
2024-11-23 23:00:00,895.0,0.3,249.0
2024-11-24 00:00:00,792.0,0.38,249.0
2024-11-24 01:00:00,616.0,0.35,249.0
2024-11-24 02:00:00,469.0,0.3,249.0
2024-11-24 03:00:00,490.0,0.32,249.0
2024-11-24 04:00:00,588.0,0.35,249.0
2024-11-24 05:00:00,439.0,0.3,249.0
2024-11-24 06:00:00,410.0,0.3,249.0
2024-11-24 07:00:00,421.0,0.35,249.0
2024-11-24 08:00:00,331.0,0.7,138.75
2024-11-24 09:00:00,272.0,0.8,162.0
2024-11-24 10:00:00,342.0,1.08,110.0
2024-11-24 11:00:00,252.0,0.92,217.0
2024-11-24 12:00:00,263.0,0.98,157.75
2024-11-24 13:00:00,224.0,1.08,165.75
2024-11-24 14:00:00,269.0,0.98,230.5
2024-11-24 15:00:00,263.0,0.75,158.75
2024-11-24 16:00:00,313.0,0.4,26.25
2024-11-24 17:00:00,351.0,0.3,249.0
2024-11-24 18:00:00,370.0,0.6,249.0
2024-11-24 19:00:00,460.0,0.45,249.0
2024-11-24 20:00:00,538.0,0.82,249.0
2024-11-24 21:00:00,443.0,0.48,249.0
2024-11-24 22:00:00,594.0,0.5,249.0
2024-11-24 23:00:00,440.0,0.45,249.0
2024-11-25 00:00:00,493.0,0.35,75.25
2024-11-25 01:00:00,571.0,0.3,5.25
2024-11-25 02:00:00,477.0,0.32,8.0
2024-11-25 03:00:00,438.0,0.45,1.0
2024-11-25 04:00:00,373.0,0.62,74.5
2024-11-25 05:00:00,451.0,0.48,1.5
2024-11-25 06:00:00,387.0,0.52,1.0
2024-11-25 07:00:00,418.0,0.52,1.0
2024-11-25 08:00:00,469.0,0.78,17.0
2024-11-25 09:00:00,571.0,0.57,96.75
2024-11-25 10:00:00,799.0,0.95,189.75
2024-11-25 11:00:00,622.0,1.05,215.75
2024-11-25 12:00:00,692.0,1.2,209.0
2024-11-25 13:00:00,461.0,1.4,186.0
2024-11-25 14:00:00,405.0,1.23,243.5
2024-11-25 15:00:00,466.0,0.98,248.75
2024-11-25 16:00:00,482.0,0.57,193.25
2024-11-25 17:00:00,528.0,0.3,249.0
2024-11-25 18:00:00,572.0,0.3,249.0
2024-11-25 19:00:00,616.5,0.3,249.0
2024-11-25 20:00:00,661.0,0.3,249.0
2024-11-25 21:00:00,553.0,0.3,249.0
2024-11-25 22:00:00,582.0,0.52,249.0
2024-11-25 23:00:00,528.0,0.35,249.0
2024-11-26 00:00:00,456.0,0.4,249.0
2024-11-26 01:00:00,488.0,0.32,249.0
2024-11-26 02:00:00,472.25,0.38,237.70875
2024-11-26 03:00:00,456.5,0.44,226.4175
2024-11-26 04:00:00,440.75,0.5,215.12625
2024-11-26 05:00:00,,,
2024-11-26 06:00:00,,,
2024-11-26 07:00:00,,,
2024-11-26 08:00:00,,,
2024-11-26 09:00:00,362.0,0.8,158.67
2024-11-26 10:00:00,454.0,0.88,142.5
2024-11-26 11:00:00,324.0,0.98,244.75
2024-11-26 12:00:00,313.0,1.1,179.0
2024-11-26 13:00:00,175.0,1.165,207.625
2024-11-26 14:00:00,195.0,1.23,236.25
2024-11-26 15:00:00,226.0,1.12,182.25
2024-11-26 16:00:00,329.0,0.57,52.75
2024-11-26 17:00:00,318.0,0.35,69.0
2024-11-26 18:00:00,425.0,0.3,2.5
2024-11-26 19:00:00,429.0,0.3,2.0
2024-11-26 20:00:00,447.0,0.3,2.0
2024-11-26 21:00:00,523.0,0.3,2.0
2024-11-26 22:00:00,611.0,0.3,2.0
2024-11-26 23:00:00,489.0,0.3,2.0
2024-11-27 00:00:00,493.0,0.3666666666666667,2.2222222222222223
2024-11-27 01:00:00,497.0,0.43333333333333335,2.4444444444444446
2024-11-27 02:00:00,501.0,0.5,2.6666666666666665
2024-11-27 03:00:00,,,
2024-11-27 04:00:00,,,
2024-11-27 05:00:00,,,
2024-11-27 06:00:00,,,
2024-11-27 07:00:00,,,
2024-11-27 08:00:00,525.0,0.9,4.0
2024-11-27 09:00:00,359.0,0.65,2.75
2024-11-27 10:00:00,366.0,0.82,3.0
2024-11-27 11:00:00,324.0,0.85,72.25
2024-11-27 12:00:00,284.0,1.12,222.75
2024-11-27 13:00:00,266.0,1.32,244.75
2024-11-27 14:00:00,288.0,0.92,230.25
2024-11-27 15:00:00,289.0,0.72,234.25
2024-11-27 16:00:00,250.0,0.62,250.0
2024-11-27 17:00:00,222.0,0.33,250.0
2024-11-27 18:00:00,387.0,0.3,250.0
2024-11-27 19:00:00,465.0,0.3,250.0
2024-11-27 20:00:00,465.0,0.3,250.0
2024-11-27 21:00:00,566.0,0.3,250.0
2024-11-27 22:00:00,616.0,0.3,250.0
2024-11-27 23:00:00,642.0,0.32,250.0
2024-11-28 00:00:00,686.0,0.3,250.0
2024-11-28 01:00:00,686.0,0.3,250.0
2024-11-28 02:00:00,575.0,0.32,250.0
2024-11-28 03:00:00,548.0,0.3,250.5
2024-11-28 04:00:00,415.0,0.3,251.0
2024-11-28 05:00:00,431.0,0.3,251.0
2024-11-28 06:00:00,464.0,0.3,251.0
2024-11-28 07:00:00,505.0,0.3,251.0
2024-11-28 08:00:00,787.0,0.5,141.0
2024-11-28 09:00:00,604.0,0.9,251.0
2024-11-28 10:00:00,658.0,1.4,251.0
2024-11-28 11:00:00,307.0,1.03,250.75
2024-11-28 12:00:00,284.0,1.75,251.0
2024-11-28 13:00:00,239.0,1.15,251.0
2024-11-28 14:00:00,251.0,1.0,201.0
2024-11-28 15:00:00,145.0,0.72,251.0
2024-11-28 16:00:00,218.0,0.43,251.0
2024-11-28 17:00:00,256.0,0.3,250.75
2024-11-28 18:00:00,350.0,0.3,251.0
2024-11-28 19:00:00,329.0,0.3,251.0
2024-11-28 20:00:00,569.0,0.3,251.25
2024-11-28 21:00:00,730.0,0.3,251.0
2024-11-28 22:00:00,806.0,0.3,251.25
2024-11-28 23:00:00,777.0,0.3,252.0
2024-11-29 00:00:00,768.0,0.3,251.75
2024-11-29 01:00:00,701.0,0.3,251.0
2024-11-29 02:00:00,791.0,0.3,251.0
2024-11-29 03:00:00,776.0,0.3,251.0
2024-11-29 04:00:00,768.0,0.3,251.0
2024-11-29 05:00:00,495.0,0.3,251.0
2024-11-29 06:00:00,499.0,0.3,251.25
2024-11-29 07:00:00,504.0,0.35,252.0
2024-11-29 08:00:00,639.0,0.45,252.0
2024-11-29 09:00:00,887.0,1.35,252.0
2024-11-29 10:00:00,522.0,0.82,205.75
2024-11-29 11:00:00,302.0,0.85,242.5
2024-11-29 12:00:00,290.0,0.95,225.75
2024-11-29 13:00:00,291.0,0.82,200.0
2024-11-29 14:00:00,194.0,1.1,165.5
2024-11-29 15:00:00,166.0,0.78,251.0
2024-11-29 16:00:00,235.0,0.48,251.0
2024-11-29 17:00:00,204.0,0.32,252.0
2024-11-29 18:00:00,409.0,0.3,252.0
2024-11-29 19:00:00,418.0,0.3,252.0
2024-11-29 20:00:00,383.0,0.3,252.0
2024-11-29 21:00:00,499.0,0.3,252.0
2024-11-29 22:00:00,775.0,0.32,252.0
2024-11-29 23:00:00,691.0,0.3,251.5
2024-11-30 00:00:00,704.0,0.3,252.0
2024-11-30 01:00:00,792.0,0.3,252.0
2024-11-30 02:00:00,786.0,0.3,252.0
2024-11-30 03:00:00,733.0,0.3,252.0
2024-11-30 04:00:00,655.0,0.3,252.0
2024-11-30 05:00:00,549.0,0.3,252.0
2024-11-30 06:00:00,626.0,0.3,252.0
2024-11-30 07:00:00,610.0,0.3,252.0
2024-11-30 08:00:00,719.0,0.52,251.75
2024-11-30 09:00:00,527.0,0.6,251.5
2024-11-30 10:00:00,466.0,0.82,209.5
2024-11-30 11:00:00,382.0,1.08,242.25
2024-11-30 12:00:00,318.0,1.15,247.25
2024-11-30 13:00:00,290.0,1.02,235.5
2024-11-30 14:00:00,217.0,1.4,246.0
2024-11-30 15:00:00,146.0,0.88,251.0
2024-11-30 16:00:00,234.0,0.48,252.0
2024-11-30 17:00:00,199.0,0.32,252.0
2024-11-30 18:00:00,335.0,0.3,252.0
2024-11-30 19:00:00,469.0,0.3,252.0
2024-11-30 20:00:00,614.0,0.3,252.0
2024-11-30 21:00:00,588.0,0.42,252.0
2024-11-30 22:00:00,532.0,0.45,252.0
2024-11-30 23:00:00,580.0,0.3,252.0
2024-12-01 00:00:00,552.0,0.3,252.0
2024-12-01 01:00:00,534.0,0.3,252.0
2024-12-01 02:00:00,389.0,0.35,252.0
2024-12-01 03:00:00,255.0,0.38,252.0
2024-12-01 04:00:00,233.0,0.3,252.0
2024-12-01 05:00:00,427.0,0.3,252.0
2024-12-01 06:00:00,512.0,0.3,252.0
2024-12-01 07:00:00,454.0,0.38,242.25
2024-12-01 08:00:00,318.0,0.78,252.0
2024-12-01 09:00:00,342.0,1.12,242.5
2024-12-01 10:00:00,285.0,0.78,197.5
2024-12-01 11:00:00,304.0,1.0,186.75
2024-12-01 12:00:00,218.0,1.08,210.5
2024-12-01 13:00:00,155.0,1.27,199.0
2024-12-01 14:00:00,145.0,1.1,236.0
2024-12-01 15:00:00,177.0,0.98,234.25
2024-12-01 16:00:00,207.0,0.75,230.0
2024-12-01 17:00:00,246.0,0.32,252.0
2024-12-01 18:00:00,377.0,0.32,252.0
2024-12-01 19:00:00,418.0,0.3,252.0
2024-12-01 20:00:00,437.0,0.3,252.0
2024-12-01 21:00:00,528.0,0.35,252.0
2024-12-01 22:00:00,554.0,0.3,252.0
2024-12-01 23:00:00,401.0,0.35,252.0
2024-12-02 00:00:00,443.0,0.32,252.0
2024-12-02 01:00:00,488.0,0.3,252.0
2024-12-02 02:00:00,376.0,0.32,252.0
2024-12-02 03:00:00,301.0,0.3,252.0
2024-12-02 04:00:00,351.0,0.32,252.0
2024-12-02 05:00:00,360.0,0.35,252.0
2024-12-02 06:00:00,349.0,0.35,252.0
2024-12-02 07:00:00,400.0,0.38,247.5
2024-12-02 08:00:00,366.0,0.7,230.0
2024-12-02 09:00:00,295.0,0.75,195.5
2024-12-02 10:00:00,289.0,1.25,241.5
2024-12-02 11:00:00,200.0,1.08,163.5
2024-12-02 12:00:00,217.0,1.18,240.25
2024-12-02 13:00:00,190.0,1.08,242.75
2024-12-02 14:00:00,260.0,1.0,238.5
2024-12-02 15:00:00,237.0,0.78,230.0
2024-12-02 16:00:00,246.0,0.52,136.5
2024-12-02 17:00:00,243.0,0.3,6.5
2024-12-02 18:00:00,321.0,0.38,7.25
2024-12-02 19:00:00,328.0,0.32,9.5
2024-12-02 20:00:00,376.0,0.3,7.5
2024-12-02 21:00:00,504.0,0.3,7.25
2024-12-02 22:00:00,514.0,0.3,7.5
2024-12-02 23:00:00,637.0,0.43,7.0
2024-12-03 00:00:00,559.0,0.52,7.0
2024-12-03 01:00:00,480.0,0.32,8.0
2024-12-03 02:00:00,327.0,0.38,12.25
2024-12-03 03:00:00,329.0,0.35,9.25
2024-12-03 04:00:00,307.0,0.3,8.75
2024-12-03 05:00:00,295.0,0.3,8.75
2024-12-03 06:00:00,283.0,0.35,8.0
2024-12-03 07:00:00,437.0,0.3,9.0
2024-12-03 08:00:00,418.0,0.5,74.75
2024-12-03 09:00:00,355.0,0.88,207.75
2024-12-03 10:00:00,351.0,1.02,229.75
2024-12-03 11:00:00,291.0,1.27,199.0
2024-12-03 12:00:00,246.0,1.48,221.0
2024-12-03 13:00:00,279.0,1.08,229.0
2024-12-03 14:00:00,224.0,1.2,226.25
2024-12-03 15:00:00,196.0,1.18,251.25
2024-12-03 16:00:00,174.0,0.78,231.75
2024-12-03 17:00:00,191.0,0.32,255.25
2024-12-03 18:00:00,364.0,0.32,257.25
2024-12-03 19:00:00,442.0,0.38,255.0
2024-12-03 20:00:00,456.0,0.38,252.0
2024-12-03 21:00:00,454.0,0.38,252.0
2024-12-03 22:00:00,533.0,0.77,235.33
2024-12-03 23:00:00,277.0,0.78,198.25
2024-12-04 00:00:00,202.0,0.82,186.75
2024-12-04 01:00:00,160.0,0.62,90.5
2024-12-04 02:00:00,132.0,0.9,249.5
2024-12-04 03:00:00,156.0,1.1,200.0
2024-12-04 04:00:00,150.0,0.98,205.5
2024-12-04 05:00:00,143.0,0.95,194.75
2024-12-04 06:00:00,232.0,0.85,189.5
2024-12-04 07:00:00,206.0,0.78,151.75
2024-12-04 08:00:00,239.0,1.02,217.0
2024-12-04 09:00:00,243.0,1.23,192.67
2024-12-04 10:00:00,212.0,1.3,230.5
2024-12-04 11:00:00,174.0,1.3,230.0
2024-12-04 12:00:00,153.0,1.6,233.0
2024-12-04 13:00:00,206.0,1.48,227.5
2024-12-04 14:00:00,191.0,1.52,212.0
2024-12-04 15:00:00,240.0,1.3,235.25
2024-12-04 16:00:00,223.0,1.15,195.25
2024-12-04 17:00:00,202.0,0.65,206.0
2024-12-04 18:00:00,288.0,0.43,3.0
2024-12-04 19:00:00,293.0,0.52,208.75
2024-12-04 20:00:00,279.5,0.5166666666666667,215.79166666666666
2024-12-04 21:00:00,266.0,0.5133333333333333,222.83333333333334
2024-12-04 22:00:00,252.5,0.51,229.875
2024-12-04 23:00:00,,,
2024-12-05 00:00:00,,,
2024-12-05 01:00:00,212.0,0.5,251.0
2024-12-05 02:00:00,199.0,0.53,251.0
2024-12-05 03:00:00,217.0,0.68,219.25
2024-12-05 04:00:00,179.0,0.55,46.75
2024-12-05 05:00:00,164.0,0.55,245.5
2024-12-05 06:00:00,178.0,0.62,186.75
2024-12-05 07:00:00,262.0,1.23,70.5
2024-12-05 08:00:00,221.0,1.42,95.75
2024-12-05 09:00:00,333.0,1.25,171.75
2024-12-05 10:00:00,228.0,1.23,179.75
2024-12-05 11:00:00,191.0,1.42,233.0
2024-12-05 12:00:00,229.0,1.6,224.0
2024-12-05 13:00:00,328.0,1.62,224.25
2024-12-05 14:00:00,229.0,1.57,243.33
2024-12-05 15:00:00,146.0,1.38,233.0
2024-12-05 16:00:00,161.0,1.05,185.25
2024-12-05 17:00:00,91.0,0.55,207.5
2024-12-05 18:00:00,199.0,0.3,251.0
2024-12-05 19:00:00,304.0,0.38,251.25
2024-12-05 20:00:00,360.0,0.3,251.0
2024-12-05 21:00:00,403.0,0.4,251.25
2024-12-05 22:00:00,503.0,0.38,252.0
2024-12-05 23:00:00,509.0,0.38,252.0
2024-12-06 00:00:00,508.0,0.35,252.0
2024-12-06 01:00:00,436.0,0.37,252.0
2024-12-06 02:00:00,377.0,0.35,252.0
2024-12-06 03:00:00,224.0,0.55,225.75
2024-12-06 04:00:00,194.0,0.65,214.5
2024-12-06 05:00:00,259.0,0.8,24.5
2024-12-06 06:00:00,240.0,0.8,110.5
2024-12-06 07:00:00,232.0,1.15,105.75
2024-12-06 08:00:00,374.0,0.72,55.0
2024-12-06 09:00:00,368.0,0.92,169.25
2024-12-06 10:00:00,279.0,1.08,182.0
2024-12-06 11:00:00,241.0,1.1,223.25
2024-12-06 12:00:00,197.0,1.3,202.67
2024-12-06 13:00:00,106.0,1.25,201.5
2024-12-06 14:00:00,107.0,1.38,238.0
2024-12-06 15:00:00,160.0,1.42,239.75
2024-12-06 16:00:00,166.0,0.95,202.0
2024-12-06 17:00:00,191.0,0.48,198.25
2024-12-06 18:00:00,401.0,0.32,251.0
2024-12-06 19:00:00,356.0,0.32,251.5
2024-12-06 20:00:00,442.0,0.3,252.0
2024-12-06 21:00:00,505.0,0.4,252.0
2024-12-06 22:00:00,619.0,0.38,251.5
2024-12-06 23:00:00,632.0,0.3,251.0
2024-12-07 00:00:00,589.0,0.32,251.0
2024-12-07 01:00:00,544.0,0.35,251.0
2024-12-07 02:00:00,434.0,0.38,251.0
2024-12-07 03:00:00,445.0,0.5,251.0
2024-12-07 04:00:00,404.0,0.3,251.0
2024-12-07 05:00:00,350.0,0.42,239.5
2024-12-07 06:00:00,335.0,0.45,3.25
2024-12-07 07:00:00,327.0,0.4,3.0
2024-12-07 08:00:00,555.0,0.8,67.5
2024-12-07 09:00:00,332.0,0.88,87.0
2024-12-07 10:00:00,226.0,1.2,138.0
2024-12-07 11:00:00,213.0,1.0,125.0
2024-12-07 12:00:00,212.0,1.23,229.0
2024-12-07 13:00:00,212.0,1.1,194.5
2024-12-07 14:00:00,193.0,1.08,233.0
2024-12-07 15:00:00,185.0,0.98,251.0
2024-12-07 16:00:00,183.0,0.5,251.0
2024-12-07 17:00:00,202.0,0.32,251.0
2024-12-07 18:00:00,335.0,0.32,251.0
2024-12-07 19:00:00,406.0,0.32,251.0
2024-12-07 20:00:00,582.0,0.3,251.0
2024-12-07 21:00:00,791.0,0.45,251.0
2024-12-07 22:00:00,935.0,0.3,251.0
2024-12-07 23:00:00,924.0,0.3,251.0
2024-12-08 00:00:00,932.0,0.32,251.0
2024-12-08 01:00:00,798.0,0.32,251.25
2024-12-08 02:00:00,660.0,0.32,251.0
2024-12-08 03:00:00,697.0,0.35,251.75
2024-12-08 04:00:00,605.0,0.32,251.5
2024-12-08 05:00:00,550.0,0.32,251.0
2024-12-08 06:00:00,570.0,0.68,251.0
2024-12-08 07:00:00,558.0,0.6,251.0
2024-12-08 08:00:00,395.0,1.45,236.0
2024-12-08 09:00:00,267.0,2.35,250.75
2024-12-08 10:00:00,306.0,2.75,249.5
2024-12-08 11:00:00,574.0,2.8,249.25
2024-12-08 12:00:00,465.0,3.05,245.75
2024-12-08 13:00:00,304.0,2.72,247.75
2024-12-08 14:00:00,208.0,2.0,242.5
2024-12-08 15:00:00,184.0,1.8,247.0
2024-12-08 16:00:00,263.0,1.58,248.75
2024-12-08 17:00:00,371.0,1.15,251.0
2024-12-08 18:00:00,279.0,0.75,251.0
2024-12-08 19:00:00,399.0,1.75,250.75
2024-12-08 20:00:00,280.0,1.55,251.0
2024-12-08 21:00:00,310.0,1.6,251.0
2024-12-08 22:00:00,305.0,2.65,251.0
2024-12-08 23:00:00,199.0,3.35,251.0
2024-12-09 00:00:00,202.0,2.98,251.0
2024-12-09 01:00:00,150.0,2.02,251.0
2024-12-09 02:00:00,73.0,0.9,251.0
2024-12-09 03:00:00,94.0,1.05,251.0
2024-12-09 04:00:00,124.0,0.57,251.0
2024-12-09 05:00:00,149.0,0.4,251.0
2024-12-09 06:00:00,210.0,0.8,251.0
2024-12-09 07:00:00,201.0,1.1,251.0
2024-12-09 08:00:00,155.0,0.7,251.0
2024-12-09 09:00:00,101.0,0.85,251.0
2024-12-09 10:00:00,113.0,1.0,159.0
2024-12-09 11:00:00,111.0,1.17,5.33
2024-12-09 12:00:00,122.0,1.18,177.25
2024-12-09 13:00:00,202.0,1.15,114.0
2024-12-09 14:00:00,200.0,0.98,217.25
2024-12-09 15:00:00,255.0,0.85,251.0
2024-12-09 16:00:00,263.0,0.6,251.0
2024-12-09 17:00:00,245.0,0.55,251.0
2024-12-09 18:00:00,246.83333333333334,0.5333333333333333,251.0
2024-12-09 19:00:00,248.66666666666666,0.5166666666666667,251.0
2024-12-09 20:00:00,250.5,0.5,251.0
2024-12-09 21:00:00,,,
2024-12-09 22:00:00,,,
2024-12-09 23:00:00,256.0,0.45,251.0
2024-12-10 00:00:00,241.0,0.5,251.0
2024-12-10 01:00:00,195.0,0.45,30.0
2024-12-10 02:00:00,277.0,0.38,3.0
2024-12-10 03:00:00,224.0,0.55,13.75
2024-12-10 04:00:00,185.0,0.68,211.75
2024-12-10 05:00:00,174.0,0.68,131.25
2024-12-10 06:00:00,224.0,0.75,17.0
2024-12-10 07:00:00,153.0,0.5,134.25
2024-12-10 08:00:00,217.0,0.85,211.0
2024-12-10 09:00:00,241.0,0.95,222.25
2024-12-10 10:00:00,240.0,1.05,182.0
2024-12-10 11:00:00,205.0,1.3,242.75
2024-12-10 12:00:00,284.0,1.38,224.0
2024-12-10 13:00:00,216.0,1.7,226.0
2024-12-10 14:00:00,194.0,1.72,238.5
2024-12-10 15:00:00,244.0,1.68,234.75
2024-12-10 16:00:00,185.0,1.42,236.5
2024-12-10 17:00:00,69.0,1.08,183.75
2024-12-10 18:00:00,96.0,0.45,242.0
2024-12-10 19:00:00,219.0,0.4,251.0
2024-12-10 20:00:00,384.0,0.5,250.5
2024-12-10 21:00:00,300.0,0.5,251.0
2024-12-10 22:00:00,414.0,0.5,251.0
2024-12-10 23:00:00,345.0,0.57,251.0
2024-12-11 00:00:00,249.0,0.88,240.75
2024-12-11 01:00:00,216.0,0.75,251.0
2024-12-11 02:00:00,199.0,0.75,222.5
2024-12-11 03:00:00,69.0,0.82,122.5
2024-12-11 04:00:00,108.0,0.82,161.75
2024-12-11 05:00:00,133.0,0.88,235.25
2024-12-11 06:00:00,168.0,0.77,196.75
2024-12-11 07:00:00,207.0,0.78,187.0
2024-12-11 08:00:00,433.0,0.82,238.0
2024-12-11 09:00:00,287.0,1.2,215.75
2024-12-11 10:00:00,218.0,1.38,245.25
2024-12-11 11:00:00,211.0,1.32,234.0
2024-12-11 12:00:00,191.0,1.32,250.75
2024-12-11 13:00:00,106.0,1.5,235.75
2024-12-11 14:00:00,103.0,1.35,251.0
2024-12-11 15:00:00,166.0,1.18,224.5
2024-12-11 16:00:00,228.0,0.82,230.75
2024-12-11 17:00:00,210.0,0.42,167.0
2024-12-11 18:00:00,395.0,0.3,251.0
2024-12-11 19:00:00,421.0,0.32,251.0
2024-12-11 20:00:00,458.0,0.38,251.0
2024-12-11 21:00:00,393.0,0.35,251.0
2024-12-11 22:00:00,500.0,0.38,251.0
2024-12-11 23:00:00,477.0,0.43,251.0
2024-12-12 00:00:00,480.0,0.3,251.0
2024-12-12 01:00:00,492.0,0.45,251.0
2024-12-12 02:00:00,310.0,0.45,251.0
2024-12-12 03:00:00,278.0,0.32,251.0
2024-12-12 04:00:00,340.0,0.32,251.0
2024-12-12 05:00:00,348.0,0.35,251.0
2024-12-12 06:00:00,338.0,0.45,251.0
2024-12-12 07:00:00,289.0,0.45,251.0
2024-12-12 08:00:00,400.0,0.57,153.5
2024-12-12 09:00:00,357.0,0.7,80.5
2024-12-12 10:00:00,327.0,1.02,227.5
2024-12-12 11:00:00,269.0,1.2,242.5
2024-12-12 12:00:00,261.0,1.32,240.75
2024-12-12 13:00:00,241.0,1.18,239.0
2024-12-12 14:00:00,287.0,1.2,236.25
2024-12-12 15:00:00,219.0,1.08,250.75
2024-12-12 16:00:00,251.0,0.8,247.0
2024-12-12 17:00:00,268.0,0.4,251.0
2024-12-12 18:00:00,425.0,0.32,251.0
2024-12-12 19:00:00,359.0,0.38,251.0
2024-12-12 20:00:00,411.0,0.68,226.25
2024-12-12 21:00:00,372.0,0.77,250.75
2024-12-12 22:00:00,334.0,0.75,251.0
2024-12-12 23:00:00,296.0,0.65,251.0
2024-12-13 00:00:00,350.0,0.78,221.5
2024-12-13 01:00:00,256.0,1.0,221.75
2024-12-13 02:00:00,229.0,1.25,239.5
2024-12-13 03:00:00,208.0,1.05,192.75
2024-12-13 04:00:00,227.0,1.18,219.75
2024-12-13 05:00:00,164.0,1.3,225.5
2024-12-13 06:00:00,193.0,1.25,226.5
2024-12-13 07:00:00,234.0,1.1,235.0
2024-12-13 08:00:00,304.0,1.38,236.75
2024-12-13 09:00:00,233.0,1.25,206.5
2024-12-13 10:00:00,305.0,1.32,227.0
2024-12-13 11:00:00,279.0,1.5,243.0
2024-12-13 12:00:00,293.0,1.92,244.5
2024-12-13 13:00:00,370.0,1.95,233.0
2024-12-13 14:00:00,304.0,1.95,236.75
2024-12-13 15:00:00,158.0,1.38,247.75
2024-12-13 16:00:00,173.0,1.15,176.5
2024-12-13 17:00:00,185.0,0.88,249.25
2024-12-13 18:00:00,262.0,0.57,221.5
2024-12-13 19:00:00,299.0,0.92,220.5
2024-12-13 20:00:00,287.0,1.08,216.75
2024-12-13 21:00:00,261.0,1.02,250.5
2024-12-13 22:00:00,223.0,0.65,246.5
2024-12-13 23:00:00,226.0,0.82,139.25
2024-12-14 00:00:00,202.0,1.1,197.75
2024-12-14 01:00:00,135.0,0.98,240.75
2024-12-14 02:00:00,119.0,1.18,225.25
2024-12-14 03:00:00,183.0,1.08,166.0
2024-12-14 04:00:00,167.0,1.02,217.5
2024-12-14 05:00:00,175.0,0.95,208.0
2024-12-14 06:00:00,232.0,0.82,238.0
2024-12-14 07:00:00,224.0,0.82,223.75
2024-12-14 08:00:00,322.0,1.08,244.0
2024-12-14 09:00:00,262.0,1.18,225.5
2024-12-14 10:00:00,331.0,1.05,166.5
2024-12-14 11:00:00,180.0,1.27,237.25
2024-12-14 12:00:00,150.0,1.32,231.5
2024-12-14 13:00:00,206.0,1.25,225.25
2024-12-14 14:00:00,177.0,1.35,247.5
2024-12-14 15:00:00,201.0,1.15,245.25
2024-12-14 16:00:00,235.0,0.68,240.0
2024-12-14 17:00:00,267.0,0.43,250.75
2024-12-14 18:00:00,360.0,0.32,251.0
2024-12-14 19:00:00,451.0,0.32,251.0
2024-12-14 20:00:00,492.0,0.3,251.0
2024-12-14 21:00:00,542.0,0.32,251.0
2024-12-14 22:00:00,432.0,0.35,251.0
2024-12-14 23:00:00,425.0,0.32,251.0
2024-12-15 00:00:00,442.0,0.52,58.5
2024-12-15 01:00:00,318.0,0.45,251.0
2024-12-15 02:00:00,343.0,0.5,251.0
2024-12-15 03:00:00,302.0,0.48,251.0
2024-12-15 04:00:00,302.0,0.35,251.0
2024-12-15 05:00:00,329.0,0.35,251.0
2024-12-15 06:00:00,453.0,0.32,251.0
2024-12-15 07:00:00,339.0,0.42,216.0
2024-12-15 08:00:00,472.0,0.43,3.0
2024-12-15 09:00:00,372.0,0.75,3.25
2024-12-15 10:00:00,342.0,0.8,90.5
2024-12-15 11:00:00,322.0,1.08,222.0
2024-12-15 12:00:00,353.0,1.2,180.0
2024-12-15 13:00:00,301.0,0.82,188.75
2024-12-15 14:00:00,254.0,1.0,220.0
2024-12-15 15:00:00,277.0,0.75,251.0
2024-12-15 16:00:00,310.0,0.4,251.0
2024-12-15 17:00:00,302.0,0.3,251.0
2024-12-15 18:00:00,421.0,0.3,251.0
2024-12-15 19:00:00,527.0,0.3,251.0
2024-12-15 20:00:00,658.0,0.32,251.0
2024-12-15 21:00:00,749.0,0.35,251.0
2024-12-15 22:00:00,842.0,0.32,251.0
2024-12-15 23:00:00,947.0,0.3,251.0
2024-12-16 00:00:00,803.0,0.3,251.0
2024-12-16 01:00:00,785.0,0.3,251.0
2024-12-16 02:00:00,973.0,0.3,251.0
2024-12-16 03:00:00,784.0,0.3,251.0
2024-12-16 04:00:00,683.0,0.32,251.0
2024-12-16 05:00:00,530.0,0.3,251.0
2024-12-16 06:00:00,511.0,0.3,251.0
2024-12-16 07:00:00,458.0,0.3,251.0
2024-12-16 08:00:00,672.0,0.35,251.0
2024-12-16 09:00:00,617.0,0.62,251.0
2024-12-16 10:00:00,521.0,0.8,221.25
2024-12-16 11:00:00,525.0,0.85,208.75
2024-12-16 12:00:00,487.0,0.83,120.0
2024-12-16 13:00:00,382.0,0.92,251.0
2024-12-16 14:00:00,348.0,0.68,73.25
2024-12-16 15:00:00,395.0,0.78,104.0
2024-12-16 16:00:00,404.0,0.45,251.0
2024-12-16 17:00:00,456.0,0.32,251.0
2024-12-16 18:00:00,661.0,0.35,251.0
2024-12-16 19:00:00,752.0,0.32,251.0
2024-12-16 20:00:00,776.0,0.32,251.0
2024-12-16 21:00:00,917.0,0.42,251.0
2024-12-16 22:00:00,863.0,0.52,251.0
2024-12-16 23:00:00,754.0,0.3,251.0
2024-12-17 00:00:00,687.0,0.3,251.0
2024-12-17 01:00:00,939.0,0.3,251.0
2024-12-17 02:00:00,751.0,0.3,251.0
2024-12-17 03:00:00,801.0,0.3,251.0
2024-12-17 04:00:00,979.0,0.3,251.0
2024-12-17 05:00:00,912.5,0.3,251.0
2024-12-17 06:00:00,846.0,0.3,251.0
2024-12-17 07:00:00,807.0,0.33,251.0
2024-12-17 08:00:00,769.5,0.6725,251.0
2024-12-17 09:00:00,732.0,1.015,251.0
2024-12-17 10:00:00,694.5,1.3575,251.0
2024-12-17 11:00:00,657.0,1.7,251.0
2024-12-17 12:00:00,473.0,1.95,251.0
2024-12-17 13:00:00,378.0,2.17,247.5
2024-12-17 14:00:00,412.0,1.82,237.75
2024-12-17 15:00:00,404.0,1.02,239.75
2024-12-17 16:00:00,452.0,0.79,160.83333333333331
2024-12-17 17:00:00,500.0,0.56,81.91666666666666
2024-12-17 18:00:00,548.0,0.33,3.0
2024-12-17 19:00:00,542.0,0.4,3.0
2024-12-17 20:00:00,631.0,0.47,3.0
2024-12-17 21:00:00,714.0,0.3,3.0
2024-12-17 22:00:00,751.0,0.3,3.0
2024-12-17 23:00:00,909.0,0.3,3.0
2024-12-18 00:00:00,838.5,0.3,3.0
2024-12-18 01:00:00,768.0,0.3,3.0
2024-12-18 02:00:00,785.0,0.35,3.0
2024-12-18 03:00:00,669.0,0.3,3.0
2024-12-18 04:00:00,581.0,0.3,3.0
2024-12-18 05:00:00,522.0,0.35,3.0
2024-12-18 06:00:00,560.0,0.3,3.0
2024-12-18 07:00:00,558.0,0.35,3.0
2024-12-18 08:00:00,587.0,0.52,155.75
2024-12-18 09:00:00,622.0,0.78,84.5
2024-12-18 10:00:00,681.0,0.88,11.75
2024-12-18 11:00:00,708.0,0.9,66.75
2024-12-18 12:00:00,705.0,0.9,249.75
2024-12-18 13:00:00,470.0,0.92,212.0
2024-12-18 14:00:00,412.0,0.78,101.5
2024-12-18 15:00:00,371.0,0.65,3.0
2024-12-18 16:00:00,382.0,0.38,3.0
2024-12-18 17:00:00,454.0,0.32,3.0
2024-12-18 18:00:00,487.0,0.3,3.0
2024-12-18 19:00:00,614.0,0.3,3.0
2024-12-18 20:00:00,660.0,0.38,3.0
2024-12-18 21:00:00,788.0,0.42,3.0
2024-12-18 22:00:00,898.0,0.35,3.0
2024-12-18 23:00:00,798.0,0.32,3.0
2024-12-19 00:00:00,672.0,0.35,3.0
2024-12-19 01:00:00,609.0,0.48,3.0
2024-12-19 02:00:00,586.0,0.3,3.0
2024-12-19 03:00:00,636.0,0.3,3.0
2024-12-19 04:00:00,660.0,0.3,3.0
2024-12-19 05:00:00,685.0,0.48,3.0
2024-12-19 06:00:00,740.0,0.3,3.0
2024-12-19 07:00:00,860.0,0.32,3.0
2024-12-19 08:00:00,932.0,0.72,207.5
2024-12-19 09:00:00,875.0,1.18,251.0
2024-12-19 10:00:00,818.0,1.85,250.0
2024-12-19 11:00:00,600.0,2.15,247.75
2024-12-19 12:00:00,415.0,2.42,245.5
2024-12-19 13:00:00,320.0,2.3,250.75
2024-12-19 14:00:00,329.0,2.62,250.75
2024-12-19 15:00:00,284.0,2.02,240.75
2024-12-19 16:00:00,296.0,1.32,251.0
2024-12-19 17:00:00,283.0,0.42,251.0
2024-12-19 18:00:00,426.0,0.3,251.0
2024-12-19 19:00:00,633.0,0.35,251.0
2024-12-19 20:00:00,727.0,0.3,251.0
2024-12-19 21:00:00,744.0,0.3,251.0
2024-12-19 22:00:00,911.0,0.52,251.0
2024-12-19 23:00:00,819.0,0.35,251.0
2024-12-20 00:00:00,732.0,0.6,251.0
2024-12-20 01:00:00,630.0,0.42,251.0
2024-12-20 02:00:00,586.0,0.3,251.0
2024-12-20 03:00:00,493.0,0.3,251.0
2024-12-20 04:00:00,451.0,0.5,251.0
2024-12-20 05:00:00,421.0,0.68,251.0
2024-12-20 06:00:00,410.0,0.45,251.0
2024-12-20 07:00:00,476.0,0.57,251.0
2024-12-20 08:00:00,516.0,0.48,251.0
2024-12-20 09:00:00,574.0,0.78,251.0
2024-12-20 10:00:00,604.0,1.08,250.0
2024-12-20 11:00:00,449.0,1.02,251.0
2024-12-20 12:00:00,447.0,0.8,251.0
2024-12-20 13:00:00,542.0,0.88,223.5
2024-12-20 14:00:00,415.0,0.7,251.0
2024-12-20 15:00:00,392.0,0.48,251.0
2024-12-20 16:00:00,473.0,0.38,251.0
2024-12-20 17:00:00,304.0,0.3,251.0
2024-12-20 18:00:00,456.0,0.3,251.0
2024-12-20 19:00:00,445.0,0.35,251.0
2024-12-20 20:00:00,498.0,0.38,251.0
2024-12-20 21:00:00,484.0,0.38,251.0
2024-12-20 22:00:00,492.0,0.38,251.0
2024-12-20 23:00:00,453.0,0.35,251.0
2024-12-21 00:00:00,411.0,0.45,84.25
2024-12-21 01:00:00,327.0,0.45,207.5
2024-12-21 02:00:00,280.0,0.43,251.0
2024-12-21 03:00:00,266.0,0.42,251.0
2024-12-21 04:00:00,280.0,0.38,251.0
2024-12-21 05:00:00,315.0,0.4,217.5
2024-12-21 06:00:00,350.0,0.32,3.0
2024-12-21 07:00:00,365.0,0.88,3.25
2024-12-21 08:00:00,417.0,1.1,18.5
2024-12-21 09:00:00,480.0,0.62,3.25
2024-12-21 10:00:00,467.0,0.75,85.75
2024-12-21 11:00:00,420.0,0.98,247.75
2024-12-21 12:00:00,343.0,1.05,215.0
2024-12-21 13:00:00,266.0,1.0,211.25
2024-12-21 14:00:00,280.0,1.12,223.25
2024-12-21 15:00:00,211.0,1.05,247.75
2024-12-21 16:00:00,280.0,0.68,245.75
2024-12-21 17:00:00,295.0,0.35,251.0
2024-12-21 18:00:00,415.0,0.32,251.0
2024-12-21 19:00:00,532.0,0.3,251.0
2024-12-21 20:00:00,632.0,0.3,251.0
2024-12-21 21:00:00,665.0,0.3,251.0
2024-12-21 22:00:00,726.0,0.3,251.0
2024-12-21 23:00:00,720.0,0.35,251.0
2024-12-22 00:00:00,803.0,0.3,251.0
2024-12-22 01:00:00,817.0,0.32,251.0
2024-12-22 02:00:00,694.0,0.3,251.0
2024-12-22 03:00:00,630.0,0.3,251.0
2024-12-22 04:00:00,674.0,0.3,251.0
2024-12-22 05:00:00,521.0,0.3,251.0
2024-12-22 06:00:00,500.0,0.32,251.0
2024-12-22 07:00:00,531.0,0.4,251.0
2024-12-22 08:00:00,543.0,0.9,251.0
2024-12-22 09:00:00,610.0,1.75,251.0
2024-12-22 10:00:00,455.0,1.23,251.0
2024-12-22 11:00:00,377.0,1.2,251.0
2024-12-22 12:00:00,372.0,1.42,251.0
2024-12-22 13:00:00,388.0,1.6,228.0
2024-12-22 14:00:00,379.0,1.42,224.0
2024-12-22 15:00:00,323.0,1.5,247.75
2024-12-22 16:00:00,285.0,1.15,230.5
2024-12-22 17:00:00,383.0,0.92,251.0
2024-12-22 18:00:00,379.0,0.72,251.0
2024-12-22 19:00:00,495.0,0.3,251.0
2024-12-22 20:00:00,719.0,0.3,251.0
2024-12-22 21:00:00,874.0,0.32,251.0
2024-12-22 22:00:00,862.0,0.38,251.0
2024-12-22 23:00:00,687.0,0.38,251.0
2024-12-23 00:00:00,732.0,0.55,251.0
2024-12-23 01:00:00,705.0,0.57,251.0
2024-12-23 02:00:00,531.0,0.52,237.75
2024-12-23 03:00:00,501.0,0.52,33.75
2024-12-23 04:00:00,409.0,0.6,251.0
2024-12-23 05:00:00,302.0,1.05,251.0
2024-12-23 06:00:00,290.0,0.55,251.0
2024-12-23 07:00:00,346.0,0.92,251.0
2024-12-23 08:00:00,476.0,0.92,251.0
2024-12-23 09:00:00,539.0,0.88,251.0
2024-12-23 10:00:00,615.0,1.08,251.0
2024-12-23 11:00:00,512.0,1.05,251.0
2024-12-23 12:00:00,475.0,1.4,251.0
2024-12-23 13:00:00,398.0,1.75,251.0
2024-12-23 14:00:00,373.0,2.65,251.0
2024-12-23 15:00:00,367.0,2.08,251.0
2024-12-23 16:00:00,299.0,2.25,251.0
2024-12-23 17:00:00,334.0,1.85,251.0
2024-12-23 18:00:00,284.0,1.42,251.0
2024-12-23 19:00:00,410.0,1.5,251.0
2024-12-23 20:00:00,439.0,0.8,251.0
2024-12-23 21:00:00,383.0,0.35,251.0
2024-12-23 22:00:00,335.0,0.45,251.0
2024-12-23 23:00:00,368.0,1.27,251.0
2024-12-24 00:00:00,350.0,0.38,251.0
2024-12-24 01:00:00,331.0,0.68,251.0
2024-12-24 02:00:00,351.0,0.6,251.0
2024-12-24 03:00:00,395.0,0.65,251.0
2024-12-24 04:00:00,404.0,0.7,251.0
2024-12-24 05:00:00,320.0,1.4,251.0
2024-12-24 06:00:00,333.0,1.4,251.0
2024-12-24 07:00:00,326.0,1.78,251.0
2024-12-24 08:00:00,333.0,1.42,251.0
2024-12-24 09:00:00,315.0,1.82,251.0
2024-12-24 10:00:00,456.0,1.98,251.0
2024-12-24 11:00:00,262.0,1.6,251.0
2024-12-24 12:00:00,240.0,1.7,251.0
2024-12-24 13:00:00,240.0,2.08,251.0
2024-12-24 14:00:00,230.0,2.05,251.0
2024-12-24 15:00:00,234.0,1.62,251.0
2024-12-24 16:00:00,249.0,1.2,251.0
2024-12-24 17:00:00,233.0,0.62,251.0
2024-12-24 18:00:00,360.0,0.45,251.0
2024-12-24 19:00:00,439.0,0.5,251.0
2024-12-24 20:00:00,238.0,0.57,251.0
2024-12-24 21:00:00,156.0,0.55,251.0
2024-12-24 22:00:00,226.0,0.42,251.0
2024-12-24 23:00:00,260.0,0.35,251.0
2024-12-25 00:00:00,263.0,0.3,251.0
2024-12-25 01:00:00,260.0,0.32,251.0
2024-12-25 02:00:00,350.0,0.32,251.0
2024-12-25 03:00:00,334.0,0.32,251.0
2024-12-25 04:00:00,280.0,0.3,251.0
2024-12-25 05:00:00,266.0,0.3,251.0
2024-12-25 06:00:00,354.0,0.3,251.0
2024-12-25 07:00:00,257.0,0.3,251.0
2024-12-25 08:00:00,243.0,0.35,251.0
2024-12-25 09:00:00,241.0,0.57,251.0
2024-12-25 10:00:00,269.0,0.75,251.0
2024-12-25 11:00:00,262.0,1.08,251.0
2024-12-25 12:00:00,351.0,0.95,251.0
2024-12-25 13:00:00,276.0,1.23,251.0
2024-12-25 14:00:00,238.0,1.25,240.25
2024-12-25 15:00:00,273.0,0.78,5.25
2024-12-25 16:00:00,268.0,0.55,8.25
2024-12-25 17:00:00,188.0,0.4,8.75
2024-12-25 18:00:00,313.0,0.3,3.0
2024-12-25 19:00:00,351.0,0.3,3.0
2024-12-25 20:00:00,431.0,0.32,3.0
2024-12-25 21:00:00,418.0,0.45,3.0
2024-12-25 22:00:00,509.0,0.32,3.0
2024-12-25 23:00:00,456.0,0.42,3.0
2024-12-26 00:00:00,401.0,0.68,235.25
2024-12-26 01:00:00,421.0,0.32,251.0
2024-12-26 02:00:00,398.0,0.32,251.0
2024-12-26 03:00:00,277.0,0.3,251.0
2024-12-26 04:00:00,309.0,0.35,251.0
2024-12-26 05:00:00,365.0,0.32,251.0
2024-12-26 06:00:00,307.0,0.4,251.0
2024-12-26 07:00:00,334.0,0.38,251.0
2024-12-26 08:00:00,427.0,0.4,251.0
2024-12-26 09:00:00,427.0,0.7,178.25
2024-12-26 10:00:00,442.0,1.38,142.5
2024-12-26 11:00:00,426.0,1.0,251.0
2024-12-26 12:00:00,339.0,0.9,251.0
2024-12-26 13:00:00,227.0,1.23,251.0
2024-12-26 14:00:00,164.0,0.92,251.0
2024-12-26 15:00:00,183.0,0.6,251.0
2024-12-26 16:00:00,233.0,0.38,251.0
2024-12-26 17:00:00,340.0,0.3,251.0
2024-12-26 18:00:00,409.0,0.3,251.0
2024-12-26 19:00:00,443.0,0.3,251.0
2024-12-26 20:00:00,683.0,0.3,251.0
2024-12-26 21:00:00,958.0,0.43,251.0
2024-12-26 22:00:00,857.0,1.05,251.0
2024-12-26 23:00:00,449.0,0.92,251.0
2024-12-27 00:00:00,379.0,0.55,251.0
2024-12-27 01:00:00,425.0,0.38,251.0
2024-12-27 02:00:00,378.0,0.35,251.0
2024-12-27 03:00:00,356.0,1.05,251.0
2024-12-27 04:00:00,495.0,0.68,239.25
2024-12-27 05:00:00,469.0,0.9,222.75
2024-12-27 06:00:00,370.0,0.92,251.0
2024-12-27 07:00:00,427.0,0.55,251.0
2024-12-27 08:00:00,461.0,0.55,234.0
2024-12-27 09:00:00,233.0,0.88,113.75
2024-12-27 10:00:00,151.0,1.27,251.0
2024-12-27 11:00:00,155.0,1.42,242.25
2024-12-27 12:00:00,186.0,1.82,249.25
2024-12-27 13:00:00,237.0,2.58,224.75
2024-12-27 14:00:00,206.0,2.12,251.0
2024-12-27 15:00:00,158.0,1.78,251.0
2024-12-27 16:00:00,168.0,2.52,251.0
2024-12-27 17:00:00,127.0,2.72,247.75
2024-12-27 18:00:00,89.0,2.7,251.0
2024-12-27 19:00:00,8.0,2.78,251.0
2024-12-27 20:00:00,58.0,2.25,248.0
2024-12-27 21:00:00,74.0,3.22,251.0
2024-12-27 22:00:00,85.0,2.55,250.75
2024-12-27 23:00:00,79.0,1.83,250.67
2024-12-28 00:00:00,124.0,1.05,231.25
2024-12-28 01:00:00,100.0,0.48,251.0
2024-12-28 02:00:00,90.0,0.7,251.0
2024-12-28 03:00:00,103.0,1.0,251.0
2024-12-28 04:00:00,77.0,0.52,251.0
2024-12-28 05:00:00,69.5,0.45,251.0
2024-12-28 06:00:00,62.0,0.5,251.0
2024-12-28 07:00:00,74.0,0.38,251.0
2024-12-28 08:00:00,103.0,0.4,251.0
2024-12-28 09:00:00,101.0,0.32,251.0
2024-12-28 10:00:00,174.0,0.38,251.0
2024-12-28 11:00:00,166.0,1.27,251.0
2024-12-28 12:00:00,241.0,1.32,251.0
2024-12-28 13:00:00,168.0,0.65,251.0
2024-12-28 14:00:00,150.0,0.7,251.0
2024-12-28 15:00:00,92.0,0.85,251.0
2024-12-28 16:00:00,150.0,0.55,251.0
2024-12-28 17:00:00,178.0,0.4,251.0
2024-12-28 18:00:00,151.0,0.48,197.0
2024-12-28 19:00:00,146.0,0.48,235.5
2024-12-28 20:00:00,233.0,0.4,4.75
2024-12-28 21:00:00,273.0,0.4,163.0
2024-12-28 22:00:00,241.0,0.4,10.0
2024-12-28 23:00:00,244.0,0.4,3.0
2024-12-29 00:00:00,230.0,0.45,76.25
2024-12-29 01:00:00,149.0,1.02,247.0
2024-12-29 02:00:00,161.0,0.8,250.5
2024-12-29 03:00:00,157.0,0.92,201.75
2024-12-29 04:00:00,174.0,0.8,250.25
2024-12-29 05:00:00,182.0,0.98,215.5
2024-12-29 06:00:00,230.0,0.85,245.75
2024-12-29 07:00:00,191.0,0.8,218.0
2024-12-29 08:00:00,172.0,0.85,238.5
2024-12-29 09:00:00,188.0,0.95,184.75
2024-12-29 10:00:00,193.0,1.02,234.0
2024-12-29 11:00:00,143.0,0.98,184.0
2024-12-29 12:00:00,166.0,1.18,245.25
2024-12-29 13:00:00,208.0,1.45,233.75
2024-12-29 14:00:00,184.0,1.48,246.25
2024-12-29 15:00:00,158.0,1.42,229.25
2024-12-29 16:00:00,235.0,1.42,239.75
2024-12-29 17:00:00,182.0,1.02,228.25
2024-12-29 18:00:00,206.0,1.12,230.75
2024-12-29 19:00:00,179.0,1.25,242.75
2024-12-29 20:00:00,179.0,1.18,248.75
2024-12-29 21:00:00,136.0,1.2,200.0
2024-12-29 22:00:00,136.0,1.03,214.25
2024-12-29 23:00:00,136.0,1.0,246.0
2024-12-30 00:00:00,135.0,1.02,247.25
2024-12-30 01:00:00,133.0,1.1,240.75
2024-12-30 02:00:00,147.0,0.95,245.75
2024-12-30 03:00:00,128.0,0.9,184.75
2024-12-30 04:00:00,114.0,1.02,208.25
2024-12-30 05:00:00,116.0,1.02,190.25
2024-12-30 06:00:00,132.0,1.25,189.75
2024-12-30 07:00:00,74.0,1.05,226.5
2024-12-30 08:00:00,169.0,1.02,226.0
2024-12-30 09:00:00,184.0,0.98,249.75
2024-12-30 10:00:00,233.0,1.2,214.0
2024-12-30 11:00:00,204.0,1.12,210.25
2024-12-30 12:00:00,316.0,1.23,214.25
2024-12-30 13:00:00,251.0,1.08,197.5
2024-12-30 14:00:00,250.0,1.1,135.0
2024-12-30 15:00:00,263.0,1.02,73.75
2024-12-30 16:00:00,229.0,0.7,130.33
2024-12-30 17:00:00,216.0,0.3,3.0
2024-12-30 18:00:00,221.125,0.325,13.583125
2024-12-30 19:00:00,226.25,0.35,24.16625
2024-12-30 20:00:00,231.375,0.375,34.749375
2024-12-30 21:00:00,,,
2024-12-30 22:00:00,,,
2024-12-30 23:00:00,,,
2024-12-31 00:00:00,,,
2024-12-31 01:00:00,,,
2024-12-31 02:00:00,,,
2024-12-31 03:00:00,,,
2024-12-31 04:00:00,,,
2024-12-31 05:00:00,,,
2024-12-31 06:00:00,,,
2024-12-31 07:00:00,,,
2024-12-31 08:00:00,,,
2024-12-31 09:00:00,298.0,0.7,172.33
2024-12-31 10:00:00,265.0,0.95,148.5
2024-12-31 11:00:00,224.0,1.18,233.0
2024-12-31 12:00:00,285.0,1.32,241.5
2024-12-31 13:00:00,235.0,1.42,251.0
2024-12-31 14:00:00,318.0,1.05,251.0
2024-12-31 15:00:00,423.0,0.98,251.0
2024-12-31 16:00:00,427.0,0.98,251.0
2024-12-31 17:00:00,438.0,1.0,251.0
2024-12-31 18:00:00,454.0,1.05,251.0
2024-12-31 19:00:00,373.0,0.5,251.0
2024-12-31 20:00:00,514.0,0.3,251.0
2024-12-31 21:00:00,509.0,0.4,251.0
2024-12-31 22:00:00,490.0,0.4,251.0
2024-12-31 23:00:00,450.0,0.38,251.0
