timestamp,PM 2.5,wind_speed,wind_dir
2022-01-01 00:00:00,320.0,0.38,242.25
2022-01-01 01:00:00,342.5,0.48,225.08
2022-01-01 02:00:00,303.25,0.62,207.15
2022-01-01 03:00:00,274.75,0.7,214.92
2022-01-01 04:00:00,251.75,0.62,223.42
2022-01-01 05:00:00,223.0,0.65,226.75
2022-01-01 06:00:00,203.0,0.52,223.48
2022-01-01 07:00:00,205.0,0.55,219.27
2022-01-01 08:00:00,197.0,0.45,213.8
2022-01-01 09:00:00,185.0,0.42,215.8
2022-01-01 10:00:00,204.25,0.4,236.48
2022-01-01 11:00:00,228.75,0.72,219.62
2022-01-01 12:00:00,206.5,0.5,233.0
2022-01-01 13:00:00,203.75,0.68,223.48
2022-01-01 14:00:00,209.5,0.4,110.02
2022-01-01 15:00:00,162.25,0.25,248.48
2022-01-01 16:00:00,176.5,0.4,221.1
2022-01-01 17:00:00,174.0,0.25,187.58
2022-01-01 18:00:00,185.0,0.35,228.7
2022-01-01 19:00:00,211.5,0.45,218.35
2022-01-01 20:00:00,259.75,0.43,222.55
2022-01-01 21:00:00,317.25,0.35,217.85
2022-01-01 22:00:00,377.5,0.32,167.4
2022-01-01 23:00:00,415.75,0.2,251.1
2022-01-02 00:00:00,429.75,0.4,234.4
2022-01-02 01:00:00,434.25,0.27,230.05
2022-01-02 02:00:00,421.75,0.45,212.98
2022-01-02 03:00:00,404.5,0.38,220.08
2022-01-02 04:00:00,360.75,0.52,218.22
2022-01-02 05:00:00,336.5,0.62,216.5
2022-01-02 06:00:00,289.0,0.45,211.38
2022-01-02 07:00:00,278.75,0.52,207.38
2022-01-02 08:00:00,278.5,0.5,200.48
2022-01-02 09:00:00,263.33,0.53,192.63
2022-01-02 10:00:00,273.5,0.3,204.58
2022-01-02 11:00:00,308.25,0.43,213.18
2022-01-02 12:00:00,332.0,0.32,238.55
2022-01-02 13:00:00,275.25,0.52,225.75
2022-01-02 14:00:00,211.25,0.5,225.92
2022-01-02 15:00:00,170.75,0.48,229.5
2022-01-02 16:00:00,150.25,0.4,213.27
2022-01-02 17:00:00,170.0,0.38,204.85
2022-01-02 18:00:00,193.5,0.42,226.65
2022-01-02 19:00:00,216.25,0.42,210.95
2022-01-02 20:00:00,276.75,0.57,226.68
2022-01-02 21:00:00,322.75,0.4,232.25
2022-01-02 22:00:00,333.0,0.3,219.6
2022-01-02 23:00:00,358.5,0.32,193.15
2022-01-03 00:00:00,391.25,0.43,217.7
2022-01-03 01:00:00,394.5,0.48,218.32
2022-01-03 02:00:00,385.25,0.42,222.38
2022-01-03 03:00:00,348.25,0.52,222.1
2022-01-03 04:00:00,300.0,0.6,216.5
2022-01-03 05:00:00,275.5,0.68,220.65
2022-01-03 06:00:00,259.0,0.65,217.18
2022-01-03 07:00:00,237.75,0.48,219.27
2022-01-03 08:00:00,227.75,0.28,199.82
2022-01-03 09:00:00,224.75,0.3,221.68
2022-01-03 10:00:00,220.5,0.5,216.35
2022-01-03 11:00:00,228.5,0.82,206.58
2022-01-03 12:00:00,227.75,0.8,216.88
2022-01-03 13:00:00,207.75,0.73,237.18
2022-01-03 14:00:00,169.75,0.57,225.75
2022-01-03 15:00:00,180.0,0.48,241.22
2022-01-03 16:00:00,187.25,0.45,235.28
2022-01-03 17:00:00,165.25,0.4,217.25
2022-01-03 18:00:00,172.75,0.35,221.35
2022-01-03 19:00:00,192.0,0.45,205.08
2022-01-03 20:00:00,233.25,0.32,208.95
2022-01-03 21:00:00,294.75,0.42,224.72
2022-01-03 22:00:00,338.25,0.5,233.12
2022-01-03 23:00:00,379.25,0.52,204.85
2022-01-04 00:00:00,366.25,0.5,228.98
2022-01-04 01:00:00,326.5,0.48,223.85
2022-01-04 02:00:00,275.75,0.43,236.98
2022-01-04 03:00:00,272.25,0.43,220.25
2022-01-04 04:00:00,265.75,0.38,213.53
2022-01-04 05:00:00,242.5,0.35,232.28
2022-01-04 06:00:00,238.75,0.35,237.35
2022-01-04 07:00:00,248.0,0.45,229.3
2022-01-04 08:00:00,269.75,0.55,202.45
2022-01-04 09:00:00,277.75,0.38,218.65
2022-01-04 10:00:00,284.0,0.4,218.45
2022-01-04 11:00:00,239.5,0.25,206.75
2022-01-04 12:00:00,178.5,0.35,244.82
2022-01-04 13:00:00,99.75,0.57,217.58
2022-01-04 14:00:00,107.0,0.45,260.4
2022-01-04 15:00:00,116.75,0.45,238.52
2022-01-04 16:00:00,101.0,0.92,144.18
2022-01-04 17:00:00,101.0,0.28,202.05
2022-01-04 18:00:00,103.25,0.18,192.9
2022-01-04 19:00:00,116.5,0.22,224.95
2022-01-04 20:00:00,146.75,0.3,221.22
2022-01-04 21:00:00,185.75,0.35,206.8
2022-01-04 22:00:00,217.0,0.55,71.08
2022-01-04 23:00:00,255.25,0.4,234.32
2022-01-05 00:00:00,279.5,0.4,216.68
2022-01-05 01:00:00,311.5,0.43,234.48
2022-01-05 02:00:00,334.25,0.25,187.52
2022-01-05 03:00:00,338.75,0.43,116.0
2022-01-05 04:00:00,327.75,0.28,182.88
2022-01-05 05:00:00,338.5,0.3,163.43
2022-01-05 06:00:00,330.5,0.32,239.65
2022-01-05 07:00:00,346.0,0.28,198.58
2022-01-05 08:00:00,377.5,0.3,186.58
2022-01-05 09:00:00,416.75,0.38,174.6
2022-01-05 10:00:00,455.25,0.4,70.47
2022-01-05 11:00:00,419.25,0.38,100.8
2022-01-05 12:00:00,417.0,0.6,117.57
2022-01-05 13:00:00,333.5,0.52,64.28
2022-01-05 14:00:00,250.0,0.82,53.32
2022-01-05 15:00:00,166.5,0.72,55.7
2022-01-05 16:00:00,83.0,0.55,68.78
2022-01-05 17:00:00,83.0,0.62,109.4
2022-01-05 18:00:00,85.875,0.88,94.6
2022-01-05 19:00:00,88.75,0.9,115.65
2022-01-05 20:00:00,91.625,0.92,131.27
2022-01-05 21:00:00,,0.5,180.68
2022-01-05 22:00:00,,0.48,177.52
2022-01-05 23:00:00,,0.4,98.48
2022-01-06 00:00:00,,0.4,71.87
2022-01-06 01:00:00,106.0,0.38,145.2
2022-01-06 02:00:00,106.0,0.25,143.02
2022-01-06 03:00:00,138.0,0.48,61.82
2022-01-06 04:00:00,143.75,0.28,91.6
2022-01-06 05:00:00,164.0,0.4,51.72
2022-01-06 06:00:00,177.5,0.45,43.18
2022-01-06 07:00:00,186.75,0.62,117.88
2022-01-06 08:00:00,172.75,0.73,116.95
2022-01-06 09:00:00,169.0,0.9,117.95
2022-01-06 10:00:00,116.0,0.98,107.8
2022-01-06 11:00:00,111.25,1.12,117.12
2022-01-06 12:00:00,93.0,1.0,142.05
2022-01-06 13:00:00,80.5,0.62,104.38
2022-01-06 14:00:00,75.0,0.8,149.55
2022-01-06 15:00:00,63.0,0.72,114.48
2022-01-06 16:00:00,63.25,0.62,113.22
2022-01-06 17:00:00,62.5,0.48,81.92
2022-01-06 18:00:00,58.75,0.25,72.88
2022-01-06 19:00:00,71.5,0.28,74.25
2022-01-06 20:00:00,98.25,0.27,66.62
2022-01-06 21:00:00,86.5,0.3,84.07
2022-01-06 22:00:00,95.25,0.32,110.7
2022-01-06 23:00:00,97.75,0.82,143.85
2022-01-07 00:00:00,90.25,0.9,113.4
2022-01-07 01:00:00,79.0,0.68,133.75
2022-01-07 02:00:00,76.75,0.88,117.85
2022-01-07 03:00:00,70.75,0.98,133.02
2022-01-07 04:00:00,73.0,0.9,123.05
2022-01-07 05:00:00,73.5,1.05,144.83
2022-01-07 06:00:00,79.0,1.03,161.88
2022-01-07 07:00:00,93.0,1.25,168.9
2022-01-07 08:00:00,102.0,1.08,162.88
2022-01-07 09:00:00,108.25,1.25,176.92
2022-01-07 10:00:00,96.25,1.15,173.28
2022-01-07 11:00:00,83.5,1.35,173.98
2022-01-07 12:00:00,79.5,1.32,164.45
2022-01-07 13:00:00,80.0,1.65,181.15
2022-01-07 14:00:00,73.5,1.12,143.43
2022-01-07 15:00:00,58.25,1.15,146.18
2022-01-07 16:00:00,42.0,0.95,144.98
2022-01-07 17:00:00,38.0,0.6,130.17
2022-01-07 18:00:00,49.75,0.52,100.68
2022-01-07 19:00:00,64.5,0.6,111.62
2022-01-07 20:00:00,55.5,0.72,113.25
2022-01-07 21:00:00,48.0,0.98,97.68
2022-01-07 22:00:00,43.0,0.85,92.2
2022-01-07 23:00:00,53.25,1.05,100.57
2022-01-08 00:00:00,51.25,0.52,123.0
2022-01-08 01:00:00,61.0,0.42,179.15
2022-01-08 02:00:00,79.0,0.33,184.7
2022-01-08 03:00:00,79.0,0.38,179.45
2022-01-08 04:00:00,49.5,0.88,64.78
2022-01-08 05:00:00,20.0,0.77,126.48
2022-01-08 06:00:00,20.0,0.55,52.98
2022-01-08 07:00:00,69.0,0.5,72.5
2022-01-08 08:00:00,66.5,0.65,87.05
2022-01-08 09:00:00,58.0,0.75,110.65
2022-01-08 10:00:00,51.5,0.65,114.65
2022-01-08 11:00:00,40.5,0.52,62.82
2022-01-08 12:00:00,39.0,0.62,42.4
2022-01-08 13:00:00,41.25,0.57,68.4
2022-01-08 14:00:00,47.5,0.68,71.72
2022-01-08 15:00:00,45.75,0.58,70.2
2022-01-08 16:00:00,45.25,0.78,92.48
2022-01-08 17:00:00,44.5,0.85,93.55
2022-01-08 18:00:00,41.5,1.12,95.68
2022-01-08 19:00:00,46.5,1.1,100.82
2022-01-08 20:00:00,47.25,1.0,105.88
2022-01-08 21:00:00,43.75,0.82,116.75
2022-01-08 22:00:00,39.75,0.68,126.72
2022-01-08 23:00:00,38.0,0.5,99.32
2022-01-09 00:00:00,35.0,0.32,241.47
2022-01-09 01:00:00,33.0,0.28,118.3
2022-01-09 02:00:00,35.25,0.45,43.55
2022-01-09 03:00:00,41.0,0.32,90.52
2022-01-09 04:00:00,39.5,0.5,134.4
2022-01-09 05:00:00,46.0,0.28,139.48
2022-01-09 06:00:00,49.5,0.33,97.1
2022-01-09 07:00:00,41.75,0.68,143.95
2022-01-09 08:00:00,36.75,1.08,208.75
2022-01-09 09:00:00,22.75,1.1,208.5
2022-01-09 10:00:00,20.25,0.58,208.28
2022-01-09 11:00:00,25.25,0.57,213.62
2022-01-09 12:00:00,26.75,0.57,222.38
2022-01-09 13:00:00,23.75,0.6,221.75
2022-01-09 14:00:00,43.0,0.62,224.2
2022-01-09 15:00:00,68.5,0.4,242.88
2022-01-09 16:00:00,70.25,0.35,235.1
2022-01-09 17:00:00,58.0,0.45,232.2
2022-01-09 18:00:00,48.25,0.33,224.48
2022-01-09 19:00:00,56.5,0.38,244.65
2022-01-09 20:00:00,61.75,0.38,233.02
2022-01-09 21:00:00,66.0,0.38,228.82
2022-01-09 22:00:00,72.75,0.4,245.15
2022-01-09 23:00:00,76.5,0.32,225.08
2022-01-10 00:00:00,81.0,0.45,207.15
2022-01-10 01:00:00,79.5,0.35,204.68
2022-01-10 02:00:00,77.75,0.38,223.85
2022-01-10 03:00:00,84.5,0.42,225.25
2022-01-10 04:00:00,79.75,0.57,223.22
2022-01-10 05:00:00,81.5,0.4,216.18
2022-01-10 06:00:00,90.5,0.57,212.48
2022-01-10 07:00:00,97.75,0.43,216.4
2022-01-10 08:00:00,105.0,0.5,157.92
2022-01-10 09:00:00,97.75,0.38,148.95
2022-01-10 10:00:00,90.25,0.45,268.02
2022-01-10 11:00:00,96.5,1.08,183.5
2022-01-10 12:00:00,71.25,0.57,228.25
2022-01-10 13:00:00,89.75,0.4,193.3
2022-01-10 14:00:00,112.0,0.38,276.4
2022-01-10 15:00:00,101.5,0.65,246.05
2022-01-10 16:00:00,105.75,0.65,248.68
2022-01-10 17:00:00,102.5,0.5,237.08
2022-01-10 18:00:00,95.0,0.6,214.35
2022-01-10 19:00:00,102.5,0.52,229.25
2022-01-10 20:00:00,133.25,0.62,220.05
2022-01-10 21:00:00,158.0,0.42,218.9
2022-01-10 22:00:00,162.75,0.48,222.5
2022-01-10 23:00:00,177.75,0.43,234.08
2022-01-11 00:00:00,181.5,0.43,228.88
2022-01-11 01:00:00,185.75,0.43,219.6
2022-01-11 02:00:00,182.0,0.38,206.9
2022-01-11 03:00:00,166.0,0.52,216.45
2022-01-11 04:00:00,141.0,0.57,211.6
2022-01-11 05:00:00,129.0,0.48,213.3
2022-01-11 06:00:00,128.75,0.48,211.08
2022-01-11 07:00:00,132.0,0.62,212.23
2022-01-11 08:00:00,141.0,0.55,212.42
2022-01-11 09:00:00,127.25,0.68,234.32
2022-01-11 10:00:00,109.0,0.85,251.68
2022-01-11 11:00:00,93.5,0.62,258.9
2022-01-11 12:00:00,85.0,0.5,188.15
2022-01-11 13:00:00,87.0,0.38,241.28
2022-01-11 14:00:00,76.25,0.48,242.7
2022-01-11 15:00:00,82.0,0.62,252.38
2022-01-11 16:00:00,86.0,0.65,259.22
2022-01-11 17:00:00,80.75,0.43,248.48
2022-01-11 18:00:00,88.0,0.45,240.52
2022-01-11 19:00:00,105.25,0.52,251.27
2022-01-11 20:00:00,111.75,0.72,250.25
2022-01-11 21:00:00,105.5,0.57,248.98
2022-01-11 22:00:00,89.25,0.45,240.35
2022-01-11 23:00:00,90.0,0.5,220.95
2022-01-12 00:00:00,90.0,0.43,243.8
2022-01-12 01:00:00,93.25,0.48,217.1
2022-01-12 02:00:00,105.75,0.55,212.68
2022-01-12 03:00:00,112.25,0.5,214.0
2022-01-12 04:00:00,105.25,0.57,211.35
2022-01-12 05:00:00,96.5,0.38,187.35
2022-01-12 06:00:00,84.75,0.35,258.98
2022-01-12 07:00:00,81.5,0.32,166.32
2022-01-12 08:00:00,80.5,0.2,157.77
2022-01-12 09:00:00,79.0,0.38,84.43
2022-01-12 10:00:00,95.5,0.4,221.23
2022-01-12 11:00:00,104.0,0.4,231.08
2022-01-12 12:00:00,138.25,0.5,210.58
2022-01-12 13:00:00,122.25,0.62,110.65
2022-01-12 14:00:00,119.0,0.65,218.15
2022-01-12 15:00:00,127.0,0.62,225.73
2022-01-12 16:00:00,126.25,0.65,211.9
2022-01-12 17:00:00,106.5,0.57,221.95
2022-01-12 18:00:00,110.5,0.57,215.58
2022-01-12 19:00:00,119.0,0.43,258.68
2022-01-12 20:00:00,137.25,0.43,233.4
2022-01-12 21:00:00,194.75,0.3,214.82
2022-01-12 22:00:00,231.0,0.3,231.25
2022-01-12 23:00:00,239.5,0.22,172.25
2022-01-13 00:00:00,260.0,0.35,207.27
2022-01-13 01:00:00,270.25,0.38,208.3
2022-01-13 02:00:00,259.0,0.38,217.75
2022-01-13 03:00:00,244.25,0.32,210.98
2022-01-13 04:00:00,258.5,0.28,189.25
2022-01-13 05:00:00,271.75,0.38,223.28
2022-01-13 06:00:00,265.25,0.45,228.0
2022-01-13 07:00:00,238.5,0.32,229.88
2022-01-13 08:00:00,202.0,0.5,224.32
2022-01-13 09:00:00,174.25,0.32,130.95
2022-01-13 10:00:00,163.25,0.88,268.85
2022-01-13 11:00:00,181.25,0.78,259.95
2022-01-13 12:00:00,237.25,0.42,340.55
2022-01-13 13:00:00,247.5,0.48,65.45
2022-01-13 14:00:00,236.75,0.45,147.27
2022-01-13 15:00:00,235.75,0.88,93.65
2022-01-13 16:00:00,271.25,0.82,9.62
2022-01-13 17:00:00,303.75,0.38,74.8
2022-01-13 18:00:00,310.75,0.23,108.13
2022-01-13 19:00:00,290.5,0.3,259.32
2022-01-13 20:00:00,301.25,0.32,203.82
2022-01-13 21:00:00,321.75,0.15,236.95
2022-01-13 22:00:00,345.25,0.18,277.73
2022-01-13 23:00:00,386.25,0.28,96.62
2022-01-14 00:00:00,339.0,0.22,197.42
2022-01-14 01:00:00,302.25,0.28,193.98
2022-01-14 02:00:00,252.25,0.35,231.25
2022-01-14 03:00:00,273.0,0.3,208.75
2022-01-14 04:00:00,268.5,0.3,210.35
2022-01-14 05:00:00,231.5,0.52,52.85
2022-01-14 06:00:00,194.75,0.9,13.68
2022-01-14 07:00:00,127.0,0.45,85.42
2022-01-14 08:00:00,111.5,0.28,117.65
2022-01-14 09:00:00,121.0,0.28,146.95
2022-01-14 10:00:00,118.5,0.48,208.82
2022-01-14 11:00:00,157.75,0.42,123.5
2022-01-14 12:00:00,186.25,0.43,284.15
2022-01-14 13:00:00,238.5,1.0,95.55
2022-01-14 14:00:00,265.25,1.42,178.15
2022-01-14 15:00:00,249.25,1.88,3.0
2022-01-14 16:00:00,211.0,1.1,65.6
2022-01-14 17:00:00,203.0,0.62,253.72
2022-01-14 18:00:00,227.5,0.5,231.82
2022-01-14 19:00:00,215.75,0.48,221.9
2022-01-14 20:00:00,238.75,0.35,211.02
2022-01-14 21:00:00,270.5,0.3,246.28
2022-01-14 22:00:00,281.5,0.25,232.1
2022-01-14 23:00:00,270.5,0.48,193.42
2022-01-15 00:00:00,293.5,0.25,213.1
2022-01-15 01:00:00,302.75,0.32,198.75
2022-01-15 02:00:00,237.75,0.3,166.12
2022-01-15 03:00:00,119.5,0.4,255.58
2022-01-15 04:00:00,69.0,0.48,225.52
2022-01-15 05:00:00,58.75,0.62,223.3
2022-01-15 06:00:00,64.0,0.6,212.45
2022-01-15 07:00:00,63.75,0.47,200.68
2022-01-15 08:00:00,64.25,0.45,224.0
2022-01-15 09:00:00,71.75,0.7,208.45
2022-01-15 10:00:00,86.5,0.55,166.2
2022-01-15 11:00:00,102.0,0.45,227.18
2022-01-15 12:00:00,122.5,0.5,222.62
2022-01-15 13:00:00,139.25,0.55,161.73
2022-01-15 14:00:00,144.5,0.9,265.77
2022-01-15 15:00:00,166.0,0.57,149.0
2022-01-15 16:00:00,202.25,0.43,128.45
2022-01-15 17:00:00,238.0,0.75,246.27
2022-01-15 18:00:00,218.5,0.8,249.3
2022-01-15 19:00:00,167.5,0.52,240.1
2022-01-15 20:00:00,156.0,0.4,230.95
2022-01-15 21:00:00,134.5,0.38,250.98
2022-01-15 22:00:00,131.75,0.68,231.65
2022-01-15 23:00:00,125.75,0.68,202.42
2022-01-16 00:00:00,123.0,0.68,125.7
2022-01-16 01:00:00,132.0,0.48,251.8
2022-01-16 02:00:00,120.75,0.45,232.2
2022-01-16 03:00:00,111.75,0.55,162.45
2022-01-16 04:00:00,104.25,0.38,155.42
2022-01-16 05:00:00,112.25,0.43,266.2
2022-01-16 06:00:00,131.25,0.42,232.32
2022-01-16 07:00:00,96.0,0.43,271.52
2022-01-16 08:00:00,98.75,0.52,174.75
2022-01-16 09:00:00,106.75,0.6,163.05
2022-01-16 10:00:00,108.75,0.85,50.18
2022-01-16 11:00:00,117.0,0.28,292.62
2022-01-16 12:00:00,120.75,0.45,166.75
2022-01-16 13:00:00,138.25,0.4,270.65
2022-01-16 14:00:00,162.25,0.23,300.73
2022-01-16 15:00:00,179.5,1.12,143.0
2022-01-16 16:00:00,178.75,1.3,7.18
2022-01-16 17:00:00,162.75,0.35,110.48
2022-01-16 18:00:00,169.25,0.3,113.15
2022-01-16 19:00:00,201.5,0.22,257.52
2022-01-16 20:00:00,239.0,0.3,136.68
2022-01-16 21:00:00,265.25,0.65,112.2
2022-01-16 22:00:00,288.75,0.18,113.25
2022-01-16 23:00:00,289.25,0.28,225.18
2022-01-17 00:00:00,307.5,0.35,139.62
2022-01-17 01:00:00,312.25,0.28,157.52
2022-01-17 02:00:00,273.0,0.3,218.32
2022-01-17 03:00:00,239.0,0.88,204.42
2022-01-17 04:00:00,160.0,0.68,206.88
2022-01-17 05:00:00,123.0,0.65,197.38
2022-01-17 06:00:00,136.0,0.75,202.75
2022-01-17 07:00:00,152.25,0.57,167.95
2022-01-17 08:00:00,137.5,0.7,154.28
2022-01-17 09:00:00,136.5,0.8,180.35
2022-01-17 10:00:00,139.5,0.32,236.48
2022-01-17 11:00:00,146.25,0.3,158.15
2022-01-17 12:00:00,170.0,0.3,212.4
2022-01-17 13:00:00,211.25,0.8,179.95
2022-01-17 14:00:00,186.75,0.6,159.4
2022-01-17 15:00:00,204.0,0.6,102.32
2022-01-17 16:00:00,220.0,0.85,141.23
2022-01-17 17:00:00,242.25,0.43,107.3
2022-01-17 18:00:00,244.25,0.32,149.1
2022-01-17 19:00:00,247.75,0.45,167.8
2022-01-17 20:00:00,252.5,0.9,188.95
2022-01-17 21:00:00,187.0,0.82,182.32
2022-01-17 22:00:00,180.75,0.55,223.48
2022-01-17 23:00:00,166.0,0.6,216.6
2022-01-18 00:00:00,152.5,0.4,217.4
2022-01-18 01:00:00,164.75,0.52,242.05
2022-01-18 02:00:00,203.0,0.35,278.1
2022-01-18 03:00:00,249.75,0.4,241.85
2022-01-18 04:00:00,251.0,0.5,236.23
2022-01-18 05:00:00,234.75,0.43,232.55
2022-01-18 06:00:00,220.25,0.55,229.5
2022-01-18 07:00:00,224.25,0.4,242.02
2022-01-18 08:00:00,250.5,0.52,233.45
2022-01-18 09:00:00,245.75,0.62,242.7
2022-01-18 10:00:00,251.0,0.52,249.45
2022-01-18 11:00:00,272.5,0.55,256.9
2022-01-18 12:00:00,274.5,0.65,205.8
2022-01-18 13:00:00,236.75,0.42,251.55
2022-01-18 14:00:00,196.5,0.6,235.9
2022-01-18 15:00:00,182.25,0.62,248.72
2022-01-18 16:00:00,165.75,0.75,249.3
2022-01-18 17:00:00,148.5,0.62,239.88
2022-01-18 18:00:00,147.25,0.45,236.6
2022-01-18 19:00:00,165.5,0.6,218.55
2022-01-18 20:00:00,192.0,0.52,217.2
2022-01-18 21:00:00,193.75,0.42,215.28
2022-01-18 22:00:00,189.5,0.4,185.02
2022-01-18 23:00:00,188.0,0.45,222.25
2022-01-19 00:00:00,181.75,0.32,237.35
2022-01-19 01:00:00,162.25,0.35,223.2
2022-01-19 02:00:00,156.75,0.48,247.98
2022-01-19 03:00:00,150.75,0.52,236.05
2022-01-19 04:00:00,166.25,0.52,246.68
2022-01-19 05:00:00,179.75,0.52,244.85
2022-01-19 06:00:00,182.0,0.45,238.62
2022-01-19 07:00:00,178.75,0.6,253.58
2022-01-19 08:00:00,168.5,0.6,269.88
2022-01-19 09:00:00,166.75,0.5,281.18
2022-01-19 10:00:00,168.75,0.15,135.38
2022-01-19 11:00:00,181.0,0.8,183.15
2022-01-19 12:00:00,192.25,0.32,175.65
2022-01-19 13:00:00,196.25,0.45,195.42
2022-01-19 14:00:00,223.25,0.45,245.85
2022-01-19 15:00:00,240.0,0.57,226.32
2022-01-19 16:00:00,215.75,0.48,177.98
2022-01-19 17:00:00,213.75,0.38,177.72
2022-01-19 18:00:00,210.0,0.6,28.48
2022-01-19 19:00:00,233.0,0.2,150.28
2022-01-19 20:00:00,257.0,0.18,132.02
2022-01-19 21:00:00,309.25,0.13,178.4
2022-01-19 22:00:00,317.75,0.4,59.0
2022-01-19 23:00:00,285.25,0.3,140.55
2022-01-20 00:00:00,226.0,0.22,92.88
2022-01-20 01:00:00,213.0,0.28,108.07
2022-01-20 02:00:00,173.75,0.43,24.92
2022-01-20 03:00:00,172.5,0.22,74.6
2022-01-20 04:00:00,169.25,0.35,156.48
2022-01-20 05:00:00,169.0,0.42,128.05
2022-01-20 06:00:00,185.25,0.3,99.45
2022-01-20 07:00:00,189.0,0.68,144.72
2022-01-20 08:00:00,194.25,0.72,191.12
2022-01-20 09:00:00,217.0,0.8,156.02
2022-01-20 10:00:00,239.5,0.65,96.2
2022-01-20 11:00:00,250.0,0.47,140.0
2022-01-20 12:00:00,274.5,0.57,76.45
2022-01-20 13:00:00,285.25,0.73,101.65
2022-01-20 14:00:00,256.75,0.75,124.22
2022-01-20 15:00:00,259.25,0.62,69.28
2022-01-20 16:00:00,284.25,0.78,108.05
2022-01-20 17:00:00,268.25,0.55,105.98
2022-01-20 18:00:00,245.25,0.32,95.32
2022-01-20 19:00:00,250.0,0.3,118.1
2022-01-20 20:00:00,271.0,0.25,82.5
2022-01-20 21:00:00,294.5,0.15,217.4
2022-01-20 22:00:00,278.25,0.28,242.55
2022-01-20 23:00:00,259.75,0.3,177.58
2022-01-21 00:00:00,254.75,0.2,185.82
2022-01-21 01:00:00,255.5,0.22,231.55
2022-01-21 02:00:00,279.5,0.2,171.9
2022-01-21 03:00:00,287.75,1.08,93.08
2022-01-21 04:00:00,207.25,0.52,46.65
2022-01-21 05:00:00,170.25,0.38,127.98
2022-01-21 06:00:00,154.5,0.28,159.7
2022-01-21 07:00:00,154.25,0.4,228.25
2022-01-21 08:00:00,159.75,0.57,221.48
2022-01-21 09:00:00,136.75,0.82,202.98
2022-01-21 10:00:00,144.25,0.65,210.1
2022-01-21 11:00:00,179.0,0.5,227.7
2022-01-21 12:00:00,183.75,0.55,104.52
2022-01-21 13:00:00,190.0,0.68,104.52
2022-01-21 14:00:00,206.75,0.7,129.95
2022-01-21 15:00:00,248.0,0.72,116.92
2022-01-21 16:00:00,207.5,0.82,138.95
2022-01-21 17:00:00,95.25,0.5,146.98
2022-01-21 18:00:00,127.25,0.25,67.03
2022-01-21 19:00:00,143.25,0.2,207.2
2022-01-21 20:00:00,162.25,0.38,127.43
2022-01-21 21:00:00,201.0,0.42,103.25
2022-01-21 22:00:00,238.0,0.38,96.82
2022-01-21 23:00:00,249.75,0.6,123.85
2022-01-22 00:00:00,242.75,0.72,43.52
2022-01-22 01:00:00,226.5,0.72,105.7
2022-01-22 02:00:00,231.0,0.45,92.1
2022-01-22 03:00:00,204.25,0.65,109.65
2022-01-22 04:00:00,151.0,1.03,146.17
2022-01-22 05:00:00,149.0,0.65,115.0
2022-01-22 06:00:00,139.25,0.57,91.32
2022-01-22 07:00:00,130.75,0.57,104.7
2022-01-22 08:00:00,135.5,1.12,117.88
2022-01-22 09:00:00,122.75,1.0,151.22
2022-01-22 10:00:00,113.75,0.6,124.55
2022-01-22 11:00:00,108.25,0.45,103.2
2022-01-22 12:00:00,112.5,0.57,57.5
2022-01-22 13:00:00,114.75,0.92,87.78
2022-01-22 14:00:00,117.0,1.12,90.78
2022-01-22 15:00:00,117.25,0.7,87.58
2022-01-22 16:00:00,121.75,0.92,92.6
2022-01-22 17:00:00,133.0,0.78,76.4
2022-01-22 18:00:00,129.5,1.02,107.28
2022-01-22 19:00:00,115.5,1.12,98.72
2022-01-22 20:00:00,105.75,0.8,79.1
2022-01-22 21:00:00,103.25,0.35,77.95
2022-01-22 22:00:00,87.75,0.55,32.98
2022-01-22 23:00:00,86.0,0.57,36.62
2022-01-23 00:00:00,92.0,0.57,50.02
2022-01-23 01:00:00,69.0,0.48,54.6
2022-01-23 02:00:00,69.25,0.72,72.4
2022-01-23 03:00:00,70.75,0.68,79.82
2022-01-23 04:00:00,75.5,0.58,88.95
2022-01-23 05:00:00,82.0,0.5,86.6
2022-01-23 06:00:00,79.0,0.57,128.25
2022-01-23 07:00:00,78.5,0.43,152.65
2022-01-23 08:00:00,80.5,0.65,180.65
2022-01-23 09:00:00,93.25,0.68,173.58
2022-01-23 10:00:00,103.25,1.18,199.82
2022-01-23 11:00:00,111.0,0.75,217.9
2022-01-23 12:00:00,103.5,0.45,237.5
2022-01-23 13:00:00,105.0,0.38,259.95
2022-01-23 14:00:00,124.5,0.52,131.05
2022-01-23 15:00:00,131.25,0.35,256.73
2022-01-23 16:00:00,135.75,0.32,275.42
2022-01-23 17:00:00,133.5,0.3,81.47
2022-01-23 18:00:00,146.25,0.32,209.5
2022-01-23 19:00:00,148.5,0.3,135.22
2022-01-23 20:00:00,168.75,0.43,190.7
2022-01-23 21:00:00,207.0,0.3,226.52
2022-01-23 22:00:00,263.5,0.3,148.72
2022-01-23 23:00:00,259.25,0.35,212.52
2022-01-24 00:00:00,206.0,0.4,236.77
2022-01-24 01:00:00,144.25,0.3,244.02
2022-01-24 02:00:00,111.75,0.43,219.3
2022-01-24 03:00:00,83.0,0.38,217.02
2022-01-24 04:00:00,78.0,0.28,162.32
2022-01-24 05:00:00,69.5,0.55,168.15
2022-01-24 06:00:00,58.5,0.48,182.3
2022-01-24 07:00:00,49.25,0.4,206.7
2022-01-24 08:00:00,53.75,0.28,143.98
2022-01-24 09:00:00,61.25,0.55,155.55
2022-01-24 10:00:00,83.5,0.6,195.35
2022-01-24 11:00:00,106.5,0.4,297.5
2022-01-24 12:00:00,118.75,0.62,75.88
2022-01-24 13:00:00,123.5,0.85,92.38
2022-01-24 14:00:00,120.0,0.48,199.2
2022-01-24 15:00:00,111.0,0.55,136.22
2022-01-24 16:00:00,108.5,0.6,128.1
2022-01-24 17:00:00,124.25,0.43,49.32
2022-01-24 18:00:00,116.0,0.28,181.72
2022-01-24 19:00:00,135.75,0.22,132.92
2022-01-24 20:00:00,173.0,0.28,185.52
2022-01-24 21:00:00,199.25,0.2,143.07
2022-01-24 22:00:00,230.5,0.25,176.55
2022-01-24 23:00:00,217.0,0.35,216.18
2022-01-25 00:00:00,211.5,0.25,252.75
2022-01-25 01:00:00,252.5,0.25,211.48
2022-01-25 02:00:00,266.25,0.22,215.6
2022-01-25 03:00:00,272.5,0.35,211.58
2022-01-25 04:00:00,246.25,0.43,218.22
2022-01-25 05:00:00,173.25,0.57,217.42
2022-01-25 06:00:00,93.5,0.55,215.1
2022-01-25 07:00:00,79.25,0.45,221.98
2022-01-25 08:00:00,61.0,0.45,236.38
2022-01-25 09:00:00,64.5,0.48,248.2
2022-01-25 10:00:00,57.5,0.57,245.02
2022-01-25 11:00:00,63.0,0.62,235.95
2022-01-25 12:00:00,75.75,0.62,217.8
2022-01-25 13:00:00,81.25,0.68,240.05
2022-01-25 14:00:00,93.75,0.48,240.45
2022-01-25 15:00:00,104.25,0.55,250.92
2022-01-25 16:00:00,104.5,0.52,224.48
2022-01-25 17:00:00,83.25,0.55,214.6
2022-01-25 18:00:00,84.0,0.45,175.65
2022-01-25 19:00:00,105.0,0.37,251.65
2022-01-25 20:00:00,117.75,0.25,165.32
2022-01-25 21:00:00,134.0,0.35,240.02
2022-01-25 22:00:00,162.0,0.52,231.45
2022-01-25 23:00:00,202.75,0.4,219.02
2022-01-26 00:00:00,214.75,0.45,215.58
2022-01-26 01:00:00,235.5,0.42,225.88
2022-01-26 02:00:00,218.5,0.68,211.72
2022-01-26 03:00:00,154.25,0.52,229.98
2022-01-26 04:00:00,121.25,0.55,205.52
2022-01-26 05:00:00,94.25,0.78,212.1
2022-01-26 06:00:00,76.75,0.3,231.25
2022-01-26 07:00:00,86.0,0.65,210.3
2022-01-26 08:00:00,89.0,0.43,204.55
2022-01-26 09:00:00,89.5,0.57,213.55
2022-01-26 10:00:00,96.0,0.6,244.8
2022-01-26 11:00:00,112.75,0.55,259.05
2022-01-26 12:00:00,117.0,0.57,266.92
2022-01-26 13:00:00,109.75,0.5,253.3
2022-01-26 14:00:00,94.0,0.48,251.35
2022-01-26 15:00:00,86.25,0.8,256.95
2022-01-26 16:00:00,89.75,0.57,258.38
2022-01-26 17:00:00,89.0,0.43,241.3
2022-01-26 18:00:00,93.0,0.48,245.98
2022-01-26 19:00:00,112.0,0.32,190.23
2022-01-26 20:00:00,142.5,0.4,178.05
2022-01-26 21:00:00,189.0,0.42,222.45
2022-01-26 22:00:00,241.75,0.25,165.23
2022-01-26 23:00:00,237.75,0.48,215.18
2022-01-27 00:00:00,237.25,0.4,162.33
2022-01-27 01:00:00,228.25,0.43,191.68
2022-01-27 02:00:00,196.75,0.5,201.52
2022-01-27 03:00:00,183.5,0.62,208.92
2022-01-27 04:00:00,155.0,0.55,202.6
2022-01-27 05:00:00,123.75,0.75,205.25
2022-01-27 06:00:00,111.75,0.73,205.52
2022-01-27 07:00:00,111.0,0.55,205.35
2022-01-27 08:00:00,100.75,0.58,210.25
2022-01-27 09:00:00,101.75,0.38,231.3
2022-01-27 10:00:00,123.25,0.48,251.35
2022-01-27 11:00:00,140.5,0.77,251.42
2022-01-27 12:00:00,120.5,0.82,252.72
2022-01-27 13:00:00,97.0,0.78,255.58
2022-01-27 14:00:00,83.5,0.55,245.05
2022-01-27 15:00:00,72.75,0.52,266.42
2022-01-27 16:00:00,62.0,0.78,256.82
2022-01-27 17:00:00,63.5,0.52,257.15
2022-01-27 18:00:00,73.75,0.5,223.5
2022-01-27 19:00:00,104.75,0.48,221.05
2022-01-27 20:00:00,156.5,0.55,220.95
2022-01-27 21:00:00,193.5,0.65,215.4
2022-01-27 22:00:00,208.5,0.45,220.9
2022-01-27 23:00:00,198.5,0.6,216.1
2022-01-28 00:00:00,183.0,0.52,218.62
2022-01-28 01:00:00,176.0,0.73,213.5
2022-01-28 02:00:00,139.75,0.6,220.38
2022-01-28 03:00:00,125.5,0.7,218.45
2022-01-28 04:00:00,136.75,0.65,218.25
2022-01-28 05:00:00,125.5,0.82,211.42
2022-01-28 06:00:00,109.0,0.6,216.68
2022-01-28 07:00:00,100.75,0.7,210.18
2022-01-28 08:00:00,107.0,0.68,210.68
2022-01-28 09:00:00,117.5,0.55,248.95
2022-01-28 10:00:00,107.75,0.85,252.08
2022-01-28 11:00:00,91.25,0.85,244.85
2022-01-28 12:00:00,84.25,0.75,244.08
2022-01-28 13:00:00,67.0,0.9,245.9
2022-01-28 14:00:00,54.5,0.75,243.9
2022-01-28 15:00:00,43.5,0.82,245.08
2022-01-28 16:00:00,42.75,0.8,241.92
2022-01-28 17:00:00,45.75,0.65,252.35
2022-01-28 18:00:00,54.5,0.45,219.72
2022-01-28 19:00:00,82.0,0.5,222.2
2022-01-28 20:00:00,119.75,0.3,275.38
2022-01-28 21:00:00,167.0,0.18,168.98
2022-01-28 22:00:00,194.75,0.35,216.6
2022-01-28 23:00:00,227.5,0.3,162.45
2022-01-29 00:00:00,237.25,0.3,218.88
2022-01-29 01:00:00,228.0,0.35,241.0
2022-01-29 02:00:00,207.0,0.4,220.65
2022-01-29 03:00:00,208.5,0.35,222.98
2022-01-29 04:00:00,196.25,0.28,207.52
2022-01-29 05:00:00,141.25,0.4,221.48
2022-01-29 06:00:00,124.75,0.4,176.45
2022-01-29 07:00:00,116.5,0.35,223.55
2022-01-29 08:00:00,112.25,0.28,172.1
2022-01-29 09:00:00,116.0,0.52,211.48
2022-01-29 10:00:00,123.25,0.7,209.95
2022-01-29 11:00:00,116.75,0.6,219.05
2022-01-29 12:00:00,104.25,0.58,234.0
2022-01-29 13:00:00,77.0,0.58,246.42
2022-01-29 14:00:00,70.0,0.62,244.23
2022-01-29 15:00:00,60.25,0.65,240.27
2022-01-29 16:00:00,64.5,0.45,230.35
2022-01-29 17:00:00,54.5,0.4,245.48
2022-01-29 18:00:00,50.5,0.45,219.6
2022-01-29 19:00:00,72.25,0.35,236.95
2022-01-29 20:00:00,115.75,0.42,233.12
2022-01-29 21:00:00,155.25,0.45,232.5
2022-01-29 22:00:00,189.25,0.42,218.65
2022-01-29 23:00:00,203.0,0.48,226.52
2022-01-30 00:00:00,211.5,0.58,224.58
2022-01-30 01:00:00,198.25,0.55,219.48
2022-01-30 02:00:00,187.5,0.68,216.27
2022-01-30 03:00:00,177.0,0.73,216.48
2022-01-30 04:00:00,165.25,0.8,212.92
2022-01-30 05:00:00,159.5,0.45,222.52
2022-01-30 06:00:00,163.5,0.43,212.25
2022-01-30 07:00:00,153.0,0.43,208.88
2022-01-30 08:00:00,155.0,0.4,214.88
2022-01-30 09:00:00,163.5,0.52,217.72
2022-01-30 10:00:00,167.0,0.55,232.3
2022-01-30 11:00:00,150.75,0.62,233.9
2022-01-30 12:00:00,133.25,0.8,227.65
2022-01-30 13:00:00,117.5,0.73,223.8
2022-01-30 14:00:00,108.25,0.65,241.25
2022-01-30 15:00:00,93.0,0.78,257.15
2022-01-30 16:00:00,92.25,0.6,240.33
2022-01-30 17:00:00,100.5,0.43,218.95
2022-01-30 18:00:00,108.5,0.35,217.6
2022-01-30 19:00:00,127.25,0.32,203.45
2022-01-30 20:00:00,160.25,0.3,124.52
2022-01-30 21:00:00,193.0,0.32,164.38
2022-01-30 22:00:00,226.5,0.5,194.35
2022-01-30 23:00:00,255.0,0.35,196.62
2022-01-31 00:00:00,256.0,0.33,165.8
2022-01-31 01:00:00,251.25,0.23,164.52
2022-01-31 02:00:00,229.25,0.38,231.58
2022-01-31 03:00:00,244.75,0.3,211.8
2022-01-31 04:00:00,272.5,0.22,194.5
2022-01-31 05:00:00,246.0,0.28,191.82
2022-01-31 06:00:00,236.25,0.28,189.4
2022-01-31 07:00:00,247.75,0.25,229.9
2022-01-31 08:00:00,262.0,0.38,189.82
2022-01-31 09:00:00,270.0,0.5,114.9
2022-01-31 10:00:00,295.25,0.57,84.48
2022-01-31 11:00:00,285.5,0.73,86.98
2022-01-31 12:00:00,243.25,0.77,79.05
2022-01-31 13:00:00,254.5,0.95,106.98
2022-01-31 14:00:00,289.5,0.85,66.85
2022-01-31 15:00:00,239.0,0.68,66.22
2022-01-31 16:00:00,220.5,0.5,56.95
2022-01-31 17:00:00,233.25,0.5,55.5
2022-01-31 18:00:00,252.5,0.35,56.12
2022-01-31 19:00:00,268.25,0.35,53.4
2022-01-31 20:00:00,278.25,0.35,45.12
2022-01-31 21:00:00,249.5,0.25,117.5
2022-01-31 22:00:00,214.5,0.23,177.38
2022-01-31 23:00:00,212.5,0.2,135.68
2022-02-01 00:00:00,209.5,0.32,219.8
2022-02-01 01:00:00,205.75,0.23,193.68
2022-02-01 02:00:00,207.5,0.25,165.05
2022-02-01 03:00:00,212.5,0.1,220.5
2022-02-01 04:00:00,232.25,0.3,195.72
2022-02-01 05:00:00,238.25,0.38,223.18
2022-02-01 06:00:00,252.0,0.38,210.8
2022-02-01 07:00:00,247.5,0.32,233.05
2022-02-01 08:00:00,247.0,0.18,255.52
2022-02-01 09:00:00,241.25,0.88,266.62
2022-02-01 10:00:00,315.0,0.92,69.35
2022-02-01 11:00:00,434.5,1.35,234.8
2022-02-01 12:00:00,359.0,0.5,179.0
2022-02-01 13:00:00,280.75,0.55,247.1
2022-02-01 14:00:00,215.75,0.8,245.32
2022-02-01 15:00:00,183.25,0.75,251.9
2022-02-01 16:00:00,173.0,0.62,253.77
2022-02-01 17:00:00,156.25,0.48,239.75
2022-02-01 18:00:00,161.0,0.52,218.73
2022-02-01 19:00:00,200.5,0.43,216.1
2022-02-01 20:00:00,232.5,0.55,216.42
2022-02-01 21:00:00,249.0,0.6,215.7
2022-02-01 22:00:00,259.5,0.77,211.35
2022-02-01 23:00:00,241.75,0.9,209.92
2022-02-02 00:00:00,251.75,0.38,218.75
2022-02-02 01:00:00,226.75,0.48,224.08
2022-02-02 02:00:00,184.0,0.43,235.15
2022-02-02 03:00:00,169.0,0.45,223.15
2022-02-02 04:00:00,177.75,0.48,215.88
2022-02-02 05:00:00,178.5,0.52,212.85
2022-02-02 06:00:00,182.75,0.45,228.35
2022-02-02 07:00:00,182.25,0.62,213.25
2022-02-02 08:00:00,182.75,0.72,211.7
2022-02-02 09:00:00,177.0,0.78,218.9
2022-02-02 10:00:00,160.25,0.52,238.58
2022-02-02 11:00:00,156.25,0.73,197.72
2022-02-02 12:00:00,158.0,0.32,224.75
2022-02-02 13:00:00,142.25,0.52,135.6
2022-02-02 14:00:00,108.25,0.68,224.55
2022-02-02 15:00:00,98.25,0.55,139.1
2022-02-02 16:00:00,125.0,0.92,98.2
2022-02-02 17:00:00,175.75,0.85,122.62
2022-02-02 18:00:00,201.75,0.5,96.02
2022-02-02 19:00:00,205.0,0.5,74.65
2022-02-02 20:00:00,223.75,0.6,82.9
2022-02-02 21:00:00,246.75,0.55,53.8
2022-02-02 22:00:00,243.0,0.88,85.08
2022-02-02 23:00:00,198.5,1.0,86.3
2022-02-03 00:00:00,174.5,1.3,100.6
2022-02-03 01:00:00,182.5,1.1,86.43
2022-02-03 02:00:00,193.0,1.08,86.05
2022-02-03 03:00:00,190.75,0.65,37.65
2022-02-03 04:00:00,181.5,1.1,76.6
2022-02-03 05:00:00,185.0,1.15,89.92
2022-02-03 06:00:00,216.0,0.95,58.22
2022-02-03 07:00:00,206.25,1.03,70.03
2022-02-03 08:00:00,191.75,1.02,67.1
2022-02-03 09:00:00,169.0,1.0,79.68
2022-02-03 10:00:00,125.0,1.02,85.42
2022-02-03 11:00:00,115.75,1.0,72.25
2022-02-03 12:00:00,133.0,1.2,94.35
2022-02-03 13:00:00,135.0,1.62,98.18
2022-02-03 14:00:00,134.25,1.5,106.28
2022-02-03 15:00:00,133.0,1.12,88.3
2022-02-03 16:00:00,135.0,0.68,91.48
2022-02-03 17:00:00,132.0,0.62,119.35
2022-02-03 18:00:00,132.0,0.5,158.88
2022-02-03 19:00:00,129.5,0.65,192.25
2022-02-03 20:00:00,127.0,0.85,209.73
2022-02-03 21:00:00,124.5,1.0,206.5
2022-02-03 22:00:00,122.0,1.38,208.22
2022-02-03 23:00:00,115.0,1.52,207.65
2022-02-04 00:00:00,88.5,1.1,210.32
2022-02-04 01:00:00,69.25,0.57,211.1
2022-02-04 02:00:00,61.0,0.7,211.68
2022-02-04 03:00:00,50.0,0.68,209.7
2022-02-04 04:00:00,39.0,0.75,209.27
2022-02-04 05:00:00,39.75,0.48,212.85
2022-02-04 06:00:00,45.5,0.48,217.4
2022-02-04 07:00:00,56.0,0.38,228.95
2022-02-04 08:00:00,47.0,0.43,232.25
2022-02-04 09:00:00,46.25,0.55,251.68
2022-02-04 10:00:00,43.0,0.55,243.12
2022-02-04 11:00:00,39.75,0.55,202.72
2022-02-04 12:00:00,39.5,0.6,241.08
2022-02-04 13:00:00,41.75,0.57,284.75
2022-02-04 14:00:00,41.75,0.55,246.12
2022-02-04 15:00:00,36.0,0.43,322.1
2022-02-04 16:00:00,40.75,0.68,190.5
2022-02-04 17:00:00,41.75,0.32,266.85
2022-02-04 18:00:00,36.25,0.27,134.3
2022-02-04 19:00:00,64.5,0.22,239.77
2022-02-04 20:00:00,92.75,0.25,166.42
2022-02-04 21:00:00,121.0,0.32,227.85
2022-02-04 22:00:00,134.25,0.25,251.38
2022-02-04 23:00:00,172.0,0.3,197.03
2022-02-05 00:00:00,207.25,0.17,222.15
2022-02-05 01:00:00,219.25,0.32,98.22
2022-02-05 02:00:00,226.0,0.52,35.52
2022-02-05 03:00:00,199.66666666666666,0.55,26.88
2022-02-05 04:00:00,173.33333333333334,0.45,33.92
2022-02-05 05:00:00,147.0,0.4,173.98
2022-02-05 06:00:00,,0.73,167.48
2022-02-05 07:00:00,,0.92,4.82
2022-02-05 08:00:00,68.0,0.52,145.45
2022-02-05 09:00:00,73.0,0.32,178.15
2022-02-05 10:00:00,92.25,0.5,151.65
2022-02-05 11:00:00,107.25,0.65,181.48
2022-02-05 12:00:00,111.0,0.48,60.05
2022-02-05 13:00:00,114.25,0.4,175.72
2022-02-05 14:00:00,157.0,0.63,249.05
2022-02-05 15:00:00,164.75,0.5,289.05
2022-02-05 16:00:00,119.75,0.57,232.52
2022-02-05 17:00:00,73.25,0.4,219.12
2022-02-05 18:00:00,60.5,0.28,223.08
2022-02-05 19:00:00,61.5,0.35,253.02
2022-02-05 20:00:00,101.25,0.22,221.08
2022-02-05 21:00:00,176.5,0.35,247.58
2022-02-05 22:00:00,207.25,0.4,243.48
2022-02-05 23:00:00,255.75,0.4,247.62
2022-02-06 00:00:00,263.5,0.35,177.5
2022-02-06 01:00:00,232.0,0.3,227.7
2022-02-06 02:00:00,218.5,0.37,250.6
2022-02-06 03:00:00,203.5,0.4,236.88
2022-02-06 04:00:00,197.0,0.45,229.82
2022-02-06 05:00:00,183.25,0.3,184.8
2022-02-06 06:00:00,154.5,0.4,222.48
2022-02-06 07:00:00,134.0,0.22,218.92
2022-02-06 08:00:00,125.0,0.25,167.73
2022-02-06 09:00:00,149.5,0.38,220.05
2022-02-06 10:00:00,176.75,0.77,208.6
2022-02-06 11:00:00,115.75,0.45,184.65
2022-02-06 12:00:00,94.75,0.92,113.62
2022-02-06 13:00:00,56.25,0.57,164.8
2022-02-06 14:00:00,44.25,0.33,234.6
2022-02-06 15:00:00,51.0,0.6,192.1
2022-02-06 16:00:00,55.0,0.55,64.85
2022-02-06 17:00:00,70.5,0.48,55.22
2022-02-06 18:00:00,83.5,0.38,81.9
2022-02-06 19:00:00,95.75,0.18,159.6
2022-02-06 20:00:00,114.5,0.2,168.52
2022-02-06 21:00:00,133.5,0.32,123.12
2022-02-06 22:00:00,150.0,0.23,221.15
2022-02-06 23:00:00,154.5,0.45,199.28
2022-02-07 00:00:00,177.5,0.35,173.98
2022-02-07 01:00:00,196.0,0.17,192.75
2022-02-07 02:00:00,165.25,0.15,216.48
2022-02-07 03:00:00,159.5,0.25,181.75
2022-02-07 04:00:00,149.75,0.2,204.0
2022-02-07 05:00:00,152.75,0.22,236.32
2022-02-07 06:00:00,152.75,0.22,172.85
2022-02-07 07:00:00,144.5,0.25,55.25
2022-02-07 08:00:00,139.75,0.35,130.15
2022-02-07 09:00:00,135.25,1.23,199.27
2022-02-07 10:00:00,112.25,1.2,169.92
2022-02-07 11:00:00,84.75,1.2,184.72
2022-02-07 12:00:00,96.75,0.9,190.0
2022-02-07 13:00:00,60.5,1.05,188.62
2022-02-07 14:00:00,50.25,0.7,162.6
2022-02-07 15:00:00,47.25,0.65,161.38
2022-02-07 16:00:00,68.5,0.85,105.0
2022-02-07 17:00:00,86.0,0.47,127.78
2022-02-07 18:00:00,90.75,0.25,98.25
2022-02-07 19:00:00,98.75,0.28,153.6
2022-02-07 20:00:00,111.0,0.25,164.55
2022-02-07 21:00:00,122.75,0.25,214.78
2022-02-07 22:00:00,122.5,0.18,172.7
2022-02-07 23:00:00,131.0,0.32,167.28
2022-02-08 00:00:00,152.75,0.15,189.97
2022-02-08 01:00:00,154.25,0.23,233.4
2022-02-08 02:00:00,152.0,0.3,177.85
2022-02-08 03:00:00,149.75,0.22,257.82
2022-02-08 04:00:00,143.25,0.2,209.42
2022-02-08 05:00:00,146.0,0.18,229.68
2022-02-08 06:00:00,157.0,0.25,187.08
2022-02-08 07:00:00,169.75,0.22,175.58
2022-02-08 08:00:00,162.25,0.32,78.3
2022-02-08 09:00:00,164.25,0.55,104.2
2022-02-08 10:00:00,178.5,0.62,106.9
2022-02-08 11:00:00,173.25,0.57,88.88
2022-02-08 12:00:00,140.25,0.55,56.3
2022-02-08 13:00:00,121.75,0.72,103.48
2022-02-08 14:00:00,96.0,0.75,112.68
2022-02-08 15:00:00,81.25,0.62,92.75
2022-02-08 16:00:00,70.75,0.85,46.62
2022-02-08 17:00:00,72.75,0.92,184.65
2022-02-08 18:00:00,105.25,0.38,110.5
2022-02-08 19:00:00,135.75,0.3,236.2
2022-02-08 20:00:00,170.0,0.12,177.95
2022-02-08 21:00:00,168.75,0.23,191.68
2022-02-08 22:00:00,175.5,0.35,243.85
2022-02-08 23:00:00,182.5,0.27,226.88
2022-02-09 00:00:00,193.0,0.3,156.08
2022-02-09 01:00:00,221.25,0.43,27.3
2022-02-09 02:00:00,275.5,0.3,41.18
2022-02-09 03:00:00,251.25,0.5,201.15
2022-02-09 04:00:00,202.0,0.6,269.1
2022-02-09 05:00:00,178.0,0.85,212.0
2022-02-09 06:00:00,39.0,0.82,251.22
2022-02-09 07:00:00,44.75,0.35,105.9
2022-02-09 08:00:00,64.5,0.6,110.15
2022-02-09 09:00:00,73.5,0.88,129.1
2022-02-09 10:00:00,78.5,0.82,111.52
2022-02-09 11:00:00,72.0,0.85,94.32
2022-02-09 12:00:00,48.0,0.82,53.95
2022-02-09 13:00:00,48.0,1.45,16.15
2022-02-09 14:00:00,43.25,1.27,103.4
2022-02-09 15:00:00,30.25,0.9,54.68
2022-02-09 16:00:00,35.75,0.85,123.75
2022-02-09 17:00:00,44.5,0.5,64.22
2022-02-09 18:00:00,57.25,0.48,53.98
2022-02-09 19:00:00,67.25,0.32,97.75
2022-02-09 20:00:00,78.75,0.22,104.95
2022-02-09 21:00:00,83.25,0.25,264.02
2022-02-09 22:00:00,83.0,0.28,175.52
2022-02-09 23:00:00,93.75,0.25,217.78
2022-02-10 00:00:00,111.75,0.12,214.28
2022-02-10 01:00:00,128.25,0.43,224.68
2022-02-10 02:00:00,134.5,0.38,211.78
2022-02-10 03:00:00,103.5,0.18,192.5
2022-02-10 04:00:00,95.5,0.4,219.2
2022-02-10 05:00:00,91.75,0.45,219.68
2022-02-10 06:00:00,81.0,0.62,209.3
2022-02-10 07:00:00,66.0,0.48,215.23
2022-02-10 08:00:00,61.0,0.7,211.85
2022-02-10 09:00:00,77.25,0.9,209.35
2022-02-10 10:00:00,90.25,0.75,213.9
2022-02-10 11:00:00,87.75,0.62,239.45
2022-02-10 12:00:00,82.0,0.75,236.35
2022-02-10 13:00:00,92.75,1.0,247.88
2022-02-10 14:00:00,81.5,0.8,249.08
2022-02-10 15:00:00,56.75,0.85,240.77
2022-02-10 16:00:00,48.0,0.95,251.7
2022-02-10 17:00:00,44.75,0.8,252.52
2022-02-10 18:00:00,54.5,0.6,246.9
2022-02-10 19:00:00,63.0,0.35,221.68
2022-02-10 20:00:00,78.5,0.57,218.92
2022-02-10 21:00:00,91.75,0.55,215.75
2022-02-10 22:00:00,99.25,0.5,224.9
2022-02-10 23:00:00,98.5,0.55,222.35
2022-02-11 00:00:00,103.5,0.68,217.68
2022-02-11 01:00:00,102.25,0.7,219.28
2022-02-11 02:00:00,94.25,0.98,214.6
2022-02-11 03:00:00,96.5,0.82,211.55
2022-02-11 04:00:00,98.0,0.75,210.97
2022-02-11 05:00:00,87.75,0.6,220.82
2022-02-11 06:00:00,82.25,0.52,216.08
2022-02-11 07:00:00,81.25,0.45,212.68
2022-02-11 08:00:00,96.25,0.65,208.02
2022-02-11 09:00:00,103.0,0.55,237.77
2022-02-11 10:00:00,100.0,0.57,236.32
2022-02-11 11:00:00,90.5,0.72,246.8
2022-02-11 12:00:00,81.0,1.0,245.45
2022-02-11 13:00:00,56.5,0.85,235.72
2022-02-11 14:00:00,53.75,0.8,233.73
2022-02-11 15:00:00,47.5,0.8,231.72
2022-02-11 16:00:00,41.5,0.7,244.45
2022-02-11 17:00:00,44.5,0.62,250.77
2022-02-11 18:00:00,43.75,0.5,228.8
2022-02-11 19:00:00,59.75,0.42,230.0
2022-02-11 20:00:00,78.5,0.35,235.5
2022-02-11 21:00:00,99.75,0.4,244.05
2022-02-11 22:00:00,128.5,0.38,249.85
2022-02-11 23:00:00,143.5,0.45,239.35
2022-02-12 00:00:00,139.5,0.52,228.22
2022-02-12 01:00:00,137.0,0.68,215.8
2022-02-12 02:00:00,119.25,0.55,213.5
2022-02-12 03:00:00,97.25,0.7,216.6
2022-02-12 04:00:00,84.5,0.5,225.12
2022-02-12 05:00:00,86.25,0.52,232.0
2022-02-12 06:00:00,78.75,0.43,229.38
2022-02-12 07:00:00,83.75,0.45,214.92
2022-02-12 08:00:00,91.25,0.4,218.68
2022-02-12 09:00:00,89.0,0.75,212.27
2022-02-12 10:00:00,85.5,0.55,240.42
2022-02-12 11:00:00,75.75,0.65,234.23
2022-02-12 12:00:00,74.25,0.65,245.2
2022-02-12 13:00:00,60.5,0.7,247.1
2022-02-12 14:00:00,48.75,0.75,244.75
2022-02-12 15:00:00,38.25,0.68,234.8
2022-02-12 16:00:00,43.25,0.7,250.77
2022-02-12 17:00:00,39.75,0.68,253.58
2022-02-12 18:00:00,46.25,0.52,232.48
2022-02-12 19:00:00,54.0,0.5,196.8
2022-02-12 20:00:00,72.25,0.45,225.05
2022-02-12 21:00:00,98.75,0.4,241.78
2022-02-12 22:00:00,130.75,0.45,252.38
2022-02-12 23:00:00,159.5,0.32,213.1
2022-02-13 00:00:00,171.25,0.4,195.55
2022-02-13 01:00:00,187.0,0.48,239.65
2022-02-13 02:00:00,204.25,0.5,238.0
2022-02-13 03:00:00,220.5,0.43,226.9
2022-02-13 04:00:00,189.75,0.35,237.15
2022-02-13 05:00:00,173.25,0.42,226.15
2022-02-13 06:00:00,170.5,0.32,231.88
2022-02-13 07:00:00,169.5,0.18,294.05
2022-02-13 08:00:00,167.75,0.32,170.32
2022-02-13 09:00:00,153.5,0.9,189.82
2022-02-13 10:00:00,125.75,1.12,197.22
2022-02-13 11:00:00,77.75,0.95,186.22
2022-02-13 12:00:00,62.0,0.6,172.25
2022-02-13 13:00:00,61.0,0.85,155.08
2022-02-13 14:00:00,59.5,0.82,148.88
2022-02-13 15:00:00,62.75,0.68,107.0
2022-02-13 16:00:00,60.0,0.45,148.95
2022-02-13 17:00:00,67.0,0.5,110.25
2022-02-13 18:00:00,77.25,0.28,119.9
2022-02-13 19:00:00,75.0,0.32,222.8
2022-02-13 20:00:00,87.25,0.18,149.18
2022-02-13 21:00:00,102.5,0.28,227.4
2022-02-13 22:00:00,125.0,0.18,251.88
2022-02-13 23:00:00,157.0,0.35,253.1
2022-02-14 00:00:00,205.0,0.35,250.18
2022-02-14 01:00:00,215.0,0.4,216.23
2022-02-14 02:00:00,189.0,0.32,221.12
2022-02-14 03:00:00,181.0,0.22,239.23
2022-02-14 04:00:00,181.25,0.18,173.45
2022-02-14 05:00:00,193.5,0.35,229.65
2022-02-14 06:00:00,177.75,0.38,219.9
2022-02-14 07:00:00,193.25,0.25,225.05
2022-02-14 08:00:00,197.25,0.57,196.78
2022-02-14 09:00:00,150.75,1.02,191.62
2022-02-14 10:00:00,82.25,1.23,188.78
2022-02-14 11:00:00,55.5,1.12,175.45
2022-02-14 12:00:00,41.5,1.08,194.18
2022-02-14 13:00:00,30.25,0.73,171.85
2022-02-14 14:00:00,31.0,0.32,281.78
2022-02-14 15:00:00,39.75,0.42,253.85
2022-02-14 16:00:00,39.75,0.95,94.88
2022-02-14 17:00:00,44.0,0.68,69.4
2022-02-14 18:00:00,50.0,0.35,79.02
2022-02-14 19:00:00,58.75,0.22,181.2
2022-02-14 20:00:00,85.75,0.22,248.78
2022-02-14 21:00:00,96.25,0.25,206.18
2022-02-14 22:00:00,124.0,0.32,187.65
2022-02-14 23:00:00,136.25,0.32,234.8
2022-02-15 00:00:00,162.0,0.35,192.82
2022-02-15 01:00:00,192.75,0.3,217.42
2022-02-15 02:00:00,193.5,0.3,239.25
2022-02-15 03:00:00,205.25,0.2,127.72
2022-02-15 04:00:00,190.0,0.22,47.82
2022-02-15 05:00:00,157.25,0.3,231.32
2022-02-15 06:00:00,154.75,0.25,122.0
2022-02-15 07:00:00,169.5,0.15,137.75
2022-02-15 08:00:00,166.0,0.28,47.0
2022-02-15 09:00:00,171.0,0.65,167.9
2022-02-15 10:00:00,127.75,1.5,198.42
2022-02-15 11:00:00,55.75,1.15,185.9
2022-02-15 12:00:00,40.25,0.92,185.1
2022-02-15 13:00:00,38.25,0.6,168.72
2022-02-15 14:00:00,31.5,0.4,120.8
2022-02-15 15:00:00,37.5,0.62,252.4
2022-02-15 16:00:00,42.5,0.5,257.58
2022-02-15 17:00:00,41.25,0.43,227.48
2022-02-15 18:00:00,36.0,0.35,201.98
2022-02-15 19:00:00,50.75,0.23,144.68
2022-02-15 20:00:00,72.25,0.2,260.65
2022-02-15 21:00:00,86.25,0.23,174.35
2022-02-15 22:00:00,98.5,0.2,231.8
2022-02-15 23:00:00,130.75,0.5,227.25
2022-02-16 00:00:00,156.25,0.42,236.92
2022-02-16 01:00:00,165.25,0.5,229.48
2022-02-16 02:00:00,146.25,0.42,246.95
2022-02-16 03:00:00,150.75,0.32,239.12
2022-02-16 04:00:00,150.75,0.43,232.77
2022-02-16 05:00:00,149.5,0.38,232.55
2022-02-16 06:00:00,169.25,0.48,246.55
2022-02-16 07:00:00,168.75,0.28,231.55
2022-02-16 08:00:00,142.75,0.2,208.22
2022-02-16 09:00:00,162.5,0.45,117.48
2022-02-16 10:00:00,195.75,0.57,141.33
2022-02-16 11:00:00,257.0,0.35,249.82
2022-02-16 12:00:00,252.25,0.85,215.85
2022-02-16 13:00:00,137.25,0.75,238.32
2022-02-16 14:00:00,115.5,0.78,248.55
2022-02-16 15:00:00,61.0,0.57,238.95
2022-02-16 16:00:00,46.5,0.62,252.32
2022-02-16 17:00:00,50.75,0.6,250.8
2022-02-16 18:00:00,60.0,0.33,246.2
2022-02-16 19:00:00,71.25,0.45,203.75
2022-02-16 20:00:00,102.5,0.5,188.68
2022-02-16 21:00:00,121.75,0.43,197.82
2022-02-16 22:00:00,127.5,0.32,225.9
2022-02-16 23:00:00,148.5,0.32,194.12
2022-02-17 00:00:00,153.0,0.35,182.92
2022-02-17 01:00:00,155.25,0.52,118.57
2022-02-17 02:00:00,158.0,1.15,52.55
2022-02-17 03:00:00,145.25,0.8,213.4
2022-02-17 04:00:00,142.5,0.55,230.5
2022-02-17 05:00:00,141.0,0.43,236.18
2022-02-17 06:00:00,140.5,0.43,224.35
2022-02-17 07:00:00,134.5,0.38,211.0
2022-02-17 08:00:00,122.5,0.4,212.3
2022-02-17 09:00:00,128.5,0.35,237.0
2022-02-17 10:00:00,137.0,0.35,237.4
2022-02-17 11:00:00,134.75,0.9,200.78
2022-02-17 12:00:00,88.25,0.65,223.42
2022-02-17 13:00:00,67.75,0.57,226.85
2022-02-17 14:00:00,47.25,0.62,238.45
2022-02-17 15:00:00,64.5,0.5,235.0
2022-02-17 16:00:00,46.75,0.55,251.52
2022-02-17 17:00:00,35.5,0.4,226.13
2022-02-17 18:00:00,43.25,0.25,192.23
2022-02-17 19:00:00,57.0,0.38,213.38
2022-02-17 20:00:00,79.25,0.22,270.4
2022-02-17 21:00:00,123.25,0.48,237.75
2022-02-17 22:00:00,162.75,0.38,215.58
2022-02-17 23:00:00,165.0,0.38,260.42
2022-02-18 00:00:00,179.0,0.42,247.92
2022-02-18 01:00:00,188.25,0.45,232.8
2022-02-18 02:00:00,172.5,0.2,203.92
2022-02-18 03:00:00,177.25,0.48,241.05
2022-02-18 04:00:00,180.5,0.4,238.82
2022-02-18 05:00:00,188.25,0.35,237.92
2022-02-18 06:00:00,182.25,0.28,225.98
2022-02-18 07:00:00,167.0,0.42,230.25
2022-02-18 08:00:00,184.75,0.2,209.3
2022-02-18 09:00:00,192.25,0.18,253.6
2022-02-18 10:00:00,168.75,0.3,245.25
2022-02-18 11:00:00,93.0,1.02,202.58
2022-02-18 12:00:00,49.75,1.18,192.08
2022-02-18 13:00:00,28.25,1.28,205.27
2022-02-18 14:00:00,26.75,0.48,267.1
2022-02-18 15:00:00,22.25,0.5,245.55
2022-02-18 16:00:00,27.75,0.52,260.7
2022-02-18 17:00:00,30.5,1.2,92.6
2022-02-18 18:00:00,49.5,0.55,198.4
2022-02-18 19:00:00,53.25,0.68,251.28
2022-02-18 20:00:00,67.0,0.42,221.2
2022-02-18 21:00:00,63.75,0.35,239.42
2022-02-18 22:00:00,74.25,0.3,157.85
2022-02-18 23:00:00,84.5,0.4,233.55
2022-02-19 00:00:00,94.0,0.38,243.25
2022-02-19 01:00:00,93.75,0.48,235.05
2022-02-19 02:00:00,104.0,0.52,233.6
2022-02-19 03:00:00,105.0,0.6,218.98
2022-02-19 04:00:00,91.5,0.7,222.5
2022-02-19 05:00:00,97.5,0.75,219.4
2022-02-19 06:00:00,104.5,0.82,214.3
2022-02-19 07:00:00,111.5,0.5,216.08
2022-02-19 08:00:00,111.0,0.52,203.02
2022-02-19 09:00:00,111.25,0.35,234.68
2022-02-19 10:00:00,102.0,0.62,243.7
2022-02-19 11:00:00,95.0,0.6,234.38
2022-02-19 12:00:00,79.0,0.68,239.82
2022-02-19 13:00:00,63.25,0.8,237.05
2022-02-19 14:00:00,49.0,1.05,248.98
2022-02-19 15:00:00,42.0,0.8,242.6
2022-02-19 16:00:00,50.5,0.75,248.12
2022-02-19 17:00:00,57.75,0.8,253.6
2022-02-19 18:00:00,59.5,0.62,251.05
2022-02-19 19:00:00,66.75,0.55,246.98
2022-02-19 20:00:00,69.75,0.58,250.92
2022-02-19 21:00:00,83.5,0.65,240.75
2022-02-19 22:00:00,93.25,0.52,233.82
2022-02-19 23:00:00,97.25,0.5,228.82
2022-02-20 00:00:00,92.25,0.55,218.0
2022-02-20 01:00:00,91.0,0.38,229.35
2022-02-20 02:00:00,58.0,0.45,213.3
2022-02-20 03:00:00,67.734,0.474,213.154
2022-02-20 04:00:00,77.468,0.498,213.008
2022-02-20 05:00:00,87.202,0.522,212.862
2022-02-20 06:00:00,,,
2022-02-20 07:00:00,106.67,0.57,212.57
2022-02-20 08:00:00,95.5,0.52,213.7
2022-02-20 09:00:00,94.5,0.55,241.02
2022-02-20 10:00:00,94.5,0.75,239.52
2022-02-20 11:00:00,89.0,0.88,241.35
2022-02-20 12:00:00,83.75,0.9,246.35
2022-02-20 13:00:00,74.75,0.75,244.15
2022-02-20 14:00:00,64.25,0.8,240.08
2022-02-20 15:00:00,53.0,0.98,248.32
2022-02-20 16:00:00,51.0,0.75,253.88
2022-02-20 17:00:00,53.5,0.73,256.72
2022-02-20 18:00:00,61.75,0.55,229.95
2022-02-20 19:00:00,65.0,0.5,226.05
2022-02-20 20:00:00,73.0,0.55,232.42
2022-02-20 21:00:00,89.0,0.55,217.6
2022-02-20 22:00:00,93.25,0.62,215.27
2022-02-20 23:00:00,100.75,0.45,220.85
2022-02-21 00:00:00,109.25,0.42,218.68
2022-02-21 01:00:00,98.5,0.55,213.85
2022-02-21 02:00:00,91.0,0.62,213.23
2022-02-21 03:00:00,91.25,0.73,218.47
2022-02-21 04:00:00,89.75,0.5,228.25
2022-02-21 05:00:00,81.0,0.45,226.77
2022-02-21 06:00:00,72.25,0.52,235.55
2022-02-21 07:00:00,66.0,0.35,232.52
2022-02-21 08:00:00,72.5,0.68,207.15
2022-02-21 09:00:00,72.5,0.57,220.52
2022-02-21 10:00:00,65.5,0.48,231.68
2022-02-21 11:00:00,56.5,0.62,245.08
2022-02-21 12:00:00,50.5,0.55,286.15
2022-02-21 13:00:00,44.25,0.6,242.38
2022-02-21 14:00:00,38.75,0.82,236.28
2022-02-21 15:00:00,36.0,0.75,223.28
2022-02-21 16:00:00,30.25,0.65,241.35
2022-02-21 17:00:00,33.0,0.5,217.58
2022-02-21 18:00:00,41.25,0.35,204.55
2022-02-21 19:00:00,51.75,0.18,145.62
2022-02-21 20:00:00,69.25,0.2,168.6
2022-02-21 21:00:00,88.0,0.27,119.22
2022-02-21 22:00:00,94.67,0.18,189.72
2022-02-21 23:00:00,114.75,0.25,256.25
2022-02-22 00:00:00,140.25,0.28,223.38
2022-02-22 01:00:00,155.75,0.2,295.52
2022-02-22 02:00:00,157.75,0.43,216.5
2022-02-22 03:00:00,173.25,0.35,192.35
2022-02-22 04:00:00,195.25,0.3,105.62
2022-02-22 05:00:00,183.75,0.28,56.15
2022-02-22 06:00:00,149.0,0.25,49.88
2022-02-22 07:00:00,157.25,0.2,57.6
2022-02-22 08:00:00,157.5,0.65,74.95
2022-02-22 09:00:00,124.75,1.3,100.8
2022-02-22 10:00:00,79.75,1.6,116.18
2022-02-22 11:00:00,59.75,1.72,123.05
2022-02-22 12:00:00,45.5,1.88,124.0
2022-02-22 13:00:00,41.75,1.88,130.18
2022-02-22 14:00:00,44.5,1.75,115.07
2022-02-22 15:00:00,45.75,1.83,113.5
2022-02-22 16:00:00,45.0,1.75,106.62
2022-02-22 17:00:00,46.25,1.55,100.9
2022-02-22 18:00:00,53.25,1.45,93.82
2022-02-22 19:00:00,65.25,1.48,88.68
2022-02-22 20:00:00,74.75,1.45,89.68
2022-02-22 21:00:00,85.25,1.25,81.3
2022-02-22 22:00:00,91.5,1.25,85.58
2022-02-22 23:00:00,97.25,1.2,79.35
2022-02-23 00:00:00,122.5,1.17,98.18
2022-02-23 01:00:00,125.5,1.23,107.0
2022-02-23 02:00:00,104.75,1.35,102.2
2022-02-23 03:00:00,110.0,1.12,123.02
2022-02-23 04:00:00,110.0,1.25,116.58
2022-02-23 05:00:00,111.75,1.0,112.42
2022-02-23 06:00:00,117.5,1.2,107.2
2022-02-23 07:00:00,119.0,0.9,119.88
2022-02-23 08:00:00,121.0,1.03,121.98
2022-02-23 09:00:00,124.25,1.32,128.1
2022-02-23 10:00:00,116.25,1.02,121.32
2022-02-23 11:00:00,116.0,1.12,105.12
2022-02-23 12:00:00,111.25,1.0,119.07
2022-02-23 13:00:00,107.75,0.85,131.43
2022-02-23 14:00:00,111.25,0.92,133.8
2022-02-23 15:00:00,105.0,0.52,116.05
2022-02-23 16:00:00,102.0,0.6,127.67
2022-02-23 17:00:00,101.75,0.6,118.8
2022-02-23 18:00:00,101.5,0.3,83.68
2022-02-23 19:00:00,108.0,0.15,112.93
2022-02-23 20:00:00,127.0,0.23,193.48
2022-02-23 21:00:00,140.5,0.25,261.8
2022-02-23 22:00:00,149.25,0.23,180.88
2022-02-23 23:00:00,163.25,0.35,227.55
2022-02-24 00:00:00,172.75,0.32,107.05
2022-02-24 01:00:00,192.5,0.2,247.4
2022-02-24 02:00:00,204.0,0.35,239.0
2022-02-24 03:00:00,217.5,0.32,214.1
2022-02-24 04:00:00,219.5,0.43,232.58
2022-02-24 05:00:00,228.5,0.27,231.42
2022-02-24 06:00:00,268.0,0.38,232.62
2022-02-24 07:00:00,235.5,0.25,246.35
2022-02-24 08:00:00,227.75,0.28,145.1
2022-02-24 09:00:00,226.0,0.65,124.35
2022-02-24 10:00:00,219.75,0.82,146.55
2022-02-24 11:00:00,191.25,0.95,181.3
2022-02-24 12:00:00,132.25,0.85,206.1
2022-02-24 13:00:00,119.5,0.88,215.0
2022-02-24 14:00:00,101.75,0.65,264.8
2022-02-24 15:00:00,81.5,0.75,224.55
2022-02-24 16:00:00,65.0,0.55,240.25
2022-02-24 17:00:00,79.5,0.45,212.8
2022-02-24 18:00:00,72.75,0.4,205.62
2022-02-24 19:00:00,90.5,0.25,197.98
2022-02-24 20:00:00,111.75,0.23,164.62
2022-02-24 21:00:00,121.25,0.15,251.35
2022-02-24 22:00:00,142.5,0.25,199.25
2022-02-24 23:00:00,172.25,0.2,153.52
2022-02-25 00:00:00,199.5,0.4,146.43
2022-02-25 01:00:00,238.0,0.25,115.05
2022-02-25 02:00:00,215.75,0.37,240.78
2022-02-25 03:00:00,193.75,0.3,219.92
2022-02-25 04:00:00,193.0,0.42,256.3
2022-02-25 05:00:00,196.5,0.28,189.25
2022-02-25 06:00:00,208.5,0.4,240.1
2022-02-25 07:00:00,211.5,0.3,255.92
2022-02-25 08:00:00,209.5,0.38,240.48
2022-02-25 09:00:00,225.25,0.48,206.5
2022-02-25 10:00:00,246.25,0.48,72.8
2022-02-25 11:00:00,235.0,0.75,70.97
2022-02-25 12:00:00,217.0,1.1,86.8
2022-02-25 13:00:00,146.5,1.2,91.18
2022-02-25 14:00:00,93.0,1.18,103.32
2022-02-25 15:00:00,78.75,1.1,93.93
2022-02-25 16:00:00,72.5,1.0,96.2
2022-02-25 17:00:00,75.75,0.75,95.82
2022-02-25 18:00:00,83.0,0.48,65.97
2022-02-25 19:00:00,87.75,0.98,190.5
2022-02-25 20:00:00,69.0,1.25,181.45
2022-02-25 21:00:00,22.75,0.55,90.55
2022-02-25 22:00:00,21.25,0.68,93.92
2022-02-25 23:00:00,28.5,0.75,183.7
2022-02-26 00:00:00,31.5,0.6,162.25
2022-02-26 01:00:00,38.0,0.85,28.82
2022-02-26 02:00:00,42.0,1.12,87.98
2022-02-26 03:00:00,31.25,1.45,12.58
2022-02-26 04:00:00,15.0,1.15,41.48
2022-02-26 05:00:00,9.5,0.95,57.8
2022-02-26 06:00:00,11.75,0.95,68.3
2022-02-26 07:00:00,13.5,1.02,44.25
2022-02-26 08:00:00,15.25,1.12,20.88
2022-02-26 09:00:00,25.0,1.02,48.22
2022-02-26 10:00:00,23.5,1.33,31.42
2022-02-26 11:00:00,16.25,1.48,49.47
2022-02-26 12:00:00,9.25,1.3,76.08
2022-02-26 13:00:00,14.0,1.62,87.52
2022-02-26 14:00:00,17.25,1.42,66.2
2022-02-26 15:00:00,17.5,1.28,70.85
2022-02-26 16:00:00,17.75,1.1,77.85
2022-02-26 17:00:00,21.25,1.02,78.78
2022-02-26 18:00:00,17.0,0.6,79.5
2022-02-26 19:00:00,23.25,0.55,69.68
2022-02-26 20:00:00,35.75,0.68,30.55
2022-02-26 21:00:00,46.25,0.8,28.78
2022-02-26 22:00:00,52.5,0.78,35.95
2022-02-26 23:00:00,50.0,1.05,92.0
2022-02-27 00:00:00,49.75,0.52,105.57
2022-02-27 01:00:00,57.5,0.5,229.42
2022-02-27 02:00:00,55.75,0.62,136.3
2022-02-27 03:00:00,54.5,0.7,21.25
2022-02-27 04:00:00,51.25,0.15,105.55
2022-02-27 05:00:00,45.75,0.28,226.35
2022-02-27 06:00:00,43.75,0.17,180.8
2022-02-27 07:00:00,41.5,0.57,20.4
2022-02-27 08:00:00,44.25,1.42,4.07
2022-02-27 09:00:00,34.25,1.6,124.0
2022-02-27 10:00:00,21.0,2.4,6.38
2022-02-27 11:00:00,23.0,1.33,147.4
2022-02-27 12:00:00,21.0,0.52,244.45
2022-02-27 13:00:00,24.75,0.65,335.12
2022-02-27 14:00:00,28.0,0.38,310.02
2022-02-27 15:00:00,30.25,0.48,269.75
2022-02-27 16:00:00,27.25,0.7,257.95
2022-02-27 17:00:00,25.5,0.75,248.58
2022-02-27 18:00:00,27.75,1.02,243.52
2022-02-27 19:00:00,30.25,0.88,243.72
2022-02-27 20:00:00,31.5,0.65,245.75
2022-02-27 21:00:00,36.0,0.58,232.55
2022-02-27 22:00:00,45.5,0.65,211.38
2022-02-27 23:00:00,48.0,0.52,236.2
2022-02-28 00:00:00,50.75,0.95,250.9
2022-02-28 01:00:00,46.0,0.92,253.42
2022-02-28 02:00:00,35.0,0.5,240.45
2022-02-28 03:00:00,35.5,0.75,209.65
2022-02-28 04:00:00,28.75,0.52,216.02
2022-02-28 05:00:00,33.5,0.65,215.55
2022-02-28 06:00:00,43.25,0.6,217.25
2022-02-28 07:00:00,51.25,0.77,207.7
2022-02-28 08:00:00,54.25,0.45,230.3
2022-02-28 09:00:00,51.0,0.75,242.88
2022-02-28 10:00:00,48.5,0.73,253.18
2022-02-28 11:00:00,49.0,0.72,237.35
2022-02-28 12:00:00,45.75,0.65,244.55
2022-02-28 13:00:00,41.25,0.62,231.38
2022-02-28 14:00:00,29.5,0.62,248.7
2022-02-28 15:00:00,27.75,0.72,236.58
2022-02-28 16:00:00,25.75,0.62,241.58
2022-02-28 17:00:00,20.0,0.6,251.05
2022-02-28 18:00:00,16.25,0.62,245.85
2022-02-28 19:00:00,27.5,0.5,221.42
2022-02-28 20:00:00,42.5,0.48,212.6
2022-02-28 21:00:00,52.5,0.48,200.6
2022-02-28 22:00:00,73.0,0.52,195.28
2022-02-28 23:00:00,86.0,0.43,199.1
2022-03-01 00:00:00,96.5,0.62,203.02
2022-03-01 01:00:00,110.75,0.52,204.32
2022-03-01 02:00:00,81.5,0.52,172.2
2022-03-01 03:00:00,69.75,0.45,189.95
2022-03-01 04:00:00,78.25,0.35,264.8
2022-03-01 05:00:00,88.75,0.5,232.8
2022-03-01 06:00:00,93.25,0.6,217.38
2022-03-01 07:00:00,102.5,0.45,221.6
2022-03-01 08:00:00,113.0,0.55,217.32
2022-03-01 09:00:00,114.25,0.52,216.5
2022-03-01 10:00:00,89.75,0.3,229.32
2022-03-01 11:00:00,81.0,0.65,227.32
2022-03-01 12:00:00,63.5,0.52,226.1
2022-03-01 13:00:00,64.0,0.45,243.72
2022-03-01 14:00:00,84.5,0.73,173.3
2022-03-01 15:00:00,69.75,0.65,244.32
2022-03-01 16:00:00,57.25,0.62,223.2
2022-03-01 17:00:00,56.75,0.4,261.18
2022-03-01 18:00:00,56.25,0.38,163.32
2022-03-01 19:00:00,68.0,0.4,193.52
2022-03-01 20:00:00,78.25,0.4,210.88
2022-03-01 21:00:00,98.0,0.4,265.35
2022-03-01 22:00:00,122.25,0.28,202.15
2022-03-01 23:00:00,133.0,0.35,196.35
2022-03-02 00:00:00,137.0,0.35,201.8
2022-03-02 01:00:00,141.5,0.43,239.4
2022-03-02 02:00:00,143.25,0.38,248.75
2022-03-02 03:00:00,133.0,0.43,210.75
2022-03-02 04:00:00,130.0,0.38,224.58
2022-03-02 05:00:00,139.5,0.45,230.2
2022-03-02 06:00:00,136.0,0.45,228.62
2022-03-02 07:00:00,124.75,0.62,209.35
2022-03-02 08:00:00,148.25,0.5,218.92
2022-03-02 09:00:00,188.75,0.38,231.7
2022-03-02 10:00:00,192.75,0.38,203.95
2022-03-02 11:00:00,161.75,0.45,240.5
2022-03-02 12:00:00,125.5,0.62,237.52
2022-03-02 13:00:00,92.5,0.62,234.53
2022-03-02 14:00:00,65.5,0.65,233.5
2022-03-02 15:00:00,53.0,0.57,249.35
2022-03-02 16:00:00,49.5,0.62,229.12
2022-03-02 17:00:00,31.5,0.57,211.52
2022-03-02 18:00:00,36.75,0.48,213.77
2022-03-02 19:00:00,43.5,0.2,205.58
2022-03-02 20:00:00,59.75,0.35,230.48
2022-03-02 21:00:00,77.25,0.38,220.7
2022-03-02 22:00:00,108.0,0.4,227.5
2022-03-02 23:00:00,115.5,0.4,234.18
2022-03-03 00:00:00,115.0,0.62,242.65
2022-03-03 01:00:00,120.0,0.7,265.95
2022-03-03 02:00:00,95.25,0.4,282.98
2022-03-03 03:00:00,81.5,0.4,127.72
2022-03-03 04:00:00,75.25,0.57,205.58
2022-03-03 05:00:00,79.5,0.45,126.72
2022-03-03 06:00:00,81.5,0.32,81.25
2022-03-03 07:00:00,85.0,0.65,149.15
2022-03-03 08:00:00,96.25,0.85,143.62
2022-03-03 09:00:00,105.5,0.75,98.52
2022-03-03 10:00:00,79.0,0.82,102.37
2022-03-03 11:00:00,57.25,0.75,135.12
2022-03-03 12:00:00,53.25,0.45,152.3
2022-03-03 13:00:00,52.0,0.65,139.48
2022-03-03 14:00:00,64.0,1.1,185.0
2022-03-03 15:00:00,28.0,1.27,198.72
2022-03-03 16:00:00,28.5,0.98,186.48
2022-03-03 17:00:00,33.0,0.6,102.28
2022-03-03 18:00:00,44.75,0.22,150.32
2022-03-03 19:00:00,55.0,0.27,245.12
2022-03-03 20:00:00,64.5,0.32,82.82
2022-03-03 21:00:00,79.75,0.2,196.4
2022-03-03 22:00:00,100.0,0.28,150.45
2022-03-03 23:00:00,116.5,0.3,267.52
2022-03-04 00:00:00,108.75,0.65,11.15
2022-03-04 01:00:00,109.25,0.35,62.42
2022-03-04 02:00:00,140.75,0.35,215.45
2022-03-04 03:00:00,141.0,0.15,169.15
2022-03-04 04:00:00,131.75,0.45,197.55
2022-03-04 05:00:00,126.0,0.55,218.32
2022-03-04 06:00:00,138.0,0.62,214.98
2022-03-04 07:00:00,136.0,0.52,218.45
2022-03-04 08:00:00,127.75,0.7,217.0
2022-03-04 09:00:00,117.25,0.48,236.8
2022-03-04 10:00:00,99.0,0.65,241.38
2022-03-04 11:00:00,76.5,0.82,244.65
2022-03-04 12:00:00,66.75,0.65,235.75
2022-03-04 13:00:00,50.25,0.75,241.3
2022-03-04 14:00:00,47.5,0.9,244.78
2022-03-04 15:00:00,44.75,0.82,224.68
2022-03-04 16:00:00,40.5,0.68,239.98
2022-03-04 17:00:00,38.75,0.92,251.38
2022-03-04 18:00:00,37.5,1.08,253.27
2022-03-04 19:00:00,37.25,1.08,250.15
2022-03-04 20:00:00,42.5,0.88,247.52
2022-03-04 21:00:00,48.0,0.8,252.05
2022-03-04 22:00:00,51.0,1.05,255.15
2022-03-04 23:00:00,50.0,1.08,255.23
2022-03-05 00:00:00,44.75,1.17,252.85
2022-03-05 01:00:00,42.75,1.05,252.65
2022-03-05 02:00:00,57.5,0.68,249.0
2022-03-05 03:00:00,60.0,0.38,227.65
2022-03-05 04:00:00,61.5,0.52,216.32
2022-03-05 05:00:00,57.25,0.62,213.6
2022-03-05 06:00:00,57.5,0.82,210.97
2022-03-05 07:00:00,58.5,0.72,213.65
2022-03-05 08:00:00,71.75,0.57,222.52
2022-03-05 09:00:00,83.75,0.57,241.55
2022-03-05 10:00:00,68.0,0.62,238.2
2022-03-05 11:00:00,62.0,0.82,233.75
2022-03-05 12:00:00,43.25,0.85,233.4
2022-03-05 13:00:00,42.5,0.8,239.45
2022-03-05 14:00:00,41.25,1.0,241.62
2022-03-05 15:00:00,26.75,0.88,247.7
2022-03-05 16:00:00,34.75,0.8,240.52
2022-03-05 17:00:00,33.25,0.8,258.35
2022-03-05 18:00:00,30.5,0.57,257.12
2022-03-05 19:00:00,32.0,0.38,223.22
2022-03-05 20:00:00,44.5,0.48,222.7
2022-03-05 21:00:00,55.75,0.6,222.85
2022-03-05 22:00:00,57.75,0.52,234.35
2022-03-05 23:00:00,58.25,0.6,222.85
2022-03-06 00:00:00,63.0,0.65,216.55
2022-03-06 01:00:00,66.0,0.65,216.78
2022-03-06 02:00:00,67.5,0.62,216.08
2022-03-06 03:00:00,72.75,0.72,219.88
2022-03-06 04:00:00,77.0,0.7,216.75
2022-03-06 05:00:00,86.5,0.38,218.65
2022-03-06 06:00:00,99.75,0.58,219.95
2022-03-06 07:00:00,106.0,0.57,214.6
2022-03-06 08:00:00,98.75,0.75,206.3
2022-03-06 09:00:00,91.25,0.52,228.05
2022-03-06 10:00:00,78.0,0.32,233.28
2022-03-06 11:00:00,69.75,0.52,239.98
2022-03-06 12:00:00,60.0,0.57,236.82
2022-03-06 13:00:00,51.0,0.8,143.98
2022-03-06 14:00:00,52.75,0.45,147.58
2022-03-06 15:00:00,61.5,0.62,77.45
2022-03-06 16:00:00,71.0,0.5,101.82
2022-03-06 17:00:00,69.25,0.52,43.38
2022-03-06 18:00:00,73.0,0.4,122.62
2022-03-06 19:00:00,76.25,0.3,145.88
2022-03-06 20:00:00,88.75,0.32,194.9
2022-03-06 21:00:00,96.75,0.2,115.5
2022-03-06 22:00:00,100.25,0.2,222.7
2022-03-06 23:00:00,111.75,0.2,186.48
2022-03-07 00:00:00,116.0,0.3,235.92
2022-03-07 01:00:00,135.75,0.12,126.63
2022-03-07 02:00:00,122.5,0.25,162.58
2022-03-07 03:00:00,124.0,0.22,230.35
2022-03-07 04:00:00,134.75,0.23,197.88
2022-03-07 05:00:00,137.5,0.2,205.48
2022-03-07 06:00:00,127.25,0.22,84.2
2022-03-07 07:00:00,122.5,0.27,143.72
2022-03-07 08:00:00,143.5,0.42,144.9
2022-03-07 09:00:00,171.75,0.8,113.48
2022-03-07 10:00:00,149.5,0.88,133.38
2022-03-07 11:00:00,106.25,1.05,160.68
2022-03-07 12:00:00,91.5,0.8,148.93
2022-03-07 13:00:00,99.0,0.73,96.95
2022-03-07 14:00:00,96.75,0.48,98.6
2022-03-07 15:00:00,90.25,0.8,51.0
2022-03-07 16:00:00,90.5,1.12,25.75
2022-03-07 17:00:00,88.0,0.85,34.4
2022-03-07 18:00:00,85.75,0.35,195.4
2022-03-07 19:00:00,92.25,0.5,212.22
2022-03-07 20:00:00,107.25,0.38,217.72
2022-03-07 21:00:00,120.75,0.3,254.52
2022-03-07 22:00:00,144.5,0.45,213.28
2022-03-07 23:00:00,157.75,0.5,247.55
2022-03-08 00:00:00,161.25,0.45,251.12
2022-03-08 01:00:00,148.25,0.35,227.65
2022-03-08 02:00:00,153.25,0.35,249.27
2022-03-08 03:00:00,155.25,0.48,254.52
2022-03-08 04:00:00,150.75,0.35,260.48
2022-03-08 05:00:00,158.0,0.38,248.5
2022-03-08 06:00:00,175.5,0.38,239.55
2022-03-08 07:00:00,185.5,0.3,279.8
2022-03-08 08:00:00,214.75,0.4,227.2
2022-03-08 09:00:00,274.75,0.38,223.8
2022-03-08 10:00:00,229.0,0.5,254.98
2022-03-08 11:00:00,128.25,0.6,271.73
2022-03-08 12:00:00,90.25,0.5,309.55
2022-03-08 13:00:00,69.0,0.85,124.48
2022-03-08 14:00:00,54.5,0.65,210.98
2022-03-08 15:00:00,44.75,0.77,200.95
2022-03-08 16:00:00,34.75,0.95,260.75
2022-03-08 17:00:00,24.5,0.82,256.25
2022-03-08 18:00:00,25.0,0.43,244.08
2022-03-08 19:00:00,34.5,0.5,197.77
2022-03-08 20:00:00,51.0,0.52,197.42
2022-03-08 21:00:00,71.0,0.23,222.15
2022-03-08 22:00:00,76.0,0.28,165.2
2022-03-08 23:00:00,74.5,0.4,187.15
2022-03-09 00:00:00,80.0,0.62,136.22
2022-03-09 01:00:00,78.75,0.55,207.55
2022-03-09 02:00:00,71.75,0.72,232.88
2022-03-09 03:00:00,87.75,0.55,240.35
2022-03-09 04:00:00,84.5,0.55,232.6
2022-03-09 05:00:00,87.25,0.72,225.55
2022-03-09 06:00:00,93.25,0.57,230.4
2022-03-09 07:00:00,99.75,0.7,221.02
2022-03-09 08:00:00,90.75,0.4,221.25
2022-03-09 09:00:00,68.75,0.4,222.65
2022-03-09 10:00:00,71.75,0.62,251.15
2022-03-09 11:00:00,53.75,0.65,259.2
2022-03-09 12:00:00,44.25,0.82,250.5
2022-03-09 13:00:00,34.0,0.98,195.75
2022-03-09 14:00:00,29.25,0.7,161.9
2022-03-09 15:00:00,33.0,0.72,238.58
2022-03-09 16:00:00,32.5,0.68,282.7
2022-03-09 17:00:00,30.0,0.88,257.55
2022-03-09 18:00:00,26.25,0.62,242.0
2022-03-09 19:00:00,29.5,0.58,240.78
2022-03-09 20:00:00,49.25,0.57,219.9
2022-03-09 21:00:00,61.5,0.57,222.0
2022-03-09 22:00:00,68.5,0.55,242.62
2022-03-09 23:00:00,65.75,0.8,262.23
2022-03-10 00:00:00,62.5,0.75,263.75
2022-03-10 01:00:00,61.75,0.95,250.38
2022-03-10 02:00:00,55.0,0.48,225.0
2022-03-10 03:00:00,58.5,0.57,226.65
2022-03-10 04:00:00,76.75,0.5,230.68
2022-03-10 05:00:00,98.75,0.73,229.22
2022-03-10 06:00:00,90.75,0.42,243.2
2022-03-10 07:00:00,81.25,0.43,233.8
2022-03-10 08:00:00,88.0,0.55,226.95
2022-03-10 09:00:00,77.75,0.75,261.52
2022-03-10 10:00:00,71.0,0.85,257.25
2022-03-10 11:00:00,59.0,0.85,256.5
2022-03-10 12:00:00,49.25,0.8,255.98
2022-03-10 13:00:00,43.75,0.88,234.72
2022-03-10 14:00:00,34.5,0.75,243.22
2022-03-10 15:00:00,34.5,0.88,238.98
2022-03-10 16:00:00,31.0,0.92,249.28
2022-03-10 17:00:00,33.25,0.78,256.75
2022-03-10 18:00:00,31.0,0.6,259.48
2022-03-10 19:00:00,34.5,0.55,224.98
2022-03-10 20:00:00,50.25,0.55,237.22
2022-03-10 21:00:00,64.75,0.57,256.02
2022-03-10 22:00:00,63.75,0.6,239.8
2022-03-10 23:00:00,72.0,0.32,220.78
2022-03-11 00:00:00,75.0,0.57,245.22
2022-03-11 01:00:00,79.5,0.57,219.05
2022-03-11 02:00:00,68.25,0.55,237.1
2022-03-11 03:00:00,76.25,0.68,226.32
2022-03-11 04:00:00,86.5,0.65,225.88
2022-03-11 05:00:00,105.0,0.8,221.4
2022-03-11 06:00:00,104.25,0.6,230.22
2022-03-11 07:00:00,120.5,0.48,230.6
2022-03-11 08:00:00,152.75,0.45,215.02
2022-03-11 09:00:00,151.0,0.52,240.38
2022-03-11 10:00:00,102.5,0.77,255.25
2022-03-11 11:00:00,72.5,0.82,244.38
2022-03-11 12:00:00,63.75,0.82,238.6
2022-03-11 13:00:00,49.33,0.75,235.25
2022-03-11 14:00:00,44.0,0.75,247.98
2022-03-11 15:00:00,38.75,1.02,248.82
2022-03-11 16:00:00,41.0,1.1,255.73
2022-03-11 17:00:00,41.25,0.75,261.73
2022-03-11 18:00:00,41.75,0.7,265.85
2022-03-11 19:00:00,41.75,0.52,257.98
2022-03-11 20:00:00,47.25,0.43,232.38
2022-03-11 21:00:00,61.0,0.52,221.38
2022-03-11 22:00:00,72.0,0.52,219.75
2022-03-11 23:00:00,71.25,0.65,219.52
2022-03-12 00:00:00,75.5,0.57,225.95
2022-03-12 01:00:00,69.25,0.58,230.12
2022-03-12 02:00:00,74.5,0.62,225.12
2022-03-12 03:00:00,75.0,0.82,219.2
2022-03-12 04:00:00,67.5,0.65,227.6
2022-03-12 05:00:00,87.5,0.73,223.78
2022-03-12 06:00:00,109.25,0.55,230.58
2022-03-12 07:00:00,110.75,0.48,229.35
2022-03-12 08:00:00,94.0,0.4,205.1
2022-03-12 09:00:00,89.75,0.55,254.75
2022-03-12 10:00:00,87.5,0.82,254.08
2022-03-12 11:00:00,84.25,0.7,259.88
2022-03-12 12:00:00,57.75,0.72,242.95
2022-03-12 13:00:00,44.75,1.03,254.8
2022-03-12 14:00:00,36.0,0.68,237.15
2022-03-12 15:00:00,38.0,0.68,244.9
2022-03-12 16:00:00,36.25,0.7,251.95
2022-03-12 17:00:00,34.5,0.52,247.58
2022-03-12 18:00:00,22.25,0.52,259.65
2022-03-12 19:00:00,37.5,0.57,243.45
2022-03-12 20:00:00,49.5,0.57,208.5
2022-03-12 21:00:00,67.0,0.4,213.85
2022-03-12 22:00:00,81.75,0.52,222.32
2022-03-12 23:00:00,91.0,0.5,237.65
2022-03-13 00:00:00,98.25,0.52,243.05
2022-03-13 01:00:00,113.0,0.55,234.7
2022-03-13 02:00:00,115.75,0.55,221.77
2022-03-13 03:00:00,104.25,0.6,224.1
2022-03-13 04:00:00,111.5,0.68,218.88
2022-03-13 05:00:00,141.5,0.6,225.4
2022-03-13 06:00:00,115.5,0.68,218.28
2022-03-13 07:00:00,105.25,0.55,216.4
2022-03-13 08:00:00,104.5,0.45,211.6
2022-03-13 09:00:00,94.25,1.05,212.18
2022-03-13 10:00:00,75.0,0.95,223.38
2022-03-13 11:00:00,70.0,0.68,191.02
2022-03-13 12:00:00,74.5,0.42,115.32
2022-03-13 13:00:00,78.75,0.48,160.45
2022-03-13 14:00:00,74.0,0.3,158.4
2022-03-13 15:00:00,59.25,0.63,233.58
2022-03-13 16:00:00,50.25,0.57,232.0
2022-03-13 17:00:00,47.5,0.75,250.65
2022-03-13 18:00:00,48.25,0.5,251.97
2022-03-13 19:00:00,58.0,0.43,227.58
2022-03-13 20:00:00,69.5,0.35,179.28
2022-03-13 21:00:00,79.25,0.3,207.4
2022-03-13 22:00:00,90.0,0.45,218.68
2022-03-13 23:00:00,105.75,0.35,206.0
2022-03-14 00:00:00,125.0,0.42,186.5
2022-03-14 01:00:00,141.5,0.48,233.0
2022-03-14 02:00:00,120.0,0.5,237.42
2022-03-14 03:00:00,126.0,0.48,235.98
2022-03-14 04:00:00,137.75,0.48,237.08
2022-03-14 05:00:00,149.0,0.42,241.97
2022-03-14 06:00:00,160.0,0.45,243.18
2022-03-14 07:00:00,167.75,0.42,219.62
2022-03-14 08:00:00,195.0,0.8,229.68
2022-03-14 09:00:00,226.25,0.3,221.55
2022-03-14 10:00:00,111.75,0.6,141.68
2022-03-14 11:00:00,78.75,0.75,64.22
2022-03-14 12:00:00,75.0,0.42,206.15
2022-03-14 13:00:00,80.0,0.65,219.15
2022-03-14 14:00:00,70.5,0.4,263.1
2022-03-14 15:00:00,73.75,0.35,200.88
2022-03-14 16:00:00,60.25,0.75,253.48
2022-03-14 17:00:00,61.5,0.65,256.32
2022-03-14 18:00:00,72.25,0.18,243.6
2022-03-14 19:00:00,74.25,0.32,157.32
2022-03-14 20:00:00,81.25,0.3,122.98
2022-03-14 21:00:00,98.0,0.32,207.8
2022-03-14 22:00:00,123.75,0.22,82.0
2022-03-14 23:00:00,145.75,0.4,228.58
2022-03-15 00:00:00,166.0,0.38,223.12
2022-03-15 01:00:00,159.5,0.48,251.75
2022-03-15 02:00:00,164.25,0.5,241.2
2022-03-15 03:00:00,154.25,0.48,228.95
2022-03-15 04:00:00,151.0,0.5,233.4
2022-03-15 05:00:00,153.75,0.6,228.35
2022-03-15 06:00:00,141.5,0.65,230.85
2022-03-15 07:00:00,137.75,0.45,227.9
2022-03-15 08:00:00,155.0,0.85,219.65
2022-03-15 09:00:00,167.25,0.35,236.65
2022-03-15 10:00:00,135.5,0.32,224.32
2022-03-15 11:00:00,91.25,0.52,255.48
2022-03-15 12:00:00,87.5,0.78,233.7
2022-03-15 13:00:00,83.75,0.77,247.78
2022-03-15 14:00:00,83.25,0.82,242.62
2022-03-15 15:00:00,70.75,0.75,245.18
2022-03-15 16:00:00,57.25,0.72,259.28
2022-03-15 17:00:00,54.0,0.75,259.62
2022-03-15 18:00:00,55.75,0.3,259.42
2022-03-15 19:00:00,72.25,0.12,191.72
2022-03-15 20:00:00,84.0,0.18,163.6
2022-03-15 21:00:00,100.5,0.62,198.62
2022-03-15 22:00:00,111.0,0.35,201.35
2022-03-15 23:00:00,125.75,0.45,229.45
2022-03-16 00:00:00,115.0,0.68,216.9
2022-03-16 01:00:00,110.75,0.68,229.5
2022-03-16 02:00:00,110.0,0.57,226.3
2022-03-16 03:00:00,118.75,0.52,229.78
2022-03-16 04:00:00,123.5,0.38,223.22
2022-03-16 05:00:00,136.0,0.5,224.38
2022-03-16 06:00:00,122.25,0.75,220.68
2022-03-16 07:00:00,119.75,0.82,216.7
2022-03-16 08:00:00,128.0,0.62,218.62
2022-03-16 09:00:00,126.5,0.55,248.55
2022-03-16 10:00:00,117.75,0.73,248.73
2022-03-16 11:00:00,100.75,0.85,239.9
2022-03-16 12:00:00,82.5,1.05,253.7
2022-03-16 13:00:00,63.25,1.02,251.58
2022-03-16 14:00:00,53.75,1.5,257.9
2022-03-16 15:00:00,47.75,1.55,263.68
2022-03-16 16:00:00,40.75,1.05,262.72
2022-03-16 17:00:00,39.0,1.02,267.58
2022-03-16 18:00:00,39.75,0.57,257.6
2022-03-16 19:00:00,54.25,0.48,229.12
2022-03-16 20:00:00,65.5,0.43,233.88
2022-03-16 21:00:00,70.0,0.45,237.72
2022-03-16 22:00:00,71.25,0.4,212.25
2022-03-16 23:00:00,76.5,0.52,213.38
2022-03-17 00:00:00,81.67,0.78,216.52
2022-03-17 01:00:00,83.5,0.73,222.22
2022-03-17 02:00:00,85.25,0.57,184.3
2022-03-17 03:00:00,84.5,0.38,195.82
2022-03-17 04:00:00,82.25,0.55,231.6
2022-03-17 05:00:00,94.25,0.68,236.88
2022-03-17 06:00:00,116.25,0.45,231.55
2022-03-17 07:00:00,135.25,0.5,219.95
2022-03-17 08:00:00,140.25,0.82,191.88
2022-03-17 09:00:00,152.75,0.43,185.0
2022-03-17 10:00:00,152.0,0.73,203.42
2022-03-17 11:00:00,118.25,1.0,147.07
2022-03-17 12:00:00,109.25,0.68,112.72
2022-03-17 13:00:00,108.0,0.7,132.82
2022-03-17 14:00:00,114.0,0.38,92.82
2022-03-17 15:00:00,128.5,0.73,29.85
2022-03-17 16:00:00,139.5,0.62,106.58
2022-03-17 17:00:00,120.5,0.58,93.95
2022-03-17 18:00:00,114.0,0.43,84.22
2022-03-17 19:00:00,121.25,0.45,66.35
2022-03-17 20:00:00,134.25,0.38,75.75
2022-03-17 21:00:00,137.5,0.22,149.85
2022-03-17 22:00:00,142.25,0.18,110.4
2022-03-17 23:00:00,139.5,0.22,127.28
2022-03-18 00:00:00,160.0,0.35,56.0
2022-03-18 01:00:00,175.0,0.22,182.25
2022-03-18 02:00:00,181.5,0.48,238.05
2022-03-18 03:00:00,172.25,0.33,142.5
2022-03-18 04:00:00,165.5,0.3,48.72
2022-03-18 05:00:00,162.75,0.25,117.22
2022-03-18 06:00:00,175.75,0.38,51.42
2022-03-18 07:00:00,195.25,0.6,122.45
2022-03-18 08:00:00,180.0,0.68,141.65
2022-03-18 09:00:00,161.0,1.15,158.25
2022-03-18 10:00:00,133.0,1.27,179.98
2022-03-18 11:00:00,112.25,1.32,177.85
2022-03-18 12:00:00,111.0,1.18,91.65
2022-03-18 13:00:00,101.25,1.32,85.85
2022-03-18 14:00:00,92.5,1.0,108.8
2022-03-18 15:00:00,99.75,1.0,165.45
2022-03-18 16:00:00,97.25,0.78,143.7
2022-03-18 17:00:00,92.0,0.73,134.12
2022-03-18 18:00:00,93.0,0.55,103.72
2022-03-18 19:00:00,96.25,0.22,121.57
2022-03-18 20:00:00,104.0,0.22,120.55
2022-03-18 21:00:00,122.0,0.27,79.6
2022-03-18 22:00:00,130.25,0.2,117.72
2022-03-18 23:00:00,119.5,0.32,200.18
2022-03-19 00:00:00,128.25,0.35,96.2
2022-03-19 01:00:00,138.75,0.35,188.22
2022-03-19 02:00:00,110.0,0.3,217.28
2022-03-19 03:00:00,123.5,0.23,261.55
2022-03-19 04:00:00,120.0,0.2,162.32
2022-03-19 05:00:00,120.5,0.1,108.0
2022-03-19 06:00:00,113.0,0.15,285.82
2022-03-19 07:00:00,121.25,0.23,144.3
2022-03-19 08:00:00,129.25,0.5,102.1
2022-03-19 09:00:00,150.25,1.1,172.6
2022-03-19 10:00:00,111.75,1.25,194.28
2022-03-19 11:00:00,84.5,1.3,196.62
2022-03-19 12:00:00,86.75,1.0,173.92
2022-03-19 13:00:00,91.0,1.08,112.1
2022-03-19 14:00:00,96.75,0.95,90.72
2022-03-19 15:00:00,95.75,0.7,118.8
2022-03-19 16:00:00,94.0,0.8,113.38
2022-03-19 17:00:00,94.0,0.8,104.2
2022-03-19 18:00:00,101.5,0.38,102.18
2022-03-19 19:00:00,95.5,0.35,159.98
2022-03-19 20:00:00,93.0,0.3,140.98
2022-03-19 21:00:00,107.5,0.28,100.32
2022-03-19 22:00:00,134.25,0.2,127.82
2022-03-19 23:00:00,138.75,0.15,204.77
2022-03-20 00:00:00,146.75,0.18,156.32
2022-03-20 01:00:00,159.75,0.25,163.3
2022-03-20 02:00:00,148.25,0.4,177.8
2022-03-20 03:00:00,150.5,0.3,63.87
2022-03-20 04:00:00,144.0,0.23,212.55
2022-03-20 05:00:00,138.25,0.28,178.82
2022-03-20 06:00:00,137.75,0.2,72.88
2022-03-20 07:00:00,136.25,0.35,150.88
2022-03-20 08:00:00,145.0,0.8,139.2
2022-03-20 09:00:00,142.75,1.12,169.95
2022-03-20 10:00:00,117.0,1.23,201.0
2022-03-20 11:00:00,102.0,0.98,211.42
2022-03-20 12:00:00,62.5,0.7,219.35
2022-03-20 13:00:00,54.25,0.98,200.42
2022-03-20 14:00:00,58.25,0.6,167.5
2022-03-20 15:00:00,43.5,1.05,226.45
2022-03-20 16:00:00,24.25,0.73,258.97
2022-03-20 17:00:00,28.25,0.3,196.52
2022-03-20 18:00:00,41.25,0.32,161.3
2022-03-20 19:00:00,55.25,0.32,140.18
2022-03-20 20:00:00,73.0,0.28,178.38
2022-03-20 21:00:00,90.75,0.38,198.95
2022-03-20 22:00:00,105.25,0.3,172.82
2022-03-20 23:00:00,123.75,0.47,257.7
2022-03-21 00:00:00,123.5,0.2,207.15
2022-03-21 01:00:00,128.75,0.48,237.18
2022-03-21 02:00:00,143.0,0.35,191.5
2022-03-21 03:00:00,149.75,0.35,236.85
2022-03-21 04:00:00,140.75,0.3,206.4
2022-03-21 05:00:00,136.25,0.45,242.3
2022-03-21 06:00:00,144.75,0.25,248.05
2022-03-21 07:00:00,154.0,0.23,172.28
2022-03-21 08:00:00,182.5,0.78,102.42
2022-03-21 09:00:00,230.75,1.0,190.7
2022-03-21 10:00:00,222.25,0.68,61.75
2022-03-21 11:00:00,198.75,0.75,149.45
2022-03-21 12:00:00,156.5,0.6,223.55
2022-03-21 13:00:00,106.25,0.92,207.15
2022-03-21 14:00:00,82.5,0.75,262.05
2022-03-21 15:00:00,71.25,1.05,274.55
2022-03-21 16:00:00,65.75,0.98,257.68
2022-03-21 17:00:00,56.75,0.82,254.95
2022-03-21 18:00:00,61.25,1.12,261.35
2022-03-21 19:00:00,71.0,0.98,260.1
2022-03-21 20:00:00,82.0,0.77,250.75
2022-03-21 21:00:00,90.0,0.88,254.9
2022-03-21 22:00:00,95.0,1.18,259.32
2022-03-21 23:00:00,89.25,1.08,269.23
2022-03-22 00:00:00,87.0,1.05,269.45
2022-03-22 01:00:00,99.0,0.82,263.25
2022-03-22 02:00:00,78.25,0.77,262.92
2022-03-22 03:00:00,70.75,1.15,269.9
2022-03-22 04:00:00,71.25,1.0,263.15
2022-03-22 05:00:00,68.25,0.73,221.5
2022-03-22 06:00:00,76.0,0.75,221.18
2022-03-22 07:00:00,81.75,0.9,213.35
2022-03-22 08:00:00,93.25,1.08,216.7
2022-03-22 09:00:00,100.75,0.9,220.95
2022-03-22 10:00:00,93.25,0.82,235.5
2022-03-22 11:00:00,86.5,0.85,256.15
2022-03-22 12:00:00,72.0,1.08,238.35
2022-03-22 13:00:00,63.75,1.4,261.3
2022-03-22 14:00:00,47.5,1.45,263.23
2022-03-22 15:00:00,46.5,1.25,250.42
2022-03-22 16:00:00,47.25,1.43,264.52
2022-03-22 17:00:00,45.75,1.48,270.48
2022-03-22 18:00:00,52.5,1.15,269.7
2022-03-22 19:00:00,65.0,0.75,259.82
2022-03-22 20:00:00,63.75,0.73,261.2
2022-03-22 21:00:00,71.0,1.2,266.97
2022-03-22 22:00:00,77.25,0.88,260.95
2022-03-22 23:00:00,79.75,0.9,262.23
2022-03-23 00:00:00,86.25,0.68,293.25
2022-03-23 01:00:00,92.5,0.7,243.8
2022-03-23 02:00:00,99.25,0.68,222.78
2022-03-23 03:00:00,96.5,0.58,226.7
2022-03-23 04:00:00,97.5,0.68,224.25
2022-03-23 05:00:00,112.25,0.65,220.1
2022-03-23 06:00:00,129.5,0.72,224.08
2022-03-23 07:00:00,114.0,0.6,222.92
2022-03-23 08:00:00,110.0,0.68,233.72
2022-03-23 09:00:00,115.5,0.85,221.22
2022-03-23 10:00:00,111.25,0.73,219.72
2022-03-23 11:00:00,98.75,0.73,222.1
2022-03-23 12:00:00,81.25,0.68,256.5
2022-03-23 13:00:00,71.0,0.78,191.98
2022-03-23 14:00:00,76.75,1.0,258.85
2022-03-23 15:00:00,54.75,0.42,291.25
2022-03-23 16:00:00,43.75,0.62,250.53
2022-03-23 17:00:00,43.75,0.6,225.73
2022-03-23 18:00:00,56.5,0.45,177.3
2022-03-23 19:00:00,68.0,0.45,167.1
2022-03-23 20:00:00,92.5,0.52,194.48
2022-03-23 21:00:00,103.0,0.43,189.6
2022-03-23 22:00:00,108.25,0.45,203.12
2022-03-23 23:00:00,127.0,0.45,223.12
2022-03-24 00:00:00,138.25,0.27,115.75
2022-03-24 01:00:00,147.75,0.35,209.85
2022-03-24 02:00:00,157.25,0.28,234.02
2022-03-24 03:00:00,162.75,0.15,183.75
2022-03-24 04:00:00,166.25,0.28,116.85
2022-03-24 05:00:00,161.25,0.43,223.55
2022-03-24 06:00:00,162.25,0.27,220.08
2022-03-24 07:00:00,169.25,0.33,227.22
2022-03-24 08:00:00,195.25,0.78,213.08
2022-03-24 09:00:00,188.5,1.25,212.28
2022-03-24 10:00:00,92.75,0.77,248.92
2022-03-24 11:00:00,56.5,1.42,225.5
2022-03-24 12:00:00,40.25,1.0,248.5
2022-03-24 13:00:00,41.25,1.05,256.52
2022-03-24 14:00:00,41.5,1.1,255.35
2022-03-24 15:00:00,39.75,0.92,258.62
2022-03-24 16:00:00,40.25,0.85,255.95
2022-03-24 17:00:00,43.5,0.82,271.35
2022-03-24 18:00:00,43.0,0.73,252.75
2022-03-24 19:00:00,48.25,0.7,212.23
2022-03-24 20:00:00,62.25,0.52,196.75
2022-03-24 21:00:00,86.75,0.48,232.18
2022-03-24 22:00:00,95.5,0.52,223.82
2022-03-24 23:00:00,96.25,0.45,170.85
2022-03-25 00:00:00,98.5,0.25,222.42
2022-03-25 01:00:00,104.75,0.35,186.8
2022-03-25 02:00:00,84.5,0.48,180.22
2022-03-25 03:00:00,91.75,0.4,173.35
2022-03-25 04:00:00,100.0,0.3,175.55
2022-03-25 05:00:00,100.25,0.7,226.32
2022-03-25 06:00:00,106.25,0.62,227.4
2022-03-25 07:00:00,122.5,0.82,223.4
2022-03-25 08:00:00,118.25,0.57,240.5
2022-03-25 09:00:00,98.25,0.82,232.9
2022-03-25 10:00:00,92.25,0.73,243.95
2022-03-25 11:00:00,100.75,0.8,248.82
2022-03-25 12:00:00,95.0,0.95,256.75
2022-03-25 13:00:00,60.5,1.2,254.7
2022-03-25 14:00:00,52.5,1.3,267.6
2022-03-25 15:00:00,41.75,1.42,264.42
2022-03-25 16:00:00,41.0,1.55,263.65
2022-03-25 17:00:00,41.25,1.25,262.23
2022-03-25 18:00:00,43.25,1.0,267.9
2022-03-25 19:00:00,47.25,0.6,238.72
2022-03-25 20:00:00,51.25,0.73,219.2
2022-03-25 21:00:00,64.25,0.73,218.62
2022-03-25 22:00:00,72.5,0.72,241.27
2022-03-25 23:00:00,69.0,0.8,225.48
2022-03-26 00:00:00,77.0,0.57,229.1
2022-03-26 01:00:00,87.75,0.7,226.23
2022-03-26 02:00:00,76.5,0.8,223.98
2022-03-26 03:00:00,83.5,0.8,223.95
2022-03-26 04:00:00,101.75,0.78,221.82
2022-03-26 05:00:00,143.25,0.55,240.78
2022-03-26 06:00:00,171.75,0.6,230.3
2022-03-26 07:00:00,172.5,0.9,228.45
2022-03-26 08:00:00,155.0,0.88,230.2
2022-03-26 09:00:00,114.75,0.95,243.08
2022-03-26 10:00:00,105.25,1.05,261.82
2022-03-26 11:00:00,82.5,1.2,263.52
2022-03-26 12:00:00,60.0,1.9,268.02
2022-03-26 13:00:00,43.25,1.6,266.72
2022-03-26 14:00:00,45.25,1.88,267.83
2022-03-26 15:00:00,38.25,1.48,270.0
2022-03-26 16:00:00,33.25,1.25,261.55
2022-03-26 17:00:00,35.0,0.95,266.2
2022-03-26 18:00:00,40.0,0.7,249.0
2022-03-26 19:00:00,48.5,0.55,232.3
2022-03-26 20:00:00,58.75,0.62,222.88
2022-03-26 21:00:00,67.0,0.62,217.23
2022-03-26 22:00:00,69.0,0.75,216.2
2022-03-26 23:00:00,77.0,0.52,233.28
2022-03-27 00:00:00,84.5,0.62,255.42
2022-03-27 01:00:00,82.75,0.72,254.1
2022-03-27 02:00:00,65.0,0.78,232.8
2022-03-27 03:00:00,71.75,0.75,225.88
2022-03-27 04:00:00,92.75,0.77,228.98
2022-03-27 05:00:00,122.5,0.62,225.08
2022-03-27 06:00:00,120.75,0.62,236.73
2022-03-27 07:00:00,107.0,0.6,227.22
2022-03-27 08:00:00,94.25,0.85,225.25
2022-03-27 09:00:00,96.0,1.1,225.35
2022-03-27 10:00:00,106.0,0.95,237.9
2022-03-27 11:00:00,95.0,0.95,251.75
2022-03-27 12:00:00,74.5,1.15,260.97
2022-03-27 13:00:00,55.0,1.67,267.62
2022-03-27 14:00:00,59.5,1.48,266.77
2022-03-27 15:00:00,83.75,1.5,267.88
2022-03-27 16:00:00,34.75,1.35,262.73
2022-03-27 17:00:00,32.75,1.05,271.08
2022-03-27 18:00:00,35.0,0.7,256.85
2022-03-27 19:00:00,52.5,0.5,186.52
2022-03-27 20:00:00,58.5,0.48,247.52
2022-03-27 21:00:00,86.0,0.52,242.8
2022-03-27 22:00:00,100.75,0.32,206.2
2022-03-27 23:00:00,106.25,0.42,263.1
2022-03-28 00:00:00,128.75,0.4,258.42
2022-03-28 01:00:00,135.5,0.48,255.38
2022-03-28 02:00:00,125.5,0.48,244.73
2022-03-28 03:00:00,135.75,0.38,249.23
2022-03-28 04:00:00,134.25,0.25,165.98
2022-03-28 05:00:00,130.25,0.18,196.2
2022-03-28 06:00:00,128.25,0.2,260.18
2022-03-28 07:00:00,141.75,0.4,216.7
2022-03-28 08:00:00,148.25,1.08,212.22
2022-03-28 09:00:00,123.0,1.23,210.1
2022-03-28 10:00:00,94.0,1.58,205.55
2022-03-28 11:00:00,92.25,1.28,206.75
2022-03-28 12:00:00,50.25,1.38,215.3
2022-03-28 13:00:00,48.0,1.3,231.0
2022-03-28 14:00:00,44.5,1.3,259.8
2022-03-28 15:00:00,34.0,1.05,255.4
2022-03-28 16:00:00,31.75,1.35,267.67
2022-03-28 17:00:00,26.5,0.75,204.85
2022-03-28 18:00:00,35.25,0.25,35.15
2022-03-28 19:00:00,50.75,0.43,177.35
2022-03-28 20:00:00,67.25,0.35,158.18
2022-03-28 21:00:00,92.75,0.45,236.08
2022-03-28 22:00:00,100.5,0.37,269.5
2022-03-28 23:00:00,116.0,0.42,230.98
2022-03-29 00:00:00,113.75,0.45,230.52
2022-03-29 01:00:00,116.75,0.45,227.88
2022-03-29 02:00:00,121.25,0.32,224.95
2022-03-29 03:00:00,127.75,0.32,258.2
2022-03-29 04:00:00,127.5,0.28,259.1
2022-03-29 05:00:00,134.75,0.5,225.52
2022-03-29 06:00:00,147.75,0.43,256.92
2022-03-29 07:00:00,134.75,0.48,210.75
2022-03-29 08:00:00,124.5,0.62,226.38
2022-03-29 09:00:00,96.75,0.7,238.75
2022-03-29 10:00:00,94.0,0.85,248.65
2022-03-29 11:00:00,77.5,1.0,251.7
2022-03-29 12:00:00,78.25,1.2,246.95
2022-03-29 13:00:00,83.75,1.03,257.35
2022-03-29 14:00:00,49.5,1.3,257.55
2022-03-29 15:00:00,39.25,1.42,264.38
2022-03-29 16:00:00,39.75,1.48,263.5
2022-03-29 17:00:00,37.75,1.33,271.25
2022-03-29 18:00:00,33.75,0.35,133.4
2022-03-29 19:00:00,35.75,0.35,137.28
2022-03-29 20:00:00,51.75,0.45,197.9
2022-03-29 21:00:00,82.0,0.55,226.38
2022-03-29 22:00:00,104.0,0.5,231.0
2022-03-29 23:00:00,108.5,0.5,232.72
2022-03-30 00:00:00,118.25,0.55,221.2
2022-03-30 01:00:00,132.25,0.5,232.77
2022-03-30 02:00:00,130.25,0.52,237.58
2022-03-30 03:00:00,136.75,0.55,237.8
2022-03-30 04:00:00,125.5,0.65,232.25
2022-03-30 05:00:00,123.0,0.7,232.15
2022-03-30 06:00:00,136.25,0.48,239.55
2022-03-30 07:00:00,157.75,0.62,223.75
2022-03-30 08:00:00,158.25,0.45,229.98
2022-03-30 09:00:00,155.25,0.57,233.4
2022-03-30 10:00:00,124.0,0.65,279.18
2022-03-30 11:00:00,83.5,0.57,232.05
2022-03-30 12:00:00,61.0,0.73,160.43
2022-03-30 13:00:00,52.0,0.88,89.4
2022-03-30 14:00:00,77.0,1.42,43.62
2022-03-30 15:00:00,75.75,0.98,81.98
2022-03-30 16:00:00,69.5,1.08,22.78
2022-03-30 17:00:00,61.25,0.3,91.1
2022-03-30 18:00:00,58.75,0.25,142.6
2022-03-30 19:00:00,56.75,0.32,48.48
2022-03-30 20:00:00,70.75,0.18,167.5
2022-03-30 21:00:00,124.75,0.3,169.68
2022-03-30 22:00:00,131.75,0.5,234.15
2022-03-30 23:00:00,159.25,0.38,247.8
2022-03-31 00:00:00,203.75,0.35,229.6
2022-03-31 01:00:00,208.5,0.27,235.1
2022-03-31 02:00:00,178.0,0.2,199.68
2022-03-31 03:00:00,169.0,0.35,247.72
2022-03-31 04:00:00,162.0,0.23,234.0
2022-03-31 05:00:00,169.25,0.27,136.98
2022-03-31 06:00:00,187.25,0.45,225.28
2022-03-31 07:00:00,223.5,0.3,69.05
2022-03-31 08:00:00,214.5,0.62,85.7
2022-03-31 09:00:00,246.5,0.77,77.88
2022-03-31 10:00:00,224.25,0.95,111.5
2022-03-31 11:00:00,139.0,0.9,114.28
2022-03-31 12:00:00,90.25,0.98,131.77
2022-03-31 13:00:00,72.75,1.05,95.85
2022-03-31 14:00:00,77.25,0.88,91.1
2022-03-31 15:00:00,64.75,0.95,43.42
2022-03-31 16:00:00,65.0,1.12,31.85
2022-03-31 17:00:00,77.5,1.02,34.42
2022-03-31 18:00:00,84.0,0.5,108.82
2022-03-31 19:00:00,98.25,0.32,175.77
2022-03-31 20:00:00,102.5,0.3,188.82
2022-03-31 21:00:00,128.25,0.45,195.28
2022-03-31 22:00:00,146.25,0.68,247.25
2022-03-31 23:00:00,136.25,1.42,265.4
2022-04-01 00:00:00,107.0,0.9,264.45
2022-04-01 01:00:00,84.0,1.23,267.4
2022-04-01 02:00:00,66.5,1.0,257.85
2022-04-01 03:00:00,59.5,0.95,265.27
2022-04-01 04:00:00,61.5,1.48,270.0
2022-04-01 05:00:00,64.5,0.9,258.7
2022-04-01 06:00:00,74.25,0.65,235.4
2022-04-01 07:00:00,95.25,0.72,220.65
2022-04-01 08:00:00,112.75,0.82,234.75
2022-04-01 09:00:00,120.5,0.88,250.88
2022-04-01 10:00:00,120.0,0.95,261.67
2022-04-01 11:00:00,84.5,1.1,258.68
2022-04-01 12:00:00,43.75,1.45,265.3
2022-04-01 13:00:00,23.0,1.58,270.98
2022-04-01 14:00:00,18.5,1.8,266.23
2022-04-01 15:00:00,24.25,1.55,266.4
2022-04-01 16:00:00,29.25,1.5,266.55
2022-04-01 17:00:00,31.0,1.45,275.32
2022-04-01 18:00:00,25.75,0.82,264.52
2022-04-01 19:00:00,32.5,0.32,222.7
2022-04-01 20:00:00,51.75,0.38,249.18
2022-04-01 21:00:00,75.5,0.45,225.25
2022-04-01 22:00:00,98.0,0.55,240.73
2022-04-01 23:00:00,112.5,0.38,237.78
2022-04-02 00:00:00,129.75,0.43,222.82
2022-04-02 01:00:00,132.75,0.38,227.52
2022-04-02 02:00:00,140.5,0.38,238.3
2022-04-02 03:00:00,162.0,0.58,235.02
2022-04-02 04:00:00,189.75,0.6,239.72
2022-04-02 05:00:00,212.75,0.68,238.88
2022-04-02 06:00:00,159.75,0.62,247.52
2022-04-02 07:00:00,136.75,0.4,237.3
2022-04-02 08:00:00,133.0,0.38,256.52
2022-04-02 09:00:00,125.0,0.62,179.95
2022-04-02 10:00:00,90.0,0.82,189.48
2022-04-02 11:00:00,51.75,0.88,196.28
2022-04-02 12:00:00,36.75,0.73,215.9
2022-04-02 13:00:00,37.75,0.92,169.5
2022-04-02 14:00:00,34.25,0.9,195.58
2022-04-02 15:00:00,36.0,1.08,244.1
2022-04-02 16:00:00,39.0,0.42,151.58
2022-04-02 17:00:00,39.5,0.45,87.82
2022-04-02 18:00:00,45.0,0.5,81.38
2022-04-02 19:00:00,58.0,0.38,108.43
2022-04-02 20:00:00,67.0,0.2,63.9
2022-04-02 21:00:00,90.0,0.25,146.6
2022-04-02 22:00:00,116.5,0.38,45.8
2022-04-02 23:00:00,148.0,0.12,126.25
2022-04-03 00:00:00,140.25,0.2,180.35
2022-04-03 01:00:00,149.5,0.32,99.7
2022-04-03 02:00:00,160.5,0.4,95.12
2022-04-03 03:00:00,137.75,0.35,94.0
2022-04-03 04:00:00,119.5,0.2,96.62
2022-04-03 05:00:00,127.0,0.2,190.08
2022-04-03 06:00:00,145.0,0.2,108.3
2022-04-03 07:00:00,152.0,0.55,172.58
2022-04-03 08:00:00,172.0,0.9,189.15
2022-04-03 09:00:00,161.75,0.55,200.15
2022-04-03 10:00:00,130.75,0.7,237.28
2022-04-03 11:00:00,97.0,0.6,255.65
2022-04-03 12:00:00,71.75,0.9,243.05
2022-04-03 13:00:00,54.75,0.72,267.35
2022-04-03 14:00:00,62.25,1.0,258.75
2022-04-03 15:00:00,38.75,0.7,218.1
2022-04-03 16:00:00,26.5,1.08,284.9
2022-04-03 17:00:00,20.0,0.3,281.0
2022-04-03 18:00:00,26.0,0.4,130.02
2022-04-03 19:00:00,37.75,0.4,209.02
2022-04-03 20:00:00,50.0,0.43,215.52
2022-04-03 21:00:00,70.75,0.4,235.45
2022-04-03 22:00:00,101.25,0.45,253.1
2022-04-03 23:00:00,113.25,0.52,255.45
2022-04-04 00:00:00,107.25,0.65,235.58
2022-04-04 01:00:00,100.25,0.55,235.82
2022-04-04 02:00:00,145.0,0.62,237.3
2022-04-04 03:00:00,239.5,0.52,238.08
2022-04-04 04:00:00,231.0,0.6,239.8
2022-04-04 05:00:00,220.0,0.62,235.48
2022-04-04 06:00:00,208.25,0.5,257.62
2022-04-04 07:00:00,141.0,0.6,229.55
2022-04-04 08:00:00,72.75,1.23,223.82
2022-04-04 09:00:00,74.25,1.15,233.1
2022-04-04 10:00:00,73.75,0.98,241.3
2022-04-04 11:00:00,82.75,1.22,244.58
2022-04-04 12:00:00,87.0,1.5,263.95
2022-04-04 13:00:00,60.75,1.8,261.05
2022-04-04 14:00:00,43.75,1.48,260.73
2022-04-04 15:00:00,37.75,1.6,270.53
2022-04-04 16:00:00,32.0,1.62,274.35
2022-04-04 17:00:00,36.0,0.75,244.45
2022-04-04 18:00:00,42.25,0.48,205.7
2022-04-04 19:00:00,53.5,0.4,142.38
2022-04-04 20:00:00,60.75,0.55,227.95
2022-04-04 21:00:00,73.75,0.38,216.52
2022-04-04 22:00:00,91.0,0.5,179.92
2022-04-04 23:00:00,100.0,0.32,179.52
2022-04-05 00:00:00,100.75,0.65,205.5
2022-04-05 01:00:00,100.25,0.68,229.9
2022-04-05 02:00:00,102.0,0.57,237.35
2022-04-05 03:00:00,135.0,0.43,246.5
2022-04-05 04:00:00,150.75,0.45,247.4
2022-04-05 05:00:00,178.25,0.55,249.35
2022-04-05 06:00:00,203.25,0.6,237.8
2022-04-05 07:00:00,231.75,0.72,223.48
2022-04-05 08:00:00,274.0,0.68,228.82
2022-04-05 09:00:00,200.75,0.85,252.38
2022-04-05 10:00:00,98.5,1.05,228.08
2022-04-05 11:00:00,65.0,1.25,254.95
2022-04-05 12:00:00,44.5,1.38,256.22
2022-04-05 13:00:00,50.0,1.72,267.18
2022-04-05 14:00:00,33.0,1.83,266.77
2022-04-05 15:00:00,27.25,1.62,265.45
2022-04-05 16:00:00,25.75,1.52,273.27
2022-04-05 17:00:00,19.0,1.4,276.05
2022-04-05 18:00:00,22.75,0.52,232.88
2022-04-05 19:00:00,37.0,0.27,227.15
2022-04-05 20:00:00,53.75,0.2,130.3
2022-04-05 21:00:00,77.0,0.4,200.92
2022-04-05 22:00:00,78.75,0.4,183.72
2022-04-05 23:00:00,84.25,0.48,198.18
2022-04-06 00:00:00,96.0,0.52,233.3
2022-04-06 01:00:00,125.0,0.5,239.15
2022-04-06 02:00:00,112.25,0.45,263.3
2022-04-06 03:00:00,110.25,0.48,257.95
2022-04-06 04:00:00,111.0,0.38,246.48
2022-04-06 05:00:00,119.5,0.6,240.18
2022-04-06 06:00:00,157.25,0.6,245.25
2022-04-06 07:00:00,209.75,0.5,240.48
2022-04-06 08:00:00,244.5,0.78,228.72
2022-04-06 09:00:00,182.0,0.6,241.02
2022-04-06 10:00:00,100.5,0.98,237.23
2022-04-06 11:00:00,75.0,1.38,247.78
2022-04-06 12:00:00,56.0,1.18,256.3
2022-04-06 13:00:00,51.75,1.5,263.8
2022-04-06 14:00:00,45.75,1.6,272.38
2022-04-06 15:00:00,37.0,1.45,270.6
2022-04-06 16:00:00,30.0,1.5,271.4
2022-04-06 17:00:00,26.5,1.4,275.9
2022-04-06 18:00:00,29.25,0.57,225.12
2022-04-06 19:00:00,45.25,0.4,222.92
2022-04-06 20:00:00,60.75,0.45,227.3
2022-04-06 21:00:00,82.5,0.38,244.58
2022-04-06 22:00:00,99.0,0.32,128.62
2022-04-06 23:00:00,112.75,0.35,237.75
2022-04-07 00:00:00,129.0,0.3,205.48
2022-04-07 01:00:00,137.75,0.35,230.65
2022-04-07 02:00:00,147.5,0.25,230.28
2022-04-07 03:00:00,163.0,0.55,240.85
2022-04-07 04:00:00,196.0,0.55,244.6
2022-04-07 05:00:00,196.0,0.6,236.23
2022-04-07 06:00:00,201.0,0.65,240.65
2022-04-07 07:00:00,180.5,0.6,222.1
2022-04-07 08:00:00,160.0,0.55,222.32
2022-04-07 09:00:00,160.0,0.72,243.38
2022-04-07 10:00:00,107.0,1.42,220.27
2022-04-07 11:00:00,83.0,1.18,232.15
2022-04-07 12:00:00,66.75,1.22,246.23
2022-04-07 13:00:00,73.5,1.38,250.18
2022-04-07 14:00:00,86.5,0.97,287.6
2022-04-07 15:00:00,38.75,1.45,263.55
2022-04-07 16:00:00,34.0,1.58,271.08
2022-04-07 17:00:00,31.0,1.32,274.35
2022-04-07 18:00:00,31.0,0.57,217.23
2022-04-07 19:00:00,31.0,0.42,226.6
2022-04-07 20:00:00,31.0,0.38,237.95
2022-04-07 21:00:00,31.0,0.62,216.25
2022-04-07 22:00:00,31.0,0.47,227.68
2022-04-07 23:00:00,31.0,0.18,159.8
2022-04-08 00:00:00,31.0,0.48,218.58
2022-04-08 01:00:00,31.0,0.52,224.38
2022-04-08 02:00:00,31.0,0.52,227.38
2022-04-08 03:00:00,31.0,0.58,232.0
2022-04-08 04:00:00,31.0,0.6,242.6
2022-04-08 05:00:00,31.0,0.6,232.95
2022-04-08 06:00:00,31.0,0.65,237.1
2022-04-08 07:00:00,31.0,0.65,240.3
2022-04-08 08:00:00,31.0,0.48,238.4
2022-04-08 09:00:00,31.0,0.57,253.92
2022-04-08 10:00:00,31.0,0.87,201.68
2022-04-08 11:00:00,31.0,1.48,204.72
2022-04-08 12:00:00,31.0,0.57,190.48
2022-04-08 13:00:00,34.5,0.85,218.77
2022-04-08 14:00:00,38.0,0.72,191.38
2022-04-08 15:00:00,41.5,0.85,275.15
2022-04-08 16:00:00,45.0,1.08,264.98
2022-04-08 17:00:00,40.75,1.33,269.88
2022-04-08 18:00:00,34.25,0.38,189.62
2022-04-08 19:00:00,58.0,0.45,218.25
2022-04-08 20:00:00,82.75,0.3,89.02
2022-04-08 21:00:00,105.5,0.48,174.38
2022-04-08 22:00:00,92.5,0.45,232.22
2022-04-08 23:00:00,114.75,0.28,258.02
2022-04-09 00:00:00,124.75,0.3,242.6
2022-04-09 01:00:00,131.5,0.45,247.1
2022-04-09 02:00:00,136.75,0.52,237.3
2022-04-09 03:00:00,133.75,0.62,231.22
2022-04-09 04:00:00,122.25,0.5,234.32
2022-04-09 05:00:00,136.5,0.43,252.55
2022-04-09 06:00:00,145.25,0.38,261.68
2022-04-09 07:00:00,159.0,0.55,215.88
2022-04-09 08:00:00,160.25,0.62,209.08
2022-04-09 09:00:00,147.0,1.12,212.45
2022-04-09 10:00:00,110.75,1.12,204.45
2022-04-09 11:00:00,71.5,0.68,142.38
2022-04-09 12:00:00,66.25,1.12,121.72
2022-04-09 13:00:00,70.0,1.25,68.3
2022-04-09 14:00:00,56.25,0.88,49.28
2022-04-09 15:00:00,40.0,0.82,188.62
2022-04-09 16:00:00,31.5,1.27,270.5
2022-04-09 17:00:00,24.75,1.05,270.98
2022-04-09 18:00:00,34.25,0.6,214.85
2022-04-09 19:00:00,59.25,0.45,228.2
2022-04-09 20:00:00,72.75,0.32,254.48
2022-04-09 21:00:00,89.75,0.38,174.1
2022-04-09 22:00:00,108.0,0.52,243.15
2022-04-09 23:00:00,113.5,0.35,257.95
2022-04-10 00:00:00,128.25,0.43,225.28
2022-04-10 01:00:00,148.5,0.38,227.23
2022-04-10 02:00:00,144.75,0.45,232.92
2022-04-10 03:00:00,146.5,0.57,226.42
2022-04-10 04:00:00,161.75,0.7,229.95
2022-04-10 05:00:00,206.0,0.62,239.02
2022-04-10 06:00:00,166.75,0.62,236.35
2022-04-10 07:00:00,104.0,0.57,220.75
2022-04-10 08:00:00,129.0,0.58,206.48
2022-04-10 09:00:00,183.0,0.85,236.12
2022-04-10 10:00:00,139.25,1.15,253.77
2022-04-10 11:00:00,108.25,0.95,253.6
2022-04-10 12:00:00,77.5,0.32,239.58
2022-04-10 13:00:00,52.75,0.42,198.2
2022-04-10 14:00:00,45.75,1.25,287.15
2022-04-10 15:00:00,45.0,0.95,284.2
2022-04-10 16:00:00,44.0,1.48,270.0
2022-04-10 17:00:00,41.0,1.45,272.45
2022-04-10 18:00:00,44.75,0.65,223.22
2022-04-10 19:00:00,60.0,0.35,209.7
2022-04-10 20:00:00,74.0,0.3,152.43
2022-04-10 21:00:00,85.75,0.45,243.48
2022-04-10 22:00:00,107.75,0.28,152.28
2022-04-10 23:00:00,124.0,0.32,105.87
2022-04-11 00:00:00,128.5,0.5,126.05
2022-04-11 01:00:00,120.75,0.57,228.15
2022-04-11 02:00:00,117.25,0.55,236.38
2022-04-11 03:00:00,148.25,0.6,233.73
2022-04-11 04:00:00,180.5,0.55,241.35
2022-04-11 05:00:00,168.0,0.35,251.8
2022-04-11 06:00:00,171.75,0.57,225.75
2022-04-11 07:00:00,180.75,0.58,216.98
2022-04-11 08:00:00,206.25,0.62,213.13
2022-04-11 09:00:00,200.0,0.92,236.25
2022-04-11 10:00:00,120.0,0.68,261.77
2022-04-11 11:00:00,77.25,1.02,223.88
2022-04-11 12:00:00,69.5,0.55,121.72
2022-04-11 13:00:00,53.5,0.55,217.52
2022-04-11 14:00:00,55.0,1.08,92.07
2022-04-11 15:00:00,51.5,0.82,191.45
2022-04-11 16:00:00,39.25,1.12,271.67
2022-04-11 17:00:00,36.5,0.85,261.12
2022-04-11 18:00:00,47.25,0.55,197.75
2022-04-11 19:00:00,59.5,0.35,210.25
2022-04-11 20:00:00,70.25,0.38,222.75
2022-04-11 21:00:00,86.75,0.32,231.12
2022-04-11 22:00:00,108.75,0.45,242.12
2022-04-11 23:00:00,113.75,0.48,228.1
2022-04-12 00:00:00,117.0,0.3,227.6
2022-04-12 01:00:00,126.25,0.3,51.2
2022-04-12 02:00:00,119.75,0.28,237.75
2022-04-12 03:00:00,138.25,0.55,227.88
2022-04-12 04:00:00,181.25,0.55,227.58
2022-04-12 05:00:00,182.5,0.92,226.12
2022-04-12 06:00:00,152.5,0.42,241.7
2022-04-12 07:00:00,130.0,0.42,210.25
2022-04-12 08:00:00,94.0,0.48,243.27
2022-04-12 09:00:00,64.75,0.82,262.48
2022-04-12 10:00:00,57.5,0.97,264.75
2022-04-12 11:00:00,54.0,1.08,246.75
2022-04-12 12:00:00,47.75,0.78,236.92
2022-04-12 13:00:00,47.0,0.42,274.35
2022-04-12 14:00:00,44.25,1.05,220.45
2022-04-12 15:00:00,39.0,0.52,173.78
2022-04-12 16:00:00,48.75,0.45,182.5
2022-04-12 17:00:00,51.25,0.48,174.02
2022-04-12 18:00:00,53.75,0.38,138.45
2022-04-12 19:00:00,60.25,0.25,139.18
2022-04-12 20:00:00,66.25,0.18,165.58
2022-04-12 21:00:00,77.75,0.35,203.92
2022-04-12 22:00:00,98.0,0.22,231.02
2022-04-12 23:00:00,127.25,0.45,232.72
2022-04-13 00:00:00,173.67,0.4,236.6
2022-04-13 01:00:00,190.0,0.23,225.38
2022-04-13 02:00:00,161.75,0.2,236.2
2022-04-13 03:00:00,163.5,0.28,208.7
2022-04-13 04:00:00,186.5,0.23,206.1
2022-04-13 05:00:00,206.5,0.13,142.8
2022-04-13 06:00:00,204.5,0.12,110.58
2022-04-13 07:00:00,201.0,0.18,154.78
2022-04-13 08:00:00,233.0,0.62,143.28
2022-04-13 09:00:00,243.0,1.08,203.92
2022-04-13 10:00:00,151.5,1.12,224.85
2022-04-13 11:00:00,77.5,1.08,231.8
2022-04-13 12:00:00,57.75,0.75,239.42
2022-04-13 13:00:00,53.0,1.02,196.05
2022-04-13 14:00:00,39.5,1.38,209.77
2022-04-13 15:00:00,33.5,1.4,214.75
2022-04-13 16:00:00,30.0,1.18,219.77
2022-04-13 17:00:00,36.5,0.9,198.88
2022-04-13 18:00:00,48.25,0.32,188.75
2022-04-13 19:00:00,57.25,0.3,178.58
2022-04-13 20:00:00,72.75,0.3,193.18
2022-04-13 21:00:00,74.75,0.35,224.77
2022-04-13 22:00:00,82.0,0.82,221.68
2022-04-13 23:00:00,75.75,0.72,224.75
2022-04-14 00:00:00,64.25,0.4,231.12
2022-04-14 01:00:00,58.0,0.45,224.92
2022-04-14 02:00:00,56.5,0.55,229.2
2022-04-14 03:00:00,62.25,0.68,265.47
2022-04-14 04:00:00,69.5,0.75,261.82
2022-04-14 05:00:00,78.5,0.88,213.02
2022-04-14 06:00:00,75.75,0.5,223.88
2022-04-14 07:00:00,86.0,0.7,217.12
2022-04-14 08:00:00,101.0,0.62,230.52
2022-04-14 09:00:00,99.75,0.6,246.68
2022-04-14 10:00:00,90.5,0.95,271.78
2022-04-14 11:00:00,80.25,1.02,259.88
2022-04-14 12:00:00,96.75,0.8,254.0
2022-04-14 13:00:00,82.75,1.18,260.32
2022-04-14 14:00:00,58.25,0.52,270.18
2022-04-14 15:00:00,49.0,0.6,237.32
2022-04-14 16:00:00,46.5,0.72,251.0
2022-04-14 17:00:00,47.25,0.9,223.98
2022-04-14 18:00:00,44.25,0.42,208.85
2022-04-14 19:00:00,45.75,0.45,202.42
2022-04-14 20:00:00,54.25,1.4,180.08
2022-04-14 21:00:00,58.0,2.35,18.2
2022-04-14 22:00:00,88.0,1.72,17.08
2022-04-14 23:00:00,64.25,1.23,22.42
2022-04-15 00:00:00,45.5,0.7,72.65
2022-04-15 01:00:00,40.75,0.57,141.0
2022-04-15 02:00:00,41.25,0.48,107.4
2022-04-15 03:00:00,43.75,0.48,101.62
2022-04-15 04:00:00,40.25,0.32,97.45
2022-04-15 05:00:00,46.0,0.32,96.78
2022-04-15 06:00:00,62.75,0.13,172.52
2022-04-15 07:00:00,69.5,0.32,142.12
2022-04-15 08:00:00,82.0,0.57,92.62
2022-04-15 09:00:00,98.25,0.65,126.42
2022-04-15 10:00:00,80.25,0.7,96.72
2022-04-15 11:00:00,89.5,0.98,108.65
2022-04-15 12:00:00,71.25,0.92,41.92
2022-04-15 13:00:00,84.5,1.18,95.85
2022-04-15 14:00:00,104.0,0.88,178.52
2022-04-15 15:00:00,75.0,1.08,17.55
2022-04-15 16:00:00,67.75,1.58,18.2
2022-04-15 17:00:00,63.5,1.12,20.88
2022-04-15 18:00:00,62.5,0.68,48.92
2022-04-15 19:00:00,66.0,0.68,50.58
2022-04-15 20:00:00,76.75,0.65,43.38
2022-04-15 21:00:00,93.25,0.5,83.12
2022-04-15 22:00:00,102.75,0.27,166.35
2022-04-15 23:00:00,109.5,0.28,143.55
2022-04-16 00:00:00,113.75,0.3,128.52
2022-04-16 01:00:00,138.5,0.25,173.0
2022-04-16 02:00:00,134.0,0.35,185.02
2022-04-16 03:00:00,135.75,0.32,247.72
2022-04-16 04:00:00,144.0,0.3,120.08
2022-04-16 05:00:00,153.5,0.22,138.25
2022-04-16 06:00:00,159.75,0.4,176.2
2022-04-16 07:00:00,170.0,0.35,98.55
2022-04-16 08:00:00,150.5,0.75,130.17
2022-04-16 09:00:00,125.25,0.85,98.02
2022-04-16 10:00:00,114.5,0.65,97.58
2022-04-16 11:00:00,97.75,0.95,97.07
2022-04-16 12:00:00,67.25,1.08,75.0
2022-04-16 13:00:00,59.75,0.98,123.25
2022-04-16 14:00:00,62.25,0.68,107.92
2022-04-16 15:00:00,60.0,0.58,194.52
2022-04-16 16:00:00,51.25,0.65,287.52
2022-04-16 17:00:00,52.25,0.68,258.5
2022-04-16 18:00:00,54.0,0.32,180.2
2022-04-16 19:00:00,61.25,0.35,100.35
2022-04-16 20:00:00,87.25,0.38,76.05
2022-04-16 21:00:00,127.0,0.18,172.92
2022-04-16 22:00:00,130.25,0.4,128.1
2022-04-16 23:00:00,134.0,0.3,56.75
2022-04-17 00:00:00,114.75,0.27,215.98
2022-04-17 01:00:00,112.5,0.35,156.35
2022-04-17 02:00:00,122.25,0.3,247.85
2022-04-17 03:00:00,143.0,0.4,260.6
2022-04-17 04:00:00,159.5,0.2,254.02
2022-04-17 05:00:00,163.25,0.4,237.1
2022-04-17 06:00:00,160.0,0.32,296.98
2022-04-17 07:00:00,161.25,0.65,166.45
2022-04-17 08:00:00,168.75,0.52,193.48
2022-04-17 09:00:00,146.5,0.82,207.75
2022-04-17 10:00:00,113.5,1.25,202.92
2022-04-17 11:00:00,70.75,0.98,203.15
2022-04-17 12:00:00,65.5,0.85,150.78
2022-04-17 13:00:00,65.25,0.98,134.25
2022-04-17 14:00:00,51.67,1.07,153.27
2022-04-17 15:00:00,53.0,0.9,140.0
2022-04-17 16:00:00,54.666666666666664,0.7666666666666667,154.03333333333333
2022-04-17 17:00:00,56.333333333333336,0.6333333333333333,168.06666666666666
2022-04-17 18:00:00,58.0,0.5,182.1
2022-04-17 19:00:00,62.25,0.28,136.5
2022-04-17 20:00:00,84.75,0.57,93.62
2022-04-17 21:00:00,115.25,0.32,185.0
2022-04-17 22:00:00,122.5,0.28,243.4
2022-04-17 23:00:00,131.0,0.3,188.92
2022-04-18 00:00:00,134.5,0.25,224.2
2022-04-18 01:00:00,158.75,0.23,228.28
2022-04-18 02:00:00,149.0,0.3,266.52
2022-04-18 03:00:00,160.0,0.48,245.9
2022-04-18 04:00:00,172.75,0.4,260.0
2022-04-18 05:00:00,192.5,0.5,242.18
2022-04-18 06:00:00,177.25,0.42,246.38
2022-04-18 07:00:00,132.25,0.32,204.08
2022-04-18 08:00:00,119.25,0.38,214.22
2022-04-18 09:00:00,106.75,0.3,234.95
2022-04-18 10:00:00,79.0,0.45,107.08
2022-04-18 11:00:00,68.5,1.48,20.45
2022-04-18 12:00:00,87.5,1.4,75.7
2022-04-18 13:00:00,77.0,1.67,79.75
2022-04-18 14:00:00,76.5,1.88,66.23
2022-04-18 15:00:00,77.0,1.95,67.75
2022-04-18 16:00:00,79.0,0.6,103.1
2022-04-18 17:00:00,66.75,0.45,169.28
2022-04-18 18:00:00,69.25,0.45,184.5
2022-04-18 19:00:00,81.5,0.28,167.88
2022-04-18 20:00:00,94.5,0.45,216.88
2022-04-18 21:00:00,112.75,0.48,218.73
2022-04-18 22:00:00,115.25,0.23,208.6
2022-04-18 23:00:00,111.25,0.38,221.4
2022-04-19 00:00:00,122.25,0.4,240.45
2022-04-19 01:00:00,114.5,0.48,224.12
2022-04-19 02:00:00,106.75,0.57,227.92
2022-04-19 03:00:00,117.0,0.57,219.85
2022-04-19 04:00:00,165.5,0.48,225.48
2022-04-19 05:00:00,220.5,0.48,229.52
2022-04-19 06:00:00,251.0,0.6,219.1
2022-04-19 07:00:00,266.75,0.85,215.12
2022-04-19 08:00:00,232.25,0.88,219.38
2022-04-19 09:00:00,129.5,0.77,242.22
2022-04-19 10:00:00,141.0,0.75,233.35
2022-04-19 11:00:00,102.5,0.52,117.83
2022-04-19 12:00:00,86.75,1.1,88.9
2022-04-19 13:00:00,81.25,0.5,85.07
2022-04-19 14:00:00,55.25,0.75,68.9
2022-04-19 15:00:00,50.0,0.48,121.1
2022-04-19 16:00:00,57.0,0.92,267.95
2022-04-19 17:00:00,49.75,0.88,272.62
2022-04-19 18:00:00,46.25,0.65,255.38
2022-04-19 19:00:00,52.5,0.48,222.22
2022-04-19 20:00:00,66.5,0.5,211.98
2022-04-19 21:00:00,65.25,0.45,209.55
2022-04-19 22:00:00,88.5,0.52,227.18
2022-04-19 23:00:00,105.75,0.48,227.2
2022-04-20 00:00:00,126.0,0.5,224.8
2022-04-20 01:00:00,156.25,0.68,217.32
2022-04-20 02:00:00,163.5,0.62,223.6
2022-04-20 03:00:00,150.0,0.7,232.68
2022-04-20 04:00:00,123.75,0.5,247.95
2022-04-20 05:00:00,99.0,0.8,218.48
2022-04-20 06:00:00,108.75,0.62,219.8
2022-04-20 07:00:00,133.25,0.78,213.8
2022-04-20 08:00:00,119.75,0.48,221.85
2022-04-20 09:00:00,118.25,0.62,254.42
2022-04-20 10:00:00,103.75,0.82,261.65
2022-04-20 11:00:00,82.5,0.57,235.28
2022-04-20 12:00:00,45.5,0.73,288.53
2022-04-20 13:00:00,38.75,0.38,200.88
2022-04-20 14:00:00,39.5,0.6,250.6
2022-04-20 15:00:00,36.75,0.55,286.25
2022-04-20 16:00:00,41.5,1.05,265.25
2022-04-20 17:00:00,40.25,0.8,265.1
2022-04-20 18:00:00,42.75,0.52,222.15
2022-04-20 19:00:00,51.5,0.45,219.3
2022-04-20 20:00:00,64.0,0.43,210.48
2022-04-20 21:00:00,70.0,0.43,228.17
2022-04-20 22:00:00,70.0,0.4255555555555556,227.4272222222222
2022-04-20 23:00:00,70.0,0.4211111111111111,226.68444444444444
2022-04-21 00:00:00,70.0,0.41666666666666663,225.94166666666666
2022-04-21 01:00:00,,,
2022-04-21 02:00:00,,,
2022-04-21 03:00:00,,,
2022-04-21 04:00:00,,,
2022-04-21 05:00:00,,,
2022-04-21 06:00:00,,,
2022-04-21 07:00:00,,,
2022-04-21 08:00:00,,,
2022-04-21 09:00:00,,,
2022-04-21 10:00:00,,,
2022-04-21 11:00:00,,,
2022-04-21 12:00:00,,,
2022-04-21 13:00:00,,,
2022-04-21 14:00:00,,,
2022-04-21 15:00:00,70.0,0.35,214.8
2022-04-21 16:00:00,47.0,1.12,25.08
2022-04-21 17:00:00,47.75,1.3,18.02
2022-04-21 18:00:00,54.75,0.95,32.2
2022-04-21 19:00:00,70.0,0.7,41.72
2022-04-21 20:00:00,78.25,0.52,47.7
2022-04-21 21:00:00,94.5,0.9,30.08
2022-04-21 22:00:00,93.25,0.62,43.75
2022-04-21 23:00:00,93.25,0.72,186.73
2022-04-22 00:00:00,109.5,1.35,266.88
2022-04-22 01:00:00,72.5,0.92,267.48
2022-04-22 02:00:00,36.75,0.73,170.18
2022-04-22 03:00:00,32.5,0.73,68.97
2022-04-22 04:00:00,29.25,0.7,65.15
2022-04-22 05:00:00,27.0,0.28,137.48
2022-04-22 06:00:00,38.75,0.28,188.82
2022-04-22 07:00:00,59.0,0.43,121.7
2022-04-22 08:00:00,85.5,0.8,41.2
2022-04-22 09:00:00,57.25,0.55,119.98
2022-04-22 10:00:00,56.5,0.65,186.38
2022-04-22 11:00:00,48.75,1.23,221.65
2022-04-22 12:00:00,40.5,1.27,215.85
2022-04-22 13:00:00,46.25,1.08,154.4
2022-04-22 14:00:00,51.75,0.6,189.62
2022-04-22 15:00:00,54.75,0.9,251.4
2022-04-22 16:00:00,54.0,0.52,203.2
2022-04-22 17:00:00,68.5,0.4,291.18
2022-04-22 18:00:00,55.25,0.4,255.5
2022-04-22 19:00:00,48.0,0.25,94.0
2022-04-22 20:00:00,59.25,0.3,105.52
2022-04-22 21:00:00,81.5,0.25,83.45
2022-04-22 22:00:00,82.5,0.18,98.0
2022-04-22 23:00:00,108.0,0.32,145.45
2022-04-23 00:00:00,114.75,0.4,179.95
2022-04-23 01:00:00,136.25,0.43,228.23
2022-04-23 02:00:00,138.75,0.43,226.25
2022-04-23 03:00:00,133.0,0.43,229.75
2022-04-23 04:00:00,122.0,0.45,254.25
2022-04-23 05:00:00,105.5,0.45,253.98
2022-04-23 06:00:00,104.0,0.43,233.3
2022-04-23 07:00:00,121.0,0.48,199.1
2022-04-23 08:00:00,168.5,0.6,200.4
2022-04-23 09:00:00,230.75,0.38,249.2
2022-04-23 10:00:00,178.5,0.5,254.9
2022-04-23 11:00:00,85.25,0.77,195.7
2022-04-23 12:00:00,52.25,0.48,195.35
2022-04-23 13:00:00,46.5,0.62,186.18
2022-04-23 14:00:00,37.0,0.75,251.55
2022-04-23 15:00:00,39.75,0.65,240.38
2022-04-23 16:00:00,37.75,0.72,268.8
2022-04-23 17:00:00,35.0,0.65,257.42
2022-04-23 18:00:00,40.25,0.4,222.9
2022-04-23 19:00:00,50.5,0.42,205.7
2022-04-23 20:00:00,70.5,0.38,232.68
2022-04-23 21:00:00,102.5,0.32,232.6
2022-04-23 22:00:00,115.75,0.25,159.17
2022-04-23 23:00:00,123.75,0.18,147.35
2022-04-24 00:00:00,123.5,0.57,202.28
2022-04-24 01:00:00,127.0,0.42,215.68
2022-04-24 02:00:00,133.5,0.67,177.05
2022-04-24 03:00:00,130.25,0.65,226.52
2022-04-24 04:00:00,129.75,0.7,223.8
2022-04-24 05:00:00,181.25,0.7,222.35
2022-04-24 06:00:00,233.0,0.5,222.15
2022-04-24 07:00:00,301.0,0.5,203.98
2022-04-24 08:00:00,311.75,0.98,211.5
2022-04-24 09:00:00,285.75,1.18,211.22
2022-04-24 10:00:00,218.0,0.78,252.78
2022-04-24 11:00:00,118.5,1.22,236.72
2022-04-24 12:00:00,65.25,1.05,227.2
2022-04-24 13:00:00,44.25,1.12,232.8
2022-04-24 14:00:00,43.0,0.98,250.05
2022-04-24 15:00:00,45.75,1.12,260.55
2022-04-24 16:00:00,45.75,0.95,255.6
2022-04-24 17:00:00,49.75,0.8,265.9
2022-04-24 18:00:00,56.0,0.73,274.73
2022-04-24 19:00:00,61.25,0.57,262.4
2022-04-24 20:00:00,74.0,0.6,248.95
2022-04-24 21:00:00,90.5,1.05,263.55
2022-04-24 22:00:00,92.75,0.92,263.5
2022-04-24 23:00:00,111.75,0.73,264.23
2022-04-25 00:00:00,106.5,0.9,259.92
2022-04-25 01:00:00,103.5,0.75,252.78
2022-04-25 02:00:00,115.0,0.42,233.28
2022-04-25 03:00:00,131.0,1.0,258.9
2022-04-25 04:00:00,112.0,0.62,249.85
2022-04-25 05:00:00,101.5,0.45,228.08
2022-04-25 06:00:00,100.25,0.78,246.08
2022-04-25 07:00:00,88.0,0.65,212.2
2022-04-25 08:00:00,109.5,0.68,205.68
2022-04-25 09:00:00,126.25,0.6,236.42
2022-04-25 10:00:00,111.0,0.57,226.85
2022-04-25 11:00:00,84.25,0.52,215.72
2022-04-25 12:00:00,64.5,1.08,212.9
2022-04-25 13:00:00,58.75,1.12,209.1
2022-04-25 14:00:00,63.75,0.48,249.1
2022-04-25 15:00:00,61.25,0.68,238.2
2022-04-25 16:00:00,61.25,0.9,257.73
2022-04-25 17:00:00,74.5,0.88,269.6
2022-04-25 18:00:00,77.0,0.52,238.35
2022-04-25 19:00:00,100.5,0.48,244.65
2022-04-25 20:00:00,73.75,0.98,226.82
2022-04-25 21:00:00,48.0,1.05,248.68
2022-04-25 22:00:00,64.5,1.95,287.35
2022-04-25 23:00:00,150.0,0.68,180.82
2022-04-26 00:00:00,67.0,0.68,225.0
2022-04-26 01:00:00,66.25,0.37,252.37
2022-04-26 02:00:00,62.75,0.5,231.9
2022-04-26 03:00:00,53.75,0.45,213.98
2022-04-26 04:00:00,35.75,0.4,230.32
2022-04-26 05:00:00,32.0,0.5,220.27
2022-04-26 06:00:00,40.5,0.95,216.3
2022-04-26 07:00:00,40.25,0.62,159.92
2022-04-26 08:00:00,47.75,1.15,19.4
2022-04-26 09:00:00,74.0,1.1,8.95
2022-04-26 10:00:00,122.75,0.98,16.23
2022-04-26 11:00:00,136.5,0.95,102.2
2022-04-26 12:00:00,150.25,0.7,174.85
2022-04-26 13:00:00,169.0,0.8,49.53
2022-04-26 14:00:00,167.0,0.62,96.88
2022-04-26 15:00:00,180.75,0.68,84.92
2022-04-26 16:00:00,183.5,0.52,200.55
2022-04-26 17:00:00,68.0,0.8,263.1
2022-04-26 18:00:00,67.0,0.38,213.78
2022-04-26 19:00:00,66.0,0.28,111.95
2022-04-26 20:00:00,79.75,0.23,148.62
2022-04-26 21:00:00,109.75,0.38,166.9
2022-04-26 22:00:00,135.75,0.52,221.3
2022-04-26 23:00:00,156.5,0.35,232.78
2022-04-27 00:00:00,165.75,0.43,243.32
2022-04-27 01:00:00,156.5,0.45,235.88
2022-04-27 02:00:00,140.75,0.4,238.25
2022-04-27 03:00:00,153.0,0.55,230.05
2022-04-27 04:00:00,184.5,0.55,233.65
2022-04-27 05:00:00,193.0,0.57,234.35
2022-04-27 06:00:00,206.5,0.57,222.68
2022-04-27 07:00:00,228.75,0.55,208.13
2022-04-27 08:00:00,297.25,0.72,210.8
2022-04-27 09:00:00,316.0,0.55,223.12
2022-04-27 10:00:00,235.0,0.62,236.73
2022-04-27 11:00:00,80.5,0.5,234.62
2022-04-27 12:00:00,57.67,0.47,105.1
2022-04-27 13:00:00,54.75,0.77,114.0
2022-04-27 14:00:00,34.0,0.7,71.75
2022-04-27 15:00:00,46.5,0.68,199.32
2022-04-27 16:00:00,48.0,0.7,286.23
2022-04-27 17:00:00,49.75,0.68,261.85
2022-04-27 18:00:00,56.75,0.55,213.92
2022-04-27 19:00:00,66.25,0.3,174.42
2022-04-27 20:00:00,83.25,0.5,220.18
2022-04-27 21:00:00,97.5,0.5,226.62
2022-04-27 22:00:00,113.0,0.45,226.95
2022-04-27 23:00:00,154.0,0.38,223.25
2022-04-28 00:00:00,188.75,0.48,225.9
2022-04-28 01:00:00,225.75,0.35,137.27
2022-04-28 02:00:00,239.75,0.43,217.0
2022-04-28 03:00:00,251.0,0.45,243.82
2022-04-28 04:00:00,292.75,0.58,229.25
2022-04-28 05:00:00,300.5,0.68,227.45
2022-04-28 06:00:00,256.75,0.6,223.42
2022-04-28 07:00:00,201.0,0.48,207.32
2022-04-28 08:00:00,164.5,0.7,206.28
2022-04-28 09:00:00,142.5,0.85,208.0
2022-04-28 10:00:00,127.75,0.82,182.75
2022-04-28 11:00:00,102.0,0.92,110.82
2022-04-28 12:00:00,89.0,1.5,131.32
2022-04-28 13:00:00,84.5,1.18,123.85
2022-04-28 14:00:00,76.5,0.7,95.2
2022-04-28 15:00:00,66.75,1.23,97.48
2022-04-28 16:00:00,68.75,1.3,115.5
2022-04-28 17:00:00,69.75,0.68,216.65
2022-04-28 18:00:00,82.5,0.57,200.02
2022-04-28 19:00:00,108.5,0.35,212.12
2022-04-28 20:00:00,118.25,0.35,200.52
2022-04-28 21:00:00,117.25,0.32,215.8
2022-04-28 22:00:00,124.75,0.15,161.2
2022-04-28 23:00:00,138.25,0.33,223.95
2022-04-29 00:00:00,164.0,0.28,178.75
2022-04-29 01:00:00,232.75,0.32,203.85
2022-04-29 02:00:00,277.5,0.52,229.35
2022-04-29 03:00:00,315.75,0.52,225.55
2022-04-29 04:00:00,331.5,0.45,222.8
2022-04-29 05:00:00,279.5,0.55,225.02
2022-04-29 06:00:00,237.75,0.6,217.3
2022-04-29 07:00:00,202.5,0.55,230.42
2022-04-29 08:00:00,152.0,0.85,209.92
2022-04-29 09:00:00,113.75,1.1,215.85
2022-04-29 10:00:00,88.75,1.38,185.55
2022-04-29 11:00:00,81.75,1.27,95.05
2022-04-29 12:00:00,67.25,0.63,52.6
2022-04-29 13:00:00,79.75,0.42,47.82
2022-04-29 14:00:00,72.25,0.3,240.78
2022-04-29 15:00:00,53.5,1.18,77.65
2022-04-29 16:00:00,59.25,1.0,113.88
2022-04-29 17:00:00,62.0,0.48,240.95
2022-04-29 18:00:00,60.0,0.57,221.52
2022-04-29 19:00:00,68.25,0.48,208.15
2022-04-29 20:00:00,84.5,0.42,215.4
2022-04-29 21:00:00,93.75,0.38,239.3
2022-04-29 22:00:00,137.0,0.78,224.92
2022-04-29 23:00:00,207.75,0.65,225.15
2022-04-30 00:00:00,253.5,0.57,229.55
2022-04-30 01:00:00,287.25,0.52,226.48
2022-04-30 02:00:00,254.75,0.55,232.45
2022-04-30 03:00:00,205.5,0.73,221.32
2022-04-30 04:00:00,167.5,0.7,218.3
2022-04-30 05:00:00,164.5,0.7,222.4
2022-04-30 06:00:00,158.75,0.88,214.1
2022-04-30 07:00:00,158.0,0.75,208.27
2022-04-30 08:00:00,176.75,0.8,212.65
2022-04-30 09:00:00,184.0,0.77,207.8
2022-04-30 10:00:00,110.5,1.2,184.62
2022-04-30 11:00:00,81.75,1.15,135.35
2022-04-30 12:00:00,60.0,0.78,107.82
2022-04-30 13:00:00,47.0,0.7,133.4
2022-04-30 14:00:00,33.75,0.72,166.35
2022-04-30 15:00:00,31.5,0.8,91.85
2022-04-30 16:00:00,35.25,1.35,129.3
2022-04-30 17:00:00,30.75,0.77,221.27
2022-04-30 18:00:00,29.0,0.55,206.42
2022-04-30 19:00:00,43.25,0.4,186.58
2022-04-30 20:00:00,46.75,0.25,154.32
2022-04-30 21:00:00,67.75,0.25,137.05
2022-04-30 22:00:00,85.75,0.35,136.02
2022-04-30 23:00:00,107.25,0.28,126.07
2022-05-01 00:00:00,119.25,0.32,192.77
2022-05-01 01:00:00,141.75,0.25,228.22
2022-05-01 02:00:00,142.0,0.55,90.45
2022-05-01 03:00:00,160.5,0.62,63.52
2022-05-01 04:00:00,146.75,0.65,71.05
2022-05-01 05:00:00,120.75,1.1,109.38
2022-05-01 06:00:00,97.75,1.1,89.38
2022-05-01 07:00:00,88.0,1.23,103.93
2022-05-01 08:00:00,68.0,1.45,119.15
2022-05-01 09:00:00,63.0,1.35,116.48
2022-05-01 10:00:00,66.25,1.32,121.65
2022-05-01 11:00:00,68.25,1.23,111.8
2022-05-01 12:00:00,71.5,1.12,96.85
2022-05-01 13:00:00,70.5,1.35,110.95
2022-05-01 14:00:00,70.0,1.38,96.68
2022-05-01 15:00:00,63.5,1.4,99.72
2022-05-01 16:00:00,61.25,1.03,97.85
2022-05-01 17:00:00,61.25,0.73,89.1
2022-05-01 18:00:00,69.5,0.52,96.38
2022-05-01 19:00:00,72.75,0.57,104.82
2022-05-01 20:00:00,70.5,0.65,95.63
2022-05-01 21:00:00,76.5,0.7,80.1
2022-05-01 22:00:00,79.25,0.65,85.93
2022-05-01 23:00:00,74.0,0.62,76.62
2022-05-02 00:00:00,74.25,0.68,86.4
2022-05-02 01:00:00,74.75,0.88,110.25
2022-05-02 02:00:00,76.25,0.65,97.78
2022-05-02 03:00:00,81.0,0.6,101.68
2022-05-02 04:00:00,75.0,0.45,123.6
2022-05-02 05:00:00,73.75,0.38,98.95
2022-05-02 06:00:00,68.5,0.72,117.55
2022-05-02 07:00:00,64.0,1.27,126.28
2022-05-02 08:00:00,66.0,1.22,134.57
2022-05-02 09:00:00,71.25,1.12,141.02
2022-05-02 10:00:00,68.75,1.15,124.0
2022-05-02 11:00:00,67.0,1.18,97.1
2022-05-02 12:00:00,66.0,1.08,102.3
2022-05-02 13:00:00,70.0,1.0,119.58
2022-05-02 14:00:00,63.25,1.52,75.7
2022-05-02 15:00:00,60.0,1.27,98.65
2022-05-02 16:00:00,58.5,0.82,94.83
2022-05-02 17:00:00,61.5,0.68,94.4
2022-05-02 18:00:00,59.25,0.68,78.9
2022-05-02 19:00:00,64.75,0.6,83.15
2022-05-02 20:00:00,61.5,0.73,87.72
2022-05-02 21:00:00,64.75,0.72,91.62
2022-05-02 22:00:00,70.0,0.68,88.82
2022-05-02 23:00:00,69.25,0.95,101.6
2022-05-03 00:00:00,68.25,0.92,101.88
2022-05-03 01:00:00,73.5,0.88,105.05
2022-05-03 02:00:00,78.0,0.7,104.18
2022-05-03 03:00:00,78.5,0.73,86.18
2022-05-03 04:00:00,81.0,0.68,98.12
2022-05-03 05:00:00,81.75,0.57,98.2
2022-05-03 06:00:00,78.75,0.68,100.72
2022-05-03 07:00:00,81.75,0.88,106.78
2022-05-03 08:00:00,84.5,1.05,130.15
2022-05-03 09:00:00,83.25,1.08,134.32
2022-05-03 10:00:00,77.0,0.88,113.58
2022-05-03 11:00:00,85.75,0.65,156.75
2022-05-03 12:00:00,95.25,0.7,109.92
2022-05-03 13:00:00,101.25,1.45,17.7
2022-05-03 14:00:00,111.5,1.27,23.95
2022-05-03 15:00:00,122.25,0.88,28.4
2022-05-03 16:00:00,124.0,0.48,89.45
2022-05-03 17:00:00,125.5,0.38,75.6
2022-05-03 18:00:00,120.0,0.72,38.75
2022-05-03 19:00:00,117.0,0.72,27.08
2022-05-03 20:00:00,118.25,0.5,90.7
2022-05-03 21:00:00,115.75,0.55,109.07
2022-05-03 22:00:00,96.5,0.48,113.38
2022-05-03 23:00:00,95.0,0.43,74.03
2022-05-04 00:00:00,93.5,0.45,92.15
2022-05-04 01:00:00,91.0,0.48,136.15
2022-05-04 02:00:00,92.25,0.62,122.15
2022-05-04 03:00:00,76.5,0.45,137.32
2022-05-04 04:00:00,70.0,0.32,75.57
2022-05-04 05:00:00,66.75,0.65,65.82
2022-05-04 06:00:00,76.25,0.48,74.97
2022-05-04 07:00:00,83.75,0.8,112.08
2022-05-04 08:00:00,97.0,0.77,95.82
2022-05-04 09:00:00,103.75,0.88,114.15
2022-05-04 10:00:00,102.5,0.7,125.45
2022-05-04 11:00:00,91.0,0.8,131.65
2022-05-04 12:00:00,88.0,0.9,151.52
2022-05-04 13:00:00,79.75,0.95,126.65
2022-05-04 14:00:00,58.5,0.65,58.02
2022-05-04 15:00:00,67.25,1.35,124.52
2022-05-04 16:00:00,58.5,1.0,128.8
2022-05-04 17:00:00,49.25,1.35,139.4
2022-05-04 18:00:00,50.75,2.0,167.0
2022-05-04 19:00:00,41.25,1.38,30.08
2022-05-04 20:00:00,32.0,1.52,15.05
2022-05-04 21:00:00,26.5,0.88,39.25
2022-05-04 22:00:00,21.0,0.43,109.85
2022-05-04 23:00:00,28.0,0.75,179.02
2022-05-05 00:00:00,32.25,0.88,197.32
2022-05-05 01:00:00,34.5,0.52,205.3
2022-05-05 02:00:00,30.0,0.78,154.55
2022-05-05 03:00:00,31.0,0.18,230.18
2022-05-05 04:00:00,33.25,0.62,47.1
2022-05-05 05:00:00,43.5,1.52,13.68
2022-05-05 06:00:00,82.25,1.0,18.95
2022-05-05 07:00:00,86.5,1.03,18.32
2022-05-05 08:00:00,90.75,0.6,43.65
2022-05-05 09:00:00,98.0,0.55,20.92
2022-05-05 10:00:00,87.0,0.95,108.78
2022-05-05 11:00:00,61.25,0.68,130.25
2022-05-05 12:00:00,57.75,0.57,107.4
2022-05-05 13:00:00,61.75,0.55,106.4
2022-05-05 14:00:00,58.25,0.52,118.85
2022-05-05 15:00:00,61.25,0.7,165.05
2022-05-05 16:00:00,69.25,0.38,268.55
2022-05-05 17:00:00,74.75,0.62,142.85
2022-05-05 18:00:00,82.0,0.38,107.65
2022-05-05 19:00:00,89.75,0.35,170.02
2022-05-05 20:00:00,98.25,0.3,180.3
2022-05-05 21:00:00,108.75,0.4,180.98
2022-05-05 22:00:00,116.75,0.15,206.52
2022-05-05 23:00:00,135.25,0.3,192.4
2022-05-06 00:00:00,150.25,0.52,190.5
2022-05-06 01:00:00,180.25,0.2,119.85
2022-05-06 02:00:00,166.0,0.35,83.78
2022-05-06 03:00:00,162.0,0.35,89.98
2022-05-06 04:00:00,174.5,0.23,167.48
2022-05-06 05:00:00,166.25,0.35,189.42
2022-05-06 06:00:00,164.0,0.45,93.35
2022-05-06 07:00:00,177.25,0.62,78.85
2022-05-06 08:00:00,243.5,0.68,97.4
2022-05-06 09:00:00,286.0,0.73,203.1
2022-05-06 10:00:00,177.0,0.57,137.82
2022-05-06 11:00:00,161.0,0.68,172.3
2022-05-06 12:00:00,101.5,0.43,272.88
2022-05-06 13:00:00,122.75,0.6,50.52
2022-05-06 14:00:00,128.5,0.52,51.02
2022-05-06 15:00:00,133.75,0.35,199.12
2022-05-06 16:00:00,135.5,0.28,126.92
2022-05-06 17:00:00,100.5,1.17,202.48
2022-05-06 18:00:00,77.5,0.95,193.85
2022-05-06 19:00:00,63.25,0.78,188.05
2022-05-06 20:00:00,50.5,0.3,140.35
2022-05-06 21:00:00,45.75,0.28,170.32
2022-05-06 22:00:00,48.5,0.4,131.02
2022-05-06 23:00:00,60.0,0.2,166.48
2022-05-07 00:00:00,68.33,0.2,172.45
2022-05-07 01:00:00,77.25,0.38,90.55
2022-05-07 02:00:00,68.25,0.33,172.55
2022-05-07 03:00:00,58.25,0.28,130.45
2022-05-07 04:00:00,63.75,0.22,118.0
2022-05-07 05:00:00,71.75,0.28,149.62
2022-05-07 06:00:00,81.5,0.38,214.4
2022-05-07 07:00:00,84.5,0.45,173.55
2022-05-07 08:00:00,79.25,0.6,107.85
2022-05-07 09:00:00,91.5,0.88,134.98
2022-05-07 10:00:00,140.5,0.72,83.12
2022-05-07 11:00:00,144.0,0.88,111.3
2022-05-07 12:00:00,96.25,0.77,120.62
2022-05-07 13:00:00,67.75,1.15,90.05
2022-05-07 14:00:00,63.0,1.7,75.47
2022-05-07 15:00:00,65.5,1.62,15.8
2022-05-07 16:00:00,52.25,1.03,17.4
2022-05-07 17:00:00,46.25,0.7,184.12
2022-05-07 18:00:00,58.25,0.35,137.48
2022-05-07 19:00:00,75.25,0.32,156.77
2022-05-07 20:00:00,86.0,0.4,160.55
2022-05-07 21:00:00,110.5,0.38,218.32
2022-05-07 22:00:00,123.25,0.3,129.98
2022-05-07 23:00:00,129.25,0.62,100.6
2022-05-08 00:00:00,113.75,0.68,116.85
2022-05-08 01:00:00,72.25,0.42,137.62
2022-05-08 02:00:00,66.25,0.32,86.15
2022-05-08 03:00:00,68.0,0.62,47.8
2022-05-08 04:00:00,78.5,0.28,72.35
2022-05-08 05:00:00,74.0,0.5,105.07
2022-05-08 06:00:00,79.5,0.48,135.65
2022-05-08 07:00:00,99.0,0.7,127.85
2022-05-08 08:00:00,103.25,0.95,156.7
2022-05-08 09:00:00,89.0,0.4,163.65
2022-05-08 10:00:00,87.88833333333334,0.5716666666666667,141.87
2022-05-08 11:00:00,86.77666666666667,0.7433333333333333,120.09
2022-05-08 12:00:00,85.66499999999999,0.9149999999999999,98.31
2022-05-08 13:00:00,,,
2022-05-08 14:00:00,,,
2022-05-08 15:00:00,82.33,1.43,32.97
2022-05-08 16:00:00,86.75,1.0,36.05
2022-05-08 17:00:00,78.25,0.85,33.35
2022-05-08 18:00:00,75.5,0.48,71.55
2022-05-08 19:00:00,85.0,0.43,81.6
2022-05-08 20:00:00,90.25,0.4,71.12
2022-05-08 21:00:00,87.5,0.4,70.65
2022-05-08 22:00:00,84.25,0.55,78.8
2022-05-08 23:00:00,76.75,0.92,113.38
2022-05-09 00:00:00,70.75,0.65,108.78
2022-05-09 01:00:00,73.25,0.8,116.08
2022-05-09 02:00:00,73.5,1.23,137.72
2022-05-09 03:00:00,72.75,0.98,125.2
2022-05-09 04:00:00,76.25,0.95,124.98
2022-05-09 05:00:00,78.5,0.73,126.48
2022-05-09 06:00:00,73.0,1.0,116.25
2022-05-09 07:00:00,68.0,1.12,130.62
2022-05-09 08:00:00,64.0,1.12,133.75
2022-05-09 09:00:00,72.25,1.15,128.57
2022-05-09 10:00:00,77.25,1.0,117.62
2022-05-09 11:00:00,72.5,1.12,118.78
2022-05-09 12:00:00,72.25,1.2,113.95
2022-05-09 13:00:00,65.0,1.1,100.35
2022-05-09 14:00:00,53.75,1.0,113.25
2022-05-09 15:00:00,44.0,0.88,88.88
2022-05-09 16:00:00,61.75,1.02,95.72
2022-05-09 17:00:00,61.5,0.57,100.07
2022-05-09 18:00:00,63.25,0.52,82.8
2022-05-09 19:00:00,62.75,0.62,90.75
2022-05-09 20:00:00,59.0,0.57,78.47
2022-05-09 21:00:00,59.5,0.62,94.6
2022-05-09 22:00:00,62.25,0.45,87.15
2022-05-09 23:00:00,67.0,0.7,119.0
2022-05-10 00:00:00,72.75,0.6,96.42
2022-05-10 01:00:00,79.0,0.68,101.62
2022-05-10 02:00:00,75.5,0.75,86.15
2022-05-10 03:00:00,82.25,0.57,68.15
2022-05-10 04:00:00,78.0,0.62,114.25
2022-05-10 05:00:00,74.0,0.57,86.7
2022-05-10 06:00:00,77.5,0.48,99.58
2022-05-10 07:00:00,70.0,0.95,96.15
2022-05-10 08:00:00,69.75,1.1,111.62
2022-05-10 09:00:00,69.0,0.9,128.98
2022-05-10 10:00:00,66.5,1.18,112.88
2022-05-10 11:00:00,58.5,1.12,123.55
2022-05-10 12:00:00,57.0,1.2,125.4
2022-05-10 13:00:00,54.75,1.35,106.98
2022-05-10 14:00:00,48.5,1.05,87.92
2022-05-10 15:00:00,52.75,0.8,115.12
2022-05-10 16:00:00,61.25,0.8,92.7
2022-05-10 17:00:00,61.0,0.8,106.78
2022-05-10 18:00:00,57.75,0.52,92.45
2022-05-10 19:00:00,57.0,0.5,90.42
2022-05-10 20:00:00,58.5,0.45,82.1
2022-05-10 21:00:00,64.0,0.68,78.03
2022-05-10 22:00:00,66.0,0.75,84.38
2022-05-10 23:00:00,60.0,0.72,83.12
2022-05-11 00:00:00,53.75,0.62,104.63
2022-05-11 01:00:00,60.5,0.8,85.8
2022-05-11 02:00:00,52.0,0.72,112.43
2022-05-11 03:00:00,42.5,0.4,90.05
2022-05-11 04:00:00,52.25,0.38,55.32
2022-05-11 05:00:00,59.75,0.38,98.6
2022-05-11 06:00:00,63.75,0.55,120.42
2022-05-11 07:00:00,68.25,0.75,121.2
2022-05-11 08:00:00,66.5,1.02,127.7
2022-05-11 09:00:00,68.5,0.75,113.05
2022-05-11 10:00:00,70.75,0.97,140.25
2022-05-11 11:00:00,71.75,1.02,140.0
2022-05-11 12:00:00,67.75,1.0,125.9
2022-05-11 13:00:00,64.75,1.75,88.67
2022-05-11 14:00:00,59.0,2.17,93.1
2022-05-11 15:00:00,62.25,2.08,76.9
2022-05-11 16:00:00,64.5,1.0,100.68
2022-05-11 17:00:00,71.0,0.5,112.43
2022-05-11 18:00:00,77.0,0.3,85.95
2022-05-11 19:00:00,77.25,0.5,81.82
2022-05-11 20:00:00,77.0,0.52,79.07
2022-05-11 21:00:00,70.75,0.55,81.3
2022-05-11 22:00:00,61.0,0.7,104.7
2022-05-11 23:00:00,60.0,0.68,116.92
2022-05-12 00:00:00,56.75,0.75,127.25
2022-05-12 01:00:00,54.5,0.85,136.55
2022-05-12 02:00:00,51.5,0.72,114.65
2022-05-12 03:00:00,59.5,0.73,100.38
2022-05-12 04:00:00,71.0,0.52,118.78
2022-05-12 05:00:00,75.5,0.48,100.7
2022-05-12 06:00:00,78.75,0.57,132.15
2022-05-12 07:00:00,73.5,0.7,158.52
2022-05-12 08:00:00,73.25,0.78,132.83
2022-05-12 09:00:00,87.5,0.8,115.7
2022-05-12 10:00:00,88.75,1.08,143.28
2022-05-12 11:00:00,76.0,1.25,137.07
2022-05-12 12:00:00,68.75,1.85,99.38
2022-05-12 13:00:00,73.75,2.58,95.55
2022-05-12 14:00:00,71.5,1.83,60.9
2022-05-12 15:00:00,67.0,1.5,82.78
2022-05-12 16:00:00,65.5,2.42,82.65
2022-05-12 17:00:00,64.5,0.5,110.75
2022-05-12 18:00:00,77.0,0.45,170.25
2022-05-12 19:00:00,83.0,0.3,166.23
2022-05-12 20:00:00,82.06666666666666,0.29666666666666663,163.14266666666666
2022-05-12 21:00:00,81.13333333333334,0.29333333333333333,160.05533333333332
2022-05-12 22:00:00,80.2,0.29,156.968
2022-05-12 23:00:00,,,
2022-05-13 00:00:00,,,
2022-05-13 01:00:00,,,
2022-05-13 02:00:00,,,
2022-05-13 03:00:00,,,
2022-05-13 04:00:00,,,
2022-05-13 05:00:00,,,
2022-05-13 06:00:00,,,
2022-05-13 07:00:00,,,
2022-05-13 08:00:00,,,
2022-05-13 09:00:00,,,
2022-05-13 10:00:00,69.0,0.25,119.92
2022-05-13 11:00:00,67.0,0.65,229.45
2022-05-13 12:00:00,63.0,1.8,57.25
2022-05-13 13:00:00,70.0,1.33,72.45
2022-05-13 14:00:00,71.75,1.25,52.03
2022-05-13 15:00:00,69.5,1.48,23.25
2022-05-13 16:00:00,75.75,2.45,27.55
2022-05-13 17:00:00,79.5,1.1,27.02
2022-05-13 18:00:00,76.25,0.58,44.9
2022-05-13 19:00:00,82.25,0.32,203.92
2022-05-13 20:00:00,91.0,0.35,207.65
2022-05-13 21:00:00,101.75,0.35,216.73
2022-05-13 22:00:00,120.5,0.3,212.0
2022-05-13 23:00:00,133.5,0.25,253.8
2022-05-14 00:00:00,133.0,0.18,162.4
2022-05-14 01:00:00,136.5,0.38,159.38
2022-05-14 02:00:00,138.25,0.3,217.75
2022-05-14 03:00:00,142.5,0.32,157.62
2022-05-14 04:00:00,156.5,0.35,193.08
2022-05-14 05:00:00,163.5,0.32,236.48
2022-05-14 06:00:00,151.0,0.32,200.78
2022-05-14 07:00:00,148.25,0.33,201.02
2022-05-14 08:00:00,154.25,0.85,217.58
2022-05-14 09:00:00,136.25,1.32,194.02
2022-05-14 10:00:00,114.0,0.6,133.3
2022-05-14 11:00:00,97.75,0.28,218.9
2022-05-14 12:00:00,63.0,0.22,265.32
2022-05-14 13:00:00,47.25,0.52,255.95
2022-05-14 14:00:00,38.5,0.65,266.4
2022-05-14 15:00:00,47.25,0.57,232.65
2022-05-14 16:00:00,52.0,1.17,112.3
2022-05-14 17:00:00,51.75,1.02,207.12
2022-05-14 18:00:00,41.25,0.55,215.58
2022-05-14 19:00:00,43.25,0.57,205.92
2022-05-14 20:00:00,60.75,0.48,206.85
2022-05-14 21:00:00,78.25,0.4,214.12
2022-05-14 22:00:00,88.5,0.45,209.52
2022-05-14 23:00:00,97.0,0.42,244.08
2022-05-15 00:00:00,122.25,0.28,208.35
2022-05-15 01:00:00,131.75,0.25,223.68
2022-05-15 02:00:00,126.0,0.33,237.05
2022-05-15 03:00:00,133.0,0.35,213.25
2022-05-15 04:00:00,119.75,0.18,129.45
2022-05-15 05:00:00,120.5,0.3,196.55
2022-05-15 06:00:00,116.0,0.32,170.8
2022-05-15 07:00:00,150.5,0.45,204.85
2022-05-15 08:00:00,156.5,0.72,211.48
2022-05-15 09:00:00,97.25,0.5,254.65
2022-05-15 10:00:00,69.25,0.72,130.9
2022-05-15 11:00:00,72.0,0.43,162.5
2022-05-15 12:00:00,60.5,0.55,219.62
2022-05-15 13:00:00,36.0,0.77,245.6
2022-05-15 14:00:00,37.5,1.05,245.58
2022-05-15 15:00:00,32.0,0.98,256.08
2022-05-15 16:00:00,30.0,0.7,201.75
2022-05-15 17:00:00,33.0,1.95,113.4
2022-05-15 18:00:00,34.5,0.4,131.52
2022-05-15 19:00:00,43.25,0.32,158.9
2022-05-15 20:00:00,61.25,0.42,212.82
2022-05-15 21:00:00,82.75,0.33,241.9
2022-05-15 22:00:00,105.25,0.22,143.35
2022-05-15 23:00:00,122.0,0.43,199.02
2022-05-16 00:00:00,131.0,0.27,183.2
2022-05-16 01:00:00,144.75,0.32,112.4
2022-05-16 02:00:00,128.75,0.38,153.52
2022-05-16 03:00:00,104.75,0.78,207.92
2022-05-16 04:00:00,57.5,1.02,216.65
2022-05-16 05:00:00,45.5,0.6,212.82
2022-05-16 06:00:00,56.0,0.43,242.8
2022-05-16 07:00:00,75.0,0.5,214.08
2022-05-16 08:00:00,80.0,0.68,237.7
2022-05-16 09:00:00,87.25,0.8,246.77
2022-05-16 10:00:00,92.5,0.88,257.3
2022-05-16 11:00:00,95.5,1.05,271.8
2022-05-16 12:00:00,91.0,0.72,241.32
2022-05-16 13:00:00,89.25,0.6,236.7
2022-05-16 14:00:00,83.75,0.85,89.85
2022-05-16 15:00:00,81.75,1.38,102.7
2022-05-16 16:00:00,79.25,0.52,174.62
2022-05-16 17:00:00,83.0,0.45,236.7
2022-05-16 18:00:00,171.0,0.57,208.58
2022-05-16 19:00:00,161.25,0.4,220.27
2022-05-16 20:00:00,132.75,0.85,122.78
2022-05-16 21:00:00,125.25,1.33,23.0
2022-05-16 22:00:00,92.0,1.0,60.58
2022-05-16 23:00:00,74.5,0.92,66.97
2022-05-17 00:00:00,59.5,0.9,44.05
2022-05-17 01:00:00,55.5,0.52,101.48
2022-05-17 02:00:00,30.0,0.52,131.15
2022-05-17 03:00:00,30.25,0.5,133.38
2022-05-17 04:00:00,31.75,0.48,87.48
2022-05-17 05:00:00,34.0,0.48,155.02
2022-05-17 06:00:00,35.25,0.52,163.07
2022-05-17 07:00:00,41.25,0.52,115.28
2022-05-17 08:00:00,50.75,1.05,107.28
2022-05-17 09:00:00,58.0,1.0,139.35
2022-05-17 10:00:00,58.25,0.65,80.53
2022-05-17 11:00:00,69.5,0.48,135.02
2022-05-17 12:00:00,76.75,1.05,74.32
2022-05-17 13:00:00,86.0,1.33,84.7
2022-05-17 14:00:00,89.25,1.62,50.38
2022-05-17 15:00:00,90.0,2.28,40.9
2022-05-17 16:00:00,90.5,1.12,38.48
2022-05-17 17:00:00,90.25,0.7,39.28
2022-05-17 18:00:00,82.5,0.78,19.62
2022-05-17 19:00:00,77.5,0.35,87.78
2022-05-17 20:00:00,86.5,0.38,117.33
2022-05-17 21:00:00,89.25,0.4,74.75
2022-05-17 22:00:00,83.25,0.5,68.28
2022-05-17 23:00:00,83.5,0.38,74.0
2022-05-18 00:00:00,89.0,0.38,103.98
2022-05-18 01:00:00,83.25,0.45,168.75
2022-05-18 02:00:00,85.25,0.38,76.68
2022-05-18 03:00:00,86.5,0.62,223.68
2022-05-18 04:00:00,77.25,1.17,158.1
2022-05-18 05:00:00,65.0,0.7,115.35
2022-05-18 06:00:00,48.75,0.5,94.25
2022-05-18 07:00:00,62.75,0.75,187.92
2022-05-18 08:00:00,64.75,0.92,26.33
2022-05-18 09:00:00,84.0,0.9,18.88
2022-05-18 10:00:00,110.0,0.5,106.93
2022-05-18 11:00:00,88.0,1.35,85.55
2022-05-18 12:00:00,85.75,2.95,21.42
2022-05-18 13:00:00,83.25,2.32,17.55
2022-05-18 14:00:00,67.25,1.45,36.9
2022-05-18 15:00:00,62.25,1.1,65.15
2022-05-18 16:00:00,60.5,0.98,48.3
2022-05-18 17:00:00,53.75,0.75,54.25
2022-05-18 18:00:00,57.25,0.7,44.22
2022-05-18 19:00:00,62.25,0.65,43.23
2022-05-18 20:00:00,67.75,0.58,61.88
2022-05-18 21:00:00,70.5,0.48,69.7
2022-05-18 22:00:00,61.75,0.45,97.35
2022-05-18 23:00:00,59.0,0.43,112.78
2022-05-19 00:00:00,63.0,0.38,101.1
2022-05-19 01:00:00,66.25,0.27,194.7
2022-05-19 02:00:00,66.0,0.35,71.28
2022-05-19 03:00:00,65.75,0.48,47.2
2022-05-19 04:00:00,77.0,0.22,88.52
2022-05-19 05:00:00,88.0,0.23,186.52
2022-05-19 06:00:00,95.5,0.35,90.05
2022-05-19 07:00:00,100.0,0.55,91.75
2022-05-19 08:00:00,95.25,0.68,111.12
2022-05-19 09:00:00,81.75,0.57,114.32
2022-05-19 10:00:00,88.75,0.82,106.55
2022-05-19 11:00:00,102.25,1.02,101.0
2022-05-19 12:00:00,100.5,1.45,102.65
2022-05-19 13:00:00,94.75,1.05,96.42
2022-05-19 14:00:00,73.0,0.32,223.0
2022-05-19 15:00:00,69.0,0.32,137.52
2022-05-19 16:00:00,56.75,1.9,80.75
2022-05-19 17:00:00,55.0,1.42,41.15
2022-05-19 18:00:00,66.75,0.8,36.65
2022-05-19 19:00:00,111.5,0.28,78.35
2022-05-19 20:00:00,111.0,0.32,70.45
2022-05-19 21:00:00,105.25,0.52,177.82
2022-05-19 22:00:00,105.0,0.27,99.85
2022-05-19 23:00:00,101.25,0.28,136.88
2022-05-20 00:00:00,100.75,0.22,107.05
2022-05-20 01:00:00,99.0,0.3,160.55
2022-05-20 02:00:00,79.25,0.3,83.68
2022-05-20 03:00:00,88.0,0.35,85.62
2022-05-20 04:00:00,102.0,0.35,97.82
2022-05-20 05:00:00,98.25,0.25,131.93
2022-05-20 06:00:00,97.5,0.38,77.18
2022-05-20 07:00:00,107.75,0.38,111.93
2022-05-20 08:00:00,122.25,1.18,214.58
2022-05-20 09:00:00,108.0,0.55,95.22
2022-05-20 10:00:00,94.25,1.82,56.65
2022-05-20 11:00:00,105.75,0.48,183.15
2022-05-20 12:00:00,99.5,0.98,100.42
2022-05-20 13:00:00,92.5,0.48,144.2
2022-05-20 14:00:00,83.0,0.88,268.68
2022-05-20 15:00:00,50.5,1.0,168.7
2022-05-20 16:00:00,52.25,0.82,145.52
2022-05-20 17:00:00,59.5,0.68,138.27
2022-05-20 18:00:00,80.25,0.45,102.18
2022-05-20 19:00:00,80.25,1.22,222.02
2022-05-20 20:00:00,64.25,1.45,190.98
2022-05-20 21:00:00,56.0,1.43,259.42
2022-05-20 22:00:00,68.0,0.48,277.25
2022-05-20 23:00:00,59.0,0.97,204.98
2022-05-21 00:00:00,85.25,0.6,99.07
2022-05-21 01:00:00,82.5,0.35,112.45
2022-05-21 02:00:00,82.75,1.18,173.1
2022-05-21 03:00:00,89.0,1.48,22.6
2022-05-21 04:00:00,84.75,0.65,88.82
2022-05-21 05:00:00,59.25,0.72,140.48
2022-05-21 06:00:00,47.75,1.08,154.35
2022-05-21 07:00:00,49.25,1.18,201.95
2022-05-21 08:00:00,60.0,0.92,170.6
2022-05-21 09:00:00,74.0,0.77,153.78
2022-05-21 10:00:00,79.75,1.38,131.9
2022-05-21 11:00:00,78.75,1.25,151.02
2022-05-21 12:00:00,74.5,1.1,144.4
2022-05-21 13:00:00,62.0,1.38,98.98
2022-05-21 14:00:00,57.75,1.3,145.38
2022-05-21 15:00:00,61.5,0.98,137.07
2022-05-21 16:00:00,57.25,1.4,217.3
2022-05-21 17:00:00,60.5,0.85,221.3
2022-05-21 18:00:00,69.5,0.6,254.65
2022-05-21 19:00:00,78.25,1.2,149.85
2022-05-21 20:00:00,79.5,1.25,246.1
2022-05-21 21:00:00,42.0,1.9,208.68
2022-05-21 22:00:00,35.25,0.55,72.18
2022-05-21 23:00:00,42.5,0.48,89.3
2022-05-22 00:00:00,48.25,0.3,234.1
2022-05-22 01:00:00,58.75,0.55,159.3
2022-05-22 02:00:00,59.0,0.78,75.03
2022-05-22 03:00:00,76.5,0.55,239.8
2022-05-22 04:00:00,67.5,0.35,231.1
2022-05-22 05:00:00,70.5,0.18,206.07
2022-05-22 06:00:00,66.25,0.38,177.58
2022-05-22 07:00:00,65.75,0.6,163.15
2022-05-22 08:00:00,61.25,0.75,118.7
2022-05-22 09:00:00,58.25,0.8,110.9
2022-05-22 10:00:00,55.0,0.9,134.25
2022-05-22 11:00:00,51.75,0.68,139.62
2022-05-22 12:00:00,53.75,0.77,230.12
2022-05-22 13:00:00,61.25,0.7,126.55
2022-05-22 14:00:00,59.75,0.5,124.22
2022-05-22 15:00:00,60.5,0.77,80.38
2022-05-22 16:00:00,56.25,0.57,211.4
2022-05-22 17:00:00,59.5,0.72,35.28
2022-05-22 18:00:00,66.25,0.55,56.0
2022-05-22 19:00:00,64.0,0.62,91.12
2022-05-22 20:00:00,63.75,0.85,87.78
2022-05-22 21:00:00,61.75,0.92,106.4
2022-05-22 22:00:00,57.25,1.25,113.7
2022-05-22 23:00:00,52.75,1.25,113.92
2022-05-23 00:00:00,43.0,1.45,127.62
2022-05-23 01:00:00,35.5,1.23,129.6
2022-05-23 02:00:00,39.5,1.3,123.85
2022-05-23 03:00:00,38.75,1.2,138.02
2022-05-23 04:00:00,41.25,1.7,70.35
2022-05-23 05:00:00,52.75,4.42,11.15
2022-05-23 06:00:00,67.25,5.25,14.5
2022-05-23 07:00:00,14.0,3.65,13.4
2022-05-23 08:00:00,14.0,1.57,60.3
2022-05-23 09:00:00,14.0,1.5,61.92
2022-05-23 10:00:00,15.5,1.38,87.85
2022-05-23 11:00:00,22.0,1.18,102.7
2022-05-23 12:00:00,25.5,1.15,81.82
2022-05-23 13:00:00,18.5,1.25,126.62
2022-05-23 14:00:00,20.0,1.23,132.7
2022-05-23 15:00:00,21.0,1.15,96.58
2022-05-23 16:00:00,24.25,1.35,101.22
2022-05-23 17:00:00,23.0,1.38,127.15
2022-05-23 18:00:00,16.25,1.18,128.5
2022-05-23 19:00:00,12.75,1.05,116.15
2022-05-23 20:00:00,12.25,0.85,96.87
2022-05-23 21:00:00,22.0,0.95,105.02
2022-05-23 22:00:00,24.0,0.88,129.1
2022-05-23 23:00:00,34.0,1.2,208.9
2022-05-24 00:00:00,46.0,1.78,17.7
2022-05-24 01:00:00,35.0,1.02,38.22
2022-05-24 02:00:00,35.0,1.25,59.53
2022-05-24 03:00:00,39.0,0.62,167.75
2022-05-24 04:00:00,34.25,0.45,138.08
2022-05-24 05:00:00,24.5,0.4,132.18
2022-05-24 06:00:00,39.5,0.55,118.05
2022-05-24 07:00:00,45.5,0.98,112.02
2022-05-24 08:00:00,54.5,0.98,132.8
2022-05-24 09:00:00,62.5,1.12,134.62
2022-05-24 10:00:00,40.75,1.15,117.0
2022-05-24 11:00:00,27.25,1.02,131.75
2022-05-24 12:00:00,32.75,1.3,106.35
2022-05-24 13:00:00,28.5,1.15,98.8
2022-05-24 14:00:00,29.75,1.27,87.25
2022-05-24 15:00:00,36.67,1.0,79.35
2022-05-24 16:00:00,34.0,0.6,114.28
2022-05-24 17:00:00,32.75,0.62,118.82
2022-05-24 18:00:00,30.5,0.7,119.38
2022-05-24 19:00:00,36.75,0.32,99.82
2022-05-24 20:00:00,45.25,0.38,133.45
2022-05-24 21:00:00,61.25,0.23,128.3
2022-05-24 22:00:00,78.25,0.35,132.95
2022-05-24 23:00:00,76.75,0.48,175.48
2022-05-25 00:00:00,91.25,0.38,173.98
2022-05-25 01:00:00,94.25,0.32,217.15
2022-05-25 02:00:00,75.5,0.32,225.48
2022-05-25 03:00:00,79.75,0.22,217.03
2022-05-25 04:00:00,102.75,0.43,123.85
2022-05-25 05:00:00,178.25,1.05,19.15
2022-05-25 06:00:00,189.75,0.55,44.12
2022-05-25 07:00:00,177.5,0.52,81.18
2022-05-25 08:00:00,133.5,1.1,16.88
2022-05-25 09:00:00,73.75,0.95,28.8
2022-05-25 10:00:00,60.5,0.85,25.85
2022-05-25 11:00:00,61.25,0.55,173.65
2022-05-25 12:00:00,68.0,0.52,147.1
2022-05-25 13:00:00,68.5,0.45,223.18
2022-05-25 14:00:00,71.75,0.2,285.25
2022-05-25 15:00:00,77.25,0.57,202.8
2022-05-25 16:00:00,77.25,0.82,223.23
2022-05-25 17:00:00,72.0,0.55,228.7
2022-05-25 18:00:00,64.5,0.57,209.9
2022-05-25 19:00:00,69.0,0.6,213.23
2022-05-25 20:00:00,67.5,0.55,221.6
2022-05-25 21:00:00,66.5,0.42,225.4
2022-05-25 22:00:00,77.5,0.4,197.7
2022-05-25 23:00:00,82.0,0.22,147.05
2022-05-26 00:00:00,92.0,0.4,252.3
2022-05-26 01:00:00,101.75,0.45,242.25
2022-05-26 02:00:00,118.0,0.2,173.78
2022-05-26 03:00:00,106.25,0.4,232.32
2022-05-26 04:00:00,107.75,0.4,217.08
2022-05-26 05:00:00,110.5,0.4,264.5
2022-05-26 06:00:00,118.5,0.32,212.95
2022-05-26 07:00:00,140.75,0.43,198.2
2022-05-26 08:00:00,140.75,0.35,150.3
2022-05-26 09:00:00,111.0,0.85,213.7
2022-05-26 10:00:00,87.25,0.6,187.72
2022-05-26 11:00:00,60.25,0.57,184.75
2022-05-26 12:00:00,60.5,0.98,210.15
2022-05-26 13:00:00,70.25,0.6,64.72
2022-05-26 14:00:00,77.0,0.88,33.22
2022-05-26 15:00:00,84.0,0.88,18.38
2022-05-26 16:00:00,109.0,1.03,104.32
2022-05-26 17:00:00,110.25,0.77,19.47
2022-05-26 18:00:00,72.75,0.9,29.1
2022-05-26 19:00:00,64.0,0.75,36.93
2022-05-26 20:00:00,89.5,0.75,33.05
2022-05-26 21:00:00,105.5,0.55,55.52
2022-05-26 22:00:00,114.0,0.32,117.42
2022-05-26 23:00:00,114.5,0.55,184.55
2022-05-27 00:00:00,109.25,0.35,180.58
2022-05-27 01:00:00,116.75,0.72,215.85
2022-05-27 02:00:00,119.75,0.42,235.58
2022-05-27 03:00:00,121.75,0.3,155.42
2022-05-27 04:00:00,120.5,0.32,162.08
2022-05-27 05:00:00,121.25,0.22,139.55
2022-05-27 06:00:00,132.0,0.25,134.07
2022-05-27 07:00:00,147.5,0.43,125.48
2022-05-27 08:00:00,149.75,0.72,104.4
2022-05-27 09:00:00,122.0,0.85,178.18
2022-05-27 10:00:00,108.25,1.35,207.25
2022-05-27 11:00:00,88.0,1.42,220.58
2022-05-27 12:00:00,72.5,1.23,218.77
2022-05-27 13:00:00,74.5,0.95,220.35
2022-05-27 14:00:00,58.25,0.38,200.95
2022-05-27 15:00:00,61.75,0.55,191.92
2022-05-27 16:00:00,68.25,1.72,217.6
2022-05-27 17:00:00,50.25,1.48,217.27
2022-05-27 18:00:00,19.0,1.15,211.92
2022-05-27 19:00:00,38.5,0.77,210.9
2022-05-27 20:00:00,44.660714285714285,0.745,206.52142857142857
2022-05-27 21:00:00,50.82142857142857,0.72,202.14285714285714
2022-05-27 22:00:00,56.98214285714286,0.6950000000000001,197.76428571428573
2022-05-27 23:00:00,,,
2022-05-28 00:00:00,,,
2022-05-28 01:00:00,,,
2022-05-28 02:00:00,,,
2022-05-28 03:00:00,,,
2022-05-28 04:00:00,,,
2022-05-28 05:00:00,,,
2022-05-28 06:00:00,,,
2022-05-28 07:00:00,,,
2022-05-28 08:00:00,,,
2022-05-28 09:00:00,124.75,0.42,149.6
2022-05-28 10:00:00,114.0,0.48,200.8
2022-05-28 11:00:00,103.25,0.95,179.52
2022-05-28 12:00:00,106.5,1.0,207.97
2022-05-28 13:00:00,104.0,0.98,179.02
2022-05-28 14:00:00,99.5,0.98,143.15
2022-05-28 15:00:00,95.0,1.08,162.88
2022-05-28 16:00:00,74.0,0.95,183.08
2022-05-28 17:00:00,72.75,0.88,218.38
2022-05-28 18:00:00,70.0,0.48,180.55
2022-05-28 19:00:00,76.25,0.45,107.58
2022-05-28 20:00:00,91.0,0.43,136.93
2022-05-28 21:00:00,109.0,0.65,137.35
2022-05-28 22:00:00,117.0,1.05,99.78
2022-05-28 23:00:00,109.0,1.1,32.62
2022-05-29 00:00:00,87.5,0.9,53.75
2022-05-29 01:00:00,64.75,0.6,166.8
2022-05-29 02:00:00,55.25,0.6,187.4
2022-05-29 03:00:00,57.75,0.45,133.43
2022-05-29 04:00:00,63.25,0.32,173.75
2022-05-29 05:00:00,65.25,0.45,225.62
2022-05-29 06:00:00,68.75,0.5,208.62
2022-05-29 07:00:00,79.0,0.57,211.72
2022-05-29 08:00:00,106.75,0.48,237.68
2022-05-29 09:00:00,91.75,0.65,247.15
2022-05-29 10:00:00,91.5,0.6,244.45
2022-05-29 11:00:00,83.25,0.55,130.92
2022-05-29 12:00:00,78.75,0.95,92.65
2022-05-29 13:00:00,71.0,1.8,78.32
2022-05-29 14:00:00,70.25,2.1,33.58
2022-05-29 15:00:00,78.5,1.55,61.53
2022-05-29 16:00:00,85.0,1.03,74.2
2022-05-29 17:00:00,92.0,0.95,99.92
2022-05-29 18:00:00,91.25,1.35,142.57
2022-05-29 19:00:00,73.0,1.25,49.18
2022-05-29 20:00:00,55.75,0.73,141.3
2022-05-29 21:00:00,67.25,0.73,201.1
2022-05-29 22:00:00,68.0,0.6,177.45
2022-05-29 23:00:00,67.5,0.97,148.4
2022-05-30 00:00:00,67.75,0.5,82.35
2022-05-30 01:00:00,67.75,0.57,98.0
2022-05-30 02:00:00,52.25,0.48,123.08
2022-05-30 03:00:00,57.25,0.4,104.0
2022-05-30 04:00:00,70.0,0.52,96.88
2022-05-30 05:00:00,71.25,0.52,116.78
2022-05-30 06:00:00,72.0,0.73,129.35
2022-05-30 07:00:00,64.75,0.9,123.8
2022-05-30 08:00:00,70.5,0.95,121.98
2022-05-30 09:00:00,72.0,0.98,130.12
2022-05-30 10:00:00,70.75,0.75,96.9
2022-05-30 11:00:00,67.0,0.88,88.55
2022-05-30 12:00:00,69.0,0.98,95.18
2022-05-30 13:00:00,71.5,1.12,104.1
2022-05-30 14:00:00,78.75,1.93,102.62
2022-05-30 15:00:00,78.0,1.4,99.45
2022-05-30 16:00:00,81.5,1.58,186.82
2022-05-30 17:00:00,77.25,1.78,89.28
2022-05-30 18:00:00,34.5,1.4,60.75
2022-05-30 19:00:00,40.75,1.2,125.22
2022-05-30 20:00:00,47.5,1.45,226.6
2022-05-30 21:00:00,53.25,0.5,152.85
2022-05-30 22:00:00,60.0,0.97,193.8
2022-05-30 23:00:00,67.5,0.9,205.88
2022-05-31 00:00:00,61.75,0.82,193.68
2022-05-31 01:00:00,61.0,1.02,81.38
2022-05-31 02:00:00,72.5,0.8,162.6
2022-05-31 03:00:00,82.5,1.02,115.08
2022-05-31 04:00:00,91.0,1.1,122.8
2022-05-31 05:00:00,95.75,0.8,173.27
2022-05-31 06:00:00,103.5,0.9,169.18
2022-05-31 07:00:00,110.75,0.9,180.78
2022-05-31 08:00:00,106.75,0.9,203.55
2022-05-31 09:00:00,96.5,1.38,256.0
2022-05-31 10:00:00,100.0,0.9,96.15
2022-05-31 11:00:00,112.0,0.85,28.48
2022-05-31 12:00:00,118.75,1.02,65.82
2022-05-31 13:00:00,119.25,1.02,27.05
2022-05-31 14:00:00,115.0,1.4,38.4
2022-05-31 15:00:00,114.67,1.72,24.35
2022-05-31 16:00:00,107.5,1.23,29.98
2022-05-31 17:00:00,107.0,0.88,27.08
2022-05-31 18:00:00,110.75,0.5,157.82
2022-05-31 19:00:00,115.0,0.3,156.65
2022-05-31 20:00:00,121.5,0.27,189.12
2022-05-31 21:00:00,130.5,0.3,229.32
2022-05-31 22:00:00,152.75,0.3,215.62
2022-05-31 23:00:00,153.0,0.23,160.2
2022-06-01 00:00:00,157.75,0.28,209.05
2022-06-01 01:00:00,158.0,0.48,189.45
2022-06-01 02:00:00,145.25,0.4,243.18
2022-06-01 03:00:00,147.5,0.42,220.4
2022-06-01 04:00:00,131.5,0.6,228.85
2022-06-01 05:00:00,125.5,0.75,220.3
2022-06-01 06:00:00,130.5,0.72,211.68
2022-06-01 07:00:00,130.75,0.68,211.6
2022-06-01 08:00:00,123.0,0.92,210.25
2022-06-01 09:00:00,106.0,1.05,209.12
2022-06-01 10:00:00,92.0,0.6,167.48
2022-06-01 11:00:00,90.75,0.95,106.88
2022-06-01 12:00:00,73.0,1.2,50.12
2022-06-01 13:00:00,55.0,0.32,65.27
2022-06-01 14:00:00,45.75,0.92,32.52
2022-06-01 15:00:00,45.5,2.2,31.45
2022-06-01 16:00:00,48.0,1.48,38.67
2022-06-01 17:00:00,54.0,0.8,207.65
2022-06-01 18:00:00,62.5,1.4,215.12
2022-06-01 19:00:00,57.5,0.8,214.28
2022-06-01 20:00:00,48.25,0.85,214.98
2022-06-01 21:00:00,52.0,0.85,207.48
2022-06-01 22:00:00,50.25,0.52,219.45
2022-06-01 23:00:00,43.75,1.45,213.12
2022-06-02 00:00:00,39.75,0.38,183.75
2022-06-02 01:00:00,39.25,0.5,170.9
2022-06-02 02:00:00,42.0,0.6,217.6
2022-06-02 03:00:00,49.25,0.5,211.52
2022-06-02 04:00:00,59.75,0.57,212.72
2022-06-02 05:00:00,78.75,0.82,215.23
2022-06-02 06:00:00,74.25,0.75,215.12
2022-06-02 07:00:00,74.0,0.48,221.42
2022-06-02 08:00:00,87.75,0.52,248.3
2022-06-02 09:00:00,108.0,0.45,133.1
2022-06-02 10:00:00,97.25,0.62,110.05
2022-06-02 11:00:00,83.5,1.17,64.9
2022-06-02 12:00:00,57.25,1.08,91.9
2022-06-02 13:00:00,55.0,1.2,62.53
2022-06-02 14:00:00,55.75,1.48,45.12
2022-06-02 15:00:00,57.5,1.48,130.62
2022-06-02 16:00:00,54.5,0.98,129.9
2022-06-02 17:00:00,54.0,0.55,145.22
2022-06-02 18:00:00,67.0,0.38,198.88
2022-06-02 19:00:00,71.0,0.28,245.15
2022-06-02 20:00:00,75.5,0.42,127.45
2022-06-02 21:00:00,85.25,0.45,219.38
2022-06-02 22:00:00,103.25,0.48,228.72
2022-06-02 23:00:00,107.75,0.48,210.15
2022-06-03 00:00:00,99.75,0.5,211.35
2022-06-03 01:00:00,95.0,0.52,223.35
2022-06-03 02:00:00,92.5,0.43,218.28
2022-06-03 03:00:00,95.25,0.45,226.4
2022-06-03 04:00:00,101.0,0.52,223.55
2022-06-03 05:00:00,109.75,0.57,231.08
2022-06-03 06:00:00,118.25,0.5,222.88
2022-06-03 07:00:00,133.0,0.68,213.6
2022-06-03 08:00:00,160.75,0.8,223.2
2022-06-03 09:00:00,109.75,0.82,222.05
2022-06-03 10:00:00,90.0,0.98,167.42
2022-06-03 11:00:00,91.75,0.8,93.62
2022-06-03 12:00:00,50.75,1.02,84.68
2022-06-03 13:00:00,44.0,0.65,106.2
2022-06-03 14:00:00,34.0,0.75,62.15
2022-06-03 15:00:00,29.25,1.0,70.5
2022-06-03 16:00:00,26.5,0.88,227.22
2022-06-03 17:00:00,34.5,0.95,156.05
2022-06-03 18:00:00,42.75,0.82,34.35
2022-06-03 19:00:00,65.5,0.28,192.58
2022-06-03 20:00:00,81.0,0.43,204.7
2022-06-03 21:00:00,108.5,0.43,234.1
2022-06-03 22:00:00,117.0,0.35,179.22
2022-06-03 23:00:00,112.25,0.42,249.35
2022-06-04 00:00:00,115.5,0.45,232.05
2022-06-04 01:00:00,114.5,0.5,194.27
2022-06-04 02:00:00,116.75,0.45,244.3
2022-06-04 03:00:00,115.0,0.4,245.92
2022-06-04 04:00:00,102.0,0.28,178.75
2022-06-04 05:00:00,100.0,0.6,232.82
2022-06-04 06:00:00,101.5,0.68,212.05
2022-06-04 07:00:00,99.5,0.5,201.98
2022-06-04 08:00:00,106.0,0.57,210.75
2022-06-04 09:00:00,101.25,0.48,158.55
2022-06-04 10:00:00,86.0,0.88,137.12
2022-06-04 11:00:00,53.75,1.02,106.85
2022-06-04 12:00:00,42.75,0.45,299.38
2022-06-04 13:00:00,30.75,0.8,82.18
2022-06-04 14:00:00,32.5,0.35,184.45
2022-06-04 15:00:00,30.75,0.3,215.35
2022-06-04 16:00:00,29.75,1.48,73.25
2022-06-04 17:00:00,29.5,0.55,103.43
2022-06-04 18:00:00,34.25,0.45,62.45
2022-06-04 19:00:00,49.5,0.4,187.32
2022-06-04 20:00:00,71.75,0.38,219.68
2022-06-04 21:00:00,93.5,0.3,214.22
2022-06-04 22:00:00,105.0,0.3,221.92
2022-06-04 23:00:00,97.25,0.3,129.82
2022-06-05 00:00:00,95.75,0.22,260.97
2022-06-05 01:00:00,101.0,0.48,240.48
2022-06-05 02:00:00,79.0,0.5,219.48
2022-06-05 03:00:00,64.25,0.73,216.3
2022-06-05 04:00:00,49.0,0.65,205.73
2022-06-05 05:00:00,29.75,0.82,213.1
2022-06-05 06:00:00,35.25,0.75,215.02
2022-06-05 07:00:00,38.25,0.6,206.7
2022-06-05 08:00:00,44.25,0.88,216.52
2022-06-05 09:00:00,43.25,1.05,216.87
2022-06-05 10:00:00,49.0,0.6,234.53
2022-06-05 11:00:00,55.25,0.85,166.35
2022-06-05 12:00:00,54.5,1.12,145.1
2022-06-05 13:00:00,47.0,0.65,214.62
2022-06-05 14:00:00,36.25,0.82,194.75
2022-06-05 15:00:00,31.5,1.23,161.05
2022-06-05 16:00:00,33.0,1.8,106.98
2022-06-05 17:00:00,34.25,0.92,176.68
2022-06-05 18:00:00,37.25,0.6,223.62
2022-06-05 19:00:00,36.75,0.68,205.12
2022-06-05 20:00:00,43.5,0.4,178.28
2022-06-05 21:00:00,52.0,0.38,95.98
2022-06-05 22:00:00,66.5,0.32,143.75
2022-06-05 23:00:00,76.75,0.35,247.52
2022-06-06 00:00:00,94.0,0.33,213.45
2022-06-06 01:00:00,105.0,0.45,218.3
2022-06-06 02:00:00,56.75,0.52,210.38
2022-06-06 03:00:00,53.25,0.42,209.75
2022-06-06 04:00:00,39.5,0.6,208.65
2022-06-06 05:00:00,25.0,0.62,211.1
2022-06-06 06:00:00,32.25,0.65,217.95
2022-06-06 07:00:00,37.5,0.62,209.6
2022-06-06 08:00:00,43.25,1.02,214.82
2022-06-06 09:00:00,44.75,1.25,216.4
2022-06-06 10:00:00,40.5,1.6,208.75
2022-06-06 11:00:00,49.0,0.85,141.92
2022-06-06 12:00:00,51.75,1.85,76.88
2022-06-06 13:00:00,46.75,1.8,56.78
2022-06-06 14:00:00,34.0,1.15,68.68
2022-06-06 15:00:00,35.25,1.05,57.92
2022-06-06 16:00:00,38.0,2.1,59.42
2022-06-06 17:00:00,35.0,1.25,113.2
2022-06-06 18:00:00,39.0,0.55,132.52
2022-06-06 19:00:00,52.25,0.45,178.05
2022-06-06 20:00:00,57.5,0.32,181.85
2022-06-06 21:00:00,67.5,0.5,132.68
2022-06-06 22:00:00,90.5,0.38,163.3
2022-06-06 23:00:00,112.0,0.48,216.95
2022-06-07 00:00:00,118.0,0.43,231.38
2022-06-07 01:00:00,111.5,0.32,224.15
2022-06-07 02:00:00,91.0,0.45,241.2
2022-06-07 03:00:00,84.0,0.55,217.0
2022-06-07 04:00:00,70.0,0.57,220.15
2022-06-07 05:00:00,62.75,0.7,216.02
2022-06-07 06:00:00,59.0,0.5,220.75
2022-06-07 07:00:00,56.75,0.68,211.0
2022-06-07 08:00:00,51.75,0.88,225.85
2022-06-07 09:00:00,60.75,0.85,225.1
2022-06-07 10:00:00,75.5,1.1,224.55
2022-06-07 11:00:00,87.5,0.57,198.02
2022-06-07 12:00:00,92.0,1.0,131.98
2022-06-07 13:00:00,91.25,0.65,127.22
2022-06-07 14:00:00,88.75,0.75,129.5
2022-06-07 15:00:00,86.25,0.7,106.65
2022-06-07 16:00:00,76.25,1.85,76.77
2022-06-07 17:00:00,60.25,1.4,124.2
2022-06-07 18:00:00,57.25,0.72,215.08
2022-06-07 19:00:00,71.5,0.75,213.6
2022-06-07 20:00:00,98.0,0.48,215.9
2022-06-07 21:00:00,113.5,0.42,215.62
2022-06-07 22:00:00,122.5,0.32,219.65
2022-06-07 23:00:00,115.5,0.43,221.98
2022-06-08 00:00:00,108.0,0.25,227.0
2022-06-08 01:00:00,103.25,0.22,205.18
2022-06-08 02:00:00,84.0,0.62,216.8
2022-06-08 03:00:00,64.75,0.68,212.5
2022-06-08 04:00:00,55.75,0.8,210.62
2022-06-08 05:00:00,67.75,0.88,214.7
2022-06-08 06:00:00,71.0,0.82,215.62
2022-06-08 07:00:00,75.0,0.55,242.02
2022-06-08 08:00:00,81.25,0.72,244.25
2022-06-08 09:00:00,96.0,0.85,230.05
2022-06-08 10:00:00,111.5,1.03,244.8
2022-06-08 11:00:00,110.0,0.62,200.85
2022-06-08 12:00:00,97.25,0.55,83.28
2022-06-08 13:00:00,81.25,0.78,123.5
2022-06-08 14:00:00,62.75,0.68,128.65
2022-06-08 15:00:00,50.75,1.2,101.68
2022-06-08 16:00:00,53.5,1.38,115.2
2022-06-08 17:00:00,53.0,0.92,157.2
2022-06-08 18:00:00,44.0,0.7,216.3
2022-06-08 19:00:00,41.5,0.55,216.75
2022-06-08 20:00:00,63.25,0.43,235.25
2022-06-08 21:00:00,71.0,0.62,210.0
2022-06-08 22:00:00,76.75,0.23,234.05
2022-06-08 23:00:00,85.75,0.4,211.12
2022-06-09 00:00:00,79.25,0.4,201.3
2022-06-09 01:00:00,50.25,0.5,207.48
2022-06-09 02:00:00,41.5,0.52,212.42
2022-06-09 03:00:00,39.0,0.45,222.95
2022-06-09 04:00:00,37.25,0.52,228.47
2022-06-09 05:00:00,41.75,0.57,221.42
2022-06-09 06:00:00,44.75,0.72,218.6
2022-06-09 07:00:00,49.0,0.85,218.1
2022-06-09 08:00:00,55.5,0.98,221.8
2022-06-09 09:00:00,60.25,1.15,225.7
2022-06-09 10:00:00,68.0,0.68,211.8
2022-06-09 11:00:00,60.25,0.78,161.3
2022-06-09 12:00:00,52.75,1.2,118.85
2022-06-09 13:00:00,46.25,0.73,133.25
2022-06-09 14:00:00,46.5,0.88,126.8
2022-06-09 15:00:00,46.25,1.48,131.93
2022-06-09 16:00:00,49.5,2.15,100.52
2022-06-09 17:00:00,47.5,1.3,170.98
2022-06-09 18:00:00,48.5,0.75,209.18
2022-06-09 19:00:00,57.75,0.6,219.12
2022-06-09 20:00:00,63.0,0.4,204.38
2022-06-09 21:00:00,65.5,1.23,202.9
2022-06-09 22:00:00,69.5,1.15,194.7
2022-06-09 23:00:00,60.75,0.6,180.6
2022-06-10 00:00:00,70.5,0.32,102.98
2022-06-10 01:00:00,82.5,0.27,130.15
2022-06-10 02:00:00,77.0,0.35,219.28
2022-06-10 03:00:00,76.25,0.68,220.7
2022-06-10 04:00:00,80.5,0.62,214.28
2022-06-10 05:00:00,72.0,0.68,214.82
2022-06-10 06:00:00,69.0,0.52,204.58
2022-06-10 07:00:00,68.25,1.0,209.05
2022-06-10 08:00:00,67.5,1.18,221.65
2022-06-10 09:00:00,74.25,1.1,238.38
2022-06-10 10:00:00,80.75,1.08,237.82
2022-06-10 11:00:00,80.75,0.5,185.48
2022-06-10 12:00:00,83.0,0.73,98.1
2022-06-10 13:00:00,83.75,0.88,121.48
2022-06-10 14:00:00,85.25,0.72,139.75
2022-06-10 15:00:00,81.75,0.85,124.75
2022-06-10 16:00:00,74.5,1.42,74.53
2022-06-10 17:00:00,59.75,0.82,189.48
2022-06-10 18:00:00,47.75,1.12,214.35
2022-06-10 19:00:00,44.5,0.65,203.18
2022-06-10 20:00:00,36.25,0.18,212.18
2022-06-10 21:00:00,61.25,0.28,101.18
2022-06-10 22:00:00,61.25,0.25,118.72
2022-06-10 23:00:00,55.75,0.25,213.5
2022-06-11 00:00:00,51.0,0.5,211.35
2022-06-11 01:00:00,67.75,0.73,215.6
2022-06-11 02:00:00,74.5,0.43,197.58
2022-06-11 03:00:00,76.25,0.43,162.2
2022-06-11 04:00:00,66.25,0.62,201.48
2022-06-11 05:00:00,62.5,0.45,189.23
2022-06-11 06:00:00,72.25,0.62,205.48
2022-06-11 07:00:00,80.75,0.82,207.85
2022-06-11 08:00:00,59.75,1.1,219.92
2022-06-11 09:00:00,62.0,0.95,230.55
2022-06-11 10:00:00,65.25,0.57,183.15
2022-06-11 11:00:00,71.75,0.5,117.07
2022-06-11 12:00:00,61.25,0.92,115.22
2022-06-11 13:00:00,57.5,0.72,146.6
2022-06-11 14:00:00,52.5,0.55,159.75
2022-06-11 15:00:00,52.25,0.52,127.28
2022-06-11 16:00:00,53.25,1.55,88.45
2022-06-11 17:00:00,44.0,1.0,115.05
2022-06-11 18:00:00,45.5,0.57,217.1
2022-06-11 19:00:00,59.75,0.7,215.8
2022-06-11 20:00:00,64.75,0.38,196.68
2022-06-11 21:00:00,74.0,0.28,242.62
2022-06-11 22:00:00,80.5,0.27,201.85
2022-06-11 23:00:00,88.5,0.65,208.77
2022-06-12 00:00:00,85.5,0.43,148.6
2022-06-12 01:00:00,96.75,0.6,248.3
2022-06-12 02:00:00,89.75,0.52,222.75
2022-06-12 03:00:00,86.25,0.55,196.85
2022-06-12 04:00:00,80.0,0.6,237.85
2022-06-12 05:00:00,91.25,0.7,215.9
2022-06-12 06:00:00,100.25,0.75,216.12
2022-06-12 07:00:00,78.0,0.6,211.62
2022-06-12 08:00:00,66.0,1.12,218.85
2022-06-12 09:00:00,50.25,1.15,212.02
2022-06-12 10:00:00,56.75,0.85,190.95
2022-06-12 11:00:00,56.0,0.92,89.98
2022-06-12 12:00:00,55.0,0.7,79.95
2022-06-12 13:00:00,53.5,0.43,81.38
2022-06-12 14:00:00,56.5,0.38,136.38
2022-06-12 15:00:00,50.25,0.68,154.0
2022-06-12 16:00:00,44.75,1.35,91.85
2022-06-12 17:00:00,47.0,0.8,234.62
2022-06-12 18:00:00,60.0,0.7,262.9
2022-06-12 19:00:00,68.5,0.55,226.48
2022-06-12 20:00:00,60.25,0.8,204.2
2022-06-12 21:00:00,71.25,0.52,189.38
2022-06-12 22:00:00,82.25,0.43,211.58
2022-06-12 23:00:00,73.75,1.62,214.38
2022-06-13 00:00:00,62.0,1.02,212.8
2022-06-13 01:00:00,51.5,0.75,210.38
2022-06-13 02:00:00,37.5,0.48,205.5
2022-06-13 03:00:00,34.0,0.52,197.73
2022-06-13 04:00:00,29.25,0.77,208.18
2022-06-13 05:00:00,33.0,1.7,207.9
2022-06-13 06:00:00,32.25,1.62,210.82
2022-06-13 07:00:00,29.25,1.52,206.9
2022-06-13 08:00:00,25.75,1.35,212.65
2022-06-13 09:00:00,24.0,1.9,213.22
2022-06-13 10:00:00,31.0,1.3,216.25
2022-06-13 11:00:00,36.0,1.12,219.15
2022-06-13 12:00:00,44.0,1.75,209.45
2022-06-13 13:00:00,50.5,1.5,197.02
2022-06-13 14:00:00,54.5,0.75,104.68
2022-06-13 15:00:00,61.75,0.57,87.62
2022-06-13 16:00:00,59.5,1.75,78.25
2022-06-13 17:00:00,53.75,0.85,236.42
2022-06-13 18:00:00,48.0,0.65,246.6
2022-06-13 19:00:00,44.0,0.68,218.32
2022-06-13 20:00:00,52.0,0.6,215.8
2022-06-13 21:00:00,59.5,1.58,214.05
2022-06-13 22:00:00,58.0,1.12,214.52
2022-06-13 23:00:00,41.5,0.78,212.9
2022-06-14 00:00:00,44.75,0.45,216.32
2022-06-14 01:00:00,39.5,0.48,222.78
2022-06-14 02:00:00,36.5,0.45,232.42
2022-06-14 03:00:00,42.25,0.65,262.0
2022-06-14 04:00:00,43.0,0.58,246.55
2022-06-14 05:00:00,35.5,0.68,238.53
2022-06-14 06:00:00,43.0,0.6,234.78
2022-06-14 07:00:00,55.75,0.8,218.55
2022-06-14 08:00:00,64.25,0.77,238.8
2022-06-14 09:00:00,54.5,1.1,236.65
2022-06-14 10:00:00,51.25,1.23,223.48
2022-06-14 11:00:00,54.5,0.85,241.23
2022-06-14 12:00:00,55.5,0.82,248.45
2022-06-14 13:00:00,64.0,0.95,198.12
2022-06-14 14:00:00,65.0,0.95,234.28
2022-06-14 15:00:00,60.0,1.12,220.85
2022-06-14 16:00:00,61.25,1.42,217.92
2022-06-14 17:00:00,56.25,1.18,214.52
2022-06-14 18:00:00,56.0,0.75,211.22
2022-06-14 19:00:00,51.5,0.95,212.35
2022-06-14 20:00:00,45.5,1.05,214.32
2022-06-14 21:00:00,38.0,1.05,216.52
2022-06-14 22:00:00,30.5,1.3,213.92
2022-06-14 23:00:00,32.25,1.35,213.45
2022-06-15 00:00:00,25.0,1.1,213.15
2022-06-15 01:00:00,28.25,0.98,214.2
2022-06-15 02:00:00,26.75,0.88,215.78
2022-06-15 03:00:00,20.5,0.68,210.25
2022-06-15 04:00:00,23.75,0.77,214.45
2022-06-15 05:00:00,29.25,0.55,210.4
2022-06-15 06:00:00,29.5,0.73,218.35
2022-06-15 07:00:00,29.75,0.68,234.5
2022-06-15 08:00:00,36.25,0.9,240.98
2022-06-15 09:00:00,38.75,1.1,233.0
2022-06-15 10:00:00,33.25,1.12,231.8
2022-06-15 11:00:00,28.25,0.97,210.1
2022-06-15 12:00:00,28.5,0.62,204.92
2022-06-15 13:00:00,27.25,0.8,142.25
2022-06-15 14:00:00,27.0,0.92,89.22
2022-06-15 15:00:00,24.25,1.15,114.38
2022-06-15 16:00:00,26.0,1.05,95.82
2022-06-15 17:00:00,28.5,0.92,203.78
2022-06-15 18:00:00,27.75,1.6,207.18
2022-06-15 19:00:00,29.25,1.82,208.5
2022-06-15 20:00:00,27.75,1.83,215.0
2022-06-15 21:00:00,31.25,1.9,214.12
2022-06-15 22:00:00,35.75,1.45,213.6
2022-06-15 23:00:00,36.0,1.28,213.82
2022-06-16 00:00:00,34.5,1.65,138.65
2022-06-16 01:00:00,45.0,3.82,21.05
2022-06-16 02:00:00,31.5,1.4,54.7
2022-06-16 03:00:00,18.25,0.6,227.4
2022-06-16 04:00:00,18.5,0.62,224.48
2022-06-16 05:00:00,17.25,0.57,228.15
2022-06-16 06:00:00,19.25,0.45,210.5
2022-06-16 07:00:00,26.75,1.75,64.6
2022-06-16 08:00:00,37.25,2.48,15.25
2022-06-16 09:00:00,36.25,0.9,49.92
2022-06-16 10:00:00,38.75,0.77,104.4
2022-06-16 11:00:00,35.25,0.92,42.28
2022-06-16 12:00:00,36.75,2.45,21.75
2022-06-16 13:00:00,35.5,2.22,16.4
2022-06-16 14:00:00,25.75,1.0,69.12
2022-06-16 15:00:00,30.75,0.85,97.38
2022-06-16 16:00:00,39.5,1.92,179.08
2022-06-16 17:00:00,39.75,1.62,206.85
2022-06-16 18:00:00,35.5,1.38,196.7
2022-06-16 19:00:00,33.0,1.9,200.68
2022-06-16 20:00:00,28.5,1.42,193.2
2022-06-16 21:00:00,24.75,1.05,202.87
2022-06-16 22:00:00,26.25,1.32,213.48
2022-06-16 23:00:00,22.75,0.9,202.48
2022-06-17 00:00:00,20.25,0.9,204.22
2022-06-17 01:00:00,24.25,0.75,203.9
2022-06-17 02:00:00,23.75,0.65,207.38
2022-06-17 03:00:00,24.5,2.9,14.8
2022-06-17 04:00:00,34.5,1.27,29.75
2022-06-17 05:00:00,22.25,0.58,125.92
2022-06-17 06:00:00,17.5,1.65,31.38
2022-06-17 07:00:00,18.75,0.98,87.3
2022-06-17 08:00:00,17.5,0.85,81.6
2022-06-17 09:00:00,18.75,0.75,149.05
2022-06-17 10:00:00,25.75,1.1,173.58
2022-06-17 11:00:00,21.25,1.25,210.72
2022-06-17 12:00:00,21.25,0.92,194.92
2022-06-17 13:00:00,31.25,2.62,15.3
2022-06-17 14:00:00,38.25,2.15,100.57
2022-06-17 15:00:00,29.75,2.1,15.68
2022-06-17 16:00:00,28.75,1.12,155.43
2022-06-17 17:00:00,27.0,0.9,124.68
2022-06-17 18:00:00,27.5,0.92,173.88
2022-06-17 19:00:00,33.5,0.92,206.62
2022-06-17 20:00:00,23.5,0.88,216.55
2022-06-17 21:00:00,37.5,1.05,210.45
2022-06-17 22:00:00,46.0,1.3,205.05
2022-06-17 23:00:00,35.0,0.8,179.58
2022-06-18 00:00:00,21.0,0.65,164.7
2022-06-18 01:00:00,22.5,0.9,189.68
2022-06-18 02:00:00,17.0,0.75,186.27
2022-06-18 03:00:00,13.5,0.57,158.75
2022-06-18 04:00:00,14.0,0.65,247.98
2022-06-18 05:00:00,23.75,1.05,39.33
2022-06-18 06:00:00,43.0,0.78,55.62
2022-06-18 07:00:00,66.0,1.5,17.55
2022-06-18 08:00:00,63.0,1.57,19.25
2022-06-18 09:00:00,42.0,1.68,20.5
2022-06-18 10:00:00,41.0,1.42,36.0
2022-06-18 11:00:00,38.5,0.95,88.7
2022-06-18 12:00:00,40.5,0.8,102.25
2022-06-18 13:00:00,41.0,0.82,50.08
2022-06-18 14:00:00,39.5,1.02,28.22
2022-06-18 15:00:00,41.5,1.27,18.77
2022-06-18 16:00:00,34.0,0.88,80.45
2022-06-18 17:00:00,33.75,1.15,25.98
2022-06-18 18:00:00,31.0,0.98,30.05
2022-06-18 19:00:00,25.5,0.42,65.75
2022-06-18 20:00:00,30.75,0.98,73.5
2022-06-18 21:00:00,43.25,0.57,126.15
2022-06-18 22:00:00,49.75,0.52,54.05
2022-06-18 23:00:00,59.25,0.7,156.72
2022-06-19 00:00:00,56.67,1.5,212.9
2022-06-19 01:00:00,41.25,0.73,233.68
2022-06-19 02:00:00,34.25,0.95,154.05
2022-06-19 03:00:00,41.0,0.5,144.05
2022-06-19 04:00:00,50.5,0.32,169.58
2022-06-19 05:00:00,52.0,0.43,154.43
2022-06-19 06:00:00,53.25,0.52,106.38
2022-06-19 07:00:00,57.5,0.48,81.68
2022-06-19 08:00:00,60.0,0.35,144.15
2022-06-19 09:00:00,88.25,0.55,60.3
2022-06-19 10:00:00,151.25,0.5,112.6
2022-06-19 11:00:00,94.25,0.68,217.38
2022-06-19 12:00:00,35.75,1.0,213.22
2022-06-19 13:00:00,29.0,0.95,217.92
2022-06-19 14:00:00,30.25,1.1,221.25
2022-06-19 15:00:00,33.25,0.48,225.95
2022-06-19 16:00:00,32.25,0.73,37.98
2022-06-19 17:00:00,36.5,0.98,215.82
2022-06-19 18:00:00,39.5,0.88,216.25
2022-06-19 19:00:00,44.0,0.75,216.6
2022-06-19 20:00:00,41.5,0.6,219.92
2022-06-19 21:00:00,34.0,0.6,214.72
2022-06-19 22:00:00,36.5,0.78,220.6
2022-06-19 23:00:00,43.5,0.52,214.38
2022-06-20 00:00:00,42.5,0.55,220.62
2022-06-20 01:00:00,42.0,0.75,212.8
2022-06-20 02:00:00,36.75,0.78,219.78
2022-06-20 03:00:00,40.25,0.62,228.8
2022-06-20 04:00:00,43.0,0.4,222.05
2022-06-20 05:00:00,40.25,0.55,230.35
2022-06-20 06:00:00,42.5,0.5,170.1
2022-06-20 07:00:00,50.5,0.55,69.05
2022-06-20 08:00:00,59.5,0.95,71.0
2022-06-20 09:00:00,53.0,0.82,202.6
2022-06-20 10:00:00,46.5,1.42,198.85
2022-06-20 11:00:00,47.5,1.3,214.78
2022-06-20 12:00:00,55.0,1.12,206.95
2022-06-20 13:00:00,55.75,1.68,214.7
2022-06-20 14:00:00,54.75,1.18,210.92
2022-06-20 15:00:00,43.25,0.78,213.7
2022-06-20 16:00:00,39.75,1.03,208.28
2022-06-20 17:00:00,43.25,0.8,209.85
2022-06-20 18:00:00,37.0,0.73,218.4
2022-06-20 19:00:00,37.0,0.48,114.48
2022-06-20 20:00:00,44.25,0.35,84.7
2022-06-20 21:00:00,43.0,0.5,152.38
2022-06-20 22:00:00,58.0,0.55,162.95
2022-06-20 23:00:00,62.0,0.62,178.82
2022-06-21 00:00:00,47.25,0.57,174.98
2022-06-21 01:00:00,46.5,0.4,193.25
2022-06-21 02:00:00,44.5,0.43,175.58
2022-06-21 03:00:00,51.5,0.4,105.7
2022-06-21 04:00:00,52.25,0.38,97.68
2022-06-21 05:00:00,58.75,0.38,134.43
2022-06-21 06:00:00,68.5,0.45,151.65
2022-06-21 07:00:00,96.0,0.68,166.95
2022-06-21 08:00:00,91.25,0.58,76.4
2022-06-21 09:00:00,104.75,0.72,139.15
2022-06-21 10:00:00,70.5,1.8,215.27
2022-06-21 11:00:00,38.5,0.85,150.45
2022-06-21 12:00:00,27.75,1.1,43.42
2022-06-21 13:00:00,27.0,0.92,88.48
2022-06-21 14:00:00,37.5,0.8,130.42
2022-06-21 15:00:00,32.25,0.92,121.07
2022-06-21 16:00:00,28.75,0.7,98.82
2022-06-21 17:00:00,27.25,0.8,101.93
2022-06-21 18:00:00,31.75,0.82,112.28
2022-06-21 19:00:00,27.5,0.52,89.28
2022-06-21 20:00:00,36.5,0.43,68.22
2022-06-21 21:00:00,44.75,0.43,106.3
2022-06-21 22:00:00,55.0,0.38,114.68
2022-06-21 23:00:00,53.75,0.48,66.75
2022-06-22 00:00:00,58.75,0.35,83.48
2022-06-22 01:00:00,57.75,0.32,82.28
2022-06-22 02:00:00,60.0,0.27,114.15
2022-06-22 03:00:00,71.0,0.45,90.48
2022-06-22 04:00:00,79.0,0.28,156.72
2022-06-22 05:00:00,86.75,0.38,232.52
2022-06-22 06:00:00,83.25,0.92,251.77
2022-06-22 07:00:00,50.0,0.88,256.4
2022-06-22 08:00:00,26.25,1.35,142.62
2022-06-22 09:00:00,21.0,1.72,22.98
2022-06-22 10:00:00,29.75,1.75,21.2
2022-06-22 11:00:00,34.5,1.48,15.62
2022-06-22 12:00:00,49.25,1.2,16.0
2022-06-22 13:00:00,47.0,0.5,82.15
2022-06-22 14:00:00,55.0,0.68,143.52
2022-06-22 15:00:00,53.25,0.72,180.5
2022-06-22 16:00:00,56.5,0.88,51.55
2022-06-22 17:00:00,55.25,1.05,21.2
2022-06-22 18:00:00,52.5,1.55,23.35
2022-06-22 19:00:00,44.25,1.23,22.17
2022-06-22 20:00:00,52.25,0.73,42.02
2022-06-22 21:00:00,57.25,0.32,109.88
2022-06-22 22:00:00,58.25,0.45,235.48
2022-06-22 23:00:00,47.75,0.58,242.7
2022-06-23 00:00:00,48.25,0.57,214.68
2022-06-23 01:00:00,64.25,0.6,211.48
2022-06-23 02:00:00,55.0,0.57,232.95
2022-06-23 03:00:00,79.0,0.55,214.6
2022-06-23 04:00:00,79.5,0.68,253.72
2022-06-23 05:00:00,76.25,0.5,248.4
2022-06-23 06:00:00,60.75,0.22,193.38
2022-06-23 07:00:00,55.75,0.75,257.75
2022-06-23 08:00:00,51.75,0.82,256.67
2022-06-23 09:00:00,50.25,0.8,270.97
2022-06-23 10:00:00,47.0,0.98,265.85
2022-06-23 11:00:00,45.0,0.95,266.23
2022-06-23 12:00:00,45.5,0.77,280.52
2022-06-23 13:00:00,38.25,1.0,265.0
2022-06-23 14:00:00,39.0,1.1,250.28
2022-06-23 15:00:00,44.0,1.05,264.23
2022-06-23 16:00:00,61.5,1.18,267.02
2022-06-23 17:00:00,64.75,1.1,264.85
2022-06-23 18:00:00,50.75,1.27,264.05
2022-06-23 19:00:00,47.25,0.95,268.95
2022-06-23 20:00:00,48.0,0.55,247.7
2022-06-23 21:00:00,51.5,0.57,204.55
2022-06-23 22:00:00,61.75,0.52,208.32
2022-06-23 23:00:00,60.0,0.38,215.42
2022-06-24 00:00:00,56.5,0.68,228.05
2022-06-24 01:00:00,58.75,0.68,223.25
2022-06-24 02:00:00,70.0,0.62,204.62
2022-06-24 03:00:00,69.5,0.62,219.45
2022-06-24 04:00:00,68.25,0.7,219.32
2022-06-24 05:00:00,69.75,0.77,220.35
2022-06-24 06:00:00,76.5,0.57,214.42
2022-06-24 07:00:00,92.5,0.48,223.8
2022-06-24 08:00:00,91.5,0.6,254.38
2022-06-24 09:00:00,65.25,0.75,253.8
2022-06-24 10:00:00,60.0,0.6,226.62
2022-06-24 11:00:00,53.0,0.65,299.23
2022-06-24 12:00:00,57.0,0.8,277.1
2022-06-24 13:00:00,53.5,0.88,271.55
2022-06-24 14:00:00,60.25,0.35,260.42
2022-06-24 15:00:00,50.75,0.92,197.62
2022-06-24 16:00:00,33.25,1.05,250.82
2022-06-24 17:00:00,44.5,1.05,260.75
2022-06-24 18:00:00,41.0,0.62,265.02
2022-06-24 19:00:00,44.5,0.57,253.3
2022-06-24 20:00:00,45.75,0.45,200.18
2022-06-24 21:00:00,48.0,0.3,169.2
2022-06-24 22:00:00,60.75,0.25,185.9
2022-06-24 23:00:00,79.5,0.35,139.12
2022-06-25 00:00:00,104.25,0.4,236.2
2022-06-25 01:00:00,109.0,0.42,226.65
2022-06-25 02:00:00,97.5,0.32,234.88
2022-06-25 03:00:00,83.0,0.5,213.72
2022-06-25 04:00:00,86.75,0.3,166.5
2022-06-25 05:00:00,80.75,0.38,256.52
2022-06-25 06:00:00,89.75,0.45,171.75
2022-06-25 07:00:00,108.75,0.35,98.1
2022-06-25 08:00:00,107.0,0.38,139.6
2022-06-25 09:00:00,106.0,0.68,143.5
2022-06-25 10:00:00,81.75,0.65,109.78
2022-06-25 11:00:00,69.25,0.9,121.98
2022-06-25 12:00:00,59.75,0.8,97.9
2022-06-25 13:00:00,57.25,0.98,106.0
2022-06-25 14:00:00,62.25,1.23,70.95
2022-06-25 15:00:00,66.75,1.83,20.8
2022-06-25 16:00:00,68.25,1.52,23.3
2022-06-25 17:00:00,65.0,1.18,27.22
2022-06-25 18:00:00,57.75,0.92,34.75
2022-06-25 19:00:00,45.75,0.72,47.55
2022-06-25 20:00:00,54.0,0.4,87.6
2022-06-25 21:00:00,74.25,0.52,92.55
2022-06-25 22:00:00,78.0,0.25,112.28
2022-06-25 23:00:00,68.5,0.18,132.57
2022-06-26 00:00:00,69.75,0.32,86.92
2022-06-26 01:00:00,78.0,0.5,56.35
2022-06-26 02:00:00,78.0,0.42,78.23
2022-06-26 03:00:00,78.75,0.42,89.82
2022-06-26 04:00:00,80.5,0.4,133.42
2022-06-26 05:00:00,73.25,0.52,99.68
2022-06-26 06:00:00,58.5,0.9,115.5
2022-06-26 07:00:00,64.0,0.92,115.32
2022-06-26 08:00:00,57.5,1.2,131.4
2022-06-26 09:00:00,57.75,1.02,134.18
2022-06-26 10:00:00,60.0,1.15,116.32
2022-06-26 11:00:00,51.0,1.18,111.65
2022-06-26 12:00:00,52.75,1.33,120.85
2022-06-26 13:00:00,57.75,1.18,119.12
2022-06-26 14:00:00,55.25,1.42,109.65
2022-06-26 15:00:00,50.0,1.5,95.25
2022-06-26 16:00:00,51.25,1.15,88.12
2022-06-26 17:00:00,53.25,0.8,70.75
2022-06-26 18:00:00,49.25,0.75,74.6
2022-06-26 19:00:00,52.5,0.52,99.18
2022-06-26 20:00:00,50.75,0.75,78.58
2022-06-26 21:00:00,49.25,0.62,79.18
2022-06-26 22:00:00,51.0,0.6,76.38
2022-06-26 23:00:00,63.75,0.65,91.55
2022-06-27 00:00:00,66.25,0.65,98.07
2022-06-27 01:00:00,61.25,0.85,103.48
2022-06-27 02:00:00,48.25,0.7,102.57
2022-06-27 03:00:00,60.5,0.55,88.18
2022-06-27 04:00:00,57.25,0.62,78.5
2022-06-27 05:00:00,51.75,0.62,66.7
2022-06-27 06:00:00,52.5,0.78,94.25
2022-06-27 07:00:00,59.75,0.82,110.2
2022-06-27 08:00:00,64.0,0.8,108.32
2022-06-27 09:00:00,52.25,0.88,123.15
2022-06-27 10:00:00,54.0,1.0,97.6
2022-06-27 11:00:00,57.0,0.98,129.3
2022-06-27 12:00:00,58.75,1.15,122.88
2022-06-27 13:00:00,60.75,1.7,102.95
2022-06-27 14:00:00,52.25,1.58,102.95
2022-06-27 15:00:00,53.75,1.58,85.52
2022-06-27 16:00:00,47.0,0.98,61.92
2022-06-27 17:00:00,46.75,0.9,82.35
2022-06-27 18:00:00,46.5,0.48,91.85
2022-06-27 19:00:00,47.5,0.38,89.35
2022-06-27 20:00:00,50.25,0.52,115.95
2022-06-27 21:00:00,64.25,0.4,115.8
2022-06-27 22:00:00,68.5,0.55,110.18
2022-06-27 23:00:00,68.0,0.5,102.4
2022-06-28 00:00:00,68.75,0.58,91.02
2022-06-28 01:00:00,85.0,0.57,99.62
2022-06-28 02:00:00,69.5,0.55,86.02
2022-06-28 03:00:00,59.0,0.48,104.7
2022-06-28 04:00:00,60.0,0.58,129.32
2022-06-28 05:00:00,63.0,0.65,143.62
2022-06-28 06:00:00,63.0,0.52,129.1
2022-06-28 07:00:00,69.25,0.52,135.78
2022-06-28 08:00:00,87.25,0.78,171.45
2022-06-28 09:00:00,89.25,0.65,57.22
2022-06-28 10:00:00,98.5,0.68,111.1
2022-06-28 11:00:00,80.0,1.52,138.9
2022-06-28 12:00:00,53.5,1.5,129.5
2022-06-28 13:00:00,48.25,1.2,97.82
2022-06-28 14:00:00,62.0,1.52,64.45
2022-06-28 15:00:00,84.25,1.12,61.55
2022-06-28 16:00:00,87.0,0.73,78.18
2022-06-28 17:00:00,87.0,0.7,63.5
2022-06-28 18:00:00,97.25,0.68,67.3
2022-06-28 19:00:00,101.5,0.62,103.57
2022-06-28 20:00:00,108.5,0.45,65.55
2022-06-28 21:00:00,127.25,0.4,97.75
2022-06-28 22:00:00,133.75,0.57,97.45
2022-06-28 23:00:00,131.5,0.8,126.25
2022-06-29 00:00:00,127.0,0.95,131.28
2022-06-29 01:00:00,120.75,1.35,175.92
2022-06-29 02:00:00,84.75,1.38,197.12
2022-06-29 03:00:00,31.0,0.68,173.58
2022-06-29 04:00:00,26.0,0.52,84.45
2022-06-29 05:00:00,29.5,0.6,126.28
2022-06-29 06:00:00,31.0,0.62,179.92
2022-06-29 07:00:00,31.75,0.62,151.88
2022-06-29 08:00:00,38.5,0.62,133.1
2022-06-29 09:00:00,57.0,0.82,121.15
2022-06-29 10:00:00,64.25,0.98,55.85
2022-06-29 11:00:00,47.5,1.67,105.7
2022-06-29 12:00:00,67.0,1.4,92.68
2022-06-29 13:00:00,68.5,1.72,55.15
2022-06-29 14:00:00,70.5,1.15,83.28
2022-06-29 15:00:00,64.25,1.0,74.22
2022-06-29 16:00:00,67.75,1.12,66.6
2022-06-29 17:00:00,70.25,1.08,99.18
2022-06-29 18:00:00,82.75,0.98,132.52
2022-06-29 19:00:00,87.5,0.92,131.28
2022-06-29 20:00:00,77.75,1.02,105.45
2022-06-29 21:00:00,78.0,0.88,93.42
2022-06-29 22:00:00,69.5,0.88,102.18
2022-06-29 23:00:00,67.75,0.73,103.32
2022-06-30 00:00:00,86.25,0.82,91.6
2022-06-30 01:00:00,89.5,0.75,65.25
2022-06-30 02:00:00,88.75,0.57,84.15
2022-06-30 03:00:00,90.5,0.65,86.12
2022-06-30 04:00:00,81.0,1.0,134.82
2022-06-30 05:00:00,49.75,1.0,131.65
2022-06-30 06:00:00,35.0,0.7,111.7
2022-06-30 07:00:00,58.5,0.7,59.75
2022-06-30 08:00:00,66.5,0.87,140.18
2022-06-30 09:00:00,58.5,0.7,127.8
2022-06-30 10:00:00,24.25,0.8,157.22
2022-06-30 11:00:00,7.0,1.18,193.25
2022-06-30 12:00:00,8.0,0.62,82.5
2022-06-30 13:00:00,8.0,0.9,23.95
2022-06-30 14:00:00,15.0,0.65,78.35
2022-06-30 15:00:00,22.0,0.5,47.32
2022-06-30 16:00:00,29.0,0.75,36.33
2022-06-30 17:00:00,38.5,0.48,133.1
2022-06-30 18:00:00,70.0,0.4,145.22
2022-06-30 19:00:00,69.5,0.43,101.52
2022-06-30 20:00:00,39.75,0.5,93.5
2022-06-30 21:00:00,37.0,0.52,119.12
2022-06-30 22:00:00,39.5,0.52,130.85
2022-06-30 23:00:00,39.0,0.48,125.2
2022-07-01 00:00:00,41.25,0.52,113.72
2022-07-01 01:00:00,36.75,0.43,148.0
2022-07-01 02:00:00,29.25,0.48,103.02
2022-07-01 03:00:00,28.5,0.42,94.48
2022-07-01 04:00:00,34.75,0.38,110.6
2022-07-01 05:00:00,42.75,0.4,94.65
2022-07-01 06:00:00,51.0,0.58,73.88
2022-07-01 07:00:00,49.75,0.6,85.0
2022-07-01 08:00:00,42.75,0.8,76.3
2022-07-01 09:00:00,35.0,0.82,83.95
2022-07-01 10:00:00,40.5,0.7,82.1
2022-07-01 11:00:00,38.25,0.62,114.05
2022-07-01 12:00:00,37.25,0.78,82.8
2022-07-01 13:00:00,39.0,0.62,66.82
2022-07-01 14:00:00,34.75,1.12,173.5
2022-07-01 15:00:00,39.0,1.15,215.2
2022-07-01 16:00:00,31.5,0.78,213.02
2022-07-01 17:00:00,21.0,0.57,134.93
2022-07-01 18:00:00,31.0,0.5,62.3
2022-07-01 19:00:00,32.25,0.45,77.03
2022-07-01 20:00:00,33.5,0.43,106.7
2022-07-01 21:00:00,55.25,0.22,140.95
2022-07-01 22:00:00,59.5,0.43,93.05
2022-07-01 23:00:00,51.75,0.4,131.05
2022-07-02 00:00:00,53.75,0.42,91.12
2022-07-02 01:00:00,58.5,0.55,74.2
2022-07-02 02:00:00,48.0,0.35,120.4
2022-07-02 03:00:00,45.5,0.45,160.05
2022-07-02 04:00:00,39.75,0.52,127.3
2022-07-02 05:00:00,47.0,0.43,91.3
2022-07-02 06:00:00,57.0,0.45,121.32
2022-07-02 07:00:00,66.5,0.68,98.08
2022-07-02 08:00:00,61.0,0.78,107.4
2022-07-02 09:00:00,69.0,0.75,119.02
2022-07-02 10:00:00,70.5,0.65,103.82
2022-07-02 11:00:00,47.75,0.88,95.52
2022-07-02 12:00:00,23.25,1.1,139.25
2022-07-02 13:00:00,32.0,1.42,193.52
2022-07-02 14:00:00,31.0,0.73,141.65
2022-07-02 15:00:00,32.75,0.78,188.15
2022-07-02 16:00:00,29.0,0.5,85.6
2022-07-02 17:00:00,26.75,0.52,89.42
2022-07-02 18:00:00,20.75,0.65,110.65
2022-07-02 19:00:00,24.75,0.55,103.02
2022-07-02 20:00:00,32.25,0.88,114.92
2022-07-02 21:00:00,41.0,1.0,97.65
2022-07-02 22:00:00,46.25,0.95,102.88
2022-07-02 23:00:00,41.25,1.2,143.12
2022-07-03 00:00:00,39.5,1.15,120.33
2022-07-03 01:00:00,46.0,0.98,109.25
2022-07-03 02:00:00,8.75,0.8,135.48
2022-07-03 03:00:00,15.0,0.88,134.5
2022-07-03 04:00:00,19.5,0.88,127.68
2022-07-03 05:00:00,24.25,0.5,86.72
2022-07-03 06:00:00,22.25,0.7,113.28
2022-07-03 07:00:00,15.0,0.8,90.32
2022-07-03 08:00:00,18.0,0.7,96.38
2022-07-03 09:00:00,18.0,0.9,106.78
2022-07-03 10:00:00,18.25,1.03,150.18
2022-07-03 11:00:00,22.5,0.78,117.28
2022-07-03 12:00:00,34.25,0.92,146.4
2022-07-03 13:00:00,34.75,1.28,195.68
2022-07-03 14:00:00,28.75,1.55,78.15
2022-07-03 15:00:00,41.75,0.9,28.4
2022-07-03 16:00:00,42.5,0.95,62.45
2022-07-03 17:00:00,38.75,0.55,207.62
2022-07-03 18:00:00,65.75,0.4,157.48
2022-07-03 19:00:00,61.25,0.45,70.45
2022-07-03 20:00:00,68.25,0.42,94.02
2022-07-03 21:00:00,70.0,0.38,125.02
2022-07-03 22:00:00,77.75,0.32,165.05
2022-07-03 23:00:00,92.0,0.43,113.1
2022-07-04 00:00:00,94.5,0.42,139.62
2022-07-04 01:00:00,94.0,0.38,107.32
2022-07-04 02:00:00,70.0,0.45,186.38
2022-07-04 03:00:00,65.5,0.38,181.42
2022-07-04 04:00:00,53.5,0.45,184.85
2022-07-04 05:00:00,56.5,0.3,146.9
2022-07-04 06:00:00,53.0,0.45,97.0
2022-07-04 07:00:00,53.5,0.65,30.92
2022-07-04 08:00:00,57.0,0.68,102.95
2022-07-04 09:00:00,95.5,0.68,117.25
2022-07-04 10:00:00,108.25,0.65,110.7
2022-07-04 11:00:00,88.25,0.7,85.08
2022-07-04 12:00:00,62.25,0.68,152.68
2022-07-04 13:00:00,63.25,1.05,204.9
2022-07-04 14:00:00,65.5,0.55,156.05
2022-07-04 15:00:00,67.25,0.5,112.55
2022-07-04 16:00:00,59.5,0.77,95.28
2022-07-04 17:00:00,64.5,0.62,76.75
2022-07-04 18:00:00,79.25,0.57,107.7
2022-07-04 19:00:00,102.5,0.48,99.85
2022-07-04 20:00:00,130.75,0.4,97.65
2022-07-04 21:00:00,121.0,0.5,111.2
2022-07-04 22:00:00,122.0,0.35,170.88
2022-07-04 23:00:00,120.25,0.38,84.25
2022-07-05 00:00:00,106.5,0.28,181.78
2022-07-05 01:00:00,110.75,0.3,138.75
2022-07-05 02:00:00,119.0,0.43,187.1
2022-07-05 03:00:00,122.5,0.38,177.58
2022-07-05 04:00:00,132.25,0.3,121.22
2022-07-05 05:00:00,128.0,0.38,129.65
2022-07-05 06:00:00,123.25,0.4,77.35
2022-07-05 07:00:00,125.67,0.67,93.03
2022-07-05 08:00:00,118.5,0.8,111.88
2022-07-05 09:00:00,100.0,0.72,104.02
2022-07-05 10:00:00,89.0,0.65,120.45
2022-07-05 11:00:00,91.25,0.8,139.85
2022-07-05 12:00:00,57.5,0.7,107.9
2022-07-05 13:00:00,44.25,1.02,101.82
2022-07-05 14:00:00,42.0,1.1,84.0
2022-07-05 15:00:00,35.25,1.12,88.0
2022-07-05 16:00:00,42.75,0.8,127.8
2022-07-05 17:00:00,45.5,0.85,133.02
2022-07-05 18:00:00,47.0,0.57,98.1
2022-07-05 19:00:00,46.75,0.7,121.48
2022-07-05 20:00:00,47.0,0.68,112.3
2022-07-05 21:00:00,49.5,0.48,84.3
2022-07-05 22:00:00,50.0,0.5,83.28
2022-07-05 23:00:00,56.0,0.62,105.12
2022-07-06 00:00:00,56.5,0.68,82.62
2022-07-06 01:00:00,58.25,0.6,70.7
2022-07-06 02:00:00,57.0,0.57,90.1
2022-07-06 03:00:00,50.75,0.57,76.5
2022-07-06 04:00:00,48.5,0.68,73.0
2022-07-06 05:00:00,44.75,0.52,67.03
2022-07-06 06:00:00,47.0,0.57,69.12
2022-07-06 07:00:00,49.0,0.8,110.88
2022-07-06 08:00:00,59.75,1.0,107.18
2022-07-06 09:00:00,73.0,0.8,115.43
2022-07-06 10:00:00,67.0,0.95,102.28
2022-07-06 11:00:00,57.25,0.82,134.9
2022-07-06 12:00:00,55.5,1.05,115.65
2022-07-06 13:00:00,55.5,2.08,18.62
2022-07-06 14:00:00,50.75,1.8,33.72
2022-07-06 15:00:00,49.5,0.78,85.7
2022-07-06 16:00:00,45.0,0.82,97.72
2022-07-06 17:00:00,38.25,0.95,105.72
2022-07-06 18:00:00,45.75,0.55,71.75
2022-07-06 19:00:00,50.5,0.57,119.18
2022-07-06 20:00:00,60.5,0.42,85.52
2022-07-06 21:00:00,68.0,0.43,72.25
2022-07-06 22:00:00,67.0,0.35,70.75
2022-07-06 23:00:00,63.75,0.5,69.95
2022-07-07 00:00:00,67.0,0.5,84.48
2022-07-07 01:00:00,72.25,0.48,73.88
2022-07-07 02:00:00,52.25,0.55,99.02
2022-07-07 03:00:00,51.5,0.57,106.72
2022-07-07 04:00:00,49.25,0.57,85.8
2022-07-07 05:00:00,55.75,0.6,86.93
2022-07-07 06:00:00,55.5,0.8,92.52
2022-07-07 07:00:00,56.0,1.0,106.62
2022-07-07 08:00:00,51.75,1.0,128.2
2022-07-07 09:00:00,44.5,0.9,103.02
2022-07-07 10:00:00,35.0,0.88,150.95
2022-07-07 11:00:00,36.75,0.88,99.98
2022-07-07 12:00:00,32.0,0.68,99.65
2022-07-07 13:00:00,28.5,1.18,74.55
2022-07-07 14:00:00,27.0,1.12,72.08
2022-07-07 15:00:00,25.75,1.03,66.3
2022-07-07 16:00:00,21.25,0.95,79.6
2022-07-07 17:00:00,19.75,0.82,95.5
2022-07-07 18:00:00,23.5,0.65,102.07
2022-07-07 19:00:00,28.25,0.38,97.55
2022-07-07 20:00:00,29.0,0.35,83.5
2022-07-07 21:00:00,30.0,0.5,62.53
2022-07-07 22:00:00,35.25,0.5,58.88
2022-07-07 23:00:00,41.25,0.42,94.35
2022-07-08 00:00:00,39.25,0.48,99.22
2022-07-08 01:00:00,42.0,0.45,90.88
2022-07-08 02:00:00,50.0,0.5,87.93
2022-07-08 03:00:00,51.5,0.48,132.35
2022-07-08 04:00:00,38.0,0.4,94.55
2022-07-08 05:00:00,37.5,0.43,66.42
2022-07-08 06:00:00,36.75,0.43,113.15
2022-07-08 07:00:00,39.5,0.68,98.72
2022-07-08 08:00:00,45.0,0.72,139.05
2022-07-08 09:00:00,53.75,0.8,106.3
2022-07-08 10:00:00,41.25,0.9,165.4
2022-07-08 11:00:00,31.75,1.02,141.93
2022-07-08 12:00:00,26.75,1.05,125.75
2022-07-08 13:00:00,26.25,0.9,137.75
2022-07-08 14:00:00,34.5,0.95,119.22
2022-07-08 15:00:00,28.75,1.02,139.55
2022-07-08 16:00:00,24.75,0.92,151.22
2022-07-08 17:00:00,25.25,0.88,140.32
2022-07-08 18:00:00,27.5,0.57,96.83
2022-07-08 19:00:00,22.75,0.43,68.8
2022-07-08 20:00:00,24.0,0.32,89.0
2022-07-08 21:00:00,31.5,0.3,107.28
2022-07-08 22:00:00,37.25,0.27,106.8
2022-07-08 23:00:00,46.0,0.45,122.65
2022-07-09 00:00:00,58.5,0.48,91.65
2022-07-09 01:00:00,50.0,0.38,91.98
2022-07-09 02:00:00,50.0,0.5,77.47
2022-07-09 03:00:00,57.5,0.52,76.1
2022-07-09 04:00:00,53.75,0.4,95.62
2022-07-09 05:00:00,59.0,0.55,74.88
2022-07-09 06:00:00,66.25,0.52,100.48
2022-07-09 07:00:00,61.25,0.75,100.6
2022-07-09 08:00:00,60.25,0.75,95.6
2022-07-09 09:00:00,53.25,0.85,112.25
2022-07-09 10:00:00,48.75,1.23,112.28
2022-07-09 11:00:00,48.75,1.12,92.32
2022-07-09 12:00:00,45.25,1.18,97.65
2022-07-09 13:00:00,51.25,1.5,106.4
2022-07-09 14:00:00,35.0,1.27,76.7
2022-07-09 15:00:00,19.25,1.02,73.25
2022-07-09 16:00:00,15.5,1.05,65.62
2022-07-09 17:00:00,12.5,0.92,53.1
2022-07-09 18:00:00,17.75,0.8,52.95
2022-07-09 19:00:00,22.0,0.75,68.55
2022-07-09 20:00:00,27.75,0.82,99.32
2022-07-09 21:00:00,26.5,0.92,126.05
2022-07-09 22:00:00,27.25,0.58,97.4
2022-07-09 23:00:00,33.75,0.48,57.15
2022-07-10 00:00:00,39.25,0.55,43.92
2022-07-10 01:00:00,59.5,0.82,49.5
2022-07-10 02:00:00,61.25,0.62,60.8
2022-07-10 03:00:00,48.25,0.65,89.05
2022-07-10 04:00:00,31.0,0.62,59.9
2022-07-10 05:00:00,24.0,0.75,58.45
2022-07-10 06:00:00,31.5,0.72,70.5
2022-07-10 07:00:00,35.75,0.62,66.88
2022-07-10 08:00:00,34.5,0.7,88.18
2022-07-10 09:00:00,31.75,0.92,122.3
2022-07-10 10:00:00,27.25,1.03,129.18
2022-07-10 11:00:00,27.25,0.77,147.68
2022-07-10 12:00:00,36.0,1.02,192.7
2022-07-10 13:00:00,36.25,0.7,239.45
2022-07-10 14:00:00,20.25,0.72,224.38
2022-07-10 15:00:00,24.75,0.57,116.95
2022-07-10 16:00:00,29.25,0.6,129.6
2022-07-10 17:00:00,38.5,0.8,41.03
2022-07-10 18:00:00,45.0,1.23,24.4
2022-07-10 19:00:00,40.25,1.28,25.02
2022-07-10 20:00:00,37.75,0.55,95.55
2022-07-10 21:00:00,45.5,0.57,33.42
2022-07-10 22:00:00,44.75,0.53,87.88
2022-07-10 23:00:00,42.75,0.32,37.05
2022-07-11 00:00:00,33.5,0.45,168.1
2022-07-11 01:00:00,43.25,0.4,140.28
2022-07-11 02:00:00,42.25,0.35,53.12
2022-07-11 03:00:00,47.25,0.38,165.95
2022-07-11 04:00:00,51.5,0.38,180.65
2022-07-11 05:00:00,54.5,0.3,164.45
2022-07-11 06:00:00,56.25,0.82,25.98
2022-07-11 07:00:00,50.25,0.57,50.12
2022-07-11 08:00:00,55.5,0.52,124.38
2022-07-11 09:00:00,53.5,0.4,66.62
2022-07-11 10:00:00,55.25,0.55,98.85
2022-07-11 11:00:00,34.5,0.88,80.22
2022-07-11 12:00:00,24.75,0.75,95.82
2022-07-11 13:00:00,30.5,0.68,76.92
2022-07-11 14:00:00,42.25,0.98,173.4
2022-07-11 15:00:00,40.25,1.12,245.02
2022-07-11 16:00:00,20.75,0.52,222.8
2022-07-11 17:00:00,17.5,0.38,219.88
2022-07-11 18:00:00,32.5,0.68,187.8
2022-07-11 19:00:00,49.0,0.42,167.9
2022-07-11 20:00:00,61.0,0.25,192.3
2022-07-11 21:00:00,72.0,0.85,210.18
2022-07-11 22:00:00,75.75,0.3,170.52
2022-07-11 23:00:00,71.5,0.5,185.62
2022-07-12 00:00:00,78.0,0.38,188.18
2022-07-12 01:00:00,76.5,0.32,234.28
2022-07-12 02:00:00,81.5,0.2,100.82
2022-07-12 03:00:00,82.0,0.45,53.88
2022-07-12 04:00:00,77.75,0.43,79.72
2022-07-12 05:00:00,66.75,0.45,69.72
2022-07-12 06:00:00,44.75,0.85,52.47
2022-07-12 07:00:00,41.5,2.07,14.72
2022-07-12 08:00:00,30.25,1.15,63.5
2022-07-12 09:00:00,19.25,1.12,125.12
2022-07-12 10:00:00,18.5,0.78,70.88
2022-07-12 11:00:00,14.5,0.98,52.03
2022-07-12 12:00:00,14.25,0.6,52.4
2022-07-12 13:00:00,11.0,0.65,167.62
2022-07-12 14:00:00,20.5,0.35,136.75
2022-07-12 15:00:00,32.75,1.02,17.88
2022-07-12 16:00:00,32.75,0.8,17.35
2022-07-12 17:00:00,18.25,0.82,28.6
2022-07-12 18:00:00,21.5,0.75,42.9
2022-07-12 19:00:00,22.5,0.42,63.42
2022-07-12 20:00:00,32.5,0.38,133.9
2022-07-12 21:00:00,41.25,0.3,146.6
2022-07-12 22:00:00,48.25,0.28,91.75
2022-07-12 23:00:00,57.5,0.35,103.7
2022-07-13 00:00:00,55.75,0.4,211.27
2022-07-13 01:00:00,56.0,0.25,163.2
2022-07-13 02:00:00,60.0,0.38,73.72
2022-07-13 03:00:00,61.75,0.35,125.15
2022-07-13 04:00:00,59.25,0.32,179.45
2022-07-13 05:00:00,62.75,0.28,177.52
2022-07-13 06:00:00,63.5,0.95,41.78
2022-07-13 07:00:00,58.0,0.92,50.25
2022-07-13 08:00:00,27.0,0.95,95.42
2022-07-13 09:00:00,20.25,0.82,131.12
2022-07-13 10:00:00,10.25,0.7,125.22
2022-07-13 11:00:00,16.25,1.02,124.25
2022-07-13 12:00:00,20.0,0.9,167.25
2022-07-13 13:00:00,14.0,0.92,83.32
2022-07-13 14:00:00,22.25,0.5,108.82
2022-07-13 15:00:00,19.25,0.5,91.9
2022-07-13 16:00:00,20.5,0.7,74.12
2022-07-13 17:00:00,29.5,0.62,114.42
2022-07-13 18:00:00,25.75,0.58,70.72
2022-07-13 19:00:00,26.5,1.25,20.18
2022-07-13 20:00:00,24.75,1.12,27.1
2022-07-13 21:00:00,32.0,1.22,24.32
2022-07-13 22:00:00,30.5,1.12,23.5
2022-07-13 23:00:00,36.5,0.75,35.25
2022-07-14 00:00:00,44.5,0.78,28.95
2022-07-14 01:00:00,50.75,0.8,33.65
2022-07-14 02:00:00,38.75,0.55,65.03
2022-07-14 03:00:00,40.75,0.55,67.1
2022-07-14 04:00:00,41.25,0.6,66.95
2022-07-14 05:00:00,46.75,0.33,80.82
2022-07-14 06:00:00,46.5,0.55,109.65
2022-07-14 07:00:00,29.75,0.75,102.78
2022-07-14 08:00:00,29.0,0.85,116.65
2022-07-14 09:00:00,27.9175,0.9375,109.655
2022-07-14 10:00:00,26.835,1.025,102.66
2022-07-14 11:00:00,25.7525,1.1124999999999998,95.665
2022-07-14 12:00:00,24.67,1.2,88.67
2022-07-14 13:00:00,24.25,1.15,82.9
2022-07-14 14:00:00,24.5,1.12,110.42
2022-07-14 15:00:00,20.75,0.43,91.48
2022-07-14 16:00:00,13.5,0.7,54.45
2022-07-14 17:00:00,15.0,0.65,144.32
2022-07-14 18:00:00,24.0,0.4,209.78
2022-07-14 19:00:00,28.5,0.77,199.92
2022-07-14 20:00:00,38.5,1.48,16.73
2022-07-14 21:00:00,25.5,1.78,18.0
2022-07-14 22:00:00,19.5,1.8,13.88
2022-07-14 23:00:00,22.5,1.35,17.0
2022-07-15 00:00:00,20.25,1.15,23.28
2022-07-15 01:00:00,27.5,0.88,26.95
2022-07-15 02:00:00,29.0,0.77,37.88
2022-07-15 03:00:00,30.75,0.57,56.4
2022-07-15 04:00:00,31.5,0.78,99.08
2022-07-15 05:00:00,15.75,0.7,97.9
2022-07-15 06:00:00,8.5,0.65,85.62
2022-07-15 07:00:00,8.5,0.95,100.85
2022-07-15 08:00:00,14.5,1.1,107.95
2022-07-15 09:00:00,18.5,1.15,104.1
2022-07-15 10:00:00,15.75,0.85,103.02
2022-07-15 11:00:00,13.0,0.77,105.98
2022-07-15 12:00:00,17.5,0.78,83.42
2022-07-15 13:00:00,21.25,0.95,74.53
2022-07-15 14:00:00,19.25,1.18,65.15
2022-07-15 15:00:00,19.75,1.22,70.0
2022-07-15 16:00:00,19.75,0.68,62.68
2022-07-15 17:00:00,24.0,0.75,40.52
2022-07-15 18:00:00,29.25,0.85,30.3
2022-07-15 19:00:00,26.5,1.35,17.0
2022-07-15 20:00:00,26.0,1.08,18.12
2022-07-15 21:00:00,30.0,0.95,25.15
2022-07-15 22:00:00,32.0,1.05,30.15
2022-07-15 23:00:00,29.0,0.7,59.5
2022-07-16 00:00:00,28.0,0.7,76.15
2022-07-16 01:00:00,24.25,0.73,84.62
2022-07-16 02:00:00,21.5,0.82,104.98
2022-07-16 03:00:00,21.25,0.57,115.52
2022-07-16 04:00:00,24.25,0.82,135.6
2022-07-16 05:00:00,23.5,0.7,149.82
2022-07-16 06:00:00,28.75,0.55,129.6
2022-07-16 07:00:00,28.25,0.6,84.43
2022-07-16 08:00:00,19.0,0.78,130.95
2022-07-16 09:00:00,18.0,0.68,130.9
2022-07-16 10:00:00,25.25,0.72,133.32
2022-07-16 11:00:00,28.0,0.8,149.1
2022-07-16 12:00:00,21.75,1.88,193.55
2022-07-16 13:00:00,12.5,1.62,118.0
2022-07-16 14:00:00,14.0,0.52,133.5
2022-07-16 15:00:00,7.0,0.57,109.07
2022-07-16 16:00:00,7.0,0.65,155.6
2022-07-16 17:00:00,18.0,0.62,59.85
2022-07-16 18:00:00,19.0,0.73,61.38
2022-07-16 19:00:00,25.25,0.8,39.07
2022-07-16 20:00:00,36.0,0.73,44.18
2022-07-16 21:00:00,38.25,0.77,40.85
2022-07-16 22:00:00,35.25,0.55,61.85
2022-07-16 23:00:00,36.0,0.48,82.48
2022-07-17 00:00:00,43.75,0.5,58.4
2022-07-17 01:00:00,40.25,0.88,39.12
2022-07-17 02:00:00,36.25,0.52,82.78
2022-07-17 03:00:00,20.5,0.48,84.25
2022-07-17 04:00:00,18.0,0.62,78.35
2022-07-17 05:00:00,20.0,0.95,133.55
2022-07-17 06:00:00,8.0,1.08,149.32
2022-07-17 07:00:00,8.75,0.82,187.28
2022-07-17 08:00:00,11.0,0.95,187.35
2022-07-17 09:00:00,13.0,0.57,107.25
2022-07-17 10:00:00,22.0,0.82,32.1
2022-07-17 11:00:00,35.25,0.8,29.75
2022-07-17 12:00:00,44.5,0.48,150.62
2022-07-17 13:00:00,32.75,0.52,78.8
2022-07-17 14:00:00,31.75,1.05,52.62
2022-07-17 15:00:00,38.75,1.5,15.65
2022-07-17 16:00:00,34.75,1.33,17.58
2022-07-17 17:00:00,33.25,1.38,14.42
2022-07-17 18:00:00,31.0,0.98,30.67
2022-07-17 19:00:00,30.75,0.8,31.33
2022-07-17 20:00:00,28.75,0.82,27.12
2022-07-17 21:00:00,29.75,1.05,24.38
2022-07-17 22:00:00,42.5,1.35,17.7
2022-07-17 23:00:00,41.0,0.92,22.52
2022-07-18 00:00:00,63.0,1.1,19.65
2022-07-18 01:00:00,91.75,0.82,28.0
2022-07-18 02:00:00,57.0,0.65,41.7
2022-07-18 03:00:00,47.0,0.68,26.9
2022-07-18 04:00:00,53.0,0.38,96.05
2022-07-18 05:00:00,54.5,0.4,111.0
2022-07-18 06:00:00,58.75,0.52,202.22
2022-07-18 07:00:00,59.25,0.27,245.92
2022-07-18 08:00:00,63.75,0.43,157.7
2022-07-18 09:00:00,62.25,0.7,125.92
2022-07-18 10:00:00,46.5,0.7,112.82
2022-07-18 11:00:00,33.5,0.95,118.33
2022-07-18 12:00:00,34.0,0.9,132.0
2022-07-18 13:00:00,33.0,0.88,134.05
2022-07-18 14:00:00,37.5,0.9,139.75
2022-07-18 15:00:00,28.75,0.78,90.52
2022-07-18 16:00:00,20.25,0.85,98.38
2022-07-18 17:00:00,30.75,0.85,95.78
2022-07-18 18:00:00,24.0,0.5,115.6
2022-07-18 19:00:00,26.25,0.22,116.38
2022-07-18 20:00:00,33.5,0.43,46.78
2022-07-18 21:00:00,36.75,0.38,58.18
2022-07-18 22:00:00,45.75,0.7,31.98
2022-07-18 23:00:00,59.5,0.7,41.58
2022-07-19 00:00:00,67.5,0.42,86.93
2022-07-19 01:00:00,65.0,0.43,85.9
2022-07-19 02:00:00,53.0,0.45,92.0
2022-07-19 03:00:00,51.75,0.5375,101.95625
2022-07-19 04:00:00,50.5,0.625,111.9125
2022-07-19 05:00:00,49.25,0.7124999999999999,121.86875
2022-07-19 06:00:00,,,
2022-07-19 07:00:00,,,
2022-07-19 08:00:00,,,
2022-07-19 09:00:00,,,
2022-07-19 10:00:00,43.0,1.15,171.65
2022-07-19 11:00:00,38.0,1.02,151.98
2022-07-19 12:00:00,33.75,0.82,124.65
2022-07-19 13:00:00,30.75,0.58,138.43
2022-07-19 14:00:00,30.75,0.95,215.42
2022-07-19 15:00:00,22.75,1.5,211.95
2022-07-19 16:00:00,19.0,0.95,190.9
2022-07-19 17:00:00,23.75,0.68,181.35
2022-07-19 18:00:00,38.75,0.75,74.47
2022-07-19 19:00:00,48.25,0.65,204.38
2022-07-19 20:00:00,66.25,0.3,119.7
2022-07-19 21:00:00,58.5,0.6,134.32
2022-07-19 22:00:00,70.0,0.65,146.98
2022-07-19 23:00:00,70.0,0.55,129.12
2022-07-20 00:00:00,61.25,0.57,176.72
2022-07-20 01:00:00,59.5,0.48,144.05
2022-07-20 02:00:00,54.25,0.48,128.12
2022-07-20 03:00:00,60.0,0.5,205.08
2022-07-20 04:00:00,58.25,0.62,186.25
2022-07-20 05:00:00,63.75,0.7,188.9
2022-07-20 06:00:00,70.25,1.0,202.02
2022-07-20 07:00:00,72.5,1.25,211.35
2022-07-20 08:00:00,55.75,1.2,212.2
2022-07-20 09:00:00,20.5,0.98,222.28
2022-07-20 10:00:00,23.0,0.92,250.38
2022-07-20 11:00:00,17.0,0.8,243.82
2022-07-20 12:00:00,17.5,0.88,236.45
2022-07-20 13:00:00,17.25,1.78,63.32
2022-07-20 14:00:00,12.0,0.62,85.08
2022-07-20 15:00:00,7.0,0.77,77.35
2022-07-20 16:00:00,6.75,0.9,192.2
2022-07-20 17:00:00,9.25,1.05,207.62
2022-07-20 18:00:00,18.5,0.63,207.12
2022-07-20 19:00:00,15.75,0.7,219.6
2022-07-20 20:00:00,11.75,0.6,168.3
2022-07-20 21:00:00,11.75,0.88,210.68
2022-07-20 22:00:00,14.0,0.58,190.3
2022-07-20 23:00:00,14.75,0.38,122.92
2022-07-21 00:00:00,18.5,0.6,211.6
2022-07-21 01:00:00,23.25,0.57,200.25
2022-07-21 02:00:00,24.75,0.73,214.35
2022-07-21 03:00:00,24.75,0.87,213.97
2022-07-21 04:00:00,17.75,0.48,208.12
2022-07-21 05:00:00,18.25,0.6,217.2
2022-07-21 06:00:00,21.5,0.43,153.18
2022-07-21 07:00:00,17.0,0.4,190.85
2022-07-21 08:00:00,12.75,0.62,33.22
2022-07-21 09:00:00,28.5,0.78,159.82
2022-07-21 10:00:00,33.0,0.7,32.3
2022-07-21 11:00:00,34.25,0.62,31.6
2022-07-21 12:00:00,41.5,0.55,128.9
2022-07-21 13:00:00,62.0,0.7,88.65
2022-07-21 14:00:00,89.75,0.7,111.02
2022-07-21 15:00:00,79.75,0.6,134.05
2022-07-21 16:00:00,69.25,0.42,69.8
2022-07-21 17:00:00,66.25,0.65,109.82
2022-07-21 18:00:00,66.5,0.45,131.15
2022-07-21 19:00:00,75.0,0.38,142.57
2022-07-21 20:00:00,80.5,0.3,118.68
2022-07-21 21:00:00,88.75,0.43,103.4
2022-07-21 22:00:00,92.5,0.5,154.15
2022-07-21 23:00:00,97.75,0.38,112.7
2022-07-22 00:00:00,101.25,0.35,101.9
2022-07-22 01:00:00,97.5,0.3,126.32
2022-07-22 02:00:00,73.0,0.32,89.58
2022-07-22 03:00:00,65.0,0.32,123.18
2022-07-22 04:00:00,60.0,0.32,143.12
2022-07-22 05:00:00,62.75,0.32,81.2
2022-07-22 06:00:00,65.0,0.52,55.6
2022-07-22 07:00:00,70.75,0.52,73.18
2022-07-22 08:00:00,60.25,0.7,75.95
2022-07-22 09:00:00,65.75,0.97,50.38
2022-07-22 10:00:00,81.67,0.85,68.75
2022-07-22 11:00:00,64.5,0.85,102.25
2022-07-22 12:00:00,50.5,0.88,77.82
2022-07-22 13:00:00,33.0,0.82,163.18
2022-07-22 14:00:00,36.0,1.23,221.52
2022-07-22 15:00:00,28.5,0.75,22.2
2022-07-22 16:00:00,33.0,0.35,179.6
2022-07-22 17:00:00,14.0,0.4,87.0
2022-07-22 18:00:00,20.0,0.28,184.48
2022-07-22 19:00:00,40.25,0.5,153.08
2022-07-22 20:00:00,46.25,0.48,111.65
2022-07-22 21:00:00,41.5,0.38,78.78
2022-07-22 22:00:00,33.25,0.52,72.3
2022-07-22 23:00:00,31.0,0.43,70.88
2022-07-23 00:00:00,31.0,0.55,81.0
2022-07-23 01:00:00,16.0,0.45,71.15
2022-07-23 02:00:00,18.0,0.48,70.8
2022-07-23 03:00:00,22.25,0.52,81.8
2022-07-23 04:00:00,18.5,0.52,77.0
2022-07-23 05:00:00,24.5,0.57,72.65
2022-07-23 06:00:00,30.5,0.58,58.6
2022-07-23 07:00:00,34.0,0.75,79.35
2022-07-23 08:00:00,30.25,0.92,88.22
2022-07-23 09:00:00,28.75,1.2,102.78
2022-07-23 10:00:00,31.5,0.82,104.22
2022-07-23 11:00:00,31.75,0.98,118.4
2022-07-23 12:00:00,26.75,1.12,94.4
2022-07-23 13:00:00,21.5,1.0,93.15
2022-07-23 14:00:00,17.25,1.2,128.9
2022-07-23 15:00:00,18.5,1.23,138.22
2022-07-23 16:00:00,21.0,0.98,128.1
2022-07-23 17:00:00,25.25,0.85,107.2
2022-07-23 18:00:00,28.5,0.75,58.38
2022-07-23 19:00:00,27.0,0.68,63.38
2022-07-23 20:00:00,24.0,0.6,86.45
2022-07-23 21:00:00,22.5,0.52,81.05
2022-07-23 22:00:00,19.5,0.52,58.47
2022-07-23 23:00:00,26.75,0.62,68.35
2022-07-24 00:00:00,46.25,0.62,69.6
2022-07-24 01:00:00,68.25,0.48,71.42
2022-07-24 02:00:00,30.25,0.65,71.78
2022-07-24 03:00:00,18.5,0.57,72.88
2022-07-24 04:00:00,8.75,0.68,69.45
2022-07-24 05:00:00,10.5,0.68,71.12
2022-07-24 06:00:00,10.25,0.72,89.28
2022-07-24 07:00:00,13.75,0.9,108.35
2022-07-24 08:00:00,13.75,1.25,112.15
2022-07-24 09:00:00,17.5,0.97,111.78
2022-07-24 10:00:00,23.25,1.18,115.32
2022-07-24 11:00:00,25.75,0.88,114.32
2022-07-24 12:00:00,22.0,0.9,87.7
2022-07-24 13:00:00,21.5,1.22,118.18
2022-07-24 14:00:00,20.0,0.97,119.55
2022-07-24 15:00:00,20.75,1.02,133.55
2022-07-24 16:00:00,23.0,0.77,135.8
2022-07-24 17:00:00,23.25,0.8,157.45
2022-07-24 18:00:00,22.25,1.2,171.3
2022-07-24 19:00:00,15.5,1.25,205.98
2022-07-24 20:00:00,12.25,0.63,72.73
2022-07-24 21:00:00,17.0,0.72,32.45
2022-07-24 22:00:00,20.0,0.35,77.07
2022-07-24 23:00:00,25.0,0.6,79.45
2022-07-25 00:00:00,35.5,0.7,94.1
2022-07-25 01:00:00,21.25,0.9,90.0
2022-07-25 02:00:00,19.0,0.72,84.25
2022-07-25 03:00:00,19.25,0.68,82.05
2022-07-25 04:00:00,20.5,0.8,78.05
2022-07-25 05:00:00,21.5,0.82,83.55
2022-07-25 06:00:00,19.25,0.85,95.7
2022-07-25 07:00:00,17.5,0.8,80.23
2022-07-25 08:00:00,18.75,1.25,98.75
2022-07-25 09:00:00,16.5,1.25,120.25
2022-07-25 10:00:00,14.0,1.08,147.98
2022-07-25 11:00:00,15.75,1.1,140.07
2022-07-25 12:00:00,8.5,1.1,130.45
2022-07-25 13:00:00,25.75,0.75,106.9
2022-07-25 14:00:00,25.75,0.85,99.57
2022-07-25 15:00:00,20.25,0.9,90.08
2022-07-25 16:00:00,22.5,0.88,102.52
2022-07-25 17:00:00,19.75,0.8,73.28
2022-07-25 18:00:00,23.0,0.7,66.3
2022-07-25 19:00:00,17.75,0.6,75.92
2022-07-25 20:00:00,20.75,0.82,94.95
2022-07-25 21:00:00,22.25,0.8,155.72
2022-07-25 22:00:00,21.25,0.55,122.62
2022-07-25 23:00:00,25.0,0.48,62.18
2022-07-26 00:00:00,25.0,0.62,73.45
2022-07-26 01:00:00,27.0,0.6,74.5
2022-07-26 02:00:00,25.75,0.68,85.78
2022-07-26 03:00:00,23.75,0.72,93.7
2022-07-26 04:00:00,27.5,0.57,87.42
2022-07-26 05:00:00,22.0,0.8,104.75
2022-07-26 06:00:00,19.75,0.82,90.22
2022-07-26 07:00:00,25.0,0.82,86.75
2022-07-26 08:00:00,32.75,1.1,99.28
2022-07-26 09:00:00,28.5,1.1,106.98
2022-07-26 10:00:00,28.5,1.08,107.38
2022-07-26 11:00:00,30.5,1.4,122.2
2022-07-26 12:00:00,24.0,1.35,133.07
2022-07-26 13:00:00,28.5,1.22,142.38
2022-07-26 14:00:00,31.0,1.0,134.88
2022-07-26 15:00:00,26.5,1.5,182.73
2022-07-26 16:00:00,31.0,1.08,143.82
2022-07-26 17:00:00,29.5,0.9,150.4
2022-07-26 18:00:00,21.75,0.88,147.82
2022-07-26 19:00:00,14.75,0.77,118.48
2022-07-26 20:00:00,22.0,0.82,121.05
2022-07-26 21:00:00,20.25,0.7,113.45
2022-07-26 22:00:00,26.25,0.5,93.9
2022-07-26 23:00:00,33.75,0.45,95.85
2022-07-27 00:00:00,37.67,0.48,61.28
2022-07-27 01:00:00,41.0,0.45,79.55
2022-07-27 02:00:00,39.75,0.4,73.42
2022-07-27 03:00:00,36.5,0.48,80.7
2022-07-27 04:00:00,39.0,0.75,126.25
2022-07-27 05:00:00,37.25,0.72,142.55
2022-07-27 06:00:00,24.25,0.75,100.07
2022-07-27 07:00:00,28.0,0.72,109.95
2022-07-27 08:00:00,28.0,0.68,134.7
2022-07-27 09:00:00,29.5,0.85,130.7
2022-07-27 10:00:00,31.75,0.45,133.7
2022-07-27 11:00:00,24.75,0.62,127.1
2022-07-27 12:00:00,22.75,1.05,123.4
2022-07-27 13:00:00,18.5,1.03,170.32
2022-07-27 14:00:00,17.5,0.9,104.8
2022-07-27 15:00:00,18.75,1.08,107.45
2022-07-27 16:00:00,20.5,0.6,89.52
2022-07-27 17:00:00,25.5,0.92,113.6
2022-07-27 18:00:00,23.5,0.95,117.1
2022-07-27 19:00:00,35.75,0.82,114.68
2022-07-27 20:00:00,24.75,0.88,99.95
2022-07-27 21:00:00,29.5,0.77,116.55
2022-07-27 22:00:00,30.5,0.55,124.48
2022-07-27 23:00:00,37.0,0.65,153.18
2022-07-28 00:00:00,33.0,0.75,138.07
2022-07-28 01:00:00,28.0,0.6,98.12
2022-07-28 02:00:00,21.0,0.45,98.82
2022-07-28 03:00:00,17.0,0.55,123.3
2022-07-28 04:00:00,16.75,0.68,118.52
2022-07-28 05:00:00,25.0,0.77,135.98
2022-07-28 06:00:00,24.25,0.85,176.3
2022-07-28 07:00:00,22.75,0.57,114.18
2022-07-28 08:00:00,24.5,0.45,136.6
2022-07-28 09:00:00,22.75,0.62,84.28
2022-07-28 10:00:00,21.5,0.7,183.62
2022-07-28 11:00:00,19.75,1.38,192.23
2022-07-28 12:00:00,19.75,1.15,206.58
2022-07-28 13:00:00,24.75,0.55,209.65
2022-07-28 14:00:00,29.5,1.32,193.45
2022-07-28 15:00:00,17.5,1.57,214.77
2022-07-28 16:00:00,13.25,1.3,211.77
2022-07-28 17:00:00,13.5,1.25,213.48
2022-07-28 18:00:00,13.0,0.52,209.92
2022-07-28 19:00:00,14.0,0.62,207.65
2022-07-28 20:00:00,8.0,0.62,204.5
2022-07-28 21:00:00,8.25,0.7,198.85
2022-07-28 22:00:00,10.75,0.57,200.98
2022-07-28 23:00:00,16.0,0.95,206.08
2022-07-29 00:00:00,15.25,0.7,208.05
2022-07-29 01:00:00,13.75,0.72,200.58
2022-07-29 02:00:00,17.75,1.02,215.02
2022-07-29 03:00:00,20.25,1.3,213.82
2022-07-29 04:00:00,10.5,1.25,216.65
2022-07-29 05:00:00,6.25,0.92,199.6
2022-07-29 06:00:00,10.0,1.12,207.02
2022-07-29 07:00:00,17.75,1.02,214.9
2022-07-29 08:00:00,14.5,0.98,209.08
2022-07-29 09:00:00,16.75,1.0,211.65
2022-07-29 10:00:00,17.75,0.75,208.38
2022-07-29 11:00:00,14.0,1.15,211.0
2022-07-29 12:00:00,16.5,0.57,209.75
2022-07-29 13:00:00,23.0,0.7,215.08
2022-07-29 14:00:00,20.0,1.25,110.12
2022-07-29 15:00:00,30.0,0.62,96.85
2022-07-29 16:00:00,26.5,1.18,170.5
2022-07-29 17:00:00,13.5,0.72,221.18
2022-07-29 18:00:00,7.5,0.8,209.82
2022-07-29 19:00:00,11.75,1.02,214.82
2022-07-29 20:00:00,11.75,0.85,213.1
2022-07-29 21:00:00,15.5,0.82,204.6
2022-07-29 22:00:00,20.75,0.68,153.68
2022-07-29 23:00:00,20.75,0.88,195.72
2022-07-30 00:00:00,14.75,0.7,199.82
2022-07-30 01:00:00,17.0,0.6,208.45
2022-07-30 02:00:00,17.25,0.95,220.68
2022-07-30 03:00:00,14.75,0.82,214.32
2022-07-30 04:00:00,4.5,0.8,210.45
2022-07-30 05:00:00,5.75,0.85,212.77
2022-07-30 06:00:00,14.0,0.95,214.97
2022-07-30 07:00:00,15.0,0.5,180.88
2022-07-30 08:00:00,19.0,0.9,182.35
2022-07-30 09:00:00,23.5,0.92,203.3
2022-07-30 10:00:00,28.25,1.25,209.42
2022-07-30 11:00:00,27.75,1.15,212.05
2022-07-30 12:00:00,23.75,1.12,217.52
2022-07-30 13:00:00,22.75,0.68,233.52
2022-07-30 14:00:00,23.25,0.8,216.75
2022-07-30 15:00:00,25.75,0.6,228.8
2022-07-30 16:00:00,20.75,0.68,247.48
2022-07-30 17:00:00,16.0,0.4,235.92
2022-07-30 18:00:00,14.5,0.48,216.35
2022-07-30 19:00:00,20.5,0.6,214.78
2022-07-30 20:00:00,25.5,0.45,204.6
2022-07-30 21:00:00,26.0,0.48,164.72
2022-07-30 22:00:00,24.25,0.55,188.62
2022-07-30 23:00:00,27.75,0.48,140.35
2022-07-31 00:00:00,29.25,0.7,234.78
2022-07-31 01:00:00,31.0,0.57,107.55
2022-07-31 02:00:00,14.0,0.78,138.52
2022-07-31 03:00:00,7.75,0.52,93.58
2022-07-31 04:00:00,8.75,0.45,149.62
2022-07-31 05:00:00,14.75,0.38,136.45
2022-07-31 06:00:00,17.5,0.45,114.22
2022-07-31 07:00:00,20.25,0.55,200.5
2022-07-31 08:00:00,24.0,0.88,202.82
2022-07-31 09:00:00,23.75,1.12,199.28
2022-07-31 10:00:00,22.0,0.8,212.82
2022-07-31 11:00:00,19.75,1.25,208.23
2022-07-31 12:00:00,21.0,0.88,202.6
2022-07-31 13:00:00,18.25,0.4,222.0
2022-07-31 14:00:00,20.5,0.28,191.65
2022-07-31 15:00:00,26.0,0.6,190.65
2022-07-31 16:00:00,29.25,0.75,155.22
2022-07-31 17:00:00,28.25,1.2,39.38
2022-07-31 18:00:00,22.25,0.5,135.48
2022-07-31 19:00:00,20.75,0.42,170.6
2022-07-31 20:00:00,24.25,0.42,170.62
2022-07-31 21:00:00,30.75,0.4,67.05
2022-07-31 22:00:00,39.25,0.25,144.43
2022-07-31 23:00:00,40.5,0.25,131.25
2022-08-01 00:00:00,41.0,0.3,206.75
2022-08-01 01:00:00,33.5,0.6,62.72
2022-08-01 02:00:00,18.0,0.3,111.62
2022-08-01 03:00:00,12.25,0.35,188.75
2022-08-01 04:00:00,17.0,0.48,204.18
2022-08-01 05:00:00,30.75,0.35,212.15
2022-08-01 06:00:00,36.75,0.43,214.27
2022-08-01 07:00:00,35.0,0.62,208.18
2022-08-01 08:00:00,21.25,0.65,209.12
2022-08-01 09:00:00,15.25,0.85,211.98
2022-08-01 10:00:00,11.0,0.85,220.28
2022-08-01 11:00:00,7.75,0.75,214.75
2022-08-01 12:00:00,16.5,1.0,213.62
2022-08-01 13:00:00,17.0,1.12,217.88
2022-08-01 14:00:00,15.5,0.92,222.5
2022-08-01 15:00:00,19.0,0.8,233.88
2022-08-01 16:00:00,18.0,0.53,239.35
2022-08-01 17:00:00,22.5,1.02,211.58
2022-08-01 18:00:00,17.5,0.85,215.18
2022-08-01 19:00:00,18.25,1.08,215.18
2022-08-01 20:00:00,24.75,0.98,215.6
2022-08-01 21:00:00,22.25,0.48,212.42
2022-08-01 22:00:00,16.75,0.65,212.18
2022-08-01 23:00:00,15.25,0.65,207.6
2022-08-02 00:00:00,16.5,0.55,208.9
2022-08-02 01:00:00,24.5,0.65,213.6
2022-08-02 02:00:00,17.0,0.55,225.12
2022-08-02 03:00:00,18.5,0.68,212.5
2022-08-02 04:00:00,21.75,0.7,206.98
2022-08-02 05:00:00,19.0,0.8,209.28
2022-08-02 06:00:00,22.25,0.65,208.5
2022-08-02 07:00:00,22.75,0.65,208.85
2022-08-02 08:00:00,22.75,0.62,217.12
2022-08-02 09:00:00,24.75,0.62,230.68
2022-08-02 10:00:00,21.0,0.6,240.6
2022-08-02 11:00:00,16.25,0.6,233.28
2022-08-02 12:00:00,29.25,0.32,244.55
2022-08-02 13:00:00,29.75,0.42,269.5
2022-08-02 14:00:00,29.0,0.57,253.7
2022-08-02 15:00:00,29.5,0.5,275.85
2022-08-02 16:00:00,30.75,0.52,281.08
2022-08-02 17:00:00,29.75,0.48,257.62
2022-08-02 18:00:00,30.5,0.52,232.82
2022-08-02 19:00:00,36.5,0.48,197.5
2022-08-02 20:00:00,40.75,0.5,193.38
2022-08-02 21:00:00,43.75,0.48,185.18
2022-08-02 22:00:00,55.75,0.45,173.85
2022-08-02 23:00:00,59.0,0.38,141.07
2022-08-03 00:00:00,65.0,0.52,178.95
2022-08-03 01:00:00,69.75,0.45,205.45
2022-08-03 02:00:00,57.0,0.5,221.23
2022-08-03 03:00:00,55.25,0.6,215.08
2022-08-03 04:00:00,47.75,0.5,223.62
2022-08-03 05:00:00,39.75,0.43,211.9
2022-08-03 06:00:00,37.25,0.5,213.75
2022-08-03 07:00:00,40.5,0.45,217.18
2022-08-03 08:00:00,39.75,0.32,151.93
2022-08-03 09:00:00,40.0,0.5,225.5
2022-08-03 10:00:00,35.5,0.62,223.98
2022-08-03 11:00:00,40.5,1.0,122.22
2022-08-03 12:00:00,44.5,0.62,210.82
2022-08-03 13:00:00,52.25,0.38,121.95
2022-08-03 14:00:00,54.25,0.88,89.1
2022-08-03 15:00:00,54.75,1.32,17.1
2022-08-03 16:00:00,44.0,1.35,23.92
2022-08-03 17:00:00,42.25,0.75,63.95
2022-08-03 18:00:00,51.75,0.52,103.15
2022-08-03 19:00:00,68.75,0.7,101.02
2022-08-03 20:00:00,68.25,0.43,156.98
2022-08-03 21:00:00,70.5,0.38,136.93
2022-08-03 22:00:00,75.0,0.75,193.45
2022-08-03 23:00:00,71.5,0.38,147.28
2022-08-04 00:00:00,59.75,0.52,205.45
2022-08-04 01:00:00,54.0,0.82,189.6
2022-08-04 02:00:00,47.25,0.65,155.78
2022-08-04 03:00:00,48.0,0.4,80.0
2022-08-04 04:00:00,60.0,0.25,97.22
2022-08-04 05:00:00,68.25,0.27,135.9
2022-08-04 06:00:00,65.5,0.6,101.28
2022-08-04 07:00:00,66.5,0.65,84.45
2022-08-04 08:00:00,72.5,1.0,99.17
2022-08-04 09:00:00,65.5,0.88,112.6
2022-08-04 10:00:00,60.25,0.72,149.45
2022-08-04 11:00:00,64.25,1.02,152.17
2022-08-04 12:00:00,56.0,0.42,139.6
2022-08-04 13:00:00,52.0,0.4,138.52
2022-08-04 14:00:00,50.5,0.82,77.75
2022-08-04 15:00:00,45.5,0.7,58.6
2022-08-04 16:00:00,42.5,0.7,108.37
2022-08-04 17:00:00,36.25,0.82,149.22
2022-08-04 18:00:00,28.25,0.72,222.95
2022-08-04 19:00:00,22.75,0.62,195.98
2022-08-04 20:00:00,30.75,0.4,107.12
2022-08-04 21:00:00,29.25,0.58,89.65
2022-08-04 22:00:00,24.5,0.5,91.05
2022-08-04 23:00:00,17.75,0.58,81.78
2022-08-05 00:00:00,21.0,0.65,94.0
2022-08-05 01:00:00,25.5,0.57,95.5
2022-08-05 02:00:00,31.25,0.55,93.25
2022-08-05 03:00:00,35.25,0.5,106.2
2022-08-05 04:00:00,37.25,0.52,88.05
2022-08-05 05:00:00,40.5,0.38,69.35
2022-08-05 06:00:00,38.25,0.38,127.92
2022-08-05 07:00:00,37.5,0.48,144.1
2022-08-05 08:00:00,42.0,0.82,104.55
2022-08-05 09:00:00,43.0,0.7,112.75
2022-08-05 10:00:00,45.5,0.75,110.0
2022-08-05 11:00:00,44.0,0.72,117.65
2022-08-05 12:00:00,46.0,0.82,62.0
2022-08-05 13:00:00,49.25,0.5,123.78
2022-08-05 14:00:00,55.75,0.9,183.28
2022-08-05 15:00:00,43.25,1.08,155.6
2022-08-05 16:00:00,33.75,1.6,211.02
2022-08-05 17:00:00,32.25,0.65,170.18
2022-08-05 18:00:00,40.25,0.43,203.42
2022-08-05 19:00:00,44.0,0.5,229.38
2022-08-05 20:00:00,44.5,0.4,175.3
2022-08-05 21:00:00,47.5,0.4,72.6
2022-08-05 22:00:00,58.75,0.35,132.1
2022-08-05 23:00:00,76.25,0.45,67.45
2022-08-06 00:00:00,65.5,0.42,66.12
2022-08-06 01:00:00,59.25,0.38,83.9
2022-08-06 02:00:00,63.25,0.43,54.58
2022-08-06 03:00:00,65.5,0.25,191.88
2022-08-06 04:00:00,71.75,0.38,59.75
2022-08-06 05:00:00,74.75,0.38,71.77
2022-08-06 06:00:00,65.5,0.48,84.92
2022-08-06 07:00:00,57.25,0.7,111.08
2022-08-06 08:00:00,49.0,0.8,135.43
2022-08-06 09:00:00,31.0,0.73,153.65
2022-08-06 10:00:00,27.25,0.45,115.8
2022-08-06 11:00:00,23.25,0.92,183.48
2022-08-06 12:00:00,38.5,1.35,202.02
2022-08-06 13:00:00,45.0,1.03,201.78
2022-08-06 14:00:00,44.0,0.85,39.9
2022-08-06 15:00:00,49.25,0.45,109.2
2022-08-06 16:00:00,50.75,0.6,37.52
2022-08-06 17:00:00,60.5,0.7,39.97
2022-08-06 18:00:00,59.0,0.32,118.98
2022-08-06 19:00:00,69.0,0.5,103.42
2022-08-06 20:00:00,74.75,0.35,169.3
2022-08-06 21:00:00,86.0,0.32,160.3
2022-08-06 22:00:00,92.5,0.48,87.65
2022-08-06 23:00:00,81.25,0.4,141.48
2022-08-07 00:00:00,71.75,0.3,120.72
2022-08-07 01:00:00,77.5,0.32,184.12
2022-08-07 02:00:00,83.25,0.35,128.57
2022-08-07 03:00:00,96.25,0.3,178.5
2022-08-07 04:00:00,94.75,0.35,119.75
2022-08-07 05:00:00,85.75,0.32,106.0
2022-08-07 06:00:00,76.25,0.4,101.6
2022-08-07 07:00:00,67.0,0.55,65.53
2022-08-07 08:00:00,75.75,0.88,31.52
2022-08-07 09:00:00,95.75,0.73,55.8
2022-08-07 10:00:00,41.0,0.98,134.95
2022-08-07 11:00:00,14.0,0.85,126.58
2022-08-07 12:00:00,8.0,0.73,119.4
2022-08-07 13:00:00,8.0,0.85,168.25
2022-08-07 14:00:00,24.0,0.77,146.35
2022-08-07 15:00:00,20.0,0.78,128.65
2022-08-07 16:00:00,9.25,0.68,143.88
2022-08-07 17:00:00,13.75,0.52,86.05
2022-08-07 18:00:00,19.5,0.43,79.23
2022-08-07 19:00:00,31.25,0.45,79.05
2022-08-07 20:00:00,37.25,0.38,136.6
2022-08-07 21:00:00,44.0,0.38,163.08
2022-08-07 22:00:00,44.0,0.65,167.02
2022-08-07 23:00:00,44.0,0.78,204.65
2022-08-08 00:00:00,44.75,0.6,167.3
2022-08-08 01:00:00,43.75,0.45,70.23
2022-08-08 02:00:00,34.5,0.45,211.15
2022-08-08 03:00:00,34.5,0.22,146.33
2022-08-08 04:00:00,29.5,0.38,154.85
2022-08-08 05:00:00,29.25,0.3,90.98
2022-08-08 06:00:00,45.75,0.55,43.05
2022-08-08 07:00:00,85.0,0.82,23.98
2022-08-08 08:00:00,78.5,1.25,14.72
2022-08-08 09:00:00,55.5,0.75,43.65
2022-08-08 10:00:00,66.5,0.4,99.12
2022-08-08 11:00:00,56.0,0.52,62.98
2022-08-08 12:00:00,68.5,0.7,62.68
2022-08-08 13:00:00,48.0,0.75,117.55
2022-08-08 14:00:00,37.0,0.6,133.65
2022-08-08 15:00:00,39.5,0.7,136.15
2022-08-08 16:00:00,38.5,0.55,159.38
2022-08-08 17:00:00,40.5,0.52,114.95
2022-08-08 18:00:00,42.75,0.42,107.72
2022-08-08 19:00:00,47.0,0.4,86.98
2022-08-08 20:00:00,51.75,0.25,155.72
2022-08-08 21:00:00,51.25,0.35,176.27
2022-08-08 22:00:00,62.75,0.3,108.12
2022-08-08 23:00:00,68.5,0.3,176.23
2022-08-09 00:00:00,72.5,0.38,83.42
2022-08-09 01:00:00,74.75,0.28,128.2
2022-08-09 02:00:00,60.75,0.38,146.3
2022-08-09 03:00:00,67.0,0.3,149.4
2022-08-09 04:00:00,68.0,0.38,109.43
2022-08-09 05:00:00,63.75,0.38,86.98
2022-08-09 06:00:00,71.75,0.38,61.98
2022-08-09 07:00:00,78.5,0.55,59.25
2022-08-09 08:00:00,69.75,0.55,93.12
2022-08-09 09:00:00,51.5,0.85,141.45
2022-08-09 10:00:00,35.0,0.95,124.7
2022-08-09 11:00:00,32.0,0.78,109.93
2022-08-09 12:00:00,21.75,0.6,89.9
2022-08-09 13:00:00,20.5,0.62,93.2
2022-08-09 14:00:00,26.75,0.65,100.72
2022-08-09 15:00:00,23.5,0.85,103.0
2022-08-09 16:00:00,24.25,0.78,96.65
2022-08-09 17:00:00,24.25,0.57,72.6
2022-08-09 18:00:00,28.75,0.52,125.02
2022-08-09 19:00:00,24.25,0.38,85.48
2022-08-09 20:00:00,32.75,0.45,62.27
2022-08-09 21:00:00,38.5,0.32,94.43
2022-08-09 22:00:00,40.0,0.32,84.65
2022-08-09 23:00:00,38.75,0.4,132.9
2022-08-10 00:00:00,32.5,0.38,130.15
2022-08-10 01:00:00,26.0,0.38,120.48
2022-08-10 02:00:00,28.5,0.43,90.1
2022-08-10 03:00:00,25.25,0.35,124.9
2022-08-10 04:00:00,22.25,0.43,100.38
2022-08-10 05:00:00,27.75,0.45,76.08
2022-08-10 06:00:00,23.75,0.4,94.45
2022-08-10 07:00:00,22.0,0.62,106.78
2022-08-10 08:00:00,20.5,0.75,123.2
2022-08-10 09:00:00,25.5,0.9,124.85
2022-08-10 10:00:00,26.25,0.8,103.95
2022-08-10 11:00:00,20.25,1.05,92.28
2022-08-10 12:00:00,9.75,0.92,83.8
2022-08-10 13:00:00,11.25,1.0,71.88
2022-08-10 14:00:00,9.5,0.8,112.78
2022-08-10 15:00:00,11.5,0.75,142.93
2022-08-10 16:00:00,12.5,0.38,128.6
2022-08-10 17:00:00,12.5,0.6,125.9
2022-08-10 18:00:00,16.75,0.65,119.85
2022-08-10 19:00:00,16.0,0.55,89.95
2022-08-10 20:00:00,17.0,0.55,75.45
2022-08-10 21:00:00,22.0,0.62,71.93
2022-08-10 22:00:00,27.75,0.6,71.7
2022-08-10 23:00:00,26.5,0.68,91.57
2022-08-11 00:00:00,23.75,0.72,95.9
2022-08-11 01:00:00,18.0,0.95,94.8
2022-08-11 02:00:00,12.0,0.95,91.9
2022-08-11 03:00:00,11.75,0.88,82.45
2022-08-11 04:00:00,10.5,0.9,72.55
2022-08-11 05:00:00,10.75,0.92,50.72
2022-08-11 06:00:00,14.75,1.12,46.92
2022-08-11 07:00:00,10.5,1.1,39.33
2022-08-11 08:00:00,10.25,1.02,42.58
2022-08-11 09:00:00,12.75,1.15,56.75
2022-08-11 10:00:00,10.25,0.98,74.18
2022-08-11 11:00:00,13.25,0.98,89.45
2022-08-11 12:00:00,10.0,1.15,84.2
2022-08-11 13:00:00,9.5,0.9,61.27
2022-08-11 14:00:00,16.25,0.98,77.75
2022-08-11 15:00:00,13.75,0.98,95.38
2022-08-11 16:00:00,13.25,0.62,58.4
2022-08-11 17:00:00,16.25,1.02,26.32
2022-08-11 18:00:00,21.25,1.55,11.7
2022-08-11 19:00:00,17.75,1.45,11.85
2022-08-11 20:00:00,20.75,1.28,13.25
2022-08-11 21:00:00,15.5,1.12,18.47
2022-08-11 22:00:00,22.25,1.1,16.98
2022-08-11 23:00:00,29.0,0.92,24.13
2022-08-12 00:00:00,34.5,0.82,34.05
2022-08-12 01:00:00,45.75,0.52,48.65
2022-08-12 02:00:00,28.75,0.55,43.82
2022-08-12 03:00:00,26.5,0.5,73.47
2022-08-12 04:00:00,29.5,0.57,57.32
2022-08-12 05:00:00,25.5,0.72,60.88
2022-08-12 06:00:00,27.25,0.5,66.62
2022-08-12 07:00:00,34.0,0.8,64.9
2022-08-12 08:00:00,43.75,0.85,82.95
2022-08-12 09:00:00,17.75,0.98,92.72
2022-08-12 10:00:00,14.75,1.08,86.42
2022-08-12 11:00:00,16.75,1.08,79.18
2022-08-12 12:00:00,16.0,1.25,82.18
2022-08-12 13:00:00,15.25,1.4,92.18
2022-08-12 14:00:00,12.5,1.02,81.53
2022-08-12 15:00:00,10.5,1.02,90.82
2022-08-12 16:00:00,11.0,0.9,89.35
2022-08-12 17:00:00,16.0,0.68,68.45
2022-08-12 18:00:00,14.0,0.62,69.53
2022-08-12 19:00:00,17.75,0.62,82.8
2022-08-12 20:00:00,18.5,0.57,89.18
2022-08-12 21:00:00,14.75,0.62,78.47
2022-08-12 22:00:00,16.25,0.57,87.62
2022-08-12 23:00:00,14.0,0.8,89.2
2022-08-13 00:00:00,18.75,0.85,91.95
2022-08-13 01:00:00,29.5,0.9,110.82
2022-08-13 02:00:00,19.25,0.82,106.57
2022-08-13 03:00:00,21.25,0.95,106.9
2022-08-13 04:00:00,26.5,0.73,91.28
2022-08-13 05:00:00,31.5,0.7,75.15
2022-08-13 06:00:00,32.5,0.7,74.3
2022-08-13 07:00:00,31.75,0.85,82.25
2022-08-13 08:00:00,36.0,1.08,105.32
2022-08-13 09:00:00,39.75,0.9,103.9
2022-08-13 10:00:00,31.75,1.1,128.62
2022-08-13 11:00:00,26.5,0.9,135.15
2022-08-13 12:00:00,25.5,1.1,151.3
2022-08-13 13:00:00,34.0,0.9,155.57
2022-08-13 14:00:00,26.5,0.88,116.25
2022-08-13 15:00:00,22.5,0.62,66.15
2022-08-13 16:00:00,24.0,0.92,121.32
2022-08-13 17:00:00,26.75,0.95,120.08
2022-08-13 18:00:00,33.25,0.6,85.38
2022-08-13 19:00:00,31.5,0.7,126.35
2022-08-13 20:00:00,42.0,0.48,124.3
2022-08-13 21:00:00,42.75,0.35,165.9
2022-08-13 22:00:00,43.75,0.48,197.45
2022-08-13 23:00:00,40.0,0.45,173.28
2022-08-14 00:00:00,41.0,0.43,111.38
2022-08-14 01:00:00,42.75,0.48,172.12
2022-08-14 02:00:00,39.5,0.28,100.65
2022-08-14 03:00:00,40.75,0.78,200.35
2022-08-14 04:00:00,35.0,0.5,202.3
2022-08-14 05:00:00,19.25,0.52,206.25
2022-08-14 06:00:00,16.0,0.4,234.18
2022-08-14 07:00:00,11.75,0.5,212.75
2022-08-14 08:00:00,8.0,0.45,241.5
2022-08-14 09:00:00,10.5,0.38,212.4
2022-08-14 10:00:00,19.25,0.28,101.12
2022-08-14 11:00:00,26.25,0.42,186.95
2022-08-14 12:00:00,39.75,0.62,258.92
2022-08-14 13:00:00,48.0,1.45,212.68
2022-08-14 14:00:00,36.5,1.52,186.68
2022-08-14 15:00:00,29.0,0.68,89.82
2022-08-14 16:00:00,27.25,0.33,113.38
2022-08-14 17:00:00,21.5,0.48,72.53
2022-08-14 18:00:00,19.25,0.5,71.2
2022-08-14 19:00:00,18.75,0.55,111.88
2022-08-14 20:00:00,22.5,0.4,110.95
2022-08-14 21:00:00,19.5,0.28,113.35
2022-08-14 22:00:00,22.5,0.3,97.55
2022-08-14 23:00:00,19.25,0.4,113.5
2022-08-15 00:00:00,27.5,0.35,141.75
2022-08-15 01:00:00,36.75,0.28,108.43
2022-08-15 02:00:00,24.0,1.08,20.03
2022-08-15 03:00:00,29.75,0.85,23.4
2022-08-15 04:00:00,40.75,0.7,38.95
2022-08-15 05:00:00,20.0,0.6,58.35
2022-08-15 06:00:00,14.0,0.52,81.18
2022-08-15 07:00:00,13.25,0.52,56.4
2022-08-15 08:00:00,12.25,0.75,41.4
2022-08-15 09:00:00,16.5,0.8,36.12
2022-08-15 10:00:00,18.0,0.73,60.82
2022-08-15 11:00:00,17.0,0.82,95.08
2022-08-15 12:00:00,13.25,0.85,82.5
2022-08-15 13:00:00,10.0,1.15,103.22
2022-08-15 14:00:00,7.25,0.9,94.08
2022-08-15 15:00:00,9.0,1.58,16.82
2022-08-15 16:00:00,12.0,1.58,13.92
2022-08-15 17:00:00,11.0,1.68,19.53
2022-08-15 18:00:00,9.0,0.75,27.9
2022-08-15 19:00:00,12.25,0.88,33.48
2022-08-15 20:00:00,16.5,0.25,190.65
2022-08-15 21:00:00,34.25,0.38,124.55
2022-08-15 22:00:00,50.5,0.9,24.65
2022-08-15 23:00:00,30.0,0.82,21.28
2022-08-16 00:00:00,22.5,0.88,24.28
2022-08-16 01:00:00,31.5,1.08,20.98
2022-08-16 02:00:00,19.75,1.02,29.5
2022-08-16 03:00:00,23.25,0.9,62.92
2022-08-16 04:00:00,15.5,0.9,62.98
2022-08-16 05:00:00,11.0,0.75,54.88
2022-08-16 06:00:00,20.0,1.08,52.47
2022-08-16 07:00:00,19.0,1.18,56.85
2022-08-16 08:00:00,17.0,1.45,50.7
2022-08-16 09:00:00,18.5,1.5,69.1
2022-08-16 10:00:00,14.5,1.5,70.85
2022-08-16 11:00:00,16.5,1.7,70.15
2022-08-16 12:00:00,17.5,1.38,84.9
2022-08-16 13:00:00,16.75,1.3,73.25
2022-08-16 14:00:00,18.5,1.48,64.53
2022-08-16 15:00:00,17.5,1.42,75.38
2022-08-16 16:00:00,17.75,1.45,79.62
2022-08-16 17:00:00,14.0,1.38,95.2
2022-08-16 18:00:00,12.75,1.08,98.32
2022-08-16 19:00:00,9.75,0.88,91.52
2022-08-16 20:00:00,12.0,0.88,89.17
2022-08-16 21:00:00,13.25,1.23,99.0
2022-08-16 22:00:00,15.75,1.15,96.48
2022-08-16 23:00:00,11.75,1.2,111.13
2022-08-17 00:00:00,9.75,1.42,121.65
2022-08-17 01:00:00,5.75,1.25,125.55
2022-08-17 02:00:00,5.25,1.48,129.95
2022-08-17 03:00:00,6.75,1.3,131.12
2022-08-17 04:00:00,8.5,0.95,122.48
2022-08-17 05:00:00,7.25,0.95,106.3
2022-08-17 06:00:00,7.75,1.05,108.2
2022-08-17 07:00:00,7.5,1.08,137.7
2022-08-17 08:00:00,10.25,0.98,122.6
2022-08-17 09:00:00,14.0,0.9,142.0
2022-08-17 10:00:00,13.5,0.95,116.78
2022-08-17 11:00:00,12.25,1.12,133.85
2022-08-17 12:00:00,12.5,1.28,137.43
2022-08-17 13:00:00,12.5,1.1,134.02
2022-08-17 14:00:00,14.0,1.08,126.5
2022-08-17 15:00:00,7.25,1.0,128.52
2022-08-17 16:00:00,14.75,1.08,132.05
2022-08-17 17:00:00,16.25,0.8,144.25
2022-08-17 18:00:00,14.0,0.9,155.93
2022-08-17 19:00:00,14.5,0.65,134.38
2022-08-17 20:00:00,16.75,0.6,161.62
2022-08-17 21:00:00,20.0,0.65,171.22
2022-08-17 22:00:00,25.0,0.52,170.28
2022-08-17 23:00:00,31.5,0.35,142.12
2022-08-18 00:00:00,33.5,0.52,107.22
2022-08-18 01:00:00,34.75,0.38,86.8
2022-08-18 02:00:00,32.5,0.37,71.25
2022-08-18 03:00:00,26.75,0.68,148.25
2022-08-18 04:00:00,23.0,1.15,198.2
2022-08-18 05:00:00,20.75,1.08,195.8
2022-08-18 06:00:00,13.25,0.98,193.9
2022-08-18 07:00:00,11.25,1.1,207.28
2022-08-18 08:00:00,11.25,0.98,202.0
2022-08-18 09:00:00,9.5,1.0,207.22
2022-08-18 10:00:00,9.0,0.9,203.58
2022-08-18 11:00:00,6.75,0.38,203.12
2022-08-18 12:00:00,17.0,0.98,204.8
2022-08-18 13:00:00,16.0,1.0,210.88
2022-08-18 14:00:00,21.25,0.82,231.15
2022-08-18 15:00:00,17.5,1.45,209.05
2022-08-18 16:00:00,12.0,0.88,213.62
2022-08-18 17:00:00,10.0,1.02,207.52
2022-08-18 18:00:00,12.5,0.9,210.82
2022-08-18 19:00:00,11.75,0.78,214.62
2022-08-18 20:00:00,14.5,0.65,205.18
2022-08-18 21:00:00,19.0,0.6,205.6
2022-08-18 22:00:00,27.25,0.7,201.0
2022-08-18 23:00:00,26.25,0.55,217.68
2022-08-19 00:00:00,32.5,0.55,212.62
2022-08-19 01:00:00,34.25,0.8,209.58
2022-08-19 02:00:00,16.75,0.8,205.68
2022-08-19 03:00:00,15.5,0.48,209.15
2022-08-19 04:00:00,12.75,0.55,200.98
2022-08-19 05:00:00,8.5,0.68,205.4
2022-08-19 06:00:00,6.75,0.55,202.82
2022-08-19 07:00:00,7.5,0.55,212.22
2022-08-19 08:00:00,12.0,0.7,248.65
2022-08-19 09:00:00,12.5,0.5,227.48
2022-08-19 10:00:00,14.5,0.68,230.02
2022-08-19 11:00:00,15.25,0.68,237.2
2022-08-19 12:00:00,14.5,0.8,247.85
2022-08-19 13:00:00,17.25,0.6,236.9
2022-08-19 14:00:00,13.75,0.85,231.23
2022-08-19 15:00:00,18.5,0.78,238.45
2022-08-19 16:00:00,16.0,0.73,221.27
2022-08-19 17:00:00,13.0,0.72,249.58
2022-08-19 18:00:00,14.0,0.7,257.6
2022-08-19 19:00:00,17.0,0.65,256.38
2022-08-19 20:00:00,17.0,0.52,229.75
2022-08-19 21:00:00,18.75,0.62,203.95
2022-08-19 22:00:00,23.5,0.7,202.45
2022-08-19 23:00:00,21.25,0.62,217.4
2022-08-20 00:00:00,19.0,0.75,215.8
2022-08-20 01:00:00,21.0,0.55,214.78
2022-08-20 02:00:00,25.75,0.82,214.2
2022-08-20 03:00:00,22.5,0.57,205.8
2022-08-20 04:00:00,24.0,0.62,206.55
2022-08-20 05:00:00,23.5,0.68,205.4
2022-08-20 06:00:00,21.5,0.5,169.98
2022-08-20 07:00:00,21.75,0.72,212.28
2022-08-20 08:00:00,27.0,0.4,214.77
2022-08-20 09:00:00,27.25,0.55,226.65
2022-08-20 10:00:00,27.25,0.45,205.3
2022-08-20 11:00:00,26.5,0.9,176.42
2022-08-20 12:00:00,30.25,1.15,203.75
2022-08-20 13:00:00,25.0,0.42,158.1
2022-08-20 14:00:00,20.5,0.48,229.22
2022-08-20 15:00:00,35.75,0.38,226.12
2022-08-20 16:00:00,41.25,0.45,199.8
2022-08-20 17:00:00,41.75,0.78,215.1
2022-08-20 18:00:00,40.75,0.52,97.25
2022-08-20 19:00:00,39.0,0.38,71.72
2022-08-20 20:00:00,38.25,0.38,147.15
2022-08-20 21:00:00,47.75,0.55,196.45
2022-08-20 22:00:00,56.25,0.35,166.72
2022-08-20 23:00:00,56.0,0.22,106.78
2022-08-21 00:00:00,54.5,0.5,215.55
2022-08-21 01:00:00,58.25,0.52,210.72
2022-08-21 02:00:00,57.25,0.5,228.42
2022-08-21 03:00:00,61.5,0.3,203.52
2022-08-21 04:00:00,64.5,0.6,206.8
2022-08-21 05:00:00,69.75,0.68,207.45
2022-08-21 06:00:00,74.0,0.55,208.28
2022-08-21 07:00:00,73.75,0.5,249.8
2022-08-21 08:00:00,52.75,0.55,222.68
2022-08-21 09:00:00,44.75,0.5,247.38
2022-08-21 10:00:00,41.75,0.5,179.82
2022-08-21 11:00:00,43.5,0.5,73.22
2022-08-21 12:00:00,42.75,0.48,206.15
2022-08-21 13:00:00,45.25,0.48,273.9
2022-08-21 14:00:00,44.75,0.8,215.15
2022-08-21 15:00:00,40.25,0.47,165.58
2022-08-21 16:00:00,37.0,1.05,23.13
2022-08-21 17:00:00,34.5,1.58,20.92
2022-08-21 18:00:00,36.5,1.58,16.5
2022-08-21 19:00:00,39.5,0.72,27.6
2022-08-21 20:00:00,44.5,0.32,124.5
2022-08-21 21:00:00,46.25,0.38,197.4
2022-08-21 22:00:00,46.25,0.32,180.92
2022-08-21 23:00:00,44.0,0.42,218.55
2022-08-22 00:00:00,47.5,0.3,190.38
2022-08-22 01:00:00,53.75,0.35,157.68
2022-08-22 02:00:00,42.0,0.2,201.25
2022-08-22 03:00:00,45.25,0.25,54.0
2022-08-22 04:00:00,48.25,0.68,35.58
2022-08-22 05:00:00,55.25,1.15,20.65
2022-08-22 06:00:00,56.25,1.3,15.8
2022-08-22 07:00:00,61.25,0.95,28.45
2022-08-22 08:00:00,69.5,0.92,116.65
2022-08-22 09:00:00,53.25,1.1,137.05
2022-08-22 10:00:00,42.5,0.57,109.75
2022-08-22 11:00:00,30.75,1.0,113.62
2022-08-22 12:00:00,18.0,1.08,97.2
2022-08-22 13:00:00,17.0,0.82,84.15
2022-08-22 14:00:00,15.25,0.98,102.6
2022-08-22 15:00:00,19.0,0.8,71.42
2022-08-22 16:00:00,20.0,0.75,78.55
2022-08-22 17:00:00,22.75,0.73,97.02
2022-08-22 18:00:00,23.25,0.57,113.82
2022-08-22 19:00:00,28.0,0.62,64.65
2022-08-22 20:00:00,31.75,1.02,34.9
2022-08-22 21:00:00,32.25,1.05,39.85
2022-08-22 22:00:00,26.25,0.73,73.68
2022-08-22 23:00:00,24.75,0.95,73.47
2022-08-23 00:00:00,29.0,1.0,70.85
2022-08-23 01:00:00,33.25,0.82,68.78
2022-08-23 02:00:00,29.75,0.88,66.3
2022-08-23 03:00:00,34.75,0.92,56.82
2022-08-23 04:00:00,33.75,1.02,67.2
2022-08-23 05:00:00,33.75,1.1,83.1
2022-08-23 06:00:00,35.5,0.72,72.15
2022-08-23 07:00:00,35.0,1.18,83.8
2022-08-23 08:00:00,37.5,0.92,83.12
2022-08-23 09:00:00,36.0,1.25,72.6
2022-08-23 10:00:00,38.25,1.45,97.52
2022-08-23 11:00:00,43.25,1.25,97.72
2022-08-23 12:00:00,36.25,1.48,98.85
2022-08-23 13:00:00,28.75,1.5,101.6
2022-08-23 14:00:00,19.75,1.4,112.18
2022-08-23 15:00:00,12.5,1.62,121.65
2022-08-23 16:00:00,11.25,1.48,118.22
2022-08-23 17:00:00,13.25,1.32,131.48
2022-08-23 18:00:00,16.75,1.1,136.38
2022-08-23 19:00:00,15.0,1.02,124.78
2022-08-23 20:00:00,12.5,1.0,127.72
2022-08-23 21:00:00,14.0,1.32,133.35
2022-08-23 22:00:00,14.5,1.12,127.58
2022-08-23 23:00:00,17.0,0.98,127.3
2022-08-24 00:00:00,19.5,0.95,133.43
2022-08-24 01:00:00,18.5,1.2,145.6
2022-08-24 02:00:00,19.5,0.88,145.72
2022-08-24 03:00:00,16.5,0.72,144.33
2022-08-24 04:00:00,13.0,1.0,140.5
2022-08-24 05:00:00,16.5,0.7,132.95
2022-08-24 06:00:00,18.0,0.85,126.75
2022-08-24 07:00:00,18.25,1.05,121.38
2022-08-24 08:00:00,18.25,1.03,115.22
2022-08-24 09:00:00,17.75,0.88,115.55
2022-08-24 10:00:00,23.0,0.75,141.98
2022-08-24 11:00:00,21.75,0.98,138.35
2022-08-24 12:00:00,18.5,1.02,115.48
2022-08-24 13:00:00,22.25,0.95,60.12
2022-08-24 14:00:00,29.0,0.65,68.42
2022-08-24 15:00:00,26.75,1.25,210.58
2022-08-24 16:00:00,23.25,0.68,127.12
2022-08-24 17:00:00,33.5,0.92,108.45
2022-08-24 18:00:00,33.0,1.02,129.6
2022-08-24 19:00:00,26.0,0.68,122.2
2022-08-24 20:00:00,25.0,0.68,126.72
2022-08-24 21:00:00,31.5,0.52,117.93
2022-08-24 22:00:00,32.0,0.55,154.62
2022-08-24 23:00:00,30.0,0.55,126.82
2022-08-25 00:00:00,27.75,0.45,72.05
2022-08-25 01:00:00,15.75,0.6,142.55
2022-08-25 02:00:00,28.75,0.77,198.8
2022-08-25 03:00:00,31.5,0.82,189.1
2022-08-25 04:00:00,25.0,0.65,218.1
2022-08-25 05:00:00,27.25,0.55,190.52
2022-08-25 06:00:00,25.0,1.0,216.22
2022-08-25 07:00:00,26.25,0.6,219.0
2022-08-25 08:00:00,28.25,0.65,205.35
2022-08-25 09:00:00,22.75,0.3,249.5
2022-08-25 10:00:00,22.25,0.7,167.2
2022-08-25 11:00:00,24.25,0.92,204.5
2022-08-25 12:00:00,30.75,0.68,187.2
2022-08-25 13:00:00,42.5,0.43,84.58
2022-08-25 14:00:00,54.0,0.55,67.8
2022-08-25 15:00:00,56.5,0.55,109.32
2022-08-25 16:00:00,53.0,0.55,173.55
2022-08-25 17:00:00,46.5,0.57,203.55
2022-08-25 18:00:00,43.5,0.52,141.02
2022-08-25 19:00:00,40.25,0.57,48.72
2022-08-25 20:00:00,45.0,0.42,137.8
2022-08-25 21:00:00,48.75,0.75,69.68
2022-08-25 22:00:00,48.0,0.52,162.12
2022-08-25 23:00:00,39.25,0.5,191.78
2022-08-26 00:00:00,40.33,0.52,216.3
2022-08-26 01:00:00,42.25,0.7,216.05
2022-08-26 02:00:00,47.75,0.7,208.58
2022-08-26 03:00:00,54.5,0.68,207.8
2022-08-26 04:00:00,54.75,0.85,210.95
2022-08-26 05:00:00,40.0,0.75,206.15
2022-08-26 06:00:00,33.0,0.72,201.9
2022-08-26 07:00:00,32.5,0.48,208.95
2022-08-26 08:00:00,39.75,0.5,222.38
2022-08-26 09:00:00,38.0,0.75,227.08
2022-08-26 10:00:00,33.0,0.75,239.88
2022-08-26 11:00:00,27.75,0.7,253.25
2022-08-26 12:00:00,30.25,0.62,242.47
2022-08-26 13:00:00,31.0,0.68,253.4
2022-08-26 14:00:00,30.0,0.62,269.02
2022-08-26 15:00:00,27.25,0.73,250.47
2022-08-26 16:00:00,26.75,0.6,254.38
2022-08-26 17:00:00,23.5,0.6,245.65
2022-08-26 18:00:00,27.25,0.5,241.78
2022-08-26 19:00:00,33.25,0.48,214.15
2022-08-26 20:00:00,33.5,0.45,195.38
2022-08-26 21:00:00,39.5,0.5,209.25
2022-08-26 22:00:00,32.0,0.5,245.45
2022-08-26 23:00:00,23.5,0.35,223.02
2022-08-27 00:00:00,25.0,0.35,218.88
2022-08-27 01:00:00,36.0,0.35,200.05
2022-08-27 02:00:00,70.25,0.48,203.35
2022-08-27 03:00:00,65.25,0.52,207.35
2022-08-27 04:00:00,38.25,0.45,203.5
2022-08-27 05:00:00,34.75,0.52,202.65
2022-08-27 06:00:00,29.25,0.48,206.88
2022-08-27 07:00:00,25.5,0.52,220.92
2022-08-27 08:00:00,30.0,0.5,245.15
2022-08-27 09:00:00,30.25,0.65,242.48
2022-08-27 10:00:00,31.0,0.85,239.1
2022-08-27 11:00:00,32.75,0.75,246.75
2022-08-27 12:00:00,36.75,0.8,246.08
2022-08-27 13:00:00,33.0,1.03,251.58
2022-08-27 14:00:00,33.0,0.8,236.55
2022-08-27 15:00:00,32.25,0.92,258.95
2022-08-27 16:00:00,31.5,0.58,239.0
2022-08-27 17:00:00,33.75,0.8,258.2
2022-08-27 18:00:00,27.0,0.72,260.8
2022-08-27 19:00:00,27.5,0.48,223.05
2022-08-27 20:00:00,30.0,0.45,205.52
2022-08-27 21:00:00,33.75,0.65,205.38
2022-08-27 22:00:00,35.5,0.68,209.75
2022-08-27 23:00:00,33.75,0.65,208.42
2022-08-28 00:00:00,36.5,0.7,210.6
2022-08-28 01:00:00,43.0,0.6,212.77
2022-08-28 02:00:00,31.75,0.75,210.25
2022-08-28 03:00:00,32.5,0.8,209.9
2022-08-28 04:00:00,28.5,0.72,206.18
2022-08-28 05:00:00,31.0,0.5,207.32
2022-08-28 06:00:00,33.25,0.57,214.55
2022-08-28 07:00:00,30.75,0.75,215.18
2022-08-28 08:00:00,30.25,0.7,213.92
2022-08-28 09:00:00,31.5,0.5,234.8
2022-08-28 10:00:00,33.0,0.65,223.55
2022-08-28 11:00:00,33.75,0.62,222.1
2022-08-28 12:00:00,37.25,0.75,236.25
2022-08-28 13:00:00,39.5,0.92,243.23
2022-08-28 14:00:00,35.75,0.82,241.0
2022-08-28 15:00:00,37.5,0.8,251.35
2022-08-28 16:00:00,35.75,0.52,223.27
2022-08-28 17:00:00,33.75,0.4,221.48
2022-08-28 18:00:00,30.25,0.35,234.35
2022-08-28 19:00:00,33.25,0.65,206.32
2022-08-28 20:00:00,42.0,0.55,187.8
2022-08-28 21:00:00,48.75,0.5,194.75
2022-08-28 22:00:00,49.75,0.43,177.77
2022-08-28 23:00:00,47.0,0.4,130.8
2022-08-29 00:00:00,50.0,0.82,209.55
2022-08-29 01:00:00,46.25,0.82,212.72
2022-08-29 02:00:00,34.75,0.75,213.1
2022-08-29 03:00:00,33.25,0.62,210.35
2022-08-29 04:00:00,31.75,0.75,207.7
2022-08-29 05:00:00,34.0,0.57,206.87
2022-08-29 06:00:00,34.5,0.62,205.27
2022-08-29 07:00:00,36.0,0.55,206.58
2022-08-29 08:00:00,36.5,0.43,245.92
2022-08-29 09:00:00,39.75,0.55,214.55
2022-08-29 10:00:00,40.5,0.55,238.7
2022-08-29 11:00:00,30.5,0.6,152.12
2022-08-29 12:00:00,42.25,0.8,115.42
2022-08-29 13:00:00,46.25,0.5,184.6
2022-08-29 14:00:00,48.0,0.6,266.23
2022-08-29 15:00:00,51.25,0.62,58.78
2022-08-29 16:00:00,52.25,0.62,168.58
2022-08-29 17:00:00,51.0,1.25,33.22
2022-08-29 18:00:00,45.75,1.45,156.8
2022-08-29 19:00:00,43.5,1.05,144.32
2022-08-29 20:00:00,30.25,0.98,156.98
2022-08-29 21:00:00,30.0,0.4,152.5
2022-08-29 22:00:00,26.5,0.72,206.5
2022-08-29 23:00:00,26.5,0.72,224.58
2022-08-30 00:00:00,32.75,0.35,79.95
2022-08-30 01:00:00,39.5,0.38,119.48
2022-08-30 02:00:00,42.75,0.5,103.08
2022-08-30 03:00:00,39.5,0.37,149.07
2022-08-30 04:00:00,40.5,0.4,199.92
2022-08-30 05:00:00,39.75,0.4,216.82
2022-08-30 06:00:00,42.5,0.4,192.88
2022-08-30 07:00:00,44.25,0.65,211.65
2022-08-30 08:00:00,47.5,0.77,170.82
2022-08-30 09:00:00,56.75,0.38,138.15
2022-08-30 10:00:00,66.25,0.5,78.32
2022-08-30 11:00:00,75.0,0.68,131.65
2022-08-30 12:00:00,62.0,0.95,94.2
2022-08-30 13:00:00,58.0,0.82,179.6
2022-08-30 14:00:00,55.5,0.95,207.97
2022-08-30 15:00:00,57.5,0.85,181.03
2022-08-30 16:00:00,58.25,0.75,169.42
2022-08-30 17:00:00,57.5,1.5,214.58
2022-08-30 18:00:00,55.5,1.45,214.88
2022-08-30 19:00:00,37.0,1.05,219.7
2022-08-30 20:00:00,40.0,0.73,214.78
2022-08-30 21:00:00,41.0,0.78,218.82
2022-08-30 22:00:00,43.25,0.62,209.95
2022-08-30 23:00:00,40.75,0.78,210.73
2022-08-31 00:00:00,44.75,0.95,211.65
2022-08-31 01:00:00,56.25,0.65,206.45
2022-08-31 02:00:00,47.25,0.7,209.8
2022-08-31 03:00:00,43.75,0.72,209.9
2022-08-31 04:00:00,39.75,0.65,208.35
2022-08-31 05:00:00,38.0,0.78,217.22
2022-08-31 06:00:00,36.0,0.78,215.12
2022-08-31 07:00:00,38.75,0.7,205.1
2022-08-31 08:00:00,38.0,0.78,212.15
2022-08-31 09:00:00,38.75,0.8,216.82
2022-08-31 10:00:00,41.25,0.62,223.05
2022-08-31 11:00:00,41.0,0.68,230.08
2022-08-31 12:00:00,37.0,0.85,219.2
2022-08-31 13:00:00,34.5,0.75,241.12
2022-08-31 14:00:00,35.75,0.68,232.32
2022-08-31 15:00:00,34.75,0.8,202.18
2022-08-31 16:00:00,38.0,0.85,256.98
2022-08-31 17:00:00,48.0,0.7,271.95
2022-08-31 18:00:00,42.75,0.52,243.48
2022-08-31 19:00:00,44.75,0.45,203.62
2022-08-31 20:00:00,44.25,0.45,197.15
2022-08-31 21:00:00,46.25,0.8,209.48
2022-08-31 22:00:00,49.5,0.55,213.18
2022-08-31 23:00:00,49.25,0.5,208.45
2022-09-01 00:00:00,52.75,0.65,205.68
2022-09-01 01:00:00,52.0,0.57,208.12
2022-09-01 02:00:00,51.0,0.68,207.88
2022-09-01 03:00:00,46.5,0.6,212.15
2022-09-01 04:00:00,41.75,0.75,222.68
2022-09-01 05:00:00,40.75,0.68,221.02
2022-09-01 06:00:00,40.25,0.5,227.6
2022-09-01 07:00:00,41.25,0.75,211.4
2022-09-01 08:00:00,41.75,0.45,223.05
2022-09-01 09:00:00,40.5,0.5,246.6
2022-09-01 10:00:00,40.5,0.6,240.52
2022-09-01 11:00:00,44.25,0.68,176.22
2022-09-01 12:00:00,43.0,0.62,243.9
2022-09-01 13:00:00,44.5,0.85,226.22
2022-09-01 14:00:00,40.5,0.72,255.23
2022-09-01 15:00:00,41.25,0.75,239.68
2022-09-01 16:00:00,39.25,0.55,263.68
2022-09-01 17:00:00,40.0,0.62,246.12
2022-09-01 18:00:00,39.75,0.5,197.6
2022-09-01 19:00:00,40.25,0.62,194.9
2022-09-01 20:00:00,44.0,0.65,212.25
2022-09-01 21:00:00,43.25,0.48,220.22
2022-09-01 22:00:00,39.75,0.55,208.8
2022-09-01 23:00:00,33.75,0.65,207.3
2022-09-02 00:00:00,27.75,0.7,206.12
2022-09-02 01:00:00,28.5,0.55,203.8
2022-09-02 02:00:00,25.0,0.75,225.08
2022-09-02 03:00:00,28.75,0.62,238.4
2022-09-02 04:00:00,31.0,0.6,234.08
2022-09-02 05:00:00,32.0,0.62,234.48
2022-09-02 06:00:00,35.0,0.5,223.1
2022-09-02 07:00:00,34.0,0.68,209.48
2022-09-02 08:00:00,33.0,0.6,211.1
2022-09-02 09:00:00,33.0,0.7,213.75
2022-09-02 10:00:00,35.0,1.52,209.2
2022-09-02 11:00:00,35.75,1.35,208.88
2022-09-02 12:00:00,39.0,0.8,107.6
2022-09-02 13:00:00,39.0,0.88,125.28
2022-09-02 14:00:00,30.75,0.58,118.12
2022-09-02 15:00:00,37.75,0.62,188.65
2022-09-02 16:00:00,53.5,0.6,120.7
2022-09-02 17:00:00,56.5,0.45,107.58
2022-09-02 18:00:00,53.0,0.52,109.38
2022-09-02 19:00:00,57.25,0.42,94.5
2022-09-02 20:00:00,62.5,0.52,71.6
2022-09-02 21:00:00,68.5,0.4,120.6
2022-09-02 22:00:00,74.25,0.27,140.52
2022-09-02 23:00:00,79.5,0.3,172.52
2022-09-03 00:00:00,81.5,0.48,204.5
2022-09-03 01:00:00,68.0,0.6,199.6
2022-09-03 02:00:00,47.75,0.62,201.55
2022-09-03 03:00:00,40.5,0.73,214.85
2022-09-03 04:00:00,37.5,0.9,214.72
2022-09-03 05:00:00,29.75,0.85,211.6
2022-09-03 06:00:00,20.0,0.65,204.18
2022-09-03 07:00:00,21.25,0.72,209.45
2022-09-03 08:00:00,25.0,0.52,238.78
2022-09-03 09:00:00,23.75,0.92,254.88
2022-09-03 10:00:00,20.0,0.9,244.75
2022-09-03 11:00:00,20.75,0.82,243.98
2022-09-03 12:00:00,22.75,0.88,242.52
2022-09-03 13:00:00,22.25,0.92,253.4
2022-09-03 14:00:00,22.25,0.9,241.55
2022-09-03 15:00:00,20.5,1.05,226.9
2022-09-03 16:00:00,21.0,1.03,225.15
2022-09-03 17:00:00,18.5,0.6,237.85
2022-09-03 18:00:00,20.0,0.65,251.3
2022-09-03 19:00:00,20.0,0.48,228.62
2022-09-03 20:00:00,23.5,0.55,185.68
2022-09-03 21:00:00,35.0,0.5,192.0
2022-09-03 22:00:00,40.0,0.57,210.12
2022-09-03 23:00:00,43.5,0.52,207.28
2022-09-04 00:00:00,35.75,0.45,209.27
2022-09-04 01:00:00,32.5,0.68,207.72
2022-09-04 02:00:00,25.0,0.62,211.32
2022-09-04 03:00:00,24.25,0.68,207.98
2022-09-04 04:00:00,20.5,0.57,214.95
2022-09-04 05:00:00,16.0,0.75,211.35
2022-09-04 06:00:00,17.0,0.82,209.42
2022-09-04 07:00:00,19.75,0.9,210.02
2022-09-04 08:00:00,19.25,0.57,233.1
2022-09-04 09:00:00,19.0,0.75,218.78
2022-09-04 10:00:00,16.5,1.2,217.02
2022-09-04 11:00:00,17.75,0.8,241.2
2022-09-04 12:00:00,18.25,1.42,216.75
2022-09-04 13:00:00,20.0,1.12,229.82
2022-09-04 14:00:00,14.0,0.92,214.8
2022-09-04 15:00:00,14.5,1.52,212.9
2022-09-04 16:00:00,15.5,1.33,213.2
2022-09-04 17:00:00,14.0,0.77,215.22
2022-09-04 18:00:00,13.5,0.4,202.15
2022-09-04 19:00:00,13.75,0.4,161.32
2022-09-04 20:00:00,22.0,0.48,145.1
2022-09-04 21:00:00,32.75,0.48,150.12
2022-09-04 22:00:00,36.25,0.55,185.1
2022-09-04 23:00:00,31.5,0.5,199.6
2022-09-05 00:00:00,30.5,0.95,211.7
2022-09-05 01:00:00,22.25,0.82,209.28
2022-09-05 02:00:00,19.0,0.7,213.9
2022-09-05 03:00:00,16.5,0.52,208.88
2022-09-05 04:00:00,17.75,0.72,212.92
2022-09-05 05:00:00,16.75,0.75,216.38
2022-09-05 06:00:00,15.5,0.68,212.48
2022-09-05 07:00:00,15.5,0.65,209.48
2022-09-05 08:00:00,20.75,0.52,217.28
2022-09-05 09:00:00,23.25,0.5,237.8
2022-09-05 10:00:00,20.75,0.62,238.55
2022-09-05 11:00:00,14.0,0.78,230.62
2022-09-05 12:00:00,21.75,0.62,243.45
2022-09-05 13:00:00,16.75,1.27,165.92
2022-09-05 14:00:00,14.25,0.95,204.9
2022-09-05 15:00:00,17.75,1.55,212.1
2022-09-05 16:00:00,18.25,1.1,220.05
2022-09-05 17:00:00,23.25,0.68,212.22
2022-09-05 18:00:00,26.25,0.55,199.6
2022-09-05 19:00:00,24.25,0.7,240.82
2022-09-05 20:00:00,27.0,0.6,252.05
2022-09-05 21:00:00,34.5,0.52,199.55
2022-09-05 22:00:00,38.75,0.5,167.77
2022-09-05 23:00:00,41.5,0.4,130.57
2022-09-06 00:00:00,53.75,0.4,128.82
2022-09-06 01:00:00,55.25,0.55,170.0
2022-09-06 02:00:00,48.75,0.52,173.38
2022-09-06 03:00:00,57.75,0.68,219.18
2022-09-06 04:00:00,43.0,0.68,213.05
2022-09-06 05:00:00,44.25,0.7,219.47
2022-09-06 06:00:00,39.75,0.68,221.7
2022-09-06 07:00:00,38.75,0.72,215.32
2022-09-06 08:00:00,30.75,1.05,209.05
2022-09-06 09:00:00,34.0,0.4,242.12
2022-09-06 10:00:00,26.5,0.6,181.58
2022-09-06 11:00:00,24.75,0.7,182.92
2022-09-06 12:00:00,33.75,0.6,35.78
2022-09-06 13:00:00,35.25,0.7,90.45
2022-09-06 14:00:00,32.25,0.45,191.98
2022-09-06 15:00:00,28.25,0.73,155.55
2022-09-06 16:00:00,24.75,0.68,254.82
2022-09-06 17:00:00,28.5,0.6,252.9
2022-09-06 18:00:00,23.75,0.47,279.68
2022-09-06 19:00:00,25.75,0.65,38.25
2022-09-06 20:00:00,35.0,1.3,18.65
2022-09-06 21:00:00,37.25,1.12,24.98
2022-09-06 22:00:00,34.75,0.35,66.22
2022-09-06 23:00:00,34.0,0.25,76.45
2022-09-07 00:00:00,38.25,0.6,201.28
2022-09-07 01:00:00,45.75,0.52,204.7
2022-09-07 02:00:00,31.0,0.55,214.88
2022-09-07 03:00:00,34.5,0.28,139.05
2022-09-07 04:00:00,35.25,0.2,220.0
2022-09-07 05:00:00,32.0,0.23,173.6
2022-09-07 06:00:00,33.25,0.5,203.6
2022-09-07 07:00:00,45.75,0.5,91.02
2022-09-07 08:00:00,44.0,0.45,80.58
2022-09-07 09:00:00,41.0,0.52,188.38
2022-09-07 10:00:00,44.0,0.45,115.85
2022-09-07 11:00:00,45.5,0.5,253.23
2022-09-07 12:00:00,45.75,0.92,223.42
2022-09-07 13:00:00,34.75,0.72,135.65
2022-09-07 14:00:00,39.0,1.08,19.97
2022-09-07 15:00:00,36.75,1.42,99.28
2022-09-07 16:00:00,39.0,1.65,12.4
2022-09-07 17:00:00,39.75,1.88,17.68
2022-09-07 18:00:00,41.25,1.4,20.18
2022-09-07 19:00:00,40.25,1.03,23.78
2022-09-07 20:00:00,48.75,0.77,38.78
2022-09-07 21:00:00,62.0,0.38,141.45
2022-09-07 22:00:00,58.0,0.5,189.95
2022-09-07 23:00:00,55.25,0.48,196.1
2022-09-08 00:00:00,54.5,0.38,177.02
2022-09-08 01:00:00,49.0,0.25,145.33
2022-09-08 02:00:00,48.25,0.3,146.65
2022-09-08 03:00:00,55.75,0.4,86.22
2022-09-08 04:00:00,62.75,0.4,84.25
2022-09-08 05:00:00,73.75,0.45,75.03
2022-09-08 06:00:00,64.5,0.5,49.88
2022-09-08 07:00:00,71.0,0.62,96.68
2022-09-08 08:00:00,86.5,0.57,93.48
2022-09-08 09:00:00,80.75,0.48,121.62
2022-09-08 10:00:00,58.75,0.45,116.7
2022-09-08 11:00:00,58.25,0.65,172.5
2022-09-08 12:00:00,59.75,0.5,128.25
2022-09-08 13:00:00,63.75,0.85,91.98
2022-09-08 14:00:00,69.0,1.25,18.08
2022-09-08 15:00:00,66.5,0.9,94.95
2022-09-08 16:00:00,59.0,0.5,122.55
2022-09-08 17:00:00,55.75,0.88,25.55
2022-09-08 18:00:00,45.75,0.9,26.32
2022-09-08 19:00:00,46.25,0.85,28.9
2022-09-08 20:00:00,54.5,0.8,28.6
2022-09-08 21:00:00,71.75,0.45,101.58
2022-09-08 22:00:00,80.75,0.55,126.05
2022-09-08 23:00:00,70.25,0.52,126.15
2022-09-09 00:00:00,58.5,0.52,103.02
2022-09-09 01:00:00,57.0,0.43,107.45
2022-09-09 02:00:00,58.25,0.4,89.4
2022-09-09 03:00:00,62.5,0.5,125.08
2022-09-09 04:00:00,65.25,0.43,79.78
2022-09-09 05:00:00,70.0,0.48,72.1
2022-09-09 06:00:00,70.5,0.55,51.47
2022-09-09 07:00:00,63.0,0.7,74.03
2022-09-09 08:00:00,62.0,0.52,108.57
2022-09-09 09:00:00,61.0,0.65,137.7
2022-09-09 10:00:00,59.5,0.65,100.88
2022-09-09 11:00:00,53.75,0.77,132.48
2022-09-09 12:00:00,49.25,0.6,127.42
2022-09-09 13:00:00,50.0,0.85,131.93
2022-09-09 14:00:00,56.75,0.85,140.05
2022-09-09 15:00:00,51.25,0.5,114.6
2022-09-09 16:00:00,55.0,0.6,116.42
2022-09-09 17:00:00,56.0,0.68,49.55
2022-09-09 18:00:00,58.5,0.75,98.65
2022-09-09 19:00:00,54.75,0.88,98.78
2022-09-09 20:00:00,48.0,0.7,117.38
2022-09-09 21:00:00,48.0,0.88,122.1
2022-09-09 22:00:00,51.5,0.88,129.95
2022-09-09 23:00:00,62.5,0.82,135.0
2022-09-10 00:00:00,65.25,0.6,123.55
2022-09-10 01:00:00,66.5,0.45,113.8
2022-09-10 02:00:00,61.25,0.48,53.68
2022-09-10 03:00:00,67.75,0.35,68.92
2022-09-10 04:00:00,67.5,0.45,86.9
2022-09-10 05:00:00,68.5,0.6,113.05
2022-09-10 06:00:00,69.75,0.55,102.05
2022-09-10 07:00:00,75.0,0.68,116.05
2022-09-10 08:00:00,62.0,0.57,124.62
2022-09-10 09:00:00,47.75,0.45,97.62
2022-09-10 10:00:00,41.0,0.7,108.52
2022-09-10 11:00:00,47.0,1.92,16.88
2022-09-10 12:00:00,46.5,1.35,16.82
2022-09-10 13:00:00,45.5,0.98,33.42
2022-09-10 14:00:00,48.5,0.82,69.05
2022-09-10 15:00:00,51.5,0.85,84.35
2022-09-10 16:00:00,45.25,0.85,41.55
2022-09-10 17:00:00,40.67,0.88,94.2
2022-09-10 18:00:00,40.25,0.82,115.2
2022-09-10 19:00:00,34.75,0.7,126.92
2022-09-10 20:00:00,35.0,0.5,96.02
2022-09-10 21:00:00,40.25,0.75,122.62
2022-09-10 22:00:00,48.5,0.85,122.1
2022-09-10 23:00:00,54.5,0.48,92.28
2022-09-11 00:00:00,61.0,0.48,74.4
2022-09-11 01:00:00,57.5,0.48,76.9
2022-09-11 02:00:00,27.5,0.57,105.9
2022-09-11 03:00:00,22.75,0.5,103.8
2022-09-11 04:00:00,24.25,0.4,71.03
2022-09-11 05:00:00,32.75,0.55,49.18
2022-09-11 06:00:00,35.75,0.38,66.72
2022-09-11 07:00:00,27.5,0.75,116.57
2022-09-11 08:00:00,23.5,0.8,129.6
2022-09-11 09:00:00,26.25,0.75,115.07
2022-09-11 10:00:00,31.0,0.6,144.17
2022-09-11 11:00:00,32.5,0.72,118.55
2022-09-11 12:00:00,28.0,0.82,148.52
2022-09-11 13:00:00,28.0,0.62,109.38
2022-09-11 14:00:00,27.25,0.9,143.15
2022-09-11 15:00:00,24.75,0.6,93.05
2022-09-11 16:00:00,23.5,0.6,102.1
2022-09-11 17:00:00,22.0,0.6,98.12
2022-09-11 18:00:00,28.0,0.4,93.18
2022-09-11 19:00:00,34.0,0.55,97.98
2022-09-11 20:00:00,35.25,0.43,90.05
2022-09-11 21:00:00,42.0,0.55,94.55
2022-09-11 22:00:00,46.0,0.77,118.75
2022-09-11 23:00:00,30.5,0.8,105.7
2022-09-12 00:00:00,30.33,0.55,103.9
2022-09-12 01:00:00,31.5,0.68,110.42
2022-09-12 02:00:00,25.75,0.75,94.22
2022-09-12 03:00:00,22.0,0.68,110.88
2022-09-12 04:00:00,22.75,0.8,96.72
2022-09-12 05:00:00,26.25,0.52,82.48
2022-09-12 06:00:00,30.0,0.72,101.58
2022-09-12 07:00:00,29.25,0.82,103.55
2022-09-12 08:00:00,27.5,1.0,106.07
2022-09-12 09:00:00,27.25,0.85,97.38
2022-09-12 10:00:00,22.0,0.65,88.28
2022-09-12 11:00:00,21.25,0.9,86.82
2022-09-12 12:00:00,17.5,1.05,82.05
2022-09-12 13:00:00,12.5,1.0,91.05
2022-09-12 14:00:00,11.5,0.92,99.18
2022-09-12 15:00:00,13.75,0.92,129.28
2022-09-12 16:00:00,15.5,0.82,108.2
2022-09-12 17:00:00,15.0,0.68,100.0
2022-09-12 18:00:00,19.25,0.57,97.62
2022-09-12 19:00:00,22.25,0.55,92.88
2022-09-12 20:00:00,26.25,0.88,26.67
2022-09-12 21:00:00,47.0,0.7,48.38
2022-09-12 22:00:00,52.5,0.65,50.88
2022-09-12 23:00:00,48.75,0.42,75.68
2022-09-13 00:00:00,38.5,0.55,68.78
2022-09-13 01:00:00,24.25,0.92,162.8
2022-09-13 02:00:00,12.0,0.55,89.95
2022-09-13 03:00:00,11.25,0.82,34.25
2022-09-13 04:00:00,16.75,0.55,71.12
2022-09-13 05:00:00,12.5,0.55,85.72
2022-09-13 06:00:00,13.75,0.65,69.77
2022-09-13 07:00:00,19.25,0.8,84.8
2022-09-13 08:00:00,13.75,1.08,49.32
2022-09-13 09:00:00,19.5,1.02,76.5
2022-09-13 10:00:00,11.25,1.08,88.0
2022-09-13 11:00:00,8.25,1.08,97.3
2022-09-13 12:00:00,5.0,1.18,80.2
2022-09-13 13:00:00,2.0,1.2,90.65
2022-09-13 14:00:00,2.75,1.05,78.22
2022-09-13 15:00:00,4.5,0.97,75.35
2022-09-13 16:00:00,3.75,0.82,75.03
2022-09-13 17:00:00,6.0,0.85,65.35
2022-09-13 18:00:00,8.75,0.85,48.72
2022-09-13 19:00:00,17.5,0.52,71.97
2022-09-13 20:00:00,21.25,0.62,66.7
2022-09-13 21:00:00,27.75,0.48,82.05
2022-09-13 22:00:00,22.5,0.45,70.45
2022-09-13 23:00:00,11.75,0.57,68.85
2022-09-14 00:00:00,18.5,0.8,76.6
2022-09-14 01:00:00,12.75,0.68,85.55
2022-09-14 02:00:00,9.75,0.6,65.02
2022-09-14 03:00:00,12.25,0.85,54.48
2022-09-14 04:00:00,12.0,1.0,45.75
2022-09-14 05:00:00,8.75,0.95,43.18
2022-09-14 06:00:00,8.25,1.1,34.3
2022-09-14 07:00:00,10.25,1.02,42.52
2022-09-14 08:00:00,14.75,0.95,39.55
2022-09-14 09:00:00,17.25,0.98,52.62
2022-09-14 10:00:00,18.5,1.23,51.88
2022-09-14 11:00:00,20.0,1.15,48.02
2022-09-14 12:00:00,19.5,1.1,44.6
2022-09-14 13:00:00,18.0,1.4,30.15
2022-09-14 14:00:00,16.5,1.18,48.52
2022-09-14 15:00:00,13.25,1.32,25.48
2022-09-14 16:00:00,17.5,0.75,40.22
2022-09-14 17:00:00,18.5,0.82,62.65
2022-09-14 18:00:00,15.0,0.98,54.8
2022-09-14 19:00:00,11.0,0.77,59.85
2022-09-14 20:00:00,17.0,0.6,65.43
2022-09-14 21:00:00,18.25,0.52,66.38
2022-09-14 22:00:00,21.5,0.6,92.42
2022-09-14 23:00:00,19.5,0.7,34.18
2022-09-15 00:00:00,18.25,1.18,17.58
2022-09-15 01:00:00,19.75,0.82,39.7
2022-09-15 02:00:00,19.5,0.8,34.12
2022-09-15 03:00:00,13.0,1.03,24.9
2022-09-15 04:00:00,16.25,1.0,25.7
2022-09-15 05:00:00,16.75,1.12,20.92
2022-09-15 06:00:00,16.25,0.98,23.15
2022-09-15 07:00:00,17.75,1.08,23.95
2022-09-15 08:00:00,20.5,1.27,24.52
2022-09-15 09:00:00,21.25,1.15,30.55
2022-09-15 10:00:00,20.0,1.68,14.22
2022-09-15 11:00:00,22.75,1.78,18.27
2022-09-15 12:00:00,21.0,2.62,12.45
2022-09-15 13:00:00,16.25,2.78,14.7
2022-09-15 14:00:00,10.5,2.25,12.45
2022-09-15 15:00:00,9.0,2.38,10.8
2022-09-15 16:00:00,10.0,2.4,10.62
2022-09-15 17:00:00,11.5,2.45,11.35
2022-09-15 18:00:00,8.0,1.75,9.92
2022-09-15 19:00:00,11.5,1.65,11.92
2022-09-15 20:00:00,14.75,1.55,9.85
2022-09-15 21:00:00,17.75,1.2,15.7
2022-09-15 22:00:00,10.5,1.1,24.78
2022-09-15 23:00:00,8.25,1.15,18.22
2022-09-16 00:00:00,6.0,0.75,34.38
2022-09-16 01:00:00,8.0,1.32,13.72
2022-09-16 02:00:00,8.0,1.23,20.88
2022-09-16 03:00:00,8.0,1.27,15.65
2022-09-16 04:00:00,7.25,0.88,21.48
2022-09-16 05:00:00,4.25,0.48,32.88
2022-09-16 06:00:00,2.0,0.62,24.58
2022-09-16 07:00:00,4.5,0.98,18.35
2022-09-16 08:00:00,7.0,0.82,18.32
2022-09-16 09:00:00,7.5,1.25,21.78
2022-09-16 10:00:00,8.25,1.55,17.5
2022-09-16 11:00:00,5.0,1.78,15.35
2022-09-16 12:00:00,2.25,1.3,22.02
2022-09-16 13:00:00,3.5,1.2,23.22
2022-09-16 14:00:00,7.25,1.03,24.32
2022-09-16 15:00:00,15.0,0.88,30.18
2022-09-16 16:00:00,16.5,0.87,92.72
2022-09-16 17:00:00,12.25,0.8,37.47
2022-09-16 18:00:00,15.5,0.5,64.55
2022-09-16 19:00:00,23.5,0.28,121.18
2022-09-16 20:00:00,24.75,0.52,99.05
2022-09-16 21:00:00,25.25,0.43,151.8
2022-09-16 22:00:00,29.25,0.57,218.2
2022-09-16 23:00:00,28.5,0.42,159.38
2022-09-17 00:00:00,24.75,0.57,209.4
2022-09-17 01:00:00,24.5,0.85,219.2
2022-09-17 02:00:00,15.5,0.35,187.58
2022-09-17 03:00:00,10.25,0.4,133.2
2022-09-17 04:00:00,9.5,0.35,100.5
2022-09-17 05:00:00,14.75,0.25,130.22
2022-09-17 06:00:00,18.5,0.3,125.28
2022-09-17 07:00:00,24.25,0.48,83.52
2022-09-17 08:00:00,29.5,0.62,158.85
2022-09-17 09:00:00,34.0,0.68,191.55
2022-09-17 10:00:00,35.0,0.52,231.05
2022-09-17 11:00:00,38.75,0.52,241.3
2022-09-17 12:00:00,41.0,0.43,187.68
2022-09-17 13:00:00,40.75,0.68,193.65
2022-09-17 14:00:00,42.0,0.4,281.12
2022-09-17 15:00:00,47.25,0.48,208.62
2022-09-17 16:00:00,44.0,0.95,19.38
2022-09-17 17:00:00,42.25,1.5,19.65
2022-09-17 18:00:00,47.75,0.82,68.88
2022-09-17 19:00:00,52.25,0.82,35.02
2022-09-17 20:00:00,47.5,0.72,40.5
2022-09-17 21:00:00,36.25,0.42,75.65
2022-09-17 22:00:00,27.0,0.4,136.3
2022-09-17 23:00:00,32.5,0.38,145.1
2022-09-18 00:00:00,32.25,0.48,236.78
2022-09-18 01:00:00,32.5,0.25,176.38
2022-09-18 02:00:00,22.75,0.32,148.9
2022-09-18 03:00:00,24.75,0.25,167.6
2022-09-18 04:00:00,25.0,0.28,132.93
2022-09-18 05:00:00,27.25,0.4,78.82
2022-09-18 06:00:00,25.0,0.43,73.82
2022-09-18 07:00:00,27.0,0.35,158.25
2022-09-18 08:00:00,30.5,0.57,118.85
2022-09-18 09:00:00,21.5,0.45,251.0
2022-09-18 10:00:00,18.25,0.62,220.8
2022-09-18 11:00:00,27.0,0.5,244.77
2022-09-18 12:00:00,46.75,0.55,78.88
2022-09-18 13:00:00,64.0,0.55,97.5
2022-09-18 14:00:00,71.25,1.05,40.92
2022-09-18 15:00:00,64.0,1.0,30.95
2022-09-18 16:00:00,58.75,1.28,36.33
2022-09-18 17:00:00,59.5,0.72,51.45
2022-09-18 18:00:00,56.5,0.9,49.22
2022-09-18 19:00:00,63.75,0.85,43.7
2022-09-18 20:00:00,72.5,0.42,178.55
2022-09-18 21:00:00,75.25,0.58,208.7
2022-09-18 22:00:00,80.0,0.4,215.85
2022-09-18 23:00:00,83.0,0.45,218.32
2022-09-19 00:00:00,80.5,0.28,135.02
2022-09-19 01:00:00,78.25,0.4,204.02
2022-09-19 02:00:00,92.5,0.35,243.65
2022-09-19 03:00:00,87.25,0.6,242.75
2022-09-19 04:00:00,84.0,0.58,235.52
2022-09-19 05:00:00,81.5,0.62,222.0
2022-09-19 06:00:00,84.5,0.65,219.22
2022-09-19 07:00:00,92.0,0.57,222.2
2022-09-19 08:00:00,98.25,0.43,235.72
2022-09-19 09:00:00,86.25,0.45,138.12
2022-09-19 10:00:00,73.25,0.43,95.5
2022-09-19 11:00:00,68.0,1.27,37.53
2022-09-19 12:00:00,69.0,1.05,43.82
2022-09-19 13:00:00,71.25,1.55,33.0
2022-09-19 14:00:00,69.75,1.03,41.18
2022-09-19 15:00:00,74.75,1.13,174.52
2022-09-19 16:00:00,79.0,0.85,147.58
2022-09-19 17:00:00,60.25,0.68,50.45
2022-09-19 18:00:00,41.0,1.15,37.65
2022-09-19 19:00:00,47.75,0.57,74.82
2022-09-19 20:00:00,60.75,0.32,153.2
2022-09-19 21:00:00,67.0,0.48,204.7
2022-09-19 22:00:00,70.0,0.28,196.75
2022-09-19 23:00:00,72.0,0.25,202.63
2022-09-20 00:00:00,76.0,0.45,180.45
2022-09-20 01:00:00,68.5,0.2,161.85
2022-09-20 02:00:00,62.5,0.42,226.4
2022-09-20 03:00:00,60.0,0.35,149.62
2022-09-20 04:00:00,66.25,0.35,192.48
2022-09-20 05:00:00,67.0,0.18,148.2
2022-09-20 06:00:00,69.0,0.5,107.12
2022-09-20 07:00:00,75.0,0.95,31.1
2022-09-20 08:00:00,74.75,0.77,74.73
2022-09-20 09:00:00,64.25,0.8,77.95
2022-09-20 10:00:00,35.0,0.75,94.65
2022-09-20 11:00:00,33.0,0.72,68.82
2022-09-20 12:00:00,34.75,0.43,117.93
2022-09-20 13:00:00,37.75,0.85,55.9
2022-09-20 14:00:00,34.5,0.72,158.55
2022-09-20 15:00:00,42.5,0.82,148.07
2022-09-20 16:00:00,30.25,1.25,44.75
2022-09-20 17:00:00,18.75,0.4,175.0
2022-09-20 18:00:00,27.75,0.42,239.58
2022-09-20 19:00:00,30.0,0.45,156.5
2022-09-20 20:00:00,45.0,0.55,104.625
2022-09-20 21:00:00,60.0,0.65,52.75
2022-09-20 22:00:00,59.25,0.45,61.7
2022-09-20 23:00:00,54.25,0.33,148.98
2022-09-21 00:00:00,69.0,0.58,59.12
2022-09-21 01:00:00,77.75,0.68,65.18
2022-09-21 02:00:00,60.75,0.22,164.98
2022-09-21 03:00:00,65.5,0.37,204.3
2022-09-21 04:00:00,65.0,0.2,145.25
2022-09-21 05:00:00,67.5,0.55,235.48
2022-09-21 06:00:00,63.5,0.52,220.45
2022-09-21 07:00:00,56.5,0.5,212.88
2022-09-21 08:00:00,59.0,0.52,199.18
2022-09-21 09:00:00,60.5,0.48,106.12
2022-09-21 10:00:00,57.75,0.6,132.4
2022-09-21 11:00:00,63.0,0.75,92.55
2022-09-21 12:00:00,51.75,1.7,134.6
2022-09-21 13:00:00,18.0,0.65,127.3
2022-09-21 14:00:00,11.0,0.65,171.02
2022-09-21 15:00:00,12.25,0.48,159.35
2022-09-21 16:00:00,15.5,0.43,223.85
2022-09-21 17:00:00,15.25,0.68,226.82
2022-09-21 18:00:00,18.75,0.42,162.52
2022-09-21 19:00:00,21.0,0.98,49.15
2022-09-21 20:00:00,34.5,1.27,36.28
2022-09-21 21:00:00,44.5,1.42,31.15
2022-09-21 22:00:00,33.0,1.82,26.82
2022-09-21 23:00:00,27.5,1.4,29.75
2022-09-22 00:00:00,23.75,0.48,85.95
2022-09-22 01:00:00,33.0,0.62,51.72
2022-09-22 02:00:00,26.0,0.72,62.05
2022-09-22 03:00:00,23.0,0.4,100.28
2022-09-22 04:00:00,27.0,0.45,65.58
2022-09-22 05:00:00,28.5,0.6,47.25
2022-09-22 06:00:00,34.5,0.52,111.2
2022-09-22 07:00:00,38.0,0.58,47.65
2022-09-22 08:00:00,36.0,1.5,35.38
2022-09-22 09:00:00,36.25,1.35,38.52
2022-09-22 10:00:00,24.0,2.05,29.42
2022-09-22 11:00:00,14.75,2.52,28.1
2022-09-22 12:00:00,23.25,2.52,26.22
2022-09-22 13:00:00,22.25,1.63,34.58
2022-09-22 14:00:00,17.5,1.82,33.2
2022-09-22 15:00:00,20.0,0.98,43.18
2022-09-22 16:00:00,22.67,0.98,41.72
2022-09-22 17:00:00,24.0,0.68,49.22
2022-09-22 18:00:00,28.25,0.5,87.85
2022-09-22 19:00:00,24.0,0.78,81.72
2022-09-22 20:00:00,30.25,0.25,77.03
2022-09-22 21:00:00,40.5,1.05,48.6
2022-09-22 22:00:00,37.5,1.02,35.4
2022-09-22 23:00:00,24.0,1.15,32.52
2022-09-23 00:00:00,21.0,1.17,45.22
2022-09-23 01:00:00,18.0,0.57,61.68
2022-09-23 02:00:00,15.5,0.9,58.8
2022-09-23 03:00:00,9.25,0.65,99.78
2022-09-23 04:00:00,12.5,0.68,125.65
2022-09-23 05:00:00,10.25,0.7,124.38
2022-09-23 06:00:00,8.0,0.5,104.28
2022-09-23 07:00:00,18.666666666666664,0.68,40.75
2022-09-23 08:00:00,29.333333333333332,0.9,40.52
2022-09-23 09:00:00,40.0,1.3,30.95
2022-09-23 10:00:00,43.0,1.02,33.15
2022-09-23 11:00:00,51.5,0.62,64.95
2022-09-23 12:00:00,49.5,0.88,112.57
2022-09-23 13:00:00,49.0,0.6,113.8
2022-09-23 14:00:00,53.0,0.52,65.53
2022-09-23 15:00:00,46.75,0.95,61.28
2022-09-23 16:00:00,19.0,1.22,31.55
2022-09-23 17:00:00,20.5,1.15,30.3
2022-09-23 18:00:00,27.5,0.82,33.62
2022-09-23 19:00:00,36.5,1.03,26.58
2022-09-23 20:00:00,44.75,0.75,43.68
2022-09-23 21:00:00,55.25,0.77,44.9
2022-09-23 22:00:00,46.75,0.88,57.8
2022-09-23 23:00:00,26.5,0.48,68.18
2022-09-24 00:00:00,23.5,0.55,74.05
2022-09-24 01:00:00,28.0,0.62,53.38
2022-09-24 02:00:00,27.75,0.72,47.55
2022-09-24 03:00:00,29.75,0.4,69.05
2022-09-24 04:00:00,36.75,0.62,59.85
2022-09-24 05:00:00,31.75,0.73,80.5
2022-09-24 06:00:00,25.25,0.77,69.65
2022-09-24 07:00:00,19.0,0.7,87.22
2022-09-24 08:00:00,24.75,0.78,97.82
2022-09-24 09:00:00,25.0,0.88,93.52
2022-09-24 10:00:00,27.75,0.85,108.7
2022-09-24 11:00:00,27.0,1.08,112.52
2022-09-24 12:00:00,28.5,0.92,113.75
2022-09-24 13:00:00,30.0,0.88,108.52
2022-09-24 14:00:00,30.25,0.98,114.68
2022-09-24 15:00:00,30.5,1.0,132.18
2022-09-24 16:00:00,29.0,1.25,178.42
2022-09-24 17:00:00,18.0,1.23,179.8
2022-09-24 18:00:00,18.0,0.9,159.43
2022-09-24 19:00:00,17.75,0.98,156.38
2022-09-24 20:00:00,17.5,0.9,133.07
2022-09-24 21:00:00,17.25,0.82,158.38
2022-09-24 22:00:00,17.0,0.82,161.12
2022-09-24 23:00:00,17.75,0.85,146.9
2022-09-25 00:00:00,20.0,0.8,161.7
2022-09-25 01:00:00,16.0,0.68,183.82
2022-09-25 02:00:00,16.75,0.7,183.55
2022-09-25 03:00:00,20.25,0.75,207.02
2022-09-25 04:00:00,22.75,0.77,212.75
2022-09-25 05:00:00,19.0,1.23,227.27
2022-09-25 06:00:00,14.0,0.9,228.65
2022-09-25 07:00:00,9.0,1.05,224.23
2022-09-25 08:00:00,9.0,1.0,226.05
2022-09-25 09:00:00,9.0,0.62,225.18
2022-09-25 10:00:00,10.25,0.75,226.15
2022-09-25 11:00:00,14.0,0.55,237.8
2022-09-25 12:00:00,14.0,0.6,259.4
2022-09-25 13:00:00,14.0,0.48,243.25
2022-09-25 14:00:00,15.5,0.73,230.82
2022-09-25 15:00:00,18.5,0.78,228.35
2022-09-25 16:00:00,15.5,0.62,84.55
2022-09-25 17:00:00,19.25,0.23,118.32
2022-09-25 18:00:00,19.5,0.48,86.1
2022-09-25 19:00:00,27.25,0.32,182.35
2022-09-25 20:00:00,31.25,0.35,152.6
2022-09-25 21:00:00,45.0,0.32,141.75
2022-09-25 22:00:00,54.5,0.28,182.55
2022-09-25 23:00:00,48.0,0.25,176.22
2022-09-26 00:00:00,51.0,0.25,177.68
2022-09-26 01:00:00,50.75,0.2,231.6
2022-09-26 02:00:00,50.0,0.2,155.8
2022-09-26 03:00:00,50.25,0.48,232.78
2022-09-26 04:00:00,50.75,0.3,222.8
2022-09-26 05:00:00,57.5,0.52,45.75
2022-09-26 06:00:00,80.0,0.62,50.75
2022-09-26 07:00:00,83.0,0.52,66.35
2022-09-26 08:00:00,83.0,0.52,170.15
2022-09-26 09:00:00,79.75,0.4,226.87
2022-09-26 10:00:00,65.75,0.38,215.48
2022-09-26 11:00:00,48.25,0.52,280.95
2022-09-26 12:00:00,33.25,0.3,151.07
2022-09-26 13:00:00,32.0,0.7,169.12
2022-09-26 14:00:00,35.75,1.08,40.67
2022-09-26 15:00:00,37.5,1.3,36.3
2022-09-26 16:00:00,36.0,0.42,271.95
2022-09-26 17:00:00,37.5,0.75,204.08
2022-09-26 18:00:00,40.25,0.45,272.55
2022-09-26 19:00:00,36.0,0.1,163.9
2022-09-26 20:00:00,40.5,0.28,133.2
2022-09-26 21:00:00,43.25,0.18,234.67
2022-09-26 22:00:00,39.75,0.35,117.22
2022-09-26 23:00:00,44.75,0.62,214.75
2022-09-27 00:00:00,44.25,0.3,217.9
2022-09-27 01:00:00,41.25,0.2,231.2
2022-09-27 02:00:00,29.75,0.57,228.85
2022-09-27 03:00:00,30.5,0.45,234.05
2022-09-27 04:00:00,36.0,0.45,210.27
2022-09-27 05:00:00,37.75,0.35,266.62
2022-09-27 06:00:00,36.5,0.35,172.0
2022-09-27 07:00:00,46.0,0.6,209.55
2022-09-27 08:00:00,53.0,0.57,216.1
2022-09-27 09:00:00,52.25,0.38,257.92
2022-09-27 10:00:00,39.25,0.57,248.8
2022-09-27 11:00:00,36.75,0.7,257.68
2022-09-27 12:00:00,46.25,0.58,265.15
2022-09-27 13:00:00,46.25,0.68,239.05
2022-09-27 14:00:00,32.25,0.9,242.58
2022-09-27 15:00:00,26.75,0.68,245.05
2022-09-27 16:00:00,35.0,0.22,193.15
2022-09-27 17:00:00,35.0,0.8,46.1
2022-09-27 18:00:00,35.25,0.65,62.28
2022-09-27 19:00:00,38.75,0.88,48.27
2022-09-27 20:00:00,48.5,0.55,69.5
2022-09-27 21:00:00,52.75,0.35,174.75
2022-09-27 22:00:00,53.25,0.35,166.48
2022-09-27 23:00:00,59.5,0.48,210.55
2022-09-28 00:00:00,65.75,0.45,213.35
2022-09-28 01:00:00,60.5,0.5,224.6
2022-09-28 02:00:00,56.5,0.52,228.38
2022-09-28 03:00:00,58.25,0.28,211.5
2022-09-28 04:00:00,59.75,0.3,263.98
2022-09-28 05:00:00,61.25,0.52,246.2
2022-09-28 06:00:00,59.5,0.48,238.75
2022-09-28 07:00:00,61.0,0.58,220.9
2022-09-28 08:00:00,59.0,0.27,180.52
2022-09-28 09:00:00,48.75,0.5,237.25
2022-09-28 10:00:00,38.75,0.75,237.65
2022-09-28 11:00:00,46.5,0.77,233.38
2022-09-28 12:00:00,49.0,0.9,250.62
2022-09-28 13:00:00,61.0,0.6,263.5
2022-09-28 14:00:00,54.5,0.7,246.77
2022-09-28 15:00:00,35.0,0.65,239.22
2022-09-28 16:00:00,29.0,0.57,272.62
2022-09-28 17:00:00,30.5,0.33,223.92
2022-09-28 18:00:00,35.75,0.25,173.02
2022-09-28 19:00:00,43.75,1.25,37.4
2022-09-28 20:00:00,62.75,0.88,44.4
2022-09-28 21:00:00,69.0,0.28,166.25
2022-09-28 22:00:00,70.0,0.48,205.45
2022-09-28 23:00:00,64.5,0.3,241.88
2022-09-29 00:00:00,66.75,0.42,222.65
2022-09-29 01:00:00,68.75,0.4,217.98
2022-09-29 02:00:00,66.5,0.32,228.08
2022-09-29 03:00:00,62.25,0.25,202.6
2022-09-29 04:00:00,63.75,0.35,203.7
2022-09-29 05:00:00,66.5,0.3,192.7
2022-09-29 06:00:00,73.25,0.5,250.75
2022-09-29 07:00:00,89.5,0.3,212.42
2022-09-29 08:00:00,89.0,0.58,100.52
2022-09-29 09:00:00,79.0,0.32,240.02
2022-09-29 10:00:00,64.5,0.57,247.8
2022-09-29 11:00:00,56.0,0.75,235.32
2022-09-29 12:00:00,52.75,0.75,248.98
2022-09-29 13:00:00,51.0,0.65,254.42
2022-09-29 14:00:00,46.5,0.55,269.88
2022-09-29 15:00:00,41.5,0.4,291.8
2022-09-29 16:00:00,39.75,0.7,274.77
2022-09-29 17:00:00,39.25,0.9,282.27
2022-09-29 18:00:00,43.25,0.52,207.48
2022-09-29 19:00:00,54.25,0.45,163.9
2022-09-29 20:00:00,61.75,1.42,28.83
2022-09-29 21:00:00,74.5,0.25,116.62
2022-09-29 22:00:00,81.5,0.23,171.65
2022-09-29 23:00:00,88.25,0.4,203.85
2022-09-30 00:00:00,84.75,0.55,217.7
2022-09-30 01:00:00,80.75,0.4,235.75
2022-09-30 02:00:00,81.5,0.4,245.23
2022-09-30 03:00:00,86.0,0.43,231.7
2022-09-30 04:00:00,87.0,0.68,232.55
2022-09-30 05:00:00,91.25,0.65,239.9
2022-09-30 06:00:00,94.25,0.6,233.88
2022-09-30 07:00:00,93.75,0.42,215.72
2022-09-30 08:00:00,99.5,0.62,219.95
2022-09-30 09:00:00,99.25,0.5,241.58
2022-09-30 10:00:00,87.25,0.32,238.75
2022-09-30 11:00:00,82.9375,0.39,249.6125
2022-09-30 12:00:00,78.625,0.45999999999999996,260.475
2022-09-30 13:00:00,74.3125,0.53,271.3375
2022-09-30 14:00:00,70.0,0.6,282.2
2022-09-30 15:00:00,66.5,0.85,266.22
2022-09-30 16:00:00,58.75,0.45,149.62
2022-09-30 17:00:00,67.0,0.42,287.48
2022-09-30 18:00:00,67.5,0.6,262.77
2022-09-30 19:00:00,70.0,0.28,187.32
2022-09-30 20:00:00,76.0,0.32,158.55
2022-09-30 21:00:00,87.5,0.32,173.68
2022-09-30 22:00:00,95.5,0.52,212.68
2022-09-30 23:00:00,98.0,0.52,221.12
2022-10-01 00:00:00,100.75,0.48,175.1
2022-10-01 01:00:00,99.25,0.25,263.75
2022-10-01 02:00:00,96.25,0.48,233.8
2022-10-01 03:00:00,93.5,0.55,224.68
2022-10-01 04:00:00,94.0,0.62,230.55
2022-10-01 05:00:00,100.5,0.52,248.42
2022-10-01 06:00:00,104.0,0.62,221.5
2022-10-01 07:00:00,111.0,0.48,214.35
2022-10-01 08:00:00,114.5,0.65,215.95
2022-10-01 09:00:00,112.25,0.7,224.3
2022-10-01 10:00:00,98.0,0.57,227.58
2022-10-01 11:00:00,85.0,0.6,258.92
2022-10-01 12:00:00,70.0,0.98,263.6
2022-10-01 13:00:00,58.5,0.68,251.6
2022-10-01 14:00:00,51.0,0.73,263.55
2022-10-01 15:00:00,49.75,0.48,296.35
2022-10-01 16:00:00,46.0,0.6,269.7
2022-10-01 17:00:00,59.0,0.45,274.23
2022-10-01 18:00:00,59.5,0.25,155.43
2022-10-01 19:00:00,63.75,0.4,187.72
2022-10-01 20:00:00,72.75,0.42,183.25
2022-10-01 21:00:00,79.75,0.4,187.55
2022-10-01 22:00:00,95.75,0.28,159.6
2022-10-01 23:00:00,102.5,0.32,180.42
2022-10-02 00:00:00,109.5,0.23,133.28
2022-10-02 01:00:00,114.0,0.38,172.85
2022-10-02 02:00:00,103.75,0.45,245.5
2022-10-02 03:00:00,97.75,0.68,224.7
2022-10-02 04:00:00,93.0,0.48,235.9
2022-10-02 05:00:00,99.75,0.6,235.02
2022-10-02 06:00:00,103.25,0.55,247.48
2022-10-02 07:00:00,106.75,0.55,230.92
2022-10-02 08:00:00,104.75,0.77,218.75
2022-10-02 09:00:00,101.0,0.43,256.92
2022-10-02 10:00:00,68.0,0.78,236.12
2022-10-02 11:00:00,69.5,0.77,251.1
2022-10-02 12:00:00,69.25,0.88,268.58
2022-10-02 13:00:00,51.0,0.73,280.62
2022-10-02 14:00:00,36.0,0.98,275.82
2022-10-02 15:00:00,28.75,0.68,273.92
2022-10-02 16:00:00,35.5,0.85,270.4
2022-10-02 17:00:00,39.75,0.88,281.42
2022-10-02 18:00:00,40.5,0.52,276.38
2022-10-02 19:00:00,47.0,0.6,275.53
2022-10-02 20:00:00,52.5,0.57,264.08
2022-10-02 21:00:00,49.75,0.52,242.55
2022-10-02 22:00:00,46.25,0.7,228.48
2022-10-02 23:00:00,45.75,0.65,229.2
2022-10-03 00:00:00,42.5,0.62,227.32
2022-10-03 01:00:00,42.75,0.7,230.6
2022-10-03 02:00:00,39.0,0.57,225.8
2022-10-03 03:00:00,37.75,0.73,231.58
2022-10-03 04:00:00,36.0,0.75,228.05
2022-10-03 05:00:00,44.0,0.65,227.8
2022-10-03 06:00:00,50.25,0.62,222.68
2022-10-03 07:00:00,52.5,0.5,218.88
2022-10-03 08:00:00,57.5,0.35,218.5
2022-10-03 09:00:00,61.5,0.5,261.17
2022-10-03 10:00:00,66.25,0.7,270.73
2022-10-03 11:00:00,54.5,0.88,269.82
2022-10-03 12:00:00,41.75,0.85,274.75
2022-10-03 13:00:00,33.0,1.0,270.8
2022-10-03 14:00:00,27.25,1.3,280.35
2022-10-03 15:00:00,28.75,1.38,282.67
2022-10-03 16:00:00,31.5,1.25,277.05
2022-10-03 17:00:00,33.25,1.12,282.35
2022-10-03 18:00:00,34.25,0.95,281.52
2022-10-03 19:00:00,34.0,0.95,281.42
2022-10-03 20:00:00,31.0,0.68,270.32
2022-10-03 21:00:00,33.0,0.55,226.35
2022-10-03 22:00:00,38.25,0.62,268.6
2022-10-03 23:00:00,35.75,1.1,279.92
2022-10-04 00:00:00,34.0,0.82,272.77
2022-10-04 01:00:00,32.0,0.38,248.62
2022-10-04 02:00:00,36.25,0.6,245.0
2022-10-04 03:00:00,41.75,0.35,259.25
2022-10-04 04:00:00,48.5,0.35,247.18
2022-10-04 05:00:00,52.5,0.62,240.48
2022-10-04 06:00:00,50.25,0.68,226.8
2022-10-04 07:00:00,50.0,0.77,224.9
2022-10-04 08:00:00,59.5,0.5,219.2
2022-10-04 09:00:00,74.0,0.32,245.68
2022-10-04 10:00:00,87.5,0.5,237.88
2022-10-04 11:00:00,94.75,0.57,276.58
2022-10-04 12:00:00,94.25,0.68,255.12
2022-10-04 13:00:00,69.75,0.5,242.22
2022-10-04 14:00:00,70.75,0.77,235.45
2022-10-04 15:00:00,55.5,0.6,201.35
2022-10-04 16:00:00,47.75,0.45,259.6
2022-10-04 17:00:00,50.75,0.68,273.48
2022-10-04 18:00:00,65.0,0.57,260.25
2022-10-04 19:00:00,77.0,0.6,210.73
2022-10-04 20:00:00,85.5,0.58,215.6
2022-10-04 21:00:00,82.25,0.48,207.48
2022-10-04 22:00:00,77.5,0.35,222.38
2022-10-04 23:00:00,78.5,0.22,212.18
2022-10-05 00:00:00,88.0,0.38,186.8
2022-10-05 01:00:00,126.5,0.43,94.32
2022-10-05 02:00:00,139.75,0.43,89.75
2022-10-05 03:00:00,126.0,0.25,89.48
2022-10-05 04:00:00,112.0,0.32,101.82
2022-10-05 05:00:00,107.0,0.57,70.55
2022-10-05 06:00:00,110.25,0.25,130.62
2022-10-05 07:00:00,114.25,0.52,178.82
2022-10-05 08:00:00,126.75,0.5,83.78
2022-10-05 09:00:00,138.75,0.73,209.15
2022-10-05 10:00:00,149.25,0.48,198.08
2022-10-05 11:00:00,142.75,0.55,244.72
2022-10-05 12:00:00,126.5,0.65,132.38
2022-10-05 13:00:00,112.25,0.47,151.45
2022-10-05 14:00:00,98.75,0.88,111.28
2022-10-05 15:00:00,85.75,0.78,148.78
2022-10-05 16:00:00,65.5,0.8,103.8
2022-10-05 17:00:00,57.25,0.62,124.07
2022-10-05 18:00:00,47.0,0.52,139.25
2022-10-05 19:00:00,50.5,0.55,172.95
2022-10-05 20:00:00,53.5,0.33,131.38
2022-10-05 21:00:00,58.75,0.4,79.68
2022-10-05 22:00:00,61.0,0.55,116.12
2022-10-05 23:00:00,54.75,0.85,140.95
2022-10-06 00:00:00,35.5,0.78,135.93
2022-10-06 01:00:00,32.5,0.62,128.4
2022-10-06 02:00:00,28.0,0.6,124.92
2022-10-06 03:00:00,18.0,0.52,99.25
2022-10-06 04:00:00,8.0,0.6,78.15
2022-10-06 05:00:00,8.0,0.75,111.6
2022-10-06 06:00:00,9.666666666666666,0.72,148.3
2022-10-06 07:00:00,11.333333333333334,0.55,101.57
2022-10-06 08:00:00,13.0,0.82,107.18
2022-10-06 09:00:00,13.0,0.92,130.65
2022-10-06 10:00:00,12.5,1.12,150.65
2022-10-06 11:00:00,11.25,1.15,165.6
2022-10-06 12:00:00,11.25,1.08,157.52
2022-10-06 13:00:00,8.5,0.95,161.45
2022-10-06 14:00:00,6.0,1.0,97.1
2022-10-06 15:00:00,5.25,0.9,120.9
2022-10-06 16:00:00,13.0,0.9,111.82
2022-10-06 17:00:00,15.5,0.8,111.42
2022-10-06 18:00:00,13.75,1.1,124.18
2022-10-06 19:00:00,12.5,1.05,121.85
2022-10-06 20:00:00,10.0,1.05,123.4
2022-10-06 21:00:00,8.5,1.02,120.05
2022-10-06 22:00:00,13.0,0.88,120.28
2022-10-06 23:00:00,15.0,0.62,89.98
2022-10-07 00:00:00,17.0,0.95,118.35
2022-10-07 01:00:00,19.0,0.72,83.58
2022-10-07 02:00:00,19.0,0.62,117.25
2022-10-07 03:00:00,18.5,0.6,74.3
2022-10-07 04:00:00,18.0,0.7,66.3
2022-10-07 05:00:00,18.0,0.6,76.12
2022-10-07 06:00:00,19.0,0.7,68.95
2022-10-07 07:00:00,20.0,0.72,73.38
2022-10-07 08:00:00,18.25,0.9,65.75
2022-10-07 09:00:00,15.25,1.1,112.1
2022-10-07 10:00:00,19.5,0.78,126.7
2022-10-07 11:00:00,13.0,0.8,147.48
2022-10-07 12:00:00,15.0,0.57,104.0
2022-10-07 13:00:00,13.25,0.6,85.5
2022-10-07 14:00:00,17.25,0.65,74.72
2022-10-07 15:00:00,18.0,0.7,50.97
2022-10-07 16:00:00,20.5,0.78,44.18
2022-10-07 17:00:00,31.25,0.98,39.7
2022-10-07 18:00:00,38.5,0.77,49.65
2022-10-07 19:00:00,28.75,0.38,77.18
2022-10-07 20:00:00,22.0,0.65,102.92
2022-10-07 21:00:00,19.0,0.72,122.58
2022-10-07 22:00:00,19.0,0.72,121.02
2022-10-07 23:00:00,17.5,0.7,120.72
2022-10-08 00:00:00,16.0,0.55,108.98
2022-10-08 01:00:00,16.0,0.52,68.38
2022-10-08 02:00:00,17.75,0.73,54.68
2022-10-08 03:00:00,19.5,0.98,39.45
2022-10-08 04:00:00,9.0,0.7,57.35
2022-10-08 05:00:00,13.0,0.65,65.97
2022-10-08 06:00:00,13.0,0.65,58.68
2022-10-08 07:00:00,14.5,0.57,61.12
2022-10-08 08:00:00,16.0,0.55,92.43
2022-10-08 09:00:00,16.0,0.65,81.03
2022-10-08 10:00:00,14.625,0.8,60.97
2022-10-08 11:00:00,13.25,0.65,73.45
2022-10-08 12:00:00,11.875,0.68,64.7
2022-10-08 13:00:00,,0.65,52.45
2022-10-08 14:00:00,,0.68,58.78
2022-10-08 15:00:00,,0.9,62.3
2022-10-08 16:00:00,,0.7,89.45
2022-10-08 17:00:00,5.0,0.85,107.4
2022-10-08 18:00:00,5.25,0.82,117.12
2022-10-08 19:00:00,6.75,0.88,118.82
2022-10-08 20:00:00,9.5,0.9,109.55
2022-10-08 21:00:00,10.0,0.75,100.7
2022-10-08 22:00:00,6.0,0.75,95.55
2022-10-08 23:00:00,2.5,0.65,89.38
2022-10-09 00:00:00,1.0,0.65,53.2
2022-10-09 01:00:00,3.5,0.72,43.6
2022-10-09 02:00:00,6.0,0.9,34.7
2022-10-09 03:00:00,6.5,0.95,35.52
2022-10-09 04:00:00,8.0,0.95,34.43
2022-10-09 05:00:00,8.0,0.95,33.1
2022-10-09 06:00:00,9.0,0.65,41.18
2022-10-09 07:00:00,11.75,0.65,44.4
2022-10-09 08:00:00,11.0,0.72,51.95
2022-10-09 09:00:00,11.0,0.52,66.47
2022-10-09 10:00:00,9.666666666666666,0.77,63.08
2022-10-09 11:00:00,8.333333333333334,0.6,74.95
2022-10-09 12:00:00,7.0,0.8,51.65
2022-10-09 13:00:00,6.75,0.82,46.53
2022-10-09 14:00:00,6.0,0.82,48.28
2022-10-09 15:00:00,6.0,1.0,37.98
2022-10-09 16:00:00,5.25,0.92,53.0
2022-10-09 17:00:00,4.0,0.95,36.92
2022-10-09 18:00:00,8.25,0.78,43.52
2022-10-09 19:00:00,12.0,0.8,38.23
2022-10-09 20:00:00,14.2,0.68,43.5
2022-10-09 21:00:00,16.4,0.6,54.68
2022-10-09 22:00:00,18.6,0.73,62.1
2022-10-09 23:00:00,,0.77,47.25
2022-10-10 00:00:00,23.0,0.68,52.58
2022-10-10 01:00:00,19.0,0.72,44.15
2022-10-10 02:00:00,8.25,0.77,55.32
2022-10-10 03:00:00,11.25,0.8,65.18
2022-10-10 04:00:00,9.75,0.7,56.95
2022-10-10 05:00:00,12.0,0.73,54.2
2022-10-10 06:00:00,12.0,0.68,60.25
2022-10-10 07:00:00,10.0,0.75,56.08
2022-10-10 08:00:00,8.0,0.7,51.32
2022-10-10 09:00:00,8.0,0.73,67.0
2022-10-10 10:00:00,7.666666666666667,0.65,76.15
2022-10-10 11:00:00,7.333333333333333,0.68,98.12
2022-10-10 12:00:00,7.0,0.72,94.72
2022-10-10 13:00:00,6.5,0.5,89.42
2022-10-10 14:00:00,6.75,0.77,41.4
2022-10-10 15:00:00,14.0,0.68,50.98
2022-10-10 16:00:00,20.75,0.68,56.92
2022-10-10 17:00:00,22.25,0.55,60.53
2022-10-10 18:00:00,21.25,0.48,95.35
2022-10-10 19:00:00,23.5,0.6,117.95
2022-10-10 20:00:00,19.0,0.43,124.6
2022-10-10 21:00:00,17.5,0.4,103.98
2022-10-10 22:00:00,16.0,0.32,126.82
2022-10-10 23:00:00,14.5,0.28,96.45
2022-10-11 00:00:00,13.0,0.42,157.22
2022-10-11 01:00:00,13.0,0.55,139.43
2022-10-11 02:00:00,16.0,0.4,138.85
2022-10-11 03:00:00,17.0,0.6,152.27
2022-10-11 04:00:00,20.0,0.52,158.3
2022-10-11 05:00:00,22.333333333333332,0.55,230.58
2022-10-11 06:00:00,24.666666666666668,0.32,226.52
2022-10-11 07:00:00,27.0,0.32,198.1
2022-10-11 08:00:00,33.0,0.35,249.8
2022-10-11 09:00:00,42.5,0.38,133.25
2022-10-11 10:00:00,36.75,0.5,131.38
2022-10-11 11:00:00,42.0,0.75,95.2
2022-10-11 12:00:00,51.0,1.05,41.55
2022-10-11 13:00:00,48.0,0.75,76.55
2022-10-11 14:00:00,37.75,0.85,64.08
2022-10-11 15:00:00,34.0,0.68,111.38
2022-10-11 16:00:00,31.5,0.75,113.28
2022-10-11 17:00:00,25.75,0.35,126.38
2022-10-11 18:00:00,33.75,0.2,179.23
2022-10-11 19:00:00,43.25,0.3,177.68
2022-10-11 20:00:00,50.5,0.25,144.38
2022-10-11 21:00:00,60.25,0.35,173.22
2022-10-11 22:00:00,60.5,0.32,186.48
2022-10-11 23:00:00,67.0,0.5,203.45
2022-10-12 00:00:00,64.0,0.25,206.28
2022-10-12 01:00:00,64.75,0.4,243.22
2022-10-12 02:00:00,65.5,0.42,190.4
2022-10-12 03:00:00,61.25,0.48,249.4
2022-10-12 04:00:00,61.0,0.38,201.88
2022-10-12 05:00:00,57.75,0.3,231.85
2022-10-12 06:00:00,59.25,0.3,217.12
2022-10-12 07:00:00,71.0,0.5,240.05
2022-10-12 08:00:00,89.75,0.8,227.02
2022-10-12 09:00:00,103.25,0.57,225.65
2022-10-12 10:00:00,105.25,0.5,140.27
2022-10-12 11:00:00,85.5,0.62,117.2
2022-10-12 12:00:00,71.0,0.45,126.98
2022-10-12 13:00:00,74.5,0.25,95.35
2022-10-12 14:00:00,67.25,0.43,152.72
2022-10-12 15:00:00,63.0,0.75,226.5
2022-10-12 16:00:00,45.75,0.55,233.82
2022-10-12 17:00:00,39.0,0.55,251.4
2022-10-12 18:00:00,58.0,0.38,290.85
2022-10-12 19:00:00,59.0,0.45,260.2
2022-10-12 20:00:00,60.75,0.43,270.5
2022-10-12 21:00:00,56.0,0.57,276.9
2022-10-12 22:00:00,51.5,0.68,264.12
2022-10-12 23:00:00,47.25,0.6,256.38
2022-10-13 00:00:00,49.0,0.68,230.95
2022-10-13 01:00:00,50.25,0.5,230.12
2022-10-13 02:00:00,42.25,0.5,240.92
2022-10-13 03:00:00,35.5,0.52,251.18
2022-10-13 04:00:00,43.0,0.73,238.6
2022-10-13 05:00:00,52.25,0.9,230.15
2022-10-13 06:00:00,55.0,0.57,234.8
2022-10-13 07:00:00,60.5,0.43,229.65
2022-10-13 08:00:00,58.25,0.45,221.8
2022-10-13 09:00:00,56.0,0.6,234.05
2022-10-13 10:00:00,54.0,0.62,252.28
2022-10-13 11:00:00,48.75,0.68,258.75
2022-10-13 12:00:00,49.5,0.5,233.88
2022-10-13 13:00:00,42.5,0.6,254.45
2022-10-13 14:00:00,35.0,0.73,263.65
2022-10-13 15:00:00,32.25,0.82,273.9
2022-10-13 16:00:00,23.5,0.88,268.77
2022-10-13 17:00:00,23.5,0.62,271.05
2022-10-13 18:00:00,30.0,0.48,237.75
2022-10-13 19:00:00,41.75,0.52,242.3
2022-10-13 20:00:00,59.75,0.62,239.5
2022-10-13 21:00:00,65.0,0.7,274.08
2022-10-13 22:00:00,78.0,0.6,269.73
2022-10-13 23:00:00,89.0,0.75,232.3
2022-10-14 00:00:00,87.5,0.8,230.37
2022-10-14 01:00:00,87.25,0.77,234.45
2022-10-14 02:00:00,74.0,0.62,236.15
2022-10-14 03:00:00,78.75,0.65,239.75
2022-10-14 04:00:00,84.25,0.62,217.45
2022-10-14 05:00:00,86.75,0.8,232.68
2022-10-14 06:00:00,91.0,0.45,226.35
2022-10-14 07:00:00,86.25,0.25,220.5
2022-10-14 08:00:00,83.75,0.48,243.48
2022-10-14 09:00:00,87.25,0.62,272.8
2022-10-14 10:00:00,67.75,0.4,157.57
2022-10-14 11:00:00,52.75,0.88,215.02
2022-10-14 12:00:00,53.0,0.6,212.25
2022-10-14 13:00:00,46.75,0.3,204.6
2022-10-14 14:00:00,45.75,0.32,286.1
2022-10-14 15:00:00,44.75,0.62,267.88
2022-10-14 16:00:00,46.0,0.62,269.27
2022-10-14 17:00:00,54.5,0.52,259.6
2022-10-14 18:00:00,63.0,0.6,225.2
2022-10-14 19:00:00,68.25,0.55,230.73
2022-10-14 20:00:00,77.25,0.62,236.58
2022-10-14 21:00:00,83.75,0.62,241.75
2022-10-14 22:00:00,84.5,0.58,263.88
2022-10-14 23:00:00,89.75,0.5,242.02
2022-10-15 00:00:00,96.5,0.55,244.38
2022-10-15 01:00:00,104.75,0.68,232.9
2022-10-15 02:00:00,88.0,0.78,235.82
2022-10-15 03:00:00,86.25,0.68,243.15
2022-10-15 04:00:00,93.25,0.62,235.08
2022-10-15 05:00:00,113.25,0.6,235.38
2022-10-15 06:00:00,139.25,0.7,233.12
2022-10-15 07:00:00,124.0,0.45,224.68
2022-10-15 08:00:00,122.0,0.6,222.45
2022-10-15 09:00:00,121.75,0.55,256.83
2022-10-15 10:00:00,103.25,0.75,267.08
2022-10-15 11:00:00,75.0,1.0,276.15
2022-10-15 12:00:00,66.5,0.3,151.32
2022-10-15 13:00:00,59.0,0.45,108.95
2022-10-15 14:00:00,45.0,0.45,87.78
2022-10-15 15:00:00,45.5,0.65,174.52
2022-10-15 16:00:00,49.0,0.62,228.55
2022-10-15 17:00:00,55.0,0.62,223.68
2022-10-15 18:00:00,58.5,0.4,205.35
2022-10-15 19:00:00,72.0,0.42,227.02
2022-10-15 20:00:00,84.5,0.65,240.08
2022-10-15 21:00:00,94.75,0.62,236.1
2022-10-15 22:00:00,98.25,0.32,223.05
2022-10-15 23:00:00,110.0,0.57,245.22
2022-10-16 00:00:00,106.5,0.65,241.55
2022-10-16 01:00:00,106.25,0.68,229.12
2022-10-16 02:00:00,110.75,0.57,240.25
2022-10-16 03:00:00,114.25,0.55,226.98
2022-10-16 04:00:00,119.25,0.48,248.9
2022-10-16 05:00:00,120.75,0.45,236.78
2022-10-16 06:00:00,113.75,0.42,241.4
2022-10-16 07:00:00,114.5,0.55,221.62
2022-10-16 08:00:00,123.75,0.52,216.6
2022-10-16 09:00:00,135.75,0.78,42.55
2022-10-16 10:00:00,130.0,0.28,143.23
2022-10-16 11:00:00,127.5,0.78,102.1
2022-10-16 12:00:00,108.75,1.25,135.3
2022-10-16 13:00:00,103.5,0.68,147.32
2022-10-16 14:00:00,103.0,0.48,150.5
2022-10-16 15:00:00,81.5,0.65,216.4
2022-10-16 16:00:00,63.0,0.75,227.15
2022-10-16 17:00:00,66.5,0.5,217.02
2022-10-16 18:00:00,69.25,0.35,226.05
2022-10-16 19:00:00,75.5,0.55,219.98
2022-10-16 20:00:00,84.5,0.57,219.18
2022-10-16 21:00:00,90.75,0.6,230.45
2022-10-16 22:00:00,97.25,0.4,232.72
2022-10-16 23:00:00,102.25,0.45,240.18
2022-10-17 00:00:00,107.5,0.6,245.1
2022-10-17 01:00:00,112.25,0.62,239.65
2022-10-17 02:00:00,115.0,0.4,230.18
2022-10-17 03:00:00,119.0,0.38,226.98
2022-10-17 04:00:00,111.0,0.33,259.12
2022-10-17 05:00:00,105.75,0.4,184.45
2022-10-17 06:00:00,109.5,0.28,210.82
2022-10-17 07:00:00,122.75,0.3,202.6
2022-10-17 08:00:00,144.25,0.25,185.7
2022-10-17 09:00:00,122.5,0.58,79.35
2022-10-17 10:00:00,98.0,0.55,123.02
2022-10-17 11:00:00,91.25,0.68,202.78
2022-10-17 12:00:00,89.0,0.88,187.1
2022-10-17 13:00:00,89.5,0.85,182.38
2022-10-17 14:00:00,89.25,0.85,226.65
2022-10-17 15:00:00,78.25,0.98,228.12
2022-10-17 16:00:00,62.5,0.95,227.73
2022-10-17 17:00:00,66.25,0.55,223.7
2022-10-17 18:00:00,66.25,0.25,224.82
2022-10-17 19:00:00,79.5,0.48,236.7
2022-10-17 20:00:00,101.25,0.5,227.5
2022-10-17 21:00:00,112.0,0.5,243.1
2022-10-17 22:00:00,127.0,0.42,236.55
2022-10-17 23:00:00,138.75,0.55,243.38
2022-10-18 00:00:00,147.0,0.55,226.52
2022-10-18 01:00:00,134.0,0.32,230.62
2022-10-18 02:00:00,133.75,0.4,243.85
2022-10-18 03:00:00,133.5,0.6,237.38
2022-10-18 04:00:00,134.5,0.45,245.12
2022-10-18 05:00:00,133.75,0.57,235.55
2022-10-18 06:00:00,135.25,0.58,233.32
2022-10-18 07:00:00,131.5,0.43,226.65
2022-10-18 08:00:00,124.5,0.55,213.62
2022-10-18 09:00:00,108.75,0.5,218.6
2022-10-18 10:00:00,81.75,1.18,222.35
2022-10-18 11:00:00,75.75,0.7,177.25
2022-10-18 12:00:00,76.75,0.9,130.75
2022-10-18 13:00:00,70.5,0.68,167.0
2022-10-18 14:00:00,61.25,0.8,183.1
2022-10-18 15:00:00,52.25,0.7,216.55
2022-10-18 16:00:00,41.75,0.73,227.1
2022-10-18 17:00:00,45.5,0.48,203.02
2022-10-18 18:00:00,53.0,0.28,180.5
2022-10-18 19:00:00,62.5,0.25,185.82
2022-10-18 20:00:00,71.0,0.35,199.13
2022-10-18 21:00:00,93.75,0.22,233.38
2022-10-18 22:00:00,99.25,0.35,222.9
2022-10-18 23:00:00,102.5,0.2,197.85
2022-10-19 00:00:00,116.5,0.42,247.9
2022-10-19 01:00:00,131.5,0.33,198.75
2022-10-19 02:00:00,119.0,0.33,233.7
2022-10-19 03:00:00,122.0,0.37,174.8
2022-10-19 04:00:00,125.25,0.3,172.6
2022-10-19 05:00:00,140.0,0.35,189.32
2022-10-19 06:00:00,157.75,0.23,209.5
2022-10-19 07:00:00,166.25,0.22,148.8
2022-10-19 08:00:00,154.5,0.48,140.07
2022-10-19 09:00:00,105.0,0.72,211.55
2022-10-19 10:00:00,66.0,0.7,211.82
2022-10-19 11:00:00,56.75,0.8,208.18
2022-10-19 12:00:00,56.25,0.88,175.0
2022-10-19 13:00:00,58.0,1.1,180.22
2022-10-19 14:00:00,56.0,0.45,129.0
2022-10-19 15:00:00,39.75,0.7,167.92
2022-10-19 16:00:00,32.75,0.38,150.8
2022-10-19 17:00:00,32.75,0.45,188.85
2022-10-19 18:00:00,65.75,0.2,105.45
2022-10-19 19:00:00,76.25,0.18,166.2
2022-10-19 20:00:00,80.5,0.22,167.95
2022-10-19 21:00:00,103.25,0.2,215.9
2022-10-19 22:00:00,114.25,0.18,196.38
2022-10-19 23:00:00,124.5,0.2,202.3
2022-10-20 00:00:00,149.75,0.12,154.07
2022-10-20 01:00:00,163.25,0.25,126.48
2022-10-20 02:00:00,149.25,0.25,163.43
2022-10-20 03:00:00,139.25,0.37,254.75
2022-10-20 04:00:00,135.25,0.27,197.82
2022-10-20 05:00:00,138.25,0.27,192.1
2022-10-20 06:00:00,136.75,0.2,126.48
2022-10-20 07:00:00,140.75,0.2,198.75
2022-10-20 08:00:00,131.5,0.3,198.22
2022-10-20 09:00:00,83.25,0.55,217.88
2022-10-20 10:00:00,67.5,0.65,180.45
2022-10-20 11:00:00,62.0,0.68,170.02
2022-10-20 12:00:00,58.25,1.18,124.15
2022-10-20 13:00:00,56.5,1.25,116.95
2022-10-20 14:00:00,57.75,1.52,88.08
2022-10-20 15:00:00,58.5,1.1,128.93
2022-10-20 16:00:00,64.5,0.48,120.0
2022-10-20 17:00:00,71.5,0.38,157.2
2022-10-20 18:00:00,84.0,0.3,123.2
2022-10-20 19:00:00,102.5,0.2,220.23
2022-10-20 20:00:00,115.5,0.28,155.45
2022-10-20 21:00:00,127.0,0.35,188.82
2022-10-20 22:00:00,147.0,0.15,154.65
2022-10-20 23:00:00,178.5,0.4,199.82
2022-10-21 00:00:00,197.75,0.22,157.48
2022-10-21 01:00:00,183.75,0.28,262.23
2022-10-21 02:00:00,170.5,0.18,151.58
2022-10-21 03:00:00,170.33333333333334,0.1,353.7
2022-10-21 04:00:00,170.16666666666666,0.1375,313.7
2022-10-21 05:00:00,170.0,0.17500000000000002,273.7
2022-10-21 06:00:00,,0.21250000000000002,233.7
2022-10-21 07:00:00,,,
2022-10-21 08:00:00,,,
2022-10-21 09:00:00,,,
2022-10-21 10:00:00,,,
2022-10-21 11:00:00,169.0,0.4,33.7
2022-10-21 12:00:00,74.0,0.62,91.32
2022-10-21 13:00:00,66.75,0.75,141.85
2022-10-21 14:00:00,45.5,0.8,106.9
2022-10-21 15:00:00,46.25,0.55,210.72
2022-10-21 16:00:00,45.75,0.57,211.7
2022-10-21 17:00:00,55.25,0.4,180.02
2022-10-21 18:00:00,70.75,0.45,222.08
2022-10-21 19:00:00,83.5,0.32,168.65
2022-10-21 20:00:00,102.0,0.37,243.38
2022-10-21 21:00:00,114.75,0.45,248.98
2022-10-21 22:00:00,108.75,0.62,243.78
2022-10-21 23:00:00,114.0,0.57,238.5
2022-10-22 00:00:00,130.25,0.4,241.48
2022-10-22 01:00:00,150.5,0.45,238.72
2022-10-22 02:00:00,146.0,0.55,246.6
2022-10-22 03:00:00,147.75,0.75,236.55
2022-10-22 04:00:00,157.75,0.7,234.77
2022-10-22 05:00:00,169.75,0.73,234.3
2022-10-22 06:00:00,161.5,0.73,230.9
2022-10-22 07:00:00,159.5,0.57,218.88
2022-10-22 08:00:00,168.5,0.52,217.2
2022-10-22 09:00:00,166.0,0.82,223.98
2022-10-22 10:00:00,137.25,0.68,235.45
2022-10-22 11:00:00,112.0,0.73,234.15
2022-10-22 12:00:00,102.25,0.43,179.78
2022-10-22 13:00:00,85.75,0.35,240.27
2022-10-22 14:00:00,66.25,0.65,154.88
2022-10-22 15:00:00,53.75,0.52,279.62
2022-10-22 16:00:00,50.0,0.9,273.55
2022-10-22 17:00:00,54.5,0.68,258.6
2022-10-22 18:00:00,73.25,0.6,227.55
2022-10-22 19:00:00,93.25,0.6,229.6
2022-10-22 20:00:00,110.0,0.48,242.45
2022-10-22 21:00:00,126.25,0.57,245.38
2022-10-22 22:00:00,140.75,0.55,208.62
2022-10-22 23:00:00,140.25,0.57,234.28
2022-10-23 00:00:00,126.25,0.42,191.32
2022-10-23 01:00:00,130.0,0.5,199.4
2022-10-23 02:00:00,113.0,0.62,226.0
2022-10-23 03:00:00,114.5,0.52,236.98
2022-10-23 04:00:00,108.25,0.38,198.38
2022-10-23 05:00:00,103.5,0.52,272.22
2022-10-23 06:00:00,106.5,0.57,255.95
2022-10-23 07:00:00,114.5,0.48,246.82
2022-10-23 08:00:00,124.25,0.4,219.38
2022-10-23 09:00:00,126.0,0.8,219.38
2022-10-23 10:00:00,139.5,0.9,227.45
2022-10-23 11:00:00,148.0,0.52,106.48
2022-10-23 12:00:00,149.0,0.3,192.0
2022-10-23 13:00:00,116.5,0.48,92.12
2022-10-23 14:00:00,114.75,0.82,43.82
2022-10-23 15:00:00,102.75,0.68,54.3
2022-10-23 16:00:00,93.25,0.52,202.78
2022-10-23 17:00:00,88.5,0.48,209.82
2022-10-23 18:00:00,100.5,0.48,228.18
2022-10-23 19:00:00,111.25,0.5,240.1
2022-10-23 20:00:00,135.75,0.55,242.3
2022-10-23 21:00:00,159.0,0.48,241.48
2022-10-23 22:00:00,184.25,0.52,240.42
2022-10-23 23:00:00,211.0,0.45,288.8
2022-10-24 00:00:00,229.0,0.58,253.08
2022-10-24 01:00:00,242.25,0.62,240.3
2022-10-24 02:00:00,247.25,0.6,243.92
2022-10-24 03:00:00,220.75,0.52,238.42
2022-10-24 04:00:00,208.0,0.48,250.58
2022-10-24 05:00:00,196.75,0.6,254.22
2022-10-24 06:00:00,187.5,0.7,249.82
2022-10-24 07:00:00,182.5,0.57,238.75
2022-10-24 08:00:00,189.75,0.5,215.45
2022-10-24 09:00:00,199.25,0.6,245.23
2022-10-24 10:00:00,223.0,0.3,231.6
2022-10-24 11:00:00,189.5,1.3,56.82
2022-10-24 12:00:00,144.25,0.95,32.78
2022-10-24 13:00:00,113.75,1.02,103.98
2022-10-24 14:00:00,91.5,0.98,99.38
2022-10-24 15:00:00,93.0,0.77,273.48
2022-10-24 16:00:00,96.0,0.78,276.8
2022-10-24 17:00:00,76.75,0.5,255.52
2022-10-24 18:00:00,76.75,0.72,227.52
2022-10-24 19:00:00,93.75,0.6,234.45
2022-10-24 20:00:00,126.5,0.6,239.18
2022-10-24 21:00:00,203.25,0.6,240.87
2022-10-24 22:00:00,294.0,0.65,236.92
2022-10-24 23:00:00,349.0,0.7,238.45
2022-10-25 00:00:00,404.0,0.6,240.8
2022-10-25 01:00:00,459.0,0.6,251.27
2022-10-25 02:00:00,364.0,0.65,245.52
2022-10-25 03:00:00,274.0,0.8,234.62
2022-10-25 04:00:00,278.25,0.75,238.85
2022-10-25 05:00:00,200.25,0.52,248.38
2022-10-25 06:00:00,175.0,0.65,245.4
2022-10-25 07:00:00,159.5,0.42,230.55
2022-10-25 08:00:00,155.75,0.8,228.77
2022-10-25 09:00:00,147.75,0.57,230.32
2022-10-25 10:00:00,136.5,0.72,241.38
2022-10-25 11:00:00,111.25,0.75,246.12
2022-10-25 12:00:00,98.75,0.82,257.05
2022-10-25 13:00:00,81.75,0.92,264.32
2022-10-25 14:00:00,68.5,0.88,277.7
2022-10-25 15:00:00,64.75,1.0,272.92
2022-10-25 16:00:00,59.5,0.55,270.15
2022-10-25 17:00:00,66.25,0.45,242.85
2022-10-25 18:00:00,79.0,0.52,223.12
2022-10-25 19:00:00,99.5,0.38,239.22
2022-10-25 20:00:00,111.5,0.5,229.28
2022-10-25 21:00:00,127.75,0.45,231.05
2022-10-25 22:00:00,139.75,0.45,149.62
2022-10-25 23:00:00,149.75,0.52,210.38
2022-10-26 00:00:00,153.25,0.57,241.65
2022-10-26 01:00:00,173.0,0.57,241.0
2022-10-26 02:00:00,163.0,0.5,253.95
2022-10-26 03:00:00,149.25,0.42,236.75
2022-10-26 04:00:00,142.5,0.5,252.7
2022-10-26 05:00:00,138.0,0.5,252.9
2022-10-26 06:00:00,136.5,0.42,267.75
2022-10-26 07:00:00,131.5,0.4,257.95
2022-10-26 08:00:00,128.0,0.4,206.82
2022-10-26 09:00:00,119.5,0.32,263.2
2022-10-26 10:00:00,110.5,0.62,232.62
2022-10-26 11:00:00,106.0,0.65,230.35
2022-10-26 12:00:00,111.25,0.7,102.05
2022-10-26 13:00:00,124.25,0.82,134.5
2022-10-26 14:00:00,116.0,1.08,223.9
2022-10-26 15:00:00,115.5,1.05,224.38
2022-10-26 16:00:00,114.0,0.52,194.7
2022-10-26 17:00:00,116.75,0.3,180.62
2022-10-26 18:00:00,127.5,0.38,221.32
2022-10-26 19:00:00,143.0,0.35,177.62
2022-10-26 20:00:00,168.75,0.28,220.45
2022-10-26 21:00:00,178.75,0.4,230.82
2022-10-26 22:00:00,193.75,0.5,245.48
2022-10-26 23:00:00,196.0,0.48,251.88
2022-10-27 00:00:00,194.0,0.25,223.45
2022-10-27 01:00:00,187.5,0.52,251.3
2022-10-27 02:00:00,187.75,0.52,253.62
2022-10-27 03:00:00,192.0,0.52,267.7
2022-10-27 04:00:00,186.25,0.52,269.12
2022-10-27 05:00:00,180.5,0.52,257.98
2022-10-27 06:00:00,195.5,0.45,185.6
2022-10-27 07:00:00,222.25,0.33,255.72
2022-10-27 08:00:00,233.75,0.25,249.82
2022-10-27 09:00:00,225.75,0.32,251.05
2022-10-27 10:00:00,207.25,0.35,216.05
2022-10-27 11:00:00,185.5,0.6,238.15
2022-10-27 12:00:00,169.75,0.57,239.65
2022-10-27 13:00:00,160.25,0.52,115.5
2022-10-27 14:00:00,150.75,0.48,199.22
2022-10-27 15:00:00,143.25,0.6,186.73
2022-10-27 16:00:00,130.25,0.48,191.38
2022-10-27 17:00:00,126.0,0.3,190.88
2022-10-27 18:00:00,137.0,0.2,168.32
2022-10-27 19:00:00,168.0,0.5,98.95
2022-10-27 20:00:00,189.25,0.38,227.42
2022-10-27 21:00:00,188.5,0.32,207.6
2022-10-27 22:00:00,183.5,0.45,179.85
2022-10-27 23:00:00,182.0,0.4,271.85
2022-10-28 00:00:00,181.25,0.45,251.0
2022-10-28 01:00:00,178.75,0.25,207.48
2022-10-28 02:00:00,176.25,0.32,281.35
2022-10-28 03:00:00,173.0,0.4,275.35
2022-10-28 04:00:00,177.75,0.28,234.9
2022-10-28 05:00:00,172.5,0.42,193.78
2022-10-28 06:00:00,171.5,0.27,250.92
2022-10-28 07:00:00,183.0,0.25,242.2
2022-10-28 08:00:00,190.75,0.22,146.0
2022-10-28 09:00:00,206.75,0.48,186.08
2022-10-28 10:00:00,206.5,0.38,119.7
2022-10-28 11:00:00,198.25,0.58,54.82
2022-10-28 12:00:00,229.75,0.73,43.98
2022-10-28 13:00:00,238.75,0.75,55.03
2022-10-28 14:00:00,193.25,0.98,40.12
2022-10-28 15:00:00,160.75,0.85,42.95
2022-10-28 16:00:00,172.75,0.4,183.52
2022-10-28 17:00:00,187.75,0.35,239.1
2022-10-28 18:00:00,199.0,0.22,100.02
2022-10-28 19:00:00,203.25,0.25,193.02
2022-10-28 20:00:00,224.25,0.32,244.02
2022-10-28 21:00:00,258.75,0.35,195.92
2022-10-28 22:00:00,288.75,0.42,200.32
2022-10-28 23:00:00,286.5,0.32,212.25
2022-10-29 00:00:00,276.75,0.25,243.05
2022-10-29 01:00:00,286.5,0.2,194.98
2022-10-29 02:00:00,281.5,0.32,248.82
2022-10-29 03:00:00,278.25,0.28,263.95
2022-10-29 04:00:00,273.0,0.22,265.15
2022-10-29 05:00:00,273.75,0.48,260.05
2022-10-29 06:00:00,275.25,0.52,249.48
2022-10-29 07:00:00,278.0,0.42,243.88
2022-10-29 08:00:00,293.0,0.35,219.48
2022-10-29 09:00:00,292.0,0.73,217.4
2022-10-29 10:00:00,278.25,0.9,224.52
2022-10-29 11:00:00,248.0,0.77,223.85
2022-10-29 12:00:00,252.0,0.48,243.25
2022-10-29 13:00:00,223.25,0.72,183.02
2022-10-29 14:00:00,155.0,0.48,171.75
2022-10-29 15:00:00,154.25,0.45,129.8
2022-10-29 16:00:00,152.0,0.55,206.2
2022-10-29 17:00:00,153.5,0.45,207.65
2022-10-29 18:00:00,161.5,0.38,224.38
2022-10-29 19:00:00,173.75,0.25,213.52
2022-10-29 20:00:00,181.25,0.48,215.3
2022-10-29 21:00:00,189.25,0.48,237.35
2022-10-29 22:00:00,191.75,0.3,237.12
2022-10-29 23:00:00,188.5,0.3,241.52
2022-10-30 00:00:00,191.0,0.4,263.15
2022-10-30 01:00:00,192.75,0.28,222.97
2022-10-30 02:00:00,189.0,0.47,254.62
2022-10-30 03:00:00,193.5,0.23,264.68
2022-10-30 04:00:00,208.0,0.43,257.02
2022-10-30 05:00:00,207.0,0.65,251.18
2022-10-30 06:00:00,192.75,0.48,254.28
2022-10-30 07:00:00,186.75,0.6,239.55
2022-10-30 08:00:00,185.5,0.65,218.85
2022-10-30 09:00:00,168.5,0.45,222.85
2022-10-30 10:00:00,145.75,0.52,235.9
2022-10-30 11:00:00,132.5,0.6,257.22
2022-10-30 12:00:00,121.75,0.68,228.9
2022-10-30 13:00:00,131.5,0.6,232.0
2022-10-30 14:00:00,169.5,0.65,235.05
2022-10-30 15:00:00,187.5,0.55,255.05
2022-10-30 16:00:00,181.75,0.5,211.75
2022-10-30 17:00:00,181.75,0.6,216.65
2022-10-30 18:00:00,196.0,0.48,223.88
2022-10-30 19:00:00,209.5,0.48,213.4
2022-10-30 20:00:00,229.5,0.35,232.2
2022-10-30 21:00:00,251.0,0.22,263.6
2022-10-30 22:00:00,257.5,0.28,174.97
2022-10-30 23:00:00,261.0,0.2,205.45
2022-10-31 00:00:00,268.25,0.35,259.1
2022-10-31 01:00:00,267.75,0.48,243.52
2022-10-31 02:00:00,253.25,0.4,211.08
2022-10-31 03:00:00,247.25,0.52,247.08
2022-10-31 04:00:00,247.5,0.72,234.02
2022-10-31 05:00:00,248.25,0.7,233.62
2022-10-31 06:00:00,221.0,0.65,251.12
2022-10-31 07:00:00,197.75,0.48,258.7
2022-10-31 08:00:00,186.5,0.28,238.25
2022-10-31 09:00:00,173.25,0.68,215.0
2022-10-31 10:00:00,176.25,0.75,218.75
2022-10-31 11:00:00,194.5,0.75,218.58
2022-10-31 12:00:00,230.0,0.85,221.27
2022-10-31 13:00:00,237.0,0.68,226.02
2022-10-31 14:00:00,258.75,0.9,224.15
2022-10-31 15:00:00,285.25,0.78,227.28
2022-10-31 16:00:00,274.0,0.35,212.08
2022-10-31 17:00:00,267.25,0.25,157.65
2022-10-31 18:00:00,272.75,0.18,150.33
2022-10-31 19:00:00,273.75,0.18,143.18
2022-10-31 20:00:00,290.5,0.28,140.43
2022-10-31 21:00:00,296.75,0.32,145.62
2022-10-31 22:00:00,293.75,0.25,190.9
2022-10-31 23:00:00,300.0,0.32,267.7
2022-11-01 00:00:00,314.5,0.5,269.3
2022-11-01 01:00:00,316.25,0.55,276.65
2022-11-01 02:00:00,297.5,0.52,273.92
2022-11-01 03:00:00,293.75,0.5,245.18
2022-11-01 04:00:00,299.5,0.5,259.62
2022-11-01 05:00:00,310.25,0.25,279.27
2022-11-01 06:00:00,310.75,0.18,273.82
2022-11-01 07:00:00,309.0,0.38,272.3
2022-11-01 08:00:00,312.5,0.32,192.2
2022-11-01 09:00:00,337.5,0.48,190.55
2022-11-01 10:00:00,351.5,0.75,217.1
2022-11-01 11:00:00,336.0,0.82,214.9
2022-11-01 12:00:00,291.25,1.12,214.68
2022-11-01 13:00:00,221.5,0.95,205.4
2022-11-01 14:00:00,192.25,0.7,196.65
2022-11-01 15:00:00,174.5,0.5,160.3
2022-11-01 16:00:00,179.75,0.38,158.18
2022-11-01 17:00:00,169.75,0.25,147.1
2022-11-01 18:00:00,163.25,0.18,159.52
2022-11-01 19:00:00,177.5,0.18,132.88
2022-11-01 20:00:00,198.5,0.22,189.98
2022-11-01 21:00:00,223.25,0.18,143.68
2022-11-01 22:00:00,233.75,0.3,63.85
2022-11-01 23:00:00,251.0,0.25,109.3
2022-11-02 00:00:00,271.25,0.3,57.08
2022-11-02 01:00:00,279.75,0.33,107.58
2022-11-02 02:00:00,283.25,0.25,229.92
2022-11-02 03:00:00,279.75,0.27,206.98
2022-11-02 04:00:00,282.75,0.4,261.92
2022-11-02 05:00:00,274.0,0.42,274.55
2022-11-02 06:00:00,268.75,0.38,214.92
2022-11-02 07:00:00,249.25,0.42,232.42
2022-11-02 08:00:00,186.75,0.65,226.28
2022-11-02 09:00:00,207.75,0.6,236.05
2022-11-02 10:00:00,256.75,0.73,235.85
2022-11-02 11:00:00,284.75,0.62,247.15
2022-11-02 12:00:00,259.25,0.7,256.1
2022-11-02 13:00:00,225.5,0.68,267.3
2022-11-02 14:00:00,240.75,0.6,275.48
2022-11-02 15:00:00,239.0,0.62,272.55
2022-11-02 16:00:00,215.25,0.52,254.35
2022-11-02 17:00:00,212.5,0.48,232.5
2022-11-02 18:00:00,239.5,0.55,243.18
2022-11-02 19:00:00,278.5,0.25,212.7
2022-11-02 20:00:00,301.25,0.5,227.75
2022-11-02 21:00:00,304.5,0.55,249.4
2022-11-02 22:00:00,315.0,0.52,246.98
2022-11-02 23:00:00,329.25,0.5,248.73
2022-11-03 00:00:00,353.25,0.52,254.12
2022-11-03 01:00:00,392.5,0.65,243.92
2022-11-03 02:00:00,458.5,0.6,228.0
2022-11-03 03:00:00,554.25,0.58,232.0
2022-11-03 04:00:00,654.0,0.68,235.35
2022-11-03 05:00:00,696.25,0.7,239.35
2022-11-03 06:00:00,655.75,0.73,230.35
2022-11-03 07:00:00,554.5,0.78,237.88
2022-11-03 08:00:00,546.75,0.48,248.35
2022-11-03 09:00:00,570.75,0.5,177.15
2022-11-03 10:00:00,585.5,0.38,199.85
2022-11-03 11:00:00,530.5,0.4,222.3
2022-11-03 12:00:00,398.75,0.6,250.25
2022-11-03 13:00:00,351.0,0.68,227.25
2022-11-03 14:00:00,348.5,0.45,238.9
2022-11-03 15:00:00,303.5,0.57,201.42
2022-11-03 16:00:00,212.0,0.35,188.7
2022-11-03 17:00:00,203.75,0.25,177.98
2022-11-03 18:00:00,236.75,0.22,120.3
2022-11-03 19:00:00,258.25,0.28,88.28
2022-11-03 20:00:00,302.5,0.3,188.85
2022-11-03 21:00:00,336.25,0.28,236.75
2022-11-03 22:00:00,317.25,0.2,182.5
2022-11-03 23:00:00,322.75,0.48,261.73
2022-11-04 00:00:00,328.75,0.37,209.38
2022-11-04 01:00:00,330.25,0.25,189.95
2022-11-04 02:00:00,326.5,0.28,151.05
2022-11-04 03:00:00,322.0,0.4,246.35
2022-11-04 04:00:00,325.75,0.52,261.5
2022-11-04 05:00:00,335.0,0.4,199.0
2022-11-04 06:00:00,330.0,0.22,165.92
2022-11-04 07:00:00,334.0,0.3,214.27
2022-11-04 08:00:00,343.25,0.38,177.95
2022-11-04 09:00:00,377.0,0.6,134.62
2022-11-04 10:00:00,422.0,0.48,135.35
2022-11-04 11:00:00,429.0,0.48,78.15
2022-11-04 12:00:00,438.75,0.72,119.85
2022-11-04 13:00:00,391.25,0.6,98.12
2022-11-04 14:00:00,352.5,0.75,116.52
2022-11-04 15:00:00,353.25,0.65,106.38
2022-11-04 16:00:00,329.25,0.35,108.88
2022-11-04 17:00:00,318.75,0.32,109.5
2022-11-04 18:00:00,323.5,0.27,82.95
2022-11-04 19:00:00,323.75,0.32,91.02
2022-11-04 20:00:00,300.5,0.32,71.7
2022-11-04 21:00:00,294.0,0.2,136.25
2022-11-04 22:00:00,286.0,0.23,181.02
2022-11-04 23:00:00,273.5,0.12,172.45
2022-11-05 00:00:00,250.5,0.2,175.45
2022-11-05 01:00:00,238.5,0.28,91.6
2022-11-05 02:00:00,229.75,0.33,92.48
2022-11-05 03:00:00,218.75,0.25,70.7
2022-11-05 04:00:00,220.75,0.35,72.32
2022-11-05 05:00:00,210.75,0.32,50.25
2022-11-05 06:00:00,209.25,0.18,50.72
2022-11-05 07:00:00,208.5,0.32,62.32
2022-11-05 08:00:00,215.5,0.65,155.1
2022-11-05 09:00:00,224.25,0.6,116.7
2022-11-05 10:00:00,223.5,0.8,123.58
2022-11-05 11:00:00,208.5,0.8,130.5
2022-11-05 12:00:00,200.25,0.85,135.18
2022-11-05 13:00:00,187.75,0.73,135.3
2022-11-05 14:00:00,185.25,0.78,120.45
2022-11-05 15:00:00,189.25,0.88,125.45
2022-11-05 16:00:00,189.75,0.57,102.4
2022-11-05 17:00:00,190.0,0.42,95.2
2022-11-05 18:00:00,198.75,0.43,75.75
2022-11-05 19:00:00,213.5,0.5,59.53
2022-11-05 20:00:00,203.5,0.4,61.53
2022-11-05 21:00:00,195.5,0.17,133.43
2022-11-05 22:00:00,193.0,0.25,99.85
2022-11-05 23:00:00,192.25,0.2,158.65
2022-11-06 00:00:00,205.75,0.2,127.25
2022-11-06 01:00:00,221.5,0.22,94.93
2022-11-06 02:00:00,203.75,0.2,131.8
2022-11-06 03:00:00,189.75,0.22,110.82
2022-11-06 04:00:00,185.0,0.33,173.25
2022-11-06 05:00:00,183.75,0.2,96.62
2022-11-06 06:00:00,194.5,0.25,135.88
2022-11-06 07:00:00,205.75,0.43,142.4
2022-11-06 08:00:00,188.0,0.55,114.85
2022-11-06 09:00:00,182.0,0.78,150.05
2022-11-06 10:00:00,177.0,1.0,198.18
2022-11-06 11:00:00,162.25,0.85,183.1
2022-11-06 12:00:00,163.75,1.0,186.65
2022-11-06 13:00:00,167.5,0.88,118.35
2022-11-06 14:00:00,170.5,0.75,164.7
2022-11-06 15:00:00,161.25,0.5,115.78
2022-11-06 16:00:00,148.5,0.3,120.45
2022-11-06 17:00:00,157.5,0.2,150.9
2022-11-06 18:00:00,174.0,0.32,209.0
2022-11-06 19:00:00,185.75,0.4,211.8
2022-11-06 20:00:00,195.5,0.2,238.4
2022-11-06 21:00:00,195.82142857142858,0.4,54.1
2022-11-06 22:00:00,196.14285714285714,0.4253846153846154,62.784615384615385
2022-11-06 23:00:00,196.46428571428572,0.4507692307692308,71.46923076923078
2022-11-07 00:00:00,,0.47615384615384615,80.15384615384616
2022-11-07 01:00:00,,,
2022-11-07 02:00:00,,,
2022-11-07 03:00:00,,,
2022-11-07 04:00:00,,,
2022-11-07 05:00:00,,,
2022-11-07 06:00:00,,,
2022-11-07 07:00:00,,,
2022-11-07 08:00:00,,,
2022-11-07 09:00:00,,,
2022-11-07 10:00:00,200.0,0.73,167.0
2022-11-07 11:00:00,179.0,0.5,124.85
2022-11-07 12:00:00,168.75,1.35,72.25
2022-11-07 13:00:00,136.0,0.78,77.53
2022-11-07 14:00:00,119.5,0.42,103.75
2022-11-07 15:00:00,91.5,0.5,146.15
2022-11-07 16:00:00,103.25,0.25,177.45
2022-11-07 17:00:00,110.75,0.3,186.82
2022-11-07 18:00:00,125.0,0.22,237.65
2022-11-07 19:00:00,136.5,0.28,126.63
2022-11-07 20:00:00,159.75,0.35,232.42
2022-11-07 21:00:00,208.25,0.38,171.55
2022-11-07 22:00:00,214.5,0.48,236.75
2022-11-07 23:00:00,216.75,0.5,237.22
2022-11-08 00:00:00,210.5,0.25,137.4
2022-11-08 01:00:00,253.75,0.25,194.45
2022-11-08 02:00:00,298.75,0.32,199.28
2022-11-08 03:00:00,299.25,0.22,202.68
2022-11-08 04:00:00,293.25,0.3,146.98
2022-11-08 05:00:00,289.5,0.3,233.0
2022-11-08 06:00:00,283.5,0.2,183.75
2022-11-08 07:00:00,274.5,0.22,104.07
2022-11-08 08:00:00,264.75,0.32,66.9
2022-11-08 09:00:00,269.25,0.6,121.8
2022-11-08 10:00:00,243.5,0.62,204.65
2022-11-08 11:00:00,228.5,0.85,230.98
2022-11-08 12:00:00,252.75,0.45,261.27
2022-11-08 13:00:00,301.75,0.52,265.18
2022-11-08 14:00:00,270.5,1.12,31.18
2022-11-08 15:00:00,270.0,1.48,29.67
2022-11-08 16:00:00,264.0,0.48,77.62
2022-11-08 17:00:00,241.75,0.6,264.35
2022-11-08 18:00:00,256.75,0.98,275.88
2022-11-08 19:00:00,276.5,0.75,157.38
2022-11-08 20:00:00,335.75,0.88,32.35
2022-11-08 21:00:00,336.25,1.33,231.62
2022-11-08 22:00:00,232.5,0.62,231.12
2022-11-08 23:00:00,91.0,0.65,184.68
2022-11-09 00:00:00,67.5,0.48,62.55
2022-11-09 01:00:00,70.0,0.28,222.22
2022-11-09 02:00:00,74.0,0.78,176.08
2022-11-09 03:00:00,76.25,0.35,240.52
2022-11-09 04:00:00,74.75,0.22,188.72
2022-11-09 05:00:00,77.5,0.42,194.52
2022-11-09 06:00:00,80.0,0.35,163.22
2022-11-09 07:00:00,83.75,0.22,117.55
2022-11-09 08:00:00,90.75,0.45,125.18
2022-11-09 09:00:00,105.25,0.62,131.28
2022-11-09 10:00:00,103.0,0.57,137.25
2022-11-09 11:00:00,85.75,0.7,109.85
2022-11-09 12:00:00,69.25,0.6,166.0
2022-11-09 13:00:00,93.5,0.55,147.78
2022-11-09 14:00:00,90.25,0.6,178.32
2022-11-09 15:00:00,88.0,0.72,202.32
2022-11-09 16:00:00,94.75,0.35,192.55
2022-11-09 17:00:00,89.5,0.18,204.3
2022-11-09 18:00:00,94.25,0.2,160.93
2022-11-09 19:00:00,96.75,0.25,201.32
2022-11-09 20:00:00,105.75,0.23,244.72
2022-11-09 21:00:00,117.25,0.35,193.4
2022-11-09 22:00:00,122.5,0.3,219.5
2022-11-09 23:00:00,140.0,0.47,216.05
2022-11-10 00:00:00,156.75,0.25,212.32
2022-11-10 01:00:00,174.0,0.2,198.75
2022-11-10 02:00:00,187.0,0.3,183.7
2022-11-10 03:00:00,205.0,0.43,201.5
2022-11-10 04:00:00,222.75,0.5,253.35
2022-11-10 05:00:00,216.5,0.48,182.62
2022-11-10 06:00:00,196.25,0.4,272.4
2022-11-10 07:00:00,184.5,0.25,242.15
2022-11-10 08:00:00,180.0,0.28,226.8
2022-11-10 09:00:00,154.5,0.38,274.2
2022-11-10 10:00:00,96.75,0.32,268.12
2022-11-10 11:00:00,79.5,0.4,284.52
2022-11-10 12:00:00,103.25,0.5,272.52
2022-11-10 13:00:00,112.5,0.7,219.25
2022-11-10 14:00:00,116.75,0.57,281.22
2022-11-10 15:00:00,79.25,0.5,214.45
2022-11-10 16:00:00,74.75,0.5,258.82
2022-11-10 17:00:00,67.75,0.38,222.68
2022-11-10 18:00:00,69.5,0.35,248.8
2022-11-10 19:00:00,81.25,0.5,265.7
2022-11-10 20:00:00,100.25,0.5,254.77
2022-11-10 21:00:00,163.75,0.7,47.68
2022-11-10 22:00:00,303.0,0.7,39.1
2022-11-10 23:00:00,319.0,0.4,129.57
2022-11-11 00:00:00,326.25,0.4,217.95
2022-11-11 01:00:00,333.5,0.6,247.65
2022-11-11 02:00:00,322.25,0.6,238.15
2022-11-11 03:00:00,342.0,0.65,238.82
2022-11-11 04:00:00,357.0,0.7,241.92
2022-11-11 05:00:00,368.5,0.92,231.18
2022-11-11 06:00:00,380.25,0.4,249.98
2022-11-11 07:00:00,400.5,0.8,231.98
2022-11-11 08:00:00,428.25,0.35,226.38
2022-11-11 09:00:00,408.5,0.32,249.05
2022-11-11 10:00:00,278.0,0.62,257.85
2022-11-11 11:00:00,199.5,0.68,257.4
2022-11-11 12:00:00,162.75,0.82,264.92
2022-11-11 13:00:00,103.5,0.68,250.02
2022-11-11 14:00:00,78.25,0.82,269.12
2022-11-11 15:00:00,66.25,0.78,275.23
2022-11-11 16:00:00,56.0,0.77,269.18
2022-11-11 17:00:00,57.5,0.58,250.45
2022-11-11 18:00:00,59.25,0.55,244.45
2022-11-11 19:00:00,80.75,0.6,250.4
2022-11-11 20:00:00,94.25,0.52,244.6
2022-11-11 21:00:00,117.5,0.68,237.45
2022-11-11 22:00:00,142.5,0.48,242.87
2022-11-11 23:00:00,198.75,0.7,273.62
2022-11-12 00:00:00,350.5,0.4,251.88
2022-11-12 01:00:00,364.5,0.48,239.58
2022-11-12 02:00:00,359.25,0.7,231.7
2022-11-12 03:00:00,364.75,0.75,239.88
2022-11-12 04:00:00,359.5,0.75,240.22
2022-11-12 05:00:00,354.0,0.8,236.4
2022-11-12 06:00:00,341.25,0.68,236.45
2022-11-12 07:00:00,311.5,0.4,245.62
2022-11-12 08:00:00,303.0,0.7,233.68
2022-11-12 09:00:00,268.0,0.52,249.52
2022-11-12 10:00:00,215.75,0.52,259.38
2022-11-12 11:00:00,176.0,1.0,277.8
2022-11-12 12:00:00,138.0,1.2,276.72
2022-11-12 13:00:00,95.5,1.2,278.75
2022-11-12 14:00:00,67.25,0.88,274.98
2022-11-12 15:00:00,63.75,0.88,274.3
2022-11-12 16:00:00,57.5,0.68,279.73
2022-11-12 17:00:00,77.5,0.62,227.62
2022-11-12 18:00:00,82.75,0.43,235.82
2022-11-12 19:00:00,96.67,0.4,245.15
2022-11-12 20:00:00,111.25,0.48,251.12
2022-11-12 21:00:00,143.75,0.6,244.45
2022-11-12 22:00:00,157.75,0.55,241.05
2022-11-12 23:00:00,158.75,0.7,235.82
2022-11-13 00:00:00,170.5,0.75,241.5
2022-11-13 01:00:00,195.5,0.77,241.48
2022-11-13 02:00:00,220.25,0.75,240.08
2022-11-13 03:00:00,250.75,0.7,245.35
2022-11-13 04:00:00,263.5,0.65,243.22
2022-11-13 05:00:00,241.75,0.7,230.88
2022-11-13 06:00:00,213.75,0.65,229.05
2022-11-13 07:00:00,198.75,0.6,232.65
2022-11-13 08:00:00,185.75,0.38,237.4
2022-11-13 09:00:00,197.0,0.25,240.8
2022-11-13 10:00:00,196.25,0.65,231.75
2022-11-13 11:00:00,153.25,0.8,262.52
2022-11-13 12:00:00,112.0,1.03,276.17
2022-11-13 13:00:00,112.0,0.75,264.95
2022-11-13 14:00:00,83.0,0.75,266.1
2022-11-13 15:00:00,82.5,0.72,265.48
2022-11-13 16:00:00,82.25,0.5,239.55
2022-11-13 17:00:00,88.75,0.6,218.4
2022-11-13 18:00:00,100.75,0.57,218.18
2022-11-13 19:00:00,115.75,0.45,236.25
2022-11-13 20:00:00,128.75,0.42,230.35
2022-11-13 21:00:00,137.25,0.38,216.5
2022-11-13 22:00:00,149.0,0.3,218.8
2022-11-13 23:00:00,157.0,0.38,171.78
2022-11-14 00:00:00,167.0,0.3,209.55
2022-11-14 01:00:00,177.25,0.4,256.73
2022-11-14 02:00:00,171.75,0.28,245.58
2022-11-14 03:00:00,170.5,0.38,254.28
2022-11-14 04:00:00,166.75,0.25,191.43
2022-11-14 05:00:00,160.0,0.37,211.27
2022-11-14 06:00:00,163.0,0.25,150.25
2022-11-14 07:00:00,167.0,0.25,123.6
2022-11-14 08:00:00,186.0,0.5,66.73
2022-11-14 09:00:00,204.0,0.35,126.85
2022-11-14 10:00:00,179.5,0.8,186.0
2022-11-14 11:00:00,120.5,1.2,207.95
2022-11-14 12:00:00,81.75,1.12,217.7
2022-11-14 13:00:00,75.75,0.8,164.92
2022-11-14 14:00:00,67.75,0.65,195.08
2022-11-14 15:00:00,65.5,0.33,206.65
2022-11-14 16:00:00,73.75,0.4,89.55
2022-11-14 17:00:00,91.25,0.28,104.38
2022-11-14 18:00:00,124.0,0.62,49.88
2022-11-14 19:00:00,176.0,1.0,35.65
2022-11-14 20:00:00,190.5,1.4,23.42
2022-11-14 21:00:00,130.75,0.5,85.62
2022-11-14 22:00:00,89.75,0.38,162.9
2022-11-14 23:00:00,89.25,0.45,241.1
2022-11-15 00:00:00,103.75,0.45,247.6
2022-11-15 01:00:00,113.5,0.28,241.85
2022-11-15 02:00:00,100.25,0.43,209.08
2022-11-15 03:00:00,103.5,0.48,236.4
2022-11-15 04:00:00,109.75,0.33,250.25
2022-11-15 05:00:00,100.25,0.4,197.55
2022-11-15 06:00:00,81.75,0.45,241.9
2022-11-15 07:00:00,80.0,0.48,213.68
2022-11-15 08:00:00,84.5,0.5,238.73
2022-11-15 09:00:00,84.75,0.25,233.3
2022-11-15 10:00:00,93.0,0.48,126.4
2022-11-15 11:00:00,81.25,0.33,186.4
2022-11-15 12:00:00,99.0,0.38,206.42
2022-11-15 13:00:00,90.0,1.23,221.5
2022-11-15 14:00:00,69.5,0.95,223.15
2022-11-15 15:00:00,59.75,0.88,229.38
2022-11-15 16:00:00,55.25,0.48,209.6
2022-11-15 17:00:00,64.0,0.28,187.58
2022-11-15 18:00:00,72.0,0.22,177.85
2022-11-15 19:00:00,82.0,0.22,188.02
2022-11-15 20:00:00,98.0,0.28,213.68
2022-11-15 21:00:00,112.25,0.4,228.97
2022-11-15 22:00:00,118.75,0.35,208.68
2022-11-15 23:00:00,120.25,0.18,92.88
2022-11-16 00:00:00,133.0,0.3,153.98
2022-11-16 01:00:00,154.75,0.18,163.12
2022-11-16 02:00:00,166.0,0.32,120.28
2022-11-16 03:00:00,166.5,0.3,249.73
2022-11-16 04:00:00,168.25,0.52,233.27
2022-11-16 05:00:00,168.5,0.57,246.2
2022-11-16 06:00:00,168.75,0.88,233.8
2022-11-16 07:00:00,177.75,0.7,236.23
2022-11-16 08:00:00,193.0,0.57,230.2
2022-11-16 09:00:00,203.75,0.5,251.05
2022-11-16 10:00:00,180.75,0.48,283.88
2022-11-16 11:00:00,122.0,0.73,266.52
2022-11-16 12:00:00,103.25,0.5,224.42
2022-11-16 13:00:00,49.5,0.9,281.45
2022-11-16 14:00:00,31.5,0.75,270.97
2022-11-16 15:00:00,34.0,0.82,268.25
2022-11-16 16:00:00,28.75,0.82,278.27
2022-11-16 17:00:00,33.5,0.62,273.25
2022-11-16 18:00:00,44.5,0.55,255.9
2022-11-16 19:00:00,59.75,0.57,232.8
2022-11-16 20:00:00,80.5,0.65,236.38
2022-11-16 21:00:00,103.25,0.57,237.32
2022-11-16 22:00:00,114.5,0.58,243.18
2022-11-16 23:00:00,119.0,0.73,234.4
2022-11-17 00:00:00,150.0,0.68,240.23
2022-11-17 01:00:00,157.5,0.7,231.75
2022-11-17 02:00:00,184.25,0.62,245.1
2022-11-17 03:00:00,197.5,0.45,229.85
2022-11-17 04:00:00,201.25,0.75,242.68
2022-11-17 05:00:00,217.25,0.7,231.45
2022-11-17 06:00:00,240.75,0.55,236.73
2022-11-17 07:00:00,218.0,0.35,228.68
2022-11-17 08:00:00,189.25,0.57,226.2
2022-11-17 09:00:00,193.0,0.62,233.35
2022-11-17 10:00:00,183.75,0.57,255.7
2022-11-17 11:00:00,143.5,0.88,273.62
2022-11-17 12:00:00,97.0,0.9,260.65
2022-11-17 13:00:00,64.5,0.68,259.4
2022-11-17 14:00:00,48.0,0.82,267.12
2022-11-17 15:00:00,50.5,0.85,278.98
2022-11-17 16:00:00,58.75,0.65,265.08
2022-11-17 17:00:00,62.75,0.38,249.95
2022-11-17 18:00:00,69.5,0.5,240.02
2022-11-17 19:00:00,76.25,0.57,254.15
2022-11-17 20:00:00,87.5,0.48,250.6
2022-11-17 21:00:00,104.0,0.45,264.95
2022-11-17 22:00:00,118.5,0.73,245.75
2022-11-17 23:00:00,134.75,0.62,241.08
2022-11-18 00:00:00,134.0,0.65,238.7
2022-11-18 01:00:00,166.5,0.62,242.25
2022-11-18 02:00:00,199.0,0.62,245.68
2022-11-18 03:00:00,204.0,0.6,252.22
2022-11-18 04:00:00,223.75,0.73,242.85
2022-11-18 05:00:00,237.25,0.6,248.0
2022-11-18 06:00:00,236.25,0.57,257.1
2022-11-18 07:00:00,236.5,0.35,247.05
2022-11-18 08:00:00,227.5,0.32,242.18
2022-11-18 09:00:00,228.75,0.4,221.62
2022-11-18 10:00:00,219.0,0.48,160.17
2022-11-18 11:00:00,102.0,0.7,170.1
2022-11-18 12:00:00,102.25,0.48,112.68
2022-11-18 13:00:00,96.0,0.65,286.38
2022-11-18 14:00:00,72.75,0.68,263.88
2022-11-18 15:00:00,64.25,0.48,258.18
2022-11-18 16:00:00,61.0,0.58,251.48
2022-11-18 17:00:00,68.25,0.58,235.75
2022-11-18 18:00:00,74.75,0.38,255.3
2022-11-18 19:00:00,85.75,0.55,268.45
2022-11-18 20:00:00,100.75,0.52,254.08
2022-11-18 21:00:00,126.0,0.32,215.52
2022-11-18 22:00:00,142.25,0.25,204.92
2022-11-18 23:00:00,150.25,0.43,253.05
2022-11-19 00:00:00,164.0,0.25,240.75
2022-11-19 01:00:00,170.0,0.35,275.38
2022-11-19 02:00:00,180.25,0.4,273.75
2022-11-19 03:00:00,183.0,0.3,259.0
2022-11-19 04:00:00,179.75,0.5,250.38
2022-11-19 05:00:00,177.25,0.48,257.47
2022-11-19 06:00:00,173.25,0.52,263.58
2022-11-19 07:00:00,170.75,0.45,242.65
2022-11-19 08:00:00,150.25,0.22,216.0
2022-11-19 09:00:00,146.25,0.35,211.85
2022-11-19 10:00:00,157.0,0.48,229.92
2022-11-19 11:00:00,163.0,0.45,208.78
2022-11-19 12:00:00,109.5,0.4,150.85
2022-11-19 13:00:00,82.5,0.5,147.4
2022-11-19 14:00:00,77.0,0.48,185.6
2022-11-19 15:00:00,73.5,0.5,47.82
2022-11-19 16:00:00,72.0,0.38,178.55
2022-11-19 17:00:00,75.5,0.6,240.38
2022-11-19 18:00:00,89.25,0.5,257.25
2022-11-19 19:00:00,102.5,0.6,242.62
2022-11-19 20:00:00,117.0,0.55,259.73
2022-11-19 21:00:00,136.25,0.45,258.15
2022-11-19 22:00:00,164.0,0.4,221.12
2022-11-19 23:00:00,184.25,0.4,228.42
2022-11-20 00:00:00,190.25,0.32,157.05
2022-11-20 01:00:00,186.75,0.48,236.6
2022-11-20 02:00:00,183.0,0.48,257.77
2022-11-20 03:00:00,185.0,0.48,276.88
2022-11-20 04:00:00,190.5,0.48,262.23
2022-11-20 05:00:00,195.75,0.5,248.58
2022-11-20 06:00:00,218.5,0.65,240.48
2022-11-20 07:00:00,225.5,0.4,246.18
2022-11-20 08:00:00,222.0,0.28,239.8
2022-11-20 09:00:00,214.75,0.32,215.4
2022-11-20 10:00:00,205.75,0.32,240.42
2022-11-20 11:00:00,176.5,0.45,260.18
2022-11-20 12:00:00,134.5,0.5,214.45
2022-11-20 13:00:00,129.75,0.52,254.9
2022-11-20 14:00:00,123.25,0.48,201.8
2022-11-20 15:00:00,103.0,0.48,207.1
2022-11-20 16:00:00,93.25,0.57,250.85
2022-11-20 17:00:00,94.75,0.62,212.38
2022-11-20 18:00:00,108.5,0.55,248.28
2022-11-20 19:00:00,119.0,0.68,235.08
2022-11-20 20:00:00,136.5,0.62,240.4
2022-11-20 21:00:00,174.0,0.5,257.3
2022-11-20 22:00:00,215.5,0.62,248.45
2022-11-20 23:00:00,229.25,0.52,261.7
2022-11-21 00:00:00,217.25,0.57,264.48
2022-11-21 01:00:00,199.5,0.58,244.1
2022-11-21 02:00:00,178.75,0.57,255.08
2022-11-21 03:00:00,175.0,0.68,248.3
2022-11-21 04:00:00,178.25,0.77,238.08
2022-11-21 05:00:00,185.75,0.85,239.05
2022-11-21 06:00:00,180.0,0.68,237.82
2022-11-21 07:00:00,183.75,0.85,231.75
2022-11-21 08:00:00,190.5,0.9,226.73
2022-11-21 09:00:00,205.75,0.5,248.75
2022-11-21 10:00:00,213.5,0.4,256.85
2022-11-21 11:00:00,202.5,0.77,271.23
2022-11-21 12:00:00,139.5,0.65,264.62
2022-11-21 13:00:00,107.0,0.68,257.45
2022-11-21 14:00:00,73.75,0.72,255.82
2022-11-21 15:00:00,62.0,0.7,264.85
2022-11-21 16:00:00,55.0,0.48,250.62
2022-11-21 17:00:00,57.5,0.52,218.25
2022-11-21 18:00:00,78.0,0.57,235.28
2022-11-21 19:00:00,99.75,0.52,249.68
2022-11-21 20:00:00,134.5,0.48,250.75
2022-11-21 21:00:00,154.0,0.6,262.1
2022-11-21 22:00:00,166.5,0.58,246.48
2022-11-21 23:00:00,174.25,0.65,237.98
2022-11-22 00:00:00,166.25,0.55,234.95
2022-11-22 01:00:00,161.5,0.62,240.48
2022-11-22 02:00:00,143.75,0.3,284.38
2022-11-22 03:00:00,141.0,0.3,237.58
2022-11-22 04:00:00,144.75,0.55,262.62
2022-11-22 05:00:00,152.0,0.73,232.82
2022-11-22 06:00:00,159.0,0.6,240.25
2022-11-22 07:00:00,138.5,0.6,230.05
2022-11-22 08:00:00,150.5,0.3,232.0
2022-11-22 09:00:00,151.0,0.42,250.85
2022-11-22 10:00:00,136.25,0.48,246.42
2022-11-22 11:00:00,124.5,0.7,258.4
2022-11-22 12:00:00,102.5,0.68,271.75
2022-11-22 13:00:00,63.0,0.78,257.27
2022-11-22 14:00:00,47.5,0.88,273.9
2022-11-22 15:00:00,46.25,0.72,270.55
2022-11-22 16:00:00,48.5,0.45,258.2
2022-11-22 17:00:00,53.75,0.6,242.2
2022-11-22 18:00:00,61.5,0.45,235.3
2022-11-22 19:00:00,86.25,0.6,233.48
2022-11-22 20:00:00,118.25,0.65,232.42
2022-11-22 21:00:00,139.5,0.52,217.1
2022-11-22 22:00:00,138.25,0.55,224.55
2022-11-22 23:00:00,137.25,0.62,242.92
2022-11-23 00:00:00,128.0,0.52,259.7
2022-11-23 01:00:00,118.0,0.65,247.65
2022-11-23 02:00:00,123.75,0.35,255.38
2022-11-23 03:00:00,124.25,0.3,260.6
2022-11-23 04:00:00,127.25,0.35,270.48
2022-11-23 05:00:00,126.75,0.65,248.45
2022-11-23 06:00:00,129.75,0.8,236.78
2022-11-23 07:00:00,120.25,0.38,245.9
2022-11-23 08:00:00,115.25,0.28,238.88
2022-11-23 09:00:00,130.25,0.45,225.7
2022-11-23 10:00:00,139.0,0.62,278.8
2022-11-23 11:00:00,114.25,0.6,261.6
2022-11-23 12:00:00,99.25,0.88,272.33
2022-11-23 13:00:00,79.25,1.03,273.38
2022-11-23 14:00:00,50.0,0.72,266.73
2022-11-23 15:00:00,42.0,0.75,279.85
2022-11-23 16:00:00,43.75,0.48,249.12
2022-11-23 17:00:00,46.5,0.6,223.72
2022-11-23 18:00:00,67.5,0.38,266.75
2022-11-23 19:00:00,75.0,0.28,297.7
2022-11-23 20:00:00,86.75,0.6,238.52
2022-11-23 21:00:00,98.75,0.4,249.2
2022-11-23 22:00:00,110.75,0.42,249.6
2022-11-23 23:00:00,111.0,0.73,234.18
2022-11-24 00:00:00,104.5,0.6,235.02
2022-11-24 01:00:00,104.0,0.75,238.3
2022-11-24 02:00:00,106.5,0.65,249.35
2022-11-24 03:00:00,103.75,0.5,271.98
2022-11-24 04:00:00,101.75,0.78,243.68
2022-11-24 05:00:00,105.0,0.75,239.15
2022-11-24 06:00:00,100.0,0.95,231.62
2022-11-24 07:00:00,101.5,0.57,235.9
2022-11-24 08:00:00,103.25,0.3,224.85
2022-11-24 09:00:00,124.5,0.45,242.75
2022-11-24 10:00:00,123.0,0.68,273.9
2022-11-24 11:00:00,95.0,0.6,264.58
2022-11-24 12:00:00,88.25,0.7,270.12
2022-11-24 13:00:00,74.75,0.75,271.73
2022-11-24 14:00:00,67.5,0.7,259.22
2022-11-24 15:00:00,65.25,0.57,255.7
2022-11-24 16:00:00,62.75,0.45,235.6
2022-11-24 17:00:00,66.0,0.55,226.1
2022-11-24 18:00:00,84.0,0.45,242.6
2022-11-24 19:00:00,104.5,0.58,247.05
2022-11-24 20:00:00,115.0,0.58,252.48
2022-11-24 21:00:00,124.25,0.38,244.68
2022-11-24 22:00:00,127.75,0.28,165.85
2022-11-24 23:00:00,139.25,0.45,242.45
2022-11-25 00:00:00,155.25,0.33,205.95
2022-11-25 01:00:00,168.5,0.2,257.67
2022-11-25 02:00:00,150.75,0.48,246.95
2022-11-25 03:00:00,147.0,0.58,270.1
2022-11-25 04:00:00,145.25,0.45,264.5
2022-11-25 05:00:00,138.75,0.5,267.52
2022-11-25 06:00:00,137.5,0.48,266.5
2022-11-25 07:00:00,143.5,0.25,211.25
2022-11-25 08:00:00,141.75,0.22,178.48
2022-11-25 09:00:00,146.25,0.45,231.88
2022-11-25 10:00:00,130.75,0.57,230.58
2022-11-25 11:00:00,117.0,0.35,246.0
2022-11-25 12:00:00,115.25,0.47,139.25
2022-11-25 13:00:00,116.25,0.48,201.22
2022-11-25 14:00:00,106.75,0.57,282.8
2022-11-25 15:00:00,100.0,0.43,286.85
2022-11-25 16:00:00,96.0,0.23,133.8
2022-11-25 17:00:00,112.25,0.5,224.55
2022-11-25 18:00:00,118.75,0.3,229.02
2022-11-25 19:00:00,132.75,0.3,268.82
2022-11-25 20:00:00,159.0,0.35,233.32
2022-11-25 21:00:00,190.0,0.55,222.6
2022-11-25 22:00:00,207.25,0.52,225.85
2022-11-25 23:00:00,222.75,0.48,253.35
2022-11-26 00:00:00,226.25,0.48,264.58
2022-11-26 01:00:00,242.75,0.6,250.55
2022-11-26 02:00:00,252.0,0.43,262.32
2022-11-26 03:00:00,244.0,0.18,268.12
2022-11-26 04:00:00,240.5,0.4,248.78
2022-11-26 05:00:00,251.25,0.7,252.15
2022-11-26 06:00:00,256.5,0.68,262.3
2022-11-26 07:00:00,238.25,0.7,232.3
2022-11-26 08:00:00,223.75,0.92,222.62
2022-11-26 09:00:00,226.5,0.55,231.68
2022-11-26 10:00:00,227.75,0.62,274.82
2022-11-26 11:00:00,192.25,0.65,280.85
2022-11-26 12:00:00,165.0,0.62,267.65
2022-11-26 13:00:00,151.25,0.62,274.02
2022-11-26 14:00:00,141.25,0.7,269.65
2022-11-26 15:00:00,125.0,0.55,271.35
2022-11-26 16:00:00,120.5,0.35,226.0
2022-11-26 17:00:00,122.0,0.6,220.08
2022-11-26 18:00:00,116.0,0.48,229.95
2022-11-26 19:00:00,131.0,0.45,232.8
2022-11-26 20:00:00,152.0,0.4,261.82
2022-11-26 21:00:00,166.5,0.58,255.3
2022-11-26 22:00:00,190.5,0.52,238.88
2022-11-26 23:00:00,218.25,0.32,256.5
2022-11-27 00:00:00,235.25,0.4,248.18
2022-11-27 01:00:00,240.75,0.43,273.38
2022-11-27 02:00:00,245.5,0.48,265.23
2022-11-27 03:00:00,242.5,0.35,258.1
2022-11-27 04:00:00,238.75,0.35,285.45
2022-11-27 05:00:00,243.25,0.48,273.52
2022-11-27 06:00:00,245.0,0.5,245.78
2022-11-27 07:00:00,222.5,0.4,241.32
2022-11-27 08:00:00,193.75,0.25,223.02
2022-11-27 09:00:00,181.25,0.33,202.0
2022-11-27 10:00:00,205.25,0.4,125.4
2022-11-27 11:00:00,207.25,0.43,142.15
2022-11-27 12:00:00,158.5,0.57,221.75
2022-11-27 13:00:00,127.5,0.7,267.45
2022-11-27 14:00:00,97.75,0.45,212.1
2022-11-27 15:00:00,86.75,0.57,268.98
2022-11-27 16:00:00,92.75,0.52,234.5
2022-11-27 17:00:00,101.5,0.6,218.85
2022-11-27 18:00:00,121.0,0.45,236.35
2022-11-27 19:00:00,125.25,0.43,231.5
2022-11-27 20:00:00,139.5,0.25,179.15
2022-11-27 21:00:00,146.75,0.5,231.55
2022-11-27 22:00:00,162.0,0.32,235.45
2022-11-27 23:00:00,186.5,0.55,260.82
2022-11-28 00:00:00,199.0,0.5,231.75
2022-11-28 01:00:00,204.75,0.5,271.85
2022-11-28 02:00:00,204.5,0.52,266.3
2022-11-28 03:00:00,209.25,0.42,250.52
2022-11-28 04:00:00,219.75,0.48,253.78
2022-11-28 05:00:00,226.25,0.45,273.78
2022-11-28 06:00:00,236.75,0.43,263.4
2022-11-28 07:00:00,228.0,0.33,263.28
2022-11-28 08:00:00,220.25,0.18,174.15
2022-11-28 09:00:00,226.5,0.32,182.4
2022-11-28 10:00:00,275.0,0.4,104.6
2022-11-28 11:00:00,299.0,0.65,69.75
2022-11-28 12:00:00,230.75,0.3,106.22
2022-11-28 13:00:00,174.25,0.32,261.47
2022-11-28 14:00:00,126.0,0.6,254.48
2022-11-28 15:00:00,103.0,0.62,239.95
2022-11-28 16:00:00,99.75,0.38,184.65
2022-11-28 17:00:00,106.75,0.27,212.2
2022-11-28 18:00:00,107.5,0.4,241.78
2022-11-28 19:00:00,124.5,0.43,240.35
2022-11-28 20:00:00,142.75,0.38,222.92
2022-11-28 21:00:00,170.25,0.23,195.6
2022-11-28 22:00:00,183.33,0.45,244.35
2022-11-28 23:00:00,189.75,0.4,242.15
2022-11-29 00:00:00,209.75,0.5,271.77
2022-11-29 01:00:00,215.5,0.45,260.52
2022-11-29 02:00:00,218.25,0.32,248.88
2022-11-29 03:00:00,252.0,0.48,251.05
2022-11-29 04:00:00,260.75,0.27,270.85
2022-11-29 05:00:00,256.0,0.35,272.62
2022-11-29 06:00:00,246.75,0.38,267.0
2022-11-29 07:00:00,252.0,0.5,262.75
2022-11-29 08:00:00,247.25,0.15,189.88
2022-11-29 09:00:00,287.5,0.2,271.55
2022-11-29 10:00:00,381.75,0.67,126.25
2022-11-29 11:00:00,377.0,1.0,21.35
2022-11-29 12:00:00,237.5,0.92,115.25
2022-11-29 13:00:00,169.25,0.43,33.42
2022-11-29 14:00:00,134.5,0.38,150.5
2022-11-29 15:00:00,120.5,0.38,87.68
2022-11-29 16:00:00,129.75,0.4,220.92
2022-11-29 17:00:00,136.5,0.42,236.1
2022-11-29 18:00:00,145.0,0.32,194.5
2022-11-29 19:00:00,161.0,0.23,188.42
2022-11-29 20:00:00,175.5,0.25,228.15
2022-11-29 21:00:00,186.0,0.25,201.25
2022-11-29 22:00:00,198.0,0.25,237.92
2022-11-29 23:00:00,207.75,0.38,185.98
2022-11-30 00:00:00,214.5,0.45,259.3
2022-11-30 01:00:00,220.25,0.42,260.08
2022-11-30 02:00:00,196.25,0.43,257.8
2022-11-30 03:00:00,194.25,0.28,269.35
2022-11-30 04:00:00,197.25,0.5,248.55
2022-11-30 05:00:00,205.5,0.52,254.22
2022-11-30 06:00:00,211.75,0.52,244.98
2022-11-30 07:00:00,217.0,0.55,248.0
2022-11-30 08:00:00,220.0,0.43,220.8
2022-11-30 09:00:00,240.0,0.52,234.82
2022-11-30 10:00:00,276.0,0.35,236.0
2022-11-30 11:00:00,270.25,0.45,250.77
2022-11-30 12:00:00,217.0,0.62,248.02
2022-11-30 13:00:00,184.25,0.45,253.32
2022-11-30 14:00:00,160.5,0.68,235.32
2022-11-30 15:00:00,137.75,0.52,247.9
2022-11-30 16:00:00,128.0,0.43,220.95
2022-11-30 17:00:00,134.75,0.48,222.45
2022-11-30 18:00:00,153.75,0.38,222.72
2022-11-30 19:00:00,154.75,0.48,260.03
2022-11-30 20:00:00,174.0,0.48,242.2
2022-11-30 21:00:00,192.25,0.4,257.18
2022-11-30 22:00:00,209.75,0.45,249.05
2022-11-30 23:00:00,243.25,0.4,262.28
2022-12-01 00:00:00,279.5,0.4,185.92
2022-12-01 01:00:00,296.0,0.48,259.45
2022-12-01 02:00:00,288.5,0.5,236.05
2022-12-01 03:00:00,264.25,0.5,257.05
2022-12-01 04:00:00,260.5,0.52,263.1
2022-12-01 05:00:00,260.75,0.6,240.05
2022-12-01 06:00:00,245.5,0.75,238.52
2022-12-01 07:00:00,234.0,0.57,240.15
2022-12-01 08:00:00,222.25,0.28,240.25
2022-12-01 09:00:00,231.25,0.43,233.05
2022-12-01 10:00:00,257.5,0.45,234.77
2022-12-01 11:00:00,256.5,0.45,256.25
2022-12-01 12:00:00,233.25,0.3,314.32
2022-12-01 13:00:00,206.75,0.45,274.05
2022-12-01 14:00:00,184.0,0.5,252.88
2022-12-01 15:00:00,163.0,0.4,234.32
2022-12-01 16:00:00,136.75,0.32,220.25
2022-12-01 17:00:00,141.75,0.38,218.32
2022-12-01 18:00:00,151.25,0.48,233.45
2022-12-01 19:00:00,156.75,0.43,242.85
2022-12-01 20:00:00,164.5,0.5,225.25
2022-12-01 21:00:00,179.0,0.45,274.3
2022-12-01 22:00:00,200.0,0.3,215.93
2022-12-01 23:00:00,200.0,0.45,191.72
2022-12-02 00:00:00,215.0,0.48,259.2
2022-12-02 01:00:00,217.25,0.48,274.23
2022-12-02 02:00:00,221.0,0.52,261.23
2022-12-02 03:00:00,208.0,0.52,258.53
2022-12-02 04:00:00,197.0,0.57,242.42
2022-12-02 05:00:00,198.75,0.65,241.8
2022-12-02 06:00:00,195.5,0.5,265.08
2022-12-02 07:00:00,193.75,0.52,253.62
2022-12-02 08:00:00,186.25,0.65,225.32
2022-12-02 09:00:00,198.75,0.35,215.85
2022-12-02 10:00:00,216.0,0.42,198.1
2022-12-02 11:00:00,210.25,0.55,200.72
2022-12-02 12:00:00,179.25,0.65,181.58
2022-12-02 13:00:00,132.5,0.7,208.6
2022-12-02 14:00:00,117.25,0.85,223.2
2022-12-02 15:00:00,121.0,0.85,226.55
2022-12-02 16:00:00,122.0,0.38,191.1
2022-12-02 17:00:00,131.5,0.32,218.78
2022-12-02 18:00:00,152.25,0.4,215.25
2022-12-02 19:00:00,179.5,0.32,186.02
2022-12-02 20:00:00,233.25,0.38,227.55
2022-12-02 21:00:00,187.25,0.45,227.78
2022-12-02 22:00:00,206.75,0.48,254.63
2022-12-02 23:00:00,227.75,0.32,220.42
2022-12-03 00:00:00,235.0,0.3,245.75
2022-12-03 01:00:00,246.75,0.48,251.78
2022-12-03 02:00:00,237.5,0.32,239.35
2022-12-03 03:00:00,236.75,0.48,252.85
2022-12-03 04:00:00,230.5,0.38,248.5
2022-12-03 05:00:00,228.75,0.55,253.62
2022-12-03 06:00:00,216.0,0.52,261.35
2022-12-03 07:00:00,205.75,0.5,259.05
2022-12-03 08:00:00,204.0,0.28,168.8
2022-12-03 09:00:00,211.75,0.28,144.45
2022-12-03 10:00:00,213.0,0.52,206.9
2022-12-03 11:00:00,190.75,0.65,211.62
2022-12-03 12:00:00,160.0,0.48,231.15
2022-12-03 13:00:00,165.0,0.32,92.22
2022-12-03 14:00:00,184.75,0.42,99.25
2022-12-03 15:00:00,203.75,0.52,117.15
2022-12-03 16:00:00,219.5,0.32,158.95
2022-12-03 17:00:00,229.5,0.43,169.35
2022-12-03 18:00:00,251.5,0.4,203.8
2022-12-03 19:00:00,276.0,0.52,198.82
2022-12-03 20:00:00,295.5,0.58,247.15
2022-12-03 21:00:00,281.0,0.45,251.62
2022-12-03 22:00:00,279.25,0.48,263.15
2022-12-03 23:00:00,279.0,0.58,263.08
2022-12-04 00:00:00,268.75,0.3,237.9
2022-12-04 01:00:00,272.5,0.42,263.7
2022-12-04 02:00:00,265.75,0.5,267.23
2022-12-04 03:00:00,266.5,0.5,246.72
2022-12-04 04:00:00,300.25,0.48,260.9
2022-12-04 05:00:00,323.75,0.58,248.55
2022-12-04 06:00:00,282.75,0.5,264.47
2022-12-04 07:00:00,247.0,0.65,242.35
2022-12-04 08:00:00,229.75,0.52,241.22
2022-12-04 09:00:00,233.5,0.58,238.12
2022-12-04 10:00:00,280.5,0.28,274.77
2022-12-04 11:00:00,302.75,0.3,162.12
2022-12-04 12:00:00,219.5,0.42,211.7
2022-12-04 13:00:00,188.75,0.5,237.55
2022-12-04 14:00:00,182.75,0.28,250.3
2022-12-04 15:00:00,155.0,0.48,239.77
2022-12-04 16:00:00,138.0,0.6,226.78
2022-12-04 17:00:00,119.25,0.6,218.82
2022-12-04 18:00:00,140.75,0.65,234.15
2022-12-04 19:00:00,165.0,0.62,237.42
2022-12-04 20:00:00,190.0,0.55,255.75
2022-12-04 21:00:00,205.25,0.58,248.22
2022-12-04 22:00:00,215.25,0.5,265.65
2022-12-04 23:00:00,219.0,0.4,257.85
2022-12-05 00:00:00,230.25,0.32,263.23
2022-12-05 01:00:00,234.5,0.57,251.58
2022-12-05 02:00:00,225.5,0.52,234.75
2022-12-05 03:00:00,221.5,0.43,249.7
2022-12-05 04:00:00,220.25,0.65,247.42
2022-12-05 05:00:00,209.0,0.62,239.8
2022-12-05 06:00:00,198.25,0.62,245.15
2022-12-05 07:00:00,193.5,0.45,243.32
2022-12-05 08:00:00,194.0,0.25,242.48
2022-12-05 09:00:00,195.0,0.2,281.95
2022-12-05 10:00:00,212.5,0.57,217.38
2022-12-05 11:00:00,226.5,0.45,141.22
2022-12-05 12:00:00,200.5,0.45,251.35
2022-12-05 13:00:00,138.5,0.25,192.7
2022-12-05 14:00:00,117.25,0.52,264.88
2022-12-05 15:00:00,116.0,0.4,247.3
2022-12-05 16:00:00,129.0,0.55,243.65
2022-12-05 17:00:00,130.75,0.5,233.68
2022-12-05 18:00:00,131.75,0.28,223.8
2022-12-05 19:00:00,152.75,0.3,252.25
2022-12-05 20:00:00,178.25,0.48,263.62
2022-12-05 21:00:00,199.75,0.5,244.08
2022-12-05 22:00:00,222.0,0.38,269.55
2022-12-05 23:00:00,243.5,0.55,247.72
2022-12-06 00:00:00,265.75,0.52,255.45
2022-12-06 01:00:00,268.5,0.65,241.23
2022-12-06 02:00:00,246.25,0.45,208.48
2022-12-06 03:00:00,222.75,0.55,253.1
2022-12-06 04:00:00,201.25,0.65,243.1
2022-12-06 05:00:00,187.5,0.68,240.45
2022-12-06 06:00:00,174.5,0.95,235.92
2022-12-06 07:00:00,193.25,0.48,244.88
2022-12-06 08:00:00,220.25,0.3,229.88
2022-12-06 09:00:00,230.0,0.48,240.45
2022-12-06 10:00:00,234.75,0.55,241.92
2022-12-06 11:00:00,219.5,0.8,258.98
2022-12-06 12:00:00,212.0,0.62,258.58
2022-12-06 13:00:00,207.75,0.6,256.47
2022-12-06 14:00:00,189.25,0.7,267.58
2022-12-06 15:00:00,167.25,0.5,268.05
2022-12-06 16:00:00,149.25,0.35,244.1
2022-12-06 17:00:00,138.75,0.6,226.88
2022-12-06 18:00:00,146.0,0.7,234.35
2022-12-06 19:00:00,172.25,0.68,236.55
2022-12-06 20:00:00,210.5,0.62,239.62
2022-12-06 21:00:00,222.5,0.8,225.6
2022-12-06 22:00:00,212.0,0.73,233.68
2022-12-06 23:00:00,191.0,0.52,247.58
2022-12-07 00:00:00,178.25,0.52,243.12
2022-12-07 01:00:00,161.75,0.9,232.3
2022-12-07 02:00:00,150.0,0.65,234.25
2022-12-07 03:00:00,160.25,0.7,234.65
2022-12-07 04:00:00,153.0,0.82,232.25
2022-12-07 05:00:00,145.5,0.85,230.88
2022-12-07 06:00:00,141.5,0.55,244.2
2022-12-07 07:00:00,142.25,0.48,234.98
2022-12-07 08:00:00,145.75,0.42,223.68
2022-12-07 09:00:00,166.5,0.52,257.8
2022-12-07 10:00:00,175.0,0.62,267.2
2022-12-07 11:00:00,163.5,0.85,282.05
2022-12-07 12:00:00,142.75,0.68,270.35
2022-12-07 13:00:00,121.0,0.92,273.82
2022-12-07 14:00:00,92.5,0.92,276.02
2022-12-07 15:00:00,86.25,0.73,275.48
2022-12-07 16:00:00,82.0,0.55,265.38
2022-12-07 17:00:00,86.5,0.4,233.38
2022-12-07 18:00:00,97.25,0.6,240.32
2022-12-07 19:00:00,122.0,0.55,244.73
2022-12-07 20:00:00,144.5,0.43,252.32
2022-12-07 21:00:00,158.5,0.3,250.08
2022-12-07 22:00:00,157.25,0.55,229.2
2022-12-07 23:00:00,149.75,0.38,154.93
2022-12-08 00:00:00,154.75,0.57,229.95
2022-12-08 01:00:00,158.0,0.38,239.65
2022-12-08 02:00:00,144.0,0.43,221.58
2022-12-08 03:00:00,141.0,0.68,226.98
2022-12-08 04:00:00,127.0,0.65,253.1
2022-12-08 05:00:00,140.25,0.4,258.62
2022-12-08 06:00:00,141.0,0.35,252.1
2022-12-08 07:00:00,131.0,0.45,231.88
2022-12-08 08:00:00,133.5,0.45,225.6
2022-12-08 09:00:00,154.25,0.35,255.45
2022-12-08 10:00:00,170.0,0.52,276.38
2022-12-08 11:00:00,167.75,0.9,279.0
2022-12-08 12:00:00,127.0,1.0,273.77
2022-12-08 13:00:00,102.5,1.1,278.62
2022-12-08 14:00:00,88.25,0.55,272.55
2022-12-08 15:00:00,76.25,1.05,277.77
2022-12-08 16:00:00,78.0,0.82,270.23
2022-12-08 17:00:00,93.0,0.52,246.82
2022-12-08 18:00:00,107.75,0.48,216.42
2022-12-08 19:00:00,126.25,0.25,241.15
2022-12-08 20:00:00,139.25,0.28,245.8
2022-12-08 21:00:00,172.25,0.48,264.68
2022-12-08 22:00:00,195.25,0.4,260.83
2022-12-08 23:00:00,224.0,0.4,247.9
2022-12-09 00:00:00,247.5,0.35,270.92
2022-12-09 01:00:00,253.75,0.48,256.88
2022-12-09 02:00:00,248.25,0.5,258.15
2022-12-09 03:00:00,240.25,0.6,237.78
2022-12-09 04:00:00,223.25,0.75,237.95
2022-12-09 05:00:00,186.75,0.48,243.6
2022-12-09 06:00:00,150.5,0.55,234.7
2022-12-09 07:00:00,134.0,0.72,229.6
2022-12-09 08:00:00,135.25,0.38,218.18
2022-12-09 09:00:00,143.25,0.4,262.95
2022-12-09 10:00:00,156.0,0.5,133.93
2022-12-09 11:00:00,164.0,0.32,176.25
2022-12-09 12:00:00,154.0,0.65,154.48
2022-12-09 13:00:00,126.25,0.78,81.77
2022-12-09 14:00:00,131.0,0.95,31.5
2022-12-09 15:00:00,125.75,0.7,35.7
2022-12-09 16:00:00,130.5,0.42,149.82
2022-12-09 17:00:00,136.0,0.48,229.65
2022-12-09 18:00:00,128.5,0.38,221.72
2022-12-09 19:00:00,125.0,0.32,193.8
2022-12-09 20:00:00,135.25,0.23,266.62
2022-12-09 21:00:00,162.75,0.35,164.58
2022-12-09 22:00:00,189.0,0.23,149.98
2022-12-09 23:00:00,225.5,0.45,257.68
2022-12-10 00:00:00,261.5,0.45,254.5
2022-12-10 01:00:00,283.75,0.43,277.0
2022-12-10 02:00:00,284.25,0.35,261.58
2022-12-10 03:00:00,288.0,0.5,258.0
2022-12-10 04:00:00,285.25,0.48,260.8
2022-12-10 05:00:00,270.0,0.48,256.12
2022-12-10 06:00:00,241.5,0.45,266.02
2022-12-10 07:00:00,220.0,0.45,277.5
2022-12-10 08:00:00,227.5,0.18,191.65
2022-12-10 09:00:00,260.25,0.3,217.62
2022-12-10 10:00:00,324.5,0.42,223.95
2022-12-10 11:00:00,320.5,0.45,257.85
2022-12-10 12:00:00,240.75,0.55,281.6
2022-12-10 13:00:00,199.25,0.52,286.7
2022-12-10 14:00:00,149.25,0.65,273.35
2022-12-10 15:00:00,120.0,0.27,164.55
2022-12-10 16:00:00,110.25,0.23,241.2
2022-12-10 17:00:00,108.0,0.45,204.48
2022-12-10 18:00:00,120.0,0.35,206.7
2022-12-10 19:00:00,132.0,0.48,221.9
2022-12-10 20:00:00,138.5,0.35,237.42
2022-12-10 21:00:00,164.75,0.45,222.23
2022-12-10 22:00:00,190.5,0.43,227.2
2022-12-10 23:00:00,209.75,0.48,218.13
2022-12-11 00:00:00,219.0,0.57,228.0
2022-12-11 01:00:00,214.25,0.7,216.98
2022-12-11 02:00:00,190.25,0.62,230.55
2022-12-11 03:00:00,180.25,0.45,266.75
2022-12-11 04:00:00,160.5,0.5,246.25
2022-12-11 05:00:00,175.5,0.6,243.58
2022-12-11 06:00:00,186.0,0.75,240.4
2022-12-11 07:00:00,176.0,0.85,234.25
2022-12-11 08:00:00,170.75,0.45,229.28
2022-12-11 09:00:00,170.75,0.35,238.78
2022-12-11 10:00:00,190.5,0.5,274.02
2022-12-11 11:00:00,182.5,0.45,274.65
2022-12-11 12:00:00,157.5,0.52,272.23
2022-12-11 13:00:00,135.5,0.55,273.17
2022-12-11 14:00:00,112.75,0.52,259.1
2022-12-11 15:00:00,88.75,0.65,275.02
2022-12-11 16:00:00,68.75,0.68,280.67
2022-12-11 17:00:00,56.0,0.6,239.85
2022-12-11 18:00:00,60.0,0.68,227.12
2022-12-11 19:00:00,76.5,0.62,251.62
2022-12-11 20:00:00,98.0,0.57,244.23
2022-12-11 21:00:00,128.25,0.6,250.38
2022-12-11 22:00:00,149.0,0.55,246.75
2022-12-11 23:00:00,155.5,0.52,250.82
2022-12-12 00:00:00,151.75,0.65,250.58
2022-12-12 01:00:00,133.0,0.72,242.7
2022-12-12 02:00:00,121.25,0.85,239.18
2022-12-12 03:00:00,111.5,0.52,249.25
2022-12-12 04:00:00,106.0,0.72,242.8
2022-12-12 05:00:00,102.25,0.85,236.12
2022-12-12 06:00:00,100.75,0.6,243.52
2022-12-12 07:00:00,102.5,0.43,233.95
2022-12-12 08:00:00,103.5,0.25,244.9
2022-12-12 09:00:00,115.25,0.45,227.82
2022-12-12 10:00:00,125.25,0.48,266.12
2022-12-12 11:00:00,112.0,0.52,264.45
2022-12-12 12:00:00,96.5,0.57,278.7
2022-12-12 13:00:00,90.0,0.6,273.7
2022-12-12 14:00:00,71.75,0.55,259.85
2022-12-12 15:00:00,57.75,0.57,267.02
2022-12-12 16:00:00,43.75,0.55,268.25
2022-12-12 17:00:00,42.5,0.62,226.65
2022-12-12 18:00:00,54.0,0.57,223.35
2022-12-12 19:00:00,69.75,0.5,263.62
2022-12-12 20:00:00,89.75,0.65,240.52
2022-12-12 21:00:00,120.5,0.72,217.62
2022-12-12 22:00:00,128.5,0.7,246.85
2022-12-12 23:00:00,99.5,0.73,282.1
2022-12-13 00:00:00,66.5,0.7,266.2
2022-12-13 01:00:00,78.5,0.7,232.15
2022-12-13 02:00:00,75.0,0.68,248.52
2022-12-13 03:00:00,79.25,0.58,248.48
2022-12-13 04:00:00,83.25,0.68,273.3
2022-12-13 05:00:00,80.25,0.57,263.5
2022-12-13 06:00:00,70.25,0.55,231.58
2022-12-13 07:00:00,75.75,0.45,234.8
2022-12-13 08:00:00,82.75,0.4,253.42
2022-12-13 09:00:00,85.5,0.98,280.9
2022-12-13 10:00:00,77.0,0.98,276.95
2022-12-13 11:00:00,70.0,0.95,274.18
2022-12-13 12:00:00,54.5,1.0,269.7
2022-12-13 13:00:00,45.0,0.8,273.23
2022-12-13 14:00:00,48.75,0.73,268.52
2022-12-13 15:00:00,47.0,0.92,276.75
2022-12-13 16:00:00,34.5,0.95,285.42
2022-12-13 17:00:00,33.75,0.52,257.38
2022-12-13 18:00:00,41.25,0.32,249.72
2022-12-13 19:00:00,60.0,0.35,253.38
2022-12-13 20:00:00,69.0,0.75,279.72
2022-12-13 21:00:00,70.5,0.43,240.58
2022-12-13 22:00:00,77.75,0.57,256.35
2022-12-13 23:00:00,84.0,0.45,244.0
2022-12-14 00:00:00,81.5,0.38,247.3
2022-12-14 01:00:00,90.5,0.43,251.35
2022-12-14 02:00:00,83.0,0.5,265.55
2022-12-14 03:00:00,75.0,0.6,246.15
2022-12-14 04:00:00,79.5,0.6,232.0
2022-12-14 05:00:00,84.5,0.8,231.7
2022-12-14 06:00:00,87.25,0.68,232.02
2022-12-14 07:00:00,92.5,0.57,237.05
2022-12-14 08:00:00,98.5,0.48,220.8
2022-12-14 09:00:00,102.75,0.68,235.72
2022-12-14 10:00:00,97.75,0.6,259.23
2022-12-14 11:00:00,80.5,0.88,274.02
2022-12-14 12:00:00,63.0,1.03,276.82
2022-12-14 13:00:00,48.5,1.0,277.38
2022-12-14 14:00:00,39.75,0.98,281.85
2022-12-14 15:00:00,36.0,1.3,278.1
2022-12-14 16:00:00,36.0,1.2621052631578948,276.30631578947373
2022-12-14 17:00:00,36.0,1.2242105263157894,274.5126315789474
2022-12-14 18:00:00,36.0,1.1863157894736842,272.7189473684211
2022-12-14 19:00:00,,,
2022-12-14 20:00:00,,,
2022-12-14 21:00:00,,,
2022-12-14 22:00:00,,,
2022-12-14 23:00:00,,,
2022-12-15 00:00:00,,,
2022-12-15 01:00:00,,,
2022-12-15 02:00:00,,,
2022-12-15 03:00:00,,,
2022-12-15 04:00:00,,,
2022-12-15 05:00:00,,,
2022-12-15 06:00:00,,,
2022-12-15 07:00:00,,,
2022-12-15 08:00:00,,,
2022-12-15 09:00:00,,,
2022-12-15 10:00:00,36.0,0.58,244.02
2022-12-15 11:00:00,52.0,0.52,261.85
2022-12-15 12:00:00,53.25,0.8,269.38
2022-12-15 13:00:00,56.5,0.82,261.95
2022-12-15 14:00:00,55.0,0.65,254.85
2022-12-15 15:00:00,53.0,0.82,269.85
2022-12-15 16:00:00,48.5,0.68,267.58
2022-12-15 17:00:00,55.25,0.5,237.12
2022-12-15 18:00:00,66.5,0.48,242.15
2022-12-15 19:00:00,89.5,0.43,228.88
2022-12-15 20:00:00,127.75,0.48,240.32
2022-12-15 21:00:00,165.5,0.57,238.25
2022-12-15 22:00:00,180.75,0.38,192.1
2022-12-15 23:00:00,143.25,0.72,227.12
2022-12-16 00:00:00,119.0,0.65,233.08
2022-12-16 01:00:00,111.0,0.78,239.7
2022-12-16 02:00:00,112.5,0.88,239.18
2022-12-16 03:00:00,115.75,0.57,252.12
2022-12-16 04:00:00,108.0,0.5,252.85
2022-12-16 05:00:00,94.75,0.45,250.02
2022-12-16 06:00:00,91.0,0.55,258.15
2022-12-16 07:00:00,92.25,0.48,251.15
2022-12-16 08:00:00,98.5,0.22,229.98
2022-12-16 09:00:00,105.0,0.73,231.6
2022-12-16 10:00:00,99.0,0.6,242.8
2022-12-16 11:00:00,88.25,0.55,238.7
2022-12-16 12:00:00,83.5,0.62,239.98
2022-12-16 13:00:00,83.5,1.03,235.62
2022-12-16 14:00:00,79.0,0.5,245.6
2022-12-16 15:00:00,80.25,0.5,252.45
2022-12-16 16:00:00,85.25,0.58,229.35
2022-12-16 17:00:00,89.75,0.38,210.88
2022-12-16 18:00:00,94.25,0.3,254.32
2022-12-16 19:00:00,105.25,0.48,242.92
2022-12-16 20:00:00,125.25,0.45,260.02
2022-12-16 21:00:00,154.0,0.43,233.35
2022-12-16 22:00:00,185.25,0.28,249.13
2022-12-16 23:00:00,223.5,0.32,241.08
2022-12-17 00:00:00,251.25,0.3,230.7
2022-12-17 01:00:00,268.25,0.5,213.38
2022-12-17 02:00:00,269.75,0.45,261.58
2022-12-17 03:00:00,253.0,0.65,239.02
2022-12-17 04:00:00,210.0,0.65,242.08
2022-12-17 05:00:00,160.25,0.7,239.48
2022-12-17 06:00:00,123.75,0.55,248.58
2022-12-17 07:00:00,112.25,0.65,234.28
2022-12-17 08:00:00,119.0,0.65,223.92
2022-12-17 09:00:00,127.75,0.73,225.5
2022-12-17 10:00:00,125.0,0.6,232.62
2022-12-17 11:00:00,116.75,0.65,243.32
2022-12-17 12:00:00,106.0,0.55,252.82
2022-12-17 13:00:00,94.0,0.48,255.75
2022-12-17 14:00:00,97.5,0.55,264.95
2022-12-17 15:00:00,101.25,0.52,282.8
2022-12-17 16:00:00,81.75,0.35,266.0
2022-12-17 17:00:00,87.25,0.48,218.42
2022-12-17 18:00:00,99.75,0.45,225.5
2022-12-17 19:00:00,114.75,0.25,256.3
2022-12-17 20:00:00,141.25,0.22,236.65
2022-12-17 21:00:00,169.25,0.4,238.32
2022-12-17 22:00:00,204.75,0.45,271.9
2022-12-17 23:00:00,228.5,0.3,275.23
2022-12-18 00:00:00,236.25,0.28,267.02
2022-12-18 01:00:00,255.0,0.5,223.6
2022-12-18 02:00:00,255.5,0.48,272.5
2022-12-18 03:00:00,258.5,0.57,255.58
2022-12-18 04:00:00,258.25,0.68,243.48
2022-12-18 05:00:00,231.75,0.57,244.92
2022-12-18 06:00:00,189.75,0.3,156.85
2022-12-18 07:00:00,174.25,0.25,281.55
2022-12-18 08:00:00,176.75,0.27,214.22
2022-12-18 09:00:00,190.75,0.35,218.4
2022-12-18 10:00:00,234.0,0.5,222.03
2022-12-18 11:00:00,285.75,0.5,250.52
2022-12-18 12:00:00,282.25,0.73,257.35
2022-12-18 13:00:00,266.5,0.42,262.4
2022-12-18 14:00:00,260.0,0.42,274.68
2022-12-18 15:00:00,225.75,0.23,270.95
2022-12-18 16:00:00,226.75,0.22,217.38
2022-12-18 17:00:00,243.75,0.4,203.42
2022-12-18 18:00:00,258.25,0.3,252.62
2022-12-18 19:00:00,294.25,0.3,238.3
2022-12-18 20:00:00,350.5,0.5,214.32
2022-12-18 21:00:00,372.5,0.5,254.7
2022-12-18 22:00:00,404.0,0.27,196.08
2022-12-18 23:00:00,422.0,0.48,251.95
2022-12-19 00:00:00,405.06666666666666,0.45,225.02
2022-12-19 01:00:00,388.1333333333333,0.3,232.5
2022-12-19 02:00:00,371.2,0.3277777777777778,232.7277777777778
2022-12-19 03:00:00,,0.35555555555555557,232.95555555555555
2022-12-19 04:00:00,,0.3833333333333333,233.18333333333334
2022-12-19 05:00:00,,,
2022-12-19 06:00:00,,,
2022-12-19 07:00:00,,,
2022-12-19 08:00:00,,,
2022-12-19 09:00:00,,,
2022-12-19 10:00:00,,0.55,234.55
2022-12-19 11:00:00,,0.4,235.65
2022-12-19 12:00:00,,0.6766666666666667,167.49
2022-12-19 13:00:00,,0.9533333333333334,99.32999999999998
2022-12-19 14:00:00,168.0,1.23,31.17
2022-12-19 15:00:00,175.0,1.25,30.7
2022-12-19 16:00:00,198.75,0.55,107.4
2022-12-19 17:00:00,196.0,0.4,237.95
2022-12-19 18:00:00,165.25,0.4,196.95
2022-12-19 19:00:00,180.0,0.43,233.65
2022-12-19 20:00:00,217.0,0.55,249.88
2022-12-19 21:00:00,260.5,0.25,243.6
2022-12-19 22:00:00,283.25,0.48,241.65
2022-12-19 23:00:00,318.0,0.35,164.72
2022-12-20 00:00:00,338.75,0.5,256.1
2022-12-20 01:00:00,330.75,0.48,241.15
2022-12-20 02:00:00,306.5,0.52,245.02
2022-12-20 03:00:00,299.25,0.88,233.68
2022-12-20 04:00:00,296.0,0.48,241.02
2022-12-20 05:00:00,268.75,0.45,237.87
2022-12-20 06:00:00,216.0,0.57,236.98
2022-12-20 07:00:00,196.5,0.42,244.78
2022-12-20 08:00:00,208.0,0.8,237.32
2022-12-20 09:00:00,229.0,0.48,247.45
2022-12-20 10:00:00,239.0,0.82,229.18
2022-12-20 11:00:00,292.25,0.65,24.65
2022-12-20 12:00:00,342.5,0.43,158.3
2022-12-20 13:00:00,252.25,0.57,276.08
2022-12-20 14:00:00,155.75,0.28,152.4
2022-12-20 15:00:00,148.0,0.6,215.68
2022-12-20 16:00:00,129.75,0.5,271.65
2022-12-20 17:00:00,115.25,0.57,231.55
2022-12-20 18:00:00,131.25,0.45,241.78
2022-12-20 19:00:00,148.0,0.5,249.08
2022-12-20 20:00:00,178.25,0.5,247.6
2022-12-20 21:00:00,219.5,0.32,139.1
2022-12-20 22:00:00,266.25,0.3,226.25
2022-12-20 23:00:00,290.5,0.38,218.25
2022-12-21 00:00:00,303.0,0.7,88.82
2022-12-21 01:00:00,273.75,0.73,42.45
2022-12-21 02:00:00,212.5,0.6,59.4
2022-12-21 03:00:00,178.25,0.8,58.5
2022-12-21 04:00:00,160.25,0.85,45.55
2022-12-21 05:00:00,158.0,0.73,52.18
2022-12-21 06:00:00,156.25,0.98,45.2
2022-12-21 07:00:00,149.5,0.4,201.58
2022-12-21 08:00:00,145.0,0.45,109.08
2022-12-21 09:00:00,155.0,0.92,35.4
2022-12-21 10:00:00,196.75,0.95,27.3
2022-12-21 11:00:00,235.0,1.0,32.78
2022-12-21 12:00:00,237.0,1.23,27.98
2022-12-21 13:00:00,201.25,0.7,34.03
2022-12-21 14:00:00,151.5,0.88,113.25
2022-12-21 15:00:00,137.5,0.9,20.5
2022-12-21 16:00:00,146.75,0.48,91.22
2022-12-21 17:00:00,151.75,0.48,223.25
2022-12-21 18:00:00,157.5,0.3,208.12
2022-12-21 19:00:00,188.75,0.55,225.62
2022-12-21 20:00:00,234.25,0.38,241.65
2022-12-21 21:00:00,272.5,0.42,226.35
2022-12-21 22:00:00,297.5,0.28,234.88
2022-12-21 23:00:00,305.25,0.35,200.28
2022-12-22 00:00:00,302.75,0.42,208.28
2022-12-22 01:00:00,278.25,0.77,43.3
2022-12-22 02:00:00,218.25,0.6,119.38
2022-12-22 03:00:00,163.0,0.9,34.7
2022-12-22 04:00:00,131.75,0.72,26.42
2022-12-22 05:00:00,109.5,0.5,199.02
2022-12-22 06:00:00,117.0,0.48,245.15
2022-12-22 07:00:00,142.75,0.38,164.42
2022-12-22 08:00:00,140.5,0.42,181.27
2022-12-22 09:00:00,145.0,0.32,83.58
2022-12-22 10:00:00,212.0,0.65,189.75
2022-12-22 11:00:00,279.0,10.32,77.1
2022-12-22 12:00:00,289.75,0.4,286.17
2022-12-22 13:00:00,307.0,0.5,202.82
2022-12-22 14:00:00,285.0,0.48,295.3
2022-12-22 15:00:00,267.5,0.43,279.98
2022-12-22 16:00:00,254.0,0.55,249.8
2022-12-22 17:00:00,253.0,0.58,233.88
2022-12-22 18:00:00,224.5,0.48,242.65
2022-12-22 19:00:00,232.75,0.25,256.92
2022-12-22 20:00:00,247.75,0.35,187.95
2022-12-22 21:00:00,266.0,0.42,266.65
2022-12-22 22:00:00,292.0,0.45,190.65
2022-12-22 23:00:00,310.75,0.25,159.43
2022-12-23 00:00:00,315.0,0.32,245.85
2022-12-23 01:00:00,293.75,0.43,256.38
2022-12-23 02:00:00,291.75,0.32,159.78
2022-12-23 03:00:00,277.25,0.98,46.42
2022-12-23 04:00:00,227.5,0.92,33.67
2022-12-23 05:00:00,170.25,1.05,31.95
2022-12-23 06:00:00,156.0,0.78,37.12
2022-12-23 07:00:00,134.0,0.3,163.98
2022-12-23 08:00:00,140.0,0.4,46.9
2022-12-23 09:00:00,180.75,1.0,36.45
2022-12-23 10:00:00,257.75,0.68,34.4
2022-12-23 11:00:00,293.25,0.92,27.15
2022-12-23 12:00:00,312.0,1.12,30.8
2022-12-23 13:00:00,280.75,0.78,47.0
2022-12-23 14:00:00,263.5,0.65,34.55
2022-12-23 15:00:00,240.5,0.8,28.75
2022-12-23 16:00:00,211.75,0.48,89.35
2022-12-23 17:00:00,215.25,0.25,158.78
2022-12-23 18:00:00,234.75,0.22,160.3
2022-12-23 19:00:00,260.5,0.4,65.27
2022-12-23 20:00:00,282.25,0.3,64.03
2022-12-23 21:00:00,315.0,0.28,92.78
2022-12-23 22:00:00,361.5,0.55,55.05
2022-12-23 23:00:00,335.0,0.18,134.3
2022-12-24 00:00:00,300.0,0.45,134.2
2022-12-24 01:00:00,291.0,0.35,102.32
2022-12-24 02:00:00,218.75,0.42,127.38
2022-12-24 03:00:00,189.25,0.25,195.75
2022-12-24 04:00:00,184.25,0.4,247.95
2022-12-24 05:00:00,188.0,0.28,228.08
2022-12-24 06:00:00,204.75,0.5,252.9
2022-12-24 07:00:00,222.0,0.6,237.23
2022-12-24 08:00:00,216.0,0.35,228.77
2022-12-24 09:00:00,240.5,0.32,257.17
2022-12-24 10:00:00,216.0,0.52,239.58
2022-12-24 11:00:00,234.25,0.6,259.12
2022-12-24 12:00:00,185.5,0.68,271.75
2022-12-24 13:00:00,138.0,0.55,273.02
2022-12-24 14:00:00,112.5,0.62,268.73
2022-12-24 15:00:00,96.5,0.77,279.75
2022-12-24 16:00:00,89.25,0.55,272.38
2022-12-24 17:00:00,96.5,0.5,239.73
2022-12-24 18:00:00,122.75,0.58,231.28
2022-12-24 19:00:00,150.0,0.52,236.75
2022-12-24 20:00:00,174.25,0.57,233.8
2022-12-24 21:00:00,189.0,0.68,234.7
2022-12-24 22:00:00,192.25,0.48,254.58
2022-12-24 23:00:00,155.25,0.55,237.78
2022-12-25 00:00:00,152.0,0.5,256.68
2022-12-25 01:00:00,157.25,0.52,263.23
2022-12-25 02:00:00,158.25,0.88,270.32
2022-12-25 03:00:00,173.75,0.52,246.1
2022-12-25 04:00:00,184.75,0.45,236.95
2022-12-25 05:00:00,168.0,0.4,232.23
2022-12-25 06:00:00,169.25,0.45,234.22
2022-12-25 07:00:00,154.0,0.48,234.55
2022-12-25 08:00:00,150.5,0.55,228.62
2022-12-25 09:00:00,161.5,0.55,237.72
2022-12-25 10:00:00,203.75,0.55,260.35
2022-12-25 11:00:00,220.25,0.75,264.82
2022-12-25 12:00:00,228.5,0.7,266.95
2022-12-25 13:00:00,235.5,0.55,266.3
2022-12-25 14:00:00,234.75,0.7,271.7
2022-12-25 15:00:00,205.0,0.6,263.83
2022-12-25 16:00:00,189.5,0.65,268.42
2022-12-25 17:00:00,182.75,0.5,266.35
2022-12-25 18:00:00,169.75,0.38,272.0
2022-12-25 19:00:00,190.0,0.57,236.55
2022-12-25 20:00:00,229.0,0.5,241.25
2022-12-25 21:00:00,241.0,0.65,240.78
2022-12-25 22:00:00,244.75,0.55,240.02
2022-12-25 23:00:00,226.25,0.65,237.5
2022-12-26 00:00:00,214.0,0.55,246.95
2022-12-26 01:00:00,204.25,0.52,249.0
2022-12-26 02:00:00,203.75,0.57,145.78
2022-12-26 03:00:00,181.25,0.4,206.35
2022-12-26 04:00:00,179.75,0.52,254.7
2022-12-26 05:00:00,180.75,0.52,255.48
2022-12-26 06:00:00,175.0,0.48,204.98
2022-12-26 07:00:00,163.5,0.4,218.78
2022-12-26 08:00:00,146.5,0.35,281.48
2022-12-26 09:00:00,156.0,0.43,174.48
2022-12-26 10:00:00,194.75,1.0,160.68
2022-12-26 11:00:00,210.25,1.38,31.92
2022-12-26 12:00:00,218.75,1.35,37.38
2022-12-26 13:00:00,264.5,1.38,32.8
2022-12-26 14:00:00,286.25,1.15,31.0
2022-12-26 15:00:00,312.5,0.88,83.45
2022-12-26 16:00:00,307.25,0.5,259.23
2022-12-26 17:00:00,271.5,0.43,239.4
2022-12-26 18:00:00,243.0,0.52,239.98
2022-12-26 19:00:00,222.75,0.52,242.18
2022-12-26 20:00:00,253.0,0.55,250.12
2022-12-26 21:00:00,298.75,0.6,238.9
2022-12-26 22:00:00,347.25,0.65,240.62
2022-12-26 23:00:00,343.25,0.65,236.23
2022-12-27 00:00:00,303.75,0.78,233.55
2022-12-27 01:00:00,248.0,0.57,230.02
2022-12-27 02:00:00,216.5,0.52,244.7
2022-12-27 03:00:00,184.5,0.52,242.55
2022-12-27 04:00:00,179.5,0.52,246.22
2022-12-27 05:00:00,169.0,0.4,256.73
2022-12-27 06:00:00,167.5,0.55,243.78
2022-12-27 07:00:00,158.75,0.6,256.85
2022-12-27 08:00:00,145.5,0.52,256.82
2022-12-27 09:00:00,150.75,0.52,252.1
2022-12-27 10:00:00,180.75,0.72,244.2
2022-12-27 11:00:00,217.75,0.75,248.2
2022-12-27 12:00:00,243.25,0.6,253.35
2022-12-27 13:00:00,239.5,0.62,255.5
2022-12-27 14:00:00,201.75,0.6,242.8
2022-12-27 15:00:00,183.0,0.7,249.58
2022-12-27 16:00:00,182.0,0.65,236.1
2022-12-27 17:00:00,178.5,0.65,228.87
2022-12-27 18:00:00,180.0,0.68,231.32
2022-12-27 19:00:00,195.75,0.42,233.5
2022-12-27 20:00:00,220.25,0.48,227.65
2022-12-27 21:00:00,230.25,0.5,225.05
2022-12-27 22:00:00,223.0,0.6,225.18
2022-12-27 23:00:00,227.5,0.62,225.85
2022-12-28 00:00:00,231.5,0.5,235.25
2022-12-28 01:00:00,223.75,0.72,229.52
2022-12-28 02:00:00,201.25,0.6,227.38
2022-12-28 03:00:00,186.75,0.62,234.68
2022-12-28 04:00:00,179.75,0.92,229.9
2022-12-28 05:00:00,188.5,0.77,233.68
2022-12-28 06:00:00,188.25,0.78,232.27
2022-12-28 07:00:00,184.5,0.82,234.2
2022-12-28 08:00:00,183.75,0.55,232.05
2022-12-28 09:00:00,168.25,0.55,238.6
2022-12-28 10:00:00,166.25,0.6,251.03
2022-12-28 11:00:00,150.75,0.85,274.8
2022-12-28 12:00:00,122.0,0.7,274.47
2022-12-28 13:00:00,102.0,0.6,243.88
2022-12-28 14:00:00,102.5,0.65,264.7
2022-12-28 15:00:00,93.75,0.62,270.48
2022-12-28 16:00:00,88.25,0.68,240.23
2022-12-28 17:00:00,83.0,0.68,227.58
2022-12-28 18:00:00,93.25,0.43,226.03
2022-12-28 19:00:00,133.25,0.45,186.12
2022-12-28 20:00:00,172.0,0.62,216.2
2022-12-28 21:00:00,216.5,0.5,224.48
2022-12-28 22:00:00,243.0,0.75,229.1
2022-12-28 23:00:00,210.75,0.57,229.35
2022-12-29 00:00:00,186.75,0.7,240.88
2022-12-29 01:00:00,189.0,0.72,239.28
2022-12-29 02:00:00,189.25,0.57,251.2
2022-12-29 03:00:00,188.0,0.68,244.92
2022-12-29 04:00:00,178.5,0.42,230.6
2022-12-29 05:00:00,165.25,0.52,226.5
2022-12-29 06:00:00,154.5,0.52,236.78
2022-12-29 07:00:00,145.0,0.55,229.82
2022-12-29 08:00:00,138.25,0.43,228.23
2022-12-29 09:00:00,138.0,0.32,171.62
2022-12-29 10:00:00,151.75,0.55,234.08
2022-12-29 11:00:00,176.25,0.3,83.7
2022-12-29 12:00:00,174.0,0.87,47.32
2022-12-29 13:00:00,157.5,0.73,36.4
2022-12-29 14:00:00,172.0,1.18,27.32
2022-12-29 15:00:00,211.0,1.15,31.58
2022-12-29 16:00:00,227.25,0.45,50.9
2022-12-29 17:00:00,213.0,0.38,81.72
2022-12-29 18:00:00,286.75,0.32,93.08
2022-12-29 19:00:00,351.0,0.32,71.95
2022-12-29 20:00:00,367.75,0.4,145.55
2022-12-29 21:00:00,368.25,0.48,128.25
2022-12-29 22:00:00,358.25,0.32,100.93
2022-12-29 23:00:00,378.5,0.3,78.28
2022-12-30 00:00:00,396.25,0.23,155.85
2022-12-30 01:00:00,377.0,0.35,121.8
2022-12-30 02:00:00,349.25,0.48,129.55
2022-12-30 03:00:00,308.0,0.3,113.3
2022-12-30 04:00:00,289.25,0.48,119.35
2022-12-30 05:00:00,256.25,0.35,103.0
2022-12-30 06:00:00,243.25,0.52,127.95
2022-12-30 07:00:00,239.25,0.45,152.75
2022-12-30 08:00:00,246.5,0.73,148.57
2022-12-30 09:00:00,259.0,0.8,144.95
2022-12-30 10:00:00,265.75,1.1,145.8
2022-12-30 11:00:00,266.25,0.77,159.28
2022-12-30 12:00:00,255.25,0.85,124.0
2022-12-30 13:00:00,230.25,0.82,121.5
2022-12-30 14:00:00,204.0,0.78,135.88
2022-12-30 15:00:00,202.0,0.85,136.85
2022-12-30 16:00:00,211.5,0.57,150.7
2022-12-30 17:00:00,180.5,0.23,161.85
2022-12-30 18:00:00,196.0,0.2,120.78
2022-12-30 19:00:00,224.5,0.22,175.02
2022-12-30 20:00:00,274.25,0.22,265.05
2022-12-30 21:00:00,315.0,0.22,163.68
2022-12-30 22:00:00,361.0,0.38,193.68
2022-12-30 23:00:00,378.5,0.48,251.4
2022-12-31 00:00:00,382.5,0.7,236.7
2022-12-31 01:00:00,395.0,0.4,236.4
2022-12-31 02:00:00,293.5,0.45,252.1
2022-12-31 03:00:00,259.5,0.48,272.15
2022-12-31 04:00:00,231.0,0.5,263.82
2022-12-31 05:00:00,221.0,0.4,258.18
2022-12-31 06:00:00,214.5,0.35,243.52
2022-12-31 07:00:00,191.75,0.48,253.15
2022-12-31 08:00:00,145.25,0.4,244.08
2022-12-31 09:00:00,122.0,0.6,255.32
2022-12-31 10:00:00,138.25,0.62,250.88
2022-12-31 11:00:00,130.0,0.65,262.5
2022-12-31 12:00:00,121.75,0.77,258.35
2022-12-31 13:00:00,121.5,0.8,266.5
2022-12-31 14:00:00,108.5,0.9,273.5
2022-12-31 15:00:00,92.0,0.65,266.92
2022-12-31 16:00:00,92.0,0.9,278.98
2022-12-31 17:00:00,91.75,0.38,246.52
2022-12-31 18:00:00,96.75,0.55,227.02
2022-12-31 19:00:00,120.75,0.4,232.23
2022-12-31 20:00:00,143.5,0.65,231.3
2022-12-31 21:00:00,161.0,0.52,255.38
2022-12-31 22:00:00,194.5,0.55,248.98
2022-12-31 23:00:00,207.0,0.52,248.68
