timestamp,PM 2.5,wind_speed,wind_dir
2021-01-01 00:00:00,182.67,0.24,197.45
2021-01-01 01:00:00,172.26,0.31,145.17
2021-01-01 02:00:00,168.35,0.27,160.06
2021-01-01 03:00:00,178.9,0.28,164.68
2021-01-01 04:00:00,179.4125,0.4,131.62
2021-01-01 05:00:00,179.925,0.52,98.56
2021-01-01 06:00:00,180.4375,0.64,65.5
2021-01-01 07:00:00,180.95,0.76,32.44
2021-01-01 08:00:00,218.54,0.87,14.85
2021-01-01 09:00:00,261.78,0.86,10.89
2021-01-01 10:00:00,265.97,1.01,17.51
2021-01-01 11:00:00,322.8,1.13,28.12
2021-01-01 12:00:00,318.38,1.23,30.11
2021-01-01 13:00:00,295.35,1.27,27.68
2021-01-01 14:00:00,264.48,1.33,27.35
2021-01-01 15:00:00,195.58,0.92,42.42
2021-01-01 16:00:00,189.3,0.86,120.19
2021-01-01 17:00:00,181.21,0.62,114.39
2021-01-01 18:00:00,174.55,0.4,134.35
2021-01-01 19:00:00,151.82,0.25,82.68
2021-01-01 20:00:00,190.57,0.19,109.04
2021-01-01 21:00:00,243.19,0.35,162.16
2021-01-01 22:00:00,201.44,0.58,69.46
2021-01-01 23:00:00,204.3,0.35,50.06
2021-01-02 00:00:00,192.1,0.48,78.5
2021-01-02 01:00:00,200.26,0.32,134.21
2021-01-02 02:00:00,188.86,0.31,159.0
2021-01-02 03:00:00,167.34,0.34,147.71
2021-01-02 04:00:00,121.07,0.36,42.4
2021-01-02 05:00:00,134.35,0.35,41.01
2021-01-02 06:00:00,160.28,0.68,72.46
2021-01-02 07:00:00,120.93,0.76,95.81
2021-01-02 08:00:00,118.0,0.91,142.12
2021-01-02 09:00:00,128.71,0.4,112.83
2021-01-02 10:00:00,117.52,0.97,76.0
2021-01-02 11:00:00,128.3,0.64,143.99
2021-01-02 12:00:00,128.38,1.26,125.65
2021-01-02 13:00:00,138.54,1.43,107.03
2021-01-02 14:00:00,112.74,1.64,114.18
2021-01-02 15:00:00,133.85,1.22,109.36
2021-01-02 16:00:00,123.18,0.88,130.84
2021-01-02 17:00:00,153.92,0.85,120.96
2021-01-02 18:00:00,109.24,0.8,128.26
2021-01-02 19:00:00,165.18,0.51,132.15
2021-01-02 20:00:00,138.23,0.52,154.92
2021-01-02 21:00:00,137.74,0.38,157.76
2021-01-02 22:00:00,105.87,0.63,157.7
2021-01-02 23:00:00,96.02,0.24,152.42
2021-01-03 00:00:00,113.05,0.38,170.87
2021-01-03 01:00:00,83.72,0.45,115.52
2021-01-03 02:00:00,102.02,0.49,76.64
2021-01-03 03:00:00,73.52,0.64,46.87
2021-01-03 04:00:00,111.83,0.9,41.38
2021-01-03 05:00:00,88.93,0.74,80.7
2021-01-03 06:00:00,102.24,0.86,93.83
2021-01-03 07:00:00,116.18,0.89,89.32
2021-01-03 08:00:00,125.81,1.03,110.49
2021-01-03 09:00:00,74.18,1.4,113.37
2021-01-03 10:00:00,87.75,0.76,113.59
2021-01-03 11:00:00,56.51,0.87,81.46
2021-01-03 12:00:00,77.58,1.04,128.69
2021-01-03 13:00:00,70.43,1.52,111.74
2021-01-03 14:00:00,66.84,1.32,106.57
2021-01-03 15:00:00,58.67,1.62,105.97
2021-01-03 16:00:00,53.34,1.54,105.64
2021-01-03 17:00:00,55.22,1.42,101.93
2021-01-03 18:00:00,45.22,1.15,114.06
2021-01-03 19:00:00,60.7,0.7,146.87
2021-01-03 20:00:00,49.9,0.57,145.67
2021-01-03 21:00:00,35.77,0.41,173.38
2021-01-03 22:00:00,36.87,0.3,176.18
2021-01-03 23:00:00,65.54,0.54,163.65
2021-01-04 00:00:00,58.76,0.45,175.68
2021-01-04 01:00:00,44.81,0.29,112.57
2021-01-04 02:00:00,39.97,0.41,52.91
2021-01-04 03:00:00,37.22,0.84,45.81
2021-01-04 04:00:00,54.97,0.58,59.36
2021-01-04 05:00:00,42.1,0.66,59.49
2021-01-04 06:00:00,38.1,0.68,57.04
2021-01-04 07:00:00,40.9,0.38,152.06
2021-01-04 08:00:00,31.85,0.31,188.9
2021-01-04 09:00:00,41.06,0.32,183.78
2021-01-04 10:00:00,49.09,0.46,70.8
2021-01-04 11:00:00,42.42,0.82,34.01
2021-01-04 12:00:00,46.4,0.57,76.18
2021-01-04 13:00:00,51.21,0.94,24.61
2021-01-04 14:00:00,66.4,0.56,251.42
2021-01-04 15:00:00,62.1,0.42,54.54
2021-01-04 16:00:00,85.75,0.5,183.64
2021-01-04 17:00:00,92.47,0.81,112.92
2021-01-04 18:00:00,75.6,1.07,308.58
2021-01-04 19:00:00,93.25,1.23,336.84
2021-01-04 20:00:00,58.3,1.34,339.17
2021-01-04 21:00:00,40.16,1.55,267.33
2021-01-04 22:00:00,35.44,0.97,331.16
2021-01-04 23:00:00,51.4,0.34,162.22
2021-01-05 00:00:00,47.724999999999994,0.51,19.03
2021-01-05 01:00:00,44.05,0.88,75.14
2021-01-05 02:00:00,41.69,0.36,151.72
2021-01-05 03:00:00,41.035,0.57,83.97
2021-01-05 04:00:00,40.38,1.23,80.15
2021-01-05 05:00:00,31.35,1.16,67.69
2021-01-05 06:00:00,30.34,0.98,50.26
2021-01-05 07:00:00,25.8,0.98,134.33
2021-01-05 08:00:00,41.34,0.84,164.7
2021-01-05 09:00:00,35.9,0.84,39.62
2021-01-05 10:00:00,40.88,0.67,65.9
2021-01-05 11:00:00,61.84,0.83,60.72
2021-01-05 12:00:00,47.35,0.65,77.09
2021-01-05 13:00:00,46.39,0.68,93.14
2021-01-05 14:00:00,65.18,1.27,26.77
2021-01-05 15:00:00,42.74,1.78,19.52
2021-01-05 16:00:00,37.76,1.43,32.8
2021-01-05 17:00:00,35.79,1.38,31.58
2021-01-05 18:00:00,29.42,0.68,59.13
2021-01-05 19:00:00,39.41,1.0,65.38
2021-01-05 20:00:00,37.63,0.89,59.47
2021-01-05 21:00:00,25.71,0.38,95.76
2021-01-05 22:00:00,52.39,0.3,119.88
2021-01-05 23:00:00,34.7,0.32,118.71
2021-01-06 00:00:00,50.85,0.25,136.33
2021-01-06 01:00:00,43.68,0.58,91.48
2021-01-06 02:00:00,37.44,0.44,111.06
2021-01-06 03:00:00,50.12,0.42,66.38
2021-01-06 04:00:00,29.54,0.16,144.04
2021-01-06 05:00:00,43.7,0.64,39.45
2021-01-06 06:00:00,40.61,0.55,46.41
2021-01-06 07:00:00,56.5,0.86,78.48
2021-01-06 08:00:00,43.8,0.86,42.3
2021-01-06 09:00:00,53.33,0.7,145.84
2021-01-06 10:00:00,72.11,0.74,65.14
2021-01-06 11:00:00,41.58,0.5,122.38
2021-01-06 12:00:00,58.3,0.21,195.61
2021-01-06 13:00:00,75.02,0.42,129.9
2021-01-06 14:00:00,45.77,0.52,111.73
2021-01-06 15:00:00,67.42,0.82,220.22
2021-01-06 16:00:00,56.83,1.54,262.79
2021-01-06 17:00:00,72.51,1.5,259.99
2021-01-06 18:00:00,93.4,1.62,263.04
2021-01-06 19:00:00,70.06,1.49,272.47
2021-01-06 20:00:00,77.15,1.28,270.68
2021-01-06 21:00:00,75.64,0.77,277.06
2021-01-06 22:00:00,62.92,0.48,298.62
2021-01-06 23:00:00,75.38,0.28,310.13
2021-01-07 00:00:00,47.86,0.28,309.62
2021-01-07 01:00:00,29.31,0.29,293.22
2021-01-07 02:00:00,32.14,0.24,278.69
2021-01-07 03:00:00,49.86,0.21,262.05
2021-01-07 04:00:00,46.53,0.45,277.05
2021-01-07 05:00:00,36.74,0.55,276.79
2021-01-07 06:00:00,54.77,0.47,265.71
2021-01-07 07:00:00,44.78,0.28,284.03
2021-01-07 08:00:00,44.66,0.24,315.88
2021-01-07 09:00:00,44.94,0.47,324.59
2021-01-07 10:00:00,30.58,0.44,296.18
2021-01-07 11:00:00,39.42,0.52,315.29
2021-01-07 12:00:00,33.04,0.45,305.24
2021-01-07 13:00:00,27.51,1.16,179.35
2021-01-07 14:00:00,31.21,1.01,353.09
2021-01-07 15:00:00,41.42,0.81,169.25
2021-01-07 16:00:00,30.9,0.56,287.11
2021-01-07 17:00:00,46.16,0.52,258.89
2021-01-07 18:00:00,36.56,0.33,226.26
2021-01-07 19:00:00,44.68,0.24,263.98
2021-01-07 20:00:00,53.74,0.23,267.07
2021-01-07 21:00:00,41.55,0.18,184.85
2021-01-07 22:00:00,50.03,0.22,153.65
2021-01-07 23:00:00,39.15,0.15,138.24
2021-01-08 00:00:00,62.33,0.16,217.62
2021-01-08 01:00:00,41.76,0.29,242.82
2021-01-08 02:00:00,72.7,0.46,166.29
2021-01-08 03:00:00,71.84,0.61,111.09
2021-01-08 04:00:00,55.55,0.63,26.7
2021-01-08 05:00:00,40.97,0.62,189.62
2021-01-08 06:00:00,41.74,0.88,105.15
2021-01-08 07:00:00,29.34,0.6,64.57
2021-01-08 08:00:00,45.08,0.39,98.64
2021-01-08 09:00:00,47.33,0.6,21.36
2021-01-08 10:00:00,33.36,0.48,176.93
2021-01-08 11:00:00,35.86,0.53,298.13
2021-01-08 12:00:00,73.08,0.81,172.48
2021-01-08 13:00:00,65.36,0.65,11.48
2021-01-08 14:00:00,69.59,0.63,261.44
2021-01-08 15:00:00,69.72,0.6,15.34
2021-01-08 16:00:00,39.2,0.2,221.51
2021-01-08 17:00:00,96.58,0.14,215.25
2021-01-08 18:00:00,94.52,0.19,157.91
2021-01-08 19:00:00,100.7,0.18,177.95
2021-01-08 20:00:00,135.01,0.47,241.15
2021-01-08 21:00:00,146.52,0.67,259.98
2021-01-08 22:00:00,138.13,0.37,275.86
2021-01-08 23:00:00,82.46,0.23,255.88
2021-01-09 00:00:00,77.9,0.37,282.43
2021-01-09 01:00:00,44.29,0.45,334.03
2021-01-09 02:00:00,60.04,0.71,265.01
2021-01-09 03:00:00,48.4,0.5,165.08
2021-01-09 04:00:00,43.11,0.23,323.33
2021-01-09 05:00:00,41.96,0.26,269.76
2021-01-09 06:00:00,66.31,0.32,270.76
2021-01-09 07:00:00,43.44,0.44,248.92
2021-01-09 08:00:00,80.47,0.24,279.99
2021-01-09 09:00:00,53.68,0.4,272.26
2021-01-09 10:00:00,54.03,0.36,315.62
2021-01-09 11:00:00,66.02,0.46,289.63
2021-01-09 12:00:00,84.28,0.51,300.65
2021-01-09 13:00:00,72.76,0.55,286.9
2021-01-09 14:00:00,74.9,0.58,281.72
2021-01-09 15:00:00,74.15,0.71,291.92
2021-01-09 16:00:00,59.63,0.53,301.91
2021-01-09 17:00:00,71.48,0.34,304.47
2021-01-09 18:00:00,71.66,0.49,303.12
2021-01-09 19:00:00,70.32,0.53,294.54
2021-01-09 20:00:00,64.8,0.83,286.4
2021-01-09 21:00:00,78.79,0.65,288.99
2021-01-09 22:00:00,66.11,0.56,279.31
2021-01-09 23:00:00,44.57,0.76,295.72
2021-01-10 00:00:00,72.02,0.61,310.76
2021-01-10 01:00:00,43.83,0.73,293.94
2021-01-10 02:00:00,29.95,0.72,280.76
2021-01-10 03:00:00,41.99,0.64,308.1
2021-01-10 04:00:00,54.82,0.77,295.92
2021-01-10 05:00:00,31.07,0.42,312.08
2021-01-10 06:00:00,22.22,0.5,308.12
2021-01-10 07:00:00,33.07,0.64,285.29
2021-01-10 08:00:00,52.14,0.66,293.52
2021-01-10 09:00:00,31.66,0.88,294.17
2021-01-10 10:00:00,37.605,1.06,300.47
2021-01-10 11:00:00,43.55,0.86,298.09
2021-01-10 12:00:00,40.07,0.89,299.75
2021-01-10 13:00:00,36.589999999999996,0.92,298.46
2021-01-10 14:00:00,33.11,0.88,310.47
2021-01-10 15:00:00,,0.72,300.88
2021-01-10 16:00:00,26.15,0.82,291.45
2021-01-10 17:00:00,35.2,0.57,303.74
2021-01-10 18:00:00,44.18,0.62,301.94
2021-01-10 19:00:00,53.16,0.53,298.49
2021-01-10 20:00:00,62.14,0.46,314.11
2021-01-10 21:00:00,62.31,0.25,281.02
2021-01-10 22:00:00,61.32,0.36,267.1
2021-01-10 23:00:00,92.4,0.53,272.85
2021-01-11 00:00:00,74.21,0.69,279.23
2021-01-11 01:00:00,47.36,0.62,287.98
2021-01-11 02:00:00,83.74,0.35,292.6
2021-01-11 03:00:00,53.83,0.36,297.18
2021-01-11 04:00:00,57.92,0.53,291.85
2021-01-11 05:00:00,38.77,0.56,301.86
2021-01-11 06:00:00,23.88,0.55,298.61
2021-01-11 07:00:00,46.57,0.55,302.92
2021-01-11 08:00:00,35.98,0.69,301.6
2021-01-11 09:00:00,57.79,0.72,310.5
2021-01-11 10:00:00,52.28,0.79,304.74
2021-01-11 11:00:00,66.85,0.9,305.15
2021-01-11 12:00:00,39.32,0.91,298.96
2021-01-11 13:00:00,28.41,0.99,302.52
2021-01-11 14:00:00,21.43,0.82,302.6
2021-01-11 15:00:00,18.72,0.76,305.4
2021-01-11 16:00:00,16.27,0.92,290.41
2021-01-11 17:00:00,23.41,1.0,274.42
2021-01-11 18:00:00,42.48,0.96,266.27
2021-01-11 19:00:00,61.4,1.1,273.05
2021-01-11 20:00:00,69.4,1.3,262.29
2021-01-11 21:00:00,91.9,0.99,256.52
2021-01-11 22:00:00,64.1,0.33,217.0
2021-01-11 23:00:00,71.86,0.21,181.18
2021-01-12 00:00:00,88.53,0.33,255.44
2021-01-12 01:00:00,49.51,0.65,259.99
2021-01-12 02:00:00,42.69,0.57,261.42
2021-01-12 03:00:00,69.42,0.37,240.85
2021-01-12 04:00:00,82.51,0.25,202.47
2021-01-12 05:00:00,56.11,0.32,173.62
2021-01-12 06:00:00,59.7,0.38,287.54
2021-01-12 07:00:00,36.2,0.61,293.19
2021-01-12 08:00:00,46.33,0.29,287.07
2021-01-12 09:00:00,57.8,0.49,313.01
2021-01-12 10:00:00,49.24,0.55,297.28
2021-01-12 11:00:00,44.64,0.6,294.89
2021-01-12 12:00:00,54.83,1.2,275.69
2021-01-12 13:00:00,48.64,0.94,291.09
2021-01-12 14:00:00,67.2,0.73,289.39
2021-01-12 15:00:00,46.34,0.9,281.47
2021-01-12 16:00:00,46.54,0.64,288.66
2021-01-12 17:00:00,53.0,0.32,295.96
2021-01-12 18:00:00,74.69,0.13,212.63
2021-01-12 19:00:00,84.1,0.11,118.57
2021-01-12 20:00:00,93.02,0.3,47.65
2021-01-12 21:00:00,75.91,0.24,141.25
2021-01-12 22:00:00,88.64,0.27,108.87
2021-01-12 23:00:00,103.04,0.52,58.5
2021-01-13 00:00:00,119.79,0.65,33.25
2021-01-13 01:00:00,74.74,0.24,107.47
2021-01-13 02:00:00,76.75,0.26,136.94
2021-01-13 03:00:00,108.88,0.24,120.06
2021-01-13 04:00:00,84.14,0.26,129.03
2021-01-13 05:00:00,93.09,0.25,149.34
2021-01-13 06:00:00,88.66,0.23,176.38
2021-01-13 07:00:00,103.43,0.45,247.69
2021-01-13 08:00:00,84.76,0.69,266.87
2021-01-13 09:00:00,78.6,0.49,284.45
2021-01-13 10:00:00,46.88,0.42,303.35
2021-01-13 11:00:00,84.9,0.65,273.68
2021-01-13 12:00:00,116.64,1.0,275.68
2021-01-13 13:00:00,110.93,0.83,294.86
2021-01-13 14:00:00,102.25,0.93,281.67
2021-01-13 15:00:00,68.39,1.15,274.43
2021-01-13 16:00:00,66.95,0.45,299.71
2021-01-13 17:00:00,46.88,0.27,254.18
2021-01-13 18:00:00,38.8,0.17,101.2
2021-01-13 19:00:00,91.4,0.26,121.46
2021-01-13 20:00:00,101.13,0.27,141.85
2021-01-13 21:00:00,138.47,0.23,115.06
2021-01-13 22:00:00,120.69,0.34,72.45
2021-01-13 23:00:00,138.85,0.42,29.58
2021-01-14 00:00:00,129.49,0.26,125.49
2021-01-14 01:00:00,128.74,0.25,115.6
2021-01-14 02:00:00,156.73,0.26,75.47
2021-01-14 03:00:00,138.16,0.32,52.36
2021-01-14 04:00:00,74.65,0.24,74.78
2021-01-14 05:00:00,101.33,0.25,142.35
2021-01-14 06:00:00,96.2,0.29,166.15
2021-01-14 07:00:00,111.38,0.27,157.9
2021-01-14 08:00:00,68.18,0.32,186.97
2021-01-14 09:00:00,111.23,0.91,134.17
2021-01-14 10:00:00,113.8,0.96,23.76
2021-01-14 11:00:00,138.36,1.23,19.24
2021-01-14 12:00:00,144.34,1.26,17.98
2021-01-14 13:00:00,187.74,1.29,18.29
2021-01-14 14:00:00,179.65,1.18,24.58
2021-01-14 15:00:00,164.67,1.11,22.56
2021-01-14 16:00:00,130.76,1.1,24.39
2021-01-14 17:00:00,149.2,0.73,39.2
2021-01-14 18:00:00,130.72,0.35,67.16
2021-01-14 19:00:00,177.33,0.28,96.49
2021-01-14 20:00:00,187.16,0.26,127.82
2021-01-14 21:00:00,217.75,0.21,125.26
2021-01-14 22:00:00,231.52,0.24,139.21
2021-01-14 23:00:00,223.07,0.26,159.53
2021-01-15 00:00:00,162.1,0.26,149.42
2021-01-15 01:00:00,115.96,0.26,91.1
2021-01-15 02:00:00,168.16,0.42,54.87
2021-01-15 03:00:00,147.55,0.37,53.4
2021-01-15 04:00:00,124.9,0.4,75.64
2021-01-15 05:00:00,127.04,0.49,47.28
2021-01-15 06:00:00,107.97,0.22,39.4
2021-01-15 07:00:00,135.7,0.14,94.63
2021-01-15 08:00:00,132.95,0.16,79.35
2021-01-15 09:00:00,127.14,0.5,103.45
2021-01-15 10:00:00,166.33,0.65,129.03
2021-01-15 11:00:00,184.07,0.97,121.36
2021-01-15 12:00:00,149.62,0.46,102.31
2021-01-15 13:00:00,145.42,0.66,35.29
2021-01-15 14:00:00,131.18,0.53,194.31
2021-01-15 15:00:00,131.03,0.62,100.77
2021-01-15 16:00:00,164.76,0.32,151.04
2021-01-15 17:00:00,200.93,0.41,103.13
2021-01-15 18:00:00,217.9,0.26,93.45
2021-01-15 19:00:00,219.58,0.24,92.36
2021-01-15 20:00:00,251.61,0.25,131.91
2021-01-15 21:00:00,264.21,0.26,122.14
2021-01-15 22:00:00,247.16,0.25,123.46
2021-01-15 23:00:00,261.8,0.23,101.1
2021-01-16 00:00:00,222.2,0.18,170.83
2021-01-16 01:00:00,164.87,0.52,21.22
2021-01-16 02:00:00,153.29,0.16,206.33
2021-01-16 03:00:00,132.92,0.28,117.57
2021-01-16 04:00:00,105.84,0.18,126.73
2021-01-16 05:00:00,73.42,0.28,246.62
2021-01-16 06:00:00,43.17,0.48,256.65
2021-01-16 07:00:00,53.18,0.57,230.81
2021-01-16 08:00:00,67.34,0.73,256.08
2021-01-16 09:00:00,79.04,0.9,256.81
2021-01-16 10:00:00,88.71,0.47,306.12
2021-01-16 11:00:00,111.23,0.46,333.33
2021-01-16 12:00:00,7.0,0.72,282.44
2021-01-16 13:00:00,28.35,0.67,286.9
2021-01-16 14:00:00,69.21,1.02,278.3
2021-01-16 15:00:00,75.44,0.62,293.42
2021-01-16 16:00:00,43.85,0.83,278.93
2021-01-16 17:00:00,55.32,0.67,271.61
2021-01-16 18:00:00,51.41,0.59,279.77
2021-01-16 19:00:00,68.75,0.24,282.08
2021-01-16 20:00:00,73.52,0.19,263.94
2021-01-16 21:00:00,79.27,0.12,221.43
2021-01-16 22:00:00,74.35,0.57,31.2
2021-01-16 23:00:00,81.37,0.63,23.83
2021-01-17 00:00:00,54.24,0.64,28.81
2021-01-17 01:00:00,35.22,0.53,183.15
2021-01-17 02:00:00,74.13,0.66,28.44
2021-01-17 03:00:00,67.59,0.77,29.93
2021-01-17 04:00:00,44.1,0.77,39.86
2021-01-17 05:00:00,64.05,0.9,30.81
2021-01-17 06:00:00,62.0,0.81,70.87
2021-01-17 07:00:00,57.6,1.02,103.35
2021-01-17 08:00:00,57.55,1.34,97.39
2021-01-17 09:00:00,86.27,1.44,124.73
2021-01-17 10:00:00,80.43,1.46,133.29
2021-01-17 11:00:00,91.29,1.84,131.14
2021-01-17 12:00:00,110.83,1.84,141.41
2021-01-17 13:00:00,70.09,1.95,157.3
2021-01-17 14:00:00,87.8,1.58,140.73
2021-01-17 15:00:00,69.03,1.3,141.2
2021-01-17 16:00:00,64.54,1.17,141.95
2021-01-17 17:00:00,90.06,1.4,130.38
2021-01-17 18:00:00,117.25,1.64,110.66
2021-01-17 19:00:00,103.25,1.51,123.91
2021-01-17 20:00:00,133.91,1.4,115.54
2021-01-17 21:00:00,105.2,1.44,126.34
2021-01-17 22:00:00,108.03,1.3,139.69
2021-01-17 23:00:00,110.08,1.35,136.14
2021-01-18 00:00:00,102.99,1.62,124.83
2021-01-18 01:00:00,81.04,1.0,145.05
2021-01-18 02:00:00,78.52,0.93,114.3
2021-01-18 03:00:00,71.22,0.89,105.85
2021-01-18 04:00:00,83.79,0.68,112.49
2021-01-18 05:00:00,45.64,0.4,140.17
2021-01-18 06:00:00,67.15,0.64,64.91
2021-01-18 07:00:00,40.32,0.58,96.74
2021-01-18 08:00:00,61.55,1.1,113.46
2021-01-18 09:00:00,111.0,1.36,134.28
2021-01-18 10:00:00,90.86,1.41,130.46
2021-01-18 11:00:00,66.85,1.17,131.55
2021-01-18 12:00:00,94.48,1.42,127.4
2021-01-18 13:00:00,52.02,1.32,141.28
2021-01-18 14:00:00,47.8,1.3,128.28
2021-01-18 15:00:00,74.75,0.86,113.61
2021-01-18 16:00:00,57.92,0.61,106.6
2021-01-18 17:00:00,102.2,0.41,122.9
2021-01-18 18:00:00,117.86,0.25,128.66
2021-01-18 19:00:00,180.69,0.26,119.97
2021-01-18 20:00:00,210.33,0.23,116.84
2021-01-18 21:00:00,198.8,0.27,129.5
2021-01-18 22:00:00,239.1,0.32,108.35
2021-01-18 23:00:00,233.77,0.27,117.79
2021-01-19 00:00:00,220.2,0.25,128.13
2021-01-19 01:00:00,140.57,0.26,135.56
2021-01-19 02:00:00,174.57,0.27,145.15
2021-01-19 03:00:00,137.42,0.27,165.66
2021-01-19 04:00:00,100.12,0.26,163.01
2021-01-19 05:00:00,116.58,0.27,168.44
2021-01-19 06:00:00,155.18,0.32,186.58
2021-01-19 07:00:00,156.73,0.33,200.06
2021-01-19 08:00:00,175.89,0.78,243.81
2021-01-19 09:00:00,128.89,1.25,256.62
2021-01-19 10:00:00,119.85,1.18,264.72
2021-01-19 11:00:00,120.82,1.27,269.55
2021-01-19 12:00:00,131.47,0.79,293.77
2021-01-19 13:00:00,93.66,0.96,297.54
2021-01-19 14:00:00,97.14,1.4,280.4
2021-01-19 15:00:00,57.11,1.67,264.56
2021-01-19 16:00:00,56.75,2.1,263.03
2021-01-19 17:00:00,103.82,1.85,266.77
2021-01-19 18:00:00,68.95,2.0,269.05
2021-01-19 19:00:00,60.8,2.09,266.1
2021-01-19 20:00:00,37.54,1.76,274.22
2021-01-19 21:00:00,52.07,1.69,270.09
2021-01-19 22:00:00,33.36,2.17,264.62
2021-01-19 23:00:00,49.08,1.94,267.4
2021-01-20 00:00:00,66.34,1.48,268.88
2021-01-20 01:00:00,44.54,1.37,273.58
2021-01-20 02:00:00,52.3,1.16,280.79
2021-01-20 03:00:00,63.92,1.1,278.89
2021-01-20 04:00:00,59.72,0.73,291.06
2021-01-20 05:00:00,87.2,1.25,278.16
2021-01-20 06:00:00,107.96,1.17,286.17
2021-01-20 07:00:00,101.55,1.32,287.86
2021-01-20 08:00:00,122.04,1.0,290.61
2021-01-20 09:00:00,76.93,1.29,277.33
2021-01-20 10:00:00,55.79,1.45,271.81
2021-01-20 11:00:00,45.62,1.22,281.7
2021-01-20 12:00:00,72.68,1.24,272.9
2021-01-20 13:00:00,125.82,1.08,280.76
2021-01-20 14:00:00,72.7,1.41,272.93
2021-01-20 15:00:00,59.31,1.98,265.0
2021-01-20 16:00:00,80.19,1.86,266.88
2021-01-20 17:00:00,44.47,1.91,263.32
2021-01-20 18:00:00,30.84,1.78,262.68
2021-01-20 19:00:00,58.58,1.57,261.88
2021-01-20 20:00:00,63.4,1.24,257.59
2021-01-20 21:00:00,73.69,1.45,262.1
2021-01-20 22:00:00,60.82,0.92,259.49
2021-01-20 23:00:00,88.24,0.88,257.03
2021-01-21 00:00:00,88.93,0.87,266.06
2021-01-21 01:00:00,59.83,0.92,266.75
2021-01-21 02:00:00,54.74,1.21,267.12
2021-01-21 03:00:00,56.39,0.76,281.36
2021-01-21 04:00:00,46.93,1.02,285.38
2021-01-21 05:00:00,63.17,0.87,275.44
2021-01-21 06:00:00,41.87,1.07,261.06
2021-01-21 07:00:00,40.45,1.34,279.32
2021-01-21 08:00:00,55.3,1.23,272.09
2021-01-21 09:00:00,50.21,1.64,271.15
2021-01-21 10:00:00,68.08,1.95,268.92
2021-01-21 11:00:00,68.76,2.03,266.34
2021-01-21 12:00:00,67.88,1.51,281.76
2021-01-21 13:00:00,38.56,1.36,289.71
2021-01-21 14:00:00,53.12,1.21,285.37
2021-01-21 15:00:00,36.55,1.14,285.03
2021-01-21 16:00:00,28.34,0.94,280.62
2021-01-21 17:00:00,18.71,0.82,256.81
2021-01-21 18:00:00,68.63,0.32,189.49
2021-01-21 19:00:00,124.9,0.26,160.6
2021-01-21 20:00:00,144.93,0.26,150.47
2021-01-21 21:00:00,162.69,0.27,182.08
2021-01-21 22:00:00,115.15,0.31,243.42
2021-01-21 23:00:00,126.54,0.25,196.46
2021-01-22 00:00:00,137.64,0.26,154.45
2021-01-22 01:00:00,101.04,0.24,103.48
2021-01-22 02:00:00,124.45,0.22,59.65
2021-01-22 03:00:00,143.75,0.19,115.87
2021-01-22 04:00:00,147.99,0.26,145.35
2021-01-22 05:00:00,164.22,0.5,126.92
2021-01-22 06:00:00,152.24,0.47,43.09
2021-01-22 07:00:00,144.38,0.82,31.25
2021-01-22 08:00:00,156.72,1.04,94.08
2021-01-22 09:00:00,144.28,1.27,137.64
2021-01-22 10:00:00,119.42,1.36,128.74
2021-01-22 11:00:00,88.7,1.44,129.71
2021-01-22 12:00:00,98.34,1.49,111.57
2021-01-22 13:00:00,88.09,1.79,117.63
2021-01-22 14:00:00,75.62,1.66,123.01
2021-01-22 15:00:00,62.98,1.59,131.85
2021-01-22 16:00:00,75.82,1.53,127.58
2021-01-22 17:00:00,67.25,1.2,122.77
2021-01-22 18:00:00,89.07,0.79,119.74
2021-01-22 19:00:00,119.81,1.08,127.02
2021-01-22 20:00:00,81.9,1.06,123.54
2021-01-22 21:00:00,94.96,0.89,126.17
2021-01-22 22:00:00,112.73,1.07,120.36
2021-01-22 23:00:00,87.51,1.2,134.48
2021-01-23 00:00:00,101.4,0.95,138.8
2021-01-23 01:00:00,67.51,1.22,139.65
2021-01-23 02:00:00,64.86,1.22,127.18
2021-01-23 03:00:00,58.6,1.26,119.44
2021-01-23 04:00:00,37.9,1.24,120.71
2021-01-23 05:00:00,47.78,1.28,138.47
2021-01-23 06:00:00,52.73,1.4,137.87
2021-01-23 07:00:00,36.0,1.18,137.38
2021-01-23 08:00:00,46.35,1.29,129.89
2021-01-23 09:00:00,30.3,1.38,144.15
2021-01-23 10:00:00,35.3,1.54,155.48
2021-01-23 11:00:00,56.95,1.54,137.57
2021-01-23 12:00:00,55.7,1.81,123.58
2021-01-23 13:00:00,51.32,1.65,141.88
2021-01-23 14:00:00,44.44,1.76,141.88
2021-01-23 15:00:00,41.95,1.32,160.27
2021-01-23 16:00:00,62.93,1.23,152.05
2021-01-23 17:00:00,57.47,1.22,132.73
2021-01-23 18:00:00,82.8,0.69,151.05
2021-01-23 19:00:00,78.51,0.76,165.21
2021-01-23 20:00:00,85.52,1.07,150.59
2021-01-23 21:00:00,108.86,0.51,201.03
2021-01-23 22:00:00,82.31,0.39,190.06
2021-01-23 23:00:00,97.82,0.29,167.51
2021-01-24 00:00:00,102.22,0.2,167.2
2021-01-24 01:00:00,90.74,0.33,122.6
2021-01-24 02:00:00,99.23,0.26,150.86
2021-01-24 03:00:00,74.09,0.22,154.26
2021-01-24 04:00:00,66.93,0.4,235.88
2021-01-24 05:00:00,64.61,0.43,235.02
2021-01-24 06:00:00,75.43,1.06,267.32
2021-01-24 07:00:00,65.75,0.47,272.32
2021-01-24 08:00:00,99.2,0.24,283.35
2021-01-24 09:00:00,68.91,0.38,270.47
2021-01-24 10:00:00,48.05,0.63,282.4
2021-01-24 11:00:00,66.13,0.51,290.8
2021-01-24 12:00:00,88.37,0.65,296.92
2021-01-24 13:00:00,58.04,0.69,274.31
2021-01-24 14:00:00,118.07,0.59,288.02
2021-01-24 15:00:00,89.52,0.7,310.54
2021-01-24 16:00:00,87.87,0.52,335.03
2021-01-24 17:00:00,86.11,0.33,298.06
2021-01-24 18:00:00,47.69,0.22,232.34
2021-01-24 19:00:00,76.97,0.5,99.66
2021-01-24 20:00:00,76.15,0.32,296.52
2021-01-24 21:00:00,79.53,0.41,326.85
2021-01-24 22:00:00,78.14,0.64,348.72
2021-01-24 23:00:00,81.66,0.76,345.09
2021-01-25 00:00:00,62.84,0.49,310.52
2021-01-25 01:00:00,48.96,0.38,307.98
2021-01-25 02:00:00,52.47,0.66,312.93
2021-01-25 03:00:00,44.76,0.59,323.85
2021-01-25 04:00:00,48.25,0.69,280.94
2021-01-25 05:00:00,36.58,0.65,296.15
2021-01-25 06:00:00,56.77,0.67,168.35
2021-01-25 07:00:00,57.55,0.57,311.02
2021-01-25 08:00:00,67.04,0.48,293.38
2021-01-25 09:00:00,39.24,0.49,323.81
2021-01-25 10:00:00,25.46,0.54,337.24
2021-01-25 11:00:00,73.36,0.84,314.01
2021-01-25 12:00:00,84.58,0.63,246.64
2021-01-25 13:00:00,48.41,0.87,282.97
2021-01-25 14:00:00,55.23,0.64,320.82
2021-01-25 15:00:00,48.07,0.6,229.64
2021-01-25 16:00:00,63.12,0.48,291.67
2021-01-25 17:00:00,68.01,0.39,311.0
2021-01-25 18:00:00,64.92,0.19,163.2
2021-01-25 19:00:00,74.18,0.26,146.57
2021-01-25 20:00:00,134.86,0.26,150.1
2021-01-25 21:00:00,124.78,0.27,160.06
2021-01-25 22:00:00,121.71,0.3,177.56
2021-01-25 23:00:00,150.68,0.36,188.89
2021-01-26 00:00:00,141.62,0.27,173.44
2021-01-26 01:00:00,87.27,0.27,179.28
2021-01-26 02:00:00,128.73,0.33,204.36
2021-01-26 03:00:00,102.2,0.31,189.69
2021-01-26 04:00:00,84.27,0.5,220.83
2021-01-26 05:00:00,80.78,0.3,191.66
2021-01-26 06:00:00,81.07,0.44,221.39
2021-01-26 07:00:00,54.51,0.29,174.02
2021-01-26 08:00:00,99.85,1.03,239.8
2021-01-26 09:00:00,91.1,1.31,255.86
2021-01-26 10:00:00,73.25,1.08,250.28
2021-01-26 11:00:00,60.18,0.73,274.21
2021-01-26 12:00:00,70.39,0.94,281.44
2021-01-26 13:00:00,95.75,0.83,308.59
2021-01-26 14:00:00,61.04,0.62,308.6
2021-01-26 15:00:00,53.95,0.7,248.91
2021-01-26 16:00:00,64.03,0.56,329.82
2021-01-26 17:00:00,88.34,0.27,290.02
2021-01-26 18:00:00,73.16,0.17,211.46
2021-01-26 19:00:00,48.92,0.24,202.59
2021-01-26 20:00:00,95.25,0.25,158.49
2021-01-26 21:00:00,122.8,0.22,175.19
2021-01-26 22:00:00,121.57,0.4,211.96
2021-01-26 23:00:00,147.34,0.3,197.94
2021-01-27 00:00:00,142.9,0.55,228.1
2021-01-27 01:00:00,106.88,0.9,251.37
2021-01-27 02:00:00,131.88,0.75,241.43
2021-01-27 03:00:00,113.36,0.79,250.31
2021-01-27 04:00:00,83.05,0.5,215.57
2021-01-27 05:00:00,68.31,0.38,207.74
2021-01-27 06:00:00,91.33,0.34,213.12
2021-01-27 07:00:00,90.8,0.31,193.21
2021-01-27 08:00:00,96.8,1.16,247.95
2021-01-27 09:00:00,80.36,1.23,260.38
2021-01-27 10:00:00,72.78,0.96,272.2
2021-01-27 11:00:00,74.73,0.62,300.54
2021-01-27 12:00:00,76.68,0.77,308.35
2021-01-27 13:00:00,76.37,0.88,294.29
2021-01-27 14:00:00,57.79,0.85,307.59
2021-01-27 15:00:00,34.11,0.74,310.57
2021-01-27 16:00:00,30.73,0.51,305.8
2021-01-27 17:00:00,33.77,0.33,308.51
2021-01-27 18:00:00,70.85,0.19,158.55
2021-01-27 19:00:00,116.48,0.06,217.84
2021-01-27 20:00:00,115.63,0.12,100.98
2021-01-27 21:00:00,137.59,0.28,136.57
2021-01-27 22:00:00,129.22,0.18,150.8
2021-01-27 23:00:00,160.55,0.56,40.09
2021-01-28 00:00:00,181.42,0.96,29.4
2021-01-28 01:00:00,132.57,0.31,74.63
2021-01-28 02:00:00,138.65,0.26,149.9
2021-01-28 03:00:00,111.37,0.43,209.25
2021-01-28 04:00:00,115.14,0.28,214.75
2021-01-28 05:00:00,100.93,0.27,174.83
2021-01-28 06:00:00,102.93,0.28,174.48
2021-01-28 07:00:00,122.5,0.3,195.64
2021-01-28 08:00:00,132.5,0.4,237.46
2021-01-28 09:00:00,159.33,0.34,179.61
2021-01-28 10:00:00,126.47,0.65,49.46
2021-01-28 11:00:00,128.2,0.91,32.75
2021-01-28 12:00:00,93.53,1.08,35.47
2021-01-28 13:00:00,124.06,1.02,28.54
2021-01-28 14:00:00,91.6,0.85,104.04
2021-01-28 15:00:00,87.72,0.49,322.27
2021-01-28 16:00:00,138.38,0.29,320.06
2021-01-28 17:00:00,91.48,0.44,49.06
2021-01-28 18:00:00,146.97,0.33,83.0
2021-01-28 19:00:00,197.91,0.25,122.62
2021-01-28 20:00:00,227.11,0.28,133.59
2021-01-28 21:00:00,222.88,0.26,144.4
2021-01-28 22:00:00,231.65,0.27,138.85
2021-01-28 23:00:00,220.12,0.26,152.9
2021-01-29 00:00:00,228.64,0.28,174.1
2021-01-29 01:00:00,188.64,0.28,187.97
2021-01-29 02:00:00,168.95,0.28,175.09
2021-01-29 03:00:00,188.85,0.36,200.24
2021-01-29 04:00:00,172.1,0.32,218.63
2021-01-29 05:00:00,165.18,0.36,204.58
2021-01-29 06:00:00,147.05,0.28,178.18
2021-01-29 07:00:00,145.64,0.31,175.64
2021-01-29 08:00:00,142.44,0.71,223.43
2021-01-29 09:00:00,148.79,1.0,278.6
2021-01-29 10:00:00,108.77,1.3,269.49
2021-01-29 11:00:00,134.87,1.03,274.54
2021-01-29 12:00:00,145.54,0.93,299.74
2021-01-29 13:00:00,102.57,1.02,295.08
2021-01-29 14:00:00,82.97,1.0,305.78
2021-01-29 15:00:00,72.45,0.87,313.33
2021-01-29 16:00:00,82.99,0.73,320.99
2021-01-29 17:00:00,74.84,0.37,304.74
2021-01-29 18:00:00,77.74,0.16,225.93
2021-01-29 19:00:00,111.61,0.08,195.64
2021-01-29 20:00:00,130.38,0.16,166.2
2021-01-29 21:00:00,106.97,0.23,272.11
2021-01-29 22:00:00,167.78,0.57,279.83
2021-01-29 23:00:00,105.76,0.56,279.29
2021-01-30 00:00:00,102.09,0.8,264.37
2021-01-30 01:00:00,75.07,0.52,281.86
2021-01-30 02:00:00,93.0,0.76,273.84
2021-01-30 03:00:00,50.82,0.56,250.94
2021-01-30 04:00:00,70.7,0.77,244.52
2021-01-30 05:00:00,75.79,0.69,247.22
2021-01-30 06:00:00,75.95,0.55,222.79
2021-01-30 07:00:00,73.44,1.08,245.0
2021-01-30 08:00:00,89.62,1.23,262.59
2021-01-30 09:00:00,65.05,1.36,267.91
2021-01-30 10:00:00,68.81,1.14,271.31
2021-01-30 11:00:00,51.36,0.91,282.04
2021-01-30 12:00:00,74.46,1.32,283.5
2021-01-30 13:00:00,112.24,1.01,284.04
2021-01-30 14:00:00,105.97,0.91,300.54
2021-01-30 15:00:00,56.7,0.81,300.0
2021-01-30 16:00:00,29.52,0.94,280.02
2021-01-30 17:00:00,73.44,0.33,286.15
2021-01-30 18:00:00,69.49,0.16,154.7
2021-01-30 19:00:00,109.29,0.27,159.15
2021-01-30 20:00:00,148.41,0.27,170.38
2021-01-30 21:00:00,188.13,0.35,131.41
2021-01-30 22:00:00,176.56,0.26,149.84
2021-01-30 23:00:00,196.78,0.26,156.36
2021-01-31 00:00:00,194.17,0.28,160.26
2021-01-31 01:00:00,173.24,0.26,159.13
2021-01-31 02:00:00,171.48,0.31,182.85
2021-01-31 03:00:00,173.45,0.3,178.6
2021-01-31 04:00:00,117.32,0.27,165.4
2021-01-31 05:00:00,100.85,0.28,169.32
2021-01-31 06:00:00,86.06,0.36,189.28
2021-01-31 07:00:00,100.68,0.32,183.86
2021-01-31 08:00:00,117.17,0.58,222.85
2021-01-31 09:00:00,114.89,0.82,243.22
2021-01-31 10:00:00,71.72,0.68,255.58
2021-01-31 11:00:00,116.82,0.56,240.06
2021-01-31 12:00:00,61.3,0.76,238.98
2021-01-31 13:00:00,36.28,0.61,261.56
2021-01-31 14:00:00,32.97,0.56,272.56
2021-01-31 15:00:00,18.47,0.73,265.84
2021-01-31 16:00:00,11.39,0.5,272.37
2021-01-31 17:00:00,98.62,0.18,149.01
2021-01-31 18:00:00,56.05,0.32,94.7
2021-01-31 19:00:00,210.09,0.26,69.78
2021-01-31 20:00:00,215.31,0.28,116.43
2021-01-31 21:00:00,197.43,0.94,134.57
2021-01-31 22:00:00,174.88,0.88,129.86
2021-01-31 23:00:00,162.31,0.37,74.38
2021-02-01 00:00:00,87.34,0.32,58.91
2021-02-01 01:00:00,68.66,0.86,33.09
2021-02-01 02:00:00,197.61,0.66,18.6
2021-02-01 03:00:00,172.61,0.24,106.44
2021-02-01 04:00:00,178.32,0.2,166.37
2021-02-01 05:00:00,181.06,0.22,185.32
2021-02-01 06:00:00,149.03,0.25,179.02
2021-02-01 07:00:00,177.86,0.21,176.48
2021-02-01 08:00:00,123.8,0.44,234.72
2021-02-01 09:00:00,85.84,0.46,133.74
2021-02-01 10:00:00,96.71,0.7,188.56
2021-02-01 11:00:00,102.6,0.73,267.92
2021-02-01 12:00:00,881.52,0.82,251.59
2021-02-01 13:00:00,634.7633333333333,0.91,284.1
2021-02-01 14:00:00,388.00666666666666,1.49,265.49
2021-02-01 15:00:00,141.25,0.53,299.0
2021-02-01 16:00:00,125.3,0.38,299.8
2021-02-01 17:00:00,87.24,0.28,199.8
2021-02-01 18:00:00,124.42,0.34,67.5
2021-02-01 19:00:00,137.34,0.49,71.12
2021-02-01 20:00:00,171.0,0.29,120.96
2021-02-01 21:00:00,151.14,0.24,120.57
2021-02-01 22:00:00,164.76,0.7,34.25
2021-02-01 23:00:00,204.25,0.54,48.73
2021-02-02 00:00:00,179.89,0.24,138.11
2021-02-02 01:00:00,151.48,0.25,158.63
2021-02-02 02:00:00,175.86,0.26,166.87
2021-02-02 03:00:00,174.06,0.28,189.1
2021-02-02 04:00:00,152.62,0.27,163.64
2021-02-02 05:00:00,99.88,0.26,143.63
2021-02-02 06:00:00,106.68,0.28,174.63
2021-02-02 07:00:00,135.64,0.25,184.83
2021-02-02 08:00:00,162.27,0.42,228.41
2021-02-02 09:00:00,198.66,1.04,257.12
2021-02-02 10:00:00,198.23,1.02,237.37
2021-02-02 11:00:00,184.12,0.77,255.83
2021-02-02 12:00:00,125.32,1.34,261.02
2021-02-02 13:00:00,94.56,0.91,255.53
2021-02-02 14:00:00,67.88,1.2,265.82
2021-02-02 15:00:00,37.28,0.82,274.86
2021-02-02 16:00:00,63.73,0.25,146.72
2021-02-02 17:00:00,114.2,0.44,109.46
2021-02-02 18:00:00,151.01,0.55,66.64
2021-02-02 19:00:00,185.14,0.88,122.56
2021-02-02 20:00:00,181.43,0.8,130.09
2021-02-02 21:00:00,131.43,0.48,118.86
2021-02-02 22:00:00,140.54,0.69,106.93
2021-02-02 23:00:00,169.57,0.71,123.54
2021-02-03 00:00:00,148.19,0.59,86.18
2021-02-03 01:00:00,128.15,0.7,79.44
2021-02-03 02:00:00,132.28,1.07,132.42
2021-02-03 03:00:00,100.21,1.1,144.21
2021-02-03 04:00:00,68.87,1.42,148.72
2021-02-03 05:00:00,96.52,1.32,144.5
2021-02-03 06:00:00,86.51,1.44,132.77
2021-02-03 07:00:00,118.94,1.2,127.35
2021-02-03 08:00:00,84.96,1.56,131.41
2021-02-03 09:00:00,92.96,1.39,129.6
2021-02-03 10:00:00,73.19,1.57,134.32
2021-02-03 11:00:00,80.48,1.64,140.63
2021-02-03 12:00:00,85.74,1.58,139.52
2021-02-03 13:00:00,64.7,1.51,145.21
2021-02-03 14:00:00,69.32,1.45,133.5
2021-02-03 15:00:00,58.99,1.55,124.1
2021-02-03 16:00:00,60.25,1.48,128.51
2021-02-03 17:00:00,51.12,1.19,132.07
2021-02-03 18:00:00,77.88,0.72,120.1
2021-02-03 19:00:00,86.1,0.76,114.34
2021-02-03 20:00:00,83.74,0.62,120.85
2021-02-03 21:00:00,83.57,0.42,106.33
2021-02-03 22:00:00,95.36,0.5,98.98
2021-02-03 23:00:00,99.09,0.71,55.39
2021-02-04 00:00:00,99.03,0.79,63.04
2021-02-04 01:00:00,78.5,0.51,44.41
2021-02-04 02:00:00,132.7,0.57,44.77
2021-02-04 03:00:00,147.81,0.75,73.99
2021-02-04 04:00:00,132.47,0.66,110.46
2021-02-04 05:00:00,128.26,0.81,41.49
2021-02-04 06:00:00,100.88,1.04,47.9
2021-02-04 07:00:00,93.55,1.36,98.24
2021-02-04 08:00:00,132.13,0.89,54.47
2021-02-04 09:00:00,96.11,0.55,132.01
2021-02-04 10:00:00,132.78,1.68,31.34
2021-02-04 11:00:00,73.18,1.1,82.16
2021-02-04 12:00:00,96.32,1.42,41.22
2021-02-04 13:00:00,87.94,1.26,41.63
2021-02-04 14:00:00,70.51,1.2,48.93
2021-02-04 15:00:00,36.7,1.48,43.78
2021-02-04 16:00:00,24.63,2.11,94.85
2021-02-04 17:00:00,58.8,2.86,93.46
2021-02-04 18:00:00,39.51,1.91,13.71
2021-02-04 19:00:00,46.26,1.43,42.2
2021-02-04 20:00:00,28.18,0.73,37.51
2021-02-04 21:00:00,38.44,0.81,32.62
2021-02-04 22:00:00,42.73,0.48,44.28
2021-02-04 23:00:00,26.34,0.28,128.4
2021-02-05 00:00:00,19.93,0.53,41.47
2021-02-05 01:00:00,15.93,0.66,36.87
2021-02-05 02:00:00,9.94,0.95,61.19
2021-02-05 03:00:00,12.38,0.57,24.4
2021-02-05 04:00:00,13.22,0.29,104.98
2021-02-05 05:00:00,13.35,0.2,125.12
2021-02-05 06:00:00,12.75,0.23,146.2
2021-02-05 07:00:00,10.52,0.47,126.65
2021-02-05 08:00:00,29.73,0.25,71.32
2021-02-05 09:00:00,49.21,0.56,214.99
2021-02-05 10:00:00,38.12,0.56,280.77
2021-02-05 11:00:00,35.06,0.89,283.66
2021-02-05 12:00:00,26.28,0.66,323.08
2021-02-05 13:00:00,21.54,0.74,220.22
2021-02-05 14:00:00,17.2,0.87,161.91
2021-02-05 15:00:00,17.28,0.62,286.58
2021-02-05 16:00:00,15.84,0.62,300.62
2021-02-05 17:00:00,14.29,0.5,304.8
2021-02-05 18:00:00,27.94,0.58,331.62
2021-02-05 19:00:00,46.72,0.56,341.59
2021-02-05 20:00:00,57.1,0.2,286.89
2021-02-05 21:00:00,33.4,0.29,287.91
2021-02-05 22:00:00,61.98,0.28,280.7
2021-02-05 23:00:00,74.12,0.44,293.76
2021-02-06 00:00:00,46.7,0.39,281.17
2021-02-06 01:00:00,32.26,0.24,285.37
2021-02-06 02:00:00,38.86,0.16,220.91
2021-02-06 03:00:00,62.46,0.64,260.83
2021-02-06 04:00:00,45.49,0.44,242.28
2021-02-06 05:00:00,32.69,0.52,243.77
2021-02-06 06:00:00,25.88,1.33,267.97
2021-02-06 07:00:00,23.17,0.9,271.73
2021-02-06 08:00:00,60.6,0.94,276.64
2021-02-06 09:00:00,67.74,0.74,298.96
2021-02-06 10:00:00,71.58,0.75,323.1
2021-02-06 11:00:00,43.82,1.06,337.34
2021-02-06 12:00:00,30.52,1.18,248.01
2021-02-06 13:00:00,25.836666666666666,1.05,251.08
2021-02-06 14:00:00,21.153333333333332,1.11,318.79
2021-02-06 15:00:00,16.47,1.08,292.98
2021-02-06 16:00:00,14.7,0.83,315.35
2021-02-06 17:00:00,55.99,0.66,300.34
2021-02-06 18:00:00,53.81,0.45,306.03
2021-02-06 19:00:00,52.39,0.4,301.12
2021-02-06 20:00:00,31.89,0.39,299.47
2021-02-06 21:00:00,56.4,0.49,287.48
2021-02-06 22:00:00,84.95,0.55,278.61
2021-02-06 23:00:00,74.33,0.63,282.24
2021-02-07 00:00:00,54.58,0.61,282.06
2021-02-07 01:00:00,57.12,0.62,280.31
2021-02-07 02:00:00,52.39,0.59,288.94
2021-02-07 03:00:00,73.66,0.74,280.09
2021-02-07 04:00:00,45.31,0.73,279.61
2021-02-07 05:00:00,59.76,0.47,274.4
2021-02-07 06:00:00,70.38,0.76,275.07
2021-02-07 07:00:00,72.57,0.94,265.21
2021-02-07 08:00:00,57.33,1.1,260.83
2021-02-07 09:00:00,97.23,0.77,278.66
2021-02-07 10:00:00,92.39,0.89,289.91
2021-02-07 11:00:00,54.88,0.99,297.41
2021-02-07 12:00:00,65.74,0.98,301.4
2021-02-07 13:00:00,50.9,0.94,307.08
2021-02-07 14:00:00,50.62,0.82,302.84
2021-02-07 15:00:00,48.01,0.75,316.33
2021-02-07 16:00:00,61.25,0.87,288.44
2021-02-07 17:00:00,40.24,0.59,288.81
2021-02-07 18:00:00,35.03,0.17,245.38
2021-02-07 19:00:00,78.53,0.09,119.61
2021-02-07 20:00:00,138.14,0.22,129.22
2021-02-07 21:00:00,138.85,0.24,165.83
2021-02-07 22:00:00,151.81,0.25,146.7
2021-02-07 23:00:00,158.03,0.26,129.9
2021-02-08 00:00:00,134.23,0.25,129.41
2021-02-08 01:00:00,109.1,0.17,145.71
2021-02-08 02:00:00,95.96,0.28,143.4
2021-02-08 03:00:00,110.22,0.34,186.9
2021-02-08 04:00:00,107.32,0.32,198.41
2021-02-08 05:00:00,114.31,0.28,187.51
2021-02-08 06:00:00,175.91,0.34,178.84
2021-02-08 07:00:00,135.51,0.35,180.22
2021-02-08 08:00:00,135.2,0.61,240.49
2021-02-08 09:00:00,135.46,1.28,259.94
2021-02-08 10:00:00,141.17,0.75,267.11
2021-02-08 11:00:00,139.09,1.29,265.28
2021-02-08 12:00:00,104.87,1.42,257.17
2021-02-08 13:00:00,74.02,0.96,277.47
2021-02-08 14:00:00,79.5,1.0,282.58
2021-02-08 15:00:00,53.11,0.77,281.84
2021-02-08 16:00:00,60.22,0.41,305.27
2021-02-08 17:00:00,58.67,0.49,285.55
2021-02-08 18:00:00,93.26,0.13,169.3
2021-02-08 19:00:00,96.34,0.23,160.21
2021-02-08 20:00:00,115.16,0.22,135.56
2021-02-08 21:00:00,155.52,0.36,49.97
2021-02-08 22:00:00,158.98,0.26,69.58
2021-02-08 23:00:00,144.17,0.4,61.97
2021-02-09 00:00:00,117.96,0.23,159.78
2021-02-09 01:00:00,107.17,0.26,172.89
2021-02-09 02:00:00,104.61,0.28,183.01
2021-02-09 03:00:00,113.98,0.34,193.27
2021-02-09 04:00:00,139.24,0.29,179.28
2021-02-09 05:00:00,119.55,0.27,170.69
2021-02-09 06:00:00,130.5,0.26,157.8
2021-02-09 07:00:00,134.24,0.28,178.98
2021-02-09 08:00:00,141.2,0.59,189.66
2021-02-09 09:00:00,148.89,1.1,233.52
2021-02-09 10:00:00,116.65,0.98,245.45
2021-02-09 11:00:00,105.14,1.16,262.12
2021-02-09 12:00:00,117.72,0.7,293.54
2021-02-09 13:00:00,81.65,1.04,265.65
2021-02-09 14:00:00,49.8,0.79,281.27
2021-02-09 15:00:00,50.92,1.32,262.57
2021-02-09 16:00:00,46.33,0.82,261.1
2021-02-09 17:00:00,43.1,0.47,197.87
2021-02-09 18:00:00,81.1,0.25,115.72
2021-02-09 19:00:00,186.36,0.34,67.39
2021-02-09 20:00:00,230.49,0.62,58.28
2021-02-09 21:00:00,224.27,0.62,133.44
2021-02-09 22:00:00,173.2,0.67,122.7
2021-02-09 23:00:00,172.18,0.78,113.08
2021-02-10 00:00:00,150.71,0.19,65.92
2021-02-10 01:00:00,117.47,0.28,155.68
2021-02-10 02:00:00,98.64,0.36,133.53
2021-02-10 03:00:00,109.74,0.16,70.83
2021-02-10 04:00:00,74.97,0.5,37.06
2021-02-10 05:00:00,88.52,0.18,128.36
2021-02-10 06:00:00,147.49,0.23,151.99
2021-02-10 07:00:00,150.29,0.6,162.93
2021-02-10 08:00:00,137.6,0.46,158.47
2021-02-10 09:00:00,125.31,0.85,210.57
2021-02-10 10:00:00,117.32,1.08,233.39
2021-02-10 11:00:00,81.61,1.42,236.33
2021-02-10 12:00:00,70.25,1.32,250.28
2021-02-10 13:00:00,75.29,0.84,278.49
2021-02-10 14:00:00,74.88,0.8,268.79
2021-02-10 15:00:00,54.8,0.96,271.14
2021-02-10 16:00:00,65.06,0.72,275.39
2021-02-10 17:00:00,60.12,0.6,275.44
2021-02-10 18:00:00,69.43,0.2,153.29
2021-02-10 19:00:00,120.94,0.18,164.61
2021-02-10 20:00:00,152.94,0.28,179.65
2021-02-10 21:00:00,181.53,0.24,47.72
2021-02-10 22:00:00,171.99,0.76,26.13
2021-02-10 23:00:00,168.49,0.88,35.79
2021-02-11 00:00:00,118.84,0.9,31.77
2021-02-11 01:00:00,87.58,0.39,43.09
2021-02-11 02:00:00,84.28,0.19,70.51
2021-02-11 03:00:00,92.46,0.23,109.78
2021-02-11 04:00:00,101.68,0.23,165.66
2021-02-11 05:00:00,81.98,0.22,151.33
2021-02-11 06:00:00,104.92,0.35,210.0
2021-02-11 07:00:00,123.66,0.21,177.75
2021-02-11 08:00:00,144.7,0.2,149.58
2021-02-11 09:00:00,116.8,0.54,26.64
2021-02-11 10:00:00,134.8,0.76,108.69
2021-02-11 11:00:00,109.46,0.85,85.49
2021-02-11 12:00:00,96.68,0.74,251.38
2021-02-11 13:00:00,106.09,0.73,303.99
2021-02-11 14:00:00,76.04,1.23,278.92
2021-02-11 15:00:00,67.68,0.68,295.43
2021-02-11 16:00:00,55.98,0.62,295.51
2021-02-11 17:00:00,62.18,0.29,285.99
2021-02-11 18:00:00,74.92,0.21,191.23
2021-02-11 19:00:00,108.4,0.27,216.96
2021-02-11 20:00:00,91.18,0.17,150.72
2021-02-11 21:00:00,147.66,0.29,217.46
2021-02-11 22:00:00,132.14,0.16,263.57
2021-02-11 23:00:00,155.2,0.38,105.24
2021-02-12 00:00:00,135.67,0.28,62.22
2021-02-12 01:00:00,106.04,0.29,28.24
2021-02-12 02:00:00,63.22,0.12,154.49
2021-02-12 03:00:00,111.72,0.19,161.44
2021-02-12 04:00:00,73.91,0.25,166.77
2021-02-12 05:00:00,74.68,0.26,168.59
2021-02-12 06:00:00,76.04,0.28,184.38
2021-02-12 07:00:00,94.17,0.26,186.44
2021-02-12 08:00:00,134.98,0.49,189.65
2021-02-12 09:00:00,134.08,0.8,218.9
2021-02-12 10:00:00,160.6,0.91,230.42
2021-02-12 11:00:00,185.67,0.8,249.98
2021-02-12 12:00:00,104.57,0.74,254.7
2021-02-12 13:00:00,83.43,0.73,253.89
2021-02-12 14:00:00,63.95,0.61,318.34
2021-02-12 15:00:00,86.88,0.52,313.05
2021-02-12 16:00:00,92.42,0.63,246.74
2021-02-12 17:00:00,110.19,0.2,319.08
2021-02-12 18:00:00,119.86,0.15,181.84
2021-02-12 19:00:00,116.21,0.2,136.16
2021-02-12 20:00:00,102.22,0.23,111.29
2021-02-12 21:00:00,114.4,0.6,43.19
2021-02-12 22:00:00,142.14,0.36,99.22
2021-02-12 23:00:00,132.62,0.21,106.06
2021-02-13 00:00:00,92.87,0.23,102.9
2021-02-13 01:00:00,134.42,0.38,65.5
2021-02-13 02:00:00,118.35,0.11,225.38
2021-02-13 03:00:00,93.46,0.56,179.78
2021-02-13 04:00:00,78.52,0.72,15.92
2021-02-13 05:00:00,89.96,0.48,20.78
2021-02-13 06:00:00,51.97,0.23,189.22
2021-02-13 07:00:00,45.44,0.44,250.04
2021-02-13 08:00:00,67.98,0.68,227.29
2021-02-13 09:00:00,99.39,0.52,201.98
2021-02-13 10:00:00,101.95,0.74,211.43
2021-02-13 11:00:00,97.36,0.62,195.02
2021-02-13 12:00:00,93.14,0.32,319.93
2021-02-13 13:00:00,126.19,0.67,278.72
2021-02-13 14:00:00,97.38,0.61,280.74
2021-02-13 15:00:00,101.87,0.9,263.68
2021-02-13 16:00:00,81.74,0.47,166.86
2021-02-13 17:00:00,87.04,0.18,222.92
2021-02-13 18:00:00,105.4,0.26,112.14
2021-02-13 19:00:00,139.12,0.25,111.02
2021-02-13 20:00:00,201.69,0.23,160.76
2021-02-13 21:00:00,200.77,0.22,162.28
2021-02-13 22:00:00,182.26,0.25,151.85
2021-02-13 23:00:00,201.94,0.24,127.43
2021-02-14 00:00:00,197.07,0.24,145.21
2021-02-14 01:00:00,111.38,0.56,39.56
2021-02-14 02:00:00,146.31,0.61,110.89
2021-02-14 03:00:00,133.57,0.44,16.68
2021-02-14 04:00:00,123.96,0.27,41.28
2021-02-14 05:00:00,128.54,0.32,55.8
2021-02-14 06:00:00,132.86,0.28,159.63
2021-02-14 07:00:00,115.7,0.19,161.94
2021-02-14 08:00:00,116.44,0.46,151.79
2021-02-14 09:00:00,95.01,0.63,168.88
2021-02-14 10:00:00,106.79,0.54,172.48
2021-02-14 11:00:00,99.76,0.62,212.9
2021-02-14 12:00:00,62.51,0.75,238.35
2021-02-14 13:00:00,55.76,0.8,267.72
2021-02-14 14:00:00,38.17,0.68,255.55
2021-02-14 15:00:00,70.49,0.64,282.01
2021-02-14 16:00:00,83.61,0.48,342.44
2021-02-14 17:00:00,86.27,0.33,182.06
2021-02-14 18:00:00,78.15,0.3,78.12
2021-02-14 19:00:00,146.14,0.3,129.26
2021-02-14 20:00:00,173.36,0.29,124.15
2021-02-14 21:00:00,174.64,0.24,126.75
2021-02-14 22:00:00,184.64,0.68,36.44
2021-02-14 23:00:00,169.7,0.38,64.6
2021-02-15 00:00:00,161.49,0.25,86.92
2021-02-15 01:00:00,135.84,0.17,116.1
2021-02-15 02:00:00,143.58,0.23,146.86
2021-02-15 03:00:00,135.41,0.25,152.24
2021-02-15 04:00:00,119.99,0.25,163.37
2021-02-15 05:00:00,109.19,0.26,158.24
2021-02-15 06:00:00,96.39,0.29,185.26
2021-02-15 07:00:00,98.24,0.18,179.83
2021-02-15 08:00:00,74.04,0.22,194.47
2021-02-15 09:00:00,123.67,0.55,152.25
2021-02-15 10:00:00,117.84,0.84,211.84
2021-02-15 11:00:00,86.73,1.34,224.89
2021-02-15 12:00:00,50.87,1.08,207.58
2021-02-15 13:00:00,32.81,1.21,192.5
2021-02-15 14:00:00,35.97,0.96,265.91
2021-02-15 15:00:00,39.92,0.95,243.0
2021-02-15 16:00:00,56.3,0.24,92.24
2021-02-15 17:00:00,54.0,0.84,45.28
2021-02-15 18:00:00,111.1,0.87,32.64
2021-02-15 19:00:00,124.55,0.37,51.54
2021-02-15 20:00:00,95.56,0.72,43.59
2021-02-15 21:00:00,137.07,1.02,35.32
2021-02-15 22:00:00,132.14,0.86,40.48
2021-02-15 23:00:00,93.38,0.92,31.71
2021-02-16 00:00:00,125.12,0.81,29.11
2021-02-16 01:00:00,114.79,0.3,55.49
2021-02-16 02:00:00,95.02,0.45,48.37
2021-02-16 03:00:00,110.48,0.89,37.28
2021-02-16 04:00:00,120.4,0.48,33.98
2021-02-16 05:00:00,111.14,0.4,13.7
2021-02-16 06:00:00,127.92,0.47,23.54
2021-02-16 07:00:00,101.56,0.23,31.77
2021-02-16 08:00:00,95.73,0.7,18.14
2021-02-16 09:00:00,106.36,0.92,91.22
2021-02-16 10:00:00,139.11,1.04,127.32
2021-02-16 11:00:00,146.91,0.84,131.33
2021-02-16 12:00:00,110.62,0.45,131.72
2021-02-16 13:00:00,65.69,0.48,155.0
2021-02-16 14:00:00,90.82,0.51,256.31
2021-02-16 15:00:00,76.28,0.92,175.3
2021-02-16 16:00:00,86.72,0.78,349.64
2021-02-16 17:00:00,118.05,0.76,350.63
2021-02-16 18:00:00,77.74,0.34,35.25
2021-02-16 19:00:00,112.12,0.23,81.5
2021-02-16 20:00:00,162.59,0.22,79.71
2021-02-16 21:00:00,195.47,0.26,98.62
2021-02-16 22:00:00,179.89,0.26,153.55
2021-02-16 23:00:00,137.2,0.24,170.88
2021-02-17 00:00:00,154.14,0.22,132.88
2021-02-17 01:00:00,140.31,0.2,141.2
2021-02-17 02:00:00,104.94,0.23,140.1
2021-02-17 03:00:00,84.12,0.23,149.75
2021-02-17 04:00:00,107.18,0.25,149.78
2021-02-17 05:00:00,94.41,0.24,153.17
2021-02-17 06:00:00,88.33,0.14,138.66
2021-02-17 07:00:00,106.18,0.24,182.5
2021-02-17 08:00:00,102.74,0.31,213.66
2021-02-17 09:00:00,77.28,0.31,232.02
2021-02-17 10:00:00,137.26,0.38,137.34
2021-02-17 11:00:00,122.97,0.59,172.27
2021-02-17 12:00:00,108.68,1.05,21.63
2021-02-17 13:00:00,74.34,0.8,216.83
2021-02-17 14:00:00,60.57,0.98,266.53
2021-02-17 15:00:00,48.55,0.68,307.1
2021-02-17 16:00:00,44.49,0.54,315.02
2021-02-17 17:00:00,74.2,0.22,329.67
2021-02-17 18:00:00,60.75,0.21,241.15
2021-02-17 19:00:00,112.88,0.22,133.03
2021-02-17 20:00:00,90.99,0.24,144.75
2021-02-17 21:00:00,119.97,0.24,140.54
2021-02-17 22:00:00,156.25,0.25,104.21
2021-02-17 23:00:00,209.54,0.36,69.02
2021-02-18 00:00:00,190.67,0.57,42.15
2021-02-18 01:00:00,133.44,0.69,30.35
2021-02-18 02:00:00,134.04,0.24,47.88
2021-02-18 03:00:00,80.61,0.63,34.39
2021-02-18 04:00:00,87.9,0.67,26.75
2021-02-18 05:00:00,87.04,0.71,22.83
2021-02-18 06:00:00,82.66,0.28,70.41
2021-02-18 07:00:00,71.72,0.14,162.38
2021-02-18 08:00:00,38.3,0.3,38.85
2021-02-18 09:00:00,85.71,0.46,77.19
2021-02-18 10:00:00,77.57,0.69,37.1
2021-02-18 11:00:00,50.67,0.54,106.63
2021-02-18 12:00:00,77.82,0.31,192.05
2021-02-18 13:00:00,39.57,0.76,253.83
2021-02-18 14:00:00,64.12,0.54,315.29
2021-02-18 15:00:00,73.12,0.62,312.02
2021-02-18 16:00:00,76.07,0.75,335.48
2021-02-18 17:00:00,73.4,0.27,322.57
2021-02-18 18:00:00,53.18,0.2,121.44
2021-02-18 19:00:00,121.58,0.47,97.38
2021-02-18 20:00:00,164.05,0.38,107.95
2021-02-18 21:00:00,136.05,0.24,112.49
2021-02-18 22:00:00,204.62,0.37,54.62
2021-02-18 23:00:00,188.15,0.34,86.8
2021-02-19 00:00:00,157.94,0.16,126.03
2021-02-19 01:00:00,100.96,0.28,38.23
2021-02-19 02:00:00,108.5,0.21,185.26
2021-02-19 03:00:00,90.88,0.24,174.18
2021-02-19 04:00:00,112.05,0.28,181.24
2021-02-19 05:00:00,62.87,0.44,199.61
2021-02-19 06:00:00,68.59,0.26,184.72
2021-02-19 07:00:00,111.19,0.29,177.23
2021-02-19 08:00:00,115.99,0.51,200.35
2021-02-19 09:00:00,123.56,0.66,251.77
2021-02-19 10:00:00,121.17,0.94,265.8
2021-02-19 11:00:00,92.1,1.3,260.65
2021-02-19 12:00:00,103.85,1.42,267.84
2021-02-19 13:00:00,83.04,1.14,274.25
2021-02-19 14:00:00,45.36,0.96,285.17
2021-02-19 15:00:00,23.48,0.7,305.78
2021-02-19 16:00:00,46.9,0.58,307.59
2021-02-19 17:00:00,60.07,0.41,298.81
2021-02-19 18:00:00,39.12,0.21,315.31
2021-02-19 19:00:00,46.73,0.19,296.11
2021-02-19 20:00:00,36.09,0.2,237.82
2021-02-19 21:00:00,84.92,0.18,139.86
2021-02-19 22:00:00,116.58,0.32,29.0
2021-02-19 23:00:00,107.28,0.17,133.55
2021-02-20 00:00:00,99.99,0.38,16.78
2021-02-20 01:00:00,80.89,0.27,195.74
2021-02-20 02:00:00,53.19,0.19,146.87
2021-02-20 03:00:00,52.6,0.24,173.18
2021-02-20 04:00:00,70.74,0.35,195.95
2021-02-20 05:00:00,42.36,0.52,248.82
2021-02-20 06:00:00,25.84,1.01,256.0
2021-02-20 07:00:00,24.93,0.8,249.01
2021-02-20 08:00:00,57.75,1.14,258.17
2021-02-20 09:00:00,71.79,1.31,269.93
2021-02-20 10:00:00,73.63,1.4,270.8
2021-02-20 11:00:00,42.78,1.2,270.73
2021-02-20 12:00:00,46.48,0.91,281.12
2021-02-20 13:00:00,77.86,1.02,279.29
2021-02-20 14:00:00,58.56,1.16,285.14
2021-02-20 15:00:00,44.54,0.96,287.07
2021-02-20 16:00:00,29.83,0.84,299.85
2021-02-20 17:00:00,24.44,0.39,314.77
2021-02-20 18:00:00,35.69,0.21,260.32
2021-02-20 19:00:00,36.09,0.2,187.61
2021-02-20 20:00:00,77.22,0.18,233.94
2021-02-20 21:00:00,107.96,0.25,243.27
2021-02-20 22:00:00,58.31,0.11,227.7
2021-02-20 23:00:00,79.13,0.21,158.01
2021-02-21 00:00:00,83.53,0.18,163.54
2021-02-21 01:00:00,43.37,0.33,260.28
2021-02-21 02:00:00,99.22,0.32,207.64
2021-02-21 03:00:00,73.83,0.46,243.71
2021-02-21 04:00:00,81.88,0.7,250.77
2021-02-21 05:00:00,58.18,0.41,221.83
2021-02-21 06:00:00,68.65,0.43,221.89
2021-02-21 07:00:00,86.92,1.07,248.78
2021-02-21 08:00:00,83.04,1.31,268.29
2021-02-21 09:00:00,80.93,1.57,264.49
2021-02-21 10:00:00,78.96,1.56,264.08
2021-02-21 11:00:00,60.78,1.34,267.34
2021-02-21 12:00:00,100.96,1.38,265.84
2021-02-21 13:00:00,85.02,1.09,277.84
2021-02-21 14:00:00,80.44,1.01,293.48
2021-02-21 15:00:00,49.7,1.32,279.21
2021-02-21 16:00:00,55.2,1.38,272.54
2021-02-21 17:00:00,31.29,1.08,278.83
2021-02-21 18:00:00,56.55,0.28,241.29
2021-02-21 19:00:00,64.51,0.14,152.66
2021-02-21 20:00:00,96.77,0.21,218.65
2021-02-21 21:00:00,92.44,0.28,274.2
2021-02-21 22:00:00,73.31,0.24,265.04
2021-02-21 23:00:00,89.38,0.24,265.01
2021-02-22 00:00:00,51.66,0.28,219.02
2021-02-22 01:00:00,71.44,0.23,169.22
2021-02-22 02:00:00,87.58,0.34,188.36
2021-02-22 03:00:00,100.01,0.27,177.69
2021-02-22 04:00:00,88.07,0.27,186.74
2021-02-22 05:00:00,74.37,0.27,187.42
2021-02-22 06:00:00,66.2,0.34,197.76
2021-02-22 07:00:00,78.29,0.39,191.74
2021-02-22 08:00:00,101.19,1.23,249.88
2021-02-22 09:00:00,77.5,1.73,252.05
2021-02-22 10:00:00,68.41,1.96,259.02
2021-02-22 11:00:00,50.55,1.52,265.68
2021-02-22 12:00:00,64.6,1.65,274.07
2021-02-22 13:00:00,53.42,1.89,267.78
2021-02-22 14:00:00,57.72,1.2,285.67
2021-02-22 15:00:00,34.35,1.21,277.56
2021-02-22 16:00:00,28.94,1.51,282.53
2021-02-22 17:00:00,52.2,1.08,281.68
2021-02-22 18:00:00,30.4,0.62,266.87
2021-02-22 19:00:00,77.34,0.28,186.79
2021-02-22 20:00:00,106.06,0.24,128.5
2021-02-22 21:00:00,157.99,0.37,170.31
2021-02-22 22:00:00,129.89,0.28,182.34
2021-02-22 23:00:00,151.56,0.26,186.5
2021-02-23 00:00:00,112.45,0.3,191.13
2021-02-23 01:00:00,109.23,0.26,189.56
2021-02-23 02:00:00,116.99,0.27,187.59
2021-02-23 03:00:00,63.74,0.3,185.29
2021-02-23 04:00:00,63.02,0.25,186.23
2021-02-23 05:00:00,68.39,0.25,180.98
2021-02-23 06:00:00,64.32,0.25,175.06
2021-02-23 07:00:00,79.09,0.25,173.88
2021-02-23 08:00:00,68.78,0.48,215.88
2021-02-23 09:00:00,75.23,1.25,253.83
2021-02-23 10:00:00,81.45,1.13,248.75
2021-02-23 11:00:00,83.92,1.28,251.15
2021-02-23 12:00:00,66.1,1.14,261.89
2021-02-23 13:00:00,37.03,1.27,272.08
2021-02-23 14:00:00,48.65,1.72,258.77
2021-02-23 15:00:00,40.71,1.64,263.63
2021-02-23 16:00:00,21.48,1.62,262.1
2021-02-23 17:00:00,22.39,1.12,257.81
2021-02-23 18:00:00,35.52,0.24,157.67
2021-02-23 19:00:00,72.42,0.25,135.2
2021-02-23 20:00:00,109.57,0.22,153.12
2021-02-23 21:00:00,129.86,0.24,141.29
2021-02-23 22:00:00,114.32,0.23,131.05
2021-02-23 23:00:00,195.24,0.23,147.23
2021-02-24 00:00:00,165.66,0.24,173.73
2021-02-24 01:00:00,153.04,0.25,180.9
2021-02-24 02:00:00,163.91,0.23,196.46
2021-02-24 03:00:00,141.17,0.34,114.35
2021-02-24 04:00:00,101.24,0.24,172.96
2021-02-24 05:00:00,111.25,0.25,160.35
2021-02-24 06:00:00,107.76,0.22,165.65
2021-02-24 07:00:00,99.4,0.17,155.78
2021-02-24 08:00:00,154.29,0.52,236.54
2021-02-24 09:00:00,141.12,0.22,233.32
2021-02-24 10:00:00,144.55,0.43,270.78
2021-02-24 11:00:00,93.94,1.59,250.24
2021-02-24 12:00:00,67.45,1.5,261.97
2021-02-24 13:00:00,85.74,1.45,261.56
2021-02-24 14:00:00,51.16,1.78,263.62
2021-02-24 15:00:00,57.68,1.05,285.98
2021-02-24 16:00:00,57.73,0.62,296.03
2021-02-24 17:00:00,74.06,0.51,267.8
2021-02-24 18:00:00,54.94,0.41,220.94
2021-02-24 19:00:00,75.08,0.22,138.48
2021-02-24 20:00:00,95.82,0.24,156.85
2021-02-24 21:00:00,111.56,0.22,153.87
2021-02-24 22:00:00,147.73,0.33,156.52
2021-02-24 23:00:00,143.6,0.34,209.08
2021-02-25 00:00:00,166.52,0.24,165.14
2021-02-25 01:00:00,149.86,0.25,117.37
2021-02-25 02:00:00,143.32,0.28,81.37
2021-02-25 03:00:00,135.69,0.21,104.41
2021-02-25 04:00:00,161.59,0.24,92.6
2021-02-25 05:00:00,161.58,0.22,148.39
2021-02-25 06:00:00,130.98,0.33,193.55
2021-02-25 07:00:00,84.21,0.25,186.49
2021-02-25 08:00:00,165.65,0.56,220.99
2021-02-25 09:00:00,157.5,1.29,240.47
2021-02-25 10:00:00,138.42,1.8,254.06
2021-02-25 11:00:00,121.63,1.73,267.01
2021-02-25 12:00:00,61.86,1.33,268.18
2021-02-25 13:00:00,33.01,1.32,268.63
2021-02-25 14:00:00,27.52,1.56,275.13
2021-02-25 15:00:00,23.62,1.16,286.43
2021-02-25 16:00:00,51.63,1.44,277.38
2021-02-25 17:00:00,33.03,1.23,276.26
2021-02-25 18:00:00,44.91,0.76,271.75
2021-02-25 19:00:00,44.88,0.34,266.68
2021-02-25 20:00:00,56.08,0.21,186.59
2021-02-25 21:00:00,100.02,0.08,217.25
2021-02-25 22:00:00,79.95,0.21,184.8
2021-02-25 23:00:00,110.52,0.62,256.92
2021-02-26 00:00:00,62.2,0.41,253.04
2021-02-26 01:00:00,36.79,0.62,261.03
2021-02-26 02:00:00,79.75,0.98,254.56
2021-02-26 03:00:00,58.16,0.56,254.74
2021-02-26 04:00:00,39.37,0.64,256.1
2021-02-26 05:00:00,40.83,0.68,242.29
2021-02-26 06:00:00,64.4,1.22,248.17
2021-02-26 07:00:00,60.78,1.45,268.34
2021-02-26 08:00:00,70.65,1.87,258.54
2021-02-26 09:00:00,49.05,1.32,277.13
2021-02-26 10:00:00,72.0,0.96,279.12
2021-02-26 11:00:00,64.51,1.27,282.33
2021-02-26 12:00:00,39.65,1.0,291.82
2021-02-26 13:00:00,68.04,0.94,293.02
2021-02-26 14:00:00,59.34,0.91,294.14
2021-02-26 15:00:00,31.88,1.67,283.71
2021-02-26 16:00:00,28.76,1.97,265.53
2021-02-26 17:00:00,15.45,1.34,259.9
2021-02-26 18:00:00,43.59,0.18,142.09
2021-02-26 19:00:00,90.4,0.21,144.39
2021-02-26 20:00:00,136.3,0.23,149.45
2021-02-26 21:00:00,144.78,0.24,154.94
2021-02-26 22:00:00,144.56,0.27,168.49
2021-02-26 23:00:00,107.61,0.6,192.96
2021-02-27 00:00:00,105.43,0.55,202.03
2021-02-27 01:00:00,69.08,0.58,196.91
2021-02-27 02:00:00,48.84,0.41,199.77
2021-02-27 03:00:00,25.34,0.48,196.8
2021-02-27 04:00:00,32.56,0.74,253.06
2021-02-27 05:00:00,42.74,0.59,215.26
2021-02-27 06:00:00,26.42,0.48,227.94
2021-02-27 07:00:00,28.34,0.39,178.57
2021-02-27 08:00:00,76.64,0.57,121.36
2021-02-27 09:00:00,45.96,1.27,233.16
2021-02-27 10:00:00,61.64,1.22,242.17
2021-02-27 11:00:00,78.98,1.55,252.76
2021-02-27 12:00:00,51.585,1.68,259.78
2021-02-27 13:00:00,24.19,1.67,273.5
2021-02-27 14:00:00,34.98,1.12,288.19
2021-02-27 15:00:00,32.57,1.25,286.11
2021-02-27 16:00:00,56.42,0.97,286.97
2021-02-27 17:00:00,41.97,0.35,234.54
2021-02-27 18:00:00,71.7,0.2,115.82
2021-02-27 19:00:00,155.51,0.38,70.26
2021-02-27 20:00:00,153.51,0.35,69.45
2021-02-27 21:00:00,166.02,0.32,49.17
2021-02-27 22:00:00,150.01,0.23,136.42
2021-02-27 23:00:00,144.5,0.23,85.64
2021-02-28 00:00:00,119.32,0.55,109.67
2021-02-28 01:00:00,61.88,0.26,155.39
2021-02-28 02:00:00,62.68,0.44,90.4
2021-02-28 03:00:00,79.06,0.68,95.59
2021-02-28 04:00:00,54.21,0.66,95.06
2021-02-28 05:00:00,94.22,0.44,111.98
2021-02-28 06:00:00,90.54,0.31,98.53
2021-02-28 07:00:00,64.88,0.25,187.93
2021-02-28 08:00:00,98.34,0.14,216.98
2021-02-28 09:00:00,121.11,0.43,172.3
2021-02-28 10:00:00,86.37,0.53,244.46
2021-02-28 11:00:00,69.29,0.63,293.02
2021-02-28 12:00:00,62.33,0.91,301.57
2021-02-28 13:00:00,34.76,0.78,163.43
2021-02-28 14:00:00,36.79,0.87,297.84
2021-02-28 15:00:00,53.77,0.82,299.56
2021-02-28 16:00:00,66.8,0.76,309.48
2021-02-28 17:00:00,69.93,0.99,347.42
2021-02-28 18:00:00,76.76,1.05,335.43
2021-02-28 19:00:00,40.98,0.73,258.67
2021-02-28 20:00:00,32.59,0.94,354.18
2021-02-28 21:00:00,30.08,0.74,91.82
2021-02-28 22:00:00,54.41,0.8,352.48
2021-02-28 23:00:00,54.81,0.92,356.71
2021-03-01 00:00:00,53.4,0.47,107.86
2021-03-01 01:00:00,30.06,0.54,183.1
2021-03-01 02:00:00,52.26,0.61,4.44
2021-03-01 03:00:00,36.03,0.78,180.08
2021-03-01 04:00:00,23.17,0.68,179.86
2021-03-01 05:00:00,58.58,0.3,110.89
2021-03-01 06:00:00,56.71,0.17,142.28
2021-03-01 07:00:00,64.76,0.24,195.11
2021-03-01 08:00:00,70.62,0.34,269.63
2021-03-01 09:00:00,83.9,0.94,178.11
2021-03-01 10:00:00,60.25,0.89,318.69
2021-03-01 11:00:00,53.98,1.01,317.79
2021-03-01 12:00:00,73.03,1.13,321.06
2021-03-01 13:00:00,48.96,1.33,311.78
2021-03-01 14:00:00,29.55,1.44,329.0
2021-03-01 15:00:00,53.33,1.26,314.49
2021-03-01 16:00:00,39.08,1.4,312.92
2021-03-01 17:00:00,19.62,0.92,306.02
2021-03-01 18:00:00,41.86,0.64,305.27
2021-03-01 19:00:00,22.14,0.4,297.27
2021-03-01 20:00:00,58.14,0.55,288.65
2021-03-01 21:00:00,62.82,0.76,308.15
2021-03-01 22:00:00,33.34,0.68,281.86
2021-03-01 23:00:00,40.06,0.78,285.23
2021-03-02 00:00:00,35.14,0.66,300.35
2021-03-02 01:00:00,31.13,0.9,300.94
2021-03-02 02:00:00,22.87,0.82,304.1
2021-03-02 03:00:00,40.4,0.84,294.77
2021-03-02 04:00:00,47.38,1.08,288.38
2021-03-02 05:00:00,36.24,0.89,296.36
2021-03-02 06:00:00,32.92,0.8,293.3
2021-03-02 07:00:00,57.82,0.97,321.83
2021-03-02 08:00:00,55.99,0.97,315.95
2021-03-02 09:00:00,38.18,1.04,310.83
2021-03-02 10:00:00,50.37,1.23,314.68
2021-03-02 11:00:00,50.04,1.57,290.96
2021-03-02 12:00:00,44.43,1.66,282.73
2021-03-02 13:00:00,25.48,1.46,304.23
2021-03-02 14:00:00,50.0,1.58,291.66
2021-03-02 15:00:00,44.28,1.67,299.76
2021-03-02 16:00:00,34.7,1.68,290.03
2021-03-02 17:00:00,18.31,1.34,296.96
2021-03-02 18:00:00,46.43,0.95,287.24
2021-03-02 19:00:00,35.1,0.85,286.28
2021-03-02 20:00:00,23.88,0.81,301.67
2021-03-02 21:00:00,49.09,0.79,285.27
2021-03-02 22:00:00,34.26,0.82,283.13
2021-03-02 23:00:00,25.47,0.99,273.7
2021-03-03 00:00:00,28.5,0.84,288.4
2021-03-03 01:00:00,20.15,0.62,298.94
2021-03-03 02:00:00,24.75,0.72,296.37
2021-03-03 03:00:00,24.35,0.68,294.4
2021-03-03 04:00:00,38.66,1.02,282.5
2021-03-03 05:00:00,24.31,1.12,268.82
2021-03-03 06:00:00,34.22,0.85,267.24
2021-03-03 07:00:00,28.83,1.11,265.31
2021-03-03 08:00:00,75.88,1.36,270.6
2021-03-03 09:00:00,74.07,1.3,272.72
2021-03-03 10:00:00,59.88,1.5,275.03
2021-03-03 11:00:00,66.97,1.88,269.82
2021-03-03 12:00:00,83.72,1.4,277.85
2021-03-03 13:00:00,71.26,1.3,296.78
2021-03-03 14:00:00,48.64,1.33,285.69
2021-03-03 15:00:00,37.88,1.26,295.76
2021-03-03 16:00:00,22.55,1.01,293.75
2021-03-03 17:00:00,15.63,0.86,272.69
2021-03-03 18:00:00,55.36,0.25,162.01
2021-03-03 19:00:00,124.13,0.26,106.14
2021-03-03 20:00:00,169.54,0.23,123.04
2021-03-03 21:00:00,199.01,0.23,142.39
2021-03-03 22:00:00,231.46,0.24,144.68
2021-03-03 23:00:00,233.98,0.22,119.73
2021-03-04 00:00:00,200.96,0.21,128.6
2021-03-04 01:00:00,192.75,0.18,83.5
2021-03-04 02:00:00,148.64,0.23,182.04
2021-03-04 03:00:00,121.14,0.19,179.16
2021-03-04 04:00:00,122.58,0.18,131.68
2021-03-04 05:00:00,114.44,0.2,147.18
2021-03-04 06:00:00,121.06,0.2,164.4
2021-03-04 07:00:00,153.42,0.34,221.03
2021-03-04 08:00:00,126.11,0.28,113.97
2021-03-04 09:00:00,162.6,0.67,83.3
2021-03-04 10:00:00,192.02,0.46,131.12
2021-03-04 11:00:00,134.73,0.78,186.68
2021-03-04 12:00:00,105.46,0.8,235.96
2021-03-04 13:00:00,89.03,0.82,280.06
2021-03-04 14:00:00,49.41,0.6,277.46
2021-03-04 15:00:00,78.52,0.78,304.79
2021-03-04 16:00:00,45.62,0.53,326.43
2021-03-04 17:00:00,34.48,0.39,330.89
2021-03-04 18:00:00,36.56,0.36,61.0
2021-03-04 19:00:00,128.18,0.37,91.53
2021-03-04 20:00:00,212.35,0.72,42.4
2021-03-04 21:00:00,195.91,0.63,36.92
2021-03-04 22:00:00,130.48,0.31,80.88
2021-03-04 23:00:00,120.24,0.22,99.34
2021-03-05 00:00:00,138.43,0.27,197.62
2021-03-05 01:00:00,122.38,0.22,162.62
2021-03-05 02:00:00,88.21,0.1,98.06
2021-03-05 03:00:00,77.5,0.16,147.04
2021-03-05 04:00:00,65.66,0.64,277.64
2021-03-05 05:00:00,52.79,0.6,279.37
2021-03-05 06:00:00,60.18,0.69,278.94
2021-03-05 07:00:00,71.32,0.77,285.11
2021-03-05 08:00:00,85.1,0.81,296.25
2021-03-05 09:00:00,65.34,0.94,309.72
2021-03-05 10:00:00,38.52,1.07,312.45
2021-03-05 11:00:00,37.83,1.12,300.75
2021-03-05 12:00:00,40.68,1.06,319.15
2021-03-05 13:00:00,22.88,1.34,314.6
2021-03-05 14:00:00,30.45,1.42,317.32
2021-03-05 15:00:00,48.17,1.47,301.36
2021-03-05 16:00:00,27.0,1.31,307.33
2021-03-05 17:00:00,21.8,1.08,303.34
2021-03-05 18:00:00,25.99,0.88,294.12
2021-03-05 19:00:00,47.39,1.23,277.6
2021-03-05 20:00:00,45.21,1.12,282.88
2021-03-05 21:00:00,48.58,1.12,281.94
2021-03-05 22:00:00,47.59,0.9,305.99
2021-03-05 23:00:00,25.35,0.78,307.75
2021-03-06 00:00:00,34.96,0.75,304.25
2021-03-06 01:00:00,29.08,0.7,301.6
2021-03-06 02:00:00,49.11,0.77,282.73
2021-03-06 03:00:00,49.01,0.92,280.15
2021-03-06 04:00:00,26.2,1.32,259.94
2021-03-06 05:00:00,26.06,1.3,252.91
2021-03-06 06:00:00,45.58,1.52,264.39
2021-03-06 07:00:00,26.76,1.1,270.63
2021-03-06 08:00:00,73.76,1.21,266.75
2021-03-06 09:00:00,61.46,1.52,266.96
2021-03-06 10:00:00,55.57,1.35,272.26
2021-03-06 11:00:00,42.31,1.21,279.03
2021-03-06 12:00:00,73.57,1.26,282.68
2021-03-06 13:00:00,45.5,1.22,292.44
2021-03-06 14:00:00,46.17,1.45,284.06
2021-03-06 15:00:00,33.78,1.31,298.76
2021-03-06 16:00:00,21.32,1.4,279.32
2021-03-06 17:00:00,14.75,0.95,276.21
2021-03-06 18:00:00,12.22,0.22,170.41
2021-03-06 19:00:00,61.66,0.25,131.3
2021-03-06 20:00:00,109.13,0.23,142.38
2021-03-06 21:00:00,128.26,0.43,79.93
2021-03-06 22:00:00,177.88,0.24,117.33
2021-03-06 23:00:00,146.5,0.59,177.22
2021-03-07 00:00:00,130.75,0.65,187.57
2021-03-07 01:00:00,88.43,0.4,101.48
2021-03-07 02:00:00,79.74,0.75,114.28
2021-03-07 03:00:00,75.99,0.88,35.27
2021-03-07 04:00:00,95.71,0.14,221.3
2021-03-07 05:00:00,94.48,0.19,143.25
2021-03-07 06:00:00,111.53,0.63,119.59
2021-03-07 07:00:00,121.63,1.14,104.34
2021-03-07 08:00:00,113.22,1.33,127.49
2021-03-07 09:00:00,122.15,1.67,125.88
2021-03-07 10:00:00,62.73,1.56,125.82
2021-03-07 11:00:00,34.91,1.6,124.64
2021-03-07 12:00:00,60.93,1.46,131.63
2021-03-07 13:00:00,31.4,1.89,115.21
2021-03-07 14:00:00,25.85,1.44,137.81
2021-03-07 15:00:00,37.19,1.53,130.64
2021-03-07 16:00:00,44.59,1.57,133.18
2021-03-07 17:00:00,37.03,1.82,119.26
2021-03-07 18:00:00,49.08,1.23,123.77
2021-03-07 19:00:00,47.27,1.36,111.62
2021-03-07 20:00:00,62.08,1.38,114.32
2021-03-07 21:00:00,117.9,1.12,95.49
2021-03-07 22:00:00,127.16,1.56,119.16
2021-03-07 23:00:00,71.91,1.6,130.31
2021-03-08 00:00:00,41.98,1.48,129.79
2021-03-08 01:00:00,22.2,1.0,150.76
2021-03-08 02:00:00,49.14,1.34,157.92
2021-03-08 03:00:00,32.42,1.28,139.95
2021-03-08 04:00:00,20.1,1.08,110.92
2021-03-08 05:00:00,12.71,1.23,84.46
2021-03-08 06:00:00,24.32,1.4,90.1
2021-03-08 07:00:00,44.71,1.68,116.85
2021-03-08 08:00:00,48.49,1.96,120.57
2021-03-08 09:00:00,75.97,2.02,116.89
2021-03-08 10:00:00,62.68,1.89,111.51
2021-03-08 11:00:00,35.38,1.64,136.78
2021-03-08 12:00:00,47.97,1.43,114.24
2021-03-08 13:00:00,45.56,1.51,108.88
2021-03-08 14:00:00,79.47,1.37,126.07
2021-03-08 15:00:00,43.24,1.47,135.6
2021-03-08 16:00:00,52.57,1.52,118.26
2021-03-08 17:00:00,47.98,1.17,124.08
2021-03-08 18:00:00,75.28,1.06,124.73
2021-03-08 19:00:00,52.88,0.72,143.56
2021-03-08 20:00:00,82.42,0.7,138.57
2021-03-08 21:00:00,75.64,0.7,133.5
2021-03-08 22:00:00,60.93,0.62,159.75
2021-03-08 23:00:00,97.79,0.38,85.65
2021-03-09 00:00:00,115.84,1.09,40.33
2021-03-09 01:00:00,137.25,0.74,96.08
2021-03-09 02:00:00,112.64,0.93,61.72
2021-03-09 03:00:00,117.88,0.52,117.42
2021-03-09 04:00:00,101.98,0.62,90.4
2021-03-09 05:00:00,93.77,0.53,58.66
2021-03-09 06:00:00,117.51,0.79,142.4
2021-03-09 07:00:00,88.79,1.14,139.82
2021-03-09 08:00:00,63.23,1.27,135.1
2021-03-09 09:00:00,63.65,1.36,141.16
2021-03-09 10:00:00,46.76,1.61,148.58
2021-03-09 11:00:00,80.62,1.58,147.51
2021-03-09 12:00:00,66.95,1.23,146.29
2021-03-09 13:00:00,38.55,1.15,124.88
2021-03-09 14:00:00,39.86,1.14,119.12
2021-03-09 15:00:00,45.48,0.7,98.15
2021-03-09 16:00:00,53.03,0.76,110.34
2021-03-09 17:00:00,86.58,0.9,87.64
2021-03-09 18:00:00,91.76,0.72,106.9
2021-03-09 19:00:00,69.51,0.51,110.31
2021-03-09 20:00:00,108.85,1.75,229.05
2021-03-09 21:00:00,87.82,2.39,194.2
2021-03-09 22:00:00,47.54,2.12,165.76
2021-03-09 23:00:00,52.48,1.74,160.02
2021-03-10 00:00:00,28.05,1.29,126.64
2021-03-10 01:00:00,25.48,0.88,157.17
2021-03-10 02:00:00,22.91,0.43,222.42
2021-03-10 03:00:00,20.34,0.22,220.72
2021-03-10 04:00:00,14.89,0.36,273.94
2021-03-10 05:00:00,22.33,0.24,240.88
2021-03-10 06:00:00,12.9,0.2,188.05
2021-03-10 07:00:00,25.26,0.53,9.3
2021-03-10 08:00:00,28.28,0.37,176.03
2021-03-10 09:00:00,51.84,0.47,121.92
2021-03-10 10:00:00,32.28,0.52,87.06
2021-03-10 11:00:00,40.69,0.54,142.46
2021-03-10 12:00:00,29.7,1.0,254.48
2021-03-10 13:00:00,18.71,0.67,54.54
2021-03-10 14:00:00,31.9,0.9,163.38
2021-03-10 15:00:00,22.47,0.54,275.28
2021-03-10 16:00:00,12.87,0.84,276.23
2021-03-10 17:00:00,24.67,1.25,274.44
2021-03-10 18:00:00,46.39,1.1,265.07
2021-03-10 19:00:00,27.95,0.5,268.82
2021-03-10 20:00:00,37.48,0.21,235.9
2021-03-10 21:00:00,77.45,0.16,223.16
2021-03-10 22:00:00,79.94,0.19,201.79
2021-03-10 23:00:00,81.44,0.34,27.54
2021-03-11 00:00:00,99.83,0.34,93.18
2021-03-11 01:00:00,59.61,0.34,40.52
2021-03-11 02:00:00,102.32,0.17,78.36
2021-03-11 03:00:00,80.7,0.18,116.59
2021-03-11 04:00:00,81.75,0.39,63.68
2021-03-11 05:00:00,90.01,0.35,75.44
2021-03-11 06:00:00,79.17,0.18,158.62
2021-03-11 07:00:00,90.25,0.23,149.43
2021-03-11 08:00:00,116.34,0.6,223.32
2021-03-11 09:00:00,109.35,0.65,169.4
2021-03-11 10:00:00,95.6,0.89,168.86
2021-03-11 11:00:00,74.44,1.2,138.0
2021-03-11 12:00:00,41.58,1.13,154.76
2021-03-11 13:00:00,45.16,1.39,117.18
2021-03-11 14:00:00,37.3,0.85,92.98
2021-03-11 15:00:00,48.25,0.92,146.42
2021-03-11 16:00:00,40.73,1.19,168.38
2021-03-11 17:00:00,62.11,1.1,155.25
2021-03-11 18:00:00,62.3,0.68,161.62
2021-03-11 19:00:00,54.83,0.39,135.54
2021-03-11 20:00:00,126.81,0.22,128.02
2021-03-11 21:00:00,130.23,0.19,133.91
2021-03-11 22:00:00,111.7,0.48,159.6
2021-03-11 23:00:00,95.94,0.32,166.46
2021-03-12 00:00:00,97.18,0.61,75.63
2021-03-12 01:00:00,59.06,0.78,181.55
2021-03-12 02:00:00,66.18,0.55,172.78
2021-03-12 03:00:00,54.37,0.8,161.2
2021-03-12 04:00:00,59.16,0.37,173.18
2021-03-12 05:00:00,55.69,1.16,99.3
2021-03-12 06:00:00,46.36,0.6,197.68
2021-03-12 07:00:00,69.32,0.98,175.06
2021-03-12 08:00:00,80.87,1.77,101.2
2021-03-12 09:00:00,74.4,1.04,115.9
2021-03-12 10:00:00,38.15,1.55,43.46
2021-03-12 11:00:00,25.21,1.56,83.35
2021-03-12 12:00:00,22.28,1.75,108.1
2021-03-12 13:00:00,14.49,2.05,135.29
2021-03-12 14:00:00,62.49,2.56,148.15
2021-03-12 15:00:00,38.33,2.15,138.96
2021-03-12 16:00:00,21.28,1.78,162.35
2021-03-12 17:00:00,13.35,0.79,177.99
2021-03-12 18:00:00,7.24,1.13,149.2
2021-03-12 19:00:00,9.1,1.65,204.26
2021-03-12 20:00:00,26.26,1.7,166.82
2021-03-12 21:00:00,25.92,0.7,176.56
2021-03-12 22:00:00,32.66,0.87,272.84
2021-03-12 23:00:00,47.74,0.97,94.25
2021-03-13 00:00:00,47.81,0.26,185.79
2021-03-13 01:00:00,30.96,0.66,37.47
2021-03-13 02:00:00,62.87,0.24,71.66
2021-03-13 03:00:00,60.42,0.14,104.41
2021-03-13 04:00:00,40.51,0.22,204.88
2021-03-13 05:00:00,58.02,0.24,175.67
2021-03-13 06:00:00,87.44,0.38,207.44
2021-03-13 07:00:00,66.9,0.29,183.07
2021-03-13 08:00:00,77.27,0.7,101.46
2021-03-13 09:00:00,94.36,0.55,156.66
2021-03-13 10:00:00,105.41,1.34,268.63
2021-03-13 11:00:00,69.08,1.19,279.24
2021-03-13 12:00:00,45.95,0.96,251.23
2021-03-13 13:00:00,38.72,0.97,339.2
2021-03-13 14:00:00,24.21,0.9,335.0
2021-03-13 15:00:00,44.76,0.9,330.21
2021-03-13 16:00:00,22.99,0.76,240.31
2021-03-13 17:00:00,25.51,0.72,335.35
2021-03-13 18:00:00,32.02,0.54,320.19
2021-03-13 19:00:00,39.13,0.52,310.16
2021-03-13 20:00:00,66.85,0.4,308.98
2021-03-13 21:00:00,42.34,0.39,291.25
2021-03-13 22:00:00,24.46,0.21,277.05
2021-03-13 23:00:00,72.64,0.22,313.54
2021-03-14 00:00:00,37.12,0.39,274.38
2021-03-14 01:00:00,20.34,0.6,273.01
2021-03-14 02:00:00,13.64,0.52,274.6
2021-03-14 03:00:00,8.74,0.32,301.35
2021-03-14 04:00:00,21.08,0.26,295.21
2021-03-14 05:00:00,13.32,0.14,283.71
2021-03-14 06:00:00,56.17,0.34,244.68
2021-03-14 07:00:00,63.46,0.38,246.95
2021-03-14 08:00:00,58.9,1.03,266.41
2021-03-14 09:00:00,77.73,1.01,261.62
2021-03-14 10:00:00,76.06,1.12,275.74
2021-03-14 11:00:00,43.53,1.44,261.16
2021-03-14 12:00:00,70.9,0.98,297.68
2021-03-14 13:00:00,43.62,0.97,295.47
2021-03-14 14:00:00,26.14,1.19,285.67
2021-03-14 15:00:00,27.21,1.32,294.15
2021-03-14 16:00:00,16.11,0.93,302.91
2021-03-14 17:00:00,45.43,0.68,299.49
2021-03-14 18:00:00,26.15,0.45,317.36
2021-03-14 19:00:00,18.54,0.26,312.77
2021-03-14 20:00:00,46.55,0.47,139.75
2021-03-14 21:00:00,28.0,0.39,51.5
2021-03-14 22:00:00,44.56,0.17,106.75
2021-03-14 23:00:00,52.36,0.31,61.64
2021-03-15 00:00:00,76.31,0.14,209.18
2021-03-15 01:00:00,41.75,0.45,24.61
2021-03-15 02:00:00,49.89,0.76,9.7
2021-03-15 03:00:00,63.36,0.57,207.72
2021-03-15 04:00:00,44.08,0.69,265.23
2021-03-15 05:00:00,42.95,0.67,250.14
2021-03-15 06:00:00,52.22,0.72,249.27
2021-03-15 07:00:00,46.22,0.83,266.3
2021-03-15 08:00:00,66.21,1.38,264.24
2021-03-15 09:00:00,82.98,1.32,270.42
2021-03-15 10:00:00,42.54,1.68,262.67
2021-03-15 11:00:00,40.0,1.46,273.92
2021-03-15 12:00:00,52.94,1.03,279.73
2021-03-15 13:00:00,54.88,1.34,282.65
2021-03-15 14:00:00,38.83,0.89,301.82
2021-03-15 15:00:00,53.02,0.88,304.81
2021-03-15 16:00:00,41.88,0.83,297.61
2021-03-15 17:00:00,102.2,0.72,299.35
2021-03-15 18:00:00,99.93,0.54,307.76
2021-03-15 19:00:00,51.88,0.41,303.25
2021-03-15 20:00:00,42.98,0.18,307.68
2021-03-15 21:00:00,55.47,0.59,330.36
2021-03-15 22:00:00,91.39,0.43,300.38
2021-03-15 23:00:00,103.37,0.26,297.0
2021-03-16 00:00:00,68.31,0.26,313.86
2021-03-16 01:00:00,38.26,0.44,344.73
2021-03-16 02:00:00,41.46,0.47,302.09
2021-03-16 03:00:00,84.05,0.26,313.51
2021-03-16 04:00:00,73.82,0.43,257.35
2021-03-16 05:00:00,96.46,0.9,259.23
2021-03-16 06:00:00,49.44,0.96,269.39
2021-03-16 07:00:00,63.99,1.28,265.88
2021-03-16 08:00:00,102.12,0.94,274.51
2021-03-16 09:00:00,68.83,0.57,286.12
2021-03-16 10:00:00,77.94,0.72,288.96
2021-03-16 11:00:00,57.9,0.86,300.86
2021-03-16 12:00:00,97.05,0.86,311.36
2021-03-16 13:00:00,96.26,1.08,301.15
2021-03-16 14:00:00,96.52,1.3,290.42
2021-03-16 15:00:00,101.66,1.18,290.63
2021-03-16 16:00:00,55.32,0.79,302.03
2021-03-16 17:00:00,77.71,0.72,304.85
2021-03-16 18:00:00,97.22,0.46,282.77
2021-03-16 19:00:00,110.6,0.27,313.24
2021-03-16 20:00:00,84.74,0.32,332.51
2021-03-16 21:00:00,127.06,0.41,325.16
2021-03-16 22:00:00,148.79,0.49,322.95
2021-03-16 23:00:00,106.88,0.48,265.51
2021-03-17 00:00:00,63.3,0.12,84.03
2021-03-17 01:00:00,76.01,0.19,143.27
2021-03-17 02:00:00,81.28,0.17,141.14
2021-03-17 03:00:00,58.57,0.23,185.55
2021-03-17 04:00:00,61.36,0.33,227.97
2021-03-17 05:00:00,88.44,1.1,253.86
2021-03-17 06:00:00,99.94,0.98,264.44
2021-03-17 07:00:00,105.12,1.26,266.37
2021-03-17 08:00:00,90.17,1.6,260.24
2021-03-17 09:00:00,92.79,1.14,269.68
2021-03-17 10:00:00,80.68,0.85,265.84
2021-03-17 11:00:00,114.42,1.48,261.34
2021-03-17 12:00:00,122.56,1.55,252.52
2021-03-17 13:00:00,76.02,0.98,261.32
2021-03-17 14:00:00,84.85,0.79,315.42
2021-03-17 15:00:00,80.74,0.73,328.24
2021-03-17 16:00:00,45.03,0.94,166.82
2021-03-17 17:00:00,76.02,1.01,268.26
2021-03-17 18:00:00,90.18,0.83,354.18
2021-03-17 19:00:00,73.98,0.62,191.92
2021-03-17 20:00:00,121.55,0.17,131.36
2021-03-17 21:00:00,148.8,0.16,161.44
2021-03-17 22:00:00,119.12,0.22,111.61
2021-03-17 23:00:00,170.08,0.16,177.68
2021-03-18 00:00:00,164.83,0.19,118.61
2021-03-18 01:00:00,137.98,0.19,109.55
2021-03-18 02:00:00,143.78,0.23,151.7
2021-03-18 03:00:00,110.23,0.34,193.79
2021-03-18 04:00:00,80.94,0.2,158.12
2021-03-18 05:00:00,101.11,0.32,216.66
2021-03-18 06:00:00,114.4,0.19,206.32
2021-03-18 07:00:00,130.5,0.29,168.21
2021-03-18 08:00:00,138.62,0.3,208.82
2021-03-18 09:00:00,120.99,0.53,238.4
2021-03-18 10:00:00,113.33,0.41,169.82
2021-03-18 11:00:00,114.61,0.4,173.01
2021-03-18 12:00:00,137.39,0.61,229.88
2021-03-18 13:00:00,100.04,0.81,272.93
2021-03-18 14:00:00,72.96,1.18,269.34
2021-03-18 15:00:00,111.9,0.69,240.7
2021-03-18 16:00:00,80.35,0.54,311.23
2021-03-18 17:00:00,69.53,0.62,322.8
2021-03-18 18:00:00,68.72,0.55,262.17
2021-03-18 19:00:00,47.23,0.26,72.42
2021-03-18 20:00:00,106.22,0.34,91.97
2021-03-18 21:00:00,167.05,0.21,133.28
2021-03-18 22:00:00,180.84,0.44,112.92
2021-03-18 23:00:00,180.5,0.25,189.83
2021-03-19 00:00:00,126.9,0.94,266.2
2021-03-19 01:00:00,94.96,0.86,268.11
2021-03-19 02:00:00,79.61,0.16,174.16
2021-03-19 03:00:00,95.76,0.26,277.03
2021-03-19 04:00:00,81.19,0.93,353.87
2021-03-19 05:00:00,80.01,0.82,11.32
2021-03-19 06:00:00,78.34,0.47,29.34
2021-03-19 07:00:00,107.0,0.44,69.93
2021-03-19 08:00:00,104.94,0.7,115.84
2021-03-19 09:00:00,130.45,0.89,190.66
2021-03-19 10:00:00,98.53,0.82,179.1
2021-03-19 11:00:00,54.74,0.86,256.06
2021-03-19 12:00:00,97.42,1.26,259.8
2021-03-19 13:00:00,52.68,0.88,312.87
2021-03-19 14:00:00,56.42,0.92,290.05
2021-03-19 15:00:00,70.63,0.9,307.14
2021-03-19 16:00:00,40.77,0.74,298.75
2021-03-19 17:00:00,26.74,0.65,313.41
2021-03-19 18:00:00,36.11,0.46,336.67
2021-03-19 19:00:00,20.3,0.16,304.05
2021-03-19 20:00:00,67.64,0.16,252.58
2021-03-19 21:00:00,67.94,0.61,339.35
2021-03-19 22:00:00,49.81,0.5,174.1
2021-03-19 23:00:00,50.24,0.2,164.15
2021-03-20 00:00:00,83.26,0.3,262.63
2021-03-20 01:00:00,47.66,0.65,273.0
2021-03-20 02:00:00,51.98,0.75,258.03
2021-03-20 03:00:00,53.4,0.75,265.27
2021-03-20 04:00:00,45.58,1.03,271.42
2021-03-20 05:00:00,85.61,0.99,263.45
2021-03-20 06:00:00,89.38,0.78,267.17
2021-03-20 07:00:00,99.79,1.22,264.02
2021-03-20 08:00:00,87.21,1.2,267.3
2021-03-20 09:00:00,84.5,1.14,267.19
2021-03-20 10:00:00,106.28,1.16,270.14
2021-03-20 11:00:00,78.015,1.49,266.6
2021-03-20 12:00:00,49.75,0.82,320.98
2021-03-20 13:00:00,32.19,1.2,285.19
2021-03-20 14:00:00,21.75,0.74,315.31
2021-03-20 15:00:00,17.43,0.86,310.23
2021-03-20 16:00:00,48.26,1.07,336.67
2021-03-20 17:00:00,26.5,0.7,324.73
2021-03-20 18:00:00,49.57,0.62,185.3
2021-03-20 19:00:00,26.21,0.22,50.41
2021-03-20 20:00:00,73.09,0.2,107.84
2021-03-20 21:00:00,89.1,0.29,126.36
2021-03-20 22:00:00,133.24,0.22,159.63
2021-03-20 23:00:00,130.54,0.23,153.28
2021-03-21 00:00:00,100.7,0.23,147.51
2021-03-21 01:00:00,113.01,0.23,162.4
2021-03-21 02:00:00,121.14,0.28,189.68
2021-03-21 03:00:00,107.64,0.25,158.16
2021-03-21 04:00:00,107.1,0.26,177.9
2021-03-21 05:00:00,89.92,0.29,188.18
2021-03-21 06:00:00,98.82,0.32,176.38
2021-03-21 07:00:00,101.15,0.36,193.35
2021-03-21 08:00:00,99.22,0.51,211.02
2021-03-21 09:00:00,92.65,0.79,199.84
2021-03-21 10:00:00,80.82,1.17,220.65
2021-03-21 11:00:00,50.97,1.37,232.09
2021-03-21 12:00:00,31.8,1.32,254.36
2021-03-21 13:00:00,53.54,0.88,272.22
2021-03-21 14:00:00,28.46,0.88,292.83
2021-03-21 15:00:00,18.54,0.94,251.88
2021-03-21 16:00:00,26.44,1.48,96.05
2021-03-21 17:00:00,48.93,1.72,14.88
2021-03-21 18:00:00,26.68,1.62,18.03
2021-03-21 19:00:00,50.0,1.44,30.02
2021-03-21 20:00:00,69.78,1.29,39.82
2021-03-21 21:00:00,71.54,0.82,38.95
2021-03-21 22:00:00,54.89,0.9,67.74
2021-03-21 23:00:00,93.95,0.53,91.81
2021-03-22 00:00:00,61.92,0.76,104.28
2021-03-22 01:00:00,76.65,0.55,121.67
2021-03-22 02:00:00,42.75,0.68,301.12
2021-03-22 03:00:00,53.76,1.31,260.84
2021-03-22 04:00:00,63.0,1.47,102.49
2021-03-22 05:00:00,58.4,1.63,7.11
2021-03-22 06:00:00,58.87,1.26,25.04
2021-03-22 07:00:00,32.04,0.98,86.45
2021-03-22 08:00:00,64.84,1.65,38.05
2021-03-22 09:00:00,35.95,1.6,46.34
2021-03-22 10:00:00,62.2,1.67,65.52
2021-03-22 11:00:00,55.47,1.66,77.27
2021-03-22 12:00:00,75.74,1.49,87.58
2021-03-22 13:00:00,42.1,1.25,244.12
2021-03-22 14:00:00,40.02,1.23,202.31
2021-03-22 15:00:00,58.68,1.91,79.7
2021-03-22 16:00:00,55.76,1.62,55.43
2021-03-22 17:00:00,50.19,1.11,95.14
2021-03-22 18:00:00,79.85,0.61,111.63
2021-03-22 19:00:00,81.42,0.73,216.66
2021-03-22 20:00:00,80.62,0.55,134.81
2021-03-22 21:00:00,116.94,0.42,94.84
2021-03-22 22:00:00,120.94,0.34,278.03
2021-03-22 23:00:00,154.88,0.39,92.3
2021-03-23 00:00:00,124.32,0.8,161.11
2021-03-23 01:00:00,128.98,0.92,115.46
2021-03-23 02:00:00,108.11,1.14,107.42
2021-03-23 03:00:00,85.65,1.28,137.25
2021-03-23 04:00:00,83.99,1.12,151.33
2021-03-23 05:00:00,68.32,1.35,156.18
2021-03-23 06:00:00,77.98,1.0,208.2
2021-03-23 07:00:00,68.35,0.8,318.34
2021-03-23 08:00:00,111.45,1.23,258.15
2021-03-23 09:00:00,86.7,1.63,341.65
2021-03-23 10:00:00,61.5,2.28,184.18
2021-03-23 11:00:00,60.78,2.49,18.04
2021-03-23 12:00:00,89.39,2.4,265.89
2021-03-23 13:00:00,108.92,2.24,105.96
2021-03-23 14:00:00,107.67,1.76,155.64
2021-03-23 15:00:00,81.98,3.33,254.45
2021-03-23 16:00:00,60.57,2.07,224.55
2021-03-23 17:00:00,50.1,1.45,130.81
2021-03-23 18:00:00,78.1,0.45,98.19
2021-03-23 19:00:00,119.74,0.78,179.54
2021-03-23 20:00:00,105.55,0.88,170.42
2021-03-23 21:00:00,81.84,0.86,74.89
2021-03-23 22:00:00,101.1,1.05,33.01
2021-03-23 23:00:00,112.78,0.76,168.55
2021-03-24 00:00:00,115.56,0.57,206.34
2021-03-24 01:00:00,98.86,0.86,218.42
2021-03-24 02:00:00,92.88,1.48,240.64
2021-03-24 03:00:00,67.74,0.97,242.09
2021-03-24 04:00:00,63.68,0.8,241.74
2021-03-24 05:00:00,47.56,0.28,182.37
2021-03-24 06:00:00,48.28,0.13,142.51
2021-03-24 07:00:00,64.74,0.16,216.58
2021-03-24 08:00:00,52.43,0.75,101.52
2021-03-24 09:00:00,84.6,0.44,66.35
2021-03-24 10:00:00,95.34,0.66,184.37
2021-03-24 11:00:00,71.46,0.53,279.79
2021-03-24 12:00:00,87.33,0.72,256.7
2021-03-24 13:00:00,65.66,1.56,246.73
2021-03-24 14:00:00,49.59,0.81,303.96
2021-03-24 15:00:00,39.83,0.84,290.16
2021-03-24 16:00:00,72.82,0.96,287.27
2021-03-24 17:00:00,72.43,1.05,317.24
2021-03-24 18:00:00,81.58,0.85,329.97
2021-03-24 19:00:00,59.21,1.1,343.3
2021-03-24 20:00:00,53.84,0.99,344.62
2021-03-24 21:00:00,73.91,0.96,344.99
2021-03-24 22:00:00,55.5,1.42,352.97
2021-03-24 23:00:00,93.2,1.18,349.49
2021-03-25 00:00:00,89.27,0.79,317.33
2021-03-25 01:00:00,68.19,0.43,289.49
2021-03-25 02:00:00,60.56,0.74,284.8
2021-03-25 03:00:00,63.15,0.63,292.19
2021-03-25 04:00:00,80.72,0.64,297.18
2021-03-25 05:00:00,76.4,0.7,291.59
2021-03-25 06:00:00,57.08,0.69,286.59
2021-03-25 07:00:00,46.64,0.91,287.3
2021-03-25 08:00:00,38.97,1.06,281.59
2021-03-25 09:00:00,35.59,0.76,299.13
2021-03-25 10:00:00,36.12,1.22,294.54
2021-03-25 11:00:00,33.73,1.55,284.34
2021-03-25 12:00:00,30.91,0.95,319.4
2021-03-25 13:00:00,33.46,1.08,302.36
2021-03-25 14:00:00,31.78,1.18,319.94
2021-03-25 15:00:00,29.76,1.06,311.21
2021-03-25 16:00:00,54.45,1.04,307.41
2021-03-25 17:00:00,57.84,0.74,307.78
2021-03-25 18:00:00,49.21,0.7,291.29
2021-03-25 19:00:00,39.54,0.78,300.06
2021-03-25 20:00:00,36.33,0.9,280.38
2021-03-25 21:00:00,57.78,0.73,295.49
2021-03-25 22:00:00,46.2,0.57,304.87
2021-03-25 23:00:00,38.34,0.57,304.26
2021-03-26 00:00:00,50.86,0.64,296.02
2021-03-26 01:00:00,41.88,0.6,307.83
2021-03-26 02:00:00,37.33,0.78,310.02
2021-03-26 03:00:00,35.42,0.78,298.68
2021-03-26 04:00:00,36.14,0.62,282.87
2021-03-26 05:00:00,34.47,0.92,273.77
2021-03-26 06:00:00,44.84,1.07,267.29
2021-03-26 07:00:00,46.84,0.86,275.77
2021-03-26 08:00:00,52.95,1.2,275.95
2021-03-26 09:00:00,76.41,1.36,268.14
2021-03-26 10:00:00,64.63,1.15,293.56
2021-03-26 11:00:00,61.42,1.25,305.62
2021-03-26 12:00:00,47.36,1.07,292.98
2021-03-26 13:00:00,39.51,1.03,279.33
2021-03-26 14:00:00,42.66,1.07,294.96
2021-03-26 15:00:00,92.37,1.23,301.83
2021-03-26 16:00:00,68.78,0.98,298.95
2021-03-26 17:00:00,50.47,0.86,299.18
2021-03-26 18:00:00,63.5,0.6,314.28
2021-03-26 19:00:00,67.02,0.35,234.94
2021-03-26 20:00:00,132.47,0.18,67.0
2021-03-26 21:00:00,147.44,0.22,48.32
2021-03-26 22:00:00,134.93,0.31,31.98
2021-03-26 23:00:00,103.43,0.25,74.66
2021-03-27 00:00:00,80.12,0.21,143.26
2021-03-27 01:00:00,78.79,0.23,137.32
2021-03-27 02:00:00,94.88,0.23,158.76
2021-03-27 03:00:00,91.36,0.24,173.04
2021-03-27 04:00:00,71.33,0.23,171.38
2021-03-27 05:00:00,81.59,0.18,173.6
2021-03-27 06:00:00,100.2,0.29,196.4
2021-03-27 07:00:00,109.03,0.48,190.35
2021-03-27 08:00:00,132.97,0.95,225.64
2021-03-27 09:00:00,98.97,1.12,238.88
2021-03-27 10:00:00,89.55,1.28,248.37
2021-03-27 11:00:00,75.29,1.18,260.08
2021-03-27 12:00:00,79.45,0.96,292.94
2021-03-27 13:00:00,58.62,0.87,265.7
2021-03-27 14:00:00,45.5,0.7,300.32
2021-03-27 15:00:00,41.73,0.93,344.02
2021-03-27 16:00:00,76.7,0.8,308.1
2021-03-27 17:00:00,56.47,0.56,317.85
2021-03-27 18:00:00,58.76,0.54,266.52
2021-03-27 19:00:00,70.08,0.3,50.78
2021-03-27 20:00:00,110.2,0.25,78.98
2021-03-27 21:00:00,150.2,0.29,117.29
2021-03-27 22:00:00,176.98,0.24,107.07
2021-03-27 23:00:00,181.8,0.23,129.36
2021-03-28 00:00:00,184.36,0.22,134.93
2021-03-28 01:00:00,175.48,0.22,144.77
2021-03-28 02:00:00,137.54,0.23,145.42
2021-03-28 03:00:00,110.75,0.22,143.0
2021-03-28 04:00:00,88.34,0.17,90.68
2021-03-28 05:00:00,108.21,0.24,93.72
2021-03-28 06:00:00,98.56,0.24,149.01
2021-03-28 07:00:00,103.16,0.25,191.28
2021-03-28 08:00:00,107.62,0.33,209.45
2021-03-28 09:00:00,113.22,0.9,201.84
2021-03-28 10:00:00,114.74,1.4,206.25
2021-03-28 11:00:00,90.84,1.24,189.23
2021-03-28 12:00:00,85.25,0.97,200.58
2021-03-28 13:00:00,60.64,0.84,258.3
2021-03-28 14:00:00,48.89,0.7,297.5
2021-03-28 15:00:00,43.4,0.8,266.26
2021-03-28 16:00:00,41.45,0.75,264.84
2021-03-28 17:00:00,50.32,0.36,281.42
2021-03-28 18:00:00,80.61,0.36,105.68
2021-03-28 19:00:00,154.31,0.57,72.43
2021-03-28 20:00:00,217.1,0.76,48.63
2021-03-28 21:00:00,225.96,0.63,84.6
2021-03-28 22:00:00,199.84,0.77,117.59
2021-03-28 23:00:00,207.61,0.61,123.18
2021-03-29 00:00:00,173.38,0.87,146.74
2021-03-29 01:00:00,131.25,0.8,130.3
2021-03-29 02:00:00,113.78,0.72,138.19
2021-03-29 03:00:00,96.72,0.83,166.7
2021-03-29 04:00:00,91.75,0.87,187.63
2021-03-29 05:00:00,81.16,0.75,164.57
2021-03-29 06:00:00,86.2,1.18,162.76
2021-03-29 07:00:00,87.76,1.4,168.86
2021-03-29 08:00:00,62.83,1.42,159.71
2021-03-29 09:00:00,55.75,1.06,163.91
2021-03-29 10:00:00,72.14,0.97,243.17
2021-03-29 11:00:00,66.18,1.5,250.51
2021-03-29 12:00:00,53.38,0.79,271.13
2021-03-29 13:00:00,49.0,0.81,176.96
2021-03-29 14:00:00,43.35,0.99,156.07
2021-03-29 15:00:00,35.66,0.71,289.94
2021-03-29 16:00:00,40.66,1.16,33.73
2021-03-29 17:00:00,42.76,1.06,57.34
2021-03-29 18:00:00,49.75,0.69,67.66
2021-03-29 19:00:00,104.28,0.4,86.86
2021-03-29 20:00:00,100.13,0.32,128.62
2021-03-29 21:00:00,131.84,0.21,160.31
2021-03-29 22:00:00,149.82,0.23,206.16
2021-03-29 23:00:00,129.71,0.3,205.13
2021-03-30 00:00:00,113.3,0.2,170.31
2021-03-30 01:00:00,86.68,0.21,152.5
2021-03-30 02:00:00,107.17,0.21,135.21
2021-03-30 03:00:00,81.28,0.26,188.7
2021-03-30 04:00:00,60.13,0.41,191.58
2021-03-30 05:00:00,88.67,0.25,182.6
2021-03-30 06:00:00,106.88,0.55,207.32
2021-03-30 07:00:00,92.15,0.76,203.6
2021-03-30 08:00:00,96.99,1.47,223.17
2021-03-30 09:00:00,89.46,3.01,246.12
2021-03-30 10:00:00,99.84,3.26,255.7
2021-03-30 11:00:00,95.86,3.7,260.37
2021-03-30 12:00:00,89.12,3.09,263.74
2021-03-30 13:00:00,91.06,2.94,268.67
2021-03-30 14:00:00,132.5,1.91,276.84
2021-03-30 15:00:00,218.98,1.8,284.02
2021-03-30 16:00:00,216.21,1.76,289.79
2021-03-30 17:00:00,165.86,1.61,290.91
2021-03-30 18:00:00,159.37,1.28,288.85
2021-03-30 19:00:00,110.62,0.9,293.85
2021-03-30 20:00:00,101.45,1.05,303.38
2021-03-30 21:00:00,99.59,1.17,299.46
2021-03-30 22:00:00,80.08,1.2,296.26
2021-03-30 23:00:00,64.56,1.63,284.01
2021-03-31 00:00:00,77.74,0.94,301.99
2021-03-31 01:00:00,83.55,1.17,290.67
2021-03-31 02:00:00,79.82,0.85,293.62
2021-03-31 03:00:00,90.16,0.7,288.7
2021-03-31 04:00:00,89.28,0.77,300.46
2021-03-31 05:00:00,99.3,0.68,289.34
2021-03-31 06:00:00,72.5,0.98,281.31
2021-03-31 07:00:00,107.2,1.4,266.07
2021-03-31 08:00:00,101.94,1.71,270.62
2021-03-31 09:00:00,110.46,1.46,283.71
2021-03-31 10:00:00,75.78,0.85,298.54
2021-03-31 11:00:00,76.77,1.6,287.48
2021-03-31 12:00:00,60.455,1.14,307.39
2021-03-31 13:00:00,44.14,1.41,313.12
2021-03-31 14:00:00,41.36,1.39,302.46
2021-03-31 15:00:00,27.69,1.41,300.79
2021-03-31 16:00:00,29.8,1.44,297.48
2021-03-31 17:00:00,34.56,1.08,315.88
2021-03-31 18:00:00,76.94,0.82,300.84
2021-03-31 19:00:00,56.82,1.13,290.38
2021-03-31 20:00:00,42.34,0.95,304.23
2021-03-31 21:00:00,70.38,0.86,306.24
2021-03-31 22:00:00,51.83,0.88,321.47
2021-03-31 23:00:00,41.74,0.85,307.61
2021-04-01 00:00:00,35.58,0.86,302.23
2021-04-01 01:00:00,34.22,0.84,288.0
2021-04-01 02:00:00,32.36,0.96,277.55
2021-04-01 03:00:00,46.81,1.26,266.65
2021-04-01 04:00:00,78.39,1.3,270.14
2021-04-01 05:00:00,66.17,1.66,262.66
2021-04-01 06:00:00,66.81,1.42,265.99
2021-04-01 07:00:00,89.38,1.63,270.28
2021-04-01 08:00:00,76.52,0.95,293.71
2021-04-01 09:00:00,70.61,1.16,307.08
2021-04-01 10:00:00,58.2,1.28,295.07
2021-04-01 11:00:00,48.44,1.2,297.16
2021-04-01 12:00:00,48.95,1.42,323.34
2021-04-01 13:00:00,58.58,1.78,317.86
2021-04-01 14:00:00,42.92,1.39,311.86
2021-04-01 15:00:00,44.44,1.76,292.44
2021-04-01 16:00:00,64.25,1.1,305.96
2021-04-01 17:00:00,68.02,1.02,314.27
2021-04-01 18:00:00,74.72,0.79,321.81
2021-04-01 19:00:00,72.76,0.79,309.59
2021-04-01 20:00:00,61.86,0.8,317.86
2021-04-01 21:00:00,68.15,0.97,310.12
2021-04-01 22:00:00,51.85,0.54,308.67
2021-04-01 23:00:00,58.34,0.55,295.71
2021-04-02 00:00:00,52.34,0.49,268.58
2021-04-02 01:00:00,48.79,0.18,242.02
2021-04-02 02:00:00,76.95,0.41,268.46
2021-04-02 03:00:00,88.52,0.61,277.89
2021-04-02 04:00:00,59.26,0.74,286.4
2021-04-02 05:00:00,42.69,0.82,278.92
2021-04-02 06:00:00,35.73,1.19,253.98
2021-04-02 07:00:00,63.44,1.36,261.29
2021-04-02 08:00:00,84.43,0.97,271.98
2021-04-02 09:00:00,76.83,1.14,276.76
2021-04-02 10:00:00,83.06,0.69,298.9
2021-04-02 11:00:00,71.28,0.98,296.26
2021-04-02 12:00:00,55.4,0.87,293.92
2021-04-02 13:00:00,52.72,1.09,313.15
2021-04-02 14:00:00,41.41,1.07,304.4
2021-04-02 15:00:00,38.92,0.93,304.54
2021-04-02 16:00:00,36.11,0.91,290.91
2021-04-02 17:00:00,69.45,0.95,309.42
2021-04-02 18:00:00,49.59,0.57,329.07
2021-04-02 19:00:00,43.44,0.26,322.5
2021-04-02 20:00:00,37.26,0.53,344.62
2021-04-02 21:00:00,76.38,0.78,261.69
2021-04-02 22:00:00,61.28,0.96,92.95
2021-04-02 23:00:00,73.5,0.47,12.5
2021-04-03 00:00:00,69.53,0.26,87.8
2021-04-03 01:00:00,54.5,0.45,56.22
2021-04-03 02:00:00,63.67,0.44,44.86
2021-04-03 03:00:00,59.26,0.29,60.83
2021-04-03 04:00:00,82.74,0.41,75.73
2021-04-03 05:00:00,104.19,0.35,92.11
2021-04-03 06:00:00,65.9,0.57,44.98
2021-04-03 07:00:00,112.83,0.26,60.59
2021-04-03 08:00:00,132.11,0.34,33.15
2021-04-03 09:00:00,112.94,0.98,27.32
2021-04-03 10:00:00,89.92,0.9,40.31
2021-04-03 11:00:00,63.96,0.52,143.35
2021-04-03 12:00:00,50.4,0.54,206.59
2021-04-03 13:00:00,47.12,0.64,128.19
2021-04-03 14:00:00,51.66,0.4,102.32
2021-04-03 15:00:00,44.17,0.8,283.01
2021-04-03 16:00:00,39.39,0.78,303.54
2021-04-03 17:00:00,36.01,0.6,316.11
2021-04-03 18:00:00,35.88,0.47,319.04
2021-04-03 19:00:00,47.48,0.31,242.16
2021-04-03 20:00:00,67.39,0.5,42.36
2021-04-03 21:00:00,83.21,0.56,56.56
2021-04-03 22:00:00,107.52,0.21,66.5
2021-04-03 23:00:00,96.14,0.14,95.4
2021-04-04 00:00:00,103.86,0.6,51.68
2021-04-04 01:00:00,77.51,0.66,20.94
2021-04-04 02:00:00,61.28,0.45,36.58
2021-04-04 03:00:00,60.16,0.66,19.89
2021-04-04 04:00:00,49.28,0.39,31.44
2021-04-04 05:00:00,44.36,0.19,114.75
2021-04-04 06:00:00,50.18,0.34,214.24
2021-04-04 07:00:00,72.48,0.54,225.33
2021-04-04 08:00:00,55.42,0.6,273.46
2021-04-04 09:00:00,83.76,0.87,266.18
2021-04-04 10:00:00,88.86,0.95,268.99
2021-04-04 11:00:00,73.33,0.86,287.09
2021-04-04 12:00:00,67.32,1.28,265.1
2021-04-04 13:00:00,66.17,1.68,262.08
2021-04-04 14:00:00,61.54,1.42,263.97
2021-04-04 15:00:00,49.24,1.56,279.83
2021-04-04 16:00:00,44.41,0.72,301.18
2021-04-04 17:00:00,41.95,0.64,302.05
2021-04-04 18:00:00,59.26,0.31,230.79
2021-04-04 19:00:00,77.28,0.2,132.29
2021-04-04 20:00:00,101.76,0.22,204.76
2021-04-04 21:00:00,102.05,0.26,128.65
2021-04-04 22:00:00,130.29,0.62,37.99
2021-04-04 23:00:00,148.23,0.96,20.97
2021-04-05 00:00:00,92.91,0.81,26.69
2021-04-05 01:00:00,63.58,0.78,38.46
2021-04-05 02:00:00,48.24,1.02,34.04
2021-04-05 03:00:00,46.15,0.89,34.17
2021-04-05 04:00:00,68.04,0.32,138.12
2021-04-05 05:00:00,70.9,0.25,195.48
2021-04-05 06:00:00,84.96,0.26,187.68
2021-04-05 07:00:00,85.58,0.32,181.03
2021-04-05 08:00:00,77.7,0.79,205.32
2021-04-05 09:00:00,79.07,0.68,190.72
2021-04-05 10:00:00,70.75,0.94,193.68
2021-04-05 11:00:00,58.2,1.08,183.76
2021-04-05 12:00:00,59.27,1.16,214.12
2021-04-05 13:00:00,68.9,0.99,202.72
2021-04-05 14:00:00,63.6,0.66,176.42
2021-04-05 15:00:00,49.22,0.58,148.45
2021-04-05 16:00:00,53.66,0.59,107.36
2021-04-05 17:00:00,49.42,0.77,37.4
2021-04-05 18:00:00,97.0,0.65,60.76
2021-04-05 19:00:00,110.76,0.53,66.71
2021-04-05 20:00:00,118.78,0.58,34.16
2021-04-05 21:00:00,124.74,0.69,34.51
2021-04-05 22:00:00,138.68,0.37,77.3
2021-04-05 23:00:00,144.8,0.62,120.64
2021-04-06 00:00:00,160.04,0.54,114.06
2021-04-06 01:00:00,95.37,0.74,123.52
2021-04-06 02:00:00,70.89,0.38,108.04
2021-04-06 03:00:00,90.47,0.17,110.96
2021-04-06 04:00:00,100.95,0.6,102.6
2021-04-06 05:00:00,69.31,0.92,89.59
2021-04-06 06:00:00,100.0,0.9,92.97
2021-04-06 07:00:00,98.58,1.36,115.77
2021-04-06 08:00:00,111.75,1.6,117.94
2021-04-06 09:00:00,99.72,1.11,136.13
2021-04-06 10:00:00,77.5,0.64,126.7
2021-04-06 11:00:00,92.11,0.87,200.18
2021-04-06 12:00:00,92.01,0.66,167.81
2021-04-06 13:00:00,89.5,0.85,35.36
2021-04-06 14:00:00,98.48,1.04,39.45
2021-04-06 15:00:00,80.53,1.13,64.69
2021-04-06 16:00:00,79.01,1.17,63.48
2021-04-06 17:00:00,57.76,0.82,55.75
2021-04-06 18:00:00,105.71,0.94,91.52
2021-04-06 19:00:00,97.74,1.2,126.54
2021-04-06 20:00:00,113.83,1.04,129.65
2021-04-06 21:00:00,111.36,1.12,129.47
2021-04-06 22:00:00,120.17,0.96,135.37
2021-04-06 23:00:00,112.85,1.16,149.29
2021-04-07 00:00:00,97.05,1.54,176.65
2021-04-07 01:00:00,82.61,0.84,201.12
2021-04-07 02:00:00,108.95,1.22,305.41
2021-04-07 03:00:00,122.01,2.28,261.59
2021-04-07 04:00:00,98.06,2.27,10.68
2021-04-07 05:00:00,69.6,1.5,273.49
2021-04-07 06:00:00,78.87,1.05,177.9
2021-04-07 07:00:00,79.15,1.54,22.17
2021-04-07 08:00:00,74.71,1.3,31.98
2021-04-07 09:00:00,50.84,0.67,85.85
2021-04-07 10:00:00,42.22,0.57,25.53
2021-04-07 11:00:00,38.72,0.53,24.51
2021-04-07 12:00:00,78.14,0.83,94.95
2021-04-07 13:00:00,64.94,0.51,303.67
2021-04-07 14:00:00,56.41,0.68,221.14
2021-04-07 15:00:00,67.78,0.64,328.82
2021-04-07 16:00:00,63.34,0.86,306.33
2021-04-07 17:00:00,64.84,1.08,277.98
2021-04-07 18:00:00,46.54,0.82,287.78
2021-04-07 19:00:00,57.89,0.43,307.91
2021-04-07 20:00:00,46.48,0.47,318.54
2021-04-07 21:00:00,42.69,0.72,81.38
2021-04-07 22:00:00,54.78,0.77,263.86
2021-04-07 23:00:00,85.86,1.14,357.65
2021-04-08 00:00:00,66.27,1.15,343.98
2021-04-08 01:00:00,83.75,0.86,342.28
2021-04-08 02:00:00,64.08,0.9,267.53
2021-04-08 03:00:00,49.58,1.12,351.39
2021-04-08 04:00:00,57.13,0.92,264.81
2021-04-08 05:00:00,46.95,0.46,93.92
2021-04-08 06:00:00,44.2,0.42,243.71
2021-04-08 07:00:00,39.01,0.68,268.86
2021-04-08 08:00:00,38.36,0.59,275.08
2021-04-08 09:00:00,54.73,0.66,292.41
2021-04-08 10:00:00,87.51,0.75,283.34
2021-04-08 11:00:00,63.86,0.8,294.86
2021-04-08 12:00:00,47.79,0.61,329.81
2021-04-08 13:00:00,41.44,1.23,277.66
2021-04-08 14:00:00,40.98,0.75,315.66
2021-04-08 15:00:00,43.0,0.72,300.63
2021-04-08 16:00:00,40.57,0.82,319.6
2021-04-08 17:00:00,35.32,0.6,310.47
2021-04-08 18:00:00,40.65,0.4,286.76
2021-04-08 19:00:00,33.54,0.1,169.44
2021-04-08 20:00:00,78.96,0.26,243.3
2021-04-08 21:00:00,113.25,0.5,260.27
2021-04-08 22:00:00,99.18,0.21,126.78
2021-04-08 23:00:00,117.78,0.16,84.73
2021-04-09 00:00:00,89.57,0.66,16.22
2021-04-09 01:00:00,98.38,0.72,11.73
2021-04-09 02:00:00,76.35,0.41,29.21
2021-04-09 03:00:00,63.31,0.31,79.35
2021-04-09 04:00:00,56.42,0.18,141.16
2021-04-09 05:00:00,45.1,0.72,25.65
2021-04-09 06:00:00,40.26,0.8,19.93
2021-04-09 07:00:00,56.58,1.04,95.82
2021-04-09 08:00:00,78.71,1.01,266.34
2021-04-09 09:00:00,63.02,0.85,98.86
2021-04-09 10:00:00,79.52,1.14,263.01
2021-04-09 11:00:00,57.89,1.36,349.12
2021-04-09 12:00:00,46.04,1.31,263.02
2021-04-09 13:00:00,52.6,1.05,260.9
2021-04-09 14:00:00,43.8,1.12,264.6
2021-04-09 15:00:00,44.78,0.78,237.22
2021-04-09 16:00:00,40.89,1.3,269.3
2021-04-09 17:00:00,38.81,0.77,344.85
2021-04-09 18:00:00,41.97,0.15,276.86
2021-04-09 19:00:00,38.01,0.12,210.58
2021-04-09 20:00:00,48.37,0.14,256.14
2021-04-09 21:00:00,77.76,0.43,112.17
2021-04-09 22:00:00,148.25,0.24,109.44
2021-04-09 23:00:00,148.18,0.68,1.76
2021-04-10 00:00:00,115.77,0.66,24.44
2021-04-10 01:00:00,72.19,0.59,100.77
2021-04-10 02:00:00,63.78,0.42,100.97
2021-04-10 03:00:00,78.05,0.4,49.74
2021-04-10 04:00:00,55.25,0.24,112.63
2021-04-10 05:00:00,40.9,0.22,165.05
2021-04-10 06:00:00,46.86,0.31,161.29
2021-04-10 07:00:00,88.74,0.14,127.78
2021-04-10 08:00:00,87.46,0.28,250.03
2021-04-10 09:00:00,97.95,0.54,236.73
2021-04-10 10:00:00,108.02,0.64,289.78
2021-04-10 11:00:00,102.625,0.62,274.64
2021-04-10 12:00:00,97.23,1.19,253.38
2021-04-10 13:00:00,54.92,0.77,280.04
2021-04-10 14:00:00,30.66,1.53,274.3
2021-04-10 15:00:00,30.31,1.21,291.23
2021-04-10 16:00:00,46.8,1.2,275.79
2021-04-10 17:00:00,24.42,0.79,281.56
2021-04-10 18:00:00,30.16,0.77,270.1
2021-04-10 19:00:00,18.64,0.2,181.17
2021-04-10 20:00:00,66.57,0.15,108.61
2021-04-10 21:00:00,90.93,0.14,172.78
2021-04-10 22:00:00,64.12,0.16,267.63
2021-04-10 23:00:00,103.84,0.51,296.44
2021-04-11 00:00:00,56.78,0.97,89.5
2021-04-11 01:00:00,85.3,1.07,12.84
2021-04-11 02:00:00,72.35,1.08,7.27
2021-04-11 03:00:00,72.58,0.6,42.96
2021-04-11 04:00:00,59.2,0.65,41.29
2021-04-11 05:00:00,53.61,0.44,37.53
2021-04-11 06:00:00,71.23,0.09,166.9
2021-04-11 07:00:00,69.99,0.42,231.44
2021-04-11 08:00:00,73.58,0.66,273.66
2021-04-11 09:00:00,37.71,0.94,261.61
2021-04-11 10:00:00,35.48,0.57,301.26
2021-04-11 11:00:00,58.69,0.83,291.91
2021-04-11 12:00:00,36.26,0.95,264.35
2021-04-11 13:00:00,23.34,1.26,276.48
2021-04-11 14:00:00,15.65,1.12,284.92
2021-04-11 15:00:00,21.3,0.82,280.21
2021-04-11 16:00:00,43.07,0.83,296.01
2021-04-11 17:00:00,23.59,0.62,291.02
2021-04-11 18:00:00,52.14,0.21,240.51
2021-04-11 19:00:00,59.98,0.1,175.22
2021-04-11 20:00:00,77.12,0.19,145.14
2021-04-11 21:00:00,102.07,0.41,227.41
2021-04-11 22:00:00,81.78,0.43,291.0
2021-04-11 23:00:00,78.18,0.48,115.0
2021-04-12 00:00:00,86.68,0.31,123.66
2021-04-12 01:00:00,51.36,0.34,88.8
2021-04-12 02:00:00,80.93,0.17,113.98
2021-04-12 03:00:00,42.77,0.22,155.11
2021-04-12 04:00:00,68.07,0.52,197.56
2021-04-12 05:00:00,62.32,0.28,184.52
2021-04-12 06:00:00,54.98,0.49,200.36
2021-04-12 07:00:00,93.33,0.4,211.86
2021-04-12 08:00:00,137.14,0.77,277.74
2021-04-12 09:00:00,137.81,0.62,231.8
2021-04-12 10:00:00,125.79,0.78,97.86
2021-04-12 11:00:00,90.14,0.51,111.9
2021-04-12 12:00:00,82.04,0.36,223.32
2021-04-12 13:00:00,47.42,0.98,245.55
2021-04-12 14:00:00,42.14,1.0,249.18
2021-04-12 15:00:00,27.98,1.04,266.59
2021-04-12 16:00:00,43.89,1.07,285.19
2021-04-12 17:00:00,35.4,0.58,295.22
2021-04-12 18:00:00,44.2,0.19,306.02
2021-04-12 19:00:00,91.04,0.26,47.88
2021-04-12 20:00:00,102.93,0.24,84.32
2021-04-12 21:00:00,99.36,0.73,46.84
2021-04-12 22:00:00,133.94,0.91,31.12
2021-04-12 23:00:00,131.41,0.49,51.97
2021-04-13 00:00:00,105.28,0.24,94.1
2021-04-13 01:00:00,63.27,0.22,54.72
2021-04-13 02:00:00,81.95,0.17,90.37
2021-04-13 03:00:00,73.16,0.21,134.69
2021-04-13 04:00:00,89.0,0.35,190.95
2021-04-13 05:00:00,89.6,0.37,216.75
2021-04-13 06:00:00,118.15,0.5,225.8
2021-04-13 07:00:00,137.12,1.02,259.04
2021-04-13 08:00:00,148.35,1.48,258.84
2021-04-13 09:00:00,88.5,1.37,249.97
2021-04-13 10:00:00,112.58,1.42,247.71
2021-04-13 11:00:00,59.86,1.52,263.07
2021-04-13 12:00:00,32.03,1.23,265.96
2021-04-13 13:00:00,40.41,1.68,255.6
2021-04-13 14:00:00,39.92,1.06,299.07
2021-04-13 15:00:00,29.59,1.1,292.45
2021-04-13 16:00:00,34.5,0.78,301.24
2021-04-13 17:00:00,49.74,0.71,297.66
2021-04-13 18:00:00,41.53,0.49,298.04
2021-04-13 19:00:00,52.28,0.2,277.6
2021-04-13 20:00:00,75.24,0.16,210.9
2021-04-13 21:00:00,138.01,0.55,270.38
2021-04-13 22:00:00,122.1,0.62,261.79
2021-04-13 23:00:00,113.14,0.6,322.01
2021-04-14 00:00:00,61.34,0.52,341.21
2021-04-14 01:00:00,36.66,0.53,257.27
2021-04-14 02:00:00,56.78,0.84,97.3
2021-04-14 03:00:00,51.99,0.99,95.37
2021-04-14 04:00:00,64.48,0.73,183.56
2021-04-14 05:00:00,44.68,0.43,114.07
2021-04-14 06:00:00,54.87,0.43,220.86
2021-04-14 07:00:00,85.44,0.94,246.13
2021-04-14 08:00:00,107.77,0.94,276.7
2021-04-14 09:00:00,91.32,0.76,283.95
2021-04-14 10:00:00,87.14,0.66,310.24
2021-04-14 11:00:00,57.43,0.82,300.31
2021-04-14 12:00:00,57.23,1.35,272.48
2021-04-14 13:00:00,29.82,1.31,270.88
2021-04-14 14:00:00,22.16,1.37,269.33
2021-04-14 15:00:00,27.2,1.24,275.87
2021-04-14 16:00:00,25.88,1.44,269.9
2021-04-14 17:00:00,28.06,1.42,268.56
2021-04-14 18:00:00,83.28,1.29,263.67
2021-04-14 19:00:00,70.76,0.73,273.59
2021-04-14 20:00:00,90.8,0.5,237.21
2021-04-14 21:00:00,54.72,0.73,188.82
2021-04-14 22:00:00,96.02,0.3,163.88
2021-04-14 23:00:00,94.92,0.34,181.53
2021-04-15 00:00:00,112.08,0.29,198.29
2021-04-15 01:00:00,61.63,0.28,231.14
2021-04-15 02:00:00,93.54,0.39,208.64
2021-04-15 03:00:00,110.79,0.47,153.99
2021-04-15 04:00:00,108.8,0.67,223.9
2021-04-15 05:00:00,97.39,0.64,197.1
2021-04-15 06:00:00,99.42,0.5,193.11
2021-04-15 07:00:00,128.38,0.91,216.24
2021-04-15 08:00:00,75.21,1.96,253.87
2021-04-15 09:00:00,70.69,1.1,269.14
2021-04-15 10:00:00,78.26,0.79,275.4
2021-04-15 11:00:00,79.02,1.34,269.06
2021-04-15 12:00:00,53.83,1.08,290.03
2021-04-15 13:00:00,56.84,1.1,294.1
2021-04-15 14:00:00,64.02,1.16,296.46
2021-04-15 15:00:00,53.63,1.51,276.83
2021-04-15 16:00:00,69.0,0.83,289.45
2021-04-15 17:00:00,40.27,0.59,301.48
2021-04-15 18:00:00,62.13,0.57,297.32
2021-04-15 19:00:00,34.22,0.51,268.85
2021-04-15 20:00:00,44.23,0.32,276.03
2021-04-15 21:00:00,85.76,0.29,250.55
2021-04-15 22:00:00,67.43,0.23,130.14
2021-04-15 23:00:00,112.26,0.24,50.5
2021-04-16 00:00:00,124.01,0.32,76.4
2021-04-16 01:00:00,72.45,0.43,68.58
2021-04-16 02:00:00,99.7,0.5,47.04
2021-04-16 03:00:00,85.85,0.22,104.1
2021-04-16 04:00:00,70.18,0.21,160.46
2021-04-16 05:00:00,69.92,0.24,162.0
2021-04-16 06:00:00,88.98,0.64,210.88
2021-04-16 07:00:00,120.44,0.59,209.06
2021-04-16 08:00:00,127.56,0.79,236.16
2021-04-16 09:00:00,124.69,0.67,195.32
2021-04-16 10:00:00,93.39,0.62,155.47
2021-04-16 11:00:00,70.97,0.73,178.96
2021-04-16 12:00:00,50.0,0.78,164.8
2021-04-16 13:00:00,65.49,1.18,144.5
2021-04-16 14:00:00,38.8,1.01,198.52
2021-04-16 15:00:00,39.43,1.87,207.59
2021-04-16 16:00:00,65.94,2.62,253.0
2021-04-16 17:00:00,100.48,3.47,268.5
2021-04-16 18:00:00,106.36,3.15,275.76
2021-04-16 19:00:00,121.96,1.22,294.02
2021-04-16 20:00:00,62.34,1.17,251.88
2021-04-16 21:00:00,34.63,1.16,192.03
2021-04-16 22:00:00,28.905,0.7,135.51
2021-04-16 23:00:00,23.18,0.57,100.67
2021-04-17 00:00:00,20.59,0.56,58.0
2021-04-17 01:00:00,16.12,1.38,26.36
2021-04-17 02:00:00,11.58,1.18,20.48
2021-04-17 03:00:00,8.24,1.21,26.6
2021-04-17 04:00:00,10.0,0.48,59.98
2021-04-17 05:00:00,24.15,0.39,193.46
2021-04-17 06:00:00,13.81,0.67,200.96
2021-04-17 07:00:00,11.13,2.36,253.86
2021-04-17 08:00:00,54.67,2.15,267.9
2021-04-17 09:00:00,61.48,1.07,279.78
2021-04-17 10:00:00,51.38,0.7,293.97
2021-04-17 11:00:00,39.66,1.37,270.7
2021-04-17 12:00:00,22.32,2.16,264.78
2021-04-17 13:00:00,13.34,2.11,262.56
2021-04-17 14:00:00,8.02,1.93,272.68
2021-04-17 15:00:00,11.47,2.01,260.47
2021-04-17 16:00:00,12.16,1.78,262.43
2021-04-17 17:00:00,11.1,1.69,277.03
2021-04-17 18:00:00,20.67,1.02,266.42
2021-04-17 19:00:00,15.73,0.98,266.03
2021-04-17 20:00:00,14.63,0.4,227.84
2021-04-17 21:00:00,79.91,0.8,258.98
2021-04-17 22:00:00,48.28,0.6,111.2
2021-04-17 23:00:00,53.68,0.32,62.27
2021-04-18 00:00:00,44.3,0.34,55.49
2021-04-18 01:00:00,71.56,0.61,52.68
2021-04-18 02:00:00,49.42,0.74,29.67
2021-04-18 03:00:00,37.3,0.5,25.49
2021-04-18 04:00:00,33.29,0.18,92.68
2021-04-18 05:00:00,47.88,0.24,151.38
2021-04-18 06:00:00,60.11,0.23,101.68
2021-04-18 07:00:00,98.02,0.34,99.8
2021-04-18 08:00:00,88.48,0.9,161.34
2021-04-18 09:00:00,64.67,0.48,193.43
2021-04-18 10:00:00,35.73,0.55,139.87
2021-04-18 11:00:00,67.36,0.41,265.31
2021-04-18 12:00:00,41.5,1.01,268.62
2021-04-18 13:00:00,26.07,0.69,279.7
2021-04-18 14:00:00,13.04,0.8,268.11
2021-04-18 15:00:00,31.76,0.98,298.17
2021-04-18 16:00:00,43.68,0.85,291.32
2021-04-18 17:00:00,26.86,0.9,273.71
2021-04-18 18:00:00,45.0,0.75,284.18
2021-04-18 19:00:00,39.17,0.2,181.42
2021-04-18 20:00:00,88.67,0.12,170.52
2021-04-18 21:00:00,52.7,0.2,167.46
2021-04-18 22:00:00,114.31,0.32,106.22
2021-04-18 23:00:00,79.76,0.57,9.9
2021-04-19 00:00:00,52.0,0.24,82.87
2021-04-19 01:00:00,30.04,0.18,138.02
2021-04-19 02:00:00,81.12,0.46,36.18
2021-04-19 03:00:00,102.44,0.43,38.79
2021-04-19 04:00:00,54.8,0.23,88.32
2021-04-19 05:00:00,52.58,0.18,126.0
2021-04-19 06:00:00,30.93,0.2,157.1
2021-04-19 07:00:00,51.95,0.71,246.15
2021-04-19 08:00:00,66.7,1.11,264.7
2021-04-19 09:00:00,112.04,0.95,273.97
2021-04-19 10:00:00,121.93,0.82,273.06
2021-04-19 11:00:00,93.68,0.76,304.06
2021-04-19 12:00:00,67.29,1.08,275.9
2021-04-19 13:00:00,43.16,1.45,271.28
2021-04-19 14:00:00,32.39,1.1,279.93
2021-04-19 15:00:00,23.04,1.07,283.2
2021-04-19 16:00:00,48.87,1.0,288.58
2021-04-19 17:00:00,31.44,0.99,299.98
2021-04-19 18:00:00,30.44,0.42,309.22
2021-04-19 19:00:00,41.55,0.15,112.98
2021-04-19 20:00:00,83.26,0.17,172.92
2021-04-19 21:00:00,107.04,0.32,104.96
2021-04-19 22:00:00,134.84,0.3,118.08
2021-04-19 23:00:00,137.0,0.44,52.97
2021-04-20 00:00:00,134.1,0.81,7.24
2021-04-20 01:00:00,93.32,0.7,21.15
2021-04-20 02:00:00,81.03,0.9,28.67
2021-04-20 03:00:00,67.89,0.79,30.74
2021-04-20 04:00:00,57.08,0.68,43.2
2021-04-20 05:00:00,50.42,0.78,29.11
2021-04-20 06:00:00,53.7,0.48,220.78
2021-04-20 07:00:00,36.3,0.53,291.04
2021-04-20 08:00:00,63.52,0.55,191.1
2021-04-20 09:00:00,69.28,0.36,179.18
2021-04-20 10:00:00,91.25,0.92,57.2
2021-04-20 11:00:00,55.05,1.12,41.28
2021-04-20 12:00:00,35.26,1.34,39.54
2021-04-20 13:00:00,34.11,1.17,63.4
2021-04-20 14:00:00,43.9,1.24,24.67
2021-04-20 15:00:00,45.94,1.7,25.76
2021-04-20 16:00:00,38.03,1.97,11.76
2021-04-20 17:00:00,46.76,1.44,12.56
2021-04-20 18:00:00,31.35,1.06,328.99
2021-04-20 19:00:00,131.09,1.23,339.58
2021-04-20 20:00:00,78.9,1.43,340.89
2021-04-20 21:00:00,53.69,1.75,182.88
2021-04-20 22:00:00,31.03,2.0,47.82
2021-04-20 23:00:00,40.32,1.9,52.38
2021-04-21 00:00:00,39.33,1.37,36.11
2021-04-21 01:00:00,23.35,1.08,22.66
2021-04-21 02:00:00,13.05,0.29,152.86
2021-04-21 03:00:00,8.95,0.38,190.43
2021-04-21 04:00:00,20.34,1.28,263.52
2021-04-21 05:00:00,53.4,1.27,261.36
2021-04-21 06:00:00,28.5,0.98,268.28
2021-04-21 07:00:00,33.7,1.27,276.24
2021-04-21 08:00:00,73.03,1.4,271.79
2021-04-21 09:00:00,78.19,1.21,272.26
2021-04-21 10:00:00,42.02,1.22,273.6
2021-04-21 11:00:00,22.16,1.39,262.55
2021-04-21 12:00:00,15.59,1.38,260.06
2021-04-21 13:00:00,10.98,1.38,263.06
2021-04-21 14:00:00,23.24,1.12,252.45
2021-04-21 15:00:00,18.28,1.34,268.27
2021-04-21 16:00:00,27.9,1.47,265.65
2021-04-21 17:00:00,22.64,1.62,268.05
2021-04-21 18:00:00,14.4,1.15,278.53
2021-04-21 19:00:00,23.88,0.83,276.48
2021-04-21 20:00:00,21.06,0.44,295.06
2021-04-21 21:00:00,16.78,0.36,308.19
2021-04-21 22:00:00,41.2,0.64,324.72
2021-04-21 23:00:00,55.41,1.09,176.2
2021-04-22 00:00:00,33.45,0.73,94.85
2021-04-22 01:00:00,21.31,0.45,30.25
2021-04-22 02:00:00,50.96,0.73,35.07
2021-04-22 03:00:00,68.69,0.38,31.95
2021-04-22 04:00:00,38.93,0.39,46.24
2021-04-22 05:00:00,51.28,0.52,30.12
2021-04-22 06:00:00,51.68,0.88,32.92
2021-04-22 07:00:00,65.17,0.89,79.07
2021-04-22 08:00:00,37.31,1.68,143.1
2021-04-22 09:00:00,24.28,1.76,149.74
2021-04-22 10:00:00,13.55,1.77,129.26
2021-04-22 11:00:00,9.05,1.45,130.8
2021-04-22 12:00:00,42.96,1.2,130.75
2021-04-22 13:00:00,39.26,0.95,113.7
2021-04-22 14:00:00,32.69,0.98,56.8
2021-04-22 15:00:00,22.74,0.78,123.39
2021-04-22 16:00:00,16.36,0.97,141.06
2021-04-22 17:00:00,10.84,1.07,119.22
2021-04-22 18:00:00,9.97,1.03,116.65
2021-04-22 19:00:00,17.07,1.31,105.54
2021-04-22 20:00:00,46.35,1.11,100.22
2021-04-22 21:00:00,41.42,1.66,107.98
2021-04-22 22:00:00,31.47,1.82,107.17
2021-04-22 23:00:00,52.32,1.72,111.76
2021-04-23 00:00:00,43.94,1.82,100.26
2021-04-23 01:00:00,33.7,1.63,107.4
2021-04-23 02:00:00,23.17,1.36,107.4
2021-04-23 03:00:00,18.5,1.52,116.39
2021-04-23 04:00:00,9.26,1.36,117.58
2021-04-23 05:00:00,17.88,1.17,132.73
2021-04-23 06:00:00,31.46,1.73,143.75
2021-04-23 07:00:00,15.8,1.59,150.66
2021-04-23 08:00:00,35.9,1.23,101.86
2021-04-23 09:00:00,60.87,1.33,51.33
2021-04-23 10:00:00,68.64,1.75,47.4
2021-04-23 11:00:00,62.47,2.15,58.65
2021-04-23 12:00:00,37.7,2.01,66.06
2021-04-23 13:00:00,28.32,1.72,49.58
2021-04-23 14:00:00,25.42,1.79,58.13
2021-04-23 15:00:00,18.8,2.0,25.43
2021-04-23 16:00:00,15.43,1.83,24.9
2021-04-23 17:00:00,26.55,1.88,31.02
2021-04-23 18:00:00,32.16,1.76,20.05
2021-04-23 19:00:00,17.64,1.76,28.04
2021-04-23 20:00:00,20.68,1.21,27.13
2021-04-23 21:00:00,32.05,1.23,11.64
2021-04-23 22:00:00,39.29,1.19,9.54
2021-04-23 23:00:00,37.42,0.94,21.23
2021-04-24 00:00:00,68.21,0.85,5.04
2021-04-24 01:00:00,46.41,0.97,266.7
2021-04-24 02:00:00,38.58,0.42,16.3
2021-04-24 03:00:00,24.71,0.24,19.28
2021-04-24 04:00:00,13.68,0.86,93.2
2021-04-24 05:00:00,25.33,0.94,181.58
2021-04-24 06:00:00,16.16,1.1,264.02
2021-04-24 07:00:00,12.56,0.65,264.72
2021-04-24 08:00:00,14.08,1.01,343.88
2021-04-24 09:00:00,9.49,1.2,342.44
2021-04-24 10:00:00,5.35,1.24,82.31
2021-04-24 11:00:00,8.535,0.99,301.2
2021-04-24 12:00:00,11.72,1.06,328.43
2021-04-24 13:00:00,10.96,1.06,250.26
2021-04-24 14:00:00,7.85,0.89,296.98
2021-04-24 15:00:00,31.1,1.08,311.67
2021-04-24 16:00:00,22.4,0.86,309.63
2021-04-24 17:00:00,14.96,0.98,311.79
2021-04-24 18:00:00,27.05,0.57,328.45
2021-04-24 19:00:00,19.66,0.5,287.58
2021-04-24 20:00:00,21.7,0.24,243.62
2021-04-24 21:00:00,51.75,0.54,239.8
2021-04-24 22:00:00,52.95,0.33,219.52
2021-04-24 23:00:00,74.66,0.48,83.12
2021-04-25 00:00:00,106.72,0.26,120.7
2021-04-25 01:00:00,61.82,0.29,166.6
2021-04-25 02:00:00,82.19,0.3,203.38
2021-04-25 03:00:00,52.14,0.6,252.02
2021-04-25 04:00:00,106.49,0.77,277.6
2021-04-25 05:00:00,121.31,0.79,275.26
2021-04-25 06:00:00,107.82,0.62,297.67
2021-04-25 07:00:00,84.08,0.5,281.54
2021-04-25 08:00:00,87.99,0.59,309.59
2021-04-25 09:00:00,57.92,0.94,328.58
2021-04-25 10:00:00,28.99,1.21,335.76
2021-04-25 11:00:00,23.54,1.17,257.61
2021-04-25 12:00:00,21.68,1.18,318.69
2021-04-25 13:00:00,36.78,1.15,347.75
2021-04-25 14:00:00,40.55,1.03,323.42
2021-04-25 15:00:00,40.14,1.21,265.76
2021-04-25 16:00:00,26.39,0.82,177.81
2021-04-25 17:00:00,13.21,0.85,353.78
2021-04-25 18:00:00,11.88,0.17,266.88
2021-04-25 19:00:00,32.87,0.26,114.14
2021-04-25 20:00:00,126.03,0.25,148.7
2021-04-25 21:00:00,111.47,0.26,159.04
2021-04-25 22:00:00,94.98,0.34,189.16
2021-04-25 23:00:00,105.12,0.39,200.32
2021-04-26 00:00:00,121.34,0.62,215.14
2021-04-26 01:00:00,89.56,0.38,212.4
2021-04-26 02:00:00,122.52,0.29,202.3
2021-04-26 03:00:00,129.05,0.33,195.7
2021-04-26 04:00:00,105.06,0.28,171.38
2021-04-26 05:00:00,99.88,0.28,188.46
2021-04-26 06:00:00,129.76,0.41,191.04
2021-04-26 07:00:00,128.12,0.51,197.21
2021-04-26 08:00:00,129.39,0.49,196.01
2021-04-26 09:00:00,152.39,0.43,225.78
2021-04-26 10:00:00,121.2,0.86,272.73
2021-04-26 11:00:00,106.23,1.36,262.65
2021-04-26 12:00:00,69.25,0.84,300.18
2021-04-26 13:00:00,63.45,0.88,315.49
2021-04-26 14:00:00,52.06,0.88,299.91
2021-04-26 15:00:00,34.36,1.03,276.56
2021-04-26 16:00:00,22.96,0.63,288.64
2021-04-26 17:00:00,44.71,0.39,213.74
2021-04-26 18:00:00,91.45,0.14,176.4
2021-04-26 19:00:00,124.29,0.3,175.9
2021-04-26 20:00:00,114.35,0.21,159.68
2021-04-26 21:00:00,125.54,0.27,168.38
2021-04-26 22:00:00,108.72,0.21,164.07
2021-04-26 23:00:00,104.78,0.24,165.77
2021-04-27 00:00:00,105.85,0.22,165.1
2021-04-27 01:00:00,114.9,0.28,163.32
2021-04-27 02:00:00,101.21,0.22,150.18
2021-04-27 03:00:00,66.91,0.4,191.62
2021-04-27 04:00:00,93.38,0.32,179.5
2021-04-27 05:00:00,76.22,0.33,187.34
2021-04-27 06:00:00,82.4,0.35,188.0
2021-04-27 07:00:00,127.48,0.44,186.62
2021-04-27 08:00:00,166.61,0.76,223.39
2021-04-27 09:00:00,189.29,0.82,221.48
2021-04-27 10:00:00,137.72,0.94,240.92
2021-04-27 11:00:00,104.92,1.15,260.27
2021-04-27 12:00:00,72.12,1.08,265.87
2021-04-27 13:00:00,102.26,0.84,299.16
2021-04-27 14:00:00,56.98,1.07,307.76
2021-04-27 15:00:00,65.19,1.09,339.34
2021-04-27 16:00:00,38.2,0.76,336.27
2021-04-27 17:00:00,43.83,0.48,257.98
2021-04-27 18:00:00,56.65,0.18,170.63
2021-04-27 19:00:00,101.54,0.24,148.11
2021-04-27 20:00:00,150.7,0.22,124.23
2021-04-27 21:00:00,156.06,0.22,148.79
2021-04-27 22:00:00,155.94,0.36,90.28
2021-04-27 23:00:00,180.17,0.2,110.62
2021-04-28 00:00:00,164.27,0.24,166.44
2021-04-28 01:00:00,93.16,0.24,186.09
2021-04-28 02:00:00,140.46,0.31,184.77
2021-04-28 03:00:00,103.53,0.32,185.71
2021-04-28 04:00:00,85.74,0.26,168.22
2021-04-28 05:00:00,136.6,0.4,198.41
2021-04-28 06:00:00,124.54,0.29,181.54
2021-04-28 07:00:00,151.03,0.39,184.56
2021-04-28 08:00:00,188.6,0.86,234.98
2021-04-28 09:00:00,158.74,0.62,268.2
2021-04-28 10:00:00,143.42,1.1,262.92
2021-04-28 11:00:00,135.54,1.24,258.85
2021-04-28 12:00:00,93.32,0.93,262.95
2021-04-28 13:00:00,53.79,0.8,302.94
2021-04-28 14:00:00,43.72,0.84,311.79
2021-04-28 15:00:00,42.42,0.82,322.3
2021-04-28 16:00:00,28.67,1.0,277.17
2021-04-28 17:00:00,50.39,0.73,279.87
2021-04-28 18:00:00,40.64,0.16,217.64
2021-04-28 19:00:00,78.51,0.38,107.26
2021-04-28 20:00:00,100.41,0.43,98.7
2021-04-28 21:00:00,147.92,0.26,257.99
2021-04-28 22:00:00,142.92,0.36,102.47
2021-04-28 23:00:00,120.13,0.21,116.04
2021-04-29 00:00:00,130.08,0.16,132.27
2021-04-29 01:00:00,73.81,0.33,185.27
2021-04-29 02:00:00,93.9,0.37,122.06
2021-04-29 03:00:00,113.93,0.22,174.72
2021-04-29 04:00:00,119.03,0.29,190.17
2021-04-29 05:00:00,111.1,0.34,197.66
2021-04-29 06:00:00,135.59,0.26,177.56
2021-04-29 07:00:00,168.25,0.52,237.9
2021-04-29 08:00:00,120.88,0.54,273.75
2021-04-29 09:00:00,142.23,0.8,273.95
2021-04-29 10:00:00,109.04,0.54,310.56
2021-04-29 11:00:00,84.74,0.7,315.94
2021-04-29 12:00:00,98.96,0.87,211.66
2021-04-29 13:00:00,54.21,0.88,327.69
2021-04-29 14:00:00,35.64,0.76,333.5
2021-04-29 15:00:00,61.4,0.66,343.8
2021-04-29 16:00:00,35.9,0.84,248.16
2021-04-29 17:00:00,56.48,1.56,26.77
2021-04-29 18:00:00,91.77,0.94,254.34
2021-04-29 19:00:00,90.58,2.25,11.38
2021-04-29 20:00:00,127.02,0.65,61.52
2021-04-29 21:00:00,124.16,0.39,31.57
2021-04-29 22:00:00,91.24,0.58,132.97
2021-04-29 23:00:00,83.08,0.69,118.5
2021-04-30 00:00:00,80.16,0.29,169.5
2021-04-30 01:00:00,78.53,0.35,176.49
2021-04-30 02:00:00,72.12,0.4,216.38
2021-04-30 03:00:00,59.27,0.25,124.34
2021-04-30 04:00:00,79.1,0.21,124.73
2021-04-30 05:00:00,93.47,0.37,53.56
2021-04-30 06:00:00,117.88,0.43,22.53
2021-04-30 07:00:00,120.11,0.28,123.92
2021-04-30 08:00:00,149.13,0.56,51.17
2021-04-30 09:00:00,155.02,1.07,115.91
2021-04-30 10:00:00,175.22,1.02,62.39
2021-04-30 11:00:00,129.25,1.32,25.83
2021-04-30 12:00:00,85.98,0.92,121.03
2021-04-30 13:00:00,93.76,0.62,63.03
2021-04-30 14:00:00,77.03,0.92,57.15
2021-04-30 15:00:00,76.3,0.61,71.02
2021-04-30 16:00:00,79.22,0.51,122.58
2021-04-30 17:00:00,57.28,0.32,84.4
2021-04-30 18:00:00,92.72,0.23,132.44
2021-04-30 19:00:00,150.01,0.44,314.95
2021-04-30 20:00:00,164.62,0.4,211.9
2021-04-30 21:00:00,133.52,0.56,203.21
2021-04-30 22:00:00,140.34,0.97,291.5
2021-04-30 23:00:00,147.71,1.37,276.28
2021-05-01 00:00:00,131.09,1.12,212.8
2021-05-01 01:00:00,72.16,0.77,251.92
2021-05-01 02:00:00,75.53,0.97,33.28
2021-05-01 03:00:00,53.28,0.99,133.21
2021-05-01 04:00:00,60.02,1.5,176.1
2021-05-01 05:00:00,82.48,0.8,133.2
2021-05-01 06:00:00,77.38,0.62,107.09
2021-05-01 07:00:00,76.52,1.12,126.53
2021-05-01 08:00:00,88.37,0.97,135.91
2021-05-01 09:00:00,55.72,1.02,54.37
2021-05-01 10:00:00,43.14,1.14,26.8
2021-05-01 11:00:00,70.12,0.89,20.29
2021-05-01 12:00:00,75.24,1.1,93.36
2021-05-01 13:00:00,47.22,1.09,115.12
2021-05-01 14:00:00,75.03,0.69,66.47
2021-05-01 15:00:00,52.94,0.65,28.75
2021-05-01 16:00:00,50.02,0.69,54.54
2021-05-01 17:00:00,60.24,0.5,44.43
2021-05-01 18:00:00,60.47,1.01,180.62
2021-05-01 19:00:00,129.23,2.22,249.55
2021-05-01 20:00:00,113.86,1.12,264.06
2021-05-01 21:00:00,80.75,0.49,236.02
2021-05-01 22:00:00,66.31,0.81,65.3
2021-05-01 23:00:00,81.46,1.06,33.82
2021-05-02 00:00:00,89.23,0.52,40.54
2021-05-02 01:00:00,50.22,0.52,260.07
2021-05-02 02:00:00,73.66,0.97,184.89
2021-05-02 03:00:00,69.67,0.3,169.89
2021-05-02 04:00:00,67.14,0.34,203.36
2021-05-02 05:00:00,76.47,0.47,190.06
2021-05-02 06:00:00,39.55,0.49,181.4
2021-05-02 07:00:00,50.94,0.29,172.49
2021-05-02 08:00:00,61.27,0.38,237.36
2021-05-02 09:00:00,76.28,0.43,186.84
2021-05-02 10:00:00,48.56,0.88,112.12
2021-05-02 11:00:00,94.34,1.38,194.3
2021-05-02 12:00:00,51.9,1.6,218.73
2021-05-02 13:00:00,28.93,1.69,225.14
2021-05-02 14:00:00,19.46,1.66,218.6
2021-05-02 15:00:00,15.36,3.12,237.68
2021-05-02 16:00:00,39.05,2.72,248.86
2021-05-02 17:00:00,53.75,1.17,244.1
2021-05-02 18:00:00,32.57,0.77,234.11
2021-05-02 19:00:00,34.61,0.25,175.14
2021-05-02 20:00:00,34.0,0.29,189.36
2021-05-02 21:00:00,68.28,0.8,284.94
2021-05-02 22:00:00,56.43,0.62,242.56
2021-05-02 23:00:00,127.73,0.73,10.92
2021-05-03 00:00:00,103.45,0.46,318.27
2021-05-03 01:00:00,57.48,0.19,136.82
2021-05-03 02:00:00,77.86,0.3,193.9
2021-05-03 03:00:00,63.58,0.49,238.98
2021-05-03 04:00:00,50.18,0.52,260.94
2021-05-03 05:00:00,92.4,0.26,189.76
2021-05-03 06:00:00,91.02,0.56,225.58
2021-05-03 07:00:00,111.52,1.14,258.99
2021-05-03 08:00:00,169.27,1.31,249.55
2021-05-03 09:00:00,164.51,1.43,245.1
2021-05-03 10:00:00,129.49,1.42,238.27
2021-05-03 11:00:00,95.38,1.34,241.48
2021-05-03 12:00:00,58.5,0.71,246.45
2021-05-03 13:00:00,48.56,1.11,291.43
2021-05-03 14:00:00,58.97,1.59,259.0
2021-05-03 15:00:00,37.86,1.56,254.88
2021-05-03 16:00:00,37.06,1.03,273.55
2021-05-03 17:00:00,49.7,0.56,330.89
2021-05-03 18:00:00,66.64,0.41,328.65
2021-05-03 19:00:00,48.29,0.1,109.76
2021-05-03 20:00:00,74.06,0.11,97.07
2021-05-03 21:00:00,92.49,0.14,157.12
2021-05-03 22:00:00,96.43,0.57,45.43
2021-05-03 23:00:00,112.66,0.76,109.64
2021-05-04 00:00:00,90.13,0.82,135.49
2021-05-04 01:00:00,51.21,0.83,127.5
2021-05-04 02:00:00,57.32,0.92,144.54
2021-05-04 03:00:00,69.43,0.99,165.6
2021-05-04 04:00:00,55.52,0.48,186.02
2021-05-04 05:00:00,43.57,0.32,181.82
2021-05-04 06:00:00,41.48,0.2,146.24
2021-05-04 07:00:00,71.82,0.28,204.06
2021-05-04 08:00:00,100.3,0.69,214.52
2021-05-04 09:00:00,69.71,0.65,241.79
2021-05-04 10:00:00,40.35,0.53,241.1
2021-05-04 11:00:00,32.26,0.78,219.62
2021-05-04 12:00:00,44.79,0.68,287.23
2021-05-04 13:00:00,23.11,0.79,257.26
2021-05-04 14:00:00,24.72,0.96,257.1
2021-05-04 15:00:00,15.46,1.29,265.98
2021-05-04 16:00:00,13.05,1.38,266.67
2021-05-04 17:00:00,10.14,1.44,266.73
2021-05-04 18:00:00,6.97,0.84,262.96
2021-05-04 19:00:00,45.64,0.5,212.94
2021-05-04 20:00:00,44.62,0.61,244.75
2021-05-04 21:00:00,91.32,1.25,182.99
2021-05-04 22:00:00,73.04,1.44,20.14
2021-05-04 23:00:00,62.75,1.27,25.61
2021-05-05 00:00:00,38.38,1.12,18.07
2021-05-05 01:00:00,25.15,1.07,24.99
2021-05-05 02:00:00,42.53,1.1,23.0
2021-05-05 03:00:00,69.4,0.81,57.4
2021-05-05 04:00:00,66.72,0.56,108.78
2021-05-05 05:00:00,82.24,0.46,182.38
2021-05-05 06:00:00,43.2,0.82,156.13
2021-05-05 07:00:00,26.39,2.0,120.51
2021-05-05 08:00:00,35.67,1.96,132.19
2021-05-05 09:00:00,36.7,1.87,149.97
2021-05-05 10:00:00,29.24,1.68,168.49
2021-05-05 11:00:00,35.32,1.06,170.26
2021-05-05 12:00:00,24.28,0.69,164.41
2021-05-05 13:00:00,42.02,0.57,279.24
2021-05-05 14:00:00,26.01,0.88,179.36
2021-05-05 15:00:00,50.75,0.92,105.66
2021-05-05 16:00:00,27.98,1.19,47.67
2021-05-05 17:00:00,23.84,1.26,37.2
2021-05-05 18:00:00,65.3,0.91,61.95
2021-05-05 19:00:00,57.05,0.93,79.66
2021-05-05 20:00:00,57.8,1.13,119.0
2021-05-05 21:00:00,51.04,1.1,121.78
2021-05-05 22:00:00,57.56,1.31,128.4
2021-05-05 23:00:00,52.41,1.0,139.51
2021-05-06 00:00:00,27.28,1.08,129.57
2021-05-06 01:00:00,19.63,0.95,141.26
2021-05-06 02:00:00,32.83,1.08,152.41
2021-05-06 03:00:00,50.6,0.88,135.19
2021-05-06 04:00:00,43.04,1.36,134.21
2021-05-06 05:00:00,46.86,1.15,138.11
2021-05-06 06:00:00,66.6,1.54,132.5
2021-05-06 07:00:00,38.24,1.58,133.18
2021-05-06 08:00:00,49.54,1.86,138.2
2021-05-06 09:00:00,55.45,1.8,140.42
2021-05-06 10:00:00,58.77,1.76,127.37
2021-05-06 11:00:00,54.66,1.52,137.06
2021-05-06 12:00:00,54.3,1.19,129.74
2021-05-06 13:00:00,48.29,1.33,101.28
2021-05-06 14:00:00,30.54,1.36,103.9
2021-05-06 15:00:00,20.55,1.98,198.56
2021-05-06 16:00:00,87.78,2.61,271.89
2021-05-06 17:00:00,78.5,1.14,306.98
2021-05-06 18:00:00,77.97,0.84,53.68
2021-05-06 19:00:00,53.2,1.72,47.78
2021-05-06 20:00:00,35.15,1.07,23.67
2021-05-06 21:00:00,28.72,0.72,58.46
2021-05-06 22:00:00,24.4,1.46,47.06
2021-05-06 23:00:00,25.28,1.56,23.39
2021-05-07 00:00:00,40.2,0.77,82.16
2021-05-07 01:00:00,34.47,0.67,176.09
2021-05-07 02:00:00,41.83,0.38,129.52
2021-05-07 03:00:00,34.69,0.52,212.6
2021-05-07 04:00:00,29.97,0.41,200.57
2021-05-07 05:00:00,28.62,0.18,152.14
2021-05-07 06:00:00,33.04,0.77,75.04
2021-05-07 07:00:00,26.94,1.11,266.68
2021-05-07 08:00:00,55.19,0.79,35.54
2021-05-07 09:00:00,42.26,0.89,44.61
2021-05-07 10:00:00,65.55,0.79,46.8
2021-05-07 11:00:00,47.15,0.85,66.7
2021-05-07 12:00:00,71.72,1.17,37.09
2021-05-07 13:00:00,47.99,1.08,19.66
2021-05-07 14:00:00,35.53,1.05,74.38
2021-05-07 15:00:00,45.8,0.91,85.8
2021-05-07 16:00:00,45.48,0.67,82.7
2021-05-07 17:00:00,47.24,0.52,25.68
2021-05-07 18:00:00,70.39,0.6,73.34
2021-05-07 19:00:00,60.1,0.62,35.68
2021-05-07 20:00:00,50.63,0.4,46.86
2021-05-07 21:00:00,52.0,0.32,72.76
2021-05-07 22:00:00,37.47,0.19,129.24
2021-05-07 23:00:00,82.81,0.19,104.7
2021-05-08 00:00:00,90.01,0.18,138.59
2021-05-08 01:00:00,68.3,0.2,109.47
2021-05-08 02:00:00,97.81,0.23,113.74
2021-05-08 03:00:00,95.75,0.15,101.38
2021-05-08 04:00:00,99.96,0.22,187.06
2021-05-08 05:00:00,63.26,0.25,214.4
2021-05-08 06:00:00,73.59,0.19,184.73
2021-05-08 07:00:00,72.2,0.55,175.15
2021-05-08 08:00:00,46.0,0.68,209.14
2021-05-08 09:00:00,19.8,0.57,135.5
2021-05-08 10:00:00,17.3,0.77,114.23
2021-05-08 11:00:00,20.27,0.85,90.11
2021-05-08 12:00:00,23.14,0.67,23.42
2021-05-08 13:00:00,21.36,0.64,105.69
2021-05-08 14:00:00,16.27,0.55,227.74
2021-05-08 15:00:00,19.27,0.61,303.41
2021-05-08 16:00:00,20.76,0.66,290.09
2021-05-08 17:00:00,24.54,0.53,314.35
2021-05-08 18:00:00,55.49,0.28,8.74
2021-05-08 19:00:00,48.45,0.31,68.28
2021-05-08 20:00:00,63.47,0.47,43.47
2021-05-08 21:00:00,68.89,0.25,85.45
2021-05-08 22:00:00,87.63,0.88,86.62
2021-05-08 23:00:00,78.44,1.27,142.92
2021-05-09 00:00:00,54.0,1.11,150.05
2021-05-09 01:00:00,68.68,1.34,147.31
2021-05-09 02:00:00,44.95,1.33,168.66
2021-05-09 03:00:00,38.49,1.04,136.77
2021-05-09 04:00:00,37.68,1.02,137.01
2021-05-09 05:00:00,38.2,0.93,136.07
2021-05-09 06:00:00,34.61,0.91,131.45
2021-05-09 07:00:00,38.32,1.1,125.69
2021-05-09 08:00:00,56.48,1.19,116.73
2021-05-09 09:00:00,52.92,0.94,123.97
2021-05-09 10:00:00,64.99,1.12,119.29
2021-05-09 11:00:00,57.13,0.94,132.55
2021-05-09 12:00:00,37.89,1.07,97.31
2021-05-09 13:00:00,29.96,0.78,99.74
2021-05-09 14:00:00,21.88,0.84,39.67
2021-05-09 15:00:00,22.8,0.57,139.78
2021-05-09 16:00:00,21.76,1.45,203.63
2021-05-09 17:00:00,30.21,1.63,175.88
2021-05-09 18:00:00,24.35,1.06,177.5
2021-05-09 19:00:00,36.84,0.7,216.58
2021-05-09 20:00:00,52.31,0.91,160.76
2021-05-09 21:00:00,54.9,1.04,274.66
2021-05-09 22:00:00,53.85,1.01,139.96
2021-05-09 23:00:00,43.2,0.86,318.41
2021-05-10 00:00:00,28.26,0.59,269.58
2021-05-10 01:00:00,25.26,0.41,68.42
2021-05-10 02:00:00,22.43,0.59,168.16
2021-05-10 03:00:00,21.52,0.71,202.49
2021-05-10 04:00:00,19.78,0.6,202.66
2021-05-10 05:00:00,18.98,0.57,150.62
2021-05-10 06:00:00,24.72,1.1,118.78
2021-05-10 07:00:00,41.89,1.6,80.5
2021-05-10 08:00:00,48.12,1.58,61.4
2021-05-10 09:00:00,51.33,2.07,163.12
2021-05-10 10:00:00,32.78,1.86,157.06
2021-05-10 11:00:00,44.76,1.64,179.98
2021-05-10 12:00:00,29.17,1.13,123.94
2021-05-10 13:00:00,25.91,1.6,36.12
2021-05-10 14:00:00,55.23,1.56,89.7
2021-05-10 15:00:00,36.51,1.49,116.78
2021-05-10 16:00:00,28.76,1.26,107.7
2021-05-10 17:00:00,28.06,1.22,142.7
2021-05-10 18:00:00,25.49,0.68,161.17
2021-05-10 19:00:00,59.42,0.34,178.75
2021-05-10 20:00:00,48.05,0.52,147.76
2021-05-10 21:00:00,36.72,0.94,128.52
2021-05-10 22:00:00,63.78,0.91,133.16
2021-05-10 23:00:00,51.86,0.87,142.46
2021-05-11 00:00:00,43.96,1.11,146.18
2021-05-11 01:00:00,32.35,1.04,133.22
2021-05-11 02:00:00,27.6,0.82,126.9
2021-05-11 03:00:00,22.98,0.79,138.23
2021-05-11 04:00:00,37.43,1.0,114.4
2021-05-11 05:00:00,52.3,0.91,141.03
2021-05-11 06:00:00,34.65,0.8,142.48
2021-05-11 07:00:00,59.44,0.87,195.08
2021-05-11 08:00:00,44.5,0.93,200.23
2021-05-11 09:00:00,38.59,0.43,158.11
2021-05-11 10:00:00,49.45,0.56,202.06
2021-05-11 11:00:00,30.81,0.75,100.1
2021-05-11 12:00:00,50.46,0.94,98.74
2021-05-11 13:00:00,38.22,0.52,220.08
2021-05-11 14:00:00,24.17,0.8,217.29
2021-05-11 15:00:00,29.57,0.42,154.8
2021-05-11 16:00:00,28.68,0.53,166.24
2021-05-11 17:00:00,25.08,1.39,25.37
2021-05-11 18:00:00,25.13,1.95,27.25
2021-05-11 19:00:00,59.61,1.12,46.15
2021-05-11 20:00:00,54.92,2.12,207.45
2021-05-11 21:00:00,40.06,1.45,186.99
2021-05-11 22:00:00,69.13,1.04,193.17
2021-05-11 23:00:00,45.02,0.69,190.28
2021-05-12 00:00:00,30.13,1.0,139.74
2021-05-12 01:00:00,23.42,0.84,141.63
2021-05-12 02:00:00,34.22,0.71,205.38
2021-05-12 03:00:00,26.73,0.55,199.5
2021-05-12 04:00:00,22.5,0.3,177.66
2021-05-12 05:00:00,21.07,0.23,120.13
2021-05-12 06:00:00,17.32,0.87,92.82
2021-05-12 07:00:00,33.03,1.43,133.73
2021-05-12 08:00:00,31.83,1.45,157.96
2021-05-12 09:00:00,22.86,0.88,131.29
2021-05-12 10:00:00,36.83,0.95,93.07
2021-05-12 11:00:00,26.19,1.32,265.8
2021-05-12 12:00:00,35.63,1.11,300.03
2021-05-12 13:00:00,24.36,1.31,319.45
2021-05-12 14:00:00,40.34,1.93,348.24
2021-05-12 15:00:00,57.39,2.46,267.03
2021-05-12 16:00:00,54.76,1.5,99.99
2021-05-12 17:00:00,80.7,0.71,256.4
2021-05-12 18:00:00,46.28,0.79,36.26
2021-05-12 19:00:00,46.83,0.47,48.42
2021-05-12 20:00:00,82.51,1.16,50.02
2021-05-12 21:00:00,56.23,0.88,59.72
2021-05-12 22:00:00,57.9,0.79,145.91
2021-05-12 23:00:00,36.97,0.87,187.81
2021-05-13 00:00:00,29.69,0.37,171.65
2021-05-13 01:00:00,24.07,0.81,157.62
2021-05-13 02:00:00,32.49,1.75,140.64
2021-05-13 03:00:00,22.38,1.36,221.27
2021-05-13 04:00:00,25.3,1.73,17.61
2021-05-13 05:00:00,28.59,1.97,54.3
2021-05-13 06:00:00,26.44,1.62,116.88
2021-05-13 07:00:00,21.06,1.58,129.8
2021-05-13 08:00:00,19.75,1.42,165.84
2021-05-13 09:00:00,19.98,2.17,121.26
2021-05-13 10:00:00,22.38,1.27,142.9
2021-05-13 11:00:00,22.94,1.22,103.89
2021-05-13 12:00:00,22.04,1.34,139.4
2021-05-13 13:00:00,17.33,0.91,108.97
2021-05-13 14:00:00,20.67,0.82,115.3
2021-05-13 15:00:00,21.55,1.49,29.24
2021-05-13 16:00:00,21.32,2.03,17.13
2021-05-13 17:00:00,19.73,1.67,39.6
2021-05-13 18:00:00,18.15,1.0,128.24
2021-05-13 19:00:00,40.79,0.75,89.64
2021-05-13 20:00:00,30.08,0.85,26.84
2021-05-13 21:00:00,47.47,0.43,64.07
2021-05-13 22:00:00,29.46,0.39,46.5
2021-05-13 23:00:00,67.66,0.42,97.68
2021-05-14 00:00:00,42.72,0.62,161.95
2021-05-14 01:00:00,32.1,0.63,165.73
2021-05-14 02:00:00,23.64,0.69,169.14
2021-05-14 03:00:00,21.88,0.43,136.88
2021-05-14 04:00:00,15.98,0.45,86.92
2021-05-14 05:00:00,30.8,0.47,90.53
2021-05-14 06:00:00,34.15,0.99,139.69
2021-05-14 07:00:00,42.49,1.02,152.53
2021-05-14 08:00:00,66.03,0.94,117.22
2021-05-14 09:00:00,40.76,1.16,110.12
2021-05-14 10:00:00,47.32,1.26,95.39
2021-05-14 11:00:00,44.6,1.12,87.3
2021-05-14 12:00:00,38.58,1.17,52.8
2021-05-14 13:00:00,28.0,0.84,85.69
2021-05-14 14:00:00,25.65,1.02,62.86
2021-05-14 15:00:00,22.89,1.3,8.54
2021-05-14 16:00:00,21.51,0.76,185.42
2021-05-14 17:00:00,26.11,0.84,31.67
2021-05-14 18:00:00,43.86,0.8,46.95
2021-05-14 19:00:00,39.94,0.74,80.83
2021-05-14 20:00:00,77.26,1.04,184.47
2021-05-14 21:00:00,50.97,0.87,185.6
2021-05-14 22:00:00,35.52,0.99,194.8
2021-05-14 23:00:00,60.22,0.72,176.88
2021-05-15 00:00:00,39.53,0.53,192.96
2021-05-15 01:00:00,34.73,0.36,195.9
2021-05-15 02:00:00,27.01,0.26,188.21
2021-05-15 03:00:00,40.05,0.21,169.24
2021-05-15 04:00:00,26.01,0.18,171.88
2021-05-15 05:00:00,30.96,0.12,166.96
2021-05-15 06:00:00,23.16,1.78,264.34
2021-05-15 07:00:00,71.5,1.95,246.44
2021-05-15 08:00:00,157.01,1.3,178.59
2021-05-15 09:00:00,97.12,0.66,143.65
2021-05-15 10:00:00,72.07,0.97,65.98
2021-05-15 11:00:00,94.64,0.59,55.92
2021-05-15 12:00:00,58.15,0.88,65.3
2021-05-15 13:00:00,35.25,0.86,53.43
2021-05-15 14:00:00,43.98,1.05,114.32
2021-05-15 15:00:00,39.16,1.54,355.17
2021-05-15 16:00:00,69.31,2.64,268.98
2021-05-15 17:00:00,43.15,1.86,21.42
2021-05-15 18:00:00,30.26,0.8,32.01
2021-05-15 19:00:00,20.72,0.26,71.32
2021-05-15 20:00:00,74.12,0.26,138.89
2021-05-15 21:00:00,85.8,0.82,57.79
2021-05-15 22:00:00,73.21,0.68,39.85
2021-05-15 23:00:00,84.5,0.56,54.5
2021-05-16 00:00:00,51.25,0.82,33.98
2021-05-16 01:00:00,51.54,0.47,34.92
2021-05-16 02:00:00,62.34,0.33,20.26
2021-05-16 03:00:00,38.4,0.39,43.66
2021-05-16 04:00:00,53.63,0.2,68.17
2021-05-16 05:00:00,45.68,0.15,104.38
2021-05-16 06:00:00,38.13,0.26,188.94
2021-05-16 07:00:00,97.0,0.54,93.22
2021-05-16 08:00:00,59.13,0.7,43.45
2021-05-16 09:00:00,47.62,0.58,61.29
2021-05-16 10:00:00,57.56,0.54,123.56
2021-05-16 11:00:00,41.39,0.84,35.18
2021-05-16 12:00:00,32.56,0.65,63.94
2021-05-16 13:00:00,31.92,0.84,171.46
2021-05-16 14:00:00,24.02,1.05,105.98
2021-05-16 15:00:00,23.04,0.95,59.25
2021-05-16 16:00:00,22.88,0.79,103.29
2021-05-16 17:00:00,25.11,0.63,39.56
2021-05-16 18:00:00,19.08,0.54,60.92
2021-05-16 19:00:00,59.21,0.32,83.57
2021-05-16 20:00:00,96.19,0.19,73.4
2021-05-16 21:00:00,138.7,0.21,70.33
2021-05-16 22:00:00,185.09,0.27,192.44
2021-05-16 23:00:00,140.51,0.24,197.43
2021-05-17 00:00:00,92.34,0.22,138.59
2021-05-17 01:00:00,70.87,0.18,128.04
2021-05-17 02:00:00,111.17,0.21,123.94
2021-05-17 03:00:00,94.24,0.33,106.18
2021-05-17 04:00:00,74.71,0.4,104.58
2021-05-17 05:00:00,94.37,0.28,185.55
2021-05-17 06:00:00,89.72,0.5,178.88
2021-05-17 07:00:00,76.33,0.22,180.38
2021-05-17 08:00:00,95.94,0.21,153.59
2021-05-17 09:00:00,114.33,0.47,175.48
2021-05-17 10:00:00,119.36,0.76,220.72
2021-05-17 11:00:00,77.28,0.86,241.93
2021-05-17 12:00:00,84.68,0.44,251.36
2021-05-17 13:00:00,68.04,0.49,252.19
2021-05-17 14:00:00,61.38,0.22,201.8
2021-05-17 15:00:00,45.6,0.19,150.41
2021-05-17 16:00:00,77.74,0.44,171.74
2021-05-17 17:00:00,49.28,0.46,175.81
2021-05-17 18:00:00,75.43,0.45,174.7
2021-05-17 19:00:00,75.43,0.46,186.48
2021-05-17 20:00:00,77.32,1.04,192.14
2021-05-17 21:00:00,45.45,1.32,194.66
2021-05-17 22:00:00,31.29,1.13,190.13
2021-05-17 23:00:00,60.38,1.28,192.25
2021-05-18 00:00:00,41.73,1.12,197.46
2021-05-18 01:00:00,30.82,0.81,200.23
2021-05-18 02:00:00,28.85,0.6,192.5
2021-05-18 03:00:00,26.58,0.74,177.7
2021-05-18 04:00:00,19.11,1.13,167.72
2021-05-18 05:00:00,25.009999999999998,0.94,181.44
2021-05-18 06:00:00,30.91,1.09,178.67
2021-05-18 07:00:00,23.44,1.29,184.96
2021-05-18 08:00:00,25.35,1.08,195.74
2021-05-18 09:00:00,21.4,0.75,197.4
2021-05-18 10:00:00,21.84,0.99,192.01
2021-05-18 11:00:00,44.92,1.26,189.65
2021-05-18 12:00:00,32.6,1.74,188.45
2021-05-18 13:00:00,25.59,1.75,191.73
2021-05-18 14:00:00,31.57,1.6,192.01
2021-05-18 15:00:00,27.22,1.5,181.1
2021-05-18 16:00:00,19.29,0.9,158.3
2021-05-18 17:00:00,38.09,0.54,126.89
2021-05-18 18:00:00,35.5,0.42,60.23
2021-05-18 19:00:00,33.43,0.71,31.84
2021-05-18 20:00:00,49.38,0.9,91.23
2021-05-18 21:00:00,36.8,0.89,98.48
2021-05-18 22:00:00,24.74,0.69,83.8
2021-05-18 23:00:00,28.78,0.68,70.84
2021-05-19 00:00:00,22.6,0.79,167.6
2021-05-19 01:00:00,20.06,0.32,106.17
2021-05-19 02:00:00,22.15,0.58,120.43
2021-05-19 03:00:00,19.9,0.87,155.37
2021-05-19 04:00:00,20.56,0.74,100.82
2021-05-19 05:00:00,19.32,0.93,114.58
2021-05-19 06:00:00,16.56,0.96,148.72
2021-05-19 07:00:00,18.94,0.58,110.22
2021-05-19 08:00:00,20.3,0.9,99.54
2021-05-19 09:00:00,18.86,1.02,95.91
2021-05-19 10:00:00,19.74,1.0,85.1
2021-05-19 11:00:00,44.41,1.23,72.08
2021-05-19 12:00:00,36.59,1.24,50.59
2021-05-19 13:00:00,44.78,1.42,43.12
2021-05-19 14:00:00,29.56,1.66,18.49
2021-05-19 15:00:00,26.03,1.68,18.5
2021-05-19 16:00:00,22.26,2.21,25.07
2021-05-19 17:00:00,18.84,1.98,22.07
2021-05-19 18:00:00,16.21,1.8,9.89
2021-05-19 19:00:00,15.89,1.54,10.23
2021-05-19 20:00:00,25.54,1.48,8.31
2021-05-19 21:00:00,20.59,1.72,95.03
2021-05-19 22:00:00,21.86,2.34,96.55
2021-05-19 23:00:00,20.98,1.92,8.64
2021-05-20 00:00:00,21.77,1.59,92.71
2021-05-20 01:00:00,20.09,1.57,4.8
2021-05-20 02:00:00,19.9575,1.89,14.7
2021-05-20 03:00:00,19.825,1.86,12.23
2021-05-20 04:00:00,19.6925,2.0,20.51
2021-05-20 05:00:00,19.56,1.78,181.11
2021-05-20 06:00:00,10.74,1.22,350.09
2021-05-20 07:00:00,9.14,1.29,355.35
2021-05-20 08:00:00,6.24,0.95,350.67
2021-05-20 09:00:00,10.22,0.94,263.97
2021-05-20 10:00:00,8.41,1.3,352.64
2021-05-20 11:00:00,7.29,1.01,348.56
2021-05-20 12:00:00,7.503333333333333,0.92,347.55
2021-05-20 13:00:00,7.716666666666667,0.81,335.44
2021-05-20 14:00:00,7.93,0.65,314.27
2021-05-20 15:00:00,5.49,0.87,289.05
2021-05-20 16:00:00,26.1,0.88,276.11
2021-05-20 17:00:00,17.65,0.81,256.48
2021-05-20 18:00:00,11.12,0.35,174.6
2021-05-20 19:00:00,45.89,0.32,114.67
2021-05-20 20:00:00,26.37,0.54,111.49
2021-05-20 21:00:00,32.05,0.61,107.07
2021-05-20 22:00:00,43.59,0.5,116.48
2021-05-20 23:00:00,23.73,0.68,142.02
2021-05-21 00:00:00,36.54,0.91,117.29
2021-05-21 01:00:00,22.41,0.82,123.22
2021-05-21 02:00:00,40.54,0.66,143.24
2021-05-21 03:00:00,29.28,0.6,130.5
2021-05-21 04:00:00,27.4,0.83,133.68
2021-05-21 05:00:00,15.21,1.1,237.66
2021-05-21 06:00:00,22.94,2.23,269.59
2021-05-21 07:00:00,14.97,1.46,256.36
2021-05-21 08:00:00,10.26,1.46,118.16
2021-05-21 09:00:00,6.24,2.0,163.38
2021-05-21 10:00:00,8.06,1.25,126.18
2021-05-21 11:00:00,15.25,1.01,144.1
2021-05-21 12:00:00,13.51,0.57,166.6
2021-05-21 13:00:00,15.38,0.5,112.98
2021-05-21 14:00:00,15.64,0.67,85.49
2021-05-21 15:00:00,14.25,1.07,104.15
2021-05-21 16:00:00,30.29,1.06,98.43
2021-05-21 17:00:00,20.47,1.14,98.28
2021-05-21 18:00:00,15.82,0.96,119.72
2021-05-21 19:00:00,27.46,0.7,120.16
2021-05-21 20:00:00,31.5,0.8,118.44
2021-05-21 21:00:00,49.34,0.59,127.17
2021-05-21 22:00:00,28.51,0.68,124.67
2021-05-21 23:00:00,36.7,0.97,142.69
2021-05-22 00:00:00,21.97,0.75,147.77
2021-05-22 01:00:00,19.12,1.77,292.27
2021-05-22 02:00:00,15.09,1.0,305.13
2021-05-22 03:00:00,15.85,1.0,148.07
2021-05-22 04:00:00,12.23,1.58,109.44
2021-05-22 05:00:00,11.98,1.52,131.87
2021-05-22 06:00:00,13.96,1.02,196.14
2021-05-22 07:00:00,10.16,0.6,97.33
2021-05-22 08:00:00,9.12,1.06,31.08
2021-05-22 09:00:00,13.24,1.24,35.29
2021-05-22 10:00:00,14.38,1.14,111.76
2021-05-22 11:00:00,18.7,0.94,101.97
2021-05-22 12:00:00,13.8,0.4,116.99
2021-05-22 13:00:00,11.6,0.68,126.67
2021-05-22 14:00:00,35.39,0.71,216.44
2021-05-22 15:00:00,22.47,0.36,227.3
2021-05-22 16:00:00,15.08,0.53,260.46
2021-05-22 17:00:00,13.26,0.65,290.19
2021-05-22 18:00:00,10.91,0.88,257.98
2021-05-22 19:00:00,9.66,0.33,205.87
2021-05-22 20:00:00,40.63,0.28,170.98
2021-05-22 21:00:00,29.56,0.23,162.56
2021-05-22 22:00:00,61.57,0.22,205.43
2021-05-22 23:00:00,39.57,0.26,154.04
2021-05-23 00:00:00,35.64,0.24,126.6
2021-05-23 01:00:00,31.74,0.21,200.54
2021-05-23 02:00:00,58.79,0.52,230.14
2021-05-23 03:00:00,38.7,1.21,264.34
2021-05-23 04:00:00,126.71,0.83,278.47
2021-05-23 05:00:00,323.4,1.26,265.02
2021-05-23 06:00:00,625.12,1.04,259.73
2021-05-23 07:00:00,714.85,1.54,265.03
2021-05-23 08:00:00,781.34,2.46,265.88
2021-05-23 09:00:00,701.08,2.58,263.71
2021-05-23 10:00:00,498.36,1.45,259.6
2021-05-23 11:00:00,376.9,0.62,206.84
2021-05-23 12:00:00,323.26,0.99,271.77
2021-05-23 13:00:00,291.01,0.88,290.82
2021-05-23 14:00:00,293.95,0.73,317.04
2021-05-23 15:00:00,249.21,0.65,302.41
2021-05-23 16:00:00,181.58,0.65,300.86
2021-05-23 17:00:00,146.2,0.68,301.5
2021-05-23 18:00:00,114.34,0.68,310.34
2021-05-23 19:00:00,87.24,0.36,307.37
2021-05-23 20:00:00,60.26,0.5,294.98
2021-05-23 21:00:00,34.76,0.29,291.18
2021-05-23 22:00:00,23.22,0.46,272.0
2021-05-23 23:00:00,34.75,0.5,290.22
2021-05-24 00:00:00,31.58,0.7,269.19
2021-05-24 01:00:00,20.01,0.51,252.08
2021-05-24 02:00:00,26.16,0.7,258.95
2021-05-24 03:00:00,22.65,0.78,259.71
2021-05-24 04:00:00,33.2,1.07,264.81
2021-05-24 05:00:00,51.37,0.67,248.42
2021-05-24 06:00:00,29.66,0.6,264.98
2021-05-24 07:00:00,48.53,0.79,274.21
2021-05-24 08:00:00,42.14,0.52,285.92
2021-05-24 09:00:00,47.86,0.9,284.69
2021-05-24 10:00:00,30.05,0.84,296.11
2021-05-24 11:00:00,39.44,0.91,316.1
2021-05-24 12:00:00,60.42,0.95,319.88
2021-05-24 13:00:00,37.42,1.19,289.08
2021-05-24 14:00:00,22.04,1.25,287.99
2021-05-24 15:00:00,32.55,1.23,286.97
2021-05-24 16:00:00,21.44,1.04,291.7
2021-05-24 17:00:00,33.25,1.03,278.45
2021-05-24 18:00:00,24.85,0.62,290.21
2021-05-24 19:00:00,38.91,0.14,227.61
2021-05-24 20:00:00,61.97,0.35,296.47
2021-05-24 21:00:00,63.37,0.66,323.8
2021-05-24 22:00:00,62.02,0.48,287.81
2021-05-24 23:00:00,56.76,0.25,155.92
2021-05-25 00:00:00,79.25,0.4,104.52
2021-05-25 01:00:00,46.43,0.6,173.86
2021-05-25 02:00:00,36.15,0.92,285.32
2021-05-25 03:00:00,45.49,0.79,274.24
2021-05-25 04:00:00,31.9,0.52,298.48
2021-05-25 05:00:00,42.27,0.76,281.55
2021-05-25 06:00:00,41.02,0.29,294.94
2021-05-25 07:00:00,36.72,0.49,283.9
2021-05-25 08:00:00,49.55,0.56,314.68
2021-05-25 09:00:00,30.18,0.87,333.68
2021-05-25 10:00:00,47.65,0.9,324.53
2021-05-25 11:00:00,31.6,1.14,242.06
2021-05-25 12:00:00,20.51,0.75,334.98
2021-05-25 13:00:00,19.32,0.9,340.33
2021-05-25 14:00:00,20.59,0.74,307.65
2021-05-25 15:00:00,21.57,0.84,312.26
2021-05-25 16:00:00,53.35,0.71,301.04
2021-05-25 17:00:00,30.66,0.52,310.39
2021-05-25 18:00:00,23.59,0.29,280.83
2021-05-25 19:00:00,19.17,0.22,148.57
2021-05-25 20:00:00,88.24,0.2,162.9
2021-05-25 21:00:00,62.71,0.31,234.93
2021-05-25 22:00:00,59.85,0.49,218.59
2021-05-25 23:00:00,72.53,0.5,40.48
2021-05-26 00:00:00,77.05,0.56,94.9
2021-05-26 01:00:00,43.96,0.26,158.94
2021-05-26 02:00:00,56.42,0.21,171.68
2021-05-26 03:00:00,65.36,0.22,173.9
2021-05-26 04:00:00,64.74,0.46,188.14
2021-05-26 05:00:00,38.14,0.22,185.67
2021-05-26 06:00:00,40.75,0.3,211.86
2021-05-26 07:00:00,77.65,0.5,256.7
2021-05-26 08:00:00,76.825,0.24,265.84
2021-05-26 09:00:00,76.0,0.29,285.08
2021-05-26 10:00:00,57.17,0.55,318.65
2021-05-26 11:00:00,42.87,0.94,264.48
2021-05-26 12:00:00,36.75,0.9,161.38
2021-05-26 13:00:00,49.83,0.59,87.92
2021-05-26 14:00:00,33.64,0.75,328.6
2021-05-26 15:00:00,27.36,0.86,317.57
2021-05-26 16:00:00,41.88,0.63,304.96
2021-05-26 17:00:00,41.82,0.61,291.12
2021-05-26 18:00:00,41.04,0.17,312.3
2021-05-26 19:00:00,33.43,0.2,144.58
2021-05-26 20:00:00,77.18,0.23,149.77
2021-05-26 21:00:00,83.07,0.23,155.53
2021-05-26 22:00:00,89.99,0.22,177.31
2021-05-26 23:00:00,75.42,0.23,184.6
2021-05-27 00:00:00,57.36,0.21,179.72
2021-05-27 01:00:00,34.86,0.3,180.89
2021-05-27 02:00:00,61.49,0.63,230.24
2021-05-27 03:00:00,63.63,1.27,251.73
2021-05-27 04:00:00,44.56,1.32,258.75
2021-05-27 05:00:00,25.71,1.25,255.95
2021-05-27 06:00:00,37.41,1.21,260.2
2021-05-27 07:00:00,41.57,1.39,267.82
2021-05-27 08:00:00,44.28,0.68,293.89
2021-05-27 09:00:00,29.65,0.77,277.62
2021-05-27 10:00:00,26.7,0.84,300.32
2021-05-27 11:00:00,42.9,0.62,311.5
2021-05-27 12:00:00,28.7,0.88,161.6
2021-05-27 13:00:00,21.12,0.73,308.48
2021-05-27 14:00:00,15.55,0.66,326.29
2021-05-27 15:00:00,14.43,0.55,348.31
2021-05-27 16:00:00,21.66,0.5,260.44
2021-05-27 17:00:00,43.48,0.36,73.66
2021-05-27 18:00:00,48.46,0.36,126.92
2021-05-27 19:00:00,101.28,0.34,142.49
2021-05-27 20:00:00,110.81,0.75,142.06
2021-05-27 21:00:00,86.37,0.76,138.77
2021-05-27 22:00:00,64.96,0.78,151.92
2021-05-27 23:00:00,61.4,1.3,144.5
2021-05-28 00:00:00,70.94,1.81,149.64
2021-05-28 01:00:00,67.36,1.6,143.04
2021-05-28 02:00:00,49.81,2.04,149.34
2021-05-28 03:00:00,35.06,1.75,151.02
2021-05-28 04:00:00,41.04,1.87,145.92
2021-05-28 05:00:00,29.18,2.07,139.01
2021-05-28 06:00:00,23.69,2.08,148.03
2021-05-28 07:00:00,47.44,2.09,152.08
2021-05-28 08:00:00,29.51,1.93,135.08
2021-05-28 09:00:00,21.76,2.11,136.58
2021-05-28 10:00:00,17.63,2.0,140.62
2021-05-28 11:00:00,23.32,1.74,157.91
2021-05-28 12:00:00,20.42,1.51,157.06
2021-05-28 13:00:00,16.37,1.09,193.58
2021-05-28 14:00:00,41.28,0.75,191.63
2021-05-28 15:00:00,27.81,0.76,191.09
2021-05-28 16:00:00,18.05,0.94,167.92
2021-05-28 17:00:00,16.39,0.78,159.33
2021-05-28 18:00:00,14.0,0.91,123.28
2021-05-28 19:00:00,35.3,0.92,127.64
2021-05-28 20:00:00,59.7,1.16,122.7
2021-05-28 21:00:00,50.85,1.14,134.3
2021-05-28 22:00:00,45.76,1.12,166.52
2021-05-28 23:00:00,30.7,1.62,146.64
2021-05-29 00:00:00,35.62,1.9,164.7
2021-05-29 01:00:00,25.04,1.65,168.8
2021-05-29 02:00:00,16.24,1.74,158.85
2021-05-29 03:00:00,13.34,1.69,174.87
2021-05-29 04:00:00,15.65,2.26,171.72
2021-05-29 05:00:00,11.66,2.28,174.47
2021-05-29 06:00:00,9.66,1.84,169.57
2021-05-29 07:00:00,8.75,2.37,176.22
2021-05-29 08:00:00,25.94,2.15,175.45
2021-05-29 09:00:00,26.44,2.2,173.5
2021-05-29 10:00:00,31.17,2.12,167.31
2021-05-29 11:00:00,21.2,1.73,166.67
2021-05-29 12:00:00,15.02,1.64,165.25
2021-05-29 13:00:00,10.02,1.68,160.32
2021-05-29 14:00:00,13.56,1.54,152.54
2021-05-29 15:00:00,10.15,1.59,144.72
2021-05-29 16:00:00,20.7,1.78,129.43
2021-05-29 17:00:00,16.77,1.69,129.38
2021-05-29 18:00:00,26.27,1.52,135.71
2021-05-29 19:00:00,30.98,1.31,133.56
2021-05-29 20:00:00,44.64,1.34,140.93
2021-05-29 21:00:00,35.46,1.92,148.0
2021-05-29 22:00:00,21.8,2.36,134.61
2021-05-29 23:00:00,35.99,1.88,140.36
2021-05-30 00:00:00,21.89,1.88,142.83
2021-05-30 01:00:00,17.26,1.27,98.26
2021-05-30 02:00:00,14.98,1.62,51.29
2021-05-30 03:00:00,34.3,1.71,68.18
2021-05-30 04:00:00,34.92,1.98,106.98
2021-05-30 05:00:00,44.78,1.26,129.71
2021-05-30 06:00:00,42.32,1.46,134.72
2021-05-30 07:00:00,36.93,1.77,157.48
2021-05-30 08:00:00,23.6,1.94,144.01
2021-05-30 09:00:00,26.7,1.63,152.6
2021-05-30 10:00:00,16.48,1.66,164.28
2021-05-30 11:00:00,25.53,1.55,175.02
2021-05-30 12:00:00,20.19,1.33,161.98
2021-05-30 13:00:00,16.2,1.06,186.12
2021-05-30 14:00:00,45.58,0.68,175.88
2021-05-30 15:00:00,27.77,0.92,125.41
2021-05-30 16:00:00,19.25,0.98,140.95
2021-05-30 17:00:00,36.99,2.9,233.55
2021-05-30 18:00:00,47.04,1.55,225.08
2021-05-30 19:00:00,34.96,0.51,201.12
2021-05-30 20:00:00,53.58,0.41,261.82
2021-05-30 21:00:00,53.83,0.32,159.9
2021-05-30 22:00:00,30.27,0.54,134.69
2021-05-30 23:00:00,21.71,0.41,85.62
2021-05-31 00:00:00,19.25,0.32,96.68
2021-05-31 01:00:00,18.1,0.45,192.93
2021-05-31 02:00:00,33.34,0.29,133.79
2021-05-31 03:00:00,38.35,0.42,146.22
2021-05-31 04:00:00,52.57,0.66,129.66
2021-05-31 05:00:00,40.46,0.41,148.5
2021-05-31 06:00:00,40.67,0.51,161.11
2021-05-31 07:00:00,49.19,0.63,191.82
2021-05-31 08:00:00,32.67,0.65,194.06
2021-05-31 09:00:00,21.62,0.91,180.76
2021-05-31 10:00:00,36.29,0.65,197.93
2021-05-31 11:00:00,24.06,0.92,249.23
2021-05-31 12:00:00,16.16,0.82,203.42
2021-05-31 13:00:00,16.24,0.84,228.21
2021-05-31 14:00:00,21.04,0.8,192.16
2021-05-31 15:00:00,13.72,0.89,204.89
2021-05-31 16:00:00,29.46,1.08,190.57
2021-05-31 17:00:00,37.21,0.89,184.27
2021-05-31 18:00:00,27.22,0.5,165.3
2021-05-31 19:00:00,71.77,0.62,133.65
2021-05-31 20:00:00,86.66,0.66,133.51
2021-05-31 21:00:00,77.97,0.64,121.76
2021-05-31 22:00:00,70.04,0.76,122.49
2021-05-31 23:00:00,66.01,0.94,127.15
2021-06-01 00:00:00,86.16,3.26,178.66
2021-06-01 01:00:00,132.31,4.64,176.91
2021-06-01 02:00:00,105.7025,2.31,101.72
2021-06-01 03:00:00,79.095,1.38,44.44
2021-06-01 04:00:00,52.4875,1.79,144.45
2021-06-01 05:00:00,25.88,1.2,39.1
2021-06-01 06:00:00,20.955,1.2,73.72
2021-06-01 07:00:00,16.03,1.21,58.21
2021-06-01 08:00:00,16.46,1.72,114.99
2021-06-01 09:00:00,16.75,1.18,150.5
2021-06-01 10:00:00,17.19,1.19,218.92
2021-06-01 11:00:00,18.12,1.36,274.47
2021-06-01 12:00:00,23.8,2.12,269.7
2021-06-01 13:00:00,19.99,0.8,166.99
2021-06-01 14:00:00,24.42,0.96,40.38
2021-06-01 15:00:00,29.95,0.88,77.38
2021-06-01 16:00:00,21.35,0.88,71.13
2021-06-01 17:00:00,18.99,0.56,38.28
2021-06-01 18:00:00,24.8,0.51,34.58
2021-06-01 19:00:00,18.68,0.28,52.07
2021-06-01 20:00:00,60.72,0.4,77.24
2021-06-01 21:00:00,36.99,0.27,77.38
2021-06-01 22:00:00,67.09,0.2,133.5
2021-06-01 23:00:00,37.94,0.24,206.88
2021-06-02 00:00:00,27.84,0.23,199.54
2021-06-02 01:00:00,25.71,0.22,184.73
2021-06-02 02:00:00,67.58,0.27,197.1
2021-06-02 03:00:00,69.91,0.27,97.34
2021-06-02 04:00:00,43.32,0.6,35.32
2021-06-02 05:00:00,52.71,0.6,52.48
2021-06-02 06:00:00,69.72,0.7,76.66
2021-06-02 07:00:00,54.26,0.7,69.34
2021-06-02 08:00:00,42.45,0.98,105.84
2021-06-02 09:00:00,41.86,1.41,170.13
2021-06-02 10:00:00,26.98,1.21,204.49
2021-06-02 11:00:00,41.24,1.3,216.32
2021-06-02 12:00:00,29.9,1.12,240.5
2021-06-02 13:00:00,42.34,1.03,231.32
2021-06-02 14:00:00,25.18,1.28,259.32
2021-06-02 15:00:00,22.1,1.48,250.66
2021-06-02 16:00:00,20.45,2.09,264.97
2021-06-02 17:00:00,18.83,1.28,260.37
2021-06-02 18:00:00,14.36,1.0,276.76
2021-06-02 19:00:00,30.58,0.69,313.28
2021-06-02 20:00:00,21.15,0.51,306.55
2021-06-02 21:00:00,35.26,0.98,177.47
2021-06-02 22:00:00,32.84,1.02,12.96
2021-06-02 23:00:00,29.44,0.99,56.62
2021-06-03 00:00:00,21.63,0.31,197.3
2021-06-03 01:00:00,15.3,0.14,197.27
2021-06-03 02:00:00,15.45,0.9,249.67
2021-06-03 03:00:00,42.95,0.43,113.12
2021-06-03 04:00:00,26.8,0.34,146.14
2021-06-03 05:00:00,37.24,0.14,167.93
2021-06-03 06:00:00,45.32,0.19,171.03
2021-06-03 07:00:00,40.42,0.34,191.01
2021-06-03 08:00:00,64.6,0.46,268.25
2021-06-03 09:00:00,68.57,0.4,200.42
2021-06-03 10:00:00,72.97,0.78,224.34
2021-06-03 11:00:00,44.1,0.75,153.05
2021-06-03 12:00:00,47.73,0.71,156.99
2021-06-03 13:00:00,27.42,0.51,181.46
2021-06-03 14:00:00,43.76,0.43,69.79
2021-06-03 15:00:00,49.47,0.91,63.45
2021-06-03 16:00:00,65.56,1.11,27.21
2021-06-03 17:00:00,53.37,1.02,32.97
2021-06-03 18:00:00,35.35,1.03,27.18
2021-06-03 19:00:00,64.07,0.68,43.68
2021-06-03 20:00:00,79.56,0.49,77.77
2021-06-03 21:00:00,98.76,0.4,94.18
2021-06-03 22:00:00,78.57,0.39,96.31
2021-06-03 23:00:00,68.74,0.63,101.01
2021-06-04 00:00:00,51.5,0.42,87.71
2021-06-04 01:00:00,53.92,0.25,58.4
2021-06-04 02:00:00,57.24,0.36,60.26
2021-06-04 03:00:00,45.05,0.25,40.11
2021-06-04 04:00:00,73.91,0.43,39.7
2021-06-04 05:00:00,72.02,0.34,41.26
2021-06-04 06:00:00,40.6,0.41,54.41
2021-06-04 07:00:00,93.69,0.47,50.88
2021-06-04 08:00:00,74.12,0.87,114.22
2021-06-04 09:00:00,82.02,0.77,139.41
2021-06-04 10:00:00,58.213333333333324,0.77,90.6
2021-06-04 11:00:00,34.40666666666666,0.67,105.36
2021-06-04 12:00:00,10.6,0.74,144.14
2021-06-04 13:00:00,18.55,0.45,83.52
2021-06-04 14:00:00,34.42,1.04,53.57
2021-06-04 15:00:00,26.24,0.83,62.5
2021-06-04 16:00:00,31.34,0.69,142.84
2021-06-04 17:00:00,48.7,2.02,220.3
2021-06-04 18:00:00,41.71,1.6,158.82
2021-06-04 19:00:00,39.28,1.01,79.33
2021-06-04 20:00:00,23.67,1.42,32.3
2021-06-04 21:00:00,30.07,1.38,105.32
2021-06-04 22:00:00,53.2,0.72,75.56
2021-06-04 23:00:00,36.97,0.3,69.98
2021-06-05 00:00:00,26.24,0.32,131.59
2021-06-05 01:00:00,17.12,0.53,143.04
2021-06-05 02:00:00,17.22,0.72,156.95
2021-06-05 03:00:00,18.22,0.71,195.26
2021-06-05 04:00:00,17.57,0.22,176.01
2021-06-05 05:00:00,23.0,0.42,119.48
2021-06-05 06:00:00,34.38,0.68,20.98
2021-06-05 07:00:00,75.78,1.33,31.94
2021-06-05 08:00:00,43.62,1.28,31.6
2021-06-05 09:00:00,29.58,1.08,82.15
2021-06-05 10:00:00,29.07,1.39,82.45
2021-06-05 11:00:00,20.19,1.4,105.72
2021-06-05 12:00:00,19.56,1.4,122.56
2021-06-05 13:00:00,21.86,1.2,117.42
2021-06-05 14:00:00,33.78,0.79,123.08
2021-06-05 15:00:00,23.35,0.84,151.94
2021-06-05 16:00:00,31.72,0.63,164.93
2021-06-05 17:00:00,76.46,2.0,218.87
2021-06-05 18:00:00,85.6,0.76,173.3
2021-06-05 19:00:00,48.42,1.04,177.8
2021-06-05 20:00:00,35.5,0.64,191.4
2021-06-05 21:00:00,43.25,0.84,219.76
2021-06-05 22:00:00,27.04,0.52,209.6
2021-06-05 23:00:00,36.2,0.18,128.31
2021-06-06 00:00:00,37.2,0.18,121.07
2021-06-06 01:00:00,26.81,0.18,149.25
2021-06-06 02:00:00,25.68,0.19,164.27
2021-06-06 03:00:00,22.65,0.53,256.14
2021-06-06 04:00:00,25.53,0.86,255.25
2021-06-06 05:00:00,26.18,0.46,228.48
2021-06-06 06:00:00,18.8,0.27,203.04
2021-06-06 07:00:00,25.14,0.36,228.42
2021-06-06 08:00:00,32.54,0.65,265.32
2021-06-06 09:00:00,33.64,0.49,301.25
2021-06-06 10:00:00,52.64,0.73,265.58
2021-06-06 11:00:00,50.13,1.04,249.72
2021-06-06 12:00:00,59.95,0.88,260.21
2021-06-06 13:00:00,45.58,0.96,258.38
2021-06-06 14:00:00,79.42,0.98,222.97
2021-06-06 15:00:00,45.28,0.48,258.04
2021-06-06 16:00:00,68.05,0.56,259.54
2021-06-06 17:00:00,54.72,0.62,186.7
2021-06-06 18:00:00,70.18,0.29,158.46
2021-06-06 19:00:00,64.4,0.15,158.14
2021-06-06 20:00:00,60.21,0.22,110.31
2021-06-06 21:00:00,43.69,0.22,130.03
2021-06-06 22:00:00,81.4,0.17,96.38
2021-06-06 23:00:00,76.14,0.48,161.09
2021-06-07 00:00:00,56.02,0.91,184.74
2021-06-07 01:00:00,45.8,0.52,171.58
2021-06-07 02:00:00,53.51,0.22,177.87
2021-06-07 03:00:00,34.63,0.21,189.81
2021-06-07 04:00:00,39.86,0.22,202.66
2021-06-07 05:00:00,45.06,0.7,236.08
2021-06-07 06:00:00,38.44,1.05,251.59
2021-06-07 07:00:00,39.07,1.08,252.12
2021-06-07 08:00:00,56.1,1.46,260.18
2021-06-07 09:00:00,47.46,1.33,265.61
2021-06-07 10:00:00,68.03,0.85,274.96
2021-06-07 11:00:00,52.47,0.74,297.77
2021-06-07 12:00:00,67.56,0.78,271.17
2021-06-07 13:00:00,66.99,1.11,274.69
2021-06-07 14:00:00,51.75,0.57,294.23
2021-06-07 15:00:00,76.73,1.09,286.63
2021-06-07 16:00:00,43.53,0.54,328.45
2021-06-07 17:00:00,26.27,0.54,264.6
2021-06-07 18:00:00,17.86,0.26,60.26
2021-06-07 19:00:00,90.38,0.53,49.71
2021-06-07 20:00:00,110.93,0.56,78.58
2021-06-07 21:00:00,92.74,0.44,97.37
2021-06-07 22:00:00,102.81,0.28,174.61
2021-06-07 23:00:00,101.35,0.26,187.44
2021-06-08 00:00:00,63.6,0.24,171.94
2021-06-08 01:00:00,72.34,0.18,164.5
2021-06-08 02:00:00,62.44,0.18,182.63
2021-06-08 03:00:00,55.46,0.66,225.7
2021-06-08 04:00:00,50.44,1.5,256.79
2021-06-08 05:00:00,99.63,1.47,260.52
2021-06-08 06:00:00,54.86,2.18,262.19
2021-06-08 07:00:00,90.23,2.49,267.06
2021-06-08 08:00:00,64.99,2.49,263.68
2021-06-08 09:00:00,52.56,1.92,272.85
2021-06-08 10:00:00,47.94,1.95,277.39
2021-06-08 11:00:00,73.28,1.86,276.15
2021-06-08 12:00:00,51.6,1.1,307.35
2021-06-08 13:00:00,96.22,1.23,279.23
2021-06-08 14:00:00,73.52,1.26,287.95
2021-06-08 15:00:00,52.77,0.96,294.76
2021-06-08 16:00:00,86.2,0.85,292.0
2021-06-08 17:00:00,131.06,0.44,302.63
2021-06-08 18:00:00,153.5,0.17,283.77
2021-06-08 19:00:00,218.84,0.34,250.0
2021-06-08 20:00:00,240.33,0.3,235.44
2021-06-08 21:00:00,235.7,0.33,244.68
2021-06-08 22:00:00,270.68,0.58,245.7
2021-06-08 23:00:00,251.14,0.53,227.33
2021-06-09 00:00:00,217.74,1.23,244.8
2021-06-09 01:00:00,156.15,1.44,246.12
2021-06-09 02:00:00,159.7,1.48,244.92
2021-06-09 03:00:00,121.58,1.84,255.16
2021-06-09 04:00:00,80.46,1.74,262.62
2021-06-09 05:00:00,63.04,1.93,257.4
2021-06-09 06:00:00,69.82,2.21,256.14
2021-06-09 07:00:00,53.64,2.58,262.15
2021-06-09 08:00:00,66.63,2.48,265.07
2021-06-09 09:00:00,41.17,2.57,267.97
2021-06-09 10:00:00,66.0,2.03,267.18
2021-06-09 11:00:00,80.91,1.21,278.66
2021-06-09 12:00:00,61.54,1.0,304.31
2021-06-09 13:00:00,81.4,0.8,293.88
2021-06-09 14:00:00,88.89,0.92,283.62
2021-06-09 15:00:00,54.78,0.86,298.42
2021-06-09 16:00:00,71.62,0.64,151.34
2021-06-09 17:00:00,84.06,0.56,272.08
2021-06-09 18:00:00,85.22,0.22,211.06
2021-06-09 19:00:00,179.22,0.22,163.91
2021-06-09 20:00:00,176.46,0.21,165.38
2021-06-09 21:00:00,165.1,0.4,124.61
2021-06-09 22:00:00,147.67,1.38,157.58
2021-06-09 23:00:00,116.2,1.4,168.89
2021-06-10 00:00:00,104.43,1.01,174.83
2021-06-10 01:00:00,73.96,1.25,142.46
2021-06-10 02:00:00,110.67,1.54,143.1
2021-06-10 03:00:00,66.77,1.38,159.56
2021-06-10 04:00:00,76.38,1.05,155.75
2021-06-10 05:00:00,52.08,0.8,129.85
2021-06-10 06:00:00,56.42,0.78,134.82
2021-06-10 07:00:00,55.58,0.9,123.87
2021-06-10 08:00:00,55.95,1.38,155.28
2021-06-10 09:00:00,64.22,1.17,124.24
2021-06-10 10:00:00,42.32,1.4,136.44
2021-06-10 11:00:00,47.74,1.29,133.87
2021-06-10 12:00:00,60.66,1.23,153.46
2021-06-10 13:00:00,48.06,1.63,136.22
2021-06-10 14:00:00,60.62,1.63,129.68
2021-06-10 15:00:00,73.16,1.74,140.05
2021-06-10 16:00:00,82.2,1.74,134.98
2021-06-10 17:00:00,75.03,1.46,135.8
2021-06-10 18:00:00,67.98,1.7,129.16
2021-06-10 19:00:00,54.83,1.98,118.21
2021-06-10 20:00:00,35.92,1.82,126.23
2021-06-10 21:00:00,24.34,1.96,128.83
2021-06-10 22:00:00,31.18,1.89,193.82
2021-06-10 23:00:00,96.21,2.14,41.58
2021-06-11 00:00:00,73.31666666666666,1.15,168.38
2021-06-11 01:00:00,50.42333333333333,1.73,162.96
2021-06-11 02:00:00,27.53,1.46,111.54
2021-06-11 03:00:00,21.12,1.5,153.3
2021-06-11 04:00:00,19.36,1.19,174.8
2021-06-11 05:00:00,19.29,1.14,173.81
2021-06-11 06:00:00,18.55,1.04,164.33
2021-06-11 07:00:00,18.55,1.16,161.71
2021-06-11 08:00:00,13.28,1.04,144.52
2021-06-11 09:00:00,15.57,1.3,172.11
2021-06-11 10:00:00,46.9,1.03,173.35
2021-06-11 11:00:00,33.34,0.97,142.57
2021-06-11 12:00:00,27.82,1.0,108.99
2021-06-11 13:00:00,39.03,0.71,77.37
2021-06-11 14:00:00,34.47,0.84,48.04
2021-06-11 15:00:00,61.84,1.2,55.6
2021-06-11 16:00:00,70.62,1.34,58.27
2021-06-11 17:00:00,88.04,1.27,64.26
2021-06-11 18:00:00,89.98,0.95,76.26
2021-06-11 19:00:00,102.78,0.96,110.21
2021-06-11 20:00:00,79.65,1.2,122.14
2021-06-11 21:00:00,65.96,1.23,129.42
2021-06-11 22:00:00,60.42,1.28,132.1
2021-06-11 23:00:00,67.79,1.33,125.54
2021-06-12 00:00:00,45.44,1.25,142.76
2021-06-12 01:00:00,46.27,1.45,151.8
2021-06-12 02:00:00,33.12,1.5,144.92
2021-06-12 03:00:00,27.74,1.48,136.88
2021-06-12 04:00:00,23.18,1.45,131.0
2021-06-12 05:00:00,17.66,1.48,137.04
2021-06-12 06:00:00,16.5,1.44,157.68
2021-06-12 07:00:00,19.97,1.5,124.04
2021-06-12 08:00:00,39.17,1.84,133.45
2021-06-12 09:00:00,47.70333333333333,2.04,144.09
2021-06-12 10:00:00,56.236666666666665,1.84,117.92
2021-06-12 11:00:00,64.77,2.02,120.65
2021-06-12 12:00:00,37.07,2.37,137.11
2021-06-12 13:00:00,23.59,2.3,129.67
2021-06-12 14:00:00,16.31,2.59,131.01
2021-06-12 15:00:00,12.55,2.28,127.06
2021-06-12 16:00:00,8.31,1.84,120.49
2021-06-12 17:00:00,6.48,1.8,121.64
2021-06-12 18:00:00,7.8,1.48,136.98
2021-06-12 19:00:00,5.35,1.11,126.42
2021-06-12 20:00:00,20.275,1.6,209.23
2021-06-12 21:00:00,35.2,1.47,288.48
2021-06-12 22:00:00,50.97,0.83,172.54
2021-06-12 23:00:00,31.16,2.07,148.49
2021-06-13 00:00:00,17.51,0.82,84.16
2021-06-13 01:00:00,10.85,1.54,133.9
2021-06-13 02:00:00,38.74,0.99,124.13
2021-06-13 03:00:00,21.08,1.15,140.55
2021-06-13 04:00:00,14.39,1.38,136.88
2021-06-13 05:00:00,11.77,1.2,129.55
2021-06-13 06:00:00,7.42,1.21,135.99
2021-06-13 07:00:00,8.66,1.34,140.66
2021-06-13 08:00:00,5.43,1.06,141.12
2021-06-13 09:00:00,5.425,0.64,64.59
2021-06-13 10:00:00,5.42,1.23,22.81
2021-06-13 11:00:00,28.79,1.32,151.26
2021-06-13 12:00:00,17.16,1.52,265.95
2021-06-13 13:00:00,17.63,1.08,290.25
2021-06-13 14:00:00,13.24,0.74,189.68
2021-06-13 15:00:00,13.22,1.48,131.23
2021-06-13 16:00:00,33.68,0.36,212.03
2021-06-13 17:00:00,18.47,0.4,297.64
2021-06-13 18:00:00,15.18,0.32,306.95
2021-06-13 19:00:00,40.23,0.23,277.14
2021-06-13 20:00:00,55.26,0.24,217.78
2021-06-13 21:00:00,62.9,0.18,197.28
2021-06-13 22:00:00,53.08,0.2,135.88
2021-06-13 23:00:00,27.44,0.18,130.26
2021-06-14 00:00:00,34.39,0.45,62.64
2021-06-14 01:00:00,19.55,0.59,34.68
2021-06-14 02:00:00,11.13,0.91,114.66
2021-06-14 03:00:00,9.77,1.23,135.13
2021-06-14 04:00:00,26.81,1.04,142.95
2021-06-14 05:00:00,19.65,0.98,135.85
2021-06-14 06:00:00,30.09,0.88,134.45
2021-06-14 07:00:00,17.61,0.84,161.5
2021-06-14 08:00:00,19.52,0.78,186.39
2021-06-14 09:00:00,10.58,0.68,180.03
2021-06-14 10:00:00,8.89,0.67,186.32
2021-06-14 11:00:00,7.76,0.67,192.3
2021-06-14 12:00:00,7.66,0.74,187.93
2021-06-14 13:00:00,7.56,0.56,144.42
2021-06-14 14:00:00,6.71,0.72,281.62
2021-06-14 15:00:00,21.11,0.51,214.4
2021-06-14 16:00:00,37.32,0.64,180.84
2021-06-14 17:00:00,33.73,0.71,19.1
2021-06-14 18:00:00,18.69,0.58,26.58
2021-06-14 19:00:00,73.47,0.39,44.62
2021-06-14 20:00:00,72.9,1.08,91.78
2021-06-14 21:00:00,66.96,1.1,138.12
2021-06-14 22:00:00,50.25,1.12,142.34
2021-06-14 23:00:00,30.4,1.1,133.81
2021-06-15 00:00:00,22.05,1.22,160.24
2021-06-15 01:00:00,24.08,1.06,155.85
2021-06-15 02:00:00,15.24,1.01,162.28
2021-06-15 03:00:00,31.96,0.9,178.3
2021-06-15 04:00:00,17.1,0.98,186.51
2021-06-15 05:00:00,13.31,1.14,157.01
2021-06-15 06:00:00,6.67,1.16,140.03
2021-06-15 07:00:00,6.404999999999999,1.0,161.54
2021-06-15 08:00:00,6.14,1.22,168.76
2021-06-15 09:00:00,13.08,1.01,185.72
2021-06-15 10:00:00,9.81,0.75,209.57
2021-06-15 11:00:00,12.68,0.84,246.9
2021-06-15 12:00:00,24.7,0.5,300.12
2021-06-15 13:00:00,20.16,0.81,253.14
2021-06-15 14:00:00,58.79,0.44,204.5
2021-06-15 15:00:00,32.79,0.6,278.47
2021-06-15 16:00:00,74.3,1.08,305.47
2021-06-15 17:00:00,62.67,1.23,289.83
2021-06-15 18:00:00,85.05,0.94,164.17
2021-06-15 19:00:00,50.7,1.54,45.0
2021-06-15 20:00:00,63.94,1.59,127.11
2021-06-15 21:00:00,48.64,1.43,141.8
2021-06-15 22:00:00,45.3,1.64,135.66
2021-06-15 23:00:00,40.41,1.38,133.98
2021-06-16 00:00:00,36.29,1.14,251.1
2021-06-16 01:00:00,21.56,0.88,216.28
2021-06-16 02:00:00,13.84,0.7,206.27
2021-06-16 03:00:00,34.49,0.91,122.86
2021-06-16 04:00:00,26.76,1.3,102.65
2021-06-16 05:00:00,21.76,0.82,97.22
2021-06-16 06:00:00,17.6,0.8,80.56
2021-06-16 07:00:00,23.88,1.4,52.04
2021-06-16 08:00:00,17.12,1.57,109.85
2021-06-16 09:00:00,15.1,1.27,138.55
2021-06-16 10:00:00,27.3,0.97,139.7
2021-06-16 11:00:00,17.5,0.85,115.14
2021-06-16 12:00:00,16.2,0.94,237.76
2021-06-16 13:00:00,11.49,0.53,248.03
2021-06-16 14:00:00,36.51,0.51,160.75
2021-06-16 15:00:00,55.56,0.88,177.46
2021-06-16 16:00:00,30.98,1.56,21.62
2021-06-16 17:00:00,23.79,0.91,27.96
2021-06-16 18:00:00,41.3,0.38,48.44
2021-06-16 19:00:00,39.89,0.7,34.53
2021-06-16 20:00:00,53.71,0.84,31.81
2021-06-16 21:00:00,52.89,0.92,40.44
2021-06-16 22:00:00,58.24,0.86,67.64
2021-06-16 23:00:00,37.85,0.77,49.33
2021-06-17 00:00:00,43.86,0.61,39.62
2021-06-17 01:00:00,28.21,0.37,30.46
2021-06-17 02:00:00,33.67,0.52,96.29
2021-06-17 03:00:00,25.4,0.67,119.84
2021-06-17 04:00:00,32.37,0.58,132.3
2021-06-17 05:00:00,53.7,0.69,184.56
2021-06-17 06:00:00,30.14,0.31,171.9
2021-06-17 07:00:00,20.24,0.45,66.71
2021-06-17 08:00:00,39.52,0.74,21.28
2021-06-17 09:00:00,47.1,0.67,35.19
2021-06-17 10:00:00,55.86,1.08,143.14
2021-06-17 11:00:00,33.03,0.48,195.84
2021-06-17 12:00:00,102.19,1.26,250.11
2021-06-17 13:00:00,59.88,1.78,45.27
2021-06-17 14:00:00,33.57,1.36,58.85
2021-06-17 15:00:00,21.84,0.96,32.54
2021-06-17 16:00:00,16.27,1.04,26.05
2021-06-17 17:00:00,13.36,0.99,29.39
2021-06-17 18:00:00,9.18,1.16,68.21
2021-06-17 19:00:00,12.56,0.76,81.91
2021-06-17 20:00:00,28.53,1.02,89.64
2021-06-17 21:00:00,31.2,1.32,104.57
2021-06-17 22:00:00,28.77,1.24,119.72
2021-06-17 23:00:00,22.83,0.88,145.86
2021-06-18 00:00:00,17.76,1.0,129.25
2021-06-18 01:00:00,16.54,1.06,142.92
2021-06-18 02:00:00,25.2,1.33,138.06
2021-06-18 03:00:00,20.49,1.16,149.5
2021-06-18 04:00:00,16.31,0.85,148.64
2021-06-18 05:00:00,35.79,0.59,164.27
2021-06-18 06:00:00,25.83,0.76,135.26
2021-06-18 07:00:00,19.84,0.94,126.52
2021-06-18 08:00:00,16.13,1.55,132.99
2021-06-18 09:00:00,11.93,1.3,130.84
2021-06-18 10:00:00,9.44,1.24,115.97
2021-06-18 11:00:00,53.81,1.1,98.42
2021-06-18 12:00:00,30.19,1.05,91.73
2021-06-18 13:00:00,26.23,1.49,95.56
2021-06-18 14:00:00,20.31,1.52,89.84
2021-06-18 15:00:00,25.95,1.33,81.88
2021-06-18 16:00:00,17.6,1.79,73.13
2021-06-18 17:00:00,19.44,1.4,53.96
2021-06-18 18:00:00,13.81,1.35,63.17
2021-06-18 19:00:00,10.57,1.18,69.79
2021-06-18 20:00:00,28.32,1.11,82.3
2021-06-18 21:00:00,23.94,1.35,115.37
2021-06-18 22:00:00,18.88,1.34,125.63
2021-06-18 23:00:00,17.31,1.17,144.31
2021-06-19 00:00:00,17.58,0.96,127.62
2021-06-19 01:00:00,15.45,0.86,134.0
2021-06-19 02:00:00,15.33,0.59,142.44
2021-06-19 03:00:00,12.24,0.46,120.94
2021-06-19 04:00:00,13.72,0.49,161.88
2021-06-19 05:00:00,21.72,0.56,24.98
2021-06-19 06:00:00,25.6,0.42,32.7
2021-06-19 07:00:00,42.27,0.81,22.06
2021-06-19 08:00:00,24.21,1.03,20.02
2021-06-19 09:00:00,23.1,0.71,91.71
2021-06-19 10:00:00,84.3,1.28,18.96
2021-06-19 11:00:00,44.85,1.18,16.44
2021-06-19 12:00:00,24.92,1.55,14.21
2021-06-19 13:00:00,14.96,1.62,21.45
2021-06-19 14:00:00,16.26,1.97,20.23
2021-06-19 15:00:00,13.93,1.96,20.52
2021-06-19 16:00:00,15.15,2.04,17.77
2021-06-19 17:00:00,17.6,2.07,51.29
2021-06-19 18:00:00,38.12,1.57,42.33
2021-06-19 19:00:00,22.9,1.42,58.98
2021-06-19 20:00:00,17.82,1.32,70.09
2021-06-19 21:00:00,14.55,1.21,70.76
2021-06-19 22:00:00,15.7,1.34,91.34
2021-06-19 23:00:00,69.11,0.92,63.61
2021-06-20 00:00:00,37.9,0.92,80.65
2021-06-20 01:00:00,23.33,1.0,138.1
2021-06-20 02:00:00,16.34,0.85,108.34
2021-06-20 03:00:00,13.76,0.9,30.08
2021-06-20 04:00:00,20.29,0.99,20.72
2021-06-20 05:00:00,25.78,1.12,23.46
2021-06-20 06:00:00,36.45,1.2,21.58
2021-06-20 07:00:00,42.38,1.38,27.51
2021-06-20 08:00:00,30.1,1.65,32.92
2021-06-20 09:00:00,24.56,0.97,49.82
2021-06-20 10:00:00,17.83,0.82,68.68
2021-06-20 11:00:00,30.58,0.8,48.06
2021-06-20 12:00:00,23.46,0.75,277.25
2021-06-20 13:00:00,20.38,1.22,31.98
2021-06-20 14:00:00,17.87,1.14,34.64
2021-06-20 15:00:00,16.12,1.47,23.83
2021-06-20 16:00:00,11.1,1.67,28.47
2021-06-20 17:00:00,12.84,1.42,38.86
2021-06-20 18:00:00,12.49,1.29,64.47
2021-06-20 19:00:00,27.5,1.19,75.54
2021-06-20 20:00:00,18.22,0.75,84.24
2021-06-20 21:00:00,24.78,0.82,49.63
2021-06-20 22:00:00,22.57,1.1,45.52
2021-06-20 23:00:00,51.01,0.94,40.34
2021-06-21 00:00:00,29.54,0.7,108.16
2021-06-21 01:00:00,21.16,0.74,116.68
2021-06-21 02:00:00,18.49,0.63,31.83
2021-06-21 03:00:00,15.14,0.63,27.07
2021-06-21 04:00:00,13.73,1.08,28.37
2021-06-21 05:00:00,11.89,0.86,58.44
2021-06-21 06:00:00,12.14,0.44,75.0
2021-06-21 07:00:00,34.29,0.39,56.35
2021-06-21 08:00:00,26.65,0.48,178.97
2021-06-21 09:00:00,23.04,0.62,73.93
2021-06-21 10:00:00,58.18,0.9,196.27
2021-06-21 11:00:00,36.54,1.06,58.02
2021-06-21 12:00:00,23.31,0.8,145.34
2021-06-21 13:00:00,17.74,0.84,34.7
2021-06-21 14:00:00,14.36,0.7,61.28
2021-06-21 15:00:00,13.49,0.86,61.86
2021-06-21 16:00:00,14.73,0.72,72.72
2021-06-21 17:00:00,19.24,0.82,56.0
2021-06-21 18:00:00,18.03,0.72,45.54
2021-06-21 19:00:00,54.3,0.49,98.47
2021-06-21 20:00:00,65.34,0.61,138.88
2021-06-21 21:00:00,51.22,0.78,179.39
2021-06-21 22:00:00,66.06,0.78,177.09
2021-06-21 23:00:00,60.82,0.85,184.04
2021-06-22 00:00:00,80.76,0.71,192.46
2021-06-22 01:00:00,44.07,0.84,184.68
2021-06-22 02:00:00,31.32,0.62,183.82
2021-06-22 03:00:00,24.29,0.25,178.08
2021-06-22 04:00:00,18.13,0.19,213.72
2021-06-22 05:00:00,17.93,0.22,232.0
2021-06-22 06:00:00,33.34,0.27,218.21
2021-06-22 07:00:00,44.69,0.19,207.2
2021-06-22 08:00:00,56.27,0.38,328.46
2021-06-22 09:00:00,37.76,0.46,267.2
2021-06-22 10:00:00,61.1,0.56,309.61
2021-06-22 11:00:00,55.58,0.82,278.61
2021-06-22 12:00:00,56.02,0.59,317.33
2021-06-22 13:00:00,51.57,0.62,247.88
2021-06-22 14:00:00,28.54,0.71,320.37
2021-06-22 15:00:00,20.58,0.57,321.32
2021-06-22 16:00:00,15.85,0.6,310.55
2021-06-22 17:00:00,13.49,0.64,305.29
2021-06-22 18:00:00,13.45,0.32,309.48
2021-06-22 19:00:00,12.31,0.32,108.94
2021-06-22 20:00:00,11.75,0.29,72.07
2021-06-22 21:00:00,11.72,0.32,86.8
2021-06-22 22:00:00,11.39,0.24,138.4
2021-06-22 23:00:00,12.0,0.2,171.2
2021-06-23 00:00:00,12.54,0.27,187.05
2021-06-23 01:00:00,11.28,0.19,177.22
2021-06-23 02:00:00,12.07,0.21,175.53
2021-06-23 03:00:00,12.76,0.24,190.96
2021-06-23 04:00:00,11.4,0.25,181.64
2021-06-23 05:00:00,11.26,0.17,197.98
2021-06-23 06:00:00,11.23,0.05,167.6
2021-06-23 07:00:00,11.44,0.51,258.4
2021-06-23 08:00:00,11.32,0.39,285.64
2021-06-23 09:00:00,15.253333333333334,0.44,251.02
2021-06-23 10:00:00,19.186666666666667,0.35,252.08
2021-06-23 11:00:00,23.12,0.45,164.08
2021-06-23 12:00:00,53.18,0.56,109.46
2021-06-23 13:00:00,46.38,0.62,148.43
2021-06-23 14:00:00,56.19,0.7,226.41
2021-06-23 15:00:00,51.1,0.6,310.76
2021-06-23 16:00:00,57.74,0.47,151.07
2021-06-23 17:00:00,45.7,0.55,52.57
2021-06-23 18:00:00,73.76,0.7,93.2
2021-06-23 19:00:00,113.52,1.0,124.09
2021-06-23 20:00:00,97.16,0.68,119.72
2021-06-23 21:00:00,87.93,0.88,133.8
2021-06-23 22:00:00,106.78,1.77,135.4
2021-06-23 23:00:00,92.62,1.6,140.55
2021-06-24 00:00:00,49.21,1.78,149.59
2021-06-24 01:00:00,28.83,1.44,159.29
2021-06-24 02:00:00,18.39,1.53,161.56
2021-06-24 03:00:00,22.11,1.24,167.62
2021-06-24 04:00:00,13.56,1.3,149.53
2021-06-24 05:00:00,13.28,1.07,136.64
2021-06-24 06:00:00,11.28,1.17,119.76
2021-06-24 07:00:00,24.24,1.23,111.04
2021-06-24 08:00:00,58.18,1.29,91.09
2021-06-24 09:00:00,45.38,1.41,87.42
2021-06-24 10:00:00,29.4,1.14,144.08
2021-06-24 11:00:00,40.54,1.27,134.12
2021-06-24 12:00:00,27.37,0.69,182.58
2021-06-24 13:00:00,48.4,0.57,201.32
2021-06-24 14:00:00,26.81,0.32,182.33
2021-06-24 15:00:00,51.9,2.39,193.22
2021-06-24 16:00:00,149.2,2.62,22.43
2021-06-24 17:00:00,106.74,1.32,55.76
2021-06-24 18:00:00,83.93,1.19,72.39
2021-06-24 19:00:00,52.36,0.75,85.24
2021-06-24 20:00:00,30.39,0.64,187.58
2021-06-24 21:00:00,53.48,1.29,192.66
2021-06-24 22:00:00,76.47,1.17,193.43
2021-06-24 23:00:00,65.95,0.61,192.75
2021-06-25 00:00:00,50.22,0.64,202.88
2021-06-25 01:00:00,30.2,0.49,228.54
2021-06-25 02:00:00,27.98,0.32,136.88
2021-06-25 03:00:00,29.68,0.18,111.64
2021-06-25 04:00:00,23.3,0.54,95.47
2021-06-25 05:00:00,31.87,0.51,48.62
2021-06-25 06:00:00,87.88,0.35,66.3
2021-06-25 07:00:00,117.01,0.77,201.76
2021-06-25 08:00:00,121.88,0.86,244.52
2021-06-25 09:00:00,77.47,0.69,283.56
2021-06-25 10:00:00,44.13,0.63,179.2
2021-06-25 11:00:00,35.58,0.73,314.62
2021-06-25 12:00:00,58.09,1.02,76.28
2021-06-25 13:00:00,63.08,0.66,166.75
2021-06-25 14:00:00,35.57,1.08,298.82
2021-06-25 15:00:00,39.47,0.6,170.36
2021-06-25 16:00:00,54.28,0.72,111.45
2021-06-25 17:00:00,68.38,0.47,127.98
2021-06-25 18:00:00,81.9,2.4,287.46
2021-06-25 19:00:00,89.5,1.61,294.12
2021-06-25 20:00:00,51.47,1.05,168.21
2021-06-25 21:00:00,63.34,1.48,190.22
2021-06-25 22:00:00,35.81,1.15,186.74
2021-06-25 23:00:00,23.28,0.77,213.48
2021-06-26 00:00:00,28.29,0.56,223.88
2021-06-26 01:00:00,21.35,0.67,263.64
2021-06-26 02:00:00,17.42,0.56,110.26
2021-06-26 03:00:00,25.66,1.19,84.7
2021-06-26 04:00:00,25.64,0.89,91.56
2021-06-26 05:00:00,38.71,0.34,119.59
2021-06-26 06:00:00,28.59,0.66,33.73
2021-06-26 07:00:00,28.08,0.38,59.23
2021-06-26 08:00:00,52.75,0.67,104.01
2021-06-26 09:00:00,37.1,0.44,131.7
2021-06-26 10:00:00,64.55,0.64,73.62
2021-06-26 11:00:00,51.51,0.88,84.25
2021-06-26 12:00:00,33.02,0.8,236.51
2021-06-26 13:00:00,36.81,0.94,285.22
2021-06-26 14:00:00,24.81,0.81,324.55
2021-06-26 15:00:00,58.84,0.87,305.12
2021-06-26 16:00:00,34.26,0.78,322.14
2021-06-26 17:00:00,40.81,0.78,207.92
2021-06-26 18:00:00,50.4,0.36,190.51
2021-06-26 19:00:00,57.0,0.28,195.09
2021-06-26 20:00:00,31.62,0.31,190.45
2021-06-26 21:00:00,25.0,0.14,170.8
2021-06-26 22:00:00,56.78,0.21,146.49
2021-06-26 23:00:00,49.98,0.22,121.56
2021-06-27 00:00:00,74.34,0.24,75.07
2021-06-27 01:00:00,58.07,0.24,65.37
2021-06-27 02:00:00,98.98,0.36,100.04
2021-06-27 03:00:00,85.8,0.93,132.11
2021-06-27 04:00:00,71.54,0.95,156.25
2021-06-27 05:00:00,56.52,0.78,172.12
2021-06-27 06:00:00,41.48,0.94,153.26
2021-06-27 07:00:00,60.38,1.02,144.6
2021-06-27 08:00:00,88.36,1.01,151.72
2021-06-27 09:00:00,53.86,0.8,159.74
2021-06-27 10:00:00,73.54,0.75,132.66
2021-06-27 11:00:00,42.71,0.4,173.16
2021-06-27 12:00:00,37.4,0.48,177.65
2021-06-27 13:00:00,64.48,1.02,50.82
2021-06-27 14:00:00,38.12,0.85,128.28
2021-06-27 15:00:00,50.68,0.87,22.51
2021-06-27 16:00:00,53.16,0.78,51.89
2021-06-27 17:00:00,44.04,0.94,58.46
2021-06-27 18:00:00,60.34,0.96,39.54
2021-06-27 19:00:00,54.8,0.72,65.71
2021-06-27 20:00:00,49.26,0.71,67.68
2021-06-27 21:00:00,49.81333333333333,0.61,90.38
2021-06-27 22:00:00,50.36666666666667,0.75,121.4
2021-06-27 23:00:00,50.92,0.89,134.11
2021-06-28 00:00:00,47.06428571428572,0.58,139.65
2021-06-28 01:00:00,43.20857142857143,0.84,147.36
2021-06-28 02:00:00,39.35285714285715,0.63,160.56
2021-06-28 03:00:00,,0.33,218.07
2021-06-28 04:00:00,,0.38,176.01
2021-06-28 05:00:00,,0.33,217.02
2021-06-28 06:00:00,23.93,0.36,187.74
2021-06-28 07:00:00,31.08,0.64,204.83
2021-06-28 08:00:00,24.08,0.8,199.96
2021-06-28 09:00:00,60.35,0.8,203.4
2021-06-28 10:00:00,33.53,0.73,180.86
2021-06-28 11:00:00,25.29,0.6,279.65
2021-06-28 12:00:00,14.1,0.8,263.09
2021-06-28 13:00:00,9.08,0.72,173.97
2021-06-28 14:00:00,50.46,0.68,108.67
2021-06-28 15:00:00,33.4,0.76,113.33
2021-06-28 16:00:00,21.3,1.06,37.94
2021-06-28 17:00:00,41.59,1.4,20.93
2021-06-28 18:00:00,61.54,1.09,38.74
2021-06-28 19:00:00,53.92,0.69,47.32
2021-06-28 20:00:00,58.9,0.44,78.44
2021-06-28 21:00:00,86.84,0.19,132.52
2021-06-28 22:00:00,97.38,0.19,160.11
2021-06-28 23:00:00,78.56,0.22,160.54
2021-06-29 00:00:00,81.1,0.4,184.86
2021-06-29 01:00:00,62.96,0.28,183.93
2021-06-29 02:00:00,64.24,0.32,178.54
2021-06-29 03:00:00,48.39,0.32,188.02
2021-06-29 04:00:00,82.7,0.29,182.48
2021-06-29 05:00:00,77.04,0.22,167.2
2021-06-29 06:00:00,67.95,0.18,170.22
2021-06-29 07:00:00,85.81,0.8,236.02
2021-06-29 08:00:00,72.62,1.36,250.44
2021-06-29 09:00:00,79.18,1.31,263.51
2021-06-29 10:00:00,54.26,1.06,279.28
2021-06-29 11:00:00,44.4,0.97,303.86
2021-06-29 12:00:00,55.06,1.04,294.12
2021-06-29 13:00:00,64.49,1.06,286.41
2021-06-29 14:00:00,37.51,1.03,292.21
2021-06-29 15:00:00,46.58,0.88,302.21
2021-06-29 16:00:00,89.64,0.67,298.91
2021-06-29 17:00:00,67.32,0.99,332.46
2021-06-29 18:00:00,64.36,0.91,260.54
2021-06-29 19:00:00,80.86,0.62,179.89
2021-06-29 20:00:00,98.66,0.26,45.04
2021-06-29 21:00:00,99.81,0.35,108.85
2021-06-29 22:00:00,89.76,0.2,200.15
2021-06-29 23:00:00,70.59,0.18,146.17
2021-06-30 00:00:00,94.9,0.22,187.36
2021-06-30 01:00:00,52.12,0.19,155.63
2021-06-30 02:00:00,48.18,0.57,205.72
2021-06-30 03:00:00,96.22,0.64,200.94
2021-06-30 04:00:00,54.01,0.51,215.98
2021-06-30 05:00:00,50.39,1.33,245.24
2021-06-30 06:00:00,31.35,1.71,254.85
2021-06-30 07:00:00,45.38,2.35,266.1
2021-06-30 08:00:00,29.65,1.91,274.39
2021-06-30 09:00:00,63.33,2.1,282.82
2021-06-30 10:00:00,75.81,1.77,291.02
2021-06-30 11:00:00,84.74,1.28,289.23
2021-06-30 12:00:00,69.14,1.62,281.99
2021-06-30 13:00:00,75.95,1.65,274.77
2021-06-30 14:00:00,80.42,1.29,286.09
2021-06-30 15:00:00,112.6,1.37,280.04
2021-06-30 16:00:00,158.5,1.63,280.19
2021-06-30 17:00:00,183.37,1.65,277.76
2021-06-30 18:00:00,155.01,1.66,261.32
2021-06-30 19:00:00,155.35,1.2,258.87
2021-06-30 20:00:00,111.01,1.38,258.97
2021-06-30 21:00:00,138.32,1.19,276.58
2021-06-30 22:00:00,146.7,0.7,274.59
2021-06-30 23:00:00,118.05,1.21,259.76
2021-07-01 00:00:00,104.17,1.69,256.11
2021-07-01 01:00:00,79.29,2.2,256.0
2021-07-01 02:00:00,41.88,2.04,256.19
2021-07-01 03:00:00,51.5,2.52,258.32
2021-07-01 04:00:00,42.07,2.35,264.64
2021-07-01 05:00:00,28.47,2.41,259.86
2021-07-01 06:00:00,56.16,2.66,265.76
2021-07-01 07:00:00,70.04,2.6,268.94
2021-07-01 08:00:00,54.1,2.92,270.48
2021-07-01 09:00:00,98.53,2.57,264.0
2021-07-01 10:00:00,79.95,2.61,266.05
2021-07-01 11:00:00,59.3,2.24,267.12
2021-07-01 12:00:00,81.0,1.94,260.68
2021-07-01 13:00:00,100.65,1.25,261.8
2021-07-01 14:00:00,94.08,1.25,264.76
2021-07-01 15:00:00,82.94,0.63,271.14
2021-07-01 16:00:00,44.78,0.79,258.44
2021-07-01 17:00:00,24.27,0.58,255.9
2021-07-01 18:00:00,69.57,0.64,255.76
2021-07-01 19:00:00,81.94,0.26,195.79
2021-07-01 20:00:00,106.34,0.45,166.43
2021-07-01 21:00:00,120.5,0.48,185.72
2021-07-01 22:00:00,85.22,0.74,178.73
2021-07-01 23:00:00,71.46,0.29,211.58
2021-07-02 00:00:00,75.29,0.19,101.25
2021-07-02 01:00:00,94.26,0.18,176.84
2021-07-02 02:00:00,83.02,1.27,261.82
2021-07-02 03:00:00,66.95,1.95,264.11
2021-07-02 04:00:00,61.56,1.98,261.42
2021-07-02 05:00:00,38.56,0.96,270.74
2021-07-02 06:00:00,53.78,1.09,259.57
2021-07-02 07:00:00,52.31,2.09,258.19
2021-07-02 08:00:00,59.18,1.9,270.87
2021-07-02 09:00:00,82.59,2.08,267.76
2021-07-02 10:00:00,71.51,1.38,277.48
2021-07-02 11:00:00,98.95500000000001,1.06,286.36
2021-07-02 12:00:00,126.4,0.97,288.69
2021-07-02 13:00:00,126.67,0.84,300.08
2021-07-02 14:00:00,133.53,0.73,305.21
2021-07-02 15:00:00,149.54,0.55,340.44
2021-07-02 16:00:00,112.46,0.5,246.76
2021-07-02 17:00:00,136.83,2.91,205.32
2021-07-02 18:00:00,89.18,2.45,127.81
2021-07-02 19:00:00,60.08,1.3,180.14
2021-07-02 20:00:00,59.79,0.88,204.58
2021-07-02 21:00:00,36.86,0.41,262.23
2021-07-02 22:00:00,50.42,1.56,230.0
2021-07-02 23:00:00,35.64,1.97,229.92
2021-07-03 00:00:00,20.75,1.16,224.9
2021-07-03 01:00:00,15.42,0.74,248.86
2021-07-03 02:00:00,37.08,1.2,298.58
2021-07-03 03:00:00,19.9,1.17,179.92
2021-07-03 04:00:00,48.76,0.66,22.0
2021-07-03 05:00:00,36.06,1.82,11.0
2021-07-03 06:00:00,35.97,0.47,90.54
2021-07-03 07:00:00,26.58,0.83,180.44
2021-07-03 08:00:00,26.4,0.71,196.12
2021-07-03 09:00:00,64.83,0.84,178.36
2021-07-03 10:00:00,35.45,0.93,217.62
2021-07-03 11:00:00,42.93,1.46,252.39
2021-07-03 12:00:00,37.12,1.74,265.64
2021-07-03 13:00:00,26.9,1.5,261.45
2021-07-03 14:00:00,76.75,0.74,272.25
2021-07-03 15:00:00,62.64,0.63,250.77
2021-07-03 16:00:00,84.46,0.47,267.85
2021-07-03 17:00:00,94.53,2.1,220.79
2021-07-03 18:00:00,66.29,1.56,127.8
2021-07-03 19:00:00,41.77,0.7,255.93
2021-07-03 20:00:00,55.57,0.7,223.84
2021-07-03 21:00:00,38.61,0.76,98.16
2021-07-03 22:00:00,45.26,0.52,59.98
2021-07-03 23:00:00,41.7,0.11,208.35
2021-07-04 00:00:00,66.43,0.3,102.41
2021-07-04 01:00:00,35.68,0.55,176.67
2021-07-04 02:00:00,29.82,0.22,186.91
2021-07-04 03:00:00,16.86,0.19,143.39
2021-07-04 04:00:00,10.95,0.24,157.15
2021-07-04 05:00:00,28.09,0.26,97.08
2021-07-04 06:00:00,21.2,0.17,175.8
2021-07-04 07:00:00,34.11,0.39,287.91
2021-07-04 08:00:00,55.77,0.36,140.39
2021-07-04 09:00:00,52.97,0.5,168.48
2021-07-04 10:00:00,38.61,0.57,163.75
2021-07-04 11:00:00,49.07,0.43,177.99
2021-07-04 12:00:00,54.02,0.49,206.85
2021-07-04 13:00:00,34.98,0.75,148.48
2021-07-04 14:00:00,44.22,1.18,176.3
2021-07-04 15:00:00,59.36,0.74,341.33
2021-07-04 16:00:00,80.64,0.75,261.62
2021-07-04 17:00:00,47.27,0.73,347.74
2021-07-04 18:00:00,48.78,0.38,108.35
2021-07-04 19:00:00,61.2,0.3,110.03
2021-07-04 20:00:00,107.21,0.34,165.87
2021-07-04 21:00:00,77.29,0.96,255.77
2021-07-04 22:00:00,126.06,0.96,251.94
2021-07-04 23:00:00,83.97,1.05,242.5
2021-07-05 00:00:00,78.92,0.53,250.27
2021-07-05 01:00:00,42.1,0.73,267.22
2021-07-05 02:00:00,43.14,0.27,268.05
2021-07-05 03:00:00,23.5,0.88,262.64
2021-07-05 04:00:00,46.88,0.56,271.67
2021-07-05 05:00:00,43.94,0.93,265.67
2021-07-05 06:00:00,67.24,0.78,262.0
2021-07-05 07:00:00,52.12,0.58,261.42
2021-07-05 08:00:00,45.33,0.57,282.29
2021-07-05 09:00:00,34.25,0.65,233.01
2021-07-05 10:00:00,21.48,0.55,172.99
2021-07-05 11:00:00,60.64,0.65,270.23
2021-07-05 12:00:00,57.33,0.62,222.52
2021-07-05 13:00:00,49.64,0.71,103.3
2021-07-05 14:00:00,39.73,0.93,99.85
2021-07-05 15:00:00,23.86,0.96,12.25
2021-07-05 16:00:00,43.62,0.95,5.4
2021-07-05 17:00:00,59.54,0.57,340.4
2021-07-05 18:00:00,71.76,0.16,154.31
2021-07-05 19:00:00,63.51,1.01,213.23
2021-07-05 20:00:00,75.73,1.23,275.1
2021-07-05 21:00:00,71.34,0.44,279.82
2021-07-05 22:00:00,96.22,0.88,261.96
2021-07-05 23:00:00,70.38,0.17,293.96
2021-07-06 00:00:00,83.49,0.73,271.44
2021-07-06 01:00:00,44.25,1.2,262.79
2021-07-06 02:00:00,71.05,0.92,259.88
2021-07-06 03:00:00,43.27,0.71,265.78
2021-07-06 04:00:00,38.63,0.84,275.12
2021-07-06 05:00:00,43.22,1.14,261.76
2021-07-06 06:00:00,52.1,1.24,273.88
2021-07-06 07:00:00,65.1,1.67,262.66
2021-07-06 08:00:00,37.1,0.94,274.91
2021-07-06 09:00:00,60.82,0.82,285.3
2021-07-06 10:00:00,49.52333333333333,0.6599999999999999,287.14
2021-07-06 11:00:00,38.22666666666667,0.5,288.98
2021-07-06 12:00:00,26.93,0.34,290.82
2021-07-06 13:00:00,39.14,0.55,302.76
2021-07-06 14:00:00,68.23,0.9,281.2
2021-07-06 15:00:00,64.56,0.47,101.18
2021-07-06 16:00:00,37.22,0.37,320.78
2021-07-06 17:00:00,52.5,0.36,293.56
2021-07-06 18:00:00,65.42,0.32,244.88
2021-07-06 19:00:00,66.1,0.38,238.06
2021-07-06 20:00:00,112.9,0.49,92.96
2021-07-06 21:00:00,94.51,0.15,115.26
2021-07-06 22:00:00,97.91,0.15,183.81
2021-07-06 23:00:00,82.75,0.07,263.55
2021-07-07 00:00:00,76.55,0.18,131.15
2021-07-07 01:00:00,39.24,0.21,157.01
2021-07-07 02:00:00,88.68,0.26,186.3
2021-07-07 03:00:00,49.32,0.23,171.16
2021-07-07 04:00:00,73.62,0.2,176.1
2021-07-07 05:00:00,71.81,0.29,186.97
2021-07-07 06:00:00,42.95,0.57,219.67
2021-07-07 07:00:00,70.22,1.58,256.88
2021-07-07 08:00:00,70.73,1.7,264.52
2021-07-07 09:00:00,56.44,1.53,263.4
2021-07-07 10:00:00,82.49,1.45,275.22
2021-07-07 11:00:00,45.54,0.98,287.84
2021-07-07 12:00:00,31.29,0.92,301.7
2021-07-07 13:00:00,23.46,0.82,300.68
2021-07-07 14:00:00,50.52,1.31,287.6
2021-07-07 15:00:00,32.07,0.74,290.38
2021-07-07 16:00:00,44.42,0.83,302.86
2021-07-07 17:00:00,28.56,0.71,311.25
2021-07-07 18:00:00,27.31,0.64,323.56
2021-07-07 19:00:00,14.74,0.88,288.71
2021-07-07 20:00:00,46.15,0.8,281.54
2021-07-07 21:00:00,35.99,0.66,286.99
2021-07-07 22:00:00,63.51,0.14,211.88
2021-07-07 23:00:00,60.1,0.23,249.01
2021-07-08 00:00:00,82.38,0.26,208.43
2021-07-08 01:00:00,44.14,0.87,253.79
2021-07-08 02:00:00,38.9,0.69,260.41
2021-07-08 03:00:00,48.22,0.86,243.3
2021-07-08 04:00:00,40.36,1.52,261.69
2021-07-08 05:00:00,26.75,1.65,267.65
2021-07-08 06:00:00,46.82,1.73,263.21
2021-07-08 07:00:00,43.18,1.84,273.95
2021-07-08 08:00:00,56.39,2.18,268.48
2021-07-08 09:00:00,80.1,1.18,287.54
2021-07-08 10:00:00,63.15,1.39,284.52
2021-07-08 11:00:00,50.34,1.0,286.32
2021-07-08 12:00:00,31.87,0.86,275.46
2021-07-08 13:00:00,71.07,0.83,292.27
2021-07-08 14:00:00,64.7,0.97,271.54
2021-07-08 15:00:00,41.9,0.89,127.51
2021-07-08 16:00:00,116.01,0.37,139.24
2021-07-08 17:00:00,90.54,0.34,204.48
2021-07-08 18:00:00,77.84,0.2,83.94
2021-07-08 19:00:00,94.4,0.26,112.48
2021-07-08 20:00:00,99.03,0.55,104.92
2021-07-08 21:00:00,120.29,1.51,52.78
2021-07-08 22:00:00,124.13,2.41,58.24
2021-07-08 23:00:00,88.25,1.26,115.96
2021-07-09 00:00:00,60.8,1.29,163.95
2021-07-09 01:00:00,35.52,1.61,148.41
2021-07-09 02:00:00,31.31,1.79,131.3
2021-07-09 03:00:00,42.65,1.23,120.52
2021-07-09 04:00:00,27.05,1.7,127.54
2021-07-09 05:00:00,21.8,1.79,133.2
2021-07-09 06:00:00,37.96,1.47,167.26
2021-07-09 07:00:00,23.64,1.07,153.24
2021-07-09 08:00:00,15.44,1.03,47.3
2021-07-09 09:00:00,10.44,1.16,68.18
2021-07-09 10:00:00,16.98,1.33,110.49
2021-07-09 11:00:00,66.08,1.16,132.43
2021-07-09 12:00:00,52.9,0.98,131.96
2021-07-09 13:00:00,31.22,0.97,124.39
2021-07-09 14:00:00,25.97,0.7,114.94
2021-07-09 15:00:00,37.0,0.98,109.53
2021-07-09 16:00:00,23.75,1.02,105.59
2021-07-09 17:00:00,40.45,0.97,89.1
2021-07-09 18:00:00,51.04,1.24,112.76
2021-07-09 19:00:00,30.71,1.1,126.78
2021-07-09 20:00:00,43.32,1.05,124.61
2021-07-09 21:00:00,25.7,0.9,118.38
2021-07-09 22:00:00,55.38,0.92,125.9
2021-07-09 23:00:00,69.16,1.06,121.42
2021-07-10 00:00:00,67.89,1.27,130.45
2021-07-10 01:00:00,41.5,1.42,132.9
2021-07-10 02:00:00,20.81,1.42,128.37
2021-07-10 03:00:00,21.31,1.14,135.23
2021-07-10 04:00:00,31.31,1.23,130.84
2021-07-10 05:00:00,40.64,1.29,135.01
2021-07-10 06:00:00,24.51,1.42,138.29
2021-07-10 07:00:00,26.56,1.42,136.0
2021-07-10 08:00:00,16.58,1.55,129.92
2021-07-10 09:00:00,9.58,1.61,120.45
2021-07-10 10:00:00,31.57,1.12,132.88
2021-07-10 11:00:00,35.43,1.27,109.98
2021-07-10 12:00:00,21.85,1.13,116.27
2021-07-10 13:00:00,16.62,0.83,81.57
2021-07-10 14:00:00,14.98,1.08,84.42
2021-07-10 15:00:00,46.48,0.99,78.42
2021-07-10 16:00:00,51.05,0.76,66.48
2021-07-10 17:00:00,53.76,0.93,96.5
2021-07-10 18:00:00,33.29,0.9,86.81
2021-07-10 19:00:00,25.86,1.0,83.51
2021-07-10 20:00:00,40.94,1.22,107.44
2021-07-10 21:00:00,27.22,1.08,118.44
2021-07-10 22:00:00,20.0,1.12,118.3
2021-07-10 23:00:00,56.25,1.2,122.62
2021-07-11 00:00:00,46.22,1.43,125.38
2021-07-11 01:00:00,25.77,1.58,133.12
2021-07-11 02:00:00,32.29,1.33,136.04
2021-07-11 03:00:00,26.27,1.51,132.7
2021-07-11 04:00:00,24.16,1.32,131.66
2021-07-11 05:00:00,24.24,1.17,137.41
2021-07-11 06:00:00,49.58,1.07,116.03
2021-07-11 07:00:00,28.68,1.42,110.78
2021-07-11 08:00:00,43.67,1.67,128.96
2021-07-11 09:00:00,58.66,1.3,143.33
2021-07-11 10:00:00,58.79,1.8,122.12
2021-07-11 11:00:00,58.92,1.6,121.21
2021-07-11 12:00:00,59.05,1.79,122.05
2021-07-11 13:00:00,,1.49,114.34
2021-07-11 14:00:00,59.31,1.61,99.88
2021-07-11 15:00:00,41.28,1.7,90.94
2021-07-11 16:00:00,96.6,1.89,100.9
2021-07-11 17:00:00,49.27,2.31,119.55
2021-07-11 18:00:00,50.02,2.08,130.44
2021-07-11 19:00:00,38.84,2.12,137.04
2021-07-11 20:00:00,50.28,2.09,140.88
2021-07-11 21:00:00,27.7,2.12,135.69
2021-07-11 22:00:00,31.795,1.62,135.02
2021-07-11 23:00:00,35.89,1.84,115.44
2021-07-12 00:00:00,39.985,1.88,116.66
2021-07-12 01:00:00,,2.17,127.89
2021-07-12 02:00:00,,1.83,133.54
2021-07-12 03:00:00,,1.49,142.39
2021-07-12 04:00:00,,1.77,135.35
2021-07-12 05:00:00,60.46,1.5,138.88
2021-07-12 06:00:00,37.06,1.64,133.98
2021-07-12 07:00:00,43.870000000000005,1.54,133.3
2021-07-12 08:00:00,50.68,1.9,132.39
2021-07-12 09:00:00,32.45,1.92,132.5
2021-07-12 10:00:00,26.14,1.62,138.52
2021-07-12 11:00:00,15.32,1.76,137.63
2021-07-12 12:00:00,14.0,1.81,133.65
2021-07-12 13:00:00,25.1,1.92,127.33
2021-07-12 14:00:00,41.94,1.86,122.78
2021-07-12 15:00:00,27.44,1.83,130.95
2021-07-12 16:00:00,64.66,1.96,120.3
2021-07-12 17:00:00,35.93,1.91,109.95
2021-07-12 18:00:00,21.46,1.78,132.91
2021-07-12 19:00:00,50.9,1.81,124.79
2021-07-12 20:00:00,29.09,1.34,115.55
2021-07-12 21:00:00,36.56,1.42,127.47
2021-07-12 22:00:00,32.15,1.6,132.41
2021-07-12 23:00:00,33.5,1.91,133.3
2021-07-13 00:00:00,22.13,1.36,136.13
2021-07-13 01:00:00,14.82,1.32,134.43
2021-07-13 02:00:00,16.01,1.17,125.21
2021-07-13 03:00:00,11.7,1.27,111.49
2021-07-13 04:00:00,10.58,1.32,121.99
2021-07-13 05:00:00,7.56,1.54,114.36
2021-07-13 06:00:00,8.393333333333333,1.31,118.4
2021-07-13 07:00:00,9.226666666666667,1.34,144.98
2021-07-13 08:00:00,10.06,1.32,206.59
2021-07-13 09:00:00,22.22,0.39,157.76
2021-07-13 10:00:00,19.65,0.32,129.48
2021-07-13 11:00:00,23.21,0.58,116.97
2021-07-13 12:00:00,23.58,1.0,34.95
2021-07-13 13:00:00,31.56,1.2,7.83
2021-07-13 14:00:00,67.14,1.84,99.81
2021-07-13 15:00:00,52.71,1.52,43.7
2021-07-13 16:00:00,40.46,1.33,49.58
2021-07-13 17:00:00,31.8,1.21,94.91
2021-07-13 18:00:00,30.7,0.78,150.45
2021-07-13 19:00:00,40.78,0.21,100.57
2021-07-13 20:00:00,53.11,0.94,33.2
2021-07-13 21:00:00,52.79,0.77,38.31
2021-07-13 22:00:00,38.74,1.08,13.76
2021-07-13 23:00:00,32.8,0.82,55.2
2021-07-14 00:00:00,38.92,0.83,44.9
2021-07-14 01:00:00,53.26,0.6,57.06
2021-07-14 02:00:00,53.54,0.6,56.27
2021-07-14 03:00:00,41.23,0.57,53.26
2021-07-14 04:00:00,31.56,0.55,32.26
2021-07-14 05:00:00,29.7,0.39,82.68
2021-07-14 06:00:00,36.2,0.91,124.52
2021-07-14 07:00:00,41.85,1.22,131.0
2021-07-14 08:00:00,46.53,1.06,147.46
2021-07-14 09:00:00,97.2,0.88,135.58
2021-07-14 10:00:00,71.06,0.88,175.21
2021-07-14 11:00:00,47.28,2.31,97.6
2021-07-14 12:00:00,35.32,2.61,22.52
2021-07-14 13:00:00,31.9,2.34,23.94
2021-07-14 14:00:00,30.01,1.3,35.76
2021-07-14 15:00:00,26.48,0.81,65.18
2021-07-14 16:00:00,31.65,0.31,223.06
2021-07-14 17:00:00,40.99,0.44,226.92
2021-07-14 18:00:00,32.11,0.94,104.98
2021-07-14 19:00:00,28.0,1.13,35.8
2021-07-14 20:00:00,31.46,0.92,36.66
2021-07-14 21:00:00,41.24,0.82,27.67
2021-07-14 22:00:00,35.1,0.94,21.59
2021-07-14 23:00:00,29.85,0.6,34.69
2021-07-15 00:00:00,31.05,0.85,36.0
2021-07-15 01:00:00,35.98,0.78,30.33
2021-07-15 02:00:00,34.99,1.15,27.67
2021-07-15 03:00:00,32.82,0.67,43.62
2021-07-15 04:00:00,47.62,0.36,74.79
2021-07-15 05:00:00,68.22,0.55,78.34
2021-07-15 06:00:00,63.03,0.74,103.82
2021-07-15 07:00:00,73.76,0.89,107.43
2021-07-15 08:00:00,49.7,1.21,144.97
2021-07-15 09:00:00,41.03,1.41,135.8
2021-07-15 10:00:00,36.85,1.19,153.51
2021-07-15 11:00:00,38.160000000000004,1.18,109.64
2021-07-15 12:00:00,39.47,1.79,182.58
2021-07-15 13:00:00,40.78,1.74,17.03
2021-07-15 14:00:00,48.27,1.35,26.4
2021-07-15 15:00:00,29.48,1.48,27.08
2021-07-15 16:00:00,29.13,1.43,22.09
2021-07-15 17:00:00,29.36,1.47,17.42
2021-07-15 18:00:00,23.16,1.22,29.16
2021-07-15 19:00:00,36.7,1.51,26.84
2021-07-15 20:00:00,50.24,1.43,26.33
2021-07-15 21:00:00,29.72,1.32,32.47
2021-07-15 22:00:00,43.05,0.89,49.9
2021-07-15 23:00:00,56.38,0.76,59.24
2021-07-16 00:00:00,30.43,0.94,87.42
2021-07-16 01:00:00,19.13,1.44,112.0
2021-07-16 02:00:00,32.75,1.16,112.65
2021-07-16 03:00:00,23.06,0.73,121.47
2021-07-16 04:00:00,18.71,1.18,106.2
2021-07-16 05:00:00,12.26,1.16,101.63
2021-07-16 06:00:00,10.78,1.44,113.94
2021-07-16 07:00:00,39.15,1.42,119.28
2021-07-16 08:00:00,71.69,1.53,127.86
2021-07-16 09:00:00,41.24,1.4,130.88
2021-07-16 10:00:00,25.63,1.05,125.05
2021-07-16 11:00:00,17.78,0.98,130.0
2021-07-16 12:00:00,12.86,0.9,81.35
2021-07-16 13:00:00,13.98,1.07,83.89
2021-07-16 14:00:00,7.91,1.04,95.22
2021-07-16 15:00:00,11.68,0.97,80.39
2021-07-16 16:00:00,29.23,0.83,70.39
2021-07-16 17:00:00,52.22,0.81,64.56
2021-07-16 18:00:00,34.35,0.84,42.34
2021-07-16 19:00:00,68.74,0.66,60.52
2021-07-16 20:00:00,40.77,0.45,58.52
2021-07-16 21:00:00,54.41,0.53,68.48
2021-07-16 22:00:00,52.44,0.68,102.7
2021-07-16 23:00:00,54.18,0.88,124.02
2021-07-17 00:00:00,35.7,0.66,124.56
2021-07-17 01:00:00,26.3,0.81,132.7
2021-07-17 02:00:00,23.08,0.73,120.25
2021-07-17 03:00:00,33.19,0.96,129.73
2021-07-17 04:00:00,18.8,0.77,125.38
2021-07-17 05:00:00,9.42,0.72,124.22
2021-07-17 06:00:00,12.92,0.66,139.84
2021-07-17 07:00:00,23.13,0.75,140.63
2021-07-17 08:00:00,12.6,0.5,169.89
2021-07-17 09:00:00,10.93,0.45,143.6
2021-07-17 10:00:00,9.4,0.57,178.62
2021-07-17 11:00:00,5.8,0.52,204.09
2021-07-17 12:00:00,11.47,0.85,229.78
2021-07-17 13:00:00,11.04,0.66,231.95
2021-07-17 14:00:00,6.18,0.6,304.51
2021-07-17 15:00:00,5.88,0.89,91.32
2021-07-17 16:00:00,57.27,0.65,183.94
2021-07-17 17:00:00,31.83,0.38,99.44
2021-07-17 18:00:00,21.49,0.45,44.36
2021-07-17 19:00:00,61.38,0.71,86.58
2021-07-17 20:00:00,70.22,0.81,113.66
2021-07-17 21:00:00,75.04,1.74,188.8
2021-07-17 22:00:00,56.99,1.13,195.32
2021-07-17 23:00:00,32.34,0.62,195.04
2021-07-18 00:00:00,17.61,0.85,187.32
2021-07-18 01:00:00,17.2,0.76,188.78
2021-07-18 02:00:00,17.16,0.69,189.44
2021-07-18 03:00:00,16.56,0.52,177.39
2021-07-18 04:00:00,14.37,0.43,182.62
2021-07-18 05:00:00,35.11,0.57,177.24
2021-07-18 06:00:00,23.33,0.81,145.49
2021-07-18 07:00:00,22.76,1.13,153.09
2021-07-18 08:00:00,17.42,0.92,169.24
2021-07-18 09:00:00,52.18,0.75,148.71
2021-07-18 10:00:00,31.4,0.68,200.95
2021-07-18 11:00:00,52.85,0.43,214.34
2021-07-18 12:00:00,34.12,0.87,123.36
2021-07-18 13:00:00,21.27,1.08,59.84
2021-07-18 14:00:00,12.78,0.92,82.55
2021-07-18 15:00:00,13.53,1.09,96.51
2021-07-18 16:00:00,55.46,1.32,142.64
2021-07-18 17:00:00,31.53,1.4,211.98
2021-07-18 18:00:00,20.86,0.65,182.14
2021-07-18 19:00:00,29.16,0.97,151.44
2021-07-18 20:00:00,37.46,0.73,191.91
2021-07-18 21:00:00,22.44,0.63,188.27
2021-07-18 22:00:00,34.52,0.94,166.12
2021-07-18 23:00:00,20.64,1.27,174.2
2021-07-19 00:00:00,12.56,1.36,164.94
2021-07-19 01:00:00,8.41,1.3,171.9
2021-07-19 02:00:00,8.23,0.92,190.88
2021-07-19 03:00:00,10.47,0.96,188.59
2021-07-19 04:00:00,11.21,1.24,183.5
2021-07-19 05:00:00,12.51,1.24,179.07
2021-07-19 06:00:00,6.27,1.07,194.05
2021-07-19 07:00:00,10.73,0.81,232.87
2021-07-19 08:00:00,10.9,0.2,218.66
2021-07-19 09:00:00,13.03,1.45,251.96
2021-07-19 10:00:00,17.57,1.41,248.76
2021-07-19 11:00:00,22.11,1.04,239.57
2021-07-19 12:00:00,13.71,0.64,224.94
2021-07-19 13:00:00,14.22,0.61,231.57
2021-07-19 14:00:00,12.73,0.41,244.3
2021-07-19 15:00:00,9.8,0.64,203.76
2021-07-19 16:00:00,5.52,0.61,257.98
2021-07-19 17:00:00,7.145,0.2,174.92
2021-07-19 18:00:00,8.77,0.24,165.0
2021-07-19 19:00:00,17.99,0.3,47.5
2021-07-19 20:00:00,9.78,0.51,177.98
2021-07-19 21:00:00,15.48,0.28,178.48
2021-07-19 22:00:00,8.8,0.28,199.31
2021-07-19 23:00:00,8.97,0.38,196.22
2021-07-20 00:00:00,10.97,0.48,165.79
2021-07-20 01:00:00,7.91,0.36,162.39
2021-07-20 02:00:00,10.49,0.41,196.39
2021-07-20 03:00:00,11.03,0.28,191.49
2021-07-20 04:00:00,7.74,0.24,169.66
2021-07-20 05:00:00,9.68,0.18,132.24
2021-07-20 06:00:00,9.95,0.58,55.69
2021-07-20 07:00:00,16.33,0.6,57.05
2021-07-20 08:00:00,16.62,0.5,115.47
2021-07-20 09:00:00,34.44,0.46,58.74
2021-07-20 10:00:00,23.5,0.74,62.0
2021-07-20 11:00:00,18.0,0.86,82.61
2021-07-20 12:00:00,34.89,0.8,73.03
2021-07-20 13:00:00,39.45,0.46,107.87
2021-07-20 14:00:00,26.68,0.5,113.82
2021-07-20 15:00:00,20.45,0.62,118.49
2021-07-20 16:00:00,12.33,0.89,37.89
2021-07-20 17:00:00,26.33,0.85,258.35
2021-07-20 18:00:00,18.98,1.03,119.66
2021-07-20 19:00:00,18.99,0.52,71.78
2021-07-20 20:00:00,34.46,0.8,187.75
2021-07-20 21:00:00,49.93,0.51,193.92
2021-07-20 22:00:00,30.22,0.25,138.91
2021-07-20 23:00:00,16.24,0.3,154.01
2021-07-21 00:00:00,15.97,0.32,184.96
2021-07-21 01:00:00,11.82,0.27,192.88
2021-07-21 02:00:00,25.55,0.32,120.64
2021-07-21 03:00:00,15.02,0.4,99.2
2021-07-21 04:00:00,15.39,0.28,99.13
2021-07-21 05:00:00,7.7,0.26,80.64
2021-07-21 06:00:00,6.25,0.55,74.61
2021-07-21 07:00:00,10.37,0.5,153.85
2021-07-21 08:00:00,31.79,0.92,175.73
2021-07-21 09:00:00,33.0,0.9,237.04
2021-07-21 10:00:00,17.24,1.2,268.53
2021-07-21 11:00:00,11.15,0.71,291.62
2021-07-21 12:00:00,26.33,0.29,245.04
2021-07-21 13:00:00,16.96,0.62,45.4
2021-07-21 14:00:00,15.13,0.68,36.22
2021-07-21 15:00:00,11.87,0.82,32.89
2021-07-21 16:00:00,12.26,0.64,69.03
2021-07-21 17:00:00,8.39,0.42,61.65
2021-07-21 18:00:00,25.11,0.39,84.54
2021-07-21 19:00:00,15.84,0.3,122.48
2021-07-21 20:00:00,150.57,0.36,166.13
2021-07-21 21:00:00,81.65,0.31,161.63
2021-07-21 22:00:00,48.52,1.01,129.36
2021-07-21 23:00:00,26.23,0.9,136.94
2021-07-22 00:00:00,22.77,0.71,135.38
2021-07-22 01:00:00,19.03,0.65,143.75
2021-07-22 02:00:00,12.08,0.62,208.24
2021-07-22 03:00:00,6.98,0.34,176.41
2021-07-22 04:00:00,9.87,0.38,58.46
2021-07-22 05:00:00,14.6,0.74,42.87
2021-07-22 06:00:00,7.32,0.82,61.08
2021-07-22 07:00:00,9.09,0.88,100.57
2021-07-22 08:00:00,21.75,0.97,100.5
2021-07-22 09:00:00,18.01,1.19,105.88
2021-07-22 10:00:00,43.38,0.98,53.67
2021-07-22 11:00:00,26.68,1.15,47.68
2021-07-22 12:00:00,17.44,0.92,29.15
2021-07-22 13:00:00,12.16,1.05,35.66
2021-07-22 14:00:00,6.16,1.28,36.73
2021-07-22 15:00:00,32.11,1.29,31.86
2021-07-22 16:00:00,23.71,1.12,39.24
2021-07-22 17:00:00,16.32,1.04,57.54
2021-07-22 18:00:00,14.15,0.89,47.31
2021-07-22 19:00:00,10.46,1.25,108.08
2021-07-22 20:00:00,31.79,1.08,130.92
2021-07-22 21:00:00,22.13,1.14,137.82
2021-07-22 22:00:00,16.0,1.06,123.24
2021-07-22 23:00:00,15.76,1.03,111.04
2021-07-23 00:00:00,19.8,1.32,117.68
2021-07-23 01:00:00,10.74,1.34,116.84
2021-07-23 02:00:00,37.52,1.15,133.17
2021-07-23 03:00:00,22.64,0.94,135.92
2021-07-23 04:00:00,15.88,0.98,121.31
2021-07-23 05:00:00,12.4,1.23,124.1
2021-07-23 06:00:00,6.21,1.26,128.61
2021-07-23 07:00:00,7.44,1.51,126.71
2021-07-23 08:00:00,30.03,1.27,126.95
2021-07-23 09:00:00,52.62,1.21,126.62
2021-07-23 10:00:00,39.93666666666667,1.15,135.88
2021-07-23 11:00:00,27.253333333333334,1.18,139.9
2021-07-23 12:00:00,14.57,1.45,149.08
2021-07-23 13:00:00,26.15,1.24,159.05
2021-07-23 14:00:00,16.16,1.18,161.11
2021-07-23 15:00:00,16.11,1.19,146.04
2021-07-23 16:00:00,14.95,1.16,164.94
2021-07-23 17:00:00,29.11,1.02,148.08
2021-07-23 18:00:00,22.21,0.54,144.26
2021-07-23 19:00:00,20.61,0.89,90.37
2021-07-23 20:00:00,42.36,0.7,125.49
2021-07-23 21:00:00,39.24,0.62,142.8
2021-07-23 22:00:00,21.71,0.65,141.56
2021-07-23 23:00:00,22.38,0.76,131.72
2021-07-24 00:00:00,24.56,0.52,125.54
2021-07-24 01:00:00,20.93,0.44,83.69
2021-07-24 02:00:00,29.27,0.44,52.85
2021-07-24 03:00:00,19.95,0.33,50.35
2021-07-24 04:00:00,40.05,0.47,50.56
2021-07-24 05:00:00,48.57,0.34,118.31
2021-07-24 06:00:00,60.02,0.34,141.86
2021-07-24 07:00:00,32.59,0.46,174.67
2021-07-24 08:00:00,41.28,1.09,152.03
2021-07-24 09:00:00,109.48,1.1,183.16
2021-07-24 10:00:00,70.01,1.19,161.1
2021-07-24 11:00:00,38.46,1.06,178.84
2021-07-24 12:00:00,22.44,0.94,201.22
2021-07-24 13:00:00,15.34,0.6,152.79
2021-07-24 14:00:00,14.28,0.81,107.04
2021-07-24 15:00:00,36.12,0.68,102.82
2021-07-24 16:00:00,36.54,1.17,169.73
2021-07-24 17:00:00,38.95,0.61,93.87
2021-07-24 18:00:00,51.62,0.74,15.75
2021-07-24 19:00:00,25.84,0.56,56.51
2021-07-24 20:00:00,14.9,0.55,89.98
2021-07-24 21:00:00,17.74,0.22,139.03
2021-07-24 22:00:00,23.33,0.19,172.12
2021-07-24 23:00:00,60.73,0.16,134.16
2021-07-25 00:00:00,67.04,0.38,54.46
2021-07-25 01:00:00,35.72,0.29,88.42
2021-07-25 02:00:00,50.02,0.29,118.73
2021-07-25 03:00:00,29.34,0.33,122.46
2021-07-25 04:00:00,18.53,0.52,101.45
2021-07-25 05:00:00,71.16,0.39,135.32
2021-07-25 06:00:00,41.84,0.52,139.79
2021-07-25 07:00:00,100.26,0.75,145.6
2021-07-25 08:00:00,55.61,1.22,148.89
2021-07-25 09:00:00,36.33,1.19,149.69
2021-07-25 10:00:00,26.09,1.22,157.64
2021-07-25 11:00:00,15.33,1.15,153.03
2021-07-25 12:00:00,14.48,1.05,154.89
2021-07-25 13:00:00,11.62,1.34,154.06
2021-07-25 14:00:00,12.1,1.1,155.66
2021-07-25 15:00:00,9.43,0.85,119.44
2021-07-25 16:00:00,8.3,0.84,113.69
2021-07-25 17:00:00,5.72,0.8,134.2
2021-07-25 18:00:00,15.28,1.54,100.06
2021-07-25 19:00:00,18.46,0.7,85.98
2021-07-25 20:00:00,15.35,0.57,82.99
2021-07-25 21:00:00,19.27,0.71,105.29
2021-07-25 22:00:00,26.68,0.68,123.1
2021-07-25 23:00:00,35.1,0.83,129.72
2021-07-26 00:00:00,18.87,0.98,128.74
2021-07-26 01:00:00,14.5,1.2,132.9
2021-07-26 02:00:00,36.14,1.1,133.11
2021-07-26 03:00:00,19.38,1.12,135.59
2021-07-26 04:00:00,19.63,0.67,154.28
2021-07-26 05:00:00,16.3,0.77,159.25
2021-07-26 06:00:00,14.45,0.8,153.98
2021-07-26 07:00:00,16.4,0.78,155.37
2021-07-26 08:00:00,23.12,0.51,158.31
2021-07-26 09:00:00,20.56,0.47,191.5
2021-07-26 10:00:00,15.57,0.62,186.19
2021-07-26 11:00:00,8.33,0.48,134.95
2021-07-26 12:00:00,6.3,0.48,88.88
2021-07-26 13:00:00,23.24,0.47,106.6
2021-07-26 14:00:00,48.74,0.49,65.48
2021-07-26 15:00:00,53.58,0.56,59.44
2021-07-26 16:00:00,31.56,0.68,62.53
2021-07-26 17:00:00,43.18,0.89,84.64
2021-07-26 18:00:00,24.66,0.82,82.22
2021-07-26 19:00:00,17.01,0.72,112.01
2021-07-26 20:00:00,9.3,0.79,139.38
2021-07-26 21:00:00,20.74,0.66,124.43
2021-07-26 22:00:00,23.06,0.71,134.31
2021-07-26 23:00:00,54.44,0.82,140.5
2021-07-27 00:00:00,32.91,0.61,145.93
2021-07-27 01:00:00,23.76,0.76,130.81
2021-07-27 02:00:00,17.24,0.77,122.34
2021-07-27 03:00:00,29.15,0.6,118.22
2021-07-27 04:00:00,21.17,0.74,133.9
2021-07-27 05:00:00,12.46,0.49,184.46
2021-07-27 06:00:00,7.29,0.75,213.42
2021-07-27 07:00:00,17.45,1.03,185.38
2021-07-27 08:00:00,24.96,0.82,199.92
2021-07-27 09:00:00,19.47,0.73,236.84
2021-07-27 10:00:00,10.82,1.48,258.0
2021-07-27 11:00:00,22.0,1.21,259.53
2021-07-27 12:00:00,20.26,0.41,307.74
2021-07-27 13:00:00,19.16,0.27,307.58
2021-07-27 14:00:00,22.5,0.34,302.03
2021-07-27 15:00:00,22.83,0.25,296.61
2021-07-27 16:00:00,22.75,0.55,278.08
2021-07-27 17:00:00,20.36,0.92,258.03
2021-07-27 18:00:00,21.84,0.52,200.97
2021-07-27 19:00:00,42.43,0.56,251.26
2021-07-27 20:00:00,48.46,0.49,214.73
2021-07-27 21:00:00,48.32,0.41,201.59
2021-07-27 22:00:00,52.73,0.31,290.69
2021-07-27 23:00:00,41.21,0.35,203.22
2021-07-28 00:00:00,32.09,0.18,169.86
2021-07-28 01:00:00,24.95,0.25,194.78
2021-07-28 02:00:00,26.17,0.61,183.22
2021-07-28 03:00:00,28.723333333333333,0.88,220.76
2021-07-28 04:00:00,31.276666666666667,0.73,211.55
2021-07-28 05:00:00,33.83,0.59,177.27
2021-07-28 06:00:00,30.48,0.69,206.11
2021-07-28 07:00:00,23.95,0.54,218.88
2021-07-28 08:00:00,24.61,0.56,215.69
2021-07-28 09:00:00,32.36,1.61,260.56
2021-07-28 10:00:00,36.44,1.23,284.05
2021-07-28 11:00:00,23.04,1.06,261.7
2021-07-28 12:00:00,19.88,0.29,309.21
2021-07-28 13:00:00,14.21,0.52,269.16
2021-07-28 14:00:00,17.96,0.91,260.91
2021-07-28 15:00:00,14.07,0.91,266.46
2021-07-28 16:00:00,10.47,0.5,281.36
2021-07-28 17:00:00,16.240000000000002,0.63,272.99
2021-07-28 18:00:00,22.01,0.66,253.29
2021-07-28 19:00:00,27.78,0.51,253.82
2021-07-28 20:00:00,32.445,0.63,273.61
2021-07-28 21:00:00,37.11,0.8,256.9
2021-07-28 22:00:00,27.24,0.39,238.97
2021-07-28 23:00:00,23.53,0.4,229.56
2021-07-29 00:00:00,15.17,0.21,161.25
2021-07-29 01:00:00,15.22,0.21,159.16
2021-07-29 02:00:00,46.37,0.18,148.32
2021-07-29 03:00:00,31.96,0.2,169.73
2021-07-29 04:00:00,26.51,0.33,220.05
2021-07-29 05:00:00,21.76,0.24,150.59
2021-07-29 06:00:00,20.76,0.34,183.69
2021-07-29 07:00:00,17.87,0.8,234.52
2021-07-29 08:00:00,17.3,1.23,266.92
2021-07-29 09:00:00,47.63,0.46,280.4
2021-07-29 10:00:00,68.36,0.73,283.11
2021-07-29 11:00:00,36.91,0.61,270.0
2021-07-29 12:00:00,20.82,0.63,232.1
2021-07-29 13:00:00,13.51,0.54,240.33
2021-07-29 14:00:00,9.04,0.43,84.14
2021-07-29 15:00:00,11.03,0.66,125.33
2021-07-29 16:00:00,8.75,0.77,117.15
2021-07-29 17:00:00,13.74,0.64,103.88
2021-07-29 18:00:00,12.77,0.32,122.05
2021-07-29 19:00:00,12.48,0.89,87.4
2021-07-29 20:00:00,10.5,0.44,87.74
2021-07-29 21:00:00,19.15,0.51,107.29
2021-07-29 22:00:00,14.3,0.86,116.46
2021-07-29 23:00:00,12.72,0.85,136.19
2021-07-30 00:00:00,12.48,0.68,104.04
2021-07-30 01:00:00,13.23,0.46,70.17
2021-07-30 02:00:00,20.89,0.35,118.2
2021-07-30 03:00:00,13.26,0.37,57.93
2021-07-30 04:00:00,7.18,0.68,75.12
2021-07-30 05:00:00,23.18,0.41,61.32
2021-07-30 06:00:00,14.54,0.45,78.88
2021-07-30 07:00:00,12.9,0.37,43.52
2021-07-30 08:00:00,12.8,0.63,37.05
2021-07-30 09:00:00,14.26,0.74,44.63
2021-07-30 10:00:00,28.63,0.45,55.91
2021-07-30 11:00:00,22.32,0.58,71.53
2021-07-30 12:00:00,15.53,0.44,136.43
2021-07-30 13:00:00,9.95,0.52,229.8
2021-07-30 14:00:00,41.93,0.52,205.4
2021-07-30 15:00:00,25.89,1.56,127.24
2021-07-30 16:00:00,15.0,0.56,166.19
2021-07-30 17:00:00,10.56,0.4,173.18
2021-07-30 18:00:00,13.74,0.39,227.39
2021-07-30 19:00:00,13.98,0.63,270.03
2021-07-30 20:00:00,15.41,0.16,187.38
2021-07-30 21:00:00,26.88,0.16,230.14
2021-07-30 22:00:00,21.46,0.48,90.4
2021-07-30 23:00:00,15.2,1.19,96.3
2021-07-31 00:00:00,13.11,1.19,22.86
2021-07-31 01:00:00,9.47,0.97,30.18
2021-07-31 02:00:00,8.57,0.86,31.24
2021-07-31 03:00:00,7.29,0.78,33.81
2021-07-31 04:00:00,11.74,0.56,50.09
2021-07-31 05:00:00,8.73,0.73,87.57
2021-07-31 06:00:00,7.633333333333334,0.9,118.64
2021-07-31 07:00:00,6.536666666666667,1.39,112.1
2021-07-31 08:00:00,5.44,1.41,119.5
2021-07-31 09:00:00,11.76,1.07,118.98
2021-07-31 10:00:00,32.14,0.66,127.9
2021-07-31 11:00:00,31.22,1.14,119.97
2021-07-31 12:00:00,25.57,1.2,120.46
2021-07-31 13:00:00,24.54,0.8,141.42
2021-07-31 14:00:00,19.16,0.78,128.21
2021-07-31 15:00:00,14.44,0.85,121.47
2021-07-31 16:00:00,12.64,0.93,102.81
2021-07-31 17:00:00,15.41,0.68,108.85
2021-07-31 18:00:00,22.46,0.84,109.14
2021-07-31 19:00:00,17.62,0.39,84.97
2021-07-31 20:00:00,33.98,0.21,144.57
2021-07-31 21:00:00,52.82,0.32,125.85
2021-07-31 22:00:00,67.56,0.27,129.24
2021-07-31 23:00:00,50.94,0.22,168.98
2021-08-01 00:00:00,72.81,0.2,158.3
2021-08-01 01:00:00,47.17,0.21,136.59
2021-08-01 02:00:00,35.54,0.18,152.21
2021-08-01 03:00:00,23.16,0.26,221.85
2021-08-01 04:00:00,25.42,0.26,202.94
2021-08-01 05:00:00,44.59,1.15,63.9
2021-08-01 06:00:00,33.29,1.0,158.45
2021-08-01 07:00:00,24.77,0.93,127.53
2021-08-01 08:00:00,21.8,0.58,21.24
2021-08-01 09:00:00,27.8,0.35,90.76
2021-08-01 10:00:00,24.48,0.24,175.61
2021-08-01 11:00:00,22.65,0.83,245.07
2021-08-01 12:00:00,19.85,1.22,261.01
2021-08-01 13:00:00,19.93,0.12,207.48
2021-08-01 14:00:00,18.04,0.3,261.91
2021-08-01 15:00:00,13.81,0.25,170.76
2021-08-01 16:00:00,18.2,0.39,256.46
2021-08-01 17:00:00,19.86,0.16,97.68
2021-08-01 18:00:00,33.79,0.2,105.07
2021-08-01 19:00:00,53.9,0.27,111.47
2021-08-01 20:00:00,35.61,0.45,96.62
2021-08-01 21:00:00,23.12,0.49,123.91
2021-08-01 22:00:00,17.98,0.46,118.9
2021-08-01 23:00:00,17.06,0.26,127.54
2021-08-02 00:00:00,19.96,0.2,143.22
2021-08-02 01:00:00,35.16,0.22,137.38
2021-08-02 02:00:00,51.4,0.22,150.46
2021-08-02 03:00:00,60.58,0.27,119.84
2021-08-02 04:00:00,36.2,0.2,78.79
2021-08-02 05:00:00,28.1,0.2,126.28
2021-08-02 06:00:00,53.16,0.25,113.7
2021-08-02 07:00:00,41.42,0.32,151.82
2021-08-02 08:00:00,41.26,0.3,144.6
2021-08-02 09:00:00,62.69,0.19,116.24
2021-08-02 10:00:00,36.37,0.61,63.48
2021-08-02 11:00:00,25.91,0.68,50.54
2021-08-02 12:00:00,20.12,0.83,39.45
2021-08-02 13:00:00,15.52,0.77,130.86
2021-08-02 14:00:00,12.37,0.38,315.29
2021-08-02 15:00:00,22.74,0.38,112.57
2021-08-02 16:00:00,17.87,0.33,31.53
2021-08-02 17:00:00,20.76,0.78,198.03
2021-08-02 18:00:00,61.88,0.83,31.61
2021-08-02 19:00:00,36.89,0.73,44.18
2021-08-02 20:00:00,34.61,0.61,35.14
2021-08-02 21:00:00,30.92,0.66,29.8
2021-08-02 22:00:00,30.2,0.44,42.45
2021-08-02 23:00:00,23.25,0.39,63.08
2021-08-03 00:00:00,23.51,0.55,41.03
2021-08-03 01:00:00,23.16,0.64,35.4
2021-08-03 02:00:00,19.8,0.68,39.36
2021-08-03 03:00:00,31.08,0.52,34.76
2021-08-03 04:00:00,23.74,0.79,27.6
2021-08-03 05:00:00,47.5,0.85,31.26
2021-08-03 06:00:00,33.3,1.08,23.06
2021-08-03 07:00:00,33.01,0.94,33.01
2021-08-03 08:00:00,27.48,1.03,85.01
2021-08-03 09:00:00,23.74,1.01,63.39
2021-08-03 10:00:00,19.86,0.88,37.58
2021-08-03 11:00:00,27.09,1.25,53.94
2021-08-03 12:00:00,27.72,1.46,70.48
2021-08-03 13:00:00,21.33,1.56,65.16
2021-08-03 14:00:00,21.19,1.55,89.46
2021-08-03 15:00:00,21.55,1.2,94.83
2021-08-03 16:00:00,19.39,1.56,109.76
2021-08-03 17:00:00,24.68,1.24,89.99
2021-08-03 18:00:00,21.19,0.92,99.75
2021-08-03 19:00:00,21.58,0.9,135.75
2021-08-03 20:00:00,37.8,0.54,120.46
2021-08-03 21:00:00,56.56,0.72,102.82
2021-08-03 22:00:00,35.62,0.55,85.11
2021-08-03 23:00:00,46.18,0.71,89.18
2021-08-04 00:00:00,28.36,0.68,29.31
2021-08-04 01:00:00,22.12,0.9,33.8
2021-08-04 02:00:00,34.58,0.66,61.94
2021-08-04 03:00:00,23.1,0.64,66.32
2021-08-04 04:00:00,30.32,0.7,73.45
2021-08-04 05:00:00,25.56,0.87,120.6
2021-08-04 06:00:00,19.7,0.87,113.0
2021-08-04 07:00:00,18.3,1.47,115.44
2021-08-04 08:00:00,18.39,1.22,106.89
2021-08-04 09:00:00,20.35,1.22,83.92
2021-08-04 10:00:00,20.35,1.0,57.65
2021-08-04 11:00:00,16.85,1.12,63.44
2021-08-04 12:00:00,13.35,1.22,86.62
2021-08-04 13:00:00,17.19,1.09,104.81
2021-08-04 14:00:00,14.01,0.98,82.93
2021-08-04 15:00:00,37.56,1.12,113.89
2021-08-04 16:00:00,26.43,0.8,111.36
2021-08-04 17:00:00,20.32,0.8,119.56
2021-08-04 18:00:00,15.61,0.65,153.36
2021-08-04 19:00:00,35.02,0.47,123.78
2021-08-04 20:00:00,27.15,0.37,129.44
2021-08-04 21:00:00,42.17,0.26,118.87
2021-08-04 22:00:00,72.88,0.3,97.78
2021-08-04 23:00:00,53.92,0.28,97.23
2021-08-05 00:00:00,61.74,0.22,96.4
2021-08-05 01:00:00,69.66,0.31,97.31
2021-08-05 02:00:00,59.44,0.56,46.69
2021-08-05 03:00:00,37.39,0.54,76.54
2021-08-05 04:00:00,57.79,0.45,76.84
2021-08-05 05:00:00,38.35,0.34,117.13
2021-08-05 06:00:00,28.84,0.62,134.11
2021-08-05 07:00:00,41.22,0.72,153.24
2021-08-05 08:00:00,28.7,0.72,169.14
2021-08-05 09:00:00,27.64,0.51,139.18
2021-08-05 10:00:00,18.78,0.84,113.32
2021-08-05 11:00:00,39.71,0.96,57.17
2021-08-05 12:00:00,31.74,1.58,45.13
2021-08-05 13:00:00,21.74,0.85,62.59
2021-08-05 14:00:00,21.74,0.54,68.34
2021-08-05 15:00:00,42.3,0.61,45.62
2021-08-05 16:00:00,32.16,0.49,46.46
2021-08-05 17:00:00,24.58,0.94,54.68
2021-08-05 18:00:00,43.12,0.81,45.12
2021-08-05 19:00:00,30.14,0.72,98.1
2021-08-05 20:00:00,36.36,0.87,22.42
2021-08-05 21:00:00,27.39,0.88,37.43
2021-08-05 22:00:00,18.98,0.59,43.03
2021-08-05 23:00:00,21.74,0.7,44.45
2021-08-06 00:00:00,16.21,0.8,36.08
2021-08-06 01:00:00,34.62,0.48,149.37
2021-08-06 02:00:00,26.96,0.28,65.58
2021-08-06 03:00:00,51.11,0.36,72.33
2021-08-06 04:00:00,42.3,0.34,75.88
2021-08-06 05:00:00,39.11,0.3,47.97
2021-08-06 06:00:00,75.51,0.53,42.45
2021-08-06 07:00:00,42.25,0.52,48.4
2021-08-06 08:00:00,27.52,0.6,84.89
2021-08-06 09:00:00,20.88,0.67,124.0
2021-08-06 10:00:00,16.23,0.33,137.57
2021-08-06 11:00:00,33.75,0.58,121.76
2021-08-06 12:00:00,41.29,0.53,260.22
2021-08-06 13:00:00,25.61,0.71,190.74
2021-08-06 14:00:00,22.8,1.08,76.55
2021-08-06 15:00:00,44.56,0.86,39.29
2021-08-06 16:00:00,60.41,0.95,31.31
2021-08-06 17:00:00,41.7,0.99,62.06
2021-08-06 18:00:00,29.5,0.9,77.6
2021-08-06 19:00:00,41.61,0.61,55.14
2021-08-06 20:00:00,33.48,0.33,143.87
2021-08-06 21:00:00,28.26,0.42,150.53
2021-08-06 22:00:00,25.2,0.43,164.14
2021-08-06 23:00:00,29.46,0.38,146.5
2021-08-07 00:00:00,40.8,0.55,104.84
2021-08-07 01:00:00,57.62,0.34,128.49
2021-08-07 02:00:00,36.1,0.22,179.44
2021-08-07 03:00:00,30.07,0.57,153.49
2021-08-07 04:00:00,31.14,0.35,165.53
2021-08-07 05:00:00,40.09,0.22,143.8
2021-08-07 06:00:00,49.58,0.66,80.7
2021-08-07 07:00:00,55.23,0.28,105.42
2021-08-07 08:00:00,45.36,0.45,131.18
2021-08-07 09:00:00,45.75,0.73,200.72
2021-08-07 10:00:00,32.76,0.5,153.99
2021-08-07 11:00:00,41.78,1.85,107.7
2021-08-07 12:00:00,31.88,1.26,64.35
2021-08-07 13:00:00,21.36,1.05,14.88
2021-08-07 14:00:00,16.94,0.64,59.88
2021-08-07 15:00:00,14.65,0.32,155.24
2021-08-07 16:00:00,18.31,0.31,117.25
2021-08-07 17:00:00,23.69,0.4,112.68
2021-08-07 18:00:00,21.07,0.62,111.99
2021-08-07 19:00:00,22.27,0.5881818181818181,106.00363636363636
2021-08-07 20:00:00,23.47,0.5563636363636364,100.01727272727273
2021-08-07 21:00:00,24.67,0.5245454545454545,94.03090909090909
2021-08-07 22:00:00,,,
2021-08-07 23:00:00,,,
2021-08-08 00:00:00,,,
2021-08-08 01:00:00,,,
2021-08-08 02:00:00,,,
2021-08-08 03:00:00,,,
2021-08-08 04:00:00,,,
2021-08-08 05:00:00,34.27,0.27,46.14
2021-08-08 06:00:00,27.86,0.22,93.7
2021-08-08 07:00:00,42.7,0.23,212.85
2021-08-08 08:00:00,75.98,0.21,201.03
2021-08-08 09:00:00,66.35,0.23,95.79
2021-08-08 10:00:00,42.3,0.28,230.01
2021-08-08 11:00:00,26.03,1.25,306.66
2021-08-08 12:00:00,19.14,1.05,145.82
2021-08-08 13:00:00,20.1,0.46,154.69
2021-08-08 14:00:00,15.06,0.52,272.0
2021-08-08 15:00:00,19.46,0.32,153.39
2021-08-08 16:00:00,18.57,0.23,238.68
2021-08-08 17:00:00,18.8,0.12,97.43
2021-08-08 18:00:00,15.78,0.46,74.67
2021-08-08 19:00:00,15.48,0.18,132.73
2021-08-08 20:00:00,17.34,0.34,88.14
2021-08-08 21:00:00,16.01,0.46,88.37
2021-08-08 22:00:00,36.42,0.41,113.78
2021-08-08 23:00:00,24.93,0.31,181.19
2021-08-09 00:00:00,29.63,0.58,138.12
2021-08-09 01:00:00,26.44,0.32,142.55
2021-08-09 02:00:00,21.44,0.47,165.33
2021-08-09 03:00:00,20.5,0.35,204.44
2021-08-09 04:00:00,16.8,0.21,177.05
2021-08-09 05:00:00,12.02,0.21,81.33
2021-08-09 06:00:00,11.38,0.36,109.8
2021-08-09 07:00:00,49.2,0.22,93.37
2021-08-09 08:00:00,28.78,0.57,60.37
2021-08-09 09:00:00,26.04,0.46,138.93
2021-08-09 10:00:00,38.72,0.52,205.63
2021-08-09 11:00:00,26.06,0.38,234.57
2021-08-09 12:00:00,42.41,0.7,101.75
2021-08-09 13:00:00,32.0,0.48,179.06
2021-08-09 14:00:00,32.32,0.7,65.82
2021-08-09 15:00:00,22.93,0.9,82.09
2021-08-09 16:00:00,43.7,1.1,108.06
2021-08-09 17:00:00,39.04,0.87,128.8
2021-08-09 18:00:00,52.84,0.98,161.05
2021-08-09 19:00:00,57.73,1.01,175.79
2021-08-09 20:00:00,36.58,0.94,182.93
2021-08-09 21:00:00,26.95,0.88,186.34
2021-08-09 22:00:00,31.78,0.72,179.0
2021-08-09 23:00:00,45.64,0.78,183.26
2021-08-10 00:00:00,29.01,0.5,187.95
2021-08-10 01:00:00,25.43,0.36,196.33
2021-08-10 02:00:00,17.49,0.32,202.39
2021-08-10 03:00:00,16.62,0.45,206.44
2021-08-10 04:00:00,16.89,0.4,218.23
2021-08-10 05:00:00,34.4,0.52,222.77
2021-08-10 06:00:00,22.11,0.64,231.61
2021-08-10 07:00:00,19.66,0.87,250.32
2021-08-10 08:00:00,50.66,1.35,256.24
2021-08-10 09:00:00,42.62,1.87,267.37
2021-08-10 10:00:00,30.22,1.5,277.28
2021-08-10 11:00:00,38.44,1.1,287.25
2021-08-10 12:00:00,46.8,1.37,274.05
2021-08-10 13:00:00,29.03,1.05,294.68
2021-08-10 14:00:00,24.44,0.96,292.32
2021-08-10 15:00:00,36.59,1.02,297.63
2021-08-10 16:00:00,49.09,0.77,311.4
2021-08-10 17:00:00,81.06,0.44,317.02
2021-08-10 18:00:00,50.08,0.21,319.05
2021-08-10 19:00:00,72.68,0.1,218.96
2021-08-10 20:00:00,80.25,0.14,201.63
2021-08-10 21:00:00,60.98,0.39,207.95
2021-08-10 22:00:00,83.05,0.98,248.71
2021-08-10 23:00:00,73.21,1.06,258.9
2021-08-11 00:00:00,70.75,1.3,262.0
2021-08-11 01:00:00,43.49,1.38,261.46
2021-08-11 02:00:00,57.54,1.92,259.82
2021-08-11 03:00:00,39.1,1.29,257.64
2021-08-11 04:00:00,29.7,0.81,258.09
2021-08-11 05:00:00,21.75,1.04,252.1
2021-08-11 06:00:00,18.27,1.22,252.93
2021-08-11 07:00:00,25.93,2.14,260.91
2021-08-11 08:00:00,30.58,2.31,268.66
2021-08-11 09:00:00,26.54,2.5,269.05
2021-08-11 10:00:00,29.58,2.3,266.4
2021-08-11 11:00:00,43.08,2.56,262.06
2021-08-11 12:00:00,31.07,2.26,263.18
2021-08-11 13:00:00,24.01,2.07,259.66
2021-08-11 14:00:00,38.03,2.2,258.09
2021-08-11 15:00:00,64.28,1.82,263.67
2021-08-11 16:00:00,43.01,2.0,266.54
2021-08-11 17:00:00,48.77,1.9,264.98
2021-08-11 18:00:00,42.62,1.44,266.86
2021-08-11 19:00:00,30.1,0.98,259.88
2021-08-11 20:00:00,62.65,0.76,251.88
2021-08-11 21:00:00,57.54,0.77,246.54
2021-08-11 22:00:00,57.3,0.9,243.84
2021-08-11 23:00:00,58.8,1.24,248.44
2021-08-12 00:00:00,34.89,1.3,250.79
2021-08-12 01:00:00,42.44,1.11,247.54
2021-08-12 02:00:00,35.72,1.38,256.44
2021-08-12 03:00:00,30.45,1.13,258.2
2021-08-12 04:00:00,30.42,0.66,266.06
2021-08-12 05:00:00,25.96,0.76,249.97
2021-08-12 06:00:00,25.98,1.3,256.42
2021-08-12 07:00:00,57.16,1.97,263.16
2021-08-12 08:00:00,32.75,2.07,267.16
2021-08-12 09:00:00,25.08,2.11,272.5
2021-08-12 10:00:00,33.99,2.09,269.87
2021-08-12 11:00:00,32.51,2.05,266.46
2021-08-12 12:00:00,28.48,1.13,288.72
2021-08-12 13:00:00,39.68,0.66,307.74
2021-08-12 14:00:00,33.64,0.8,297.24
2021-08-12 15:00:00,28.5,0.88,284.48
2021-08-12 16:00:00,60.73,0.96,284.22
2021-08-12 17:00:00,45.23,0.84,286.2
2021-08-12 18:00:00,31.69,0.52,307.45
2021-08-12 19:00:00,24.4,0.43,98.84
2021-08-12 20:00:00,47.22,0.15,94.77
2021-08-12 21:00:00,87.07,0.18,140.99
2021-08-12 22:00:00,134.72,0.33,171.73
2021-08-12 23:00:00,119.46,0.73,232.7
2021-08-13 00:00:00,64.68,1.38,254.84
2021-08-13 01:00:00,42.04,1.21,248.44
2021-08-13 02:00:00,36.35,1.66,252.0
2021-08-13 03:00:00,29.93,1.22,249.0
2021-08-13 04:00:00,21.75,1.6,254.68
2021-08-13 05:00:00,31.49,1.6,255.02
2021-08-13 06:00:00,21.56,1.9,259.36
2021-08-13 07:00:00,21.24,1.95,267.78
2021-08-13 08:00:00,35.01,2.43,264.64
2021-08-13 09:00:00,40.79,1.88,273.08
2021-08-13 10:00:00,31.07,1.74,265.62
2021-08-13 11:00:00,23.93,1.41,271.42
2021-08-13 12:00:00,16.79,0.91,285.84
2021-08-13 13:00:00,12.94,1.24,280.06
2021-08-13 14:00:00,32.61,0.7,289.19
2021-08-13 15:00:00,33.32,0.69,303.52
2021-08-13 16:00:00,45.44,1.3,269.18
2021-08-13 17:00:00,37.85,1.41,260.8
2021-08-13 18:00:00,27.24,1.3,265.02
2021-08-13 19:00:00,29.46,0.36,194.9
2021-08-13 20:00:00,59.38,0.32,86.38
2021-08-13 21:00:00,67.8,0.32,191.01
2021-08-13 22:00:00,114.21,1.07,251.8
2021-08-13 23:00:00,86.7,1.56,263.78
2021-08-14 00:00:00,50.75,1.33,258.0
2021-08-14 01:00:00,34.58,1.17,258.44
2021-08-14 02:00:00,24.83,1.94,255.64
2021-08-14 03:00:00,19.78,1.29,263.08
2021-08-14 04:00:00,20.45,1.26,262.64
2021-08-14 05:00:00,19.51,1.52,261.69
2021-08-14 06:00:00,19.88,1.9,256.73
2021-08-14 07:00:00,38.64,1.65,263.89
2021-08-14 08:00:00,27.7,1.81,267.61
2021-08-14 09:00:00,38.05,2.57,264.7
2021-08-14 10:00:00,26.45,2.12,261.7
2021-08-14 11:00:00,22.98,2.11,263.56
2021-08-14 12:00:00,29.2,1.19,289.54
2021-08-14 13:00:00,19.9,0.84,276.64
2021-08-14 14:00:00,42.37,0.68,313.68
2021-08-14 15:00:00,58.44,0.79,290.02
2021-08-14 16:00:00,50.4,0.91,272.58
2021-08-14 17:00:00,44.49,0.57,288.3
2021-08-14 18:00:00,44.87,0.62,87.24
2021-08-14 19:00:00,43.08,0.31,25.2
2021-08-14 20:00:00,81.1,0.24,74.94
2021-08-14 21:00:00,105.5,0.49,66.38
2021-08-14 22:00:00,118.27,0.55,35.68
2021-08-14 23:00:00,78.98,0.28,109.02
2021-08-15 00:00:00,49.1,0.72,256.19
2021-08-15 01:00:00,57.04,1.44,260.52
2021-08-15 02:00:00,42.94,0.78,261.38
2021-08-15 03:00:00,32.46,0.64,244.53
2021-08-15 04:00:00,28.4,1.08,260.96
2021-08-15 05:00:00,23.55,0.87,250.4
2021-08-15 06:00:00,18.76,1.02,246.54
2021-08-15 07:00:00,22.1,1.42,263.32
2021-08-15 08:00:00,20.62,1.66,273.92
2021-08-15 09:00:00,18.43,1.9,265.56
2021-08-15 10:00:00,32.54,1.61,276.06
2021-08-15 11:00:00,24.84,1.01,281.98
2021-08-15 12:00:00,17.02,0.9,281.4
2021-08-15 13:00:00,14.14,0.76,254.98
2021-08-15 14:00:00,41.83,0.84,292.07
2021-08-15 15:00:00,29.34,0.62,308.45
2021-08-15 16:00:00,25.52,0.54,325.41
2021-08-15 17:00:00,23.06,0.46,317.14
2021-08-15 18:00:00,29.43,0.28,302.8
2021-08-15 19:00:00,53.12,0.23,218.75
2021-08-15 20:00:00,69.64,0.31,90.26
2021-08-15 21:00:00,41.94,0.11,183.43
2021-08-15 22:00:00,54.86,0.12,188.32
2021-08-15 23:00:00,87.96,0.18,102.28
2021-08-16 00:00:00,65.73,0.14,158.61
2021-08-16 01:00:00,87.46,0.42,232.93
2021-08-16 02:00:00,69.79,0.68,264.17
2021-08-16 03:00:00,51.38,1.28,267.18
2021-08-16 04:00:00,44.65,1.43,260.6
2021-08-16 05:00:00,35.38,0.9,256.44
2021-08-16 06:00:00,26.95,1.01,257.39
2021-08-16 07:00:00,48.1,1.03,265.07
2021-08-16 08:00:00,42.7,1.65,264.48
2021-08-16 09:00:00,27.95,1.36,278.52
2021-08-16 10:00:00,47.08,0.6,303.23
2021-08-16 11:00:00,35.4,0.59,293.12
2021-08-16 12:00:00,23.09,0.95,276.73
2021-08-16 13:00:00,53.62,0.45,322.44
2021-08-16 14:00:00,38.36,0.74,290.0
2021-08-16 15:00:00,39.42,0.89,304.88
2021-08-16 16:00:00,42.32,0.69,347.42
2021-08-16 17:00:00,29.27,0.52,330.17
2021-08-16 18:00:00,36.4,0.3,310.23
2021-08-16 19:00:00,65.93,0.31,91.28
2021-08-16 20:00:00,54.7,0.15,75.73
2021-08-16 21:00:00,59.94,0.16,71.19
2021-08-16 22:00:00,82.92,0.15,57.74
2021-08-16 23:00:00,100.56,0.2,158.18
2021-08-17 00:00:00,150.14,0.19,150.23
2021-08-17 01:00:00,129.96,0.19,145.25
2021-08-17 02:00:00,132.79,0.25,164.52
2021-08-17 03:00:00,80.69,0.2,150.07
2021-08-17 04:00:00,80.98,0.19,154.35
2021-08-17 05:00:00,85.06,0.2,180.68
2021-08-17 06:00:00,102.8,0.36,246.26
2021-08-17 07:00:00,91.9,0.63,264.79
2021-08-17 08:00:00,69.08,0.86,264.24
2021-08-17 09:00:00,76.56,0.73,265.14
2021-08-17 10:00:00,86.72,0.75,280.1
2021-08-17 11:00:00,69.51,0.59,247.64
2021-08-17 12:00:00,65.18,0.66,320.22
2021-08-17 13:00:00,62.34,0.71,316.51
2021-08-17 14:00:00,54.11,0.88,333.3
2021-08-17 15:00:00,35.09,0.73,305.62
2021-08-17 16:00:00,21.42,0.83,342.12
2021-08-17 17:00:00,29.72,0.76,344.85
2021-08-17 18:00:00,40.66,0.53,334.74
2021-08-17 19:00:00,57.47,0.49,268.58
2021-08-17 20:00:00,66.33,0.54,9.81
2021-08-17 21:00:00,61.3,0.24,29.64
2021-08-17 22:00:00,61.7,0.1,75.23
2021-08-17 23:00:00,84.77,0.14,104.5
2021-08-18 00:00:00,88.86,0.19,134.97
2021-08-18 01:00:00,62.88,0.19,149.88
2021-08-18 02:00:00,55.78,0.19,148.78
2021-08-18 03:00:00,53.49,0.18,148.74
2021-08-18 04:00:00,73.96,0.14,178.89
2021-08-18 05:00:00,82.15,0.21,184.24
2021-08-18 06:00:00,82.28,0.21,165.52
2021-08-18 07:00:00,110.9,0.34,179.37
2021-08-18 08:00:00,95.47,0.65,249.06
2021-08-18 09:00:00,68.42,0.21,225.0
2021-08-18 10:00:00,58.14,0.5,207.89
2021-08-18 11:00:00,80.12,0.5,307.39
2021-08-18 12:00:00,53.52,0.78,314.18
2021-08-18 13:00:00,53.22,0.77,346.49
2021-08-18 14:00:00,65.42,1.23,353.57
2021-08-18 15:00:00,57.22,1.16,261.8
2021-08-18 16:00:00,46.81,1.12,348.15
2021-08-18 17:00:00,53.17,0.9,264.34
2021-08-18 18:00:00,43.3,0.52,325.58
2021-08-18 19:00:00,41.24,0.36,266.67
2021-08-18 20:00:00,53.1,0.24,139.38
2021-08-18 21:00:00,72.56,0.18,135.68
2021-08-18 22:00:00,113.42,0.24,80.74
2021-08-18 23:00:00,107.82,0.24,67.85
2021-08-19 00:00:00,115.69,0.18,120.42
2021-08-19 01:00:00,97.5,0.32,111.24
2021-08-19 02:00:00,110.66,0.27,83.21
2021-08-19 03:00:00,66.12,0.15,104.18
2021-08-19 04:00:00,76.44,0.22,184.99
2021-08-19 05:00:00,90.74,0.29,180.74
2021-08-19 06:00:00,89.35,0.21,206.45
2021-08-19 07:00:00,84.22,0.38,206.23
2021-08-19 08:00:00,89.62,0.16,153.43
2021-08-19 09:00:00,79.4,0.09,213.96
2021-08-19 10:00:00,79.58,0.33,197.25
2021-08-19 11:00:00,61.9,0.8,38.38
2021-08-19 12:00:00,45.16,1.03,27.63
2021-08-19 13:00:00,79.03,1.25,37.83
2021-08-19 14:00:00,94.02,0.74,35.11
2021-08-19 15:00:00,66.54,0.82,186.22
2021-08-19 16:00:00,78.01,0.86,178.73
2021-08-19 17:00:00,74.45,0.9,114.29
2021-08-19 18:00:00,66.41,0.87,37.29
2021-08-19 19:00:00,67.09,0.66,93.34
2021-08-19 20:00:00,95.06,1.03,136.42
2021-08-19 21:00:00,58.29,0.95,127.35
2021-08-19 22:00:00,66.57,1.06,149.78
2021-08-19 23:00:00,66.26,1.37,138.08
2021-08-20 00:00:00,41.19,0.99,164.94
2021-08-20 01:00:00,57.37,0.96,168.44
2021-08-20 02:00:00,46.17,0.88,180.09
2021-08-20 03:00:00,30.99,0.79,196.38
2021-08-20 04:00:00,53.16,0.82,173.56
2021-08-20 05:00:00,63.83,1.1,132.91
2021-08-20 06:00:00,47.73,1.15,140.78
2021-08-20 07:00:00,76.86,1.45,141.97
2021-08-20 08:00:00,47.95,1.41,137.43
2021-08-20 09:00:00,51.92,1.63,121.37
2021-08-20 10:00:00,32.28,1.94,42.46
2021-08-20 11:00:00,48.37,1.39,49.8
2021-08-20 12:00:00,45.0,1.24,59.65
2021-08-20 13:00:00,50.14,1.57,79.39
2021-08-20 14:00:00,34.62,1.48,84.58
2021-08-20 15:00:00,25.41,0.68,94.94
2021-08-20 16:00:00,23.04,0.72,57.72
2021-08-20 17:00:00,20.72,0.76,41.35
2021-08-20 18:00:00,20.82,0.53,39.8
2021-08-20 19:00:00,18.83,0.82,55.28
2021-08-20 20:00:00,20.74,0.85,40.52
2021-08-20 21:00:00,20.44,0.76,60.38
2021-08-20 22:00:00,14.25,0.84,64.44
2021-08-20 23:00:00,15.66,0.99,41.26
2021-08-21 00:00:00,19.14,0.79,57.76
2021-08-21 01:00:00,20.36,0.77,36.46
2021-08-21 02:00:00,15.95,0.54,69.33
2021-08-21 03:00:00,17.71,0.89,86.31
2021-08-21 04:00:00,17.72,0.48,48.4
2021-08-21 05:00:00,15.6,0.47,15.68
2021-08-21 06:00:00,15.4,1.0,71.9
2021-08-21 07:00:00,18.21,0.94,109.33
2021-08-21 08:00:00,16.5,0.74,29.68
2021-08-21 09:00:00,19.46,0.65,67.12
2021-08-21 10:00:00,19.6,0.78,61.54
2021-08-21 11:00:00,18.51,1.42,106.41
2021-08-21 12:00:00,20.81,1.28,98.42
2021-08-21 13:00:00,19.79,1.42,119.76
2021-08-21 14:00:00,19.35,1.17,129.47
2021-08-21 15:00:00,20.87,0.78,143.08
2021-08-21 16:00:00,21.01,0.95,79.16
2021-08-21 17:00:00,20.19,1.34,66.4
2021-08-21 18:00:00,19.38,0.56,70.91
2021-08-21 19:00:00,14.29,0.74,81.36
2021-08-21 20:00:00,15.63,0.86,95.66
2021-08-21 21:00:00,26.76,1.27,105.79
2021-08-21 22:00:00,23.06,1.49,122.43
2021-08-21 23:00:00,17.43,1.17,126.86
2021-08-22 00:00:00,17.19,1.18,135.03
2021-08-22 01:00:00,16.27,1.13,131.13
2021-08-22 02:00:00,15.29,1.02,131.66
2021-08-22 03:00:00,14.1,0.99,128.02
2021-08-22 04:00:00,17.55,1.02,135.16
2021-08-22 05:00:00,20.18,1.08,134.82
2021-08-22 06:00:00,22.34,1.03,143.12
2021-08-22 07:00:00,23.25,1.3,138.48
2021-08-22 08:00:00,18.21,1.27,143.04
2021-08-22 09:00:00,20.08,1.39,154.48
2021-08-22 10:00:00,26.08,1.23,158.15
2021-08-22 11:00:00,24.55,1.09,147.76
2021-08-22 12:00:00,20.96,1.1,116.47
2021-08-22 13:00:00,20.31,1.04,134.21
2021-08-22 14:00:00,40.04,1.24,127.89
2021-08-22 15:00:00,27.05,1.18,135.57
2021-08-22 16:00:00,24.84,1.09,148.49
2021-08-22 17:00:00,23.75,0.82,122.35
2021-08-22 18:00:00,27.06,0.64,156.57
2021-08-22 19:00:00,53.85,0.48,179.86
2021-08-22 20:00:00,33.63,0.43,185.84
2021-08-22 21:00:00,22.86,0.36,152.32
2021-08-22 22:00:00,30.77,0.35,131.99
2021-08-22 23:00:00,45.81,0.5,90.41
2021-08-23 00:00:00,36.78,0.48,120.61
2021-08-23 01:00:00,24.67,0.64,178.78
2021-08-23 02:00:00,17.39,0.16,119.66
2021-08-23 03:00:00,18.02,0.22,182.88
2021-08-23 04:00:00,17.57,0.37,118.72
2021-08-23 05:00:00,19.19,0.32,109.82
2021-08-23 06:00:00,18.57,0.78,85.68
2021-08-23 07:00:00,21.99,0.92,94.66
2021-08-23 08:00:00,17.32,0.67,154.69
2021-08-23 09:00:00,20.95,0.72,137.33
2021-08-23 10:00:00,19.16,0.77,199.74
2021-08-23 11:00:00,20.57,0.68,253.99
2021-08-23 12:00:00,34.58,0.27,288.99
2021-08-23 13:00:00,25.77,0.51,109.84
2021-08-23 14:00:00,43.2,0.96,253.45
2021-08-23 15:00:00,37.79,0.44,293.05
2021-08-23 16:00:00,38.19,0.65,263.26
2021-08-23 17:00:00,21.14,0.9,271.9
2021-08-23 18:00:00,25.66,0.75,255.42
2021-08-23 19:00:00,16.24,0.57,247.72
2021-08-23 20:00:00,41.51,0.36,236.67
2021-08-23 21:00:00,26.32,0.63,257.41
2021-08-23 22:00:00,36.98,0.22,188.13
2021-08-23 23:00:00,54.55,0.16,158.23
2021-08-24 00:00:00,37.04,0.18,169.74
2021-08-24 01:00:00,49.75,0.31,227.15
2021-08-24 02:00:00,69.46,0.31,224.09
2021-08-24 03:00:00,40.45,0.98,266.94
2021-08-24 04:00:00,52.35,0.29,263.14
2021-08-24 05:00:00,35.09,0.12,199.74
2021-08-24 06:00:00,21.02,0.08,171.18
2021-08-24 07:00:00,22.77,0.46,264.23
2021-08-24 08:00:00,25.66,0.98,263.17
2021-08-24 09:00:00,18.24,1.36,260.19
2021-08-24 10:00:00,14.8,0.98,266.95
2021-08-24 11:00:00,19.23,1.1,269.03
2021-08-24 12:00:00,16.9,1.21,269.62
2021-08-24 13:00:00,13.46,1.27,278.8
2021-08-24 14:00:00,18.12,0.87,277.5
2021-08-24 15:00:00,12.16,0.58,307.52
2021-08-24 16:00:00,6.18,0.26,247.69
2021-08-24 17:00:00,15.94,0.15,83.35
2021-08-24 18:00:00,39.86,0.17,135.17
2021-08-24 19:00:00,82.56,0.2,135.99
2021-08-24 20:00:00,76.84,0.26,138.23
2021-08-24 21:00:00,62.09,0.7,156.06
2021-08-24 22:00:00,53.31,1.03,172.93
2021-08-24 23:00:00,56.24,0.9,177.86
2021-08-25 00:00:00,30.45,0.79,178.89
2021-08-25 01:00:00,30.36,0.66,169.05
2021-08-25 02:00:00,20.02,0.63,190.23
2021-08-25 03:00:00,15.27,0.52,190.6
2021-08-25 04:00:00,9.41,0.48,211.48
2021-08-25 05:00:00,42.46,0.98,239.25
2021-08-25 06:00:00,26.3,2.12,262.9
2021-08-25 07:00:00,20.51,2.66,260.4
2021-08-25 08:00:00,11.68,2.46,263.16
2021-08-25 09:00:00,11.25,2.19,269.72
2021-08-25 10:00:00,37.16,2.97,267.35
2021-08-25 11:00:00,27.34,2.78,260.1
2021-08-25 12:00:00,17.915,2.43,267.35
2021-08-25 13:00:00,8.49,2.28,265.28
2021-08-25 14:00:00,10.22,1.94,263.9
2021-08-25 15:00:00,16.43,2.39,261.31
2021-08-25 16:00:00,51.23,2.07,269.68
2021-08-25 17:00:00,33.24,1.54,269.65
2021-08-25 18:00:00,22.39,1.53,261.67
2021-08-25 19:00:00,38.36,1.1,247.32
2021-08-25 20:00:00,52.12,0.89,243.63
2021-08-25 21:00:00,44.47,1.4,248.65
2021-08-25 22:00:00,30.56,1.9,255.69
2021-08-25 23:00:00,28.14,2.28,258.67
2021-08-26 00:00:00,19.68,2.0,250.49
2021-08-26 01:00:00,20.64,1.55,248.79
2021-08-26 02:00:00,17.92,1.03,235.07
2021-08-26 03:00:00,34.75,1.68,250.98
2021-08-26 04:00:00,21.82,1.96,258.48
2021-08-26 05:00:00,21.58,2.07,254.61
2021-08-26 06:00:00,27.88,2.12,258.98
2021-08-26 07:00:00,41.11,2.23,266.3
2021-08-26 08:00:00,29.73,2.2,269.07
2021-08-26 09:00:00,53.55,2.23,271.91
2021-08-26 10:00:00,58.62,1.88,271.48
2021-08-26 11:00:00,66.79,1.6,273.85
2021-08-26 12:00:00,81.14,1.43,271.74
2021-08-26 13:00:00,52.09,1.29,267.03
2021-08-26 14:00:00,31.95,1.0,268.69
2021-08-26 15:00:00,25.37,0.87,280.53
2021-08-26 16:00:00,20.43,0.5,311.22
2021-08-26 17:00:00,40.91,0.38,251.54
2021-08-26 18:00:00,45.77,0.3,247.48
2021-08-26 19:00:00,55.53,0.58,243.02
2021-08-26 20:00:00,66.44,0.97,253.7
2021-08-26 21:00:00,64.4,0.78,248.15
2021-08-26 22:00:00,48.08,0.4,181.94
2021-08-26 23:00:00,89.8,0.58,213.63
2021-08-27 00:00:00,58.57,0.9,230.16
2021-08-27 01:00:00,33.54,0.64,222.38
2021-08-27 02:00:00,40.2,0.62,221.82
2021-08-27 03:00:00,35.12,0.69,230.88
2021-08-27 04:00:00,31.27,0.59,224.98
2021-08-27 05:00:00,27.51,0.92,232.61
2021-08-27 06:00:00,26.85,1.14,248.39
2021-08-27 07:00:00,26.04,0.99,249.38
2021-08-27 08:00:00,27.9,1.56,267.14
2021-08-27 09:00:00,73.04,1.83,270.93
2021-08-27 10:00:00,48.47,1.47,266.15
2021-08-27 11:00:00,37.04,0.84,274.8
2021-08-27 12:00:00,52.46,0.57,289.95
2021-08-27 13:00:00,38.98,0.47,223.96
2021-08-27 14:00:00,38.29,0.7,201.59
2021-08-27 15:00:00,80.49,0.27,165.25
2021-08-27 16:00:00,96.18,0.43,247.48
2021-08-27 17:00:00,90.31,0.38,15.77
2021-08-27 18:00:00,63.44,0.37,46.82
2021-08-27 19:00:00,60.32,0.48,61.54
2021-08-27 20:00:00,105.14,0.78,123.84
2021-08-27 21:00:00,85.32,0.88,174.5
2021-08-27 22:00:00,77.1,0.9,181.2
2021-08-27 23:00:00,48.48,1.08,173.13
2021-08-28 00:00:00,33.24,0.78,194.68
2021-08-28 01:00:00,26.03,0.54,197.91
2021-08-28 02:00:00,53.99,0.77,190.9
2021-08-28 03:00:00,63.73,0.66,191.1
2021-08-28 04:00:00,37.38,0.33,188.59
2021-08-28 05:00:00,53.45,0.51,247.82
2021-08-28 06:00:00,34.67,0.39,265.61
2021-08-28 07:00:00,24.84,0.17,173.11
2021-08-28 08:00:00,18.0,0.16,137.44
2021-08-28 09:00:00,55.24,0.27,201.22
2021-08-28 10:00:00,66.12,0.32,213.08
2021-08-28 11:00:00,44.5,0.6,278.51
2021-08-28 12:00:00,44.63,0.5,106.63
2021-08-28 13:00:00,57.83,0.28,276.4
2021-08-28 14:00:00,50.56,1.17,140.68
2021-08-28 15:00:00,54.06,1.1,81.67
2021-08-28 16:00:00,35.12,1.1,85.61
2021-08-28 17:00:00,22.5,0.53,73.19
2021-08-28 18:00:00,19.7,0.93,106.16
2021-08-28 19:00:00,19.66,0.85,115.11
2021-08-28 20:00:00,24.22,0.94,132.53
2021-08-28 21:00:00,42.96,1.0,137.06
2021-08-28 22:00:00,41.53,0.92,136.43
2021-08-28 23:00:00,31.91,0.79,137.39
2021-08-29 00:00:00,24.8,0.94,128.85
2021-08-29 01:00:00,19.6,0.93,143.21
2021-08-29 02:00:00,20.1,0.73,158.82
2021-08-29 03:00:00,19.1,0.66,172.43
2021-08-29 04:00:00,27.15,0.53,149.18
2021-08-29 05:00:00,24.03,0.86,129.76
2021-08-29 06:00:00,23.45,0.64,135.9
2021-08-29 07:00:00,38.06,0.83,129.85
2021-08-29 08:00:00,23.19,0.8,100.43
2021-08-29 09:00:00,20.09,0.76,117.28
2021-08-29 10:00:00,15.08,0.49,127.48
2021-08-29 11:00:00,16.28,0.7,181.64
2021-08-29 12:00:00,35.06,1.09,135.74
2021-08-29 13:00:00,28.66,0.85,106.19
2021-08-29 14:00:00,18.93,0.8,126.89
2021-08-29 15:00:00,48.92,0.74,177.93
2021-08-29 16:00:00,47.93,0.56,191.51
2021-08-29 17:00:00,33.8,0.74,170.18
2021-08-29 18:00:00,53.08,1.07,157.32
2021-08-29 19:00:00,66.04,1.04,152.35
2021-08-29 20:00:00,56.51,1.27,155.88
2021-08-29 21:00:00,75.73,1.42,157.85
2021-08-29 22:00:00,43.7,1.67,143.46
2021-08-29 23:00:00,31.14,1.37,132.98
2021-08-30 00:00:00,26.7,1.16,128.43
2021-08-30 01:00:00,22.41,1.6,128.49
2021-08-30 02:00:00,20.52,1.08,125.05
2021-08-30 03:00:00,15.03,1.04,123.38
2021-08-30 04:00:00,16.18,0.94,113.52
2021-08-30 05:00:00,14.64,0.72,95.88
2021-08-30 06:00:00,18.63,0.63,81.59
2021-08-30 07:00:00,20.99,0.68,40.18
2021-08-30 08:00:00,20.18,0.74,58.07
2021-08-30 09:00:00,21.84,0.81,57.33
2021-08-30 10:00:00,18.9,0.78,78.45
2021-08-30 11:00:00,18.0,0.8,81.21
2021-08-30 12:00:00,16.8,1.1,77.63
2021-08-30 13:00:00,14.39,0.98,79.7
2021-08-30 14:00:00,18.48,1.0,89.66
2021-08-30 15:00:00,20.14,1.16,83.15
2021-08-30 16:00:00,14.81,1.34,99.94
2021-08-30 17:00:00,19.48,1.06,116.32
2021-08-30 18:00:00,16.6,1.1,120.92
2021-08-30 19:00:00,60.69,1.15,133.26
2021-08-30 20:00:00,49.97,1.27,126.92
2021-08-30 21:00:00,63.19,1.04,136.08
2021-08-30 22:00:00,43.36,1.07,125.5
2021-08-30 23:00:00,28.51,1.55,124.88
2021-08-31 00:00:00,23.85,1.24,118.38
2021-08-31 01:00:00,29.9,1.27,121.34
2021-08-31 02:00:00,24.38,1.2,116.77
2021-08-31 03:00:00,19.02,1.25,95.6
2021-08-31 04:00:00,20.62,0.95,85.04
2021-08-31 05:00:00,13.83,1.23,112.36
2021-08-31 06:00:00,18.0,1.1,125.23
2021-08-31 07:00:00,14.34,0.93,137.04
2021-08-31 08:00:00,12.43,1.12,120.38
2021-08-31 09:00:00,15.61,1.09,114.23
2021-08-31 10:00:00,16.34,1.39,121.51
2021-08-31 11:00:00,39.4,1.0,164.96
2021-08-31 12:00:00,28.09,0.86,168.7
2021-08-31 13:00:00,24.78,0.96,129.99
2021-08-31 14:00:00,23.880000000000003,0.63,34.93
2021-08-31 15:00:00,22.98,0.72,45.81
2021-08-31 16:00:00,16.2,0.87,101.24
2021-08-31 17:00:00,16.3,0.73,129.25
2021-08-31 18:00:00,13.4,0.7,112.55
2021-08-31 19:00:00,26.42,0.54,88.59
2021-08-31 20:00:00,39.44,0.7,54.77
2021-08-31 21:00:00,30.44,0.86,76.78
2021-08-31 22:00:00,23.89,0.66,85.75
2021-08-31 23:00:00,20.96,0.34,81.96
2021-09-01 00:00:00,29.25,0.66,101.26
2021-09-01 01:00:00,24.32,0.76,106.02
2021-09-01 02:00:00,15.68,0.57,64.94
2021-09-01 03:00:00,11.57,0.64,24.67
2021-09-01 04:00:00,12.6,0.55,32.49
2021-09-01 05:00:00,11.68,0.8,29.15
2021-09-01 06:00:00,31.58,0.52,92.71
2021-09-01 07:00:00,24.29,0.46,68.3
2021-09-01 08:00:00,22.67,1.28,96.26
2021-09-01 09:00:00,19.44,0.39,122.79
2021-09-01 10:00:00,19.93,1.68,108.8
2021-09-01 11:00:00,15.36,1.35,28.77
2021-09-01 12:00:00,11.19,1.21,90.76
2021-09-01 13:00:00,10.74,0.9,96.53
2021-09-01 14:00:00,15.38,0.97,14.18
2021-09-01 15:00:00,12.13,0.68,25.02
2021-09-01 16:00:00,13.84,0.49,59.68
2021-09-01 17:00:00,13.75,0.59,72.81
2021-09-01 18:00:00,15.47,0.52,49.48
2021-09-01 19:00:00,13.86,0.58,34.18
2021-09-01 20:00:00,30.83,0.57,44.62
2021-09-01 21:00:00,30.63,0.51,48.02
2021-09-01 22:00:00,20.37,0.16,92.32
2021-09-01 23:00:00,21.7,0.33,119.54
2021-09-02 00:00:00,19.38,0.29,103.74
2021-09-02 01:00:00,18.34,0.28,88.54
2021-09-02 02:00:00,21.2,0.49,42.67
2021-09-02 03:00:00,34.2,0.68,32.02
2021-09-02 04:00:00,32.52,0.36,67.53
2021-09-02 05:00:00,30.84,0.75,32.08
2021-09-02 06:00:00,35.36,0.52,88.33
2021-09-02 07:00:00,22.72,1.1,115.54
2021-09-02 08:00:00,20.01,0.81,68.26
2021-09-02 09:00:00,16.81,0.66,45.36
2021-09-02 10:00:00,18.23,0.81,54.48
2021-09-02 11:00:00,15.13,0.93,84.7
2021-09-02 12:00:00,16.17,0.64,68.41
2021-09-02 13:00:00,16.05,0.96,50.88
2021-09-02 14:00:00,19.11,1.06,53.15
2021-09-02 15:00:00,16.07,0.89,64.59
2021-09-02 16:00:00,18.99,0.88,69.97
2021-09-02 17:00:00,17.15,0.42,92.98
2021-09-02 18:00:00,16.62,0.39,112.06
2021-09-02 19:00:00,17.01,0.28,122.3
2021-09-02 20:00:00,26.1,0.31,137.35
2021-09-02 21:00:00,39.0,0.41,147.49
2021-09-02 22:00:00,26.06,0.59,185.31
2021-09-02 23:00:00,39.1,0.29,116.94
2021-09-03 00:00:00,23.12,0.18,173.33
2021-09-03 01:00:00,22.36,0.4,198.97
2021-09-03 02:00:00,15.22,0.66,121.11
2021-09-03 03:00:00,11.11,0.6,34.8
2021-09-03 04:00:00,36.82,0.81,24.85
2021-09-03 05:00:00,23.21,1.18,33.81
2021-09-03 06:00:00,22.38,0.57,72.21
2021-09-03 07:00:00,33.23,0.53,82.83
2021-09-03 08:00:00,32.31,0.9,111.15
2021-09-03 09:00:00,27.1,0.98,114.11
2021-09-03 10:00:00,21.62,0.96,126.2
2021-09-03 11:00:00,19.64,0.99,153.83
2021-09-03 12:00:00,17.66,1.17,160.34
2021-09-03 13:00:00,15.68,1.25,167.54
2021-09-03 14:00:00,19.08,1.32,169.89
2021-09-03 15:00:00,15.3,1.27,191.22
2021-09-03 16:00:00,14.24,0.8,188.54
2021-09-03 17:00:00,12.26,1.38,259.2
2021-09-03 18:00:00,11.97,0.66,278.64
2021-09-03 19:00:00,15.7,0.84,186.58
2021-09-03 20:00:00,27.71,0.52,142.87
2021-09-03 21:00:00,30.28,0.26,184.33
2021-09-03 22:00:00,20.69,0.34,231.3
2021-09-03 23:00:00,46.88,0.37,35.83
2021-09-04 00:00:00,31.7,0.43,85.03
2021-09-04 01:00:00,20.59,0.41,64.27
2021-09-04 02:00:00,18.48,0.19,44.98
2021-09-04 03:00:00,19.5,0.57,132.38
2021-09-04 04:00:00,19.65,0.36,149.76
2021-09-04 05:00:00,14.77,0.35,115.44
2021-09-04 06:00:00,35.38,0.92,28.14
2021-09-04 07:00:00,25.66,0.88,82.92
2021-09-04 08:00:00,22.37,1.16,111.97
2021-09-04 09:00:00,27.47,0.88,141.29
2021-09-04 10:00:00,24.86,0.78,171.54
2021-09-04 11:00:00,19.84,0.71,168.74
2021-09-04 12:00:00,13.97,0.71,183.18
2021-09-04 13:00:00,11.47,1.18,213.77
2021-09-04 14:00:00,11.83,0.66,214.14
2021-09-04 15:00:00,14.98,0.86,32.77
2021-09-04 16:00:00,15.38,0.62,48.11
2021-09-04 17:00:00,17.06,0.24,139.44
2021-09-04 18:00:00,19.86,0.36,204.8
2021-09-04 19:00:00,16.49,0.2,134.95
2021-09-04 20:00:00,24.97,0.3,128.41
2021-09-04 21:00:00,25.18,0.34,170.58
2021-09-04 22:00:00,20.24,0.61,183.16
2021-09-04 23:00:00,28.47,0.54,182.0
2021-09-05 00:00:00,19.54,0.24,176.2
2021-09-05 01:00:00,15.62,0.38,147.64
2021-09-05 02:00:00,12.33,0.36,126.38
2021-09-05 03:00:00,15.81,0.34,129.49
2021-09-05 04:00:00,17.56,0.42,150.46
2021-09-05 05:00:00,24.43,0.5,153.78
2021-09-05 06:00:00,23.51,0.42,142.61
2021-09-05 07:00:00,49.08,0.59,133.3
2021-09-05 08:00:00,28.13,0.92,124.52
2021-09-05 09:00:00,23.64,0.7,136.13
2021-09-05 10:00:00,22.94,0.72,166.58
2021-09-05 11:00:00,22.85,0.69,174.16
2021-09-05 12:00:00,16.22,1.0,206.26
2021-09-05 13:00:00,13.71,0.32,148.31
2021-09-05 14:00:00,16.81,0.22,169.46
2021-09-05 15:00:00,12.59,0.22,172.31
2021-09-05 16:00:00,14.7,0.3,163.85
2021-09-05 17:00:00,15.4,0.36,276.39
2021-09-05 18:00:00,18.52,0.17,142.8
2021-09-05 19:00:00,15.73,0.2,134.83
2021-09-05 20:00:00,50.14,0.2,125.14
2021-09-05 21:00:00,53.53,0.21,133.78
2021-09-05 22:00:00,49.23,0.21,159.8
2021-09-05 23:00:00,49.53,0.22,147.49
2021-09-06 00:00:00,39.16,0.2,160.08
2021-09-06 01:00:00,26.52,0.2,162.57
2021-09-06 02:00:00,39.03,0.21,130.76
2021-09-06 03:00:00,34.15,0.31,100.1
2021-09-06 04:00:00,25.91,0.25,101.52
2021-09-06 05:00:00,22.35,0.19,70.82
2021-09-06 06:00:00,63.7,0.23,91.54
2021-09-06 07:00:00,64.74,0.45,131.61
2021-09-06 08:00:00,36.51,0.5,159.74
2021-09-06 09:00:00,24.28,0.8,137.82
2021-09-06 10:00:00,36.86,0.97,179.83
2021-09-06 11:00:00,31.4,0.46,183.86
2021-09-06 12:00:00,23.3,0.79,187.79
2021-09-06 13:00:00,22.48,0.7,166.44
2021-09-06 14:00:00,21.09,0.48,208.54
2021-09-06 15:00:00,20.82,0.73,192.77
2021-09-06 16:00:00,23.555,0.52,163.56
2021-09-06 17:00:00,26.29,0.5,79.62
2021-09-06 18:00:00,21.94,0.58,50.32
2021-09-06 19:00:00,21.341538461538462,0.6,55.70461538461539
2021-09-06 20:00:00,20.743076923076924,0.62,61.08923076923077
2021-09-06 21:00:00,20.144615384615385,0.6399999999999999,66.47384615384615
2021-09-06 22:00:00,,,
2021-09-06 23:00:00,,,
2021-09-07 00:00:00,,,
2021-09-07 01:00:00,,,
2021-09-07 02:00:00,,,
2021-09-07 03:00:00,,,
2021-09-07 04:00:00,,,
2021-09-07 05:00:00,,,
2021-09-07 06:00:00,,,
2021-09-07 07:00:00,14.16,0.84,120.32
2021-09-07 08:00:00,39.99,0.95,125.8
2021-09-07 09:00:00,24.43,1.21,123.96
2021-09-07 10:00:00,22.01,1.26,124.22
2021-09-07 11:00:00,17.82,1.16,128.86
2021-09-07 12:00:00,16.18,1.4,125.47
2021-09-07 13:00:00,19.11,1.1,126.42
2021-09-07 14:00:00,27.29,0.97,106.7
2021-09-07 15:00:00,20.63,0.7,71.3
2021-09-07 16:00:00,19.47,0.67,41.67
2021-09-07 17:00:00,37.09,0.87,28.16
2021-09-07 18:00:00,41.11,0.92,68.46
2021-09-07 19:00:00,29.74,0.66,34.75
2021-09-07 20:00:00,23.43,0.85,33.76
2021-09-07 21:00:00,32.72,0.85,32.96
2021-09-07 22:00:00,27.33,0.55,55.66
2021-09-07 23:00:00,22.04,0.41,51.39
2021-09-08 00:00:00,22.12,0.81,96.76
2021-09-08 01:00:00,19.58,1.09,122.54
2021-09-08 02:00:00,18.04,0.86,119.19
2021-09-08 03:00:00,15.56,1.04,112.47
2021-09-08 04:00:00,19.42,1.17,117.33
2021-09-08 05:00:00,13.23,1.38,114.18
2021-09-08 06:00:00,14.52,1.42,123.81
2021-09-08 07:00:00,18.61,1.62,120.86
2021-09-08 08:00:00,43.28,1.52,120.74
2021-09-08 09:00:00,26.7,1.92,113.3
2021-09-08 10:00:00,19.45,1.7,119.54
2021-09-08 11:00:00,14.62,1.48,129.12
2021-09-08 12:00:00,16.39,1.4,130.54
2021-09-08 13:00:00,15.26,1.57,128.12
2021-09-08 14:00:00,18.75,1.24,120.43
2021-09-08 15:00:00,12.9,1.52,107.19
2021-09-08 16:00:00,15.25,1.29,100.58
2021-09-08 17:00:00,18.21,1.18,119.06
2021-09-08 18:00:00,13.5,0.97,111.74
2021-09-08 19:00:00,13.73,1.0,109.2
2021-09-08 20:00:00,23.46,1.03,107.3
2021-09-08 21:00:00,39.75,0.92,118.85
2021-09-08 22:00:00,36.46,0.86,129.17
2021-09-08 23:00:00,22.63,1.23,118.11
2021-09-09 00:00:00,32.11,0.92,119.01
2021-09-09 01:00:00,20.66,1.11,108.47
2021-09-09 02:00:00,14.9,0.98,116.89
2021-09-09 03:00:00,10.95,0.92,112.59
2021-09-09 04:00:00,10.19,0.95,110.76
2021-09-09 05:00:00,27.0,0.98,115.24
2021-09-09 06:00:00,24.8,1.23,117.31
2021-09-09 07:00:00,17.17,1.34,118.75
2021-09-09 08:00:00,13.73,1.37,117.77
2021-09-09 09:00:00,16.65,1.53,109.85
2021-09-09 10:00:00,13.96,1.56,108.08
2021-09-09 11:00:00,25.96,1.11,113.2
2021-09-09 12:00:00,19.62,0.94,41.72
2021-09-09 13:00:00,28.3,1.04,79.38
2021-09-09 14:00:00,44.61,0.9,64.86
2021-09-09 15:00:00,30.35,1.06,111.58
2021-09-09 16:00:00,20.34,0.92,91.9
2021-09-09 17:00:00,35.19,0.95,111.46
2021-09-09 18:00:00,28.9,0.78,123.1
2021-09-09 19:00:00,19.7,0.62,117.66
2021-09-09 20:00:00,42.78,0.53,124.58
2021-09-09 21:00:00,35.87,0.8,119.5
2021-09-09 22:00:00,29.33,0.75,120.32
2021-09-09 23:00:00,24.41,0.83,116.95
2021-09-10 00:00:00,20.66,0.8,98.68
2021-09-10 01:00:00,20.46,0.82,111.08
2021-09-10 02:00:00,21.22,0.86,118.97
2021-09-10 03:00:00,31.96,0.82,106.55
2021-09-10 04:00:00,32.85,1.16,168.4
2021-09-10 05:00:00,26.03,0.48,98.21
2021-09-10 06:00:00,21.8,0.87,83.2
2021-09-10 07:00:00,22.68,1.47,101.96
2021-09-10 08:00:00,22.65,1.31,102.31
2021-09-10 09:00:00,15.51,1.54,108.29
2021-09-10 10:00:00,34.62,1.82,115.29
2021-09-10 11:00:00,27.37,1.71,127.62
2021-09-10 12:00:00,23.15,1.42,121.5
2021-09-10 13:00:00,21.34,1.84,128.37
2021-09-10 14:00:00,19.08,1.89,129.7
2021-09-10 15:00:00,16.67,1.4,105.08
2021-09-10 16:00:00,18.1,1.55,117.07
2021-09-10 17:00:00,18.44,1.18,112.05
2021-09-10 18:00:00,32.88,1.11,90.07
2021-09-10 19:00:00,21.39,1.7,107.64
2021-09-10 20:00:00,22.04,0.61,142.7
2021-09-10 21:00:00,40.11,0.73,128.92
2021-09-10 22:00:00,31.62,1.06,141.55
2021-09-10 23:00:00,38.08,1.02,131.08
2021-09-11 00:00:00,24.49,1.03,121.02
2021-09-11 01:00:00,16.87,1.54,128.18
2021-09-11 02:00:00,26.43,1.32,133.24
2021-09-11 03:00:00,22.36,0.69,128.98
2021-09-11 04:00:00,16.2,0.65,114.49
2021-09-11 05:00:00,16.86,1.2,104.15
2021-09-11 06:00:00,13.79,1.08,64.57
2021-09-11 07:00:00,16.5,1.44,45.9
2021-09-11 08:00:00,17.39,1.02,21.6
2021-09-11 09:00:00,16.7,0.73,91.08
2021-09-11 10:00:00,14.33,0.74,49.22
2021-09-11 11:00:00,15.4,0.52,62.29
2021-09-11 12:00:00,17.04,0.8,109.68
2021-09-11 13:00:00,36.29,0.88,49.86
2021-09-11 14:00:00,24.86,0.98,79.8
2021-09-11 15:00:00,24.02,0.85,79.26
2021-09-11 16:00:00,16.88,1.09,31.7
2021-09-11 17:00:00,17.67,1.16,54.04
2021-09-11 18:00:00,18.35,0.75,64.24
2021-09-11 19:00:00,45.2,0.77,90.33
2021-09-11 20:00:00,31.89,1.06,97.04
2021-09-11 21:00:00,20.2,1.13,96.61
2021-09-11 22:00:00,18.45,1.09,94.94
2021-09-11 23:00:00,20.93,1.03,83.1
2021-09-12 00:00:00,16.55,1.07,100.05
2021-09-12 01:00:00,19.79,0.83,97.09
2021-09-12 02:00:00,20.01,0.52,67.23
2021-09-12 03:00:00,14.37,0.39,35.55
2021-09-12 04:00:00,13.77,0.52,68.19
2021-09-12 05:00:00,21.9,0.62,79.78
2021-09-12 06:00:00,15.66,0.57,85.48
2021-09-12 07:00:00,14.02,0.92,109.67
2021-09-12 08:00:00,19.52,0.88,118.24
2021-09-12 09:00:00,17.34,1.27,124.72
2021-09-12 10:00:00,17.82,1.2,143.13
2021-09-12 11:00:00,16.36,1.2,141.65
2021-09-12 12:00:00,14.5,0.87,133.98
2021-09-12 13:00:00,11.39,0.7,119.52
2021-09-12 14:00:00,14.44,0.98,71.7
2021-09-12 15:00:00,13.92,0.84,128.94
2021-09-12 16:00:00,18.44,0.51,219.68
2021-09-12 17:00:00,20.1,0.4,261.05
2021-09-12 18:00:00,23.24,0.26,217.77
2021-09-12 19:00:00,21.42,0.21,173.13
2021-09-12 20:00:00,21.24,0.16,88.67
2021-09-12 21:00:00,18.98,0.2,123.62
2021-09-12 22:00:00,18.66,0.2,152.85
2021-09-12 23:00:00,20.84,0.24,77.75
2021-09-13 00:00:00,17.78,0.28,76.67
2021-09-13 01:00:00,14.64,0.42,52.97
2021-09-13 02:00:00,26.11,0.46,45.76
2021-09-13 03:00:00,16.6,0.3,57.8
2021-09-13 04:00:00,13.78,0.45,50.34
2021-09-13 05:00:00,12.75,0.73,39.75
2021-09-13 06:00:00,11.06,0.52,30.99
2021-09-13 07:00:00,25.25,0.59,35.96
2021-09-13 08:00:00,43.34,0.6,56.74
2021-09-13 09:00:00,25.83,0.93,98.61
2021-09-13 10:00:00,22.22,0.79,115.17
2021-09-13 11:00:00,22.38,0.62,119.21
2021-09-13 12:00:00,21.96,0.79,89.12
2021-09-13 13:00:00,16.83,1.18,100.0
2021-09-13 14:00:00,13.52,0.88,27.87
2021-09-13 15:00:00,32.48,1.2,73.56
2021-09-13 16:00:00,26.88,1.09,154.97
2021-09-13 17:00:00,24.88,0.5,112.01
2021-09-13 18:00:00,20.6,0.49,31.18
2021-09-13 19:00:00,33.6,0.97,27.32
2021-09-13 20:00:00,21.21,0.99,45.36
2021-09-13 21:00:00,17.03,0.91,72.06
2021-09-13 22:00:00,21.18,0.95,84.62
2021-09-13 23:00:00,21.07,0.2,60.18
2021-09-14 00:00:00,17.24,0.84,28.75
2021-09-14 01:00:00,15.46,0.73,45.6
2021-09-14 02:00:00,17.0,0.7,42.9
2021-09-14 03:00:00,19.96,0.51,34.74
2021-09-14 04:00:00,16.17,0.52,32.33
2021-09-14 05:00:00,17.9,0.68,33.31
2021-09-14 06:00:00,15.91,0.75,25.85
2021-09-14 07:00:00,19.32,0.93,24.78
2021-09-14 08:00:00,17.34,0.87,27.82
2021-09-14 09:00:00,17.52,0.68,48.87
2021-09-14 10:00:00,24.8,0.81,66.17
2021-09-14 11:00:00,40.71,1.27,64.88
2021-09-14 12:00:00,44.24,0.97,40.34
2021-09-14 13:00:00,33.98,1.48,23.7
2021-09-14 14:00:00,21.17,1.64,26.94
2021-09-14 15:00:00,17.65,1.43,27.63
2021-09-14 16:00:00,35.39,1.16,26.63
2021-09-14 17:00:00,38.66,0.93,35.22
2021-09-14 18:00:00,24.3,0.4,57.08
2021-09-14 19:00:00,36.08,0.31,80.97
2021-09-14 20:00:00,73.7,0.66,54.19
2021-09-14 21:00:00,46.94,1.02,87.22
2021-09-14 22:00:00,43.74,0.45,108.58
2021-09-14 23:00:00,30.35,0.55,31.77
2021-09-15 00:00:00,26.59,1.16,97.62
2021-09-15 01:00:00,17.44,1.04,88.91
2021-09-15 02:00:00,15.14,0.78,66.18
2021-09-15 03:00:00,16.55,0.86,90.95
2021-09-15 04:00:00,21.07,0.68,110.51
2021-09-15 05:00:00,19.93,0.75,133.28
2021-09-15 06:00:00,21.96,1.4,130.0
2021-09-15 07:00:00,21.79,1.0,110.48
2021-09-15 08:00:00,19.52,1.29,127.54
2021-09-15 09:00:00,34.68,1.78,140.5
2021-09-15 10:00:00,33.0,1.6,136.47
2021-09-15 11:00:00,26.746666666666666,1.5,139.76
2021-09-15 12:00:00,20.493333333333332,1.3,142.98
2021-09-15 13:00:00,14.24,1.12,110.94
2021-09-15 14:00:00,12.79,1.25,101.72
2021-09-15 15:00:00,11.45,1.07,119.92
2021-09-15 16:00:00,7.18,0.78,45.89
2021-09-15 17:00:00,12.34,0.55,43.05
2021-09-15 18:00:00,17.5,0.6,87.37
2021-09-15 19:00:00,22.66,0.33,161.71
2021-09-15 20:00:00,28.14,0.22,189.64
2021-09-15 21:00:00,22.16,0.21,176.15
2021-09-15 22:00:00,20.13,0.36,185.4
2021-09-15 23:00:00,67.68,0.24,174.22
2021-09-16 00:00:00,35.93,0.18,166.55
2021-09-16 01:00:00,26.13,0.14,183.76
2021-09-16 02:00:00,16.16,0.18,172.34
2021-09-16 03:00:00,18.4,0.15,189.27
2021-09-16 04:00:00,13.5,0.2,163.24
2021-09-16 05:00:00,7.68,0.24,172.69
2021-09-16 06:00:00,8.59,0.2,169.66
2021-09-16 07:00:00,11.26,0.64,213.98
2021-09-16 08:00:00,14.29,1.31,183.1
2021-09-16 09:00:00,13.18,0.94,197.4
2021-09-16 10:00:00,40.46,1.08,156.81
2021-09-16 11:00:00,31.14,0.38,117.94
2021-09-16 12:00:00,54.12,0.73,214.63
2021-09-16 13:00:00,32.35,0.8,194.08
2021-09-16 14:00:00,23.64,0.9,88.89
2021-09-16 15:00:00,15.99,0.78,11.84
2021-09-16 16:00:00,16.13,0.46,47.06
2021-09-16 17:00:00,18.98,0.44,130.57
2021-09-16 18:00:00,19.29,0.47,106.96
2021-09-16 19:00:00,25.9,0.53,89.15
2021-09-16 20:00:00,21.16,0.5,92.74
2021-09-16 21:00:00,23.36,0.56,112.99
2021-09-16 22:00:00,17.8,0.4,138.98
2021-09-16 23:00:00,17.57,0.37,121.08
2021-09-17 00:00:00,18.26,0.82,34.38
2021-09-17 01:00:00,30.31,0.99,28.33
2021-09-17 02:00:00,31.61,0.8,8.75
2021-09-17 03:00:00,24.9,0.65,92.95
2021-09-17 04:00:00,18.35,0.9,58.7
2021-09-17 05:00:00,16.04,0.54,27.65
2021-09-17 06:00:00,18.86,0.56,41.39
2021-09-17 07:00:00,24.48,0.7,36.05
2021-09-17 08:00:00,21.69,0.98,64.85
2021-09-17 09:00:00,15.66,1.19,81.6
2021-09-17 10:00:00,49.24,1.15,66.44
2021-09-17 11:00:00,30.12,1.15,65.59
2021-09-17 12:00:00,28.69,1.18,42.52
2021-09-17 13:00:00,23.64,1.47,19.66
2021-09-17 14:00:00,22.44,1.37,25.42
2021-09-17 15:00:00,17.2,1.4,14.79
2021-09-17 16:00:00,42.76,1.42,16.35
2021-09-17 17:00:00,65.57,0.98,28.05
2021-09-17 18:00:00,43.65,0.62,45.14
2021-09-17 19:00:00,35.24,0.48,71.74
2021-09-17 20:00:00,44.32,0.52,62.96
2021-09-17 21:00:00,46.16,0.47,76.76
2021-09-17 22:00:00,42.36,0.86,86.86
2021-09-17 23:00:00,28.65,1.01,95.05
2021-09-18 00:00:00,22.58,0.56,75.74
2021-09-18 01:00:00,18.86,1.03,92.28
2021-09-18 02:00:00,21.02,1.07,102.04
2021-09-18 03:00:00,15.99,0.62,70.82
2021-09-18 04:00:00,19.23,0.48,31.11
2021-09-18 05:00:00,16.89,0.56,41.78
2021-09-18 06:00:00,15.51,0.65,37.12
2021-09-18 07:00:00,16.03,0.75,77.82
2021-09-18 08:00:00,16.0,0.96,90.43
2021-09-18 09:00:00,19.34,0.74,69.84
2021-09-18 10:00:00,13.76,1.18,93.36
2021-09-18 11:00:00,20.44,1.49,97.72
2021-09-18 12:00:00,15.38,1.22,68.74
2021-09-18 13:00:00,50.27,1.14,69.4
2021-09-18 14:00:00,36.48,1.18,94.24
2021-09-18 15:00:00,26.64,0.97,80.62
2021-09-18 16:00:00,22.21,0.84,70.44
2021-09-18 17:00:00,20.08,0.95,77.19
2021-09-18 18:00:00,15.93,0.53,80.18
2021-09-18 19:00:00,12.07,0.5,95.88
2021-09-18 20:00:00,22.12,0.47,101.39
2021-09-18 21:00:00,19.58,0.43,121.83
2021-09-18 22:00:00,17.68,0.54,125.72
2021-09-18 23:00:00,13.43,0.59,122.18
2021-09-19 00:00:00,17.92,0.42,123.55
2021-09-19 01:00:00,47.08,0.5,86.11
2021-09-19 02:00:00,49.32,0.44,69.68
2021-09-19 03:00:00,29.56,0.8,101.46
2021-09-19 04:00:00,37.57,0.72,105.09
2021-09-19 05:00:00,26.82,0.69,91.94
2021-09-19 06:00:00,57.16,0.89,113.02
2021-09-19 07:00:00,35.36,1.18,133.92
2021-09-19 08:00:00,26.36,1.38,113.23
2021-09-19 09:00:00,17.87,1.57,128.27
2021-09-19 10:00:00,20.44,1.39,130.54
2021-09-19 11:00:00,22.1,1.33,123.33
2021-09-19 12:00:00,19.42,1.52,139.0
2021-09-19 13:00:00,14.9,1.62,144.88
2021-09-19 14:00:00,17.21,1.41,142.8
2021-09-19 15:00:00,14.2,1.34,143.5
2021-09-19 16:00:00,14.9,1.16,138.45
2021-09-19 17:00:00,13.63,0.78,145.54
2021-09-19 18:00:00,12.33,0.48,170.56
2021-09-19 19:00:00,10.69,0.3,196.37
2021-09-19 20:00:00,21.12,0.48,164.98
2021-09-19 21:00:00,20.83,0.44,171.37
2021-09-19 22:00:00,21.16,0.43,188.39
2021-09-19 23:00:00,19.92,0.34,180.93
2021-09-20 00:00:00,16.11,0.6,159.52
2021-09-20 01:00:00,13.91,0.62,159.54
2021-09-20 02:00:00,22.38,0.54,145.56
2021-09-20 03:00:00,25.73,0.62,115.16
2021-09-20 04:00:00,26.47,0.26,99.09
2021-09-20 05:00:00,44.64,0.28,94.28
2021-09-20 06:00:00,58.2,0.42,78.99
2021-09-20 07:00:00,36.37,0.82,105.72
2021-09-20 08:00:00,25.39,0.83,111.18
2021-09-20 09:00:00,19.43,0.84,109.02
2021-09-20 10:00:00,19.74,0.89,114.36
2021-09-20 11:00:00,13.38,1.08,111.22
2021-09-20 12:00:00,11.84,0.99,154.64
2021-09-20 13:00:00,22.58,0.88,153.93
2021-09-20 14:00:00,18.43,0.8,163.96
2021-09-20 15:00:00,15.7,0.98,156.54
2021-09-20 16:00:00,27.14,0.86,155.34
2021-09-20 17:00:00,24.05,0.8,163.44
2021-09-20 18:00:00,15.55,0.7,175.3
2021-09-20 19:00:00,15.0,0.46,162.66
2021-09-20 20:00:00,16.01,0.43,163.17
2021-09-20 21:00:00,15.6,0.38,145.57
2021-09-20 22:00:00,13.31,0.46,122.06
2021-09-20 23:00:00,12.71,0.57,127.1
2021-09-21 00:00:00,17.38,0.68,129.53
2021-09-21 01:00:00,17.62,0.64,126.16
2021-09-21 02:00:00,38.75,0.74,128.22
2021-09-21 03:00:00,28.42,0.83,133.01
2021-09-21 04:00:00,19.72,0.8,133.35
2021-09-21 05:00:00,19.2,0.9,128.35
2021-09-21 06:00:00,20.08,0.68,132.88
2021-09-21 07:00:00,16.27,0.82,139.62
2021-09-21 08:00:00,13.48,1.03,139.72
2021-09-21 09:00:00,12.7,1.13,157.93
2021-09-21 10:00:00,14.07,1.1,163.86
2021-09-21 11:00:00,13.58,1.26,163.85
2021-09-21 12:00:00,15.94,1.18,159.61
2021-09-21 13:00:00,70.53,0.92,160.39
2021-09-21 14:00:00,46.15,0.84,145.24
2021-09-21 15:00:00,28.16,1.93,94.6
2021-09-21 16:00:00,26.16,0.96,133.78
2021-09-21 17:00:00,19.0,0.47,57.82
2021-09-21 18:00:00,16.97,0.81,50.14
2021-09-21 19:00:00,23.6,0.68,108.94
2021-09-21 20:00:00,22.34,0.53,168.77
2021-09-21 21:00:00,20.61,0.68,134.16
2021-09-21 22:00:00,20.1,0.82,123.49
2021-09-21 23:00:00,16.44,0.27,145.28
2021-09-22 00:00:00,14.32,0.55,126.4
2021-09-22 01:00:00,17.8,0.67,137.31
2021-09-22 02:00:00,16.32,0.76,108.48
2021-09-22 03:00:00,16.49,0.59,93.6
2021-09-22 04:00:00,36.28,0.55,82.91
2021-09-22 05:00:00,23.82,0.44,113.72
2021-09-22 06:00:00,22.96,0.66,118.19
2021-09-22 07:00:00,19.51,1.15,111.88
2021-09-22 08:00:00,20.72,1.16,70.55
2021-09-22 09:00:00,22.18,1.97,108.72
2021-09-22 10:00:00,18.86,2.22,114.66
2021-09-22 11:00:00,19.3,1.81,124.47
2021-09-22 12:00:00,21.78,1.46,129.39
2021-09-22 13:00:00,25.0,1.6,125.69
2021-09-22 14:00:00,23.5,0.99,108.94
2021-09-22 15:00:00,20.38,0.68,66.62
2021-09-22 16:00:00,24.5,1.04,25.38
2021-09-22 17:00:00,23.44,0.68,49.66
2021-09-22 18:00:00,15.26,0.96,84.36
2021-09-22 19:00:00,12.66,1.14,105.76
2021-09-22 20:00:00,13.5,1.51,111.35
2021-09-22 21:00:00,11.25,0.98,114.2
2021-09-22 22:00:00,15.08,0.72,109.26
2021-09-22 23:00:00,16.18,1.27,116.85
2021-09-23 00:00:00,28.45,1.12,121.3
2021-09-23 01:00:00,21.6,0.97,116.75
2021-09-23 02:00:00,20.53,1.12,131.0
2021-09-23 03:00:00,21.7,1.03,118.34
2021-09-23 04:00:00,29.2,0.5,126.76
2021-09-23 05:00:00,37.34,0.82,125.52
2021-09-23 06:00:00,30.0,0.74,127.95
2021-09-23 07:00:00,26.15,0.99,124.94
2021-09-23 08:00:00,17.52,1.09,134.97
2021-09-23 09:00:00,17.83,1.25,152.32
2021-09-23 10:00:00,17.78,1.49,166.06
2021-09-23 11:00:00,14.72,1.48,167.4
2021-09-23 12:00:00,13.09,1.45,160.05
2021-09-23 13:00:00,18.59,1.63,153.38
2021-09-23 14:00:00,14.52,1.43,149.24
2021-09-23 15:00:00,12.64,1.19,163.65
2021-09-23 16:00:00,29.66,0.65,136.53
2021-09-23 17:00:00,26.4,0.39,131.42
2021-09-23 18:00:00,25.0,0.3,197.95
2021-09-23 19:00:00,29.25,1.27,257.82
2021-09-23 20:00:00,26.12,1.37,183.55
2021-09-23 21:00:00,21.97,1.59,32.59
2021-09-23 22:00:00,30.29,1.4,53.4
2021-09-23 23:00:00,26.38,0.8,86.36
2021-09-24 00:00:00,23.01,0.76,96.48
2021-09-24 01:00:00,24.020000000000003,0.82,58.71
2021-09-24 02:00:00,25.03,0.64,61.01
2021-09-24 03:00:00,24.9,0.74,26.58
2021-09-24 04:00:00,21.64,0.77,25.53
2021-09-24 05:00:00,21.53,0.82,23.47
2021-09-24 06:00:00,21.36,0.76,41.81
2021-09-24 07:00:00,21.31,0.57,82.02
2021-09-24 08:00:00,16.54,0.88,108.73
2021-09-24 09:00:00,16.44,0.68,113.6
2021-09-24 10:00:00,15.02,0.99,109.13
2021-09-24 11:00:00,15.88,0.86,94.81
2021-09-24 12:00:00,39.035,1.49,118.46
2021-09-24 13:00:00,62.19,0.7,76.76
2021-09-24 14:00:00,37.79,0.75,37.88
2021-09-24 15:00:00,21.98,0.86,96.79
2021-09-24 16:00:00,19.62,0.92,75.89
2021-09-24 17:00:00,17.74,0.23,94.09
2021-09-24 18:00:00,21.01,0.29,59.22
2021-09-24 19:00:00,20.03,0.69,10.65
2021-09-24 20:00:00,13.53,0.54,31.66
2021-09-24 21:00:00,22.12,0.57,71.67
2021-09-24 22:00:00,80.71,0.48,65.47
2021-09-24 23:00:00,51.0,0.5,58.8
2021-09-25 00:00:00,37.39,0.85,33.98
2021-09-25 01:00:00,52.8,0.49,43.62
2021-09-25 02:00:00,58.83,0.44,32.11
2021-09-25 03:00:00,52.4,0.55,33.47
2021-09-25 04:00:00,30.56,0.52,41.34
2021-09-25 05:00:00,26.82,0.76,21.05
2021-09-25 06:00:00,24.75,0.32,76.67
2021-09-25 07:00:00,18.31,0.46,65.9
2021-09-25 08:00:00,19.45,0.35,118.71
2021-09-25 09:00:00,20.39,0.49,72.58
2021-09-25 10:00:00,18.15,0.56,38.45
2021-09-25 11:00:00,17.34,0.82,52.69
2021-09-25 12:00:00,19.11,0.79,50.4
2021-09-25 13:00:00,14.49,0.94,51.08
2021-09-25 14:00:00,16.32,0.86,70.38
2021-09-25 15:00:00,16.52,0.92,34.52
2021-09-25 16:00:00,16.05,0.52,37.84
2021-09-25 17:00:00,12.84,0.6,68.66
2021-09-25 18:00:00,32.42,0.42,81.9
2021-09-25 19:00:00,24.48,0.78,36.13
2021-09-25 20:00:00,19.26,0.22,57.61
2021-09-25 21:00:00,19.29,0.74,73.22
2021-09-25 22:00:00,18.9,1.19,115.59
2021-09-25 23:00:00,17.31,0.97,131.84
2021-09-26 00:00:00,14.07,1.18,114.96
2021-09-26 01:00:00,24.37,1.14,111.22
2021-09-26 02:00:00,18.19,1.1,113.76
2021-09-26 03:00:00,32.85,0.84,117.97
2021-09-26 04:00:00,47.54,0.72,66.01
2021-09-26 05:00:00,35.71,0.69,87.84
2021-09-26 06:00:00,26.31,0.53,83.49
2021-09-26 07:00:00,22.85,0.6,85.13
2021-09-26 08:00:00,16.65,0.75,109.43
2021-09-26 09:00:00,19.69,1.28,108.28
2021-09-26 10:00:00,20.2,1.15,113.38
2021-09-26 11:00:00,17.01,0.85,42.04
2021-09-26 12:00:00,14.74,0.9,48.94
2021-09-26 13:00:00,13.76,1.02,76.13
2021-09-26 14:00:00,15.9,0.75,73.97
2021-09-26 15:00:00,17.4,0.92,68.97
2021-09-26 16:00:00,18.21,0.72,60.33
2021-09-26 17:00:00,20.59,0.79,66.52
2021-09-26 18:00:00,20.94,0.86,111.63
2021-09-26 19:00:00,15.42,0.43,130.5
2021-09-26 20:00:00,23.33,0.56,123.38
2021-09-26 21:00:00,15.98,0.66,114.72
2021-09-26 22:00:00,13.73,0.58,131.15
2021-09-26 23:00:00,19.2,0.67,123.55
2021-09-27 00:00:00,16.61,0.5,117.89
2021-09-27 01:00:00,13.99,0.28,108.36
2021-09-27 02:00:00,11.67,0.66,134.72
2021-09-27 03:00:00,14.4,0.74,119.18
2021-09-27 04:00:00,16.82,0.72,133.55
2021-09-27 05:00:00,13.1,0.65,130.76
2021-09-27 06:00:00,16.74,0.34,125.89
2021-09-27 07:00:00,25.83,0.45,66.56
2021-09-27 08:00:00,21.61,0.63,147.95
2021-09-27 09:00:00,22.54,0.39,210.61
2021-09-27 10:00:00,42.17,0.43,224.76
2021-09-27 11:00:00,28.09,0.61,29.32
2021-09-27 12:00:00,7.47,0.72,181.64
2021-09-27 13:00:00,21.92,0.42,43.58
2021-09-27 14:00:00,19.74,0.73,47.36
2021-09-27 15:00:00,19.36,0.8,31.52
2021-09-27 16:00:00,21.01,0.71,34.88
2021-09-27 17:00:00,19.6,0.51,46.93
2021-09-27 18:00:00,16.1,0.15,41.51
2021-09-27 19:00:00,58.83,0.18,56.81
2021-09-27 20:00:00,86.65,0.2,42.82
2021-09-27 21:00:00,68.85,0.56,16.4
2021-09-27 22:00:00,58.43,0.4,26.61
2021-09-27 23:00:00,75.78,0.46,54.46
2021-09-28 00:00:00,55.45,0.72,30.6
2021-09-28 01:00:00,32.52,0.52,24.04
2021-09-28 02:00:00,44.45,0.46,32.91
2021-09-28 03:00:00,28.9,0.62,36.23
2021-09-28 04:00:00,28.04,0.46,63.04
2021-09-28 05:00:00,44.25,0.42,37.62
2021-09-28 06:00:00,61.78,0.36,79.1
2021-09-28 07:00:00,35.73,0.49,111.67
2021-09-28 08:00:00,24.84,1.01,120.77
2021-09-28 09:00:00,63.01,1.32,132.8
2021-09-28 10:00:00,57.0,1.7,120.03
2021-09-28 11:00:00,55.89,1.52,132.85
2021-09-28 12:00:00,34.54,1.43,129.14
2021-09-28 13:00:00,24.39,1.42,139.3
2021-09-28 14:00:00,18.98,1.46,116.06
2021-09-28 15:00:00,16.0,1.27,95.17
2021-09-28 16:00:00,12.22,1.0,91.45
2021-09-28 17:00:00,11.7,1.12,130.12
2021-09-28 18:00:00,16.39,0.92,94.08
2021-09-28 19:00:00,16.27,0.87,61.92
2021-09-28 20:00:00,51.58,0.76,75.86
2021-09-28 21:00:00,34.44,0.92,105.93
2021-09-28 22:00:00,52.96,0.86,115.13
2021-09-28 23:00:00,34.67,0.72,113.4
2021-09-29 00:00:00,53.62,0.9,107.47
2021-09-29 01:00:00,38.91,0.88,112.79
2021-09-29 02:00:00,24.74,1.22,116.89
2021-09-29 03:00:00,19.93,0.93,116.85
2021-09-29 04:00:00,19.43,0.86,106.41
2021-09-29 05:00:00,16.83,0.9,98.44
2021-09-29 06:00:00,12.76,0.94,106.42
2021-09-29 07:00:00,33.13,1.0,107.67
2021-09-29 08:00:00,22.15,1.47,127.76
2021-09-29 09:00:00,16.49,1.78,131.45
2021-09-29 10:00:00,37.65,1.59,128.88
2021-09-29 11:00:00,35.06,1.64,131.63
2021-09-29 12:00:00,24.64,1.5,131.68
2021-09-29 13:00:00,23.54,1.42,122.5
2021-09-29 14:00:00,21.58,1.24,108.05
2021-09-29 15:00:00,15.34,1.3,107.84
2021-09-29 16:00:00,14.86,1.04,109.9
2021-09-29 17:00:00,14.13,1.01,129.64
2021-09-29 18:00:00,25.94,0.59,61.35
2021-09-29 19:00:00,46.06,0.49,88.46
2021-09-29 20:00:00,29.84,0.78,117.44
2021-09-29 21:00:00,46.15,0.69,122.6
2021-09-29 22:00:00,31.11,0.88,115.15
2021-09-29 23:00:00,21.3,0.83,116.84
2021-09-30 00:00:00,18.94,0.76,132.09
2021-09-30 01:00:00,33.91,0.75,137.8
2021-09-30 02:00:00,24.56,0.71,136.69
2021-09-30 03:00:00,20.38,0.72,158.52
2021-09-30 04:00:00,14.66,0.51,141.55
2021-09-30 05:00:00,15.3,0.8,124.1
2021-09-30 06:00:00,18.29,0.73,132.4
2021-09-30 07:00:00,25.09,0.8,133.76
2021-09-30 08:00:00,26.34,0.99,127.26
2021-09-30 09:00:00,24.51,0.97,169.04
2021-09-30 10:00:00,21.6,0.81,162.7
2021-09-30 11:00:00,17.45,0.69,153.24
2021-09-30 12:00:00,17.13,0.87,144.04
2021-09-30 13:00:00,40.94,0.91,167.56
2021-09-30 14:00:00,24.56,0.96,74.1
2021-09-30 15:00:00,19.41,0.57,101.81
2021-09-30 16:00:00,15.6,0.6,163.41
2021-09-30 17:00:00,54.12,0.84,185.22
2021-09-30 18:00:00,50.17,0.72,188.52
2021-09-30 19:00:00,33.31,0.44,193.42
2021-09-30 20:00:00,23.08,0.47,193.32
2021-09-30 21:00:00,16.99,0.43,199.93
2021-09-30 22:00:00,25.42,0.29,211.75
2021-09-30 23:00:00,26.53,0.22,187.76
2021-10-01 00:00:00,40.28,0.3,184.77
2021-10-01 01:00:00,29.12,0.23,211.01
2021-10-01 02:00:00,25.55,0.2,177.69
2021-10-01 03:00:00,17.2,0.2,160.7
2021-10-01 04:00:00,16.3,0.18,127.72
2021-10-01 05:00:00,44.24,0.24,98.32
2021-10-01 06:00:00,32.07,0.32,62.97
2021-10-01 07:00:00,53.74,0.28,84.54
2021-10-01 08:00:00,91.81,0.62,118.15
2021-10-01 09:00:00,53.36,0.61,198.4
2021-10-01 10:00:00,34.93,0.87,220.63
2021-10-01 11:00:00,39.5,0.78,239.25
2021-10-01 12:00:00,27.11,0.3,255.76
2021-10-01 13:00:00,26.88,0.9,123.64
2021-10-01 14:00:00,42.64,0.67,142.37
2021-10-01 15:00:00,39.81,0.81,182.06
2021-10-01 16:00:00,29.34,0.6,173.57
2021-10-01 17:00:00,21.96,0.26,178.06
2021-10-01 18:00:00,55.46,0.24,180.56
2021-10-01 19:00:00,38.25,0.21,165.74
2021-10-01 20:00:00,29.38,0.2,168.67
2021-10-01 21:00:00,38.61,0.2,162.28
2021-10-01 22:00:00,57.77,0.18,151.01
2021-10-01 23:00:00,76.62,0.18,131.76
2021-10-02 00:00:00,86.96,0.19,140.38
2021-10-02 01:00:00,49.72,0.17,139.22
2021-10-02 02:00:00,94.79,0.23,72.01
2021-10-02 03:00:00,57.66,0.18,87.68
2021-10-02 04:00:00,36.02,0.16,114.28
2021-10-02 05:00:00,74.41,0.23,169.62
2021-10-02 06:00:00,46.29,0.56,239.0
2021-10-02 07:00:00,71.33,1.36,256.54
2021-10-02 08:00:00,76.42,0.91,266.46
2021-10-02 09:00:00,48.41,1.07,262.71
2021-10-02 10:00:00,29.5,0.79,257.09
2021-10-02 11:00:00,24.14,0.52,289.64
2021-10-02 12:00:00,25.66,0.64,237.11
2021-10-02 13:00:00,21.75,0.76,174.57
2021-10-02 14:00:00,18.19,0.59,284.72
2021-10-02 15:00:00,17.45,0.57,319.85
2021-10-02 16:00:00,12.85,0.42,306.98
2021-10-02 17:00:00,15.54,0.53,266.04
2021-10-02 18:00:00,38.8,0.24,304.18
2021-10-02 19:00:00,43.13,0.09,205.96
2021-10-02 20:00:00,29.31,0.07,258.2
2021-10-02 21:00:00,22.82,0.08,155.64
2021-10-02 22:00:00,21.35,0.14,142.79
2021-10-02 23:00:00,51.06,0.16,112.65
2021-10-03 00:00:00,33.52,0.3,245.93
2021-10-03 01:00:00,20.28,0.56,250.08
2021-10-03 02:00:00,13.64,0.19,194.78
2021-10-03 03:00:00,10.32,0.11,220.32
2021-10-03 04:00:00,9.16,0.2,222.43
2021-10-03 05:00:00,8.08,0.23,214.62
2021-10-03 06:00:00,7.54,0.52,223.98
2021-10-03 07:00:00,7.27,0.87,237.63
2021-10-03 08:00:00,7.13,1.04,243.84
2021-10-03 09:00:00,7.06,1.35,246.61
2021-10-03 10:00:00,8.11,1.16,270.38
2021-10-03 11:00:00,7.56,1.43,259.34
2021-10-03 12:00:00,7.28,1.71,259.36
2021-10-03 13:00:00,8.87,1.05,285.05
2021-10-03 14:00:00,7.94,0.78,301.86
2021-10-03 15:00:00,7.47,1.18,302.81
2021-10-03 16:00:00,8.44,1.61,271.34
2021-10-03 17:00:00,9.24,1.36,263.93
2021-10-03 18:00:00,9.37,0.62,258.29
2021-10-03 19:00:00,9.98,0.54,250.42
2021-10-03 20:00:00,9.08,0.16,156.26
2021-10-03 21:00:00,9.0,0.19,168.46
2021-10-03 22:00:00,9.44,0.27,168.46
2021-10-03 23:00:00,8.73,0.37,174.17
2021-10-04 00:00:00,9.12,0.24,192.12
2021-10-04 01:00:00,8.06,0.25,225.82
2021-10-04 02:00:00,7.53,0.36,253.07
2021-10-04 03:00:00,7.26,0.46,254.83
2021-10-04 04:00:00,8.93,0.29,232.48
2021-10-04 05:00:00,18.48,0.31,219.51
2021-10-04 06:00:00,14.52,0.22,194.52
2021-10-04 07:00:00,19.52,0.8,248.81
2021-10-04 08:00:00,35.63,1.56,258.74
2021-10-04 09:00:00,22.63,1.51,256.32
2021-10-04 10:00:00,15.55,1.46,257.54
2021-10-04 11:00:00,11.27,1.46,254.77
2021-10-04 12:00:00,9.14,1.16,259.68
2021-10-04 13:00:00,8.64,0.8,265.26
2021-10-04 14:00:00,8.39,0.8,262.61
2021-10-04 15:00:00,9.16,0.82,261.57
2021-10-04 16:00:00,9.27,0.66,261.86
2021-10-04 17:00:00,8.34,0.41,260.26
2021-10-04 18:00:00,8.81,0.33,231.86
2021-10-04 19:00:00,9.72,0.47,186.08
2021-10-04 20:00:00,22.17,0.27,194.18
2021-10-04 21:00:00,14.6,0.4,119.62
2021-10-04 22:00:00,20.36,0.18,162.2
2021-10-04 23:00:00,15.14,0.25,184.53
2021-10-05 00:00:00,12.19,0.2,168.11
2021-10-05 01:00:00,11.04,0.16,133.71
2021-10-05 02:00:00,10.43,1.3,21.6
2021-10-05 03:00:00,9.79,0.92,76.59
2021-10-05 04:00:00,9.84,0.43,90.26
2021-10-05 05:00:00,9.49,0.22,124.09
2021-10-05 06:00:00,9.72,0.54,185.03
2021-10-05 07:00:00,9.65,0.98,155.38
2021-10-05 08:00:00,9.46,0.84,142.75
2021-10-05 09:00:00,8.8,0.59,181.72
2021-10-05 10:00:00,9.37,0.55,244.37
2021-10-05 11:00:00,9.15,0.85,68.44
2021-10-05 12:00:00,8.75,0.29,42.02
2021-10-05 13:00:00,8.94,0.52,147.27
2021-10-05 14:00:00,9.08,0.42,151.98
2021-10-05 15:00:00,8.73,0.2,203.98
2021-10-05 16:00:00,14.32,0.38,110.91
2021-10-05 17:00:00,11.8,0.48,213.57
2021-10-05 18:00:00,13.38,0.78,217.24
2021-10-05 19:00:00,11.12,0.42,208.02
2021-10-05 20:00:00,12.91,0.18,177.03
2021-10-05 21:00:00,11.72,0.12,175.18
2021-10-05 22:00:00,10.29,0.18,168.8
2021-10-05 23:00:00,9.72,0.07,93.69
2021-10-06 00:00:00,9.84,0.11,250.95
2021-10-06 01:00:00,9.43,0.08,127.74
2021-10-06 02:00:00,8.68,0.12,138.46
2021-10-06 03:00:00,7.84,0.11,205.56
2021-10-06 04:00:00,8.51,0.19,155.76
2021-10-06 05:00:00,8.92,0.08,148.06
2021-10-06 06:00:00,8.57,0.31,84.86
2021-10-06 07:00:00,8.3,0.44,18.8
2021-10-06 08:00:00,8.25,0.63,94.14
2021-10-06 09:00:00,24.98,0.47,284.62
2021-10-06 10:00:00,17.74,0.44,306.64
2021-10-06 11:00:00,12.38,0.57,318.78
2021-10-06 12:00:00,12.83,0.44,303.45
2021-10-06 13:00:00,13.280000000000001,0.82,160.48
2021-10-06 14:00:00,13.73,0.65,344.45
2021-10-06 15:00:00,15.64,0.55,319.94
2021-10-06 16:00:00,40.4,0.62,256.89
2021-10-06 17:00:00,56.98,0.41,323.74
2021-10-06 18:00:00,40.61,0.34,308.86
2021-10-06 19:00:00,54.14,0.28,308.9
2021-10-06 20:00:00,35.75,0.35,242.78
2021-10-06 21:00:00,48.83,0.3,280.48
2021-10-06 22:00:00,49.72,0.26,300.06
2021-10-06 23:00:00,35.52,0.3,300.67
2021-10-07 00:00:00,21.97,0.34,292.6
2021-10-07 01:00:00,16.88,0.38,296.87
2021-10-07 02:00:00,14.3,0.34,272.12
2021-10-07 03:00:00,32.59,0.35,275.82
2021-10-07 04:00:00,25.49,0.32,270.72
2021-10-07 05:00:00,19.15,0.57,240.61
2021-10-07 06:00:00,23.58,0.74,267.4
2021-10-07 07:00:00,31.17,0.82,263.86
2021-10-07 08:00:00,24.84,0.51,284.8
2021-10-07 09:00:00,33.95,0.46,294.06
2021-10-07 10:00:00,24.55,0.75,296.01
2021-10-07 11:00:00,38.93,0.46,326.04
2021-10-07 12:00:00,31.46,0.68,308.8
2021-10-07 13:00:00,40.16,0.72,309.03
2021-10-07 14:00:00,46.0,0.7,279.14
2021-10-07 15:00:00,35.17,0.98,283.15
2021-10-07 16:00:00,57.62,0.65,299.67
2021-10-07 17:00:00,37.5,0.38,316.06
2021-10-07 18:00:00,53.94,0.19,321.89
2021-10-07 19:00:00,83.49,0.1,227.57
2021-10-07 20:00:00,58.12,0.12,266.57
2021-10-07 21:00:00,48.67,0.08,246.84
2021-10-07 22:00:00,48.04,0.1,268.69
2021-10-07 23:00:00,28.59,0.16,167.72
2021-10-08 00:00:00,40.79,0.12,107.94
2021-10-08 01:00:00,51.37,0.16,194.6
2021-10-08 02:00:00,72.49,0.27,203.4
2021-10-08 03:00:00,66.23,0.24,182.42
2021-10-08 04:00:00,69.14,0.33,208.02
2021-10-08 05:00:00,63.45,0.35,197.66
2021-10-08 06:00:00,57.32,0.34,203.5
2021-10-08 07:00:00,45.04,0.67,237.1
2021-10-08 08:00:00,30.57,1.23,248.42
2021-10-08 09:00:00,63.34,1.13,249.92
2021-10-08 10:00:00,80.36,1.02,259.34
2021-10-08 11:00:00,74.2,0.68,281.15
2021-10-08 12:00:00,66.04,0.51,218.37
2021-10-08 13:00:00,50.13,0.48,304.52
2021-10-08 14:00:00,57.32,0.84,311.68
2021-10-08 15:00:00,52.41,0.67,291.71
2021-10-08 16:00:00,66.03,0.49,331.51
2021-10-08 17:00:00,55.12,0.26,237.74
2021-10-08 18:00:00,83.93,0.16,167.77
2021-10-08 19:00:00,50.6,0.12,141.39
2021-10-08 20:00:00,73.89,0.2,134.96
2021-10-08 21:00:00,102.5,0.24,130.36
2021-10-08 22:00:00,123.66,0.28,119.0
2021-10-08 23:00:00,97.64,0.2,137.91
2021-10-09 00:00:00,114.04,0.22,153.79
2021-10-09 01:00:00,91.05,0.2,155.82
2021-10-09 02:00:00,77.17,0.27,217.68
2021-10-09 03:00:00,65.04,0.25,197.67
2021-10-09 04:00:00,82.99,0.23,184.0
2021-10-09 05:00:00,46.88,0.25,181.29
2021-10-09 06:00:00,78.38,0.24,181.64
2021-10-09 07:00:00,94.65,0.36,188.33
2021-10-09 08:00:00,113.06,0.72,239.79
2021-10-09 09:00:00,84.03,0.65,251.13
2021-10-09 10:00:00,105.55,0.63,287.16
2021-10-09 11:00:00,92.12,0.83,263.17
2021-10-09 12:00:00,84.02,1.1,269.49
2021-10-09 13:00:00,49.53,1.06,280.05
2021-10-09 14:00:00,56.3,0.75,298.56
2021-10-09 15:00:00,31.66,0.51,312.86
2021-10-09 16:00:00,24.55,0.49,305.6
2021-10-09 17:00:00,39.93,0.34,15.83
2021-10-09 18:00:00,94.1,0.12,202.71
2021-10-09 19:00:00,81.53,0.19,170.04
2021-10-09 20:00:00,129.62,0.19,113.58
2021-10-09 21:00:00,196.82,0.2,121.18
2021-10-09 22:00:00,147.67,0.23,167.86
2021-10-09 23:00:00,163.62,0.2,132.87
2021-10-10 00:00:00,130.73,0.21,178.49
2021-10-10 01:00:00,88.16,0.2,171.18
2021-10-10 02:00:00,83.54,0.19,145.49
2021-10-10 03:00:00,85.42,0.18,188.92
2021-10-10 04:00:00,52.75,0.26,187.24
2021-10-10 05:00:00,38.8,0.21,185.21
2021-10-10 06:00:00,69.6,0.24,178.02
2021-10-10 07:00:00,83.04,0.24,165.52
2021-10-10 08:00:00,104.25,0.52,242.14
2021-10-10 09:00:00,76.32,0.62,255.4
2021-10-10 10:00:00,66.04,0.89,264.06
2021-10-10 11:00:00,38.19,0.92,270.07
2021-10-10 12:00:00,52.63,1.18,264.78
2021-10-10 13:00:00,34.47,0.88,298.95
2021-10-10 14:00:00,29.42,0.98,277.11
2021-10-10 15:00:00,61.28,0.68,278.93
2021-10-10 16:00:00,44.66,0.62,286.47
2021-10-10 17:00:00,42.25,0.26,178.28
2021-10-10 18:00:00,65.26,0.21,124.37
2021-10-10 19:00:00,122.14,0.21,121.2
2021-10-10 20:00:00,74.87,0.19,131.92
2021-10-10 21:00:00,133.66,0.2,137.58
2021-10-10 22:00:00,150.07,0.21,144.58
2021-10-10 23:00:00,104.67,0.2,185.02
2021-10-11 00:00:00,104.38,0.2,171.84
2021-10-11 01:00:00,99.1,0.22,177.85
2021-10-11 02:00:00,68.84,0.21,164.91
2021-10-11 03:00:00,72.53,0.22,204.28
2021-10-11 04:00:00,49.72,0.25,194.78
2021-10-11 05:00:00,38.12,0.22,158.45
2021-10-11 06:00:00,40.32,0.21,154.08
2021-10-11 07:00:00,58.43,0.24,209.47
2021-10-11 08:00:00,72.2,0.36,233.88
2021-10-11 09:00:00,87.9,0.5,253.15
2021-10-11 10:00:00,92.44,0.78,274.74
2021-10-11 11:00:00,69.14,0.72,290.49
2021-10-11 12:00:00,42.93,0.62,287.67
2021-10-11 13:00:00,40.45,0.57,165.41
2021-10-11 14:00:00,48.4,0.28,215.92
2021-10-11 15:00:00,36.03,0.6,203.81
2021-10-11 16:00:00,31.1,0.27,226.29
2021-10-11 17:00:00,51.34,0.11,166.91
2021-10-11 18:00:00,99.98,0.2,113.49
2021-10-11 19:00:00,144.63,0.26,85.99
2021-10-11 20:00:00,176.47,0.28,46.4
2021-10-11 21:00:00,151.68,0.21,87.05
2021-10-11 22:00:00,136.22,0.18,120.15
2021-10-11 23:00:00,129.66,0.21,220.53
2021-10-12 00:00:00,94.69,0.21,187.14
2021-10-12 01:00:00,51.68,0.21,174.53
2021-10-12 02:00:00,52.58,0.2,160.63
2021-10-12 03:00:00,61.69,0.21,138.58
2021-10-12 04:00:00,70.05,0.2,144.2
2021-10-12 05:00:00,44.17,0.19,183.44
2021-10-12 06:00:00,71.23,0.2,172.54
2021-10-12 07:00:00,79.71,0.23,185.05
2021-10-12 08:00:00,98.94,0.59,251.39
2021-10-12 09:00:00,87.16,0.79,237.63
2021-10-12 10:00:00,86.29,0.82,216.08
2021-10-12 11:00:00,71.39,0.4,149.2
2021-10-12 12:00:00,43.55,0.49,299.35
2021-10-12 13:00:00,33.71,0.54,302.97
2021-10-12 14:00:00,26.15,0.4,307.83
2021-10-12 15:00:00,36.51,0.44,321.89
2021-10-12 16:00:00,44.83,0.43,322.48
2021-10-12 17:00:00,41.64,0.33,260.54
2021-10-12 18:00:00,44.29,0.28,311.88
2021-10-12 19:00:00,62.54,0.17,271.32
2021-10-12 20:00:00,85.64,0.32,322.98
2021-10-12 21:00:00,60.52,0.59,346.58
2021-10-12 22:00:00,68.36,0.46,260.55
2021-10-12 23:00:00,65.74,0.54,266.82
2021-10-13 00:00:00,82.16,0.62,15.37
2021-10-13 01:00:00,60.18,0.62,94.87
2021-10-13 02:00:00,38.07,0.52,10.51
2021-10-13 03:00:00,52.19,0.44,258.62
2021-10-13 04:00:00,79.33,0.36,260.67
2021-10-13 05:00:00,47.03,0.32,266.71
2021-10-13 06:00:00,54.47,0.15,219.23
2021-10-13 07:00:00,78.72,0.15,239.4
2021-10-13 08:00:00,45.94,0.38,233.09
2021-10-13 09:00:00,58.47,0.6,340.1
2021-10-13 10:00:00,77.26,0.61,297.62
2021-10-13 11:00:00,71.17,0.68,316.74
2021-10-13 12:00:00,57.09,0.76,324.83
2021-10-13 13:00:00,35.98,0.79,324.66
2021-10-13 14:00:00,28.6,0.84,323.79
2021-10-13 15:00:00,19.09,0.59,340.91
2021-10-13 16:00:00,69.45,0.71,289.16
2021-10-13 17:00:00,41.83,0.45,280.19
2021-10-13 18:00:00,99.01,0.34,102.01
2021-10-13 19:00:00,80.74,0.55,182.32
2021-10-13 20:00:00,100.0,0.43,180.63
2021-10-13 21:00:00,82.35,0.48,324.16
2021-10-13 22:00:00,63.95,0.32,193.77
2021-10-13 23:00:00,47.29,0.07,155.88
2021-10-14 00:00:00,62.33,0.13,207.65
2021-10-14 01:00:00,78.24,0.17,226.04
2021-10-14 02:00:00,65.1,0.44,262.83
2021-10-14 03:00:00,59.74,0.31,262.92
2021-10-14 04:00:00,57.87,0.42,269.29
2021-10-14 05:00:00,60.7,0.39,248.96
2021-10-14 06:00:00,38.39,0.45,282.35
2021-10-14 07:00:00,76.29,0.59,267.48
2021-10-14 08:00:00,83.29,0.37,288.64
2021-10-14 09:00:00,65.04,0.33,306.95
2021-10-14 10:00:00,81.6,0.53,325.66
2021-10-14 11:00:00,75.54,0.88,330.39
2021-10-14 12:00:00,64.17,0.82,316.48
2021-10-14 13:00:00,68.14,0.81,315.36
2021-10-14 14:00:00,68.05,0.94,321.02
2021-10-14 15:00:00,54.5,0.78,304.0
2021-10-14 16:00:00,76.8,0.58,331.82
2021-10-14 17:00:00,76.44,0.4,225.16
2021-10-14 18:00:00,116.44,0.25,280.12
2021-10-14 19:00:00,85.66,0.29,284.81
2021-10-14 20:00:00,62.7,0.26,271.92
2021-10-14 21:00:00,66.35,0.29,290.66
2021-10-14 22:00:00,65.69,0.25,270.75
2021-10-14 23:00:00,41.6,0.4,265.51
2021-10-15 00:00:00,50.37,0.33,263.51
2021-10-15 01:00:00,33.26,0.26,227.97
2021-10-15 02:00:00,25.78,0.28,264.43
2021-10-15 03:00:00,32.45,0.38,276.81
2021-10-15 04:00:00,58.06,0.41,271.48
2021-10-15 05:00:00,44.15,0.29,239.71
2021-10-15 06:00:00,30.3,0.49,239.82
2021-10-15 07:00:00,54.17,0.55,257.43
2021-10-15 08:00:00,65.54,0.65,259.76
2021-10-15 09:00:00,60.65,0.94,263.92
2021-10-15 10:00:00,88.99,0.58,270.94
2021-10-15 11:00:00,82.78,0.54,315.16
2021-10-15 12:00:00,94.32,0.46,287.62
2021-10-15 13:00:00,80.69,0.46,273.06
2021-10-15 14:00:00,47.38,0.36,281.53
2021-10-15 15:00:00,33.7,0.39,272.3
2021-10-15 16:00:00,42.72,0.32,268.49
2021-10-15 17:00:00,55.59,0.12,237.34
2021-10-15 18:00:00,58.45,0.11,191.53
2021-10-15 19:00:00,70.59,0.11,187.09
2021-10-15 20:00:00,81.64,0.26,144.06
2021-10-15 21:00:00,158.25,0.21,157.91
2021-10-15 22:00:00,157.43,0.22,136.64
2021-10-15 23:00:00,167.13,0.22,130.64
2021-10-16 00:00:00,130.68,0.28,131.02
2021-10-16 01:00:00,142.93,0.22,136.7
2021-10-16 02:00:00,93.08,0.22,145.22
2021-10-16 03:00:00,105.8,0.22,143.27
2021-10-16 04:00:00,100.33,0.22,133.26
2021-10-16 05:00:00,99.1,0.22,141.65
2021-10-16 06:00:00,108.56,0.22,156.4
2021-10-16 07:00:00,140.08,0.17,169.33
2021-10-16 08:00:00,153.57,0.18,163.07
2021-10-16 09:00:00,143.48,0.28,49.46
2021-10-16 10:00:00,162.2,0.25,258.1
2021-10-16 11:00:00,124.33,0.25,122.15
2021-10-16 12:00:00,109.22999999999999,0.58,66.64
2021-10-16 13:00:00,94.13,0.46,43.61
2021-10-16 14:00:00,78.36,0.5,107.19
2021-10-16 15:00:00,69.83,0.34,62.01
2021-10-16 16:00:00,85.2,0.38,101.98
2021-10-16 17:00:00,121.99,0.18,137.85
2021-10-16 18:00:00,134.07,0.2,119.23
2021-10-16 19:00:00,191.18,0.44,63.19
2021-10-16 20:00:00,207.01,0.24,98.84
2021-10-16 21:00:00,235.8,0.19,112.86
2021-10-16 22:00:00,154.79,0.18,116.43
2021-10-16 23:00:00,146.22,0.53,43.55
2021-10-17 00:00:00,213.04,0.26,84.74
2021-10-17 01:00:00,127.4,0.24,50.39
2021-10-17 02:00:00,173.82,0.58,31.64
2021-10-17 03:00:00,183.98,0.44,50.2
2021-10-17 04:00:00,153.42,0.47,44.7
2021-10-17 05:00:00,133.36,0.2,56.97
2021-10-17 06:00:00,142.81,0.35,82.87
2021-10-17 07:00:00,159.02,1.17,59.47
2021-10-17 08:00:00,91.71,0.82,25.62
2021-10-17 09:00:00,74.04,1.15,56.53
2021-10-17 10:00:00,52.17,1.19,21.47
2021-10-17 11:00:00,81.96,1.18,21.62
2021-10-17 12:00:00,42.86,1.48,32.66
2021-10-17 13:00:00,43.19,2.38,84.26
2021-10-17 14:00:00,30.41,0.96,74.18
2021-10-17 15:00:00,16.9,1.23,26.69
2021-10-17 16:00:00,10.76,1.41,48.73
2021-10-17 17:00:00,11.47,1.41,78.16
2021-10-17 18:00:00,11.62,0.92,67.6
2021-10-17 19:00:00,7.91,0.98,36.75
2021-10-17 20:00:00,15.39,1.3,56.62
2021-10-17 21:00:00,12.45,0.99,96.54
2021-10-17 22:00:00,28.62,0.93,59.37
2021-10-17 23:00:00,20.09,0.96,9.48
2021-10-18 00:00:00,14.03,0.89,92.34
2021-10-18 01:00:00,14.44,0.74,17.41
2021-10-18 02:00:00,13.01,0.9,16.66
2021-10-18 03:00:00,8.58,0.7,60.69
2021-10-18 04:00:00,5.62,0.9,63.0
2021-10-18 05:00:00,8.56,0.83,58.11
2021-10-18 06:00:00,10.78,0.96,56.2
2021-10-18 07:00:00,6.64,1.04,56.67
2021-10-18 08:00:00,8.68,0.88,48.26
2021-10-18 09:00:00,9.33,1.1,34.39
2021-10-18 10:00:00,5.22,0.94,57.48
2021-10-18 11:00:00,6.34,0.8,34.92
2021-10-18 12:00:00,6.56,0.81,23.85
2021-10-18 13:00:00,9.41,0.91,35.16
2021-10-18 14:00:00,9.33,0.84,20.56
2021-10-18 15:00:00,10.38,0.9,181.88
2021-10-18 16:00:00,8.66,0.85,100.62
2021-10-18 17:00:00,5.44,0.52,177.86
2021-10-18 18:00:00,7.97,0.3,273.79
2021-10-18 19:00:00,9.33,0.15,241.36
2021-10-18 20:00:00,12.35,0.1,205.66
2021-10-18 21:00:00,13.02,0.1,239.15
2021-10-18 22:00:00,12.26,0.22,279.0
2021-10-18 23:00:00,9.16,0.23,272.84
2021-10-19 00:00:00,9.46,0.18,250.77
2021-10-19 01:00:00,18.21,0.31,267.65
2021-10-19 02:00:00,35.46,0.29,271.89
2021-10-19 03:00:00,36.36,0.38,249.67
2021-10-19 04:00:00,26.5,0.57,266.48
2021-10-19 05:00:00,16.36,0.36,276.09
2021-10-19 06:00:00,19.52,0.4,270.43
2021-10-19 07:00:00,12.16,0.65,277.65
2021-10-19 08:00:00,21.4,0.94,283.58
2021-10-19 09:00:00,21.78,1.01,284.95
2021-10-19 10:00:00,23.35,0.98,283.23
2021-10-19 11:00:00,23.14,0.97,294.23
2021-10-19 12:00:00,20.34,0.79,296.31
2021-10-19 13:00:00,18.46,0.83,298.45
2021-10-19 14:00:00,18.68,0.86,289.6
2021-10-19 15:00:00,19.3,0.61,298.33
2021-10-19 16:00:00,38.63,0.64,294.58
2021-10-19 17:00:00,44.07,0.46,290.61
2021-10-19 18:00:00,29.78,0.58,270.07
2021-10-19 19:00:00,24.86,0.29,262.16
2021-10-19 20:00:00,84.15,0.34,311.12
2021-10-19 21:00:00,51.28,0.3,277.45
2021-10-19 22:00:00,95.04,0.13,269.96
2021-10-19 23:00:00,55.76,0.17,170.3
2021-10-20 00:00:00,72.13,0.24,181.18
2021-10-20 01:00:00,45.58,0.29,204.26
2021-10-20 02:00:00,102.09,0.25,179.53
2021-10-20 03:00:00,93.13,0.28,175.0
2021-10-20 04:00:00,54.32,0.36,216.0
2021-10-20 05:00:00,68.15,0.44,232.41
2021-10-20 06:00:00,78.03,0.38,213.07
2021-10-20 07:00:00,94.22,1.05,252.0
2021-10-20 08:00:00,78.32,1.06,258.29
2021-10-20 09:00:00,48.88,0.84,271.14
2021-10-20 10:00:00,34.16,0.52,289.43
2021-10-20 11:00:00,27.71,0.64,282.62
2021-10-20 12:00:00,62.97,0.64,314.14
2021-10-20 13:00:00,42.76,0.78,293.84
2021-10-20 14:00:00,32.93,0.96,271.66
2021-10-20 15:00:00,52.87,0.62,295.86
2021-10-20 16:00:00,58.63,0.43,293.71
2021-10-20 17:00:00,53.92,0.22,203.64
2021-10-20 18:00:00,65.67,0.24,127.4
2021-10-20 19:00:00,103.74,0.18,147.66
2021-10-20 20:00:00,119.18,0.14,215.31
2021-10-20 21:00:00,127.38,0.38,250.88
2021-10-20 22:00:00,88.54,0.36,217.46
2021-10-20 23:00:00,104.69,0.34,197.83
2021-10-21 00:00:00,114.71,0.26,194.16
2021-10-21 01:00:00,89.5,0.29,197.83
2021-10-21 02:00:00,57.11,0.37,192.06
2021-10-21 03:00:00,79.12,0.34,193.96
2021-10-21 04:00:00,70.42,0.4,215.67
2021-10-21 05:00:00,68.6,0.3,212.05
2021-10-21 06:00:00,43.34,0.4,191.44
2021-10-21 07:00:00,73.72,0.55,212.47
2021-10-21 08:00:00,91.85,1.67,253.96
2021-10-21 09:00:00,56.01,1.46,262.42
2021-10-21 10:00:00,75.04,1.41,270.28
2021-10-21 11:00:00,66.23,1.79,263.85
2021-10-21 12:00:00,49.6,1.46,277.92
2021-10-21 13:00:00,35.39,1.18,275.93
2021-10-21 14:00:00,49.87,1.42,273.01
2021-10-21 15:00:00,59.97,1.36,279.37
2021-10-21 16:00:00,38.0,0.65,274.98
2021-10-21 17:00:00,32.0,0.2,204.47
2021-10-21 18:00:00,66.32,0.19,124.1
2021-10-21 19:00:00,64.62,0.21,110.25
2021-10-21 20:00:00,87.68,0.19,122.97
2021-10-21 21:00:00,131.53,0.22,150.55
2021-10-21 22:00:00,140.0,0.22,137.38
2021-10-21 23:00:00,159.32,0.23,124.69
2021-10-22 00:00:00,159.18,0.16,114.7
2021-10-22 01:00:00,113.34,0.2,153.02
2021-10-22 02:00:00,115.64,0.24,180.5
2021-10-22 03:00:00,84.84,0.6,248.64
2021-10-22 04:00:00,50.77,0.45,244.8
2021-10-22 05:00:00,35.42,0.5,249.69
2021-10-22 06:00:00,58.76,0.96,259.47
2021-10-22 07:00:00,42.32,1.27,263.64
2021-10-22 08:00:00,62.4,1.8,260.61
2021-10-22 09:00:00,63.94,1.6,261.76
2021-10-22 10:00:00,69.86,1.02,274.02
2021-10-22 11:00:00,60.52,0.87,293.65
2021-10-22 12:00:00,48.14,1.15,265.22
2021-10-22 13:00:00,33.93,1.03,262.38
2021-10-22 14:00:00,21.1,0.64,237.41
2021-10-22 15:00:00,42.06,0.59,226.99
2021-10-22 16:00:00,27.61,0.64,216.36
2021-10-22 17:00:00,22.76,0.37,132.36
2021-10-22 18:00:00,55.16,0.26,101.01
2021-10-22 19:00:00,68.7,0.34,110.64
2021-10-22 20:00:00,134.5,0.79,119.98
2021-10-22 21:00:00,126.62,0.52,116.36
2021-10-22 22:00:00,85.21,0.71,112.5
2021-10-22 23:00:00,97.23,0.43,106.47
2021-10-23 00:00:00,64.33,0.24,162.94
2021-10-23 01:00:00,57.7,0.28,162.1
2021-10-23 02:00:00,43.67,0.24,179.78
2021-10-23 03:00:00,39.58,0.22,151.64
2021-10-23 04:00:00,59.39,0.22,142.31
2021-10-23 05:00:00,47.26,0.22,147.37
2021-10-23 06:00:00,46.39,0.22,153.32
2021-10-23 07:00:00,102.48,0.25,205.71
2021-10-23 08:00:00,64.29,0.53,200.26
2021-10-23 09:00:00,66.5,0.7,238.42
2021-10-23 10:00:00,54.66,0.5,263.54
2021-10-23 11:00:00,53.16,0.52,280.28
2021-10-23 12:00:00,42.01,0.66,155.29
2021-10-23 13:00:00,25.2,0.94,130.72
2021-10-23 14:00:00,17.32,1.04,134.7
2021-10-23 15:00:00,16.6,1.2,146.37
2021-10-23 16:00:00,16.23,0.99,152.46
2021-10-23 17:00:00,16.82,0.76,125.96
2021-10-23 18:00:00,54.45,0.59,147.2
2021-10-23 19:00:00,50.26,0.82,170.46
2021-10-23 20:00:00,33.62,0.7,180.03
2021-10-23 21:00:00,43.04,0.46,164.1
2021-10-23 22:00:00,25.84,0.47,153.2
2021-10-23 23:00:00,26.81,0.71,133.88
2021-10-24 00:00:00,43.74,0.55,132.87
2021-10-24 01:00:00,32.19,0.43,123.44
2021-10-24 02:00:00,59.37,0.8,129.82
2021-10-24 03:00:00,38.53,0.88,144.9
2021-10-24 04:00:00,61.46,0.73,152.21
2021-10-24 05:00:00,55.47,0.86,133.98
2021-10-24 06:00:00,36.99,0.74,137.3
2021-10-24 07:00:00,43.98,0.74,171.76
2021-10-24 08:00:00,66.25,0.73,237.36
2021-10-24 09:00:00,52.52,0.63,186.7
2021-10-24 10:00:00,49.2,0.91,142.44
2021-10-24 11:00:00,52.14,1.06,136.35
2021-10-24 12:00:00,47.25,1.09,133.97
2021-10-24 13:00:00,32.99,1.12,150.76
2021-10-24 14:00:00,33.6,0.8,157.76
2021-10-24 15:00:00,37.98,0.88,150.69
2021-10-24 16:00:00,30.11,1.14,108.05
2021-10-24 17:00:00,26.34,1.21,198.54
2021-10-24 18:00:00,20.63,1.29,93.15
2021-10-24 19:00:00,19.94,1.33,190.46
2021-10-24 20:00:00,14.18,1.12,26.15
2021-10-24 21:00:00,12.73,1.3,9.58
2021-10-24 22:00:00,30.57,0.96,18.72
2021-10-24 23:00:00,20.58,0.89,25.4
2021-10-25 00:00:00,20.96,0.63,85.33
2021-10-25 01:00:00,17.14,0.77,146.58
2021-10-25 02:00:00,14.73,0.46,190.76
2021-10-25 03:00:00,15.05,0.18,155.65
2021-10-25 04:00:00,18.86,0.14,111.35
2021-10-25 05:00:00,20.02,0.28,222.86
2021-10-25 06:00:00,15.43,0.18,224.33
2021-10-25 07:00:00,15.12,0.55,14.72
2021-10-25 08:00:00,16.28,0.81,182.62
2021-10-25 09:00:00,14.81,0.52,323.41
2021-10-25 10:00:00,15.28,0.43,300.25
2021-10-25 11:00:00,13.32,0.54,265.75
2021-10-25 12:00:00,14.6,0.68,274.76
2021-10-25 13:00:00,37.42,0.78,314.43
2021-10-25 14:00:00,42.57,0.75,334.7
2021-10-25 15:00:00,32.22,0.45,301.62
2021-10-25 16:00:00,29.49,0.43,321.02
2021-10-25 17:00:00,31.39,0.14,318.59
2021-10-25 18:00:00,41.63,0.17,286.36
2021-10-25 19:00:00,44.63,0.18,219.12
2021-10-25 20:00:00,46.02,0.24,252.25
2021-10-25 21:00:00,57.68,0.27,244.53
2021-10-25 22:00:00,33.75,0.26,238.43
2021-10-25 23:00:00,25.69,0.51,252.8
2021-10-26 00:00:00,52.61,0.54,254.82
2021-10-26 01:00:00,58.77,0.33,248.64
2021-10-26 02:00:00,38.83,0.41,241.38
2021-10-26 03:00:00,27.65,0.35,243.21
2021-10-26 04:00:00,20.62,0.43,248.4
2021-10-26 05:00:00,20.74,0.46,248.2
2021-10-26 06:00:00,24.7,0.45,229.8
2021-10-26 07:00:00,20.22,0.7,242.79
2021-10-26 08:00:00,19.94,0.42,267.39
2021-10-26 09:00:00,31.25,0.58,274.56
2021-10-26 10:00:00,41.78,0.75,283.23
2021-10-26 11:00:00,41.28,0.81,288.03
2021-10-26 12:00:00,127.97,0.81,282.76
2021-10-26 13:00:00,91.3,0.53,293.14
2021-10-26 14:00:00,74.82,0.78,289.09
2021-10-26 15:00:00,45.79,0.51,279.35
2021-10-26 16:00:00,30.85,0.38,314.8
2021-10-26 17:00:00,23.07,0.11,217.32
2021-10-26 18:00:00,17.57,0.09,157.2
2021-10-26 19:00:00,37.14,0.16,203.54
2021-10-26 20:00:00,91.12,0.26,131.31
2021-10-26 21:00:00,89.23,0.31,98.27
2021-10-26 22:00:00,103.27,0.37,93.94
2021-10-26 23:00:00,92.05,0.42,69.24
2021-10-27 00:00:00,109.93,0.21,117.83
2021-10-27 01:00:00,79.77,0.24,140.64
2021-10-27 02:00:00,89.35,0.21,155.84
2021-10-27 03:00:00,94.88,0.22,171.86
2021-10-27 04:00:00,75.82,0.15,162.72
2021-10-27 05:00:00,79.0,0.21,160.53
2021-10-27 06:00:00,88.7,0.25,171.4
2021-10-27 07:00:00,52.85,0.4,228.08
2021-10-27 08:00:00,86.93,0.97,252.1
2021-10-27 09:00:00,99.97,0.44,275.24
2021-10-27 10:00:00,91.35,0.4,299.41
2021-10-27 11:00:00,82.73,0.64,306.24
2021-10-27 12:00:00,74.11,0.81,277.27
2021-10-27 13:00:00,40.94,0.68,277.26
2021-10-27 14:00:00,82.49,0.68,283.62
2021-10-27 15:00:00,50.88,0.49,304.06
2021-10-27 16:00:00,36.25,0.3,311.98
2021-10-27 17:00:00,100.9,0.19,267.87
2021-10-27 18:00:00,57.85,0.18,234.31
2021-10-27 19:00:00,88.48,0.1,227.47
2021-10-27 20:00:00,165.05,0.25,192.74
2021-10-27 21:00:00,166.67,0.38,240.97
2021-10-27 22:00:00,171.16,0.55,251.98
2021-10-27 23:00:00,143.95,0.59,262.38
2021-10-28 00:00:00,100.42,0.5,234.98
2021-10-28 01:00:00,75.08,0.45,254.64
2021-10-28 02:00:00,115.76,0.57,244.87
2021-10-28 03:00:00,107.21,0.23,212.26
2021-10-28 04:00:00,93.27,0.22,203.01
2021-10-28 05:00:00,126.79,0.24,178.1
2021-10-28 06:00:00,105.2,0.31,201.2
2021-10-28 07:00:00,129.97,0.55,242.49
2021-10-28 08:00:00,125.51,1.1,258.0
2021-10-28 09:00:00,85.35,1.28,243.54
2021-10-28 10:00:00,121.08,1.25,251.24
2021-10-28 11:00:00,146.25,0.52,296.54
2021-10-28 12:00:00,82.69,0.5,288.22
2021-10-28 13:00:00,43.09,0.6,294.74
2021-10-28 14:00:00,80.56,0.64,265.72
2021-10-28 15:00:00,47.64,0.33,324.05
2021-10-28 16:00:00,92.76,0.22,216.34
2021-10-28 17:00:00,55.04,0.15,128.1
2021-10-28 18:00:00,166.73,0.22,151.02
2021-10-28 19:00:00,90.96,0.24,133.38
2021-10-28 20:00:00,137.71,0.23,156.88
2021-10-28 21:00:00,186.24,0.24,169.11
2021-10-28 22:00:00,169.79,0.26,165.05
2021-10-28 23:00:00,181.35,0.24,180.04
2021-10-29 00:00:00,183.69,0.27,140.13
2021-10-29 01:00:00,123.28,0.24,166.74
2021-10-29 02:00:00,161.7,0.29,135.7
2021-10-29 03:00:00,101.77,0.24,151.88
2021-10-29 04:00:00,73.75,0.22,151.8
2021-10-29 05:00:00,151.04,0.23,141.74
2021-10-29 06:00:00,135.71,0.23,167.28
2021-10-29 07:00:00,140.53,0.32,197.56
2021-10-29 08:00:00,160.01,0.53,242.58
2021-10-29 09:00:00,96.27,0.44,259.72
2021-10-29 10:00:00,182.37,0.27,137.44
2021-10-29 11:00:00,137.56,0.31,315.72
2021-10-29 12:00:00,89.93,0.5,322.19
2021-10-29 13:00:00,59.59,0.42,321.26
2021-10-29 14:00:00,53.38,0.41,291.21
2021-10-29 15:00:00,74.02,0.2,326.52
2021-10-29 16:00:00,57.68,0.1,195.5
2021-10-29 17:00:00,85.99,0.12,171.02
2021-10-29 18:00:00,152.7,0.16,142.16
2021-10-29 19:00:00,151.28,0.24,121.94
2021-10-29 20:00:00,159.06,0.22,128.94
2021-10-29 21:00:00,211.98,0.19,136.46
2021-10-29 22:00:00,231.48,0.23,157.3
2021-10-29 23:00:00,236.85,0.35,203.51
2021-10-30 00:00:00,147.54,0.24,182.09
2021-10-30 01:00:00,118.58,0.27,180.87
2021-10-30 02:00:00,132.86,0.25,170.45
2021-10-30 03:00:00,173.94,0.26,189.03
2021-10-30 04:00:00,127.09,0.28,180.67
2021-10-30 05:00:00,96.08,0.32,194.4
2021-10-30 06:00:00,67.27,0.62,253.72
2021-10-30 07:00:00,105.91,0.79,235.94
2021-10-30 08:00:00,112.42,0.72,258.94
2021-10-30 09:00:00,127.17,0.67,266.9
2021-10-30 10:00:00,83.78,0.6,269.9
2021-10-30 11:00:00,129.96,0.69,289.71
2021-10-30 12:00:00,89.18,0.75,295.42
2021-10-30 13:00:00,65.4,0.62,301.94
2021-10-30 14:00:00,54.47,0.6,301.46
2021-10-30 15:00:00,53.46,0.69,318.23
2021-10-30 16:00:00,57.84,0.42,297.71
2021-10-30 17:00:00,47.9,0.21,274.76
2021-10-30 18:00:00,74.38,0.14,160.07
2021-10-30 19:00:00,138.06,0.17,153.04
2021-10-30 20:00:00,202.34,0.17,134.46
2021-10-30 21:00:00,181.99,0.23,173.68
2021-10-30 22:00:00,213.28,0.26,184.63
2021-10-30 23:00:00,128.85,0.33,222.58
2021-10-31 00:00:00,184.4,0.62,244.9
2021-10-31 01:00:00,152.96,0.5,229.34
2021-10-31 02:00:00,152.34,0.57,233.54
2021-10-31 03:00:00,117.04,0.78,227.74
2021-10-31 04:00:00,124.88,0.5,215.3
2021-10-31 05:00:00,139.81,0.4,178.48
2021-10-31 06:00:00,207.49,0.61,213.37
2021-10-31 07:00:00,129.21,0.89,231.34
2021-10-31 08:00:00,95.92,0.99,237.8
2021-10-31 09:00:00,64.73,1.23,257.08
2021-10-31 10:00:00,106.14,1.16,245.64
2021-10-31 11:00:00,119.94,0.58,275.13
2021-10-31 12:00:00,128.76,0.81,265.86
2021-10-31 13:00:00,77.81,0.56,300.51
2021-10-31 14:00:00,94.22,0.71,263.5
2021-10-31 15:00:00,58.84,0.42,299.47
2021-10-31 16:00:00,61.64,0.4,262.75
2021-10-31 17:00:00,54.47,0.12,166.16
2021-10-31 18:00:00,75.95,0.24,123.34
2021-10-31 19:00:00,121.12,0.22,138.19
2021-10-31 20:00:00,148.92,0.22,131.3
2021-10-31 21:00:00,247.11,0.2,159.66
2021-10-31 22:00:00,250.72,0.27,202.96
2021-10-31 23:00:00,184.8,0.22,149.72
2021-11-01 00:00:00,137.15,0.24,127.28
2021-11-01 01:00:00,92.26,0.21,128.37
2021-11-01 02:00:00,142.76,0.22,166.62
2021-11-01 03:00:00,137.5,0.35,185.88
2021-11-01 04:00:00,103.24,0.53,179.71
2021-11-01 05:00:00,77.73,0.29,189.35
2021-11-01 06:00:00,90.72,0.18,115.11
2021-11-01 07:00:00,57.69,0.27,126.96
2021-11-01 08:00:00,104.77,0.73,148.64
2021-11-01 09:00:00,151.27,0.88,149.2
2021-11-01 10:00:00,89.57,0.94,151.28
2021-11-01 11:00:00,175.93,1.05,148.99
2021-11-01 12:00:00,105.96,0.87,167.83
2021-11-01 13:00:00,64.66,0.67,148.06
2021-11-01 14:00:00,51.27,0.9,140.13
2021-11-01 15:00:00,108.05,1.02,123.37
2021-11-01 16:00:00,75.25,0.73,113.78
2021-11-01 17:00:00,121.96,0.64,103.37
2021-11-01 18:00:00,175.49,0.62,102.52
2021-11-01 19:00:00,131.99,0.54,106.96
2021-11-01 20:00:00,156.3,0.55,113.99
2021-11-01 21:00:00,129.89,0.75,105.82
2021-11-01 22:00:00,115.62,0.7,115.02
2021-11-01 23:00:00,106.06,0.7,113.64
2021-11-02 00:00:00,83.04,0.28,131.24
2021-11-02 01:00:00,58.24,0.41,138.53
2021-11-02 02:00:00,85.06,0.87,115.7
2021-11-02 03:00:00,58.9,0.65,120.24
2021-11-02 04:00:00,64.94,0.75,141.78
2021-11-02 05:00:00,68.91,0.42,113.77
2021-11-02 06:00:00,100.7,0.54,118.04
2021-11-02 07:00:00,67.26,0.73,113.02
2021-11-02 08:00:00,110.09,1.04,129.88
2021-11-02 09:00:00,91.05,1.07,145.56
2021-11-02 10:00:00,86.48,1.32,142.18
2021-11-02 11:00:00,70.46,1.27,144.13
2021-11-02 12:00:00,56.92,1.36,153.37
2021-11-02 13:00:00,121.17,1.05,151.98
2021-11-02 14:00:00,127.08,1.17,164.22
2021-11-02 15:00:00,86.62,0.93,138.14
2021-11-02 16:00:00,71.16,0.76,117.64
2021-11-02 17:00:00,46.74,0.48,112.33
2021-11-02 18:00:00,102.81,0.35,102.7
2021-11-02 19:00:00,98.12,0.64,110.78
2021-11-02 20:00:00,109.89,0.7,127.0
2021-11-02 21:00:00,81.07,0.68,138.89
2021-11-02 22:00:00,58.73,0.81,134.85
2021-11-02 23:00:00,73.28,0.64,135.42
2021-11-03 00:00:00,79.2,0.36,63.1
2021-11-03 01:00:00,78.46,0.3,158.38
2021-11-03 02:00:00,95.47,0.4,172.24
2021-11-03 03:00:00,64.36,0.62,187.11
2021-11-03 04:00:00,57.25,0.54,156.3
2021-11-03 05:00:00,48.5,0.47,162.38
2021-11-03 06:00:00,40.18,0.3,214.06
2021-11-03 07:00:00,81.44,0.21,145.96
2021-11-03 08:00:00,109.12,0.32,60.56
2021-11-03 09:00:00,132.85,0.62,112.72
2021-11-03 10:00:00,93.87,0.68,139.77
2021-11-03 11:00:00,60.13,0.69,133.56
2021-11-03 12:00:00,91.18,0.84,143.31
2021-11-03 13:00:00,114.62,1.02,130.69
2021-11-03 14:00:00,69.39,1.02,122.5
2021-11-03 15:00:00,73.77,0.92,127.48
2021-11-03 16:00:00,59.44,0.76,115.47
2021-11-03 17:00:00,60.23,0.36,116.47
2021-11-03 18:00:00,74.37,0.23,120.28
2021-11-03 19:00:00,110.11,0.22,139.26
2021-11-03 20:00:00,96.09,0.22,141.88
2021-11-03 21:00:00,163.44,0.24,202.8
2021-11-03 22:00:00,188.65,0.24,195.92
2021-11-03 23:00:00,112.87,0.27,233.29
2021-11-04 00:00:00,91.7,0.22,145.87
2021-11-04 01:00:00,74.69,0.21,117.77
2021-11-04 02:00:00,178.9,0.32,115.15
2021-11-04 03:00:00,148.38,0.34,32.17
2021-11-04 04:00:00,114.52,0.21,173.36
2021-11-04 05:00:00,127.53,0.25,140.3
2021-11-04 06:00:00,76.83,0.24,160.81
2021-11-04 07:00:00,125.78,0.24,174.71
2021-11-04 08:00:00,95.16,1.05,260.06
2021-11-04 09:00:00,103.23,0.42,252.11
2021-11-04 10:00:00,122.58,0.29,274.42
2021-11-04 11:00:00,102.48,0.49,253.48
2021-11-04 12:00:00,91.28,0.52,250.44
2021-11-04 13:00:00,75.07,0.41,278.17
2021-11-04 14:00:00,90.54,0.26,285.51
2021-11-04 15:00:00,97.88,0.14,294.24
2021-11-04 16:00:00,143.22,0.12,235.21
2021-11-04 17:00:00,125.95,0.15,190.38
2021-11-04 18:00:00,111.5,0.12,217.92
2021-11-04 19:00:00,196.73,0.19,132.26
2021-11-04 20:00:00,256.38,0.22,141.34
2021-11-04 21:00:00,347.53,0.22,142.42
2021-11-04 22:00:00,362.48,0.22,169.14
2021-11-04 23:00:00,712.03,0.2,212.74
2021-11-05 00:00:00,913.86,0.18,167.02
2021-11-05 01:00:00,910.97,0.15,149.67
2021-11-05 02:00:00,908.0799999999999,0.32,93.6
2021-11-05 03:00:00,905.1899999999999,0.25,152.94
2021-11-05 04:00:00,902.3,0.24,153.71
2021-11-05 05:00:00,764.8,0.22,173.07
2021-11-05 06:00:00,573.0,0.22,172.82
2021-11-05 07:00:00,305.1,0.24,174.28
2021-11-05 08:00:00,220.65,0.52,244.51
2021-11-05 09:00:00,117.68,1.11,246.87
2021-11-05 10:00:00,130.35,0.44,258.78
2021-11-05 11:00:00,145.43,0.86,248.89
2021-11-05 12:00:00,78.95,0.7,257.26
2021-11-05 13:00:00,56.05,0.88,247.58
2021-11-05 14:00:00,52.82,0.76,241.45
2021-11-05 15:00:00,53.88,0.76,244.74
2021-11-05 16:00:00,109.68,0.38,194.67
2021-11-05 17:00:00,157.98,0.23,130.4
2021-11-05 18:00:00,112.43,0.23,140.19
2021-11-05 19:00:00,184.58,0.23,152.29
2021-11-05 20:00:00,249.02,0.24,167.21
2021-11-05 21:00:00,225.7,0.26,185.73
2021-11-05 22:00:00,252.2,0.26,172.64
2021-11-05 23:00:00,332.0,0.25,170.67
2021-11-06 00:00:00,413.6,0.26,189.54
2021-11-06 01:00:00,434.48,0.26,163.1
2021-11-06 02:00:00,361.33,0.26,169.54
2021-11-06 03:00:00,319.0,0.26,162.93
2021-11-06 04:00:00,251.8,0.36,185.66
2021-11-06 05:00:00,320.3,0.73,225.21
2021-11-06 06:00:00,367.98,0.55,214.89
2021-11-06 07:00:00,253.73,0.43,197.94
2021-11-06 08:00:00,388.32,0.91,233.68
2021-11-06 09:00:00,342.62,1.62,251.63
2021-11-06 10:00:00,300.9533333333333,1.59,251.79
2021-11-06 11:00:00,259.2866666666667,1.37,256.3
2021-11-06 12:00:00,217.62,1.03,261.5
2021-11-06 13:00:00,197.95,0.99,266.76
2021-11-06 14:00:00,187.5,0.69,276.67
2021-11-06 15:00:00,152.9,0.62,276.32
2021-11-06 16:00:00,199.9,0.4,281.76
2021-11-06 17:00:00,208.52,0.22,223.88
2021-11-06 18:00:00,179.55,0.15,106.28
2021-11-06 19:00:00,177.5,0.1,193.58
2021-11-06 20:00:00,188.55,0.17,166.17
2021-11-06 21:00:00,180.15,0.22,170.9
2021-11-06 22:00:00,175.75,0.3,199.74
2021-11-06 23:00:00,155.68,0.2,177.09
2021-11-07 00:00:00,325.38,0.5,231.36
2021-11-07 01:00:00,254.45,0.22,178.46
2021-11-07 02:00:00,334.3,0.27,213.32
2021-11-07 03:00:00,269.3,0.35,195.58
2021-11-07 04:00:00,232.65,0.52,231.14
2021-11-07 05:00:00,215.42,0.29,188.0
2021-11-07 06:00:00,335.17,0.28,190.96
2021-11-07 07:00:00,255.12,0.42,204.45
2021-11-07 08:00:00,199.48,1.2,249.23
2021-11-07 09:00:00,184.65,1.01,241.88
2021-11-07 10:00:00,162.48,1.03,250.15
2021-11-07 11:00:00,289.9,0.48,279.15
2021-11-07 12:00:00,267.42,0.47,296.1
2021-11-07 13:00:00,166.6,0.52,309.04
2021-11-07 14:00:00,141.01666666666665,0.62,268.41
2021-11-07 15:00:00,115.43333333333334,0.42,293.41
2021-11-07 16:00:00,89.85,0.17,198.17
2021-11-07 17:00:00,73.98,0.22,139.92
2021-11-07 18:00:00,104.5,0.36,120.79
2021-11-07 19:00:00,99.5,0.23,136.02
2021-11-07 20:00:00,130.2,0.24,127.0
2021-11-07 21:00:00,165.62,0.23,142.42
2021-11-07 22:00:00,247.77,0.28,177.15
2021-11-07 23:00:00,271.0,0.25,180.3
2021-11-08 00:00:00,200.7,0.26,177.42
2021-11-08 01:00:00,167.15,0.29,197.56
2021-11-08 02:00:00,142.4,0.37,227.06
2021-11-08 03:00:00,143.6,0.26,194.17
2021-11-08 04:00:00,148.15,0.28,174.3
2021-11-08 05:00:00,128.33,0.24,165.68
2021-11-08 06:00:00,141.38,0.28,189.05
2021-11-08 07:00:00,201.88,0.51,219.79
2021-11-08 08:00:00,227.98,0.93,245.32
2021-11-08 09:00:00,147.57,0.97,247.7
2021-11-08 10:00:00,176.1,0.48,267.85
2021-11-08 11:00:00,247.1,0.54,291.5
2021-11-08 12:00:00,241.6,0.52,289.88
2021-11-08 13:00:00,165.18,0.48,278.17
2021-11-08 14:00:00,135.28,0.46,281.35
2021-11-08 15:00:00,105.38,0.46,273.42
2021-11-08 16:00:00,94.32,0.27,255.18
2021-11-08 17:00:00,139.98,0.2,125.12
2021-11-08 18:00:00,135.5,0.24,149.56
2021-11-08 19:00:00,244.38,0.23,152.42
2021-11-08 20:00:00,271.1,0.26,135.28
2021-11-08 21:00:00,271.25,0.31,121.41
2021-11-08 22:00:00,93.32,0.24,166.8
2021-11-08 23:00:00,75.9,0.22,161.48
2021-11-09 00:00:00,56.72,0.3,187.8
2021-11-09 01:00:00,41.75,0.44,227.94
2021-11-09 02:00:00,61.7,0.25,190.26
2021-11-09 03:00:00,66.82,0.23,187.02
2021-11-09 04:00:00,41.7,0.34,198.7
2021-11-09 05:00:00,94.82,0.36,189.23
2021-11-09 06:00:00,218.68,0.24,238.61
2021-11-09 07:00:00,169.68,0.26,242.05
2021-11-09 08:00:00,161.93,0.32,246.27
2021-11-09 09:00:00,131.35,0.34,260.99
2021-11-09 10:00:00,152.0,0.6,274.23
2021-11-09 11:00:00,119.65,0.48,317.66
2021-11-09 12:00:00,102.28,0.46,290.17
2021-11-09 13:00:00,237.62,0.43,314.4
2021-11-09 14:00:00,172.28,0.48,310.77
2021-11-09 15:00:00,129.62,0.23,281.05
2021-11-09 16:00:00,107.98,0.14,182.17
2021-11-09 17:00:00,93.55,0.22,123.3
2021-11-09 18:00:00,139.1,0.23,124.97
2021-11-09 19:00:00,296.55,0.23,132.02
2021-11-09 20:00:00,275.88,0.23,138.89
2021-11-09 21:00:00,193.12,0.23,152.68
2021-11-09 22:00:00,201.35,0.23,170.42
2021-11-09 23:00:00,256.1,0.24,161.87
2021-11-10 00:00:00,251.4,0.23,154.73
2021-11-10 01:00:00,331.72,0.24,175.56
2021-11-10 02:00:00,234.05,0.24,178.45
2021-11-10 03:00:00,184.85,0.29,195.11
2021-11-10 04:00:00,174.325,0.24,152.56
2021-11-10 05:00:00,163.8,0.25,160.2
2021-11-10 06:00:00,169.82,0.25,165.47
2021-11-10 07:00:00,172.75,0.23,164.98
2021-11-10 08:00:00,153.52,0.52,221.04
2021-11-10 09:00:00,164.2,0.68,232.16
2021-11-10 10:00:00,140.52,0.88,245.88
2021-11-10 11:00:00,147.1,0.77,253.9
2021-11-10 12:00:00,184.8,0.82,245.46
2021-11-10 13:00:00,260.8,0.38,283.21
2021-11-10 14:00:00,205.875,0.59,252.15
2021-11-10 15:00:00,150.95,0.36,245.09
2021-11-10 16:00:00,164.38,0.22,142.49
2021-11-10 17:00:00,200.0,0.25,124.0
2021-11-10 18:00:00,311.9,0.23,138.57
2021-11-10 19:00:00,242.6,0.24,176.05
2021-11-10 20:00:00,209.65,0.26,182.32
2021-11-10 21:00:00,221.95,0.25,186.25
2021-11-10 22:00:00,244.28,0.24,202.06
2021-11-10 23:00:00,229.2,0.19,127.16
2021-11-11 00:00:00,334.58,0.24,147.89
2021-11-11 01:00:00,253.3,0.22,182.79
2021-11-11 02:00:00,214.55,0.24,141.97
2021-11-11 03:00:00,266.08,0.24,151.53
2021-11-11 04:00:00,225.95,0.24,133.07
2021-11-11 05:00:00,244.88,0.24,152.31
2021-11-11 06:00:00,275.9,0.24,180.4
2021-11-11 07:00:00,204.3,0.25,181.45
2021-11-11 08:00:00,245.58,0.24,172.92
2021-11-11 09:00:00,276.92,0.26,169.62
2021-11-11 10:00:00,250.08,0.25,234.19
2021-11-11 11:00:00,277.1,0.78,252.91
2021-11-11 12:00:00,208.73,0.65,230.75
2021-11-11 13:00:00,183.55,0.5,240.02
2021-11-11 14:00:00,171.42,0.56,253.36
2021-11-11 15:00:00,147.38,0.52,220.82
2021-11-11 16:00:00,135.27,0.26,198.7
2021-11-11 17:00:00,382.68,0.21,154.16
2021-11-11 18:00:00,263.65,0.24,150.72
2021-11-11 19:00:00,207.8,0.24,157.65
2021-11-11 20:00:00,210.65,0.25,177.63
2021-11-11 21:00:00,230.18,0.24,184.52
2021-11-11 22:00:00,185.88,0.25,139.18
2021-11-11 23:00:00,243.6,0.22,168.8
2021-11-12 00:00:00,280.77,0.26,131.86
2021-11-12 01:00:00,265.18,0.3,147.3
2021-11-12 02:00:00,220.35,0.3,152.81
2021-11-12 03:00:00,197.98,0.27,156.16
2021-11-12 04:00:00,152.73,0.25,167.24
2021-11-12 05:00:00,129.65,0.2,154.8
2021-11-12 06:00:00,220.28,0.22,177.94
2021-11-12 07:00:00,178.02,0.28,178.5
2021-11-12 08:00:00,224.15,0.66,218.74
2021-11-12 09:00:00,172.02,1.04,255.07
2021-11-12 10:00:00,185.32,0.4,252.15
2021-11-12 11:00:00,160.62,0.64,249.6
2021-11-12 12:00:00,171.98,0.64,248.65
2021-11-12 13:00:00,346.18,0.41,270.84
2021-11-12 14:00:00,301.39,0.54,263.36
2021-11-12 15:00:00,256.6,0.26,226.1
2021-11-12 16:00:00,207.58,0.21,141.55
2021-11-12 17:00:00,165.58,0.24,131.97
2021-11-12 18:00:00,403.32,0.23,149.8
2021-11-12 19:00:00,266.65,0.19,159.78
2021-11-12 20:00:00,213.15,0.2,129.62
2021-11-12 21:00:00,233.18,0.22,179.69
2021-11-12 22:00:00,258.0,0.28,181.78
2021-11-12 23:00:00,191.9,0.2,178.74
2021-11-13 00:00:00,170.52,0.23,171.35
2021-11-13 01:00:00,173.25,0.28,170.91
2021-11-13 02:00:00,262.88,0.29,154.5
2021-11-13 03:00:00,188.68,0.24,162.85
2021-11-13 04:00:00,183.9,0.21,156.65
2021-11-13 05:00:00,192.1,0.27,153.83
2021-11-13 06:00:00,192.55,0.29,185.18
2021-11-13 07:00:00,168.62,0.29,173.48
2021-11-13 08:00:00,140.83,0.59,210.15
2021-11-13 09:00:00,147.52,0.58,247.33
2021-11-13 10:00:00,156.25,0.94,250.36
2021-11-13 11:00:00,136.5,0.93,262.55
2021-11-13 12:00:00,176.08,0.7,250.41
2021-11-13 13:00:00,165.18,0.56,275.78
2021-11-13 14:00:00,160.95,0.59,284.65
2021-11-13 15:00:00,146.885,0.37,307.31
2021-11-13 16:00:00,132.82,0.19,257.01
2021-11-13 17:00:00,145.28,0.16,210.51
2021-11-13 18:00:00,144.48,0.21,174.54
2021-11-13 19:00:00,131.3,0.27,172.3
2021-11-13 20:00:00,131.8,0.24,173.54
2021-11-13 21:00:00,143.7,0.25,181.32
2021-11-13 22:00:00,194.78,0.22,182.77
2021-11-13 23:00:00,151.9,0.34,203.69
2021-11-14 00:00:00,202.15,0.21,183.24
2021-11-14 01:00:00,213.75,0.25,159.22
2021-11-14 02:00:00,191.48,0.28,182.81
2021-11-14 03:00:00,214.5,0.27,172.64
2021-11-14 04:00:00,129.48,0.28,174.42
2021-11-14 05:00:00,120.85,0.26,173.08
2021-11-14 06:00:00,145.02,0.25,169.87
2021-11-14 07:00:00,120.6,0.32,177.0
2021-11-14 08:00:00,121.12,0.45,206.62
2021-11-14 09:00:00,168.58,0.51,224.48
2021-11-14 10:00:00,200.08,0.36,227.41
2021-11-14 11:00:00,125.2,0.19,237.19
2021-11-14 12:00:00,127.55,0.2,324.32
2021-11-14 13:00:00,138.78,0.42,287.8
2021-11-14 14:00:00,131.02,0.3,295.69
2021-11-14 15:00:00,108.12,0.3,236.07
2021-11-14 16:00:00,160.15,0.14,115.84
2021-11-14 17:00:00,110.68,0.23,121.92
2021-11-14 18:00:00,106.18,0.22,136.67
2021-11-14 19:00:00,278.3,0.24,185.52
2021-11-14 20:00:00,204.28,0.21,153.18
2021-11-14 21:00:00,164.8,0.19,157.58
2021-11-14 22:00:00,131.07,0.26,203.52
2021-11-14 23:00:00,160.3,0.2,124.5
2021-11-15 00:00:00,175.4,0.26,178.95
2021-11-15 01:00:00,141.6,0.23,172.17
2021-11-15 02:00:00,146.18,0.28,186.0
2021-11-15 03:00:00,105.05,0.25,152.38
2021-11-15 04:00:00,91.08,0.24,162.73
2021-11-15 05:00:00,124.65,0.25,156.46
2021-11-15 06:00:00,142.48,0.28,141.37
2021-11-15 07:00:00,97.95,0.26,170.5
2021-11-15 08:00:00,75.75,0.32,187.26
2021-11-15 09:00:00,132.4,0.95,231.28
2021-11-15 10:00:00,126.78,0.5,223.42
2021-11-15 11:00:00,118.15,0.18,127.99
2021-11-15 12:00:00,279.3,0.22,316.15
2021-11-15 13:00:00,207.5,0.57,279.5
2021-11-15 14:00:00,135.12,0.34,291.71
2021-11-15 15:00:00,280.83,0.23,271.91
2021-11-15 16:00:00,183.2,0.22,200.79
2021-11-15 17:00:00,148.0,0.21,118.26
2021-11-15 18:00:00,216.4,0.24,112.88
2021-11-15 19:00:00,317.25,0.24,134.28
2021-11-15 20:00:00,184.65,0.18,185.28
2021-11-15 21:00:00,208.85,0.22,197.32
2021-11-15 22:00:00,292.23,0.23,148.64
2021-11-15 23:00:00,275.1,0.23,179.32
2021-11-16 00:00:00,215.62,0.24,167.21
2021-11-16 01:00:00,193.68,0.26,153.62
2021-11-16 02:00:00,215.98,0.26,159.54
2021-11-16 03:00:00,248.2,0.27,176.41
2021-11-16 04:00:00,250.48,0.26,175.2
2021-11-16 05:00:00,165.6,0.3,180.58
2021-11-16 06:00:00,164.2,0.24,176.79
2021-11-16 07:00:00,131.58,0.26,169.94
2021-11-16 08:00:00,226.72,0.44,194.68
2021-11-16 09:00:00,302.17,0.56,220.38
2021-11-16 10:00:00,288.9,0.5,240.7
2021-11-16 11:00:00,255.1,0.42,280.72
2021-11-16 12:00:00,281.35,0.62,276.99
2021-11-16 13:00:00,291.62,0.57,287.69
2021-11-16 14:00:00,306.7,0.52,278.56
2021-11-16 15:00:00,257.58,0.48,268.99
2021-11-16 16:00:00,237.2,0.3,267.09
2021-11-16 17:00:00,212.1,0.1,231.11
2021-11-16 18:00:00,290.0,0.28,247.59
2021-11-16 19:00:00,281.4,0.22,141.02
2021-11-16 20:00:00,521.1,0.26,140.4
2021-11-16 21:00:00,555.8,0.24,167.4
2021-11-16 22:00:00,560.2,0.22,164.1
2021-11-16 23:00:00,573.9,0.24,159.36
2021-11-17 00:00:00,533.3,0.24,152.49
2021-11-17 01:00:00,545.68,0.25,169.38
2021-11-17 02:00:00,544.05,0.25,180.55
2021-11-17 03:00:00,459.2,0.28,196.77
2021-11-17 04:00:00,384.72,0.25,169.64
2021-11-17 05:00:00,352.38,0.25,177.7
2021-11-17 06:00:00,310.12,0.26,176.84
2021-11-17 07:00:00,300.17,0.27,160.61
2021-11-17 08:00:00,246.02,0.26,155.6
2021-11-17 09:00:00,348.35,0.18,63.72
2021-11-17 10:00:00,395.88,0.13,107.58
2021-11-17 11:00:00,374.3,0.44,45.72
2021-11-17 12:00:00,302.2,0.7,54.42
2021-11-17 13:00:00,173.3,0.61,119.72
2021-11-17 14:00:00,132.97500000000002,0.68,86.22
2021-11-17 15:00:00,92.65,0.47,49.3
2021-11-17 16:00:00,52.325,0.28,81.69
2021-11-17 17:00:00,12.0,0.24,114.93
2021-11-17 18:00:00,269.82,0.22,137.7
2021-11-17 19:00:00,309.6,0.18,138.58
2021-11-17 20:00:00,359.38,0.17,116.74
2021-11-17 21:00:00,329.33,0.18,121.34
2021-11-17 22:00:00,391.68,0.22,152.3
2021-11-17 23:00:00,316.8,0.24,129.47
2021-11-18 00:00:00,268.9,0.24,148.23
2021-11-18 01:00:00,326.95,0.24,148.05
2021-11-18 02:00:00,232.48,0.24,141.17
2021-11-18 03:00:00,203.65,0.25,120.4
2021-11-18 04:00:00,217.05,0.26,129.35
2021-11-18 05:00:00,212.77,0.24,150.49
2021-11-18 06:00:00,229.05,0.25,135.65
2021-11-18 07:00:00,269.15,0.25,141.84
2021-11-18 08:00:00,265.7,0.22,74.09
2021-11-18 09:00:00,370.75,0.37,58.38
2021-11-18 10:00:00,322.12,0.24,132.62
2021-11-18 11:00:00,358.1,0.42,171.0
2021-11-18 12:00:00,245.47500000000002,0.5,115.33
2021-11-18 13:00:00,132.85,0.38,66.51
2021-11-18 14:00:00,154.58,0.3,218.58
2021-11-18 15:00:00,133.3,0.29,230.48
2021-11-18 16:00:00,153.02,0.26,230.04
2021-11-18 17:00:00,262.05,0.18,138.05
2021-11-18 18:00:00,293.3,0.25,129.13
2021-11-18 19:00:00,382.75,0.23,130.45
2021-11-18 20:00:00,448.95,0.24,121.23
2021-11-18 21:00:00,427.2,0.28,118.48
2021-11-18 22:00:00,454.22,0.24,114.38
2021-11-18 23:00:00,465.4,0.23,131.36
2021-11-19 00:00:00,344.6,0.26,174.43
2021-11-19 01:00:00,371.15,0.24,145.46
2021-11-19 02:00:00,295.62,0.22,101.52
2021-11-19 03:00:00,243.9,0.22,140.4
2021-11-19 04:00:00,243.45,0.25,124.49
2021-11-19 05:00:00,336.28,0.24,146.55
2021-11-19 06:00:00,331.9,0.25,164.99
2021-11-19 07:00:00,252.92,0.24,141.85
2021-11-19 08:00:00,318.25,0.28,211.38
2021-11-19 09:00:00,359.85,0.24,122.86
2021-11-19 10:00:00,361.32,0.3,77.56
2021-11-19 11:00:00,258.25,0.23,304.72
2021-11-19 12:00:00,253.25,0.46,301.17
2021-11-19 13:00:00,186.18,0.52,256.53
2021-11-19 14:00:00,161.12,0.28,233.9
2021-11-19 15:00:00,154.3,0.34,229.26
2021-11-19 16:00:00,144.3,0.26,186.96
2021-11-19 17:00:00,203.2,0.24,166.4
2021-11-19 18:00:00,198.8,0.24,143.84
2021-11-19 19:00:00,216.3,0.23,150.64
2021-11-19 20:00:00,265.4,0.23,187.19
2021-11-19 21:00:00,191.22,0.22,144.49
2021-11-19 22:00:00,250.4,0.2,163.83
2021-11-19 23:00:00,309.52,0.14,132.34
2021-11-20 00:00:00,314.6,0.27,174.84
2021-11-20 01:00:00,286.0,0.23,159.71
2021-11-20 02:00:00,243.32,0.22,143.72
2021-11-20 03:00:00,272.1,0.24,155.77
2021-11-20 04:00:00,226.2,0.23,143.24
2021-11-20 05:00:00,165.52,0.21,156.88
2021-11-20 06:00:00,168.58,0.2,154.59
2021-11-20 07:00:00,183.32,0.27,174.57
2021-11-20 08:00:00,213.7,0.17,179.19
2021-11-20 09:00:00,240.8,0.49,208.46
2021-11-20 10:00:00,226.25,0.29,216.08
2021-11-20 11:00:00,265.3,0.22,217.83
2021-11-20 12:00:00,210.02,0.39,264.63
2021-11-20 13:00:00,202.4,0.35,314.24
2021-11-20 14:00:00,154.48,0.46,272.58
2021-11-20 15:00:00,148.55,0.29,268.13
2021-11-20 16:00:00,131.3,0.24,175.6
2021-11-20 17:00:00,115.38,0.24,124.5
2021-11-20 18:00:00,182.25,0.24,125.38
2021-11-20 19:00:00,188.3,0.24,131.16
2021-11-20 20:00:00,225.05,0.26,131.72
2021-11-20 21:00:00,234.7,0.21,123.72
2021-11-20 22:00:00,231.7,0.22,137.15
2021-11-20 23:00:00,196.5,0.22,137.7
2021-11-21 00:00:00,214.9,0.24,154.88
2021-11-21 01:00:00,146.05,0.28,115.4
2021-11-21 02:00:00,177.2,0.29,119.1
2021-11-21 03:00:00,150.57,0.24,149.67
2021-11-21 04:00:00,148.62,0.22,148.7
2021-11-21 05:00:00,99.05,0.22,139.35
2021-11-21 06:00:00,130.2,0.24,140.74
2021-11-21 07:00:00,156.6,0.26,149.74
2021-11-21 08:00:00,140.72,0.37,238.54
2021-11-21 09:00:00,209.2,0.36,247.93
2021-11-21 10:00:00,171.8,0.42,280.35
2021-11-21 11:00:00,135.0,0.61,301.09
2021-11-21 12:00:00,102.28,0.6,291.04
2021-11-21 13:00:00,113.78,0.61,274.7
2021-11-21 14:00:00,98.35,0.92,263.82
2021-11-21 15:00:00,56.92,0.63,278.18
2021-11-21 16:00:00,37.97,0.34,262.28
2021-11-21 17:00:00,106.8,0.18,154.76
2021-11-21 18:00:00,110.22,0.11,104.56
2021-11-21 19:00:00,150.75,0.21,113.74
2021-11-21 20:00:00,160.5,0.23,153.92
2021-11-21 21:00:00,178.28,0.26,190.8
2021-11-21 22:00:00,154.93,0.49,229.54
2021-11-21 23:00:00,142.0,0.32,236.56
2021-11-22 00:00:00,99.88,0.4,256.72
2021-11-22 01:00:00,115.52,0.77,256.61
2021-11-22 02:00:00,109.68,1.04,246.59
2021-11-22 03:00:00,88.12,0.92,254.9
2021-11-22 04:00:00,91.4,0.78,259.32
2021-11-22 05:00:00,74.97,0.92,259.6
2021-11-22 06:00:00,65.08,0.85,255.55
2021-11-22 07:00:00,98.12,0.82,255.96
2021-11-22 08:00:00,118.28,0.67,265.9
2021-11-22 09:00:00,80.07,0.92,269.12
2021-11-22 10:00:00,134.0,0.91,272.6
2021-11-22 11:00:00,163.55,1.22,262.68
2021-11-22 12:00:00,168.55,1.02,275.04
2021-11-22 13:00:00,88.6,1.36,262.15
2021-11-22 14:00:00,49.78,1.16,277.03
2021-11-22 15:00:00,34.22,0.76,282.42
2021-11-22 16:00:00,21.67,0.47,277.56
2021-11-22 17:00:00,19.12,0.23,240.79
2021-11-22 18:00:00,13.88,0.22,208.23
2021-11-22 19:00:00,98.15,0.31,242.04
2021-11-22 20:00:00,128.12,0.38,263.88
2021-11-22 21:00:00,83.9,0.34,273.08
2021-11-22 22:00:00,85.5,0.48,278.41
2021-11-22 23:00:00,109.6,0.56,275.47
2021-11-23 00:00:00,63.53,0.6,258.08
2021-11-23 01:00:00,33.28,0.53,256.51
2021-11-23 02:00:00,42.0,0.36,228.66
2021-11-23 03:00:00,56.47,0.45,222.81
2021-11-23 04:00:00,66.07,0.78,240.69
2021-11-23 05:00:00,63.48,0.68,234.92
2021-11-23 06:00:00,58.98,0.41,183.85
2021-11-23 07:00:00,55.05,0.66,214.19
2021-11-23 08:00:00,84.28,0.54,245.8
2021-11-23 09:00:00,73.62,1.12,260.27
2021-11-23 10:00:00,137.02,1.47,249.53
2021-11-23 11:00:00,103.85,0.94,250.26
2021-11-23 12:00:00,72.62,1.25,239.46
2021-11-23 13:00:00,64.58,1.28,249.48
2021-11-23 14:00:00,70.48,1.13,247.76
2021-11-23 15:00:00,102.25,0.83,243.71
2021-11-23 16:00:00,83.9,0.26,169.75
2021-11-23 17:00:00,83.32,0.24,126.27
2021-11-23 18:00:00,158.5,0.24,141.43
2021-11-23 19:00:00,191.08,0.23,164.58
2021-11-23 20:00:00,181.85,0.25,143.02
2021-11-23 21:00:00,127.72,0.26,184.04
2021-11-23 22:00:00,204.12,0.22,143.31
2021-11-23 23:00:00,243.0,0.23,134.76
2021-11-24 00:00:00,212.58,0.25,131.38
2021-11-24 01:00:00,204.52,0.35,72.77
2021-11-24 02:00:00,148.7,0.24,137.62
2021-11-24 03:00:00,140.55,0.27,177.1
2021-11-24 04:00:00,100.75,0.28,170.78
2021-11-24 05:00:00,114.57,0.3,129.47
2021-11-24 06:00:00,95.65,0.31,120.8
2021-11-24 07:00:00,102.68,0.22,142.95
2021-11-24 08:00:00,83.3,0.25,134.72
2021-11-24 09:00:00,132.78,0.26,103.44
2021-11-24 10:00:00,165.65,0.48,129.69
2021-11-24 11:00:00,126.12,0.57,124.17
2021-11-24 12:00:00,110.88,0.63,148.04
2021-11-24 13:00:00,106.5,0.42,115.93
2021-11-24 14:00:00,70.25,0.27,88.56
2021-11-24 15:00:00,115.08,0.49,65.45
2021-11-24 16:00:00,93.98,0.3,94.68
2021-11-24 17:00:00,160.9,0.29,86.59
2021-11-24 18:00:00,197.0,0.33,62.4
2021-11-24 19:00:00,269.12,0.34,65.37
2021-11-24 20:00:00,249.6,0.36,59.52
2021-11-24 21:00:00,176.38,0.73,118.95
2021-11-24 22:00:00,242.52,0.69,118.49
2021-11-24 23:00:00,179.9,0.46,100.26
2021-11-25 00:00:00,142.68,0.38,140.03
2021-11-25 01:00:00,170.8,0.29,152.08
2021-11-25 02:00:00,170.6,0.34,138.0
2021-11-25 03:00:00,161.98,0.54,145.0
2021-11-25 04:00:00,87.6,0.38,134.68
2021-11-25 05:00:00,124.08,0.29,121.14
2021-11-25 06:00:00,114.0,0.62,110.86
2021-11-25 07:00:00,150.22,0.59,125.58
2021-11-25 08:00:00,126.85,0.89,124.36
2021-11-25 09:00:00,132.1,0.93,114.2
2021-11-25 10:00:00,160.1,0.86,112.19
2021-11-25 11:00:00,143.27,0.8,113.44
2021-11-25 12:00:00,106.85,0.77,116.11
2021-11-25 13:00:00,156.4,0.43,149.76
2021-11-25 14:00:00,129.33,0.52,139.43
2021-11-25 15:00:00,175.0,0.6,111.24
2021-11-25 16:00:00,165.65,0.36,116.25
2021-11-25 17:00:00,150.85,0.24,116.42
2021-11-25 18:00:00,161.15,0.22,115.61
2021-11-25 19:00:00,289.7,0.23,112.96
2021-11-25 20:00:00,343.28,0.2,78.64
2021-11-25 21:00:00,377.1,0.17,118.71
2021-11-25 22:00:00,350.48,0.2,146.39
2021-11-25 23:00:00,348.6,0.2,161.27
2021-11-26 00:00:00,292.85,0.17,128.96
2021-11-26 01:00:00,243.85,0.18,146.98
2021-11-26 02:00:00,177.3,0.18,124.66
2021-11-26 03:00:00,156.05,0.25,122.5
2021-11-26 04:00:00,249.45,0.23,137.38
2021-11-26 05:00:00,194.12,0.22,169.94
2021-11-26 06:00:00,257.98,0.27,154.46
2021-11-26 07:00:00,231.88,0.22,175.88
2021-11-26 08:00:00,246.88,0.18,126.29
2021-11-26 09:00:00,307.42,0.51,30.64
2021-11-26 10:00:00,234.8466666666667,0.59,49.56
2021-11-26 11:00:00,162.27333333333334,0.62,56.9
2021-11-26 12:00:00,89.7,0.43,41.14
2021-11-26 13:00:00,91.38,0.62,59.37
2021-11-26 14:00:00,98.92,0.5,49.99
2021-11-26 15:00:00,139.68,0.34,61.48
2021-11-26 16:00:00,76.65,0.39,125.3
2021-11-26 17:00:00,95.58,0.23,136.78
2021-11-26 18:00:00,85.9,0.23,137.52
2021-11-26 19:00:00,118.78,0.2,132.11
2021-11-26 20:00:00,166.4,0.22,136.64
2021-11-26 21:00:00,214.68,0.24,121.19
2021-11-26 22:00:00,194.48,0.22,113.05
2021-11-26 23:00:00,237.42,0.16,57.74
2021-11-27 00:00:00,239.88,0.22,130.96
2021-11-27 01:00:00,254.78,0.18,160.67
2021-11-27 02:00:00,222.77,0.17,152.03
2021-11-27 03:00:00,157.8,0.16,133.05
2021-11-27 04:00:00,249.25,0.22,162.76
2021-11-27 05:00:00,221.88,0.24,154.96
2021-11-27 06:00:00,129.38,0.18,178.93
2021-11-27 07:00:00,149.95,0.32,161.56
2021-11-27 08:00:00,152.4,0.25,206.42
2021-11-27 09:00:00,177.82,0.9,111.14
2021-11-27 10:00:00,211.92,1.07,118.53
2021-11-27 11:00:00,138.92,1.13,101.24
2021-11-27 12:00:00,93.42,1.06,90.8
2021-11-27 13:00:00,105.55,0.91,88.21
2021-11-27 14:00:00,140.1,0.93,119.5
2021-11-27 15:00:00,120.05,0.85,125.75
2021-11-27 16:00:00,96.08,0.59,124.84
2021-11-27 17:00:00,138.07,0.22,112.33
2021-11-27 18:00:00,188.35,0.28,109.13
2021-11-27 19:00:00,182.1,0.26,100.61
2021-11-27 20:00:00,168.42,0.4,100.68
2021-11-27 21:00:00,140.88,0.19,120.12
2021-11-27 22:00:00,182.98,0.22,122.54
2021-11-27 23:00:00,128.85,0.26,125.86
2021-11-28 00:00:00,138.28,0.59,51.01
2021-11-28 01:00:00,102.0,0.5,27.12
2021-11-28 02:00:00,188.95,0.44,21.41
2021-11-28 03:00:00,133.55,0.42,44.94
2021-11-28 04:00:00,120.45,0.29,14.16
2021-11-28 05:00:00,129.17,0.3,47.0
2021-11-28 06:00:00,97.2,0.18,88.28
2021-11-28 07:00:00,153.73,0.34,106.96
2021-11-28 08:00:00,196.38,0.35,40.5
2021-11-28 09:00:00,178.85,0.38,45.38
2021-11-28 10:00:00,160.75,0.9,49.39
2021-11-28 11:00:00,167.88,0.84,115.48
2021-11-28 12:00:00,152.35,0.7,131.94
2021-11-28 13:00:00,102.75,0.68,148.32
2021-11-28 14:00:00,122.35,0.32,160.5
2021-11-28 15:00:00,109.02,0.29,122.92
2021-11-28 16:00:00,159.65,0.24,97.03
2021-11-28 17:00:00,201.38,0.24,110.06
2021-11-28 18:00:00,148.05,0.24,107.87
2021-11-28 19:00:00,236.85,0.28,96.41
2021-11-28 20:00:00,200.5,0.24,113.74
2021-11-28 21:00:00,120.43,0.24,126.87
2021-11-28 22:00:00,197.58,0.29,118.93
2021-11-28 23:00:00,148.35,0.25,124.13
2021-11-29 00:00:00,162.45,0.26,100.24
2021-11-29 01:00:00,111.05,0.25,132.14
2021-11-29 02:00:00,154.48,0.25,143.33
2021-11-29 03:00:00,205.75,0.25,143.61
2021-11-29 04:00:00,162.22,0.25,127.92
2021-11-29 05:00:00,110.25,0.26,135.5
2021-11-29 06:00:00,98.15,0.27,138.87
2021-11-29 07:00:00,181.35,0.28,156.72
2021-11-29 08:00:00,162.68,0.46,221.3
2021-11-29 09:00:00,176.28,0.56,244.83
2021-11-29 10:00:00,159.25,0.44,270.47
2021-11-29 11:00:00,163.67,0.64,264.86
2021-11-29 12:00:00,109.35,0.67,281.66
2021-11-29 13:00:00,150.5,0.59,277.58
2021-11-29 14:00:00,99.05,0.82,266.74
2021-11-29 15:00:00,112.35,0.43,297.78
2021-11-29 16:00:00,170.75,0.2,290.48
2021-11-29 17:00:00,116.85,0.16,208.76
2021-11-29 18:00:00,76.82,0.22,152.82
2021-11-29 19:00:00,62.65,0.13,177.85
2021-11-29 20:00:00,124.02,0.23,141.28
2021-11-29 21:00:00,159.52,0.2,158.49
2021-11-29 22:00:00,100.75,0.35,218.54
2021-11-29 23:00:00,144.07,0.69,240.88
2021-11-30 00:00:00,144.6,0.62,233.35
2021-11-30 01:00:00,128.15,0.46,225.24
2021-11-30 02:00:00,92.0,0.36,237.65
2021-11-30 03:00:00,73.15,0.72,251.23
2021-11-30 04:00:00,69.12,0.54,289.34
2021-11-30 05:00:00,93.95,0.27,290.9
2021-11-30 06:00:00,115.12,0.4,208.88
2021-11-30 07:00:00,84.6,0.64,229.66
2021-11-30 08:00:00,108.35,0.83,249.72
2021-11-30 09:00:00,78.38,0.82,254.05
2021-11-30 10:00:00,120.68,0.9,254.06
2021-11-30 11:00:00,106.75,0.66,272.33
2021-11-30 12:00:00,135.43,0.82,261.85
2021-11-30 13:00:00,86.82,0.89,253.89
2021-11-30 14:00:00,73.82,0.75,260.18
2021-11-30 15:00:00,123.18,0.57,258.52
2021-11-30 16:00:00,89.68,0.18,192.43
2021-11-30 17:00:00,77.62,0.24,137.84
2021-11-30 18:00:00,65.25,0.23,163.89
2021-11-30 19:00:00,70.18,0.23,168.14
2021-11-30 20:00:00,108.2,0.24,154.3
2021-11-30 21:00:00,84.08,0.24,160.14
2021-11-30 22:00:00,125.1,0.24,185.26
2021-11-30 23:00:00,90.2,0.22,183.32
2021-12-01 00:00:00,107.15,0.25,125.44
2021-12-01 01:00:00,124.1,0.24,157.89
2021-12-01 02:00:00,110.0575,0.24,158.68
2021-12-01 03:00:00,96.015,0.24,149.46
2021-12-01 04:00:00,81.9725,0.25,151.39
2021-12-01 05:00:00,67.93,0.23,142.13
2021-12-01 06:00:00,102.8,0.26,174.36
2021-12-01 07:00:00,109.4,0.27,182.35
2021-12-01 08:00:00,116.68,0.32,187.82
2021-12-01 09:00:00,94.25,0.29,171.34
2021-12-01 10:00:00,116.5,0.33,160.9
2021-12-01 11:00:00,108.32,0.37,204.05
2021-12-01 12:00:00,94.55,0.15,229.07
2021-12-01 13:00:00,144.05,0.22,249.54
2021-12-01 14:00:00,100.5,0.11,248.93
2021-12-01 15:00:00,190.05,0.11,245.08
2021-12-01 16:00:00,89.18,0.15,164.86
2021-12-01 17:00:00,67.2,0.19,123.49
2021-12-01 18:00:00,174.82,0.18,85.65
2021-12-01 19:00:00,118.42,0.15,169.38
2021-12-01 20:00:00,83.0,0.3,51.52
2021-12-01 21:00:00,65.05,0.17,186.83
2021-12-01 22:00:00,162.07,0.25,173.36
2021-12-01 23:00:00,298.25,0.15,173.6
2021-12-02 00:00:00,173.15,0.2,171.08
2021-12-02 01:00:00,193.62,0.2,206.55
2021-12-02 02:00:00,225.6,0.19,196.46
2021-12-02 03:00:00,141.02,0.24,183.66
2021-12-02 04:00:00,99.6,0.26,176.23
2021-12-02 05:00:00,72.88,0.28,227.7
2021-12-02 06:00:00,148.28,0.16,198.47
2021-12-02 07:00:00,162.25,0.27,196.78
2021-12-02 08:00:00,173.28,0.27,242.35
2021-12-02 09:00:00,120.35,0.26,244.8
2021-12-02 10:00:00,155.2,0.56,246.46
2021-12-02 11:00:00,113.32,0.55,239.14
2021-12-02 12:00:00,146.52,0.51,260.61
2021-12-02 13:00:00,110.3,0.31,253.64
2021-12-02 14:00:00,225.38,0.4,259.9
2021-12-02 15:00:00,124.38,0.71,212.31
2021-12-02 16:00:00,147.62,0.61,208.54
2021-12-02 17:00:00,125.68,0.62,176.54
2021-12-02 18:00:00,80.22,0.39,204.7
2021-12-02 19:00:00,79.7,0.44,238.36
2021-12-02 20:00:00,60.45,0.22,193.72
2021-12-02 21:00:00,60.2,0.49,205.73
2021-12-02 22:00:00,52.92,0.46,194.89
2021-12-02 23:00:00,59.18,0.24,167.48
2021-12-03 00:00:00,127.77666666666667,0.34,207.94
2021-12-03 01:00:00,196.37333333333336,0.22,221.08
2021-12-03 02:00:00,264.97,0.32,246.92
2021-12-03 03:00:00,172.95,0.3,248.12
2021-12-03 04:00:00,119.1,0.29,229.28
2021-12-03 05:00:00,74.05,0.45,229.17
2021-12-03 06:00:00,55.45,0.71,254.56
2021-12-03 07:00:00,238.9,0.44,243.38
2021-12-03 08:00:00,343.9,0.65,235.38
2021-12-03 09:00:00,448.9,0.89,253.98
2021-12-03 10:00:00,261.92,0.38,270.88
2021-12-03 11:00:00,165.22,0.94,256.94
2021-12-03 12:00:00,118.72,0.57,260.17
2021-12-03 13:00:00,81.0,0.5,262.18
2021-12-03 14:00:00,56.58,0.26,274.03
2021-12-03 15:00:00,55.7,0.31,157.31
2021-12-03 16:00:00,41.35,0.17,182.86
2021-12-03 17:00:00,63.62,0.21,140.86
2021-12-03 18:00:00,134.8,0.22,142.85
2021-12-03 19:00:00,145.67,0.23,143.87
2021-12-03 20:00:00,172.52,0.24,131.42
2021-12-03 21:00:00,163.33,0.24,138.03
2021-12-03 22:00:00,164.5,0.32,131.38
2021-12-03 23:00:00,190.42,0.28,144.7
2021-12-04 00:00:00,145.82,0.24,138.0
2021-12-04 01:00:00,151.6,0.23,151.61
2021-12-04 02:00:00,96.08,0.24,143.02
2021-12-04 03:00:00,344.92,0.26,142.59
2021-12-04 04:00:00,201.7,0.28,182.78
2021-12-04 05:00:00,167.2,0.29,174.36
2021-12-04 06:00:00,100.0,0.28,167.7
2021-12-04 07:00:00,104.2,0.36,206.06
2021-12-04 08:00:00,90.55,0.82,241.29
2021-12-04 09:00:00,73.25,1.04,254.09
2021-12-04 10:00:00,57.55,1.08,248.74
2021-12-04 11:00:00,40.7,0.52,273.16
2021-12-04 12:00:00,51.05,0.86,263.85
2021-12-04 13:00:00,51.4,0.6,247.64
2021-12-04 14:00:00,57.1,0.34,264.31
2021-12-04 15:00:00,54.5,0.53,242.39
2021-12-04 16:00:00,117.42,0.53,209.7
2021-12-04 17:00:00,89.2,0.23,159.81
2021-12-04 18:00:00,66.55,0.26,143.57
2021-12-04 19:00:00,73.25,0.24,153.31
2021-12-04 20:00:00,90.18,0.24,130.62
2021-12-04 21:00:00,168.68,0.23,162.27
2021-12-04 22:00:00,168.8,0.23,157.45
2021-12-04 23:00:00,110.95,0.25,135.53
2021-12-05 00:00:00,97.22,0.24,150.39
2021-12-05 01:00:00,90.62,0.18,92.0
2021-12-05 02:00:00,140.88,0.12,154.0
2021-12-05 03:00:00,107.98,0.2,116.85
2021-12-05 04:00:00,150.5,0.22,37.4
2021-12-05 05:00:00,190.18,0.18,142.7
2021-12-05 06:00:00,221.23,0.33,117.25
2021-12-05 07:00:00,184.8,0.37,129.0
2021-12-05 08:00:00,185.57333333333335,0.68,128.47
2021-12-05 09:00:00,186.34666666666666,0.83,110.95
2021-12-05 10:00:00,187.12,0.88,124.62
2021-12-05 11:00:00,163.68,0.8,133.15
2021-12-05 12:00:00,127.1,0.71,129.58
2021-12-05 13:00:00,106.25,0.74,116.16
2021-12-05 14:00:00,83.88,0.7,131.97
2021-12-05 15:00:00,145.82,0.32,158.8
2021-12-05 16:00:00,211.92,0.26,144.81
2021-12-05 17:00:00,208.42,0.33,115.17
2021-12-05 18:00:00,141.77,0.21,125.86
2021-12-05 19:00:00,116.48,0.24,131.55
2021-12-05 20:00:00,182.0,0.22,128.55
2021-12-05 21:00:00,188.18,0.16,145.48
2021-12-05 22:00:00,168.85,0.25,135.26
2021-12-05 23:00:00,164.7,0.31,71.74
2021-12-06 00:00:00,126.3,0.89,20.43
2021-12-06 01:00:00,162.6,0.5,39.78
2021-12-06 02:00:00,138.48,0.26,166.34
2021-12-06 03:00:00,134.72,0.2,148.19
2021-12-06 04:00:00,99.2,0.21,148.99
2021-12-06 05:00:00,127.52,0.39,201.1
2021-12-06 06:00:00,93.3,0.59,229.02
2021-12-06 07:00:00,75.65,0.28,178.62
2021-12-06 08:00:00,124.85,0.51,224.55
2021-12-06 09:00:00,171.28,0.55,308.61
2021-12-06 10:00:00,197.92,0.56,275.15
2021-12-06 11:00:00,140.77,0.42,287.16
2021-12-06 12:00:00,205.23,0.57,274.02
2021-12-06 13:00:00,130.32,0.78,270.65
2021-12-06 14:00:00,162.92000000000002,0.51,286.33
2021-12-06 15:00:00,195.52,0.48,280.13
2021-12-06 16:00:00,134.55,0.45,333.9
2021-12-06 17:00:00,110.55,0.2,159.3
2021-12-06 18:00:00,89.35,0.26,79.84
2021-12-06 19:00:00,81.43,0.23,88.02
2021-12-06 20:00:00,85.6,0.24,54.06
2021-12-06 21:00:00,126.0,0.42,190.49
2021-12-06 22:00:00,120.52,0.32,107.83
2021-12-06 23:00:00,95.48,0.13,213.77
2021-12-07 00:00:00,90.02,0.57,223.4
2021-12-07 01:00:00,83.82,0.53,244.88
2021-12-07 02:00:00,160.48,0.39,229.13
2021-12-07 03:00:00,112.65,0.44,246.69
2021-12-07 04:00:00,81.38,0.44,250.21
2021-12-07 05:00:00,78.7,0.75,232.4
2021-12-07 06:00:00,75.2,0.6,194.11
2021-12-07 07:00:00,83.88,0.51,259.23
2021-12-07 08:00:00,81.3,0.88,240.02
2021-12-07 09:00:00,88.2,1.37,247.99
2021-12-07 10:00:00,78.12,1.11,254.26
2021-12-07 11:00:00,85.68,0.99,261.37
2021-12-07 12:00:00,70.53,0.62,302.31
2021-12-07 13:00:00,186.48,0.77,288.95
2021-12-07 14:00:00,139.72,0.67,284.34
2021-12-07 15:00:00,99.52,0.66,291.12
2021-12-07 16:00:00,94.3,0.39,291.84
2021-12-07 17:00:00,112.55,0.18,263.24
2021-12-07 18:00:00,89.25,0.18,206.52
2021-12-07 19:00:00,186.92,0.16,219.36
2021-12-07 20:00:00,210.12,0.25,237.48
2021-12-07 21:00:00,197.85,0.43,262.8
2021-12-07 22:00:00,278.27,0.35,233.49
2021-12-07 23:00:00,173.2,0.32,215.93
2021-12-08 00:00:00,129.02,0.78,245.17
2021-12-08 01:00:00,100.98,0.75,250.68
2021-12-08 02:00:00,97.62,0.77,241.61
2021-12-08 03:00:00,136.98,0.8,248.18
2021-12-08 04:00:00,111.88,0.78,245.0
2021-12-08 05:00:00,104.02,0.52,237.16
2021-12-08 06:00:00,173.6,0.48,230.2
2021-12-08 07:00:00,113.75,0.77,250.37
2021-12-08 08:00:00,164.98,1.28,243.54
2021-12-08 09:00:00,200.3,0.77,251.62
2021-12-08 10:00:00,132.7,0.53,295.26
2021-12-08 11:00:00,85.08999999999999,0.66,274.03
2021-12-08 12:00:00,37.48,0.64,271.01
2021-12-08 13:00:00,35.3,0.75,271.34
2021-12-08 14:00:00,42.45,0.8,275.62
2021-12-08 15:00:00,40.62,0.52,271.91
2021-12-08 16:00:00,45.62,0.33,270.08
2021-12-08 17:00:00,39.02,0.19,165.87
2021-12-08 18:00:00,58.38,0.22,117.59
2021-12-08 19:00:00,66.38,0.24,130.86
2021-12-08 20:00:00,111.52,0.24,148.75
2021-12-08 21:00:00,210.52,0.24,169.94
2021-12-08 22:00:00,163.35,0.26,170.36
2021-12-08 23:00:00,209.6,0.34,183.35
2021-12-09 00:00:00,185.12,0.26,166.81
2021-12-09 01:00:00,194.25,0.26,153.49
2021-12-09 02:00:00,231.7,0.29,153.16
2021-12-09 03:00:00,209.02,0.26,162.89
2021-12-09 04:00:00,132.12,0.28,152.64
2021-12-09 05:00:00,110.4,0.3,168.73
2021-12-09 06:00:00,71.5,0.28,175.39
2021-12-09 07:00:00,56.18,0.28,171.18
2021-12-09 08:00:00,67.32,0.69,224.12
2021-12-09 09:00:00,63.7,0.72,249.11
2021-12-09 10:00:00,75.92,0.69,250.91
2021-12-09 11:00:00,78.2,0.79,241.82
2021-12-09 12:00:00,80.78,0.55,264.27
2021-12-09 13:00:00,147.52,0.76,257.87
2021-12-09 14:00:00,129.1,0.71,261.45
2021-12-09 15:00:00,88.25,0.25,277.32
2021-12-09 16:00:00,86.62,0.32,264.7
2021-12-09 17:00:00,124.48,0.19,149.97
2021-12-09 18:00:00,87.62,0.24,120.93
2021-12-09 19:00:00,106.7,0.24,163.92
2021-12-09 20:00:00,194.3,0.24,166.64
2021-12-09 21:00:00,240.92,0.38,228.9
2021-12-09 22:00:00,202.52,0.33,190.27
2021-12-09 23:00:00,183.1,0.26,156.49
2021-12-10 00:00:00,161.12,0.33,145.13
2021-12-10 01:00:00,133.15,0.37,146.72
2021-12-10 02:00:00,156.15,0.29,152.49
2021-12-10 03:00:00,163.88,0.23,178.48
2021-12-10 04:00:00,112.6,0.26,209.18
2021-12-10 05:00:00,117.18,0.3,205.29
2021-12-10 06:00:00,84.78,0.29,186.02
2021-12-10 07:00:00,92.95,0.33,166.9
2021-12-10 08:00:00,136.08,0.66,220.63
2021-12-10 09:00:00,136.6,1.02,250.81
2021-12-10 10:00:00,136.1,1.16,251.22
2021-12-10 11:00:00,147.43,0.68,257.22
2021-12-10 12:00:00,126.9,0.69,274.11
2021-12-10 13:00:00,135.05,0.55,283.23
2021-12-10 14:00:00,148.82,0.77,264.18
2021-12-10 15:00:00,127.12,0.5,281.37
2021-12-10 16:00:00,90.32,0.22,307.03
2021-12-10 17:00:00,97.45,0.26,215.64
2021-12-10 18:00:00,91.93,0.21,127.91
2021-12-10 19:00:00,160.2,0.18,115.81
2021-12-10 20:00:00,232.7,0.19,167.65
2021-12-10 21:00:00,151.15,0.25,176.97
2021-12-10 22:00:00,227.18,0.25,169.41
2021-12-10 23:00:00,177.98,0.26,134.52
2021-12-11 00:00:00,206.85,0.25,163.28
2021-12-11 01:00:00,140.07,0.25,177.88
2021-12-11 02:00:00,144.38,0.29,184.22
2021-12-11 03:00:00,98.68,0.34,180.1
2021-12-11 04:00:00,93.82,0.3,177.38
2021-12-11 05:00:00,110.12,0.48,183.47
2021-12-11 06:00:00,77.38,0.66,212.23
2021-12-11 07:00:00,68.65,1.0,221.9
2021-12-11 08:00:00,99.19,1.36,234.99
2021-12-11 09:00:00,129.73,1.45,239.47
2021-12-11 10:00:00,92.5,1.27,249.38
2021-12-11 11:00:00,122.05,0.71,268.26
2021-12-11 12:00:00,99.92,1.46,254.75
2021-12-11 13:00:00,75.82,1.29,248.6
2021-12-11 14:00:00,64.38,0.6,268.46
2021-12-11 15:00:00,63.52,0.68,249.08
2021-12-11 16:00:00,56.02,0.41,257.16
2021-12-11 17:00:00,97.18,0.22,148.71
2021-12-11 18:00:00,163.82,0.24,144.42
2021-12-11 19:00:00,139.75,0.25,158.17
2021-12-11 20:00:00,149.52,0.25,156.09
2021-12-11 21:00:00,149.9,0.25,171.14
2021-12-11 22:00:00,172.68,0.28,202.73
2021-12-11 23:00:00,175.1,0.26,172.91
2021-12-12 00:00:00,141.8,0.26,166.58
2021-12-12 01:00:00,217.38,0.27,158.29
2021-12-12 02:00:00,195.51749999999998,0.26,172.34
2021-12-12 03:00:00,173.655,0.27,180.32
2021-12-12 04:00:00,151.79250000000002,0.27,186.71
2021-12-12 05:00:00,129.93,0.27,176.34
2021-12-12 06:00:00,92.02,0.28,177.66
2021-12-12 07:00:00,127.8,0.31,179.76
2021-12-12 08:00:00,140.82,0.52,196.76
2021-12-12 09:00:00,102.8,0.85,220.08
2021-12-12 10:00:00,76.15,0.97,254.97
2021-12-12 11:00:00,53.12,0.5,272.85
2021-12-12 12:00:00,91.38499999999999,0.86,253.4
2021-12-12 13:00:00,129.65,0.71,228.28
2021-12-12 14:00:00,100.55,0.61,207.82
2021-12-12 15:00:00,82.8,0.25,67.73
2021-12-12 16:00:00,66.08,0.1,191.27
2021-12-12 17:00:00,67.0,0.23,120.6
2021-12-12 18:00:00,125.58,0.24,128.34
2021-12-12 19:00:00,176.12,0.26,125.5
2021-12-12 20:00:00,241.28,0.26,199.0
2021-12-12 21:00:00,238.52,0.24,146.21
2021-12-12 22:00:00,205.98,0.25,135.14
2021-12-12 23:00:00,186.42,0.18,130.44
2021-12-13 00:00:00,146.15,0.22,111.75
2021-12-13 01:00:00,280.1,0.19,73.4
2021-12-13 02:00:00,300.3,0.26,126.83
2021-12-13 03:00:00,320.5,0.26,149.58
2021-12-13 04:00:00,340.7,0.26,152.99
2021-12-13 05:00:00,191.27,0.26,147.76
2021-12-13 06:00:00,151.73,0.27,174.55
2021-12-13 07:00:00,170.28,0.28,202.21
2021-12-13 08:00:00,109.68,0.36,220.72
2021-12-13 09:00:00,90.82,0.18,145.84
2021-12-13 10:00:00,64.5,0.33,117.62
2021-12-13 11:00:00,52.82,0.83,145.54
2021-12-13 12:00:00,49.15,1.2,144.26
2021-12-13 13:00:00,71.65,0.88,159.5
2021-12-13 14:00:00,68.05,0.8,145.64
2021-12-13 15:00:00,91.44,0.82,127.06
2021-12-13 16:00:00,114.83,0.43,131.56
2021-12-13 17:00:00,138.22,0.23,132.7
2021-12-13 18:00:00,126.32,0.22,133.46
2021-12-13 19:00:00,130.38,0.25,132.46
2021-12-13 20:00:00,199.12,0.24,144.93
2021-12-13 21:00:00,219.78,0.23,168.21
2021-12-13 22:00:00,208.55,0.22,174.64
2021-12-13 23:00:00,124.35,0.24,124.5
2021-12-14 00:00:00,210.59333333333333,0.25,116.34
2021-12-14 01:00:00,296.8366666666667,0.24,84.84
2021-12-14 02:00:00,383.08,0.27,55.47
2021-12-14 03:00:00,455.5,0.29,34.7
2021-12-14 04:00:00,288.45,0.52,20.88
2021-12-14 05:00:00,170.45,0.36,53.94
2021-12-14 06:00:00,276.2,0.17,120.36
2021-12-14 07:00:00,164.62,0.37,139.04
2021-12-14 08:00:00,317.05,0.85,132.87
2021-12-14 09:00:00,416.35,1.01,125.71
2021-12-14 10:00:00,241.68,1.19,129.54
2021-12-14 11:00:00,135.7,0.94,124.09
2021-12-14 12:00:00,104.08,0.97,99.38
2021-12-14 13:00:00,76.45,0.62,59.36
2021-12-14 14:00:00,71.93,0.6,96.56
2021-12-14 15:00:00,107.9,0.77,121.72
2021-12-14 16:00:00,109.2,0.51,129.24
2021-12-14 17:00:00,94.98,0.24,116.01
2021-12-14 18:00:00,173.68,0.23,140.66
2021-12-14 19:00:00,286.18,0.24,138.11
2021-12-14 20:00:00,358.4,0.25,130.04
2021-12-14 21:00:00,342.2,0.25,150.09
2021-12-14 22:00:00,374.42,0.24,160.0
2021-12-14 23:00:00,400.55,0.23,145.54
2021-12-15 00:00:00,315.08,0.22,120.5
2021-12-15 01:00:00,188.52,0.24,67.48
2021-12-15 02:00:00,269.52,0.27,64.62
2021-12-15 03:00:00,272.58,0.23,42.6
2021-12-15 04:00:00,190.45,0.34,95.18
2021-12-15 05:00:00,162.15,0.18,80.69
2021-12-15 06:00:00,107.5,0.19,16.99
2021-12-15 07:00:00,102.72,0.66,266.39
2021-12-15 08:00:00,87.4,0.76,261.58
2021-12-15 09:00:00,191.42,1.02,99.98
2021-12-15 10:00:00,137.2,0.75,346.99
2021-12-15 11:00:00,99.4,0.79,258.71
2021-12-15 12:00:00,138.75,0.61,326.43
2021-12-15 13:00:00,106.58,0.54,296.68
2021-12-15 14:00:00,77.82,0.54,304.89
2021-12-15 15:00:00,99.81333333333333,0.49,335.8
2021-12-15 16:00:00,121.80666666666667,0.36,337.59
2021-12-15 17:00:00,143.8,0.16,196.56
2021-12-15 18:00:00,160.12,0.25,109.65
2021-12-15 19:00:00,105.42,0.31,105.92
2021-12-15 20:00:00,141.57,0.27,137.04
2021-12-15 21:00:00,162.98,0.18,159.35
2021-12-15 22:00:00,195.92,0.24,152.96
2021-12-15 23:00:00,157.75,0.24,104.5
2021-12-16 00:00:00,411.05,0.45,55.24
2021-12-16 01:00:00,334.98,0.34,55.0
2021-12-16 02:00:00,456.52,0.58,73.44
2021-12-16 03:00:00,378.5,0.82,17.46
2021-12-16 04:00:00,208.7,0.44,45.39
2021-12-16 05:00:00,250.6,0.22,115.92
2021-12-16 06:00:00,318.85,0.2,86.05
2021-12-16 07:00:00,293.1,0.4,105.09
2021-12-16 08:00:00,247.12,0.6,99.87
2021-12-16 09:00:00,197.18,0.66,103.54
2021-12-16 10:00:00,176.42,0.68,8.23
2021-12-16 11:00:00,162.32,0.91,16.33
2021-12-16 12:00:00,119.6,0.78,185.28
2021-12-16 13:00:00,131.98,0.62,106.8
2021-12-16 14:00:00,98.68,0.9,351.03
2021-12-16 15:00:00,75.57,0.96,180.34
2021-12-16 16:00:00,58.55,0.56,342.16
2021-12-16 17:00:00,44.18,0.46,328.86
2021-12-16 18:00:00,52.1,0.5,328.03
2021-12-16 19:00:00,97.9,0.27,340.38
2021-12-16 20:00:00,119.07,0.28,243.47
2021-12-16 21:00:00,176.15,0.4,331.65
2021-12-16 22:00:00,115.8,0.33,263.32
2021-12-16 23:00:00,87.9,0.51,350.27
2021-12-17 00:00:00,71.88,0.72,341.46
2021-12-17 01:00:00,55.78,0.84,347.18
2021-12-17 02:00:00,75.88,0.52,340.32
2021-12-17 03:00:00,62.95,0.4,315.57
2021-12-17 04:00:00,125.9,0.44,262.66
2021-12-17 05:00:00,96.95,0.38,288.27
2021-12-17 06:00:00,193.0,0.36,293.02
2021-12-17 07:00:00,119.42,0.46,278.67
2021-12-17 08:00:00,194.75,0.58,256.25
2021-12-17 09:00:00,120.25,0.38,290.64
2021-12-17 10:00:00,166.68,0.65,277.03
2021-12-17 11:00:00,226.12,0.72,317.4
2021-12-17 12:00:00,180.25333333333333,0.75,301.13
2021-12-17 13:00:00,134.38666666666666,0.82,311.45
2021-12-17 14:00:00,88.52,0.84,294.23
2021-12-17 15:00:00,75.6,0.6,288.3
2021-12-17 16:00:00,68.2,0.55,298.76
2021-12-17 17:00:00,111.9,0.38,290.89
2021-12-17 18:00:00,104.4,0.37,303.21
2021-12-17 19:00:00,117.3,0.5,284.08
2021-12-17 20:00:00,117.3,0.5,285.89
2021-12-17 21:00:00,78.9,0.51,261.77
2021-12-17 22:00:00,143.35,0.53,288.73
2021-12-17 23:00:00,81.8,0.6,277.57
2021-12-18 00:00:00,73.95,0.47,280.9
2021-12-18 01:00:00,89.57,0.4,260.91
2021-12-18 02:00:00,87.07,0.51,276.45
2021-12-18 03:00:00,48.52,1.01,263.96
2021-12-18 04:00:00,86.98,0.77,260.73
2021-12-18 05:00:00,84.28,0.84,256.48
2021-12-18 06:00:00,64.3,0.67,260.62
2021-12-18 07:00:00,68.38,0.98,265.88
2021-12-18 08:00:00,84.15,0.96,263.47
2021-12-18 09:00:00,58.9,0.59,271.2
2021-12-18 10:00:00,74.98,1.12,264.6
2021-12-18 11:00:00,84.62,0.57,286.27
2021-12-18 12:00:00,87.9,0.82,273.43
2021-12-18 13:00:00,120.65,0.82,275.92
2021-12-18 14:00:00,76.38,0.94,308.21
2021-12-18 15:00:00,70.42,0.74,290.73
2021-12-18 16:00:00,37.8,0.69,282.42
2021-12-18 17:00:00,72.32,0.56,280.82
2021-12-18 18:00:00,42.6,0.38,297.52
2021-12-18 19:00:00,44.8,0.41,291.62
2021-12-18 20:00:00,44.55,0.42,267.6
2021-12-18 21:00:00,35.02,0.53,262.51
2021-12-18 22:00:00,75.38,0.82,259.63
2021-12-18 23:00:00,68.8,0.89,249.12
2021-12-19 00:00:00,62.1,0.78,254.99
2021-12-19 01:00:00,62.98,0.69,240.18
2021-12-19 02:00:00,38.67,0.79,256.34
2021-12-19 03:00:00,52.08,0.64,256.57
2021-12-19 04:00:00,30.55,1.17,257.12
2021-12-19 05:00:00,59.28,0.64,257.93
2021-12-19 06:00:00,33.72,0.61,256.93
2021-12-19 07:00:00,38.2,0.83,260.67
2021-12-19 08:00:00,54.65,1.05,252.41
2021-12-19 09:00:00,65.7,1.46,247.11
2021-12-19 10:00:00,81.75,0.5,275.51
2021-12-19 11:00:00,72.53,0.96,266.86
2021-12-19 12:00:00,77.12,0.81,270.58
2021-12-19 13:00:00,67.68,0.82,267.31
2021-12-19 14:00:00,64.9,0.62,301.19
2021-12-19 15:00:00,85.35,0.68,286.59
2021-12-19 16:00:00,44.3,0.47,271.6
2021-12-19 17:00:00,63.12,0.1,237.49
2021-12-19 18:00:00,66.95,0.09,225.88
2021-12-19 19:00:00,94.35,0.15,200.6
2021-12-19 20:00:00,142.1,0.1,210.5
2021-12-19 21:00:00,139.0,0.23,255.6
2021-12-19 22:00:00,119.58,0.24,208.26
2021-12-19 23:00:00,136.7,0.13,259.1
2021-12-20 00:00:00,112.2,0.28,262.23
2021-12-20 01:00:00,111.4,0.37,264.7
2021-12-20 02:00:00,113.32,0.15,228.4
2021-12-20 03:00:00,82.2,0.34,241.31
2021-12-20 04:00:00,50.42,0.52,244.76
2021-12-20 05:00:00,37.5,0.52,235.35
2021-12-20 06:00:00,74.22,0.48,220.82
2021-12-20 07:00:00,59.7,0.42,188.1
2021-12-20 08:00:00,99.3,0.82,227.24
2021-12-20 09:00:00,149.52,1.35,251.82
2021-12-20 10:00:00,170.4,0.84,257.7
2021-12-20 11:00:00,130.8,0.58,299.11
2021-12-20 12:00:00,175.2,0.84,267.79
2021-12-20 13:00:00,125.0,0.73,280.67
2021-12-20 14:00:00,138.8,0.42,313.24
2021-12-20 15:00:00,135.9,0.39,330.69
2021-12-20 16:00:00,114.9,0.18,247.53
2021-12-20 17:00:00,127.6,0.28,123.16
2021-12-20 18:00:00,159.5,0.23,102.88
2021-12-20 19:00:00,195.4,0.32,137.46
2021-12-20 20:00:00,273.2,0.26,123.12
2021-12-20 21:00:00,200.6,0.24,140.52
2021-12-20 22:00:00,201.5,0.25,112.35
2021-12-20 23:00:00,218.5,0.22,108.66
2021-12-21 00:00:00,249.5,0.23,170.1
2021-12-21 01:00:00,193.08,0.29,128.9
2021-12-21 02:00:00,167.28,0.26,121.08
2021-12-21 03:00:00,143.88,0.26,138.04
2021-12-21 04:00:00,197.42,0.26,136.22
2021-12-21 05:00:00,201.65,0.26,150.34
2021-12-21 06:00:00,177.9,0.28,158.2
2021-12-21 07:00:00,137.65,0.29,176.15
2021-12-21 08:00:00,118.5,0.36,202.87
2021-12-21 09:00:00,131.35,0.49,197.96
2021-12-21 10:00:00,210.12,0.8,233.34
2021-12-21 11:00:00,157.8,0.78,226.62
2021-12-21 12:00:00,151.52,0.61,266.97
2021-12-21 13:00:00,167.1,0.99,267.23
2021-12-21 14:00:00,140.35,0.51,283.93
2021-12-21 15:00:00,150.52,0.43,296.85
2021-12-21 16:00:00,163.77,0.19,179.26
2021-12-21 17:00:00,112.22,0.24,118.49
2021-12-21 18:00:00,139.25,0.26,119.5
2021-12-21 19:00:00,194.2,0.26,137.47
2021-12-21 20:00:00,218.35,0.26,120.84
2021-12-21 21:00:00,210.15,0.26,127.79
2021-12-21 22:00:00,196.48,0.24,89.05
2021-12-21 23:00:00,221.28,0.32,120.37
2021-12-22 00:00:00,200.3,0.25,145.66
2021-12-22 01:00:00,184.2,0.26,170.02
2021-12-22 02:00:00,204.88,0.26,143.82
2021-12-22 03:00:00,165.92,0.25,151.49
2021-12-22 04:00:00,185.95,0.26,148.77
2021-12-22 05:00:00,177.02,0.28,140.38
2021-12-22 06:00:00,181.35,0.28,171.19
2021-12-22 07:00:00,187.28,0.26,152.19
2021-12-22 08:00:00,184.25,0.27,188.9
2021-12-22 09:00:00,211.5,0.42,202.33
2021-12-22 10:00:00,227.77,0.66,110.41
2021-12-22 11:00:00,172.3,0.72,188.96
2021-12-22 12:00:00,140.93,1.05,235.46
2021-12-22 13:00:00,145.72,0.51,271.04
2021-12-22 14:00:00,97.02,0.6,297.17
2021-12-22 15:00:00,85.38,0.33,285.88
2021-12-22 16:00:00,119.1,0.12,89.39
2021-12-22 17:00:00,188.4,0.25,92.17
2021-12-22 18:00:00,207.02,0.25,89.23
2021-12-22 19:00:00,229.7,0.22,62.18
2021-12-22 20:00:00,266.65,0.25,66.12
2021-12-22 21:00:00,330.18,0.24,137.89
2021-12-22 22:00:00,308.38,0.24,141.87
2021-12-22 23:00:00,248.7,0.21,176.42
2021-12-23 00:00:00,241.55,0.25,132.41
2021-12-23 01:00:00,232.15,0.17,120.91
2021-12-23 02:00:00,204.8,0.14,121.62
2021-12-23 03:00:00,241.23,0.32,151.18
2021-12-23 04:00:00,228.02,0.2,132.86
2021-12-23 05:00:00,229.4,0.23,12.22
2021-12-23 06:00:00,286.65,0.15,61.85
2021-12-23 07:00:00,296.85,0.19,189.89
2021-12-23 08:00:00,270.23,0.36,145.02
2021-12-23 09:00:00,294.55,0.86,125.48
2021-12-23 10:00:00,318.3,0.88,113.36
2021-12-23 11:00:00,281.9,1.02,91.7
2021-12-23 12:00:00,210.4,1.17,133.44
2021-12-23 13:00:00,191.42,1.27,128.18
2021-12-23 14:00:00,176.92,1.15,147.76
2021-12-23 15:00:00,146.07,1.11,154.38
2021-12-23 16:00:00,140.32,0.5,157.92
2021-12-23 17:00:00,198.38,0.3,125.34
2021-12-23 18:00:00,228.62,0.41,108.55
2021-12-23 19:00:00,217.52,0.31,106.98
2021-12-23 20:00:00,223.02,0.46,121.24
2021-12-23 21:00:00,245.68,0.59,118.11
2021-12-23 22:00:00,221.62,0.54,110.78
2021-12-23 23:00:00,228.4,0.63,122.59
2021-12-24 00:00:00,241.12,0.4,126.57
2021-12-24 01:00:00,246.15,0.75,127.37
2021-12-24 02:00:00,219.28,0.66,136.8
2021-12-24 03:00:00,195.92,0.92,144.98
2021-12-24 04:00:00,202.35,0.34,132.52
2021-12-24 05:00:00,175.45,0.21,87.86
2021-12-24 06:00:00,145.48,0.26,102.58
2021-12-24 07:00:00,158.72,0.49,131.57
2021-12-24 08:00:00,162.38,0.6,138.77
2021-12-24 09:00:00,138.27,1.07,109.92
2021-12-24 10:00:00,150.2,1.06,110.97
2021-12-24 11:00:00,133.5,1.18,115.4
2021-12-24 12:00:00,118.18,0.95,110.72
2021-12-24 13:00:00,132.3,1.2,121.36
2021-12-24 14:00:00,131.38,0.99,125.47
2021-12-24 15:00:00,125.58,0.93,124.54
2021-12-24 16:00:00,104.5,0.49,130.9
2021-12-24 17:00:00,102.68,0.35,115.56
2021-12-24 18:00:00,119.48,0.63,122.08
2021-12-24 19:00:00,168.7,0.66,127.45
2021-12-24 20:00:00,167.95,0.36,136.34
2021-12-24 21:00:00,145.45,0.39,125.36
2021-12-24 22:00:00,174.27,0.22,155.17
2021-12-24 23:00:00,189.8,0.22,138.69
2021-12-25 00:00:00,207.92,0.22,95.87
2021-12-25 01:00:00,163.07,0.2,108.16
2021-12-25 02:00:00,266.45,0.18,145.48
2021-12-25 03:00:00,295.23,0.25,153.25
2021-12-25 04:00:00,298.08,0.22,174.1
2021-12-25 05:00:00,291.58,0.25,96.43
2021-12-25 06:00:00,285.0,0.32,55.3
2021-12-25 07:00:00,321.4,0.19,129.43
2021-12-25 08:00:00,282.15,0.28,186.78
2021-12-25 09:00:00,329.05,0.4,152.72
2021-12-25 10:00:00,333.62,0.81,134.58
2021-12-25 11:00:00,195.68,0.75,129.22
2021-12-25 12:00:00,175.1,0.5,180.51
2021-12-25 13:00:00,140.62,0.64,85.5
2021-12-25 14:00:00,162.33,0.54,39.12
2021-12-25 15:00:00,165.42,0.54,33.78
2021-12-25 16:00:00,224.32,0.5,56.3
2021-12-25 17:00:00,267.65,0.2,115.5
2021-12-25 18:00:00,294.08,0.22,91.37
2021-12-25 19:00:00,362.3,0.24,91.82
2021-12-25 20:00:00,396.5,0.24,108.93
2021-12-25 21:00:00,362.55,0.23,146.43
2021-12-25 22:00:00,315.4,0.23,149.43
2021-12-25 23:00:00,314.6,0.24,129.94
2021-12-26 00:00:00,303.58,0.25,71.24
2021-12-26 01:00:00,354.45,0.18,54.96
2021-12-26 02:00:00,383.25,0.21,81.71
2021-12-26 03:00:00,374.65,0.16,93.5
2021-12-26 04:00:00,366.28,0.22,125.85
2021-12-26 05:00:00,345.45,0.14,140.13
2021-12-26 06:00:00,266.62,0.16,204.5
2021-12-26 07:00:00,396.35,0.4,149.08
2021-12-26 08:00:00,350.85,0.6,137.74
2021-12-26 09:00:00,252.78,0.69,135.39
2021-12-26 10:00:00,213.08,0.68,124.13
2021-12-26 11:00:00,173.88,0.9,126.43
2021-12-26 12:00:00,167.18,0.79,123.82
2021-12-26 13:00:00,147.48,0.78,105.5
2021-12-26 14:00:00,162.12,1.32,109.45
2021-12-26 15:00:00,166.42,1.08,78.95
2021-12-26 16:00:00,188.3,0.86,44.29
2021-12-26 17:00:00,168.7,0.78,51.18
2021-12-26 18:00:00,185.98,0.6,37.32
2021-12-26 19:00:00,182.38,0.49,38.34
2021-12-26 20:00:00,176.85,0.76,14.39
2021-12-26 21:00:00,152.72,0.94,24.17
2021-12-26 22:00:00,179.32,0.79,44.74
2021-12-26 23:00:00,164.8,0.78,60.84
2021-12-27 00:00:00,130.98,0.85,89.38
2021-12-27 01:00:00,93.45,0.62,106.05
2021-12-27 02:00:00,87.22,0.36,98.82
2021-12-27 03:00:00,109.4,0.56,30.25
2021-12-27 04:00:00,74.6,0.35,100.42
2021-12-27 05:00:00,54.65,0.45,128.07
2021-12-27 06:00:00,48.85,0.39,48.71
2021-12-27 07:00:00,126.28,0.89,14.06
2021-12-27 08:00:00,105.92,0.92,10.56
2021-12-27 09:00:00,74.8,0.7,10.79
2021-12-27 10:00:00,57.18,0.82,108.04
2021-12-27 11:00:00,55.75,0.62,125.04
2021-12-27 12:00:00,61.03,0.68,28.7
2021-12-27 13:00:00,50.55,0.53,190.36
2021-12-27 14:00:00,57.97,0.54,259.23
2021-12-27 15:00:00,70.43,0.59,167.01
2021-12-27 16:00:00,76.47,0.47,53.21
2021-12-27 17:00:00,56.45,0.25,113.51
2021-12-27 18:00:00,103.82,0.24,121.99
2021-12-27 19:00:00,177.22,0.25,122.35
2021-12-27 20:00:00,220.02,0.24,100.72
2021-12-27 21:00:00,261.92,0.24,111.78
2021-12-27 22:00:00,248.88,0.25,83.74
2021-12-27 23:00:00,209.2,0.46,49.46
2021-12-28 00:00:00,203.0,0.84,17.12
2021-12-28 01:00:00,223.6,0.82,18.92
2021-12-28 02:00:00,172.45,0.8,15.12
2021-12-28 03:00:00,131.82,0.65,16.55
2021-12-28 04:00:00,117.22,0.44,18.13
2021-12-28 05:00:00,102.1,0.51,23.45
2021-12-28 06:00:00,105.4,0.27,38.39
2021-12-28 07:00:00,124.8,0.31,42.3
2021-12-28 08:00:00,140.67,0.37,16.49
2021-12-28 09:00:00,137.38,0.39,13.1
2021-12-28 10:00:00,133.78,0.42,188.13
2021-12-28 11:00:00,129.85,0.18,102.27
2021-12-28 12:00:00,82.02,0.54,155.54
2021-12-28 13:00:00,87.42,0.35,181.83
2021-12-28 14:00:00,74.53,0.24,169.88
2021-12-28 15:00:00,80.95,0.27,149.29
2021-12-28 16:00:00,109.5,0.21,114.14
2021-12-28 17:00:00,126.7,0.2,119.43
2021-12-28 18:00:00,109.4,0.66,130.8
2021-12-28 19:00:00,91.68,0.33,126.22
2021-12-28 20:00:00,105.05,0.19,157.0
2021-12-28 21:00:00,113.75,0.26,233.4
2021-12-28 22:00:00,83.78,0.49,235.26
2021-12-28 23:00:00,62.8,0.38,120.48
2021-12-29 00:00:00,85.98,0.39,205.02
2021-12-29 01:00:00,62.42,0.27,196.69
2021-12-29 02:00:00,67.03,0.23,185.73
2021-12-29 03:00:00,71.1,0.26,161.71
2021-12-29 04:00:00,90.15,0.26,160.13
2021-12-29 05:00:00,64.4,0.26,149.97
2021-12-29 06:00:00,84.2,0.29,170.36
2021-12-29 07:00:00,82.45,0.26,182.7
2021-12-29 08:00:00,106.28,0.72,242.48
2021-12-29 09:00:00,123.38,0.9,247.82
2021-12-29 10:00:00,138.5,0.68,237.82
2021-12-29 11:00:00,136.22,0.41,268.95
2021-12-29 12:00:00,138.9,0.82,265.41
2021-12-29 13:00:00,105.80000000000001,0.7,285.45
2021-12-29 14:00:00,72.7,0.69,283.5
2021-12-29 15:00:00,39.6,0.69,323.31
2021-12-29 16:00:00,37.3,0.38,301.98
2021-12-29 17:00:00,66.52,0.14,224.93
2021-12-29 18:00:00,113.98,0.21,218.05
2021-12-29 19:00:00,102.02,0.3,239.48
2021-12-29 20:00:00,120.45,0.33,259.09
2021-12-29 21:00:00,87.3,0.32,245.66
2021-12-29 22:00:00,173.95,0.2,95.93
2021-12-29 23:00:00,151.38,0.16,114.72
2021-12-30 00:00:00,115.6,0.26,124.88
2021-12-30 01:00:00,183.38,0.26,87.87
2021-12-30 02:00:00,169.25,0.26,100.85
2021-12-30 03:00:00,121.12,0.26,122.11
2021-12-30 04:00:00,122.68,0.26,124.02
2021-12-30 05:00:00,136.5,0.26,149.18
2021-12-30 06:00:00,110.72,0.25,137.05
2021-12-30 07:00:00,122.45,0.29,142.44
2021-12-30 08:00:00,172.55,0.32,74.17
2021-12-30 09:00:00,204.8,0.9,101.41
2021-12-30 10:00:00,186.1,1.03,96.87
2021-12-30 11:00:00,123.88,0.98,182.25
2021-12-30 12:00:00,93.35,0.68,179.54
2021-12-30 13:00:00,71.12,0.38,247.69
2021-12-30 14:00:00,82.18,0.43,281.53
2021-12-30 15:00:00,70.9,0.6,256.96
2021-12-30 16:00:00,69.93,0.24,309.31
2021-12-30 17:00:00,73.15,0.2,130.7
2021-12-30 18:00:00,114.0,0.28,123.27
2021-12-30 19:00:00,163.48,0.23,153.78
2021-12-30 20:00:00,196.48,0.26,108.78
2021-12-30 21:00:00,206.45,0.28,105.62
2021-12-30 22:00:00,235.82,0.3,88.17
2021-12-30 23:00:00,191.4,0.27,75.82
2021-12-31 00:00:00,145.9,0.24,87.97
2021-12-31 01:00:00,180.45,0.22,134.84
2021-12-31 02:00:00,140.1,0.26,137.76
2021-12-31 03:00:00,130.78,0.24,147.99
2021-12-31 04:00:00,154.5,0.26,139.13
2021-12-31 05:00:00,144.82,0.31,147.22
2021-12-31 06:00:00,95.85,0.34,183.5
2021-12-31 07:00:00,143.78,0.39,205.04
2021-12-31 08:00:00,142.35,0.7,226.93
2021-12-31 09:00:00,154.77,0.72,239.56
2021-12-31 10:00:00,144.52,0.81,247.29
2021-12-31 11:00:00,143.78,0.6,269.94
2021-12-31 12:00:00,94.92,0.82,268.96
2021-12-31 13:00:00,97.52,0.76,250.55
2021-12-31 14:00:00,63.58,0.75,271.2
2021-12-31 15:00:00,69.38,0.44,265.66
2021-12-31 16:00:00,50.12,0.33,273.69
2021-12-31 17:00:00,53.85,0.18,178.98
2021-12-31 18:00:00,112.18,0.18,140.04
2021-12-31 19:00:00,155.3,0.21,140.48
2021-12-31 20:00:00,165.38,0.32,148.49
2021-12-31 21:00:00,207.98,0.31,170.04
2021-12-31 22:00:00,231.48,0.3,172.64
2021-12-31 23:00:00,246.6,0.29,185.13
