Timestamp,PM2.5 (µg/m³),PM10 (µg/m³)
2025-04-01 00:00:00,64.00,150.00
2025-04-01 01:00:00,98.50,156.00
2025-04-01 02:00:00,77.75,127.25
2025-04-01 03:00:00,67.00,116.25
2025-04-01 04:00:00,87.25,162.50
2025-04-01 05:00:00,136.75,204.25
2025-04-01 06:00:00,137.50,212.25
2025-04-01 07:00:00,100.00,175.25
2025-04-01 08:00:00,89.00,178.00
2025-04-01 09:00:00,97.25,195.00
2025-04-01 10:00:00,100.00,184.00
2025-04-01 11:00:00,64.00,134.00
2025-04-01 12:00:00,36.25,98.00
2025-04-01 13:00:00,26.50,93.25
2025-04-01 14:00:00,20.50,83.50
2025-04-01 15:00:00,16.75,92.75
2025-04-01 16:00:00,17.50,75.25
2025-04-01 17:00:00,15.00,69.50
2025-04-01 18:00:00,16.25,73.75
2025-04-01 19:00:00,19.25,81.75
2025-04-01 20:00:00,26.75,122.25
2025-04-01 21:00:00,41.75,144.00
2025-04-01 22:00:00,53.50,191.25
2025-04-01 23:00:00,62.00,199.25
2025-04-02 00:00:00,68.50,191.75
2025-04-02 01:00:00,97.75,342.25
2025-04-02 02:00:00,125.75,490.50
2025-04-02 03:00:00,177.75,421.00
2025-04-02 04:00:00,178.00,316.50
2025-04-02 05:00:00,161.75,286.25
2025-04-02 06:00:00,140.00,255.50
2025-04-02 07:00:00,113.00,222.75
2025-04-02 08:00:00,109.75,220.25
2025-04-02 09:00:00,115.50,225.75
2025-04-02 10:00:00,105.75,212.75
2025-04-02 11:00:00,67.50,172.75
2025-04-02 12:00:00,59.75,161.00
2025-04-02 13:00:00,40.00,131.75
2025-04-02 14:00:00,20.25,93.50
2025-04-02 15:00:00,17.50,83.25
2025-04-02 16:00:00,16.50,77.00
2025-04-02 17:00:00,14.50,70.50
2025-04-02 18:00:00,20.75,79.50
2025-04-02 19:00:00,23.00,96.50
2025-04-02 20:00:00,35.75,146.75
2025-04-02 21:00:00,53.50,179.25
2025-04-02 22:00:00,81.25,212.00
2025-04-02 23:00:00,111.00,259.00
2025-04-03 00:00:00,111.00,259.00
2025-04-03 01:00:00,139.00,255.00
2025-04-03 02:00:00,102.00,206.00
2025-04-03 03:00:00,95.00,213.00
2025-04-03 04:00:00,94.00,210.00
2025-04-03 05:00:00,90.00,206.00
2025-04-03 06:00:00,89.00,202.00
2025-04-03 07:00:00,85.00,206.00
2025-04-03 08:00:00,90.00,229.00
2025-04-03 09:00:00,138.00,289.00
2025-04-03 10:00:00,110.00,243.00
2025-04-03 11:00:00,77.00,221.00
2025-04-03 12:00:00,40.00,138.00
2025-04-03 13:00:00,23.00,100.00
2025-04-03 14:00:00,20.00,83.00
2025-04-03 15:00:00,11.00,57.00
2025-04-03 16:00:00,7.00,46.00
2025-04-03 17:00:00,14.00,52.00
2025-04-03 18:00:00,16.00,66.00
2025-04-03 19:00:00,25.00,91.00
2025-04-03 20:00:00,46.00,249.00
2025-04-03 21:00:00,31.00,284.00
2025-04-03 22:00:00,20.00,177.00
2025-04-03 23:00:00,29.00,244.00
2025-04-04 00:00:00,36.00,298.00
2025-04-04 01:00:00,48.00,300.00
2025-04-04 02:00:00,46.00,249.00
2025-04-04 03:00:00,100.00,268.00
2025-04-04 04:00:00,118.00,271.00
2025-04-04 05:00:00,135.00,280.00
2025-04-04 06:00:00,139.00,265.00
2025-04-04 07:00:00,135.00,261.00
2025-04-04 08:00:00,153.00,311.00
2025-04-04 09:00:00,230.00,409.00
2025-04-04 10:00:00,202.00,353.00
2025-04-04 11:00:00,84.00,193.00
2025-04-04 12:00:00,41.00,112.00
2025-04-04 13:00:00,40.00,107.00
2025-04-04 14:00:00,29.00,116.00
2025-04-04 15:00:00,18.00,102.00
2025-04-04 16:00:00,16.00,102.00
2025-04-04 17:00:00,16.00,99.00
2025-04-04 18:00:00,19.00,112.00
2025-04-04 19:00:00,24.00,113.00
2025-04-04 20:00:00,30.00,121.00
2025-04-04 21:00:00,41.00,152.00
2025-04-04 22:00:00,38.00,141.00
2025-04-04 23:00:00,38.00,132.00
2025-04-05 00:00:00,58.00,141.00
2025-04-05 01:00:00,58.00,127.00
2025-04-05 02:00:00,58.00,130.00
2025-04-05 03:00:00,57.00,164.00
2025-04-05 04:00:00,64.00,178.00
2025-04-05 05:00:00,155.00,245.00
2025-04-05 06:00:00,97.00,199.00
2025-04-05 07:00:00,90.00,172.00
2025-04-05 08:00:00,90.00,188.00
2025-04-05 09:00:00,90.00,189.00
2025-04-05 10:00:00,64.00,184.00
2025-04-05 11:00:00,47.00,133.00
2025-04-05 12:00:00,45.00,130.00
2025-04-05 13:00:00,39.00,134.00
2025-04-05 14:00:00,25.00,111.00
2025-04-05 15:00:00,24.00,112.00
2025-04-05 16:00:00,23.00,106.00
2025-04-05 17:00:00,23.00,95.00
2025-04-05 18:00:00,9.00,85.00
2025-04-05 19:00:00,17.00,81.00
2025-04-05 20:00:00,27.00,113.00
2025-04-05 21:00:00,36.00,144.00
2025-04-05 22:00:00,56.00,162.00
2025-04-05 23:00:00,94.00,238.00
2025-04-06 00:00:00,90.00,260.00
2025-04-06 01:00:00,153.00,324.00
2025-04-06 02:00:00,183.00,313.00
2025-04-06 03:00:00,178.00,309.00
2025-04-06 04:00:00,103.00,202.00
2025-04-06 05:00:00,84.00,174.00
2025-04-06 06:00:00,78.00,174.00
2025-04-06 07:00:00,70.00,186.00
2025-04-06 08:00:00,84.00,222.00
2025-04-06 09:00:00,77.00,184.00
2025-04-06 10:00:00,61.00,151.00
2025-04-06 11:00:00,52.00,134.00
2025-04-06 12:00:00,38.00,102.00
2025-04-06 13:00:00,30.00,91.00
2025-04-06 14:00:00,23.00,83.00
2025-04-06 15:00:00,23.00,72.00
2025-04-06 16:00:00,16.00,75.00
2025-04-06 17:00:00,18.00,74.00
2025-04-06 18:00:00,19.00,63.00
2025-04-06 19:00:00,16.00,77.00
2025-04-06 20:00:00,39.00,195.00
2025-04-06 21:00:00,44.00,296.00
2025-04-06 22:00:00,56.00,294.00
2025-04-06 23:00:00,67.00,318.00
2025-04-07 00:00:00,83.00,304.00
2025-04-07 01:00:00,100.00,285.00
2025-04-07 02:00:00,113.00,274.00
2025-04-07 03:00:00,95.00,249.00
2025-04-07 04:00:00,97.00,227.00
2025-04-07 05:00:00,105.00,266.00
2025-04-07 06:00:00,97.00,240.00
2025-04-07 07:00:00,123.00,276.00
2025-04-07 08:00:00,136.00,310.00
2025-04-07 09:00:00,138.00,312.00
2025-04-07 10:00:00,97.00,259.00
2025-04-07 11:00:00,56.00,173.00
2025-04-07 12:00:00,40.00,116.00
2025-04-07 13:00:00,45.00,125.00
2025-04-07 14:00:00,68.00,141.00
2025-04-07 15:00:00,68.00,156.00
2025-04-07 16:00:00,66.00,150.00
2025-04-07 17:00:00,51.00,135.00
2025-04-07 18:00:00,44.00,158.00
2025-04-07 19:00:00,46.00,219.00
2025-04-07 20:00:00,66.00,245.00
2025-04-07 21:00:00,103.00,365.00
2025-04-07 22:00:00,101.00,329.00
2025-04-07 23:00:00,96.00,302.00
2025-04-08 00:00:00,102.00,296.00
2025-04-08 01:00:00,94.00,263.00
2025-04-08 02:00:00,95.00,245.00
2025-04-08 03:00:00,88.00,268.00
2025-04-08 04:00:00,84.00,207.00
2025-04-08 05:00:00,81.00,177.00
2025-04-08 06:00:00,80.00,183.00
2025-04-08 07:00:00,84.00,185.00
2025-04-08 08:00:00,73.00,222.00
2025-04-08 09:00:00,50.00,249.00
2025-04-08 10:00:00,80.00,271.00
2025-04-08 11:00:00,NA,NA
2025-04-08 12:00:00,84.00,238.00
2025-04-08 13:00:00,128.00,243.00
2025-04-08 14:00:00,53.00,191.00
2025-04-08 15:00:00,58.00,167.00
2025-04-08 16:00:00,NA,151.00
2025-04-08 17:00:00,62.00,180.00
2025-04-08 18:00:00,59.00,193.00
2025-04-08 19:00:00,56.00,205.00
2025-04-08 20:00:00,90.00,301.00
2025-04-08 21:00:00,97.00,278.00
2025-04-08 22:00:00,96.00,290.00
2025-04-08 23:00:00,94.00,267.00
2025-04-09 00:00:00,89.00,248.00
2025-04-09 01:00:00,86.00,237.00
2025-04-09 02:00:00,91.00,222.00
2025-04-09 03:00:00,85.00,201.00
2025-04-09 04:00:00,81.00,189.00
2025-04-09 05:00:00,84.00,185.00
2025-04-09 06:00:00,80.00,194.00
2025-04-09 07:00:00,80.00,186.00
2025-04-09 08:00:00,81.00,207.00
2025-04-09 09:00:00,79.00,229.00
2025-04-09 10:00:00,73.00,232.00
2025-04-09 11:00:00,72.00,238.00
2025-04-09 12:00:00,NA,221.00
2025-04-09 13:00:00,72.00,213.00
2025-04-09 14:00:00,56.00,188.00
2025-04-09 15:00:00,51.00,173.00
2025-04-09 16:00:00,48.00,152.00
2025-04-09 17:00:00,48.00,151.00
2025-04-09 18:00:00,44.00,157.00
2025-04-09 19:00:00,51.00,226.00
2025-04-09 20:00:00,75.00,312.00
2025-04-09 21:00:00,100.00,320.00
2025-04-09 22:00:00,118.00,415.00
2025-04-09 23:00:00,113.00,315.00
2025-04-10 00:00:00,121.00,361.00
2025-04-10 01:00:00,77.00,481.00
2025-04-10 02:00:00,63.00,461.00
2025-04-10 03:00:00,63.00,366.00
2025-04-10 04:00:00,56.00,285.00
2025-04-10 05:00:00,66.00,223.00
2025-04-10 06:00:00,80.00,251.00
2025-04-10 07:00:00,56.00,250.00
2025-04-10 08:00:00,69.00,278.00
2025-04-10 09:00:00,88.00,316.00
2025-04-10 10:00:00,92.00,328.00
2025-04-10 11:00:00,73.00,245.00
2025-04-10 12:00:00,55.00,226.00
2025-04-10 13:00:00,66.00,206.00
2025-04-10 14:00:00,46.00,140.00
2025-04-10 15:00:00,44.00,114.00
2025-04-10 16:00:00,38.00,108.00
2025-04-10 17:00:00,40.00,103.00
2025-04-10 18:00:00,41.00,444.00
2025-04-10 19:00:00,47.00,538.00
2025-04-10 20:00:00,30.00,238.00
2025-04-10 21:00:00,31.00,169.00
2025-04-10 22:00:00,25.00,114.00
2025-04-10 23:00:00,27.00,135.00
2025-04-11 00:00:00,30.00,122.00
2025-04-11 01:00:00,30.00,123.00
2025-04-11 02:00:00,45.00,141.00
2025-04-11 03:00:00,36.00,134.00
2025-04-11 04:00:00,28.00,99.00
2025-04-11 05:00:00,38.00,83.00
2025-04-11 06:00:00,40.00,78.00
2025-04-11 07:00:00,34.00,80.00
2025-04-11 08:00:00,36.00,85.00
2025-04-11 09:00:00,38.00,106.00
2025-04-11 10:00:00,40.00,122.00
2025-04-11 11:00:00,39.00,153.00
2025-04-11 12:00:00,45.00,178.00
2025-04-11 13:00:00,51.00,262.00
2025-04-11 14:00:00,47.00,171.00
2025-04-11 15:00:00,41.00,157.00
2025-04-11 16:00:00,44.00,147.00
2025-04-11 17:00:00,40.00,173.00
2025-04-11 18:00:00,46.00,199.00
2025-04-11 19:00:00,102.00,NA
2025-04-11 20:00:00,12.00,78.00
2025-04-11 21:00:00,13.00,39.00
2025-04-11 22:00:00,13.00,28.00
2025-04-11 23:00:00,22.00,36.00
2025-04-12 00:00:00,14.00,33.00
2025-04-12 01:00:00,12.00,33.00
2025-04-12 02:00:00,22.00,50.00
2025-04-12 03:00:00,20.00,45.00
2025-04-12 04:00:00,16.00,38.00
2025-04-12 05:00:00,20.00,38.00
2025-04-12 06:00:00,20.00,45.00
2025-04-12 07:00:00,24.00,57.00
2025-04-12 08:00:00,36.00,67.00
2025-04-12 09:00:00,46.00,94.00
2025-04-12 10:00:00,31.00,73.00
2025-04-12 11:00:00,39.00,69.00
2025-04-12 12:00:00,27.00,73.00
2025-04-12 13:00:00,34.00,80.00
2025-04-12 14:00:00,29.00,73.00
2025-04-12 15:00:00,32.75,76.75
2025-04-12 16:00:00,40.00,79.00
2025-04-12 17:00:00,29.00,73.00
2025-04-12 18:00:00,28.00,75.00
2025-04-12 19:00:00,31.75,94.50
2025-04-12 20:00:00,42.00,138.50
2025-04-12 21:00:00,42.75,130.75
2025-04-12 22:00:00,45.75,141.25
2025-04-12 23:00:00,26.00,96.00
2025-04-13 00:00:00,11.50,55.00
2025-04-13 01:00:00,12.75,47.75
2025-04-13 02:00:00,22.25,59.25
2025-04-13 03:00:00,28.75,66.00
2025-04-13 04:00:00,27.75,76.75
2025-04-13 05:00:00,33.00,82.25
2025-04-13 06:00:00,40.25,92.75
2025-04-13 07:00:00,40.50,94.50
2025-04-13 08:00:00,62.00,118.75
2025-04-13 09:00:00,61.25,127.00
2025-04-13 10:00:00,47.00,122.50
2025-04-13 11:00:00,45.00,132.25
2025-04-13 12:00:00,40.00,125.50
2025-04-13 13:00:00,39.00,111.50
2025-04-13 14:00:00,36.00,94.50
2025-04-13 15:00:00,36.00,101.25
2025-04-13 16:00:00,39.00,103.50
2025-04-13 17:00:00,44.00,100.75
2025-04-13 18:00:00,44.00,116.50
2025-04-13 19:00:00,38.00,114.50
2025-04-13 20:00:00,47.00,116.50
2025-04-13 21:00:00,63.00,159.25
2025-04-13 22:00:00,92.00,222.50
2025-04-13 23:00:00,89.00,257.00
2025-04-14 00:00:00,88.00,264.50
2025-04-14 01:00:00,86.50,238.75
2025-04-14 02:00:00,87.50,215.00
2025-04-14 03:00:00,85.75,194.25
2025-04-14 04:00:00,84.25,180.75
2025-04-14 05:00:00,84.00,178.00
2025-04-14 06:00:00,87.00,178.75
2025-04-14 07:00:00,96.25,189.50
2025-04-14 08:00:00,99.75,194.50
2025-04-14 09:00:00,139.00,239.25
2025-04-14 10:00:00,104.00,215.00
2025-04-14 11:00:00,67.75,163.75
2025-04-14 12:00:00,47.00,127.00
2025-04-14 13:00:00,40.00,114.50
2025-04-14 14:00:00,38.00,101.00
2025-04-14 15:00:00,38.00,103.75
2025-04-14 16:00:00,36.50,101.50
2025-04-14 17:00:00,31.00,100.00
2025-04-14 18:00:00,33.00,102.25
2025-04-14 19:00:00,33.00,117.25
2025-04-14 20:00:00,40.00,135.50
2025-04-14 21:00:00,42.00,145.25
2025-04-14 22:00:00,51.00,147.00
2025-04-14 23:00:00,48.00,156.75
2025-04-15 00:00:00,58.00,157.00
2025-04-15 01:00:00,61.00,161.25
2025-04-15 02:00:00,58.25,174.25
2025-04-15 03:00:00,60.75,170.50
2025-04-15 04:00:00,62.00,150.00
2025-04-15 05:00:00,68.00,160.50
2025-04-15 06:00:00,82.00,172.00
2025-04-15 07:00:00,92.75,178.50
2025-04-15 08:00:00,84.50,165.75
2025-04-15 09:00:00,62.25,136.25
2025-04-15 10:00:00,50.00,127.25
2025-04-15 11:00:00,48.00,129.25
2025-04-15 12:00:00,48.00,127.75
2025-04-15 13:00:00,46.50,130.75
2025-04-15 14:00:00,46.75,126.75
2025-04-15 15:00:00,42.50,122.75
2025-04-15 16:00:00,39.00,104.75
2025-04-15 17:00:00,39.00,102.00
2025-04-15 18:00:00,46.00,218.50
2025-04-15 19:00:00,39.00,149.75
2025-04-15 20:00:00,59.00,163.50
2025-04-15 21:00:00,77.00,188.25
2025-04-15 22:00:00,80.00,220.25
2025-04-15 23:00:00,90.00,416.00
2025-04-16 00:00:00,68.00,264.25
2025-04-16 01:00:00,68.00,181.00
2025-04-16 02:00:00,67.25,179.25
2025-04-16 03:00:00,68.50,174.00
2025-04-16 04:00:00,72.00,173.50
2025-04-16 05:00:00,78.25,177.75
2025-04-16 06:00:00,96.50,189.50
2025-04-16 07:00:00,108.00,202.75
2025-04-16 08:00:00,96.00,202.25
2025-04-16 09:00:00,62.25,170.25
2025-04-16 10:00:00,46.00,157.75
2025-04-16 11:00:00,44.50,151.00
2025-04-16 12:00:00,45.00,149.75
2025-04-16 13:00:00,45.75,153.75
2025-04-16 14:00:00,45.25,137.75
2025-04-16 15:00:00,47.25,125.25
2025-04-16 16:00:00,48.00,123.00
2025-04-16 17:00:00,51.00,118.50
2025-04-16 18:00:00,46.00,105.75
2025-04-16 19:00:00,46.25,131.25
2025-04-16 20:00:00,64.25,177.00
2025-04-16 21:00:00,83.50,240.00
2025-04-16 22:00:00,85.75,257.00
2025-04-16 23:00:00,92.50,264.50
2025-04-17 00:00:00,98.75,250.50
2025-04-17 01:00:00,94.00,233.00
2025-04-17 02:00:00,89.00,200.50
2025-04-17 03:00:00,81.25,181.25
2025-04-17 04:00:00,74.50,197.50
2025-04-17 05:00:00,105.25,277.50
2025-04-17 06:00:00,78.50,253.25
2025-04-17 07:00:00,51.00,167.25
2025-04-17 08:00:00,53.50,167.25
2025-04-17 09:00:00,52.00,184.75
2025-04-17 10:00:00,49.00,193.25
2025-04-17 11:00:00,48.00,171.00
2025-04-17 12:00:00,45.75,165.25
2025-04-17 13:00:00,41.00,151.00
2025-04-17 14:00:00,39.00,130.25
2025-04-17 15:00:00,40.00,138.50
2025-04-17 16:00:00,45.00,144.50
2025-04-17 17:00:00,35.00,138.25
2025-04-17 18:00:00,50.00,146.50
2025-04-17 19:00:00,48.00,155.25
2025-04-17 20:00:00,69.00,214.00
2025-04-17 21:00:00,69.00,248.75
2025-04-17 22:00:00,90.00,269.00
2025-04-17 23:00:00,129.00,323.50
2025-04-18 00:00:00,111.00,343.00
2025-04-18 01:00:00,103.50,317.75
2025-04-18 02:00:00,98.00,276.00
2025-04-18 03:00:00,83.50,240.25
2025-04-18 04:00:00,66.25,233.50
2025-04-18 05:00:00,58.25,184.50
2025-04-18 06:00:00,62.25,166.50
2025-04-18 07:00:00,68.50,174.25
2025-04-18 08:00:00,65.50,190.50
2025-04-18 09:00:00,60.25,204.00
2025-04-18 10:00:00,67.25,204.75
2025-04-18 11:00:00,69.25,195.75
2025-04-18 12:00:00,60.75,193.75
2025-04-18 13:00:00,64.00,203.75
2025-04-18 14:00:00,60.75,197.25
2025-04-18 15:00:00,61.25,185.75
2025-04-18 16:00:00,58.25,179.25
2025-04-18 17:00:00,60.75,181.00
2025-04-18 18:00:00,68.00,232.25
2025-04-18 19:00:00,64.00,231.75
2025-04-18 20:00:00,70.00,392.50
2025-04-18 21:00:00,70.00,357.25
2025-04-18 22:00:00,45.00,316.50
2025-04-18 23:00:00,45.00,232.00
2025-04-19 00:00:00,35.00,113.50
2025-04-19 01:00:00,30.50,68.00
2025-04-19 02:00:00,29.00,63.00
2025-04-19 03:00:00,26.00,61.50
2025-04-19 04:00:00,23.50,53.50
2025-04-19 05:00:00,27.50,60.00
2025-04-19 06:00:00,35.75,88.50
2025-04-19 07:00:00,47.75,115.75
2025-04-19 08:00:00,47.00,134.00
2025-04-19 09:00:00,50.75,161.75
2025-04-19 10:00:00,56.00,182.33
2025-04-19 11:00:00,62.50,210.75
2025-04-19 12:00:00,66.25,230.00
2025-04-19 13:00:00,61.00,233.25
2025-04-19 14:00:00,60.50,228.50
2025-04-19 15:00:00,52.75,206.75
2025-04-19 16:00:00,56.00,229.25
2025-04-19 17:00:00,52.00,257.00
2025-04-19 18:00:00,64.25,300.50
2025-04-19 19:00:00,53.00,244.00
2025-04-19 20:00:00,51.00,232.00
2025-04-19 21:00:00,48.00,200.00
2025-04-19 22:00:00,36.00,178.00
2025-04-19 23:00:00,28.00,122.00
2025-04-20 00:00:00,27.00,108.00
2025-04-20 01:00:00,28.00,105.00
2025-04-20 02:00:00,36.00,91.00
2025-04-20 03:00:00,39.00,89.00
2025-04-20 04:00:00,30.00,85.00
2025-04-20 05:00:00,33.00,79.00
2025-04-20 06:00:00,34.00,83.00
2025-04-20 07:00:00,39.00,94.00
2025-04-20 08:00:00,41.00,103.00
2025-04-20 09:00:00,44.00,134.00
2025-04-20 10:00:00,51.00,155.00
2025-04-20 11:00:00,57.00,200.00
2025-04-20 12:00:00,42.00,243.00
2025-04-20 13:00:00,50.00,256.00
2025-04-20 14:00:00,44.00,267.00
2025-04-20 15:00:00,47.00,244.00
2025-04-20 16:00:00,41.00,237.00
2025-04-20 17:00:00,41.00,220.50
2025-04-20 18:00:00,48.50,236.75
2025-04-20 19:00:00,48.00,227.50
2025-04-20 20:00:00,64.25,288.75
2025-04-20 21:00:00,65.50,224.75
2025-04-20 22:00:00,58.75,178.75
2025-04-20 23:00:00,69.00,177.50
2025-04-21 00:00:00,67.75,166.25
2025-04-21 01:00:00,72.75,177.75
2025-04-21 02:00:00,66.75,163.50
2025-04-21 03:00:00,65.50,149.50
2025-04-21 04:00:00,68.00,162.75
2025-04-21 05:00:00,79.25,188.25
2025-04-21 06:00:00,76.25,194.25
2025-04-21 07:00:00,79.00,203.75
2025-04-21 08:00:00,71.50,229.50
2025-04-21 09:00:00,57.00,247.50
2025-04-21 10:00:00,58.00,272.75
2025-04-21 11:00:00,58.00,283.00
2025-04-21 12:00:00,62.00,286.25
2025-04-21 13:00:00,46.25,250.25
2025-04-21 14:00:00,28.00,227.50
2025-04-21 15:00:00,20.00,193.25
2025-04-21 16:00:00,27.00,174.75
2025-04-21 17:00:00,23.00,163.75
2025-04-21 18:00:00,25.00,149.75
2025-04-21 19:00:00,29.00,182.00
2025-04-21 20:00:00,50.00,196.25
2025-04-21 21:00:00,96.00,265.25
2025-04-21 22:00:00,75.00,252.75
2025-04-21 23:00:00,102.00,249.25
2025-04-22 00:00:00,97.00,240.75
2025-04-22 01:00:00,95.50,234.00
2025-04-22 02:00:00,65.75,214.25
2025-04-22 03:00:00,59.75,181.75
2025-04-22 04:00:00,70.75,180.50
2025-04-22 05:00:00,83.00,195.00
2025-04-22 06:00:00,91.00,201.25
2025-04-22 07:00:00,84.00,208.00
2025-04-22 08:00:00,88.00,234.00
2025-04-22 09:00:00,74.00,250.00
2025-04-22 10:00:00,74.00,262.00
2025-04-22 11:00:00,69.00,250.00
2025-04-22 12:00:00,38.00,256.00
2025-04-22 13:00:00,29.00,184.00
2025-04-22 14:00:00,29.00,163.00
2025-04-22 15:00:00,33.00,177.00
2025-04-22 16:00:00,24.00,147.00
2025-04-22 17:00:00,25.00,141.00
2025-04-22 18:00:00,33.00,178.00
2025-04-22 19:00:00,86.00,221.00
2025-04-22 20:00:00,86.00,227.00
2025-04-22 21:00:00,95.00,337.00
2025-04-22 22:00:00,139.00,354.00
2025-04-22 23:00:00,139.00,340.00
2025-04-23 00:00:00,149.00,333.00
2025-04-23 01:00:00,175.00,359.00
2025-04-23 02:00:00,201.00,374.00
2025-04-23 03:00:00,197.00,345.00
2025-04-23 04:00:00,171.00,332.00
2025-04-23 05:00:00,146.00,345.00
2025-04-23 06:00:00,106.00,310.00
2025-04-23 07:00:00,91.00,205.00
2025-04-23 08:00:00,100.00,238.00
2025-04-23 09:00:00,62.00,212.00
2025-04-23 10:00:00,52.00,178.00
2025-04-23 11:00:00,64.00,187.75
2025-04-23 12:00:00,56.00,189.50
2025-04-23 13:00:00,36.25,184.50
2025-04-23 14:00:00,39.25,154.50
2025-04-23 15:00:00,40.50,171.25
2025-04-23 16:00:00,31.00,143.00
2025-04-23 17:00:00,32.00,136.00
2025-04-23 18:00:00,41.25,144.00
2025-04-23 19:00:00,37.25,142.25
2025-04-23 20:00:00,58.25,169.25
2025-04-23 21:00:00,99.75,241.25
2025-04-23 22:00:00,177.00,377.50
2025-04-23 23:00:00,172.00,398.00
2025-04-24 00:00:00,145.00,313.33
2025-04-24 01:00:00,139.00,286.00
2025-04-24 02:00:00,163.75,320.75
2025-04-24 03:00:00,181.00,325.75
2025-04-24 04:00:00,199.00,315.75
2025-04-24 05:00:00,180.75,286.00
2025-04-24 06:00:00,152.75,301.75
2025-04-24 07:00:00,119.00,250.00
2025-04-24 08:00:00,155.75,293.75
2025-04-24 09:00:00,115.50,259.50
2025-04-24 10:00:00,70.75,199.00
2025-04-24 11:00:00,65.00,179.00
2025-04-24 12:00:00,39.75,147.75
2025-04-24 13:00:00,26.50,130.50
2025-04-24 14:00:00,31.75,125.75
2025-04-24 15:00:00,27.25,128.75
2025-04-24 16:00:00,21.25,105.25
2025-04-24 17:00:00,22.25,94.75
2025-04-24 18:00:00,27.50,100.75
2025-04-24 19:00:00,28.25,104.50
2025-04-24 20:00:00,33.25,135.00
2025-04-24 21:00:00,71.00,198.25
2025-04-24 22:00:00,71.75,199.50
2025-04-24 23:00:00,122.00,236.75
2025-04-25 00:00:00,106.25,230.75
2025-04-25 01:00:00,90.50,222.50
2025-04-25 02:00:00,105.50,231.00
2025-04-25 03:00:00,121.50,232.50
2025-04-25 04:00:00,132.50,236.50
2025-04-25 05:00:00,195.75,293.50
2025-04-25 06:00:00,150.00,269.25
2025-04-25 07:00:00,119.00,251.25
2025-04-25 08:00:00,121.25,268.00
2025-04-25 09:00:00,107.25,283.75
2025-04-25 10:00:00,111.00,303.50
2025-04-25 11:00:00,96.67,287.00
2025-04-25 12:00:00,52.00,194.25
2025-04-25 13:00:00,38.50,154.25
2025-04-25 14:00:00,32.00,117.00
2025-04-25 15:00:00,29.25,93.25
2025-04-25 16:00:00,28.25,97.25
2025-04-25 17:00:00,24.25,81.25
2025-04-25 18:00:00,26.75,82.50
2025-04-25 19:00:00,40.00,109.00
2025-04-25 20:00:00,55.25,204.75
2025-04-25 21:00:00,112.25,300.00
2025-04-25 22:00:00,103.75,289.00
2025-04-25 23:00:00,113.00,299.75
2025-04-26 00:00:00,120.50,292.00
2025-04-26 01:00:00,122.50,293.00
2025-04-26 02:00:00,163.50,347.50
2025-04-26 03:00:00,173.25,342.50
2025-04-26 04:00:00,160.75,323.75
2025-04-26 05:00:00,154.00,306.50
2025-04-26 06:00:00,159.75,302.00
2025-04-26 07:00:00,183.00,334.25
2025-04-26 08:00:00,271.75,430.50
2025-04-26 09:00:00,234.50,414.00
2025-04-26 10:00:00,128.25,291.00
2025-04-26 11:00:00,51.25,139.50
2025-04-26 12:00:00,17.75,64.25
2025-04-26 13:00:00,12.00,60.25
2025-04-26 14:00:00,17.25,90.75
2025-04-26 15:00:00,28.00,138.25
2025-04-26 16:00:00,29.50,113.50
2025-04-26 17:00:00,38.00,566.00
2025-04-26 18:00:00,23.00,318.25
2025-04-26 19:00:00,24.50,195.25
2025-04-26 20:00:00,63.00,227.50
2025-04-26 21:00:00,81.75,276.75
2025-04-26 22:00:00,79.50,287.75
2025-04-26 23:00:00,63.00,206.00
2025-04-27 00:00:00,58.75,157.25
2025-04-27 01:00:00,83.75,160.50
2025-04-27 02:00:00,50.00,146.75
2025-04-27 03:00:00,43.50,139.50
2025-04-27 04:00:00,40.00,134.50
2025-04-27 05:00:00,64.25,201.25
2025-04-27 06:00:00,109.00,298.25
2025-04-27 07:00:00,135.25,393.50
2025-04-27 08:00:00,140.00,432.00
2025-04-27 09:00:00,105.50,355.25
2025-04-27 10:00:00,82.00,319.00
2025-04-27 11:00:00,83.25,310.75
2025-04-27 12:00:00,92.50,313.50
2025-04-27 13:00:00,88.25,287.25
2025-04-27 14:00:00,67.25,229.25
2025-04-27 15:00:00,58.75,181.50
2025-04-27 16:00:00,50.00,162.00
2025-04-27 17:00:00,50.00,156.00
2025-04-27 18:00:00,51.00,175.00
2025-04-27 19:00:00,48.00,169.00
2025-04-27 20:00:00,68.00,212.00
2025-04-27 21:00:00,94.00,260.00
2025-04-27 22:00:00,102.00,265.00
2025-04-27 23:00:00,116.00,304.00
2025-04-28 00:00:00,118.00,304.00
2025-04-28 01:00:00,110.00,267.00
2025-04-28 02:00:00,125.00,294.00
2025-04-28 03:00:00,111.00,240.00
2025-04-28 04:00:00,89.00,216.00
2025-04-28 05:00:00,86.00,222.00
2025-04-28 06:00:00,101.00,200.00
2025-04-28 07:00:00,102.00,210.00
2025-04-28 08:00:00,111.00,240.00
2025-04-28 09:00:00,123.00,269.00
2025-04-28 10:00:00,96.00,248.00
2025-04-28 11:00:00,84.00,280.00
2025-04-28 12:00:00,96.00,274.00
2025-04-28 13:00:00,95.00,250.00
2025-04-28 14:00:00,77.00,268.00
2025-04-28 15:00:00,75.00,222.00
2025-04-28 16:00:00,70.00,366.00
2025-04-28 17:00:00,75.00,234.00
2025-04-28 18:00:00,70.00,244.00
2025-04-28 19:00:00,80.00,310.00
2025-04-28 20:00:00,67.00,245.00
2025-04-28 21:00:00,70.00,244.00
2025-04-28 22:00:00,77.00,228.00
2025-04-28 23:00:00,81.00,232.00
2025-04-29 00:00:00,74.00,221.00
2025-04-29 01:00:00,81.00,201.00
2025-04-29 02:00:00,58.00,195.00
2025-04-29 03:00:00,53.00,173.00
2025-04-29 04:00:00,56.00,168.00
2025-04-29 05:00:00,58.00,177.00
2025-04-29 06:00:00,64.00,174.00
2025-04-29 07:00:00,52.00,149.00
2025-04-29 08:00:00,57.00,156.00
2025-04-29 09:00:00,59.00,222.00
2025-04-29 10:00:00,53.00,207.00
2025-04-29 11:00:00,51.00,191.00
2025-04-29 12:00:00,51.00,190.00
2025-04-29 13:00:00,47.00,183.00
2025-04-29 14:00:00,46.00,171.00
2025-04-29 15:00:00,48.00,174.00
2025-04-29 16:00:00,47.25,163.50
2025-04-29 17:00:00,47.75,157.00
2025-04-29 18:00:00,42.75,156.75
2025-04-29 19:00:00,45.50,155.50
2025-04-29 20:00:00,57.50,185.75
2025-04-29 21:00:00,67.00,203.50
2025-04-29 22:00:00,58.50,191.00
2025-04-29 23:00:00,56.50,183.00
2025-04-30 00:00:00,68.25,187.25
2025-04-30 01:00:00,60.75,174.00
2025-04-30 02:00:00,57.00,156.25
2025-04-30 03:00:00,66.00,166.25
2025-04-30 04:00:00,69.00,181.50
2025-04-30 05:00:00,64.50,174.50
2025-04-30 06:00:00,66.75,165.75
2025-04-30 07:00:00,65.00,171.50
2025-04-30 08:00:00,62.50,168.75
2025-04-30 09:00:00,62.75,188.00
2025-04-30 10:00:00,66.00,218.25
2025-04-30 11:00:00,72.25,211.75
2025-04-30 12:00:00,73.25,224.25
2025-04-30 13:00:00,73.75,212.75
2025-04-30 14:00:00,74.00,190.50
2025-04-30 15:00:00,68.75,167.75
2025-04-30 16:00:00,64.00,157.50
2025-04-30 17:00:00,58.50,151.50
2025-04-30 18:00:00,54.00,144.75
2025-04-30 19:00:00,57.50,164.00
2025-04-30 20:00:00,62.00,181.50
2025-04-30 21:00:00,66.00,224.00
2025-04-30 22:00:00,62.50,185.25
2025-04-30 23:00:00,62.50,159.00
2025-05-01 00:00:00,64.00,152.00
2025-05-01 01:00:00,62.50,143.00
2025-05-01 02:00:00,61.25,131.75
2025-05-01 03:00:00,66.25,131.25
2025-05-01 04:00:00,68.00,141.00
2025-05-01 05:00:00,68.75,146.25
2025-05-01 06:00:00,72.75,147.00
2025-05-01 07:00:00,77.75,166.50
2025-05-01 08:00:00,94.75,191.00
2025-05-01 09:00:00,83.50,184.25
2025-05-01 10:00:00,67.50,182.25
2025-05-01 11:00:00,65.50,197.25
2025-05-01 12:00:00,67.50,203.50
2025-05-01 13:00:00,65.00,201.00
2025-05-01 14:00:00,82.75,237.50
2025-05-01 15:00:00,101.00,226.75
2025-05-01 16:00:00,87.50,190.50
2025-05-01 17:00:00,70.00,162.00
2025-05-01 18:00:00,70.00,162.00
2025-05-01 19:00:00,122.00,226.00
2025-05-01 20:00:00,83.00,206.50
2025-05-01 21:00:00,64.00,220.25
2025-05-01 22:00:00,56.75,185.75
2025-05-01 23:00:00,59.50,159.25
2025-05-02 00:00:00,52.75,165.50
2025-05-02 01:00:00,59.75,172.00
2025-05-02 02:00:00,99.00,173.00
2025-05-02 03:00:00,95.25,642.00
2025-05-02 04:00:00,84.75,381.75
2025-05-02 05:00:00,79.25,239.50
2025-05-02 06:00:00,36.00,77.75
2025-05-02 07:00:00,22.00,30.00
2025-05-02 08:00:00,NA,NA
2025-05-02 09:00:00,NA,NA
2025-05-02 10:00:00,NA,NA
2025-05-02 11:00:00,NA,NA
2025-05-02 12:00:00,NA,NA
2025-05-02 13:00:00,NA,NA
2025-05-02 14:00:00,NA,NA
2025-05-02 15:00:00,NA,NA
2025-05-02 16:00:00,38.00,55.00
2025-05-02 17:00:00,35.00,58.00
2025-05-02 18:00:00,27.00,55.00
2025-05-02 19:00:00,30.00,64.00
2025-05-02 20:00:00,34.00,67.00
2025-05-02 21:00:00,38.75,75.25
2025-05-02 22:00:00,55.75,99.75
2025-05-02 23:00:00,65.50,111.50
2025-05-03 00:00:00,67.75,127.25
2025-05-03 01:00:00,68.00,120.00
2025-05-03 02:00:00,62.75,113.00
2025-05-03 03:00:00,65.50,121.00
2025-05-03 04:00:00,74.50,132.25
2025-05-03 05:00:00,77.75,134.25
2025-05-03 06:00:00,80.25,124.25
2025-05-03 07:00:00,103.50,146.50
2025-05-03 08:00:00,146.25,186.50
2025-05-03 09:00:00,131.75,188.00
2025-05-03 10:00:00,105.75,169.25
2025-05-03 11:00:00,67.75,118.25
2025-05-03 12:00:00,49.50,105.25
2025-05-03 13:00:00,34.25,89.50
2025-05-03 14:00:00,37.50,93.75
2025-05-03 15:00:00,37.00,91.75
2025-05-03 16:00:00,31.50,94.50
2025-05-03 17:00:00,32.67,92.00
2025-05-03 18:00:00,34.00,95.25
2025-05-03 19:00:00,37.00,112.75
2025-05-03 20:00:00,47.00,151.75
2025-05-03 21:00:00,54.50,167.50
2025-05-03 22:00:00,63.50,180.25
2025-05-03 23:00:00,57.75,205.00
2025-05-04 00:00:00,65.50,232.67
2025-05-04 01:00:00,98.25,246.75
2025-05-04 02:00:00,98.25,240.50
2025-05-04 03:00:00,145.25,314.50
2025-05-04 04:00:00,191.25,367.75
2025-05-04 05:00:00,184.50,347.00
2025-05-04 06:00:00,190.25,321.25
2025-05-04 07:00:00,206.00,319.75
2025-05-04 08:00:00,207.00,312.75
2025-05-04 09:00:00,197.75,301.00
2025-05-04 10:00:00,141.75,275.50
2025-05-04 11:00:00,49.75,121.75
2025-05-04 12:00:00,24.25,55.75
2025-05-04 13:00:00,22.50,63.50
2025-05-04 14:00:00,22.75,77.75
2025-05-04 15:00:00,47.75,119.25
2025-05-04 16:00:00,61.25,150.75
2025-05-04 17:00:00,42.75,132.25
2025-05-04 18:00:00,33.75,102.25
2025-05-04 19:00:00,34.50,102.50
2025-05-04 20:00:00,38.75,123.00
2025-05-04 21:00:00,49.00,138.00
2025-05-04 22:00:00,55.75,162.00
2025-05-04 23:00:00,60.00,159.25
2025-05-05 00:00:00,52.75,106.00
2025-05-05 01:00:00,53.75,96.00
2025-05-05 02:00:00,40.00,67.25
2025-05-05 03:00:00,30.50,49.25
2025-05-05 04:00:00,25.25,41.75
2025-05-05 05:00:00,20.25,37.00
2025-05-05 06:00:00,26.50,47.25
2025-05-05 07:00:00,29.00,64.50
2025-05-05 08:00:00,29.00,74.33
2025-05-05 09:00:00,32.00,74.75
2025-05-05 10:00:00,30.75,77.75
2025-05-05 11:00:00,28.50,92.00
2025-05-05 12:00:00,36.25,105.00
2025-05-05 13:00:00,36.75,83.00
2025-05-05 14:00:00,38.25,73.25
2025-05-05 15:00:00,36.75,57.25
2025-05-05 16:00:00,45.00,80.00
2025-05-05 17:00:00,43.00,94.00
2025-05-05 18:00:00,40.50,86.00
2025-05-05 19:00:00,35.33,76.33
2025-05-05 20:00:00,35.25,98.00
2025-05-05 21:00:00,37.50,103.75
2025-05-05 22:00:00,47.00,116.50
2025-05-05 23:00:00,66.50,137.50
2025-05-06 00:00:00,72.75,141.50
2025-05-06 01:00:00,76.00,136.50
2025-05-06 02:00:00,73.25,126.75
2025-05-06 03:00:00,70.50,106.75
2025-05-06 04:00:00,61.75,92.00
2025-05-06 05:00:00,56.75,85.25
2025-05-06 06:00:00,56.00,90.00
2025-05-06 07:00:00,55.25,93.50
2025-05-06 08:00:00,57.25,110.50
2025-05-06 09:00:00,56.50,113.75
2025-05-06 10:00:00,49.25,101.00
2025-05-06 11:00:00,36.50,90.25
2025-05-06 12:00:00,39.75,115.75
2025-05-06 13:00:00,33.75,108.50
2025-05-06 14:00:00,36.25,106.00
2025-05-06 15:00:00,28.25,87.50
2025-05-06 16:00:00,26.50,72.00
2025-05-06 17:00:00,27.75,81.75
2025-05-06 18:00:00,33.25,88.25
2025-05-06 19:00:00,37.25,89.00
2025-05-06 20:00:00,47.00,118.25
2025-05-06 21:00:00,51.50,137.75
2025-05-06 22:00:00,50.50,126.00
2025-05-06 23:00:00,56.00,136.00
2025-05-07 00:00:00,61.00,166.50
2025-05-07 01:00:00,76.25,170.50
2025-05-07 02:00:00,75.75,137.50
2025-05-07 03:00:00,61.25,107.50
2025-05-07 04:00:00,50.25,89.00
2025-05-07 05:00:00,47.25,87.25
2025-05-07 06:00:00,50.75,94.75
2025-05-07 07:00:00,59.50,111.25
2025-05-07 08:00:00,65.75,122.75
2025-05-07 09:00:00,66.25,140.00
2025-05-07 10:00:00,68.25,145.75
2025-05-07 11:00:00,61.50,142.25
2025-05-07 12:00:00,56.00,144.00
2025-05-07 13:00:00,48.25,124.75
2025-05-07 14:00:00,38.50,98.50
2025-05-07 15:00:00,32.25,89.75
2025-05-07 16:00:00,38.50,107.75
2025-05-07 17:00:00,38.75,113.25
2025-05-07 18:00:00,35.75,119.00
2025-05-07 19:00:00,43.25,103.00
2025-05-07 20:00:00,40.00,90.25
2025-05-07 21:00:00,42.50,102.25
2025-05-07 22:00:00,55.25,125.75
2025-05-07 23:00:00,91.25,166.50
2025-05-08 00:00:00,102.75,159.25
2025-05-08 01:00:00,117.25,150.75
2025-05-08 02:00:00,107.00,143.25
2025-05-08 03:00:00,93.00,132.75
2025-05-08 04:00:00,87.00,136.00
2025-05-08 05:00:00,100.25,186.00
2025-05-08 06:00:00,130.50,238.00
2025-05-08 07:00:00,153.25,262.75
2025-05-08 08:00:00,162.50,266.25
2025-05-08 09:00:00,118.25,203.00
2025-05-08 10:00:00,85.75,160.25
2025-05-08 11:00:00,54.50,151.50
2025-05-08 12:00:00,55.00,137.50
2025-05-08 13:00:00,50.50,126.25
2025-05-08 14:00:00,51.00,116.50
2025-05-08 15:00:00,52.75,108.75
2025-05-08 16:00:00,36.50,86.75
2025-05-08 17:00:00,33.25,95.00
2025-05-08 18:00:00,40.00,101.50
2025-05-08 19:00:00,39.00,99.75
2025-05-08 20:00:00,32.00,89.25
2025-05-08 21:00:00,48.75,127.25
2025-05-08 22:00:00,59.50,150.00
2025-05-08 23:00:00,83.50,210.75
2025-05-09 00:00:00,116.50,243.50
2025-05-09 01:00:00,118.25,225.50
2025-05-09 02:00:00,112.25,204.50
2025-05-09 03:00:00,100.50,179.00
2025-05-09 04:00:00,94.75,154.75
2025-05-09 05:00:00,79.75,134.75
2025-05-09 06:00:00,77.25,128.50
2025-05-09 07:00:00,85.50,137.75
2025-05-09 08:00:00,106.75,188.25
2025-05-09 09:00:00,125.00,185.25
2025-05-09 10:00:00,80.25,128.75
2025-05-09 11:00:00,46.75,91.00
2025-05-09 12:00:00,53.00,112.50
2025-05-09 13:00:00,42.75,88.25
2025-05-09 14:00:00,36.50,86.75
2025-05-09 15:00:00,34.50,81.00
2025-05-09 16:00:00,30.25,70.50
2025-05-09 17:00:00,26.00,56.00
2025-05-09 18:00:00,27.25,64.75
2025-05-09 19:00:00,27.25,59.25
2025-05-09 20:00:00,33.75,86.75
2025-05-09 21:00:00,52.50,131.50
2025-05-09 22:00:00,107.50,277.25
2025-05-09 23:00:00,133.00,285.25
2025-05-10 00:00:00,166.75,246.00
2025-05-10 01:00:00,171.00,207.00
2025-05-10 02:00:00,144.25,161.75
2025-05-10 03:00:00,171.25,189.00
2025-05-10 04:00:00,216.75,291.25
2025-05-10 05:00:00,200.25,285.00
2025-05-10 06:00:00,187.25,273.75
2025-05-10 07:00:00,141.75,211.00
2025-05-10 08:00:00,179.50,247.00
2025-05-10 09:00:00,228.50,303.50
2025-05-10 10:00:00,196.25,258.25
2025-05-10 11:00:00,83.75,130.25
2025-05-10 12:00:00,33.75,67.00
2025-05-10 13:00:00,37.00,106.75
2025-05-10 14:00:00,39.25,84.75
2025-05-10 15:00:00,45.75,140.25
2025-05-10 16:00:00,32.25,78.25
2025-05-10 17:00:00,24.75,47.00
2025-05-10 18:00:00,31.50,47.50
2025-05-10 19:00:00,47.50,67.50
2025-05-10 20:00:00,83.50,119.00
2025-05-10 21:00:00,77.50,129.50
2025-05-10 22:00:00,61.50,113.00
2025-05-10 23:00:00,60.25,101.25
2025-05-11 00:00:00,70.75,101.25
2025-05-11 01:00:00,84.50,138.75
2025-05-11 02:00:00,94.00,162.25
2025-05-11 03:00:00,109.50,161.50
2025-05-11 04:00:00,94.50,142.00
2025-05-11 05:00:00,94.75,129.25
2025-05-11 06:00:00,161.50,239.50
2025-05-11 07:00:00,170.25,249.25
2025-05-11 08:00:00,166.00,231.75
2025-05-11 09:00:00,156.25,210.25
2025-05-11 10:00:00,105.75,241.50
2025-05-11 11:00:00,87.00,167.75
2025-05-11 12:00:00,56.75,94.00
2025-05-11 13:00:00,41.00,64.00
2025-05-11 14:00:00,27.00,44.00
2025-05-11 15:00:00,29.00,51.75
2025-05-11 16:00:00,42.25,74.75
2025-05-11 17:00:00,46.75,84.00
2025-05-11 18:00:00,46.25,77.50
2025-05-11 19:00:00,49.75,81.75
2025-05-11 20:00:00,63.75,300.75
2025-05-11 21:00:00,54.50,392.50
2025-05-11 22:00:00,35.00,201.00
2025-05-11 23:00:00,26.25,105.75
2025-05-12 00:00:00,23.50,58.50
2025-05-12 01:00:00,20.00,47.50
2025-05-12 02:00:00,55.00,76.50
2025-05-12 03:00:00,42.25,68.75
2025-05-12 04:00:00,34.00,69.75
2025-05-12 05:00:00,44.50,80.25
2025-05-12 06:00:00,67.50,104.00
2025-05-12 07:00:00,69.50,121.50
2025-05-12 08:00:00,59.00,126.50
2025-05-12 09:00:00,60.50,120.25
2025-05-12 10:00:00,71.00,124.75
2025-05-12 11:00:00,77.75,127.00
2025-05-12 12:00:00,62.50,108.25
2025-05-12 13:00:00,40.50,99.75
2025-05-12 14:00:00,38.00,96.75
2025-05-12 15:00:00,39.75,108.00
2025-05-12 16:00:00,35.50,115.00
2025-05-12 17:00:00,29.50,125.00
2025-05-12 18:00:00,37.00,127.25
2025-05-12 19:00:00,48.25,143.50
2025-05-12 20:00:00,54.00,149.75
2025-05-12 21:00:00,64.75,168.75
2025-05-12 22:00:00,29.00,162.25
2025-05-12 23:00:00,18.25,98.75
2025-05-13 00:00:00,30.25,130.00
2025-05-13 01:00:00,33.25,124.50
2025-05-13 02:00:00,12.00,116.25
2025-05-13 03:00:00,7.25,88.25
2025-05-13 04:00:00,8.75,49.75
2025-05-13 05:00:00,12.75,38.50
2025-05-13 06:00:00,12.50,39.50
2025-05-13 07:00:00,21.75,53.50
2025-05-13 08:00:00,65.50,127.00
2025-05-13 09:00:00,65.50,153.75
2025-05-13 10:00:00,42.25,176.75
2025-05-13 11:00:00,31.50,154.00
2025-05-13 12:00:00,27.75,152.25
2025-05-13 13:00:00,32.25,161.00
2025-05-13 14:00:00,26.50,163.75
2025-05-13 15:00:00,26.25,183.50
2025-05-13 16:00:00,31.50,249.25
2025-05-13 17:00:00,26.25,233.00
2025-05-13 18:00:00,27.00,128.00
2025-05-13 19:00:00,24.25,88.75
2025-05-13 20:00:00,23.75,55.25
2025-05-13 21:00:00,23.25,54.75
2025-05-13 22:00:00,20.00,58.75
2025-05-13 23:00:00,21.25,61.25
2025-05-14 00:00:00,19.75,58.25
2025-05-14 01:00:00,35.50,53.25
2025-05-14 02:00:00,15.50,56.50
2025-05-14 03:00:00,22.75,61.75
2025-05-14 04:00:00,24.25,57.75
2025-05-14 05:00:00,24.50,68.00
2025-05-14 06:00:00,48.25,95.25
2025-05-14 07:00:00,63.50,129.25
2025-05-14 08:00:00,77.25,144.75
2025-05-14 09:00:00,72.75,138.00
2025-05-14 10:00:00,77.50,141.00
2025-05-14 11:00:00,58.00,138.00
2025-05-14 12:00:00,41.00,124.00
2025-05-14 13:00:00,39.00,150.00
2025-05-14 14:00:00,31.00,143.00
2025-05-14 15:00:00,31.00,118.00
2025-05-14 16:00:00,19.00,88.00
2025-05-14 17:00:00,20.00,68.00
2025-05-14 18:00:00,22.00,96.00
2025-05-14 19:00:00,34.00,164.00
2025-05-14 20:00:00,56.00,206.00
2025-05-14 21:00:00,77.00,219.00
2025-05-14 22:00:00,122.00,873.00
2025-05-14 23:00:00,338.00,NA
2025-05-15 00:00:00,438.00,NA
2025-05-15 01:00:00,455.00,NA
2025-05-15 02:00:00,411.00,NA
2025-05-15 03:00:00,423.00,NA
2025-05-15 04:00:00,407.00,NA
2025-05-15 05:00:00,385.00,NA
2025-05-15 06:00:00,349.00,NA
2025-05-15 07:00:00,361.00,NA
2025-05-15 08:00:00,376.00,NA
2025-05-15 09:00:00,205.00,NA
2025-05-15 10:00:00,153.00,902.00
2025-05-15 11:00:00,70.00,428.00
2025-05-15 12:00:00,48.00,313.00
2025-05-15 13:00:00,56.00,294.00
2025-05-15 14:00:00,66.00,301.00
2025-05-15 15:00:00,63.00,316.00
2025-05-15 16:00:00,52.00,241.00
2025-05-15 17:00:00,36.00,146.00
2025-05-15 18:00:00,50.00,169.00
2025-05-15 19:00:00,59.00,204.00
2025-05-15 20:00:00,75.00,233.00
2025-05-15 21:00:00,100.00,346.00
2025-05-15 22:00:00,97.00,300.00
2025-05-15 23:00:00,125.00,334.00
2025-05-16 00:00:00,161.00,374.00
2025-05-16 01:00:00,134.00,315.00
2025-05-16 02:00:00,105.00,294.00
2025-05-16 03:00:00,114.00,351.00
2025-05-16 04:00:00,138.00,320.00
2025-05-16 05:00:00,156.00,338.00
2025-05-16 06:00:00,157.00,334.00
2025-05-16 07:00:00,163.00,367.00
2025-05-16 08:00:00,139.00,401.00
2025-05-16 09:00:00,67.00,250.00
2025-05-16 10:00:00,36.00,166.00
2025-05-16 11:00:00,16.00,245.00
2025-05-16 12:00:00,30.25,227.75
2025-05-16 13:00:00,38.00,231.75
2025-05-16 14:00:00,40.50,222.25
2025-05-16 15:00:00,36.50,199.25
2025-05-16 16:00:00,39.50,206.50
2025-05-16 17:00:00,72.50,398.50
2025-05-16 18:00:00,51.50,191.00
2025-05-16 19:00:00,38.75,95.75
2025-05-16 20:00:00,35.75,116.50
2025-05-16 21:00:00,35.75,115.75
2025-05-16 22:00:00,33.75,124.25
2025-05-16 23:00:00,43.50,157.25
2025-05-17 00:00:00,54.50,147.50
2025-05-17 01:00:00,50.25,102.75
2025-05-17 02:00:00,30.75,82.50
2025-05-17 03:00:00,31.00,84.50
2025-05-17 04:00:00,36.75,104.00
2025-05-17 05:00:00,39.50,131.00
2025-05-17 06:00:00,32.50,119.25
2025-05-17 07:00:00,39.00,122.00
2025-05-17 08:00:00,46.50,147.50
2025-05-17 09:00:00,39.00,137.75
2025-05-17 10:00:00,40.00,159.00
2025-05-17 11:00:00,39.25,159.00
2025-05-17 12:00:00,45.00,169.50
2025-05-17 13:00:00,46.50,184.50
2025-05-17 14:00:00,38.00,170.00
2025-05-17 15:00:00,25.00,177.50
2025-05-17 16:00:00,21.25,104.75
2025-05-17 17:00:00,27.50,112.00
2025-05-17 18:00:00,30.00,160.50
2025-05-17 19:00:00,33.75,169.25
2025-05-17 20:00:00,33.50,126.00
2025-05-17 21:00:00,28.50,99.25
2025-05-17 22:00:00,33.00,84.50
2025-05-17 23:00:00,26.00,75.00
2025-05-18 00:00:00,26.75,85.00
2025-05-18 01:00:00,29.50,84.50
2025-05-18 02:00:00,30.75,92.75
2025-05-18 03:00:00,37.75,99.75
2025-05-18 04:00:00,37.00,88.25
2025-05-18 05:00:00,27.75,87.00
2025-05-18 06:00:00,28.75,86.50
2025-05-18 07:00:00,30.00,105.50
2025-05-18 08:00:00,58.50,158.50
2025-05-18 09:00:00,52.00,166.50
2025-05-18 10:00:00,35.00,158.00
2025-05-18 11:00:00,35.00,146.25
2025-05-18 12:00:00,30.00,152.75
2025-05-18 13:00:00,28.00,176.25
2025-05-18 14:00:00,35.00,157.50
2025-05-18 15:00:00,29.00,149.00
2025-05-18 16:00:00,22.00,132.50
2025-05-18 17:00:00,22.00,123.25
2025-05-18 18:00:00,44.00,155.75
2025-05-18 19:00:00,83.00,224.75
2025-05-18 20:00:00,80.00,232.00
2025-05-18 21:00:00,77.00,233.25
2025-05-18 22:00:00,80.00,226.75
2025-05-18 23:00:00,73.00,212.00
2025-05-19 00:00:00,73.00,205.75
2025-05-19 01:00:00,70.75,198.25
2025-05-19 02:00:00,73.00,180.25
2025-05-19 03:00:00,76.25,170.50
2025-05-19 04:00:00,77.00,164.50
2025-05-19 05:00:00,83.00,165.25
2025-05-19 06:00:00,87.25,164.50
2025-05-19 07:00:00,85.00,159.50
2025-05-19 08:00:00,75.25,157.25
2025-05-19 09:00:00,72.75,170.50
2025-05-19 10:00:00,81.00,190.75
2025-05-19 11:00:00,82.50,196.75
2025-05-19 12:00:00,68.00,203.00
2025-05-19 13:00:00,66.00,197.50
2025-05-19 14:00:00,67.50,200.25
2025-05-19 15:00:00,68.00,196.00
2025-05-19 16:00:00,40.00,156.50
2025-05-19 17:00:00,22.00,110.25
2025-05-19 18:00:00,51.00,179.25
2025-05-19 19:00:00,70.00,230.75
2025-05-19 20:00:00,69.00,226.25
2025-05-19 21:00:00,79.00,234.00
2025-05-19 22:00:00,91.00,254.50
2025-05-19 23:00:00,92.00,278.75
2025-05-20 00:00:00,91.00,263.25
2025-05-20 01:00:00,82.75,226.00
2025-05-20 02:00:00,80.00,203.25
2025-05-20 03:00:00,84.00,197.50
2025-05-20 04:00:00,89.25,218.75
2025-05-20 05:00:00,83.00,209.50
2025-05-20 06:00:00,80.00,189.75
2025-05-20 07:00:00,70.00,216.50
2025-05-20 08:00:00,68.50,227.00
2025-05-20 09:00:00,70.00,198.50
2025-05-20 10:00:00,72.00,189.00
2025-05-20 11:00:00,72.75,198.75
2025-05-20 12:00:00,72.00,214.75
2025-05-20 13:00:00,53.00,253.50
2025-05-20 14:00:00,64.00,281.50
2025-05-20 15:00:00,49.00,285.50
2025-05-20 16:00:00,47.00,270.00
2025-05-20 17:00:00,59.25,295.00
2025-05-20 18:00:00,39.00,221.00
2025-05-20 19:00:00,67.00,278.50
2025-05-20 20:00:00,88.00,278.50
2025-05-20 21:00:00,97.75,268.25
2025-05-20 22:00:00,97.00,280.00
2025-05-20 23:00:00,84.00,267.50
2025-05-21 00:00:00,72.50,213.25
2025-05-21 01:00:00,64.75,198.50
2025-05-21 02:00:00,57.75,184.75
2025-05-21 03:00:00,57.50,184.50
2025-05-21 04:00:00,64.00,180.75
2025-05-21 05:00:00,64.50,176.00
2025-05-21 06:00:00,70.00,193.00
2025-05-21 07:00:00,84.00,229.75
2025-05-21 08:00:00,80.50,246.00
2025-05-21 09:00:00,79.50,253.25
2025-05-21 10:00:00,77.75,239.25
2025-05-21 11:00:00,78.50,224.25
2025-05-21 12:00:00,75.00,234.50
2025-05-21 13:00:00,71.25,221.00
2025-05-21 14:00:00,58.75,207.50
2025-05-21 15:00:00,57.25,207.25
2025-05-21 16:00:00,54.25,205.00
2025-05-21 17:00:00,51.50,205.50
2025-05-21 18:00:00,62.25,207.50
2025-05-21 19:00:00,47.25,226.00
2025-05-21 20:00:00,54.50,234.25
2025-05-21 21:00:00,64.25,235.00
2025-05-21 22:00:00,24.75,56.00
2025-05-21 23:00:00,17.75,36.50
2025-05-22 00:00:00,13.00,29.25
2025-05-22 01:00:00,16.75,32.00
2025-05-22 02:00:00,21.00,39.75
2025-05-22 03:00:00,17.50,40.50
2025-05-22 04:00:00,16.00,43.75
2025-05-22 05:00:00,19.00,52.50
2025-05-22 06:00:00,25.25,53.50
2025-05-22 07:00:00,24.75,65.00
2025-05-22 08:00:00,29.00,68.25
2025-05-22 09:00:00,13.00,80.00
2025-05-22 10:00:00,16.75,76.50
2025-05-22 11:00:00,29.00,86.75
2025-05-22 12:00:00,35.00,107.50
2025-05-22 13:00:00,25.25,102.50
2025-05-22 14:00:00,27.00,93.00
2025-05-22 15:00:00,25.00,91.75
2025-05-22 16:00:00,24.00,75.50
2025-05-22 17:00:00,28.00,79.75
2025-05-22 18:00:00,24.00,70.25
2025-05-22 19:00:00,19.00,84.75
2025-05-22 20:00:00,25.00,76.75
2025-05-22 21:00:00,33.00,72.00
2025-05-22 22:00:00,36.00,72.75
2025-05-22 23:00:00,35.00,73.75
2025-05-23 00:00:00,36.00,61.25
2025-05-23 01:00:00,42.00,57.75
2025-05-23 02:00:00,45.50,69.25
2025-05-23 03:00:00,40.00,69.25
2025-05-23 04:00:00,38.00,63.50
2025-05-23 05:00:00,44.00,63.50
2025-05-23 06:00:00,45.25,74.50
2025-05-23 07:00:00,42.00,75.75
2025-05-23 08:00:00,43.25,77.25
2025-05-23 09:00:00,44.00,87.75
2025-05-23 10:00:00,41.75,115.00
2025-05-23 11:00:00,44.75,113.25
2025-05-23 12:00:00,48.00,113.00
2025-05-23 13:00:00,37.50,100.50
2025-05-23 14:00:00,36.00,104.25
2025-05-23 15:00:00,35.25,94.25
2025-05-23 16:00:00,35.00,94.50
2025-05-23 17:00:00,33.50,90.00
2025-05-23 18:00:00,30.75,90.25
2025-05-23 19:00:00,32.25,94.75
2025-05-23 20:00:00,33.75,93.00
2025-05-23 21:00:00,39.25,108.50
2025-05-23 22:00:00,44.00,120.75
2025-05-23 23:00:00,52.50,132.00
2025-05-24 00:00:00,58.00,141.00
2025-05-24 01:00:00,47.75,122.75
2025-05-24 02:00:00,44.75,104.00
2025-05-24 03:00:00,45.75,102.25
2025-05-24 04:00:00,44.50,97.75
2025-05-24 05:00:00,50.75,102.75
2025-05-24 06:00:00,52.25,101.25
2025-05-24 07:00:00,55.75,99.25
2025-05-24 08:00:00,57.75,112.50
2025-05-24 09:00:00,52.00,136.50
2025-05-24 10:00:00,44.00,141.50
2025-05-24 11:00:00,42.50,136.50
2025-05-24 12:00:00,50.00,159.75
2025-05-24 13:00:00,50.00,159.00
2025-05-24 14:00:00,47.00,156.00
2025-05-24 15:00:00,46.00,138.00
2025-05-24 16:00:00,84.00,149.25
2025-05-24 17:00:00,57.00,152.00
2025-05-24 18:00:00,61.00,143.50
2025-05-24 19:00:00,47.00,145.50
2025-05-24 20:00:00,52.00,144.00
2025-05-24 21:00:00,57.00,149.75
2025-05-24 22:00:00,58.00,147.50
2025-05-24 23:00:00,63.00,138.50
2025-05-25 00:00:00,57.00,137.50
2025-05-25 01:00:00,49.50,548.25
2025-05-25 02:00:00,28.25,259.75
2025-05-25 03:00:00,12.67,51.33
2025-05-25 04:00:00,NA,NA
2025-05-25 05:00:00,5.00,NA
2025-05-25 06:00:00,NA,NA
2025-05-25 07:00:00,NA,NA
2025-05-25 08:00:00,NA,NA
2025-05-25 09:00:00,12.00,17.00
2025-05-25 10:00:00,22.00,27.00
2025-05-25 11:00:00,19.00,31.00
2025-05-25 12:00:00,22.00,31.00
2025-05-25 13:00:00,29.00,56.00
2025-05-25 14:00:00,28.00,42.00
2025-05-25 15:00:00,23.00,58.00
2025-05-25 16:00:00,22.00,47.00
2025-05-25 17:00:00,16.00,33.00
2025-05-25 18:00:00,24.00,40.00
2025-05-25 19:00:00,18.00,40.00
2025-05-25 20:00:00,28.00,51.00
2025-05-25 21:00:00,38.00,68.00
2025-05-25 22:00:00,39.00,70.00
2025-05-25 23:00:00,40.00,101.00
2025-05-26 00:00:00,55.00,96.00
2025-05-26 01:00:00,61.00,105.00
2025-05-26 02:00:00,77.00,134.00
2025-05-26 03:00:00,75.00,121.00
2025-05-26 04:00:00,56.00,85.00
2025-05-26 05:00:00,56.00,89.00
2025-05-26 06:00:00,67.00,113.00
2025-05-26 07:00:00,78.00,139.00
2025-05-26 08:00:00,79.00,145.00
2025-05-26 09:00:00,75.00,130.00
2025-05-26 10:00:00,64.00,107.00
2025-05-26 11:00:00,58.00,79.00
2025-05-26 12:00:00,23.00,33.00
2025-05-26 13:00:00,30.00,53.00
2025-05-26 14:00:00,27.00,57.00
2025-05-26 15:00:00,36.00,78.00
2025-05-26 16:00:00,31.00,68.00
2025-05-26 17:00:00,39.00,72.00
2025-05-26 18:00:00,39.00,64.00
2025-05-26 19:00:00,36.00,66.00
2025-05-26 20:00:00,42.00,70.00
2025-05-26 21:00:00,46.00,90.00
2025-05-26 22:00:00,56.00,117.00
2025-05-26 23:00:00,62.00,136.00
2025-05-27 00:00:00,67.00,138.00
2025-05-27 01:00:00,79.00,108.00
2025-05-27 02:00:00,56.00,94.00
2025-05-27 03:00:00,57.00,86.00
2025-05-27 04:00:00,70.00,106.00
2025-05-27 05:00:00,69.00,101.00
2025-05-27 06:00:00,63.00,90.00
2025-05-27 07:00:00,55.00,88.00
2025-05-27 08:00:00,50.00,75.00
2025-05-27 09:00:00,40.00,68.00
2025-05-27 10:00:00,39.00,73.00
2025-05-27 11:00:00,38.00,66.00
2025-05-27 12:00:00,29.00,62.00
2025-05-27 13:00:00,38.00,73.00
2025-05-27 14:00:00,31.00,67.00
2025-05-27 15:00:00,25.00,55.00
2025-05-27 16:00:00,35.00,74.00
2025-05-27 17:00:00,35.00,74.00
2025-05-27 18:00:00,38.00,70.00
2025-05-27 19:00:00,40.00,74.00
2025-05-27 20:00:00,62.00,118.00
2025-05-27 21:00:00,86.00,156.00
2025-05-27 22:00:00,85.00,174.00
2025-05-27 23:00:00,89.00,194.00
2025-05-28 00:00:00,90.00,183.00
2025-05-28 01:00:00,88.00,158.00
2025-05-28 02:00:00,69.00,143.00
2025-05-28 03:00:00,78.00,172.00
2025-05-28 04:00:00,116.00,185.00
2025-05-28 05:00:00,97.00,156.00
2025-05-28 06:00:00,84.00,136.00
2025-05-28 07:00:00,81.00,129.00
2025-05-28 08:00:00,77.00,130.00
2025-05-28 09:00:00,67.00,140.00
2025-05-28 10:00:00,45.00,103.00
2025-05-28 11:00:00,35.00,88.00
2025-05-28 12:00:00,33.00,85.00
2025-05-28 13:00:00,35.00,90.00
2025-05-28 14:00:00,39.00,86.00
2025-05-28 15:00:00,41.00,94.00
2025-05-28 16:00:00,42.00,111.00
2025-05-28 17:00:00,48.00,106.00
2025-05-28 18:00:00,57.00,116.00
2025-05-28 19:00:00,64.00,128.00
2025-05-28 20:00:00,64.00,143.00
2025-05-28 21:00:00,83.00,141.00
2025-05-28 22:00:00,81.00,164.00
2025-05-28 23:00:00,80.00,179.00
2025-05-29 00:00:00,84.00,215.00
2025-05-29 01:00:00,73.00,156.00
2025-05-29 02:00:00,78.00,167.00
2025-05-29 03:00:00,94.00,190.00
2025-05-29 04:00:00,77.00,129.00
2025-05-29 05:00:00,66.00,102.00
2025-05-29 06:00:00,63.00,96.00
2025-05-29 07:00:00,63.00,106.00
2025-05-29 08:00:00,62.00,114.00
2025-05-29 09:00:00,57.00,118.00
2025-05-29 10:00:00,52.00,119.00
2025-05-29 11:00:00,64.00,136.00
2025-05-29 12:00:00,53.00,177.00
2025-05-29 13:00:00,61.00,226.00
2025-05-29 14:00:00,61.00,272.00
2025-05-29 15:00:00,62.00,262.00
2025-05-29 16:00:00,58.00,234.00
2025-05-29 17:00:00,47.00,204.00
2025-05-29 18:00:00,18.00,72.00
2025-05-29 19:00:00,13.00,73.00
2025-05-29 20:00:00,23.00,73.00
2025-05-29 21:00:00,39.00,113.00
2025-05-29 22:00:00,40.00,105.00
2025-05-29 23:00:00,45.00,110.00
2025-05-30 00:00:00,52.00,122.00
2025-05-30 01:00:00,51.00,132.00
2025-05-30 02:00:00,55.00,145.00
2025-05-30 03:00:00,58.00,149.00
2025-05-30 04:00:00,55.00,151.00
2025-05-30 05:00:00,55.00,175.00
2025-05-30 06:00:00,62.00,140.00
2025-05-30 07:00:00,72.00,153.00
2025-05-30 08:00:00,78.00,172.00
2025-05-30 09:00:00,88.00,217.00
2025-05-30 10:00:00,74.00,237.00
2025-05-30 11:00:00,51.00,212.00
2025-05-30 12:00:00,59.00,338.00
2025-05-30 13:00:00,50.00,311.00
2025-05-30 14:00:00,42.00,193.00
2025-05-30 15:00:00,41.00,138.00
2025-05-30 16:00:00,35.00,124.00
2025-05-30 17:00:00,36.00,107.00
2025-05-30 18:00:00,36.00,108.00
2025-05-30 19:00:00,38.00,127.00
2025-05-30 20:00:00,46.00,130.00
2025-05-30 21:00:00,41.00,133.00
2025-05-30 22:00:00,58.00,162.00
2025-05-30 23:00:00,56.00,163.00
2025-05-31 00:00:00,58.00,197.00
2025-05-31 01:00:00,72.00,195.00
2025-05-31 02:00:00,86.00,186.00
2025-05-31 03:00:00,89.00,232.00
2025-05-31 04:00:00,77.00,234.00
2025-05-31 05:00:00,86.00,252.00
2025-05-31 06:00:00,83.00,243.00
2025-05-31 07:00:00,81.00,237.00
2025-05-31 08:00:00,80.00,237.00
2025-05-31 09:00:00,90.00,232.00
2025-05-31 10:00:00,59.00,185.00
2025-05-31 11:00:00,45.00,204.00
2025-05-31 12:00:00,45.00,204.00
2025-05-31 13:00:00,47.00,200.00
2025-05-31 14:00:00,48.00,204.00
2025-05-31 15:00:00,42.00,197.00
2025-05-31 16:00:00,39.00,179.00
2025-05-31 17:00:00,28.00,267.00
2025-05-31 18:00:00,25.00,103.00
2025-05-31 19:00:00,29.00,79.00
2025-05-31 20:00:00,36.00,112.00
2025-05-31 21:00:00,48.00,128.00
2025-05-31 22:00:00,51.00,152.00
2025-05-31 23:00:00,52.00,163.00
2025-06-01 00:00:00,56.00,156.00
2025-06-01 01:00:00,46.00,70.00
2025-06-01 02:00:00,25.00,67.00
2025-06-01 03:00:00,28.00,90.00
2025-06-01 04:00:00,30.00,80.00
2025-06-01 05:00:00,6.00,75.00
2025-06-01 06:00:00,27.00,72.00
2025-06-01 07:00:00,44.00,102.00
2025-06-01 08:00:00,56.00,127.00
2025-06-01 09:00:00,51.00,138.00
2025-06-01 10:00:00,40.00,138.00
2025-06-01 11:00:00,41.00,186.00
2025-06-01 12:00:00,41.00,206.00
2025-06-01 13:00:00,47.00,211.00
2025-06-01 14:00:00,51.00,269.00
2025-06-01 15:00:00,48.00,272.00
2025-06-01 16:00:00,48.00,271.00
2025-06-01 17:00:00,36.00,213.00
2025-06-01 18:00:00,20.00,46.00
2025-06-01 19:00:00,27.00,61.00
2025-06-01 20:00:00,29.00,69.00
2025-06-01 21:00:00,NA,NA
2025-06-01 22:00:00,NA,NA
2025-06-01 23:00:00,NA,NA
2025-06-02 00:00:00,NA,NA
2025-06-02 01:00:00,NA,NA
2025-06-02 02:00:00,NA,NA
2025-06-02 03:00:00,NA,NA
2025-06-02 04:00:00,NA,NA
2025-06-02 05:00:00,NA,NA
2025-06-02 06:00:00,NA,NA
2025-06-02 07:00:00,NA,NA
2025-06-02 08:00:00,NA,NA
2025-06-02 09:00:00,NA,NA
2025-06-02 10:00:00,29.00,69.00
2025-06-02 11:00:00,29.00,69.00
2025-06-02 12:00:00,18.00,55.00
2025-06-02 13:00:00,33.00,99.25
2025-06-02 14:00:00,39.50,121.50
2025-06-02 15:00:00,46.00,138.25
2025-06-02 16:00:00,43.50,143.00
2025-06-02 17:00:00,27.75,182.00
2025-06-02 18:00:00,23.00,99.00
2025-06-02 19:00:00,22.25,72.25
2025-06-02 20:00:00,17.50,74.00
2025-06-02 21:00:00,25.75,83.00
2025-06-02 22:00:00,24.00,68.75
2025-06-02 23:00:00,30.00,92.25
2025-06-03 00:00:00,33.00,105.00
2025-06-03 01:00:00,39.25,115.75
2025-06-03 02:00:00,32.75,101.00
2025-06-03 03:00:00,32.25,89.75
2025-06-03 04:00:00,28.50,97.00
2025-06-03 05:00:00,96.00,184.00
2025-06-03 06:00:00,97.25,199.25
2025-06-03 07:00:00,40.50,133.50
2025-06-03 08:00:00,21.00,86.00
2025-06-03 09:00:00,27.50,83.75
2025-06-03 10:00:00,25.50,84.50
2025-06-03 11:00:00,23.25,95.25
2025-06-03 12:00:00,26.00,99.75
2025-06-03 13:00:00,27.00,87.25
2025-06-03 14:00:00,45.00,108.50
2025-06-03 15:00:00,37.50,96.00
2025-06-03 16:00:00,20.75,57.50
2025-06-03 17:00:00,20.00,38.75
2025-06-03 18:00:00,19.25,45.00
2025-06-03 19:00:00,20.00,51.00
2025-06-03 20:00:00,21.50,61.00
2025-06-03 21:00:00,22.00,61.75
2025-06-03 22:00:00,29.00,86.50
2025-06-03 23:00:00,44.00,320.75
2025-06-04 00:00:00,28.00,527.25
2025-06-04 01:00:00,29.50,421.75
2025-06-04 02:00:00,22.50,293.25
2025-06-04 03:00:00,36.50,301.50
2025-06-04 04:00:00,30.75,307.75
2025-06-04 05:00:00,24.00,288.75
2025-06-04 06:00:00,28.25,303.25
2025-06-04 07:00:00,29.25,286.75
2025-06-04 08:00:00,39.00,353.25
2025-06-04 09:00:00,61.50,367.50
2025-06-04 10:00:00,94.00,265.00
2025-06-04 11:00:00,67.75,248.50
2025-06-04 12:00:00,31.00,169.25
2025-06-04 13:00:00,29.50,131.25
2025-06-04 14:00:00,21.50,113.00
2025-06-04 15:00:00,17.50,95.25
2025-06-04 16:00:00,12.50,75.25
2025-06-04 17:00:00,9.50,60.25
2025-06-04 18:00:00,12.00,74.25
2025-06-04 19:00:00,21.25,125.75
2025-06-04 20:00:00,31.50,145.50
2025-06-04 21:00:00,37.00,151.50
2025-06-04 22:00:00,38.75,126.75
2025-06-04 23:00:00,34.50,115.00
2025-06-05 00:00:00,42.75,125.25
2025-06-05 01:00:00,42.25,96.00
2025-06-05 02:00:00,44.00,104.50
2025-06-05 03:00:00,54.00,120.00
2025-06-05 04:00:00,33.00,111.00
2025-06-05 05:00:00,35.50,98.00
2025-06-05 06:00:00,41.25,95.75
2025-06-05 07:00:00,45.75,111.00
2025-06-05 08:00:00,57.50,122.00
2025-06-05 09:00:00,30.25,76.75
2025-06-05 10:00:00,15.50,48.25
2025-06-05 11:00:00,15.50,41.00
2025-06-05 12:00:00,10.75,46.00
2025-06-05 13:00:00,17.25,66.75
2025-06-05 14:00:00,20.00,88.75
2025-06-05 15:00:00,18.00,92.50
2025-06-05 16:00:00,23.00,89.00
2025-06-05 17:00:00,23.00,94.00
2025-06-05 18:00:00,20.75,105.00
2025-06-05 19:00:00,17.00,101.25
2025-06-05 20:00:00,22.00,97.50
2025-06-05 21:00:00,28.00,101.50
2025-06-05 22:00:00,31.00,105.25
2025-06-05 23:00:00,30.25,97.75
2025-06-06 00:00:00,31.00,98.00
2025-06-06 01:00:00,43.75,96.00
2025-06-06 02:00:00,30.00,75.50
2025-06-06 03:00:00,20.25,63.00
2025-06-06 04:00:00,16.75,57.25
2025-06-06 05:00:00,6.25,57.50
2025-06-06 06:00:00,18.75,52.75
2025-06-06 07:00:00,28.50,66.75
2025-06-06 08:00:00,40.50,86.25
2025-06-06 09:00:00,44.75,98.50
2025-06-06 10:00:00,39.75,101.00
2025-06-06 11:00:00,29.75,101.00
2025-06-06 12:00:00,33.00,125.00
2025-06-06 13:00:00,35.75,132.25
2025-06-06 14:00:00,30.00,121.50
2025-06-06 15:00:00,27.25,120.25
2025-06-06 16:00:00,23.25,121.00
2025-06-06 17:00:00,30.00,119.50
2025-06-06 18:00:00,19.00,120.50
2025-06-06 19:00:00,25.00,130.00
2025-06-06 20:00:00,42.00,164.50
2025-06-06 21:00:00,51.00,164.50
2025-06-06 22:00:00,56.00,158.00
2025-06-06 23:00:00,67.00,162.25
2025-06-07 00:00:00,69.00,177.50
2025-06-07 01:00:00,88.50,205.25
2025-06-07 02:00:00,76.25,206.25
2025-06-07 03:00:00,77.50,218.25
2025-06-07 04:00:00,80.00,211.75
2025-06-07 05:00:00,82.25,219.25
2025-06-07 06:00:00,79.25,199.00
2025-06-07 07:00:00,72.00,176.75
2025-06-07 08:00:00,72.00,201.25
2025-06-07 09:00:00,51.00,178.00
2025-06-07 10:00:00,50.25,172.25
2025-06-07 11:00:00,41.00,140.25
2025-06-07 12:00:00,44.75,132.75
2025-06-07 13:00:00,40.00,140.75
2025-06-07 14:00:00,47.00,141.50
2025-06-07 15:00:00,47.75,140.25
2025-06-07 16:00:00,52.00,149.00
2025-06-07 17:00:00,50.00,146.00
2025-06-07 18:00:00,50.00,148.50
2025-06-07 19:00:00,50.00,163.50
2025-06-07 20:00:00,59.00,170.25
2025-06-07 21:00:00,74.00,192.75
2025-06-07 22:00:00,84.00,205.25
2025-06-07 23:00:00,106.00,261.00
2025-06-08 00:00:00,88.00,250.50
2025-06-08 01:00:00,101.50,241.00
2025-06-08 02:00:00,88.75,210.25
2025-06-08 03:00:00,75.50,179.00
2025-06-08 04:00:00,76.00,164.50
2025-06-08 05:00:00,74.75,165.00
2025-06-08 06:00:00,77.00,159.25
2025-06-08 07:00:00,60.75,161.50
2025-06-08 08:00:00,70.00,181.75
2025-06-08 09:00:00,68.25,188.00
2025-06-08 10:00:00,54.75,161.75
2025-06-08 11:00:00,46.50,150.00
2025-06-08 12:00:00,48.75,152.00
2025-06-08 13:00:00,47.00,156.00
2025-06-08 14:00:00,46.75,159.25
2025-06-08 15:00:00,46.25,166.75
2025-06-08 16:00:00,39.00,179.50
2025-06-08 17:00:00,40.00,175.50
2025-06-08 18:00:00,41.50,164.00
2025-06-08 19:00:00,42.00,177.50
2025-06-08 20:00:00,48.75,204.75
2025-06-08 21:00:00,59.25,233.00
2025-06-08 22:00:00,83.75,289.50
2025-06-08 23:00:00,94.75,273.75
2025-06-09 00:00:00,96.75,252.50
2025-06-09 01:00:00,97.00,231.75
2025-06-09 02:00:00,NA,380.50
2025-06-09 03:00:00,NA,324.75
2025-06-09 04:00:00,NA,205.75
2025-06-09 05:00:00,NA,161.50
2025-06-09 06:00:00,NA,150.75
2025-06-09 07:00:00,NA,153.50
2025-06-09 08:00:00,NA,198.50
2025-06-09 09:00:00,NA,252.00
2025-06-09 10:00:00,NA,232.75
2025-06-09 11:00:00,NA,342.00
2025-06-09 12:00:00,39.00,237.25
2025-06-09 13:00:00,41.00,185.25
2025-06-09 14:00:00,40.00,188.50
2025-06-09 15:00:00,34.00,174.25
2025-06-09 16:00:00,25.00,178.75
2025-06-09 17:00:00,29.00,182.75
2025-06-09 18:00:00,29.00,176.25
2025-06-09 19:00:00,29.00,162.00
2025-06-09 20:00:00,30.00,170.75
2025-06-09 21:00:00,40.00,198.25
2025-06-09 22:00:00,86.00,434.00
2025-06-09 23:00:00,84.00,373.50
2025-06-10 00:00:00,72.00,264.25
2025-06-10 01:00:00,73.50,255.00
2025-06-10 02:00:00,53.75,242.50
2025-06-10 03:00:00,41.00,220.50
2025-06-10 04:00:00,33.00,194.75
2025-06-10 05:00:00,37.00,189.50
2025-06-10 06:00:00,35.25,162.25
2025-06-10 07:00:00,37.00,153.00
2025-06-10 08:00:00,59.75,196.50
2025-06-10 09:00:00,49.75,212.50
2025-06-10 10:00:00,34.25,195.00
2025-06-10 11:00:00,33.25,182.25
2025-06-10 12:00:00,30.25,170.25
2025-06-10 13:00:00,19.00,170.75
2025-06-10 14:00:00,19.00,157.00
2025-06-10 15:00:00,22.00,168.50
2025-06-10 16:00:00,22.00,155.25
2025-06-10 17:00:00,23.50,149.75
2025-06-10 18:00:00,25.00,157.50
2025-06-10 19:00:00,34.00,191.50
2025-06-10 20:00:00,34.75,197.50
2025-06-10 21:00:00,35.00,253.00
2025-06-10 22:00:00,63.00,321.50
2025-06-10 23:00:00,62.00,289.25
2025-06-11 00:00:00,59.00,261.00
2025-06-11 01:00:00,58.25,253.25
2025-06-11 02:00:00,53.50,227.25
2025-06-11 03:00:00,44.50,195.75
2025-06-11 04:00:00,39.00,160.25
2025-06-11 05:00:00,36.50,145.00
2025-06-11 06:00:00,35.25,137.00
2025-06-11 07:00:00,44.00,148.50
2025-06-11 08:00:00,36.00,144.00
2025-06-11 09:00:00,30.75,149.25
2025-06-11 10:00:00,28.00,191.00
2025-06-11 11:00:00,82.67,267.75
2025-06-11 12:00:00,110.00,253.00
2025-06-11 13:00:00,34.00,248.50
2025-06-11 14:00:00,43.00,232.25
2025-06-11 15:00:00,41.50,214.75
2025-06-11 16:00:00,41.00,208.00
2025-06-11 17:00:00,42.00,205.00
2025-06-11 18:00:00,77.00,190.00
2025-06-11 19:00:00,32.75,172.75
2025-06-11 20:00:00,45.75,196.25
2025-06-11 21:00:00,76.75,260.75
2025-06-11 22:00:00,99.75,315.00
2025-06-11 23:00:00,113.25,266.25
2025-06-12 00:00:00,98.00,222.75
2025-06-12 01:00:00,81.50,167.75
2025-06-12 02:00:00,69.75,143.00
2025-06-12 03:00:00,63.25,134.75
2025-06-12 04:00:00,62.00,133.00
2025-06-12 05:00:00,68.00,138.25
2025-06-12 06:00:00,73.75,147.50
2025-06-12 07:00:00,75.00,162.00
2025-06-12 08:00:00,NA,184.75
2025-06-12 09:00:00,NA,206.75
2025-06-12 10:00:00,NA,219.50
2025-06-12 11:00:00,NA,226.50
2025-06-12 12:00:00,81.00,237.00
2025-06-12 13:00:00,75.67,216.00
2025-06-12 14:00:00,65.50,201.00
2025-06-12 15:00:00,63.00,178.00
2025-06-12 16:00:00,58.50,182.50
2025-06-12 17:00:00,57.00,187.00
2025-06-12 18:00:00,60.75,188.75
2025-06-12 19:00:00,65.00,193.50
2025-06-12 20:00:00,68.25,216.00
2025-06-12 21:00:00,72.00,213.25
2025-06-12 22:00:00,74.50,201.75
2025-06-12 23:00:00,79.50,203.50
2025-06-13 00:00:00,107.25,218.50
2025-06-13 01:00:00,120.50,206.50
2025-06-13 02:00:00,86.75,180.00
2025-06-13 03:00:00,70.50,159.50
2025-06-13 04:00:00,60.75,128.00
2025-06-13 05:00:00,58.00,113.00
2025-06-13 06:00:00,64.75,129.75
2025-06-13 07:00:00,75.25,155.50
2025-06-13 08:00:00,73.50,173.25
2025-06-13 09:00:00,76.50,193.50
2025-06-13 10:00:00,66.75,180.25
2025-06-13 11:00:00,62.25,162.00
2025-06-13 12:00:00,56.75,158.00
2025-06-13 13:00:00,61.75,193.25
2025-06-13 14:00:00,66.25,316.75
2025-06-13 15:00:00,67.75,399.00
2025-06-13 16:00:00,58.25,286.50
2025-06-13 17:00:00,52.00,206.50
2025-06-13 18:00:00,39.00,150.50
2025-06-13 19:00:00,45.00,150.25
2025-06-13 20:00:00,46.50,146.75
2025-06-13 21:00:00,42.00,115.50
2025-06-13 22:00:00,52.00,111.25
2025-06-13 23:00:00,50.50,107.75
2025-06-14 00:00:00,58.00,112.00
2025-06-14 01:00:00,60.25,125.25
2025-06-14 02:00:00,57.25,126.00
2025-06-14 03:00:00,53.75,124.25
2025-06-14 04:00:00,56.75,124.00
2025-06-14 05:00:00,60.25,118.75
2025-06-14 06:00:00,67.75,128.25
2025-06-14 07:00:00,102.00,158.25
2025-06-14 08:00:00,93.00,167.75
2025-06-14 09:00:00,74.25,137.25
2025-06-14 10:00:00,46.00,124.00
2025-06-14 11:00:00,52.75,135.00
2025-06-14 12:00:00,48.00,118.75
2025-06-14 13:00:00,50.00,123.25
2025-06-14 14:00:00,47.00,130.75
2025-06-14 15:00:00,52.00,138.75
2025-06-14 16:00:00,58.00,147.75
2025-06-14 17:00:00,53.00,141.75
2025-06-14 18:00:00,53.00,139.00
2025-06-14 19:00:00,63.00,147.25
2025-06-14 20:00:00,70.00,180.00
2025-06-14 21:00:00,74.00,200.50
2025-06-14 22:00:00,80.00,193.50
2025-06-14 23:00:00,74.00,181.75
2025-06-15 00:00:00,79.00,179.00
2025-06-15 01:00:00,77.50,187.25
2025-06-15 02:00:00,81.50,188.50
2025-06-15 03:00:00,77.00,165.50
2025-06-15 04:00:00,62.25,115.25
2025-06-15 05:00:00,37.00,120.50
2025-06-15 06:00:00,21.00,110.50
2025-06-15 07:00:00,27.00,97.50
2025-06-15 08:00:00,36.75,121.25
2025-06-15 09:00:00,47.00,142.00
2025-06-15 10:00:00,29.75,128.00
2025-06-15 11:00:00,31.50,66.50
2025-06-15 12:00:00,23.00,35.25
2025-06-15 13:00:00,44.00,105.00
2025-06-15 14:00:00,53.00,260.25
2025-06-15 15:00:00,36.00,231.00
2025-06-15 16:00:00,33.75,179.25
2025-06-15 17:00:00,33.00,123.75
2025-06-15 18:00:00,31.50,86.25
2025-06-15 19:00:00,29.50,96.25
2025-06-15 20:00:00,35.75,144.00
2025-06-15 21:00:00,41.00,122.00
2025-06-15 22:00:00,48.75,107.00
2025-06-15 23:00:00,101.25,139.75
2025-06-16 00:00:00,136.75,212.50
2025-06-16 01:00:00,174.50,254.75
2025-06-16 02:00:00,207.50,253.00
2025-06-16 03:00:00,142.25,210.25
2025-06-16 04:00:00,124.75,207.50
2025-06-16 05:00:00,135.25,241.00
2025-06-16 06:00:00,177.75,269.75
2025-06-16 07:00:00,293.00,315.75
2025-06-16 08:00:00,145.50,181.25
2025-06-16 09:00:00,79.00,126.00
2025-06-16 10:00:00,73.25,128.50
2025-06-16 11:00:00,51.00,112.75
2025-06-16 12:00:00,48.50,103.25
2025-06-16 13:00:00,41.00,89.25
2025-06-16 14:00:00,34.25,82.00
2025-06-16 15:00:00,30.00,71.25
2025-06-16 16:00:00,35.67,70.67
2025-06-16 17:00:00,48.00,108.00
2025-06-16 18:00:00,38.00,77.00
2025-06-16 19:00:00,45.00,85.00
2025-06-16 20:00:00,44.00,90.00
2025-06-16 21:00:00,50.00,119.00
2025-06-16 22:00:00,44.00,89.00
2025-06-16 23:00:00,47.00,99.00
2025-06-17 00:00:00,47.00,101.00
2025-06-17 01:00:00,45.00,90.00
2025-06-17 02:00:00,46.00,85.00
2025-06-17 03:00:00,48.00,78.00
2025-06-17 04:00:00,46.00,66.00
2025-06-17 05:00:00,34.00,48.00
2025-06-17 06:00:00,29.00,42.00
2025-06-17 07:00:00,46.00,58.00
2025-06-17 08:00:00,NA,NA
2025-06-17 09:00:00,NA,NA
2025-06-17 10:00:00,NA,NA
2025-06-17 11:00:00,53.00,85.00
2025-06-17 12:00:00,44.00,77.00
2025-06-17 13:00:00,48.00,75.00
2025-06-17 14:00:00,74.00,133.00
2025-06-17 15:00:00,55.00,61.00
2025-06-17 16:00:00,NA,NA
2025-06-17 17:00:00,NA,NA
2025-06-17 18:00:00,NA,NA
2025-06-17 19:00:00,6.00,11.00
2025-06-17 20:00:00,11.00,16.00
2025-06-17 21:00:00,NA,NA
2025-06-17 22:00:00,NA,NA
2025-06-17 23:00:00,NA,NA
2025-06-18 00:00:00,NA,NA
2025-06-18 01:00:00,NA,NA
2025-06-18 02:00:00,NA,NA
2025-06-18 03:00:00,NA,NA
2025-06-18 04:00:00,30.00,31.00
2025-06-18 05:00:00,40.00,57.00
2025-06-18 06:00:00,44.00,66.00
2025-06-18 07:00:00,48.00,59.00
2025-06-18 08:00:00,59.00,72.00
2025-06-18 09:00:00,NA,NA
2025-06-18 10:00:00,NA,NA
2025-06-18 11:00:00,NA,NA
2025-06-18 12:00:00,59.00,73.00
2025-06-18 13:00:00,50.00,64.00
2025-06-18 14:00:00,52.00,80.00
2025-06-18 15:00:00,53.00,77.00
2025-06-18 16:00:00,83.00,99.00
2025-06-18 17:00:00,61.00,81.00
2025-06-18 18:00:00,45.00,72.00
2025-06-18 19:00:00,44.00,61.00
2025-06-18 20:00:00,50.00,59.00
2025-06-18 21:00:00,30.00,41.00
2025-06-18 22:00:00,45.00,79.00
2025-06-18 23:00:00,69.00,90.00
2025-06-19 00:00:00,51.00,72.00
2025-06-19 01:00:00,NA,NA
2025-06-19 02:00:00,42.00,72.00
2025-06-19 03:00:00,48.00,85.00
2025-06-19 04:00:00,50.00,92.00
2025-06-19 05:00:00,69.00,107.00
2025-06-19 06:00:00,61.00,89.00
2025-06-19 07:00:00,67.00,88.00
2025-06-19 08:00:00,NA,NA
2025-06-19 09:00:00,NA,NA
2025-06-19 10:00:00,105.00,114.00
2025-06-19 11:00:00,85.00,114.00
2025-06-19 12:00:00,51.00,90.00
2025-06-19 13:00:00,27.00,50.00
2025-06-19 14:00:00,30.00,41.00
2025-06-19 15:00:00,17.00,22.00
2025-06-19 16:00:00,11.00,29.00
2025-06-19 17:00:00,17.00,25.00
2025-06-19 18:00:00,27.00,48.00
2025-06-19 19:00:00,34.00,62.00
2025-06-19 20:00:00,40.00,63.00
2025-06-19 21:00:00,35.00,83.00
2025-06-19 22:00:00,36.00,101.00
2025-06-19 23:00:00,35.00,81.00
2025-06-20 00:00:00,46.00,85.00
2025-06-20 01:00:00,63.00,83.00
2025-06-20 02:00:00,11.00,52.00
2025-06-20 03:00:00,27.00,42.00
2025-06-20 04:00:00,27.00,42.00
2025-06-20 05:00:00,23.00,38.00
2025-06-20 06:00:00,24.00,33.00
2025-06-20 07:00:00,34.00,46.00
2025-06-20 08:00:00,46.00,62.00
2025-06-20 09:00:00,46.00,62.00
2025-06-20 10:00:00,34.00,50.00
2025-06-20 11:00:00,42.00,51.00
2025-06-20 12:00:00,47.00,83.00
2025-06-20 13:00:00,45.00,56.00
2025-06-20 14:00:00,25.00,42.00
2025-06-20 15:00:00,31.00,46.00
2025-06-20 16:00:00,36.00,62.00
2025-06-20 17:00:00,35.00,47.00
2025-06-20 18:00:00,38.00,61.00
2025-06-20 19:00:00,33.00,51.00
2025-06-20 20:00:00,24.00,62.00
2025-06-20 21:00:00,27.00,50.00
2025-06-20 22:00:00,24.00,46.00
2025-06-20 23:00:00,35.00,55.00
2025-06-21 00:00:00,28.00,40.00
2025-06-21 01:00:00,NA,NA
2025-06-21 02:00:00,31.00,48.00
2025-06-21 03:00:00,47.00,58.00
2025-06-21 04:00:00,17.00,39.00
2025-06-21 05:00:00,31.00,39.00
2025-06-21 06:00:00,34.00,46.00
2025-06-21 07:00:00,40.00,52.00
2025-06-21 08:00:00,66.00,79.00
2025-06-21 09:00:00,52.00,66.00
2025-06-21 10:00:00,41.00,62.00
2025-06-21 11:00:00,11.00,45.00
2025-06-21 12:00:00,39.00,67.00
2025-06-21 13:00:00,30.00,58.00
2025-06-21 14:00:00,31.00,61.00
2025-06-21 15:00:00,22.00,51.00
2025-06-21 16:00:00,33.00,47.00
2025-06-21 17:00:00,25.00,45.00
2025-06-21 18:00:00,20.00,40.00
2025-06-21 19:00:00,42.00,74.00
2025-06-21 20:00:00,55.00,81.00
2025-06-21 21:00:00,51.00,88.00
2025-06-21 22:00:00,34.00,62.00
2025-06-21 23:00:00,25.00,51.00
2025-06-22 00:00:00,22.00,51.00
2025-06-22 01:00:00,51.00,69.00
2025-06-22 02:00:00,34.00,62.00
2025-06-22 03:00:00,51.00,61.00
2025-06-22 04:00:00,61.00,101.00
2025-06-22 05:00:00,58.00,63.00
2025-06-22 06:00:00,24.00,58.00
2025-06-22 07:00:00,30.00,62.00
2025-06-22 08:00:00,40.00,68.00
2025-06-22 09:00:00,22.00,35.00
2025-06-22 10:00:00,20.00,34.00
2025-06-22 11:00:00,25.00,34.00
2025-06-22 12:00:00,38.00,58.00
2025-06-22 13:00:00,33.00,59.00
2025-06-22 14:00:00,27.00,52.00
2025-06-22 15:00:00,30.00,62.00
2025-06-22 16:00:00,36.00,77.00
2025-06-22 17:00:00,47.00,92.00
2025-06-22 18:00:00,62.00,135.00
2025-06-22 19:00:00,50.00,101.00
2025-06-22 20:00:00,68.00,116.00
2025-06-22 21:00:00,83.00,123.00
2025-06-22 22:00:00,44.00,69.00
2025-06-22 23:00:00,40.00,70.00
2025-06-23 00:00:00,50.00,79.00
2025-06-23 01:00:00,59.00,80.00
2025-06-23 02:00:00,52.00,79.00
2025-06-23 03:00:00,62.00,83.00
2025-06-23 04:00:00,NA,NA
2025-06-23 05:00:00,NA,NA
2025-06-23 06:00:00,NA,NA
2025-06-23 07:00:00,62.00,84.00
2025-06-23 08:00:00,73.00,113.00
2025-06-23 09:00:00,64.00,96.00
2025-06-23 10:00:00,57.00,75.00
2025-06-23 11:00:00,25.00,30.00
2025-06-23 12:00:00,29.00,34.00
2025-06-23 13:00:00,30.00,47.00
2025-06-23 14:00:00,45.00,75.00
2025-06-23 15:00:00,57.00,96.00
2025-06-23 16:00:00,64.00,118.00
2025-06-23 17:00:00,63.00,111.00
2025-06-23 18:00:00,41.00,114.00
2025-06-23 19:00:00,24.00,70.00
2025-06-23 20:00:00,18.00,23.00
2025-06-23 21:00:00,20.00,30.00
2025-06-23 22:00:00,30.00,36.00
2025-06-23 23:00:00,33.00,57.00
2025-06-24 00:00:00,34.00,73.00
2025-06-24 01:00:00,34.00,59.00
2025-06-24 02:00:00,44.00,61.00
2025-06-24 03:00:00,47.00,61.00
2025-06-24 04:00:00,64.00,80.00
2025-06-24 05:00:00,64.00,85.00
2025-06-24 06:00:00,66.00,73.00
2025-06-24 07:00:00,83.00,96.00
2025-06-24 08:00:00,62.00,89.00
2025-06-24 09:00:00,42.00,75.00
2025-06-24 10:00:00,52.00,78.00
2025-06-24 11:00:00,52.00,88.00
2025-06-24 12:00:00,52.00,91.00
2025-06-24 13:00:00,46.00,79.00
2025-06-24 14:00:00,45.00,84.00
2025-06-24 15:00:00,36.00,83.00
2025-06-24 16:00:00,59.00,113.00
2025-06-24 17:00:00,85.00,155.00
2025-06-24 18:00:00,102.00,157.00
2025-06-24 19:00:00,94.00,149.00
2025-06-24 20:00:00,81.00,121.00
2025-06-24 21:00:00,68.00,110.00
2025-06-24 22:00:00,68.00,99.00
2025-06-24 23:00:00,59.00,99.00
2025-06-25 00:00:00,67.00,90.00
2025-06-25 01:00:00,92.00,106.00
2025-06-25 02:00:00,90.00,119.00
2025-06-25 03:00:00,89.00,92.00
2025-06-25 04:00:00,94.00,96.00
2025-06-25 05:00:00,NA,NA
2025-06-25 06:00:00,89.00,105.00
2025-06-25 07:00:00,132.00,140.00
2025-06-25 08:00:00,84.00,99.00
2025-06-25 09:00:00,124.00,135.00
2025-06-25 10:00:00,NA,NA
2025-06-25 11:00:00,NA,NA
2025-06-25 12:00:00,110.00,123.00
2025-06-25 13:00:00,101.00,121.00
2025-06-25 14:00:00,116.00,144.00
2025-06-25 15:00:00,88.00,113.00
2025-06-25 16:00:00,113.00,121.00
2025-06-25 17:00:00,116.00,127.00
2025-06-25 18:00:00,86.00,102.00
2025-06-25 19:00:00,90.00,105.00
2025-06-25 20:00:00,100.00,125.00
2025-06-25 21:00:00,121.00,132.00
2025-06-25 22:00:00,NA,NA
2025-06-25 23:00:00,96.00,101.00
2025-06-26 00:00:00,96.00,101.00
2025-06-26 01:00:00,91.00,107.00
2025-06-26 02:00:00,80.00,85.00
2025-06-26 03:00:00,67.00,68.00
2025-06-26 04:00:00,70.00,73.00
2025-06-26 05:00:00,69.00,72.00
2025-06-26 06:00:00,NA,NA
2025-06-26 07:00:00,59.00,61.00
2025-06-26 08:00:00,55.00,61.00
2025-06-26 09:00:00,52.00,59.00
2025-06-26 10:00:00,39.00,56.00
2025-06-26 11:00:00,39.00,62.00
2025-06-26 12:00:00,25.00,58.00
2025-06-26 13:00:00,28.00,48.00
2025-06-26 14:00:00,30.00,63.00
2025-06-26 15:00:00,22.50,50.25
2025-06-26 16:00:00,15.50,42.25
2025-06-26 17:00:00,24.50,57.50
2025-06-26 18:00:00,28.00,65.25
2025-06-26 19:00:00,27.25,72.75
2025-06-26 20:00:00,27.75,77.25
2025-06-26 21:00:00,36.25,79.50
2025-06-26 22:00:00,36.75,119.00
2025-06-26 23:00:00,30.75,79.50
2025-06-27 00:00:00,29.00,62.75
2025-06-27 01:00:00,35.75,67.50
2025-06-27 02:00:00,38.75,66.75
2025-06-27 03:00:00,39.00,58.50
2025-06-27 04:00:00,39.00,56.00
2025-06-27 05:00:00,38.25,49.25
2025-06-27 06:00:00,32.00,46.25
2025-06-27 07:00:00,24.75,49.00
2025-06-27 08:00:00,20.75,50.00
2025-06-27 09:00:00,26.00,56.00
2025-06-27 10:00:00,25.75,52.00
2025-06-27 11:00:00,24.25,55.25
2025-06-27 12:00:00,24.00,49.50
2025-06-27 13:00:00,24.00,53.75
2025-06-27 14:00:00,21.00,50.00
2025-06-27 15:00:00,22.25,50.25
2025-06-27 16:00:00,19.25,54.75
2025-06-27 17:00:00,21.00,53.00
2025-06-27 18:00:00,22.00,58.75
2025-06-27 19:00:00,27.25,69.25
2025-06-27 20:00:00,30.50,105.00
2025-06-27 21:00:00,36.25,101.00
2025-06-27 22:00:00,35.75,88.50
2025-06-27 23:00:00,35.00,73.25
2025-06-28 00:00:00,35.00,60.00
2025-06-28 01:00:00,30.50,41.25
2025-06-28 02:00:00,23.75,30.00
2025-06-28 03:00:00,23.50,29.50
2025-06-28 04:00:00,24.00,30.00
2025-06-28 05:00:00,23.00,27.00
2025-06-28 06:00:00,26.75,33.00
2025-06-28 07:00:00,27.25,44.00
2025-06-28 08:00:00,33.75,68.00
2025-06-28 09:00:00,35.25,77.25
2025-06-28 10:00:00,41.75,83.25
2025-06-28 11:00:00,NA,NA
2025-06-28 12:00:00,42.00,81.00
2025-06-28 13:00:00,57.00,105.75
2025-06-28 14:00:00,66.50,112.50
2025-06-28 15:00:00,44.00,67.00
2025-06-28 16:00:00,36.00,52.00
2025-06-28 17:00:00,8.00,23.00
2025-06-28 18:00:00,8.00,23.00
2025-06-28 19:00:00,NA,NA
2025-06-28 20:00:00,NA,NA
2025-06-28 21:00:00,NA,NA
2025-06-28 22:00:00,52.00,57.00
2025-06-28 23:00:00,52.00,57.00
2025-06-29 00:00:00,47.00,70.00
2025-06-29 01:00:00,47.00,70.00
2025-06-29 02:00:00,40.00,48.00
2025-06-29 03:00:00,37.00,43.50
2025-06-29 04:00:00,37.50,44.25
2025-06-29 05:00:00,38.00,45.00
2025-06-29 06:00:00,55.00,57.00
2025-06-29 07:00:00,64.75,78.00
2025-06-29 08:00:00,71.75,85.00
2025-06-29 09:00:00,66.25,94.00
2025-06-29 10:00:00,49.00,79.75
2025-06-29 11:00:00,44.75,68.75
2025-06-29 12:00:00,45.00,67.00
2025-06-29 13:00:00,NA,NA
2025-06-29 14:00:00,NA,NA
2025-06-29 15:00:00,NA,NA
2025-06-29 16:00:00,56.00,72.00
2025-06-29 17:00:00,35.75,47.25
2025-06-29 18:00:00,25.25,33.00
2025-06-29 19:00:00,24.00,50.50
2025-06-29 20:00:00,15.75,43.50
2025-06-29 21:00:00,24.25,48.00
2025-06-29 22:00:00,28.00,51.00
2025-06-29 23:00:00,NA,NA
2025-06-30 00:00:00,NA,NA
2025-06-30 01:00:00,NA,NA
2025-06-30 02:00:00,NA,NA
2025-06-30 03:00:00,NA,NA
2025-06-30 04:00:00,NA,NA
2025-06-30 05:00:00,NA,NA
2025-06-30 06:00:00,NA,NA
2025-06-30 07:00:00,NA,NA
2025-06-30 08:00:00,NA,NA
2025-06-30 09:00:00,NA,NA
2025-06-30 10:00:00,NA,NA
2025-06-30 11:00:00,NA,NA
2025-06-30 12:00:00,NA,NA
2025-06-30 13:00:00,51.00,71.25
2025-06-30 14:00:00,48.00,67.50
2025-06-30 15:00:00,46.00,73.00
2025-06-30 16:00:00,79.00,83.00
2025-06-30 17:00:00,NA,NA
2025-06-30 18:00:00,48.00,53.00
2025-06-30 19:00:00,13.00,23.25
2025-06-30 20:00:00,13.00,17.00
2025-06-30 21:00:00,NA,NA
2025-06-30 22:00:00,NA,NA
2025-06-30 23:00:00,NA,14.00
2025-07-01 00:00:00,NA,NA
2025-07-01 01:00:00,NA,NA
2025-07-01 02:00:00,NA,NA
2025-07-01 03:00:00,NA,NA
2025-07-01 04:00:00,NA,NA
2025-07-01 05:00:00,79.00,83.00
2025-07-01 06:00:00,82.75,89.00
2025-07-01 07:00:00,84.00,91.00
2025-07-01 08:00:00,NA,NA
2025-07-01 09:00:00,NA,NA
2025-07-01 10:00:00,NA,NA
2025-07-01 11:00:00,NA,NA
2025-07-01 12:00:00,NA,NA
2025-07-01 13:00:00,NA,NA
2025-07-01 14:00:00,85.00,103.00
2025-07-01 15:00:00,109.75,121.00
2025-07-01 16:00:00,108.25,115.00
2025-07-01 17:00:00,NA,NA
2025-07-01 18:00:00,NA,NA
2025-07-01 19:00:00,NA,NA
2025-07-01 20:00:00,NA,NA
2025-07-01 21:00:00,NA,NA
2025-07-01 22:00:00,NA,NA
2025-07-01 23:00:00,NA,NA
2025-07-02 00:00:00,NA,NA
2025-07-02 01:00:00,NA,NA
2025-07-02 02:00:00,NA,NA
2025-07-02 03:00:00,NA,NA
2025-07-02 04:00:00,NA,NA
2025-07-02 05:00:00,NA,NA
2025-07-02 06:00:00,53.00,56.00
2025-07-02 07:00:00,53.00,56.00
2025-07-02 08:00:00,NA,NA
2025-07-02 09:00:00,55.00,68.00
2025-07-02 10:00:00,39.25,59.00
2025-07-02 11:00:00,10.75,46.67
2025-07-02 12:00:00,29.00,42.00
2025-07-02 13:00:00,22.25,34.00
2025-07-02 14:00:00,22.25,49.75
2025-07-02 15:00:00,24.50,51.25
2025-07-02 16:00:00,NA,NA
2025-07-02 17:00:00,28.00,40.00
2025-07-02 18:00:00,21.25,48.25
2025-07-02 19:00:00,19.00,43.50
2025-07-02 20:00:00,38.00,57.50
2025-07-02 21:00:00,48.00,66.75
2025-07-02 22:00:00,51.00,68.00
2025-07-02 23:00:00,40.00,68.75
2025-07-03 00:00:00,50.00,68.25
2025-07-03 01:00:00,50.00,68.00
2025-07-03 02:00:00,70.00,83.00
2025-07-03 03:00:00,73.00,77.00
2025-07-03 04:00:00,74.00,75.00
2025-07-03 05:00:00,NA,NA
2025-07-03 06:00:00,NA,NA
2025-07-03 07:00:00,NA,NA
2025-07-03 08:00:00,41.00,56.75
2025-07-03 09:00:00,46.25,57.00
2025-07-03 10:00:00,42.00,55.50
2025-07-03 11:00:00,42.00,55.00
2025-07-03 12:00:00,35.25,49.75
2025-07-03 13:00:00,30.75,43.50
2025-07-03 14:00:00,29.25,45.00
2025-07-03 15:00:00,NA,NA
2025-07-03 16:00:00,24.00,39.00
2025-07-03 17:00:00,36.00,55.00
2025-07-03 18:00:00,NA,NA
2025-07-03 19:00:00,28.00,50.00
2025-07-03 20:00:00,29.00,55.00
2025-07-03 21:00:00,35.00,58.00
2025-07-03 22:00:00,48.00,68.00
2025-07-03 23:00:00,56.00,75.00
2025-07-04 00:00:00,72.00,88.00
2025-07-04 01:00:00,81.00,94.00
2025-07-04 02:00:00,NA,NA
2025-07-04 03:00:00,NA,NA
2025-07-04 04:00:00,NA,NA
2025-07-04 05:00:00,74.00,77.00
2025-07-04 06:00:00,NA,NA
2025-07-04 07:00:00,NA,NA
2025-07-04 08:00:00,59.00,61.00
2025-07-04 09:00:00,55.00,63.00
2025-07-04 10:00:00,51.00,73.00
2025-07-04 11:00:00,41.00,64.00
2025-07-04 12:00:00,20.00,68.00
2025-07-04 13:00:00,39.00,48.00
2025-07-04 14:00:00,61.00,70.00
2025-07-04 15:00:00,NA,NA
2025-07-04 16:00:00,NA,NA
2025-07-04 17:00:00,NA,NA
2025-07-04 18:00:00,NA,NA
2025-07-04 19:00:00,NA,NA
2025-07-04 20:00:00,27.00,30.00
2025-07-04 21:00:00,33.00,43.50
2025-07-04 22:00:00,50.75,74.25
2025-07-04 23:00:00,56.75,93.50
2025-07-05 00:00:00,52.50,99.25
2025-07-05 01:00:00,48.75,97.00
2025-07-05 02:00:00,60.00,96.00
2025-07-05 03:00:00,46.00,61.50
2025-07-05 04:00:00,38.50,55.25
2025-07-05 05:00:00,44.00,61.50
2025-07-05 06:00:00,41.50,55.50
2025-07-05 07:00:00,49.75,61.25
2025-07-05 08:00:00,51.50,72.25
2025-07-05 09:00:00,48.00,70.50
2025-07-05 10:00:00,47.00,71.25
2025-07-05 11:00:00,43.25,67.50
2025-07-05 12:00:00,32.25,56.25
2025-07-05 13:00:00,32.75,55.25
2025-07-05 14:00:00,37.00,71.75
2025-07-05 15:00:00,36.50,77.75
2025-07-05 16:00:00,39.75,71.25
2025-07-05 17:00:00,38.75,63.00
2025-07-05 18:00:00,34.25,57.25
2025-07-05 19:00:00,35.25,56.75
2025-07-05 20:00:00,42.00,70.50
2025-07-05 21:00:00,39.50,53.25
2025-07-05 22:00:00,18.50,28.00
2025-07-05 23:00:00,16.50,27.25
2025-07-06 00:00:00,21.75,28.25
2025-07-06 01:00:00,20.75,29.50
2025-07-06 02:00:00,18.50,24.75
2025-07-06 03:00:00,18.00,23.00
2025-07-06 04:00:00,16.50,23.00
2025-07-06 05:00:00,18.25,29.00
2025-07-06 06:00:00,13.00,22.75
2025-07-06 07:00:00,14.75,23.75
2025-07-06 08:00:00,16.00,26.50
2025-07-06 09:00:00,16.75,31.50
2025-07-06 10:00:00,17.75,37.50
2025-07-06 11:00:00,22.50,39.00
2025-07-06 12:00:00,19.50,28.50
2025-07-06 13:00:00,17.25,35.50
2025-07-06 14:00:00,17.75,39.00
2025-07-06 15:00:00,23.25,38.25
2025-07-06 16:00:00,27.25,41.00
2025-07-06 17:00:00,28.75,43.50
2025-07-06 18:00:00,29.75,55.25
2025-07-06 19:00:00,39.00,77.75
2025-07-06 20:00:00,37.50,73.50
2025-07-06 21:00:00,38.25,72.25
2025-07-06 22:00:00,54.00,102.25
2025-07-06 23:00:00,83.00,139.75
2025-07-07 00:00:00,91.75,136.25
2025-07-07 01:00:00,28.25,45.75
2025-07-07 02:00:00,7.00,17.00
2025-07-07 03:00:00,NA,NA
2025-07-07 04:00:00,NA,NA
2025-07-07 05:00:00,NA,NA
2025-07-07 06:00:00,1.00,NA
2025-07-07 07:00:00,1.00,NA
2025-07-07 08:00:00,NA,NA
2025-07-07 09:00:00,NA,NA
2025-07-07 10:00:00,7.00,11.00
2025-07-07 11:00:00,3.25,13.25
2025-07-07 12:00:00,18.50,24.50
2025-07-07 13:00:00,11.25,19.75
2025-07-07 14:00:00,7.75,13.25
2025-07-07 15:00:00,15.50,21.00
2025-07-07 16:00:00,18.00,27.00
2025-07-07 17:00:00,18.75,24.25
2025-07-07 18:00:00,21.25,24.50
2025-07-07 19:00:00,19.75,28.00
2025-07-07 20:00:00,10.75,22.25
2025-07-07 21:00:00,11.00,20.00
2025-07-07 22:00:00,17.25,26.00
2025-07-07 23:00:00,22.00,32.50
2025-07-08 00:00:00,30.50,38.50
2025-07-08 01:00:00,33.00,40.00
2025-07-08 02:00:00,36.00,55.00
2025-07-08 03:00:00,66.75,102.25
2025-07-08 04:00:00,62.00,101.50
2025-07-08 05:00:00,60.75,96.75
2025-07-08 06:00:00,61.25,96.25
2025-07-08 07:00:00,68.00,112.00
2025-07-08 08:00:00,72.00,91.00
2025-07-08 09:00:00,63.00,111.00
2025-07-08 10:00:00,41.00,69.00
2025-07-08 11:00:00,17.00,59.00
2025-07-08 12:00:00,14.00,36.00
2025-07-08 13:00:00,18.00,44.00
2025-07-08 14:00:00,16.00,44.00
2025-07-08 15:00:00,14.00,35.00
2025-07-08 16:00:00,30.00,48.00
2025-07-08 17:00:00,20.00,40.00
2025-07-08 18:00:00,30.00,48.00
2025-07-08 19:00:00,28.00,47.00
2025-07-08 20:00:00,25.00,41.00
2025-07-08 21:00:00,35.00,69.00
2025-07-08 22:00:00,50.00,64.00
2025-07-08 23:00:00,33.00,61.00
2025-07-09 00:00:00,13.00,52.00
2025-07-09 01:00:00,5.00,NA
2025-07-09 02:00:00,1.00,NA
2025-07-09 03:00:00,NA,NA
2025-07-09 04:00:00,NA,2.00
2025-07-09 05:00:00,NA,6.00
2025-07-09 06:00:00,1.00,6.00
2025-07-09 07:00:00,2.00,9.00
2025-07-09 08:00:00,18.00,29.00
2025-07-09 09:00:00,18.00,31.00
2025-07-09 10:00:00,NA,24.00
2025-07-09 11:00:00,18.00,29.00
2025-07-09 12:00:00,16.00,24.00
2025-07-09 13:00:00,11.00,19.00
2025-07-09 14:00:00,14.00,24.00
2025-07-09 15:00:00,17.00,31.00
2025-07-09 16:00:00,20.00,39.00
2025-07-09 17:00:00,17.00,41.00
2025-07-09 18:00:00,NA,NA
2025-07-09 19:00:00,28.00,107.00
2025-07-09 20:00:00,8.00,16.00
2025-07-09 21:00:00,NA,NA
2025-07-09 22:00:00,NA,NA
2025-07-09 23:00:00,NA,NA
2025-07-10 00:00:00,1.00,NA
2025-07-10 01:00:00,NA,NA
2025-07-10 02:00:00,NA,NA
2025-07-10 03:00:00,NA,NA
2025-07-10 04:00:00,NA,NA
2025-07-10 05:00:00,6.00,12.00
2025-07-10 06:00:00,NA,NA
2025-07-10 07:00:00,NA,NA
2025-07-10 08:00:00,8.00,14.00
2025-07-10 09:00:00,11.00,12.00
2025-07-10 10:00:00,NA,NA
2025-07-10 11:00:00,NA,NA
2025-07-10 12:00:00,NA,NA
2025-07-10 13:00:00,12.00,28.00
2025-07-10 14:00:00,8.00,12.00
2025-07-10 15:00:00,11.00,17.00
2025-07-10 16:00:00,NA,NA
2025-07-10 17:00:00,NA,NA
2025-07-10 18:00:00,8.00,13.00
2025-07-10 19:00:00,13.00,17.00
2025-07-10 20:00:00,9.00,14.00
2025-07-10 21:00:00,7.00,17.00
2025-07-10 22:00:00,16.00,23.00
2025-07-10 23:00:00,16.00,27.00
2025-07-11 00:00:00,29.00,36.00
2025-07-11 01:00:00,51.00,52.00
2025-07-11 02:00:00,33.00,58.00
2025-07-11 03:00:00,41.00,67.00
2025-07-11 04:00:00,39.00,72.00
2025-07-11 05:00:00,41.00,64.00
2025-07-11 06:00:00,30.00,47.00
2025-07-11 07:00:00,33.00,40.00
2025-07-11 08:00:00,NA,NA
2025-07-11 09:00:00,38.00,39.00
2025-07-11 10:00:00,36.00,40.00
2025-07-11 11:00:00,27.00,30.00
2025-07-11 12:00:00,25.00,30.00
2025-07-11 13:00:00,17.00,20.00
2025-07-11 14:00:00,NA,NA
2025-07-11 15:00:00,19.00,22.00
2025-07-11 16:00:00,8.00,25.00
2025-07-11 17:00:00,19.00,23.00
2025-07-11 18:00:00,17.00,28.00
2025-07-11 19:00:00,20.00,25.00
2025-07-11 20:00:00,18.00,29.00
2025-07-11 21:00:00,22.00,31.00
2025-07-11 22:00:00,22.00,27.00
2025-07-11 23:00:00,18.00,31.00
2025-07-12 00:00:00,20.00,31.00
2025-07-12 01:00:00,NA,NA
2025-07-12 02:00:00,28.00,45.00
2025-07-12 03:00:00,27.00,53.00
2025-07-12 04:00:00,23.00,40.00
2025-07-12 05:00:00,19.00,39.00
2025-07-12 06:00:00,20.00,36.00
2025-07-12 07:00:00,17.00,23.00
2025-07-12 08:00:00,11.00,22.00
2025-07-12 09:00:00,14.00,33.00
2025-07-12 10:00:00,19.00,33.00
2025-07-12 11:00:00,22.00,35.00
2025-07-12 12:00:00,11.00,39.00
2025-07-12 13:00:00,30.00,40.00
2025-07-12 14:00:00,28.00,40.00
2025-07-12 15:00:00,27.00,36.00
2025-07-12 16:00:00,29.00,44.00
2025-07-12 17:00:00,28.00,47.00
2025-07-12 18:00:00,NA,NA
2025-07-12 19:00:00,55.00,81.00
2025-07-12 20:00:00,48.00,69.00
2025-07-12 21:00:00,39.00,63.00
2025-07-12 22:00:00,25.00,50.00
2025-07-12 23:00:00,27.00,40.00
2025-07-13 00:00:00,13.00,20.00
2025-07-13 01:00:00,16.00,22.00
2025-07-13 02:00:00,16.00,20.00
2025-07-13 03:00:00,12.00,19.00
2025-07-13 04:00:00,14.00,38.00
2025-07-13 05:00:00,22.00,39.00
2025-07-13 06:00:00,35.00,40.00
2025-07-13 07:00:00,68.00,96.00
2025-07-13 08:00:00,80.00,143.00
2025-07-13 09:00:00,50.00,92.00
2025-07-13 10:00:00,36.00,64.00
2025-07-13 11:00:00,40.00,67.00
2025-07-13 12:00:00,35.00,42.00
2025-07-13 13:00:00,NA,NA
2025-07-13 14:00:00,NA,NA
2025-07-13 15:00:00,36.00,41.00
2025-07-13 16:00:00,56.00,75.00
2025-07-13 17:00:00,72.00,97.00
2025-07-13 18:00:00,74.00,114.00
2025-07-13 19:00:00,63.00,95.00
2025-07-13 20:00:00,17.00,46.00
2025-07-13 21:00:00,2.00,7.00
2025-07-13 22:00:00,NA,NA
2025-07-13 23:00:00,NA,NA
2025-07-14 00:00:00,8.00,16.00
2025-07-14 01:00:00,20.00,22.00
2025-07-14 02:00:00,20.00,31.00
2025-07-14 03:00:00,20.00,33.00
2025-07-14 04:00:00,29.00,42.00
2025-07-14 05:00:00,20.00,25.00
2025-07-14 06:00:00,22.00,27.00
2025-07-14 07:00:00,25.00,36.00
2025-07-14 08:00:00,38.00,40.00
2025-07-14 09:00:00,38.00,44.00
2025-07-14 10:00:00,NA,NA
2025-07-14 11:00:00,NA,NA
2025-07-14 12:00:00,25.00,30.00
2025-07-14 13:00:00,27.00,31.00
2025-07-14 14:00:00,27.00,34.00
2025-07-14 15:00:00,20.00,34.00
2025-07-14 16:00:00,NA,24.00
2025-07-14 17:00:00,14.00,25.00
2025-07-14 18:00:00,18.00,28.00
2025-07-14 19:00:00,17.00,24.00
2025-07-14 20:00:00,NA,NA
2025-07-14 21:00:00,14.00,20.00
2025-07-14 22:00:00,16.00,18.00
2025-07-14 23:00:00,14.00,24.00
2025-07-15 00:00:00,16.00,20.00
2025-07-15 01:00:00,NA,NA
2025-07-15 02:00:00,16.00,17.00
2025-07-15 03:00:00,17.00,20.00
2025-07-15 04:00:00,18.00,22.00
2025-07-15 05:00:00,13.00,19.00
2025-07-15 06:00:00,12.00,14.00
2025-07-15 07:00:00,13.00,17.00
2025-07-15 08:00:00,NA,NA
2025-07-15 09:00:00,24.00,27.00
2025-07-15 10:00:00,23.00,33.00
2025-07-15 11:00:00,5.00,31.00
2025-07-15 12:00:00,23.00,30.00
2025-07-15 13:00:00,19.00,33.00
2025-07-15 14:00:00,19.00,25.00
2025-07-15 15:00:00,17.00,30.00
2025-07-15 16:00:00,13.00,29.00
2025-07-15 17:00:00,13.00,31.00
2025-07-15 18:00:00,9.00,22.00
2025-07-15 19:00:00,14.00,29.00
2025-07-15 20:00:00,13.00,34.00
2025-07-15 21:00:00,14.00,34.00
2025-07-15 22:00:00,14.00,35.00
2025-07-15 23:00:00,27.00,47.00
2025-07-16 00:00:00,31.00,41.00
2025-07-16 01:00:00,NA,NA
2025-07-16 02:00:00,24.00,29.00
2025-07-16 03:00:00,31.00,40.00
2025-07-16 04:00:00,25.00,35.00
2025-07-16 05:00:00,9.00,20.00
2025-07-16 06:00:00,22.00,34.00
2025-07-16 07:00:00,29.00,40.00
2025-07-16 08:00:00,45.00,53.00
2025-07-16 09:00:00,50.00,62.00
2025-07-16 10:00:00,45.00,66.00
2025-07-16 11:00:00,41.00,61.00
2025-07-16 12:00:00,NA,NA
2025-07-16 13:00:00,NA,NA
2025-07-16 14:00:00,NA,NA
2025-07-16 15:00:00,NA,NA
2025-07-16 16:00:00,NA,NA
2025-07-16 17:00:00,41.00,61.00
2025-07-16 18:00:00,41.00,61.00
2025-07-16 19:00:00,NA,NA
2025-07-16 20:00:00,16.00,33.00
2025-07-16 21:00:00,18.25,26.25
2025-07-16 22:00:00,19.75,37.50
2025-07-16 23:00:00,32.00,68.25
2025-07-17 00:00:00,33.75,65.00
2025-07-17 01:00:00,39.75,65.50
2025-07-17 02:00:00,52.50,76.00
2025-07-17 03:00:00,50.00,71.50
2025-07-17 04:00:00,47.25,69.00
2025-07-17 05:00:00,54.50,72.75
2025-07-17 06:00:00,24.00,41.75
2025-07-17 07:00:00,14.00,20.50
2025-07-17 08:00:00,18.00,31.00
2025-07-17 09:00:00,14.00,36.25
2025-07-17 10:00:00,19.00,38.75
2025-07-17 11:00:00,24.00,41.25
2025-07-17 12:00:00,29.00,49.50
2025-07-17 13:00:00,40.00,55.75
2025-07-17 14:00:00,44.00,56.25
2025-07-17 15:00:00,29.00,47.75
2025-07-17 16:00:00,34.00,47.25
2025-07-17 17:00:00,34.00,47.25
2025-07-17 18:00:00,39.00,47.75
2025-07-17 19:00:00,33.00,49.50
2025-07-17 20:00:00,33.00,51.50
2025-07-17 21:00:00,39.00,59.50
2025-07-17 22:00:00,20.00,62.75
2025-07-17 23:00:00,8.00,33.75
2025-07-18 00:00:00,NA,24.00
2025-07-18 01:00:00,6.00,7.00
2025-07-18 02:00:00,7.50,12.25
2025-07-18 03:00:00,8.00,14.00
2025-07-18 04:00:00,17.00,27.00
2025-07-18 05:00:00,16.25,27.75
2025-07-18 06:00:00,18.25,32.50
2025-07-18 07:00:00,29.50,39.25
2025-07-18 08:00:00,31.00,41.75
2025-07-18 09:00:00,31.00,42.00
2025-07-18 10:00:00,20.50,44.25
2025-07-18 11:00:00,23.00,48.75
2025-07-18 12:00:00,31.00,48.50
2025-07-18 13:00:00,33.00,53.25
2025-07-18 14:00:00,36.00,59.50
2025-07-18 15:00:00,31.00,59.50
2025-07-18 16:00:00,30.00,45.50
2025-07-18 17:00:00,36.00,41.00
2025-07-18 18:00:00,38.00,47.00
2025-07-18 19:00:00,34.00,43.25
2025-07-18 20:00:00,22.00,36.75
2025-07-18 21:00:00,30.00,38.00
2025-07-18 22:00:00,24.00,36.75
2025-07-18 23:00:00,27.00,32.25
2025-07-19 00:00:00,29.00,34.00
2025-07-19 01:00:00,27.50,35.75
2025-07-19 02:00:00,19.50,30.00
2025-07-19 03:00:00,14.75,22.00
2025-07-19 04:00:00,12.50,22.25
2025-07-19 05:00:00,19.00,23.00
2025-07-19 06:00:00,12.00,19.00
2025-07-19 07:00:00,12.00,19.00
2025-07-19 08:00:00,17.00,28.00
2025-07-19 09:00:00,20.00,28.00
2025-07-19 10:00:00,23.00,31.50
2025-07-19 11:00:00,19.00,30.75
2025-07-19 12:00:00,21.25,36.00
2025-07-19 13:00:00,18.25,35.00
2025-07-19 14:00:00,11.00,28.75
2025-07-19 15:00:00,11.25,30.00
2025-07-19 16:00:00,12.75,33.25
2025-07-19 17:00:00,12.25,23.50
2025-07-19 18:00:00,9.00,23.00
2025-07-19 19:00:00,12.50,26.25
2025-07-19 20:00:00,16.25,39.75
2025-07-19 21:00:00,23.00,65.00
2025-07-19 22:00:00,27.25,72.00
2025-07-19 23:00:00,28.75,68.25
2025-07-20 00:00:00,32.75,72.25
2025-07-20 01:00:00,31.00,64.25
2025-07-20 02:00:00,30.00,51.25
2025-07-20 03:00:00,33.75,54.75
2025-07-20 04:00:00,35.75,53.25
2025-07-20 05:00:00,39.00,56.50
2025-07-20 06:00:00,38.50,60.25
2025-07-20 07:00:00,47.75,73.00
2025-07-20 08:00:00,42.75,55.25
2025-07-20 09:00:00,32.50,51.00
2025-07-20 10:00:00,21.75,38.50
2025-07-20 11:00:00,21.25,43.00
2025-07-20 12:00:00,17.50,40.75
2025-07-20 13:00:00,16.75,41.25
2025-07-20 14:00:00,20.75,42.00
2025-07-20 15:00:00,28.00,46.50
2025-07-20 16:00:00,22.00,42.75
2025-07-20 17:00:00,30.00,45.50
2025-07-20 18:00:00,25.00,38.00
2025-07-20 19:00:00,22.00,38.00
2025-07-20 20:00:00,25.00,39.00
2025-07-20 21:00:00,25.00,43.50
2025-07-20 22:00:00,31.00,54.75
2025-07-20 23:00:00,40.00,74.50
2025-07-21 00:00:00,41.00,84.50
2025-07-21 01:00:00,58.25,84.50
2025-07-21 02:00:00,49.75,89.25
2025-07-21 03:00:00,45.75,91.00
2025-07-21 04:00:00,49.75,87.25
2025-07-21 05:00:00,51.00,82.25
2025-07-21 06:00:00,47.25,72.75
2025-07-21 07:00:00,45.25,75.25
2025-07-21 08:00:00,42.00,81.50
2025-07-21 09:00:00,39.50,83.75
2025-07-21 10:00:00,39.75,79.50
2025-07-21 11:00:00,30.25,81.75
2025-07-21 12:00:00,39.75,91.25
2025-07-21 13:00:00,37.25,85.75
2025-07-21 14:00:00,64.00,120.50
2025-07-21 15:00:00,55.75,118.00
2025-07-21 16:00:00,19.00,91.25
2025-07-21 17:00:00,50.50,102.00
2025-07-21 18:00:00,35.00,83.25
2025-07-21 19:00:00,29.00,57.75
2025-07-21 20:00:00,30.00,50.50
2025-07-21 21:00:00,19.00,50.75
2025-07-21 22:00:00,34.00,60.00
2025-07-21 23:00:00,34.00,68.25
2025-07-22 00:00:00,35.00,78.25
2025-07-22 01:00:00,56.00,90.75
2025-07-22 02:00:00,51.75,99.25
2025-07-22 03:00:00,56.25,99.50
2025-07-22 04:00:00,57.50,96.75
2025-07-22 05:00:00,53.25,87.00
2025-07-22 06:00:00,57.25,81.75
2025-07-22 07:00:00,60.50,84.75
2025-07-22 08:00:00,61.00,92.00
2025-07-22 09:00:00,68.00,94.00
2025-07-22 10:00:00,52.00,84.25
2025-07-22 11:00:00,23.00,53.25
2025-07-22 12:00:00,17.75,24.50
2025-07-22 13:00:00,17.50,23.25
2025-07-22 14:00:00,6.00,14.50
2025-07-22 15:00:00,5.00,11.00
2025-07-22 16:00:00,6.00,11.00
2025-07-22 17:00:00,23.00,28.00
2025-07-22 18:00:00,36.50,45.25
2025-07-22 19:00:00,36.50,50.25
2025-07-22 20:00:00,38.75,56.75
2025-07-22 21:00:00,18.25,33.50
2025-07-22 22:00:00,8.00,14.50
2025-07-22 23:00:00,5.50,11.75
2025-07-23 00:00:00,5.00,15.75
2025-07-23 01:00:00,5.00,18.50
2025-07-23 02:00:00,10.25,21.25
2025-07-23 03:00:00,12.75,24.25
2025-07-23 04:00:00,13.75,25.00
2025-07-23 05:00:00,14.00,28.00
2025-07-23 06:00:00,20.00,34.25
2025-07-23 07:00:00,22.75,39.75
2025-07-23 08:00:00,17.00,32.00
2025-07-23 09:00:00,NA,29.00
2025-07-23 10:00:00,9.00,13.00
2025-07-23 11:00:00,13.00,18.00
2025-07-23 12:00:00,8.00,20.00
2025-07-23 13:00:00,12.00,24.00
2025-07-23 14:00:00,16.50,31.50
2025-07-23 15:00:00,19.50,41.50
2025-07-23 16:00:00,15.50,36.50
2025-07-23 17:00:00,15.50,34.00
2025-07-23 18:00:00,16.00,34.75
2025-07-23 19:00:00,14.50,38.75
2025-07-23 20:00:00,18.50,40.75
2025-07-23 21:00:00,22.25,45.50
2025-07-23 22:00:00,23.00,55.25
2025-07-23 23:00:00,27.50,60.25
2025-07-24 00:00:00,29.00,73.00
2025-07-24 01:00:00,30.50,78.25
2025-07-24 02:00:00,24.25,60.75
2025-07-24 03:00:00,10.00,19.00
2025-07-24 04:00:00,3.75,10.75
2025-07-24 05:00:00,2.25,11.25
2025-07-24 06:00:00,14.00,26.00
2025-07-24 07:00:00,21.00,30.25
2025-07-24 08:00:00,20.50,41.25
2025-07-24 09:00:00,22.25,52.50
2025-07-24 10:00:00,23.75,66.25
2025-07-24 11:00:00,29.25,75.25
2025-07-24 12:00:00,30.25,81.50
2025-07-24 13:00:00,30.00,88.25
2025-07-24 14:00:00,25.50,86.25
2025-07-24 15:00:00,24.00,85.75
2025-07-24 16:00:00,21.00,89.00
2025-07-24 17:00:00,35.75,97.50
2025-07-24 18:00:00,37.25,106.00
2025-07-24 19:00:00,42.75,105.75
2025-07-24 20:00:00,42.00,110.25
2025-07-24 21:00:00,47.75,161.50
2025-07-24 22:00:00,41.75,116.50
2025-07-24 23:00:00,45.75,108.75
2025-07-25 00:00:00,45.00,111.67
2025-07-25 01:00:00,50.75,123.00
2025-07-25 02:00:00,43.25,115.75
2025-07-25 03:00:00,45.25,92.50
2025-07-25 04:00:00,58.25,86.00
2025-07-25 05:00:00,45.50,71.00
2025-07-25 06:00:00,28.75,64.50
2025-07-25 07:00:00,22.75,63.25
2025-07-25 08:00:00,28.75,67.50
2025-07-25 09:00:00,33.25,75.00
2025-07-25 10:00:00,29.50,67.25
2025-07-25 11:00:00,25.75,64.00
2025-07-25 12:00:00,29.50,70.75
2025-07-25 13:00:00,32.50,79.00
2025-07-25 14:00:00,27.00,72.75
2025-07-25 15:00:00,28.75,73.75
2025-07-25 16:00:00,28.50,71.25
2025-07-25 17:00:00,25.75,67.75
2025-07-25 18:00:00,19.75,67.00
2025-07-25 19:00:00,25.50,70.75
2025-07-25 20:00:00,19.00,65.25
2025-07-25 21:00:00,24.25,68.25
2025-07-25 22:00:00,31.50,65.50
2025-07-25 23:00:00,30.75,66.25
2025-07-26 00:00:00,30.00,59.67
2025-07-26 01:00:00,32.25,43.25
2025-07-26 02:00:00,17.25,24.00
2025-07-26 03:00:00,9.00,21.25
2025-07-26 04:00:00,14.00,28.75
2025-07-26 05:00:00,16.00,26.50
2025-07-26 06:00:00,17.50,25.00
2025-07-26 07:00:00,21.00,28.75
2025-07-26 08:00:00,34.00,38.25
2025-07-26 09:00:00,32.75,41.00
2025-07-26 10:00:00,42.25,52.25
2025-07-26 11:00:00,58.00,69.50
2025-07-26 12:00:00,66.50,81.50
2025-07-26 13:00:00,67.25,83.25
2025-07-26 14:00:00,40.00,62.75
2025-07-26 15:00:00,19.75,38.75
2025-07-26 16:00:00,16.00,33.00
2025-07-26 17:00:00,16.75,37.50
2025-07-26 18:00:00,26.00,52.50
2025-07-26 19:00:00,36.50,73.50
2025-07-26 20:00:00,36.00,77.50
2025-07-26 21:00:00,26.75,65.75
2025-07-26 22:00:00,29.25,53.75
2025-07-26 23:00:00,31.00,54.75
2025-07-27 00:00:00,39.25,56.00
2025-07-27 01:00:00,45.75,77.75
2025-07-27 02:00:00,32.75,64.00
2025-07-27 03:00:00,30.25,51.75
2025-07-27 04:00:00,33.25,43.25
2025-07-27 05:00:00,30.25,38.75
2025-07-27 06:00:00,25.25,36.50
2025-07-27 07:00:00,28.50,40.50
2025-07-27 08:00:00,33.00,44.25
2025-07-27 09:00:00,42.25,51.00
2025-07-27 10:00:00,20.25,36.50
2025-07-27 11:00:00,12.75,30.25
2025-07-27 12:00:00,15.25,36.00
2025-07-27 13:00:00,19.00,38.00
2025-07-27 14:00:00,20.00,40.25
2025-07-27 15:00:00,26.00,41.75
2025-07-27 16:00:00,28.00,45.75
2025-07-27 17:00:00,30.25,50.00
2025-07-27 18:00:00,22.00,51.75
2025-07-27 19:00:00,26.50,58.75
2025-07-27 20:00:00,29.75,58.00
2025-07-27 21:00:00,38.25,74.25
2025-07-27 22:00:00,40.25,75.50
2025-07-27 23:00:00,40.00,72.50
2025-07-28 00:00:00,36.25,72.75
2025-07-28 01:00:00,34.25,68.50
2025-07-28 02:00:00,33.25,61.00
2025-07-28 03:00:00,34.50,57.50
2025-07-28 04:00:00,35.00,57.00
2025-07-28 05:00:00,31.25,51.75
2025-07-28 06:00:00,33.00,47.75
2025-07-28 07:00:00,38.50,57.50
2025-07-28 08:00:00,49.00,67.75
2025-07-28 09:00:00,54.25,75.25
2025-07-28 10:00:00,52.00,74.00
2025-07-28 11:00:00,34.50,68.50
2025-07-28 12:00:00,38.75,66.25
2025-07-28 13:00:00,39.00,54.75
2025-07-28 14:00:00,38.75,56.25
2025-07-28 15:00:00,45.75,65.50
2025-07-28 16:00:00,40.50,59.75
2025-07-28 17:00:00,39.50,55.50
2025-07-28 18:00:00,34.75,52.00
2025-07-28 19:00:00,42.75,75.00
2025-07-28 20:00:00,46.00,73.25
2025-07-28 21:00:00,40.75,65.50
2025-07-28 22:00:00,40.50,61.75
2025-07-28 23:00:00,44.00,70.00
2025-07-29 00:00:00,50.25,70.00
2025-07-29 01:00:00,70.75,93.75
2025-07-29 02:00:00,55.25,81.75
2025-07-29 03:00:00,53.25,62.25
2025-07-29 04:00:00,52.75,54.25
2025-07-29 05:00:00,52.00,53.00
2025-07-29 06:00:00,38.00,42.00
2025-07-29 07:00:00,40.25,50.25
2025-07-29 08:00:00,40.25,50.75
2025-07-29 09:00:00,26.67,40.67
2025-07-29 10:00:00,NA,NA
2025-07-29 11:00:00,NA,NA
2025-07-29 12:00:00,33.00,59.00
2025-07-29 13:00:00,28.00,34.00
2025-07-29 14:00:00,6.00,14.00
2025-07-29 15:00:00,16.00,18.00
2025-07-29 16:00:00,13.00,17.00
2025-07-29 17:00:00,16.00,31.00
2025-07-29 18:00:00,22.00,34.00
2025-07-29 19:00:00,18.00,27.00
2025-07-29 20:00:00,18.00,28.00
2025-07-29 21:00:00,27.00,35.00
2025-07-29 22:00:00,29.00,40.00
2025-07-29 23:00:00,27.00,47.00
2025-07-30 00:00:00,22.00,40.00
2025-07-30 01:00:00,27.00,41.00
2025-07-30 02:00:00,25.00,38.00
2025-07-30 03:00:00,23.00,35.00
2025-07-30 04:00:00,27.00,39.00
2025-07-30 05:00:00,18.00,35.00
2025-07-30 06:00:00,33.00,36.00
2025-07-30 07:00:00,36.00,41.00
2025-07-30 08:00:00,41.00,50.00
2025-07-30 09:00:00,31.00,46.00
2025-07-30 10:00:00,29.00,39.00
2025-07-30 11:00:00,12.00,45.00
2025-07-30 12:00:00,35.00,46.00
2025-07-30 13:00:00,34.00,46.00
2025-07-30 14:00:00,28.00,47.00
2025-07-30 15:00:00,34.00,45.00
2025-07-30 16:00:00,NA,NA
2025-07-30 17:00:00,13.00,19.00
2025-07-30 18:00:00,27.00,30.00
2025-07-30 19:00:00,NA,NA
2025-07-30 20:00:00,NA,NA
2025-07-30 21:00:00,NA,NA
2025-07-30 22:00:00,NA,NA
2025-07-30 23:00:00,28.00,33.00
2025-07-31 00:00:00,27.00,28.00
2025-07-31 01:00:00,NA,NA
2025-07-31 02:00:00,23.00,41.00
2025-07-31 03:00:00,24.00,30.00
2025-07-31 04:00:00,18.00,24.00
2025-07-31 05:00:00,NA,NA
2025-07-31 06:00:00,NA,NA
2025-07-31 07:00:00,22.00,25.00
2025-07-31 08:00:00,NA,NA
2025-07-31 09:00:00,9.00,16.00
2025-07-31 10:00:00,NA,NA
2025-07-31 11:00:00,NA,NA
2025-07-31 12:00:00,6.00,18.00
2025-07-31 13:00:00,NA,NA
2025-07-31 14:00:00,5.00,6.00
2025-07-31 15:00:00,NA,NA
2025-07-31 16:00:00,5.00,8.00
2025-07-31 17:00:00,2.00,6.00
2025-07-31 18:00:00,5.00,7.00
2025-07-31 19:00:00,6.00,20.00
2025-07-31 20:00:00,2.00,22.00
2025-07-31 21:00:00,2.00,23.00
2025-07-31 22:00:00,3.00,26.00
2025-07-31 23:00:00,12.00,26.00
2025-08-01 00:00:00,14.00,37.00
2025-08-01 01:00:00,25.00,56.00
2025-08-01 02:00:00,NA,24.00
2025-08-01 03:00:00,NA,20.00
2025-08-01 04:00:00,NA,13.00
2025-08-01 05:00:00,NA,16.00
2025-08-01 06:00:00,NA,16.00
2025-08-01 07:00:00,5.00,18.00
2025-08-01 08:00:00,22.00,50.00
2025-08-01 09:00:00,29.00,66.00
2025-08-01 10:00:00,34.00,65.00
2025-08-01 11:00:00,35.00,55.00
2025-08-01 12:00:00,31.00,55.00
2025-08-01 13:00:00,28.00,56.00
2025-08-01 14:00:00,35.00,62.00
2025-08-01 15:00:00,13.00,42.00
2025-08-01 16:00:00,13.00,39.00
2025-08-01 17:00:00,19.00,38.00
2025-08-01 18:00:00,22.00,50.00
2025-08-01 19:00:00,13.00,37.00
2025-08-01 20:00:00,12.00,44.00
2025-08-01 21:00:00,18.00,54.00
2025-08-01 22:00:00,17.00,59.00
2025-08-01 23:00:00,23.00,63.00
2025-08-02 00:00:00,18.00,59.00
2025-08-02 01:00:00,17.00,59.00
2025-08-02 02:00:00,17.00,57.00
2025-08-02 03:00:00,14.00,60.00
2025-08-02 04:00:00,14.00,54.00
2025-08-02 05:00:00,13.00,50.00
2025-08-02 06:00:00,18.00,61.00
2025-08-02 07:00:00,22.00,67.00
2025-08-02 08:00:00,36.00,77.00
2025-08-02 09:00:00,29.00,88.00
2025-08-02 10:00:00,33.00,89.00
2025-08-02 11:00:00,2.00,83.00
2025-08-02 12:00:00,20.00,70.00
2025-08-02 13:00:00,22.00,70.00
2025-08-02 14:00:00,30.00,83.00
2025-08-02 15:00:00,24.00,82.00
2025-08-02 16:00:00,25.00,83.00
2025-08-02 17:00:00,25.00,92.00
2025-08-02 18:00:00,30.00,101.00
2025-08-02 19:00:00,14.00,49.00
2025-08-02 20:00:00,14.00,49.00
2025-08-02 21:00:00,5.00,32.00
2025-08-02 22:00:00,11.00,38.00
2025-08-02 23:00:00,8.00,38.00
2025-08-03 00:00:00,8.00,38.00
2025-08-03 01:00:00,28.00,35.00
2025-08-03 02:00:00,8.00,22.00
2025-08-03 03:00:00,8.00,32.00
2025-08-03 04:00:00,16.00,43.00
2025-08-03 05:00:00,14.00,40.00
2025-08-03 06:00:00,12.00,39.00
2025-08-03 07:00:00,14.00,57.00
2025-08-03 08:00:00,18.00,70.00
2025-08-03 09:00:00,23.00,93.00
2025-08-03 10:00:00,30.00,100.00
2025-08-03 11:00:00,25.00,88.00
2025-08-03 12:00:00,30.00,112.00
2025-08-03 13:00:00,33.00,139.00
2025-08-03 14:00:00,35.00,148.00
2025-08-03 15:00:00,35.00,150.00
2025-08-03 16:00:00,35.00,142.00
2025-08-03 17:00:00,38.00,131.00
2025-08-03 18:00:00,31.00,137.00
2025-08-03 19:00:00,28.00,129.00
2025-08-03 20:00:00,28.00,127.00
2025-08-03 21:00:00,30.00,121.00
2025-08-03 22:00:00,35.00,122.00
2025-08-03 23:00:00,34.00,114.00
2025-08-04 00:00:00,38.00,117.00
2025-08-04 01:00:00,39.00,118.00
2025-08-04 02:00:00,35.00,125.00
2025-08-04 03:00:00,29.00,104.00
2025-08-04 04:00:00,28.00,93.00
2025-08-04 05:00:00,27.00,85.00
2025-08-04 06:00:00,23.00,74.00
2025-08-04 07:00:00,24.00,73.00
2025-08-04 08:00:00,23.00,81.00
2025-08-04 09:00:00,20.00,78.00
2025-08-04 10:00:00,18.00,81.00
2025-08-04 11:00:00,18.00,88.00
2025-08-04 12:00:00,22.00,88.00
2025-08-04 13:00:00,24.00,95.00
2025-08-04 14:00:00,27.00,95.00
2025-08-04 15:00:00,27.00,94.00
2025-08-04 16:00:00,25.00,99.00
2025-08-04 17:00:00,8.00,90.00
2025-08-04 18:00:00,NA,106.00
2025-08-04 19:00:00,18.00,88.00
2025-08-04 20:00:00,14.00,56.00
2025-08-04 21:00:00,29.00,79.00
2025-08-04 22:00:00,33.00,84.00
2025-08-04 23:00:00,29.00,89.00
2025-08-05 00:00:00,28.00,95.00
2025-08-05 01:00:00,24.00,87.00
2025-08-05 02:00:00,22.00,81.00
2025-08-05 03:00:00,24.00,74.00
2025-08-05 04:00:00,13.00,73.00
2025-08-05 05:00:00,20.00,72.00
2025-08-05 06:00:00,22.00,72.00
2025-08-05 07:00:00,23.00,68.00
2025-08-05 08:00:00,17.00,71.00
2025-08-05 09:00:00,20.00,82.00
2025-08-05 10:00:00,27.00,85.00
2025-08-05 11:00:00,18.00,79.00
2025-08-05 12:00:00,17.00,74.00
2025-08-05 13:00:00,18.00,81.00
2025-08-05 14:00:00,19.00,78.00
2025-08-05 15:00:00,19.00,87.00
2025-08-05 16:00:00,16.00,82.00
2025-08-05 17:00:00,19.00,78.00
2025-08-05 18:00:00,13.00,76.00
2025-08-05 19:00:00,20.00,78.00
2025-08-05 20:00:00,19.00,84.00
2025-08-05 21:00:00,33.00,89.00
2025-08-05 22:00:00,36.00,110.00
2025-08-05 23:00:00,27.00,57.00
2025-08-06 00:00:00,13.00,39.00
2025-08-06 01:00:00,12.00,45.00
2025-08-06 02:00:00,11.00,37.00
2025-08-06 03:00:00,19.00,54.00
2025-08-06 04:00:00,53.00,111.00
2025-08-06 05:00:00,42.00,85.00
2025-08-06 06:00:00,29.00,74.00
2025-08-06 07:00:00,16.00,65.00
2025-08-06 08:00:00,17.00,65.00
2025-08-06 09:00:00,19.00,68.00
2025-08-06 10:00:00,27.00,79.00
2025-08-06 11:00:00,11.00,85.00
2025-08-06 12:00:00,16.00,98.00
2025-08-06 13:00:00,22.00,104.00
2025-08-06 14:00:00,22.00,105.00
2025-08-06 15:00:00,23.00,116.00
2025-08-06 16:00:00,18.00,118.00
2025-08-06 17:00:00,17.00,107.00
2025-08-06 18:00:00,18.00,105.00
2025-08-06 19:00:00,14.00,78.00
2025-08-06 20:00:00,18.00,60.00
2025-08-06 21:00:00,12.00,67.00
2025-08-06 22:00:00,22.00,107.00
2025-08-06 23:00:00,19.00,71.00
2025-08-07 00:00:00,29.00,81.00
2025-08-07 01:00:00,33.00,78.00
2025-08-07 02:00:00,24.00,74.00
2025-08-07 03:00:00,23.00,66.00
2025-08-07 04:00:00,13.00,59.00
2025-08-07 05:00:00,20.00,61.00
2025-08-07 06:00:00,13.00,60.00
2025-08-07 07:00:00,17.00,59.00
2025-08-07 08:00:00,18.00,76.00
2025-08-07 09:00:00,16.00,81.00
2025-08-07 10:00:00,17.00,89.00
2025-08-07 11:00:00,20.00,84.00
2025-08-07 12:00:00,19.00,79.00
2025-08-07 13:00:00,19.00,90.00
2025-08-07 14:00:00,14.00,93.00
2025-08-07 15:00:00,14.00,94.00
2025-08-07 16:00:00,16.00,103.00
2025-08-07 17:00:00,16.00,121.00
2025-08-07 18:00:00,13.00,100.00
2025-08-07 19:00:00,17.00,98.00
2025-08-07 20:00:00,13.00,88.00
2025-08-07 21:00:00,22.00,96.00
2025-08-07 22:00:00,22.00,101.00
2025-08-07 23:00:00,23.00,99.00
2025-08-08 00:00:00,25.00,106.00
2025-08-08 01:00:00,24.00,90.00
2025-08-08 02:00:00,14.00,83.00
2025-08-08 03:00:00,17.00,77.00
2025-08-08 04:00:00,22.00,79.00
2025-08-08 05:00:00,19.00,81.00
2025-08-08 06:00:00,12.00,73.00
2025-08-08 07:00:00,17.00,77.00
2025-08-08 08:00:00,19.00,93.00
2025-08-08 09:00:00,19.00,89.00
2025-08-08 10:00:00,13.00,87.00
2025-08-08 11:00:00,20.00,93.00
2025-08-08 12:00:00,24.00,94.00
2025-08-08 13:00:00,23.00,107.00
2025-08-08 14:00:00,23.00,123.00
2025-08-08 15:00:00,19.00,117.00
2025-08-08 16:00:00,14.00,126.00
2025-08-08 17:00:00,18.00,120.00
2025-08-08 18:00:00,19.00,122.00
2025-08-08 19:00:00,17.00,116.00
2025-08-08 20:00:00,25.00,115.00
2025-08-08 21:00:00,11.00,54.00
2025-08-08 22:00:00,16.00,78.00
2025-08-08 23:00:00,16.00,92.00
2025-08-09 00:00:00,19.00,78.00
2025-08-09 01:00:00,19.00,77.00
2025-08-09 02:00:00,16.00,56.00
2025-08-09 03:00:00,16.00,53.00
2025-08-09 04:00:00,25.00,81.00
2025-08-09 05:00:00,20.00,66.00
2025-08-09 06:00:00,11.00,54.00
2025-08-09 07:00:00,19.00,63.00
2025-08-09 08:00:00,16.00,61.00
2025-08-09 09:00:00,5.00,38.00
2025-08-09 10:00:00,14.00,46.00
2025-08-09 11:00:00,12.00,44.00
2025-08-09 12:00:00,17.00,48.00
2025-08-09 13:00:00,13.00,44.00
2025-08-09 14:00:00,14.00,54.00
2025-08-09 15:00:00,14.00,53.00
2025-08-09 16:00:00,13.00,51.00
2025-08-09 17:00:00,12.00,49.00
2025-08-09 18:00:00,13.00,51.00
2025-08-09 19:00:00,20.00,59.00
2025-08-09 20:00:00,16.00,53.00
2025-08-09 21:00:00,16.00,55.00
2025-08-09 22:00:00,18.00,53.00
2025-08-09 23:00:00,16.00,62.00
2025-08-10 00:00:00,23.00,61.00
2025-08-10 01:00:00,25.00,63.00
2025-08-10 02:00:00,20.00,54.00
2025-08-10 03:00:00,18.00,55.00
2025-08-10 04:00:00,28.00,71.00
2025-08-10 05:00:00,29.00,66.00
2025-08-10 06:00:00,28.00,62.00
2025-08-10 07:00:00,22.00,65.00
2025-08-10 08:00:00,23.00,81.00
2025-08-10 09:00:00,18.00,62.00
2025-08-10 10:00:00,14.00,66.00
2025-08-10 11:00:00,16.00,51.00
2025-08-10 12:00:00,16.00,61.00
2025-08-10 13:00:00,20.00,60.00
2025-08-10 14:00:00,24.00,77.00
2025-08-10 15:00:00,22.00,82.00
2025-08-10 16:00:00,17.00,76.00
2025-08-10 17:00:00,20.00,82.00
2025-08-10 18:00:00,22.00,89.00
2025-08-10 19:00:00,23.00,98.00
2025-08-10 20:00:00,25.00,85.00
2025-08-10 21:00:00,22.00,88.00
2025-08-10 22:00:00,31.00,85.00
2025-08-10 23:00:00,30.00,87.00
2025-08-11 00:00:00,23.00,79.00
2025-08-11 01:00:00,19.00,77.00
2025-08-11 02:00:00,19.00,66.00
2025-08-11 03:00:00,14.00,66.00
2025-08-11 04:00:00,12.00,68.00
2025-08-11 05:00:00,17.00,73.00
2025-08-11 06:00:00,16.00,73.00
2025-08-11 07:00:00,17.00,67.00
2025-08-11 08:00:00,16.00,78.00
2025-08-11 09:00:00,14.00,76.00
2025-08-11 10:00:00,17.00,82.00
2025-08-11 11:00:00,17.00,82.00
2025-08-11 12:00:00,18.00,82.00
2025-08-11 13:00:00,20.00,82.00
2025-08-11 14:00:00,14.00,81.00
2025-08-11 15:00:00,18.00,82.00
2025-08-11 16:00:00,18.00,89.00
2025-08-11 17:00:00,13.00,83.00
2025-08-11 18:00:00,16.00,79.00
2025-08-11 19:00:00,20.00,83.00
2025-08-11 20:00:00,16.00,81.00
2025-08-11 21:00:00,22.00,88.00
2025-08-11 22:00:00,34.00,144.00
2025-08-11 23:00:00,28.00,115.00
2025-08-12 00:00:00,25.00,88.00
2025-08-12 01:00:00,24.00,85.00
2025-08-12 02:00:00,31.00,79.00
2025-08-12 03:00:00,20.00,60.00
2025-08-12 04:00:00,9.00,44.00
2025-08-12 05:00:00,14.00,49.00
2025-08-12 06:00:00,11.00,51.00
2025-08-12 07:00:00,8.00,43.00
2025-08-12 08:00:00,17.00,46.00
2025-08-12 09:00:00,11.00,43.00
2025-08-12 10:00:00,23.00,48.00
2025-08-12 11:00:00,13.00,61.00
2025-08-12 12:00:00,20.00,70.00
2025-08-12 13:00:00,23.00,77.00
2025-08-12 14:00:00,13.00,79.00
2025-08-12 15:00:00,18.00,83.00
2025-08-12 16:00:00,24.00,87.00
2025-08-12 17:00:00,22.00,92.00
2025-08-12 18:00:00,20.00,93.00
2025-08-12 19:00:00,20.00,103.00
2025-08-12 20:00:00,28.00,110.00
2025-08-12 21:00:00,44.00,117.00
2025-08-12 22:00:00,31.00,104.00
2025-08-12 23:00:00,33.00,103.00
2025-08-13 00:00:00,34.00,98.00
2025-08-13 01:00:00,38.00,98.00
2025-08-13 02:00:00,35.00,101.00
2025-08-13 03:00:00,27.00,87.00
2025-08-13 04:00:00,35.00,112.00
2025-08-13 05:00:00,36.00,111.00
2025-08-13 06:00:00,38.00,104.00
2025-08-13 07:00:00,34.00,85.00
2025-08-13 08:00:00,11.00,74.00
2025-08-13 09:00:00,19.00,79.00
2025-08-13 10:00:00,13.00,74.00
2025-08-13 11:00:00,11.00,73.00
2025-08-13 12:00:00,11.00,73.00
2025-08-13 13:00:00,18.00,77.00
2025-08-13 14:00:00,17.00,85.00
2025-08-13 15:00:00,20.00,83.00
2025-08-13 16:00:00,18.00,93.00
2025-08-13 17:00:00,23.00,87.00
2025-08-13 18:00:00,20.00,90.00
2025-08-13 19:00:00,20.00,85.00
2025-08-13 20:00:00,22.00,78.00
2025-08-13 21:00:00,24.00,76.00
2025-08-13 22:00:00,22.00,74.00
2025-08-13 23:00:00,27.00,88.00
2025-08-14 00:00:00,30.00,81.00
2025-08-14 01:00:00,36.00,115.00
2025-08-14 02:00:00,24.00,111.00
2025-08-14 03:00:00,25.00,92.00
2025-08-14 04:00:00,33.00,78.00
2025-08-14 05:00:00,14.00,68.00
2025-08-14 06:00:00,11.00,40.00
2025-08-14 07:00:00,7.00,42.00
2025-08-14 08:00:00,6.00,37.00
2025-08-14 09:00:00,12.00,35.00
2025-08-14 10:00:00,22.00,42.00
2025-08-14 11:00:00,2.00,31.00
2025-08-14 12:00:00,2.00,24.00
2025-08-14 13:00:00,NA,20.00
2025-08-14 14:00:00,NA,17.00
2025-08-14 15:00:00,NA,20.00
2025-08-14 16:00:00,NA,20.00
2025-08-14 17:00:00,1.00,21.00
2025-08-14 18:00:00,5.00,27.00
2025-08-14 19:00:00,16.00,42.00
2025-08-14 20:00:00,25.00,46.00
2025-08-14 21:00:00,23.00,53.00
2025-08-14 22:00:00,40.00,65.00
2025-08-14 23:00:00,35.00,63.00
2025-08-15 00:00:00,40.00,66.00
2025-08-15 01:00:00,47.00,63.00
2025-08-15 02:00:00,35.00,68.00
2025-08-15 03:00:00,34.00,63.00
2025-08-15 04:00:00,39.00,72.00
2025-08-15 05:00:00,38.00,63.00
2025-08-15 06:00:00,35.00,70.00
2025-08-15 07:00:00,38.00,63.00
2025-08-15 08:00:00,70.00,87.00
2025-08-15 09:00:00,55.00,98.00
2025-08-15 10:00:00,53.00,84.00
2025-08-15 11:00:00,42.00,76.00
2025-08-15 12:00:00,23.00,59.00
2025-08-15 13:00:00,25.00,48.00
2025-08-15 14:00:00,29.00,51.00
2025-08-15 15:00:00,14.00,34.00
2025-08-15 16:00:00,13.00,38.00
2025-08-15 17:00:00,19.00,33.00
2025-08-15 18:00:00,13.00,39.00
2025-08-15 19:00:00,14.00,40.00
2025-08-15 20:00:00,29.00,55.00
2025-08-15 21:00:00,NA,NA
2025-08-15 22:00:00,46.00,88.00
2025-08-15 23:00:00,57.00,96.00
2025-08-16 00:00:00,59.00,95.00
2025-08-16 01:00:00,46.00,89.00
2025-08-16 02:00:00,58.00,98.00
2025-08-16 03:00:00,46.00,90.00
2025-08-16 04:00:00,40.00,78.00
2025-08-16 05:00:00,39.00,78.00
2025-08-16 06:00:00,40.00,79.00
2025-08-16 07:00:00,34.00,73.00
2025-08-16 08:00:00,47.00,79.00
2025-08-16 09:00:00,57.00,89.00
2025-08-16 10:00:00,39.00,76.00
2025-08-16 11:00:00,24.00,76.00
2025-08-16 12:00:00,31.00,70.00
2025-08-16 13:00:00,18.00,42.00
2025-08-16 14:00:00,17.00,50.00
2025-08-16 15:00:00,22.00,46.00
2025-08-16 16:00:00,22.00,54.00
2025-08-16 17:00:00,NA,NA
2025-08-16 18:00:00,30.00,62.00
2025-08-16 19:00:00,30.00,73.00
2025-08-16 20:00:00,NA,NA
2025-08-16 21:00:00,NA,NA
2025-08-16 22:00:00,NA,NA
2025-08-16 23:00:00,28.00,78.00
2025-08-17 00:00:00,30.00,67.00
2025-08-17 01:00:00,35.00,67.00
2025-08-17 02:00:00,30.00,62.00
2025-08-17 03:00:00,24.00,66.00
2025-08-17 04:00:00,28.00,63.00
2025-08-17 05:00:00,27.00,67.00
2025-08-17 06:00:00,19.00,57.00
2025-08-17 07:00:00,33.00,62.00
2025-08-17 08:00:00,38.00,73.00
2025-08-17 09:00:00,34.00,68.00
2025-08-17 10:00:00,25.00,57.00
2025-08-17 11:00:00,28.00,68.00
2025-08-17 12:00:00,25.00,71.00
2025-08-17 13:00:00,20.00,61.00
2025-08-17 14:00:00,34.00,66.00
2025-08-17 15:00:00,35.00,67.00
2025-08-17 16:00:00,42.00,70.00
2025-08-17 17:00:00,8.00,40.00
2025-08-17 18:00:00,16.00,45.00
2025-08-17 19:00:00,24.00,62.00
2025-08-17 20:00:00,23.00,72.00
2025-08-17 21:00:00,23.00,72.00
2025-08-17 22:00:00,23.00,72.00
2025-08-17 23:00:00,NA,NA
2025-08-18 00:00:00,44.00,96.00
2025-08-18 01:00:00,36.00,92.00
2025-08-18 02:00:00,NA,NA
2025-08-18 03:00:00,NA,NA
2025-08-18 04:00:00,11.00,63.00
2025-08-18 05:00:00,22.00,59.00
2025-08-18 06:00:00,NA,NA
2025-08-18 07:00:00,13.00,46.00
2025-08-18 08:00:00,16.00,45.00
2025-08-18 09:00:00,27.00,65.00
2025-08-18 10:00:00,42.00,85.00
2025-08-18 11:00:00,40.00,93.00
2025-08-18 12:00:00,NA,NA
2025-08-18 13:00:00,NA,NA
2025-08-18 14:00:00,NA,NA
2025-08-18 15:00:00,NA,NA
2025-08-18 16:00:00,40.00,93.00
2025-08-18 17:00:00,NA,NA
2025-08-18 18:00:00,9.00,45.00
2025-08-18 19:00:00,12.00,49.00
2025-08-18 20:00:00,25.00,65.00
2025-08-18 21:00:00,27.00,79.00
2025-08-18 22:00:00,9.00,71.00
2025-08-18 23:00:00,29.00,87.00
2025-08-19 00:00:00,31.00,96.00
2025-08-19 01:00:00,22.00,73.00
2025-08-19 02:00:00,20.00,63.00
2025-08-19 03:00:00,25.00,63.00
2025-08-19 04:00:00,25.00,60.00
2025-08-19 05:00:00,23.00,62.00
2025-08-19 06:00:00,34.00,73.00
2025-08-19 07:00:00,23.00,71.00
2025-08-19 08:00:00,27.00,77.00
2025-08-19 09:00:00,30.00,71.00
2025-08-19 10:00:00,28.00,62.00
2025-08-19 11:00:00,24.00,66.00
2025-08-19 12:00:00,23.00,57.00
2025-08-19 13:00:00,9.00,45.00
2025-08-19 14:00:00,16.00,49.00
2025-08-19 15:00:00,12.00,67.00
2025-08-19 16:00:00,17.00,46.00
2025-08-19 17:00:00,16.00,44.00
2025-08-19 18:00:00,24.00,85.00
2025-08-19 19:00:00,25.00,128.00
2025-08-19 20:00:00,27.00,72.00
2025-08-19 21:00:00,22.00,70.00
2025-08-19 22:00:00,27.00,81.00
2025-08-19 23:00:00,36.00,82.00
2025-08-20 00:00:00,42.00,81.00
2025-08-20 01:00:00,57.00,84.00
2025-08-20 02:00:00,35.00,85.00
2025-08-20 03:00:00,34.00,77.00
2025-08-20 04:00:00,24.00,57.00
2025-08-20 05:00:00,28.00,66.00
2025-08-20 06:00:00,23.00,54.00
2025-08-20 07:00:00,19.00,51.00
2025-08-20 08:00:00,22.00,57.00
2025-08-20 09:00:00,22.00,70.00
2025-08-20 10:00:00,24.00,61.00
2025-08-20 11:00:00,23.00,62.00
2025-08-20 12:00:00,24.00,60.00
2025-08-20 13:00:00,8.00,53.00
2025-08-20 14:00:00,8.00,50.00
2025-08-20 15:00:00,19.00,57.00
2025-08-20 16:00:00,13.00,49.00
2025-08-20 17:00:00,11.00,54.00
2025-08-20 18:00:00,9.00,49.00
2025-08-20 19:00:00,17.00,59.00
2025-08-20 20:00:00,13.00,50.00
2025-08-20 21:00:00,18.00,72.00
2025-08-20 22:00:00,19.00,63.00
2025-08-20 23:00:00,16.00,54.00
2025-08-21 00:00:00,20.00,62.00
2025-08-21 01:00:00,17.00,67.00
2025-08-21 02:00:00,17.00,45.00
2025-08-21 03:00:00,8.00,54.00
2025-08-21 04:00:00,18.00,53.00
2025-08-21 05:00:00,17.00,55.00
2025-08-21 06:00:00,18.00,48.00
2025-08-21 07:00:00,28.00,68.00
2025-08-21 08:00:00,25.00,67.00
2025-08-21 09:00:00,23.00,68.00
2025-08-21 10:00:00,24.00,66.00
2025-08-21 11:00:00,25.00,63.00
2025-08-21 12:00:00,28.00,70.00
2025-08-21 13:00:00,16.00,54.00
2025-08-21 14:00:00,22.00,65.00
2025-08-21 15:00:00,7.00,49.00
2025-08-21 16:00:00,22.00,72.00
2025-08-21 17:00:00,20.00,74.00
2025-08-21 18:00:00,19.00,46.00
2025-08-21 19:00:00,20.00,63.00
2025-08-21 20:00:00,33.00,94.00
2025-08-21 21:00:00,34.00,92.00
2025-08-21 22:00:00,30.00,73.00
2025-08-21 23:00:00,27.00,72.00
2025-08-22 00:00:00,27.00,73.00
2025-08-22 01:00:00,31.00,73.00
2025-08-22 02:00:00,36.00,87.00
2025-08-22 03:00:00,38.00,92.00
2025-08-22 04:00:00,27.00,76.00
2025-08-22 05:00:00,38.00,85.00
2025-08-22 06:00:00,38.00,74.00
2025-08-22 07:00:00,27.00,62.00
2025-08-22 08:00:00,29.00,65.00
2025-08-22 09:00:00,34.00,84.00
2025-08-22 10:00:00,45.00,94.00
2025-08-22 11:00:00,45.00,95.00
2025-08-22 12:00:00,42.00,93.00
2025-08-22 13:00:00,41.00,90.00
2025-08-22 14:00:00,9.00,42.00
2025-08-22 15:00:00,12.00,46.00
2025-08-22 16:00:00,18.00,44.00
2025-08-22 17:00:00,16.00,44.00
2025-08-22 18:00:00,17.00,56.00
2025-08-22 19:00:00,18.00,62.00
2025-08-22 20:00:00,22.00,66.00
2025-08-22 21:00:00,28.00,73.00
2025-08-22 22:00:00,44.00,111.00
2025-08-22 23:00:00,48.00,112.00
2025-08-23 00:00:00,46.00,104.00
2025-08-23 01:00:00,50.00,100.00
2025-08-23 02:00:00,42.00,81.00
2025-08-23 03:00:00,40.00,77.00
2025-08-23 04:00:00,39.00,76.00
2025-08-23 05:00:00,36.00,74.00
2025-08-23 06:00:00,33.00,68.00
2025-08-23 07:00:00,27.00,60.00
2025-08-23 08:00:00,30.00,73.00
2025-08-23 09:00:00,27.00,68.00
2025-08-23 10:00:00,18.00,67.00
2025-08-23 11:00:00,24.00,74.00
2025-08-23 12:00:00,33.00,81.00
2025-08-23 13:00:00,42.00,89.00
2025-08-23 14:00:00,22.00,71.00
2025-08-23 15:00:00,20.00,49.00
2025-08-23 16:00:00,19.00,53.00
2025-08-23 17:00:00,2.00,31.00
2025-08-23 18:00:00,1.00,26.00
2025-08-23 19:00:00,3.00,32.00
2025-08-23 20:00:00,12.00,32.00
2025-08-23 21:00:00,8.00,28.00
2025-08-23 22:00:00,11.00,37.00
2025-08-23 23:00:00,9.00,39.00
2025-08-24 00:00:00,17.00,48.00
2025-08-24 01:00:00,16.00,39.00
2025-08-24 02:00:00,7.00,33.00
2025-08-24 03:00:00,3.00,34.00
2025-08-24 04:00:00,11.00,34.00
2025-08-24 05:00:00,6.00,37.00
2025-08-24 06:00:00,8.00,33.00
2025-08-24 07:00:00,9.00,43.00
2025-08-24 08:00:00,22.00,53.00
2025-08-24 09:00:00,19.00,55.00
2025-08-24 10:00:00,11.00,46.00
2025-08-24 11:00:00,14.00,49.00
2025-08-24 12:00:00,8.00,44.00
2025-08-24 13:00:00,7.00,40.00
2025-08-24 14:00:00,12.00,42.00
2025-08-24 15:00:00,12.00,44.00
2025-08-24 16:00:00,11.00,42.00
2025-08-24 17:00:00,6.00,42.00
2025-08-24 18:00:00,2.00,22.00
2025-08-24 19:00:00,3.00,22.00
2025-08-24 20:00:00,1.00,27.00
2025-08-24 21:00:00,2.00,32.00
2025-08-24 22:00:00,11.00,38.00
2025-08-24 23:00:00,12.00,40.00
2025-08-25 00:00:00,11.00,45.00
2025-08-25 01:00:00,8.00,48.00
2025-08-25 02:00:00,8.00,42.00
2025-08-25 03:00:00,17.00,51.00
2025-08-25 04:00:00,9.00,48.00
2025-08-25 05:00:00,8.00,46.00
2025-08-25 06:00:00,6.00,42.00
2025-08-25 07:00:00,9.00,29.00
2025-08-25 08:00:00,11.00,32.00
2025-08-25 09:00:00,6.00,27.00
2025-08-25 10:00:00,7.00,27.00
2025-08-25 11:00:00,19.00,44.00
2025-08-25 12:00:00,18.00,45.00
2025-08-25 13:00:00,17.00,42.00
2025-08-25 14:00:00,22.00,49.00
2025-08-25 15:00:00,25.00,43.00
2025-08-25 16:00:00,22.00,51.00
2025-08-25 17:00:00,16.00,40.00
2025-08-25 18:00:00,16.00,49.00
2025-08-25 19:00:00,16.00,49.00
2025-08-25 20:00:00,19.00,46.00
2025-08-25 21:00:00,19.00,54.00
2025-08-25 22:00:00,17.00,55.00
2025-08-25 23:00:00,20.00,59.00
2025-08-26 00:00:00,22.00,50.00
2025-08-26 01:00:00,27.00,45.00
2025-08-26 02:00:00,14.00,37.00
2025-08-26 03:00:00,11.00,39.00
2025-08-26 04:00:00,5.00,27.00
2025-08-26 05:00:00,2.00,31.00
2025-08-26 06:00:00,7.00,39.00
2025-08-26 07:00:00,NA,28.00
2025-08-26 08:00:00,5.00,35.00
2025-08-26 09:00:00,16.00,33.00
2025-08-26 10:00:00,11.00,31.00
2025-08-26 11:00:00,11.00,39.00
2025-08-26 12:00:00,17.00,39.00
2025-08-26 13:00:00,19.00,38.00
2025-08-26 14:00:00,9.00,42.00
2025-08-26 15:00:00,3.00,17.00
2025-08-26 16:00:00,NA,21.00
2025-08-26 17:00:00,NA,21.00
2025-08-26 18:00:00,2.00,38.00
2025-08-26 19:00:00,7.00,27.00
2025-08-26 20:00:00,6.00,35.00
2025-08-26 21:00:00,17.00,48.00
2025-08-26 22:00:00,28.00,55.00
2025-08-26 23:00:00,18.00,48.00
2025-08-27 00:00:00,14.00,46.00
2025-08-27 01:00:00,35.00,53.00
2025-08-27 02:00:00,17.00,55.00
2025-08-27 03:00:00,33.00,62.00
2025-08-27 04:00:00,35.00,61.00
2025-08-27 05:00:00,22.00,53.00
2025-08-27 06:00:00,19.00,46.00
2025-08-27 07:00:00,20.00,50.00
2025-08-27 08:00:00,23.00,59.00
2025-08-27 09:00:00,18.00,63.00
2025-08-27 10:00:00,30.00,57.00
2025-08-27 11:00:00,29.00,56.00
2025-08-27 12:00:00,18.00,34.00
2025-08-27 13:00:00,7.00,28.00
2025-08-27 14:00:00,6.00,29.00
2025-08-27 15:00:00,6.00,28.00
2025-08-27 16:00:00,7.00,26.00
2025-08-27 17:00:00,9.00,33.00
2025-08-27 18:00:00,9.00,44.00
2025-08-27 19:00:00,11.00,45.00
2025-08-27 20:00:00,14.00,49.00
2025-08-27 21:00:00,17.00,45.00
2025-08-27 22:00:00,18.00,51.00
2025-08-27 23:00:00,25.00,57.00
2025-08-28 00:00:00,28.00,62.00
2025-08-28 01:00:00,47.00,60.00
2025-08-28 02:00:00,29.00,65.00
2025-08-28 03:00:00,36.00,72.00
2025-08-28 04:00:00,38.00,84.00
2025-08-28 05:00:00,42.00,85.00
2025-08-28 06:00:00,44.00,90.00
2025-08-28 07:00:00,51.00,92.00
2025-08-28 08:00:00,57.00,107.00
2025-08-28 09:00:00,63.00,121.00
2025-08-28 10:00:00,73.00,118.00
2025-08-28 11:00:00,61.00,99.00
2025-08-28 12:00:00,46.00,87.00
2025-08-28 13:00:00,46.00,82.00
2025-08-28 14:00:00,39.00,83.00
2025-08-28 15:00:00,41.00,74.00
2025-08-28 16:00:00,35.00,74.00
2025-08-28 17:00:00,41.00,87.00
2025-08-28 18:00:00,38.00,83.00
2025-08-28 19:00:00,40.00,88.00
2025-08-28 20:00:00,41.00,90.00
2025-08-28 21:00:00,47.00,107.00
2025-08-28 22:00:00,47.00,107.00
2025-08-28 23:00:00,45.00,101.00
2025-08-29 00:00:00,42.00,82.00
2025-08-29 01:00:00,50.00,82.00
2025-08-29 02:00:00,51.00,85.00
2025-08-29 03:00:00,53.00,93.00
2025-08-29 04:00:00,52.00,88.00
2025-08-29 05:00:00,41.00,72.00
2025-08-29 06:00:00,41.00,77.00
2025-08-29 07:00:00,51.00,89.00
2025-08-29 08:00:00,48.00,93.00
2025-08-29 09:00:00,40.00,88.00
2025-08-29 10:00:00,39.00,79.00
2025-08-29 11:00:00,8.00,70.00
2025-08-29 12:00:00,18.00,59.00
2025-08-29 13:00:00,36.00,63.00
2025-08-29 14:00:00,36.00,63.00
2025-08-29 15:00:00,39.00,NA
2025-08-29 16:00:00,19.00,NA
2025-08-29 17:00:00,6.00,32.00
2025-08-29 18:00:00,17.00,43.00
2025-08-29 19:00:00,29.00,49.00
2025-08-29 20:00:00,36.00,68.00
2025-08-29 21:00:00,28.00,72.00
2025-08-29 22:00:00,27.00,67.00
2025-08-29 23:00:00,25.00,59.00
2025-08-30 00:00:00,31.00,66.00
2025-08-30 01:00:00,47.00,61.00
2025-08-30 02:00:00,24.00,57.00
2025-08-30 03:00:00,24.00,59.00
2025-08-30 04:00:00,24.00,59.00
2025-08-30 05:00:00,14.00,48.00
2025-08-30 06:00:00,20.00,48.00
2025-08-30 07:00:00,12.00,39.00
2025-08-30 08:00:00,16.00,53.00
2025-08-30 09:00:00,13.00,54.00
2025-08-30 10:00:00,25.00,68.00
2025-08-30 11:00:00,30.00,71.00
2025-08-30 12:00:00,34.00,71.00
2025-08-30 13:00:00,30.00,59.00
2025-08-30 14:00:00,28.00,65.00
2025-08-30 15:00:00,19.00,55.00
2025-08-30 16:00:00,28.00,53.00
2025-08-30 17:00:00,18.00,54.00
2025-08-30 18:00:00,14.00,45.00
2025-08-30 19:00:00,14.00,49.00
2025-08-30 20:00:00,17.00,48.00
2025-08-30 21:00:00,17.00,60.00
2025-08-30 22:00:00,25.00,73.00
2025-08-30 23:00:00,35.00,79.00
2025-08-31 00:00:00,34.00,81.00
2025-08-31 01:00:00,36.00,77.00
2025-08-31 02:00:00,36.00,71.00
2025-08-31 03:00:00,33.00,74.00
2025-08-31 04:00:00,27.00,65.00
2025-08-31 05:00:00,28.00,56.00
2025-08-31 06:00:00,NA,NA
2025-08-31 07:00:00,NA,NA
2025-08-31 08:00:00,NA,NA
2025-08-31 09:00:00,NA,16.00
2025-08-31 10:00:00,2.00,27.00
2025-08-31 11:00:00,2.00,32.00
2025-08-31 12:00:00,9.00,51.00
2025-08-31 13:00:00,16.00,50.00
2025-08-31 14:00:00,18.00,59.00
2025-08-31 15:00:00,17.00,56.00
2025-08-31 16:00:00,8.00,54.00
2025-08-31 17:00:00,17.00,44.00
2025-08-31 18:00:00,12.00,50.00
2025-08-31 19:00:00,16.00,61.00
2025-08-31 20:00:00,33.00,78.00
2025-08-31 21:00:00,31.00,61.00
2025-08-31 22:00:00,25.00,65.00
2025-08-31 23:00:00,25.00,67.00
2025-09-01 00:00:00,9.00,34.00
2025-09-01 01:00:00,23.00,56.00
2025-09-01 02:00:00,19.00,50.00
2025-09-01 03:00:00,12.00,45.00
2025-09-01 04:00:00,14.00,37.00
2025-09-01 05:00:00,13.00,68.00
2025-09-01 06:00:00,8.00,43.00
2025-09-01 07:00:00,NA,NA
2025-09-01 08:00:00,NA,NA
2025-09-01 09:00:00,NA,NA
2025-09-01 10:00:00,7.00,26.00
2025-09-01 11:00:00,9.00,29.00
2025-09-01 12:00:00,NA,35.00
2025-09-01 13:00:00,13.00,34.00
2025-09-01 14:00:00,17.00,31.00
2025-09-01 15:00:00,12.00,29.00
2025-09-01 16:00:00,9.00,40.00
2025-09-01 17:00:00,6.00,37.00
2025-09-01 18:00:00,3.00,24.00
2025-09-01 19:00:00,2.00,26.00
2025-09-01 20:00:00,NA,18.00
2025-09-01 21:00:00,NA,21.00
2025-09-01 22:00:00,1.00,20.00
2025-09-01 23:00:00,NA,20.00
