Timestamp,PM2.5 (µg/m³),PM10 (µg/m³)
2025-04-01 00:00:00,NA,NA
2025-04-01 01:00:00,NA,NA
2025-04-01 02:00:00,NA,NA
2025-04-01 03:00:00,NA,NA
2025-04-01 04:00:00,NA,NA
2025-04-01 05:00:00,78.70,NA
2025-04-01 06:00:00,121.02,NA
2025-04-01 07:00:00,89.33,146.30
2025-04-01 08:00:00,64.25,157.75
2025-04-01 09:00:00,77.75,169.62
2025-04-01 10:00:00,91.72,179.78
2025-04-01 11:00:00,62.10,171.08
2025-04-01 12:00:00,58.70,156.88
2025-04-01 13:00:00,57.68,148.67
2025-04-01 14:00:00,52.88,141.00
2025-04-01 15:00:00,47.68,137.10
2025-04-01 16:00:00,40.95,131.65
2025-04-01 17:00:00,58.27,116.50
2025-04-01 18:00:00,49.75,111.45
2025-04-01 19:00:00,69.53,157.60
2025-04-01 20:00:00,82.62,214.82
2025-04-01 21:00:00,129.25,463.12
2025-04-01 22:00:00,150.70,439.60
2025-04-01 23:00:00,118.50,304.00
2025-04-02 00:00:00,94.52,279.17
2025-04-02 01:00:00,102.05,218.00
2025-04-02 02:00:00,80.80,191.60
2025-04-02 03:00:00,87.00,258.55
2025-04-02 04:00:00,84.78,239.80
2025-04-02 05:00:00,76.25,243.70
2025-04-02 06:00:00,97.55,190.20
2025-04-02 07:00:00,84.90,202.10
2025-04-02 08:00:00,86.08,279.80
2025-04-02 09:00:00,113.10,311.60
2025-04-02 10:00:00,105.65,280.10
2025-04-02 11:00:00,93.48,208.88
2025-04-02 12:00:00,78.38,197.65
2025-04-02 13:00:00,70.45,143.75
2025-04-02 14:00:00,54.50,126.40
2025-04-02 15:00:00,53.45,123.35
2025-04-02 16:00:00,41.35,106.30
2025-04-02 17:00:00,55.50,108.88
2025-04-02 18:00:00,59.97,95.37
2025-04-02 19:00:00,87.78,193.40
2025-04-02 20:00:00,109.60,261.25
2025-04-02 21:00:00,114.10,274.02
2025-04-02 22:00:00,146.18,284.58
2025-04-02 23:00:00,101.30,278.30
2025-04-03 00:00:00,121.72,255.88
2025-04-03 01:00:00,101.98,246.62
2025-04-03 02:00:00,92.60,219.98
2025-04-03 03:00:00,93.65,205.88
2025-04-03 04:00:00,78.60,195.55
2025-04-03 05:00:00,82.35,174.05
2025-04-03 06:00:00,61.70,191.68
2025-04-03 07:00:00,98.40,210.50
2025-04-03 08:00:00,97.72,250.40
2025-04-03 09:00:00,107.02,282.12
2025-04-03 10:00:00,117.92,292.00
2025-04-03 11:00:00,85.62,257.10
2025-04-03 12:00:00,59.32,185.12
2025-04-03 13:00:00,70.38,158.15
2025-04-03 14:00:00,56.55,97.68
2025-04-03 15:00:00,39.92,83.15
2025-04-03 16:00:00,47.98,66.05
2025-04-03 17:00:00,37.85,50.60
2025-04-03 18:00:00,57.18,87.62
2025-04-03 19:00:00,52.95,128.92
2025-04-03 20:00:00,110.43,425.35
2025-04-03 21:00:00,115.00,340.42
2025-04-03 22:00:00,86.12,205.80
2025-04-03 23:00:00,94.10,203.10
2025-04-04 00:00:00,70.98,275.15
2025-04-04 01:00:00,97.22,328.95
2025-04-04 02:00:00,106.95,309.48
2025-04-04 03:00:00,93.28,262.68
2025-04-04 04:00:00,82.75,220.42
2025-04-04 05:00:00,100.20,230.42
2025-04-04 06:00:00,102.43,242.52
2025-04-04 07:00:00,116.50,357.78
2025-04-04 08:00:00,152.05,451.52
2025-04-04 09:00:00,166.28,466.65
2025-04-04 10:00:00,121.88,336.52
2025-04-04 11:00:00,117.83,234.50
2025-04-04 12:00:00,94.20,161.65
2025-04-04 13:00:00,58.32,149.28
2025-04-04 14:00:00,62.95,139.15
2025-04-04 15:00:00,48.92,123.80
2025-04-04 16:00:00,60.50,159.35
2025-04-04 17:00:00,63.45,137.12
2025-04-04 18:00:00,49.05,146.90
2025-04-04 19:00:00,62.23,185.02
2025-04-04 20:00:00,72.45,200.92
2025-04-04 21:00:00,85.95,242.10
2025-04-04 22:00:00,69.73,235.60
2025-04-04 23:00:00,80.60,202.60
2025-04-05 00:00:00,92.05,207.17
2025-04-05 01:00:00,78.77,199.15
2025-04-05 02:00:00,62.55,175.15
2025-04-05 03:00:00,84.02,161.20
2025-04-05 04:00:00,63.32,156.48
2025-04-05 05:00:00,71.43,143.05
2025-04-05 06:00:00,74.80,163.88
2025-04-05 07:00:00,68.88,154.50
2025-04-05 08:00:00,66.75,153.35
2025-04-05 09:00:00,79.88,164.15
2025-04-05 10:00:00,64.60,178.68
2025-04-05 11:00:00,66.35,172.18
2025-04-05 12:00:00,46.68,164.42
2025-04-05 13:00:00,38.80,171.05
2025-04-05 14:00:00,44.68,159.57
2025-04-05 15:00:00,69.03,150.50
2025-04-05 16:00:00,75.97,149.57
2025-04-05 17:00:00,61.90,138.88
2025-04-05 18:00:00,62.40,136.95
2025-04-05 19:00:00,65.20,157.12
2025-04-05 20:00:00,70.90,203.15
2025-04-05 21:00:00,103.68,257.10
2025-04-05 22:00:00,91.00,320.90
2025-04-05 23:00:00,95.40,283.00
2025-04-06 00:00:00,96.10,262.95
2025-04-06 01:00:00,95.57,238.95
2025-04-06 02:00:00,84.43,223.00
2025-04-06 03:00:00,93.02,219.82
2025-04-06 04:00:00,95.42,224.70
2025-04-06 05:00:00,64.57,183.38
2025-04-06 06:00:00,55.95,176.52
2025-04-06 07:00:00,69.60,181.85
2025-04-06 08:00:00,66.77,200.85
2025-04-06 09:00:00,63.20,187.40
2025-04-06 10:00:00,63.18,183.48
2025-04-06 11:00:00,62.10,173.28
2025-04-06 12:00:00,65.45,167.73
2025-04-06 13:00:00,44.70,141.02
2025-04-06 14:00:00,46.70,114.78
2025-04-06 15:00:00,47.77,111.18
2025-04-06 16:00:00,39.28,104.12
2025-04-06 17:00:00,32.80,80.78
2025-04-06 18:00:00,33.00,105.85
2025-04-06 19:00:00,71.53,156.77
2025-04-06 20:00:00,74.40,217.42
2025-04-06 21:00:00,109.25,444.85
2025-04-06 22:00:00,127.60,535.52
2025-04-06 23:00:00,125.90,365.90
2025-04-07 00:00:00,126.62,403.17
2025-04-07 01:00:00,139.28,385.60
2025-04-07 02:00:00,139.20,384.70
2025-04-07 03:00:00,129.78,280.42
2025-04-07 04:00:00,107.72,214.12
2025-04-07 05:00:00,94.07,238.65
2025-04-07 06:00:00,91.75,162.30
2025-04-07 07:00:00,100.55,177.85
2025-04-07 08:00:00,76.00,188.50
2025-04-07 09:00:00,111.15,277.45
2025-04-07 10:00:00,102.48,250.53
2025-04-07 11:00:00,81.68,198.03
2025-04-07 12:00:00,20.50,NA
2025-04-07 13:00:00,21.85,145.70
2025-04-07 14:00:00,30.92,200.25
2025-04-07 15:00:00,41.70,179.10
2025-04-07 16:00:00,48.02,169.85
2025-04-07 17:00:00,40.45,172.38
2025-04-07 18:00:00,55.32,161.62
2025-04-07 19:00:00,66.42,142.38
2025-04-07 20:00:00,76.10,174.90
2025-04-07 21:00:00,85.88,237.18
2025-04-07 22:00:00,101.05,252.95
2025-04-07 23:00:00,110.10,285.70
2025-04-08 00:00:00,110.52,296.38
2025-04-08 01:00:00,95.42,284.30
2025-04-08 02:00:00,100.38,270.75
2025-04-08 03:00:00,100.42,246.02
2025-04-08 04:00:00,91.88,216.88
2025-04-08 05:00:00,74.15,195.32
2025-04-08 06:00:00,85.05,193.60
2025-04-08 07:00:00,66.68,171.65
2025-04-08 08:00:00,67.25,183.50
2025-04-08 09:00:00,64.20,184.62
2025-04-08 10:00:00,58.72,193.18
2025-04-08 11:00:00,64.75,200.92
2025-04-08 12:00:00,71.95,215.70
2025-04-08 13:00:00,56.45,204.62
2025-04-08 14:00:00,87.63,204.48
2025-04-08 15:00:00,94.50,197.98
2025-04-08 16:00:00,70.85,196.15
2025-04-08 17:00:00,77.47,211.85
2025-04-08 18:00:00,75.32,206.05
2025-04-08 19:00:00,72.30,191.20
2025-04-08 20:00:00,NA,NA
2025-04-08 21:00:00,NA,NA
2025-04-08 22:00:00,NA,NA
2025-04-08 23:00:00,NA,NA
2025-04-09 00:00:00,96.30,294.90
2025-04-09 01:00:00,NA,NA
2025-04-09 02:00:00,NA,NA
2025-04-09 03:00:00,NA,NA
2025-04-09 04:00:00,NA,NA
2025-04-09 05:00:00,NA,NA
2025-04-09 06:00:00,NA,NA
2025-04-09 07:00:00,NA,NA
2025-04-09 08:00:00,NA,NA
2025-04-09 09:00:00,71.45,241.88
2025-04-09 10:00:00,48.50,224.20
2025-04-09 11:00:00,60.13,234.10
2025-04-09 12:00:00,42.85,229.55
2025-04-09 13:00:00,45.72,216.12
2025-04-09 14:00:00,30.72,200.08
2025-04-09 15:00:00,30.35,194.32
2025-04-09 16:00:00,50.80,175.28
2025-04-09 17:00:00,52.72,156.30
2025-04-09 18:00:00,44.05,149.48
2025-04-09 19:00:00,65.18,169.30
2025-04-09 20:00:00,97.78,229.62
2025-04-09 21:00:00,124.35,296.00
2025-04-09 22:00:00,122.28,314.75
2025-04-09 23:00:00,107.50,303.20
2025-04-10 00:00:00,114.75,294.40
2025-04-10 01:00:00,103.22,315.23
2025-04-10 02:00:00,116.52,323.95
2025-04-10 03:00:00,83.82,275.60
2025-04-10 04:00:00,75.88,209.98
2025-04-10 05:00:00,53.70,191.13
2025-04-10 06:00:00,60.45,179.87
2025-04-10 07:00:00,69.80,201.50
2025-04-10 08:00:00,77.00,227.65
2025-04-10 09:00:00,77.62,258.73
2025-04-10 10:00:00,97.98,264.15
2025-04-10 11:00:00,87.75,251.45
2025-04-10 12:00:00,65.10,238.95
2025-04-10 13:00:00,65.05,226.52
2025-04-10 14:00:00,64.73,223.75
2025-04-10 15:00:00,75.60,192.85
2025-04-10 16:00:00,63.65,161.65
2025-04-10 17:00:00,71.18,207.65
2025-04-10 18:00:00,103.25,472.10
2025-04-10 19:00:00,122.57,405.05
2025-04-10 20:00:00,82.58,129.62
2025-04-10 21:00:00,66.00,103.48
2025-04-10 22:00:00,73.12,126.20
2025-04-10 23:00:00,74.80,136.60
2025-04-11 00:00:00,63.85,114.95
2025-04-11 01:00:00,62.55,150.52
2025-04-11 02:00:00,64.98,228.98
2025-04-11 03:00:00,61.62,184.22
2025-04-11 04:00:00,54.55,104.30
2025-04-11 05:00:00,47.13,80.12
2025-04-11 06:00:00,37.75,69.22
2025-04-11 07:00:00,45.27,65.15
2025-04-11 08:00:00,51.15,77.55
2025-04-11 09:00:00,41.42,102.28
2025-04-11 10:00:00,39.60,65.77
2025-04-11 11:00:00,32.22,134.52
2025-04-11 12:00:00,29.50,136.50
2025-04-11 13:00:00,32.82,136.20
2025-04-11 14:00:00,56.70,148.02
2025-04-11 15:00:00,60.78,156.28
2025-04-11 16:00:00,58.78,141.78
2025-04-11 17:00:00,64.15,148.82
2025-04-11 18:00:00,83.90,176.30
2025-04-11 19:00:00,212.73,960.10
2025-04-11 20:00:00,170.70,269.80
2025-04-11 21:00:00,NA,NA
2025-04-11 22:00:00,NA,NA
2025-04-11 23:00:00,84.30,13.20
2025-04-12 00:00:00,57.40,70.30
2025-04-12 01:00:00,NA,NA
2025-04-12 02:00:00,NA,NA
2025-04-12 03:00:00,40.30,40.40
2025-04-12 04:00:00,NA,NA
2025-04-12 05:00:00,NA,NA
2025-04-12 06:00:00,46.85,54.75
2025-04-12 07:00:00,50.70,63.23
2025-04-12 08:00:00,42.68,59.20
2025-04-12 09:00:00,42.92,77.50
2025-04-12 10:00:00,36.80,54.10
2025-04-12 11:00:00,34.92,65.82
2025-04-12 12:00:00,33.17,59.45
2025-04-12 13:00:00,37.85,45.78
2025-04-12 14:00:00,42.75,60.25
2025-04-12 15:00:00,37.30,37.90
2025-04-12 16:00:00,42.80,53.80
2025-04-12 17:00:00,46.35,66.95
2025-04-12 18:00:00,59.88,81.10
2025-04-12 19:00:00,69.32,78.60
2025-04-12 20:00:00,71.53,99.00
2025-04-12 21:00:00,76.55,124.42
2025-04-12 22:00:00,59.25,120.90
2025-04-12 23:00:00,49.00,95.00
2025-04-13 00:00:00,43.03,75.75
2025-04-13 01:00:00,62.95,72.15
2025-04-13 02:00:00,49.00,79.35
2025-04-13 03:00:00,50.12,74.00
2025-04-13 04:00:00,66.80,NA
2025-04-13 05:00:00,53.92,NA
2025-04-13 06:00:00,51.30,NA
2025-04-13 07:00:00,64.60,NA
2025-04-13 08:00:00,65.05,NA
2025-04-13 09:00:00,59.25,100.80
2025-04-13 10:00:00,60.32,95.22
2025-04-13 11:00:00,57.18,98.35
2025-04-13 12:00:00,44.20,99.70
2025-04-13 13:00:00,36.60,82.28
2025-04-13 14:00:00,34.25,90.90
2025-04-13 15:00:00,44.00,90.00
2025-04-13 16:00:00,39.90,87.32
2025-04-13 17:00:00,42.92,93.22
2025-04-13 18:00:00,55.92,101.38
2025-04-13 19:00:00,43.12,95.70
2025-04-13 20:00:00,54.98,105.25
2025-04-13 21:00:00,77.15,132.30
2025-04-13 22:00:00,84.05,154.55
2025-04-13 23:00:00,66.60,166.00
2025-04-14 00:00:00,85.28,152.55
2025-04-14 01:00:00,81.82,143.28
2025-04-14 02:00:00,68.15,149.58
2025-04-14 03:00:00,68.55,157.33
2025-04-14 04:00:00,57.38,146.25
2025-04-14 05:00:00,63.65,150.25
2025-04-14 06:00:00,67.05,158.55
2025-04-14 07:00:00,88.72,167.12
2025-04-14 08:00:00,74.35,163.78
2025-04-14 09:00:00,66.90,159.58
2025-04-14 10:00:00,64.47,154.52
2025-04-14 11:00:00,49.20,156.12
2025-04-14 12:00:00,52.97,140.08
2025-04-14 13:00:00,59.03,114.90
2025-04-14 14:00:00,45.42,112.20
2025-04-14 15:00:00,48.92,111.05
2025-04-14 16:00:00,55.75,111.65
2025-04-14 17:00:00,43.18,107.40
2025-04-14 18:00:00,35.30,104.85
2025-04-14 19:00:00,33.72,91.60
2025-04-14 20:00:00,52.58,124.02
2025-04-14 21:00:00,55.02,160.02
2025-04-14 22:00:00,84.12,167.45
2025-04-14 23:00:00,93.60,181.80
2025-04-15 00:00:00,77.30,196.00
2025-04-15 01:00:00,73.92,180.00
2025-04-15 02:00:00,64.77,169.52
2025-04-15 03:00:00,77.23,168.38
2025-04-15 04:00:00,64.32,156.62
2025-04-15 05:00:00,66.90,158.10
2025-04-15 06:00:00,62.23,149.95
2025-04-15 07:00:00,64.20,145.70
2025-04-15 08:00:00,46.28,147.95
2025-04-15 09:00:00,41.68,142.35
2025-04-15 10:00:00,39.65,138.62
2025-04-15 11:00:00,39.35,127.13
2025-04-15 12:00:00,33.57,126.88
2025-04-15 13:00:00,36.65,110.52
2025-04-15 14:00:00,47.52,113.25
2025-04-15 15:00:00,46.05,109.30
2025-04-15 16:00:00,47.30,105.62
2025-04-15 17:00:00,42.95,100.75
2025-04-15 18:00:00,49.70,106.72
2025-04-15 19:00:00,51.90,102.90
2025-04-15 20:00:00,70.78,117.25
2025-04-15 21:00:00,68.78,128.00
2025-04-15 22:00:00,82.52,132.65
2025-04-15 23:00:00,79.00,129.60
2025-04-16 00:00:00,87.43,164.40
2025-04-16 01:00:00,78.38,156.38
2025-04-16 02:00:00,65.62,162.18
2025-04-16 03:00:00,61.53,158.62
2025-04-16 04:00:00,62.58,154.95
2025-04-16 05:00:00,56.52,151.90
2025-04-16 06:00:00,61.40,160.55
2025-04-16 07:00:00,91.63,160.02
2025-04-16 08:00:00,61.00,156.32
2025-04-16 09:00:00,44.47,165.02
2025-04-16 10:00:00,43.88,164.92
2025-04-16 11:00:00,39.83,163.62
2025-04-16 12:00:00,48.15,157.23
2025-04-16 13:00:00,54.10,139.15
2025-04-16 14:00:00,44.35,147.20
2025-04-16 15:00:00,40.38,143.90
2025-04-16 16:00:00,57.32,124.42
2025-04-16 17:00:00,60.63,129.02
2025-04-16 18:00:00,57.82,133.22
2025-04-16 19:00:00,85.30,141.62
2025-04-16 20:00:00,80.48,167.50
2025-04-16 21:00:00,77.58,182.58
2025-04-16 22:00:00,81.50,194.48
2025-04-16 23:00:00,77.80,200.00
2025-04-17 00:00:00,61.35,204.98
2025-04-17 01:00:00,50.55,179.73
2025-04-17 02:00:00,57.85,183.25
2025-04-17 03:00:00,61.08,180.00
2025-04-17 04:00:00,69.72,179.80
2025-04-17 05:00:00,85.08,224.55
2025-04-17 06:00:00,65.08,215.35
2025-04-17 07:00:00,58.37,191.45
2025-04-17 08:00:00,60.60,185.02
2025-04-17 09:00:00,57.85,186.75
2025-04-17 10:00:00,62.55,173.08
2025-04-17 11:00:00,NA,NA
2025-04-17 12:00:00,NA,NA
2025-04-17 13:00:00,50.60,187.10
2025-04-17 14:00:00,40.42,175.08
2025-04-17 15:00:00,36.58,154.90
2025-04-17 16:00:00,40.58,131.93
2025-04-17 17:00:00,44.85,136.28
2025-04-17 18:00:00,36.90,146.35
2025-04-17 19:00:00,53.22,161.02
2025-04-17 20:00:00,72.75,202.95
2025-04-17 21:00:00,92.62,246.88
2025-04-17 22:00:00,96.80,272.58
2025-04-17 23:00:00,82.73,330.77
2025-04-18 00:00:00,95.22,333.78
2025-04-18 01:00:00,86.28,291.33
2025-04-18 02:00:00,81.47,270.02
2025-04-18 03:00:00,84.12,244.15
2025-04-18 04:00:00,70.90,196.18
2025-04-18 05:00:00,67.72,165.95
2025-04-18 06:00:00,55.08,174.25
2025-04-18 07:00:00,53.88,149.52
2025-04-18 08:00:00,67.73,148.80
2025-04-18 09:00:00,60.53,167.50
2025-04-18 10:00:00,65.35,172.77
2025-04-18 11:00:00,57.68,196.58
2025-04-18 12:00:00,44.05,200.98
2025-04-18 13:00:00,34.98,194.05
2025-04-18 14:00:00,52.17,178.83
2025-04-18 15:00:00,46.75,191.62
2025-04-18 16:00:00,41.45,196.08
2025-04-18 17:00:00,54.18,205.85
2025-04-18 18:00:00,53.08,212.85
2025-04-18 19:00:00,57.02,209.23
2025-04-18 20:00:00,82.05,416.85
2025-04-18 21:00:00,88.95,362.20
2025-04-18 22:00:00,79.55,267.32
2025-04-18 23:00:00,57.20,182.03
2025-04-19 00:00:00,47.25,68.82
2025-04-19 01:00:00,35.50,NA
2025-04-19 02:00:00,38.40,41.60
2025-04-19 03:00:00,39.12,46.20
2025-04-19 04:00:00,NA,NA
2025-04-19 05:00:00,44.92,47.60
2025-04-19 06:00:00,46.80,101.50
2025-04-19 07:00:00,45.95,80.10
2025-04-19 08:00:00,52.03,121.85
2025-04-19 09:00:00,51.35,149.25
2025-04-19 10:00:00,50.25,138.68
2025-04-19 11:00:00,46.40,128.35
2025-04-19 12:00:00,49.15,237.38
2025-04-19 13:00:00,50.72,199.22
2025-04-19 14:00:00,46.78,230.22
2025-04-19 15:00:00,38.67,246.80
2025-04-19 16:00:00,56.50,225.22
2025-04-19 17:00:00,71.70,269.95
2025-04-19 18:00:00,96.02,267.12
2025-04-19 19:00:00,90.78,248.50
2025-04-19 20:00:00,78.47,232.60
2025-04-19 21:00:00,62.20,190.92
2025-04-19 22:00:00,55.45,148.72
2025-04-19 23:00:00,49.63,135.10
2025-04-20 00:00:00,41.90,127.55
2025-04-20 01:00:00,47.00,85.22
2025-04-20 02:00:00,46.92,86.30
2025-04-20 03:00:00,69.85,90.68
2025-04-20 04:00:00,60.72,78.27
2025-04-20 05:00:00,52.65,66.65
2025-04-20 06:00:00,52.78,79.12
2025-04-20 07:00:00,44.08,73.53
2025-04-20 08:00:00,37.60,79.47
2025-04-20 09:00:00,35.45,101.18
2025-04-20 10:00:00,33.78,100.60
2025-04-20 11:00:00,35.52,132.62
2025-04-20 12:00:00,34.62,159.45
2025-04-20 13:00:00,35.40,175.32
2025-04-20 14:00:00,52.28,195.20
2025-04-20 15:00:00,63.30,211.02
2025-04-20 16:00:00,61.10,212.10
2025-04-20 17:00:00,46.68,267.60
2025-04-20 18:00:00,54.38,262.42
2025-04-20 19:00:00,69.18,249.27
2025-04-20 20:00:00,87.18,269.18
2025-04-20 21:00:00,96.15,263.23
2025-04-20 22:00:00,66.32,226.22
2025-04-20 23:00:00,83.87,198.80
2025-04-21 00:00:00,65.28,187.98
2025-04-21 01:00:00,51.53,158.88
2025-04-21 02:00:00,45.50,157.60
2025-04-21 03:00:00,45.80,155.22
2025-04-21 04:00:00,62.25,134.12
2025-04-21 05:00:00,61.18,149.23
2025-04-21 06:00:00,75.90,155.28
2025-04-21 07:00:00,62.98,170.12
2025-04-21 08:00:00,58.22,211.58
2025-04-21 09:00:00,63.28,242.82
2025-04-21 10:00:00,62.60,245.38
2025-04-21 11:00:00,77.20,276.92
2025-04-21 12:00:00,85.72,313.80
2025-04-21 13:00:00,76.28,294.40
2025-04-21 14:00:00,75.15,274.30
2025-04-21 15:00:00,80.45,258.78
2025-04-21 16:00:00,70.12,217.32
2025-04-21 17:00:00,60.85,222.68
2025-04-21 18:00:00,66.90,210.85
2025-04-21 19:00:00,78.72,198.75
2025-04-21 20:00:00,76.58,225.85
2025-04-21 21:00:00,89.52,275.12
2025-04-21 22:00:00,86.88,300.35
2025-04-21 23:00:00,90.40,298.03
2025-04-22 00:00:00,80.58,302.08
2025-04-22 01:00:00,66.98,285.20
2025-04-22 02:00:00,49.90,256.18
2025-04-22 03:00:00,61.40,245.25
2025-04-22 04:00:00,89.78,248.68
2025-04-22 05:00:00,104.35,226.92
2025-04-22 06:00:00,89.95,206.00
2025-04-22 07:00:00,100.78,199.45
2025-04-22 08:00:00,70.75,207.95
2025-04-22 09:00:00,109.55,231.88
2025-04-22 10:00:00,83.82,256.35
2025-04-22 11:00:00,66.12,251.73
2025-04-22 12:00:00,55.42,255.58
2025-04-22 13:00:00,78.30,211.75
2025-04-22 14:00:00,73.72,207.42
2025-04-22 15:00:00,66.43,209.20
2025-04-22 16:00:00,53.28,181.95
2025-04-22 17:00:00,47.12,183.48
2025-04-22 18:00:00,49.68,185.38
2025-04-22 19:00:00,49.20,158.35
2025-04-22 20:00:00,61.55,232.08
2025-04-22 21:00:00,63.40,274.95
2025-04-22 22:00:00,64.65,261.88
2025-04-22 23:00:00,70.03,274.00
2025-04-23 00:00:00,70.05,283.95
2025-04-23 01:00:00,66.68,240.32
2025-04-23 02:00:00,63.40,224.90
2025-04-23 03:00:00,65.85,224.00
2025-04-23 04:00:00,58.75,217.02
2025-04-23 05:00:00,84.58,238.08
2025-04-23 06:00:00,65.47,234.32
2025-04-23 07:00:00,63.92,224.45
2025-04-23 08:00:00,87.40,236.23
2025-04-23 09:00:00,91.02,240.18
2025-04-23 10:00:00,73.62,214.25
2025-04-23 11:00:00,58.10,214.60
2025-04-23 12:00:00,77.95,214.30
2025-04-23 13:00:00,78.32,203.88
2025-04-23 14:00:00,75.40,207.98
2025-04-23 15:00:00,93.35,202.32
2025-04-23 16:00:00,85.70,165.10
2025-04-23 17:00:00,68.02,171.95
2025-04-23 18:00:00,71.50,175.38
2025-04-23 19:00:00,66.20,161.50
2025-04-23 20:00:00,66.35,213.50
2025-04-23 21:00:00,105.90,215.58
2025-04-23 22:00:00,93.42,217.80
2025-04-23 23:00:00,74.77,232.30
2025-04-24 00:00:00,105.30,274.88
2025-04-24 01:00:00,118.28,281.38
2025-04-24 02:00:00,97.70,296.42
2025-04-24 03:00:00,79.27,309.12
2025-04-24 04:00:00,73.15,281.85
2025-04-24 05:00:00,72.57,251.48
2025-04-24 06:00:00,72.78,225.75
2025-04-24 07:00:00,71.20,197.05
2025-04-24 08:00:00,93.12,234.78
2025-04-24 09:00:00,90.65,242.98
2025-04-24 10:00:00,77.28,207.80
2025-04-24 11:00:00,69.38,215.35
2025-04-24 12:00:00,61.15,176.72
2025-04-24 13:00:00,79.50,157.43
2025-04-24 14:00:00,61.25,133.65
2025-04-24 15:00:00,69.65,132.00
2025-04-24 16:00:00,70.32,117.38
2025-04-24 17:00:00,63.18,110.25
2025-04-24 18:00:00,58.52,123.32
2025-04-24 19:00:00,81.80,118.43
2025-04-24 20:00:00,78.73,149.32
2025-04-24 21:00:00,90.78,213.75
2025-04-24 22:00:00,86.90,232.20
2025-04-24 23:00:00,87.67,268.73
2025-04-25 00:00:00,78.78,301.03
2025-04-25 01:00:00,83.40,272.78
2025-04-25 02:00:00,85.20,272.00
2025-04-25 03:00:00,109.98,269.80
2025-04-25 04:00:00,79.58,235.17
2025-04-25 05:00:00,79.47,241.88
2025-04-25 06:00:00,68.75,228.98
2025-04-25 07:00:00,58.42,218.65
2025-04-25 08:00:00,86.62,239.90
2025-04-25 09:00:00,79.68,293.50
2025-04-25 10:00:00,86.43,325.20
2025-04-25 11:00:00,89.20,346.18
2025-04-25 12:00:00,69.95,290.50
2025-04-25 13:00:00,74.88,214.73
2025-04-25 14:00:00,55.55,177.00
2025-04-25 15:00:00,68.95,144.88
2025-04-25 16:00:00,69.35,130.27
2025-04-25 17:00:00,55.85,120.85
2025-04-25 18:00:00,52.82,131.43
2025-04-25 19:00:00,71.97,140.45
2025-04-25 20:00:00,74.60,199.88
2025-04-25 21:00:00,69.52,268.90
2025-04-25 22:00:00,94.35,288.98
2025-04-25 23:00:00,79.47,296.13
2025-04-26 00:00:00,99.52,302.18
2025-04-26 01:00:00,109.10,273.65
2025-04-26 02:00:00,110.25,274.60
2025-04-26 03:00:00,117.02,277.98
2025-04-26 04:00:00,110.98,264.47
2025-04-26 05:00:00,106.65,257.70
2025-04-26 06:00:00,95.92,NA
2025-04-26 07:00:00,130.45,NA
2025-04-26 08:00:00,133.17,NA
2025-04-26 09:00:00,111.70,NA
2025-04-26 10:00:00,117.40,NA
2025-04-26 11:00:00,88.72,NA
2025-04-26 12:00:00,66.92,NA
2025-04-26 13:00:00,54.05,NA
2025-04-26 14:00:00,43.35,NA
2025-04-26 15:00:00,49.78,NA
2025-04-26 16:00:00,56.35,NA
2025-04-26 17:00:00,81.88,NA
2025-04-26 18:00:00,94.25,NA
2025-04-26 19:00:00,101.85,NA
2025-04-26 20:00:00,81.80,NA
2025-04-26 21:00:00,78.62,NA
2025-04-26 22:00:00,82.92,NA
2025-04-26 23:00:00,68.63,NA
2025-04-27 00:00:00,72.00,NA
2025-04-27 01:00:00,63.80,NA
2025-04-27 02:00:00,56.52,NA
2025-04-27 03:00:00,66.45,NA
2025-04-27 04:00:00,60.68,NA
2025-04-27 05:00:00,60.38,NA
2025-04-27 06:00:00,100.32,NA
2025-04-27 07:00:00,127.25,NA
2025-04-27 08:00:00,119.12,NA
2025-04-27 09:00:00,131.20,NA
2025-04-27 10:00:00,123.55,NA
2025-04-27 11:00:00,101.92,NA
2025-04-27 12:00:00,114.45,NA
2025-04-27 13:00:00,98.05,NA
2025-04-27 14:00:00,89.42,NA
2025-04-27 15:00:00,76.38,NA
2025-04-27 16:00:00,69.55,NA
2025-04-27 17:00:00,65.93,NA
2025-04-27 18:00:00,63.12,NA
2025-04-27 19:00:00,87.28,NA
2025-04-27 20:00:00,65.62,NA
2025-04-27 21:00:00,87.72,NA
2025-04-27 22:00:00,90.62,NA
2025-04-27 23:00:00,114.73,NA
2025-04-28 00:00:00,98.32,NA
2025-04-28 01:00:00,91.98,NA
2025-04-28 02:00:00,80.40,NA
2025-04-28 03:00:00,95.80,NA
2025-04-28 04:00:00,91.02,NA
2025-04-28 05:00:00,63.00,NA
2025-04-28 06:00:00,69.35,NA
2025-04-28 07:00:00,70.90,NA
2025-04-28 08:00:00,81.90,NA
2025-04-28 09:00:00,80.88,NA
2025-04-28 10:00:00,76.68,NA
2025-04-28 11:00:00,82.22,NA
2025-04-28 12:00:00,82.90,NA
2025-04-28 13:00:00,79.75,NA
2025-04-28 14:00:00,62.20,NA
2025-04-28 15:00:00,54.88,222.50
2025-04-28 16:00:00,55.70,NA
2025-04-28 17:00:00,66.68,NA
2025-04-28 18:00:00,98.07,237.50
2025-04-28 19:00:00,99.22,NA
2025-04-28 20:00:00,107.58,NA
2025-04-28 21:00:00,79.70,NA
2025-04-28 22:00:00,61.50,120.00
2025-04-28 23:00:00,51.30,913.80
2025-04-29 00:00:00,46.72,NA
2025-04-29 01:00:00,45.88,995.00
2025-04-29 02:00:00,36.78,NA
2025-04-29 03:00:00,57.82,NA
2025-04-29 04:00:00,61.08,NA
2025-04-29 05:00:00,57.37,NA
2025-04-29 06:00:00,38.38,150.80
2025-04-29 07:00:00,43.32,168.58
2025-04-29 08:00:00,51.55,158.92
2025-04-29 09:00:00,34.20,NA
2025-04-29 10:00:00,NA,12.00
2025-04-29 11:00:00,NA,79.12
2025-04-29 12:00:00,NA,26.15
2025-04-29 13:00:00,17.60,30.10
2025-04-29 14:00:00,21.00,37.20
2025-04-29 15:00:00,NA,NA
2025-04-29 16:00:00,35.80,NA
2025-04-29 17:00:00,28.12,NA
2025-04-29 18:00:00,37.60,813.05
2025-04-29 19:00:00,51.12,454.70
2025-04-29 20:00:00,40.53,307.18
2025-04-29 21:00:00,33.22,247.77
2025-04-29 22:00:00,43.77,317.52
2025-04-29 23:00:00,43.80,497.93
2025-04-30 00:00:00,45.20,385.88
2025-04-30 01:00:00,60.38,287.42
2025-04-30 02:00:00,65.20,261.92
2025-04-30 03:00:00,81.53,224.70
2025-04-30 04:00:00,78.62,213.62
2025-04-30 05:00:00,67.32,433.75
2025-04-30 06:00:00,77.65,334.08
2025-04-30 07:00:00,77.80,305.23
2025-04-30 08:00:00,69.65,222.25
2025-04-30 09:00:00,53.72,198.92
2025-04-30 10:00:00,52.25,164.18
2025-04-30 11:00:00,41.50,169.98
2025-04-30 12:00:00,44.25,171.82
2025-04-30 13:00:00,40.47,122.88
2025-04-30 14:00:00,43.68,86.20
2025-04-30 15:00:00,57.12,60.72
2025-04-30 16:00:00,53.88,79.35
2025-04-30 17:00:00,39.88,69.85
2025-04-30 18:00:00,48.62,64.25
2025-04-30 19:00:00,NA,NA
2025-04-30 20:00:00,76.80,99.62
2025-04-30 21:00:00,64.65,112.62
2025-04-30 22:00:00,65.88,126.52
2025-04-30 23:00:00,49.00,124.27
2025-05-01 00:00:00,60.20,136.85
2025-05-01 01:00:00,66.18,167.50
2025-05-01 02:00:00,55.88,NA
2025-05-01 03:00:00,58.23,NA
2025-05-01 04:00:00,65.45,545.10
2025-05-01 05:00:00,65.28,108.75
2025-05-01 06:00:00,58.78,139.38
2025-05-01 07:00:00,59.48,252.82
2025-05-01 08:00:00,64.20,131.68
2025-05-01 09:00:00,NA,NA
2025-05-01 10:00:00,NA,NA
2025-05-01 11:00:00,81.20,225.22
2025-05-01 12:00:00,57.08,217.05
2025-05-01 13:00:00,51.30,NA
2025-05-01 14:00:00,70.98,NA
2025-05-01 15:00:00,65.03,173.00
2025-05-01 16:00:00,61.87,161.60
2025-05-01 17:00:00,55.15,111.55
2025-05-01 18:00:00,49.88,139.15
2025-05-01 19:00:00,60.22,210.20
2025-05-01 20:00:00,75.08,224.50
2025-05-01 21:00:00,57.97,232.80
2025-05-01 22:00:00,59.30,226.82
2025-05-01 23:00:00,51.20,226.53
2025-05-02 00:00:00,62.80,219.78
2025-05-02 01:00:00,67.00,380.20
2025-05-02 02:00:00,112.52,681.38
2025-05-02 03:00:00,111.58,582.78
2025-05-02 04:00:00,73.30,297.98
2025-05-02 05:00:00,60.70,237.12
2025-05-02 06:00:00,60.70,156.45
2025-05-02 07:00:00,60.70,100.12
2025-05-02 08:00:00,60.70,105.60
2025-05-02 09:00:00,60.70,109.45
2025-05-02 10:00:00,60.70,86.05
2025-05-02 11:00:00,60.70,95.28
2025-05-02 12:00:00,28.78,41.88
2025-05-02 13:00:00,28.50,39.62
2025-05-02 14:00:00,28.50,46.48
2025-05-02 15:00:00,28.50,49.73
2025-05-02 16:00:00,NA,NA
2025-05-02 17:00:00,28.50,65.10
2025-05-02 18:00:00,28.50,50.52
2025-05-02 19:00:00,28.50,44.65
2025-05-02 20:00:00,28.50,73.78
2025-05-02 21:00:00,28.50,78.88
2025-05-02 22:00:00,28.50,82.75
2025-05-02 23:00:00,28.50,108.17
2025-05-03 00:00:00,28.50,117.78
2025-05-03 01:00:00,28.50,116.60
2025-05-03 02:00:00,28.50,140.22
2025-05-03 03:00:00,28.50,140.10
2025-05-03 04:00:00,28.50,134.62
2025-05-03 05:00:00,28.50,140.88
2025-05-03 06:00:00,28.50,137.53
2025-05-03 07:00:00,52.22,78.42
2025-05-03 08:00:00,94.15,148.62
2025-05-03 09:00:00,98.20,155.30
2025-05-03 10:00:00,100.75,159.62
2025-05-03 11:00:00,93.62,147.72
2025-05-03 12:00:00,90.85,143.07
2025-05-03 13:00:00,78.65,122.80
2025-05-03 14:00:00,58.02,88.38
2025-05-03 15:00:00,61.62,94.40
2025-05-03 16:00:00,59.05,90.00
2025-05-03 17:00:00,49.38,73.97
2025-05-03 18:00:00,55.88,84.80
2025-05-03 19:00:00,88.05,138.40
2025-05-03 20:00:00,86.32,135.55
2025-05-03 21:00:00,97.22,153.70
2025-05-03 22:00:00,112.05,178.40
2025-05-03 23:00:00,111.43,177.33
2025-05-04 00:00:00,118.60,189.40
2025-05-04 01:00:00,134.05,215.15
2025-05-04 02:00:00,132.83,213.12
2025-05-04 03:00:00,130.05,208.38
2025-05-04 04:00:00,126.38,202.30
2025-05-04 05:00:00,128.38,205.65
2025-05-04 06:00:00,129.40,207.38
2025-05-04 07:00:00,134.80,216.32
2025-05-04 08:00:00,140.70,226.20
2025-05-04 09:00:00,130.28,208.70
2025-05-04 10:00:00,144.15,231.90
2025-05-04 11:00:00,119.32,190.50
2025-05-04 12:00:00,88.12,138.60
2025-05-04 13:00:00,90.05,141.73
2025-05-04 14:00:00,87.25,137.18
2025-05-04 15:00:00,89.25,140.43
2025-05-04 16:00:00,84.78,132.95
2025-05-04 17:00:00,67.38,103.90
2025-05-04 18:00:00,74.78,116.30
2025-05-04 19:00:00,82.25,128.67
2025-05-04 20:00:00,63.32,97.15
2025-05-04 21:00:00,94.65,149.35
2025-05-04 22:00:00,105.72,167.90
2025-05-04 23:00:00,91.23,143.67
2025-05-05 00:00:00,89.72,141.22
2025-05-05 01:00:00,82.32,128.83
2025-05-05 02:00:00,56.60,85.95
2025-05-05 03:00:00,46.28,68.78
2025-05-05 04:00:00,47.48,70.75
2025-05-05 05:00:00,39.25,57.12
2025-05-05 06:00:00,37.32,53.88
2025-05-05 07:00:00,41.22,60.30
2025-05-05 08:00:00,40.02,58.42
2025-05-05 09:00:00,44.60,65.95
2025-05-05 10:00:00,49.70,74.47
2025-05-05 11:00:00,39.00,56.70
2025-05-05 12:00:00,56.60,86.00
2025-05-05 13:00:00,60.42,92.32
2025-05-05 14:00:00,55.98,84.95
2025-05-05 15:00:00,53.35,80.58
2025-05-05 16:00:00,48.68,72.82
2025-05-05 17:00:00,50.88,76.52
2025-05-05 18:00:00,48.85,73.08
2025-05-05 19:00:00,59.80,91.30
2025-05-05 20:00:00,58.42,89.05
2025-05-05 21:00:00,63.40,97.35
2025-05-05 22:00:00,74.73,116.28
2025-05-05 23:00:00,59.27,90.40
2025-05-06 00:00:00,77.98,121.57
2025-05-06 01:00:00,79.07,123.38
2025-05-06 02:00:00,73.10,113.50
2025-05-06 03:00:00,74.07,115.18
2025-05-06 04:00:00,72.12,111.88
2025-05-06 05:00:00,51.15,76.90
2025-05-06 06:00:00,51.50,77.57
2025-05-06 07:00:00,54.05,81.82
2025-05-06 08:00:00,52.02,78.35
2025-05-06 09:00:00,58.10,88.50
2025-05-06 10:00:00,65.18,100.30
2025-05-06 11:00:00,66.78,102.95
2025-05-06 12:00:00,72.60,112.70
2025-05-06 13:00:00,NA,NA
2025-05-06 14:00:00,NA,NA
2025-05-06 15:00:00,68.20,105.30
2025-05-06 16:00:00,62.22,95.32
2025-05-06 17:00:00,58.20,88.72
2025-05-06 18:00:00,42.50,62.50
2025-05-06 19:00:00,54.85,83.10
2025-05-06 20:00:00,72.95,113.30
2025-05-06 21:00:00,78.60,122.72
2025-05-06 22:00:00,100.08,158.40
2025-05-06 23:00:00,106.37,168.97
2025-05-07 00:00:00,100.22,158.70
2025-05-07 01:00:00,94.90,149.88
2025-05-07 02:00:00,87.92,138.12
2025-05-07 03:00:00,74.18,115.35
2025-05-07 04:00:00,70.38,109.02
2025-05-07 05:00:00,63.82,98.00
2025-05-07 06:00:00,58.30,88.78
2025-05-07 07:00:00,63.30,97.15
2025-05-07 08:00:00,74.78,116.22
2025-05-07 09:00:00,67.55,104.25
2025-05-07 10:00:00,74.55,115.88
2025-05-07 11:00:00,81.08,126.70
2025-05-07 12:00:00,75.70,117.88
2025-05-07 13:00:00,73.35,113.98
2025-05-07 14:00:00,70.65,109.48
2025-05-07 15:00:00,64.82,99.78
2025-05-07 16:00:00,58.72,89.60
2025-05-07 17:00:00,63.20,96.95
2025-05-07 18:00:00,63.90,98.18
2025-05-07 19:00:00,68.60,105.95
2025-05-07 20:00:00,60.15,91.88
2025-05-07 21:00:00,65.50,100.90
2025-05-07 22:00:00,72.18,111.98
2025-05-07 23:00:00,84.97,133.23
2025-05-08 00:00:00,78.15,121.92
2025-05-08 01:00:00,90.35,142.20
2025-05-08 02:00:00,86.20,135.35
2025-05-08 03:00:00,77.10,120.20
2025-05-08 04:00:00,77.60,121.00
2025-05-08 05:00:00,85.82,134.65
2025-05-08 06:00:00,81.68,127.82
2025-05-08 07:00:00,92.88,146.52
2025-05-08 08:00:00,107.62,171.02
2025-05-08 09:00:00,106.93,169.82
2025-05-08 10:00:00,100.25,158.80
2025-05-08 11:00:00,93.42,147.33
2025-05-08 12:00:00,77.80,121.30
2025-05-08 13:00:00,78.10,121.88
2025-05-08 14:00:00,86.62,136.02
2025-05-08 15:00:00,70.92,109.93
2025-05-08 16:00:00,66.88,103.12
2025-05-08 17:00:00,68.18,105.28
2025-05-08 18:00:00,53.20,80.30
2025-05-08 19:00:00,54.58,82.65
2025-05-08 20:00:00,59.02,90.08
2025-05-08 21:00:00,70.65,109.40
2025-05-08 22:00:00,83.35,130.57
2025-05-08 23:00:00,101.43,160.70
2025-05-09 00:00:00,98.85,156.40
2025-05-09 01:00:00,105.18,167.00
2025-05-09 02:00:00,110.02,175.05
2025-05-09 03:00:00,92.20,145.28
2025-05-09 04:00:00,91.70,144.50
2025-05-09 05:00:00,86.90,136.55
2025-05-09 06:00:00,83.65,131.10
2025-05-09 07:00:00,88.70,139.52
2025-05-09 08:00:00,89.00,140.00
2025-05-09 09:00:00,96.45,152.38
2025-05-09 10:00:00,93.75,147.90
2025-05-09 11:00:00,94.17,148.57
2025-05-09 12:00:00,69.00,106.72
2025-05-09 13:00:00,61.25,93.82
2025-05-09 14:00:00,58.35,88.90
2025-05-09 15:00:00,40.45,59.08
2025-05-09 16:00:00,46.10,68.50
2025-05-09 17:00:00,49.92,74.88
2025-05-09 18:00:00,37.65,54.40
2025-05-09 19:00:00,43.88,64.78
2025-05-09 20:00:00,43.82,64.72
2025-05-09 21:00:00,48.60,72.65
2025-05-09 22:00:00,81.25,127.02
2025-05-09 23:00:00,116.97,186.57
2025-05-10 00:00:00,122.40,195.65
2025-05-10 01:00:00,128.68,206.20
2025-05-10 02:00:00,135.55,217.58
2025-05-10 03:00:00,134.05,215.08
2025-05-10 04:00:00,139.98,225.00
2025-05-10 05:00:00,134.32,215.52
2025-05-10 06:00:00,128.02,205.00
2025-05-10 07:00:00,135.45,217.35
2025-05-10 08:00:00,126.78,202.90
2025-05-10 09:00:00,129.55,207.60
2025-05-10 10:00:00,127.95,204.95
2025-05-10 11:00:00,104.95,166.58
2025-05-10 12:00:00,76.93,119.82
2025-05-10 13:00:00,71.60,111.05
2025-05-10 14:00:00,59.47,90.85
2025-05-10 15:00:00,75.18,116.98
2025-05-10 16:00:00,68.85,106.42
2025-05-10 17:00:00,65.18,100.30
2025-05-10 18:00:00,59.02,90.10
2025-05-10 19:00:00,68.97,106.62
2025-05-10 20:00:00,74.68,116.12
2025-05-10 21:00:00,57.72,87.85
2025-05-10 22:00:00,69.95,108.30
2025-05-10 23:00:00,75.63,117.67
2025-05-11 00:00:00,54.22,82.00
2025-05-11 01:00:00,74.68,116.12
2025-05-11 02:00:00,82.25,128.75
2025-05-11 03:00:00,74.05,115.08
2025-05-11 04:00:00,91.28,143.82
2025-05-11 05:00:00,98.55,155.88
2025-05-11 06:00:00,95.38,150.60
2025-05-11 07:00:00,100.20,158.62
2025-05-11 08:00:00,102.75,162.90
2025-05-11 09:00:00,104.48,165.85
2025-05-11 10:00:00,106.65,169.42
2025-05-11 11:00:00,90.32,142.15
2025-05-11 12:00:00,68.12,105.22
2025-05-11 13:00:00,55.85,84.80
2025-05-11 14:00:00,49.42,74.00
2025-05-11 15:00:00,36.75,52.82
2025-05-11 16:00:00,35.82,51.32
2025-05-11 17:00:00,49.82,74.72
2025-05-11 18:00:00,42.95,63.22
2025-05-11 19:00:00,49.48,74.10
2025-05-11 20:00:00,313.58,514.28
2025-05-11 21:00:00,250.45,409.15
2025-05-11 22:00:00,85.30,133.90
2025-05-11 23:00:00,117.17,186.90
2025-05-12 00:00:00,17.98,21.60
2025-05-12 01:00:00,29.62,41.05
2025-05-12 02:00:00,51.38,77.28
2025-05-12 03:00:00,45.52,67.53
2025-05-12 04:00:00,55.42,84.08
2025-05-12 05:00:00,87.25,137.05
2025-05-12 06:00:00,54.95,83.32
2025-05-12 07:00:00,72.15,111.92
2025-05-12 08:00:00,102.00,161.62
2025-05-12 09:00:00,86.12,135.25
2025-05-12 10:00:00,88.62,139.30
2025-05-12 11:00:00,95.65,151.08
2025-05-12 12:00:00,80.80,126.38
2025-05-12 13:00:00,65.97,101.60
2025-05-12 14:00:00,75.90,118.25
2025-05-12 15:00:00,58.25,88.78
2025-05-12 16:00:00,65.95,101.62
2025-05-12 17:00:00,89.90,141.50
2025-05-12 18:00:00,82.55,129.28
2025-05-12 19:00:00,88.28,138.80
2025-05-12 20:00:00,107.82,171.35
2025-05-12 21:00:00,98.50,155.82
2025-05-12 22:00:00,122.12,195.22
2025-05-12 23:00:00,99.73,157.90
2025-05-13 00:00:00,74.10,115.22
2025-05-13 01:00:00,69.50,107.55
2025-05-13 02:00:00,76.75,119.55
2025-05-13 03:00:00,57.20,87.05
2025-05-13 04:00:00,54.45,82.38
2025-05-13 05:00:00,41.95,61.60
2025-05-13 06:00:00,27.67,37.75
2025-05-13 07:00:00,37.88,54.75
2025-05-13 08:00:00,53.40,80.70
2025-05-13 09:00:00,59.60,91.00
2025-05-13 10:00:00,68.73,106.20
2025-05-13 11:00:00,79.88,124.82
2025-05-13 12:00:00,63.42,97.35
2025-05-13 13:00:00,80.35,125.62
2025-05-13 14:00:00,88.85,139.75
2025-05-13 15:00:00,85.28,133.82
2025-05-13 16:00:00,206.80,336.38
2025-05-13 17:00:00,126.55,202.55
2025-05-13 18:00:00,40.28,58.80
2025-05-13 19:00:00,43.50,64.23
2025-05-13 20:00:00,57.22,87.05
2025-05-13 21:00:00,28.48,39.15
2025-05-13 22:00:00,38.30,55.45
2025-05-13 23:00:00,64.80,99.63
2025-05-14 00:00:00,20.23,25.40
2025-05-14 01:00:00,41.70,61.20
2025-05-14 02:00:00,51.53,77.60
2025-05-14 03:00:00,19.33,23.85
2025-05-14 04:00:00,38.20,55.25
2025-05-14 05:00:00,50.75,76.30
2025-05-14 06:00:00,50.50,75.82
2025-05-14 07:00:00,52.45,79.05
2025-05-14 08:00:00,85.05,133.43
2025-05-14 09:00:00,74.82,116.45
2025-05-14 10:00:00,86.98,136.68
2025-05-14 11:00:00,89.55,140.90
2025-05-14 12:00:00,80.77,126.38
2025-05-14 13:00:00,93.25,147.00
2025-05-14 14:00:00,102.12,161.92
2025-05-14 15:00:00,71.80,111.32
2025-05-14 16:00:00,77.28,120.50
2025-05-14 17:00:00,80.35,125.60
2025-05-14 18:00:00,71.58,110.90
2025-05-14 19:00:00,89.15,140.23
2025-05-14 20:00:00,115.30,183.85
2025-05-14 21:00:00,136.20,218.62
2025-05-14 22:00:00,276.52,452.58
2025-05-14 23:00:00,NA,NA
2025-05-15 00:00:00,NA,NA
2025-05-15 01:00:00,NA,NA
2025-05-15 02:00:00,NA,NA
2025-05-15 03:00:00,NA,NA
2025-05-15 04:00:00,NA,NA
2025-05-15 05:00:00,NA,NA
2025-05-15 06:00:00,NA,NA
2025-05-15 07:00:00,NA,NA
2025-05-15 08:00:00,NA,NA
2025-05-15 09:00:00,985.90,NA
2025-05-15 10:00:00,636.52,NA
2025-05-15 11:00:00,327.68,537.75
2025-05-15 12:00:00,153.62,247.65
2025-05-15 13:00:00,150.98,243.27
2025-05-15 14:00:00,190.42,309.10
2025-05-15 15:00:00,158.55,255.88
2025-05-15 16:00:00,162.70,262.75
2025-05-15 17:00:00,119.50,190.85
2025-05-15 18:00:00,92.52,145.88
2025-05-15 19:00:00,149.57,241.00
2025-05-15 20:00:00,183.08,296.77
2025-05-15 21:00:00,153.10,246.82
2025-05-15 22:00:00,167.30,270.50
2025-05-15 23:00:00,191.47,310.77
2025-05-16 00:00:00,163.75,264.58
2025-05-16 01:00:00,176.52,285.85
2025-05-16 02:00:00,156.98,253.25
2025-05-16 03:00:00,180.90,293.10
2025-05-16 04:00:00,214.62,349.30
2025-05-16 05:00:00,194.32,315.60
2025-05-16 06:00:00,162.25,262.15
2025-05-16 07:00:00,214.45,349.05
2025-05-16 08:00:00,261.58,427.68
2025-05-16 09:00:00,222.30,362.12
2025-05-16 10:00:00,154.87,249.83
2025-05-16 11:00:00,NA,NA
2025-05-16 12:00:00,68.03,140.07
2025-05-16 13:00:00,156.93,253.18
2025-05-16 14:00:00,154.32,248.88
2025-05-16 15:00:00,146.88,236.42
2025-05-16 16:00:00,151.75,244.50
2025-05-16 17:00:00,153.95,248.20
2025-05-16 18:00:00,138.80,223.00
2025-05-16 19:00:00,111.98,178.30
2025-05-16 20:00:00,96.82,153.05
2025-05-16 21:00:00,90.18,141.98
2025-05-16 22:00:00,82.65,129.43
2025-05-16 23:00:00,81.43,127.40
2025-05-17 00:00:00,77.80,121.38
2025-05-17 01:00:00,69.38,107.28
2025-05-17 02:00:00,68.45,105.75
2025-05-17 03:00:00,65.45,100.75
2025-05-17 04:00:00,61.18,93.58
2025-05-17 05:00:00,62.18,95.30
2025-05-17 06:00:00,59.02,90.02
2025-05-17 07:00:00,58.78,89.62
2025-05-17 08:00:00,70.12,108.52
2025-05-17 09:00:00,74.58,115.95
2025-05-17 10:00:00,76.32,118.92
2025-05-17 11:00:00,84.60,132.70
2025-05-17 12:00:00,91.98,144.95
2025-05-17 13:00:00,94.05,148.38
2025-05-17 14:00:00,102.15,162.00
2025-05-17 15:00:00,116.22,185.40
2025-05-17 16:00:00,121.65,194.42
2025-05-17 17:00:00,102.90,163.20
2025-05-17 18:00:00,90.10,141.85
2025-05-17 19:00:00,77.60,120.98
2025-05-17 20:00:00,73.58,114.32
2025-05-17 21:00:00,71.00,110.00
2025-05-17 22:00:00,68.28,105.48
2025-05-17 23:00:00,69.47,107.50
2025-05-18 00:00:00,65.00,100.02
2025-05-18 01:00:00,57.95,88.30
2025-05-18 02:00:00,56.25,85.45
2025-05-18 03:00:00,53.12,80.18
2025-05-18 04:00:00,47.62,71.03
2025-05-18 05:00:00,53.05,80.10
2025-05-18 06:00:00,55.32,83.88
2025-05-18 07:00:00,62.12,95.22
2025-05-18 08:00:00,78.08,121.82
2025-05-18 09:00:00,84.70,132.82
2025-05-18 10:00:00,82.20,128.65
2025-05-18 11:00:00,90.88,143.10
2025-05-18 12:00:00,99.35,157.22
2025-05-18 13:00:00,96.68,152.78
2025-05-18 14:00:00,100.30,158.80
2025-05-18 15:00:00,98.00,154.95
2025-05-18 16:00:00,98.90,156.48
2025-05-18 17:00:00,110.95,176.55
2025-05-18 18:00:00,120.90,193.18
2025-05-18 19:00:00,132.52,212.50
2025-05-18 20:00:00,138.88,223.08
2025-05-18 21:00:00,140.38,225.60
2025-05-18 22:00:00,140.35,225.55
2025-05-18 23:00:00,149.50,238.67
2025-05-19 00:00:00,136.28,218.77
2025-05-19 01:00:00,121.88,194.78
2025-05-19 02:00:00,113.90,181.50
2025-05-19 03:00:00,107.20,170.32
2025-05-19 04:00:00,95.93,151.50
2025-05-19 05:00:00,96.65,152.72
2025-05-19 06:00:00,93.05,146.70
2025-05-19 07:00:00,89.78,141.25
2025-05-19 08:00:00,92.28,145.43
2025-05-19 09:00:00,92.88,146.40
2025-05-19 10:00:00,90.80,142.98
2025-05-19 11:00:00,99.02,156.72
2025-05-19 12:00:00,102.82,163.07
2025-05-19 13:00:00,105.02,166.72
2025-05-19 14:00:00,112.48,179.13
2025-05-19 15:00:00,113.82,181.42
2025-05-19 16:00:00,113.72,181.22
2025-05-19 17:00:00,120.32,192.23
2025-05-19 18:00:00,123.95,198.25
2025-05-19 19:00:00,127.22,203.68
2025-05-19 20:00:00,132.50,212.48
2025-05-19 21:00:00,134.58,216.02
2025-05-19 22:00:00,133.88,214.80
2025-05-19 23:00:00,138.37,222.37
2025-05-20 00:00:00,137.88,221.48
2025-05-20 01:00:00,130.40,209.05
2025-05-20 02:00:00,130.35,208.95
2025-05-20 03:00:00,128.72,206.25
2025-05-20 04:00:00,123.15,196.95
2025-05-20 05:00:00,121.55,194.32
2025-05-20 06:00:00,119.22,190.42
2025-05-20 07:00:00,113.90,181.52
2025-05-20 08:00:00,105.85,168.02
2025-05-20 09:00:00,95.15,150.20
2025-05-20 10:00:00,90.95,143.25
2025-05-20 11:00:00,98.42,155.70
2025-05-20 12:00:00,109.05,173.42
2025-05-20 13:00:00,111.42,177.35
2025-05-20 14:00:00,125.62,201.02
2025-05-20 15:00:00,138.00,221.65
2025-05-20 16:00:00,147.52,237.52
2025-05-20 17:00:00,154.57,249.32
2025-05-20 18:00:00,150.90,243.18
2025-05-20 19:00:00,148.45,239.05
2025-05-20 20:00:00,155.80,251.35
2025-05-20 21:00:00,160.25,258.77
2025-05-20 22:00:00,160.57,259.30
2025-05-20 23:00:00,158.67,256.10
2025-05-21 00:00:00,140.60,226.05
2025-05-21 01:00:00,123.60,197.68
2025-05-21 02:00:00,124.22,198.70
2025-05-21 03:00:00,119.00,190.00
2025-05-21 04:00:00,112.35,178.88
2025-05-21 05:00:00,119.75,191.28
2025-05-21 06:00:00,122.02,195.08
2025-05-21 07:00:00,110.32,175.53
2025-05-21 08:00:00,112.70,179.52
2025-05-21 09:00:00,112.38,178.95
2025-05-21 10:00:00,107.95,171.60
2025-05-21 11:00:00,111.28,177.18
2025-05-21 12:00:00,114.60,182.68
2025-05-21 13:00:00,114.02,181.68
2025-05-21 14:00:00,116.35,185.55
2025-05-21 15:00:00,120.38,192.30
2025-05-21 16:00:00,128.40,205.68
2025-05-21 17:00:00,142.55,229.22
2025-05-21 18:00:00,136.30,218.82
2025-05-21 19:00:00,131.12,210.18
2025-05-21 20:00:00,434.28,440.20
2025-05-21 21:00:00,580.60,754.00
2025-05-21 22:00:00,5.82,NA
2025-05-21 23:00:00,9.87,20.30
2025-05-22 00:00:00,19.60,31.67
2025-05-22 01:00:00,9.40,17.30
2025-05-22 02:00:00,20.60,25.98
2025-05-22 03:00:00,21.68,34.63
2025-05-22 04:00:00,17.02,32.95
2025-05-22 05:00:00,32.03,45.02
2025-05-22 06:00:00,29.02,40.05
2025-05-22 07:00:00,27.30,37.15
2025-05-22 08:00:00,39.88,58.10
2025-05-22 09:00:00,30.00,41.68
2025-05-22 10:00:00,28.55,39.22
2025-05-22 11:00:00,44.92,66.58
2025-05-22 12:00:00,41.58,61.03
2025-05-22 13:00:00,27.22,37.05
2025-05-22 14:00:00,39.65,57.80
2025-05-22 15:00:00,42.98,63.32
2025-05-22 16:00:00,27.65,37.78
2025-05-22 17:00:00,37.38,53.95
2025-05-22 18:00:00,37.62,54.42
2025-05-22 19:00:00,26.88,36.47
2025-05-22 20:00:00,37.92,54.90
2025-05-22 21:00:00,42.18,62.00
2025-05-22 22:00:00,38.62,56.02
2025-05-22 23:00:00,46.50,69.10
2025-05-23 00:00:00,42.45,62.42
2025-05-23 01:00:00,35.80,51.32
2025-05-23 02:00:00,40.93,59.82
2025-05-23 03:00:00,32.83,46.37
2025-05-23 04:00:00,30.70,42.88
2025-05-23 05:00:00,39.58,57.63
2025-05-23 06:00:00,41.18,60.22
2025-05-23 07:00:00,38.48,55.80
2025-05-23 08:00:00,41.40,60.72
2025-05-23 09:00:00,36.52,52.52
2025-05-23 10:00:00,32.58,45.88
2025-05-23 11:00:00,41.05,60.05
2025-05-23 12:00:00,47.12,70.25
2025-05-23 13:00:00,46.48,69.18
2025-05-23 14:00:00,45.70,67.85
2025-05-23 15:00:00,44.75,66.23
2025-05-23 16:00:00,31.78,44.62
2025-05-23 17:00:00,24.42,32.40
2025-05-23 18:00:00,19.55,24.22
2025-05-23 19:00:00,16.45,19.05
2025-05-23 20:00:00,13.53,14.23
2025-05-23 21:00:00,19.50,24.15
2025-05-23 22:00:00,20.88,26.42
2025-05-23 23:00:00,16.60,19.27
2025-05-24 00:00:00,15.70,17.90
2025-05-24 01:00:00,18.70,22.85
2025-05-24 02:00:00,15.38,17.27
2025-05-24 03:00:00,16.25,18.67
2025-05-24 04:00:00,20.17,25.25
2025-05-24 05:00:00,15.90,18.20
2025-05-24 06:00:00,16.15,18.52
2025-05-24 07:00:00,18.85,23.05
2025-05-24 08:00:00,16.42,19.03
2025-05-24 09:00:00,18.05,21.78
2025-05-24 10:00:00,20.58,25.98
2025-05-24 11:00:00,16.08,18.53
2025-05-24 12:00:00,22.55,29.20
2025-05-24 13:00:00,67.92,104.88
2025-05-24 14:00:00,124.43,199.10
2025-05-24 15:00:00,111.25,177.12
2025-05-24 16:00:00,107.80,171.35
2025-05-24 17:00:00,106.10,168.52
2025-05-24 18:00:00,99.18,157.02
2025-05-24 19:00:00,98.58,155.98
2025-05-24 20:00:00,102.43,162.30
2025-05-24 21:00:00,103.18,163.55
2025-05-24 22:00:00,105.38,167.22
2025-05-24 23:00:00,101.77,161.23
2025-05-25 00:00:00,87.15,136.95
2025-05-25 01:00:00,186.52,302.52
2025-05-25 02:00:00,212.87,346.42
2025-05-25 03:00:00,40.75,59.55
2025-05-25 04:00:00,34.72,49.50
2025-05-25 05:00:00,38.40,55.62
2025-05-25 06:00:00,24.30,32.12
2025-05-25 07:00:00,29.15,40.25
2025-05-25 08:00:00,37.28,53.80
2025-05-25 09:00:00,32.45,45.72
2025-05-25 10:00:00,34.95,49.92
2025-05-25 11:00:00,45.02,66.68
2025-05-25 12:00:00,39.35,57.25
2025-05-25 13:00:00,40.92,59.82
2025-05-25 14:00:00,47.98,71.60
2025-05-25 15:00:00,43.90,64.85
2025-05-25 16:00:00,41.42,60.70
2025-05-25 17:00:00,40.02,58.35
2025-05-25 18:00:00,41.30,60.45
2025-05-25 19:00:00,58.50,89.10
2025-05-25 20:00:00,65.60,100.98
2025-05-25 21:00:00,62.53,95.88
2025-05-25 22:00:00,74.12,115.22
2025-05-25 23:00:00,87.73,137.90
2025-05-26 00:00:00,81.03,126.75
2025-05-26 01:00:00,88.38,138.93
2025-05-26 02:00:00,85.90,134.82
2025-05-26 03:00:00,66.70,102.78
2025-05-26 04:00:00,66.85,103.05
2025-05-26 05:00:00,72.80,112.98
2025-05-26 06:00:00,70.00,108.32
2025-05-26 07:00:00,79.60,124.38
2025-05-26 08:00:00,89.02,140.02
2025-05-26 09:00:00,82.72,129.48
2025-05-26 10:00:00,NA,NA
2025-05-26 11:00:00,NA,NA
2025-05-26 12:00:00,38.90,56.58
2025-05-26 13:00:00,37.40,54.08
2025-05-26 14:00:00,32.52,45.85
2025-05-26 15:00:00,41.38,60.60
2025-05-26 16:00:00,39.08,56.77
2025-05-26 17:00:00,33.32,47.15
2025-05-26 18:00:00,40.18,58.60
2025-05-26 19:00:00,38.02,55.02
2025-05-26 20:00:00,40.75,59.65
2025-05-26 21:00:00,54.60,82.70
2025-05-26 22:00:00,54.62,82.65
2025-05-26 23:00:00,66.30,102.10
2025-05-27 00:00:00,69.70,107.88
2025-05-27 01:00:00,68.40,105.68
2025-05-27 02:00:00,63.08,96.75
2025-05-27 03:00:00,54.68,82.78
2025-05-27 04:00:00,49.30,73.88
2025-05-27 05:00:00,41.50,60.88
2025-05-27 06:00:00,35.60,50.92
2025-05-27 07:00:00,39.50,57.42
2025-05-27 08:00:00,44.20,65.30
2025-05-27 09:00:00,45.08,66.77
2025-05-27 10:00:00,42.77,62.98
2025-05-27 11:00:00,35.70,51.10
2025-05-27 12:00:00,36.00,51.70
2025-05-27 13:00:00,37.80,54.70
2025-05-27 14:00:00,39.60,57.62
2025-05-27 15:00:00,44.10,65.20
2025-05-27 16:00:00,42.80,63.00
2025-05-27 17:00:00,42.10,61.80
2025-05-27 18:00:00,45.55,67.58
2025-05-27 19:00:00,63.75,97.88
2025-05-27 20:00:00,77.05,120.08
2025-05-27 21:00:00,94.30,148.90
2025-05-27 22:00:00,95.98,151.57
2025-05-27 23:00:00,89.30,140.40
2025-05-28 00:00:00,91.68,144.45
2025-05-28 01:00:00,81.27,127.15
2025-05-28 02:00:00,70.80,109.68
2025-05-28 03:00:00,66.88,103.07
2025-05-28 04:00:00,60.60,92.70
2025-05-28 05:00:00,61.20,93.70
2025-05-28 06:00:00,61.10,93.40
2025-05-28 07:00:00,60.50,92.48
2025-05-28 08:00:00,57.50,87.50
2025-05-28 09:00:00,55.70,84.48
2025-05-28 10:00:00,54.27,82.07
2025-05-28 11:00:00,NA,NA
2025-05-28 12:00:00,NA,NA
2025-05-28 13:00:00,NA,NA
2025-05-28 14:00:00,NA,NA
2025-05-28 15:00:00,NA,NA
2025-05-28 16:00:00,50.20,75.40
2025-05-28 17:00:00,63.60,97.70
2025-05-28 18:00:00,65.73,101.22
2025-05-28 19:00:00,71.73,111.25
2025-05-28 20:00:00,79.75,124.58
2025-05-28 21:00:00,98.40,155.70
2025-05-28 22:00:00,101.00,160.00
2025-05-28 23:00:00,101.80,161.40
2025-05-29 00:00:00,115.62,184.35
2025-05-29 01:00:00,86.62,136.02
2025-05-29 02:00:00,89.80,141.30
2025-05-29 03:00:00,89.78,141.28
2025-05-29 04:00:00,87.05,136.83
2025-05-29 05:00:00,70.27,108.78
2025-05-29 06:00:00,64.88,99.85
2025-05-29 07:00:00,54.02,81.73
2025-05-29 08:00:00,55.73,84.55
2025-05-29 09:00:00,66.90,103.10
2025-05-29 10:00:00,67.10,103.45
2025-05-29 11:00:00,73.55,114.28
2025-05-29 12:00:00,88.65,139.48
2025-05-29 13:00:00,104.10,165.12
2025-05-29 14:00:00,105.72,167.95
2025-05-29 15:00:00,113.50,180.82
2025-05-29 16:00:00,118.25,188.77
2025-05-29 17:00:00,131.50,210.90
2025-05-29 18:00:00,131.60,210.95
2025-05-29 19:00:00,99.20,157.00
2025-05-29 20:00:00,99.40,157.30
2025-05-29 21:00:00,97.17,153.57
2025-05-29 22:00:00,90.88,143.07
2025-05-29 23:00:00,82.60,129.40
2025-05-30 00:00:00,84.10,131.88
2025-05-30 01:00:00,81.20,127.02
2025-05-30 02:00:00,87.52,137.52
2025-05-30 03:00:00,92.50,145.90
2025-05-30 04:00:00,90.10,141.80
2025-05-30 05:00:00,90.40,142.33
2025-05-30 06:00:00,92.28,145.52
2025-05-30 07:00:00,78.23,122.05
2025-05-30 08:00:00,90.90,143.15
2025-05-30 09:00:00,120.30,192.20
2025-05-30 10:00:00,123.50,197.52
2025-05-30 11:00:00,128.82,206.37
2025-05-30 12:00:00,166.70,269.60
2025-05-30 13:00:00,165.85,268.10
2025-05-30 14:00:00,140.60,225.95
2025-05-30 15:00:00,108.85,173.10
2025-05-30 16:00:00,87.38,137.33
2025-05-30 17:00:00,73.32,113.90
2025-05-30 18:00:00,75.50,117.50
2025-05-30 19:00:00,75.65,117.75
2025-05-30 20:00:00,86.55,135.90
2025-05-30 21:00:00,108.40,172.40
2025-05-30 22:00:00,106.12,168.55
2025-05-30 23:00:00,119.80,191.30
2025-05-31 00:00:00,124.50,199.20
2025-05-31 01:00:00,120.88,193.08
2025-05-31 02:00:00,118.10,188.50
2025-05-31 03:00:00,115.90,184.80
2025-05-31 04:00:00,118.38,188.98
2025-05-31 05:00:00,112.40,178.90
2025-05-31 06:00:00,113.48,180.85
2025-05-31 07:00:00,106.93,169.88
2025-05-31 08:00:00,120.22,192.02
2025-05-31 09:00:00,126.30,202.10
2025-05-31 10:00:00,124.82,199.72
2025-05-31 11:00:00,129.43,207.42
2025-05-31 12:00:00,135.78,217.88
2025-05-31 13:00:00,129.10,206.80
2025-05-31 14:00:00,131.10,210.20
2025-05-31 15:00:00,130.98,209.88
2025-05-31 16:00:00,125.38,200.60
2025-05-31 17:00:00,301.80,494.65
2025-05-31 18:00:00,118.60,189.30
2025-05-31 19:00:00,52.02,78.40
2025-05-31 20:00:00,136.02,218.32
2025-05-31 21:00:00,142.67,229.48
2025-05-31 22:00:00,138.40,222.30
2025-05-31 23:00:00,139.30,223.80
2025-06-01 00:00:00,110.35,175.62
2025-06-01 01:00:00,92.75,146.28
2025-06-01 02:00:00,67.40,104.00
2025-06-01 03:00:00,69.47,107.48
2025-06-01 04:00:00,59.77,91.35
2025-06-01 05:00:00,50.65,76.08
2025-06-01 06:00:00,64.40,99.00
2025-06-01 07:00:00,62.78,96.22
2025-06-01 08:00:00,89.32,140.52
2025-06-01 09:00:00,96.68,152.78
2025-06-01 10:00:00,92.15,145.27
2025-06-01 11:00:00,107.85,171.40
2025-06-01 12:00:00,129.40,207.30
2025-06-01 13:00:00,128.98,206.70
2025-06-01 14:00:00,150.98,243.32
2025-06-01 15:00:00,176.12,285.22
2025-06-01 16:00:00,181.58,294.32
2025-06-01 17:00:00,207.65,337.75
2025-06-01 18:00:00,44.15,65.20
2025-06-01 19:00:00,21.30,27.10
2025-06-01 20:00:00,60.92,93.22
2025-06-01 21:00:00,68.72,106.18
2025-06-01 22:00:00,39.50,57.45
2025-06-01 23:00:00,47.50,70.80
2025-06-02 00:00:00,33.80,47.98
2025-06-02 01:00:00,29.63,41.05
2025-06-02 02:00:00,43.65,64.35
2025-06-02 03:00:00,31.13,43.52
2025-06-02 04:00:00,38.65,56.08
2025-06-02 05:00:00,56.10,85.10
2025-06-02 06:00:00,58.05,88.50
2025-06-02 07:00:00,36.68,52.80
2025-06-02 08:00:00,59.75,91.28
2025-06-02 09:00:00,73.42,114.00
2025-06-02 10:00:00,48.90,73.18
2025-06-02 11:00:00,84.52,132.62
2025-06-02 12:00:00,91.30,143.90
2025-06-02 13:00:00,89.15,140.27
2025-06-02 14:00:00,106.28,168.85
2025-06-02 15:00:00,98.80,156.30
2025-06-02 16:00:00,98.17,155.25
2025-06-02 17:00:00,128.62,206.00
2025-06-02 18:00:00,108.28,172.12
2025-06-02 19:00:00,92.98,146.65
2025-06-02 20:00:00,78.30,122.18
2025-06-02 21:00:00,74.27,115.48
2025-06-02 22:00:00,65.62,100.95
2025-06-02 23:00:00,76.10,118.60
2025-06-03 00:00:00,82.68,129.45
2025-06-03 01:00:00,74.20,115.30
2025-06-03 02:00:00,75.20,116.93
2025-06-03 03:00:00,77.68,121.05
2025-06-03 04:00:00,65.73,101.17
2025-06-03 05:00:00,82.93,129.88
2025-06-03 06:00:00,99.22,157.05
2025-06-03 07:00:00,66.50,102.48
2025-06-03 08:00:00,60.25,92.15
2025-06-03 09:00:00,72.27,112.15
2025-06-03 10:00:00,64.32,98.93
2025-06-03 11:00:00,72.10,111.82
2025-06-03 12:00:00,74.77,116.28
2025-06-03 13:00:00,70.15,108.65
2025-06-03 14:00:00,80.82,126.40
2025-06-03 15:00:00,84.05,131.70
2025-06-03 16:00:00,63.48,97.48
2025-06-03 17:00:00,60.20,92.07
2025-06-03 18:00:00,56.10,85.20
2025-06-03 19:00:00,57.42,87.35
2025-06-03 20:00:00,63.82,98.05
2025-06-03 21:00:00,72.82,113.02
2025-06-03 22:00:00,80.95,126.58
2025-06-03 23:00:00,205.40,334.00
2025-06-04 00:00:00,283.52,464.20
2025-06-04 01:00:00,216.40,352.32
2025-06-04 02:00:00,176.72,286.18
2025-06-04 03:00:00,188.10,305.20
2025-06-04 04:00:00,148.83,239.68
2025-06-04 05:00:00,161.62,261.10
2025-06-04 06:00:00,97.95,154.90
2025-06-04 07:00:00,80.62,126.08
2025-06-04 08:00:00,121.78,194.62
2025-06-04 09:00:00,152.18,245.23
2025-06-04 10:00:00,114.60,182.60
2025-06-04 11:00:00,114.55,182.52
2025-06-04 12:00:00,139.60,224.40
2025-06-04 13:00:00,100.30,158.88
2025-06-04 14:00:00,95.10,150.20
2025-06-04 15:00:00,95.45,150.80
2025-06-04 16:00:00,73.50,114.18
2025-06-04 17:00:00,71.60,111.07
2025-06-04 18:00:00,66.03,101.67
2025-06-04 19:00:00,78.60,122.73
2025-06-04 20:00:00,100.75,159.57
2025-06-04 21:00:00,116.03,185.10
2025-06-04 22:00:00,97.72,154.62
2025-06-04 23:00:00,105.00,166.70
2025-06-05 00:00:00,99.35,157.30
2025-06-05 01:00:00,79.70,124.50
2025-06-05 02:00:00,80.95,126.52
2025-06-05 03:00:00,66.80,103.07
2025-06-05 04:00:00,62.23,95.38
2025-06-05 05:00:00,76.12,118.45
2025-06-05 06:00:00,85.57,134.35
2025-06-05 07:00:00,74.03,115.05
2025-06-05 08:00:00,82.57,129.25
2025-06-05 09:00:00,72.85,113.12
2025-06-05 10:00:00,53.80,81.40
2025-06-05 11:00:00,NA,NA
2025-06-05 12:00:00,NA,NA
2025-06-05 13:00:00,128.90,165.17
2025-06-05 14:00:00,125.98,161.28
2025-06-05 15:00:00,115.52,147.40
2025-06-05 16:00:00,117.22,149.62
2025-06-05 17:00:00,95.50,120.62
2025-06-05 18:00:00,99.10,125.50
2025-06-05 19:00:00,104.50,132.63
2025-06-05 20:00:00,107.70,136.90
2025-06-05 21:00:00,106.70,135.60
2025-06-05 22:00:00,104.68,132.98
2025-06-05 23:00:00,97.10,122.80
2025-06-06 00:00:00,95.07,120.07
2025-06-06 01:00:00,90.38,113.85
2025-06-06 02:00:00,82.27,103.07
2025-06-06 03:00:00,74.07,92.07
2025-06-06 04:00:00,68.97,85.28
2025-06-06 05:00:00,60.90,74.57
2025-06-06 06:00:00,58.32,71.05
2025-06-06 07:00:00,69.20,85.60
2025-06-06 08:00:00,67.90,83.90
2025-06-06 09:00:00,70.12,86.82
2025-06-06 10:00:00,81.40,101.88
2025-06-06 11:00:00,79.12,98.85
2025-06-06 12:00:00,86.72,108.95
2025-06-06 13:00:00,101.48,128.60
2025-06-06 14:00:00,94.93,119.90
2025-06-06 15:00:00,98.80,125.02
2025-06-06 16:00:00,105.38,133.78
2025-06-06 17:00:00,97.60,123.48
2025-06-06 18:00:00,93.45,117.95
2025-06-06 19:00:00,112.82,143.83
2025-06-06 20:00:00,120.32,153.80
2025-06-06 21:00:00,124.12,158.83
2025-06-06 22:00:00,133.48,171.28
2025-06-06 23:00:00,130.00,166.70
2025-06-07 00:00:00,122.60,156.83
2025-06-07 01:00:00,128.90,165.28
2025-06-07 02:00:00,123.50,157.98
2025-06-07 03:00:00,120.62,154.20
2025-06-07 04:00:00,123.10,157.48
2025-06-07 05:00:00,121.48,155.30
2025-06-07 06:00:00,118.80,151.72
2025-06-07 07:00:00,102.50,158.65
2025-06-07 08:00:00,76.40,151.90
2025-06-07 09:00:00,79.70,158.93
2025-06-07 10:00:00,82.78,165.52
2025-06-07 11:00:00,71.90,142.40
2025-06-07 12:00:00,71.38,141.17
2025-06-07 13:00:00,69.50,137.20
2025-06-07 14:00:00,68.82,135.83
2025-06-07 15:00:00,71.12,140.72
2025-06-07 16:00:00,74.50,147.88
2025-06-07 17:00:00,72.50,143.52
2025-06-07 18:00:00,74.30,147.43
2025-06-07 19:00:00,80.32,160.33
2025-06-07 20:00:00,83.12,166.15
2025-06-07 21:00:00,89.93,180.65
2025-06-07 22:00:00,95.70,193.00
2025-06-07 23:00:00,94.70,190.90
2025-06-08 00:00:00,96.10,193.82
2025-06-08 01:00:00,98.68,199.32
2025-06-08 02:00:00,84.07,168.20
2025-06-08 03:00:00,81.88,163.50
2025-06-08 04:00:00,80.80,161.35
2025-06-08 05:00:00,74.00,146.78
2025-06-08 06:00:00,70.93,140.25
2025-06-08 07:00:00,77.80,154.80
2025-06-08 08:00:00,78.82,157.02
2025-06-08 09:00:00,82.50,164.90
2025-06-08 10:00:00,85.80,171.88
2025-06-08 11:00:00,82.30,164.48
2025-06-08 12:00:00,79.07,157.55
2025-06-08 13:00:00,74.80,148.50
2025-06-08 14:00:00,76.30,151.62
2025-06-08 15:00:00,78.93,157.33
2025-06-08 16:00:00,80.90,161.40
2025-06-08 17:00:00,81.20,162.12
2025-06-08 18:00:00,85.72,171.82
2025-06-08 19:00:00,104.22,211.22
2025-06-08 20:00:00,111.70,227.02
2025-06-08 21:00:00,115.10,234.22
2025-06-08 22:00:00,120.60,246.02
2025-06-08 23:00:00,121.70,248.30
2025-06-09 00:00:00,125.32,255.98
2025-06-09 01:00:00,131.20,268.58
2025-06-09 02:00:00,126.10,257.70
2025-06-09 03:00:00,127.45,260.53
2025-06-09 04:00:00,113.05,229.90
2025-06-09 05:00:00,97.10,195.98
2025-06-09 06:00:00,93.93,189.15
2025-06-09 07:00:00,103.57,209.65
2025-06-09 08:00:00,96.75,195.30
2025-06-09 09:00:00,115.22,234.60
2025-06-09 10:00:00,117.20,238.78
2025-06-09 11:00:00,114.57,233.05
2025-06-09 12:00:00,107.93,219.02
2025-06-09 13:00:00,110.15,223.65
2025-06-09 14:00:00,98.50,198.82
2025-06-09 15:00:00,100.43,202.98
2025-06-09 16:00:00,111.43,226.42
2025-06-09 17:00:00,114.90,233.80
2025-06-09 18:00:00,113.00,229.78
2025-06-09 19:00:00,109.20,221.70
2025-06-09 20:00:00,107.88,218.92
2025-06-09 21:00:00,128.38,262.45
2025-06-09 22:00:00,153.85,316.75
2025-06-09 23:00:00,159.70,329.10
2025-06-10 00:00:00,155.40,320.00
2025-06-10 01:00:00,155.45,320.12
2025-06-10 02:00:00,140.75,288.82
2025-06-10 03:00:00,128.67,263.08
2025-06-10 04:00:00,122.95,250.92
2025-06-10 05:00:00,107.38,217.75
2025-06-10 06:00:00,97.40,196.52
2025-06-10 07:00:00,100.62,203.35
2025-06-10 08:00:00,109.45,222.30
2025-06-10 09:00:00,126.78,259.12
2025-06-10 10:00:00,146.35,300.80
2025-06-10 11:00:00,128.48,262.73
2025-06-10 12:00:00,114.55,233.10
2025-06-10 13:00:00,98.78,199.58
2025-06-10 14:00:00,94.07,189.58
2025-06-10 15:00:00,88.50,177.60
2025-06-10 16:00:00,88.57,177.85
2025-06-10 17:00:00,81.20,162.10
2025-06-10 18:00:00,82.18,164.20
2025-06-10 19:00:00,114.15,232.27
2025-06-10 20:00:00,130.07,266.12
2025-06-10 21:00:00,152.48,313.80
2025-06-10 22:00:00,186.00,385.17
2025-06-10 23:00:00,146.30,300.70
2025-06-11 00:00:00,123.57,252.32
2025-06-11 01:00:00,113.68,231.30
2025-06-11 02:00:00,96.85,195.40
2025-06-11 03:00:00,78.32,155.95
2025-06-11 04:00:00,84.02,168.05
2025-06-11 05:00:00,58.90,114.62
2025-06-11 06:00:00,62.02,121.35
2025-06-11 07:00:00,72.10,142.80
2025-06-11 08:00:00,73.93,146.57
2025-06-11 09:00:00,85.55,171.38
2025-06-11 10:00:00,99.70,201.52
2025-06-11 11:00:00,104.57,211.88
2025-06-11 12:00:00,102.60,207.78
2025-06-11 13:00:00,100.72,203.70
2025-06-11 14:00:00,102.10,206.50
2025-06-11 15:00:00,100.62,203.45
2025-06-11 16:00:00,104.48,211.62
2025-06-11 17:00:00,98.70,199.30
2025-06-11 18:00:00,97.38,196.48
2025-06-11 19:00:00,112.02,227.72
2025-06-11 20:00:00,118.43,241.45
2025-06-11 21:00:00,126.40,258.40
2025-06-11 22:00:00,127.60,260.80
2025-06-11 23:00:00,110.60,224.70
2025-06-12 00:00:00,102.07,206.52
2025-06-12 01:00:00,90.85,182.62
2025-06-12 02:00:00,78.97,157.45
2025-06-12 03:00:00,70.90,140.30
2025-06-12 04:00:00,70.20,138.78
2025-06-12 05:00:00,66.50,130.80
2025-06-12 06:00:00,65.00,127.70
2025-06-12 07:00:00,64.43,126.43
2025-06-12 08:00:00,67.73,133.52
2025-06-12 09:00:00,73.90,146.62
2025-06-12 10:00:00,77.32,153.93
2025-06-12 11:00:00,81.62,163.12
2025-06-12 12:00:00,87.32,175.25
2025-06-12 13:00:00,97.48,196.82
2025-06-12 14:00:00,85.48,171.20
2025-06-12 15:00:00,83.60,167.28
2025-06-12 16:00:00,81.30,162.40
2025-06-12 17:00:00,79.80,159.22
2025-06-12 18:00:00,80.75,161.17
2025-06-12 19:00:00,93.60,188.52
2025-06-12 20:00:00,98.10,198.10
2025-06-12 21:00:00,100.32,202.90
2025-06-12 22:00:00,102.18,206.73
2025-06-12 23:00:00,97.00,195.70
2025-06-13 00:00:00,98.20,198.20
2025-06-13 01:00:00,98.15,198.20
2025-06-13 02:00:00,81.68,163.15
2025-06-13 03:00:00,76.20,151.48
2025-06-13 04:00:00,71.60,141.67
2025-06-13 05:00:00,66.40,130.62
2025-06-13 06:00:00,70.40,139.20
2025-06-13 07:00:00,70.80,140.00
2025-06-13 08:00:00,69.70,137.60
2025-06-13 09:00:00,71.40,141.30
2025-06-13 10:00:00,70.50,139.30
2025-06-13 11:00:00,69.60,137.50
2025-06-13 12:00:00,72.53,143.72
2025-06-13 13:00:00,78.45,156.32
2025-06-13 14:00:00,203.30,421.98
2025-06-13 15:00:00,134.38,275.33
2025-06-13 16:00:00,85.62,171.55
2025-06-13 17:00:00,62.18,121.68
2025-06-13 18:00:00,56.20,109.00
2025-06-13 19:00:00,54.95,106.22
2025-06-13 20:00:00,42.38,79.53
2025-06-13 21:00:00,52.92,102.02
2025-06-13 22:00:00,55.27,106.88
2025-06-13 23:00:00,51.40,98.80
2025-06-14 00:00:00,66.57,131.00
2025-06-14 01:00:00,52.40,100.88
2025-06-14 02:00:00,48.23,91.98
2025-06-14 03:00:00,62.98,123.33
2025-06-14 04:00:00,51.63,99.23
2025-06-14 05:00:00,54.73,105.88
2025-06-14 06:00:00,64.68,127.02
2025-06-14 07:00:00,57.42,111.60
2025-06-14 08:00:00,59.10,115.07
2025-06-14 09:00:00,58.80,114.48
2025-06-14 10:00:00,54.98,106.28
2025-06-14 11:00:00,51.75,99.48
2025-06-14 12:00:00,64.88,127.38
2025-06-14 13:00:00,63.42,124.25
2025-06-14 14:00:00,67.77,133.57
2025-06-14 15:00:00,65.77,129.28
2025-06-14 16:00:00,62.30,121.90
2025-06-14 17:00:00,65.00,127.62
2025-06-14 18:00:00,69.70,137.62
2025-06-14 19:00:00,70.23,138.75
2025-06-14 20:00:00,79.70,158.85
2025-06-14 21:00:00,84.78,169.78
2025-06-14 22:00:00,78.60,156.70
2025-06-14 23:00:00,79.30,158.00
2025-06-15 00:00:00,77.10,153.48
2025-06-15 01:00:00,70.60,139.57
2025-06-15 02:00:00,66.68,131.17
2025-06-15 03:00:00,60.95,119.02
2025-06-15 04:00:00,48.08,91.72
2025-06-15 05:00:00,33.82,61.35
2025-06-15 06:00:00,21.70,35.60
2025-06-15 07:00:00,21.30,34.80
2025-06-15 08:00:00,22.22,36.75
2025-06-15 09:00:00,32.88,59.25
2025-06-15 10:00:00,26.52,45.85
2025-06-15 11:00:00,34.92,63.75
2025-06-15 12:00:00,43.73,82.43
2025-06-15 13:00:00,50.52,96.78
2025-06-15 14:00:00,62.92,123.28
2025-06-15 15:00:00,75.32,149.65
2025-06-15 16:00:00,62.92,123.32
2025-06-15 17:00:00,47.98,91.40
2025-06-15 18:00:00,44.20,83.30
2025-06-15 19:00:00,44.08,83.07
2025-06-15 20:00:00,39.52,73.43
2025-06-15 21:00:00,46.00,87.30
2025-06-15 22:00:00,46.55,88.40
2025-06-15 23:00:00,54.70,105.80
2025-06-16 00:00:00,58.90,114.72
2025-06-16 01:00:00,61.10,119.30
2025-06-16 02:00:00,60.50,118.10
2025-06-16 03:00:00,60.88,118.92
2025-06-16 04:00:00,48.20,91.90
2025-06-16 05:00:00,48.10,91.68
2025-06-16 06:00:00,46.40,88.20
2025-06-16 07:00:00,45.40,85.98
2025-06-16 08:00:00,43.70,82.40
2025-06-16 09:00:00,45.30,85.73
2025-06-16 10:00:00,NA,NA
2025-06-16 11:00:00,55.00,106.40
2025-06-16 12:00:00,51.78,99.55
2025-06-16 13:00:00,45.25,85.62
2025-06-16 14:00:00,36.47,66.92
2025-06-16 15:00:00,30.90,55.10
2025-06-16 16:00:00,33.48,60.62
2025-06-16 17:00:00,33.20,59.95
2025-06-16 18:00:00,29.95,53.05
2025-06-16 19:00:00,32.12,57.68
2025-06-16 20:00:00,31.78,57.03
2025-06-16 21:00:00,30.98,55.30
2025-06-16 22:00:00,37.67,69.60
2025-06-16 23:00:00,41.93,78.60
2025-06-17 00:00:00,39.40,73.20
2025-06-17 01:00:00,36.70,67.42
2025-06-17 02:00:00,30.88,55.00
2025-06-17 03:00:00,25.25,43.00
2025-06-17 04:00:00,25.40,43.38
2025-06-17 05:00:00,25.35,43.28
2025-06-17 06:00:00,21.98,36.07
2025-06-17 07:00:00,21.75,35.58
2025-06-17 08:00:00,20.98,33.98
2025-06-17 09:00:00,24.42,41.32
2025-06-17 10:00:00,31.05,55.42
2025-06-17 11:00:00,30.90,55.10
2025-06-17 12:00:00,36.08,66.18
2025-06-17 13:00:00,44.03,83.02
2025-06-17 14:00:00,46.90,89.20
2025-06-17 15:00:00,43.22,81.45
2025-06-17 16:00:00,33.38,60.38
2025-06-17 17:00:00,24.88,42.30
2025-06-17 18:00:00,18.75,29.22
2025-06-17 19:00:00,15.55,22.40
2025-06-17 20:00:00,13.52,18.12
2025-06-17 21:00:00,11.03,12.88
2025-06-17 22:00:00,10.20,11.15
2025-06-17 23:00:00,8.10,NA
2025-06-18 00:00:00,7.70,NA
2025-06-18 01:00:00,7.30,NA
2025-06-18 02:00:00,11.27,13.37
2025-06-18 03:00:00,14.62,20.42
2025-06-18 04:00:00,16.95,25.40
2025-06-18 05:00:00,15.50,22.28
2025-06-18 06:00:00,14.25,19.65
2025-06-18 07:00:00,15.20,21.70
2025-06-18 08:00:00,16.75,25.00
2025-06-18 09:00:00,17.75,27.10
2025-06-18 10:00:00,23.42,39.10
2025-06-18 11:00:00,29.45,51.98
2025-06-18 12:00:00,30.70,54.70
2025-06-18 13:00:00,30.75,54.85
2025-06-18 14:00:00,30.05,53.35
2025-06-18 15:00:00,30.55,54.38
2025-06-18 16:00:00,34.10,61.92
2025-06-18 17:00:00,37.20,68.53
2025-06-18 18:00:00,36.70,67.42
2025-06-18 19:00:00,37.45,69.03
2025-06-18 20:00:00,38.02,70.28
2025-06-18 21:00:00,34.88,63.58
2025-06-18 22:00:00,33.85,61.40
2025-06-18 23:00:00,34.07,61.83
2025-06-19 00:00:00,30.78,54.78
2025-06-19 01:00:00,31.90,57.18
2025-06-19 02:00:00,35.20,64.25
2025-06-19 03:00:00,38.12,70.48
2025-06-19 04:00:00,41.75,78.22
2025-06-19 05:00:00,41.55,77.82
2025-06-19 06:00:00,35.87,65.67
2025-06-19 07:00:00,34.15,61.95
2025-06-19 08:00:00,35.15,64.15
2025-06-19 09:00:00,36.15,66.30
2025-06-19 10:00:00,35.45,64.75
2025-06-19 11:00:00,33.00,59.55
2025-06-19 12:00:00,34.02,51.78
2025-06-19 13:00:00,32.65,48.40
2025-06-19 14:00:00,30.90,44.97
2025-06-19 15:00:00,25.88,35.38
2025-06-19 16:00:00,22.35,28.52
2025-06-19 17:00:00,27.32,38.10
2025-06-19 18:00:00,33.00,49.00
2025-06-19 19:00:00,30.93,45.08
2025-06-19 20:00:00,29.65,42.65
2025-06-19 21:00:00,33.42,49.88
2025-06-19 22:00:00,40.02,62.53
2025-06-19 23:00:00,44.57,71.30
2025-06-20 00:00:00,44.45,71.03
2025-06-20 01:00:00,40.28,63.05
2025-06-20 02:00:00,34.12,51.20
2025-06-20 03:00:00,26.08,35.70
2025-06-20 04:00:00,24.40,32.52
2025-06-20 05:00:00,23.35,30.42
2025-06-20 06:00:00,18.77,21.62
2025-06-20 07:00:00,19.10,22.28
2025-06-20 08:00:00,21.70,27.25
2025-06-20 09:00:00,22.70,29.15
2025-06-20 10:00:00,24.45,32.58
2025-06-20 11:00:00,27.80,39.05
2025-06-20 12:00:00,36.57,55.97
2025-06-20 13:00:00,39.85,62.30
2025-06-20 14:00:00,34.58,52.10
2025-06-20 15:00:00,30.60,44.48
2025-06-20 16:00:00,34.03,51.02
2025-06-20 17:00:00,33.80,50.62
2025-06-20 18:00:00,34.52,52.03
2025-06-20 19:00:00,34.98,52.88
2025-06-20 20:00:00,32.00,47.15
2025-06-20 21:00:00,31.40,46.00
2025-06-20 22:00:00,33.50,50.08
2025-06-20 23:00:00,33.87,50.70
2025-06-21 00:00:00,31.92,46.97
2025-06-21 01:00:00,33.90,50.80
2025-06-21 02:00:00,31.90,46.97
2025-06-21 03:00:00,33.47,50.03
2025-06-21 04:00:00,35.80,54.47
2025-06-21 05:00:00,32.60,48.28
2025-06-21 06:00:00,28.90,41.12
2025-06-21 07:00:00,28.60,40.57
2025-06-21 08:00:00,28.98,41.32
2025-06-21 09:00:00,28.78,40.98
2025-06-21 10:00:00,33.58,50.22
2025-06-21 11:00:00,34.25,51.45
2025-06-21 12:00:00,30.55,44.35
2025-06-21 13:00:00,28.95,41.28
2025-06-21 14:00:00,28.98,41.30
2025-06-21 15:00:00,28.55,40.42
2025-06-21 16:00:00,30.92,45.05
2025-06-21 17:00:00,29.92,43.15
2025-06-21 18:00:00,27.70,38.88
2025-06-21 19:00:00,30.00,43.35
2025-06-21 20:00:00,29.95,43.25
2025-06-21 21:00:00,31.13,45.42
2025-06-21 22:00:00,31.55,46.25
2025-06-21 23:00:00,30.23,43.67
2025-06-22 00:00:00,27.88,39.17
2025-06-22 01:00:00,28.60,40.55
2025-06-22 02:00:00,29.55,42.40
2025-06-22 03:00:00,29.45,42.25
2025-06-22 04:00:00,30.25,43.80
2025-06-22 05:00:00,30.85,44.95
2025-06-22 06:00:00,32.60,48.27
2025-06-22 07:00:00,31.82,46.73
2025-06-22 08:00:00,30.60,44.42
2025-06-22 09:00:00,28.58,40.60
2025-06-22 10:00:00,25.55,34.75
2025-06-22 11:00:00,23.65,31.00
2025-06-22 12:00:00,22.55,28.90
2025-06-22 13:00:00,25.70,34.97
2025-06-22 14:00:00,28.65,40.62
2025-06-22 15:00:00,33.10,49.22
2025-06-22 16:00:00,39.18,60.90
2025-06-22 17:00:00,43.45,69.15
2025-06-22 18:00:00,46.88,75.72
2025-06-22 19:00:00,48.90,79.65
2025-06-22 20:00:00,48.25,78.40
2025-06-22 21:00:00,47.05,76.03
2025-06-22 22:00:00,45.03,72.22
2025-06-22 23:00:00,43.87,70.03
2025-06-23 00:00:00,42.00,66.38
2025-06-23 01:00:00,40.00,62.50
2025-06-23 02:00:00,36.42,55.68
2025-06-23 03:00:00,31.20,45.53
2025-06-23 04:00:00,30.70,44.58
2025-06-23 05:00:00,32.25,47.55
2025-06-23 06:00:00,32.40,47.85
2025-06-23 07:00:00,36.08,54.90
2025-06-23 08:00:00,41.50,65.32
2025-06-23 09:00:00,43.75,69.70
2025-06-23 10:00:00,43.75,69.70
2025-06-23 11:00:00,42.95,68.15
2025-06-23 12:00:00,41.05,64.47
2025-06-23 13:00:00,41.95,66.28
2025-06-23 14:00:00,45.25,72.60
2025-06-23 15:00:00,50.88,83.35
2025-06-23 16:00:00,56.10,93.45
2025-06-23 17:00:00,51.62,84.90
2025-06-23 18:00:00,49.00,79.88
2025-06-23 19:00:00,49.80,81.38
2025-06-23 20:00:00,44.50,71.12
2025-06-23 21:00:00,39.72,61.97
2025-06-23 22:00:00,37.85,58.35
2025-06-23 23:00:00,35.30,53.43
2025-06-24 00:00:00,30.72,44.70
2025-06-24 01:00:00,36.70,56.18
2025-06-24 02:00:00,41.65,65.62
2025-06-24 03:00:00,38.12,58.88
2025-06-24 04:00:00,35.65,54.10
2025-06-24 05:00:00,34.40,51.75
2025-06-24 06:00:00,34.98,52.85
2025-06-24 07:00:00,33.85,50.73
2025-06-24 08:00:00,30.70,44.68
2025-06-24 09:00:00,32.42,47.95
2025-06-24 10:00:00,35.00,52.90
2025-06-24 11:00:00,35.40,53.65
2025-06-24 12:00:00,34.22,51.38
2025-06-24 13:00:00,34.88,52.58
2025-06-24 14:00:00,37.25,57.20
2025-06-24 15:00:00,42.08,66.55
2025-06-24 16:00:00,49.42,80.55
2025-06-24 17:00:00,51.80,85.15
2025-06-24 18:00:00,54.62,90.62
2025-06-24 19:00:00,59.62,100.22
2025-06-24 20:00:00,60.25,101.45
2025-06-24 21:00:00,53.47,88.45
2025-06-24 22:00:00,50.68,83.02
2025-06-24 23:00:00,54.50,90.40
2025-06-25 00:00:00,51.68,84.98
2025-06-25 01:00:00,44.45,71.12
2025-06-25 02:00:00,43.85,69.95
2025-06-25 03:00:00,40.78,63.97
2025-06-25 04:00:00,36.02,54.80
2025-06-25 05:00:00,33.42,49.80
2025-06-25 06:00:00,30.92,45.02
2025-06-25 07:00:00,31.75,46.68
2025-06-25 08:00:00,34.15,51.25
2025-06-25 09:00:00,37.48,57.65
2025-06-25 10:00:00,41.10,64.60
2025-06-25 11:00:00,44.45,71.03
2025-06-25 12:00:00,46.50,74.95
2025-06-25 13:00:00,49.02,79.85
2025-06-25 14:00:00,48.95,79.68
2025-06-25 15:00:00,49.10,80.03
2025-06-25 16:00:00,53.10,87.75
2025-06-25 17:00:00,49.78,81.30
2025-06-25 18:00:00,47.10,76.12
2025-06-25 19:00:00,47.68,77.22
2025-06-25 20:00:00,46.02,74.12
2025-06-25 21:00:00,48.82,79.45
2025-06-25 22:00:00,54.10,89.52
2025-06-25 23:00:00,53.77,88.93
2025-06-26 00:00:00,46.62,75.28
2025-06-26 01:00:00,42.65,67.60
2025-06-26 02:00:00,39.98,62.42
2025-06-26 03:00:00,37.55,57.75
2025-06-26 04:00:00,35.20,53.18
2025-06-26 05:00:00,32.78,48.55
2025-06-26 06:00:00,32.60,48.25
2025-06-26 07:00:00,33.98,50.88
2025-06-26 08:00:00,35.40,53.65
2025-06-26 09:00:00,35.20,53.25
2025-06-26 10:00:00,34.60,48.67
2025-06-26 11:00:00,31.28,41.70
2025-06-26 12:00:00,27.90,36.40
2025-06-26 13:00:00,34.95,47.55
2025-06-26 14:00:00,40.95,57.05
2025-06-26 15:00:00,51.18,73.22
2025-06-26 16:00:00,80.60,120.00
2025-06-26 17:00:00,78.62,116.88
2025-06-26 18:00:00,66.85,98.20
2025-06-26 19:00:00,65.95,96.78
2025-06-26 20:00:00,69.95,103.10
2025-06-26 21:00:00,70.00,103.12
2025-06-26 22:00:00,70.95,104.60
2025-06-26 23:00:00,73.27,108.37
2025-06-27 00:00:00,72.02,106.35
2025-06-27 01:00:00,66.20,97.18
2025-06-27 02:00:00,67.85,99.70
2025-06-27 03:00:00,NA,NA
2025-06-27 04:00:00,NA,NA
2025-06-27 05:00:00,NA,NA
2025-06-27 06:00:00,NA,NA
2025-06-27 07:00:00,NA,NA
2025-06-27 08:00:00,NA,NA
2025-06-27 09:00:00,NA,NA
2025-06-27 10:00:00,60.98,88.78
2025-06-27 11:00:00,44.92,85.12
2025-06-27 12:00:00,29.70,89.75
2025-06-27 13:00:00,NA,NA
2025-06-27 14:00:00,NA,NA
2025-06-27 15:00:00,NA,NA
2025-06-27 16:00:00,12.85,73.18
2025-06-27 17:00:00,24.32,59.68
2025-06-27 18:00:00,29.92,56.55
2025-06-27 19:00:00,30.13,56.20
2025-06-27 20:00:00,31.75,56.68
2025-06-27 21:00:00,28.50,63.42
2025-06-27 22:00:00,34.48,68.40
2025-06-27 23:00:00,39.33,67.03
2025-06-28 00:00:00,36.32,60.58
2025-06-28 01:00:00,44.42,55.27
2025-06-28 02:00:00,49.45,54.20
2025-06-28 03:00:00,46.40,46.50
2025-06-28 04:00:00,42.52,44.15
2025-06-28 05:00:00,34.62,36.33
2025-06-28 06:00:00,31.85,33.57
2025-06-28 07:00:00,33.15,41.30
2025-06-28 08:00:00,33.35,49.08
2025-06-28 09:00:00,35.38,58.40
2025-06-28 10:00:00,35.55,65.72
2025-06-28 11:00:00,31.57,65.18
2025-06-28 12:00:00,30.28,59.25
2025-06-28 13:00:00,28.98,70.92
2025-06-28 14:00:00,25.80,85.48
2025-06-28 15:00:00,24.65,68.62
2025-06-28 16:00:00,24.05,46.95
2025-06-28 17:00:00,27.02,40.88
2025-06-28 18:00:00,29.85,39.85
2025-06-28 19:00:00,29.30,37.50
2025-06-28 20:00:00,34.40,35.35
2025-06-28 21:00:00,33.30,45.68
2025-06-28 22:00:00,30.90,58.38
2025-06-28 23:00:00,29.87,55.80
2025-06-29 00:00:00,29.10,53.98
2025-06-29 01:00:00,27.20,48.52
2025-06-29 02:00:00,27.62,43.15
2025-06-29 03:00:00,30.62,40.83
2025-06-29 04:00:00,34.30,37.03
2025-06-29 05:00:00,34.20,38.60
2025-06-29 06:00:00,30.20,43.75
2025-06-29 07:00:00,29.60,53.62
2025-06-29 08:00:00,29.10,64.80
2025-06-29 09:00:00,32.22,68.50
2025-06-29 10:00:00,48.55,67.20
2025-06-29 11:00:00,59.60,81.07
2025-06-29 12:00:00,20.40,91.45
2025-06-29 13:00:00,26.88,94.15
2025-06-29 14:00:00,30.67,92.98
2025-06-29 15:00:00,34.10,91.90
2025-06-29 16:00:00,50.28,86.78
2025-06-29 17:00:00,44.62,80.90
2025-06-29 18:00:00,36.60,75.12
2025-06-29 19:00:00,32.82,70.10
2025-06-29 20:00:00,33.35,61.70
2025-06-29 21:00:00,39.10,49.35
2025-06-29 22:00:00,NA,NA
2025-06-29 23:00:00,43.80,45.67
2025-06-30 00:00:00,34.00,45.88
2025-06-30 01:00:00,29.08,47.15
2025-06-30 02:00:00,26.82,40.75
2025-06-30 03:00:00,27.83,32.88
2025-06-30 04:00:00,26.98,28.95
2025-06-30 05:00:00,27.95,28.70
2025-06-30 06:00:00,NA,NA
2025-06-30 07:00:00,NA,NA
2025-06-30 08:00:00,NA,NA
2025-06-30 09:00:00,NA,NA
2025-06-30 10:00:00,15.43,23.53
2025-06-30 11:00:00,14.18,30.90
2025-06-30 12:00:00,11.85,37.12
2025-06-30 13:00:00,9.15,43.62
2025-06-30 14:00:00,12.00,56.15
2025-06-30 15:00:00,14.28,61.12
2025-06-30 16:00:00,14.40,59.62
2025-06-30 17:00:00,14.40,53.62
2025-06-30 18:00:00,14.40,47.52
2025-06-30 19:00:00,29.93,47.52
2025-06-30 20:00:00,28.50,42.53
2025-06-30 21:00:00,27.60,41.18
2025-06-30 22:00:00,27.70,41.35
2025-06-30 23:00:00,30.50,45.57
2025-07-01 00:00:00,38.42,57.35
2025-07-01 01:00:00,39.03,58.28
2025-07-01 02:00:00,40.12,59.85
2025-07-01 03:00:00,39.25,58.58
2025-07-01 04:00:00,40.55,60.58
2025-07-01 05:00:00,40.33,60.22
2025-07-01 06:00:00,34.78,51.95
2025-07-01 07:00:00,27.02,40.35
2025-07-01 08:00:00,24.55,36.67
2025-07-01 09:00:00,23.20,34.65
2025-07-01 10:00:00,22.10,33.00
2025-07-01 11:00:00,24.72,36.98
2025-07-01 12:00:00,27.28,40.70
2025-07-01 13:00:00,34.45,51.40
2025-07-01 14:00:00,43.20,64.42
2025-07-01 15:00:00,44.62,66.57
2025-07-01 16:00:00,42.38,63.22
2025-07-01 17:00:00,44.50,66.35
2025-07-01 18:00:00,50.50,75.35
2025-07-01 19:00:00,55.15,82.35
2025-07-01 20:00:00,53.85,80.42
2025-07-01 21:00:00,50.05,74.70
2025-07-01 22:00:00,51.08,76.25
2025-07-01 23:00:00,55.23,82.53
2025-07-02 00:00:00,59.30,88.52
2025-07-02 01:00:00,53.92,80.53
2025-07-02 02:00:00,50.88,75.95
2025-07-02 03:00:00,47.97,71.58
2025-07-02 04:00:00,45.58,68.03
2025-07-02 05:00:00,45.58,68.05
2025-07-02 06:00:00,44.62,66.60
2025-07-02 07:00:00,45.22,67.45
2025-07-02 08:00:00,44.38,66.18
2025-07-02 09:00:00,42.18,62.92
2025-07-02 10:00:00,38.03,56.78
2025-07-02 11:00:00,35.38,52.80
2025-07-02 12:00:00,35.08,52.30
2025-07-02 13:00:00,33.60,50.15
2025-07-02 14:00:00,35.88,53.55
2025-07-02 15:00:00,35.28,52.68
2025-07-02 16:00:00,32.30,48.22
2025-07-02 17:00:00,35.40,52.85
2025-07-02 18:00:00,35.38,52.80
2025-07-02 19:00:00,31.62,47.22
2025-07-02 20:00:00,33.65,50.25
2025-07-02 21:00:00,38.33,57.20
2025-07-02 22:00:00,38.78,57.90
2025-07-02 23:00:00,40.47,60.37
2025-07-03 00:00:00,44.90,67.00
2025-07-03 01:00:00,43.62,65.12
2025-07-03 02:00:00,45.03,67.18
2025-07-03 03:00:00,45.10,67.27
2025-07-03 04:00:00,42.20,62.98
2025-07-03 05:00:00,39.35,58.72
2025-07-03 06:00:00,36.28,54.08
2025-07-03 07:00:00,37.18,55.55
2025-07-03 08:00:00,41.88,62.52
2025-07-03 09:00:00,42.45,63.32
2025-07-03 10:00:00,43.42,64.75
2025-07-03 11:00:00,43.10,64.32
2025-07-03 12:00:00,36.98,55.20
2025-07-03 13:00:00,33.92,50.62
2025-07-03 14:00:00,38.00,56.70
2025-07-03 15:00:00,40.08,59.78
2025-07-03 16:00:00,39.55,58.98
2025-07-03 17:00:00,37.30,55.68
2025-07-03 18:00:00,31.85,47.55
2025-07-03 19:00:00,31.25,46.62
2025-07-03 20:00:00,35.08,52.30
2025-07-03 21:00:00,40.70,60.75
2025-07-03 22:00:00,44.70,66.70
2025-07-03 23:00:00,48.70,72.60
2025-07-04 00:00:00,56.58,84.48
2025-07-04 01:00:00,53.40,79.72
2025-07-04 02:00:00,54.05,80.73
2025-07-04 03:00:00,52.55,78.45
2025-07-04 04:00:00,48.48,72.32
2025-07-04 05:00:00,45.30,67.58
2025-07-04 06:00:00,38.28,57.12
2025-07-04 07:00:00,34.08,50.82
2025-07-04 08:00:00,36.88,55.10
2025-07-04 09:00:00,41.62,62.15
2025-07-04 10:00:00,41.20,61.45
2025-07-04 11:00:00,43.12,64.38
2025-07-04 12:00:00,46.50,69.45
2025-07-04 13:00:00,42.72,63.82
2025-07-04 14:00:00,39.00,58.25
2025-07-04 15:00:00,35.95,53.70
2025-07-04 16:00:00,32.57,48.53
2025-07-04 17:00:00,34.10,50.85
2025-07-04 18:00:00,34.58,51.60
2025-07-04 19:00:00,34.62,51.65
2025-07-04 20:00:00,36.20,54.00
2025-07-04 21:00:00,36.00,53.70
2025-07-04 22:00:00,39.92,59.52
2025-07-04 23:00:00,45.47,67.80
2025-07-05 00:00:00,51.20,76.43
2025-07-05 01:00:00,55.47,82.85
2025-07-05 02:00:00,58.32,87.10
2025-07-05 03:00:00,54.08,80.75
2025-07-05 04:00:00,41.18,61.48
2025-07-05 05:00:00,37.00,55.28
2025-07-05 06:00:00,36.67,54.75
2025-07-05 07:00:00,34.67,51.75
2025-07-05 08:00:00,40.78,60.80
2025-07-05 09:00:00,50.05,74.65
2025-07-05 10:00:00,51.52,76.80
2025-07-05 11:00:00,49.82,74.32
2025-07-05 12:00:00,54.10,80.78
2025-07-05 13:00:00,54.10,80.72
2025-07-05 14:00:00,54.50,81.32
2025-07-05 15:00:00,55.65,83.12
2025-07-05 16:00:00,51.00,76.15
2025-07-05 17:00:00,54.65,81.55
2025-07-05 18:00:00,52.85,78.80
2025-07-05 19:00:00,46.50,69.42
2025-07-05 20:00:00,51.97,77.62
2025-07-05 21:00:00,53.28,79.53
2025-07-05 22:00:00,50.40,75.18
2025-07-05 23:00:00,49.47,73.77
2025-07-06 00:00:00,42.35,63.28
2025-07-06 01:00:00,34.08,50.85
2025-07-06 02:00:00,28.17,42.00
2025-07-06 03:00:00,29.35,43.82
2025-07-06 04:00:00,30.50,45.55
2025-07-06 05:00:00,27.05,40.38
2025-07-06 06:00:00,26.82,40.00
2025-07-06 07:00:00,24.38,36.35
2025-07-06 08:00:00,23.50,35.15
2025-07-06 09:00:00,26.05,38.90
2025-07-06 10:00:00,24.65,36.80
2025-07-06 11:00:00,30.58,45.58
2025-07-06 12:00:00,34.15,50.92
2025-07-06 13:00:00,26.88,39.70
2025-07-06 14:00:00,32.80,46.90
2025-07-06 15:00:00,43.12,61.60
2025-07-06 16:00:00,40.60,58.00
2025-07-06 17:00:00,36.95,52.75
2025-07-06 18:00:00,37.55,53.70
2025-07-06 19:00:00,36.42,52.08
2025-07-06 20:00:00,37.50,53.62
2025-07-06 21:00:00,44.65,63.82
2025-07-06 22:00:00,57.12,81.58
2025-07-06 23:00:00,69.80,99.63
2025-07-07 00:00:00,71.08,101.50
2025-07-07 01:00:00,48.28,68.92
2025-07-07 02:00:00,28.83,38.17
2025-07-07 03:00:00,19.42,27.70
2025-07-07 04:00:00,15.22,21.72
2025-07-07 05:00:00,13.12,18.70
2025-07-07 06:00:00,11.80,16.85
2025-07-07 07:00:00,11.18,16.00
2025-07-07 08:00:00,10.58,15.15
2025-07-07 09:00:00,10.40,14.95
2025-07-07 10:00:00,12.00,17.20
2025-07-07 11:00:00,NA,NA
2025-07-07 12:00:00,NA,NA
2025-07-07 13:00:00,18.35,26.18
2025-07-07 14:00:00,18.65,26.62
2025-07-07 15:00:00,15.48,22.05
2025-07-07 16:00:00,11.78,16.27
2025-07-07 17:00:00,13.92,17.85
2025-07-07 18:00:00,21.10,27.00
2025-07-07 19:00:00,30.42,39.00
2025-07-07 20:00:00,34.32,44.08
2025-07-07 21:00:00,49.37,63.30
2025-07-07 22:00:00,49.25,63.18
2025-07-07 23:00:00,39.60,50.80
2025-07-08 00:00:00,47.00,60.25
2025-07-08 01:00:00,37.70,48.32
2025-07-08 02:00:00,36.20,46.38
2025-07-08 03:00:00,41.97,53.78
2025-07-08 04:00:00,39.00,50.00
2025-07-08 05:00:00,45.48,58.35
2025-07-08 06:00:00,47.85,61.38
2025-07-08 07:00:00,44.68,57.30
2025-07-08 08:00:00,63.90,81.82
2025-07-08 09:00:00,72.20,92.60
2025-07-08 10:00:00,71.20,91.28
2025-07-08 11:00:00,60.92,78.10
2025-07-08 12:00:00,62.55,80.15
2025-07-08 13:00:00,54.65,69.98
2025-07-08 14:00:00,50.60,64.95
2025-07-08 15:00:00,44.77,57.43
2025-07-08 16:00:00,39.58,50.77
2025-07-08 17:00:00,43.35,55.53
2025-07-08 18:00:00,41.38,53.05
2025-07-08 19:00:00,37.40,47.97
2025-07-08 20:00:00,52.25,67.07
2025-07-08 21:00:00,68.12,87.33
2025-07-08 22:00:00,67.10,86.00
2025-07-08 23:00:00,63.90,81.90
2025-07-09 00:00:00,76.03,97.48
2025-07-09 01:00:00,46.68,59.78
2025-07-09 02:00:00,26.32,33.65
2025-07-09 03:00:00,16.40,21.00
2025-07-09 04:00:00,9.65,12.38
2025-07-09 05:00:00,5.90,NA
2025-07-09 06:00:00,NA,NA
2025-07-09 07:00:00,8.80,11.30
2025-07-09 08:00:00,18.30,23.45
2025-07-09 09:00:00,25.70,32.90
2025-07-09 10:00:00,29.62,37.95
2025-07-09 11:00:00,36.33,46.52
2025-07-09 12:00:00,27.80,35.60
2025-07-09 13:00:00,21.80,28.00
2025-07-09 14:00:00,28.20,36.12
2025-07-09 15:00:00,28.10,36.02
2025-07-09 16:00:00,25.10,32.15
2025-07-09 17:00:00,27.08,34.70
2025-07-09 18:00:00,36.50,46.78
2025-07-09 19:00:00,41.28,53.00
2025-07-09 20:00:00,27.72,35.55
2025-07-09 21:00:00,27.35,35.05
2025-07-09 22:00:00,20.00,25.65
2025-07-09 23:00:00,14.80,18.90
2025-07-10 00:00:00,10.50,13.42
2025-07-10 01:00:00,7.30,9.45
2025-07-10 02:00:00,5.25,NA
2025-07-10 03:00:00,NA,NA
2025-07-10 04:00:00,NA,NA
2025-07-10 05:00:00,NA,NA
2025-07-10 06:00:00,NA,NA
2025-07-10 07:00:00,NA,NA
2025-07-10 08:00:00,NA,NA
2025-07-10 09:00:00,8.67,11.08
2025-07-10 10:00:00,8.38,10.68
2025-07-10 11:00:00,8.20,10.50
2025-07-10 12:00:00,8.12,10.42
2025-07-10 13:00:00,8.20,10.60
2025-07-10 14:00:00,8.35,10.75
2025-07-10 15:00:00,9.70,12.48
2025-07-10 16:00:00,9.52,12.22
2025-07-10 17:00:00,10.32,13.20
2025-07-10 18:00:00,16.55,21.22
2025-07-10 19:00:00,15.62,20.05
2025-07-10 20:00:00,20.92,26.83
2025-07-10 21:00:00,21.33,27.38
2025-07-10 22:00:00,23.50,30.18
2025-07-10 23:00:00,22.50,28.90
2025-07-11 00:00:00,27.72,35.57
2025-07-11 01:00:00,25.65,32.85
2025-07-11 02:00:00,22.52,28.83
2025-07-11 03:00:00,26.52,33.97
2025-07-11 04:00:00,23.82,30.57
2025-07-11 05:00:00,25.75,32.97
2025-07-11 06:00:00,30.70,39.40
2025-07-11 07:00:00,34.32,44.00
2025-07-11 08:00:00,38.62,49.55
2025-07-11 09:00:00,39.78,50.95
2025-07-11 10:00:00,38.35,49.18
2025-07-11 11:00:00,36.43,46.72
2025-07-11 12:00:00,43.55,55.80
2025-07-11 13:00:00,40.62,52.10
2025-07-11 14:00:00,36.05,46.30
2025-07-11 15:00:00,29.92,38.32
2025-07-11 16:00:00,26.08,33.40
2025-07-11 17:00:00,25.80,33.02
2025-07-11 18:00:00,23.80,30.55
2025-07-11 19:00:00,25.75,33.03
2025-07-11 20:00:00,27.10,34.75
2025-07-11 21:00:00,45.38,58.13
2025-07-11 22:00:00,33.10,42.38
2025-07-11 23:00:00,36.10,46.30
2025-07-12 00:00:00,37.12,47.65
2025-07-12 01:00:00,31.08,39.85
2025-07-12 02:00:00,31.08,39.85
2025-07-12 03:00:00,35.15,45.03
2025-07-12 04:00:00,37.78,48.45
2025-07-12 05:00:00,37.58,48.12
2025-07-12 06:00:00,38.38,49.15
2025-07-12 07:00:00,37.18,47.70
2025-07-12 08:00:00,38.78,49.70
2025-07-12 09:00:00,46.80,60.00
2025-07-12 10:00:00,47.82,61.25
2025-07-12 11:00:00,48.55,62.20
2025-07-12 12:00:00,43.98,56.30
2025-07-12 13:00:00,53.28,68.25
2025-07-12 14:00:00,46.90,60.12
2025-07-12 15:00:00,47.28,60.52
2025-07-12 16:00:00,48.75,62.50
2025-07-12 17:00:00,47.97,61.52
2025-07-12 18:00:00,64.55,82.70
2025-07-12 19:00:00,58.52,75.00
2025-07-12 20:00:00,54.10,69.35
2025-07-12 21:00:00,48.55,62.25
2025-07-12 22:00:00,45.35,58.15
2025-07-12 23:00:00,49.10,62.90
2025-07-13 00:00:00,37.55,48.10
2025-07-13 01:00:00,38.95,49.92
2025-07-13 02:00:00,37.75,48.30
2025-07-13 03:00:00,38.92,49.90
2025-07-13 04:00:00,34.92,44.78
2025-07-13 05:00:00,44.68,57.28
2025-07-13 06:00:00,51.10,65.55
2025-07-13 07:00:00,67.15,86.12
2025-07-13 08:00:00,58.22,74.60
2025-07-13 09:00:00,55.32,70.92
2025-07-13 10:00:00,41.75,53.53
2025-07-13 11:00:00,37.85,48.50
2025-07-13 12:00:00,43.42,55.78
2025-07-13 13:00:00,32.88,42.15
2025-07-13 14:00:00,28.10,36.02
2025-07-13 15:00:00,35.03,44.97
2025-07-13 16:00:00,45.40,58.32
2025-07-13 17:00:00,55.48,71.10
2025-07-13 18:00:00,48.98,62.78
2025-07-13 19:00:00,41.75,53.55
2025-07-13 20:00:00,44.35,56.88
2025-07-13 21:00:00,33.00,42.32
2025-07-13 22:00:00,25.40,32.58
2025-07-13 23:00:00,20.30,26.10
2025-07-14 00:00:00,21.40,27.45
2025-07-14 01:00:00,19.98,25.62
2025-07-14 02:00:00,19.05,24.45
2025-07-14 03:00:00,24.60,31.48
2025-07-14 04:00:00,20.08,25.70
2025-07-14 05:00:00,16.92,21.68
2025-07-14 06:00:00,18.45,23.62
2025-07-14 07:00:00,21.62,27.78
2025-07-14 08:00:00,27.72,35.55
2025-07-14 09:00:00,25.92,33.28
2025-07-14 10:00:00,27.78,35.55
2025-07-14 11:00:00,22.62,29.05
2025-07-14 12:00:00,23.88,30.60
2025-07-14 13:00:00,24.63,31.55
2025-07-14 14:00:00,25.48,32.62
2025-07-14 15:00:00,31.35,40.28
2025-07-14 16:00:00,32.52,41.72
2025-07-14 17:00:00,29.88,38.25
2025-07-14 18:00:00,32.15,41.15
2025-07-14 19:00:00,24.75,31.70
2025-07-14 20:00:00,20.20,25.88
2025-07-14 21:00:00,22.85,29.33
2025-07-14 22:00:00,18.95,24.28
2025-07-14 23:00:00,16.30,21.00
2025-07-15 00:00:00,13.90,17.85
2025-07-15 01:00:00,12.68,16.22
2025-07-15 02:00:00,11.30,14.52
2025-07-15 03:00:00,12.23,15.68
2025-07-15 04:00:00,10.40,13.38
2025-07-15 05:00:00,9.23,11.90
2025-07-15 06:00:00,9.30,11.95
2025-07-15 07:00:00,17.47,22.42
2025-07-15 08:00:00,15.35,19.68
2025-07-15 09:00:00,16.03,20.52
2025-07-15 10:00:00,15.32,19.62
2025-07-15 11:00:00,15.65,20.05
2025-07-15 12:00:00,26.07,33.47
2025-07-15 13:00:00,22.62,28.98
2025-07-15 14:00:00,21.18,27.15
2025-07-15 15:00:00,25.20,32.28
2025-07-15 16:00:00,28.50,36.48
2025-07-15 17:00:00,30.18,38.78
2025-07-15 18:00:00,26.52,34.02
2025-07-15 19:00:00,23.22,29.72
2025-07-15 20:00:00,19.52,25.05
2025-07-15 21:00:00,21.28,27.30
2025-07-15 22:00:00,26.25,33.65
2025-07-15 23:00:00,26.60,34.10
2025-07-16 00:00:00,30.90,39.58
2025-07-16 01:00:00,26.55,34.05
2025-07-16 02:00:00,32.88,42.10
2025-07-16 03:00:00,26.30,33.75
2025-07-16 04:00:00,24.70,31.65
2025-07-16 05:00:00,20.52,26.38
2025-07-16 06:00:00,30.43,39.03
2025-07-16 07:00:00,33.28,42.70
2025-07-16 08:00:00,27.80,35.67
2025-07-16 09:00:00,38.25,49.08
2025-07-16 10:00:00,40.22,51.55
2025-07-16 11:00:00,45.72,58.60
2025-07-16 12:00:00,47.98,61.55
2025-07-16 13:00:00,47.03,60.28
2025-07-16 14:00:00,40.38,51.75
2025-07-16 15:00:00,46.85,60.05
2025-07-16 16:00:00,50.62,64.92
2025-07-16 17:00:00,44.60,57.15
2025-07-16 18:00:00,53.75,68.85
2025-07-16 19:00:00,52.42,67.20
2025-07-16 20:00:00,44.68,57.22
2025-07-16 21:00:00,81.32,102.78
2025-07-16 22:00:00,424.60,544.38
2025-07-16 23:00:00,6.20,8.00
2025-07-17 00:00:00,10.75,13.80
2025-07-17 01:00:00,56.58,72.52
2025-07-17 02:00:00,52.32,67.05
2025-07-17 03:00:00,73.05,93.78
2025-07-17 04:00:00,48.88,62.65
2025-07-17 05:00:00,15.85,20.23
2025-07-17 06:00:00,24.68,31.52
2025-07-17 07:00:00,12.63,16.17
2025-07-17 08:00:00,10.97,14.10
2025-07-17 09:00:00,15.10,19.48
2025-07-17 10:00:00,NA,NA
2025-07-17 11:00:00,6.20,8.00
2025-07-17 12:00:00,68.20,87.40
2025-07-17 13:00:00,48.40,62.00
2025-07-17 14:00:00,44.00,56.50
2025-07-17 15:00:00,45.30,58.00
2025-07-17 16:00:00,40.60,52.10
2025-07-17 17:00:00,42.00,53.90
2025-07-17 18:00:00,46.80,60.00
2025-07-17 19:00:00,40.50,51.90
2025-07-17 20:00:00,48.10,61.60
2025-07-17 21:00:00,39.10,50.10
2025-07-17 22:00:00,37.90,48.60
2025-07-17 23:00:00,31.30,40.10
2025-07-18 00:00:00,24.00,30.80
2025-07-18 01:00:00,18.80,24.10
2025-07-18 02:00:00,15.20,19.50
2025-07-18 03:00:00,13.70,17.60
2025-07-18 04:00:00,12.00,15.40
2025-07-18 05:00:00,11.40,14.60
2025-07-18 06:00:00,12.80,16.40
2025-07-18 07:00:00,12.30,15.80
2025-07-18 08:00:00,30.20,38.80
2025-07-18 09:00:00,29.80,38.20
2025-07-18 10:00:00,23.20,29.70
2025-07-18 11:00:00,34.90,44.70
2025-07-18 12:00:00,27.90,35.80
2025-07-18 13:00:00,39.70,50.90
2025-07-18 14:00:00,39.70,50.90
2025-07-18 15:00:00,43.40,55.70
2025-07-18 16:00:00,36.90,47.30
2025-07-18 17:00:00,39.70,50.80
2025-07-18 18:00:00,29.70,38.10
2025-07-18 19:00:00,24.60,31.60
2025-07-18 20:00:00,31.90,40.90
2025-07-18 21:00:00,24.70,31.60
2025-07-18 22:00:00,19.90,25.50
2025-07-18 23:00:00,27.10,34.70
2025-07-19 00:00:00,31.40,40.20
2025-07-19 01:00:00,24.80,31.80
2025-07-19 02:00:00,25.90,33.20
2025-07-19 03:00:00,29.40,37.70
2025-07-19 04:00:00,23.30,29.90
2025-07-19 05:00:00,19.10,24.50
2025-07-19 06:00:00,16.10,20.60
2025-07-19 07:00:00,13.70,17.50
2025-07-19 08:00:00,11.80,15.20
2025-07-19 09:00:00,10.60,13.60
2025-07-19 10:00:00,13.80,17.70
2025-07-19 11:00:00,15.90,20.40
2025-07-19 12:00:00,19.10,24.50
2025-07-19 13:00:00,16.70,21.50
2025-07-19 14:00:00,22.30,28.60
2025-07-19 15:00:00,27.20,34.80
2025-07-19 16:00:00,33.60,43.10
2025-07-19 17:00:00,26.40,33.80
2025-07-19 18:00:00,20.70,26.50
2025-07-19 19:00:00,17.00,21.80
2025-07-19 20:00:00,18.30,23.50
2025-07-19 21:00:00,22.30,28.60
2025-07-19 22:00:00,20.80,26.70
2025-07-19 23:00:00,27.90,35.70
2025-07-20 00:00:00,35.10,44.90
2025-07-20 01:00:00,36.60,46.90
2025-07-20 02:00:00,42.00,53.90
2025-07-20 03:00:00,37.70,48.30
2025-07-20 04:00:00,28.30,36.20
2025-07-20 05:00:00,34.50,44.20
2025-07-20 06:00:00,35.40,45.40
2025-07-20 07:00:00,34.70,44.50
2025-07-20 08:00:00,31.60,40.60
2025-07-20 09:00:00,31.20,40.00
2025-07-20 10:00:00,30.80,39.50
2025-07-20 11:00:00,32.00,41.00
2025-07-20 12:00:00,33.70,43.20
2025-07-20 13:00:00,34.00,43.50
2025-07-20 14:00:00,38.90,49.80
2025-07-20 15:00:00,42.80,54.90
2025-07-20 16:00:00,46.50,59.60
2025-07-20 17:00:00,46.50,59.60
2025-07-20 18:00:00,43.80,56.20
2025-07-20 19:00:00,36.80,47.10
2025-07-20 20:00:00,46.50,59.60
2025-07-20 21:00:00,51.40,65.90
2025-07-20 22:00:00,62.00,79.50
2025-07-20 23:00:00,70.50,90.40
2025-07-21 00:00:00,65.10,83.50
2025-07-21 01:00:00,64.10,82.10
2025-07-21 02:00:00,64.90,83.20
2025-07-21 03:00:00,54.90,70.40
2025-07-21 04:00:00,54.00,69.20
2025-07-21 05:00:00,56.70,72.70
2025-07-21 06:00:00,41.30,52.90
2025-07-21 07:00:00,43.70,56.00
2025-07-21 08:00:00,43.80,56.20
2025-07-21 09:00:00,50.70,65.00
2025-07-21 10:00:00,52.70,67.60
2025-07-21 11:00:00,57.70,74.00
2025-07-21 12:00:00,58.40,74.80
2025-07-21 13:00:00,64.80,83.10
2025-07-21 14:00:00,63.20,81.00
2025-07-21 15:00:00,58.70,75.30
2025-07-21 16:00:00,62.60,80.30
2025-07-21 17:00:00,70.70,90.60
2025-07-21 18:00:00,61.20,78.40
2025-07-21 19:00:00,54.10,69.40
2025-07-21 20:00:00,57.30,73.50
2025-07-21 21:00:00,52.90,67.80
2025-07-21 22:00:00,59.80,76.70
2025-07-21 23:00:00,58.70,75.30
2025-07-22 00:00:00,51.50,66.00
2025-07-22 01:00:00,63.30,81.10
2025-07-22 02:00:00,68.50,87.80
2025-07-22 03:00:00,57.30,73.40
2025-07-22 04:00:00,64.40,82.50
2025-07-22 05:00:00,64.20,82.30
2025-07-22 06:00:00,53.60,68.80
2025-07-22 07:00:00,57.60,73.80
2025-07-22 08:00:00,66.90,85.80
2025-07-22 09:00:00,69.40,88.90
2025-07-22 10:00:00,65.80,84.40
2025-07-22 11:00:00,65.95,84.78
2025-07-22 12:00:00,75.15,96.57
2025-07-22 13:00:00,45.32,58.05
2025-07-22 14:00:00,27.75,35.52
2025-07-22 15:00:00,20.38,26.10
2025-07-22 16:00:00,22.68,29.08
2025-07-22 17:00:00,18.65,23.88
2025-07-22 18:00:00,33.72,43.12
2025-07-22 19:00:00,37.25,47.75
2025-07-22 20:00:00,46.98,60.12
2025-07-22 21:00:00,38.60,49.52
2025-07-22 22:00:00,34.35,43.98
2025-07-22 23:00:00,29.37,37.70
2025-07-23 00:00:00,21.67,27.80
2025-07-23 01:00:00,15.48,19.88
2025-07-23 02:00:00,15.30,19.70
2025-07-23 03:00:00,19.85,25.40
2025-07-23 04:00:00,14.25,18.30
2025-07-23 05:00:00,10.05,12.88
2025-07-23 06:00:00,17.40,22.38
2025-07-23 07:00:00,25.30,32.50
2025-07-23 08:00:00,28.48,36.45
2025-07-23 09:00:00,24.28,31.17
2025-07-23 10:00:00,17.18,22.02
2025-07-23 11:00:00,15.52,19.90
2025-07-23 12:00:00,11.82,15.18
2025-07-23 13:00:00,9.22,11.75
2025-07-23 14:00:00,24.82,31.73
2025-07-23 15:00:00,21.75,27.88
2025-07-23 16:00:00,17.05,21.88
2025-07-23 17:00:00,21.45,27.52
2025-07-23 18:00:00,29.58,37.98
2025-07-23 19:00:00,34.52,44.22
2025-07-23 20:00:00,33.52,43.02
2025-07-23 21:00:00,39.65,50.90
2025-07-23 22:00:00,41.78,53.58
2025-07-23 23:00:00,52.73,67.60
2025-07-24 00:00:00,55.38,70.97
2025-07-24 01:00:00,66.08,84.75
2025-07-24 02:00:00,60.98,78.20
2025-07-24 03:00:00,40.40,51.70
2025-07-24 04:00:00,27.55,35.43
2025-07-24 05:00:00,21.00,26.98
2025-07-24 06:00:00,14.90,19.08
2025-07-24 07:00:00,19.55,25.02
2025-07-24 08:00:00,23.45,30.02
2025-07-24 09:00:00,39.98,51.22
2025-07-24 10:00:00,39.72,50.92
2025-07-24 11:00:00,50.75,65.10
2025-07-24 12:00:00,54.05,69.28
2025-07-24 13:00:00,63.48,81.42
2025-07-24 14:00:00,70.23,90.10
2025-07-24 15:00:00,78.52,100.65
2025-07-24 16:00:00,80.78,103.55
2025-07-24 17:00:00,77.05,98.85
2025-07-24 18:00:00,82.22,105.40
2025-07-24 19:00:00,94.05,120.55
2025-07-24 20:00:00,101.00,129.50
2025-07-24 21:00:00,117.72,150.95
2025-07-24 22:00:00,118.00,151.20
2025-07-24 23:00:00,119.60,153.37
2025-07-25 00:00:00,108.72,139.45
2025-07-25 01:00:00,103.65,132.88
2025-07-25 02:00:00,98.08,125.80
2025-07-25 03:00:00,105.12,134.78
2025-07-25 04:00:00,95.82,122.88
2025-07-25 05:00:00,86.92,111.35
2025-07-25 06:00:00,76.42,98.00
2025-07-25 07:00:00,81.35,104.20
2025-07-25 08:00:00,78.43,100.55
2025-07-25 09:00:00,75.03,96.18
2025-07-25 10:00:00,74.12,95.02
2025-07-25 11:00:00,73.30,94.00
2025-07-25 12:00:00,63.42,81.32
2025-07-25 13:00:00,67.65,86.75
2025-07-25 14:00:00,71.82,92.05
2025-07-25 15:00:00,71.12,91.22
2025-07-25 16:00:00,64.20,82.30
2025-07-25 17:00:00,61.62,78.95
2025-07-25 18:00:00,63.78,81.85
2025-07-25 19:00:00,74.08,94.95
2025-07-25 20:00:00,54.82,70.28
2025-07-25 21:00:00,57.18,73.28
2025-07-25 22:00:00,67.30,86.35
2025-07-25 23:00:00,66.10,84.73
2025-07-26 00:00:00,71.05,91.10
2025-07-26 01:00:00,46.92,60.05
2025-07-26 02:00:00,28.90,37.05
2025-07-26 03:00:00,22.53,28.87
2025-07-26 04:00:00,21.52,27.62
2025-07-26 05:00:00,15.08,19.38
2025-07-26 06:00:00,11.08,14.25
2025-07-26 07:00:00,15.75,20.22
2025-07-26 08:00:00,11.45,14.70
2025-07-26 09:00:00,10.42,13.40
2025-07-26 10:00:00,22.12,28.42
2025-07-26 11:00:00,20.82,26.70
2025-07-26 12:00:00,30.60,39.12
2025-07-26 13:00:00,27.52,35.35
2025-07-26 14:00:00,28.48,36.50
2025-07-26 15:00:00,23.45,30.08
2025-07-26 16:00:00,19.55,25.15
2025-07-26 17:00:00,26.72,34.30
2025-07-26 18:00:00,29.98,38.42
2025-07-26 19:00:00,37.30,47.88
2025-07-26 20:00:00,46.48,59.65
2025-07-26 21:00:00,56.38,72.35
2025-07-26 22:00:00,54.12,69.43
2025-07-26 23:00:00,53.10,68.10
2025-07-27 00:00:00,48.68,62.40
2025-07-27 01:00:00,40.60,52.10
2025-07-27 02:00:00,49.28,63.28
2025-07-27 03:00:00,42.98,55.02
2025-07-27 04:00:00,44.48,57.08
2025-07-27 05:00:00,38.88,49.90
2025-07-27 06:00:00,36.12,46.35
2025-07-27 07:00:00,32.52,41.68
2025-07-27 08:00:00,26.15,33.52
2025-07-27 09:00:00,23.15,29.65
2025-07-27 10:00:00,27.15,34.75
2025-07-27 11:00:00,19.60,25.02
2025-07-27 12:00:00,14.15,18.18
2025-07-27 13:00:00,16.68,21.38
2025-07-27 14:00:00,22.90,29.40
2025-07-27 15:00:00,26.18,33.55
2025-07-27 16:00:00,20.58,26.38
2025-07-27 17:00:00,21.90,28.08
2025-07-27 18:00:00,28.40,36.40
2025-07-27 19:00:00,36.30,46.55
2025-07-27 20:00:00,42.22,54.20
2025-07-27 21:00:00,43.78,56.18
2025-07-27 22:00:00,44.20,56.70
2025-07-27 23:00:00,45.70,58.67
2025-07-28 00:00:00,44.42,57.00
2025-07-28 01:00:00,34.40,44.18
2025-07-28 02:00:00,32.22,41.32
2025-07-28 03:00:00,32.10,41.20
2025-07-28 04:00:00,23.12,29.68
2025-07-28 05:00:00,21.72,27.82
2025-07-28 06:00:00,25.65,32.85
2025-07-28 07:00:00,29.85,38.33
2025-07-28 08:00:00,25.85,33.08
2025-07-28 09:00:00,29.55,37.83
2025-07-28 10:00:00,39.40,50.53
2025-07-28 11:00:00,NA,NA
2025-07-28 12:00:00,NA,NA
2025-07-28 13:00:00,69.20,88.62
2025-07-28 14:00:00,61.22,78.47
2025-07-28 15:00:00,71.40,91.55
2025-07-28 16:00:00,69.03,88.52
2025-07-28 17:00:00,53.68,68.75
2025-07-28 18:00:00,44.90,57.58
2025-07-28 19:00:00,46.40,59.48
2025-07-28 20:00:00,57.92,74.30
2025-07-28 21:00:00,64.15,82.20
2025-07-28 22:00:00,56.50,72.42
2025-07-28 23:00:00,53.63,68.73
2025-07-29 00:00:00,46.72,59.87
2025-07-29 01:00:00,39.70,50.90
2025-07-29 02:00:00,40.33,51.70
2025-07-29 03:00:00,37.25,47.75
2025-07-29 04:00:00,34.48,44.22
2025-07-29 05:00:00,25.75,33.08
2025-07-29 06:00:00,25.15,32.28
2025-07-29 07:00:00,30.70,43.78
2025-07-29 08:00:00,30.98,45.60
2025-07-29 09:00:00,28.05,41.25
2025-07-29 10:00:00,20.85,30.65
2025-07-29 11:00:00,18.98,27.90
2025-07-29 12:00:00,19.60,28.82
2025-07-29 13:00:00,14.32,21.10
2025-07-29 14:00:00,11.38,16.75
2025-07-29 15:00:00,11.45,16.85
2025-07-29 16:00:00,12.25,17.98
2025-07-29 17:00:00,14.78,21.72
2025-07-29 18:00:00,12.55,18.48
2025-07-29 19:00:00,16.18,23.85
2025-07-29 20:00:00,25.48,37.55
2025-07-29 21:00:00,33.80,49.78
2025-07-29 22:00:00,23.55,34.60
2025-07-29 23:00:00,24.53,36.07
2025-07-30 00:00:00,24.95,36.67
2025-07-30 01:00:00,17.92,26.33
2025-07-30 02:00:00,13.82,20.33
2025-07-30 03:00:00,14.75,21.67
2025-07-30 04:00:00,15.90,23.35
2025-07-30 05:00:00,14.73,21.68
2025-07-30 06:00:00,15.38,22.62
2025-07-30 07:00:00,16.68,24.60
2025-07-30 08:00:00,14.25,21.00
2025-07-30 09:00:00,16.58,24.40
2025-07-30 10:00:00,14.22,20.92
2025-07-30 11:00:00,14.70,21.55
2025-07-30 12:00:00,20.15,29.58
2025-07-30 13:00:00,17.70,26.02
2025-07-30 14:00:00,16.60,24.38
2025-07-30 15:00:00,22.95,33.78
2025-07-30 16:00:00,21.42,31.52
2025-07-30 17:00:00,16.25,23.95
2025-07-30 18:00:00,12.60,18.55
2025-07-30 19:00:00,13.35,19.62
2025-07-30 20:00:00,13.00,19.15
2025-07-30 21:00:00,9.45,13.95
2025-07-30 22:00:00,9.52,14.00
2025-07-30 23:00:00,15.77,23.23
2025-07-31 00:00:00,12.68,18.62
2025-07-31 01:00:00,9.32,13.68
2025-07-31 02:00:00,7.00,10.22
2025-07-31 03:00:00,5.87,8.57
2025-07-31 04:00:00,NA,NA
2025-07-31 05:00:00,NA,NA
2025-07-31 06:00:00,NA,NA
2025-07-31 07:00:00,NA,NA
2025-07-31 08:00:00,5.00,NA
2025-07-31 09:00:00,5.00,NA
2025-07-31 10:00:00,5.70,8.40
2025-07-31 11:00:00,10.80,15.92
2025-07-31 12:00:00,18.38,27.00
2025-07-31 13:00:00,17.95,26.40
2025-07-31 14:00:00,14.82,21.82
2025-07-31 15:00:00,12.02,17.65
2025-07-31 16:00:00,10.38,15.28
2025-07-31 17:00:00,10.05,14.80
2025-07-31 18:00:00,9.20,13.55
2025-07-31 19:00:00,8.83,13.00
2025-07-31 20:00:00,8.67,12.77
2025-07-31 21:00:00,12.27,18.05
2025-07-31 22:00:00,10.48,15.45
2025-07-31 23:00:00,9.50,14.00
2025-08-01 00:00:00,9.70,14.32
2025-08-01 01:00:00,9.07,13.40
2025-08-01 02:00:00,8.85,12.98
2025-08-01 03:00:00,8.30,12.18
2025-08-01 04:00:00,7.98,11.72
2025-08-01 05:00:00,8.38,12.35
2025-08-01 06:00:00,8.23,12.08
2025-08-01 07:00:00,8.12,11.95
2025-08-01 08:00:00,8.88,13.08
2025-08-01 09:00:00,11.70,17.20
2025-08-01 10:00:00,17.18,25.28
2025-08-01 11:00:00,23.88,35.10
2025-08-01 12:00:00,31.10,45.70
2025-08-01 13:00:00,28.50,41.87
2025-08-01 14:00:00,33.00,48.52
2025-08-01 15:00:00,36.28,53.30
2025-08-01 16:00:00,34.45,50.65
2025-08-01 17:00:00,32.17,47.32
2025-08-01 18:00:00,32.25,47.38
2025-08-01 19:00:00,35.78,52.60
2025-08-01 20:00:00,35.62,52.42
2025-08-01 21:00:00,35.57,52.30
2025-08-01 22:00:00,36.70,54.00
2025-08-01 23:00:00,38.40,56.55
2025-08-02 00:00:00,38.80,57.08
2025-08-02 01:00:00,34.10,50.15
2025-08-02 02:00:00,36.45,53.62
2025-08-02 03:00:00,35.42,52.08
2025-08-02 04:00:00,33.83,49.73
2025-08-02 05:00:00,33.10,48.68
2025-08-02 06:00:00,30.52,44.82
2025-08-02 07:00:00,42.50,62.45
2025-08-02 08:00:00,46.18,67.88
2025-08-02 09:00:00,43.60,64.12
2025-08-02 10:00:00,47.47,69.78
2025-08-02 11:00:00,54.78,80.58
2025-08-02 12:00:00,59.90,88.08
2025-08-02 13:00:00,53.08,78.05
2025-08-02 14:00:00,52.75,77.57
2025-08-02 15:00:00,60.32,88.68
2025-08-02 16:00:00,64.92,95.48
2025-08-02 17:00:00,63.32,93.12
2025-08-02 18:00:00,63.22,92.98
2025-08-02 19:00:00,60.42,88.88
2025-08-02 20:00:00,50.67,74.53
2025-08-02 21:00:00,41.70,61.30
2025-08-02 22:00:00,31.83,46.75
2025-08-02 23:00:00,31.03,45.63
2025-08-03 00:00:00,26.45,38.82
2025-08-03 01:00:00,20.45,30.05
2025-08-03 02:00:00,16.75,24.60
2025-08-03 03:00:00,14.20,20.85
2025-08-03 04:00:00,14.60,21.45
2025-08-03 05:00:00,18.75,27.60
2025-08-03 06:00:00,15.40,22.65
2025-08-03 07:00:00,14.12,20.78
2025-08-03 08:00:00,17.90,26.33
2025-08-03 09:00:00,23.72,34.95
2025-08-03 10:00:00,28.72,42.30
2025-08-03 11:00:00,40.00,58.92
2025-08-03 12:00:00,56.62,83.35
2025-08-03 13:00:00,61.05,89.80
2025-08-03 14:00:00,61.70,90.78
2025-08-03 15:00:00,68.22,100.35
2025-08-03 16:00:00,77.90,114.57
2025-08-03 17:00:00,78.40,115.25
2025-08-03 18:00:00,80.88,118.95
2025-08-03 19:00:00,86.18,126.68
2025-08-03 20:00:00,92.85,136.50
2025-08-03 21:00:00,92.57,136.10
2025-08-03 22:00:00,91.28,134.25
2025-08-03 23:00:00,97.27,143.00
2025-08-04 00:00:00,86.62,127.33
2025-08-04 01:00:00,82.12,120.65
2025-08-04 02:00:00,73.85,108.55
2025-08-04 03:00:00,70.70,103.98
2025-08-04 04:00:00,65.95,96.98
2025-08-04 05:00:00,59.62,87.65
2025-08-04 06:00:00,55.00,80.90
2025-08-04 07:00:00,55.35,81.43
2025-08-04 08:00:00,56.85,83.65
2025-08-04 09:00:00,60.38,88.80
2025-08-04 10:00:00,59.68,87.80
2025-08-04 11:00:00,61.70,90.78
2025-08-04 12:00:00,60.60,89.12
2025-08-04 13:00:00,58.00,85.25
2025-08-04 14:00:00,55.88,82.12
2025-08-04 15:00:00,63.30,93.10
2025-08-04 16:00:00,76.00,111.78
2025-08-04 17:00:00,55.70,111.75
2025-08-04 18:00:00,74.42,94.62
2025-08-04 19:00:00,64.52,99.38
2025-08-04 20:00:00,51.53,104.43
2025-08-04 21:00:00,39.38,102.08
2025-08-04 22:00:00,61.70,89.75
2025-08-04 23:00:00,80.45,85.95
2025-08-05 00:00:00,62.40,97.22
2025-08-05 01:00:00,74.77,93.43
2025-08-05 02:00:00,60.40,78.47
2025-08-05 03:00:00,47.00,71.28
2025-08-05 04:00:00,59.23,77.37
2025-08-05 05:00:00,55.07,56.20
2025-08-05 06:00:00,54.80,57.00
2025-08-05 07:00:00,NA,NA
2025-08-05 08:00:00,45.70,71.87
2025-08-05 09:00:00,43.55,75.55
2025-08-05 10:00:00,54.70,80.20
2025-08-05 11:00:00,40.35,87.88
2025-08-05 12:00:00,46.95,87.65
2025-08-05 13:00:00,36.83,82.68
2025-08-05 14:00:00,33.92,84.32
2025-08-05 15:00:00,34.35,81.12
2025-08-05 16:00:00,32.50,83.18
2025-08-05 17:00:00,47.58,81.15
2025-08-05 18:00:00,64.75,71.97
2025-08-05 19:00:00,52.40,69.42
2025-08-05 20:00:00,36.90,70.43
2025-08-05 21:00:00,37.15,70.82
2025-08-05 22:00:00,60.55,78.50
2025-08-05 23:00:00,66.30,89.77
2025-08-06 00:00:00,54.42,69.88
2025-08-06 01:00:00,52.80,55.70
2025-08-06 02:00:00,34.23,38.30
2025-08-06 03:00:00,37.80,45.75
2025-08-06 04:00:00,41.70,57.30
2025-08-06 05:00:00,NA,NA
2025-08-06 06:00:00,NA,NA
2025-08-06 07:00:00,55.25,62.60
2025-08-06 08:00:00,52.95,53.80
2025-08-06 09:00:00,NA,NA
2025-08-06 10:00:00,71.40,NA
2025-08-06 11:00:00,44.17,64.07
2025-08-06 12:00:00,35.87,70.70
2025-08-06 13:00:00,30.02,74.75
2025-08-06 14:00:00,28.62,74.97
2025-08-06 15:00:00,28.52,85.28
2025-08-06 16:00:00,36.28,95.52
2025-08-06 17:00:00,36.65,96.58
2025-08-06 18:00:00,28.63,99.87
2025-08-06 19:00:00,37.70,102.53
2025-08-06 20:00:00,40.28,105.38
2025-08-06 21:00:00,30.20,107.23
2025-08-06 22:00:00,31.60,109.10
2025-08-06 23:00:00,60.37,110.33
2025-08-07 00:00:00,60.35,116.60
2025-08-07 01:00:00,46.15,104.55
2025-08-07 02:00:00,37.00,82.35
2025-08-07 03:00:00,36.60,75.92
2025-08-07 04:00:00,29.33,70.08
2025-08-07 05:00:00,50.08,64.28
2025-08-07 06:00:00,50.25,59.42
2025-08-07 07:00:00,42.60,58.12
2025-08-07 08:00:00,47.80,74.22
2025-08-07 09:00:00,40.75,79.90
2025-08-07 10:00:00,31.78,78.82
2025-08-07 11:00:00,61.60,87.90
2025-08-07 12:00:00,83.62,96.40
2025-08-07 13:00:00,78.52,98.60
2025-08-07 14:00:00,84.52,93.88
2025-08-07 15:00:00,52.35,100.22
2025-08-07 16:00:00,45.05,113.75
2025-08-07 17:00:00,37.08,106.75
2025-08-07 18:00:00,27.75,102.78
2025-08-07 19:00:00,19.80,113.48
2025-08-07 20:00:00,25.07,116.00
2025-08-07 21:00:00,59.20,114.78
2025-08-07 22:00:00,50.92,117.28
2025-08-07 23:00:00,35.67,125.23
2025-08-08 00:00:00,24.70,111.90
2025-08-08 01:00:00,21.08,100.82
2025-08-08 02:00:00,21.42,96.52
2025-08-08 03:00:00,21.70,93.80
2025-08-08 04:00:00,NA,NA
2025-08-08 05:00:00,NA,NA
2025-08-08 06:00:00,49.13,67.67
2025-08-08 07:00:00,36.53,73.28
2025-08-08 08:00:00,28.30,81.48
2025-08-08 09:00:00,39.12,83.10
2025-08-08 10:00:00,51.62,87.78
2025-08-08 11:00:00,33.02,92.92
2025-08-08 12:00:00,21.45,101.85
2025-08-08 13:00:00,14.78,98.68
2025-08-08 14:00:00,NA,NA
2025-08-08 15:00:00,NA,NA
2025-08-08 16:00:00,15.60,56.70
2025-08-08 17:00:00,13.52,75.30
2025-08-08 18:00:00,27.15,105.60
2025-08-08 19:00:00,45.65,107.68
2025-08-08 20:00:00,94.15,103.50
2025-08-08 21:00:00,81.40,96.40
2025-08-08 22:00:00,51.65,100.48
2025-08-08 23:00:00,69.70,93.10
2025-08-09 00:00:00,37.90,90.52
2025-08-09 01:00:00,29.90,59.27
2025-08-09 02:00:00,32.25,45.60
2025-08-09 03:00:00,22.00,45.00
2025-08-09 04:00:00,18.70,45.98
2025-08-09 05:00:00,18.00,33.30
2025-08-09 06:00:00,23.67,34.82
2025-08-09 07:00:00,19.02,39.68
2025-08-09 08:00:00,23.72,29.28
2025-08-09 09:00:00,NA,NA
2025-08-09 10:00:00,NA,17.10
2025-08-09 11:00:00,NA,28.90
2025-08-09 12:00:00,NA,27.48
2025-08-09 13:00:00,NA,19.83
2025-08-09 14:00:00,NA,25.10
2025-08-09 15:00:00,NA,25.00
2025-08-09 16:00:00,24.98,37.90
2025-08-09 17:00:00,14.30,38.52
2025-08-09 18:00:00,8.80,45.42
2025-08-09 19:00:00,9.02,53.88
2025-08-09 20:00:00,18.28,45.40
2025-08-09 21:00:00,12.00,43.25
2025-08-09 22:00:00,8.20,61.90
2025-08-09 23:00:00,15.70,57.80
2025-08-10 00:00:00,15.08,51.88
2025-08-10 01:00:00,13.52,44.92
2025-08-10 02:00:00,20.98,51.20
2025-08-10 03:00:00,12.90,57.65
2025-08-10 04:00:00,11.60,46.62
2025-08-10 05:00:00,11.20,53.62
2025-08-10 06:00:00,9.88,59.77
2025-08-10 07:00:00,6.62,59.00
2025-08-10 08:00:00,20.10,60.60
2025-08-10 09:00:00,17.88,60.30
2025-08-10 10:00:00,11.30,61.90
2025-08-10 11:00:00,10.60,62.10
2025-08-10 12:00:00,15.50,57.70
2025-08-10 13:00:00,9.38,58.12
2025-08-10 14:00:00,6.30,71.32
2025-08-10 15:00:00,6.30,82.30
2025-08-10 16:00:00,9.60,83.00
2025-08-10 17:00:00,6.52,80.73
2025-08-10 18:00:00,13.75,88.52
2025-08-10 19:00:00,52.90,100.35
2025-08-10 20:00:00,55.38,118.30
2025-08-10 21:00:00,50.85,121.22
2025-08-10 22:00:00,33.92,129.52
2025-08-10 23:00:00,39.70,139.80
2025-08-11 00:00:00,46.00,103.37
2025-08-11 01:00:00,31.63,94.30
2025-08-11 02:00:00,41.85,92.70
2025-08-11 03:00:00,30.37,88.18
2025-08-11 04:00:00,21.80,80.38
2025-08-11 05:00:00,21.52,75.60
2025-08-11 06:00:00,30.20,77.12
2025-08-11 07:00:00,30.98,85.30
2025-08-11 08:00:00,23.72,83.28
2025-08-11 09:00:00,29.92,77.88
2025-08-11 10:00:00,34.48,104.30
2025-08-11 11:00:00,23.40,103.38
2025-08-11 12:00:00,22.00,95.62
2025-08-11 13:00:00,25.92,100.10
2025-08-11 14:00:00,30.60,104.38
2025-08-11 15:00:00,31.40,98.90
2025-08-11 16:00:00,31.63,104.57
2025-08-11 17:00:00,47.25,95.07
2025-08-11 18:00:00,33.70,86.62
2025-08-11 19:00:00,62.45,95.10
2025-08-11 20:00:00,38.62,89.58
2025-08-11 21:00:00,79.12,121.17
2025-08-11 22:00:00,50.70,150.80
2025-08-11 23:00:00,61.90,138.40
2025-08-12 00:00:00,78.38,121.35
2025-08-12 01:00:00,52.02,88.12
2025-08-12 02:00:00,54.40,92.07
2025-08-12 03:00:00,NA,NA
2025-08-12 04:00:00,57.75,69.47
2025-08-12 05:00:00,35.70,55.08
2025-08-12 06:00:00,35.88,53.48
2025-08-12 07:00:00,30.42,45.00
2025-08-12 08:00:00,NA,NA
2025-08-12 09:00:00,32.20,34.70
2025-08-12 10:00:00,29.58,35.62
2025-08-12 11:00:00,20.95,44.60
2025-08-12 12:00:00,41.80,44.92
2025-08-12 13:00:00,36.40,49.18
2025-08-12 14:00:00,36.38,74.70
2025-08-12 15:00:00,28.40,73.73
2025-08-12 16:00:00,23.42,81.73
2025-08-12 17:00:00,25.98,85.62
2025-08-12 18:00:00,NA,NA
2025-08-12 19:00:00,51.48,100.57
2025-08-12 20:00:00,43.00,93.72
2025-08-12 21:00:00,40.22,99.95
2025-08-12 22:00:00,85.38,123.45
2025-08-12 23:00:00,149.90,135.00
2025-08-13 00:00:00,122.78,129.05
2025-08-13 01:00:00,NA,NA
2025-08-13 02:00:00,65.35,105.20
2025-08-13 03:00:00,50.98,105.90
2025-08-13 04:00:00,44.48,100.30
2025-08-13 05:00:00,38.40,102.20
2025-08-13 06:00:00,45.20,98.60
2025-08-13 07:00:00,40.68,100.60
2025-08-13 08:00:00,25.60,104.40
2025-08-13 09:00:00,26.83,96.62
2025-08-13 10:00:00,31.87,100.90
2025-08-13 11:00:00,28.67,100.80
2025-08-13 12:00:00,22.55,106.75
2025-08-13 13:00:00,36.68,92.00
2025-08-13 14:00:00,32.20,92.20
2025-08-13 15:00:00,29.83,95.07
2025-08-13 16:00:00,37.45,82.70
2025-08-13 17:00:00,24.92,87.60
2025-08-13 18:00:00,28.13,86.65
2025-08-13 19:00:00,32.90,99.90
2025-08-13 20:00:00,33.75,100.32
2025-08-13 21:00:00,52.77,112.43
2025-08-13 22:00:00,41.28,117.82
2025-08-13 23:00:00,71.70,127.20
2025-08-14 00:00:00,100.15,118.30
2025-08-14 01:00:00,81.10,120.28
2025-08-14 02:00:00,77.25,108.00
2025-08-14 03:00:00,61.25,103.22
2025-08-14 04:00:00,72.52,77.25
2025-08-14 05:00:00,46.58,55.08
2025-08-14 06:00:00,34.20,45.48
2025-08-14 07:00:00,32.28,39.38
2025-08-14 08:00:00,23.13,32.70
2025-08-14 09:00:00,26.10,29.37
2025-08-14 10:00:00,26.40,27.30
2025-08-14 11:00:00,NA,NA
2025-08-14 12:00:00,NA,NA
2025-08-14 13:00:00,NA,NA
2025-08-14 14:00:00,NA,NA
2025-08-14 15:00:00,NA,NA
2025-08-14 16:00:00,NA,NA
2025-08-14 17:00:00,NA,NA
2025-08-14 18:00:00,11.88,20.90
2025-08-14 19:00:00,7.62,20.80
2025-08-14 20:00:00,12.50,20.50
2025-08-14 21:00:00,13.25,23.63
2025-08-14 22:00:00,32.38,32.50
2025-08-14 23:00:00,29.70,40.00
2025-08-15 00:00:00,48.35,54.98
2025-08-15 01:00:00,31.22,43.90
2025-08-15 02:00:00,39.95,45.23
2025-08-15 03:00:00,26.45,51.10
2025-08-15 04:00:00,47.15,51.68
2025-08-15 05:00:00,29.10,42.77
2025-08-15 06:00:00,28.13,38.85
2025-08-15 07:00:00,32.28,58.77
2025-08-15 08:00:00,24.37,52.42
2025-08-15 09:00:00,18.92,59.65
2025-08-15 10:00:00,27.98,71.53
2025-08-15 11:00:00,16.55,76.15
2025-08-15 12:00:00,31.95,87.15
2025-08-15 13:00:00,19.58,67.07
2025-08-15 14:00:00,12.92,59.20
2025-08-15 15:00:00,56.53,60.42
2025-08-15 16:00:00,34.98,67.97
2025-08-15 17:00:00,22.10,54.20
2025-08-15 18:00:00,18.48,55.75
2025-08-15 19:00:00,17.78,67.30
2025-08-15 20:00:00,15.02,68.68
2025-08-15 21:00:00,30.40,62.18
2025-08-15 22:00:00,NA,NA
2025-08-15 23:00:00,61.40,94.20
2025-08-16 00:00:00,34.60,85.02
2025-08-16 01:00:00,29.78,91.48
2025-08-16 02:00:00,22.58,80.23
2025-08-16 03:00:00,14.48,88.38
2025-08-16 04:00:00,11.00,78.38
2025-08-16 05:00:00,13.40,66.23
2025-08-16 06:00:00,14.20,71.30
2025-08-16 07:00:00,15.20,67.60
2025-08-16 08:00:00,15.00,73.35
2025-08-16 09:00:00,14.40,58.92
2025-08-16 10:00:00,52.82,64.97
2025-08-16 11:00:00,33.88,54.18
2025-08-16 12:00:00,19.60,46.32
2025-08-16 13:00:00,16.83,51.02
2025-08-16 14:00:00,22.65,60.98
2025-08-16 15:00:00,38.88,49.70
2025-08-16 16:00:00,25.65,40.92
2025-08-16 17:00:00,16.10,47.70
2025-08-16 18:00:00,11.42,45.85
2025-08-16 19:00:00,23.37,60.90
2025-08-16 20:00:00,13.70,58.90
2025-08-16 21:00:00,16.38,56.95
2025-08-16 22:00:00,9.80,71.00
2025-08-16 23:00:00,7.10,71.10
2025-08-17 00:00:00,16.30,66.38
2025-08-17 01:00:00,16.70,60.92
2025-08-17 02:00:00,12.80,67.00
2025-08-17 03:00:00,18.48,71.30
2025-08-17 04:00:00,12.70,70.38
2025-08-17 05:00:00,13.00,60.48
2025-08-17 06:00:00,14.38,49.20
2025-08-17 07:00:00,10.90,55.58
2025-08-17 08:00:00,11.32,45.50
2025-08-17 09:00:00,15.20,49.23
2025-08-17 10:00:00,17.90,54.30
2025-08-17 11:00:00,12.52,53.77
2025-08-17 12:00:00,16.88,47.90
2025-08-17 13:00:00,10.07,46.02
2025-08-17 14:00:00,8.00,56.80
2025-08-17 15:00:00,8.62,58.77
2025-08-17 16:00:00,11.08,51.80
2025-08-17 17:00:00,9.70,52.00
2025-08-17 18:00:00,14.88,48.77
2025-08-17 19:00:00,10.12,45.23
2025-08-17 20:00:00,23.50,55.68
2025-08-17 21:00:00,21.28,49.77
2025-08-17 22:00:00,16.80,41.28
2025-08-17 23:00:00,13.90,68.50
2025-08-18 00:00:00,8.80,65.00
2025-08-18 01:00:00,10.22,60.32
2025-08-18 02:00:00,14.60,67.50
2025-08-18 03:00:00,15.30,70.45
2025-08-18 04:00:00,10.82,57.80
2025-08-18 05:00:00,14.32,54.50
2025-08-18 06:00:00,27.08,54.88
2025-08-18 07:00:00,20.53,48.80
2025-08-18 08:00:00,34.88,47.20
2025-08-18 09:00:00,21.72,49.37
2025-08-18 10:00:00,34.60,72.50
2025-08-18 11:00:00,NA,NA
2025-08-18 12:00:00,NA,NA
2025-08-18 13:00:00,18.38,72.22
2025-08-18 14:00:00,23.40,63.12
2025-08-18 15:00:00,22.30,63.60
2025-08-18 16:00:00,26.70,62.85
2025-08-18 17:00:00,24.30,43.08
2025-08-18 18:00:00,24.68,36.15
2025-08-18 19:00:00,NA,NA
2025-08-18 20:00:00,48.98,55.52
2025-08-18 21:00:00,32.88,60.40
2025-08-18 22:00:00,30.83,59.75
2025-08-18 23:00:00,36.30,78.00
2025-08-19 00:00:00,33.90,69.47
2025-08-19 01:00:00,30.90,63.20
2025-08-19 02:00:00,29.08,63.18
2025-08-19 03:00:00,26.68,59.60
2025-08-19 04:00:00,NA,NA
2025-08-19 05:00:00,53.88,63.35
2025-08-19 06:00:00,NA,NA
2025-08-19 07:00:00,32.70,40.00
2025-08-19 08:00:00,30.70,44.50
2025-08-19 09:00:00,28.90,46.98
2025-08-19 10:00:00,26.80,36.00
2025-08-19 11:00:00,24.90,37.40
2025-08-19 12:00:00,20.88,35.60
2025-08-19 13:00:00,NA,NA
2025-08-19 14:00:00,NA,NA
2025-08-19 15:00:00,NA,NA
2025-08-19 16:00:00,NA,NA
2025-08-19 17:00:00,24.28,32.10
2025-08-19 18:00:00,22.30,33.12
2025-08-19 19:00:00,22.70,41.72
2025-08-19 20:00:00,24.90,48.68
2025-08-19 21:00:00,28.40,43.62
2025-08-19 22:00:00,28.58,49.20
2025-08-19 23:00:00,25.30,56.10
2025-08-20 00:00:00,30.40,57.62
2025-08-20 01:00:00,30.40,60.88
2025-08-20 02:00:00,27.20,51.82
2025-08-20 03:00:00,24.60,54.50
2025-08-20 04:00:00,23.80,51.98
2025-08-20 05:00:00,27.90,43.60
2025-08-20 06:00:00,26.90,39.50
2025-08-20 07:00:00,24.10,40.68
2025-08-20 08:00:00,22.80,33.80
2025-08-20 09:00:00,25.10,31.08
2025-08-20 10:00:00,25.58,27.42
2025-08-20 11:00:00,20.60,35.88
2025-08-20 12:00:00,21.00,31.80
2025-08-20 13:00:00,26.28,31.90
2025-08-20 14:00:00,22.30,33.50
2025-08-20 15:00:00,23.70,35.60
2025-08-20 16:00:00,24.60,NA
2025-08-20 17:00:00,24.87,NA
2025-08-20 18:00:00,21.40,NA
2025-08-20 19:00:00,24.78,NA
2025-08-20 20:00:00,22.80,50.90
2025-08-20 21:00:00,23.80,54.08
2025-08-20 22:00:00,23.30,46.50
2025-08-20 23:00:00,23.50,42.10
2025-08-21 00:00:00,20.70,56.40
2025-08-21 01:00:00,20.20,54.05
2025-08-21 02:00:00,25.33,43.30
2025-08-21 03:00:00,30.37,36.50
2025-08-21 04:00:00,27.40,39.08
2025-08-21 05:00:00,27.98,35.00
2025-08-21 06:00:00,22.90,32.50
2025-08-21 07:00:00,19.72,33.15
2025-08-21 08:00:00,25.90,45.73
2025-08-21 09:00:00,27.10,56.05
2025-08-21 10:00:00,27.90,41.32
2025-08-21 11:00:00,29.90,46.58
2025-08-21 12:00:00,26.70,42.80
2025-08-21 13:00:00,22.60,46.08
2025-08-21 14:00:00,22.00,40.72
2025-08-21 15:00:00,22.52,50.80
2025-08-21 16:00:00,27.10,41.18
2025-08-21 17:00:00,28.90,39.88
2025-08-21 18:00:00,NA,NA
2025-08-21 19:00:00,31.80,53.30
2025-08-21 20:00:00,31.63,52.50
2025-08-21 21:00:00,37.68,48.77
2025-08-21 22:00:00,NA,NA
2025-08-21 23:00:00,39.00,41.40
2025-08-22 00:00:00,27.67,34.85
2025-08-22 01:00:00,25.42,55.58
2025-08-22 02:00:00,28.00,42.50
2025-08-22 03:00:00,29.90,40.62
2025-08-22 04:00:00,26.60,53.32
2025-08-22 05:00:00,30.37,57.70
2025-08-22 06:00:00,25.80,55.15
2025-08-22 07:00:00,22.63,74.88
2025-08-22 08:00:00,26.40,70.23
2025-08-22 09:00:00,28.98,76.57
2025-08-22 10:00:00,58.45,63.92
2025-08-22 11:00:00,38.58,74.30
2025-08-22 12:00:00,29.78,81.00
2025-08-22 13:00:00,27.90,81.05
2025-08-22 14:00:00,29.33,69.57
2025-08-22 15:00:00,32.18,61.80
2025-08-22 16:00:00,25.52,57.38
2025-08-22 17:00:00,30.50,47.32
2025-08-22 18:00:00,34.70,52.60
2025-08-22 19:00:00,29.48,67.80
2025-08-22 20:00:00,27.85,66.82
2025-08-22 21:00:00,47.30,71.27
2025-08-22 22:00:00,37.50,61.92
2025-08-22 23:00:00,34.00,73.40
2025-08-23 00:00:00,39.30,87.20
2025-08-23 01:00:00,32.00,88.20
2025-08-23 02:00:00,30.22,88.88
2025-08-23 03:00:00,32.68,74.40
2025-08-23 04:00:00,24.33,72.42
2025-08-23 05:00:00,29.70,49.68
2025-08-23 06:00:00,29.60,44.48
2025-08-23 07:00:00,32.18,36.30
2025-08-23 08:00:00,28.55,40.22
2025-08-23 09:00:00,NA,NA
2025-08-23 10:00:00,NA,NA
2025-08-23 11:00:00,30.10,47.60
2025-08-23 12:00:00,24.92,46.20
2025-08-23 13:00:00,38.45,40.90
2025-08-23 14:00:00,27.70,44.50
2025-08-23 15:00:00,NA,NA
2025-08-23 16:00:00,38.28,42.00
2025-08-23 17:00:00,25.87,40.85
2025-08-23 18:00:00,16.33,29.78
2025-08-23 19:00:00,22.08,22.90
2025-08-23 20:00:00,14.50,17.00
2025-08-23 21:00:00,16.90,23.80
2025-08-23 22:00:00,NA,NA
2025-08-23 23:00:00,111.10,15.70
2025-08-24 00:00:00,NA,NA
2025-08-24 01:00:00,NA,NA
2025-08-24 02:00:00,NA,NA
2025-08-24 03:00:00,21.00,NA
2025-08-24 04:00:00,NA,NA
2025-08-24 05:00:00,NA,NA
2025-08-24 06:00:00,NA,NA
2025-08-24 07:00:00,14.50,25.98
2025-08-24 08:00:00,13.60,38.58
2025-08-24 09:00:00,16.60,33.80
2025-08-24 10:00:00,16.70,30.40
2025-08-24 11:00:00,18.60,28.60
2025-08-24 12:00:00,15.40,28.80
2025-08-24 13:00:00,12.15,28.60
2025-08-24 14:00:00,29.17,34.80
2025-08-24 15:00:00,20.90,30.90
2025-08-24 16:00:00,13.88,30.40
2025-08-24 17:00:00,11.20,27.90
2025-08-24 18:00:00,9.83,22.90
2025-08-24 19:00:00,16.28,19.62
2025-08-24 20:00:00,12.42,23.10
2025-08-24 21:00:00,16.40,19.20
2025-08-24 22:00:00,19.52,20.70
2025-08-24 23:00:00,27.20,22.00
2025-08-25 00:00:00,16.60,24.67
2025-08-25 01:00:00,12.60,21.60
2025-08-25 02:00:00,11.72,19.33
2025-08-25 03:00:00,17.70,27.70
2025-08-25 04:00:00,15.10,23.70
2025-08-25 05:00:00,NA,NA
2025-08-25 06:00:00,16.60,18.10
2025-08-25 07:00:00,14.20,18.70
2025-08-25 08:00:00,NA,NA
2025-08-25 09:00:00,20.90,25.78
2025-08-25 10:00:00,19.38,21.80
2025-08-25 11:00:00,17.40,23.90
2025-08-25 12:00:00,21.20,30.63
2025-08-25 13:00:00,25.37,39.88
2025-08-25 14:00:00,20.40,31.80
2025-08-25 15:00:00,15.90,32.92
2025-08-25 16:00:00,16.00,40.40
2025-08-25 17:00:00,11.62,39.68
2025-08-25 18:00:00,18.50,33.12
2025-08-25 19:00:00,19.62,37.78
2025-08-25 20:00:00,28.50,32.90
2025-08-25 21:00:00,26.60,37.28
2025-08-25 22:00:00,25.30,29.30
2025-08-25 23:00:00,50.60,30.50
2025-08-26 00:00:00,NA,NA
2025-08-26 01:00:00,NA,NA
2025-08-26 02:00:00,24.48,27.67
2025-08-26 03:00:00,19.60,22.60
2025-08-26 04:00:00,17.10,28.17
2025-08-26 05:00:00,19.60,22.87
2025-08-26 06:00:00,18.28,19.30
2025-08-26 07:00:00,15.90,17.80
2025-08-26 08:00:00,12.12,17.62
2025-08-26 09:00:00,19.92,27.37
2025-08-26 10:00:00,22.60,22.98
2025-08-26 11:00:00,NA,NA
2025-08-26 12:00:00,14.32,28.30
2025-08-26 13:00:00,22.60,24.00
2025-08-26 14:00:00,20.30,23.80
2025-08-26 15:00:00,16.22,20.10
2025-08-26 16:00:00,NA,NA
2025-08-26 17:00:00,NA,NA
2025-08-26 18:00:00,NA,NA
2025-08-26 19:00:00,NA,NA
2025-08-26 20:00:00,NA,NA
2025-08-26 21:00:00,NA,NA
2025-08-26 22:00:00,15.40,18.52
2025-08-26 23:00:00,20.40,24.90
2025-08-27 00:00:00,23.50,32.90
2025-08-27 01:00:00,21.80,34.07
2025-08-27 02:00:00,19.30,26.90
2025-08-27 03:00:00,15.20,28.30
2025-08-27 04:00:00,16.45,32.52
2025-08-27 05:00:00,36.38,38.18
2025-08-27 06:00:00,24.58,30.52
2025-08-27 07:00:00,16.08,36.72
2025-08-27 08:00:00,44.72,47.48
2025-08-27 09:00:00,25.60,39.20
2025-08-27 10:00:00,NA,NA
2025-08-27 11:00:00,NA,NA
2025-08-27 12:00:00,7.60,20.10
2025-08-27 13:00:00,15.37,21.18
2025-08-27 14:00:00,20.88,27.02
2025-08-27 15:00:00,20.45,42.03
2025-08-27 16:00:00,21.68,35.75
2025-08-27 17:00:00,19.00,31.48
2025-08-27 18:00:00,NA,NA
2025-08-27 19:00:00,NA,NA
2025-08-27 20:00:00,32.52,50.38
2025-08-27 21:00:00,36.07,74.77
2025-08-27 22:00:00,25.38,106.58
2025-08-27 23:00:00,21.00,108.70
2025-08-28 00:00:00,13.80,100.22
2025-08-28 01:00:00,14.45,89.48
2025-08-28 02:00:00,21.25,81.23
2025-08-28 03:00:00,16.90,77.15
2025-08-28 04:00:00,16.97,83.00
2025-08-28 05:00:00,19.55,72.65
2025-08-28 06:00:00,18.22,76.52
2025-08-28 07:00:00,19.03,83.10
2025-08-28 08:00:00,16.62,104.68
2025-08-28 09:00:00,17.48,114.42
2025-08-28 10:00:00,22.75,104.42
2025-08-28 11:00:00,15.38,100.12
2025-08-28 12:00:00,12.03,103.25
2025-08-28 13:00:00,18.20,93.70
2025-08-28 14:00:00,12.38,88.70
2025-08-28 15:00:00,11.48,93.93
2025-08-28 16:00:00,16.63,81.58
2025-08-28 17:00:00,27.85,83.42
2025-08-28 18:00:00,20.12,81.65
2025-08-28 19:00:00,15.42,80.80
2025-08-28 20:00:00,25.38,92.07
2025-08-28 21:00:00,21.15,91.67
2025-08-28 22:00:00,16.80,93.58
2025-08-28 23:00:00,23.10,95.50
2025-08-29 00:00:00,19.22,95.90
2025-08-29 01:00:00,20.10,87.87
2025-08-29 02:00:00,17.42,95.02
2025-08-29 03:00:00,12.08,90.40
2025-08-29 04:00:00,11.25,84.52
2025-08-29 05:00:00,13.02,75.25
2025-08-29 06:00:00,17.05,90.00
2025-08-29 07:00:00,26.75,95.40
2025-08-29 08:00:00,24.98,97.35
2025-08-29 09:00:00,24.48,79.97
2025-08-29 10:00:00,21.30,76.88
2025-08-29 11:00:00,20.90,75.42
2025-08-29 12:00:00,15.55,54.42
2025-08-29 13:00:00,17.05,57.90
2025-08-29 14:00:00,21.45,52.58
2025-08-29 15:00:00,23.10,57.65
2025-08-29 16:00:00,29.00,55.75
2025-08-29 17:00:00,23.20,46.05
2025-08-29 18:00:00,23.25,42.05
2025-08-29 19:00:00,21.60,51.05
2025-08-29 20:00:00,17.85,44.32
2025-08-29 21:00:00,13.57,47.77
2025-08-29 22:00:00,19.65,50.75
2025-08-29 23:00:00,20.60,54.60
2025-08-30 00:00:00,47.85,52.32
2025-08-30 01:00:00,27.48,40.00
2025-08-30 02:00:00,33.15,42.68
2025-08-30 03:00:00,37.38,42.58
2025-08-30 04:00:00,30.58,46.72
2025-08-30 05:00:00,18.35,36.88
2025-08-30 06:00:00,15.10,36.65
2025-08-30 07:00:00,38.07,48.65
2025-08-30 08:00:00,31.15,42.30
2025-08-30 09:00:00,23.98,52.47
2025-08-30 10:00:00,17.38,41.25
2025-08-30 11:00:00,14.28,45.37
2025-08-30 12:00:00,13.60,47.47
2025-08-30 13:00:00,13.90,38.55
2025-08-30 14:00:00,16.82,37.40
2025-08-30 15:00:00,14.90,50.85
2025-08-30 16:00:00,21.40,54.72
2025-08-30 17:00:00,24.22,47.75
2025-08-30 18:00:00,21.88,49.55
2025-08-30 19:00:00,17.75,59.32
2025-08-30 20:00:00,16.75,70.18
2025-08-30 21:00:00,34.17,64.65
2025-08-30 22:00:00,29.80,71.90
2025-08-30 23:00:00,23.30,74.50
2025-08-31 00:00:00,25.35,73.95
2025-08-31 01:00:00,24.68,54.00
2025-08-31 02:00:00,44.12,59.25
2025-08-31 03:00:00,30.92,62.95
2025-08-31 04:00:00,28.38,63.82
2025-08-31 05:00:00,22.13,51.18
2025-08-31 06:00:00,22.50,53.20
2025-08-31 07:00:00,16.52,57.95
2025-08-31 08:00:00,17.58,45.15
2025-08-31 09:00:00,17.12,36.15
2025-08-31 10:00:00,20.75,45.30
2025-08-31 11:00:00,13.90,47.88
2025-08-31 12:00:00,13.52,47.45
2025-08-31 13:00:00,17.28,51.18
2025-08-31 14:00:00,16.58,45.52
2025-08-31 15:00:00,21.70,51.08
2025-08-31 16:00:00,16.50,47.32
2025-08-31 17:00:00,14.20,45.60
2025-08-31 18:00:00,22.85,55.95
2025-08-31 19:00:00,14.85,57.12
2025-08-31 20:00:00,19.10,46.45
2025-08-31 21:00:00,18.58,44.92
2025-08-31 22:00:00,21.10,42.95
2025-08-31 23:00:00,24.30,50.00
2025-09-01 00:00:00,NA,NA
2025-09-01 01:00:00,NA,NA
2025-09-01 02:00:00,28.42,29.70
2025-09-01 03:00:00,29.50,32.30
2025-09-01 04:00:00,NA,NA
2025-09-01 05:00:00,NA,NA
2025-09-01 06:00:00,NA,NA
2025-09-01 07:00:00,NA,NA
2025-09-01 08:00:00,NA,NA
2025-09-01 09:00:00,NA,NA
2025-09-01 10:00:00,NA,NA
2025-09-01 11:00:00,29.02,32.00
2025-09-01 12:00:00,23.92,29.32
2025-09-01 13:00:00,21.98,27.40
2025-09-01 14:00:00,18.05,27.55
2025-09-01 15:00:00,14.15,34.05
2025-09-01 16:00:00,15.78,30.12
2025-09-01 17:00:00,15.63,27.85
2025-09-01 18:00:00,25.78,26.37
2025-09-01 19:00:00,21.95,25.48
2025-09-01 20:00:00,20.67,25.15
2025-09-01 21:00:00,13.85,23.90
2025-09-01 22:00:00,18.77,23.87
2025-09-01 23:00:00,21.40,23.60
