timestamp,PM 2.5,wind_speed,wind_dir,month,season
2022-01-01 00:00:00,401.0,1.35,116.18,1,Winter
2022-01-01 01:00:00,427.75,1.55,123.5,1,Winter
2022-01-01 02:00:00,386.0,1.5,118.02,1,Winter
2022-01-01 03:00:00,305.0,1.48,119.95,1,Winter
2022-01-01 04:00:00,259.0,1.7,129.88,1,Winter
2022-01-01 05:00:00,219.5,1.62,120.8,1,Winter
2022-01-01 06:00:00,188.0,1.75,127.9,1,Winter
2022-01-01 07:00:00,181.75,1.7,127.9,1,Winter
2022-01-01 08:00:00,187.25,2.05,104.58,1,Winter
2022-01-01 09:00:00,182.5,2.6,100.3,1,Winter
2022-01-01 10:00:00,193.25,2.58,113.95,1,Winter
2022-01-01 11:00:00,193.0,2.53,105.22,1,Winter
2022-01-01 12:00:00,188.5,2.7,106.9,1,Winter
2022-01-01 13:00:00,181.0,2.22,123.4,1,Winter
2022-01-01 14:00:00,169.75,1.6,122.18,1,Winter
2022-01-01 15:00:00,158.25,1.58,86.82,1,Winter
2022-01-01 16:00:00,145.25,1.8,110.75,1,Winter
2022-01-01 17:00:00,156.25,1.38,122.88,1,Winter
2022-01-01 18:00:00,192.0,1.4,125.6,1,Winter
2022-01-01 19:00:00,240.5,1.18,126.7,1,Winter
2022-01-01 20:00:00,300.5,1.32,112.92,1,Winter
2022-01-01 21:00:00,425.0,0.73,127.68,1,Winter
2022-01-01 22:00:00,448.75,1.05,128.05,1,Winter
2022-01-01 23:00:00,483.25,1.33,93.0,1,Winter
2022-01-02 00:00:00,436.75,1.23,112.3,1,Winter
2022-01-02 01:00:00,376.0,1.62,108.8,1,Winter
2022-01-02 02:00:00,341.75,1.35,102.18,1,Winter
2022-01-02 03:00:00,319.5,1.5,119.22,1,Winter
2022-01-02 04:00:00,309.25,1.65,133.72,1,Winter
2022-01-02 05:00:00,282.25,1.85,131.15,1,Winter
2022-01-02 06:00:00,275.5,1.85,129.95,1,Winter
2022-01-02 07:00:00,255.75,1.45,125.8,1,Winter
2022-01-02 08:00:00,242.75,1.68,121.7,1,Winter
2022-01-02 09:00:00,261.5,1.87,87.68,1,Winter
2022-01-02 10:00:00,268.75,1.9,112.68,1,Winter
2022-01-02 11:00:00,268.5,2.08,92.15,1,Winter
2022-01-02 12:00:00,240.75,2.22,105.72,1,Winter
2022-01-02 13:00:00,220.25,2.88,113.48,1,Winter
2022-01-02 14:00:00,170.0,2.28,125.4,1,Winter
2022-01-02 15:00:00,138.5,2.2,120.95,1,Winter
2022-01-02 16:00:00,125.0,1.75,119.93,1,Winter
2022-01-02 17:00:00,133.75,1.42,111.72,1,Winter
2022-01-02 18:00:00,178.75,1.68,122.72,1,Winter
2022-01-02 19:00:00,236.5,1.37,128.73,1,Winter
2022-01-02 20:00:00,248.75,1.0,103.95,1,Winter
2022-01-02 21:00:00,306.5,0.9,128.75,1,Winter
2022-01-02 22:00:00,410.5,1.4,96.15,1,Winter
2022-01-02 23:00:00,397.25,1.15,124.93,1,Winter
2022-01-03 00:00:00,360.5,1.18,109.35,1,Winter
2022-01-03 01:00:00,391.25,1.25,85.98,1,Winter
2022-01-03 02:00:00,417.25,1.2,105.15,1,Winter
2022-01-03 03:00:00,390.5,1.4,119.7,1,Winter
2022-01-03 04:00:00,285.75,1.72,130.4,1,Winter
2022-01-03 05:00:00,247.5,1.55,117.68,1,Winter
2022-01-03 06:00:00,251.0,1.75,130.25,1,Winter
2022-01-03 07:00:00,244.5,1.82,130.6,1,Winter
2022-01-03 08:00:00,232.25,1.68,131.4,1,Winter
2022-01-03 09:00:00,232.75,1.88,99.2,1,Winter
2022-01-03 10:00:00,238.0,1.93,97.8,1,Winter
2022-01-03 11:00:00,196.25,2.65,100.72,1,Winter
2022-01-03 12:00:00,176.5,2.82,107.95,1,Winter
2022-01-03 13:00:00,161.75,3.15,106.02,1,Winter
2022-01-03 14:00:00,139.75,2.7,105.15,1,Winter
2022-01-03 15:00:00,139.0,3.05,103.7,1,Winter
2022-01-03 16:00:00,138.25,2.53,102.5,1,Winter
2022-01-03 17:00:00,139.75,1.62,112.6,1,Winter
2022-01-03 18:00:00,163.25,1.35,112.32,1,Winter
2022-01-03 19:00:00,220.5,1.25,114.78,1,Winter
2022-01-03 20:00:00,304.25,1.08,138.52,1,Winter
2022-01-03 21:00:00,386.75,1.1,136.5,1,Winter
2022-01-03 22:00:00,434.75,1.35,127.22,1,Winter
2022-01-03 23:00:00,406.75,0.85,132.8,1,Winter
2022-01-04 00:00:00,313.5,1.45,116.82,1,Winter
2022-01-04 01:00:00,295.0,1.3,113.1,1,Winter
2022-01-04 02:00:00,261.25,1.35,107.18,1,Winter
2022-01-04 03:00:00,255.0,1.58,101.62,1,Winter
2022-01-04 04:00:00,239.25,0.92,98.72,1,Winter
2022-01-04 05:00:00,225.25,0.8,152.25,1,Winter
2022-01-04 06:00:00,222.0,1.35,145.82,1,Winter
2022-01-04 07:00:00,233.75,1.3,136.07,1,Winter
2022-01-04 08:00:00,230.75,1.27,124.3,1,Winter
2022-01-04 09:00:00,255.5,1.75,137.83,1,Winter
2022-01-04 10:00:00,250.25,2.5,111.12,1,Winter
2022-01-04 11:00:00,174.0,2.0,118.1,1,Winter
2022-01-04 12:00:00,106.5,2.02,119.85,1,Winter
2022-01-04 13:00:00,82.75,2.3,124.18,1,Winter
2022-01-04 14:00:00,79.25,2.07,99.1,1,Winter
2022-01-04 15:00:00,80.25,1.5,165.62,1,Winter
2022-01-04 16:00:00,83.0,1.15,138.15,1,Winter
2022-01-04 17:00:00,90.25,0.92,160.1,1,Winter
2022-01-04 18:00:00,94.5,0.85,188.8,1,Winter
2022-01-04 19:00:00,101.0,1.1,132.5,1,Winter
2022-01-04 20:00:00,147.75,1.12,115.8,1,Winter
2022-01-04 21:00:00,261.25,0.75,144.52,1,Winter
2022-01-04 22:00:00,320.0,0.98,207.45,1,Winter
2022-01-04 23:00:00,327.25,1.3,108.18,1,Winter
2022-01-05 00:00:00,301.25,1.38,114.28,1,Winter
2022-01-05 01:00:00,267.5,1.42,121.7,1,Winter
2022-01-05 02:00:00,268.75,0.9,102.78,1,Winter
2022-01-05 03:00:00,266.25,0.55,140.43,1,Winter
2022-01-05 04:00:00,289.25,0.98,169.95,1,Winter
2022-01-05 05:00:00,293.75,0.78,162.18,1,Winter
2022-01-05 06:00:00,296.75,0.73,105.08,1,Winter
2022-01-05 07:00:00,303.25,1.2,162.3,1,Winter
2022-01-05 08:00:00,321.75,1.33,125.55,1,Winter
2022-01-05 09:00:00,344.75,1.5,131.8,1,Winter
2022-01-05 10:00:00,363.0,0.65,276.88,1,Winter
2022-01-05 11:00:00,363.5,1.6,275.05,1,Winter
2022-01-05 12:00:00,352.5,2.0,286.48,1,Winter
2022-01-05 13:00:00,335.75,2.1,268.92,1,Winter
2022-01-05 14:00:00,297.0,2.68,269.7,1,Winter
2022-01-05 15:00:00,208.75,2.78,274.65,1,Winter
2022-01-05 16:00:00,109.0,2.45,276.18,1,Winter
2022-01-05 17:00:00,82.0,2.48,290.67,1,Winter
2022-01-05 18:00:00,155.25,2.73,287.73,1,Winter
2022-01-05 19:00:00,216.25,2.72,294.58,1,Winter
2022-01-05 20:00:00,228.25,2.75,296.18,1,Winter
2022-01-05 21:00:00,225.25,2.35,244.72,1,Winter
2022-01-05 22:00:00,189.0,1.1,249.48,1,Winter
2022-01-05 23:00:00,160.0,1.2,293.38,1,Winter
2022-01-06 00:00:00,126.75,1.65,284.6,1,Winter
2022-01-06 01:00:00,98.0,1.82,292.6,1,Winter
2022-01-06 02:00:00,93.25,1.6,274.17,1,Winter
2022-01-06 03:00:00,93.5,1.95,278.58,1,Winter
2022-01-06 04:00:00,122.0,2.12,279.82,1,Winter
2022-01-06 05:00:00,158.0,1.85,277.45,1,Winter
2022-01-06 06:00:00,167.0,1.8,275.1,1,Winter
2022-01-06 07:00:00,189.0,1.95,288.0,1,Winter
2022-01-06 08:00:00,178.0,2.1,292.53,1,Winter
2022-01-06 09:00:00,177.0,2.65,290.95,1,Winter
2022-01-06 10:00:00,163.0,2.7,294.42,1,Winter
2022-01-06 11:00:00,128.0,2.9,301.2,1,Winter
2022-01-06 12:00:00,90.0,2.3,294.42,1,Winter
2022-01-06 13:00:00,85.0,2.4,293.4,1,Winter
2022-01-06 14:00:00,68.0,2.3,305.12,1,Winter
2022-01-06 15:00:00,53.0,2.08,293.6,1,Winter
2022-01-06 16:00:00,72.0,2.0,301.7,1,Winter
2022-01-06 17:00:00,62.0,1.65,282.53,1,Winter
2022-01-06 18:00:00,80.0,1.6,278.73,1,Winter
2022-01-06 19:00:00,143.0,1.88,292.62,1,Winter
2022-01-06 20:00:00,95.0,1.42,268.38,1,Winter
2022-01-06 21:00:00,107.0,1.6,288.3,1,Winter
2022-01-06 22:00:00,111.0,2.0,283.85,1,Winter
2022-01-06 23:00:00,112.0,2.45,296.32,1,Winter
2022-01-07 00:00:00,94.0,2.88,293.65,1,Winter
2022-01-07 01:00:00,88.0,2.95,294.02,1,Winter
2022-01-07 02:00:00,80.0,2.5,292.23,1,Winter
2022-01-07 03:00:00,95.0,2.53,298.88,1,Winter
2022-01-07 04:00:00,70.0,3.12,295.42,1,Winter
2022-01-07 05:00:00,78.0,2.9,297.45,1,Winter
2022-01-07 06:00:00,75.0,2.2,309.88,1,Winter
2022-01-07 07:00:00,80.0,2.4,312.0,1,Winter
2022-01-07 08:00:00,100.0,2.35,310.42,1,Winter
2022-01-07 09:00:00,101.0,2.0,313.08,1,Winter
2022-01-07 10:00:00,86.0,1.98,319.48,1,Winter
2022-01-07 11:00:00,79.0,2.58,306.67,1,Winter
2022-01-07 12:00:00,66.0,2.15,315.8,1,Winter
2022-01-07 13:00:00,75.0,2.08,318.3,1,Winter
2022-01-07 14:00:00,68.0,2.48,309.73,1,Winter
2022-01-07 15:00:00,56.0,2.6,305.2,1,Winter
2022-01-07 16:00:00,45.0,2.65,303.02,1,Winter
2022-01-07 17:00:00,29.0,1.72,300.35,1,Winter
2022-01-07 18:00:00,40.0,1.9,285.95,1,Winter
2022-01-07 19:00:00,80.0,2.45,288.4,1,Winter
2022-01-07 20:00:00,94.0,2.45,292.35,1,Winter
2022-01-07 21:00:00,84.0,2.95,289.35,1,Winter
2022-01-07 22:00:00,56.0,3.1,287.98,1,Winter
2022-01-07 23:00:00,42.0,3.02,284.82,1,Winter
2022-01-08 00:00:00,48.0,1.8,287.95,1,Winter
2022-01-08 01:00:00,57.0,1.42,278.18,1,Winter
2022-01-08 02:00:00,52.0,1.27,245.55,1,Winter
2022-01-08 03:00:00,55.0,1.45,166.35,1,Winter
2022-01-08 04:00:00,46.0,2.75,274.62,1,Winter
2022-01-08 05:00:00,42.0,2.43,270.78,1,Winter
2022-01-08 06:00:00,31.0,1.85,260.4,1,Winter
2022-01-08 07:00:00,48.0,2.38,280.82,1,Winter
2022-01-08 08:00:00,45.0,2.75,285.32,1,Winter
2022-01-08 09:00:00,47.0,2.92,288.7,1,Winter
2022-01-08 10:00:00,44.0,2.38,288.08,1,Winter
2022-01-08 11:00:00,40.0,2.3,277.85,1,Winter
2022-01-08 12:00:00,36.0,2.35,275.35,1,Winter
2022-01-08 13:00:00,40.5,2.28,271.22,1,Winter
2022-01-08 14:00:00,45.0,2.7,277.55,1,Winter
2022-01-08 15:00:00,47.0,2.62,282.45,1,Winter
2022-01-08 16:00:00,43.0,2.9,281.85,1,Winter
2022-01-08 17:00:00,39.0,2.58,282.38,1,Winter
2022-01-08 18:00:00,44.0,3.02,285.4,1,Winter
2022-01-08 19:00:00,45.0,3.42,287.73,1,Winter
2022-01-08 20:00:00,41.0,2.92,288.9,1,Winter
2022-01-08 21:00:00,36.0,2.47,290.7,1,Winter
2022-01-08 22:00:00,38.0,2.25,299.3,1,Winter
2022-01-08 23:00:00,37.0,1.98,287.92,1,Winter
2022-01-09 00:00:00,36.0,1.38,173.85,1,Winter
2022-01-09 01:00:00,33.0,1.23,108.0,1,Winter
2022-01-09 02:00:00,33.5,0.95,227.62,1,Winter
2022-01-09 03:00:00,34.0,1.23,265.12,1,Winter
2022-01-09 04:00:00,34.0,0.55,147.0,1,Winter
2022-01-09 05:00:00,36.5,1.05,176.9,1,Winter
2022-01-09 06:00:00,39.0,0.75,132.32,1,Winter
2022-01-09 07:00:00,42.0,1.5,115.0,1,Winter
2022-01-09 08:00:00,28.0,1.85,62.3,1,Winter
2022-01-09 09:00:00,14.0,1.48,56.97,1,Winter
2022-01-09 10:00:00,19.0,2.17,87.38,1,Winter
2022-01-09 11:00:00,23.0,2.1,102.67,1,Winter
2022-01-09 12:00:00,14.0,2.0,136.15,1,Winter
2022-01-09 13:00:00,16.0,2.68,96.85,1,Winter
2022-01-09 14:00:00,52.0,3.25,103.62,1,Winter
2022-01-09 15:00:00,45.0,3.42,109.9,1,Winter
2022-01-09 16:00:00,52.0,3.18,110.08,1,Winter
2022-01-09 17:00:00,57.0,3.38,114.25,1,Winter
2022-01-09 18:00:00,44.0,2.98,106.28,1,Winter
2022-01-09 19:00:00,53.0,2.78,118.58,1,Winter
2022-01-09 20:00:00,55.0,2.45,116.48,1,Winter
2022-01-09 21:00:00,59.0,3.12,112.25,1,Winter
2022-01-09 22:00:00,59.0,3.22,114.45,1,Winter
2022-01-09 23:00:00,69.0,2.68,118.4,1,Winter
2022-01-10 00:00:00,61.0,1.82,118.67,1,Winter
2022-01-10 01:00:00,59.0,1.4,152.75,1,Winter
2022-01-10 02:00:00,62.0,1.98,125.58,1,Winter
2022-01-10 03:00:00,56.0,2.25,126.72,1,Winter
2022-01-10 04:00:00,55.0,1.65,122.12,1,Winter
2022-01-10 05:00:00,56.0,2.17,102.55,1,Winter
2022-01-10 06:00:00,67.0,1.95,122.8,1,Winter
2022-01-10 07:00:00,68.0,2.35,125.02,1,Winter
2022-01-10 08:00:00,78.0,1.75,115.92,1,Winter
2022-01-10 09:00:00,84.0,2.02,115.68,1,Winter
2022-01-10 10:00:00,92.0,1.32,159.98,1,Winter
2022-01-10 11:00:00,88.0,2.02,143.0,1,Winter
2022-01-10 12:00:00,59.0,2.28,108.8,1,Winter
2022-01-10 13:00:00,58.0,2.48,96.05,1,Winter
2022-01-10 14:00:00,95.0,2.68,123.78,1,Winter
2022-01-10 15:00:00,100.0,3.1,126.35,1,Winter
2022-01-10 16:00:00,91.0,3.3,117.58,1,Winter
2022-01-10 17:00:00,81.0,2.7,118.65,1,Winter
2022-01-10 18:00:00,80.0,1.95,118.1,1,Winter
2022-01-10 19:00:00,94.0,1.6,131.88,1,Winter
2022-01-10 20:00:00,114.0,1.9,116.48,1,Winter
2022-01-10 21:00:00,145.0,1.87,136.93,1,Winter
2022-01-10 22:00:00,135.0,1.35,118.38,1,Winter
2022-01-10 23:00:00,140.0,1.33,126.6,1,Winter
2022-01-11 00:00:00,135.0,1.58,129.85,1,Winter
2022-01-11 01:00:00,147.0,1.52,126.78,1,Winter
2022-01-11 02:00:00,135.0,1.7,131.92,1,Winter
2022-01-11 03:00:00,117.0,1.58,127.43,1,Winter
2022-01-11 04:00:00,113.0,1.72,128.9,1,Winter
2022-01-11 05:00:00,103.0,1.92,131.83,1,Winter
2022-01-11 06:00:00,100.0,1.95,136.25,1,Winter
2022-01-11 07:00:00,103.0,1.72,125.4,1,Winter
2022-01-11 08:00:00,106.0,2.42,107.38,1,Winter
2022-01-11 09:00:00,99.0,2.75,108.75,1,Winter
2022-01-11 10:00:00,83.0,3.92,119.3,1,Winter
2022-01-11 11:00:00,94.0,3.08,128.4,1,Winter
2022-01-11 12:00:00,66.0,3.25,129.02,1,Winter
2022-01-11 13:00:00,64.0,3.3,124.02,1,Winter
2022-01-11 14:00:00,57.0,3.52,117.68,1,Winter
2022-01-11 15:00:00,66.0,3.68,119.52,1,Winter
2022-01-11 16:00:00,72.0,3.78,120.42,1,Winter
2022-01-11 17:00:00,64.0,3.3,125.8,1,Winter
2022-01-11 18:00:00,64.0,2.95,119.92,1,Winter
2022-01-11 19:00:00,86.0,2.97,116.15,1,Winter
2022-01-11 20:00:00,103.0,3.8,107.5,1,Winter
2022-01-11 21:00:00,85.0,2.97,118.6,1,Winter
2022-01-11 22:00:00,84.0,2.45,124.8,1,Winter
2022-01-11 23:00:00,88.0,2.38,123.02,1,Winter
2022-01-12 00:00:00,79.0,2.17,122.78,1,Winter
2022-01-12 01:00:00,86.0,2.72,95.12,1,Winter
2022-01-12 02:00:00,88.0,2.12,112.32,1,Winter
2022-01-12 03:00:00,80.0,2.15,108.45,1,Winter
2022-01-12 04:00:00,73.0,1.58,145.4,1,Winter
2022-01-12 05:00:00,68.0,1.42,172.75,1,Winter
2022-01-12 06:00:00,68.5,1.95,112.92,1,Winter
2022-01-12 07:00:00,70.5,1.4,131.55,1,Winter
2022-01-12 08:00:00,69.75,1.05,128.25,1,Winter
2022-01-12 09:00:00,66.5,0.92,147.08,1,Winter
2022-01-12 10:00:00,77.0,1.75,116.07,1,Winter
2022-01-12 11:00:00,91.0,2.25,98.2,1,Winter
2022-01-12 12:00:00,105.0,1.98,92.0,1,Winter
2022-01-12 13:00:00,104.5,1.5,85.08,1,Winter
2022-01-12 14:00:00,101.25,2.35,91.25,1,Winter
2022-01-12 15:00:00,96.0,2.6,92.92,1,Winter
2022-01-12 16:00:00,93.25,2.82,108.22,1,Winter
2022-01-12 17:00:00,85.75,2.22,111.85,1,Winter
2022-01-12 18:00:00,95.25,1.78,110.32,1,Winter
2022-01-12 19:00:00,121.5,1.35,132.02,1,Winter
2022-01-12 20:00:00,148.5,1.42,117.43,1,Winter
2022-01-12 21:00:00,192.25,1.25,112.83,1,Winter
2022-01-12 22:00:00,198.0,1.3,120.88,1,Winter
2022-01-12 23:00:00,189.5,0.82,125.38,1,Winter
2022-01-13 00:00:00,200.25,0.92,143.88,1,Winter
2022-01-13 01:00:00,211.0,1.05,154.25,1,Winter
2022-01-13 02:00:00,230.5,1.25,117.72,1,Winter
2022-01-13 03:00:00,197.5,1.27,111.55,1,Winter
2022-01-13 04:00:00,191.75,0.7,54.05,1,Winter
2022-01-13 05:00:00,192.75,1.0,115.55,1,Winter
2022-01-13 06:00:00,203.5,1.3,125.68,1,Winter
2022-01-13 07:00:00,195.25,1.48,123.55,1,Winter
2022-01-13 08:00:00,194.75,2.12,127.48,1,Winter
2022-01-13 09:00:00,165.75,1.0,169.55,1,Winter
2022-01-13 10:00:00,152.25,1.05,207.28,1,Winter
2022-01-13 11:00:00,178.5,1.42,148.88,1,Winter
2022-01-13 12:00:00,187.75,1.15,176.5,1,Winter
2022-01-13 13:00:00,203.25,1.02,204.55,1,Winter
2022-01-13 14:00:00,201.75,1.38,110.32,1,Winter
2022-01-13 15:00:00,188.5,1.35,175.75,1,Winter
2022-01-13 16:00:00,210.75,1.4,239.82,1,Winter
2022-01-13 17:00:00,263.25,1.62,260.77,1,Winter
2022-01-13 18:00:00,281.25,0.78,215.65,1,Winter
2022-01-13 19:00:00,256.75,1.0,146.77,1,Winter
2022-01-13 20:00:00,261.75,1.0,105.4,1,Winter
2022-01-13 21:00:00,326.0,1.05,106.6,1,Winter
2022-01-13 22:00:00,367.25,1.45,103.38,1,Winter
2022-01-13 23:00:00,376.75,1.0,162.68,1,Winter
2022-01-14 00:00:00,306.75,0.87,169.35,1,Winter
2022-01-14 01:00:00,230.75,0.78,115.28,1,Winter
2022-01-14 02:00:00,229.25,1.35,130.68,1,Winter
2022-01-14 03:00:00,250.0,1.38,130.6,1,Winter
2022-01-14 04:00:00,222.25,1.42,128.85,1,Winter
2022-01-14 05:00:00,167.75,1.1,134.45,1,Winter
2022-01-14 06:00:00,138.75,1.3,143.32,1,Winter
2022-01-14 07:00:00,110.25,0.92,236.58,1,Winter
2022-01-14 08:00:00,92.5,1.12,188.45,1,Winter
2022-01-14 09:00:00,98.5,0.8,184.55,1,Winter
2022-01-14 10:00:00,101.25,0.88,232.42,1,Winter
2022-01-14 11:00:00,135.0,0.92,208.5,1,Winter
2022-01-14 12:00:00,180.75,1.18,109.82,1,Winter
2022-01-14 13:00:00,209.5,1.82,140.88,1,Winter
2022-01-14 14:00:00,223.25,1.55,147.75,1,Winter
2022-01-14 15:00:00,256.0,1.08,204.12,1,Winter
2022-01-14 16:00:00,214.0,1.72,180.72,1,Winter
2022-01-14 17:00:00,211.25,3.35,113.08,1,Winter
2022-01-14 18:00:00,224.25,2.17,126.5,1,Winter
2022-01-14 19:00:00,203.5,1.2,126.2,1,Winter
2022-01-14 20:00:00,198.0,1.05,119.15,1,Winter
2022-01-14 21:00:00,215.5,1.15,132.35,1,Winter
2022-01-14 22:00:00,225.75,1.6,128.93,1,Winter
2022-01-14 23:00:00,237.0,1.27,125.82,1,Winter
2022-01-15 00:00:00,242.0,1.45,114.12,1,Winter
2022-01-15 01:00:00,224.0,1.58,99.8,1,Winter
2022-01-15 02:00:00,187.5,2.0,121.07,1,Winter
2022-01-15 03:00:00,115.0,2.42,126.4,1,Winter
2022-01-15 04:00:00,59.75,2.22,101.02,1,Winter
2022-01-15 05:00:00,49.5,2.22,125.65,1,Winter
2022-01-15 06:00:00,59.75,2.55,101.07,1,Winter
2022-01-15 07:00:00,69.25,2.48,130.48,1,Winter
2022-01-15 08:00:00,73.25,2.58,119.78,1,Winter
2022-01-15 09:00:00,76.25,1.7,103.52,1,Winter
2022-01-15 10:00:00,84.75,1.1,182.98,1,Winter
2022-01-15 11:00:00,92.75,1.38,104.25,1,Winter
2022-01-15 12:00:00,104.25,1.25,161.65,1,Winter
2022-01-15 13:00:00,116.75,1.2,181.32,1,Winter
2022-01-15 14:00:00,127.0,1.05,278.02,1,Winter
2022-01-15 15:00:00,134.25,1.35,119.1,1,Winter
2022-01-15 16:00:00,161.5,2.92,127.65,1,Winter
2022-01-15 17:00:00,228.75,3.4,127.05,1,Winter
2022-01-15 18:00:00,207.0,3.52,132.48,1,Winter
2022-01-15 19:00:00,167.25,2.88,118.6,1,Winter
2022-01-15 20:00:00,151.75,2.85,119.85,1,Winter
2022-01-15 21:00:00,138.75,2.25,130.72,1,Winter
2022-01-15 22:00:00,136.0,2.3,106.75,1,Winter
2022-01-15 23:00:00,129.5,1.3,104.85,1,Winter
2022-01-16 00:00:00,126.25,1.62,153.85,1,Winter
2022-01-16 01:00:00,121.75,2.28,108.08,1,Winter
2022-01-16 02:00:00,118.5,2.5,98.45,1,Winter
2022-01-16 03:00:00,101.25,1.92,110.92,1,Winter
2022-01-16 04:00:00,98.0,2.05,109.9,1,Winter
2022-01-16 05:00:00,99.25,2.4,118.72,1,Winter
2022-01-16 06:00:00,108.25,2.35,111.12,1,Winter
2022-01-16 07:00:00,96.25,2.28,106.18,1,Winter
2022-01-16 08:00:00,93.0,2.17,132.6,1,Winter
2022-01-16 09:00:00,91.75,1.58,116.4,1,Winter
2022-01-16 10:00:00,99.25,0.95,166.38,1,Winter
2022-01-16 11:00:00,105.0,0.92,78.65,1,Winter
2022-01-16 12:00:00,103.5,1.8,123.88,1,Winter
2022-01-16 13:00:00,113.25,1.85,94.88,1,Winter
2022-01-16 14:00:00,129.0,1.55,96.3,1,Winter
2022-01-16 15:00:00,127.75,1.48,113.8,1,Winter
2022-01-16 16:00:00,133.0,1.05,215.7,1,Winter
2022-01-16 17:00:00,160.0,0.92,211.32,1,Winter
2022-01-16 18:00:00,159.5,1.08,210.32,1,Winter
2022-01-16 19:00:00,169.5,1.08,225.58,1,Winter
2022-01-16 20:00:00,218.5,1.6,272.38,1,Winter
2022-01-16 21:00:00,268.5,1.23,242.55,1,Winter
2022-01-16 22:00:00,284.0,1.42,270.62,1,Winter
2022-01-16 23:00:00,262.25,1.25,299.02,1,Winter
2022-01-17 00:00:00,227.5,0.92,199.5,1,Winter
2022-01-17 01:00:00,227.5,1.05,139.43,1,Winter
2022-01-17 02:00:00,263.0,0.9,131.57,1,Winter
2022-01-17 03:00:00,196.5,1.48,19.4,1,Winter
2022-01-17 04:00:00,120.5,1.45,28.02,1,Winter
2022-01-17 05:00:00,119.75,1.22,109.8,1,Winter
2022-01-17 06:00:00,136.0,1.13,105.75,1,Winter
2022-01-17 07:00:00,123.75,1.38,261.12,1,Winter
2022-01-17 08:00:00,123.25,1.38,237.27,1,Winter
2022-01-17 09:00:00,126.0,1.52,176.9,1,Winter
2022-01-17 10:00:00,130.75,1.23,178.72,1,Winter
2022-01-17 11:00:00,130.0,1.25,244.15,1,Winter
2022-01-17 12:00:00,144.5,1.1,234.28,1,Winter
2022-01-17 13:00:00,162.5,1.35,140.85,1,Winter
2022-01-17 14:00:00,164.75,0.9,325.8,1,Winter
2022-01-17 15:00:00,158.75,0.92,229.03,1,Winter
2022-01-17 16:00:00,179.0,2.35,287.8,1,Winter
2022-01-17 17:00:00,239.75,1.75,284.88,1,Winter
2022-01-17 18:00:00,253.75,1.38,231.05,1,Winter
2022-01-17 19:00:00,229.25,1.32,178.55,1,Winter
2022-01-17 20:00:00,199.25,1.23,339.28,1,Winter
2022-01-17 21:00:00,160.25,1.25,342.08,1,Winter
2022-01-17 22:00:00,157.25,1.17,200.0,1,Winter
2022-01-17 23:00:00,151.0,1.62,103.07,1,Winter
2022-01-18 00:00:00,136.5,1.25,175.3,1,Winter
2022-01-18 01:00:00,135.5,2.35,123.4,1,Winter
2022-01-18 02:00:00,174.75,2.55,121.78,1,Winter
2022-01-18 03:00:00,235.25,2.48,126.18,1,Winter
2022-01-18 04:00:00,236.5,2.62,104.8,1,Winter
2022-01-18 05:00:00,227.25,2.6,115.05,1,Winter
2022-01-18 06:00:00,220.5,2.25,103.92,1,Winter
2022-01-18 07:00:00,218.0,2.75,110.1,1,Winter
2022-01-18 08:00:00,224.0,2.98,99.58,1,Winter
2022-01-18 09:00:00,226.25,3.05,130.45,1,Winter
2022-01-18 10:00:00,234.25,2.85,115.78,1,Winter
2022-01-18 11:00:00,241.5,3.15,121.48,1,Winter
2022-01-18 12:00:00,248.75,2.25,130.5,1,Winter
2022-01-18 13:00:00,225.25,3.45,118.4,1,Winter
2022-01-18 14:00:00,178.0,3.65,114.1,1,Winter
2022-01-18 15:00:00,156.75,3.92,121.88,1,Winter
2022-01-18 16:00:00,142.0,3.85,124.8,1,Winter
2022-01-18 17:00:00,128.25,2.7,123.92,1,Winter
2022-01-18 18:00:00,134.25,2.08,121.92,1,Winter
2022-01-18 19:00:00,145.25,1.85,118.9,1,Winter
2022-01-18 20:00:00,163.0,1.95,131.52,1,Winter
2022-01-18 21:00:00,177.25,2.38,117.07,1,Winter
2022-01-18 22:00:00,174.5,1.15,107.68,1,Winter
2022-01-18 23:00:00,169.25,1.42,131.0,1,Winter
2022-01-19 00:00:00,153.25,1.48,142.52,1,Winter
2022-01-19 01:00:00,136.0,1.58,117.4,1,Winter
2022-01-19 02:00:00,127.0,2.58,121.6,1,Winter
2022-01-19 03:00:00,134.75,3.0,125.95,1,Winter
2022-01-19 04:00:00,164.5,2.88,121.1,1,Winter
2022-01-19 05:00:00,183.5,2.85,124.0,1,Winter
2022-01-19 06:00:00,180.75,2.63,123.05,1,Winter
2022-01-19 07:00:00,174.25,2.33,120.52,1,Winter
2022-01-19 08:00:00,161.25,2.62,125.55,1,Winter
2022-01-19 09:00:00,146.5,1.72,119.98,1,Winter
2022-01-19 10:00:00,147.0,1.1,150.82,1,Winter
2022-01-19 11:00:00,155.75,0.88,136.22,1,Winter
2022-01-19 12:00:00,164.75,1.68,148.4,1,Winter
2022-01-19 13:00:00,167.0,1.33,86.12,1,Winter
2022-01-19 14:00:00,172.5,2.52,94.45,1,Winter
2022-01-19 15:00:00,189.0,2.58,116.9,1,Winter
2022-01-19 16:00:00,190.75,2.03,126.82,1,Winter
2022-01-19 17:00:00,197.25,1.7,131.57,1,Winter
2022-01-19 18:00:00,200.0,1.02,208.0,1,Winter
2022-01-19 19:00:00,198.75,0.8,209.42,1,Winter
2022-01-19 20:00:00,221.5,1.12,226.28,1,Winter
2022-01-19 21:00:00,279.0,0.88,207.27,1,Winter
2022-01-19 22:00:00,286.25,1.02,237.92,1,Winter
2022-01-19 23:00:00,254.75,1.45,251.8,1,Winter
2022-01-20 00:00:00,228.5,1.3,257.85,1,Winter
2022-01-20 01:00:00,218.0,1.42,274.38,1,Winter
2022-01-20 02:00:00,195.5,1.38,248.85,1,Winter
2022-01-20 03:00:00,179.25,1.12,275.45,1,Winter
2022-01-20 04:00:00,181.0,1.33,166.62,1,Winter
2022-01-20 05:00:00,208.5,1.4,306.17,1,Winter
2022-01-20 06:00:00,209.25,1.58,312.62,1,Winter
2022-01-20 07:00:00,228.25,1.42,331.6,1,Winter
2022-01-20 08:00:00,212.0,1.23,324.9,1,Winter
2022-01-20 09:00:00,223.25,1.82,314.88,1,Winter
2022-01-20 10:00:00,258.25,2.15,288.55,1,Winter
2022-01-20 11:00:00,283.75,1.38,256.92,1,Winter
2022-01-20 12:00:00,268.0,1.85,276.88,1,Winter
2022-01-20 13:00:00,258.25,2.5,279.1,1,Winter
2022-01-20 14:00:00,227.75,2.35,287.77,1,Winter
2022-01-20 15:00:00,232.0,2.4,291.92,1,Winter
2022-01-20 16:00:00,255.0,2.4,291.23,1,Winter
2022-01-20 17:00:00,249.75,2.1,295.95,1,Winter
2022-01-20 18:00:00,242.0,1.75,297.15,1,Winter
2022-01-20 19:00:00,242.75,1.65,288.1,1,Winter
2022-01-20 20:00:00,256.25,1.38,273.35,1,Winter
2022-01-20 21:00:00,262.5,1.22,251.92,1,Winter
2022-01-20 22:00:00,258.25,1.1,134.55,1,Winter
2022-01-20 23:00:00,256.75,0.98,164.88,1,Winter
2022-01-21 00:00:00,272.5,0.8,203.78,1,Winter
2022-01-21 01:00:00,256.5,0.87,140.55,1,Winter
2022-01-21 02:00:00,249.5,1.08,109.68,1,Winter
2022-01-21 03:00:00,243.5,1.05,215.68,1,Winter
2022-01-21 04:00:00,207.25,1.33,252.35,1,Winter
2022-01-21 05:00:00,161.75,1.1,275.6,1,Winter
2022-01-21 06:00:00,149.0,0.75,343.87,1,Winter
2022-01-21 07:00:00,145.5,1.2,40.45,1,Winter
2022-01-21 08:00:00,132.0,1.3,36.92,1,Winter
2022-01-21 09:00:00,128.25,1.32,46.55,1,Winter
2022-01-21 10:00:00,147.25,1.65,68.38,1,Winter
2022-01-21 11:00:00,158.0,1.85,136.18,1,Winter
2022-01-21 12:00:00,163.5,2.1,185.95,1,Winter
2022-01-21 13:00:00,174.0,1.67,267.92,1,Winter
2022-01-21 14:00:00,189.0,2.1,278.92,1,Winter
2022-01-21 15:00:00,194.75,2.28,292.6,1,Winter
2022-01-21 16:00:00,140.75,2.25,298.12,1,Winter
2022-01-21 17:00:00,89.0,1.92,292.03,1,Winter
2022-01-21 18:00:00,101.0,1.48,276.48,1,Winter
2022-01-21 19:00:00,147.0,0.95,150.75,1,Winter
2022-01-21 20:00:00,164.0,1.33,301.0,1,Winter
2022-01-21 21:00:00,273.0,1.52,276.1,1,Winter
2022-01-21 22:00:00,265.0,1.7,293.88,1,Winter
2022-01-21 23:00:00,232.0,2.7,292.1,1,Winter
2022-01-22 00:00:00,229.0,2.52,274.2,1,Winter
2022-01-22 01:00:00,215.0,2.82,286.77,1,Winter
2022-01-22 02:00:00,216.0,2.4,285.53,1,Winter
2022-01-22 03:00:00,179.0,1.98,290.77,1,Winter
2022-01-22 04:00:00,150.0,2.7,302.73,1,Winter
2022-01-22 05:00:00,134.0,2.82,292.02,1,Winter
2022-01-22 06:00:00,133.0,2.12,281.9,1,Winter
2022-01-22 07:00:00,121.0,2.58,289.92,1,Winter
2022-01-22 08:00:00,127.0,3.42,293.42,1,Winter
2022-01-22 09:00:00,117.75,2.25,295.28,1,Winter
2022-01-22 10:00:00,108.0,2.3,296.08,1,Winter
2022-01-22 11:00:00,123.0,1.72,292.05,1,Winter
2022-01-22 12:00:00,123.25,2.48,281.55,1,Winter
2022-01-22 13:00:00,130.0,3.05,281.95,1,Winter
2022-01-22 14:00:00,96.0,3.42,285.42,1,Winter
2022-01-22 15:00:00,107.5,3.18,289.0,1,Winter
2022-01-22 16:00:00,107.75,3.3,289.48,1,Winter
2022-01-22 17:00:00,113.0,3.3,290.32,1,Winter
2022-01-22 18:00:00,104.0,3.4,295.18,1,Winter
2022-01-22 19:00:00,100.75,3.47,290.02,1,Winter
2022-01-22 20:00:00,99.0,2.35,276.58,1,Winter
2022-01-22 21:00:00,92.0,1.55,242.22,1,Winter
2022-01-22 22:00:00,79.75,1.83,256.98,1,Winter
2022-01-22 23:00:00,79.0,1.42,236.85,1,Winter
2022-01-23 00:00:00,84.0,2.05,214.48,1,Winter
2022-01-23 01:00:00,73.0,2.55,275.5,1,Winter
2022-01-23 02:00:00,67.0,2.9,279.75,1,Winter
2022-01-23 03:00:00,64.0,2.4,280.27,1,Winter
2022-01-23 04:00:00,66.0,2.33,282.45,1,Winter
2022-01-23 05:00:00,64.75,2.25,283.45,1,Winter
2022-01-23 06:00:00,67.0,1.7,289.98,1,Winter
2022-01-23 07:00:00,86.0,1.62,305.3,1,Winter
2022-01-23 08:00:00,78.0,1.33,323.85,1,Winter
2022-01-23 09:00:00,81.0,1.27,315.15,1,Winter
2022-01-23 10:00:00,94.5,1.78,127.5,1,Winter
2022-01-23 11:00:00,108.0,2.78,89.62,1,Winter
2022-01-23 12:00:00,92.0,2.72,108.6,1,Winter
2022-01-23 13:00:00,90.75,2.68,128.48,1,Winter
2022-01-23 14:00:00,105.0,2.7,119.13,1,Winter
2022-01-23 15:00:00,105.0,2.45,114.5,1,Winter
2022-01-23 16:00:00,107.25,2.02,133.65,1,Winter
2022-01-23 17:00:00,110.0,1.25,131.48,1,Winter
2022-01-23 18:00:00,116.0,1.05,103.1,1,Winter
2022-01-23 19:00:00,160.75,0.7,89.5,1,Winter
2022-01-23 20:00:00,188.0,0.52,154.17,1,Winter
2022-01-23 21:00:00,202.5,0.92,117.63,1,Winter
2022-01-23 22:00:00,217.25,0.9,125.65,1,Winter
2022-01-23 23:00:00,229.25,1.4,126.4,1,Winter
2022-01-24 00:00:00,200.0,1.58,109.72,1,Winter
2022-01-24 01:00:00,91.0,1.08,116.57,1,Winter
2022-01-24 02:00:00,70.0,1.27,131.68,1,Winter
2022-01-24 03:00:00,55.25,1.4,136.23,1,Winter
2022-01-24 04:00:00,47.0,1.48,135.82,1,Winter
2022-01-24 05:00:00,42.0,1.12,185.6,1,Winter
2022-01-24 06:00:00,45.4,1.066,179.46,1,Winter
2022-01-24 07:00:00,48.8,1.012,173.32,1,Winter
2022-01-24 08:00:00,52.2,0.958,167.18,1,Winter
2022-01-24 09:00:00,,,,1,Winter
2022-01-24 10:00:00,59.0,0.85,154.9,1,Winter
2022-01-24 11:00:00,96.0,1.18,102.1,1,Winter
2022-01-24 12:00:00,81.0,2.25,123.78,1,Winter
2022-01-24 13:00:00,78.0,1.45,164.2,1,Winter
2022-01-24 14:00:00,119.0,1.38,116.2,1,Winter
2022-01-24 15:00:00,99.0,1.6,95.3,1,Winter
2022-01-24 16:00:00,75.0,1.72,128.82,1,Winter
2022-01-24 17:00:00,95.0,0.98,171.92,1,Winter
2022-01-24 18:00:00,116.0,0.8,200.0,1,Winter
2022-01-24 19:00:00,106.0,1.25,112.28,1,Winter
2022-01-24 20:00:00,196.0,1.12,111.35,1,Winter
2022-01-24 21:00:00,263.0,1.12,122.0,1,Winter
2022-01-24 22:00:00,249.0,1.15,95.78,1,Winter
2022-01-24 23:00:00,243.0,1.38,116.83,1,Winter
2022-01-25 00:00:00,218.0,1.33,101.75,1,Winter
2022-01-25 01:00:00,201.0,1.23,118.95,1,Winter
2022-01-25 02:00:00,193.0,1.32,115.98,1,Winter
2022-01-25 03:00:00,167.0,1.32,122.95,1,Winter
2022-01-25 04:00:00,155.0,1.5,136.5,1,Winter
2022-01-25 05:00:00,141.0,2.28,102.1,1,Winter
2022-01-25 06:00:00,83.0,2.38,110.02,1,Winter
2022-01-25 07:00:00,73.0,3.1,109.37,1,Winter
2022-01-25 08:00:00,48.0,3.03,116.48,1,Winter
2022-01-25 09:00:00,57.0,3.02,118.45,1,Winter
2022-01-25 10:00:00,57.0,3.22,108.62,1,Winter
2022-01-25 11:00:00,62.0,3.22,113.28,1,Winter
2022-01-25 12:00:00,66.0,3.35,112.7,1,Winter
2022-01-25 13:00:00,75.0,3.5,115.95,1,Winter
2022-01-25 14:00:00,77.0,3.68,114.48,1,Winter
2022-01-25 15:00:00,99.0,3.35,108.52,1,Winter
2022-01-25 16:00:00,96.0,2.97,102.18,1,Winter
2022-01-25 17:00:00,78.0,2.6,90.82,1,Winter
2022-01-25 18:00:00,70.0,1.9,93.1,1,Winter
2022-01-25 19:00:00,121.0,1.2,152.62,1,Winter
2022-01-25 20:00:00,132.75,0.88,150.75,1,Winter
2022-01-25 21:00:00,156.25,1.2,119.4,1,Winter
2022-01-25 22:00:00,187.75,1.4,122.08,1,Winter
2022-01-25 23:00:00,216.75,1.55,119.42,1,Winter
2022-01-26 00:00:00,189.0,1.38,130.2,1,Winter
2022-01-26 01:00:00,157.0,1.35,140.5,1,Winter
2022-01-26 02:00:00,136.0,1.27,116.5,1,Winter
2022-01-26 03:00:00,116.0,1.78,114.6,1,Winter
2022-01-26 04:00:00,83.0,1.92,108.12,1,Winter
2022-01-26 05:00:00,64.0,1.85,94.88,1,Winter
2022-01-26 06:00:00,70.0,1.6,129.67,1,Winter
2022-01-26 07:00:00,67.0,2.05,107.98,1,Winter
2022-01-26 08:00:00,75.0,2.55,95.55,1,Winter
2022-01-26 09:00:00,94.0,2.9,116.2,1,Winter
2022-01-26 10:00:00,108.25,3.32,107.85,1,Winter
2022-01-26 11:00:00,100.0,2.8,125.22,1,Winter
2022-01-26 12:00:00,99.5,2.98,128.75,1,Winter
2022-01-26 13:00:00,95.0,3.32,127.02,1,Winter
2022-01-26 14:00:00,78.0,3.9,125.72,1,Winter
2022-01-26 15:00:00,68.5,4.02,119.15,1,Winter
2022-01-26 16:00:00,67.0,3.52,121.08,1,Winter
2022-01-26 17:00:00,82.0,2.7,124.72,1,Winter
2022-01-26 18:00:00,91.25,1.75,124.1,1,Winter
2022-01-26 19:00:00,116.5,1.58,130.7,1,Winter
2022-01-26 20:00:00,137.67,0.85,106.15,1,Winter
2022-01-26 21:00:00,157.25,1.05,133.38,1,Winter
2022-01-26 22:00:00,209.75,0.95,124.15,1,Winter
2022-01-26 23:00:00,217.75,1.38,117.48,1,Winter
2022-01-27 00:00:00,207.75,1.48,158.43,1,Winter
2022-01-27 01:00:00,196.0,1.27,144.88,1,Winter
2022-01-27 02:00:00,158.0,1.25,108.72,1,Winter
2022-01-27 03:00:00,143.25,1.7,108.65,1,Winter
2022-01-27 04:00:00,134.5,1.98,122.4,1,Winter
2022-01-27 05:00:00,103.0,2.1,129.32,1,Winter
2022-01-27 06:00:00,94.25,1.75,129.78,1,Winter
2022-01-27 07:00:00,94.75,2.1,110.78,1,Winter
2022-01-27 08:00:00,92.5,2.78,97.38,1,Winter
2022-01-27 09:00:00,91.75,3.3,103.8,1,Winter
2022-01-27 10:00:00,105.5,3.85,114.35,1,Winter
2022-01-27 11:00:00,112.75,4.4,116.15,1,Winter
2022-01-27 12:00:00,106.75,4.75,113.07,1,Winter
2022-01-27 13:00:00,87.5,4.47,121.22,1,Winter
2022-01-27 14:00:00,74.25,4.03,125.55,1,Winter
2022-01-27 15:00:00,64.25,4.32,120.88,1,Winter
2022-01-27 16:00:00,57.5,4.3,125.68,1,Winter
2022-01-27 17:00:00,52.75,3.28,120.58,1,Winter
2022-01-27 18:00:00,61.25,2.1,129.6,1,Winter
2022-01-27 19:00:00,100.5,2.15,127.55,1,Winter
2022-01-27 20:00:00,146.75,2.12,132.4,1,Winter
2022-01-27 21:00:00,185.5,2.3,125.1,1,Winter
2022-01-27 22:00:00,186.25,2.12,130.17,1,Winter
2022-01-27 23:00:00,151.0,2.1,131.43,1,Winter
2022-01-28 00:00:00,127.5,2.28,128.38,1,Winter
2022-01-28 01:00:00,113.0,2.2,127.12,1,Winter
2022-01-28 02:00:00,115.0,2.25,132.68,1,Winter
2022-01-28 03:00:00,100.0,2.1,129.62,1,Winter
2022-01-28 04:00:00,91.0,2.2,128.15,1,Winter
2022-01-28 05:00:00,92.25,2.62,95.45,1,Winter
2022-01-28 06:00:00,97.75,2.88,102.85,1,Winter
2022-01-28 07:00:00,99.75,2.78,108.4,1,Winter
2022-01-28 08:00:00,92.75,3.3,100.68,1,Winter
2022-01-28 09:00:00,99.5,4.15,110.72,1,Winter
2022-01-28 10:00:00,94.0,4.82,113.32,1,Winter
2022-01-28 11:00:00,90.75,4.42,106.85,1,Winter
2022-01-28 12:00:00,84.25,4.78,113.65,1,Winter
2022-01-28 13:00:00,66.75,4.8,109.98,1,Winter
2022-01-28 14:00:00,62.0,5.52,120.32,1,Winter
2022-01-28 15:00:00,53.5,4.88,119.9,1,Winter
2022-01-28 16:00:00,60.0,4.55,112.22,1,Winter
2022-01-28 17:00:00,46.5,3.42,116.68,1,Winter
2022-01-28 18:00:00,50.25,1.7,116.88,1,Winter
2022-01-28 19:00:00,92.75,1.65,124.1,1,Winter
2022-01-28 20:00:00,156.5,1.83,129.9,1,Winter
2022-01-28 21:00:00,190.25,1.6,113.82,1,Winter
2022-01-28 22:00:00,199.5,1.33,150.4,1,Winter
2022-01-28 23:00:00,205.5,0.6,160.12,1,Winter
2022-01-29 00:00:00,207.75,1.1,106.8,1,Winter
2022-01-29 01:00:00,224.75,1.35,118.68,1,Winter
2022-01-29 02:00:00,203.5,1.15,110.02,1,Winter
2022-01-29 03:00:00,170.0,1.52,118.0,1,Winter
2022-01-29 04:00:00,155.25,1.75,123.38,1,Winter
2022-01-29 05:00:00,100.25,1.75,121.38,1,Winter
2022-01-29 06:00:00,93.5,1.72,124.45,1,Winter
2022-01-29 07:00:00,92.0,1.55,120.08,1,Winter
2022-01-29 08:00:00,104.75,1.78,123.68,1,Winter
2022-01-29 09:00:00,110.75,2.45,91.5,1,Winter
2022-01-29 10:00:00,91.25,2.88,109.92,1,Winter
2022-01-29 11:00:00,80.0,3.0,111.15,1,Winter
2022-01-29 12:00:00,80.0,3.38,109.65,1,Winter
2022-01-29 13:00:00,66.0,3.78,122.35,1,Winter
2022-01-29 14:00:00,62.25,4.4,124.88,1,Winter
2022-01-29 15:00:00,51.0,4.18,123.5,1,Winter
2022-01-29 16:00:00,53.0,3.55,119.95,1,Winter
2022-01-29 17:00:00,58.0,2.2,121.28,1,Winter
2022-01-29 18:00:00,62.5,1.6,105.55,1,Winter
2022-01-29 19:00:00,95.0,1.5,107.3,1,Winter
2022-01-29 20:00:00,146.5,1.42,112.57,1,Winter
2022-01-29 21:00:00,220.25,1.62,123.32,1,Winter
2022-01-29 22:00:00,244.75,1.7,120.2,1,Winter
2022-01-29 23:00:00,229.25,1.78,124.58,1,Winter
2022-01-30 00:00:00,206.0,2.17,132.43,1,Winter
2022-01-30 01:00:00,184.75,2.17,132.57,1,Winter
2022-01-30 02:00:00,170.5,2.2,131.52,1,Winter
2022-01-30 03:00:00,152.75,2.28,122.52,1,Winter
2022-01-30 04:00:00,143.0,2.3,115.55,1,Winter
2022-01-30 05:00:00,152.25,2.48,105.8,1,Winter
2022-01-30 06:00:00,151.5,2.88,96.95,1,Winter
2022-01-30 07:00:00,148.25,3.47,96.65,1,Winter
2022-01-30 08:00:00,154.0,4.28,95.12,1,Winter
2022-01-30 09:00:00,157.25,4.25,102.07,1,Winter
2022-01-30 10:00:00,144.25,4.32,101.5,1,Winter
2022-01-30 11:00:00,127.75,4.75,110.52,1,Winter
2022-01-30 12:00:00,115.5,4.95,99.85,1,Winter
2022-01-30 13:00:00,96.75,5.28,103.48,1,Winter
2022-01-30 14:00:00,88.5,5.03,108.9,1,Winter
2022-01-30 15:00:00,84.0,4.57,109.3,1,Winter
2022-01-30 16:00:00,82.75,3.9,98.88,1,Winter
2022-01-30 17:00:00,82.75,3.22,102.07,1,Winter
2022-01-30 18:00:00,97.0,2.75,116.9,1,Winter
2022-01-30 19:00:00,115.75,1.98,127.95,1,Winter
2022-01-30 20:00:00,151.5,1.08,167.82,1,Winter
2022-01-30 21:00:00,175.25,0.9,138.82,1,Winter
2022-01-30 22:00:00,198.25,0.85,232.98,1,Winter
2022-01-30 23:00:00,228.75,0.85,117.3,1,Winter
2022-01-31 00:00:00,224.75,0.75,264.65,1,Winter
2022-01-31 01:00:00,211.5,1.03,214.72,1,Winter
2022-01-31 02:00:00,206.25,0.9,142.02,1,Winter
2022-01-31 03:00:00,224.0,1.18,173.25,1,Winter
2022-01-31 04:00:00,225.0,0.82,165.95,1,Winter
2022-01-31 05:00:00,209.0,1.2,123.7,1,Winter
2022-01-31 06:00:00,209.75,0.7,179.85,1,Winter
2022-01-31 07:00:00,228.33,1.27,118.28,1,Winter
2022-01-31 08:00:00,252.0,1.0,204.75,1,Winter
2022-01-31 09:00:00,279.0,1.85,296.42,1,Winter
2022-01-31 10:00:00,266.25,2.12,280.62,1,Winter
2022-01-31 11:00:00,222.25,1.18,211.3,1,Winter
2022-01-31 12:00:00,209.5,2.48,279.18,1,Winter
2022-01-31 13:00:00,235.75,2.9,273.27,1,Winter
2022-01-31 14:00:00,260.25,2.82,269.42,1,Winter
2022-01-31 15:00:00,217.0,2.6,264.68,1,Winter
2022-01-31 16:00:00,210.25,2.2,264.1,1,Winter
2022-01-31 17:00:00,208.75,1.95,269.4,1,Winter
2022-01-31 18:00:00,213.75,1.95,266.1,1,Winter
2022-01-31 19:00:00,229.0,1.88,274.52,1,Winter
2022-01-31 20:00:00,245.5,2.05,273.8,1,Winter
2022-01-31 21:00:00,228.25,1.9,277.4,1,Winter
2022-01-31 22:00:00,219.5,1.62,273.3,1,Winter
2022-01-31 23:00:00,227.0,1.25,246.1,1,Winter
2022-02-01 00:00:00,222.75,0.68,189.25,2,Winter
2022-02-01 01:00:00,208.5,0.45,305.15,2,Winter
2022-02-01 02:00:00,201.25,0.68,96.18,2,Winter
2022-02-01 03:00:00,193.25,0.82,160.25,2,Winter
2022-02-01 04:00:00,193.0,0.95,108.55,2,Winter
2022-02-01 05:00:00,186.0,1.18,108.1,2,Winter
2022-02-01 06:00:00,177.75,1.05,123.45,2,Winter
2022-02-01 07:00:00,195.0,1.3,122.07,2,Winter
2022-02-01 08:00:00,214.5,1.6,132.98,2,Winter
2022-02-01 09:00:00,219.5,2.28,123.0,2,Winter
2022-02-01 10:00:00,245.75,2.42,120.22,2,Winter
2022-02-01 11:00:00,312.0,2.65,129.88,2,Winter
2022-02-01 12:00:00,272.5,3.18,127.42,2,Winter
2022-02-01 13:00:00,213.25,3.85,118.88,2,Winter
2022-02-01 14:00:00,167.5,4.18,120.32,2,Winter
2022-02-01 15:00:00,147.75,4.07,122.38,2,Winter
2022-02-01 16:00:00,152.25,3.92,115.25,2,Winter
2022-02-01 17:00:00,146.5,2.72,111.02,2,Winter
2022-02-01 18:00:00,175.0,2.15,102.28,2,Winter
2022-02-01 19:00:00,214.0,2.25,115.02,2,Winter
2022-02-01 20:00:00,225.5,2.1,118.7,2,Winter
2022-02-01 21:00:00,234.5,2.3,113.6,2,Winter
2022-02-01 22:00:00,242.0,2.33,102.92,2,Winter
2022-02-01 23:00:00,245.0,2.25,101.12,2,Winter
2022-02-02 00:00:00,221.5,2.58,99.8,2,Winter
2022-02-02 01:00:00,200.0,3.22,103.0,2,Winter
2022-02-02 02:00:00,186.0,2.8,108.43,2,Winter
2022-02-02 03:00:00,189.0,2.5,110.8,2,Winter
2022-02-02 04:00:00,187.5,2.98,111.15,2,Winter
2022-02-02 05:00:00,181.75,2.9,104.3,2,Winter
2022-02-02 06:00:00,178.5,2.92,102.7,2,Winter
2022-02-02 07:00:00,179.75,2.72,98.55,2,Winter
2022-02-02 08:00:00,177.75,2.95,90.65,2,Winter
2022-02-02 09:00:00,168.25,2.52,81.43,2,Winter
2022-02-02 10:00:00,153.75,2.05,75.2,2,Winter
2022-02-02 11:00:00,161.0,2.9,111.2,2,Winter
2022-02-02 12:00:00,152.25,2.22,126.35,2,Winter
2022-02-02 13:00:00,128.0,1.48,177.65,2,Winter
2022-02-02 14:00:00,99.0,1.08,155.73,2,Winter
2022-02-02 15:00:00,79.75,1.23,227.35,2,Winter
2022-02-02 16:00:00,105.75,2.8,285.8,2,Winter
2022-02-02 17:00:00,150.75,2.85,297.28,2,Winter
2022-02-02 18:00:00,180.0,2.32,287.42,2,Winter
2022-02-02 19:00:00,181.25,2.42,281.62,2,Winter
2022-02-02 20:00:00,191.25,2.35,282.4,2,Winter
2022-02-02 21:00:00,216.0,2.58,278.05,2,Winter
2022-02-02 22:00:00,228.5,3.1,282.75,2,Winter
2022-02-02 23:00:00,203.5,3.08,283.2,2,Winter
2022-02-03 00:00:00,178.25,3.42,284.38,2,Winter
2022-02-03 01:00:00,178.5,3.3,285.4,2,Winter
2022-02-03 02:00:00,177.5,3.75,285.58,2,Winter
2022-02-03 03:00:00,180.25,2.15,246.23,2,Winter
2022-02-03 04:00:00,180.0,3.35,278.82,2,Winter
2022-02-03 05:00:00,176.0,4.0,285.02,2,Winter
2022-02-03 06:00:00,198.25,3.2,272.12,2,Winter
2022-02-03 07:00:00,187.5,3.55,277.95,2,Winter
2022-02-03 08:00:00,168.5,3.75,279.7,2,Winter
2022-02-03 09:00:00,151.5,4.07,283.35,2,Winter
2022-02-03 10:00:00,124.0,3.97,281.58,2,Winter
2022-02-03 11:00:00,129.0,3.68,283.6,2,Winter
2022-02-03 12:00:00,134.5,3.72,281.27,2,Winter
2022-02-03 13:00:00,132.25,4.3,286.25,2,Winter
2022-02-03 14:00:00,131.0,3.7,291.6,2,Winter
2022-02-03 15:00:00,135.0,3.28,284.58,2,Winter
2022-02-03 16:00:00,138.25,2.38,283.38,2,Winter
2022-02-03 17:00:00,139.25,1.95,293.05,2,Winter
2022-02-03 18:00:00,141.0,1.75,311.8,2,Winter
2022-02-03 19:00:00,146.25,1.18,257.7,2,Winter
2022-02-03 20:00:00,153.75,2.75,100.58,2,Winter
2022-02-03 21:00:00,150.75,2.82,88.22,2,Winter
2022-02-03 22:00:00,128.75,3.02,78.77,2,Winter
2022-02-03 23:00:00,101.75,3.08,83.82,2,Winter
2022-02-04 00:00:00,74.25,2.98,86.3,2,Winter
2022-02-04 01:00:00,62.5,3.03,93.7,2,Winter
2022-02-04 02:00:00,49.5,2.75,88.1,2,Winter
2022-02-04 03:00:00,43.25,2.55,91.5,2,Winter
2022-02-04 04:00:00,44.25,2.62,88.82,2,Winter
2022-02-04 05:00:00,35.75,2.5,102.6,2,Winter
2022-02-04 06:00:00,38.75,2.62,105.88,2,Winter
2022-02-04 07:00:00,47.0,3.45,110.12,2,Winter
2022-02-04 08:00:00,38.25,3.45,106.5,2,Winter
2022-02-04 09:00:00,39.25,3.5,110.62,2,Winter
2022-02-04 10:00:00,39.0,3.22,119.32,2,Winter
2022-02-04 11:00:00,34.5,3.18,125.28,2,Winter
2022-02-04 12:00:00,32.0,3.72,120.35,2,Winter
2022-02-04 13:00:00,38.5,3.42,125.9,2,Winter
2022-02-04 14:00:00,37.5,3.22,120.8,2,Winter
2022-02-04 15:00:00,30.0,3.25,118.4,2,Winter
2022-02-04 16:00:00,28.5,3.15,117.0,2,Winter
2022-02-04 17:00:00,23.5,2.88,124.62,2,Winter
2022-02-04 18:00:00,23.75,1.55,148.75,2,Winter
2022-02-04 19:00:00,36.5,1.1,99.8,2,Winter
2022-02-04 20:00:00,67.25,1.18,130.7,2,Winter
2022-02-04 21:00:00,97.5,1.25,96.95,2,Winter
2022-02-04 22:00:00,121.5,1.18,142.67,2,Winter
2022-02-04 23:00:00,148.0,1.33,149.4,2,Winter
2022-02-05 00:00:00,158.75,1.15,134.25,2,Winter
2022-02-05 01:00:00,156.25,1.3,126.98,2,Winter
2022-02-05 02:00:00,162.0,1.15,186.15,2,Winter
2022-02-05 03:00:00,169.5,1.2,243.02,2,Winter
2022-02-05 04:00:00,163.75,0.98,207.75,2,Winter
2022-02-05 05:00:00,123.75,1.52,125.22,2,Winter
2022-02-05 06:00:00,91.25,1.65,110.95,2,Winter
2022-02-05 07:00:00,78.5,0.75,88.6,2,Winter
2022-02-05 08:00:00,76.25,1.48,127.07,2,Winter
2022-02-05 09:00:00,59.5,1.7,122.65,2,Winter
2022-02-05 10:00:00,72.25,0.88,160.27,2,Winter
2022-02-05 11:00:00,82.75,4.08,137.4,2,Winter
2022-02-05 12:00:00,91.25,2.5,147.0,2,Winter
2022-02-05 13:00:00,87.25,2.2,99.98,2,Winter
2022-02-05 14:00:00,107.25,2.17,105.0,2,Winter
2022-02-05 15:00:00,119.25,2.22,121.92,2,Winter
2022-02-05 16:00:00,84.25,3.05,112.48,2,Winter
2022-02-05 17:00:00,64.5,2.4,126.5,2,Winter
2022-02-05 18:00:00,62.25,1.1,145.2,2,Winter
2022-02-05 19:00:00,92.0,1.48,104.43,2,Winter
2022-02-05 20:00:00,142.25,1.32,126.82,2,Winter
2022-02-05 21:00:00,169.0,1.2,117.52,2,Winter
2022-02-05 22:00:00,183.25,1.25,116.7,2,Winter
2022-02-05 23:00:00,216.0,1.35,131.32,2,Winter
2022-02-06 00:00:00,243.5,1.25,130.72,2,Winter
2022-02-06 01:00:00,254.0,1.15,109.18,2,Winter
2022-02-06 02:00:00,259.0,0.9,138.43,2,Winter
2022-02-06 03:00:00,278.75,1.15,124.13,2,Winter
2022-02-06 04:00:00,295.25,1.25,119.88,2,Winter
2022-02-06 05:00:00,289.25,1.18,156.98,2,Winter
2022-02-06 06:00:00,234.75,1.28,105.08,2,Winter
2022-02-06 07:00:00,188.25,0.87,148.12,2,Winter
2022-02-06 08:00:00,187.75,1.62,139.57,2,Winter
2022-02-06 09:00:00,163.25,2.78,133.18,2,Winter
2022-02-06 10:00:00,140.0,2.95,124.0,2,Winter
2022-02-06 11:00:00,83.75,1.2,72.4,2,Winter
2022-02-06 12:00:00,47.0,0.88,126.4,2,Winter
2022-02-06 13:00:00,38.0,1.7,62.95,2,Winter
2022-02-06 14:00:00,38.5,1.48,183.18,2,Winter
2022-02-06 15:00:00,39.5,1.4,131.05,2,Winter
2022-02-06 16:00:00,37.5,0.62,135.55,2,Winter
2022-02-06 17:00:00,47.0,1.58,282.08,2,Winter
2022-02-06 18:00:00,86.25,1.78,264.3,2,Winter
2022-02-06 19:00:00,114.75,1.48,253.55,2,Winter
2022-02-06 20:00:00,152.75,1.4,268.88,2,Winter
2022-02-06 21:00:00,187.25,1.52,257.8,2,Winter
2022-02-06 22:00:00,208.25,1.2,264.48,2,Winter
2022-02-06 23:00:00,189.25,0.6,129.4,2,Winter
2022-02-07 00:00:00,161.75,1.25,268.08,2,Winter
2022-02-07 01:00:00,148.25,1.12,279.85,2,Winter
2022-02-07 02:00:00,142.5,1.2,265.45,2,Winter
2022-02-07 03:00:00,132.75,0.48,198.18,2,Winter
2022-02-07 04:00:00,133.75,0.88,168.25,2,Winter
2022-02-07 05:00:00,131.25,0.7,118.05,2,Winter
2022-02-07 06:00:00,128.25,0.88,210.62,2,Winter
2022-02-07 07:00:00,107.25,0.92,331.45,2,Winter
2022-02-07 08:00:00,105.0,0.82,263.02,2,Winter
2022-02-07 09:00:00,98.0,1.23,144.28,2,Winter
2022-02-07 10:00:00,72.5,1.55,333.42,2,Winter
2022-02-07 11:00:00,60.0,1.35,332.5,2,Winter
2022-02-07 12:00:00,61.0,1.2,178.08,2,Winter
2022-02-07 13:00:00,52.25,1.2,106.62,2,Winter
2022-02-07 14:00:00,43.25,1.68,108.9,2,Winter
2022-02-07 15:00:00,42.5,1.78,151.82,2,Winter
2022-02-07 16:00:00,56.0,2.38,272.83,2,Winter
2022-02-07 17:00:00,82.0,1.62,274.33,2,Winter
2022-02-07 18:00:00,80.25,1.78,254.12,2,Winter
2022-02-07 19:00:00,89.5,1.85,275.8,2,Winter
2022-02-07 20:00:00,111.5,1.65,270.3,2,Winter
2022-02-07 21:00:00,127.25,0.95,252.2,2,Winter
2022-02-07 22:00:00,126.25,0.92,231.28,2,Winter
2022-02-07 23:00:00,134.0,0.6,205.0,2,Winter
2022-02-08 00:00:00,145.75,0.6,186.2,2,Winter
2022-02-08 01:00:00,145.25,0.92,204.55,2,Winter
2022-02-08 02:00:00,145.5,1.0,254.1,2,Winter
2022-02-08 03:00:00,144.25,0.65,159.72,2,Winter
2022-02-08 04:00:00,143.5,0.68,201.2,2,Winter
2022-02-08 05:00:00,138.75,1.0,124.12,2,Winter
2022-02-08 06:00:00,138.25,0.95,201.82,2,Winter
2022-02-08 07:00:00,143.5,1.23,268.45,2,Winter
2022-02-08 08:00:00,155.0,1.55,288.4,2,Winter
2022-02-08 09:00:00,151.25,1.35,263.4,2,Winter
2022-02-08 10:00:00,148.25,1.85,292.7,2,Winter
2022-02-08 11:00:00,110.75,1.2,297.02,2,Winter
2022-02-08 12:00:00,85.75,1.3,282.65,2,Winter
2022-02-08 13:00:00,85.75,2.6,273.82,2,Winter
2022-02-08 14:00:00,82.75,2.7,280.18,2,Winter
2022-02-08 15:00:00,65.5,2.82,272.82,2,Winter
2022-02-08 16:00:00,61.25,2.03,250.82,2,Winter
2022-02-08 17:00:00,74.0,1.03,168.58,2,Winter
2022-02-08 18:00:00,114.25,1.08,257.7,2,Winter
2022-02-08 19:00:00,131.75,0.95,191.9,2,Winter
2022-02-08 20:00:00,151.0,1.27,267.98,2,Winter
2022-02-08 21:00:00,168.75,1.15,217.35,2,Winter
2022-02-08 22:00:00,181.5,1.42,114.83,2,Winter
2022-02-08 23:00:00,195.25,0.78,236.82,2,Winter
2022-02-09 00:00:00,196.75,0.9,159.95,2,Winter
2022-02-09 01:00:00,209.0,0.6,168.77,2,Winter
2022-02-09 02:00:00,240.0,1.35,257.85,2,Winter
2022-02-09 03:00:00,243.0,1.1,262.9,2,Winter
2022-02-09 04:00:00,199.5,2.42,157.68,2,Winter
2022-02-09 05:00:00,156.75,2.38,132.38,2,Winter
2022-02-09 06:00:00,61.25,3.55,124.38,2,Winter
2022-02-09 07:00:00,42.25,1.62,135.98,2,Winter
2022-02-09 08:00:00,58.0,1.92,289.15,2,Winter
2022-02-09 09:00:00,68.5,2.17,288.2,2,Winter
2022-02-09 10:00:00,70.0,2.48,290.25,2,Winter
2022-02-09 11:00:00,58.75,2.82,281.18,2,Winter
2022-02-09 12:00:00,49.0,2.65,275.25,2,Winter
2022-02-09 13:00:00,38.25,2.48,251.85,2,Winter
2022-02-09 14:00:00,31.75,2.22,252.65,2,Winter
2022-02-09 15:00:00,28.5,2.22,264.12,2,Winter
2022-02-09 16:00:00,31.25,2.0,265.72,2,Winter
2022-02-09 17:00:00,39.5,2.07,267.45,2,Winter
2022-02-09 18:00:00,54.0,1.98,269.3,2,Winter
2022-02-09 19:00:00,63.75,1.88,274.97,2,Winter
2022-02-09 20:00:00,85.0,1.55,281.32,2,Winter
2022-02-09 21:00:00,92.25,0.85,207.08,2,Winter
2022-02-09 22:00:00,102.75,0.98,165.1,2,Winter
2022-02-09 23:00:00,94.75,0.95,101.2,2,Winter
2022-02-10 00:00:00,92.0,1.0,103.3,2,Winter
2022-02-10 01:00:00,91.0,1.0,91.12,2,Winter
2022-02-10 02:00:00,80.75,1.18,83.38,2,Winter
2022-02-10 03:00:00,80.5,1.28,213.77,2,Winter
2022-02-10 04:00:00,65.0,1.23,130.52,2,Winter
2022-02-10 05:00:00,65.75,1.67,127.25,2,Winter
2022-02-10 06:00:00,60.0,2.25,95.45,2,Winter
2022-02-10 07:00:00,61.75,2.45,88.42,2,Winter
2022-02-10 08:00:00,62.75,2.25,88.48,2,Winter
2022-02-10 09:00:00,80.25,2.7,95.85,2,Winter
2022-02-10 10:00:00,86.0,3.3,99.33,2,Winter
2022-02-10 11:00:00,72.0,3.55,102.72,2,Winter
2022-02-10 12:00:00,69.25,4.15,113.28,2,Winter
2022-02-10 13:00:00,78.0,4.9,119.57,2,Winter
2022-02-10 14:00:00,70.25,4.8,121.1,2,Winter
2022-02-10 15:00:00,53.0,4.97,117.88,2,Winter
2022-02-10 16:00:00,40.75,4.15,116.18,2,Winter
2022-02-10 17:00:00,32.75,3.8,123.12,2,Winter
2022-02-10 18:00:00,39.0,2.38,122.18,2,Winter
2022-02-10 19:00:00,50.0,1.98,128.25,2,Winter
2022-02-10 20:00:00,79.5,1.95,130.2,2,Winter
2022-02-10 21:00:00,97.25,2.08,128.25,2,Winter
2022-02-10 22:00:00,102.75,2.08,124.4,2,Winter
2022-02-10 23:00:00,102.5,1.92,129.32,2,Winter
2022-02-11 00:00:00,87.5,1.98,123.75,2,Winter
2022-02-11 01:00:00,90.0,1.9,125.75,2,Winter
2022-02-11 02:00:00,83.75,1.85,98.63,2,Winter
2022-02-11 03:00:00,82.25,1.85,114.32,2,Winter
2022-02-11 04:00:00,81.25,1.75,120.43,2,Winter
2022-02-11 05:00:00,83.5,2.05,109.1,2,Winter
2022-02-11 06:00:00,81.25,2.33,105.28,2,Winter
2022-02-11 07:00:00,90.75,2.65,99.4,2,Winter
2022-02-11 08:00:00,97.75,3.32,98.93,2,Winter
2022-02-11 09:00:00,94.0,3.6,96.38,2,Winter
2022-02-11 10:00:00,88.5,4.45,100.43,2,Winter
2022-02-11 11:00:00,71.0,4.78,107.0,2,Winter
2022-02-11 12:00:00,63.75,5.28,110.95,2,Winter
2022-02-11 13:00:00,49.5,5.8,110.62,2,Winter
2022-02-11 14:00:00,44.25,5.68,111.15,2,Winter
2022-02-11 15:00:00,40.5,5.55,116.22,2,Winter
2022-02-11 16:00:00,38.0,4.85,118.65,2,Winter
2022-02-11 17:00:00,42.75,3.6,119.0,2,Winter
2022-02-11 18:00:00,41.25,2.4,127.6,2,Winter
2022-02-11 19:00:00,52.75,2.12,129.5,2,Winter
2022-02-11 20:00:00,73.25,1.72,119.8,2,Winter
2022-02-11 21:00:00,100.25,1.8,122.0,2,Winter
2022-02-11 22:00:00,126.75,1.6,118.83,2,Winter
2022-02-11 23:00:00,131.25,1.55,126.28,2,Winter
2022-02-12 00:00:00,126.5,1.95,127.32,2,Winter
2022-02-12 01:00:00,112.75,1.82,129.23,2,Winter
2022-02-12 02:00:00,89.0,1.98,130.3,2,Winter
2022-02-12 03:00:00,72.25,1.9,127.28,2,Winter
2022-02-12 04:00:00,67.25,1.88,125.7,2,Winter
2022-02-12 05:00:00,69.0,1.85,102.92,2,Winter
2022-02-12 06:00:00,76.0,2.25,116.5,2,Winter
2022-02-12 07:00:00,90.25,2.45,99.68,2,Winter
2022-02-12 08:00:00,91.5,3.38,98.98,2,Winter
2022-02-12 09:00:00,74.25,3.45,95.92,2,Winter
2022-02-12 10:00:00,71.0,3.73,104.35,2,Winter
2022-02-12 11:00:00,66.5,3.78,99.07,2,Winter
2022-02-12 12:00:00,59.75,4.25,109.08,2,Winter
2022-02-12 13:00:00,48.75,4.9,120.43,2,Winter
2022-02-12 14:00:00,34.25,5.22,120.38,2,Winter
2022-02-12 15:00:00,28.5,5.15,114.12,2,Winter
2022-02-12 16:00:00,27.0,4.62,122.48,2,Winter
2022-02-12 17:00:00,28.75,3.5,120.88,2,Winter
2022-02-12 18:00:00,38.0,2.15,121.4,2,Winter
2022-02-12 19:00:00,54.25,1.42,117.2,2,Winter
2022-02-12 20:00:00,74.25,1.08,171.65,2,Winter
2022-02-12 21:00:00,109.25,1.23,132.0,2,Winter
2022-02-12 22:00:00,162.0,1.45,127.35,2,Winter
2022-02-12 23:00:00,201.75,0.75,198.18,2,Winter
2022-02-13 00:00:00,201.25,1.05,139.7,2,Winter
2022-02-13 01:00:00,194.75,1.62,121.82,2,Winter
2022-02-13 02:00:00,192.75,1.52,121.1,2,Winter
2022-02-13 03:00:00,169.0,1.3,112.45,2,Winter
2022-02-13 04:00:00,169.75,1.1,133.95,2,Winter
2022-02-13 05:00:00,189.75,1.05,127.45,2,Winter
2022-02-13 06:00:00,191.0,0.82,163.32,2,Winter
2022-02-13 07:00:00,185.75,1.18,263.8,2,Winter
2022-02-13 08:00:00,150.25,0.8,99.9,2,Winter
2022-02-13 09:00:00,134.5,1.33,153.02,2,Winter
2022-02-13 10:00:00,94.75,1.25,33.7,2,Winter
2022-02-13 11:00:00,62.5,1.58,135.6,2,Winter
2022-02-13 12:00:00,39.5,1.12,166.28,2,Winter
2022-02-13 13:00:00,38.75,1.3,237.68,2,Winter
2022-02-13 14:00:00,44.5,1.7,275.62,2,Winter
2022-02-13 15:00:00,57.25,1.8,275.45,2,Winter
2022-02-13 16:00:00,63.25,2.17,295.45,2,Winter
2022-02-13 17:00:00,66.75,1.85,285.58,2,Winter
2022-02-13 18:00:00,88.0,1.6,268.45,2,Winter
2022-02-13 19:00:00,97.5,0.9,219.45,2,Winter
2022-02-13 20:00:00,91.5,0.75,171.28,2,Winter
2022-02-13 21:00:00,100.25,1.12,159.75,2,Winter
2022-02-13 22:00:00,128.0,1.12,152.45,2,Winter
2022-02-13 23:00:00,180.75,1.38,127.08,2,Winter
2022-02-14 00:00:00,204.0,1.25,129.45,2,Winter
2022-02-14 01:00:00,194.5,1.1,120.1,2,Winter
2022-02-14 02:00:00,166.75,0.9,193.18,2,Winter
2022-02-14 03:00:00,167.25,0.95,242.0,2,Winter
2022-02-14 04:00:00,160.5,0.75,210.2,2,Winter
2022-02-14 05:00:00,156.25,0.58,192.92,2,Winter
2022-02-14 06:00:00,156.75,1.18,120.95,2,Winter
2022-02-14 07:00:00,152.75,0.82,206.18,2,Winter
2022-02-14 08:00:00,129.25,0.68,148.7,2,Winter
2022-02-14 09:00:00,81.5,1.28,25.5,2,Winter
2022-02-14 10:00:00,56.75,1.27,253.62,2,Winter
2022-02-14 11:00:00,41.0,1.52,97.0,2,Winter
2022-02-14 12:00:00,37.0,1.18,120.62,2,Winter
2022-02-14 13:00:00,25.5,1.05,60.5,2,Winter
2022-02-14 14:00:00,27.0,2.1,141.6,2,Winter
2022-02-14 15:00:00,28.5,1.55,148.3,2,Winter
2022-02-14 16:00:00,33.25,0.98,212.58,2,Winter
2022-02-14 17:00:00,40.25,2.0,280.65,2,Winter
2022-02-14 18:00:00,59.0,1.62,260.5,2,Winter
2022-02-14 19:00:00,61.0,1.18,239.05,2,Winter
2022-02-14 20:00:00,70.0,1.17,141.7,2,Winter
2022-02-14 21:00:00,100.0,1.35,128.62,2,Winter
2022-02-14 22:00:00,161.0,0.68,193.62,2,Winter
2022-02-14 23:00:00,156.5,0.98,165.02,2,Winter
2022-02-15 00:00:00,161.5,1.1,154.28,2,Winter
2022-02-15 01:00:00,157.0,0.98,153.7,2,Winter
2022-02-15 02:00:00,141.0,1.0,160.2,2,Winter
2022-02-15 03:00:00,140.75,0.95,265.9,2,Winter
2022-02-15 04:00:00,117.75,1.08,268.05,2,Winter
2022-02-15 05:00:00,104.5,1.32,165.12,2,Winter
2022-02-15 06:00:00,112.5,1.0,163.2,2,Winter
2022-02-15 07:00:00,139.0,0.92,134.85,2,Winter
2022-02-15 08:00:00,139.0,0.8,136.15,2,Winter
2022-02-15 09:00:00,137.5,0.92,131.38,2,Winter
2022-02-15 10:00:00,71.0,1.52,129.43,2,Winter
2022-02-15 11:00:00,45.0,2.05,62.95,2,Winter
2022-02-15 12:00:00,35.5,1.62,57.03,2,Winter
2022-02-15 13:00:00,24.5,1.2,254.02,2,Winter
2022-02-15 14:00:00,23.5,1.72,131.18,2,Winter
2022-02-15 15:00:00,28.5,2.53,108.98,2,Winter
2022-02-15 16:00:00,37.75,3.03,108.88,2,Winter
2022-02-15 17:00:00,32.75,2.35,111.88,2,Winter
2022-02-15 18:00:00,30.75,1.58,124.72,2,Winter
2022-02-15 19:00:00,41.75,1.22,159.05,2,Winter
2022-02-15 20:00:00,60.75,1.0,181.95,2,Winter
2022-02-15 21:00:00,82.75,1.15,158.8,2,Winter
2022-02-15 22:00:00,146.25,0.82,140.75,2,Winter
2022-02-15 23:00:00,179.5,1.65,131.5,2,Winter
2022-02-16 00:00:00,153.5,1.5,112.42,2,Winter
2022-02-16 01:00:00,137.25,1.1,132.42,2,Winter
2022-02-16 02:00:00,149.25,1.15,126.98,2,Winter
2022-02-16 03:00:00,150.5,1.25,119.22,2,Winter
2022-02-16 04:00:00,132.5,1.23,122.18,2,Winter
2022-02-16 05:00:00,128.0,1.05,118.2,2,Winter
2022-02-16 06:00:00,133.25,1.08,121.55,2,Winter
2022-02-16 07:00:00,148.0,1.42,124.5,2,Winter
2022-02-16 08:00:00,151.0,1.65,130.72,2,Winter
2022-02-16 09:00:00,173.75,1.78,142.15,2,Winter
2022-02-16 10:00:00,192.25,1.12,115.58,2,Winter
2022-02-16 11:00:00,179.25,2.75,100.55,2,Winter
2022-02-16 12:00:00,93.75,3.0,90.08,2,Winter
2022-02-16 13:00:00,73.25,3.35,112.18,2,Winter
2022-02-16 14:00:00,79.75,4.28,121.2,2,Winter
2022-02-16 15:00:00,55.5,4.0,110.48,2,Winter
2022-02-16 16:00:00,41.25,3.5,117.85,2,Winter
2022-02-16 17:00:00,48.75,2.75,124.98,2,Winter
2022-02-16 18:00:00,52.5,1.62,95.45,2,Winter
2022-02-16 19:00:00,62.5,1.5,128.5,2,Winter
2022-02-16 20:00:00,82.75,1.23,151.15,2,Winter
2022-02-16 21:00:00,97.5,0.75,168.38,2,Winter
2022-02-16 22:00:00,121.25,1.38,125.92,2,Winter
2022-02-16 23:00:00,160.0,1.32,123.4,2,Winter
2022-02-17 00:00:00,154.25,0.9,104.9,2,Winter
2022-02-17 01:00:00,148.75,0.98,138.9,2,Winter
2022-02-17 02:00:00,148.0,1.05,76.83,2,Winter
2022-02-17 03:00:00,121.5,1.7,125.6,2,Winter
2022-02-17 04:00:00,125.5,1.5,122.02,2,Winter
2022-02-17 05:00:00,133.75,1.45,121.85,2,Winter
2022-02-17 06:00:00,132.75,1.75,128.85,2,Winter
2022-02-17 07:00:00,121.5,2.02,128.45,2,Winter
2022-02-17 08:00:00,120.75,1.92,120.92,2,Winter
2022-02-17 09:00:00,131.0,2.2,100.05,2,Winter
2022-02-17 10:00:00,123.0,2.3,121.8,2,Winter
2022-02-17 11:00:00,97.0,2.45,107.85,2,Winter
2022-02-17 12:00:00,61.75,2.33,86.45,2,Winter
2022-02-17 13:00:00,54.25,2.7,103.35,2,Winter
2022-02-17 14:00:00,51.0,2.47,109.12,2,Winter
2022-02-17 15:00:00,44.25,2.53,117.22,2,Winter
2022-02-17 16:00:00,32.0,2.97,116.6,2,Winter
2022-02-17 17:00:00,28.75,2.28,126.22,2,Winter
2022-02-17 18:00:00,32.0,1.48,85.52,2,Winter
2022-02-17 19:00:00,48.75,1.27,126.9,2,Winter
2022-02-17 20:00:00,76.75,1.55,122.55,2,Winter
2022-02-17 21:00:00,123.0,1.55,105.42,2,Winter
2022-02-17 22:00:00,137.5,0.82,133.57,2,Winter
2022-02-17 23:00:00,139.75,1.2,134.78,2,Winter
2022-02-18 00:00:00,158.75,1.42,121.07,2,Winter
2022-02-18 01:00:00,175.25,1.42,124.02,2,Winter
2022-02-18 02:00:00,154.25,0.92,137.68,2,Winter
2022-02-18 03:00:00,154.75,1.48,112.93,2,Winter
2022-02-18 04:00:00,163.75,1.23,117.9,2,Winter
2022-02-18 05:00:00,165.25,1.55,130.12,2,Winter
2022-02-18 06:00:00,162.5,0.85,224.4,2,Winter
2022-02-18 07:00:00,165.75,1.42,126.62,2,Winter
2022-02-18 08:00:00,186.0,1.67,138.4,2,Winter
2022-02-18 09:00:00,187.75,1.75,121.62,2,Winter
2022-02-18 10:00:00,127.0,2.28,109.38,2,Winter
2022-02-18 11:00:00,82.75,2.65,113.28,2,Winter
2022-02-18 12:00:00,53.0,1.65,61.25,2,Winter
2022-02-18 13:00:00,35.25,2.4,97.05,2,Winter
2022-02-18 14:00:00,24.75,2.82,95.15,2,Winter
2022-02-18 15:00:00,18.0,3.02,113.82,2,Winter
2022-02-18 16:00:00,18.5,2.95,112.95,2,Winter
2022-02-18 17:00:00,24.0,1.58,130.98,2,Winter
2022-02-18 18:00:00,40.0,1.9,116.65,2,Winter
2022-02-18 19:00:00,55.5,2.65,126.07,2,Winter
2022-02-18 20:00:00,64.75,1.23,154.4,2,Winter
2022-02-18 21:00:00,69.75,0.98,82.4,2,Winter
2022-02-18 22:00:00,93.25,1.25,124.2,2,Winter
2022-02-18 23:00:00,86.75,1.42,128.38,2,Winter
2022-02-19 00:00:00,92.5,1.2,110.62,2,Winter
2022-02-19 01:00:00,95.75,1.55,129.9,2,Winter
2022-02-19 02:00:00,96.75,1.65,126.82,2,Winter
2022-02-19 03:00:00,83.0,1.68,129.05,2,Winter
2022-02-19 04:00:00,79.25,1.65,132.57,2,Winter
2022-02-19 05:00:00,76.0,1.9,121.5,2,Winter
2022-02-19 06:00:00,76.25,1.78,126.25,2,Winter
2022-02-19 07:00:00,86.5,1.9,116.05,2,Winter
2022-02-19 08:00:00,92.25,2.38,120.35,2,Winter
2022-02-19 09:00:00,101.75,3.12,121.6,2,Winter
2022-02-19 10:00:00,88.5,3.2,118.5,2,Winter
2022-02-19 11:00:00,76.5,3.55,121.2,2,Winter
2022-02-19 12:00:00,65.75,4.5,117.8,2,Winter
2022-02-19 13:00:00,43.75,4.42,111.82,2,Winter
2022-02-19 14:00:00,35.5,4.47,120.48,2,Winter
2022-02-19 15:00:00,42.5,4.78,124.08,2,Winter
2022-02-19 16:00:00,49.5,4.22,118.4,2,Winter
2022-02-19 17:00:00,48.75,3.82,123.3,2,Winter
2022-02-19 18:00:00,51.25,2.75,123.0,2,Winter
2022-02-19 19:00:00,55.75,2.55,115.02,2,Winter
2022-02-19 20:00:00,70.25,2.33,123.95,2,Winter
2022-02-19 21:00:00,82.5,1.78,122.15,2,Winter
2022-02-19 22:00:00,92.5,1.98,124.08,2,Winter
2022-02-19 23:00:00,98.75,2.0,117.38,2,Winter
2022-02-20 00:00:00,95.0,1.95,109.25,2,Winter
2022-02-20 01:00:00,94.19,2.1142857142857143,108.13857142857142,2,Winter
2022-02-20 02:00:00,93.38,2.2785714285714285,107.02714285714286,2,Winter
2022-02-20 03:00:00,92.57,2.442857142857143,105.91571428571427,2,Winter
2022-02-20 04:00:00,,,,2,Winter
2022-02-20 05:00:00,,,,2,Winter
2022-02-20 06:00:00,,,,2,Winter
2022-02-20 07:00:00,89.33,3.1,101.47,2,Winter
2022-02-20 08:00:00,84.0,2.97,100.92,2,Winter
2022-02-20 09:00:00,82.5,4.1,114.35,2,Winter
2022-02-20 10:00:00,78.25,4.6,108.68,2,Winter
2022-02-20 11:00:00,77.75,4.5,101.9,2,Winter
2022-02-20 12:00:00,72.75,4.75,107.0,2,Winter
2022-02-20 13:00:00,67.25,5.18,110.3,2,Winter
2022-02-20 14:00:00,58.25,5.57,112.52,2,Winter
2022-02-20 15:00:00,46.25,5.6,111.12,2,Winter
2022-02-20 16:00:00,45.0,5.12,106.07,2,Winter
2022-02-20 17:00:00,49.0,3.72,118.4,2,Winter
2022-02-20 18:00:00,54.25,2.42,121.2,2,Winter
2022-02-20 19:00:00,63.75,2.12,119.45,2,Winter
2022-02-20 20:00:00,74.25,2.28,128.43,2,Winter
2022-02-20 21:00:00,85.5,2.15,114.98,2,Winter
2022-02-20 22:00:00,100.75,2.05,121.7,2,Winter
2022-02-20 23:00:00,105.75,2.4,100.78,2,Winter
2022-02-21 00:00:00,101.75,2.78,96.93,2,Winter
2022-02-21 01:00:00,89.0,2.72,99.0,2,Winter
2022-02-21 02:00:00,78.75,2.15,110.55,2,Winter
2022-02-21 03:00:00,75.5,2.1,94.55,2,Winter
2022-02-21 04:00:00,75.25,2.1,92.32,2,Winter
2022-02-21 05:00:00,68.5,2.0,103.15,2,Winter
2022-02-21 06:00:00,65.25,1.7,102.35,2,Winter
2022-02-21 07:00:00,67.75,2.1,110.38,2,Winter
2022-02-21 08:00:00,62.75,2.7,102.75,2,Winter
2022-02-21 09:00:00,56.25,3.05,107.18,2,Winter
2022-02-21 10:00:00,47.5,3.22,112.0,2,Winter
2022-02-21 11:00:00,44.25,3.68,121.68,2,Winter
2022-02-21 12:00:00,37.5,4.3,122.2,2,Winter
2022-02-21 13:00:00,32.25,3.95,124.95,2,Winter
2022-02-21 14:00:00,29.5,3.9,117.15,2,Winter
2022-02-21 15:00:00,27.25,3.95,114.25,2,Winter
2022-02-21 16:00:00,26.25,2.95,106.55,2,Winter
2022-02-21 17:00:00,31.25,2.45,102.22,2,Winter
2022-02-21 18:00:00,36.5,1.65,111.43,2,Winter
2022-02-21 19:00:00,41.75,1.1,167.6,2,Winter
2022-02-21 20:00:00,53.0,0.6,164.6,2,Winter
2022-02-21 21:00:00,92.25,0.95,218.88,2,Winter
2022-02-21 22:00:00,138.25,0.88,225.2,2,Winter
2022-02-21 23:00:00,163.75,0.68,182.38,2,Winter
2022-02-22 00:00:00,159.25,0.82,151.55,2,Winter
2022-02-22 01:00:00,166.25,1.15,141.9,2,Winter
2022-02-22 02:00:00,163.25,0.85,94.02,2,Winter
2022-02-22 03:00:00,153.0,0.92,241.1,2,Winter
2022-02-22 04:00:00,154.5,1.7,272.7,2,Winter
2022-02-22 05:00:00,147.25,1.72,274.1,2,Winter
2022-02-22 06:00:00,137.75,1.78,280.15,2,Winter
2022-02-22 07:00:00,137.25,1.78,278.58,2,Winter
2022-02-22 08:00:00,139.5,2.62,292.67,2,Winter
2022-02-22 09:00:00,113.25,3.2,289.95,2,Winter
2022-02-22 10:00:00,86.67,4.27,294.95,2,Winter
2022-02-22 11:00:00,53.0,4.72,295.42,2,Winter
2022-02-22 12:00:00,42.75,4.65,294.45,2,Winter
2022-02-22 13:00:00,39.75,4.6,296.6,2,Winter
2022-02-22 14:00:00,41.25,4.22,297.8,2,Winter
2022-02-22 15:00:00,38.75,4.78,295.92,2,Winter
2022-02-22 16:00:00,38.5,4.82,294.95,2,Winter
2022-02-22 17:00:00,42.75,4.35,294.58,2,Winter
2022-02-22 18:00:00,52.5,3.95,288.2,2,Winter
2022-02-22 19:00:00,58.5,4.38,286.62,2,Winter
2022-02-22 20:00:00,65.75,3.97,288.05,2,Winter
2022-02-22 21:00:00,73.75,4.05,285.65,2,Winter
2022-02-22 22:00:00,73.5,4.18,287.55,2,Winter
2022-02-22 23:00:00,79.0,3.98,290.05,2,Winter
2022-02-23 00:00:00,93.5,4.0,292.85,2,Winter
2022-02-23 01:00:00,104.75,4.25,292.75,2,Winter
2022-02-23 02:00:00,121.0,4.03,294.95,2,Winter
2022-02-23 03:00:00,129.0,3.3,295.8,2,Winter
2022-02-23 04:00:00,110.75,3.7,297.38,2,Winter
2022-02-23 05:00:00,117.75,3.52,295.0,2,Winter
2022-02-23 06:00:00,123.25,3.3,296.88,2,Winter
2022-02-23 07:00:00,142.5,2.95,301.1,2,Winter
2022-02-23 08:00:00,116.75,3.32,292.68,2,Winter
2022-02-23 09:00:00,115.5,3.72,292.98,2,Winter
2022-02-23 10:00:00,113.75,3.58,296.82,2,Winter
2022-02-23 11:00:00,111.75,3.32,290.72,2,Winter
2022-02-23 12:00:00,108.0,2.75,268.02,2,Winter
2022-02-23 13:00:00,106.5,2.45,264.98,2,Winter
2022-02-23 14:00:00,101.25,2.4,278.42,2,Winter
2022-02-23 15:00:00,97.0,2.2,276.95,2,Winter
2022-02-23 16:00:00,92.0,2.02,291.05,2,Winter
2022-02-23 17:00:00,94.75,2.2,301.85,2,Winter
2022-02-23 18:00:00,96.25,1.45,306.12,2,Winter
2022-02-23 19:00:00,103.5,1.08,295.95,2,Winter
2022-02-23 20:00:00,111.0,1.0,220.12,2,Winter
2022-02-23 21:00:00,129.75,1.3,126.1,2,Winter
2022-02-23 22:00:00,140.0,1.12,130.93,2,Winter
2022-02-23 23:00:00,164.5,1.17,125.62,2,Winter
2022-02-24 00:00:00,165.25,0.98,183.42,2,Winter
2022-02-24 01:00:00,161.5,1.1,141.52,2,Winter
2022-02-24 02:00:00,159.25,1.23,99.32,2,Winter
2022-02-24 03:00:00,166.5,1.0,137.4,2,Winter
2022-02-24 04:00:00,167.75,1.3,126.92,2,Winter
2022-02-24 05:00:00,166.0,0.88,84.0,2,Winter
2022-02-24 06:00:00,165.5,1.2,103.95,2,Winter
2022-02-24 07:00:00,176.75,1.38,116.05,2,Winter
2022-02-24 08:00:00,191.25,1.2,163.15,2,Winter
2022-02-24 09:00:00,199.75,1.42,296.82,2,Winter
2022-02-24 10:00:00,184.5,1.1,317.1,2,Winter
2022-02-24 11:00:00,144.25,1.67,150.73,2,Winter
2022-02-24 12:00:00,118.33,1.7,98.48,2,Winter
2022-02-24 13:00:00,98.5,3.02,111.55,2,Winter
2022-02-24 14:00:00,87.5,3.18,106.07,2,Winter
2022-02-24 15:00:00,70.25,3.65,107.98,2,Winter
2022-02-24 16:00:00,49.0,3.72,107.98,2,Winter
2022-02-24 17:00:00,45.0,2.82,108.68,2,Winter
2022-02-24 18:00:00,46.75,1.6,110.55,2,Winter
2022-02-24 19:00:00,65.5,1.27,109.4,2,Winter
2022-02-24 20:00:00,91.0,1.42,116.98,2,Winter
2022-02-24 21:00:00,124.5,1.48,103.9,2,Winter
2022-02-24 22:00:00,122.75,1.58,97.05,2,Winter
2022-02-24 23:00:00,143.25,1.52,89.48,2,Winter
2022-02-25 00:00:00,166.0,1.1,156.6,2,Winter
2022-02-25 01:00:00,200.25,1.0,229.32,2,Winter
2022-02-25 02:00:00,181.0,0.78,185.48,2,Winter
2022-02-25 03:00:00,164.0,0.75,156.15,2,Winter
2022-02-25 04:00:00,158.0,1.17,107.92,2,Winter
2022-02-25 05:00:00,156.75,0.88,151.02,2,Winter
2022-02-25 06:00:00,153.75,0.95,106.42,2,Winter
2022-02-25 07:00:00,158.75,1.3,137.88,2,Winter
2022-02-25 08:00:00,175.25,1.2,111.35,2,Winter
2022-02-25 09:00:00,206.0,0.98,220.45,2,Winter
2022-02-25 10:00:00,208.0,1.83,227.52,2,Winter
2022-02-25 11:00:00,149.0,0.87,239.2,2,Winter
2022-02-25 12:00:00,113.75,1.48,301.22,2,Winter
2022-02-25 13:00:00,101.0,2.22,299.5,2,Winter
2022-02-25 14:00:00,81.75,2.52,306.08,2,Winter
2022-02-25 15:00:00,75.25,2.52,299.03,2,Winter
2022-02-25 16:00:00,65.5,1.42,210.85,2,Winter
2022-02-25 17:00:00,63.75,1.9,267.32,2,Winter
2022-02-25 18:00:00,76.0,1.85,276.62,2,Winter
2022-02-25 19:00:00,84.5,2.52,166.52,2,Winter
2022-02-25 20:00:00,63.25,2.9,191.18,2,Winter
2022-02-25 21:00:00,31.75,1.8,261.77,2,Winter
2022-02-25 22:00:00,32.5,2.8,286.45,2,Winter
2022-02-25 23:00:00,29.25,2.65,231.12,2,Winter
2022-02-26 00:00:00,31.0,1.67,240.58,2,Winter
2022-02-26 01:00:00,27.25,1.75,247.75,2,Winter
2022-02-26 02:00:00,33.25,2.32,216.87,2,Winter
2022-02-26 03:00:00,27.75,1.9,226.4,2,Winter
2022-02-26 04:00:00,15.0,3.18,264.58,2,Winter
2022-02-26 05:00:00,6.0,3.7,277.88,2,Winter
2022-02-26 06:00:00,6.5,3.5,274.65,2,Winter
2022-02-26 07:00:00,8.25,2.4,241.95,2,Winter
2022-02-26 08:00:00,10.75,2.22,253.55,2,Winter
2022-02-26 09:00:00,17.75,3.32,272.85,2,Winter
2022-02-26 10:00:00,21.25,3.48,261.25,2,Winter
2022-02-26 11:00:00,14.75,4.08,268.77,2,Winter
2022-02-26 12:00:00,11.0,4.15,276.58,2,Winter
2022-02-26 13:00:00,11.25,4.6,281.77,2,Winter
2022-02-26 14:00:00,12.25,4.12,276.82,2,Winter
2022-02-26 15:00:00,12.75,4.12,283.33,2,Winter
2022-02-26 16:00:00,12.25,3.75,279.7,2,Winter
2022-02-26 17:00:00,14.25,3.05,284.62,2,Winter
2022-02-26 18:00:00,20.5,2.6,279.3,2,Winter
2022-02-26 19:00:00,29.5,2.05,262.85,2,Winter
2022-02-26 20:00:00,34.25,1.92,256.23,2,Winter
2022-02-26 21:00:00,38.25,1.95,255.4,2,Winter
2022-02-26 22:00:00,47.25,1.6,228.45,2,Winter
2022-02-26 23:00:00,45.25,1.15,158.0,2,Winter
2022-02-27 00:00:00,46.25,0.68,239.75,2,Winter
2022-02-27 01:00:00,45.25,1.5,223.55,2,Winter
2022-02-27 02:00:00,41.5,1.38,118.28,2,Winter
2022-02-27 03:00:00,47.25,1.25,148.4,2,Winter
2022-02-27 04:00:00,48.5,1.25,126.72,2,Winter
2022-02-27 05:00:00,40.25,1.4,96.93,2,Winter
2022-02-27 06:00:00,36.25,1.3,95.55,2,Winter
2022-02-27 07:00:00,32.75,1.2,91.48,2,Winter
2022-02-27 08:00:00,36.0,2.08,132.72,2,Winter
2022-02-27 09:00:00,27.0,1.08,155.15,2,Winter
2022-02-27 10:00:00,17.75,1.42,185.9,2,Winter
2022-02-27 11:00:00,17.25,1.7,151.43,2,Winter
2022-02-27 12:00:00,18.5,2.28,143.42,2,Winter
2022-02-27 13:00:00,20.75,1.65,140.05,2,Winter
2022-02-27 14:00:00,24.5,3.7,123.12,2,Winter
2022-02-27 15:00:00,27.5,4.35,118.62,2,Winter
2022-02-27 16:00:00,22.0,4.67,119.15,2,Winter
2022-02-27 17:00:00,19.25,3.62,129.9,2,Winter
2022-02-27 18:00:00,22.0,3.53,130.2,2,Winter
2022-02-27 19:00:00,29.25,2.55,118.42,2,Winter
2022-02-27 20:00:00,36.5,2.45,113.1,2,Winter
2022-02-27 21:00:00,46.25,2.03,125.55,2,Winter
2022-02-27 22:00:00,44.75,1.98,118.9,2,Winter
2022-02-27 23:00:00,47.0,2.08,122.07,2,Winter
2022-02-28 00:00:00,45.25,2.28,120.93,2,Winter
2022-02-28 01:00:00,35.75,2.58,120.12,2,Winter
2022-02-28 02:00:00,22.25,2.55,116.52,2,Winter
2022-02-28 03:00:00,21.75,2.35,102.32,2,Winter
2022-02-28 04:00:00,27.5,2.48,107.82,2,Winter
2022-02-28 05:00:00,32.25,2.48,108.65,2,Winter
2022-02-28 06:00:00,44.5,2.5,117.9,2,Winter
2022-02-28 07:00:00,51.75,2.33,103.43,2,Winter
2022-02-28 08:00:00,51.0,3.52,108.62,2,Winter
2022-02-28 09:00:00,44.75,3.62,127.05,2,Winter
2022-02-28 10:00:00,45.0,3.85,124.82,2,Winter
2022-02-28 11:00:00,38.25,4.05,120.98,2,Winter
2022-02-28 12:00:00,34.25,4.05,105.05,2,Winter
2022-02-28 13:00:00,28.0,4.15,111.48,2,Winter
2022-02-28 14:00:00,23.25,3.82,119.5,2,Winter
2022-02-28 15:00:00,18.25,3.95,118.6,2,Winter
2022-02-28 16:00:00,17.0,3.9,120.42,2,Winter
2022-02-28 17:00:00,12.25,3.3,123.7,2,Winter
2022-02-28 18:00:00,18.25,2.58,120.02,2,Winter
2022-02-28 19:00:00,28.25,2.28,124.48,2,Winter
2022-02-28 20:00:00,41.0,1.6,115.9,2,Winter
2022-02-28 21:00:00,53.5,1.35,128.05,2,Winter
2022-02-28 22:00:00,66.0,1.65,130.82,2,Winter
2022-02-28 23:00:00,71.5,1.42,120.72,2,Winter
2022-03-01 00:00:00,70.5,1.58,131.62,3,Pre-monsoon
2022-03-01 01:00:00,72.75,1.48,133.1,3,Pre-monsoon
2022-03-01 02:00:00,79.0,1.32,136.73,3,Pre-monsoon
2022-03-01 03:00:00,92.0,1.15,108.05,3,Pre-monsoon
2022-03-01 04:00:00,95.5,1.18,140.05,3,Pre-monsoon
2022-03-01 05:00:00,94.75,1.75,125.25,3,Pre-monsoon
2022-03-01 06:00:00,89.5,1.75,123.4,3,Pre-monsoon
2022-03-01 07:00:00,100.0,2.12,117.45,3,Pre-monsoon
2022-03-01 08:00:00,115.25,2.33,109.62,3,Pre-monsoon
2022-03-01 09:00:00,97.5,2.52,112.22,3,Pre-monsoon
2022-03-01 10:00:00,66.25,2.5,106.52,3,Pre-monsoon
2022-03-01 11:00:00,57.5,2.85,94.15,3,Pre-monsoon
2022-03-01 12:00:00,53.25,2.8,96.3,3,Pre-monsoon
2022-03-01 13:00:00,44.75,2.6,99.45,3,Pre-monsoon
2022-03-01 14:00:00,45.75,2.85,115.8,3,Pre-monsoon
2022-03-01 15:00:00,51.25,2.85,118.15,3,Pre-monsoon
2022-03-01 16:00:00,51.75,3.18,119.48,3,Pre-monsoon
2022-03-01 17:00:00,49.5,2.75,122.72,3,Pre-monsoon
2022-03-01 18:00:00,48.0,2.03,127.28,3,Pre-monsoon
2022-03-01 19:00:00,61.5,1.4,93.22,3,Pre-monsoon
2022-03-01 20:00:00,78.75,1.42,103.1,3,Pre-monsoon
2022-03-01 21:00:00,94.25,1.75,103.15,3,Pre-monsoon
2022-03-01 22:00:00,105.5,1.35,87.22,3,Pre-monsoon
2022-03-01 23:00:00,104.75,1.35,74.78,3,Pre-monsoon
2022-03-02 00:00:00,120.75,1.25,120.45,3,Pre-monsoon
2022-03-02 01:00:00,131.5,1.4,136.75,3,Pre-monsoon
2022-03-02 02:00:00,119.75,1.7,114.0,3,Pre-monsoon
2022-03-02 03:00:00,110.75,1.58,87.78,3,Pre-monsoon
2022-03-02 04:00:00,95.0,1.35,101.92,3,Pre-monsoon
2022-03-02 05:00:00,96.25,1.35,130.85,3,Pre-monsoon
2022-03-02 06:00:00,100.5,1.55,135.6,3,Pre-monsoon
2022-03-02 07:00:00,114.0,1.32,128.52,3,Pre-monsoon
2022-03-02 08:00:00,157.25,2.3,152.5,3,Pre-monsoon
2022-03-02 09:00:00,175.0,1.98,115.38,3,Pre-monsoon
2022-03-02 10:00:00,153.0,2.17,119.25,3,Pre-monsoon
2022-03-02 11:00:00,118.0,2.65,108.2,3,Pre-monsoon
2022-03-02 12:00:00,95.75,2.7,102.15,3,Pre-monsoon
2022-03-02 13:00:00,68.25,3.03,92.3,3,Pre-monsoon
2022-03-02 14:00:00,48.25,3.48,91.57,3,Pre-monsoon
2022-03-02 15:00:00,41.5,3.05,119.28,3,Pre-monsoon
2022-03-02 16:00:00,41.25,3.4,114.82,3,Pre-monsoon
2022-03-02 17:00:00,28.5,2.45,110.1,3,Pre-monsoon
2022-03-02 18:00:00,34.5,1.82,125.82,3,Pre-monsoon
2022-03-02 19:00:00,39.5,1.38,95.2,3,Pre-monsoon
2022-03-02 20:00:00,48.0,1.1,121.52,3,Pre-monsoon
2022-03-02 21:00:00,74.0,0.88,157.62,3,Pre-monsoon
2022-03-02 22:00:00,93.75,1.02,122.57,3,Pre-monsoon
2022-03-02 23:00:00,111.5,1.7,106.05,3,Pre-monsoon
2022-03-03 00:00:00,113.0,2.45,96.35,3,Pre-monsoon
2022-03-03 01:00:00,90.25,2.82,120.88,3,Pre-monsoon
2022-03-03 02:00:00,95.25,2.48,131.48,3,Pre-monsoon
2022-03-03 03:00:00,73.75,1.32,83.88,3,Pre-monsoon
2022-03-03 04:00:00,80.0,1.4,147.8,3,Pre-monsoon
2022-03-03 05:00:00,82.0,1.85,187.05,3,Pre-monsoon
2022-03-03 06:00:00,79.0,1.52,286.32,3,Pre-monsoon
2022-03-03 07:00:00,81.25,1.38,314.58,3,Pre-monsoon
2022-03-03 08:00:00,90.75,1.92,292.98,3,Pre-monsoon
2022-03-03 09:00:00,95.25,2.6,278.8,3,Pre-monsoon
2022-03-03 10:00:00,84.0,1.4,193.18,3,Pre-monsoon
2022-03-03 11:00:00,66.0,1.18,309.23,3,Pre-monsoon
2022-03-03 12:00:00,46.0,1.33,249.23,3,Pre-monsoon
2022-03-03 13:00:00,36.0,1.67,244.3,3,Pre-monsoon
2022-03-03 14:00:00,42.0,1.25,263.5,3,Pre-monsoon
2022-03-03 15:00:00,19.0,1.3,101.48,3,Pre-monsoon
2022-03-03 16:00:00,24.0,1.38,100.63,3,Pre-monsoon
2022-03-03 17:00:00,30.0,2.38,68.18,3,Pre-monsoon
2022-03-03 18:00:00,41.0,1.12,269.77,3,Pre-monsoon
2022-03-03 19:00:00,55.0,1.2,218.3,3,Pre-monsoon
2022-03-03 20:00:00,67.0,0.95,132.4,3,Pre-monsoon
2022-03-03 21:00:00,74.0,1.4,109.68,3,Pre-monsoon
2022-03-03 22:00:00,79.0,1.5,98.32,3,Pre-monsoon
2022-03-03 23:00:00,96.0,1.45,121.82,3,Pre-monsoon
2022-03-04 00:00:00,105.0,0.87,140.15,3,Pre-monsoon
2022-03-04 01:00:00,99.0,0.98,145.18,3,Pre-monsoon
2022-03-04 02:00:00,105.0,1.68,109.25,3,Pre-monsoon
2022-03-04 03:00:00,118.0,1.8,115.25,3,Pre-monsoon
2022-03-04 04:00:00,110.0,2.22,124.35,3,Pre-monsoon
2022-03-04 05:00:00,108.0,2.55,115.55,3,Pre-monsoon
2022-03-04 06:00:00,128.0,2.77,110.38,3,Pre-monsoon
2022-03-04 07:00:00,127.0,2.52,113.25,3,Pre-monsoon
2022-03-04 08:00:00,122.0,3.2,99.0,3,Pre-monsoon
2022-03-04 09:00:00,110.0,4.03,111.75,3,Pre-monsoon
2022-03-04 10:00:00,88.0,4.92,117.12,3,Pre-monsoon
2022-03-04 11:00:00,68.0,4.42,118.75,3,Pre-monsoon
2022-03-04 12:00:00,56.0,4.47,112.95,3,Pre-monsoon
2022-03-04 13:00:00,52.0,4.77,123.82,3,Pre-monsoon
2022-03-04 14:00:00,45.0,4.6,121.02,3,Pre-monsoon
2022-03-04 15:00:00,40.0,4.32,127.4,3,Pre-monsoon
2022-03-04 16:00:00,39.0,4.57,118.25,3,Pre-monsoon
2022-03-04 17:00:00,31.0,4.22,120.35,3,Pre-monsoon
2022-03-04 18:00:00,27.0,3.7,123.7,3,Pre-monsoon
2022-03-04 19:00:00,33.0,3.15,123.85,3,Pre-monsoon
2022-03-04 20:00:00,41.0,2.95,119.48,3,Pre-monsoon
2022-03-04 21:00:00,39.0,3.22,120.85,3,Pre-monsoon
2022-03-04 22:00:00,44.0,3.3,121.05,3,Pre-monsoon
2022-03-04 23:00:00,35.0,3.5,122.8,3,Pre-monsoon
2022-03-05 00:00:00,38.0,3.42,121.22,3,Pre-monsoon
2022-03-05 01:00:00,46.0,3.22,113.08,3,Pre-monsoon
2022-03-05 02:00:00,42.0,3.2,115.48,3,Pre-monsoon
2022-03-05 03:00:00,50.0,2.9,109.6,3,Pre-monsoon
2022-03-05 04:00:00,53.0,2.48,99.1,3,Pre-monsoon
2022-03-05 05:00:00,53.0,2.17,101.48,3,Pre-monsoon
2022-03-05 06:00:00,48.0,2.62,91.18,3,Pre-monsoon
2022-03-05 07:00:00,56.0,2.85,87.68,3,Pre-monsoon
2022-03-05 08:00:00,84.0,3.45,92.32,3,Pre-monsoon
2022-03-05 09:00:00,73.0,3.7,105.45,3,Pre-monsoon
2022-03-05 10:00:00,62.0,4.45,113.68,3,Pre-monsoon
2022-03-05 11:00:00,50.0,3.92,103.6,3,Pre-monsoon
2022-03-05 12:00:00,41.0,4.82,123.35,3,Pre-monsoon
2022-03-05 13:00:00,39.0,5.08,111.58,3,Pre-monsoon
2022-03-05 14:00:00,41.0,5.25,123.7,3,Pre-monsoon
2022-03-05 15:00:00,28.0,4.95,112.02,3,Pre-monsoon
2022-03-05 16:00:00,27.0,4.45,108.28,3,Pre-monsoon
2022-03-05 17:00:00,28.0,4.32,113.22,3,Pre-monsoon
2022-03-05 18:00:00,29.0,3.25,117.2,3,Pre-monsoon
2022-03-05 19:00:00,31.0,2.72,120.83,3,Pre-monsoon
2022-03-05 20:00:00,45.0,2.35,129.62,3,Pre-monsoon
2022-03-05 21:00:00,50.0,2.05,128.88,3,Pre-monsoon
2022-03-05 22:00:00,56.0,2.02,120.8,3,Pre-monsoon
2022-03-05 23:00:00,64.0,2.08,128.5,3,Pre-monsoon
2022-03-06 00:00:00,69.0,1.98,127.05,3,Pre-monsoon
2022-03-06 01:00:00,64.0,2.1,125.9,3,Pre-monsoon
2022-03-06 02:00:00,66.0,2.18,119.52,3,Pre-monsoon
2022-03-06 03:00:00,67.0,1.8,122.52,3,Pre-monsoon
2022-03-06 04:00:00,68.0,1.55,125.58,3,Pre-monsoon
2022-03-06 05:00:00,69.0,2.1,90.3,3,Pre-monsoon
2022-03-06 06:00:00,107.0,2.08,90.85,3,Pre-monsoon
2022-03-06 07:00:00,92.0,2.15,96.75,3,Pre-monsoon
2022-03-06 08:00:00,91.0,1.8,95.7,3,Pre-monsoon
2022-03-06 09:00:00,80.0,3.0,98.72,3,Pre-monsoon
2022-03-06 10:00:00,74.0,2.15,108.72,3,Pre-monsoon
2022-03-06 11:00:00,59.0,2.02,107.28,3,Pre-monsoon
2022-03-06 12:00:00,51.0,1.72,158.2,3,Pre-monsoon
2022-03-06 13:00:00,44.0,1.6,135.88,3,Pre-monsoon
2022-03-06 14:00:00,33.0,1.48,166.12,3,Pre-monsoon
2022-03-06 15:00:00,34.0,1.33,158.45,3,Pre-monsoon
2022-03-06 16:00:00,53.0,1.68,149.85,3,Pre-monsoon
2022-03-06 17:00:00,53.0,3.85,130.8,3,Pre-monsoon
2022-03-06 18:00:00,56.0,1.27,159.07,3,Pre-monsoon
2022-03-06 19:00:00,72.0,1.22,289.52,3,Pre-monsoon
2022-03-06 20:00:00,83.0,0.82,147.58,3,Pre-monsoon
2022-03-06 21:00:00,75.0,0.7,115.22,3,Pre-monsoon
2022-03-06 22:00:00,74.0,0.98,244.7,3,Pre-monsoon
2022-03-06 23:00:00,106.0,0.68,160.12,3,Pre-monsoon
2022-03-07 00:00:00,108.0,1.4,115.45,3,Pre-monsoon
2022-03-07 01:00:00,125.0,0.78,211.32,3,Pre-monsoon
2022-03-07 02:00:00,112.0,0.48,200.12,3,Pre-monsoon
2022-03-07 03:00:00,105.0,0.77,133.08,3,Pre-monsoon
2022-03-07 04:00:00,103.0,0.68,254.82,3,Pre-monsoon
2022-03-07 05:00:00,111.0,0.85,213.23,3,Pre-monsoon
2022-03-07 06:00:00,102.0,1.12,206.32,3,Pre-monsoon
2022-03-07 07:00:00,102.0,1.15,259.8,3,Pre-monsoon
2022-03-07 08:00:00,111.0,1.65,297.0,3,Pre-monsoon
2022-03-07 09:00:00,145.0,2.17,286.42,3,Pre-monsoon
2022-03-07 10:00:00,130.0,1.78,306.62,3,Pre-monsoon
2022-03-07 11:00:00,96.0,1.52,230.3,3,Pre-monsoon
2022-03-07 12:00:00,77.0,0.92,113.62,3,Pre-monsoon
2022-03-07 13:00:00,84.0,1.5,142.65,3,Pre-monsoon
2022-03-07 14:00:00,52.0,1.35,253.55,3,Pre-monsoon
2022-03-07 15:00:00,68.0,1.42,226.78,3,Pre-monsoon
2022-03-07 16:00:00,68.0,1.32,247.5,3,Pre-monsoon
2022-03-07 17:00:00,70.0,0.95,194.95,3,Pre-monsoon
2022-03-07 18:00:00,70.0,0.92,179.02,3,Pre-monsoon
2022-03-07 19:00:00,84.0,1.08,159.72,3,Pre-monsoon
2022-03-07 20:00:00,97.0,1.35,136.5,3,Pre-monsoon
2022-03-07 21:00:00,129.0,1.45,133.8,3,Pre-monsoon
2022-03-07 22:00:00,177.0,1.25,81.25,3,Pre-monsoon
2022-03-07 23:00:00,149.0,1.38,120.9,3,Pre-monsoon
2022-03-08 00:00:00,143.0,1.48,120.22,3,Pre-monsoon
2022-03-08 01:00:00,129.0,1.23,106.4,3,Pre-monsoon
2022-03-08 02:00:00,132.0,1.4,110.6,3,Pre-monsoon
2022-03-08 03:00:00,134.0,1.62,130.88,3,Pre-monsoon
2022-03-08 04:00:00,137.75,1.5,131.38,3,Pre-monsoon
2022-03-08 05:00:00,149.25,1.52,118.5,3,Pre-monsoon
2022-03-08 06:00:00,151.25,1.4,128.6,3,Pre-monsoon
2022-03-08 07:00:00,158.0,1.0,136.45,3,Pre-monsoon
2022-03-08 08:00:00,188.75,2.17,123.88,3,Pre-monsoon
2022-03-08 09:00:00,234.25,2.4,124.85,3,Pre-monsoon
2022-03-08 10:00:00,161.0,3.22,124.22,3,Pre-monsoon
2022-03-08 11:00:00,110.0,2.9,126.67,3,Pre-monsoon
2022-03-08 12:00:00,85.25,3.4,125.3,3,Pre-monsoon
2022-03-08 13:00:00,83.0,3.92,114.7,3,Pre-monsoon
2022-03-08 14:00:00,51.0,3.9,124.02,3,Pre-monsoon
2022-03-08 15:00:00,34.5,3.22,135.25,3,Pre-monsoon
2022-03-08 16:00:00,28.0,3.42,129.5,3,Pre-monsoon
2022-03-08 17:00:00,23.75,2.85,132.0,3,Pre-monsoon
2022-03-08 18:00:00,28.0,2.1,111.78,3,Pre-monsoon
2022-03-08 19:00:00,29.75,1.48,131.5,3,Pre-monsoon
2022-03-08 20:00:00,46.25,1.65,109.28,3,Pre-monsoon
2022-03-08 21:00:00,55.5,1.38,85.08,3,Pre-monsoon
2022-03-08 22:00:00,62.5,1.52,82.07,3,Pre-monsoon
2022-03-08 23:00:00,61.5,1.38,102.02,3,Pre-monsoon
2022-03-09 00:00:00,62.5,1.6,113.93,3,Pre-monsoon
2022-03-09 01:00:00,61.0,1.42,117.15,3,Pre-monsoon
2022-03-09 02:00:00,64.25,1.27,120.85,3,Pre-monsoon
2022-03-09 03:00:00,75.25,1.65,130.5,3,Pre-monsoon
2022-03-09 04:00:00,78.5,1.8,124.52,3,Pre-monsoon
2022-03-09 05:00:00,76.25,1.92,122.8,3,Pre-monsoon
2022-03-09 06:00:00,83.75,2.5,104.4,3,Pre-monsoon
2022-03-09 07:00:00,103.0,2.17,104.25,3,Pre-monsoon
2022-03-09 08:00:00,68.5,3.03,98.8,3,Pre-monsoon
2022-03-09 09:00:00,53.75,3.05,101.72,3,Pre-monsoon
2022-03-09 10:00:00,49.25,3.3,113.25,3,Pre-monsoon
2022-03-09 11:00:00,43.75,3.9,124.85,3,Pre-monsoon
2022-03-09 12:00:00,32.5,4.6,126.0,3,Pre-monsoon
2022-03-09 13:00:00,25.75,4.43,132.1,3,Pre-monsoon
2022-03-09 14:00:00,21.0,4.8,125.2,3,Pre-monsoon
2022-03-09 15:00:00,25.75,4.47,131.07,3,Pre-monsoon
2022-03-09 16:00:00,21.5,4.08,126.18,3,Pre-monsoon
2022-03-09 17:00:00,19.5,3.58,128.15,3,Pre-monsoon
2022-03-09 18:00:00,20.5,2.03,115.35,3,Pre-monsoon
2022-03-09 19:00:00,29.25,2.1,126.6,3,Pre-monsoon
2022-03-09 20:00:00,36.5,2.05,129.68,3,Pre-monsoon
2022-03-09 21:00:00,49.0,1.8,128.72,3,Pre-monsoon
2022-03-09 22:00:00,58.25,2.48,125.9,3,Pre-monsoon
2022-03-09 23:00:00,64.0,2.68,118.93,3,Pre-monsoon
2022-03-10 00:00:00,50.75,2.82,122.52,3,Pre-monsoon
2022-03-10 01:00:00,46.75,2.33,106.12,3,Pre-monsoon
2022-03-10 02:00:00,47.75,2.42,114.32,3,Pre-monsoon
2022-03-10 03:00:00,62.25,2.62,98.78,3,Pre-monsoon
2022-03-10 04:00:00,94.25,2.0,96.5,3,Pre-monsoon
2022-03-10 05:00:00,104.0,1.98,108.3,3,Pre-monsoon
2022-03-10 06:00:00,93.5,2.0,99.85,3,Pre-monsoon
2022-03-10 07:00:00,89.5,2.0,121.28,3,Pre-monsoon
2022-03-10 08:00:00,86.5,3.0,108.4,3,Pre-monsoon
2022-03-10 09:00:00,69.5,4.3,120.05,3,Pre-monsoon
2022-03-10 10:00:00,56.0,4.08,121.9,3,Pre-monsoon
2022-03-10 11:00:00,43.5,4.03,116.93,3,Pre-monsoon
2022-03-10 12:00:00,33.25,3.98,116.98,3,Pre-monsoon
2022-03-10 13:00:00,32.5,4.58,110.72,3,Pre-monsoon
2022-03-10 14:00:00,27.0,5.28,125.88,3,Pre-monsoon
2022-03-10 15:00:00,25.0,4.08,118.32,3,Pre-monsoon
2022-03-10 16:00:00,28.5,4.32,119.02,3,Pre-monsoon
2022-03-10 17:00:00,30.0,3.7,121.58,3,Pre-monsoon
2022-03-10 18:00:00,31.5,2.62,118.93,3,Pre-monsoon
2022-03-10 19:00:00,38.75,1.95,114.5,3,Pre-monsoon
2022-03-10 20:00:00,50.75,1.82,120.05,3,Pre-monsoon
2022-03-10 21:00:00,63.5,2.08,118.62,3,Pre-monsoon
2022-03-10 22:00:00,68.0,1.7,113.32,3,Pre-monsoon
2022-03-10 23:00:00,68.0,1.18,127.48,3,Pre-monsoon
2022-03-11 00:00:00,69.0,1.75,128.18,3,Pre-monsoon
2022-03-11 01:00:00,73.75,1.52,128.95,3,Pre-monsoon
2022-03-11 02:00:00,76.0,1.65,132.25,3,Pre-monsoon
2022-03-11 03:00:00,69.5,1.78,128.75,3,Pre-monsoon
2022-03-11 04:00:00,80.0,2.02,130.7,3,Pre-monsoon
2022-03-11 05:00:00,87.0,2.02,134.43,3,Pre-monsoon
2022-03-11 06:00:00,92.0,1.92,102.52,3,Pre-monsoon
2022-03-11 07:00:00,135.75,2.48,102.18,3,Pre-monsoon
2022-03-11 08:00:00,163.5,3.28,99.02,3,Pre-monsoon
2022-03-11 09:00:00,136.75,3.88,108.75,3,Pre-monsoon
2022-03-11 10:00:00,92.5,4.38,122.68,3,Pre-monsoon
2022-03-11 11:00:00,71.0,4.65,117.4,3,Pre-monsoon
2022-03-11 12:00:00,46.5,4.18,114.58,3,Pre-monsoon
2022-03-11 13:00:00,42.75,4.73,119.4,3,Pre-monsoon
2022-03-11 14:00:00,33.75,4.85,119.93,3,Pre-monsoon
2022-03-11 15:00:00,28.0,5.22,121.02,3,Pre-monsoon
2022-03-11 16:00:00,30.75,4.97,117.98,3,Pre-monsoon
2022-03-11 17:00:00,30.25,3.95,120.08,3,Pre-monsoon
2022-03-11 18:00:00,32.0,3.25,121.6,3,Pre-monsoon
2022-03-11 19:00:00,37.25,2.55,118.8,3,Pre-monsoon
2022-03-11 20:00:00,48.5,2.2,126.75,3,Pre-monsoon
2022-03-11 21:00:00,65.25,2.18,129.38,3,Pre-monsoon
2022-03-11 22:00:00,73.75,2.22,130.8,3,Pre-monsoon
2022-03-11 23:00:00,68.5,1.82,130.43,3,Pre-monsoon
2022-03-12 00:00:00,62.5,1.55,116.6,3,Pre-monsoon
2022-03-12 01:00:00,59.5,2.03,121.38,3,Pre-monsoon
2022-03-12 02:00:00,64.75,2.28,121.52,3,Pre-monsoon
2022-03-12 03:00:00,67.75,2.05,124.0,3,Pre-monsoon
2022-03-12 04:00:00,79.0,2.2,116.3,3,Pre-monsoon
2022-03-12 05:00:00,107.25,1.98,124.02,3,Pre-monsoon
2022-03-12 06:00:00,106.25,2.25,111.05,3,Pre-monsoon
2022-03-12 07:00:00,86.25,2.75,100.95,3,Pre-monsoon
2022-03-12 08:00:00,71.0,2.97,101.45,3,Pre-monsoon
2022-03-12 09:00:00,75.75,3.5,106.93,3,Pre-monsoon
2022-03-12 10:00:00,72.0,4.38,120.8,3,Pre-monsoon
2022-03-12 11:00:00,46.0,4.38,123.7,3,Pre-monsoon
2022-03-12 12:00:00,45.0,4.5,124.65,3,Pre-monsoon
2022-03-12 13:00:00,40.0,4.95,116.22,3,Pre-monsoon
2022-03-12 14:00:00,34.0,4.53,122.08,3,Pre-monsoon
2022-03-12 15:00:00,33.0,3.9,120.8,3,Pre-monsoon
2022-03-12 16:00:00,29.75,4.12,121.33,3,Pre-monsoon
2022-03-12 17:00:00,30.25,3.65,121.35,3,Pre-monsoon
2022-03-12 18:00:00,33.75,2.6,118.55,3,Pre-monsoon
2022-03-12 19:00:00,37.5,2.12,128.75,3,Pre-monsoon
2022-03-12 20:00:00,53.75,1.5,114.35,3,Pre-monsoon
2022-03-12 21:00:00,65.75,1.1,156.75,3,Pre-monsoon
2022-03-12 22:00:00,79.75,1.7,127.92,3,Pre-monsoon
2022-03-12 23:00:00,93.0,1.9,133.22,3,Pre-monsoon
2022-03-13 00:00:00,108.5,1.75,131.78,3,Pre-monsoon
2022-03-13 01:00:00,106.75,1.5,123.82,3,Pre-monsoon
2022-03-13 02:00:00,94.75,1.7,124.42,3,Pre-monsoon
2022-03-13 03:00:00,86.25,1.72,125.75,3,Pre-monsoon
2022-03-13 04:00:00,88.5,1.72,132.25,3,Pre-monsoon
2022-03-13 05:00:00,112.25,2.08,133.85,3,Pre-monsoon
2022-03-13 06:00:00,111.75,2.1,137.35,3,Pre-monsoon
2022-03-13 07:00:00,100.0,2.15,114.62,3,Pre-monsoon
2022-03-13 08:00:00,99.25,2.8,98.9,3,Pre-monsoon
2022-03-13 09:00:00,80.75,3.08,98.3,3,Pre-monsoon
2022-03-13 10:00:00,58.75,2.97,100.6,3,Pre-monsoon
2022-03-13 11:00:00,60.25,3.18,100.22,3,Pre-monsoon
2022-03-13 12:00:00,66.75,3.45,103.25,3,Pre-monsoon
2022-03-13 13:00:00,63.75,3.97,91.48,3,Pre-monsoon
2022-03-13 14:00:00,54.75,4.47,108.05,3,Pre-monsoon
2022-03-13 15:00:00,48.0,4.12,112.38,3,Pre-monsoon
2022-03-13 16:00:00,47.75,3.68,120.72,3,Pre-monsoon
2022-03-13 17:00:00,46.25,3.3,114.05,3,Pre-monsoon
2022-03-13 18:00:00,47.75,2.28,145.45,3,Pre-monsoon
2022-03-13 19:00:00,60.0,2.95,131.68,3,Pre-monsoon
2022-03-13 20:00:00,64.25,1.15,93.07,3,Pre-monsoon
2022-03-13 21:00:00,75.25,1.35,118.72,3,Pre-monsoon
2022-03-13 22:00:00,102.25,1.52,131.93,3,Pre-monsoon
2022-03-13 23:00:00,118.0,1.3,138.43,3,Pre-monsoon
2022-03-14 00:00:00,116.5,1.27,131.4,3,Pre-monsoon
2022-03-14 01:00:00,109.5,1.7,122.2,3,Pre-monsoon
2022-03-14 02:00:00,102.25,1.67,135.55,3,Pre-monsoon
2022-03-14 03:00:00,103.0,1.4,135.5,3,Pre-monsoon
2022-03-14 04:00:00,112.8325,1.4825,135.525,3,Pre-monsoon
2022-03-14 05:00:00,122.665,1.565,135.55,3,Pre-monsoon
2022-03-14 06:00:00,132.4975,1.6475,135.575,3,Pre-monsoon
2022-03-14 07:00:00,142.33,1.73,135.6,3,Pre-monsoon
2022-03-14 08:00:00,182.25,2.68,121.35,3,Pre-monsoon
2022-03-14 09:00:00,204.0,1.12,115.22,3,Pre-monsoon
2022-03-14 10:00:00,117.0,1.15,124.4,3,Pre-monsoon
2022-03-14 11:00:00,70.5,2.2,81.15,3,Pre-monsoon
2022-03-14 12:00:00,66.75,3.08,95.5,3,Pre-monsoon
2022-03-14 13:00:00,67.25,3.22,119.98,3,Pre-monsoon
2022-03-14 14:00:00,64.0,3.32,116.02,3,Pre-monsoon
2022-03-14 15:00:00,65.0,3.95,124.85,3,Pre-monsoon
2022-03-14 16:00:00,49.5,4.07,121.75,3,Pre-monsoon
2022-03-14 17:00:00,52.5,3.42,121.98,3,Pre-monsoon
2022-03-14 18:00:00,68.75,2.45,137.65,3,Pre-monsoon
2022-03-14 19:00:00,76.5,4.03,138.65,3,Pre-monsoon
2022-03-14 20:00:00,77.25,1.23,209.62,3,Pre-monsoon
2022-03-14 21:00:00,88.25,0.55,185.62,3,Pre-monsoon
2022-03-14 22:00:00,107.75,1.1,246.4,3,Pre-monsoon
2022-03-14 23:00:00,128.5,1.15,208.08,3,Pre-monsoon
2022-03-15 00:00:00,132.0,1.1,104.9,3,Pre-monsoon
2022-03-15 01:00:00,141.0,1.42,126.98,3,Pre-monsoon
2022-03-15 02:00:00,146.0,1.52,129.9,3,Pre-monsoon
2022-03-15 03:00:00,133.0,1.67,132.52,3,Pre-monsoon
2022-03-15 04:00:00,130.0,1.72,131.18,3,Pre-monsoon
2022-03-15 05:00:00,131.25,1.6,129.28,3,Pre-monsoon
2022-03-15 06:00:00,133.75,1.68,132.18,3,Pre-monsoon
2022-03-15 07:00:00,137.5,1.92,128.4,3,Pre-monsoon
2022-03-15 08:00:00,163.75,2.4,97.78,3,Pre-monsoon
2022-03-15 09:00:00,167.75,2.07,101.07,3,Pre-monsoon
2022-03-15 10:00:00,146.0,2.2,106.68,3,Pre-monsoon
2022-03-15 11:00:00,81.25,3.05,101.68,3,Pre-monsoon
2022-03-15 12:00:00,68.5,3.1,92.05,3,Pre-monsoon
2022-03-15 13:00:00,62.0,3.82,112.45,3,Pre-monsoon
2022-03-15 14:00:00,57.75,4.03,119.92,3,Pre-monsoon
2022-03-15 15:00:00,61.75,4.05,104.1,3,Pre-monsoon
2022-03-15 16:00:00,57.75,3.85,108.1,3,Pre-monsoon
2022-03-15 17:00:00,55.75,3.5,127.15,3,Pre-monsoon
2022-03-15 18:00:00,54.75,2.47,137.18,3,Pre-monsoon
2022-03-15 19:00:00,65.25,2.45,140.85,3,Pre-monsoon
2022-03-15 20:00:00,92.25,6.18,135.27,3,Pre-monsoon
2022-03-15 21:00:00,139.5,2.48,114.6,3,Pre-monsoon
2022-03-15 22:00:00,100.5,1.23,133.55,3,Pre-monsoon
2022-03-15 23:00:00,107.25,2.07,124.35,3,Pre-monsoon
2022-03-16 00:00:00,114.67,1.9,125.18,3,Pre-monsoon
2022-03-16 01:00:00,115.25,1.75,127.42,3,Pre-monsoon
2022-03-16 02:00:00,111.5,1.88,120.65,3,Pre-monsoon
2022-03-16 03:00:00,117.5,2.35,103.5,3,Pre-monsoon
2022-03-16 04:00:00,142.75,2.48,104.57,3,Pre-monsoon
2022-03-16 05:00:00,120.5,2.62,96.57,3,Pre-monsoon
2022-03-16 06:00:00,113.5,2.38,107.98,3,Pre-monsoon
2022-03-16 07:00:00,129.0,2.68,99.0,3,Pre-monsoon
2022-03-16 08:00:00,140.25,3.4,96.85,3,Pre-monsoon
2022-03-16 09:00:00,123.0,4.0,103.25,3,Pre-monsoon
2022-03-16 10:00:00,101.0,4.78,107.55,3,Pre-monsoon
2022-03-16 11:00:00,86.0,4.9,105.63,3,Pre-monsoon
2022-03-16 12:00:00,73.5,5.38,106.25,3,Pre-monsoon
2022-03-16 13:00:00,60.0,6.2,115.72,3,Pre-monsoon
2022-03-16 14:00:00,49.75,6.42,115.75,3,Pre-monsoon
2022-03-16 15:00:00,42.25,6.38,121.3,3,Pre-monsoon
2022-03-16 16:00:00,29.25,6.93,118.78,3,Pre-monsoon
2022-03-16 17:00:00,26.25,4.48,123.25,3,Pre-monsoon
2022-03-16 18:00:00,35.75,2.88,114.35,3,Pre-monsoon
2022-03-16 19:00:00,47.25,2.18,133.07,3,Pre-monsoon
2022-03-16 20:00:00,61.25,2.45,137.82,3,Pre-monsoon
2022-03-16 21:00:00,74.0,2.82,120.45,3,Pre-monsoon
2022-03-16 22:00:00,74.75,3.12,123.6,3,Pre-monsoon
2022-03-16 23:00:00,77.0,2.52,128.28,3,Pre-monsoon
2022-03-17 00:00:00,77.5,2.08,115.82,3,Pre-monsoon
2022-03-17 01:00:00,78.75,1.88,129.05,3,Pre-monsoon
2022-03-17 02:00:00,78.0,1.52,138.62,3,Pre-monsoon
2022-03-17 03:00:00,78.5,1.0,153.8,3,Pre-monsoon
2022-03-17 04:00:00,83.5,1.65,117.78,3,Pre-monsoon
2022-03-17 05:00:00,105.0,2.05,103.58,3,Pre-monsoon
2022-03-17 06:00:00,139.25,2.28,116.9,3,Pre-monsoon
2022-03-17 07:00:00,139.5,2.4,136.9,3,Pre-monsoon
2022-03-17 08:00:00,128.5,2.8,114.38,3,Pre-monsoon
2022-03-17 09:00:00,126.25,1.05,205.05,3,Pre-monsoon
2022-03-17 10:00:00,120.0,0.92,183.9,3,Pre-monsoon
2022-03-17 11:00:00,103.25,2.0,153.72,3,Pre-monsoon
2022-03-17 12:00:00,90.75,2.1,144.48,3,Pre-monsoon
2022-03-17 13:00:00,94.5,1.42,176.58,3,Pre-monsoon
2022-03-17 14:00:00,93.0,1.12,169.52,3,Pre-monsoon
2022-03-17 15:00:00,106.0,1.95,255.28,3,Pre-monsoon
2022-03-17 16:00:00,116.75,1.68,268.05,3,Pre-monsoon
2022-03-17 17:00:00,110.5,2.02,271.48,3,Pre-monsoon
2022-03-17 18:00:00,108.25,1.92,273.2,3,Pre-monsoon
2022-03-17 19:00:00,128.25,2.08,267.73,3,Pre-monsoon
2022-03-17 20:00:00,142.25,1.9,272.55,3,Pre-monsoon
2022-03-17 21:00:00,154.5,1.87,263.23,3,Pre-monsoon
2022-03-17 22:00:00,181.25,2.5,196.38,3,Pre-monsoon
2022-03-17 23:00:00,190.25,6.3,135.6,3,Pre-monsoon
2022-03-18 00:00:00,204.5,6.5,135.1,3,Pre-monsoon
2022-03-18 01:00:00,199.75,6.5,135.08,3,Pre-monsoon
2022-03-18 02:00:00,194.0,1.0,252.52,3,Pre-monsoon
2022-03-18 03:00:00,178.75,1.4,262.62,3,Pre-monsoon
2022-03-18 04:00:00,177.0,1.33,266.67,3,Pre-monsoon
2022-03-18 05:00:00,178.75,1.58,275.2,3,Pre-monsoon
2022-03-18 06:00:00,191.0,2.3,289.23,3,Pre-monsoon
2022-03-18 07:00:00,183.25,4.27,155.32,3,Pre-monsoon
2022-03-18 08:00:00,171.5,1.85,299.1,3,Pre-monsoon
2022-03-18 09:00:00,143.25,1.78,333.6,3,Pre-monsoon
2022-03-18 10:00:00,112.0,1.9,324.3,3,Pre-monsoon
2022-03-18 11:00:00,98.5,1.78,316.77,3,Pre-monsoon
2022-03-18 12:00:00,100.25,2.6,297.7,3,Pre-monsoon
2022-03-18 13:00:00,92.0,2.58,295.88,3,Pre-monsoon
2022-03-18 14:00:00,92.5,3.0,290.25,3,Pre-monsoon
2022-03-18 15:00:00,92.5,2.62,292.9,3,Pre-monsoon
2022-03-18 16:00:00,86.0,2.08,292.75,3,Pre-monsoon
2022-03-18 17:00:00,78.75,2.0,297.7,3,Pre-monsoon
2022-03-18 18:00:00,79.75,1.9,284.83,3,Pre-monsoon
2022-03-18 19:00:00,97.5,1.48,252.6,3,Pre-monsoon
2022-03-18 20:00:00,111.25,4.45,163.8,3,Pre-monsoon
2022-03-18 21:00:00,124.25,5.78,136.65,3,Pre-monsoon
2022-03-18 22:00:00,138.25,3.65,194.0,3,Pre-monsoon
2022-03-18 23:00:00,145.75,1.17,250.28,3,Pre-monsoon
2022-03-19 00:00:00,128.0,1.5,284.0,3,Pre-monsoon
2022-03-19 01:00:00,120.75,0.72,133.1,3,Pre-monsoon
2022-03-19 02:00:00,115.25,0.92,161.98,3,Pre-monsoon
2022-03-19 03:00:00,109.0,0.52,130.98,3,Pre-monsoon
2022-03-19 04:00:00,105.25,0.42,206.65,3,Pre-monsoon
2022-03-19 05:00:00,103.5,0.35,90.45,3,Pre-monsoon
2022-03-19 06:00:00,104.5,0.75,128.95,3,Pre-monsoon
2022-03-19 07:00:00,102.75,2.2,159.43,3,Pre-monsoon
2022-03-19 08:00:00,104.0,1.02,321.25,3,Pre-monsoon
2022-03-19 09:00:00,107.25,1.58,248.35,3,Pre-monsoon
2022-03-19 10:00:00,94.0,1.5,264.68,3,Pre-monsoon
2022-03-19 11:00:00,77.75,1.23,96.9,3,Pre-monsoon
2022-03-19 12:00:00,75.5,1.27,315.75,3,Pre-monsoon
2022-03-19 13:00:00,78.0,1.9,291.08,3,Pre-monsoon
2022-03-19 14:00:00,76.75,2.5,286.88,3,Pre-monsoon
2022-03-19 15:00:00,89.75,2.5,284.48,3,Pre-monsoon
2022-03-19 16:00:00,87.0,2.2,293.45,3,Pre-monsoon
2022-03-19 17:00:00,86.5,2.05,292.65,3,Pre-monsoon
2022-03-19 18:00:00,80.75,1.65,263.82,3,Pre-monsoon
2022-03-19 19:00:00,91.0,1.52,279.73,3,Pre-monsoon
2022-03-19 20:00:00,107.75,1.48,258.98,3,Pre-monsoon
2022-03-19 21:00:00,117.75,3.65,174.7,3,Pre-monsoon
2022-03-19 22:00:00,135.5,6.4,135.22,3,Pre-monsoon
2022-03-19 23:00:00,147.75,5.9,135.77,3,Pre-monsoon
2022-03-20 00:00:00,154.75,5.03,139.38,3,Pre-monsoon
2022-03-20 01:00:00,160.5,0.88,222.9,3,Pre-monsoon
2022-03-20 02:00:00,155.5,3.08,82.22,3,Pre-monsoon
2022-03-20 03:00:00,132.5,1.05,284.73,3,Pre-monsoon
2022-03-20 04:00:00,121.25,1.55,260.9,3,Pre-monsoon
2022-03-20 05:00:00,122.25,1.45,285.25,3,Pre-monsoon
2022-03-20 06:00:00,130.25,0.78,213.12,3,Pre-monsoon
2022-03-20 07:00:00,128.5,2.28,184.02,3,Pre-monsoon
2022-03-20 08:00:00,132.75,1.62,305.35,3,Pre-monsoon
2022-03-20 09:00:00,116.5,1.72,324.3,3,Pre-monsoon
2022-03-20 10:00:00,114.5,2.4,189.5,3,Pre-monsoon
2022-03-20 11:00:00,77.75,1.4,57.03,3,Pre-monsoon
2022-03-20 12:00:00,50.75,1.92,80.8,3,Pre-monsoon
2022-03-20 13:00:00,48.5,1.72,141.18,3,Pre-monsoon
2022-03-20 14:00:00,57.0,1.23,97.1,3,Pre-monsoon
2022-03-20 15:00:00,35.75,3.35,108.45,3,Pre-monsoon
2022-03-20 16:00:00,18.5,3.53,120.32,3,Pre-monsoon
2022-03-20 17:00:00,25.75,2.65,125.05,3,Pre-monsoon
2022-03-20 18:00:00,36.75,1.17,167.4,3,Pre-monsoon
2022-03-20 19:00:00,48.0,2.95,150.38,3,Pre-monsoon
2022-03-20 20:00:00,66.25,4.12,151.38,3,Pre-monsoon
2022-03-20 21:00:00,101.5,6.22,135.2,3,Pre-monsoon
2022-03-20 22:00:00,124.0,6.0,134.73,3,Pre-monsoon
2022-03-20 23:00:00,126.25,1.4,85.93,3,Pre-monsoon
2022-03-21 00:00:00,134.75,1.0,179.18,3,Pre-monsoon
2022-03-21 01:00:00,134.75,1.17,114.63,3,Pre-monsoon
2022-03-21 02:00:00,118.5,1.62,110.05,3,Pre-monsoon
2022-03-21 03:00:00,118.25,1.65,118.05,3,Pre-monsoon
2022-03-21 04:00:00,123.75,1.05,152.68,3,Pre-monsoon
2022-03-21 05:00:00,130.5,1.78,135.9,3,Pre-monsoon
2022-03-21 06:00:00,136.5,1.98,128.57,3,Pre-monsoon
2022-03-21 07:00:00,143.75,2.1,125.6,3,Pre-monsoon
2022-03-21 08:00:00,164.5,1.88,116.6,3,Pre-monsoon
2022-03-21 09:00:00,205.75,2.38,119.02,3,Pre-monsoon
2022-03-21 10:00:00,211.25,1.0,141.88,3,Pre-monsoon
2022-03-21 11:00:00,184.75,1.08,147.57,3,Pre-monsoon
2022-03-21 12:00:00,142.75,3.02,123.22,3,Pre-monsoon
2022-03-21 13:00:00,95.25,2.75,135.8,3,Pre-monsoon
2022-03-21 14:00:00,77.25,4.53,118.88,3,Pre-monsoon
2022-03-21 15:00:00,64.75,4.78,119.78,3,Pre-monsoon
2022-03-21 16:00:00,56.25,4.62,116.38,3,Pre-monsoon
2022-03-21 17:00:00,44.0,3.4,116.88,3,Pre-monsoon
2022-03-21 18:00:00,54.0,2.82,115.3,3,Pre-monsoon
2022-03-21 19:00:00,67.0,2.47,134.7,3,Pre-monsoon
2022-03-21 20:00:00,74.5,3.75,135.3,3,Pre-monsoon
2022-03-21 21:00:00,94.25,4.82,133.92,3,Pre-monsoon
2022-03-21 22:00:00,105.75,2.88,129.65,3,Pre-monsoon
2022-03-21 23:00:00,85.25,2.8,113.43,3,Pre-monsoon
2022-03-22 00:00:00,89.0,2.75,114.62,3,Pre-monsoon
2022-03-22 01:00:00,88.25,2.6,111.1,3,Pre-monsoon
2022-03-22 02:00:00,83.75,3.0,120.83,3,Pre-monsoon
2022-03-22 03:00:00,74.75,2.88,113.32,3,Pre-monsoon
2022-03-22 04:00:00,68.0,2.92,114.85,3,Pre-monsoon
2022-03-22 05:00:00,69.0,2.8,102.98,3,Pre-monsoon
2022-03-22 06:00:00,73.75,2.3,99.85,3,Pre-monsoon
2022-03-22 07:00:00,80.25,2.95,92.88,3,Pre-monsoon
2022-03-22 08:00:00,91.0,3.08,89.28,3,Pre-monsoon
2022-03-22 09:00:00,109.75,3.3,92.6,3,Pre-monsoon
2022-03-22 10:00:00,100.25,3.8,99.92,3,Pre-monsoon
2022-03-22 11:00:00,85.0,4.7,115.35,3,Pre-monsoon
2022-03-22 12:00:00,60.75,5.2,113.68,3,Pre-monsoon
2022-03-22 13:00:00,49.75,5.68,109.85,3,Pre-monsoon
2022-03-22 14:00:00,44.25,5.62,104.52,3,Pre-monsoon
2022-03-22 15:00:00,40.5,5.3,116.28,3,Pre-monsoon
2022-03-22 16:00:00,43.5,5.88,114.42,3,Pre-monsoon
2022-03-22 17:00:00,40.25,5.45,118.2,3,Pre-monsoon
2022-03-22 18:00:00,44.5,4.3,121.8,3,Pre-monsoon
2022-03-22 19:00:00,48.75,2.75,129.52,3,Pre-monsoon
2022-03-22 20:00:00,60.75,2.68,130.4,3,Pre-monsoon
2022-03-22 21:00:00,72.75,2.35,111.07,3,Pre-monsoon
2022-03-22 22:00:00,75.0,2.12,116.57,3,Pre-monsoon
2022-03-22 23:00:00,74.75,2.62,121.95,3,Pre-monsoon
2022-03-23 00:00:00,72.75,1.85,130.02,3,Pre-monsoon
2022-03-23 01:00:00,74.0,1.48,114.92,3,Pre-monsoon
2022-03-23 02:00:00,106.25,1.32,125.88,3,Pre-monsoon
2022-03-23 03:00:00,141.25,1.7,121.3,3,Pre-monsoon
2022-03-23 04:00:00,95.25,1.95,134.57,3,Pre-monsoon
2022-03-23 05:00:00,109.25,1.88,123.55,3,Pre-monsoon
2022-03-23 06:00:00,113.25,2.35,110.95,3,Pre-monsoon
2022-03-23 07:00:00,111.0,2.58,99.45,3,Pre-monsoon
2022-03-23 08:00:00,103.0,3.12,101.22,3,Pre-monsoon
2022-03-23 09:00:00,101.5,3.45,109.5,3,Pre-monsoon
2022-03-23 10:00:00,86.75,2.72,104.43,3,Pre-monsoon
2022-03-23 11:00:00,80.5,2.88,103.65,3,Pre-monsoon
2022-03-23 12:00:00,70.25,2.65,119.07,3,Pre-monsoon
2022-03-23 13:00:00,62.5,2.12,125.62,3,Pre-monsoon
2022-03-23 14:00:00,63.5,2.75,124.58,3,Pre-monsoon
2022-03-23 15:00:00,58.5,2.48,134.93,3,Pre-monsoon
2022-03-23 16:00:00,45.5,3.15,113.18,3,Pre-monsoon
2022-03-23 17:00:00,39.0,2.53,125.25,3,Pre-monsoon
2022-03-23 18:00:00,44.25,0.98,214.35,3,Pre-monsoon
2022-03-23 19:00:00,55.0,3.8,146.1,3,Pre-monsoon
2022-03-23 20:00:00,69.0,6.32,135.28,3,Pre-monsoon
2022-03-23 21:00:00,80.5,5.98,134.05,3,Pre-monsoon
2022-03-23 22:00:00,105.25,1.35,107.18,3,Pre-monsoon
2022-03-23 23:00:00,133.5,1.02,162.8,3,Pre-monsoon
2022-03-24 00:00:00,145.25,1.12,165.18,3,Pre-monsoon
2022-03-24 01:00:00,145.0,0.8,153.2,3,Pre-monsoon
2022-03-24 02:00:00,132.0,1.2,144.6,3,Pre-monsoon
2022-03-24 03:00:00,128.5,0.7,217.38,3,Pre-monsoon
2022-03-24 04:00:00,135.75,0.73,242.25,3,Pre-monsoon
2022-03-24 05:00:00,169.75,1.1,200.97,3,Pre-monsoon
2022-03-24 06:00:00,185.0,1.18,150.78,3,Pre-monsoon
2022-03-24 07:00:00,168.25,1.45,116.45,3,Pre-monsoon
2022-03-24 08:00:00,194.5,1.62,65.15,3,Pre-monsoon
2022-03-24 09:00:00,176.75,2.85,82.2,3,Pre-monsoon
2022-03-24 10:00:00,73.5,3.88,100.82,3,Pre-monsoon
2022-03-24 11:00:00,42.75,4.43,99.22,3,Pre-monsoon
2022-03-24 12:00:00,34.25,4.55,106.02,3,Pre-monsoon
2022-03-24 13:00:00,29.25,4.75,115.12,3,Pre-monsoon
2022-03-24 14:00:00,30.25,4.15,112.45,3,Pre-monsoon
2022-03-24 15:00:00,30.75,3.42,124.2,3,Pre-monsoon
2022-03-24 16:00:00,30.75,3.72,122.85,3,Pre-monsoon
2022-03-24 17:00:00,32.5,3.42,125.05,3,Pre-monsoon
2022-03-24 18:00:00,32.75,2.5,131.28,3,Pre-monsoon
2022-03-24 19:00:00,39.75,5.65,136.85,3,Pre-monsoon
2022-03-24 20:00:00,48.0,6.5,135.08,3,Pre-monsoon
2022-03-24 21:00:00,59.25,3.97,128.57,3,Pre-monsoon
2022-03-24 22:00:00,69.25,1.8,121.15,3,Pre-monsoon
2022-03-24 23:00:00,80.25,1.15,55.62,3,Pre-monsoon
2022-03-25 00:00:00,88.75,1.32,129.5,3,Pre-monsoon
2022-03-25 01:00:00,102.5,1.27,105.0,3,Pre-monsoon
2022-03-25 02:00:00,98.25,1.42,107.45,3,Pre-monsoon
2022-03-25 03:00:00,90.5,1.72,111.3,3,Pre-monsoon
2022-03-25 04:00:00,93.0,1.42,127.52,3,Pre-monsoon
2022-03-25 05:00:00,96.25,1.78,116.07,3,Pre-monsoon
2022-03-25 06:00:00,107.25,2.68,87.32,3,Pre-monsoon
2022-03-25 07:00:00,132.0,3.0,94.08,3,Pre-monsoon
2022-03-25 08:00:00,107.75,3.18,96.52,3,Pre-monsoon
2022-03-25 09:00:00,86.0,3.38,98.05,3,Pre-monsoon
2022-03-25 10:00:00,78.5,3.38,110.65,3,Pre-monsoon
2022-03-25 11:00:00,82.0,3.85,107.55,3,Pre-monsoon
2022-03-25 12:00:00,73.75,4.25,118.55,3,Pre-monsoon
2022-03-25 13:00:00,54.0,4.78,122.6,3,Pre-monsoon
2022-03-25 14:00:00,39.0,5.42,112.75,3,Pre-monsoon
2022-03-25 15:00:00,29.5,5.0,124.28,3,Pre-monsoon
2022-03-25 16:00:00,28.75,5.42,122.52,3,Pre-monsoon
2022-03-25 17:00:00,31.75,4.53,119.72,3,Pre-monsoon
2022-03-25 18:00:00,37.25,3.48,122.52,3,Pre-monsoon
2022-03-25 19:00:00,46.5,3.9,133.62,3,Pre-monsoon
2022-03-25 20:00:00,49.25,5.48,134.3,3,Pre-monsoon
2022-03-25 21:00:00,64.75,2.05,124.08,3,Pre-monsoon
2022-03-25 22:00:00,73.5,1.82,118.9,3,Pre-monsoon
2022-03-25 23:00:00,73.75,1.95,130.12,3,Pre-monsoon
2022-03-26 00:00:00,72.25,1.8,133.05,3,Pre-monsoon
2022-03-26 01:00:00,80.25,1.85,128.82,3,Pre-monsoon
2022-03-26 02:00:00,85.0,2.2,116.35,3,Pre-monsoon
2022-03-26 03:00:00,88.25,2.15,98.57,3,Pre-monsoon
2022-03-26 04:00:00,111.5,2.38,87.22,3,Pre-monsoon
2022-03-26 05:00:00,180.0,2.25,90.72,3,Pre-monsoon
2022-03-26 06:00:00,176.25,2.5,94.0,3,Pre-monsoon
2022-03-26 07:00:00,145.5,3.18,92.85,3,Pre-monsoon
2022-03-26 08:00:00,107.5,3.45,92.0,3,Pre-monsoon
2022-03-26 09:00:00,89.5,3.78,97.43,3,Pre-monsoon
2022-03-26 10:00:00,89.25,4.53,108.7,3,Pre-monsoon
2022-03-26 11:00:00,70.0,5.9,116.88,3,Pre-monsoon
2022-03-26 12:00:00,49.75,6.95,115.5,3,Pre-monsoon
2022-03-26 13:00:00,34.25,6.38,115.65,3,Pre-monsoon
2022-03-26 14:00:00,34.5,6.3,115.95,3,Pre-monsoon
2022-03-26 15:00:00,32.0,6.2,113.2,3,Pre-monsoon
2022-03-26 16:00:00,29.0,5.85,108.98,3,Pre-monsoon
2022-03-26 17:00:00,28.75,4.8,112.82,3,Pre-monsoon
2022-03-26 18:00:00,30.0,3.53,109.15,3,Pre-monsoon
2022-03-26 19:00:00,40.75,2.7,117.6,3,Pre-monsoon
2022-03-26 20:00:00,57.25,2.65,114.68,3,Pre-monsoon
2022-03-26 21:00:00,66.5,2.42,110.78,3,Pre-monsoon
2022-03-26 22:00:00,73.75,2.2,101.95,3,Pre-monsoon
2022-03-26 23:00:00,73.0,2.35,115.48,3,Pre-monsoon
2022-03-27 00:00:00,71.5,2.45,125.7,3,Pre-monsoon
2022-03-27 01:00:00,67.25,2.28,119.02,3,Pre-monsoon
2022-03-27 02:00:00,68.5,1.88,116.42,3,Pre-monsoon
2022-03-27 03:00:00,73.25,2.33,119.45,3,Pre-monsoon
2022-03-27 04:00:00,85.75,1.9,105.95,3,Pre-monsoon
2022-03-27 05:00:00,105.75,2.55,93.57,3,Pre-monsoon
2022-03-27 06:00:00,130.0,2.68,99.62,3,Pre-monsoon
2022-03-27 07:00:00,93.0,2.98,99.57,3,Pre-monsoon
2022-03-27 08:00:00,81.0,3.68,97.25,3,Pre-monsoon
2022-03-27 09:00:00,79.0,3.65,96.45,3,Pre-monsoon
2022-03-27 10:00:00,77.75,4.03,100.98,3,Pre-monsoon
2022-03-27 11:00:00,85.75,4.12,108.93,3,Pre-monsoon
2022-03-27 12:00:00,63.5,4.12,111.65,3,Pre-monsoon
2022-03-27 13:00:00,49.5,5.48,121.0,3,Pre-monsoon
2022-03-27 14:00:00,37.75,5.07,115.88,3,Pre-monsoon
2022-03-27 15:00:00,32.5,4.95,120.08,3,Pre-monsoon
2022-03-27 16:00:00,28.5,4.7,123.2,3,Pre-monsoon
2022-03-27 17:00:00,29.25,3.7,126.05,3,Pre-monsoon
2022-03-27 18:00:00,29.25,2.25,120.72,3,Pre-monsoon
2022-03-27 19:00:00,38.75,5.88,135.8,3,Pre-monsoon
2022-03-27 20:00:00,52.0,1.27,117.8,3,Pre-monsoon
2022-03-27 21:00:00,80.0,1.3,120.65,3,Pre-monsoon
2022-03-27 22:00:00,121.5,1.18,158.92,3,Pre-monsoon
2022-03-27 23:00:00,134.5,1.32,121.02,3,Pre-monsoon
2022-03-28 00:00:00,144.5,1.12,123.52,3,Pre-monsoon
2022-03-28 01:00:00,124.5,1.4,124.3,3,Pre-monsoon
2022-03-28 02:00:00,124.75,1.55,123.75,3,Pre-monsoon
2022-03-28 03:00:00,130.5,1.32,119.52,3,Pre-monsoon
2022-03-28 04:00:00,128.5,0.75,272.3,3,Pre-monsoon
2022-03-28 05:00:00,116.5,0.45,190.75,3,Pre-monsoon
2022-03-28 06:00:00,111.75,0.92,127.35,3,Pre-monsoon
2022-03-28 07:00:00,114.0,0.98,74.48,3,Pre-monsoon
2022-03-28 08:00:00,115.25,1.35,101.78,3,Pre-monsoon
2022-03-28 09:00:00,86.33,2.95,32.92,3,Pre-monsoon
2022-03-28 10:00:00,66.5,2.7,38.28,3,Pre-monsoon
2022-03-28 11:00:00,40.5,1.15,114.72,3,Pre-monsoon
2022-03-28 12:00:00,39.75,2.35,84.95,3,Pre-monsoon
2022-03-28 13:00:00,39.75,3.62,101.12,3,Pre-monsoon
2022-03-28 14:00:00,32.5,3.75,109.28,3,Pre-monsoon
2022-03-28 15:00:00,29.0,4.52,113.75,3,Pre-monsoon
2022-03-28 16:00:00,23.0,4.08,114.55,3,Pre-monsoon
2022-03-28 17:00:00,24.25,3.28,121.38,3,Pre-monsoon
2022-03-28 18:00:00,32.25,1.58,111.3,3,Pre-monsoon
2022-03-28 19:00:00,46.75,2.22,130.3,3,Pre-monsoon
2022-03-28 20:00:00,57.5,6.38,135.25,3,Pre-monsoon
2022-03-28 21:00:00,78.5,1.7,101.02,3,Pre-monsoon
2022-03-28 22:00:00,101.25,1.12,100.5,3,Pre-monsoon
2022-03-28 23:00:00,128.0,1.2,120.35,3,Pre-monsoon
2022-03-29 00:00:00,121.5,1.75,117.58,3,Pre-monsoon
2022-03-29 01:00:00,111.5,1.75,126.72,3,Pre-monsoon
2022-03-29 02:00:00,117.75,1.6,113.72,3,Pre-monsoon
2022-03-29 03:00:00,135.5,1.32,126.45,3,Pre-monsoon
2022-03-29 04:00:00,141.75,1.33,125.85,3,Pre-monsoon
2022-03-29 05:00:00,139.5,1.55,113.42,3,Pre-monsoon
2022-03-29 06:00:00,155.25,1.78,128.82,3,Pre-monsoon
2022-03-29 07:00:00,107.5,2.32,126.45,3,Pre-monsoon
2022-03-29 08:00:00,101.0,2.62,97.55,3,Pre-monsoon
2022-03-29 09:00:00,84.75,3.08,100.85,3,Pre-monsoon
2022-03-29 10:00:00,78.0,3.18,100.83,3,Pre-monsoon
2022-03-29 11:00:00,66.25,3.58,92.2,3,Pre-monsoon
2022-03-29 12:00:00,55.5,4.12,97.75,3,Pre-monsoon
2022-03-29 13:00:00,43.0,4.32,110.82,3,Pre-monsoon
2022-03-29 14:00:00,26.5,5.03,107.3,3,Pre-monsoon
2022-03-29 15:00:00,22.5,4.88,112.48,3,Pre-monsoon
2022-03-29 16:00:00,22.5,4.68,111.82,3,Pre-monsoon
2022-03-29 17:00:00,21.0,3.8,124.65,3,Pre-monsoon
2022-03-29 18:00:00,32.0,1.42,98.92,3,Pre-monsoon
2022-03-29 19:00:00,39.75,2.8,142.75,3,Pre-monsoon
2022-03-29 20:00:00,55.0,5.92,136.62,3,Pre-monsoon
2022-03-29 21:00:00,90.5,4.4,128.12,3,Pre-monsoon
2022-03-29 22:00:00,110.5,1.7,124.8,3,Pre-monsoon
2022-03-29 23:00:00,119.25,2.48,126.85,3,Pre-monsoon
2022-03-30 00:00:00,116.25,1.55,119.9,3,Pre-monsoon
2022-03-30 01:00:00,120.0,1.3,119.35,3,Pre-monsoon
2022-03-30 02:00:00,112.5,1.68,122.4,3,Pre-monsoon
2022-03-30 03:00:00,118.25,1.82,129.43,3,Pre-monsoon
2022-03-30 04:00:00,126.25,1.65,126.38,3,Pre-monsoon
2022-03-30 05:00:00,137.5,1.23,115.6,3,Pre-monsoon
2022-03-30 06:00:00,131.75,1.25,118.5,3,Pre-monsoon
2022-03-30 07:00:00,131.0,3.2,127.45,3,Pre-monsoon
2022-03-30 08:00:00,141.25,2.38,111.48,3,Pre-monsoon
2022-03-30 09:00:00,136.75,2.22,116.0,3,Pre-monsoon
2022-03-30 10:00:00,101.5,2.42,68.42,3,Pre-monsoon
2022-03-30 11:00:00,65.25,1.08,242.4,3,Pre-monsoon
2022-03-30 12:00:00,48.75,1.7,112.12,3,Pre-monsoon
2022-03-30 13:00:00,41.5,1.72,121.93,3,Pre-monsoon
2022-03-30 14:00:00,40.0,2.02,81.2,3,Pre-monsoon
2022-03-30 15:00:00,38.5,2.48,123.2,3,Pre-monsoon
2022-03-30 16:00:00,35.75,1.55,124.8,3,Pre-monsoon
2022-03-30 17:00:00,45.0,1.12,232.2,3,Pre-monsoon
2022-03-30 18:00:00,58.0,1.27,125.9,3,Pre-monsoon
2022-03-30 19:00:00,60.5,1.2,191.77,3,Pre-monsoon
2022-03-30 20:00:00,66.5,5.82,135.7,3,Pre-monsoon
2022-03-30 21:00:00,91.0,6.5,135.1,3,Pre-monsoon
2022-03-30 22:00:00,107.75,3.98,132.88,3,Pre-monsoon
2022-03-30 23:00:00,138.5,1.3,125.25,3,Pre-monsoon
2022-03-31 00:00:00,140.0,0.9,86.6,3,Pre-monsoon
2022-03-31 01:00:00,156.75,0.88,116.0,3,Pre-monsoon
2022-03-31 02:00:00,151.25,0.68,162.32,3,Pre-monsoon
2022-03-31 03:00:00,145.75,1.2,105.98,3,Pre-monsoon
2022-03-31 04:00:00,142.5,0.62,164.35,3,Pre-monsoon
2022-03-31 05:00:00,135.25,0.98,165.08,3,Pre-monsoon
2022-03-31 06:00:00,145.0,0.95,113.65,3,Pre-monsoon
2022-03-31 07:00:00,178.75,4.07,171.62,3,Pre-monsoon
2022-03-31 08:00:00,214.0,1.58,273.38,3,Pre-monsoon
2022-03-31 09:00:00,242.5,1.72,299.0,3,Pre-monsoon
2022-03-31 10:00:00,193.5,2.52,279.58,3,Pre-monsoon
2022-03-31 11:00:00,170.5,2.3,293.1,3,Pre-monsoon
2022-03-31 12:00:00,92.25,2.55,287.73,3,Pre-monsoon
2022-03-31 13:00:00,75.75,2.5,274.32,3,Pre-monsoon
2022-03-31 14:00:00,67.0,2.3,250.65,3,Pre-monsoon
2022-03-31 15:00:00,61.0,1.7,237.72,3,Pre-monsoon
2022-03-31 16:00:00,61.5,1.15,230.12,3,Pre-monsoon
2022-03-31 17:00:00,65.75,1.4,216.72,3,Pre-monsoon
2022-03-31 18:00:00,75.0,0.85,163.13,3,Pre-monsoon
2022-03-31 19:00:00,80.0,1.27,115.38,3,Pre-monsoon
2022-03-31 20:00:00,95.5,2.65,125.88,3,Pre-monsoon
2022-03-31 21:00:00,127.5,5.6,137.25,3,Pre-monsoon
2022-03-31 22:00:00,137.0,4.05,140.35,3,Pre-monsoon
2022-03-31 23:00:00,136.25,4.3,130.93,3,Pre-monsoon
2022-04-01 00:00:00,124.5,3.25,131.35,4,Pre-monsoon
2022-04-01 01:00:00,68.25,3.4,124.28,4,Pre-monsoon
2022-04-01 02:00:00,63.5,3.42,122.65,4,Pre-monsoon
2022-04-01 03:00:00,59.0,2.9,113.6,4,Pre-monsoon
2022-04-01 04:00:00,66.25,2.25,103.07,4,Pre-monsoon
2022-04-01 05:00:00,63.0,2.08,99.82,4,Pre-monsoon
2022-04-01 06:00:00,72.75,1.92,122.0,4,Pre-monsoon
2022-04-01 07:00:00,89.75,2.62,103.52,4,Pre-monsoon
2022-04-01 08:00:00,108.0,3.62,98.43,4,Pre-monsoon
2022-04-01 09:00:00,118.0,3.9,105.13,4,Pre-monsoon
2022-04-01 10:00:00,130.5,3.75,99.6,4,Pre-monsoon
2022-04-01 11:00:00,90.75,4.5,118.9,4,Pre-monsoon
2022-04-01 12:00:00,41.0,4.55,126.2,4,Pre-monsoon
2022-04-01 13:00:00,18.0,5.18,119.52,4,Pre-monsoon
2022-04-01 14:00:00,13.5,4.88,116.45,4,Pre-monsoon
2022-04-01 15:00:00,18.0,5.15,118.95,4,Pre-monsoon
2022-04-01 16:00:00,18.0,5.15,118.85,4,Pre-monsoon
2022-04-01 17:00:00,17.5,4.35,125.0,4,Pre-monsoon
2022-04-01 18:00:00,18.25,2.7,125.42,4,Pre-monsoon
2022-04-01 19:00:00,28.5,5.62,132.4,4,Pre-monsoon
2022-04-01 20:00:00,44.75,6.5,135.1,4,Pre-monsoon
2022-04-01 21:00:00,62.5,3.18,130.1,4,Pre-monsoon
2022-04-01 22:00:00,69.5,1.38,120.45,4,Pre-monsoon
2022-04-01 23:00:00,90.25,1.38,126.93,4,Pre-monsoon
2022-04-02 00:00:00,109.25,1.23,112.6,4,Pre-monsoon
2022-04-02 01:00:00,131.75,1.35,112.6,4,Pre-monsoon
2022-04-02 02:00:00,143.25,1.4,133.02,4,Pre-monsoon
2022-04-02 03:00:00,144.0,1.85,131.9,4,Pre-monsoon
2022-04-02 04:00:00,158.0,2.0,134.25,4,Pre-monsoon
2022-04-02 05:00:00,200.0,1.8,124.2,4,Pre-monsoon
2022-04-02 06:00:00,191.5,1.68,125.62,4,Pre-monsoon
2022-04-02 07:00:00,164.5,3.75,133.1,4,Pre-monsoon
2022-04-02 08:00:00,152.25,1.82,120.58,4,Pre-monsoon
2022-04-02 09:00:00,116.25,3.12,47.02,4,Pre-monsoon
2022-04-02 10:00:00,71.5,2.6,111.42,4,Pre-monsoon
2022-04-02 11:00:00,45.75,1.15,25.72,4,Pre-monsoon
2022-04-02 12:00:00,28.5,1.0,115.02,4,Pre-monsoon
2022-04-02 13:00:00,31.75,1.1,91.08,4,Pre-monsoon
2022-04-02 14:00:00,28.5,2.03,103.48,4,Pre-monsoon
2022-04-02 15:00:00,30.75,2.33,140.22,4,Pre-monsoon
2022-04-02 16:00:00,33.25,1.78,141.7,4,Pre-monsoon
2022-04-02 17:00:00,33.75,1.65,250.25,4,Pre-monsoon
2022-04-02 18:00:00,41.67,1.8,265.75,4,Pre-monsoon
2022-04-02 19:00:00,59.0,1.77,275.77,4,Pre-monsoon
2022-04-02 20:00:00,66.59,1.7184615384615385,272.8492307692308,4,Pre-monsoon
2022-04-02 21:00:00,74.17999999999999,1.666923076923077,269.92846153846153,4,Pre-monsoon
2022-04-02 22:00:00,81.77,1.6153846153846154,267.0076923076923,4,Pre-monsoon
2022-04-02 23:00:00,,,,4,Pre-monsoon
2022-04-03 00:00:00,,,,4,Pre-monsoon
2022-04-03 01:00:00,,,,4,Pre-monsoon
2022-04-03 02:00:00,,,,4,Pre-monsoon
2022-04-03 03:00:00,,,,4,Pre-monsoon
2022-04-03 04:00:00,,,,4,Pre-monsoon
2022-04-03 05:00:00,,,,4,Pre-monsoon
2022-04-03 06:00:00,,,,4,Pre-monsoon
2022-04-03 07:00:00,,,,4,Pre-monsoon
2022-04-03 08:00:00,157.67,1.1,237.8,4,Pre-monsoon
2022-04-03 09:00:00,147.0,2.3,66.28,4,Pre-monsoon
2022-04-03 10:00:00,118.75,2.88,89.98,4,Pre-monsoon
2022-04-03 11:00:00,81.5,3.32,73.12,4,Pre-monsoon
2022-04-03 12:00:00,57.5,3.18,93.18,4,Pre-monsoon
2022-04-03 13:00:00,40.0,3.7,115.25,4,Pre-monsoon
2022-04-03 14:00:00,29.75,3.38,116.92,4,Pre-monsoon
2022-04-03 15:00:00,31.25,3.23,124.9,4,Pre-monsoon
2022-04-03 16:00:00,18.25,3.28,127.4,4,Pre-monsoon
2022-04-03 17:00:00,14.5,1.25,155.82,4,Pre-monsoon
2022-04-03 18:00:00,19.75,0.45,177.1,4,Pre-monsoon
2022-04-03 19:00:00,26.75,2.62,140.52,4,Pre-monsoon
2022-04-03 20:00:00,52.0,5.98,136.45,4,Pre-monsoon
2022-04-03 21:00:00,94.5,5.95,134.38,4,Pre-monsoon
2022-04-03 22:00:00,124.5,1.92,125.48,4,Pre-monsoon
2022-04-03 23:00:00,125.75,1.6,114.42,4,Pre-monsoon
2022-04-04 00:00:00,112.0,3.53,127.18,4,Pre-monsoon
2022-04-04 01:00:00,110.0,2.4,116.75,4,Pre-monsoon
2022-04-04 02:00:00,154.75,1.4,123.1,4,Pre-monsoon
2022-04-04 03:00:00,195.5,1.05,93.18,4,Pre-monsoon
2022-04-04 04:00:00,186.0,1.9,124.78,4,Pre-monsoon
2022-04-04 05:00:00,188.75,1.78,117.18,4,Pre-monsoon
2022-04-04 06:00:00,166.75,2.95,92.45,4,Pre-monsoon
2022-04-04 07:00:00,94.75,3.08,88.7,4,Pre-monsoon
2022-04-04 08:00:00,67.75,3.58,90.8,4,Pre-monsoon
2022-04-04 09:00:00,61.75,3.85,89.72,4,Pre-monsoon
2022-04-04 10:00:00,65.25,4.08,93.58,4,Pre-monsoon
2022-04-04 11:00:00,71.0,4.12,102.15,4,Pre-monsoon
2022-04-04 12:00:00,71.5,4.73,109.25,4,Pre-monsoon
2022-04-04 13:00:00,53.0,4.78,104.52,4,Pre-monsoon
2022-04-04 14:00:00,44.0,4.42,107.05,4,Pre-monsoon
2022-04-04 15:00:00,33.75,4.25,118.98,4,Pre-monsoon
2022-04-04 16:00:00,28.75,4.0,107.88,4,Pre-monsoon
2022-04-04 17:00:00,26.25,2.95,110.18,4,Pre-monsoon
2022-04-04 18:00:00,34.0,1.7,131.7,4,Pre-monsoon
2022-04-04 19:00:00,47.75,1.4,104.55,4,Pre-monsoon
2022-04-04 20:00:00,60.0,2.0,143.1,4,Pre-monsoon
2022-04-04 21:00:00,82.75,6.08,135.68,4,Pre-monsoon
2022-04-04 22:00:00,91.75,4.65,126.75,4,Pre-monsoon
2022-04-04 23:00:00,108.0,0.9,117.62,4,Pre-monsoon
2022-04-05 00:00:00,118.75,1.45,113.02,4,Pre-monsoon
2022-04-05 01:00:00,101.5,1.58,113.42,4,Pre-monsoon
2022-04-05 02:00:00,101.75,1.12,115.95,4,Pre-monsoon
2022-04-05 03:00:00,142.25,1.1,132.68,4,Pre-monsoon
2022-04-05 04:00:00,142.75,1.2,128.9,4,Pre-monsoon
2022-04-05 05:00:00,155.0,1.48,117.62,4,Pre-monsoon
2022-04-05 06:00:00,173.0,1.85,131.12,4,Pre-monsoon
2022-04-05 07:00:00,199.25,2.12,108.15,4,Pre-monsoon
2022-04-05 08:00:00,212.25,2.75,94.18,4,Pre-monsoon
2022-04-05 09:00:00,155.75,2.88,96.52,4,Pre-monsoon
2022-04-05 10:00:00,84.25,3.25,86.32,4,Pre-monsoon
2022-04-05 11:00:00,54.75,3.58,85.35,4,Pre-monsoon
2022-04-05 12:00:00,35.75,4.18,95.58,4,Pre-monsoon
2022-04-05 13:00:00,32.25,4.35,106.5,4,Pre-monsoon
2022-04-05 14:00:00,22.75,5.03,101.55,4,Pre-monsoon
2022-04-05 15:00:00,18.25,4.55,102.1,4,Pre-monsoon
2022-04-05 16:00:00,15.0,4.38,126.52,4,Pre-monsoon
2022-04-05 17:00:00,12.25,3.72,122.48,4,Pre-monsoon
2022-04-05 18:00:00,15.25,2.2,124.0,4,Pre-monsoon
2022-04-05 19:00:00,25.25,3.62,132.5,4,Pre-monsoon
2022-04-05 20:00:00,44.75,6.08,133.85,4,Pre-monsoon
2022-04-05 21:00:00,77.75,6.5,135.0,4,Pre-monsoon
2022-04-05 22:00:00,90.67,1.45,112.15,4,Pre-monsoon
2022-04-05 23:00:00,105.25,1.0,117.05,4,Pre-monsoon
2022-04-06 00:00:00,134.0,1.35,108.92,4,Pre-monsoon
2022-04-06 01:00:00,112.25,1.7,122.85,4,Pre-monsoon
2022-04-06 02:00:00,93.0,1.58,101.62,4,Pre-monsoon
2022-04-06 03:00:00,99.5,1.5,124.2,4,Pre-monsoon
2022-04-06 04:00:00,111.5,1.33,118.22,4,Pre-monsoon
2022-04-06 05:00:00,118.75,1.8,123.45,4,Pre-monsoon
2022-04-06 06:00:00,152.5,1.9,130.82,4,Pre-monsoon
2022-04-06 07:00:00,235.5,2.45,121.55,4,Pre-monsoon
2022-04-06 08:00:00,234.75,2.88,98.72,4,Pre-monsoon
2022-04-06 09:00:00,156.0,3.02,90.45,4,Pre-monsoon
2022-04-06 10:00:00,93.25,3.72,77.4,4,Pre-monsoon
2022-04-06 11:00:00,60.75,3.8,91.12,4,Pre-monsoon
2022-04-06 12:00:00,42.0,4.1,91.93,4,Pre-monsoon
2022-04-06 13:00:00,41.0,4.0,112.43,4,Pre-monsoon
2022-04-06 14:00:00,38.5,4.38,112.8,4,Pre-monsoon
2022-04-06 15:00:00,34.75,4.32,127.8,4,Pre-monsoon
2022-04-06 16:00:00,19.25,4.25,120.85,4,Pre-monsoon
2022-04-06 17:00:00,19.75,3.28,117.32,4,Pre-monsoon
2022-04-06 18:00:00,23.75,1.82,126.65,4,Pre-monsoon
2022-04-06 19:00:00,39.75,1.48,151.3,4,Pre-monsoon
2022-04-06 20:00:00,53.25,4.92,139.28,4,Pre-monsoon
2022-04-06 21:00:00,83.75,6.42,135.1,4,Pre-monsoon
2022-04-06 22:00:00,102.0,5.78,134.82,4,Pre-monsoon
2022-04-06 23:00:00,108.0,4.42,130.32,4,Pre-monsoon
2022-04-07 00:00:00,130.5,1.35,118.32,4,Pre-monsoon
2022-04-07 01:00:00,165.0,1.42,114.22,4,Pre-monsoon
2022-04-07 02:00:00,146.75,1.45,109.28,4,Pre-monsoon
2022-04-07 03:00:00,156.5,1.68,128.57,4,Pre-monsoon
2022-04-07 04:00:00,225.5,1.52,112.15,4,Pre-monsoon
2022-04-07 05:00:00,302.75,1.9,126.58,4,Pre-monsoon
2022-04-07 06:00:00,183.5,2.1,126.43,4,Pre-monsoon
2022-04-07 07:00:00,139.5,2.45,109.62,4,Pre-monsoon
2022-04-07 08:00:00,126.0,2.53,97.42,4,Pre-monsoon
2022-04-07 09:00:00,110.5,2.95,97.45,4,Pre-monsoon
2022-04-07 10:00:00,86.25,3.42,73.97,4,Pre-monsoon
2022-04-07 11:00:00,66.5,3.48,86.43,4,Pre-monsoon
2022-04-07 12:00:00,50.25,3.65,100.22,4,Pre-monsoon
2022-04-07 13:00:00,48.25,3.85,100.57,4,Pre-monsoon
2022-04-07 14:00:00,37.5,4.2,109.68,4,Pre-monsoon
2022-04-07 15:00:00,29.5,4.62,111.8,4,Pre-monsoon
2022-04-07 16:00:00,29.25,4.1,115.57,4,Pre-monsoon
2022-04-07 17:00:00,31.75,3.5,117.02,4,Pre-monsoon
2022-04-07 18:00:00,28.0,1.75,119.78,4,Pre-monsoon
2022-04-07 19:00:00,36.25,1.52,122.68,4,Pre-monsoon
2022-04-07 20:00:00,67.25,2.72,135.55,4,Pre-monsoon
2022-04-07 21:00:00,89.5,6.43,135.18,4,Pre-monsoon
2022-04-07 22:00:00,102.75,4.32,131.75,4,Pre-monsoon
2022-04-07 23:00:00,111.5,3.65,117.48,4,Pre-monsoon
2022-04-08 00:00:00,114.25,1.85,119.98,4,Pre-monsoon
2022-04-08 01:00:00,118.75,1.65,117.55,4,Pre-monsoon
2022-04-08 02:00:00,130.75,1.92,124.15,4,Pre-monsoon
2022-04-08 03:00:00,157.5,2.02,129.8,4,Pre-monsoon
2022-04-08 04:00:00,145.0,1.9,127.57,4,Pre-monsoon
2022-04-08 05:00:00,131.0,1.85,125.8,4,Pre-monsoon
2022-04-08 06:00:00,132.25,1.95,123.45,4,Pre-monsoon
2022-04-08 07:00:00,126.5,2.33,129.82,4,Pre-monsoon
2022-04-08 08:00:00,120.5,2.17,134.7,4,Pre-monsoon
2022-04-08 09:00:00,102.75,2.82,87.58,4,Pre-monsoon
2022-04-08 10:00:00,84.5,2.55,92.85,4,Pre-monsoon
2022-04-08 11:00:00,66.5,2.68,89.65,4,Pre-monsoon
2022-04-08 12:00:00,58.0,2.82,92.93,4,Pre-monsoon
2022-04-08 13:00:00,42.25,3.12,108.75,4,Pre-monsoon
2022-04-08 14:00:00,30.75,3.72,112.62,4,Pre-monsoon
2022-04-08 15:00:00,28.75,3.95,111.45,4,Pre-monsoon
2022-04-08 16:00:00,24.25,3.75,116.55,4,Pre-monsoon
2022-04-08 17:00:00,22.25,3.1,119.65,4,Pre-monsoon
2022-04-08 18:00:00,27.0,1.6,115.7,4,Pre-monsoon
2022-04-08 19:00:00,42.5,1.4,131.57,4,Pre-monsoon
2022-04-08 20:00:00,61.75,1.42,144.2,4,Pre-monsoon
2022-04-08 21:00:00,90.25,1.58,112.75,4,Pre-monsoon
2022-04-08 22:00:00,99.5,5.7,135.18,4,Pre-monsoon
2022-04-08 23:00:00,115.5,4.9,131.48,4,Pre-monsoon
2022-04-09 00:00:00,132.0,1.15,111.25,4,Pre-monsoon
2022-04-09 01:00:00,101.75,1.55,100.58,4,Pre-monsoon
2022-04-09 02:00:00,93.75,1.48,118.15,4,Pre-monsoon
2022-04-09 03:00:00,103.25,1.5,118.78,4,Pre-monsoon
2022-04-09 04:00:00,114.0,1.4,102.57,4,Pre-monsoon
2022-04-09 05:00:00,109.0,0.98,88.5,4,Pre-monsoon
2022-04-09 06:00:00,114.75,1.2,97.25,4,Pre-monsoon
2022-04-09 07:00:00,128.0,3.28,125.52,4,Pre-monsoon
2022-04-09 08:00:00,137.75,2.02,106.7,4,Pre-monsoon
2022-04-09 09:00:00,115.0,1.38,81.88,4,Pre-monsoon
2022-04-09 10:00:00,88.0,1.75,62.18,4,Pre-monsoon
2022-04-09 11:00:00,64.25,3.52,123.6,4,Pre-monsoon
2022-04-09 12:00:00,47.25,3.3,114.75,4,Pre-monsoon
2022-04-09 13:00:00,46.25,3.55,130.78,4,Pre-monsoon
2022-04-09 14:00:00,39.0,3.25,107.85,4,Pre-monsoon
2022-04-09 15:00:00,30.5,3.85,123.02,4,Pre-monsoon
2022-04-09 16:00:00,21.5,3.45,125.48,4,Pre-monsoon
2022-04-09 17:00:00,16.75,2.95,127.25,4,Pre-monsoon
2022-04-09 18:00:00,23.75,1.58,135.48,4,Pre-monsoon
2022-04-09 19:00:00,49.75,0.95,127.98,4,Pre-monsoon
2022-04-09 20:00:00,67.25,0.98,109.4,4,Pre-monsoon
2022-04-09 21:00:00,98.0,1.3,96.0,4,Pre-monsoon
2022-04-09 22:00:00,112.5,1.25,117.07,4,Pre-monsoon
2022-04-09 23:00:00,126.0,1.82,113.62,4,Pre-monsoon
2022-04-10 00:00:00,115.5,3.47,137.5,4,Pre-monsoon
2022-04-10 01:00:00,110.0,6.02,135.77,4,Pre-monsoon
2022-04-10 02:00:00,107.75,6.22,134.9,4,Pre-monsoon
2022-04-10 03:00:00,116.5,5.62,134.92,4,Pre-monsoon
2022-04-10 04:00:00,147.0,4.22,127.48,4,Pre-monsoon
2022-04-10 05:00:00,159.25,2.95,110.32,4,Pre-monsoon
2022-04-10 06:00:00,90.0,2.55,112.08,4,Pre-monsoon
2022-04-10 07:00:00,74.75,2.88,118.6,4,Pre-monsoon
2022-04-10 08:00:00,100.75,2.92,107.65,4,Pre-monsoon
2022-04-10 09:00:00,127.25,3.22,101.18,4,Pre-monsoon
2022-04-10 10:00:00,120.75,3.95,92.12,4,Pre-monsoon
2022-04-10 11:00:00,88.5,4.73,99.93,4,Pre-monsoon
2022-04-10 12:00:00,53.0,4.6,104.95,4,Pre-monsoon
2022-04-10 13:00:00,40.25,5.18,108.3,4,Pre-monsoon
2022-04-10 14:00:00,36.25,5.38,114.35,4,Pre-monsoon
2022-04-10 15:00:00,31.5,5.45,123.45,4,Pre-monsoon
2022-04-10 16:00:00,32.5,4.75,119.45,4,Pre-monsoon
2022-04-10 17:00:00,31.5,3.9,118.35,4,Pre-monsoon
2022-04-10 18:00:00,37.75,2.15,123.85,4,Pre-monsoon
2022-04-10 19:00:00,55.0,1.6,134.12,4,Pre-monsoon
2022-04-10 20:00:00,73.25,1.55,130.32,4,Pre-monsoon
2022-04-10 21:00:00,98.75,1.4,111.9,4,Pre-monsoon
2022-04-10 22:00:00,95.75,1.72,89.22,4,Pre-monsoon
2022-04-10 23:00:00,111.5,3.7,128.15,4,Pre-monsoon
2022-04-11 00:00:00,125.75,5.25,134.62,4,Pre-monsoon
2022-04-11 01:00:00,124.0,5.22,135.85,4,Pre-monsoon
2022-04-11 02:00:00,120.5,4.98,133.48,4,Pre-monsoon
2022-04-11 03:00:00,142.0,4.77,134.15,4,Pre-monsoon
2022-04-11 04:00:00,125.0,5.37,133.3,4,Pre-monsoon
2022-04-11 05:00:00,109.5,3.05,123.32,4,Pre-monsoon
2022-04-11 06:00:00,114.25,3.78,127.15,4,Pre-monsoon
2022-04-11 07:00:00,137.75,2.88,129.98,4,Pre-monsoon
2022-04-11 08:00:00,152.25,2.48,110.75,4,Pre-monsoon
2022-04-11 09:00:00,139.75,2.85,83.5,4,Pre-monsoon
2022-04-11 10:00:00,91.0,3.85,83.75,4,Pre-monsoon
2022-04-11 11:00:00,62.75,3.58,99.7,4,Pre-monsoon
2022-04-11 12:00:00,54.75,3.25,109.12,4,Pre-monsoon
2022-04-11 13:00:00,43.25,3.15,124.95,4,Pre-monsoon
2022-04-11 14:00:00,43.75,3.42,126.68,4,Pre-monsoon
2022-04-11 15:00:00,31.0,4.32,111.52,4,Pre-monsoon
2022-04-11 16:00:00,25.5,3.48,122.18,4,Pre-monsoon
2022-04-11 17:00:00,27.0,2.82,117.7,4,Pre-monsoon
2022-04-11 18:00:00,32.75,1.85,137.57,4,Pre-monsoon
2022-04-11 19:00:00,51.25,0.92,94.32,4,Pre-monsoon
2022-04-11 20:00:00,59.25,0.8,150.07,4,Pre-monsoon
2022-04-11 21:00:00,72.0,0.9,104.25,4,Pre-monsoon
2022-04-11 22:00:00,99.0,0.78,120.28,4,Pre-monsoon
2022-04-11 23:00:00,95.0,3.28,142.2,4,Pre-monsoon
2022-04-12 00:00:00,103.0,6.32,135.15,4,Pre-monsoon
2022-04-12 01:00:00,101.0,5.7,136.8,4,Pre-monsoon
2022-04-12 02:00:00,85.0,5.52,133.3,4,Pre-monsoon
2022-04-12 03:00:00,84.0,5.08,128.45,4,Pre-monsoon
2022-04-12 04:00:00,107.0,1.62,105.3,4,Pre-monsoon
2022-04-12 05:00:00,125.0,3.48,106.6,4,Pre-monsoon
2022-04-12 06:00:00,138.0,2.85,108.32,4,Pre-monsoon
2022-04-12 07:00:00,84.0,3.02,97.75,4,Pre-monsoon
2022-04-12 08:00:00,53.0,3.58,115.2,4,Pre-monsoon
2022-04-12 09:00:00,41.0,3.85,101.65,4,Pre-monsoon
2022-04-12 10:00:00,44.0,3.73,109.62,4,Pre-monsoon
2022-04-12 11:00:00,50.0,3.35,90.65,4,Pre-monsoon
2022-04-12 12:00:00,46.0,3.45,97.12,4,Pre-monsoon
2022-04-12 13:00:00,35.0,3.7,102.88,4,Pre-monsoon
2022-04-12 14:00:00,33.0,3.22,116.05,4,Pre-monsoon
2022-04-12 15:00:00,28.0,1.78,154.15,4,Pre-monsoon
2022-04-12 16:00:00,28.0,1.17,132.0,4,Pre-monsoon
2022-04-12 17:00:00,31.0,0.9,163.3,4,Pre-monsoon
2022-04-12 18:00:00,45.0,1.02,244.5,4,Pre-monsoon
2022-04-12 19:00:00,58.0,1.0,163.05,4,Pre-monsoon
2022-04-12 20:00:00,67.0,0.92,190.2,4,Pre-monsoon
2022-04-12 21:00:00,73.0,1.03,148.85,4,Pre-monsoon
2022-04-12 22:00:00,79.0,3.1,113.65,4,Pre-monsoon
2022-04-12 23:00:00,121.0,6.48,135.1,4,Pre-monsoon
2022-04-13 00:00:00,122.0,6.5,135.1,4,Pre-monsoon
2022-04-13 01:00:00,130.0,6.48,135.1,4,Pre-monsoon
2022-04-13 02:00:00,132.0,3.45,161.93,4,Pre-monsoon
2022-04-13 03:00:00,119.0,1.25,116.45,4,Pre-monsoon
2022-04-13 04:00:00,128.0,0.85,174.8,4,Pre-monsoon
2022-04-13 05:00:00,179.0,0.98,133.48,4,Pre-monsoon
2022-04-13 06:00:00,147.0,1.55,131.07,4,Pre-monsoon
2022-04-13 07:00:00,153.0,2.87,191.58,4,Pre-monsoon
2022-04-13 08:00:00,175.0,1.72,213.72,4,Pre-monsoon
2022-04-13 09:00:00,199.0,3.03,64.3,4,Pre-monsoon
2022-04-13 10:00:00,113.0,3.65,91.4,4,Pre-monsoon
2022-04-13 11:00:00,45.0,3.5,81.57,4,Pre-monsoon
2022-04-13 12:00:00,46.0,2.0,70.9,4,Pre-monsoon
2022-04-13 13:00:00,42.0,1.75,76.6,4,Pre-monsoon
2022-04-13 14:00:00,28.0,2.88,78.88,4,Pre-monsoon
2022-04-13 15:00:00,23.0,2.6,70.97,4,Pre-monsoon
2022-04-13 16:00:00,29.0,2.92,96.2,4,Pre-monsoon
2022-04-13 17:00:00,24.0,1.8,65.42,4,Pre-monsoon
2022-04-13 18:00:00,34.0,0.72,192.82,4,Pre-monsoon
2022-04-13 19:00:00,46.0,1.2,112.72,4,Pre-monsoon
2022-04-13 20:00:00,58.0,1.08,133.7,4,Pre-monsoon
2022-04-13 21:00:00,69.0,1.78,129.88,4,Pre-monsoon
2022-04-13 22:00:00,72.0,2.2,110.87,4,Pre-monsoon
2022-04-13 23:00:00,63.0,3.45,90.57,4,Pre-monsoon
2022-04-14 00:00:00,62.0,2.9,113.4,4,Pre-monsoon
2022-04-14 01:00:00,48.0,3.0,109.28,4,Pre-monsoon
2022-04-14 02:00:00,44.0,3.48,112.68,4,Pre-monsoon
2022-04-14 03:00:00,41.0,3.1,123.82,4,Pre-monsoon
2022-04-14 04:00:00,46.0,3.28,117.78,4,Pre-monsoon
2022-04-14 05:00:00,64.0,4.12,124.72,4,Pre-monsoon
2022-04-14 06:00:00,74.0,3.15,109.28,4,Pre-monsoon
2022-04-14 07:00:00,70.0,3.47,97.08,4,Pre-monsoon
2022-04-14 08:00:00,79.0,3.35,108.28,4,Pre-monsoon
2022-04-14 09:00:00,103.0,3.22,120.5,4,Pre-monsoon
2022-04-14 10:00:00,74.0,3.45,102.4,4,Pre-monsoon
2022-04-14 11:00:00,88.0,3.88,96.62,4,Pre-monsoon
2022-04-14 12:00:00,88.0,3.95,100.95,4,Pre-monsoon
2022-04-14 13:00:00,74.0,4.32,110.05,4,Pre-monsoon
2022-04-14 14:00:00,45.0,4.53,110.75,4,Pre-monsoon
2022-04-14 15:00:00,42.0,3.75,120.22,4,Pre-monsoon
2022-04-14 16:00:00,31.0,3.4,114.28,4,Pre-monsoon
2022-04-14 17:00:00,35.0,2.82,108.82,4,Pre-monsoon
2022-04-14 18:00:00,34.0,1.78,112.05,4,Pre-monsoon
2022-04-14 19:00:00,47.0,2.95,113.93,4,Pre-monsoon
2022-04-14 20:00:00,63.0,2.62,142.52,4,Pre-monsoon
2022-04-14 21:00:00,48.0,1.45,199.95,4,Pre-monsoon
2022-04-14 22:00:00,84.0,1.58,214.85,4,Pre-monsoon
2022-04-14 23:00:00,50.0,3.68,151.75,4,Pre-monsoon
2022-04-15 00:00:00,41.0,5.6,137.25,4,Pre-monsoon
2022-04-15 01:00:00,42.0,5.08,135.9,4,Pre-monsoon
2022-04-15 02:00:00,33.0,3.9,136.25,4,Pre-monsoon
2022-04-15 03:00:00,31.0,4.68,136.38,4,Pre-monsoon
2022-04-15 04:00:00,36.0,4.62,134.57,4,Pre-monsoon
2022-04-15 05:00:00,39.0,1.83,91.95,4,Pre-monsoon
2022-04-15 06:00:00,46.0,1.48,205.88,4,Pre-monsoon
2022-04-15 07:00:00,62.0,3.08,163.68,4,Pre-monsoon
2022-04-15 08:00:00,77.0,1.32,264.75,4,Pre-monsoon
2022-04-15 09:00:00,77.0,1.75,163.02,4,Pre-monsoon
2022-04-15 10:00:00,92.0,2.62,21.78,4,Pre-monsoon
2022-04-15 11:00:00,48.0,2.15,73.95,4,Pre-monsoon
2022-04-15 12:00:00,48.0,1.82,132.1,4,Pre-monsoon
2022-04-15 13:00:00,52.0,1.25,167.32,4,Pre-monsoon
2022-04-15 14:00:00,88.0,2.2,137.83,4,Pre-monsoon
2022-04-15 15:00:00,61.0,1.45,208.38,4,Pre-monsoon
2022-04-15 16:00:00,52.0,1.45,150.1,4,Pre-monsoon
2022-04-15 17:00:00,47.0,1.12,204.2,4,Pre-monsoon
2022-04-15 18:00:00,53.0,1.6,247.8,4,Pre-monsoon
2022-04-15 19:00:00,57.0,1.27,238.02,4,Pre-monsoon
2022-04-15 20:00:00,73.0,1.55,242.85,4,Pre-monsoon
2022-04-15 21:00:00,89.0,1.58,255.55,4,Pre-monsoon
2022-04-15 22:00:00,95.0,1.6,254.58,4,Pre-monsoon
2022-04-15 23:00:00,100.0,4.07,136.02,4,Pre-monsoon
2022-04-16 00:00:00,100.0,5.78,137.23,4,Pre-monsoon
2022-04-16 01:00:00,96.0,6.5,135.1,4,Pre-monsoon
2022-04-16 02:00:00,105.0,3.78,173.38,4,Pre-monsoon
2022-04-16 03:00:00,112.0,1.72,163.88,4,Pre-monsoon
2022-04-16 04:00:00,117.0,0.88,136.58,4,Pre-monsoon
2022-04-16 05:00:00,118.0,1.2,198.48,4,Pre-monsoon
2022-04-16 06:00:00,125.0,1.95,130.82,4,Pre-monsoon
2022-04-16 07:00:00,133.0,2.98,208.9,4,Pre-monsoon
2022-04-16 08:00:00,116.0,1.67,281.85,4,Pre-monsoon
2022-04-16 09:00:00,111.0,2.45,217.62,4,Pre-monsoon
2022-04-16 10:00:00,106.0,2.7,252.98,4,Pre-monsoon
2022-04-16 11:00:00,70.0,2.52,300.33,4,Pre-monsoon
2022-04-16 12:00:00,55.0,1.67,256.68,4,Pre-monsoon
2022-04-16 13:00:00,51.0,1.8,212.88,4,Pre-monsoon
2022-04-16 14:00:00,48.0,1.58,164.4,4,Pre-monsoon
2022-04-16 15:00:00,50.0,2.35,123.75,4,Pre-monsoon
2022-04-16 16:00:00,41.0,3.25,120.22,4,Pre-monsoon
2022-04-16 17:00:00,39.0,2.6,124.52,4,Pre-monsoon
2022-04-16 18:00:00,34.0,1.32,130.93,4,Pre-monsoon
2022-04-16 19:00:00,46.0,0.95,197.62,4,Pre-monsoon
2022-04-16 20:00:00,55.0,1.38,243.12,4,Pre-monsoon
2022-04-16 21:00:00,101.0,1.75,173.25,4,Pre-monsoon
2022-04-16 22:00:00,106.0,2.6,189.68,4,Pre-monsoon
2022-04-16 23:00:00,130.0,6.12,135.65,4,Pre-monsoon
2022-04-17 00:00:00,124.0,6.4,135.2,4,Pre-monsoon
2022-04-17 01:00:00,111.0,6.22,134.85,4,Pre-monsoon
2022-04-17 02:00:00,101.0,2.95,123.38,4,Pre-monsoon
2022-04-17 03:00:00,113.0,1.1,105.9,4,Pre-monsoon
2022-04-17 04:00:00,119.0,0.82,185.72,4,Pre-monsoon
2022-04-17 05:00:00,122.0,1.08,126.62,4,Pre-monsoon
2022-04-17 06:00:00,127.0,3.6,132.48,4,Pre-monsoon
2022-04-17 07:00:00,127.0,3.48,124.4,4,Pre-monsoon
2022-04-17 08:00:00,125.0,1.78,151.02,4,Pre-monsoon
2022-04-17 09:00:00,133.0,3.25,47.32,4,Pre-monsoon
2022-04-17 10:00:00,85.0,1.27,78.32,4,Pre-monsoon
2022-04-17 11:00:00,63.0,1.05,102.45,4,Pre-monsoon
2022-04-17 12:00:00,52.5,0.95,141.2,4,Pre-monsoon
2022-04-17 13:00:00,43.25,1.1,77.5,4,Pre-monsoon
2022-04-17 14:00:00,40.0,1.4,251.8,4,Pre-monsoon
2022-04-17 15:00:00,44.0,0.8,239.0,4,Pre-monsoon
2022-04-17 16:00:00,44.66666666666666,1.0,244.2,4,Pre-monsoon
2022-04-17 17:00:00,45.333333333333336,1.2,249.4,4,Pre-monsoon
2022-04-17 18:00:00,46.0,1.4,254.6,4,Pre-monsoon
2022-04-17 19:00:00,56.0,1.08,234.2,4,Pre-monsoon
2022-04-17 20:00:00,90.0,1.25,227.42,4,Pre-monsoon
2022-04-17 21:00:00,101.25,1.02,154.25,4,Pre-monsoon
2022-04-17 22:00:00,103.75,1.15,122.55,4,Pre-monsoon
2022-04-17 23:00:00,116.25,2.22,173.02,4,Pre-monsoon
2022-04-18 00:00:00,111.0,6.5,135.1,4,Pre-monsoon
2022-04-18 01:00:00,109.75,6.5,135.05,4,Pre-monsoon
2022-04-18 02:00:00,105.0,3.38,138.25,4,Pre-monsoon
2022-04-18 03:00:00,100.25,1.38,113.52,4,Pre-monsoon
2022-04-18 04:00:00,95.5,1.42,112.35,4,Pre-monsoon
2022-04-18 05:00:00,99.0,1.27,64.55,4,Pre-monsoon
2022-04-18 06:00:00,104.25,5.8,132.9,4,Pre-monsoon
2022-04-18 07:00:00,105.75,2.2,141.57,4,Pre-monsoon
2022-04-18 08:00:00,117.25,2.9,127.68,4,Pre-monsoon
2022-04-18 09:00:00,111.25,3.42,59.6,4,Pre-monsoon
2022-04-18 10:00:00,81.0,1.98,108.4,4,Pre-monsoon
2022-04-18 11:00:00,54.25,1.18,240.78,4,Pre-monsoon
2022-04-18 12:00:00,65.25,1.2,193.27,4,Pre-monsoon
2022-04-18 13:00:00,67.0,1.12,209.27,4,Pre-monsoon
2022-04-18 14:00:00,60.0,1.18,143.98,4,Pre-monsoon
2022-04-18 15:00:00,58.75,2.22,143.6,4,Pre-monsoon
2022-04-18 16:00:00,61.25,1.88,125.65,4,Pre-monsoon
2022-04-18 17:00:00,54.25,1.3,230.42,4,Pre-monsoon
2022-04-18 18:00:00,60.5,1.83,152.82,4,Pre-monsoon
2022-04-18 19:00:00,72.25,1.4,133.28,4,Pre-monsoon
2022-04-18 20:00:00,95.5,1.25,124.92,4,Pre-monsoon
2022-04-18 21:00:00,125.75,1.42,133.28,4,Pre-monsoon
2022-04-18 22:00:00,124.0,1.2,146.72,4,Pre-monsoon
2022-04-18 23:00:00,128.0,2.75,154.12,4,Pre-monsoon
2022-04-19 00:00:00,120.75,3.05,147.58,4,Pre-monsoon
2022-04-19 01:00:00,121.5,6.35,135.25,4,Pre-monsoon
2022-04-19 02:00:00,127.5,4.2,137.05,4,Pre-monsoon
2022-04-19 03:00:00,110.75,4.75,138.6,4,Pre-monsoon
2022-04-19 04:00:00,137.75,6.5,135.1,4,Pre-monsoon
2022-04-19 05:00:00,178.25,5.72,134.07,4,Pre-monsoon
2022-04-19 06:00:00,221.75,3.62,135.05,4,Pre-monsoon
2022-04-19 07:00:00,238.0,2.45,97.88,4,Pre-monsoon
2022-04-19 08:00:00,171.5,3.35,92.2,4,Pre-monsoon
2022-04-19 09:00:00,136.75,3.92,109.72,4,Pre-monsoon
2022-04-19 10:00:00,238.0,3.98,110.4,4,Pre-monsoon
2022-04-19 11:00:00,102.0,4.0,98.05,4,Pre-monsoon
2022-04-19 12:00:00,73.25,3.95,129.23,4,Pre-monsoon
2022-04-19 13:00:00,71.0,4.28,135.2,4,Pre-monsoon
2022-04-19 14:00:00,52.5,5.65,118.15,4,Pre-monsoon
2022-04-19 15:00:00,50.25,5.15,112.78,4,Pre-monsoon
2022-04-19 16:00:00,49.0,4.97,111.18,4,Pre-monsoon
2022-04-19 17:00:00,51.0,4.35,114.22,4,Pre-monsoon
2022-04-19 18:00:00,47.25,3.05,116.32,4,Pre-monsoon
2022-04-19 19:00:00,48.25,2.05,124.62,4,Pre-monsoon
2022-04-19 20:00:00,61.0,2.05,131.35,4,Pre-monsoon
2022-04-19 21:00:00,71.25,1.5,107.65,4,Pre-monsoon
2022-04-19 22:00:00,82.75,1.78,118.65,4,Pre-monsoon
2022-04-19 23:00:00,113.0,2.12,119.0,4,Pre-monsoon
2022-04-20 00:00:00,149.5,2.45,134.12,4,Pre-monsoon
2022-04-20 01:00:00,193.0,2.35,137.82,4,Pre-monsoon
2022-04-20 02:00:00,179.0,3.92,138.3,4,Pre-monsoon
2022-04-20 03:00:00,152.0,3.3,135.98,4,Pre-monsoon
2022-04-20 04:00:00,107.75,3.05,123.42,4,Pre-monsoon
2022-04-20 05:00:00,87.25,3.32,123.68,4,Pre-monsoon
2022-04-20 06:00:00,104.0,4.88,129.5,4,Pre-monsoon
2022-04-20 07:00:00,124.75,2.85,104.17,4,Pre-monsoon
2022-04-20 08:00:00,140.0,3.62,103.25,4,Pre-monsoon
2022-04-20 09:00:00,102.5,3.6,115.12,4,Pre-monsoon
2022-04-20 10:00:00,88.25,4.2,97.52,4,Pre-monsoon
2022-04-20 11:00:00,76.25,4.68,107.22,4,Pre-monsoon
2022-04-20 12:00:00,43.0,5.55,124.82,4,Pre-monsoon
2022-04-20 13:00:00,32.25,5.52,122.85,4,Pre-monsoon
2022-04-20 14:00:00,35.75,5.4,121.1,4,Pre-monsoon
2022-04-20 15:00:00,39.0,5.02,118.5,4,Pre-monsoon
2022-04-20 16:00:00,47.0,4.72,109.55,4,Pre-monsoon
2022-04-20 17:00:00,35.0,4.23,106.1,4,Pre-monsoon
2022-04-20 18:00:00,38.0,2.82,112.38,4,Pre-monsoon
2022-04-20 19:00:00,48.5,2.0,126.65,4,Pre-monsoon
2022-04-20 20:00:00,56.25,1.65,115.92,4,Pre-monsoon
2022-04-20 21:00:00,67.75,1.5,126.78,4,Pre-monsoon
2022-04-20 22:00:00,91.25,1.55,121.22,4,Pre-monsoon
2022-04-20 23:00:00,136.25,1.45,121.95,4,Pre-monsoon
2022-04-21 00:00:00,117.75,1.5,133.85,4,Pre-monsoon
2022-04-21 01:00:00,144.5,2.75,136.2,4,Pre-monsoon
2022-04-21 02:00:00,129.0,4.68,143.28,4,Pre-monsoon
2022-04-21 03:00:00,128.0,5.32,137.98,4,Pre-monsoon
2022-04-21 04:00:00,114.5,5.65,135.65,4,Pre-monsoon
2022-04-21 05:00:00,110.5,5.78,135.7,4,Pre-monsoon
2022-04-21 06:00:00,123.0,2.65,82.52,4,Pre-monsoon
2022-04-21 07:00:00,132.25,2.98,79.82,4,Pre-monsoon
2022-04-21 08:00:00,60.0,5.22,86.62,4,Pre-monsoon
2022-04-21 09:00:00,64.75,5.43,93.85,4,Pre-monsoon
2022-04-21 10:00:00,90.0,4.53,96.35,4,Pre-monsoon
2022-04-21 11:00:00,93.0,4.25,102.75,4,Pre-monsoon
2022-04-21 12:00:00,80.0,5.1,115.72,4,Pre-monsoon
2022-04-21 13:00:00,63.5,5.62,119.62,4,Pre-monsoon
2022-04-21 14:00:00,45.25,4.23,125.0,4,Pre-monsoon
2022-04-21 15:00:00,32.0,2.88,126.68,4,Pre-monsoon
2022-04-21 16:00:00,35.25,1.22,228.95,4,Pre-monsoon
2022-04-21 17:00:00,40.0,1.08,229.2,4,Pre-monsoon
2022-04-21 18:00:00,53.5,1.08,212.0,4,Pre-monsoon
2022-04-21 19:00:00,61.5,1.43,246.3,4,Pre-monsoon
2022-04-21 20:00:00,72.5,3.28,162.4,4,Pre-monsoon
2022-04-21 21:00:00,78.0,5.65,139.28,4,Pre-monsoon
2022-04-21 22:00:00,89.75,6.5,135.1,4,Pre-monsoon
2022-04-21 23:00:00,92.25,6.22,130.6,4,Pre-monsoon
2022-04-22 00:00:00,96.75,7.02,115.75,4,Pre-monsoon
2022-04-22 01:00:00,71.75,5.3,116.9,4,Pre-monsoon
2022-04-22 02:00:00,40.5,1.33,195.25,4,Pre-monsoon
2022-04-22 03:00:00,28.5,3.65,127.38,4,Pre-monsoon
2022-04-22 04:00:00,26.75,1.5,140.02,4,Pre-monsoon
2022-04-22 05:00:00,33.25,1.2,100.37,4,Pre-monsoon
2022-04-22 06:00:00,28.5,1.62,90.75,4,Pre-monsoon
2022-04-22 07:00:00,42.0,2.0,214.12,4,Pre-monsoon
2022-04-22 08:00:00,73.75,1.25,251.38,4,Pre-monsoon
2022-04-22 09:00:00,61.5,2.88,119.7,4,Pre-monsoon
2022-04-22 10:00:00,60.25,2.7,67.05,4,Pre-monsoon
2022-04-22 11:00:00,51.5,2.8,78.75,4,Pre-monsoon
2022-04-22 12:00:00,47.5,3.03,77.43,4,Pre-monsoon
2022-04-22 13:00:00,41.5,1.48,57.98,4,Pre-monsoon
2022-04-22 14:00:00,45.5,2.43,80.95,4,Pre-monsoon
2022-04-22 15:00:00,44.0,2.25,113.12,4,Pre-monsoon
2022-04-22 16:00:00,47.75,2.8,127.02,4,Pre-monsoon
2022-04-22 17:00:00,56.75,2.5,131.32,4,Pre-monsoon
2022-04-22 18:00:00,50.0,2.18,125.8,4,Pre-monsoon
2022-04-22 19:00:00,52.25,2.1,114.28,4,Pre-monsoon
2022-04-22 20:00:00,62.75,1.35,108.92,4,Pre-monsoon
2022-04-22 21:00:00,80.5,5.18,135.27,4,Pre-monsoon
2022-04-22 22:00:00,97.25,6.42,135.1,4,Pre-monsoon
2022-04-22 23:00:00,115.75,6.42,135.18,4,Pre-monsoon
2022-04-23 00:00:00,176.75,6.38,134.9,4,Pre-monsoon
2022-04-23 01:00:00,119.0,4.2,128.22,4,Pre-monsoon
2022-04-23 02:00:00,114.25,1.5,111.58,4,Pre-monsoon
2022-04-23 03:00:00,99.75,1.25,110.78,4,Pre-monsoon
2022-04-23 04:00:00,98.5,1.42,115.45,4,Pre-monsoon
2022-04-23 05:00:00,95.5,1.58,123.35,4,Pre-monsoon
2022-04-23 06:00:00,92.0,1.98,120.6,4,Pre-monsoon
2022-04-23 07:00:00,113.5,3.32,117.15,4,Pre-monsoon
2022-04-23 08:00:00,185.5,2.5,103.4,4,Pre-monsoon
2022-04-23 09:00:00,223.67,2.63,112.0,4,Pre-monsoon
2022-04-23 10:00:00,171.75,3.58,86.95,4,Pre-monsoon
2022-04-23 11:00:00,72.75,3.98,101.0,4,Pre-monsoon
2022-04-23 12:00:00,42.25,2.98,96.75,4,Pre-monsoon
2022-04-23 13:00:00,48.5,2.58,97.8,4,Pre-monsoon
2022-04-23 14:00:00,38.0,2.82,109.75,4,Pre-monsoon
2022-04-23 15:00:00,37.25,3.38,124.2,4,Pre-monsoon
2022-04-23 16:00:00,34.75,3.52,122.15,4,Pre-monsoon
2022-04-23 17:00:00,33.75,3.1,119.62,4,Pre-monsoon
2022-04-23 18:00:00,36.0,1.75,125.55,4,Pre-monsoon
2022-04-23 19:00:00,49.5,1.3,96.02,4,Pre-monsoon
2022-04-23 20:00:00,68.0,1.38,125.78,4,Pre-monsoon
2022-04-23 21:00:00,83.5,2.7,148.55,4,Pre-monsoon
2022-04-23 22:00:00,90.0,5.65,134.5,4,Pre-monsoon
2022-04-23 23:00:00,105.75,6.5,135.02,4,Pre-monsoon
2022-04-24 00:00:00,108.5,6.5,135.0,4,Pre-monsoon
2022-04-24 01:00:00,112.0,6.22,134.88,4,Pre-monsoon
2022-04-24 02:00:00,113.5,5.85,133.5,4,Pre-monsoon
2022-04-24 03:00:00,103.5,4.28,126.32,4,Pre-monsoon
2022-04-24 04:00:00,124.5,2.02,103.58,4,Pre-monsoon
2022-04-24 05:00:00,172.25,1.88,108.38,4,Pre-monsoon
2022-04-24 06:00:00,235.75,2.28,98.12,4,Pre-monsoon
2022-04-24 07:00:00,274.75,2.97,101.22,4,Pre-monsoon
2022-04-24 08:00:00,250.75,3.18,95.57,4,Pre-monsoon
2022-04-24 09:00:00,213.0,3.48,105.85,4,Pre-monsoon
2022-04-24 10:00:00,159.75,3.68,91.98,4,Pre-monsoon
2022-04-24 11:00:00,101.75,4.43,102.25,4,Pre-monsoon
2022-04-24 12:00:00,53.25,4.8,109.68,4,Pre-monsoon
2022-04-24 13:00:00,42.5,5.25,103.05,4,Pre-monsoon
2022-04-24 14:00:00,35.75,5.5,110.02,4,Pre-monsoon
2022-04-24 15:00:00,38.75,5.28,113.72,4,Pre-monsoon
2022-04-24 16:00:00,42.5,6.02,117.93,4,Pre-monsoon
2022-04-24 17:00:00,48.0,4.92,112.48,4,Pre-monsoon
2022-04-24 18:00:00,52.0,3.08,122.95,4,Pre-monsoon
2022-04-24 19:00:00,57.0,2.55,125.25,4,Pre-monsoon
2022-04-24 20:00:00,69.25,2.42,131.02,4,Pre-monsoon
2022-04-24 21:00:00,88.0,2.47,125.32,4,Pre-monsoon
2022-04-24 22:00:00,91.5,2.7,120.38,4,Pre-monsoon
2022-04-24 23:00:00,102.0,2.8,119.1,4,Pre-monsoon
2022-04-25 00:00:00,105.5,6.3,135.25,4,Pre-monsoon
2022-04-25 01:00:00,116.0,6.4,134.9,4,Pre-monsoon
2022-04-25 02:00:00,118.25,5.55,134.27,4,Pre-monsoon
2022-04-25 03:00:00,124.75,4.18,126.78,4,Pre-monsoon
2022-04-25 04:00:00,122.75,2.33,113.6,4,Pre-monsoon
2022-04-25 05:00:00,120.0,1.95,121.55,4,Pre-monsoon
2022-04-25 06:00:00,117.75,3.18,115.72,4,Pre-monsoon
2022-04-25 07:00:00,106.25,2.75,101.6,4,Pre-monsoon
2022-04-25 08:00:00,124.5,3.25,96.02,4,Pre-monsoon
2022-04-25 09:00:00,137.75,3.18,102.7,4,Pre-monsoon
2022-04-25 10:00:00,125.25,3.5,72.9,4,Pre-monsoon
2022-04-25 11:00:00,102.5,3.98,81.68,4,Pre-monsoon
2022-04-25 12:00:00,59.0,3.68,87.48,4,Pre-monsoon
2022-04-25 13:00:00,55.75,3.58,93.48,4,Pre-monsoon
2022-04-25 14:00:00,47.0,4.7,103.58,4,Pre-monsoon
2022-04-25 15:00:00,50.0,4.93,106.92,4,Pre-monsoon
2022-04-25 16:00:00,46.5,5.15,114.02,4,Pre-monsoon
2022-04-25 17:00:00,37.5,4.3,118.78,4,Pre-monsoon
2022-04-25 18:00:00,44.25,2.48,123.38,4,Pre-monsoon
2022-04-25 19:00:00,52.5,2.7,119.45,4,Pre-monsoon
2022-04-25 20:00:00,53.0,3.85,97.65,4,Pre-monsoon
2022-04-25 21:00:00,42.5,5.32,92.22,4,Pre-monsoon
2022-04-25 22:00:00,63.75,7.48,125.15,4,Pre-monsoon
2022-04-25 23:00:00,91.25,1.95,116.8,4,Pre-monsoon
2022-04-26 00:00:00,23.0,1.88,118.62,4,Pre-monsoon
2022-04-26 01:00:00,29.75,6.3,134.75,4,Pre-monsoon
2022-04-26 02:00:00,46.25,5.22,123.07,4,Pre-monsoon
2022-04-26 03:00:00,31.25,2.85,135.02,4,Pre-monsoon
2022-04-26 04:00:00,21.0,3.15,113.08,4,Pre-monsoon
2022-04-26 05:00:00,27.75,3.05,129.62,4,Pre-monsoon
2022-04-26 06:00:00,39.0,3.22,121.52,4,Pre-monsoon
2022-04-26 07:00:00,42.5,1.8,111.88,4,Pre-monsoon
2022-04-26 08:00:00,52.5,1.9,180.08,4,Pre-monsoon
2022-04-26 09:00:00,59.25,2.92,61.5,4,Pre-monsoon
2022-04-26 10:00:00,91.0,1.88,55.42,4,Pre-monsoon
2022-04-26 11:00:00,106.25,1.98,113.0,4,Pre-monsoon
2022-04-26 12:00:00,82.25,2.17,136.58,4,Pre-monsoon
2022-04-26 13:00:00,63.5,2.62,126.05,4,Pre-monsoon
2022-04-26 14:00:00,65.5,2.38,159.7,4,Pre-monsoon
2022-04-26 15:00:00,57.25,4.12,124.55,4,Pre-monsoon
2022-04-26 16:00:00,54.5,4.12,122.72,4,Pre-monsoon
2022-04-26 17:00:00,54.0,2.98,126.32,4,Pre-monsoon
2022-04-26 18:00:00,57.0,1.65,125.3,4,Pre-monsoon
2022-04-26 19:00:00,58.25,1.05,102.78,4,Pre-monsoon
2022-04-26 20:00:00,66.0,1.27,105.62,4,Pre-monsoon
2022-04-26 21:00:00,85.5,1.23,103.05,4,Pre-monsoon
2022-04-26 22:00:00,111.75,1.62,130.72,4,Pre-monsoon
2022-04-26 23:00:00,123.0,3.32,146.7,4,Pre-monsoon
2022-04-27 00:00:00,117.75,4.53,140.75,4,Pre-monsoon
2022-04-27 01:00:00,103.5,5.75,137.52,4,Pre-monsoon
2022-04-27 02:00:00,110.0,6.5,135.02,4,Pre-monsoon
2022-04-27 03:00:00,118.25,6.5,135.02,4,Pre-monsoon
2022-04-27 04:00:00,129.5,6.18,134.35,4,Pre-monsoon
2022-04-27 05:00:00,150.0,3.0,115.65,4,Pre-monsoon
2022-04-27 06:00:00,171.25,4.15,124.2,4,Pre-monsoon
2022-04-27 07:00:00,184.25,2.0,121.98,4,Pre-monsoon
2022-04-27 08:00:00,226.75,2.62,111.62,4,Pre-monsoon
2022-04-27 09:00:00,219.75,3.5,83.32,4,Pre-monsoon
2022-04-27 10:00:00,133.25,3.5,85.58,4,Pre-monsoon
2022-04-27 11:00:00,92.0,4.75,161.05,4,Pre-monsoon
2022-04-27 12:00:00,58.0,5.48,234.95,4,Pre-monsoon
2022-04-27 13:00:00,50.0,4.7,249.28,4,Pre-monsoon
2022-04-27 14:00:00,40.0,4.92,272.23,4,Pre-monsoon
2022-04-27 15:00:00,42.0,5.5,285.83,4,Pre-monsoon
2022-04-27 16:00:00,44.0,5.7,284.42,4,Pre-monsoon
2022-04-27 17:00:00,38.0,5.2,277.77,4,Pre-monsoon
2022-04-27 18:00:00,40.0,2.48,291.75,4,Pre-monsoon
2022-04-27 19:00:00,50.0,2.02,288.55,4,Pre-monsoon
2022-04-27 20:00:00,62.0,2.05,292.42,4,Pre-monsoon
2022-04-27 21:00:00,85.0,1.83,299.3,4,Pre-monsoon
2022-04-27 22:00:00,106.0,2.38,290.5,4,Pre-monsoon
2022-04-27 23:00:00,129.0,2.3,281.3,4,Pre-monsoon
2022-04-28 00:00:00,136.0,2.33,116.4,4,Pre-monsoon
2022-04-28 01:00:00,155.0,4.42,148.98,4,Pre-monsoon
2022-04-28 02:00:00,178.0,6.18,166.88,4,Pre-monsoon
2022-04-28 03:00:00,206.0,5.25,169.2,4,Pre-monsoon
2022-04-28 04:00:00,218.0,3.45,176.27,4,Pre-monsoon
2022-04-28 05:00:00,277.0,4.85,170.88,4,Pre-monsoon
2022-04-28 06:00:00,249.67,3.05,144.6,4,Pre-monsoon
2022-04-28 07:00:00,183.5,2.18,109.18,4,Pre-monsoon
2022-04-28 08:00:00,138.5,2.65,111.68,4,Pre-monsoon
2022-04-28 09:00:00,121.75,3.08,83.52,4,Pre-monsoon
2022-04-28 10:00:00,105.5,2.65,106.75,4,Pre-monsoon
2022-04-28 11:00:00,82.5,2.2,127.8,4,Pre-monsoon
2022-04-28 12:00:00,72.0,3.72,144.18,4,Pre-monsoon
2022-04-28 13:00:00,52.0,8.9,125.7,4,Pre-monsoon
2022-04-28 14:00:00,57.0,5.38,128.38,4,Pre-monsoon
2022-04-28 15:00:00,53.25,3.97,144.75,4,Pre-monsoon
2022-04-28 16:00:00,57.0,2.85,150.02,4,Pre-monsoon
2022-04-28 17:00:00,58.25,2.05,134.72,4,Pre-monsoon
2022-04-28 18:00:00,64.0,1.95,146.7,4,Pre-monsoon
2022-04-28 19:00:00,71.25,1.75,124.22,4,Pre-monsoon
2022-04-28 20:00:00,80.5,1.55,149.7,4,Pre-monsoon
2022-04-28 21:00:00,103.0,1.33,124.52,4,Pre-monsoon
2022-04-28 22:00:00,124.0,0.55,167.32,4,Pre-monsoon
2022-04-28 23:00:00,134.5,1.5,169.75,4,Pre-monsoon
2022-04-29 00:00:00,154.25,2.08,132.27,4,Pre-monsoon
2022-04-29 01:00:00,208.5,1.18,126.57,4,Pre-monsoon
2022-04-29 02:00:00,236.25,1.7,136.05,4,Pre-monsoon
2022-04-29 03:00:00,242.0,2.38,133.52,4,Pre-monsoon
2022-04-29 04:00:00,230.75,2.33,139.45,4,Pre-monsoon
2022-04-29 05:00:00,198.75,2.42,148.18,4,Pre-monsoon
2022-04-29 06:00:00,171.5,2.05,128.4,4,Pre-monsoon
2022-04-29 07:00:00,141.75,2.68,125.9,4,Pre-monsoon
2022-04-29 08:00:00,92.0,3.38,105.5,4,Pre-monsoon
2022-04-29 09:00:00,67.5,3.88,97.87,4,Pre-monsoon
2022-04-29 10:00:00,75.0,3.4,90.02,4,Pre-monsoon
2022-04-29 11:00:00,54.25,2.55,110.25,4,Pre-monsoon
2022-04-29 12:00:00,51.67,4.42,177.73,4,Pre-monsoon
2022-04-29 13:00:00,61.5,3.12,281.27,4,Pre-monsoon
2022-04-29 14:00:00,52.75,3.25,266.95,4,Pre-monsoon
2022-04-29 15:00:00,42.0,3.4,272.67,4,Pre-monsoon
2022-04-29 16:00:00,47.75,3.25,271.8,4,Pre-monsoon
2022-04-29 17:00:00,46.75,2.28,270.58,4,Pre-monsoon
2022-04-29 18:00:00,48.25,1.2,280.95,4,Pre-monsoon
2022-04-29 19:00:00,57.75,0.98,295.62,4,Pre-monsoon
2022-04-29 20:00:00,70.75,0.73,285.98,4,Pre-monsoon
2022-04-29 21:00:00,87.5,0.95,288.12,4,Pre-monsoon
2022-04-29 22:00:00,106.5,0.72,289.95,4,Pre-monsoon
2022-04-29 23:00:00,151.25,0.5,288.07,4,Pre-monsoon
2022-04-30 00:00:00,186.75,0.68,290.25,4,Pre-monsoon
2022-04-30 01:00:00,194.5,0.75,287.62,4,Pre-monsoon
2022-04-30 02:00:00,169.0,0.8,284.5,4,Pre-monsoon
2022-04-30 03:00:00,145.5,0.92,285.68,4,Pre-monsoon
2022-04-30 04:00:00,126.5,0.7,289.92,4,Pre-monsoon
2022-04-30 05:00:00,125.75,0.73,292.08,4,Pre-monsoon
2022-04-30 06:00:00,149.75,0.62,288.4,4,Pre-monsoon
2022-04-30 07:00:00,165.25,0.95,266.6,4,Pre-monsoon
2022-04-30 08:00:00,176.5,1.65,256.2,4,Pre-monsoon
2022-04-30 09:00:00,149.25,2.0,253.02,4,Pre-monsoon
2022-04-30 10:00:00,80.0,1.8,259.75,4,Pre-monsoon
2022-04-30 11:00:00,69.25,2.3,265.68,4,Pre-monsoon
2022-04-30 12:00:00,43.25,2.8,269.25,4,Pre-monsoon
2022-04-30 13:00:00,32.5,2.22,266.08,4,Pre-monsoon
2022-04-30 14:00:00,26.0,2.4,274.58,4,Pre-monsoon
2022-04-30 15:00:00,27.5,1.4,261.6,4,Pre-monsoon
2022-04-30 16:00:00,22.75,2.12,275.42,4,Pre-monsoon
2022-04-30 17:00:00,22.5,2.33,275.38,4,Pre-monsoon
2022-04-30 18:00:00,30.0,0.57,283.0,4,Pre-monsoon
2022-04-30 19:00:00,49.75,0.22,299.42,4,Pre-monsoon
2022-04-30 20:00:00,58.25,0.15,301.5,4,Pre-monsoon
2022-04-30 21:00:00,70.5,0.18,158.95,4,Pre-monsoon
2022-04-30 22:00:00,81.0,0.32,206.45,4,Pre-monsoon
2022-04-30 23:00:00,92.75,0.25,167.0,4,Pre-monsoon
2022-05-01 00:00:00,102.75,0.32,254.3,5,Pre-monsoon
2022-05-01 01:00:00,110.0,0.23,243.4,5,Pre-monsoon
2022-05-01 02:00:00,116.25,1.0,188.27,5,Pre-monsoon
2022-05-01 03:00:00,118.5,1.25,62.35,5,Pre-monsoon
2022-05-01 04:00:00,120.0,2.35,81.18,5,Pre-monsoon
2022-05-01 05:00:00,105.75,2.38,87.15,5,Pre-monsoon
2022-05-01 06:00:00,88.75,2.55,87.08,5,Pre-monsoon
2022-05-01 07:00:00,79.75,2.95,84.88,5,Pre-monsoon
2022-05-01 08:00:00,63.25,3.05,92.45,5,Pre-monsoon
2022-05-01 09:00:00,63.0,3.9,94.28,5,Pre-monsoon
2022-05-01 10:00:00,70.0,3.68,95.4,5,Pre-monsoon
2022-05-01 11:00:00,73.25,3.08,102.02,5,Pre-monsoon
2022-05-01 12:00:00,71.5,2.72,101.12,5,Pre-monsoon
2022-05-01 13:00:00,62.75,1.98,105.57,5,Pre-monsoon
2022-05-01 14:00:00,59.0,2.02,98.5,5,Pre-monsoon
2022-05-01 15:00:00,58.0,2.0,89.82,5,Pre-monsoon
2022-05-01 16:00:00,55.25,1.92,78.92,5,Pre-monsoon
2022-05-01 17:00:00,56.75,1.8,80.18,5,Pre-monsoon
2022-05-01 18:00:00,59.75,1.65,83.8,5,Pre-monsoon
2022-05-01 19:00:00,54.75,0.9,101.45,5,Pre-monsoon
2022-05-01 20:00:00,40.0,1.55,75.38,5,Pre-monsoon
2022-05-01 21:00:00,64.5,2.2,81.42,5,Pre-monsoon
2022-05-01 22:00:00,76.5,1.8,78.55,5,Pre-monsoon
2022-05-01 23:00:00,80.25,2.1,79.88,5,Pre-monsoon
2022-05-02 00:00:00,78.0,2.42,81.35,5,Pre-monsoon
2022-05-02 01:00:00,77.25,2.22,89.6,5,Pre-monsoon
2022-05-02 02:00:00,78.5,2.08,94.2,5,Pre-monsoon
2022-05-02 03:00:00,83.5,1.18,90.45,5,Pre-monsoon
2022-05-02 04:00:00,67.25,1.78,91.45,5,Pre-monsoon
2022-05-02 05:00:00,66.5,2.1,98.37,5,Pre-monsoon
2022-05-02 06:00:00,64.75,2.5,95.6,5,Pre-monsoon
2022-05-02 07:00:00,70.5,2.55,99.2,5,Pre-monsoon
2022-05-02 08:00:00,64.5,2.85,95.0,5,Pre-monsoon
2022-05-02 09:00:00,68.75,3.08,96.25,5,Pre-monsoon
2022-05-02 10:00:00,68.5,2.82,98.3,5,Pre-monsoon
2022-05-02 11:00:00,68.0,2.35,101.48,5,Pre-monsoon
2022-05-02 12:00:00,60.25,1.67,93.48,5,Pre-monsoon
2022-05-02 13:00:00,55.5,1.65,82.0,5,Pre-monsoon
2022-05-02 14:00:00,57.0,1.58,69.05,5,Pre-monsoon
2022-05-02 15:00:00,54.75,1.63,66.25,5,Pre-monsoon
2022-05-02 16:00:00,50.5,1.88,74.7,5,Pre-monsoon
2022-05-02 17:00:00,56.75,1.9,81.47,5,Pre-monsoon
2022-05-02 18:00:00,57.25,1.8,74.4,5,Pre-monsoon
2022-05-02 19:00:00,67.0,1.78,76.4,5,Pre-monsoon
2022-05-02 20:00:00,60.0,1.65,74.22,5,Pre-monsoon
2022-05-02 21:00:00,67.0,1.85,81.2,5,Pre-monsoon
2022-05-02 22:00:00,70.0,2.3,84.52,5,Pre-monsoon
2022-05-02 23:00:00,70.75,1.85,81.92,5,Pre-monsoon
2022-05-03 00:00:00,73.25,2.0,86.68,5,Pre-monsoon
2022-05-03 01:00:00,72.5,2.48,94.02,5,Pre-monsoon
2022-05-03 02:00:00,72.0,2.35,97.38,5,Pre-monsoon
2022-05-03 03:00:00,79.5,1.7,86.12,5,Pre-monsoon
2022-05-03 04:00:00,68.75,1.8,82.95,5,Pre-monsoon
2022-05-03 05:00:00,75.25,1.83,96.48,5,Pre-monsoon
2022-05-03 06:00:00,71.0,2.3,97.2,5,Pre-monsoon
2022-05-03 07:00:00,75.75,1.78,89.48,5,Pre-monsoon
2022-05-03 08:00:00,79.0,2.5,93.95,5,Pre-monsoon
2022-05-03 09:00:00,75.75,2.12,92.0,5,Pre-monsoon
2022-05-03 10:00:00,83.75,1.55,91.02,5,Pre-monsoon
2022-05-03 11:00:00,84.5,0.73,157.75,5,Pre-monsoon
2022-05-03 12:00:00,89.25,0.7,252.82,5,Pre-monsoon
2022-05-03 13:00:00,92.25,0.92,192.52,5,Pre-monsoon
2022-05-03 14:00:00,101.0,0.82,94.6,5,Pre-monsoon
2022-05-03 15:00:00,109.25,0.52,114.22,5,Pre-monsoon
2022-05-03 16:00:00,115.0,0.73,52.2,5,Pre-monsoon
2022-05-03 17:00:00,112.0,0.88,59.18,5,Pre-monsoon
2022-05-03 18:00:00,111.0,1.22,60.2,5,Pre-monsoon
2022-05-03 19:00:00,108.0,1.02,59.98,5,Pre-monsoon
2022-05-03 20:00:00,111.25,1.18,73.08,5,Pre-monsoon
2022-05-03 21:00:00,115.5,1.42,86.25,5,Pre-monsoon
2022-05-03 22:00:00,96.25,1.03,99.3,5,Pre-monsoon
2022-05-03 23:00:00,90.25,1.0,78.05,5,Pre-monsoon
2022-05-04 00:00:00,99.75,1.17,81.95,5,Pre-monsoon
2022-05-04 01:00:00,101.75,1.12,102.4,5,Pre-monsoon
2022-05-04 02:00:00,78.0,1.48,96.82,5,Pre-monsoon
2022-05-04 03:00:00,62.75,0.88,108.72,5,Pre-monsoon
2022-05-04 04:00:00,61.75,0.7,121.38,5,Pre-monsoon
2022-05-04 05:00:00,65.5,1.12,84.65,5,Pre-monsoon
2022-05-04 06:00:00,79.25,1.4,79.0,5,Pre-monsoon
2022-05-04 07:00:00,82.75,1.68,93.55,5,Pre-monsoon
2022-05-04 08:00:00,93.5,1.4,92.25,5,Pre-monsoon
2022-05-04 09:00:00,100.5,1.82,91.65,5,Pre-monsoon
2022-05-04 10:00:00,96.25,1.55,87.65,5,Pre-monsoon
2022-05-04 11:00:00,87.5,1.42,75.92,5,Pre-monsoon
2022-05-04 12:00:00,86.0,1.58,92.68,5,Pre-monsoon
2022-05-04 13:00:00,79.75,1.8,96.4,5,Pre-monsoon
2022-05-04 14:00:00,63.25,2.45,82.65,5,Pre-monsoon
2022-05-04 15:00:00,65.0,3.12,100.15,5,Pre-monsoon
2022-05-04 16:00:00,48.0,2.35,98.75,5,Pre-monsoon
2022-05-04 17:00:00,42.75,1.25,188.78,5,Pre-monsoon
2022-05-04 18:00:00,45.25,1.6,314.62,5,Pre-monsoon
2022-05-04 19:00:00,42.75,2.12,56.18,5,Pre-monsoon
2022-05-04 20:00:00,32.25,0.62,198.5,5,Pre-monsoon
2022-05-04 21:00:00,30.0,1.23,58.62,5,Pre-monsoon
2022-05-04 22:00:00,30.0,1.58,91.82,5,Pre-monsoon
2022-05-04 23:00:00,30.0,0.92,109.2,5,Pre-monsoon
2022-05-05 00:00:00,28.75,0.72,140.88,5,Pre-monsoon
2022-05-05 01:00:00,24.75,0.57,172.5,5,Pre-monsoon
2022-05-05 02:00:00,25.5,0.73,146.05,5,Pre-monsoon
2022-05-05 03:00:00,30.25,0.52,308.47,5,Pre-monsoon
2022-05-05 04:00:00,30.5,0.35,153.48,5,Pre-monsoon
2022-05-05 05:00:00,37.25,0.22,296.32,5,Pre-monsoon
2022-05-05 06:00:00,67.5,0.3,302.2,5,Pre-monsoon
2022-05-05 07:00:00,83.25,0.52,161.3,5,Pre-monsoon
2022-05-05 08:00:00,81.75,0.45,110.12,5,Pre-monsoon
2022-05-05 09:00:00,83.0,0.5,192.87,5,Pre-monsoon
2022-05-05 10:00:00,78.0,0.57,139.52,5,Pre-monsoon
2022-05-05 11:00:00,70.75,1.0,200.77,5,Pre-monsoon
2022-05-05 12:00:00,67.5,0.8,313.75,5,Pre-monsoon
2022-05-05 13:00:00,64.5,0.9,223.98,5,Pre-monsoon
2022-05-05 14:00:00,51.0,0.88,301.73,5,Pre-monsoon
2022-05-05 15:00:00,53.75,1.32,298.05,5,Pre-monsoon
2022-05-05 16:00:00,63.5,0.9,272.02,5,Pre-monsoon
2022-05-05 17:00:00,68.0,0.38,245.98,5,Pre-monsoon
2022-05-05 18:00:00,69.75,0.25,312.8,5,Pre-monsoon
2022-05-05 19:00:00,75.5,0.28,222.13,5,Pre-monsoon
2022-05-05 20:00:00,79.0,0.2,177.75,5,Pre-monsoon
2022-05-05 21:00:00,89.0,0.22,263.68,5,Pre-monsoon
2022-05-05 22:00:00,108.75,0.35,38.45,5,Pre-monsoon
2022-05-05 23:00:00,137.75,0.5,121.05,5,Pre-monsoon
2022-05-06 00:00:00,155.25,0.57,119.58,5,Pre-monsoon
2022-05-06 01:00:00,153.75,0.45,115.9,5,Pre-monsoon
2022-05-06 02:00:00,142.0,0.5,88.6,5,Pre-monsoon
2022-05-06 03:00:00,126.0,0.5,68.85,5,Pre-monsoon
2022-05-06 04:00:00,121.25,0.28,241.95,5,Pre-monsoon
2022-05-06 05:00:00,115.5,0.37,224.6,5,Pre-monsoon
2022-05-06 06:00:00,132.5,0.52,148.65,5,Pre-monsoon
2022-05-06 07:00:00,190.0,0.88,79.08,5,Pre-monsoon
2022-05-06 08:00:00,193.0,0.52,137.7,5,Pre-monsoon
2022-05-06 09:00:00,169.75,0.3,202.27,5,Pre-monsoon
2022-05-06 10:00:00,119.0,0.38,152.6,5,Pre-monsoon
2022-05-06 11:00:00,90.0,0.68,275.88,5,Pre-monsoon
2022-05-06 12:00:00,79.25,1.5,295.77,5,Pre-monsoon
2022-05-06 13:00:00,94.5,1.0,60.3,5,Pre-monsoon
2022-05-06 14:00:00,101.25,0.57,179.23,5,Pre-monsoon
2022-05-06 15:00:00,103.5,0.5,181.75,5,Pre-monsoon
2022-05-06 16:00:00,114.0,0.52,297.15,5,Pre-monsoon
2022-05-06 17:00:00,93.25,0.98,159.5,5,Pre-monsoon
2022-05-06 18:00:00,59.5,0.78,160.35,5,Pre-monsoon
2022-05-06 19:00:00,59.0,0.68,158.43,5,Pre-monsoon
2022-05-06 20:00:00,43.25,0.3,143.12,5,Pre-monsoon
2022-05-06 21:00:00,42.0,0.3,108.28,5,Pre-monsoon
2022-05-06 22:00:00,43.5,0.45,148.6,5,Pre-monsoon
2022-05-06 23:00:00,36.75,0.4,178.2,5,Pre-monsoon
2022-05-07 00:00:00,31.25,0.28,132.07,5,Pre-monsoon
2022-05-07 01:00:00,36.5,0.4,76.5,5,Pre-monsoon
2022-05-07 02:00:00,44.0,0.25,236.38,5,Pre-monsoon
2022-05-07 03:00:00,54.5,0.4,70.45,5,Pre-monsoon
2022-05-07 04:00:00,59.75,0.32,257.38,5,Pre-monsoon
2022-05-07 05:00:00,63.75,0.28,121.12,5,Pre-monsoon
2022-05-07 06:00:00,67.5,0.5,214.92,5,Pre-monsoon
2022-05-07 07:00:00,64.0,0.52,245.02,5,Pre-monsoon
2022-05-07 08:00:00,69.5,1.05,72.15,5,Pre-monsoon
2022-05-07 09:00:00,89.5,1.35,85.52,5,Pre-monsoon
2022-05-07 10:00:00,127.25,1.3,89.65,5,Pre-monsoon
2022-05-07 11:00:00,113.5,1.38,91.5,5,Pre-monsoon
2022-05-07 12:00:00,65.5,0.98,169.05,5,Pre-monsoon
2022-05-07 13:00:00,52.0,1.0,242.5,5,Pre-monsoon
2022-05-07 14:00:00,52.0,0.6,326.5,5,Pre-monsoon
2022-05-07 15:00:00,48.75,0.65,176.4,5,Pre-monsoon
2022-05-07 16:00:00,38.0,0.57,162.15,5,Pre-monsoon
2022-05-07 17:00:00,36.75,0.23,271.03,5,Pre-monsoon
2022-05-07 18:00:00,45.5,0.23,195.22,5,Pre-monsoon
2022-05-07 19:00:00,62.0,0.25,123.28,5,Pre-monsoon
2022-05-07 20:00:00,81.0,0.28,33.95,5,Pre-monsoon
2022-05-07 21:00:00,87.0,0.25,330.18,5,Pre-monsoon
2022-05-07 22:00:00,100.5,0.3,164.32,5,Pre-monsoon
2022-05-07 23:00:00,111.25,1.9,83.7,5,Pre-monsoon
2022-05-08 00:00:00,94.25,1.58,82.8,5,Pre-monsoon
2022-05-08 01:00:00,66.25,1.23,100.33,5,Pre-monsoon
2022-05-08 02:00:00,59.75,0.8,76.32,5,Pre-monsoon
2022-05-08 03:00:00,57.5,0.6,72.5,5,Pre-monsoon
2022-05-08 04:00:00,63.5,1.18,78.02,5,Pre-monsoon
2022-05-08 05:00:00,68.25,1.55,88.32,5,Pre-monsoon
2022-05-08 06:00:00,73.25,1.27,97.48,5,Pre-monsoon
2022-05-08 07:00:00,85.75,1.35,98.57,5,Pre-monsoon
2022-05-08 08:00:00,84.75,1.28,118.52,5,Pre-monsoon
2022-05-08 09:00:00,80.0,0.9,110.1,5,Pre-monsoon
2022-05-08 10:00:00,72.25,1.33,48.95,5,Pre-monsoon
2022-05-08 11:00:00,86.5,1.62,73.12,5,Pre-monsoon
2022-05-08 12:00:00,86.25,1.35,67.73,5,Pre-monsoon
2022-05-08 13:00:00,70.5,1.38,56.82,5,Pre-monsoon
2022-05-08 14:00:00,67.0,1.48,62.6,5,Pre-monsoon
2022-05-08 15:00:00,70.75,1.45,52.45,5,Pre-monsoon
2022-05-08 16:00:00,72.0,1.5,54.42,5,Pre-monsoon
2022-05-08 17:00:00,69.75,1.45,62.5,5,Pre-monsoon
2022-05-08 18:00:00,71.5,1.4,67.15,5,Pre-monsoon
2022-05-08 19:00:00,69.25,1.23,75.5,5,Pre-monsoon
2022-05-08 20:00:00,68.25,1.25,81.78,5,Pre-monsoon
2022-05-08 21:00:00,71.25,1.85,82.42,5,Pre-monsoon
2022-05-08 22:00:00,68.5,2.1,84.8,5,Pre-monsoon
2022-05-08 23:00:00,66.0,2.08,87.68,5,Pre-monsoon
2022-05-09 00:00:00,64.0,1.8,95.2,5,Pre-monsoon
2022-05-09 01:00:00,67.0,2.6,97.62,5,Pre-monsoon
2022-05-09 02:00:00,67.25,2.25,98.2,5,Pre-monsoon
2022-05-09 03:00:00,67.0,2.08,94.98,5,Pre-monsoon
2022-05-09 04:00:00,64.0,1.82,93.98,5,Pre-monsoon
2022-05-09 05:00:00,64.0,1.9,93.13,5,Pre-monsoon
2022-05-09 06:00:00,64.75,1.88,91.02,5,Pre-monsoon
2022-05-09 07:00:00,67.0,2.2,94.48,5,Pre-monsoon
2022-05-09 08:00:00,67.75,2.5,95.45,5,Pre-monsoon
2022-05-09 09:00:00,70.0,2.78,95.4,5,Pre-monsoon
2022-05-09 10:00:00,64.5,2.7,93.05,5,Pre-monsoon
2022-05-09 11:00:00,59.0,2.68,91.52,5,Pre-monsoon
2022-05-09 12:00:00,55.0,2.45,83.63,5,Pre-monsoon
2022-05-09 13:00:00,56.0,2.32,85.0,5,Pre-monsoon
2022-05-09 14:00:00,51.0,1.75,85.38,5,Pre-monsoon
2022-05-09 15:00:00,51.0,1.98,74.75,5,Pre-monsoon
2022-05-09 16:00:00,51.0,1.92,77.22,5,Pre-monsoon
2022-05-09 17:00:00,55.0,1.95,87.2,5,Pre-monsoon
2022-05-09 18:00:00,59.0,1.85,77.6,5,Pre-monsoon
2022-05-09 19:00:00,61.0,1.95,80.25,5,Pre-monsoon
2022-05-09 20:00:00,56.0,2.22,79.35,5,Pre-monsoon
2022-05-09 21:00:00,61.0,1.78,83.7,5,Pre-monsoon
2022-05-09 22:00:00,66.0,1.65,78.78,5,Pre-monsoon
2022-05-09 23:00:00,64.0,1.7,92.82,5,Pre-monsoon
2022-05-10 00:00:00,73.0,1.52,91.7,5,Pre-monsoon
2022-05-10 01:00:00,72.0,1.38,85.2,5,Pre-monsoon
2022-05-10 02:00:00,63.0,1.62,79.45,5,Pre-monsoon
2022-05-10 03:00:00,80.0,1.3,73.7,5,Pre-monsoon
2022-05-10 04:00:00,75.0,1.52,90.38,5,Pre-monsoon
2022-05-10 05:00:00,77.0,1.6,83.18,5,Pre-monsoon
2022-05-10 06:00:00,74.0,1.3,75.27,5,Pre-monsoon
2022-05-10 07:00:00,72.0,1.83,80.03,5,Pre-monsoon
2022-05-10 08:00:00,68.0,2.18,82.05,5,Pre-monsoon
2022-05-10 09:00:00,74.0,2.68,101.12,5,Pre-monsoon
2022-05-10 10:00:00,58.0,2.42,101.58,5,Pre-monsoon
2022-05-10 11:00:00,57.0,2.8,95.78,5,Pre-monsoon
2022-05-10 12:00:00,51.0,2.7,94.85,5,Pre-monsoon
2022-05-10 13:00:00,58.0,2.25,92.62,5,Pre-monsoon
2022-05-10 14:00:00,45.0,2.3,90.38,5,Pre-monsoon
2022-05-10 15:00:00,53.0,1.78,86.9,5,Pre-monsoon
2022-05-10 16:00:00,53.0,1.8,86.7,5,Pre-monsoon
2022-05-10 17:00:00,52.0,1.9,79.85,5,Pre-monsoon
2022-05-10 18:00:00,55.0,1.78,78.65,5,Pre-monsoon
2022-05-10 19:00:00,61.0,1.65,79.95,5,Pre-monsoon
2022-05-10 20:00:00,56.0,1.6,77.62,5,Pre-monsoon
2022-05-10 21:00:00,63.0,1.85,82.68,5,Pre-monsoon
2022-05-10 22:00:00,63.0,2.15,80.95,5,Pre-monsoon
2022-05-10 23:00:00,64.0,2.3,81.58,5,Pre-monsoon
2022-05-11 00:00:00,45.0,1.9,85.9,5,Pre-monsoon
2022-05-11 01:00:00,40.0,1.93,83.98,5,Pre-monsoon
2022-05-11 02:00:00,46.0,1.98,86.0,5,Pre-monsoon
2022-05-11 03:00:00,44.0,1.2,88.9,5,Pre-monsoon
2022-05-11 04:00:00,53.0,1.25,85.43,5,Pre-monsoon
2022-05-11 05:00:00,46.0,1.18,93.3,5,Pre-monsoon
2022-05-11 06:00:00,61.0,1.65,95.0,5,Pre-monsoon
2022-05-11 07:00:00,59.0,2.25,94.62,5,Pre-monsoon
2022-05-11 08:00:00,62.0,2.2,93.75,5,Pre-monsoon
2022-05-11 09:00:00,66.0,1.92,92.4,5,Pre-monsoon
2022-05-11 10:00:00,70.0,2.0,98.7,5,Pre-monsoon
2022-05-11 11:00:00,57.0,1.4,101.3,5,Pre-monsoon
2022-05-11 12:00:00,58.0,1.65,93.88,5,Pre-monsoon
2022-05-11 13:00:00,56.0,1.7,86.18,5,Pre-monsoon
2022-05-11 14:00:00,57.0,1.58,72.15,5,Pre-monsoon
2022-05-11 15:00:00,58.0,1.27,77.92,5,Pre-monsoon
2022-05-11 16:00:00,58.0,1.0,82.25,5,Pre-monsoon
2022-05-11 17:00:00,64.0,1.23,74.88,5,Pre-monsoon
2022-05-11 18:00:00,63.0,1.35,76.12,5,Pre-monsoon
2022-05-11 19:00:00,67.0,1.78,77.08,5,Pre-monsoon
2022-05-11 20:00:00,72.0,2.0,80.62,5,Pre-monsoon
2022-05-11 21:00:00,78.0,2.33,81.05,5,Pre-monsoon
2022-05-11 22:00:00,67.0,1.85,82.38,5,Pre-monsoon
2022-05-11 23:00:00,52.0,1.68,94.62,5,Pre-monsoon
2022-05-12 00:00:00,58.0,1.7,99.45,5,Pre-monsoon
2022-05-12 01:00:00,48.0,1.92,97.8,5,Pre-monsoon
2022-05-12 02:00:00,53.0,1.45,97.62,5,Pre-monsoon
2022-05-12 03:00:00,55.0,1.75,87.1,5,Pre-monsoon
2022-05-12 04:00:00,64.0,1.33,91.28,5,Pre-monsoon
2022-05-12 05:00:00,68.0,0.85,96.58,5,Pre-monsoon
2022-05-12 06:00:00,70.0,0.85,118.85,5,Pre-monsoon
2022-05-12 07:00:00,61.0,1.05,113.62,5,Pre-monsoon
2022-05-12 08:00:00,67.0,1.35,112.02,5,Pre-monsoon
2022-05-12 09:00:00,61.0,1.7,108.65,5,Pre-monsoon
2022-05-12 10:00:00,56.0,2.0,100.98,5,Pre-monsoon
2022-05-12 11:00:00,56.0,1.33,110.62,5,Pre-monsoon
2022-05-12 12:00:00,57.0,0.98,105.6,5,Pre-monsoon
2022-05-12 13:00:00,64.0,1.25,101.05,5,Pre-monsoon
2022-05-12 14:00:00,62.0,1.48,89.55,5,Pre-monsoon
2022-05-12 15:00:00,62.0,1.25,78.03,5,Pre-monsoon
2022-05-12 16:00:00,58.0,1.12,86.62,5,Pre-monsoon
2022-05-12 17:00:00,57.0,1.3,75.0,5,Pre-monsoon
2022-05-12 18:00:00,59.0,1.0,78.15,5,Pre-monsoon
2022-05-12 19:00:00,77.0,0.75,77.85,5,Pre-monsoon
2022-05-12 20:00:00,85.0,1.4,92.0,5,Pre-monsoon
2022-05-12 21:00:00,92.0,1.62,95.0,5,Pre-monsoon
2022-05-12 22:00:00,90.0,1.92,84.1,5,Pre-monsoon
2022-05-12 23:00:00,72.0,2.47,80.9,5,Pre-monsoon
2022-05-13 00:00:00,79.0,2.7,77.18,5,Pre-monsoon
2022-05-13 01:00:00,47.0,2.82,85.8,5,Pre-monsoon
2022-05-13 02:00:00,44.0,2.3,95.28,5,Pre-monsoon
2022-05-13 03:00:00,57.0,2.22,99.75,5,Pre-monsoon
2022-05-13 04:00:00,47.0,1.85,98.85,5,Pre-monsoon
2022-05-13 05:00:00,42.0,1.23,106.1,5,Pre-monsoon
2022-05-13 06:00:00,46.0,1.1,90.32,5,Pre-monsoon
2022-05-13 07:00:00,45.0,1.7,83.88,5,Pre-monsoon
2022-05-13 08:00:00,50.0,1.95,96.38,5,Pre-monsoon
2022-05-13 09:00:00,49.75,0.92,98.15,5,Pre-monsoon
2022-05-13 10:00:00,55.0,0.7,201.22,5,Pre-monsoon
2022-05-13 11:00:00,57.0,0.65,253.18,5,Pre-monsoon
2022-05-13 12:00:00,63.0,1.0,299.5,5,Pre-monsoon
2022-05-13 13:00:00,64.0,0.62,237.52,5,Pre-monsoon
2022-05-13 14:00:00,66.75,1.08,300.52,5,Pre-monsoon
2022-05-13 15:00:00,65.25,0.68,99.42,5,Pre-monsoon
2022-05-13 16:00:00,63.25,0.5,180.3,5,Pre-monsoon
2022-05-13 17:00:00,65.25,0.62,36.05,5,Pre-monsoon
2022-05-13 18:00:00,70.0,0.9,53.97,5,Pre-monsoon
2022-05-13 19:00:00,75.0,0.22,28.18,5,Pre-monsoon
2022-05-13 20:00:00,84.5,0.27,184.5,5,Pre-monsoon
2022-05-13 21:00:00,96.5,0.32,293.62,5,Pre-monsoon
2022-05-13 22:00:00,107.5,0.25,261.15,5,Pre-monsoon
2022-05-13 23:00:00,125.5,0.3,204.82,5,Pre-monsoon
2022-05-14 00:00:00,120.0,0.28,157.23,5,Pre-monsoon
2022-05-14 01:00:00,118.0,0.18,110.78,5,Pre-monsoon
2022-05-14 02:00:00,121.75,0.25,232.0,5,Pre-monsoon
2022-05-14 03:00:00,123.5,0.28,178.73,5,Pre-monsoon
2022-05-14 04:00:00,123.5,0.25,226.15,5,Pre-monsoon
2022-05-14 05:00:00,129.5,0.35,281.38,5,Pre-monsoon
2022-05-14 06:00:00,132.75,0.25,172.05,5,Pre-monsoon
2022-05-14 07:00:00,130.5,0.52,326.12,5,Pre-monsoon
2022-05-14 08:00:00,133.5,1.52,287.52,5,Pre-monsoon
2022-05-14 09:00:00,121.75,1.98,260.98,5,Pre-monsoon
2022-05-14 10:00:00,93.75,2.18,278.58,5,Pre-monsoon
2022-05-14 11:00:00,70.25,1.62,303.32,5,Pre-monsoon
2022-05-14 12:00:00,52.0,2.1,298.08,5,Pre-monsoon
2022-05-14 13:00:00,44.25,2.45,274.65,5,Pre-monsoon
2022-05-14 14:00:00,44.25,2.62,268.7,5,Pre-monsoon
2022-05-14 15:00:00,41.75,2.8,270.12,5,Pre-monsoon
2022-05-14 16:00:00,40.5,2.62,280.58,5,Pre-monsoon
2022-05-14 17:00:00,38.25,1.7,283.0,5,Pre-monsoon
2022-05-14 18:00:00,40.75,0.82,285.27,5,Pre-monsoon
2022-05-14 19:00:00,54.5,0.3,266.55,5,Pre-monsoon
2022-05-14 20:00:00,56.25,0.23,303.73,5,Pre-monsoon
2022-05-14 21:00:00,72.5,0.25,266.25,5,Pre-monsoon
2022-05-14 22:00:00,95.5,0.12,270.62,5,Pre-monsoon
2022-05-14 23:00:00,103.0,0.15,268.23,5,Pre-monsoon
2022-05-15 00:00:00,94.25,0.12,207.62,5,Pre-monsoon
2022-05-15 01:00:00,94.75,0.23,192.7,5,Pre-monsoon
2022-05-15 02:00:00,91.75,0.5,280.48,5,Pre-monsoon
2022-05-15 03:00:00,85.25,0.28,218.55,5,Pre-monsoon
2022-05-15 04:00:00,86.75,0.6,166.0,5,Pre-monsoon
2022-05-15 05:00:00,95.25,0.5,189.08,5,Pre-monsoon
2022-05-15 06:00:00,111.75,0.43,293.4,5,Pre-monsoon
2022-05-15 07:00:00,111.25,0.5,266.1,5,Pre-monsoon
2022-05-15 08:00:00,116.25,1.9,262.92,5,Pre-monsoon
2022-05-15 09:00:00,75.5,2.4,257.92,5,Pre-monsoon
2022-05-15 10:00:00,73.75,2.35,270.17,5,Pre-monsoon
2022-05-15 11:00:00,59.5,1.15,304.27,5,Pre-monsoon
2022-05-15 12:00:00,43.25,2.12,273.77,5,Pre-monsoon
2022-05-15 13:00:00,37.75,3.22,272.15,5,Pre-monsoon
2022-05-15 14:00:00,43.25,3.28,273.4,5,Pre-monsoon
2022-05-15 15:00:00,34.5,3.22,280.65,5,Pre-monsoon
2022-05-15 16:00:00,32.25,2.65,284.95,5,Pre-monsoon
2022-05-15 17:00:00,29.75,1.72,280.1,5,Pre-monsoon
2022-05-15 18:00:00,28.75,0.4,151.4,5,Pre-monsoon
2022-05-15 19:00:00,33.5,0.55,57.32,5,Pre-monsoon
2022-05-15 20:00:00,62.5,0.38,72.58,5,Pre-monsoon
2022-05-15 21:00:00,101.75,0.3,224.75,5,Pre-monsoon
2022-05-15 22:00:00,105.75,0.25,90.15,5,Pre-monsoon
2022-05-15 23:00:00,104.0,0.35,184.22,5,Pre-monsoon
2022-05-16 00:00:00,109.25,0.35,161.32,5,Pre-monsoon
2022-05-16 01:00:00,103.75,0.35,138.0,5,Pre-monsoon
2022-05-16 02:00:00,88.75,0.35,241.15,5,Pre-monsoon
2022-05-16 03:00:00,65.0,2.12,254.48,5,Pre-monsoon
2022-05-16 04:00:00,42.75,3.15,247.45,5,Pre-monsoon
2022-05-16 05:00:00,48.0,3.18,258.92,5,Pre-monsoon
2022-05-16 06:00:00,54.75,3.08,266.4,5,Pre-monsoon
2022-05-16 07:00:00,76.25,1.62,268.82,5,Pre-monsoon
2022-05-16 08:00:00,80.75,1.88,283.15,5,Pre-monsoon
2022-05-16 09:00:00,86.25,2.92,272.7,5,Pre-monsoon
2022-05-16 10:00:00,95.0,3.88,281.95,5,Pre-monsoon
2022-05-16 11:00:00,89.75,3.88,279.48,5,Pre-monsoon
2022-05-16 12:00:00,81.75,3.6,284.25,5,Pre-monsoon
2022-05-16 13:00:00,78.75,2.82,292.5,5,Pre-monsoon
2022-05-16 14:00:00,80.0,2.25,302.0,5,Pre-monsoon
2022-05-16 15:00:00,75.0,2.82,270.23,5,Pre-monsoon
2022-05-16 16:00:00,69.75,2.1,284.8,5,Pre-monsoon
2022-05-16 17:00:00,71.0,1.38,287.75,5,Pre-monsoon
2022-05-16 18:00:00,72.0,0.73,292.3,5,Pre-monsoon
2022-05-16 19:00:00,84.25,0.62,273.85,5,Pre-monsoon
2022-05-16 20:00:00,85.75,0.55,202.32,5,Pre-monsoon
2022-05-16 21:00:00,88.5,1.25,36.65,5,Pre-monsoon
2022-05-16 22:00:00,87.0,1.75,63.68,5,Pre-monsoon
2022-05-16 23:00:00,70.5,1.78,70.47,5,Pre-monsoon
2022-05-17 00:00:00,45.5,1.78,66.38,5,Pre-monsoon
2022-05-17 01:00:00,34.75,1.7,78.8,5,Pre-monsoon
2022-05-17 02:00:00,25.0,1.52,89.02,5,Pre-monsoon
2022-05-17 03:00:00,25.5,1.35,92.38,5,Pre-monsoon
2022-05-17 04:00:00,27.0,1.67,91.28,5,Pre-monsoon
2022-05-17 05:00:00,28.0,1.35,98.32,5,Pre-monsoon
2022-05-17 06:00:00,31.75,0.7,139.3,5,Pre-monsoon
2022-05-17 07:00:00,36.0,0.6,106.95,5,Pre-monsoon
2022-05-17 08:00:00,45.5,1.28,79.9,5,Pre-monsoon
2022-05-17 09:00:00,57.5,1.4,93.5,5,Pre-monsoon
2022-05-17 10:00:00,64.5,0.8,184.62,5,Pre-monsoon
2022-05-17 11:00:00,72.0,1.35,270.45,5,Pre-monsoon
2022-05-17 12:00:00,73.25,1.48,281.7,5,Pre-monsoon
2022-05-17 13:00:00,77.75,1.1,276.72,5,Pre-monsoon
2022-05-17 14:00:00,82.5,0.92,173.1,5,Pre-monsoon
2022-05-17 15:00:00,88.75,0.55,28.3,5,Pre-monsoon
2022-05-17 16:00:00,85.25,1.4,51.32,5,Pre-monsoon
2022-05-17 17:00:00,85.25,1.42,60.18,5,Pre-monsoon
2022-05-17 18:00:00,81.5,1.35,63.12,5,Pre-monsoon
2022-05-17 19:00:00,77.25,1.35,79.22,5,Pre-monsoon
2022-05-17 20:00:00,75.5,0.9,85.85,5,Pre-monsoon
2022-05-17 21:00:00,72.0,0.92,79.35,5,Pre-monsoon
2022-05-17 22:00:00,85.25,1.05,60.32,5,Pre-monsoon
2022-05-17 23:00:00,87.0,1.18,66.65,5,Pre-monsoon
2022-05-18 00:00:00,78.25,1.35,82.52,5,Pre-monsoon
2022-05-18 01:00:00,69.5,1.03,67.65,5,Pre-monsoon
2022-05-18 02:00:00,69.0,0.68,184.15,5,Pre-monsoon
2022-05-18 03:00:00,71.0,0.68,282.45,5,Pre-monsoon
2022-05-18 04:00:00,65.75,1.75,189.7,5,Pre-monsoon
2022-05-18 05:00:00,54.0,1.27,84.25,5,Pre-monsoon
2022-05-18 06:00:00,44.0,1.78,87.35,5,Pre-monsoon
2022-05-18 07:00:00,57.0,1.3,110.75,5,Pre-monsoon
2022-05-18 08:00:00,53.5,0.92,151.6,5,Pre-monsoon
2022-05-18 09:00:00,74.25,0.5,40.42,5,Pre-monsoon
2022-05-18 10:00:00,105.75,0.82,61.58,5,Pre-monsoon
2022-05-18 11:00:00,82.25,0.8,82.58,5,Pre-monsoon
2022-05-18 12:00:00,86.0,0.88,112.32,5,Pre-monsoon
2022-05-18 13:00:00,81.0,1.5,35.28,5,Pre-monsoon
2022-05-18 14:00:00,64.0,2.25,54.82,5,Pre-monsoon
2022-05-18 15:00:00,58.0,2.3,70.75,5,Pre-monsoon
2022-05-18 16:00:00,56.75,2.0,65.85,5,Pre-monsoon
2022-05-18 17:00:00,51.5,1.6,72.03,5,Pre-monsoon
2022-05-18 18:00:00,50.0,1.38,60.0,5,Pre-monsoon
2022-05-18 19:00:00,59.5,0.97,60.72,5,Pre-monsoon
2022-05-18 20:00:00,61.75,1.23,58.1,5,Pre-monsoon
2022-05-18 21:00:00,62.5,1.3,67.75,5,Pre-monsoon
2022-05-18 22:00:00,58.75,1.17,84.72,5,Pre-monsoon
2022-05-18 23:00:00,59.75,1.03,90.6,5,Pre-monsoon
2022-05-19 00:00:00,55.75,0.95,87.05,5,Pre-monsoon
2022-05-19 01:00:00,53.25,0.8,104.68,5,Pre-monsoon
2022-05-19 02:00:00,50.25,0.75,115.62,5,Pre-monsoon
2022-05-19 03:00:00,61.5,0.68,93.62,5,Pre-monsoon
2022-05-19 04:00:00,75.0,0.42,121.9,5,Pre-monsoon
2022-05-19 05:00:00,79.0,0.15,123.95,5,Pre-monsoon
2022-05-19 06:00:00,91.0,0.5,57.62,5,Pre-monsoon
2022-05-19 07:00:00,93.25,1.0,76.9,5,Pre-monsoon
2022-05-19 08:00:00,102.0,1.2,79.72,5,Pre-monsoon
2022-05-19 09:00:00,108.5,1.23,73.9,5,Pre-monsoon
2022-05-19 10:00:00,107.25,1.25,79.43,5,Pre-monsoon
2022-05-19 11:00:00,99.0,0.73,114.48,5,Pre-monsoon
2022-05-19 12:00:00,98.5,0.65,45.78,5,Pre-monsoon
2022-05-19 13:00:00,88.5,1.02,272.35,5,Pre-monsoon
2022-05-19 14:00:00,62.0,2.02,251.35,5,Pre-monsoon
2022-05-19 15:00:00,60.75,2.5,278.98,5,Pre-monsoon
2022-05-19 16:00:00,62.0,2.38,296.1,5,Pre-monsoon
2022-05-19 17:00:00,50.75,1.05,295.08,5,Pre-monsoon
2022-05-19 18:00:00,63.25,0.85,46.08,5,Pre-monsoon
2022-05-19 19:00:00,96.25,1.35,73.35,5,Pre-monsoon
2022-05-19 20:00:00,101.0,1.3,77.18,5,Pre-monsoon
2022-05-19 21:00:00,92.5,0.92,85.85,5,Pre-monsoon
2022-05-19 22:00:00,86.25,0.98,82.82,5,Pre-monsoon
2022-05-19 23:00:00,86.25,0.88,89.22,5,Pre-monsoon
2022-05-20 00:00:00,75.75,0.9,85.02,5,Pre-monsoon
2022-05-20 01:00:00,78.0,0.75,104.35,5,Pre-monsoon
2022-05-20 02:00:00,78.5,0.77,88.75,5,Pre-monsoon
2022-05-20 03:00:00,78.75,1.08,79.85,5,Pre-monsoon
2022-05-20 04:00:00,76.25,0.82,83.2,5,Pre-monsoon
2022-05-20 05:00:00,83.75,0.65,74.12,5,Pre-monsoon
2022-05-20 06:00:00,98.25,0.45,84.4,5,Pre-monsoon
2022-05-20 07:00:00,114.5,0.43,169.7,5,Pre-monsoon
2022-05-20 08:00:00,126.75,1.43,245.5,5,Pre-monsoon
2022-05-20 09:00:00,101.25,0.65,287.4,5,Pre-monsoon
2022-05-20 10:00:00,89.5,0.43,332.42,5,Pre-monsoon
2022-05-20 11:00:00,87.5,2.0,291.33,5,Pre-monsoon
2022-05-20 12:00:00,85.5,1.27,301.65,5,Pre-monsoon
2022-05-20 13:00:00,84.25,0.82,236.5,5,Pre-monsoon
2022-05-20 14:00:00,76.25,2.8,282.62,5,Pre-monsoon
2022-05-20 15:00:00,49.5,2.38,289.88,5,Pre-monsoon
2022-05-20 16:00:00,49.75,2.0,287.15,5,Pre-monsoon
2022-05-20 17:00:00,54.0,1.03,300.38,5,Pre-monsoon
2022-05-20 18:00:00,57.0,0.75,54.97,5,Pre-monsoon
2022-05-20 19:00:00,72.75,1.05,186.05,5,Pre-monsoon
2022-05-20 20:00:00,60.5,0.92,215.08,5,Pre-monsoon
2022-05-20 21:00:00,57.75,4.55,298.42,5,Pre-monsoon
2022-05-20 22:00:00,86.75,1.88,292.3,5,Pre-monsoon
2022-05-20 23:00:00,59.5,2.38,187.48,5,Pre-monsoon
2022-05-21 00:00:00,86.75,0.88,86.2,5,Pre-monsoon
2022-05-21 01:00:00,82.0,0.57,188.2,5,Pre-monsoon
2022-05-21 02:00:00,80.0,0.77,164.98,5,Pre-monsoon
2022-05-21 03:00:00,83.5,1.55,47.1,5,Pre-monsoon
2022-05-21 04:00:00,78.5,1.8,76.88,5,Pre-monsoon
2022-05-21 05:00:00,57.0,1.2,90.68,5,Pre-monsoon
2022-05-21 06:00:00,50.25,1.65,110.35,5,Pre-monsoon
2022-05-21 07:00:00,50.5,0.75,164.15,5,Pre-monsoon
2022-05-21 08:00:00,61.75,1.15,112.6,5,Pre-monsoon
2022-05-21 09:00:00,74.5,2.08,107.7,5,Pre-monsoon
2022-05-21 10:00:00,88.75,1.35,147.43,5,Pre-monsoon
2022-05-21 11:00:00,113.75,0.98,196.5,5,Pre-monsoon
2022-05-21 12:00:00,93.75,0.72,146.93,5,Pre-monsoon
2022-05-21 13:00:00,70.5,1.1,218.73,5,Pre-monsoon
2022-05-21 14:00:00,66.25,1.85,270.03,5,Pre-monsoon
2022-05-21 15:00:00,64.5,2.68,265.08,5,Pre-monsoon
2022-05-21 16:00:00,58.0,2.85,242.75,5,Pre-monsoon
2022-05-21 17:00:00,63.25,1.48,274.5,5,Pre-monsoon
2022-05-21 18:00:00,70.75,1.17,286.6,5,Pre-monsoon
2022-05-21 19:00:00,75.0,2.0,310.55,5,Pre-monsoon
2022-05-21 20:00:00,75.25,3.38,271.85,5,Pre-monsoon
2022-05-21 21:00:00,53.25,2.37,199.25,5,Pre-monsoon
2022-05-21 22:00:00,38.0,0.7,87.65,5,Pre-monsoon
2022-05-21 23:00:00,36.5,0.88,61.75,5,Pre-monsoon
2022-05-22 00:00:00,42.0,0.6,158.2,5,Pre-monsoon
2022-05-22 01:00:00,43.75,0.37,294.32,5,Pre-monsoon
2022-05-22 02:00:00,44.0,0.65,121.45,5,Pre-monsoon
2022-05-22 03:00:00,55.75,0.32,304.0,5,Pre-monsoon
2022-05-22 04:00:00,54.25,0.33,293.25,5,Pre-monsoon
2022-05-22 05:00:00,52.25,0.22,193.15,5,Pre-monsoon
2022-05-22 06:00:00,52.5,0.55,184.25,5,Pre-monsoon
2022-05-22 07:00:00,51.5,0.75,143.95,5,Pre-monsoon
2022-05-22 08:00:00,61.75,1.42,91.5,5,Pre-monsoon
2022-05-22 09:00:00,81.5,1.8,74.22,5,Pre-monsoon
2022-05-22 10:00:00,60.25,1.32,101.02,5,Pre-monsoon
2022-05-22 11:00:00,55.5,1.0,93.98,5,Pre-monsoon
2022-05-22 12:00:00,57.25,0.78,180.0,5,Pre-monsoon
2022-05-22 13:00:00,58.25,0.65,56.18,5,Pre-monsoon
2022-05-22 14:00:00,58.0,0.9,92.88,5,Pre-monsoon
2022-05-22 15:00:00,55.0,0.57,138.52,5,Pre-monsoon
2022-05-22 16:00:00,55.25,0.6,20.92,5,Pre-monsoon
2022-05-22 17:00:00,55.75,0.9,116.15,5,Pre-monsoon
2022-05-22 18:00:00,55.75,1.42,61.47,5,Pre-monsoon
2022-05-22 19:00:00,60.75,1.8,77.03,5,Pre-monsoon
2022-05-22 20:00:00,67.25,1.75,78.28,5,Pre-monsoon
2022-05-22 21:00:00,61.25,2.05,85.15,5,Pre-monsoon
2022-05-22 22:00:00,61.5,2.65,95.4,5,Pre-monsoon
2022-05-22 23:00:00,63.0,3.02,93.62,5,Pre-monsoon
2022-05-23 00:00:00,44.0,3.28,97.1,5,Pre-monsoon
2022-05-23 01:00:00,42.0,3.85,94.72,5,Pre-monsoon
2022-05-23 02:00:00,44.0,3.65,97.32,5,Pre-monsoon
2022-05-23 03:00:00,41.0,3.05,99.48,5,Pre-monsoon
2022-05-23 04:00:00,41.75,2.47,69.62,5,Pre-monsoon
2022-05-23 05:00:00,45.0,1.72,27.1,5,Pre-monsoon
2022-05-23 06:00:00,39.25,1.58,243.82,5,Pre-monsoon
2022-05-23 07:00:00,12.5,1.58,23.35,5,Pre-monsoon
2022-05-23 08:00:00,10.0,4.07,68.25,5,Pre-monsoon
2022-05-23 09:00:00,6.0,3.72,69.75,5,Pre-monsoon
2022-05-23 10:00:00,5.0,3.08,79.68,5,Pre-monsoon
2022-05-23 11:00:00,12.25,2.95,84.82,5,Pre-monsoon
2022-05-23 12:00:00,16.5,3.05,82.25,5,Pre-monsoon
2022-05-23 13:00:00,19.0,2.58,91.85,5,Pre-monsoon
2022-05-23 14:00:00,22.0,2.75,99.15,5,Pre-monsoon
2022-05-23 15:00:00,22.0,3.08,92.7,5,Pre-monsoon
2022-05-23 16:00:00,23.0,2.98,92.8,5,Pre-monsoon
2022-05-23 17:00:00,22.25,3.28,94.95,5,Pre-monsoon
2022-05-23 18:00:00,19.0,3.0,99.07,5,Pre-monsoon
2022-05-23 19:00:00,19.75,3.0,98.35,5,Pre-monsoon
2022-05-23 20:00:00,29.5,2.85,90.7,5,Pre-monsoon
2022-05-23 21:00:00,24.75,2.05,87.58,5,Pre-monsoon
2022-05-23 22:00:00,24.25,1.98,137.18,5,Pre-monsoon
2022-05-23 23:00:00,25.5,3.82,249.8,5,Pre-monsoon
2022-05-24 00:00:00,25.25,0.62,120.05,5,Pre-monsoon
2022-05-24 01:00:00,20.0,2.33,61.72,5,Pre-monsoon
2022-05-24 02:00:00,22.25,3.65,73.22,5,Pre-monsoon
2022-05-24 03:00:00,29.0,1.25,108.05,5,Pre-monsoon
2022-05-24 04:00:00,29.0,1.05,89.48,5,Pre-monsoon
2022-05-24 05:00:00,27.25,1.15,87.98,5,Pre-monsoon
2022-05-24 06:00:00,23.5,1.08,87.82,5,Pre-monsoon
2022-05-24 07:00:00,31.25,1.75,91.07,5,Pre-monsoon
2022-05-24 08:00:00,40.75,2.35,96.92,5,Pre-monsoon
2022-05-24 09:00:00,37.5,2.5,100.25,5,Pre-monsoon
2022-05-24 10:00:00,29.25,2.7,95.2,5,Pre-monsoon
2022-05-24 11:00:00,27.75,1.92,104.05,5,Pre-monsoon
2022-05-24 12:00:00,30.25,2.0,93.72,5,Pre-monsoon
2022-05-24 13:00:00,30.25,1.78,98.42,5,Pre-monsoon
2022-05-24 14:00:00,29.75,1.48,88.15,5,Pre-monsoon
2022-05-24 15:00:00,33.25,1.25,82.48,5,Pre-monsoon
2022-05-24 16:00:00,27.75,0.88,75.45,5,Pre-monsoon
2022-05-24 17:00:00,27.75,0.92,96.8,5,Pre-monsoon
2022-05-24 18:00:00,29.5,1.12,84.65,5,Pre-monsoon
2022-05-24 19:00:00,32.0,0.9,87.0,5,Pre-monsoon
2022-05-24 20:00:00,47.25,0.85,82.88,5,Pre-monsoon
2022-05-24 21:00:00,58.75,0.55,60.7,5,Pre-monsoon
2022-05-24 22:00:00,67.75,0.75,69.92,5,Pre-monsoon
2022-05-24 23:00:00,79.0,0.55,124.15,5,Pre-monsoon
2022-05-25 00:00:00,77.75,0.5,273.15,5,Pre-monsoon
2022-05-25 01:00:00,73.75,0.18,235.95,5,Pre-monsoon
2022-05-25 02:00:00,70.25,0.4,299.9,5,Pre-monsoon
2022-05-25 03:00:00,62.25,0.4,294.35,5,Pre-monsoon
2022-05-25 04:00:00,79.5,0.43,269.62,5,Pre-monsoon
2022-05-25 05:00:00,151.0,0.28,111.22,5,Pre-monsoon
2022-05-25 06:00:00,220.25,0.48,152.35,5,Pre-monsoon
2022-05-25 07:00:00,203.25,0.62,53.55,5,Pre-monsoon
2022-05-25 08:00:00,106.5,0.7,193.15,5,Pre-monsoon
2022-05-25 09:00:00,58.0,0.57,113.75,5,Pre-monsoon
2022-05-25 10:00:00,60.0,0.95,63.82,5,Pre-monsoon
2022-05-25 11:00:00,58.5,0.92,234.05,5,Pre-monsoon
2022-05-25 12:00:00,64.5,0.8,254.48,5,Pre-monsoon
2022-05-25 13:00:00,66.5,1.0,289.15,5,Pre-monsoon
2022-05-25 14:00:00,59.0,0.8,274.27,5,Pre-monsoon
2022-05-25 15:00:00,59.5,1.32,285.05,5,Pre-monsoon
2022-05-25 16:00:00,61.0,2.45,282.1,5,Pre-monsoon
2022-05-25 17:00:00,59.5,2.17,271.55,5,Pre-monsoon
2022-05-25 18:00:00,56.5,1.7,272.98,5,Pre-monsoon
2022-05-25 19:00:00,60.5,1.25,274.92,5,Pre-monsoon
2022-05-25 20:00:00,59.0,0.92,288.48,5,Pre-monsoon
2022-05-25 21:00:00,59.0,0.45,288.5,5,Pre-monsoon
2022-05-25 22:00:00,61.75,0.45,263.75,5,Pre-monsoon
2022-05-25 23:00:00,69.75,0.38,279.58,5,Pre-monsoon
2022-05-26 00:00:00,69.0,0.4,288.65,5,Pre-monsoon
2022-05-26 01:00:00,68.25,0.32,285.1,5,Pre-monsoon
2022-05-26 02:00:00,65.5,0.3,243.82,5,Pre-monsoon
2022-05-26 03:00:00,66.5,0.23,238.52,5,Pre-monsoon
2022-05-26 04:00:00,75.5,0.25,224.4,5,Pre-monsoon
2022-05-26 05:00:00,79.75,0.2,310.62,5,Pre-monsoon
2022-05-26 06:00:00,82.0,0.28,318.85,5,Pre-monsoon
2022-05-26 07:00:00,95.75,0.25,293.35,5,Pre-monsoon
2022-05-26 08:00:00,102.0,0.38,164.48,5,Pre-monsoon
2022-05-26 09:00:00,77.0,0.42,168.25,5,Pre-monsoon
2022-05-26 10:00:00,70.0,0.6,128.02,5,Pre-monsoon
2022-05-26 11:00:00,57.75,0.85,126.35,5,Pre-monsoon
2022-05-26 12:00:00,56.0,0.68,166.32,5,Pre-monsoon
2022-05-26 13:00:00,54.5,0.52,234.2,5,Pre-monsoon
2022-05-26 14:00:00,60.75,0.6,172.8,5,Pre-monsoon
2022-05-26 15:00:00,69.75,0.52,298.8,5,Pre-monsoon
2022-05-26 16:00:00,86.25,0.48,97.68,5,Pre-monsoon
2022-05-26 17:00:00,97.75,0.6,36.55,5,Pre-monsoon
2022-05-26 18:00:00,79.0,0.5,85.0,5,Pre-monsoon
2022-05-26 19:00:00,62.75,0.9,52.72,5,Pre-monsoon
2022-05-26 20:00:00,76.75,0.98,58.62,5,Pre-monsoon
2022-05-26 21:00:00,101.25,1.05,57.52,5,Pre-monsoon
2022-05-26 22:00:00,96.75,0.92,67.65,5,Pre-monsoon
2022-05-26 23:00:00,99.0,0.78,108.1,5,Pre-monsoon
2022-05-27 00:00:00,99.25,0.43,138.05,5,Pre-monsoon
2022-05-27 01:00:00,106.75,0.45,175.85,5,Pre-monsoon
2022-05-27 02:00:00,122.75,0.52,177.0,5,Pre-monsoon
2022-05-27 03:00:00,106.25,0.28,90.48,5,Pre-monsoon
2022-05-27 04:00:00,95.5,0.2,154.7,5,Pre-monsoon
2022-05-27 05:00:00,99.0,0.2,176.5,5,Pre-monsoon
2022-05-27 06:00:00,107.75,0.15,176.08,5,Pre-monsoon
2022-05-27 07:00:00,118.75,0.72,82.9,5,Pre-monsoon
2022-05-27 08:00:00,121.0,1.1,77.95,5,Pre-monsoon
2022-05-27 09:00:00,104.25,1.03,117.88,5,Pre-monsoon
2022-05-27 10:00:00,102.0,1.05,184.48,5,Pre-monsoon
2022-05-27 11:00:00,77.25,2.42,260.5,5,Pre-monsoon
2022-05-27 12:00:00,57.0,2.5,263.38,5,Pre-monsoon
2022-05-27 13:00:00,56.0,2.43,281.05,5,Pre-monsoon
2022-05-27 14:00:00,51.75,2.3,277.75,5,Pre-monsoon
2022-05-27 15:00:00,48.5,2.6,277.98,5,Pre-monsoon
2022-05-27 16:00:00,51.25,3.45,239.15,5,Pre-monsoon
2022-05-27 17:00:00,44.67,2.77,240.37,5,Pre-monsoon
2022-05-27 18:00:00,24.0,2.3,245.65,5,Pre-monsoon
2022-05-27 19:00:00,29.4,2.1866666666666665,243.068,5,Pre-monsoon
2022-05-27 20:00:00,34.8,2.0733333333333333,240.486,5,Pre-monsoon
2022-05-27 21:00:00,40.2,1.96,237.904,5,Pre-monsoon
2022-05-27 22:00:00,,,,5,Pre-monsoon
2022-05-27 23:00:00,,,,5,Pre-monsoon
2022-05-28 00:00:00,,,,5,Pre-monsoon
2022-05-28 01:00:00,,,,5,Pre-monsoon
2022-05-28 02:00:00,,,,5,Pre-monsoon
2022-05-28 03:00:00,,,,5,Pre-monsoon
2022-05-28 04:00:00,,,,5,Pre-monsoon
2022-05-28 05:00:00,,,,5,Pre-monsoon
2022-05-28 06:00:00,,,,5,Pre-monsoon
2022-05-28 07:00:00,,,,5,Pre-monsoon
2022-05-28 08:00:00,,,,5,Pre-monsoon
2022-05-28 09:00:00,105.0,0.6,206.92,5,Pre-monsoon
2022-05-28 10:00:00,79.75,1.05,282.42,5,Pre-monsoon
2022-05-28 11:00:00,67.75,1.18,260.65,5,Pre-monsoon
2022-05-28 12:00:00,70.75,1.92,276.98,5,Pre-monsoon
2022-05-28 13:00:00,71.75,2.33,255.02,5,Pre-monsoon
2022-05-28 14:00:00,67.75,1.75,257.55,5,Pre-monsoon
2022-05-28 15:00:00,67.25,0.82,268.38,5,Pre-monsoon
2022-05-28 16:00:00,66.75,0.95,212.88,5,Pre-monsoon
2022-05-28 17:00:00,63.75,0.52,214.38,5,Pre-monsoon
2022-05-28 18:00:00,66.75,0.4,137.78,5,Pre-monsoon
2022-05-28 19:00:00,72.75,0.32,115.08,5,Pre-monsoon
2022-05-28 20:00:00,88.75,1.05,88.3,5,Pre-monsoon
2022-05-28 21:00:00,104.75,1.2,101.42,5,Pre-monsoon
2022-05-28 22:00:00,111.0,0.7,148.52,5,Pre-monsoon
2022-05-28 23:00:00,108.0,0.8,131.48,5,Pre-monsoon
2022-05-29 00:00:00,87.25,1.72,67.47,5,Pre-monsoon
2022-05-29 01:00:00,72.5,1.6,83.15,5,Pre-monsoon
2022-05-29 02:00:00,59.0,0.62,216.27,5,Pre-monsoon
2022-05-29 03:00:00,73.75,1.3,95.48,5,Pre-monsoon
2022-05-29 04:00:00,63.75,0.62,183.92,5,Pre-monsoon
2022-05-29 05:00:00,62.0,0.92,241.82,5,Pre-monsoon
2022-05-29 06:00:00,58.75,1.42,274.12,5,Pre-monsoon
2022-05-29 07:00:00,64.75,1.42,278.88,5,Pre-monsoon
2022-05-29 08:00:00,83.75,1.88,276.98,5,Pre-monsoon
2022-05-29 09:00:00,76.75,2.52,271.1,5,Pre-monsoon
2022-05-29 10:00:00,69.75,2.28,272.12,5,Pre-monsoon
2022-05-29 11:00:00,76.5,2.17,276.67,5,Pre-monsoon
2022-05-29 12:00:00,68.25,1.72,282.4,5,Pre-monsoon
2022-05-29 13:00:00,57.25,0.92,271.42,5,Pre-monsoon
2022-05-29 14:00:00,59.0,1.12,233.72,5,Pre-monsoon
2022-05-29 15:00:00,63.25,0.57,20.15,5,Pre-monsoon
2022-05-29 16:00:00,69.75,1.85,68.2,5,Pre-monsoon
2022-05-29 17:00:00,78.75,2.25,85.82,5,Pre-monsoon
2022-05-29 18:00:00,77.75,1.5,213.5,5,Pre-monsoon
2022-05-29 19:00:00,64.0,1.35,131.02,5,Pre-monsoon
2022-05-29 20:00:00,53.5,1.45,90.72,5,Pre-monsoon
2022-05-29 21:00:00,57.75,0.57,159.18,5,Pre-monsoon
2022-05-29 22:00:00,58.25,0.78,129.95,5,Pre-monsoon
2022-05-29 23:00:00,63.75,0.6,140.02,5,Pre-monsoon
2022-05-30 00:00:00,69.75,1.15,78.92,5,Pre-monsoon
2022-05-30 01:00:00,72.5,1.58,87.08,5,Pre-monsoon
2022-05-30 02:00:00,72.0,1.55,92.02,5,Pre-monsoon
2022-05-30 03:00:00,64.75,1.43,95.7,5,Pre-monsoon
2022-05-30 04:00:00,61.25,1.45,95.65,5,Pre-monsoon
2022-05-30 05:00:00,62.0,1.27,94.85,5,Pre-monsoon
2022-05-30 06:00:00,62.25,2.35,92.82,5,Pre-monsoon
2022-05-30 07:00:00,65.25,2.32,96.78,5,Pre-monsoon
2022-05-30 08:00:00,73.0,1.87,97.77,5,Pre-monsoon
2022-05-30 09:00:00,73.5,1.92,101.42,5,Pre-monsoon
2022-05-30 10:00:00,68.5,1.1,109.12,5,Pre-monsoon
2022-05-30 11:00:00,66.25,0.88,93.0,5,Pre-monsoon
2022-05-30 12:00:00,65.0,1.5,83.15,5,Pre-monsoon
2022-05-30 13:00:00,68.5,1.52,86.55,5,Pre-monsoon
2022-05-30 14:00:00,70.0,2.12,79.48,5,Pre-monsoon
2022-05-30 15:00:00,68.5,2.68,87.6,5,Pre-monsoon
2022-05-30 16:00:00,63.75,2.12,169.92,5,Pre-monsoon
2022-05-30 17:00:00,53.5,2.85,123.6,5,Pre-monsoon
2022-05-30 18:00:00,27.5,1.38,115.75,5,Pre-monsoon
2022-05-30 19:00:00,35.0,0.85,121.68,5,Pre-monsoon
2022-05-30 20:00:00,37.75,0.18,239.3,5,Pre-monsoon
2022-05-30 21:00:00,47.75,0.45,146.93,5,Pre-monsoon
2022-05-30 22:00:00,54.25,0.48,178.25,5,Pre-monsoon
2022-05-30 23:00:00,58.25,0.32,243.58,5,Pre-monsoon
2022-05-31 00:00:00,60.25,0.28,238.4,5,Pre-monsoon
2022-05-31 01:00:00,62.25,0.72,120.92,5,Pre-monsoon
2022-05-31 02:00:00,59.5,0.68,105.82,5,Pre-monsoon
2022-05-31 03:00:00,72.5,1.3,134.02,5,Pre-monsoon
2022-05-31 04:00:00,90.75,1.33,141.22,5,Pre-monsoon
2022-05-31 05:00:00,94.25,0.68,129.8,5,Pre-monsoon
2022-05-31 06:00:00,92.0,0.28,226.23,5,Pre-monsoon
2022-05-31 07:00:00,98.75,0.3,261.9,5,Pre-monsoon
2022-05-31 08:00:00,87.75,1.35,252.77,5,Pre-monsoon
2022-05-31 09:00:00,78.25,2.02,330.08,5,Pre-monsoon
2022-05-31 10:00:00,90.0,0.82,343.62,5,Pre-monsoon
2022-05-31 11:00:00,97.25,0.5,111.18,5,Pre-monsoon
2022-05-31 12:00:00,101.25,0.65,113.92,5,Pre-monsoon
2022-05-31 13:00:00,104.0,0.75,283.0,5,Pre-monsoon
2022-05-31 14:00:00,110.0,0.68,148.4,5,Pre-monsoon
2022-05-31 15:00:00,109.0,0.6,130.43,5,Pre-monsoon
2022-05-31 16:00:00,105.25,0.75,186.92,5,Pre-monsoon
2022-05-31 17:00:00,102.0,0.45,61.82,5,Pre-monsoon
2022-05-31 18:00:00,99.75,0.35,143.38,5,Pre-monsoon
2022-05-31 19:00:00,101.75,0.18,233.38,5,Pre-monsoon
2022-05-31 20:00:00,103.25,0.2,171.82,5,Pre-monsoon
2022-05-31 21:00:00,115.75,0.25,266.97,5,Pre-monsoon
2022-05-31 22:00:00,133.75,0.15,125.43,5,Pre-monsoon
2022-05-31 23:00:00,133.25,0.2,193.8,5,Pre-monsoon
2022-06-01 00:00:00,123.5,0.35,205.9,6,Monsoon
2022-06-01 01:00:00,122.5,0.2,206.02,6,Monsoon
2022-06-01 02:00:00,134.5,0.2,223.0,6,Monsoon
2022-06-01 03:00:00,133.75,0.4,341.95,6,Monsoon
2022-06-01 04:00:00,115.5,0.8,339.5,6,Monsoon
2022-06-01 05:00:00,112.0,0.7,342.12,6,Monsoon
2022-06-01 06:00:00,124.75,1.08,324.02,6,Monsoon
2022-06-01 07:00:00,123.75,1.08,312.55,6,Monsoon
2022-06-01 08:00:00,109.5,1.72,317.58,6,Monsoon
2022-06-01 09:00:00,94.75,2.08,319.95,6,Monsoon
2022-06-01 10:00:00,87.5,1.78,324.92,6,Monsoon
2022-06-01 11:00:00,72.5,1.55,252.4,6,Monsoon
2022-06-01 12:00:00,58.75,1.2,337.1,6,Monsoon
2022-06-01 13:00:00,54.5,1.4,335.62,6,Monsoon
2022-06-01 14:00:00,44.25,0.75,190.3,6,Monsoon
2022-06-01 15:00:00,44.0,1.05,150.5,6,Monsoon
2022-06-01 16:00:00,43.25,0.55,64.92,6,Monsoon
2022-06-01 17:00:00,50.0,0.25,336.4,6,Monsoon
2022-06-01 18:00:00,50.5,1.58,274.12,6,Monsoon
2022-06-01 19:00:00,52.25,1.52,313.4,6,Monsoon
2022-06-01 20:00:00,51.75,1.27,322.0,6,Monsoon
2022-06-01 21:00:00,48.5,0.88,298.18,6,Monsoon
2022-06-01 22:00:00,48.5,1.25,325.35,6,Monsoon
2022-06-01 23:00:00,45.0,1.45,291.67,6,Monsoon
2022-06-02 00:00:00,47.5,1.2,326.25,6,Monsoon
2022-06-02 01:00:00,44.5,0.52,245.7,6,Monsoon
2022-06-02 02:00:00,39.75,0.5,243.9,6,Monsoon
2022-06-02 03:00:00,40.25,0.78,334.25,6,Monsoon
2022-06-02 04:00:00,46.25,1.27,329.38,6,Monsoon
2022-06-02 05:00:00,50.75,0.88,327.88,6,Monsoon
2022-06-02 06:00:00,47.0,0.75,322.52,6,Monsoon
2022-06-02 07:00:00,58.75,1.45,328.55,6,Monsoon
2022-06-02 08:00:00,68.5,1.78,325.4,6,Monsoon
2022-06-02 09:00:00,77.25,0.82,252.52,6,Monsoon
2022-06-02 10:00:00,91.0,0.48,185.2,6,Monsoon
2022-06-02 11:00:00,86.5,0.7,263.7,6,Monsoon
2022-06-02 12:00:00,61.25,1.05,327.68,6,Monsoon
2022-06-02 13:00:00,52.25,0.7,197.82,6,Monsoon
2022-06-02 14:00:00,50.0,0.73,128.22,6,Monsoon
2022-06-02 15:00:00,49.5,0.57,121.88,6,Monsoon
2022-06-02 16:00:00,48.75,0.62,116.93,6,Monsoon
2022-06-02 17:00:00,51.5,0.48,124.08,6,Monsoon
2022-06-02 18:00:00,57.0,0.25,181.52,6,Monsoon
2022-06-02 19:00:00,70.0,0.3,191.5,6,Monsoon
2022-06-02 20:00:00,74.5,0.25,102.95,6,Monsoon
2022-06-02 21:00:00,81.25,0.22,272.95,6,Monsoon
2022-06-02 22:00:00,89.5,0.35,300.0,6,Monsoon
2022-06-02 23:00:00,92.5,0.48,314.52,6,Monsoon
2022-06-03 00:00:00,86.25,0.38,314.55,6,Monsoon
2022-06-03 01:00:00,80.25,0.32,311.68,6,Monsoon
2022-06-03 02:00:00,78.25,0.32,311.52,6,Monsoon
2022-06-03 03:00:00,80.0,0.3,319.55,6,Monsoon
2022-06-03 04:00:00,83.5,0.42,309.77,6,Monsoon
2022-06-03 05:00:00,87.25,0.35,311.33,6,Monsoon
2022-06-03 06:00:00,102.75,0.55,322.05,6,Monsoon
2022-06-03 07:00:00,135.75,0.85,320.75,6,Monsoon
2022-06-03 08:00:00,142.75,1.65,275.68,6,Monsoon
2022-06-03 09:00:00,93.0,1.92,289.77,6,Monsoon
2022-06-03 10:00:00,63.75,1.58,296.48,6,Monsoon
2022-06-03 11:00:00,58.5,1.72,302.9,6,Monsoon
2022-06-03 12:00:00,36.5,1.92,281.58,6,Monsoon
2022-06-03 13:00:00,35.75,2.78,303.17,6,Monsoon
2022-06-03 14:00:00,28.75,2.68,294.3,6,Monsoon
2022-06-03 15:00:00,27.0,2.92,316.18,6,Monsoon
2022-06-03 16:00:00,23.5,2.82,323.23,6,Monsoon
2022-06-03 17:00:00,24.75,1.95,328.9,6,Monsoon
2022-06-03 18:00:00,38.5,0.4,148.9,6,Monsoon
2022-06-03 19:00:00,58.0,0.28,214.25,6,Monsoon
2022-06-03 20:00:00,73.25,0.38,312.52,6,Monsoon
2022-06-03 21:00:00,96.5,0.25,337.33,6,Monsoon
2022-06-03 22:00:00,108.75,0.12,111.5,6,Monsoon
2022-06-03 23:00:00,106.25,0.2,315.92,6,Monsoon
2022-06-04 00:00:00,108.75,0.2,113.93,6,Monsoon
2022-06-04 01:00:00,101.0,0.25,198.85,6,Monsoon
2022-06-04 02:00:00,89.0,0.2,228.42,6,Monsoon
2022-06-04 03:00:00,87.0,0.15,260.42,6,Monsoon
2022-06-04 04:00:00,80.75,0.18,116.8,6,Monsoon
2022-06-04 05:00:00,79.5,0.48,334.22,6,Monsoon
2022-06-04 06:00:00,81.25,1.03,328.32,6,Monsoon
2022-06-04 07:00:00,95.0,1.15,304.65,6,Monsoon
2022-06-04 08:00:00,100.5,1.1,310.75,6,Monsoon
2022-06-04 09:00:00,81.5,1.15,302.68,6,Monsoon
2022-06-04 10:00:00,72.75,1.12,300.12,6,Monsoon
2022-06-04 11:00:00,38.25,1.1,295.23,6,Monsoon
2022-06-04 12:00:00,26.5,1.7,289.35,6,Monsoon
2022-06-04 13:00:00,25.0,2.02,317.5,6,Monsoon
2022-06-04 14:00:00,25.0,1.42,305.58,6,Monsoon
2022-06-04 15:00:00,24.75,1.8,333.8,6,Monsoon
2022-06-04 16:00:00,24.25,1.3,258.42,6,Monsoon
2022-06-04 17:00:00,25.0,1.3,332.15,6,Monsoon
2022-06-04 18:00:00,28.75,0.3,133.5,6,Monsoon
2022-06-04 19:00:00,43.0,0.32,217.9,6,Monsoon
2022-06-04 20:00:00,73.75,0.38,327.47,6,Monsoon
2022-06-04 21:00:00,88.75,0.22,244.38,6,Monsoon
2022-06-04 22:00:00,98.75,0.3,162.52,6,Monsoon
2022-06-04 23:00:00,92.25,0.35,191.32,6,Monsoon
2022-06-05 00:00:00,77.75,0.4,225.18,6,Monsoon
2022-06-05 01:00:00,58.25,0.42,280.42,6,Monsoon
2022-06-05 02:00:00,52.5,0.98,294.68,6,Monsoon
2022-06-05 03:00:00,41.0,1.35,320.45,6,Monsoon
2022-06-05 04:00:00,38.25,1.63,320.38,6,Monsoon
2022-06-05 05:00:00,36.5,1.3,313.8,6,Monsoon
2022-06-05 06:00:00,28.5,1.72,310.68,6,Monsoon
2022-06-05 07:00:00,28.75,1.92,306.7,6,Monsoon
2022-06-05 08:00:00,34.25,2.47,312.48,6,Monsoon
2022-06-05 09:00:00,37.5,2.58,309.45,6,Monsoon
2022-06-05 10:00:00,45.75,3.12,316.18,6,Monsoon
2022-06-05 11:00:00,53.0,3.6,322.15,6,Monsoon
2022-06-05 12:00:00,60.0,2.48,316.58,6,Monsoon
2022-06-05 13:00:00,37.25,1.8,311.48,6,Monsoon
2022-06-05 14:00:00,38.25,1.75,301.85,6,Monsoon
2022-06-05 15:00:00,30.0,1.85,303.62,6,Monsoon
2022-06-05 16:00:00,29.5,2.25,322.0,6,Monsoon
2022-06-05 17:00:00,28.25,1.62,321.0,6,Monsoon
2022-06-05 18:00:00,30.0,1.22,332.22,6,Monsoon
2022-06-05 19:00:00,34.5,0.3,281.45,6,Monsoon
2022-06-05 20:00:00,41.0,0.15,154.68,6,Monsoon
2022-06-05 21:00:00,51.75,0.38,147.6,6,Monsoon
2022-06-05 22:00:00,65.5,0.25,248.63,6,Monsoon
2022-06-05 23:00:00,62.75,0.15,219.1,6,Monsoon
2022-06-06 00:00:00,59.5,0.2,188.0,6,Monsoon
2022-06-06 01:00:00,57.0,0.62,305.3,6,Monsoon
2022-06-06 02:00:00,42.5,0.48,319.75,6,Monsoon
2022-06-06 03:00:00,33.75,0.88,330.88,6,Monsoon
2022-06-06 04:00:00,29.5,1.28,329.0,6,Monsoon
2022-06-06 05:00:00,28.75,1.05,329.02,6,Monsoon
2022-06-06 06:00:00,32.75,0.77,314.68,6,Monsoon
2022-06-06 07:00:00,38.75,1.08,295.35,6,Monsoon
2022-06-06 08:00:00,39.75,1.8,286.3,6,Monsoon
2022-06-06 09:00:00,36.0,1.95,302.83,6,Monsoon
2022-06-06 10:00:00,38.0,2.3,314.35,6,Monsoon
2022-06-06 11:00:00,43.5,2.05,320.38,6,Monsoon
2022-06-06 12:00:00,40.5,0.57,280.58,6,Monsoon
2022-06-06 13:00:00,36.0,0.78,269.98,6,Monsoon
2022-06-06 14:00:00,33.0,0.6,60.72,6,Monsoon
2022-06-06 15:00:00,25.0,0.85,210.7,6,Monsoon
2022-06-06 16:00:00,28.75,1.38,120.4,6,Monsoon
2022-06-06 17:00:00,30.0,1.2,123.5,6,Monsoon
2022-06-06 18:00:00,30.25,0.75,128.45,6,Monsoon
2022-06-06 19:00:00,43.75,0.45,119.25,6,Monsoon
2022-06-06 20:00:00,57.0,0.27,216.42,6,Monsoon
2022-06-06 21:00:00,68.25,0.18,126.48,6,Monsoon
2022-06-06 22:00:00,85.75,0.27,201.9,6,Monsoon
2022-06-06 23:00:00,91.0,0.28,247.8,6,Monsoon
2022-06-07 00:00:00,89.5,0.23,316.62,6,Monsoon
2022-06-07 01:00:00,79.75,0.35,219.22,6,Monsoon
2022-06-07 02:00:00,64.0,0.42,277.88,6,Monsoon
2022-06-07 03:00:00,61.25,1.0,327.27,6,Monsoon
2022-06-07 04:00:00,55.25,1.37,315.98,6,Monsoon
2022-06-07 05:00:00,59.5,1.48,312.53,6,Monsoon
2022-06-07 06:00:00,52.25,1.42,308.83,6,Monsoon
2022-06-07 07:00:00,52.25,1.95,311.45,6,Monsoon
2022-06-07 08:00:00,51.25,3.22,313.1,6,Monsoon
2022-06-07 09:00:00,57.25,3.45,314.9,6,Monsoon
2022-06-07 10:00:00,75.5,3.75,316.75,6,Monsoon
2022-06-07 11:00:00,103.5,3.58,321.02,6,Monsoon
2022-06-07 12:00:00,84.25,3.38,320.9,6,Monsoon
2022-06-07 13:00:00,83.0,3.47,319.15,6,Monsoon
2022-06-07 14:00:00,77.75,3.2,318.85,6,Monsoon
2022-06-07 15:00:00,78.0,3.05,316.52,6,Monsoon
2022-06-07 16:00:00,68.75,2.58,320.62,6,Monsoon
2022-06-07 17:00:00,58.0,2.4,326.95,6,Monsoon
2022-06-07 18:00:00,60.5,1.72,326.67,6,Monsoon
2022-06-07 19:00:00,84.5,1.17,331.82,6,Monsoon
2022-06-07 20:00:00,111.0,0.98,331.5,6,Monsoon
2022-06-07 21:00:00,123.25,1.15,325.27,6,Monsoon
2022-06-07 22:00:00,119.25,1.2,322.65,6,Monsoon
2022-06-07 23:00:00,103.75,1.25,320.35,6,Monsoon
2022-06-08 00:00:00,96.0,1.27,322.08,6,Monsoon
2022-06-08 01:00:00,81.5,1.28,322.15,6,Monsoon
2022-06-08 02:00:00,71.5,1.8,318.53,6,Monsoon
2022-06-08 03:00:00,61.25,2.08,313.2,6,Monsoon
2022-06-08 04:00:00,54.25,2.35,319.22,6,Monsoon
2022-06-08 05:00:00,61.75,2.35,310.62,6,Monsoon
2022-06-08 06:00:00,71.25,2.7,316.12,6,Monsoon
2022-06-08 07:00:00,66.75,2.55,324.45,6,Monsoon
2022-06-08 08:00:00,72.0,3.02,322.58,6,Monsoon
2022-06-08 09:00:00,84.25,3.55,318.35,6,Monsoon
2022-06-08 10:00:00,102.75,4.1,321.7,6,Monsoon
2022-06-08 11:00:00,122.0,4.42,326.65,6,Monsoon
2022-06-08 12:00:00,96.5,4.08,323.6,6,Monsoon
2022-06-08 13:00:00,77.0,3.3,320.3,6,Monsoon
2022-06-08 14:00:00,56.0,2.98,314.9,6,Monsoon
2022-06-08 15:00:00,47.25,2.6,323.65,6,Monsoon
2022-06-08 16:00:00,46.25,2.5,317.68,6,Monsoon
2022-06-08 17:00:00,41.75,1.68,322.83,6,Monsoon
2022-06-08 18:00:00,43.5,1.33,331.35,6,Monsoon
2022-06-08 19:00:00,47.25,0.92,331.8,6,Monsoon
2022-06-08 20:00:00,63.0,0.42,337.52,6,Monsoon
2022-06-08 21:00:00,67.0,0.82,320.42,6,Monsoon
2022-06-08 22:00:00,78.75,1.1,326.58,6,Monsoon
2022-06-08 23:00:00,73.75,1.15,325.25,6,Monsoon
2022-06-09 00:00:00,56.25,1.45,323.4,6,Monsoon
2022-06-09 01:00:00,40.25,1.35,322.42,6,Monsoon
2022-06-09 02:00:00,35.75,1.38,316.92,6,Monsoon
2022-06-09 03:00:00,37.5,1.0,313.45,6,Monsoon
2022-06-09 04:00:00,34.25,1.15,307.58,6,Monsoon
2022-06-09 05:00:00,31.5,0.77,333.12,6,Monsoon
2022-06-09 06:00:00,43.0,1.08,293.23,6,Monsoon
2022-06-09 07:00:00,54.0,1.45,289.82,6,Monsoon
2022-06-09 08:00:00,52.5,2.85,319.27,6,Monsoon
2022-06-09 09:00:00,57.5,2.68,318.17,6,Monsoon
2022-06-09 10:00:00,58.25,2.68,320.18,6,Monsoon
2022-06-09 11:00:00,53.75,2.88,323.82,6,Monsoon
2022-06-09 12:00:00,44.75,2.33,320.52,6,Monsoon
2022-06-09 13:00:00,40.0,1.5,313.77,6,Monsoon
2022-06-09 14:00:00,45.5,1.52,310.65,6,Monsoon
2022-06-09 15:00:00,43.5,1.72,311.5,6,Monsoon
2022-06-09 16:00:00,44.0,1.08,318.77,6,Monsoon
2022-06-09 17:00:00,49.5,1.35,322.12,6,Monsoon
2022-06-09 18:00:00,55.25,0.45,263.35,6,Monsoon
2022-06-09 19:00:00,73.75,0.3,213.62,6,Monsoon
2022-06-09 20:00:00,66.75,0.22,182.58,6,Monsoon
2022-06-09 21:00:00,73.75,0.77,232.85,6,Monsoon
2022-06-09 22:00:00,67.25,0.62,199.92,6,Monsoon
2022-06-09 23:00:00,59.0,0.62,228.23,6,Monsoon
2022-06-10 00:00:00,58.75,0.52,192.82,6,Monsoon
2022-06-10 01:00:00,58.25,0.32,321.15,6,Monsoon
2022-06-10 02:00:00,59.5,0.18,141.3,6,Monsoon
2022-06-10 03:00:00,61.25,0.28,255.15,6,Monsoon
2022-06-10 04:00:00,60.75,0.68,260.35,6,Monsoon
2022-06-10 05:00:00,57.25,1.18,319.3,6,Monsoon
2022-06-10 06:00:00,56.25,1.75,324.15,6,Monsoon
2022-06-10 07:00:00,53.5,1.83,319.8,6,Monsoon
2022-06-10 08:00:00,63.75,3.22,317.08,6,Monsoon
2022-06-10 09:00:00,71.5,3.88,316.38,6,Monsoon
2022-06-10 10:00:00,73.25,3.45,313.05,6,Monsoon
2022-06-10 11:00:00,83.75,3.32,320.9,6,Monsoon
2022-06-10 12:00:00,84.25,3.1,310.12,6,Monsoon
2022-06-10 13:00:00,79.0,2.95,311.98,6,Monsoon
2022-06-10 14:00:00,77.25,2.92,314.62,6,Monsoon
2022-06-10 15:00:00,70.5,2.95,308.12,6,Monsoon
2022-06-10 16:00:00,62.25,3.02,301.62,6,Monsoon
2022-06-10 17:00:00,48.75,2.45,297.15,6,Monsoon
2022-06-10 18:00:00,42.0,1.55,299.4,6,Monsoon
2022-06-10 19:00:00,46.0,0.65,275.62,6,Monsoon
2022-06-10 20:00:00,59.0,0.77,258.02,6,Monsoon
2022-06-10 21:00:00,62.25,0.65,292.75,6,Monsoon
2022-06-10 22:00:00,62.5,1.15,326.15,6,Monsoon
2022-06-10 23:00:00,57.5,1.25,325.1,6,Monsoon
2022-06-11 00:00:00,46.25,1.28,324.98,6,Monsoon
2022-06-11 01:00:00,48.75,0.92,327.62,6,Monsoon
2022-06-11 02:00:00,62.0,0.7,321.35,6,Monsoon
2022-06-11 03:00:00,59.0,1.0,316.42,6,Monsoon
2022-06-11 04:00:00,56.75,1.02,296.15,6,Monsoon
2022-06-11 05:00:00,55.5,1.82,304.85,6,Monsoon
2022-06-11 06:00:00,68.75,2.17,320.62,6,Monsoon
2022-06-11 07:00:00,56.75,2.42,303.67,6,Monsoon
2022-06-11 08:00:00,50.5,2.42,302.85,6,Monsoon
2022-06-11 09:00:00,56.25,3.25,305.12,6,Monsoon
2022-06-11 10:00:00,67.25,3.72,319.73,6,Monsoon
2022-06-11 11:00:00,60.75,3.3,306.75,6,Monsoon
2022-06-11 12:00:00,57.0,3.2,308.42,6,Monsoon
2022-06-11 13:00:00,55.5,3.1,308.1,6,Monsoon
2022-06-11 14:00:00,50.0,3.37,310.0,6,Monsoon
2022-06-11 15:00:00,57.25,3.42,314.45,6,Monsoon
2022-06-11 16:00:00,82.5,3.45,315.15,6,Monsoon
2022-06-11 17:00:00,60.0,3.32,318.12,6,Monsoon
2022-06-11 18:00:00,43.25,1.98,317.7,6,Monsoon
2022-06-11 19:00:00,50.0,1.3,325.38,6,Monsoon
2022-06-11 20:00:00,63.5,0.73,333.33,6,Monsoon
2022-06-11 21:00:00,76.5,1.05,330.12,6,Monsoon
2022-06-11 22:00:00,73.5,1.27,329.28,6,Monsoon
2022-06-11 23:00:00,70.0,1.12,320.73,6,Monsoon
2022-06-12 00:00:00,72.0,0.6,322.1,6,Monsoon
2022-06-12 01:00:00,70.5,0.52,231.72,6,Monsoon
2022-06-12 02:00:00,77.0,0.65,317.27,6,Monsoon
2022-06-12 03:00:00,82.5,0.38,308.2,6,Monsoon
2022-06-12 04:00:00,81.5,0.62,319.48,6,Monsoon
2022-06-12 05:00:00,87.0,0.95,318.88,6,Monsoon
2022-06-12 06:00:00,89.0,1.35,307.23,6,Monsoon
2022-06-12 07:00:00,56.75,1.52,304.92,6,Monsoon
2022-06-12 08:00:00,50.0,1.85,307.48,6,Monsoon
2022-06-12 09:00:00,49.0,2.42,309.08,6,Monsoon
2022-06-12 10:00:00,46.25,2.12,300.93,6,Monsoon
2022-06-12 11:00:00,48.5,2.45,312.73,6,Monsoon
2022-06-12 12:00:00,53.0,2.58,327.1,6,Monsoon
2022-06-12 13:00:00,52.75,3.0,325.7,6,Monsoon
2022-06-12 14:00:00,51.0,2.78,318.82,6,Monsoon
2022-06-12 15:00:00,48.5,2.55,310.55,6,Monsoon
2022-06-12 16:00:00,48.0,2.65,318.02,6,Monsoon
2022-06-12 17:00:00,44.0,2.45,330.88,6,Monsoon
2022-06-12 18:00:00,53.5,1.62,333.95,6,Monsoon
2022-06-12 19:00:00,65.5,1.05,343.22,6,Monsoon
2022-06-12 20:00:00,68.5,0.28,318.05,6,Monsoon
2022-06-12 21:00:00,64.75,0.18,120.25,6,Monsoon
2022-06-12 22:00:00,67.25,0.18,178.2,6,Monsoon
2022-06-12 23:00:00,65.25,1.42,271.05,6,Monsoon
2022-06-13 00:00:00,51.75,1.48,297.78,6,Monsoon
2022-06-13 01:00:00,42.5,1.55,294.58,6,Monsoon
2022-06-13 02:00:00,56.0,1.6,313.92,6,Monsoon
2022-06-13 03:00:00,35.75,1.4,312.08,6,Monsoon
2022-06-13 04:00:00,30.5,1.2,299.38,6,Monsoon
2022-06-13 05:00:00,36.25,0.8,218.55,6,Monsoon
2022-06-13 06:00:00,37.0,1.15,223.2,6,Monsoon
2022-06-13 07:00:00,26.0,1.0,241.1,6,Monsoon
2022-06-13 08:00:00,21.25,1.35,259.68,6,Monsoon
2022-06-13 09:00:00,25.5,2.1,276.52,6,Monsoon
2022-06-13 10:00:00,27.75,2.9,306.92,6,Monsoon
2022-06-13 11:00:00,32.5,2.5,314.3,6,Monsoon
2022-06-13 12:00:00,40.25,1.67,306.35,6,Monsoon
2022-06-13 13:00:00,46.0,1.45,277.15,6,Monsoon
2022-06-13 14:00:00,59.75,1.55,303.38,6,Monsoon
2022-06-13 15:00:00,62.75,2.22,322.85,6,Monsoon
2022-06-13 16:00:00,76.5,2.35,322.6,6,Monsoon
2022-06-13 17:00:00,54.5,2.72,329.6,6,Monsoon
2022-06-13 18:00:00,45.25,1.62,334.02,6,Monsoon
2022-06-13 19:00:00,44.5,0.82,328.8,6,Monsoon
2022-06-13 20:00:00,59.25,0.9,326.45,6,Monsoon
2022-06-13 21:00:00,61.75,2.03,278.62,6,Monsoon
2022-06-13 22:00:00,55.25,2.15,300.53,6,Monsoon
2022-06-13 23:00:00,45.0,1.87,308.95,6,Monsoon
2022-06-14 00:00:00,38.75,1.85,323.5,6,Monsoon
2022-06-14 01:00:00,36.25,2.1,321.42,6,Monsoon
2022-06-14 02:00:00,31.0,2.58,319.25,6,Monsoon
2022-06-14 03:00:00,31.75,2.58,314.92,6,Monsoon
2022-06-14 04:00:00,32.5,2.25,317.55,6,Monsoon
2022-06-14 05:00:00,31.25,2.2,317.12,6,Monsoon
2022-06-14 06:00:00,44.5,2.82,316.33,6,Monsoon
2022-06-14 07:00:00,57.0,2.38,314.73,6,Monsoon
2022-06-14 08:00:00,61.5,2.22,302.92,6,Monsoon
2022-06-14 09:00:00,54.25,2.75,309.48,6,Monsoon
2022-06-14 10:00:00,46.5,2.85,315.75,6,Monsoon
2022-06-14 11:00:00,52.75,2.8,316.2,6,Monsoon
2022-06-14 12:00:00,64.75,2.7,316.42,6,Monsoon
2022-06-14 13:00:00,58.0,2.95,309.73,6,Monsoon
2022-06-14 14:00:00,56.75,2.75,315.02,6,Monsoon
2022-06-14 15:00:00,55.25,2.48,319.77,6,Monsoon
2022-06-14 16:00:00,61.25,2.17,302.25,6,Monsoon
2022-06-14 17:00:00,59.0,1.48,295.5,6,Monsoon
2022-06-14 18:00:00,55.0,1.42,300.4,6,Monsoon
2022-06-14 19:00:00,58.0,1.58,284.2,6,Monsoon
2022-06-14 20:00:00,53.0,1.88,294.9,6,Monsoon
2022-06-14 21:00:00,37.67,1.85,298.32,6,Monsoon
2022-06-14 22:00:00,33.0,2.0,296.5,6,Monsoon
2022-06-14 23:00:00,25.67,2.15,297.0,6,Monsoon
2022-06-15 00:00:00,23.0,1.98,299.02,6,Monsoon
2022-06-15 01:00:00,25.0,2.15,301.42,6,Monsoon
2022-06-15 02:00:00,22.0,1.95,310.33,6,Monsoon
2022-06-15 03:00:00,19.67,1.9,307.17,6,Monsoon
2022-06-15 04:00:00,23.0,1.78,299.82,6,Monsoon
2022-06-15 05:00:00,33.5,1.88,304.85,6,Monsoon
2022-06-15 06:00:00,35.0,2.22,302.92,6,Monsoon
2022-06-15 07:00:00,38.25,2.52,309.48,6,Monsoon
2022-06-15 08:00:00,36.0,3.42,313.98,6,Monsoon
2022-06-15 09:00:00,28.75,3.38,312.72,6,Monsoon
2022-06-15 10:00:00,24.75,3.35,318.1,6,Monsoon
2022-06-15 11:00:00,23.75,3.05,314.25,6,Monsoon
2022-06-15 12:00:00,22.25,2.82,316.5,6,Monsoon
2022-06-15 13:00:00,21.0,3.12,320.0,6,Monsoon
2022-06-15 14:00:00,25.0,2.1,301.77,6,Monsoon
2022-06-15 15:00:00,28.0,2.6,306.82,6,Monsoon
2022-06-15 16:00:00,27.25,2.38,312.33,6,Monsoon
2022-06-15 17:00:00,26.25,1.45,297.62,6,Monsoon
2022-06-15 18:00:00,31.25,1.1,251.42,6,Monsoon
2022-06-15 19:00:00,34.0,0.9,209.32,6,Monsoon
2022-06-15 20:00:00,31.0,1.0,233.68,6,Monsoon
2022-06-15 21:00:00,30.25,1.42,253.42,6,Monsoon
2022-06-15 22:00:00,28.0,1.6,262.25,6,Monsoon
2022-06-15 23:00:00,27.25,1.7,282.98,6,Monsoon
2022-06-16 00:00:00,26.0,1.05,151.75,6,Monsoon
2022-06-16 01:00:00,29.5,1.4,65.58,6,Monsoon
2022-06-16 02:00:00,26.0,2.62,103.7,6,Monsoon
2022-06-16 03:00:00,11.75,0.4,281.27,6,Monsoon
2022-06-16 04:00:00,13.5,0.4,333.32,6,Monsoon
2022-06-16 05:00:00,13.5,0.3,298.6,6,Monsoon
2022-06-16 06:00:00,21.0,0.88,316.12,6,Monsoon
2022-06-16 07:00:00,30.75,1.35,331.62,6,Monsoon
2022-06-16 08:00:00,32.5,0.75,57.6,6,Monsoon
2022-06-16 09:00:00,30.75,0.82,96.88,6,Monsoon
2022-06-16 10:00:00,31.25,0.85,109.35,6,Monsoon
2022-06-16 11:00:00,34.0,0.52,25.32,6,Monsoon
2022-06-16 12:00:00,33.25,1.15,59.85,6,Monsoon
2022-06-16 13:00:00,38.25,0.85,56.68,6,Monsoon
2022-06-16 14:00:00,30.75,1.18,152.32,6,Monsoon
2022-06-16 15:00:00,25.5,4.75,109.08,6,Monsoon
2022-06-16 16:00:00,31.25,1.42,178.95,6,Monsoon
2022-06-16 17:00:00,33.75,0.73,191.25,6,Monsoon
2022-06-16 18:00:00,28.75,0.6,190.82,6,Monsoon
2022-06-16 19:00:00,25.5,0.92,194.62,6,Monsoon
2022-06-16 20:00:00,27.25,0.9,196.52,6,Monsoon
2022-06-16 21:00:00,26.75,0.77,201.78,6,Monsoon
2022-06-16 22:00:00,23.25,1.0,248.65,6,Monsoon
2022-06-16 23:00:00,24.75,0.52,203.82,6,Monsoon
2022-06-17 00:00:00,27.0,0.38,207.9,6,Monsoon
2022-06-17 01:00:00,26.0,0.4,190.75,6,Monsoon
2022-06-17 02:00:00,22.0,0.48,203.75,6,Monsoon
2022-06-17 03:00:00,21.5,0.65,203.22,6,Monsoon
2022-06-17 04:00:00,26.5,1.35,96.62,6,Monsoon
2022-06-17 05:00:00,18.5,1.8,121.32,6,Monsoon
2022-06-17 06:00:00,17.0,1.7,159.22,6,Monsoon
2022-06-17 07:00:00,15.75,2.02,120.82,6,Monsoon
2022-06-17 08:00:00,13.25,1.78,118.45,6,Monsoon
2022-06-17 09:00:00,19.5,1.08,128.52,6,Monsoon
2022-06-17 10:00:00,23.5,0.7,156.82,6,Monsoon
2022-06-17 11:00:00,14.75,0.65,234.73,6,Monsoon
2022-06-17 12:00:00,21.0,2.1,310.12,6,Monsoon
2022-06-17 13:00:00,27.5,1.42,197.98,6,Monsoon
2022-06-17 14:00:00,36.0,0.87,132.32,6,Monsoon
2022-06-17 15:00:00,29.5,0.8,76.22,6,Monsoon
2022-06-17 16:00:00,25.5,2.1,196.7,6,Monsoon
2022-06-17 17:00:00,17.75,1.63,225.98,6,Monsoon
2022-06-17 18:00:00,21.0,0.75,222.4,6,Monsoon
2022-06-17 19:00:00,33.5,0.52,216.8,6,Monsoon
2022-06-17 20:00:00,36.0,0.35,249.6,6,Monsoon
2022-06-17 21:00:00,42.0,0.4,205.15,6,Monsoon
2022-06-17 22:00:00,45.25,0.7,192.38,6,Monsoon
2022-06-17 23:00:00,26.75,0.48,165.95,6,Monsoon
2022-06-18 00:00:00,20.75,0.4,166.92,6,Monsoon
2022-06-18 01:00:00,13.5,0.42,174.9,6,Monsoon
2022-06-18 02:00:00,12.25,0.38,174.5,6,Monsoon
2022-06-18 03:00:00,12.5,0.4,193.65,6,Monsoon
2022-06-18 04:00:00,13.25,1.0,259.2,6,Monsoon
2022-06-18 05:00:00,22.75,0.57,99.05,6,Monsoon
2022-06-18 06:00:00,37.25,0.95,91.68,6,Monsoon
2022-06-18 07:00:00,56.25,0.4,59.8,6,Monsoon
2022-06-18 08:00:00,60.0,0.65,79.72,6,Monsoon
2022-06-18 09:00:00,61.75,0.65,74.03,6,Monsoon
2022-06-18 10:00:00,41.25,1.72,88.55,6,Monsoon
2022-06-18 11:00:00,44.75,1.22,105.9,6,Monsoon
2022-06-18 12:00:00,42.75,1.5,111.75,6,Monsoon
2022-06-18 13:00:00,39.5,1.42,116.18,6,Monsoon
2022-06-18 14:00:00,42.5,1.02,101.48,6,Monsoon
2022-06-18 15:00:00,44.75,0.35,209.4,6,Monsoon
2022-06-18 16:00:00,36.0,0.72,99.72,6,Monsoon
2022-06-18 17:00:00,29.75,0.77,78.9,6,Monsoon
2022-06-18 18:00:00,28.0,0.62,157.68,6,Monsoon
2022-06-18 19:00:00,25.0,0.4,261.75,6,Monsoon
2022-06-18 20:00:00,27.25,0.38,196.53,6,Monsoon
2022-06-18 21:00:00,37.0,0.3,166.18,6,Monsoon
2022-06-18 22:00:00,46.5,0.18,164.4,6,Monsoon
2022-06-18 23:00:00,47.5,0.42,241.65,6,Monsoon
2022-06-19 00:00:00,41.25,0.7,231.55,6,Monsoon
2022-06-19 01:00:00,27.75,1.02,292.85,6,Monsoon
2022-06-19 02:00:00,32.0,0.62,282.02,6,Monsoon
2022-06-19 03:00:00,41.0,0.45,194.82,6,Monsoon
2022-06-19 04:00:00,51.5,0.3,225.12,6,Monsoon
2022-06-19 05:00:00,54.75,0.45,267.9,6,Monsoon
2022-06-19 06:00:00,47.25,0.15,229.7,6,Monsoon
2022-06-19 07:00:00,41.75,0.5,208.18,6,Monsoon
2022-06-19 08:00:00,58.25,0.48,132.42,6,Monsoon
2022-06-19 09:00:00,53.25,0.73,302.75,6,Monsoon
2022-06-19 10:00:00,43.5,1.05,333.98,6,Monsoon
2022-06-19 11:00:00,36.0,1.55,327.83,6,Monsoon
2022-06-19 12:00:00,25.75,1.48,303.58,6,Monsoon
2022-06-19 13:00:00,24.75,1.52,302.48,6,Monsoon
2022-06-19 14:00:00,34.25,1.58,300.6,6,Monsoon
2022-06-19 15:00:00,37.25,0.75,323.7,6,Monsoon
2022-06-19 16:00:00,34.0,0.35,281.88,6,Monsoon
2022-06-19 17:00:00,33.5,0.92,303.62,6,Monsoon
2022-06-19 18:00:00,40.25,1.08,305.5,6,Monsoon
2022-06-19 19:00:00,39.5,1.25,293.77,6,Monsoon
2022-06-19 20:00:00,40.75,1.3,322.2,6,Monsoon
2022-06-19 21:00:00,33.0,1.08,288.68,6,Monsoon
2022-06-19 22:00:00,40.25,0.8,285.77,6,Monsoon
2022-06-19 23:00:00,43.0,0.98,329.8,6,Monsoon
2022-06-20 00:00:00,41.75,0.95,331.55,6,Monsoon
2022-06-20 01:00:00,44.25,0.9,299.25,6,Monsoon
2022-06-20 02:00:00,37.5,0.68,332.32,6,Monsoon
2022-06-20 03:00:00,41.25,0.73,302.38,6,Monsoon
2022-06-20 04:00:00,37.5,1.18,326.08,6,Monsoon
2022-06-20 05:00:00,33.75,0.95,337.02,6,Monsoon
2022-06-20 06:00:00,37.25,0.48,319.38,6,Monsoon
2022-06-20 07:00:00,45.0,0.5,266.85,6,Monsoon
2022-06-20 08:00:00,54.75,0.42,211.15,6,Monsoon
2022-06-20 09:00:00,48.75,0.33,220.25,6,Monsoon
2022-06-20 10:00:00,48.5,0.6,271.38,6,Monsoon
2022-06-20 11:00:00,42.75,1.12,274.2,6,Monsoon
2022-06-20 12:00:00,50.25,0.9,254.8,6,Monsoon
2022-06-20 13:00:00,58.75,1.45,255.58,6,Monsoon
2022-06-20 14:00:00,54.75,1.23,298.22,6,Monsoon
2022-06-20 15:00:00,27.0,1.55,318.32,6,Monsoon
2022-06-20 16:00:00,29.25,1.08,272.02,6,Monsoon
2022-06-20 17:00:00,35.5,0.82,321.45,6,Monsoon
2022-06-20 18:00:00,33.75,0.62,293.97,6,Monsoon
2022-06-20 19:00:00,34.75,0.3,224.2,6,Monsoon
2022-06-20 20:00:00,41.75,0.62,95.98,6,Monsoon
2022-06-20 21:00:00,47.0,0.25,190.05,6,Monsoon
2022-06-20 22:00:00,47.0,0.28,204.48,6,Monsoon
2022-06-20 23:00:00,45.75,0.3,167.68,6,Monsoon
2022-06-21 00:00:00,41.5,0.43,181.9,6,Monsoon
2022-06-21 01:00:00,39.75,0.35,203.02,6,Monsoon
2022-06-21 02:00:00,39.25,0.28,137.32,6,Monsoon
2022-06-21 03:00:00,39.75,0.28,154.18,6,Monsoon
2022-06-21 04:00:00,44.75,0.45,103.02,6,Monsoon
2022-06-21 05:00:00,61.0,0.68,104.28,6,Monsoon
2022-06-21 06:00:00,66.33,0.42,108.78,6,Monsoon
2022-06-21 07:00:00,77.75,0.38,163.67,6,Monsoon
2022-06-21 08:00:00,62.5,0.58,123.58,6,Monsoon
2022-06-21 09:00:00,56.75,0.88,166.82,6,Monsoon
2022-06-21 10:00:00,34.5,2.7,283.75,6,Monsoon
2022-06-21 11:00:00,30.25,0.65,184.92,6,Monsoon
2022-06-21 12:00:00,23.25,1.02,103.07,6,Monsoon
2022-06-21 13:00:00,28.5,1.08,105.38,6,Monsoon
2022-06-21 14:00:00,30.5,1.3,125.75,6,Monsoon
2022-06-21 15:00:00,23.25,1.5,132.07,6,Monsoon
2022-06-21 16:00:00,25.5,1.58,130.28,6,Monsoon
2022-06-21 17:00:00,30.0,1.5,126.18,6,Monsoon
2022-06-21 18:00:00,30.0,1.55,128.2,6,Monsoon
2022-06-21 19:00:00,31.5,1.15,116.58,6,Monsoon
2022-06-21 20:00:00,36.75,0.92,113.85,6,Monsoon
2022-06-21 21:00:00,41.0,0.73,115.82,6,Monsoon
2022-06-21 22:00:00,45.25,0.52,108.2,6,Monsoon
2022-06-21 23:00:00,43.25,0.92,112.08,6,Monsoon
2022-06-22 00:00:00,52.25,0.75,111.68,6,Monsoon
2022-06-22 01:00:00,50.25,0.95,116.55,6,Monsoon
2022-06-22 02:00:00,54.0,0.95,115.58,6,Monsoon
2022-06-22 03:00:00,65.75,0.8,115.32,6,Monsoon
2022-06-22 04:00:00,73.0,0.75,122.82,6,Monsoon
2022-06-22 05:00:00,69.75,0.3,150.35,6,Monsoon
2022-06-22 06:00:00,63.25,2.45,311.52,6,Monsoon
2022-06-22 07:00:00,40.25,3.18,322.38,6,Monsoon
2022-06-22 08:00:00,23.0,2.17,335.2,6,Monsoon
2022-06-22 09:00:00,23.5,0.92,270.15,6,Monsoon
2022-06-22 10:00:00,25.75,0.57,142.83,6,Monsoon
2022-06-22 11:00:00,32.5,0.65,71.55,6,Monsoon
2022-06-22 12:00:00,47.0,1.23,106.72,6,Monsoon
2022-06-22 13:00:00,50.75,0.98,106.45,6,Monsoon
2022-06-22 14:00:00,52.5,0.75,120.08,6,Monsoon
2022-06-22 15:00:00,51.25,0.68,95.68,6,Monsoon
2022-06-22 16:00:00,52.25,0.57,147.7,6,Monsoon
2022-06-22 17:00:00,52.5,1.0,332.92,6,Monsoon
2022-06-22 18:00:00,49.5,0.6,244.85,6,Monsoon
2022-06-22 19:00:00,45.0,0.2,101.75,6,Monsoon
2022-06-22 20:00:00,46.75,0.25,59.2,6,Monsoon
2022-06-22 21:00:00,53.0,0.35,200.68,6,Monsoon
2022-06-22 22:00:00,53.0,1.03,336.28,6,Monsoon
2022-06-22 23:00:00,42.0,0.92,343.8,6,Monsoon
2022-06-23 00:00:00,37.25,0.88,337.32,6,Monsoon
2022-06-23 01:00:00,42.75,0.95,334.88,6,Monsoon
2022-06-23 02:00:00,51.25,1.05,335.22,6,Monsoon
2022-06-23 03:00:00,63.25,1.03,336.42,6,Monsoon
2022-06-23 04:00:00,69.25,0.78,338.02,6,Monsoon
2022-06-23 05:00:00,65.5,0.43,342.72,6,Monsoon
2022-06-23 06:00:00,58.75,0.85,335.1,6,Monsoon
2022-06-23 07:00:00,51.75,1.67,334.82,6,Monsoon
2022-06-23 08:00:00,49.75,2.12,332.38,6,Monsoon
2022-06-23 09:00:00,44.5,1.98,328.92,6,Monsoon
2022-06-23 10:00:00,39.75,2.6,325.5,6,Monsoon
2022-06-23 11:00:00,39.25,2.7,328.7,6,Monsoon
2022-06-23 12:00:00,40.0,2.08,325.32,6,Monsoon
2022-06-23 13:00:00,38.25,2.8,327.15,6,Monsoon
2022-06-23 14:00:00,34.5,2.9,311.6,6,Monsoon
2022-06-23 15:00:00,43.0,3.03,306.2,6,Monsoon
2022-06-23 16:00:00,56.0,3.25,297.23,6,Monsoon
2022-06-23 17:00:00,56.75,3.1,302.27,6,Monsoon
2022-06-23 18:00:00,48.0,2.42,295.52,6,Monsoon
2022-06-23 19:00:00,42.75,2.2,286.0,6,Monsoon
2022-06-23 20:00:00,44.75,1.28,287.52,6,Monsoon
2022-06-23 21:00:00,46.0,0.6,295.55,6,Monsoon
2022-06-23 22:00:00,53.25,0.88,286.38,6,Monsoon
2022-06-23 23:00:00,56.5,0.65,317.58,6,Monsoon
2022-06-24 00:00:00,52.75,0.4,289.6,6,Monsoon
2022-06-24 01:00:00,47.25,0.5,310.25,6,Monsoon
2022-06-24 02:00:00,52.75,0.18,304.2,6,Monsoon
2022-06-24 03:00:00,56.5,0.78,289.12,6,Monsoon
2022-06-24 04:00:00,53.25,0.52,309.23,6,Monsoon
2022-06-24 05:00:00,59.75,0.7,294.83,6,Monsoon
2022-06-24 06:00:00,73.25,1.3,281.02,6,Monsoon
2022-06-24 07:00:00,87.5,1.65,281.0,6,Monsoon
2022-06-24 08:00:00,81.5,1.67,291.8,6,Monsoon
2022-06-24 09:00:00,73.0,1.9,284.62,6,Monsoon
2022-06-24 10:00:00,58.25,2.45,303.3,6,Monsoon
2022-06-24 11:00:00,49.5,2.35,294.38,6,Monsoon
2022-06-24 12:00:00,48.5,1.75,286.15,6,Monsoon
2022-06-24 13:00:00,50.25,2.48,277.35,6,Monsoon
2022-06-24 14:00:00,52.25,2.3,295.8,6,Monsoon
2022-06-24 15:00:00,53.5,2.45,293.27,6,Monsoon
2022-06-24 16:00:00,45.0,1.78,306.53,6,Monsoon
2022-06-24 17:00:00,41.25,2.05,302.4,6,Monsoon
2022-06-24 18:00:00,39.0,1.4,297.62,6,Monsoon
2022-06-24 19:00:00,40.25,0.98,281.05,6,Monsoon
2022-06-24 20:00:00,46.75,0.15,234.75,6,Monsoon
2022-06-24 21:00:00,57.75,0.28,180.15,6,Monsoon
2022-06-24 22:00:00,69.25,0.28,308.5,6,Monsoon
2022-06-24 23:00:00,78.0,0.35,165.32,6,Monsoon
2022-06-25 00:00:00,73.75,0.17,230.02,6,Monsoon
2022-06-25 01:00:00,71.0,0.22,158.8,6,Monsoon
2022-06-25 02:00:00,71.5,0.2,218.2,6,Monsoon
2022-06-25 03:00:00,66.0,0.12,199.45,6,Monsoon
2022-06-25 04:00:00,72.5,0.2,99.52,6,Monsoon
2022-06-25 05:00:00,80.5,0.1,117.4,6,Monsoon
2022-06-25 06:00:00,99.75,0.22,128.85,6,Monsoon
2022-06-25 07:00:00,93.75,0.22,143.17,6,Monsoon
2022-06-25 08:00:00,78.25,0.55,91.3,6,Monsoon
2022-06-25 09:00:00,75.0,1.27,85.9,6,Monsoon
2022-06-25 10:00:00,63.25,1.35,86.25,6,Monsoon
2022-06-25 11:00:00,58.25,1.25,82.28,6,Monsoon
2022-06-25 12:00:00,43.75,0.95,74.4,6,Monsoon
2022-06-25 13:00:00,51.0,1.28,83.48,6,Monsoon
2022-06-25 14:00:00,48.75,1.12,323.2,6,Monsoon
2022-06-25 15:00:00,52.75,1.4,69.25,6,Monsoon
2022-06-25 16:00:00,57.75,1.15,75.25,6,Monsoon
2022-06-25 17:00:00,60.0,1.3,73.25,6,Monsoon
2022-06-25 18:00:00,63.25,0.9,65.3,6,Monsoon
2022-06-25 19:00:00,47.75,0.95,72.72,6,Monsoon
2022-06-25 20:00:00,56.75,0.85,75.12,6,Monsoon
2022-06-25 21:00:00,69.25,0.88,79.8,6,Monsoon
2022-06-25 22:00:00,72.75,0.62,71.02,6,Monsoon
2022-06-25 23:00:00,74.0,0.38,137.7,6,Monsoon
2022-06-26 00:00:00,80.25,0.48,60.05,6,Monsoon
2022-06-26 01:00:00,76.5,1.02,81.05,6,Monsoon
2022-06-26 02:00:00,66.5,1.23,88.6,6,Monsoon
2022-06-26 03:00:00,73.0,1.55,92.88,6,Monsoon
2022-06-26 04:00:00,61.25,1.15,91.5,6,Monsoon
2022-06-26 05:00:00,60.25,2.05,93.9,6,Monsoon
2022-06-26 06:00:00,53.75,2.25,92.57,6,Monsoon
2022-06-26 07:00:00,52.75,2.42,93.8,6,Monsoon
2022-06-26 08:00:00,57.75,2.48,96.18,6,Monsoon
2022-06-26 09:00:00,48.0,2.3,96.38,6,Monsoon
2022-06-26 10:00:00,48.5,2.78,92.05,6,Monsoon
2022-06-26 11:00:00,50.0,2.62,91.1,6,Monsoon
2022-06-26 12:00:00,50.0,2.47,84.0,6,Monsoon
2022-06-26 13:00:00,50.25,2.4,85.95,6,Monsoon
2022-06-26 14:00:00,50.75,2.88,92.08,6,Monsoon
2022-06-26 15:00:00,49.5,2.43,81.88,6,Monsoon
2022-06-26 16:00:00,47.25,2.52,83.4,6,Monsoon
2022-06-26 17:00:00,46.25,2.0,82.65,6,Monsoon
2022-06-26 18:00:00,49.5,1.72,81.75,6,Monsoon
2022-06-26 19:00:00,47.5,1.5,81.53,6,Monsoon
2022-06-26 20:00:00,45.5,1.55,83.95,6,Monsoon
2022-06-26 21:00:00,44.75,1.38,82.08,6,Monsoon
2022-06-26 22:00:00,48.5,1.35,79.43,6,Monsoon
2022-06-26 23:00:00,52.25,1.58,83.18,6,Monsoon
2022-06-27 00:00:00,47.75,1.72,82.9,6,Monsoon
2022-06-27 01:00:00,41.0,2.12,86.42,6,Monsoon
2022-06-27 02:00:00,43.25,1.52,89.48,6,Monsoon
2022-06-27 03:00:00,48.0,1.98,92.88,6,Monsoon
2022-06-27 04:00:00,41.75,1.58,88.82,6,Monsoon
2022-06-27 05:00:00,41.25,1.3,80.82,6,Monsoon
2022-06-27 06:00:00,44.75,1.48,83.02,6,Monsoon
2022-06-27 07:00:00,51.75,2.45,93.4,6,Monsoon
2022-06-27 08:00:00,47.25,2.25,90.48,6,Monsoon
2022-06-27 09:00:00,45.75,1.78,92.55,6,Monsoon
2022-06-27 10:00:00,47.75,1.65,91.58,6,Monsoon
2022-06-27 11:00:00,47.75,1.92,87.12,6,Monsoon
2022-06-27 12:00:00,50.25,1.75,80.8,6,Monsoon
2022-06-27 13:00:00,49.5,2.12,81.03,6,Monsoon
2022-06-27 14:00:00,44.25,2.4,81.98,6,Monsoon
2022-06-27 15:00:00,41.5,2.12,89.8,6,Monsoon
2022-06-27 16:00:00,41.25,2.58,86.1,6,Monsoon
2022-06-27 17:00:00,43.75,1.5,81.7,6,Monsoon
2022-06-27 18:00:00,40.25,1.38,79.9,6,Monsoon
2022-06-27 19:00:00,42.75,1.42,83.15,6,Monsoon
2022-06-27 20:00:00,51.5,1.38,83.02,6,Monsoon
2022-06-27 21:00:00,60.25,1.45,83.28,6,Monsoon
2022-06-27 22:00:00,55.25,1.38,84.5,6,Monsoon
2022-06-27 23:00:00,55.75,1.15,84.62,6,Monsoon
2022-06-28 00:00:00,53.75,1.45,92.02,6,Monsoon
2022-06-28 01:00:00,48.75,1.42,88.02,6,Monsoon
2022-06-28 02:00:00,43.25,1.18,88.22,6,Monsoon
2022-06-28 03:00:00,39.75,1.2,93.2,6,Monsoon
2022-06-28 04:00:00,44.25,1.38,94.22,6,Monsoon
2022-06-28 05:00:00,44.5,0.9,95.15,6,Monsoon
2022-06-28 06:00:00,53.75,0.62,99.5,6,Monsoon
2022-06-28 07:00:00,60.25,0.35,110.7,6,Monsoon
2022-06-28 08:00:00,66.75,0.4,126.28,6,Monsoon
2022-06-28 09:00:00,76.0,0.95,77.97,6,Monsoon
2022-06-28 10:00:00,75.0,1.02,208.78,6,Monsoon
2022-06-28 11:00:00,60.25,0.98,201.92,6,Monsoon
2022-06-28 12:00:00,51.0,1.5,272.78,6,Monsoon
2022-06-28 13:00:00,46.25,0.82,133.18,6,Monsoon
2022-06-28 14:00:00,45.5,1.9,75.95,6,Monsoon
2022-06-28 15:00:00,61.0,2.25,81.1,6,Monsoon
2022-06-28 16:00:00,69.0,2.05,83.48,6,Monsoon
2022-06-28 17:00:00,75.0,1.75,78.43,6,Monsoon
2022-06-28 18:00:00,76.5,1.8,83.9,6,Monsoon
2022-06-28 19:00:00,83.25,1.62,83.12,6,Monsoon
2022-06-28 20:00:00,93.0,1.55,91.08,6,Monsoon
2022-06-28 21:00:00,100.75,1.6,85.2,6,Monsoon
2022-06-28 22:00:00,99.5,1.7,86.85,6,Monsoon
2022-06-28 23:00:00,105.25,1.75,91.43,6,Monsoon
2022-06-29 00:00:00,97.75,1.8,93.38,6,Monsoon
2022-06-29 01:00:00,85.0,0.82,131.15,6,Monsoon
2022-06-29 02:00:00,55.25,0.45,142.45,6,Monsoon
2022-06-29 03:00:00,19.25,0.35,114.45,6,Monsoon
2022-06-29 04:00:00,17.75,0.38,102.82,6,Monsoon
2022-06-29 05:00:00,21.0,0.5,93.38,6,Monsoon
2022-06-29 06:00:00,23.75,0.3,158.82,6,Monsoon
2022-06-29 07:00:00,25.5,0.4,98.45,6,Monsoon
2022-06-29 08:00:00,33.75,0.35,120.9,6,Monsoon
2022-06-29 09:00:00,37.0,0.95,244.25,6,Monsoon
2022-06-29 10:00:00,44.75,1.35,178.82,6,Monsoon
2022-06-29 11:00:00,58.25,2.4,87.3,6,Monsoon
2022-06-29 12:00:00,55.25,2.3,81.22,6,Monsoon
2022-06-29 13:00:00,52.75,2.22,80.95,6,Monsoon
2022-06-29 14:00:00,52.25,2.12,81.45,6,Monsoon
2022-06-29 15:00:00,55.0,1.88,78.62,6,Monsoon
2022-06-29 16:00:00,60.25,2.17,84.82,6,Monsoon
2022-06-29 17:00:00,57.5,2.52,88.85,6,Monsoon
2022-06-29 18:00:00,60.0,1.45,99.57,6,Monsoon
2022-06-29 19:00:00,68.25,1.32,98.02,6,Monsoon
2022-06-29 20:00:00,58.0,2.25,88.82,6,Monsoon
2022-06-29 21:00:00,59.5,2.28,86.55,6,Monsoon
2022-06-29 22:00:00,54.5,2.03,84.32,6,Monsoon
2022-06-29 23:00:00,56.25,1.65,87.48,6,Monsoon
2022-06-30 00:00:00,66.5,2.15,91.5,6,Monsoon
2022-06-30 01:00:00,67.0,1.58,80.78,6,Monsoon
2022-06-30 02:00:00,65.25,1.05,82.2,6,Monsoon
2022-06-30 03:00:00,67.5,1.2,75.03,6,Monsoon
2022-06-30 04:00:00,54.25,2.03,92.62,6,Monsoon
2022-06-30 05:00:00,25.25,1.72,94.35,6,Monsoon
2022-06-30 06:00:00,19.5,0.88,100.98,6,Monsoon
2022-06-30 07:00:00,27.25,0.4,148.55,6,Monsoon
2022-06-30 08:00:00,28.5,0.78,109.45,6,Monsoon
2022-06-30 09:00:00,25.5,1.22,101.83,6,Monsoon
2022-06-30 10:00:00,12.0,1.02,83.1,6,Monsoon
2022-06-30 11:00:00,12.0,0.7,119.05,6,Monsoon
2022-06-30 12:00:00,12.0,1.02,78.75,6,Monsoon
2022-06-30 13:00:00,12.0,0.72,53.12,6,Monsoon
2022-06-30 14:00:00,,0.77,79.12,6,Monsoon
2022-06-30 15:00:00,12.0,0.78,131.38,6,Monsoon
2022-06-30 16:00:00,12.0,0.45,116.38,6,Monsoon
2022-06-30 17:00:00,17.333333333333332,0.6,76.82,6,Monsoon
2022-06-30 18:00:00,22.666666666666664,0.45,202.45,6,Monsoon
2022-06-30 19:00:00,28.0,0.73,84.8,6,Monsoon
2022-06-30 20:00:00,28.25,0.95,85.78,6,Monsoon
2022-06-30 21:00:00,27.5,0.8,88.35,6,Monsoon
2022-06-30 22:00:00,21.75,1.0,94.2,6,Monsoon
2022-06-30 23:00:00,19.0,1.17,87.68,6,Monsoon
2022-07-01 00:00:00,21.0,1.0,85.18,7,Monsoon
2022-07-01 01:00:00,18.0,0.75,82.9,7,Monsoon
2022-07-01 02:00:00,14.0,0.98,88.38,7,Monsoon
2022-07-01 03:00:00,16.25,0.68,77.9,7,Monsoon
2022-07-01 04:00:00,23.0,0.57,80.28,7,Monsoon
2022-07-01 05:00:00,22.0,0.62,66.75,7,Monsoon
2022-07-01 06:00:00,21.0,0.95,75.42,7,Monsoon
2022-07-01 07:00:00,20.0,1.02,70.03,7,Monsoon
2022-07-01 08:00:00,19.0,1.3,71.05,7,Monsoon
2022-07-01 09:00:00,17.75,1.55,73.58,7,Monsoon
2022-07-01 10:00:00,19.5,1.3,68.68,7,Monsoon
2022-07-01 11:00:00,19.75,1.38,77.32,7,Monsoon
2022-07-01 12:00:00,24.5,1.0,67.65,7,Monsoon
2022-07-01 13:00:00,22.0,1.0,69.78,7,Monsoon
2022-07-01 14:00:00,18.5,0.9,130.3,7,Monsoon
2022-07-01 15:00:00,14.25,0.75,178.6,7,Monsoon
2022-07-01 16:00:00,6.0,0.27,190.12,7,Monsoon
2022-07-01 17:00:00,7.5,0.62,149.75,7,Monsoon
2022-07-01 18:00:00,13.75,0.6,60.38,7,Monsoon
2022-07-01 19:00:00,19.25,0.73,60.75,7,Monsoon
2022-07-01 20:00:00,21.25,0.68,64.3,7,Monsoon
2022-07-01 21:00:00,25.25,0.35,76.32,7,Monsoon
2022-07-01 22:00:00,25.25,0.6,76.35,7,Monsoon
2022-07-01 23:00:00,23.0,0.7,71.4,7,Monsoon
2022-07-02 00:00:00,23.25,0.77,70.97,7,Monsoon
2022-07-02 01:00:00,23.0,0.75,60.78,7,Monsoon
2022-07-02 02:00:00,21.25,0.5,57.6,7,Monsoon
2022-07-02 03:00:00,24.25,0.28,122.2,7,Monsoon
2022-07-02 04:00:00,21.25,0.32,60.5,7,Monsoon
2022-07-02 05:00:00,21.5,0.7,66.1,7,Monsoon
2022-07-02 06:00:00,31.0,0.85,70.28,7,Monsoon
2022-07-02 07:00:00,36.25,1.15,73.45,7,Monsoon
2022-07-02 08:00:00,39.5,1.3,68.7,7,Monsoon
2022-07-02 09:00:00,58.25,1.38,76.43,7,Monsoon
2022-07-02 10:00:00,57.5,1.3,75.48,7,Monsoon
2022-07-02 11:00:00,32.25,1.25,81.6,7,Monsoon
2022-07-02 12:00:00,21.5,0.68,103.7,7,Monsoon
2022-07-02 13:00:00,14.0,0.7,172.42,7,Monsoon
2022-07-02 14:00:00,13.25,0.9,80.22,7,Monsoon
2022-07-02 15:00:00,11.25,0.68,157.65,7,Monsoon
2022-07-02 16:00:00,11.75,0.75,153.07,7,Monsoon
2022-07-02 17:00:00,10.5,1.08,82.78,7,Monsoon
2022-07-02 18:00:00,8.5,1.12,69.0,7,Monsoon
2022-07-02 19:00:00,8.5,1.02,73.68,7,Monsoon
2022-07-02 20:00:00,16.0,1.62,77.62,7,Monsoon
2022-07-02 21:00:00,28.75,2.02,70.0,7,Monsoon
2022-07-02 22:00:00,40.25,1.98,73.02,7,Monsoon
2022-07-02 23:00:00,35.25,2.48,79.42,7,Monsoon
2022-07-03 00:00:00,19.5,1.78,77.52,7,Monsoon
2022-07-03 01:00:00,18.5,1.88,76.93,7,Monsoon
2022-07-03 02:00:00,2.0,2.0,78.25,7,Monsoon
2022-07-03 03:00:00,8.0,2.25,78.38,7,Monsoon
2022-07-03 04:00:00,8.0,1.95,78.3,7,Monsoon
2022-07-03 05:00:00,9.0,0.88,69.97,7,Monsoon
2022-07-03 06:00:00,10.0,1.33,75.42,7,Monsoon
2022-07-03 07:00:00,3.5,1.1,80.8,7,Monsoon
2022-07-03 08:00:00,3.25,1.4,66.88,7,Monsoon
2022-07-03 09:00:00,6.25,1.82,76.35,7,Monsoon
2022-07-03 10:00:00,6.25,1.2,85.02,7,Monsoon
2022-07-03 11:00:00,14.75,1.35,75.97,7,Monsoon
2022-07-03 12:00:00,19.25,1.65,76.07,7,Monsoon
2022-07-03 13:00:00,14.5,0.85,88.18,7,Monsoon
2022-07-03 14:00:00,8.5,0.7,172.3,7,Monsoon
2022-07-03 15:00:00,11.25,0.38,102.12,7,Monsoon
2022-07-03 16:00:00,7.5,1.05,59.3,7,Monsoon
2022-07-03 17:00:00,13.25,0.65,150.22,7,Monsoon
2022-07-03 18:00:00,16.0,0.3,99.08,7,Monsoon
2022-07-03 19:00:00,14.75,0.42,128.18,7,Monsoon
2022-07-03 20:00:00,25.25,0.48,49.15,7,Monsoon
2022-07-03 21:00:00,42.5,0.5,54.05,7,Monsoon
2022-07-03 22:00:00,47.75,0.27,96.38,7,Monsoon
2022-07-03 23:00:00,48.75,0.3,89.08,7,Monsoon
2022-07-04 00:00:00,45.0,0.65,71.3,7,Monsoon
2022-07-04 01:00:00,42.25,0.25,159.55,7,Monsoon
2022-07-04 02:00:00,31.75,0.32,148.5,7,Monsoon
2022-07-04 03:00:00,21.0,0.28,86.42,7,Monsoon
2022-07-04 04:00:00,9.5,0.32,199.78,7,Monsoon
2022-07-04 05:00:00,12.0,0.3,233.15,7,Monsoon
2022-07-04 06:00:00,16.25,0.25,127.62,7,Monsoon
2022-07-04 07:00:00,22.75,0.25,144.7,7,Monsoon
2022-07-04 08:00:00,31.0,0.78,64.68,7,Monsoon
2022-07-04 09:00:00,45.0,1.25,70.95,7,Monsoon
2022-07-04 10:00:00,69.0,0.88,78.75,7,Monsoon
2022-07-04 11:00:00,68.0,0.52,114.4,7,Monsoon
2022-07-04 12:00:00,61.75,0.6,95.12,7,Monsoon
2022-07-04 13:00:00,51.0,0.32,119.82,7,Monsoon
2022-07-04 14:00:00,48.5,0.45,174.9,7,Monsoon
2022-07-04 15:00:00,46.5,0.62,132.72,7,Monsoon
2022-07-04 16:00:00,38.5,1.17,65.15,7,Monsoon
2022-07-04 17:00:00,48.5,1.33,67.0,7,Monsoon
2022-07-04 18:00:00,60.5,1.08,64.45,7,Monsoon
2022-07-04 19:00:00,81.25,0.75,61.95,7,Monsoon
2022-07-04 20:00:00,103.5,0.73,65.7,7,Monsoon
2022-07-04 21:00:00,101.25,0.65,65.03,7,Monsoon
2022-07-04 22:00:00,88.5,0.28,50.02,7,Monsoon
2022-07-04 23:00:00,84.25,0.55,60.97,7,Monsoon
2022-07-05 00:00:00,90.25,0.3,61.9,7,Monsoon
2022-07-05 01:00:00,106.75,0.4,51.97,7,Monsoon
2022-07-05 02:00:00,110.25,0.4,51.92,7,Monsoon
2022-07-05 03:00:00,118.0,0.35,54.95,7,Monsoon
2022-07-05 04:00:00,126.0,0.62,64.88,7,Monsoon
2022-07-05 05:00:00,108.0,0.6,67.08,7,Monsoon
2022-07-05 06:00:00,89.75,0.7,65.1,7,Monsoon
2022-07-05 07:00:00,91.0,0.82,66.82,7,Monsoon
2022-07-05 08:00:00,88.25,1.12,75.92,7,Monsoon
2022-07-05 09:00:00,60.5,1.58,78.1,7,Monsoon
2022-07-05 10:00:00,55.5,1.6,78.2,7,Monsoon
2022-07-05 11:00:00,48.75,1.2,84.82,7,Monsoon
2022-07-05 12:00:00,33.25,1.2,75.97,7,Monsoon
2022-07-05 13:00:00,33.75,1.08,75.5,7,Monsoon
2022-07-05 14:00:00,33.75,1.2,79.32,7,Monsoon
2022-07-05 15:00:00,35.75,1.08,71.05,7,Monsoon
2022-07-05 16:00:00,36.25,1.58,64.08,7,Monsoon
2022-07-05 17:00:00,38.75,1.23,67.9,7,Monsoon
2022-07-05 18:00:00,37.5,1.23,74.07,7,Monsoon
2022-07-05 19:00:00,44.0,1.4,74.78,7,Monsoon
2022-07-05 20:00:00,41.0,1.2,72.82,7,Monsoon
2022-07-05 21:00:00,40.75,1.0,65.53,7,Monsoon
2022-07-05 22:00:00,41.75,0.98,66.2,7,Monsoon
2022-07-05 23:00:00,47.75,1.75,71.0,7,Monsoon
2022-07-06 00:00:00,49.5,1.85,73.18,7,Monsoon
2022-07-06 01:00:00,49.0,1.55,68.8,7,Monsoon
2022-07-06 02:00:00,51.5,1.62,69.12,7,Monsoon
2022-07-06 03:00:00,49.5,1.3,67.05,7,Monsoon
2022-07-06 04:00:00,47.5,1.0,62.7,7,Monsoon
2022-07-06 05:00:00,45.25,1.08,60.0,7,Monsoon
2022-07-06 06:00:00,44.25,1.27,65.28,7,Monsoon
2022-07-06 07:00:00,49.5,1.6,70.53,7,Monsoon
2022-07-06 08:00:00,55.25,2.3,77.7,7,Monsoon
2022-07-06 09:00:00,57.5,1.98,75.55,7,Monsoon
2022-07-06 10:00:00,52.25,1.68,70.18,7,Monsoon
2022-07-06 11:00:00,46.5,1.9,72.75,7,Monsoon
2022-07-06 12:00:00,38.25,1.7,69.43,7,Monsoon
2022-07-06 13:00:00,45.0,1.05,56.48,7,Monsoon
2022-07-06 14:00:00,42.75,1.0,119.52,7,Monsoon
2022-07-06 15:00:00,36.75,1.85,68.1,7,Monsoon
2022-07-06 16:00:00,37.5,1.9,65.97,7,Monsoon
2022-07-06 17:00:00,33.0,1.78,67.82,7,Monsoon
2022-07-06 18:00:00,34.75,1.58,62.08,7,Monsoon
2022-07-06 19:00:00,41.5,1.4,68.47,7,Monsoon
2022-07-06 20:00:00,47.25,1.0,65.9,7,Monsoon
2022-07-06 21:00:00,51.5,1.15,62.12,7,Monsoon
2022-07-06 22:00:00,53.0,0.95,59.4,7,Monsoon
2022-07-06 23:00:00,53.0,1.15,59.35,7,Monsoon
2022-07-07 00:00:00,51.75,1.6,68.3,7,Monsoon
2022-07-07 01:00:00,47.5,1.1,63.2,7,Monsoon
2022-07-07 02:00:00,46.25,1.35,66.55,7,Monsoon
2022-07-07 03:00:00,49.5,1.75,70.77,7,Monsoon
2022-07-07 04:00:00,56.25,1.58,70.8,7,Monsoon
2022-07-07 05:00:00,55.75,1.38,65.65,7,Monsoon
2022-07-07 06:00:00,77.75,1.85,71.28,7,Monsoon
2022-07-07 07:00:00,109.25,2.17,75.32,7,Monsoon
2022-07-07 08:00:00,49.0,2.17,75.4,7,Monsoon
2022-07-07 09:00:00,34.75,2.58,76.65,7,Monsoon
2022-07-07 10:00:00,28.0,1.82,77.3,7,Monsoon
2022-07-07 11:00:00,27.25,1.75,75.95,7,Monsoon
2022-07-07 12:00:00,25.0,1.72,70.47,7,Monsoon
2022-07-07 13:00:00,23.25,1.75,61.6,7,Monsoon
2022-07-07 14:00:00,18.5,1.88,62.18,7,Monsoon
2022-07-07 15:00:00,18.75,2.12,73.35,7,Monsoon
2022-07-07 16:00:00,13.25,1.95,66.45,7,Monsoon
2022-07-07 17:00:00,10.75,1.7,67.32,7,Monsoon
2022-07-07 18:00:00,18.5,1.7,69.62,7,Monsoon
2022-07-07 19:00:00,18.25,1.45,67.53,7,Monsoon
2022-07-07 20:00:00,24.0,1.18,68.53,7,Monsoon
2022-07-07 21:00:00,27.5,0.88,54.8,7,Monsoon
2022-07-07 22:00:00,23.5,1.08,60.9,7,Monsoon
2022-07-07 23:00:00,34.5,1.3,69.7,7,Monsoon
2022-07-08 00:00:00,37.75,1.45,68.62,7,Monsoon
2022-07-08 01:00:00,43.0,1.12,72.8,7,Monsoon
2022-07-08 02:00:00,43.5,1.3,76.6,7,Monsoon
2022-07-08 03:00:00,41.5,1.23,76.1,7,Monsoon
2022-07-08 04:00:00,31.5,1.1,72.72,7,Monsoon
2022-07-08 05:00:00,32.5,0.85,66.75,7,Monsoon
2022-07-08 06:00:00,31.5,0.88,71.15,7,Monsoon
2022-07-08 07:00:00,34.75,1.2,70.22,7,Monsoon
2022-07-08 08:00:00,39.25,1.58,76.22,7,Monsoon
2022-07-08 09:00:00,34.25,1.92,76.82,7,Monsoon
2022-07-08 10:00:00,24.5,1.72,75.82,7,Monsoon
2022-07-08 11:00:00,19.5,1.75,76.97,7,Monsoon
2022-07-08 12:00:00,17.75,1.95,71.08,7,Monsoon
2022-07-08 13:00:00,16.5,1.85,75.15,7,Monsoon
2022-07-08 14:00:00,15.0,1.88,78.8,7,Monsoon
2022-07-08 15:00:00,17.0,1.58,79.03,7,Monsoon
2022-07-08 16:00:00,17.0,1.83,81.18,7,Monsoon
2022-07-08 17:00:00,19.0,1.27,73.0,7,Monsoon
2022-07-08 18:00:00,11.0,1.1,64.92,7,Monsoon
2022-07-08 19:00:00,18.0,0.95,66.43,7,Monsoon
2022-07-08 20:00:00,20.0,1.02,67.4,7,Monsoon
2022-07-08 21:00:00,30.0,0.98,68.55,7,Monsoon
2022-07-08 22:00:00,33.0,1.05,69.7,7,Monsoon
2022-07-08 23:00:00,33.0,1.1,66.47,7,Monsoon
2022-07-09 00:00:00,52.0,1.05,65.97,7,Monsoon
2022-07-09 01:00:00,41.0,1.1,64.12,7,Monsoon
2022-07-09 02:00:00,50.0,1.18,68.5,7,Monsoon
2022-07-09 03:00:00,41.0,1.0,66.6,7,Monsoon
2022-07-09 04:00:00,47.0,1.1,66.72,7,Monsoon
2022-07-09 05:00:00,48.0,1.18,77.47,7,Monsoon
2022-07-09 06:00:00,52.0,1.23,68.68,7,Monsoon
2022-07-09 07:00:00,56.0,1.35,70.38,7,Monsoon
2022-07-09 08:00:00,56.0,2.1,70.1,7,Monsoon
2022-07-09 09:00:00,63.0,2.15,74.72,7,Monsoon
2022-07-09 10:00:00,50.0,2.65,77.7,7,Monsoon
2022-07-09 11:00:00,46.0,2.85,72.32,7,Monsoon
2022-07-09 12:00:00,40.25,3.02,72.8,7,Monsoon
2022-07-09 13:00:00,50.0,3.18,74.8,7,Monsoon
2022-07-09 14:00:00,32.75,2.85,72.15,7,Monsoon
2022-07-09 15:00:00,11.0,2.65,69.03,7,Monsoon
2022-07-09 16:00:00,11.0,2.52,68.65,7,Monsoon
2022-07-09 17:00:00,8.0,1.8,67.75,7,Monsoon
2022-07-09 18:00:00,7.0,1.55,60.15,7,Monsoon
2022-07-09 19:00:00,11.0,1.48,60.98,7,Monsoon
2022-07-09 20:00:00,18.0,1.95,71.92,7,Monsoon
2022-07-09 21:00:00,20.0,1.7,75.12,7,Monsoon
2022-07-09 22:00:00,30.0,1.55,67.6,7,Monsoon
2022-07-09 23:00:00,26.0,0.5,220.12,7,Monsoon
2022-07-10 00:00:00,24.0,0.37,299.77,7,Monsoon
2022-07-10 01:00:00,30.0,0.55,54.75,7,Monsoon
2022-07-10 02:00:00,34.0,1.12,59.9,7,Monsoon
2022-07-10 03:00:00,35.0,1.45,66.32,7,Monsoon
2022-07-10 04:00:00,14.0,1.3,62.4,7,Monsoon
2022-07-10 05:00:00,25.0,1.45,60.82,7,Monsoon
2022-07-10 06:00:00,29.0,1.45,64.32,7,Monsoon
2022-07-10 07:00:00,31.0,1.25,63.18,7,Monsoon
2022-07-10 08:00:00,25.0,2.08,71.1,7,Monsoon
2022-07-10 09:00:00,23.25,2.28,72.18,7,Monsoon
2022-07-10 10:00:00,24.0,1.78,79.15,7,Monsoon
2022-07-10 11:00:00,25.0,1.1,79.8,7,Monsoon
2022-07-10 12:00:00,28.5,0.68,105.02,7,Monsoon
2022-07-10 13:00:00,25.25,2.6,254.28,7,Monsoon
2022-07-10 14:00:00,14.5,1.65,246.1,7,Monsoon
2022-07-10 15:00:00,26.25,0.55,167.98,7,Monsoon
2022-07-10 16:00:00,29.5,0.52,160.4,7,Monsoon
2022-07-10 17:00:00,29.75,0.92,265.3,7,Monsoon
2022-07-10 18:00:00,34.75,0.62,260.12,7,Monsoon
2022-07-10 19:00:00,33.75,0.35,46.68,7,Monsoon
2022-07-10 20:00:00,33.25,0.45,206.32,7,Monsoon
2022-07-10 21:00:00,35.5,0.35,281.38,7,Monsoon
2022-07-10 22:00:00,40.0,0.23,198.88,7,Monsoon
2022-07-10 23:00:00,36.0,0.32,264.2,7,Monsoon
2022-07-11 00:00:00,29.0,0.68,252.2,7,Monsoon
2022-07-11 01:00:00,31.0,0.45,253.35,7,Monsoon
2022-07-11 02:00:00,33.0,0.32,247.48,7,Monsoon
2022-07-11 03:00:00,30.0,0.33,246.22,7,Monsoon
2022-07-11 04:00:00,39.0,0.25,199.95,7,Monsoon
2022-07-11 05:00:00,45.25,0.22,231.3,7,Monsoon
2022-07-11 06:00:00,43.0,0.32,260.2,7,Monsoon
2022-07-11 07:00:00,54.75,0.5,224.02,7,Monsoon
2022-07-11 08:00:00,48.0,0.73,64.6,7,Monsoon
2022-07-11 09:00:00,37.0,0.82,59.42,7,Monsoon
2022-07-11 10:00:00,38.5,0.78,64.88,7,Monsoon
2022-07-11 11:00:00,33.75,0.78,74.77,7,Monsoon
2022-07-11 12:00:00,32.5,1.3,58.5,7,Monsoon
2022-07-11 13:00:00,31.0,0.92,100.0,7,Monsoon
2022-07-11 14:00:00,24.5,3.35,238.42,7,Monsoon
2022-07-11 15:00:00,26.0,1.95,239.58,7,Monsoon
2022-07-11 16:00:00,14.25,1.38,245.05,7,Monsoon
2022-07-11 17:00:00,9.25,1.2,244.0,7,Monsoon
2022-07-11 18:00:00,23.25,0.7,239.98,7,Monsoon
2022-07-11 19:00:00,37.75,0.5,268.62,7,Monsoon
2022-07-11 20:00:00,43.0,0.62,262.85,7,Monsoon
2022-07-11 21:00:00,57.5,0.5,218.08,7,Monsoon
2022-07-11 22:00:00,68.0,0.5,276.2,7,Monsoon
2022-07-11 23:00:00,67.0,0.52,259.12,7,Monsoon
2022-07-12 00:00:00,68.0,0.23,153.28,7,Monsoon
2022-07-12 01:00:00,65.0,0.43,249.52,7,Monsoon
2022-07-12 02:00:00,67.0,0.45,257.65,7,Monsoon
2022-07-12 03:00:00,70.0,0.22,104.05,7,Monsoon
2022-07-12 04:00:00,72.0,0.68,56.38,7,Monsoon
2022-07-12 05:00:00,65.0,0.57,53.5,7,Monsoon
2022-07-12 06:00:00,34.0,0.55,42.08,7,Monsoon
2022-07-12 07:00:00,35.0,0.4,126.7,7,Monsoon
2022-07-12 08:00:00,28.75,0.82,37.88,7,Monsoon
2022-07-12 09:00:00,22.0,2.08,69.97,7,Monsoon
2022-07-12 10:00:00,19.0,1.23,58.58,7,Monsoon
2022-07-12 11:00:00,29.0,1.83,56.1,7,Monsoon
2022-07-12 12:00:00,14.0,0.92,53.32,7,Monsoon
2022-07-12 13:00:00,4.0,0.4,246.3,7,Monsoon
2022-07-12 14:00:00,13.0,0.82,251.0,7,Monsoon
2022-07-12 15:00:00,18.0,1.0,211.68,7,Monsoon
2022-07-12 16:00:00,36.0,0.78,209.38,7,Monsoon
2022-07-12 17:00:00,19.0,0.57,247.4,7,Monsoon
2022-07-12 18:00:00,12.0,0.38,96.15,7,Monsoon
2022-07-12 19:00:00,11.0,0.37,144.78,7,Monsoon
2022-07-12 20:00:00,18.0,0.5,243.48,7,Monsoon
2022-07-12 21:00:00,26.0,0.18,239.85,7,Monsoon
2022-07-12 22:00:00,35.0,0.27,126.28,7,Monsoon
2022-07-12 23:00:00,46.0,0.48,53.8,7,Monsoon
2022-07-13 00:00:00,47.0,0.13,224.55,7,Monsoon
2022-07-13 01:00:00,51.0,0.15,285.62,7,Monsoon
2022-07-13 02:00:00,46.0,0.38,110.32,7,Monsoon
2022-07-13 03:00:00,51.5,0.25,96.82,7,Monsoon
2022-07-13 04:00:00,53.0,0.23,178.62,7,Monsoon
2022-07-13 05:00:00,57.0,0.38,198.92,7,Monsoon
2022-07-13 06:00:00,63.25,0.77,123.9,7,Monsoon
2022-07-13 07:00:00,50.0,1.6,61.9,7,Monsoon
2022-07-13 08:00:00,25.5,1.65,68.42,7,Monsoon
2022-07-13 09:00:00,20.75,1.03,70.47,7,Monsoon
2022-07-13 10:00:00,26.25,1.05,73.1,7,Monsoon
2022-07-13 11:00:00,18.0,1.65,72.5,7,Monsoon
2022-07-13 12:00:00,16.5,1.28,74.1,7,Monsoon
2022-07-13 13:00:00,13.25,1.4,69.0,7,Monsoon
2022-07-13 14:00:00,15.75,0.85,63.72,7,Monsoon
2022-07-13 15:00:00,12.0,0.78,68.4,7,Monsoon
2022-07-13 16:00:00,12.25,1.1,74.9,7,Monsoon
2022-07-13 17:00:00,14.0,1.02,64.65,7,Monsoon
2022-07-13 18:00:00,17.0,0.65,124.7,7,Monsoon
2022-07-13 19:00:00,23.75,0.27,222.0,7,Monsoon
2022-07-13 20:00:00,21.5,0.42,28.68,7,Monsoon
2022-07-13 21:00:00,26.0,0.57,42.98,7,Monsoon
2022-07-13 22:00:00,28.0,0.32,176.22,7,Monsoon
2022-07-13 23:00:00,25.5,0.43,48.7,7,Monsoon
2022-07-14 00:00:00,24.0,0.45,39.95,7,Monsoon
2022-07-14 01:00:00,25.0,0.33,54.82,7,Monsoon
2022-07-14 02:00:00,22.0,0.82,59.48,7,Monsoon
2022-07-14 03:00:00,30.0,0.98,63.32,7,Monsoon
2022-07-14 04:00:00,33.0,0.82,52.95,7,Monsoon
2022-07-14 05:00:00,33.0,0.92,57.8,7,Monsoon
2022-07-14 06:00:00,22.0,1.85,67.45,7,Monsoon
2022-07-14 07:00:00,24.0,1.4,64.75,7,Monsoon
2022-07-14 08:00:00,30.0,1.87,69.77,7,Monsoon
2022-07-14 09:00:00,24.0,1.9,73.25,7,Monsoon
2022-07-14 10:00:00,21.666666666666668,1.856666666666667,69.6,7,Monsoon
2022-07-14 11:00:00,19.33333333333333,1.8133333333333328,65.95,7,Monsoon
2022-07-14 12:00:00,17.0,1.77,62.3,7,Monsoon
2022-07-14 13:00:00,18.0,2.5,64.95,7,Monsoon
2022-07-14 14:00:00,14.0,1.85,67.95,7,Monsoon
2022-07-14 15:00:00,6.0,0.45,189.7,7,Monsoon
2022-07-14 16:00:00,7.25,0.5,97.07,7,Monsoon
2022-07-14 17:00:00,12.0,0.37,148.32,7,Monsoon
2022-07-14 18:00:00,15.0,1.45,261.18,7,Monsoon
2022-07-14 19:00:00,19.75,2.15,247.98,7,Monsoon
2022-07-14 20:00:00,30.5,0.65,260.15,7,Monsoon
2022-07-14 21:00:00,18.75,0.4,284.97,7,Monsoon
2022-07-14 22:00:00,15.75,0.25,258.9,7,Monsoon
2022-07-14 23:00:00,18.25,0.5,29.92,7,Monsoon
2022-07-15 00:00:00,18.0,0.43,193.98,7,Monsoon
2022-07-15 01:00:00,16.25,0.82,50.47,7,Monsoon
2022-07-15 02:00:00,22.0,0.85,55.35,7,Monsoon
2022-07-15 03:00:00,26.0,1.08,60.52,7,Monsoon
2022-07-15 04:00:00,17.75,1.65,64.28,7,Monsoon
2022-07-15 05:00:00,10.25,1.68,64.47,7,Monsoon
2022-07-15 06:00:00,7.5,1.55,64.58,7,Monsoon
2022-07-15 07:00:00,7.5,2.0,65.92,7,Monsoon
2022-07-15 08:00:00,13.25,2.92,71.58,7,Monsoon
2022-07-15 09:00:00,15.75,2.55,70.68,7,Monsoon
2022-07-15 10:00:00,12.0,2.3,67.55,7,Monsoon
2022-07-15 11:00:00,13.5,1.88,67.85,7,Monsoon
2022-07-15 12:00:00,17.75,1.9,66.68,7,Monsoon
2022-07-15 13:00:00,15.75,2.25,62.25,7,Monsoon
2022-07-15 14:00:00,11.75,2.52,63.02,7,Monsoon
2022-07-15 15:00:00,11.25,2.58,60.98,7,Monsoon
2022-07-15 16:00:00,12.5,1.55,55.35,7,Monsoon
2022-07-15 17:00:00,13.33,1.32,55.6,7,Monsoon
2022-07-15 18:00:00,12.75,1.35,52.85,7,Monsoon
2022-07-15 19:00:00,16.0,0.5,35.67,7,Monsoon
2022-07-15 20:00:00,20.0,0.5,38.33,7,Monsoon
2022-07-15 21:00:00,24.5,0.55,37.28,7,Monsoon
2022-07-15 22:00:00,27.25,1.1,53.58,7,Monsoon
2022-07-15 23:00:00,22.0,1.42,61.38,7,Monsoon
2022-07-16 00:00:00,21.25,2.22,66.65,7,Monsoon
2022-07-16 01:00:00,19.75,1.75,64.18,7,Monsoon
2022-07-16 02:00:00,22.25,1.88,68.6,7,Monsoon
2022-07-16 03:00:00,22.0,1.62,68.97,7,Monsoon
2022-07-16 04:00:00,18.75,1.42,74.3,7,Monsoon
2022-07-16 05:00:00,19.75,0.5,106.65,7,Monsoon
2022-07-16 06:00:00,28.33,0.48,62.45,7,Monsoon
2022-07-16 07:00:00,22.75,1.05,61.28,7,Monsoon
2022-07-16 08:00:00,25.0,1.52,68.1,7,Monsoon
2022-07-16 09:00:00,18.25,1.62,61.72,7,Monsoon
2022-07-16 10:00:00,20.25,1.85,68.92,7,Monsoon
2022-07-16 11:00:00,23.0,1.7,65.6,7,Monsoon
2022-07-16 12:00:00,17.75,1.52,120.98,7,Monsoon
2022-07-16 13:00:00,11.0,0.75,75.45,7,Monsoon
2022-07-16 14:00:00,8.0,0.52,259.25,7,Monsoon
2022-07-16 15:00:00,5.0,0.48,101.68,7,Monsoon
2022-07-16 16:00:00,14.75,0.7,89.43,7,Monsoon
2022-07-16 17:00:00,16.25,0.48,36.52,7,Monsoon
2022-07-16 18:00:00,15.0,1.0,67.28,7,Monsoon
2022-07-16 19:00:00,19.0,0.72,45.5,7,Monsoon
2022-07-16 20:00:00,26.25,0.7,41.22,7,Monsoon
2022-07-16 21:00:00,37.5,0.73,46.25,7,Monsoon
2022-07-16 22:00:00,32.25,0.5,46.12,7,Monsoon
2022-07-16 23:00:00,29.5,0.5,53.35,7,Monsoon
2022-07-17 00:00:00,26.0,0.78,54.15,7,Monsoon
2022-07-17 01:00:00,21.5,0.92,47.98,7,Monsoon
2022-07-17 02:00:00,23.75,0.58,53.47,7,Monsoon
2022-07-17 03:00:00,15.5,1.18,58.05,7,Monsoon
2022-07-17 04:00:00,10.5,1.7,63.62,7,Monsoon
2022-07-17 05:00:00,7.75,2.1,71.1,7,Monsoon
2022-07-17 06:00:00,3.5,1.05,75.47,7,Monsoon
2022-07-17 07:00:00,1.75,0.55,84.85,7,Monsoon
2022-07-17 08:00:00,2.25,0.58,81.23,7,Monsoon
2022-07-17 09:00:00,6.75,0.38,74.85,7,Monsoon
2022-07-17 10:00:00,12.5,0.55,48.08,7,Monsoon
2022-07-17 11:00:00,25.0,0.85,51.82,7,Monsoon
2022-07-17 12:00:00,29.25,0.88,69.15,7,Monsoon
2022-07-17 13:00:00,24.5,0.72,55.97,7,Monsoon
2022-07-17 14:00:00,24.5,0.9,53.02,7,Monsoon
2022-07-17 15:00:00,23.5,0.52,183.22,7,Monsoon
2022-07-17 16:00:00,33.25,0.45,94.7,7,Monsoon
2022-07-17 17:00:00,30.25,0.35,186.18,7,Monsoon
2022-07-17 18:00:00,27.0,0.3,191.32,7,Monsoon
2022-07-17 19:00:00,23.5,0.45,37.02,7,Monsoon
2022-07-17 20:00:00,20.0,0.4,89.55,7,Monsoon
2022-07-17 21:00:00,16.5,0.3,224.03,7,Monsoon
2022-07-17 22:00:00,27.25,0.18,279.22,7,Monsoon
2022-07-17 23:00:00,36.75,0.48,34.07,7,Monsoon
2022-07-18 00:00:00,34.25,0.38,35.52,7,Monsoon
2022-07-18 01:00:00,29.0,0.4,47.88,7,Monsoon
2022-07-18 02:00:00,30.75,0.52,53.5,7,Monsoon
2022-07-18 03:00:00,37.5,0.28,119.12,7,Monsoon
2022-07-18 04:00:00,44.0,0.33,117.8,7,Monsoon
2022-07-18 05:00:00,50.0,0.5,147.6,7,Monsoon
2022-07-18 06:00:00,49.5,0.6,248.85,7,Monsoon
2022-07-18 07:00:00,47.75,0.52,242.68,7,Monsoon
2022-07-18 08:00:00,49.5,0.45,49.0,7,Monsoon
2022-07-18 09:00:00,52.75,1.23,63.9,7,Monsoon
2022-07-18 10:00:00,38.25,1.12,70.4,7,Monsoon
2022-07-18 11:00:00,32.25,1.27,66.5,7,Monsoon
2022-07-18 12:00:00,29.5,1.3,72.6,7,Monsoon
2022-07-18 13:00:00,28.5,1.35,66.78,7,Monsoon
2022-07-18 14:00:00,28.75,1.35,69.8,7,Monsoon
2022-07-18 15:00:00,23.75,1.35,72.72,7,Monsoon
2022-07-18 16:00:00,18.75,1.1,65.12,7,Monsoon
2022-07-18 17:00:00,16.0,1.03,60.62,7,Monsoon
2022-07-18 18:00:00,19.75,0.68,53.62,7,Monsoon
2022-07-18 19:00:00,24.0,0.38,43.72,7,Monsoon
2022-07-18 20:00:00,30.25,0.32,104.62,7,Monsoon
2022-07-18 21:00:00,31.0,0.22,197.98,7,Monsoon
2022-07-18 22:00:00,36.0,0.22,124.9,7,Monsoon
2022-07-18 23:00:00,51.0,0.57,55.75,7,Monsoon
2022-07-19 00:00:00,48.5,0.35,113.92,7,Monsoon
2022-07-19 01:00:00,43.75,0.48,53.18,7,Monsoon
2022-07-19 02:00:00,48.0,0.67,55.17,7,Monsoon
2022-07-19 03:00:00,40.0,0.65,51.3,7,Monsoon
2022-07-19 04:00:00,37.785714285714285,0.6571428571428571,55.285714285714285,7,Monsoon
2022-07-19 05:00:00,35.57142857142857,0.6642857142857143,59.27142857142857,7,Monsoon
2022-07-19 06:00:00,33.357142857142854,0.6714285714285714,63.25714285714285,7,Monsoon
2022-07-19 07:00:00,,,,7,Monsoon
2022-07-19 08:00:00,,,,7,Monsoon
2022-07-19 09:00:00,,,,7,Monsoon
2022-07-19 10:00:00,24.5,0.7,79.2,7,Monsoon
2022-07-19 11:00:00,19.0,0.82,79.88,7,Monsoon
2022-07-19 12:00:00,20.75,0.85,69.5,7,Monsoon
2022-07-19 13:00:00,25.75,0.82,114.92,7,Monsoon
2022-07-19 14:00:00,23.25,2.28,235.32,7,Monsoon
2022-07-19 15:00:00,16.5,0.9,199.4,7,Monsoon
2022-07-19 16:00:00,14.5,0.38,146.22,7,Monsoon
2022-07-19 17:00:00,24.25,0.28,84.82,7,Monsoon
2022-07-19 18:00:00,31.5,0.35,234.65,7,Monsoon
2022-07-19 19:00:00,35.25,0.52,235.0,7,Monsoon
2022-07-19 20:00:00,44.5,0.18,65.05,7,Monsoon
2022-07-19 21:00:00,57.5,0.55,64.1,7,Monsoon
2022-07-19 22:00:00,71.25,0.5,61.2,7,Monsoon
2022-07-19 23:00:00,60.75,0.55,56.42,7,Monsoon
2022-07-20 00:00:00,53.75,0.52,75.88,7,Monsoon
2022-07-20 01:00:00,51.75,0.43,69.85,7,Monsoon
2022-07-20 02:00:00,49.5,0.3,71.65,7,Monsoon
2022-07-20 03:00:00,55.25,0.25,150.8,7,Monsoon
2022-07-20 04:00:00,59.75,0.28,105.32,7,Monsoon
2022-07-20 05:00:00,61.75,0.3,103.9,7,Monsoon
2022-07-20 06:00:00,57.0,0.796,129.51,7,Monsoon
2022-07-20 07:00:00,44.5,1.292,155.12,7,Monsoon
2022-07-20 08:00:00,38.5,1.788,180.73,7,Monsoon
2022-07-20 09:00:00,21.5,,,7,Monsoon
2022-07-20 10:00:00,10.25,2.78,231.95,7,Monsoon
2022-07-20 11:00:00,7.75,2.68,252.92,7,Monsoon
2022-07-20 12:00:00,8.25,1.72,244.8,7,Monsoon
2022-07-20 13:00:00,10.75,2.1,194.68,7,Monsoon
2022-07-20 14:00:00,5.75,0.82,169.78,7,Monsoon
2022-07-20 15:00:00,2.0,0.65,129.05,7,Monsoon
2022-07-20 16:00:00,4.25,0.4,117.55,7,Monsoon
2022-07-20 17:00:00,10.25,0.65,204.47,7,Monsoon
2022-07-20 18:00:00,8.75,0.72,203.1,7,Monsoon
2022-07-20 19:00:00,11.75,1.55,245.75,7,Monsoon
2022-07-20 20:00:00,12.5,0.38,164.95,7,Monsoon
2022-07-20 21:00:00,9.0,0.88,203.55,7,Monsoon
2022-07-20 22:00:00,12.25,0.57,163.5,7,Monsoon
2022-07-20 23:00:00,15.25,0.45,193.68,7,Monsoon
2022-07-21 00:00:00,20.0,0.1,74.42,7,Monsoon
2022-07-21 01:00:00,15.5,0.18,112.9,7,Monsoon
2022-07-21 02:00:00,19.75,0.65,188.75,7,Monsoon
2022-07-21 03:00:00,18.5,0.98,213.8,7,Monsoon
2022-07-21 04:00:00,16.0,0.98,239.92,7,Monsoon
2022-07-21 05:00:00,13.5,0.48,262.35,7,Monsoon
2022-07-21 06:00:00,15.5,0.22,234.02,7,Monsoon
2022-07-21 07:00:00,16.5,0.55,257.62,7,Monsoon
2022-07-21 08:00:00,14.75,0.72,249.3,7,Monsoon
2022-07-21 09:00:00,17.75,1.2,252.05,7,Monsoon
2022-07-21 10:00:00,24.75,0.85,153.2,7,Monsoon
2022-07-21 11:00:00,14.75,0.32,190.1,7,Monsoon
2022-07-21 12:00:00,24.75,0.55,221.98,7,Monsoon
2022-07-21 13:00:00,39.5,1.03,57.68,7,Monsoon
2022-07-21 14:00:00,66.25,0.98,57.98,7,Monsoon
2022-07-21 15:00:00,60.25,0.6,44.88,7,Monsoon
2022-07-21 16:00:00,58.25,0.65,53.95,7,Monsoon
2022-07-21 17:00:00,59.5,0.7,66.28,7,Monsoon
2022-07-21 18:00:00,59.75,0.42,49.72,7,Monsoon
2022-07-21 19:00:00,58.0,0.18,105.6,7,Monsoon
2022-07-21 20:00:00,63.75,0.2,102.68,7,Monsoon
2022-07-21 21:00:00,66.75,0.23,73.95,7,Monsoon
2022-07-21 22:00:00,82.25,0.45,51.92,7,Monsoon
2022-07-21 23:00:00,96.5,0.48,48.8,7,Monsoon
2022-07-22 00:00:00,100.25,0.6,54.03,7,Monsoon
2022-07-22 01:00:00,93.75,0.35,27.8,7,Monsoon
2022-07-22 02:00:00,78.25,0.65,53.22,7,Monsoon
2022-07-22 03:00:00,66.0,0.7,56.85,7,Monsoon
2022-07-22 04:00:00,56.75,0.38,54.82,7,Monsoon
2022-07-22 05:00:00,66.25,0.57,56.9,7,Monsoon
2022-07-22 06:00:00,73.5,0.52,48.88,7,Monsoon
2022-07-22 07:00:00,82.5,0.73,56.08,7,Monsoon
2022-07-22 08:00:00,74.0,0.72,43.95,7,Monsoon
2022-07-22 09:00:00,65.25,1.15,52.2,7,Monsoon
2022-07-22 10:00:00,69.5,1.55,57.95,7,Monsoon
2022-07-22 11:00:00,53.25,1.35,54.7,7,Monsoon
2022-07-22 12:00:00,46.5,1.6,58.18,7,Monsoon
2022-07-22 13:00:00,22.75,1.2,102.75,7,Monsoon
2022-07-22 14:00:00,21.25,1.85,230.5,7,Monsoon
2022-07-22 15:00:00,31.75,0.95,211.5,7,Monsoon
2022-07-22 16:00:00,42.75,0.42,140.88,7,Monsoon
2022-07-22 17:00:00,40.0,0.28,88.28,7,Monsoon
2022-07-22 18:00:00,37.0,0.7,280.92,7,Monsoon
2022-07-22 19:00:00,43.25,0.52,97.5,7,Monsoon
2022-07-22 20:00:00,36.0,0.7,53.25,7,Monsoon
2022-07-22 21:00:00,35.25,0.32,34.3,7,Monsoon
2022-07-22 22:00:00,25.25,0.68,55.65,7,Monsoon
2022-07-22 23:00:00,33.5,0.88,51.25,7,Monsoon
2022-07-23 00:00:00,44.0,0.95,55.08,7,Monsoon
2022-07-23 01:00:00,30.5,0.98,56.82,7,Monsoon
2022-07-23 02:00:00,17.5,1.0,60.15,7,Monsoon
2022-07-23 03:00:00,19.25,1.05,57.18,7,Monsoon
2022-07-23 04:00:00,20.5,1.3,58.12,7,Monsoon
2022-07-23 05:00:00,20.75,1.1,57.12,7,Monsoon
2022-07-23 06:00:00,19.75,1.27,58.0,7,Monsoon
2022-07-23 07:00:00,27.5,1.98,60.72,7,Monsoon
2022-07-23 08:00:00,25.5,2.62,62.4,7,Monsoon
2022-07-23 09:00:00,24.0,2.62,65.15,7,Monsoon
2022-07-23 10:00:00,23.75,1.83,61.92,7,Monsoon
2022-07-23 11:00:00,23.25,2.25,63.03,7,Monsoon
2022-07-23 12:00:00,22.75,2.78,64.38,7,Monsoon
2022-07-23 13:00:00,19.0,2.68,62.5,7,Monsoon
2022-07-23 14:00:00,18.5,2.7,67.47,7,Monsoon
2022-07-23 15:00:00,17.75,2.92,67.6,7,Monsoon
2022-07-23 16:00:00,21.0,2.68,67.5,7,Monsoon
2022-07-23 17:00:00,25.0,2.15,61.25,7,Monsoon
2022-07-23 18:00:00,25.75,1.65,56.68,7,Monsoon
2022-07-23 19:00:00,19.75,1.45,60.32,7,Monsoon
2022-07-23 20:00:00,21.0,1.42,59.7,7,Monsoon
2022-07-23 21:00:00,18.5,1.3,59.88,7,Monsoon
2022-07-23 22:00:00,22.25,1.18,56.03,7,Monsoon
2022-07-23 23:00:00,29.25,1.12,54.18,7,Monsoon
2022-07-24 00:00:00,31.5,1.27,54.32,7,Monsoon
2022-07-24 01:00:00,32.75,1.4,59.65,7,Monsoon
2022-07-24 02:00:00,22.75,1.8,60.82,7,Monsoon
2022-07-24 03:00:00,19.5,1.55,60.52,7,Monsoon
2022-07-24 04:00:00,11.25,1.55,58.68,7,Monsoon
2022-07-24 05:00:00,10.0,1.38,58.8,7,Monsoon
2022-07-24 06:00:00,13.0,2.05,60.0,7,Monsoon
2022-07-24 07:00:00,13.0,2.0,62.95,7,Monsoon
2022-07-24 08:00:00,13.0,2.009259259259259,63.2462962962963,7,Monsoon
2022-07-24 09:00:00,13.0,2.0185185185185186,63.5425925925926,7,Monsoon
2022-07-24 10:00:00,13.0,2.0277777777777777,63.83888888888889,7,Monsoon
2022-07-24 11:00:00,,,,7,Monsoon
2022-07-24 12:00:00,,,,7,Monsoon
2022-07-24 13:00:00,,,,7,Monsoon
2022-07-24 14:00:00,,,,7,Monsoon
2022-07-24 15:00:00,,,,7,Monsoon
2022-07-24 16:00:00,,,,7,Monsoon
2022-07-24 17:00:00,,,,7,Monsoon
2022-07-24 18:00:00,,,,7,Monsoon
2022-07-24 19:00:00,,,,7,Monsoon
2022-07-24 20:00:00,,,,7,Monsoon
2022-07-24 21:00:00,,,,7,Monsoon
2022-07-24 22:00:00,,,,7,Monsoon
2022-07-24 23:00:00,,,,7,Monsoon
2022-07-25 00:00:00,,,,7,Monsoon
2022-07-25 01:00:00,,,,7,Monsoon
2022-07-25 02:00:00,,,,7,Monsoon
2022-07-25 03:00:00,,,,7,Monsoon
2022-07-25 04:00:00,,,,7,Monsoon
2022-07-25 05:00:00,,,,7,Monsoon
2022-07-25 06:00:00,,,,7,Monsoon
2022-07-25 07:00:00,,,,7,Monsoon
2022-07-25 08:00:00,,,,7,Monsoon
2022-07-25 09:00:00,,,,7,Monsoon
2022-07-25 10:00:00,13.0,2.25,70.95,7,Monsoon
2022-07-25 11:00:00,7.0,2.35,68.58,7,Monsoon
2022-07-25 12:00:00,15.0,2.25,66.0,7,Monsoon
2022-07-25 13:00:00,20.0,2.12,64.85,7,Monsoon
2022-07-25 14:00:00,23.0,2.17,67.42,7,Monsoon
2022-07-25 15:00:00,18.0,1.88,57.28,7,Monsoon
2022-07-25 16:00:00,18.0,1.95,60.32,7,Monsoon
2022-07-25 17:00:00,17.0,1.85,58.9,7,Monsoon
2022-07-25 18:00:00,14.0,1.72,55.58,7,Monsoon
2022-07-25 19:00:00,14.25,1.38,57.88,7,Monsoon
2022-07-25 20:00:00,18.0,1.62,64.0,7,Monsoon
2022-07-25 21:00:00,19.0,0.4,81.53,7,Monsoon
2022-07-25 22:00:00,18.0,0.52,50.3,7,Monsoon
2022-07-25 23:00:00,28.75,0.75,54.47,7,Monsoon
2022-07-26 00:00:00,25.0,1.38,57.62,7,Monsoon
2022-07-26 01:00:00,28.0,1.9,59.32,7,Monsoon
2022-07-26 02:00:00,18.0,2.2,60.32,7,Monsoon
2022-07-26 03:00:00,19.0,1.9,61.18,7,Monsoon
2022-07-26 04:00:00,25.0,1.75,60.1,7,Monsoon
2022-07-26 05:00:00,23.0,1.45,59.95,7,Monsoon
2022-07-26 06:00:00,22.0,1.75,58.58,7,Monsoon
2022-07-26 07:00:00,32.5,1.93,59.2,7,Monsoon
2022-07-26 08:00:00,37.0,2.28,62.6,7,Monsoon
2022-07-26 09:00:00,34.0,2.68,62.35,7,Monsoon
2022-07-26 10:00:00,19.0,2.42,65.45,7,Monsoon
2022-07-26 11:00:00,17.0,2.78,68.65,7,Monsoon
2022-07-26 12:00:00,19.0,2.42,69.35,7,Monsoon
2022-07-26 13:00:00,24.25,2.38,67.9,7,Monsoon
2022-07-26 14:00:00,22.0,1.95,70.72,7,Monsoon
2022-07-26 15:00:00,17.0,0.88,95.32,7,Monsoon
2022-07-26 16:00:00,17.0,1.45,66.8,7,Monsoon
2022-07-26 17:00:00,18.0,2.05,66.8,7,Monsoon
2022-07-26 18:00:00,20.0,1.28,68.95,7,Monsoon
2022-07-26 19:00:00,9.0,1.23,66.42,7,Monsoon
2022-07-26 20:00:00,14.75,1.27,64.6,7,Monsoon
2022-07-26 21:00:00,17.33,1.23,64.38,7,Monsoon
2022-07-26 22:00:00,23.5,0.9,55.15,7,Monsoon
2022-07-26 23:00:00,23.5,0.82,55.5,7,Monsoon
2022-07-27 00:00:00,28.0,0.98,58.0,7,Monsoon
2022-07-27 01:00:00,28.0,1.1,57.72,7,Monsoon
2022-07-27 02:00:00,43.0,1.25,62.22,7,Monsoon
2022-07-27 03:00:00,43.0,1.52,68.93,7,Monsoon
2022-07-27 04:00:00,33.0,1.35,68.1,7,Monsoon
2022-07-27 05:00:00,26.0,0.97,68.68,7,Monsoon
2022-07-27 06:00:00,25.0,1.08,67.1,7,Monsoon
2022-07-27 07:00:00,30.0,1.08,70.3,7,Monsoon
2022-07-27 08:00:00,31.0,1.2,67.95,7,Monsoon
2022-07-27 09:00:00,26.0,1.27,69.53,7,Monsoon
2022-07-27 10:00:00,28.0,1.3,64.7,7,Monsoon
2022-07-27 11:00:00,19.0,1.38,56.6,7,Monsoon
2022-07-27 12:00:00,15.0,1.6,66.45,7,Monsoon
2022-07-27 13:00:00,13.0,0.92,76.7,7,Monsoon
2022-07-27 14:00:00,17.0,1.35,69.72,7,Monsoon
2022-07-27 15:00:00,13.0,2.08,66.78,7,Monsoon
2022-07-27 16:00:00,12.0,1.58,61.85,7,Monsoon
2022-07-27 17:00:00,20.0,1.3,68.2,7,Monsoon
2022-07-27 18:00:00,15.0,2.15,66.28,7,Monsoon
2022-07-27 19:00:00,22.0,1.95,66.42,7,Monsoon
2022-07-27 20:00:00,13.0,2.15,63.1,7,Monsoon
2022-07-27 21:00:00,37.0,1.48,69.35,7,Monsoon
2022-07-27 22:00:00,24.0,1.32,64.72,7,Monsoon
2022-07-27 23:00:00,42.0,1.15,69.7,7,Monsoon
2022-07-28 00:00:00,33.0,1.0,67.9,7,Monsoon
2022-07-28 01:00:00,30.0,1.0,61.97,7,Monsoon
2022-07-28 02:00:00,25.0,1.12,59.28,7,Monsoon
2022-07-28 03:00:00,22.0,1.05,61.38,7,Monsoon
2022-07-28 04:00:00,22.0,1.3,66.72,7,Monsoon
2022-07-28 05:00:00,18.0,1.02,69.8,7,Monsoon
2022-07-28 06:00:00,20.0,0.57,115.15,7,Monsoon
2022-07-28 07:00:00,25.0,0.45,251.32,7,Monsoon
2022-07-28 08:00:00,13.5,0.55,193.68,7,Monsoon
2022-07-28 09:00:00,2.0,0.6,59.1,7,Monsoon
2022-07-28 10:00:00,15.0,0.68,227.58,7,Monsoon
2022-07-28 11:00:00,14.33,1.17,164.62,7,Monsoon
2022-07-28 12:00:00,17.0,1.72,139.7,7,Monsoon
2022-07-28 13:00:00,22.5,0.52,212.98,7,Monsoon
2022-07-28 14:00:00,28.0,0.75,191.77,7,Monsoon
2022-07-28 15:00:00,26.5,1.38,215.08,7,Monsoon
2022-07-28 16:00:00,8.75,0.73,171.2,7,Monsoon
2022-07-28 17:00:00,12.5,1.1,210.78,7,Monsoon
2022-07-28 18:00:00,8.75,1.18,224.48,7,Monsoon
2022-07-28 19:00:00,11.0,1.65,228.6,7,Monsoon
2022-07-28 20:00:00,10.5,1.38,233.58,7,Monsoon
2022-07-28 21:00:00,10.0,0.48,219.5,7,Monsoon
2022-07-28 22:00:00,12.5,0.8,208.65,7,Monsoon
2022-07-28 23:00:00,11.25,0.3,144.4,7,Monsoon
2022-07-29 00:00:00,13.25,0.42,141.48,7,Monsoon
2022-07-29 01:00:00,17.5,0.32,153.98,7,Monsoon
2022-07-29 02:00:00,17.75,0.73,174.35,7,Monsoon
2022-07-29 03:00:00,13.5,0.72,184.35,7,Monsoon
2022-07-29 04:00:00,11.25,0.45,157.28,7,Monsoon
2022-07-29 05:00:00,11.0,0.4,136.07,7,Monsoon
2022-07-29 06:00:00,17.0,0.4,138.9,7,Monsoon
2022-07-29 07:00:00,16.25,0.38,177.18,7,Monsoon
2022-07-29 08:00:00,15.25,0.73,184.05,7,Monsoon
2022-07-29 09:00:00,22.5,1.42,225.5,7,Monsoon
2022-07-29 10:00:00,28.75,1.92,216.58,7,Monsoon
2022-07-29 11:00:00,16.25,1.88,222.22,7,Monsoon
2022-07-29 12:00:00,16.25,1.72,243.65,7,Monsoon
2022-07-29 13:00:00,15.25,1.08,226.5,7,Monsoon
2022-07-29 14:00:00,18.75,0.95,270.38,7,Monsoon
2022-07-29 15:00:00,20.75,0.35,256.9,7,Monsoon
2022-07-29 16:00:00,25.75,0.57,126.3,7,Monsoon
2022-07-29 17:00:00,13.25,1.1,224.6,7,Monsoon
2022-07-29 18:00:00,6.5,1.25,218.6,7,Monsoon
2022-07-29 19:00:00,10.0,1.0,205.6,7,Monsoon
2022-07-29 20:00:00,8.75,0.57,202.4,7,Monsoon
2022-07-29 21:00:00,14.75,0.57,185.05,7,Monsoon
2022-07-29 22:00:00,17.25,0.32,123.35,7,Monsoon
2022-07-29 23:00:00,17.0,0.28,141.52,7,Monsoon
2022-07-30 00:00:00,15.5,0.3,141.43,7,Monsoon
2022-07-30 01:00:00,19.5,0.25,125.18,7,Monsoon
2022-07-30 02:00:00,15.75,0.62,186.82,7,Monsoon
2022-07-30 03:00:00,9.5,0.9,217.7,7,Monsoon
2022-07-30 04:00:00,10.25,0.75,219.8,7,Monsoon
2022-07-30 05:00:00,8.25,0.45,234.78,7,Monsoon
2022-07-30 06:00:00,10.25,0.82,245.3,7,Monsoon
2022-07-30 07:00:00,16.0,1.78,129.78,7,Monsoon
2022-07-30 08:00:00,22.0,7.5,133.1,7,Monsoon
2022-07-30 09:00:00,23.25,6.55,134.07,7,Monsoon
2022-07-30 10:00:00,26.5,1.6,218.45,7,Monsoon
2022-07-30 11:00:00,24.5,1.72,223.75,7,Monsoon
2022-07-30 12:00:00,22.25,2.52,233.78,7,Monsoon
2022-07-30 13:00:00,19.75,2.5,245.18,7,Monsoon
2022-07-30 14:00:00,18.75,2.38,238.05,7,Monsoon
2022-07-30 15:00:00,16.5,2.42,251.1,7,Monsoon
2022-07-30 16:00:00,13.5,2.42,253.45,7,Monsoon
2022-07-30 17:00:00,17.0,1.62,244.02,7,Monsoon
2022-07-30 18:00:00,15.0,1.68,234.52,7,Monsoon
2022-07-30 19:00:00,16.5,1.05,216.45,7,Monsoon
2022-07-30 20:00:00,14.75,0.68,270.0,7,Monsoon
2022-07-30 21:00:00,22.0,0.22,79.97,7,Monsoon
2022-07-30 22:00:00,21.0,0.28,105.15,7,Monsoon
2022-07-30 23:00:00,27.25,0.23,106.25,7,Monsoon
2022-07-31 00:00:00,27.0,0.78,244.55,7,Monsoon
2022-07-31 01:00:00,22.5,0.5,102.02,7,Monsoon
2022-07-31 02:00:00,15.75,0.8,68.55,7,Monsoon
2022-07-31 03:00:00,9.75,0.42,171.48,7,Monsoon
2022-07-31 04:00:00,12.5,0.37,183.82,7,Monsoon
2022-07-31 05:00:00,14.5,0.68,260.35,7,Monsoon
2022-07-31 06:00:00,16.5,0.22,156.68,7,Monsoon
2022-07-31 07:00:00,18.25,0.5,226.75,7,Monsoon
2022-07-31 08:00:00,21.0,0.35,164.05,7,Monsoon
2022-07-31 09:00:00,25.75,1.18,201.0,7,Monsoon
2022-07-31 10:00:00,21.5,1.48,205.98,7,Monsoon
2022-07-31 11:00:00,19.25,1.62,222.8,7,Monsoon
2022-07-31 12:00:00,15.75,1.02,251.48,7,Monsoon
2022-07-31 13:00:00,13.25,1.52,256.73,7,Monsoon
2022-07-31 14:00:00,18.25,1.38,262.27,7,Monsoon
2022-07-31 15:00:00,23.25,1.5,244.38,7,Monsoon
2022-07-31 16:00:00,27.75,0.82,71.88,7,Monsoon
2022-07-31 17:00:00,29.5,0.28,260.38,7,Monsoon
2022-07-31 18:00:00,25.75,0.52,83.98,7,Monsoon
2022-07-31 19:00:00,18.5,0.22,278.85,7,Monsoon
2022-07-31 20:00:00,21.25,0.45,48.05,7,Monsoon
2022-07-31 21:00:00,34.0,0.38,116.25,7,Monsoon
2022-07-31 22:00:00,35.75,0.4,253.42,7,Monsoon
2022-07-31 23:00:00,42.25,0.25,280.82,7,Monsoon
2022-08-01 00:00:00,45.75,0.57,220.65,8,Monsoon
2022-08-01 01:00:00,42.25,0.47,224.88,8,Monsoon
2022-08-01 02:00:00,34.25,0.32,107.2,8,Monsoon
2022-08-01 03:00:00,39.5,0.35,168.22,8,Monsoon
2022-08-01 04:00:00,51.25,0.25,69.4,8,Monsoon
2022-08-01 05:00:00,47.5,0.2,128.43,8,Monsoon
2022-08-01 06:00:00,49.5,0.82,197.25,8,Monsoon
2022-08-01 07:00:00,35.5,1.72,233.88,8,Monsoon
2022-08-01 08:00:00,15.0,2.1,229.88,8,Monsoon
2022-08-01 09:00:00,11.25,1.98,234.68,8,Monsoon
2022-08-01 10:00:00,8.5,2.0,230.15,8,Monsoon
2022-08-01 11:00:00,8.75,1.75,234.77,8,Monsoon
2022-08-01 12:00:00,13.25,1.55,240.0,8,Monsoon
2022-08-01 13:00:00,12.25,1.62,233.23,8,Monsoon
2022-08-01 14:00:00,20.75,2.22,234.92,8,Monsoon
2022-08-01 15:00:00,29.25,2.53,241.12,8,Monsoon
2022-08-01 16:00:00,13.25,2.0,240.65,8,Monsoon
2022-08-01 17:00:00,17.0,2.12,229.12,8,Monsoon
2022-08-01 18:00:00,17.25,1.65,219.3,8,Monsoon
2022-08-01 19:00:00,19.0,0.95,191.72,8,Monsoon
2022-08-01 20:00:00,23.25,1.5,220.0,8,Monsoon
2022-08-01 21:00:00,25.75,1.4,227.2,8,Monsoon
2022-08-01 22:00:00,19.75,1.42,219.38,8,Monsoon
2022-08-01 23:00:00,14.5,1.58,226.8,8,Monsoon
2022-08-02 00:00:00,18.75,1.3,223.68,8,Monsoon
2022-08-02 01:00:00,19.25,1.12,233.45,8,Monsoon
2022-08-02 02:00:00,22.25,1.2,227.42,8,Monsoon
2022-08-02 03:00:00,19.25,1.42,230.2,8,Monsoon
2022-08-02 04:00:00,17.0,1.27,225.2,8,Monsoon
2022-08-02 05:00:00,16.75,1.4,224.0,8,Monsoon
2022-08-02 06:00:00,16.25,1.62,221.92,8,Monsoon
2022-08-02 07:00:00,17.0,1.92,233.98,8,Monsoon
2022-08-02 08:00:00,14.5,1.78,234.65,8,Monsoon
2022-08-02 09:00:00,16.75,1.92,242.5,8,Monsoon
2022-08-02 10:00:00,17.75,1.88,232.08,8,Monsoon
2022-08-02 11:00:00,21.75,1.82,251.7,8,Monsoon
2022-08-02 12:00:00,41.5,1.7,233.55,8,Monsoon
2022-08-02 13:00:00,29.5,1.52,249.15,8,Monsoon
2022-08-02 14:00:00,30.75,1.95,241.55,8,Monsoon
2022-08-02 15:00:00,44.25,2.05,249.98,8,Monsoon
2022-08-02 16:00:00,30.75,2.2,245.88,8,Monsoon
2022-08-02 17:00:00,25.25,1.9,242.45,8,Monsoon
2022-08-02 18:00:00,29.0,1.48,247.55,8,Monsoon
2022-08-02 19:00:00,30.5,0.73,241.25,8,Monsoon
2022-08-02 20:00:00,36.25,0.38,253.4,8,Monsoon
2022-08-02 21:00:00,40.25,0.18,276.58,8,Monsoon
2022-08-02 22:00:00,44.0,0.2,175.88,8,Monsoon
2022-08-02 23:00:00,52.75,0.18,111.1,8,Monsoon
2022-08-03 00:00:00,52.25,0.28,179.75,8,Monsoon
2022-08-03 01:00:00,53.0,0.55,182.75,8,Monsoon
2022-08-03 02:00:00,52.5,0.48,242.28,8,Monsoon
2022-08-03 03:00:00,50.75,0.38,237.35,8,Monsoon
2022-08-03 04:00:00,47.0,0.88,239.45,8,Monsoon
2022-08-03 05:00:00,35.75,0.25,111.55,8,Monsoon
2022-08-03 06:00:00,29.0,0.32,262.12,8,Monsoon
2022-08-03 07:00:00,30.5,0.75,261.25,8,Monsoon
2022-08-03 08:00:00,36.0,0.4,269.23,8,Monsoon
2022-08-03 09:00:00,39.0,0.58,198.32,8,Monsoon
2022-08-03 10:00:00,36.75,1.4,198.4,8,Monsoon
2022-08-03 11:00:00,32.75,1.9,94.35,8,Monsoon
2022-08-03 12:00:00,39.75,0.88,122.4,8,Monsoon
2022-08-03 13:00:00,39.75,0.38,168.0,8,Monsoon
2022-08-03 14:00:00,48.5,0.85,260.9,8,Monsoon
2022-08-03 15:00:00,45.5,0.43,152.63,8,Monsoon
2022-08-03 16:00:00,53.75,0.52,31.42,8,Monsoon
2022-08-03 17:00:00,41.25,0.78,49.18,8,Monsoon
2022-08-03 18:00:00,53.0,0.65,56.1,8,Monsoon
2022-08-03 19:00:00,60.25,0.77,62.85,8,Monsoon
2022-08-03 20:00:00,66.0,0.52,67.88,8,Monsoon
2022-08-03 21:00:00,74.75,0.52,76.03,8,Monsoon
2022-08-03 22:00:00,78.0,0.25,93.58,8,Monsoon
2022-08-03 23:00:00,63.25,0.25,121.88,8,Monsoon
2022-08-04 00:00:00,62.25,0.28,151.95,8,Monsoon
2022-08-04 01:00:00,55.25,0.25,103.3,8,Monsoon
2022-08-04 02:00:00,45.75,0.3,83.12,8,Monsoon
2022-08-04 03:00:00,38.0,0.92,58.52,8,Monsoon
2022-08-04 04:00:00,56.75,0.72,58.62,8,Monsoon
2022-08-04 05:00:00,66.75,0.2,79.97,8,Monsoon
2022-08-04 06:00:00,63.0,0.77,64.25,8,Monsoon
2022-08-04 07:00:00,64.0,0.92,63.18,8,Monsoon
2022-08-04 08:00:00,64.25,1.95,64.2,8,Monsoon
2022-08-04 09:00:00,61.25,1.72,62.35,8,Monsoon
2022-08-04 10:00:00,71.0,1.15,64.45,8,Monsoon
2022-08-04 11:00:00,50.25,0.85,130.75,8,Monsoon
2022-08-04 12:00:00,44.5,0.8,149.02,8,Monsoon
2022-08-04 13:00:00,50.0,1.15,58.65,8,Monsoon
2022-08-04 14:00:00,42.0,0.98,49.47,8,Monsoon
2022-08-04 15:00:00,38.25,1.48,47.25,8,Monsoon
2022-08-04 16:00:00,41.0,0.88,52.95,8,Monsoon
2022-08-04 17:00:00,30.0,0.52,150.07,8,Monsoon
2022-08-04 18:00:00,30.25,0.33,268.18,8,Monsoon
2022-08-04 19:00:00,23.75,0.32,200.73,8,Monsoon
2022-08-04 20:00:00,28.75,0.9,55.38,8,Monsoon
2022-08-04 21:00:00,28.75,1.38,59.2,8,Monsoon
2022-08-04 22:00:00,30.25,1.3,59.4,8,Monsoon
2022-08-04 23:00:00,28.0,1.48,60.12,8,Monsoon
2022-08-05 00:00:00,27.25,1.58,60.25,8,Monsoon
2022-08-05 01:00:00,27.5,1.5,63.2,8,Monsoon
2022-08-05 02:00:00,32.25,1.27,63.32,8,Monsoon
2022-08-05 03:00:00,25.5,1.08,65.2,8,Monsoon
2022-08-05 04:00:00,31.5,1.1,67.9,8,Monsoon
2022-08-05 05:00:00,35.5,1.27,66.1,8,Monsoon
2022-08-05 06:00:00,34.25,1.28,70.5,8,Monsoon
2022-08-05 07:00:00,36.0,0.68,69.8,8,Monsoon
2022-08-05 08:00:00,41.0,1.18,66.62,8,Monsoon
2022-08-05 09:00:00,51.0,1.1,60.78,8,Monsoon
2022-08-05 10:00:00,58.25,1.52,67.0,8,Monsoon
2022-08-05 11:00:00,38.5,0.88,65.18,8,Monsoon
2022-08-05 12:00:00,28.0,0.82,60.38,8,Monsoon
2022-08-05 13:00:00,45.75,1.23,55.42,8,Monsoon
2022-08-05 14:00:00,47.5,0.7,81.95,8,Monsoon
2022-08-05 15:00:00,49.0,0.8,130.45,8,Monsoon
2022-08-05 16:00:00,30.5,0.52,155.02,8,Monsoon
2022-08-05 17:00:00,30.5,0.25,145.62,8,Monsoon
2022-08-05 18:00:00,35.75,0.4,220.9,8,Monsoon
2022-08-05 19:00:00,41.5,0.45,245.03,8,Monsoon
2022-08-05 20:00:00,50.0,0.65,201.45,8,Monsoon
2022-08-05 21:00:00,44.0,0.3,192.9,8,Monsoon
2022-08-05 22:00:00,46.0,0.25,132.3,8,Monsoon
2022-08-05 23:00:00,70.0,0.85,59.5,8,Monsoon
2022-08-06 00:00:00,81.0,0.85,61.1,8,Monsoon
2022-08-06 01:00:00,66.0,0.75,59.75,8,Monsoon
2022-08-06 02:00:00,62.0,0.92,58.6,8,Monsoon
2022-08-06 03:00:00,56.0,0.35,50.22,8,Monsoon
2022-08-06 04:00:00,44.0,0.25,157.07,8,Monsoon
2022-08-06 05:00:00,52.0,0.32,27.65,8,Monsoon
2022-08-06 06:00:00,62.0,0.82,52.92,8,Monsoon
2022-08-06 07:00:00,62.0,1.2,64.88,8,Monsoon
2022-08-06 08:00:00,66.0,1.02,70.75,8,Monsoon
2022-08-06 09:00:00,35.0,1.1,62.75,8,Monsoon
2022-08-06 10:00:00,30.0,0.8,70.55,8,Monsoon
2022-08-06 11:00:00,18.0,0.48,127.58,8,Monsoon
2022-08-06 12:00:00,34.0,0.52,161.12,8,Monsoon
2022-08-06 13:00:00,36.0,0.62,189.68,8,Monsoon
2022-08-06 14:00:00,42.0,0.82,95.1,8,Monsoon
2022-08-06 15:00:00,53.0,0.9,56.82,8,Monsoon
2022-08-06 16:00:00,58.0,0.43,155.65,8,Monsoon
2022-08-06 17:00:00,53.0,0.35,228.92,8,Monsoon
2022-08-06 18:00:00,57.0,0.35,197.55,8,Monsoon
2022-08-06 19:00:00,63.0,0.32,116.65,8,Monsoon
2022-08-06 20:00:00,69.0,0.13,237.12,8,Monsoon
2022-08-06 21:00:00,72.0,0.18,99.85,8,Monsoon
2022-08-06 22:00:00,86.0,0.43,56.12,8,Monsoon
2022-08-06 23:00:00,77.0,0.45,52.05,8,Monsoon
2022-08-07 00:00:00,79.0,0.32,118.28,8,Monsoon
2022-08-07 01:00:00,77.0,0.35,54.95,8,Monsoon
2022-08-07 02:00:00,85.0,0.45,55.85,8,Monsoon
2022-08-07 03:00:00,73.0,0.4,55.15,8,Monsoon
2022-08-07 04:00:00,72.0,0.4,48.02,8,Monsoon
2022-08-07 05:00:00,64.0,0.38,44.9,8,Monsoon
2022-08-07 06:00:00,66.0,0.35,47.78,8,Monsoon
2022-08-07 07:00:00,75.0,0.62,49.95,8,Monsoon
2022-08-07 08:00:00,81.0,1.2,52.22,8,Monsoon
2022-08-07 09:00:00,89.0,1.75,57.52,8,Monsoon
2022-08-07 10:00:00,58.0,2.05,69.32,8,Monsoon
2022-08-07 11:00:00,14.0,1.2,69.2,8,Monsoon
2022-08-07 12:00:00,9.0,1.25,65.4,8,Monsoon
2022-08-07 13:00:00,8.0,0.85,77.58,8,Monsoon
2022-08-07 14:00:00,11.0,1.03,80.12,8,Monsoon
2022-08-07 15:00:00,16.0,1.52,64.38,8,Monsoon
2022-08-07 16:00:00,17.0,0.8,55.6,8,Monsoon
2022-08-07 17:00:00,13.0,0.8,46.35,8,Monsoon
2022-08-07 18:00:00,17.0,0.98,51.78,8,Monsoon
2022-08-07 19:00:00,19.0,0.85,54.53,8,Monsoon
2022-08-07 20:00:00,30.0,0.52,50.72,8,Monsoon
2022-08-07 21:00:00,40.0,0.38,55.75,8,Monsoon
2022-08-07 22:00:00,41.0,0.43,79.35,8,Monsoon
2022-08-07 23:00:00,39.0,0.4,148.5,8,Monsoon
2022-08-08 00:00:00,41.0,0.27,104.15,8,Monsoon
2022-08-08 01:00:00,29.0,0.38,37.72,8,Monsoon
2022-08-08 02:00:00,23.0,0.18,206.88,8,Monsoon
2022-08-08 03:00:00,25.0,0.2,281.95,8,Monsoon
2022-08-08 04:00:00,24.5,0.12,169.52,8,Monsoon
2022-08-08 05:00:00,24.0,0.22,93.88,8,Monsoon
2022-08-08 06:00:00,28.0,0.4,47.15,8,Monsoon
2022-08-08 07:00:00,101.0,0.45,25.22,8,Monsoon
2022-08-08 08:00:00,51.0,0.25,185.88,8,Monsoon
2022-08-08 09:00:00,45.0,0.8,45.22,8,Monsoon
2022-08-08 10:00:00,51.0,1.02,63.03,8,Monsoon
2022-08-08 11:00:00,53.0,1.0,69.3,8,Monsoon
2022-08-08 12:00:00,46.0,0.65,84.65,8,Monsoon
2022-08-08 13:00:00,45.0,0.55,142.8,8,Monsoon
2022-08-08 14:00:00,30.0,0.78,66.9,8,Monsoon
2022-08-08 15:00:00,35.0,0.9,57.58,8,Monsoon
2022-08-08 16:00:00,30.0,0.48,114.55,8,Monsoon
2022-08-08 17:00:00,34.0,0.45,42.22,8,Monsoon
2022-08-08 18:00:00,34.0,0.92,59.78,8,Monsoon
2022-08-08 19:00:00,40.0,0.65,55.65,8,Monsoon
2022-08-08 20:00:00,41.0,0.43,50.1,8,Monsoon
2022-08-08 21:00:00,55.0,0.5,50.78,8,Monsoon
2022-08-08 22:00:00,58.0,0.5,51.1,8,Monsoon
2022-08-08 23:00:00,61.0,0.32,34.95,8,Monsoon
2022-08-09 00:00:00,58.0,0.43,38.33,8,Monsoon
2022-08-09 01:00:00,57.0,0.4,37.92,8,Monsoon
2022-08-09 02:00:00,58.0,0.57,46.53,8,Monsoon
2022-08-09 03:00:00,63.0,0.55,44.58,8,Monsoon
2022-08-09 04:00:00,66.0,0.73,54.8,8,Monsoon
2022-08-09 05:00:00,59.75,0.65,54.28,8,Monsoon
2022-08-09 06:00:00,70.5,0.68,51.02,8,Monsoon
2022-08-09 07:00:00,78.0,1.15,53.78,8,Monsoon
2022-08-09 08:00:00,61.0,1.67,60.38,8,Monsoon
2022-08-09 09:00:00,41.0,1.85,66.2,8,Monsoon
2022-08-09 10:00:00,33.0,2.02,64.25,8,Monsoon
2022-08-09 11:00:00,24.0,1.12,71.15,8,Monsoon
2022-08-09 12:00:00,18.0,1.15,62.7,8,Monsoon
2022-08-09 13:00:00,16.0,1.15,59.53,8,Monsoon
2022-08-09 14:00:00,20.0,1.15,56.32,8,Monsoon
2022-08-09 15:00:00,20.0,1.42,59.78,8,Monsoon
2022-08-09 16:00:00,14.25,1.4,60.3,8,Monsoon
2022-08-09 17:00:00,18.0,1.08,56.82,8,Monsoon
2022-08-09 18:00:00,20.0,1.0,58.2,8,Monsoon
2022-08-09 19:00:00,22.5,0.57,48.87,8,Monsoon
2022-08-09 20:00:00,24.75,0.68,52.58,8,Monsoon
2022-08-09 21:00:00,30.0,0.85,54.8,8,Monsoon
2022-08-09 22:00:00,39.33,0.92,54.58,8,Monsoon
2022-08-09 23:00:00,40.0,0.52,44.05,8,Monsoon
2022-08-10 00:00:00,31.0,0.38,31.88,8,Monsoon
2022-08-10 01:00:00,33.0,0.55,51.15,8,Monsoon
2022-08-10 02:00:00,23.0,0.98,57.35,8,Monsoon
2022-08-10 03:00:00,22.0,0.9,54.75,8,Monsoon
2022-08-10 04:00:00,13.0,0.5,45.28,8,Monsoon
2022-08-10 05:00:00,19.0,0.92,56.45,8,Monsoon
2022-08-10 06:00:00,22.0,1.1,59.62,8,Monsoon
2022-08-10 07:00:00,27.0,1.45,61.95,8,Monsoon
2022-08-10 08:00:00,27.0,1.58,65.8,8,Monsoon
2022-08-10 09:00:00,19.0,1.98,67.18,8,Monsoon
2022-08-10 10:00:00,17.0,2.0,64.4,8,Monsoon
2022-08-10 11:00:00,18.0,2.1,64.62,8,Monsoon
2022-08-10 12:00:00,20.0,2.6,62.82,8,Monsoon
2022-08-10 13:00:00,8.0,1.78,59.18,8,Monsoon
2022-08-10 14:00:00,9.0,1.95,62.85,8,Monsoon
2022-08-10 15:00:00,13.0,1.23,66.45,8,Monsoon
2022-08-10 16:00:00,11.0,1.15,62.8,8,Monsoon
2022-08-10 17:00:00,13.0,1.4,59.05,8,Monsoon
2022-08-10 18:00:00,11.0,1.5,62.53,8,Monsoon
2022-08-10 19:00:00,12.0,1.35,56.2,8,Monsoon
2022-08-10 20:00:00,19.0,1.28,57.85,8,Monsoon
2022-08-10 21:00:00,24.0,1.35,54.95,8,Monsoon
2022-08-10 22:00:00,20.0,1.48,59.25,8,Monsoon
2022-08-10 23:00:00,24.0,1.82,59.58,8,Monsoon
2022-08-11 00:00:00,17.0,2.18,62.42,8,Monsoon
2022-08-11 01:00:00,13.0,2.2,62.4,8,Monsoon
2022-08-11 02:00:00,11.0,2.28,59.88,8,Monsoon
2022-08-11 03:00:00,12.0,2.55,60.55,8,Monsoon
2022-08-11 04:00:00,9.0,1.95,57.5,8,Monsoon
2022-08-11 05:00:00,8.0,1.52,50.03,8,Monsoon
2022-08-11 06:00:00,11.0,1.8,50.6,8,Monsoon
2022-08-11 07:00:00,13.0,2.0,48.42,8,Monsoon
2022-08-11 08:00:00,12.0,1.98,55.55,8,Monsoon
2022-08-11 09:00:00,22.0,2.15,53.2,8,Monsoon
2022-08-11 10:00:00,12.0,2.45,58.03,8,Monsoon
2022-08-11 11:00:00,8.75,2.8,61.3,8,Monsoon
2022-08-11 12:00:00,11.0,2.58,60.75,8,Monsoon
2022-08-11 13:00:00,9.0,2.0,54.7,8,Monsoon
2022-08-11 14:00:00,11.0,2.05,59.08,8,Monsoon
2022-08-11 15:00:00,13.0,2.0,61.82,8,Monsoon
2022-08-11 16:00:00,13.75,1.15,51.28,8,Monsoon
2022-08-11 17:00:00,16.0,0.78,33.02,8,Monsoon
2022-08-11 18:00:00,13.0,0.4,258.85,8,Monsoon
2022-08-11 19:00:00,13.75,0.35,15.28,8,Monsoon
2022-08-11 20:00:00,19.0,0.6,35.75,8,Monsoon
2022-08-11 21:00:00,17.5,0.52,43.5,8,Monsoon
2022-08-11 22:00:00,16.25,0.65,36.8,8,Monsoon
2022-08-11 23:00:00,20.33,0.7,45.47,8,Monsoon
2022-08-12 00:00:00,27.0,0.73,46.92,8,Monsoon
2022-08-12 01:00:00,31.0,0.62,45.77,8,Monsoon
2022-08-12 02:00:00,24.0,0.75,48.42,8,Monsoon
2022-08-12 03:00:00,22.0,0.98,52.95,8,Monsoon
2022-08-12 04:00:00,13.0,1.05,48.92,8,Monsoon
2022-08-12 05:00:00,18.0,1.42,55.6,8,Monsoon
2022-08-12 06:00:00,28.0,1.4,54.2,8,Monsoon
2022-08-12 07:00:00,28.428571428571427,1.4464285714285714,54.41071428571429,8,Monsoon
2022-08-12 08:00:00,28.857142857142858,1.4928571428571429,54.621428571428574,8,Monsoon
2022-08-12 09:00:00,29.285714285714285,1.539285714285714,54.83214285714286,8,Monsoon
2022-08-12 10:00:00,,,,8,Monsoon
2022-08-12 11:00:00,,,,8,Monsoon
2022-08-12 12:00:00,,,,8,Monsoon
2022-08-12 13:00:00,,,,8,Monsoon
2022-08-12 14:00:00,,,,8,Monsoon
2022-08-12 15:00:00,,,,8,Monsoon
2022-08-12 16:00:00,,,,8,Monsoon
2022-08-12 17:00:00,,,,8,Monsoon
2022-08-12 18:00:00,,,,8,Monsoon
2022-08-12 19:00:00,,,,8,Monsoon
2022-08-12 20:00:00,,,,8,Monsoon
2022-08-12 21:00:00,,,,8,Monsoon
2022-08-12 22:00:00,,,,8,Monsoon
2022-08-12 23:00:00,,,,8,Monsoon
2022-08-13 00:00:00,,,,8,Monsoon
2022-08-13 01:00:00,,,,8,Monsoon
2022-08-13 02:00:00,,,,8,Monsoon
2022-08-13 03:00:00,,,,8,Monsoon
2022-08-13 04:00:00,,,,8,Monsoon
2022-08-13 05:00:00,,,,8,Monsoon
2022-08-13 06:00:00,,,,8,Monsoon
2022-08-13 07:00:00,,,,8,Monsoon
2022-08-13 08:00:00,,,,8,Monsoon
2022-08-13 09:00:00,,,,8,Monsoon
2022-08-13 10:00:00,40.0,2.7,60.1,8,Monsoon
2022-08-13 11:00:00,19.0,2.05,68.82,8,Monsoon
2022-08-13 12:00:00,19.0,1.75,66.55,8,Monsoon
2022-08-13 13:00:00,35.0,1.67,68.88,8,Monsoon
2022-08-13 14:00:00,20.0,1.38,71.65,8,Monsoon
2022-08-13 15:00:00,16.0,1.72,65.82,8,Monsoon
2022-08-13 16:00:00,23.0,1.52,66.55,8,Monsoon
2022-08-13 17:00:00,12.0,1.4,60.72,8,Monsoon
2022-08-13 18:00:00,22.0,1.18,65.8,8,Monsoon
2022-08-13 19:00:00,20.0,1.0,64.28,8,Monsoon
2022-08-13 20:00:00,34.0,0.75,62.55,8,Monsoon
2022-08-13 21:00:00,31.0,0.27,68.0,8,Monsoon
2022-08-13 22:00:00,36.0,0.28,153.48,8,Monsoon
2022-08-13 23:00:00,36.0,0.18,139.18,8,Monsoon
2022-08-14 00:00:00,36.0,0.15,108.62,8,Monsoon
2022-08-14 01:00:00,36.0,0.25,160.12,8,Monsoon
2022-08-14 02:00:00,33.0,0.28,133.12,8,Monsoon
2022-08-14 03:00:00,23.0,0.82,193.15,8,Monsoon
2022-08-14 04:00:00,27.0,1.27,236.1,8,Monsoon
2022-08-14 05:00:00,25.0,1.72,232.62,8,Monsoon
2022-08-14 06:00:00,11.0,1.62,236.75,8,Monsoon
2022-08-14 07:00:00,8.0,2.5,238.28,8,Monsoon
2022-08-14 08:00:00,6.0,2.55,239.1,8,Monsoon
2022-08-14 09:00:00,5.0,1.28,237.15,8,Monsoon
2022-08-14 10:00:00,13.75,1.08,242.62,8,Monsoon
2022-08-14 11:00:00,20.0,0.55,268.68,8,Monsoon
2022-08-14 12:00:00,32.33,0.55,119.88,8,Monsoon
2022-08-14 13:00:00,47.75,1.17,192.52,8,Monsoon
2022-08-14 14:00:00,38.25,1.23,106.12,8,Monsoon
2022-08-14 15:00:00,36.0,0.98,52.35,8,Monsoon
2022-08-14 16:00:00,25.0,0.73,67.85,8,Monsoon
2022-08-14 17:00:00,18.25,0.42,49.0,8,Monsoon
2022-08-14 18:00:00,17.5,0.52,47.18,8,Monsoon
2022-08-14 19:00:00,24.0,1.0,61.32,8,Monsoon
2022-08-14 20:00:00,29.5,0.9,56.9,8,Monsoon
2022-08-14 21:00:00,25.0,0.73,53.92,8,Monsoon
2022-08-14 22:00:00,19.25,0.75,56.38,8,Monsoon
2022-08-14 23:00:00,20.0,0.8,57.75,8,Monsoon
2022-08-15 00:00:00,20.0,0.28,146.1,8,Monsoon
2022-08-15 01:00:00,23.0,0.38,211.88,8,Monsoon
2022-08-15 02:00:00,24.0,0.25,173.85,8,Monsoon
2022-08-15 03:00:00,31.0,0.65,43.55,8,Monsoon
2022-08-15 04:00:00,41.0,0.77,48.35,8,Monsoon
2022-08-15 05:00:00,28.0,1.12,49.55,8,Monsoon
2022-08-15 06:00:00,13.0,1.08,50.18,8,Monsoon
2022-08-15 07:00:00,18.0,1.08,48.15,8,Monsoon
2022-08-15 08:00:00,7.0,0.95,50.15,8,Monsoon
2022-08-15 09:00:00,23.0,0.98,48.45,8,Monsoon
2022-08-15 10:00:00,18.0,1.68,57.78,8,Monsoon
2022-08-15 11:00:00,11.25,2.05,60.95,8,Monsoon
2022-08-15 12:00:00,8.75,1.72,57.92,8,Monsoon
2022-08-15 13:00:00,8.25,1.98,58.7,8,Monsoon
2022-08-15 14:00:00,8.5,2.08,56.05,8,Monsoon
2022-08-15 15:00:00,7.0,1.18,41.02,8,Monsoon
2022-08-15 16:00:00,7.5,0.6,110.58,8,Monsoon
2022-08-15 17:00:00,8.5,0.7,92.02,8,Monsoon
2022-08-15 18:00:00,7.0,0.7,238.08,8,Monsoon
2022-08-15 19:00:00,8.5,0.2,252.15,8,Monsoon
2022-08-15 20:00:00,15.5,0.28,156.38,8,Monsoon
2022-08-15 21:00:00,26.75,0.48,234.85,8,Monsoon
2022-08-15 22:00:00,39.75,0.37,231.88,8,Monsoon
2022-08-15 23:00:00,38.5,0.15,169.7,8,Monsoon
2022-08-16 00:00:00,19.75,0.55,45.65,8,Monsoon
2022-08-16 01:00:00,19.75,0.68,43.98,8,Monsoon
2022-08-16 02:00:00,14.25,1.02,41.62,8,Monsoon
2022-08-16 03:00:00,17.5,2.7,57.0,8,Monsoon
2022-08-16 04:00:00,14.0,2.25,57.48,8,Monsoon
2022-08-16 05:00:00,8.75,1.78,54.22,8,Monsoon
2022-08-16 06:00:00,12.75,2.25,52.48,8,Monsoon
2022-08-16 07:00:00,17.5,2.7,54.62,8,Monsoon
2022-08-16 08:00:00,16.0,2.98,56.08,8,Monsoon
2022-08-16 09:00:00,15.25,3.3,57.1,8,Monsoon
2022-08-16 10:00:00,12.75,4.12,58.2,8,Monsoon
2022-08-16 11:00:00,11.75,3.65,58.25,8,Monsoon
2022-08-16 12:00:00,11.0,3.65,58.97,8,Monsoon
2022-08-16 13:00:00,12.25,3.6,55.1,8,Monsoon
2022-08-16 14:00:00,14.0,3.55,55.0,8,Monsoon
2022-08-16 15:00:00,10.25,3.62,55.92,8,Monsoon
2022-08-16 16:00:00,15.5,3.42,55.4,8,Monsoon
2022-08-16 17:00:00,11.75,2.82,61.45,8,Monsoon
2022-08-16 18:00:00,12.75,2.12,61.15,8,Monsoon
2022-08-16 19:00:00,9.75,2.35,61.82,8,Monsoon
2022-08-16 20:00:00,13.0,2.28,58.25,8,Monsoon
2022-08-16 21:00:00,14.25,2.82,61.5,8,Monsoon
2022-08-16 22:00:00,8.5,3.08,63.03,8,Monsoon
2022-08-16 23:00:00,8.75,2.78,64.95,8,Monsoon
2022-08-17 00:00:00,13.5,2.92,65.93,8,Monsoon
2022-08-17 01:00:00,11.25,2.65,65.12,8,Monsoon
2022-08-17 02:00:00,7.5,2.7,66.38,8,Monsoon
2022-08-17 03:00:00,2.75,2.65,65.32,8,Monsoon
2022-08-17 04:00:00,3.75,2.35,64.6,8,Monsoon
2022-08-17 05:00:00,10.25,2.15,64.53,8,Monsoon
2022-08-17 06:00:00,14.75,2.2,66.18,8,Monsoon
2022-08-17 07:00:00,14.25,2.2,66.7,8,Monsoon
2022-08-17 08:00:00,7.5,1.75,67.62,8,Monsoon
2022-08-17 09:00:00,11.0,2.15,65.72,8,Monsoon
2022-08-17 10:00:00,8.25,2.33,65.42,8,Monsoon
2022-08-17 11:00:00,8.75,2.25,66.7,8,Monsoon
2022-08-17 12:00:00,7.75,2.45,64.58,8,Monsoon
2022-08-17 13:00:00,7.25,2.4,66.47,8,Monsoon
2022-08-17 14:00:00,7.75,2.22,66.08,8,Monsoon
2022-08-17 15:00:00,7.25,2.15,64.18,8,Monsoon
2022-08-17 16:00:00,9.0,1.65,70.03,8,Monsoon
2022-08-17 17:00:00,11.0,1.08,77.38,8,Monsoon
2022-08-17 18:00:00,8.25,1.42,68.1,8,Monsoon
2022-08-17 19:00:00,9.75,0.8,71.65,8,Monsoon
2022-08-17 20:00:00,13.5,0.4,81.25,8,Monsoon
2022-08-17 21:00:00,19.25,0.48,83.18,8,Monsoon
2022-08-17 22:00:00,25.5,0.45,75.7,8,Monsoon
2022-08-17 23:00:00,36.5,0.3,68.97,8,Monsoon
2022-08-18 00:00:00,43.5,0.7,56.55,8,Monsoon
2022-08-18 01:00:00,32.0,0.52,74.3,8,Monsoon
2022-08-18 02:00:00,26.75,0.6,76.85,8,Monsoon
2022-08-18 03:00:00,19.0,0.65,72.5,8,Monsoon
2022-08-18 04:00:00,16.25,0.45,86.72,8,Monsoon
2022-08-18 05:00:00,15.75,0.43,136.55,8,Monsoon
2022-08-18 06:00:00,11.75,0.45,154.0,8,Monsoon
2022-08-18 07:00:00,11.0,0.38,154.22,8,Monsoon
2022-08-18 08:00:00,11.0,0.75,197.18,8,Monsoon
2022-08-18 09:00:00,9.0,0.82,180.75,8,Monsoon
2022-08-18 10:00:00,9.0,0.82,194.05,8,Monsoon
2022-08-18 11:00:00,10.75,1.38,225.12,8,Monsoon
2022-08-18 12:00:00,14.75,1.2,200.63,8,Monsoon
2022-08-18 13:00:00,12.5,1.58,216.88,8,Monsoon
2022-08-18 14:00:00,16.75,1.02,211.92,8,Monsoon
2022-08-18 15:00:00,14.25,1.67,215.98,8,Monsoon
2022-08-18 16:00:00,9.0,2.28,228.75,8,Monsoon
2022-08-18 17:00:00,9.0,1.72,223.98,8,Monsoon
2022-08-18 18:00:00,11.25,1.1,209.9,8,Monsoon
2022-08-18 19:00:00,17.0,0.95,217.15,8,Monsoon
2022-08-18 20:00:00,15.25,0.78,204.08,8,Monsoon
2022-08-18 21:00:00,20.5,1.02,216.72,8,Monsoon
2022-08-18 22:00:00,25.0,0.7,201.62,8,Monsoon
2022-08-18 23:00:00,27.5,0.78,203.63,8,Monsoon
2022-08-19 00:00:00,32.5,0.95,222.82,8,Monsoon
2022-08-19 01:00:00,22.75,1.62,223.08,8,Monsoon
2022-08-19 02:00:00,15.0,2.28,225.68,8,Monsoon
2022-08-19 03:00:00,10.75,2.1,233.58,8,Monsoon
2022-08-19 04:00:00,6.0,2.38,236.52,8,Monsoon
2022-08-19 05:00:00,3.75,1.78,232.2,8,Monsoon
2022-08-19 06:00:00,6.5,2.12,231.7,8,Monsoon
2022-08-19 07:00:00,7.75,2.82,235.48,8,Monsoon
2022-08-19 08:00:00,8.5,3.1,234.23,8,Monsoon
2022-08-19 09:00:00,12.75,2.85,239.32,8,Monsoon
2022-08-19 10:00:00,11.75,2.78,237.22,8,Monsoon
2022-08-19 11:00:00,12.25,2.62,244.77,8,Monsoon
2022-08-19 12:00:00,15.25,2.97,242.62,8,Monsoon
2022-08-19 13:00:00,12.75,3.35,242.35,8,Monsoon
2022-08-19 14:00:00,12.5,3.3,243.28,8,Monsoon
2022-08-19 15:00:00,14.0,3.18,242.65,8,Monsoon
2022-08-19 16:00:00,14.0,3.25,250.25,8,Monsoon
2022-08-19 17:00:00,12.75,2.92,244.68,8,Monsoon
2022-08-19 18:00:00,9.0,2.52,246.8,8,Monsoon
2022-08-19 19:00:00,10.0,1.88,244.0,8,Monsoon
2022-08-19 20:00:00,13.75,1.4,243.73,8,Monsoon
2022-08-19 21:00:00,17.75,1.55,237.45,8,Monsoon
2022-08-19 22:00:00,22.75,0.85,247.75,8,Monsoon
2022-08-19 23:00:00,20.5,0.62,230.02,8,Monsoon
2022-08-20 00:00:00,17.75,0.98,222.82,8,Monsoon
2022-08-20 01:00:00,21.25,1.0,253.25,8,Monsoon
2022-08-20 02:00:00,16.75,0.65,241.38,8,Monsoon
2022-08-20 03:00:00,19.0,0.98,236.15,8,Monsoon
2022-08-20 04:00:00,20.0,1.42,232.55,8,Monsoon
2022-08-20 05:00:00,11.0,1.35,240.12,8,Monsoon
2022-08-20 06:00:00,12.0,1.48,242.88,8,Monsoon
2022-08-20 07:00:00,18.0,1.48,229.55,8,Monsoon
2022-08-20 08:00:00,34.0,1.55,240.05,8,Monsoon
2022-08-20 09:00:00,24.0,2.02,243.02,8,Monsoon
2022-08-20 10:00:00,24.0,1.92,237.68,8,Monsoon
2022-08-20 11:00:00,25.0,0.9,217.58,8,Monsoon
2022-08-20 12:00:00,29.0,1.18,239.42,8,Monsoon
2022-08-20 13:00:00,28.0,0.65,168.58,8,Monsoon
2022-08-20 14:00:00,23.0,1.3,240.2,8,Monsoon
2022-08-20 15:00:00,45.0,0.8,256.15,8,Monsoon
2022-08-20 16:00:00,44.0,0.8,253.82,8,Monsoon
2022-08-20 17:00:00,33.0,1.0,229.98,8,Monsoon
2022-08-20 18:00:00,35.0,0.38,184.1,8,Monsoon
2022-08-20 19:00:00,46.0,0.33,226.65,8,Monsoon
2022-08-20 20:00:00,41.0,0.3,225.2,8,Monsoon
2022-08-20 21:00:00,46.0,0.12,274.62,8,Monsoon
2022-08-20 22:00:00,57.0,0.18,122.78,8,Monsoon
2022-08-20 23:00:00,55.0,0.52,240.35,8,Monsoon
2022-08-21 00:00:00,53.0,0.62,250.6,8,Monsoon
2022-08-21 01:00:00,55.0,0.92,250.0,8,Monsoon
2022-08-21 02:00:00,46.0,1.05,248.05,8,Monsoon
2022-08-21 03:00:00,52.0,0.18,226.15,8,Monsoon
2022-08-21 04:00:00,50.0,0.62,250.45,8,Monsoon
2022-08-21 05:00:00,46.0,0.7,256.27,8,Monsoon
2022-08-21 06:00:00,62.0,1.18,244.55,8,Monsoon
2022-08-21 07:00:00,66.0,1.83,242.6,8,Monsoon
2022-08-21 08:00:00,61.0,1.92,245.6,8,Monsoon
2022-08-21 09:00:00,48.0,1.42,243.7,8,Monsoon
2022-08-21 10:00:00,33.0,1.27,249.92,8,Monsoon
2022-08-21 11:00:00,39.0,0.88,251.0,8,Monsoon
2022-08-21 12:00:00,38.0,1.5,241.42,8,Monsoon
2022-08-21 13:00:00,39.0,1.62,240.32,8,Monsoon
2022-08-21 14:00:00,40.0,2.22,246.2,8,Monsoon
2022-08-21 15:00:00,36.0,1.85,254.92,8,Monsoon
2022-08-21 16:00:00,25.0,0.38,204.97,8,Monsoon
2022-08-21 17:00:00,35.0,0.28,155.57,8,Monsoon
2022-08-21 18:00:00,30.33,0.2,126.98,8,Monsoon
2022-08-21 19:00:00,32.0,0.52,233.9,8,Monsoon
2022-08-21 20:00:00,42.0,0.88,239.35,8,Monsoon
2022-08-21 21:00:00,45.75,0.95,242.65,8,Monsoon
2022-08-21 22:00:00,48.0,0.52,238.78,8,Monsoon
2022-08-21 23:00:00,46.5,0.95,244.35,8,Monsoon
2022-08-22 00:00:00,43.0,0.7,238.15,8,Monsoon
2022-08-22 01:00:00,44.0,0.95,244.8,8,Monsoon
2022-08-22 02:00:00,38.0,1.12,248.4,8,Monsoon
2022-08-22 03:00:00,38.5,0.92,246.72,8,Monsoon
2022-08-22 04:00:00,41.75,0.27,205.02,8,Monsoon
2022-08-22 05:00:00,49.25,0.37,174.12,8,Monsoon
2022-08-22 06:00:00,54.5,0.4,162.95,8,Monsoon
2022-08-22 07:00:00,52.25,0.68,32.52,8,Monsoon
2022-08-22 08:00:00,56.25,1.88,59.58,8,Monsoon
2022-08-22 09:00:00,43.5,1.8,65.18,8,Monsoon
2022-08-22 10:00:00,30.75,1.28,60.72,8,Monsoon
2022-08-22 11:00:00,29.5,1.75,64.65,8,Monsoon
2022-08-22 12:00:00,18.75,2.15,59.72,8,Monsoon
2022-08-22 13:00:00,16.75,2.38,57.7,8,Monsoon
2022-08-22 14:00:00,13.0,2.25,59.18,8,Monsoon
2022-08-22 15:00:00,14.0,2.0,54.3,8,Monsoon
2022-08-22 16:00:00,17.25,1.7,54.95,8,Monsoon
2022-08-22 17:00:00,17.75,1.35,59.25,8,Monsoon
2022-08-22 18:00:00,19.75,0.75,57.53,8,Monsoon
2022-08-22 19:00:00,28.5,1.05,46.25,8,Monsoon
2022-08-22 20:00:00,30.25,1.08,49.12,8,Monsoon
2022-08-22 21:00:00,28.25,1.6,50.37,8,Monsoon
2022-08-22 22:00:00,20.0,1.98,55.4,8,Monsoon
2022-08-22 23:00:00,20.0,1.98,55.9,8,Monsoon
2022-08-23 00:00:00,20.0,2.62,57.02,8,Monsoon
2022-08-23 01:00:00,19.5,2.02,57.08,8,Monsoon
2022-08-23 02:00:00,19.5,2.02,54.65,8,Monsoon
2022-08-23 03:00:00,24.0,2.2,52.65,8,Monsoon
2022-08-23 04:00:00,25.0,2.35,58.7,8,Monsoon
2022-08-23 05:00:00,28.0,2.62,58.2,8,Monsoon
2022-08-23 06:00:00,27.75,2.62,58.32,8,Monsoon
2022-08-23 07:00:00,27.75,2.78,58.18,8,Monsoon
2022-08-23 08:00:00,31.5,2.85,55.72,8,Monsoon
2022-08-23 09:00:00,36.75,2.52,56.8,8,Monsoon
2022-08-23 10:00:00,38.75,2.92,59.28,8,Monsoon
2022-08-23 11:00:00,37.25,3.12,57.4,8,Monsoon
2022-08-23 12:00:00,31.75,3.55,60.8,8,Monsoon
2022-08-23 13:00:00,18.5,3.95,64.15,8,Monsoon
2022-08-23 14:00:00,8.0,3.88,67.18,8,Monsoon
2022-08-23 15:00:00,8.5335,3.7695,67.156,8,Monsoon
2022-08-23 16:00:00,9.067,3.659,67.132,8,Monsoon
2022-08-23 17:00:00,9.6005,3.5485,67.108,8,Monsoon
2022-08-23 18:00:00,,,,8,Monsoon
2022-08-23 19:00:00,,,,8,Monsoon
2022-08-23 20:00:00,,,,8,Monsoon
2022-08-23 21:00:00,,,,8,Monsoon
2022-08-23 22:00:00,,,,8,Monsoon
2022-08-23 23:00:00,,,,8,Monsoon
2022-08-24 00:00:00,,,,8,Monsoon
2022-08-24 01:00:00,,,,8,Monsoon
2022-08-24 02:00:00,,,,8,Monsoon
2022-08-24 03:00:00,,,,8,Monsoon
2022-08-24 04:00:00,,,,8,Monsoon
2022-08-24 05:00:00,,,,8,Monsoon
2022-08-24 06:00:00,,,,8,Monsoon
2022-08-24 07:00:00,,,,8,Monsoon
2022-08-24 08:00:00,,,,8,Monsoon
2022-08-24 09:00:00,,,,8,Monsoon
2022-08-24 10:00:00,18.67,1.67,66.7,8,Monsoon
2022-08-24 11:00:00,16.5,1.95,64.1,8,Monsoon
2022-08-24 12:00:00,12.5,2.35,66.55,8,Monsoon
2022-08-24 13:00:00,17.25,1.62,50.0,8,Monsoon
2022-08-24 14:00:00,25.75,1.38,66.03,8,Monsoon
2022-08-24 15:00:00,21.5,0.55,170.88,8,Monsoon
2022-08-24 16:00:00,22.5,0.78,47.6,8,Monsoon
2022-08-24 17:00:00,29.75,1.35,67.78,8,Monsoon
2022-08-24 18:00:00,28.0,1.58,63.88,8,Monsoon
2022-08-24 19:00:00,24.25,1.25,65.42,8,Monsoon
2022-08-24 20:00:00,23.25,1.28,65.68,8,Monsoon
2022-08-24 21:00:00,26.5,1.08,63.38,8,Monsoon
2022-08-24 22:00:00,25.5,0.88,64.72,8,Monsoon
2022-08-24 23:00:00,26.0,0.6,64.85,8,Monsoon
2022-08-25 00:00:00,24.25,0.57,57.8,8,Monsoon
2022-08-25 01:00:00,25.25,0.35,115.75,8,Monsoon
2022-08-25 02:00:00,19.75,0.32,121.25,8,Monsoon
2022-08-25 03:00:00,26.5,0.32,105.42,8,Monsoon
2022-08-25 04:00:00,21.25,0.32,127.2,8,Monsoon
2022-08-25 05:00:00,21.5,0.35,125.85,8,Monsoon
2022-08-25 06:00:00,28.0,0.62,178.15,8,Monsoon
2022-08-25 07:00:00,27.0,1.48,227.8,8,Monsoon
2022-08-25 08:00:00,30.25,1.38,231.08,8,Monsoon
2022-08-25 09:00:00,21.0,0.48,188.73,8,Monsoon
2022-08-25 10:00:00,20.25,0.4,112.67,8,Monsoon
2022-08-25 11:00:00,28.0,0.37,153.22,8,Monsoon
2022-08-25 12:00:00,32.0,0.27,132.98,8,Monsoon
2022-08-25 13:00:00,35.25,0.72,235.7,8,Monsoon
2022-08-25 14:00:00,40.0,0.62,111.38,8,Monsoon
2022-08-25 15:00:00,50.25,0.3,43.6,8,Monsoon
2022-08-25 16:00:00,44.75,0.38,120.62,8,Monsoon
2022-08-25 17:00:00,41.5,0.4,235.12,8,Monsoon
2022-08-25 18:00:00,34.25,0.97,223.9,8,Monsoon
2022-08-25 19:00:00,35.25,0.17,132.3,8,Monsoon
2022-08-25 20:00:00,37.25,0.28,70.2,8,Monsoon
2022-08-25 21:00:00,43.25,0.42,52.15,8,Monsoon
2022-08-25 22:00:00,44.5,0.22,166.05,8,Monsoon
2022-08-25 23:00:00,30.5,0.37,179.95,8,Monsoon
2022-08-26 00:00:00,37.5,0.25,230.3,8,Monsoon
2022-08-26 01:00:00,36.0,1.0,231.1,8,Monsoon
2022-08-26 02:00:00,39.0,1.25,240.28,8,Monsoon
2022-08-26 03:00:00,47.75,1.3,230.32,8,Monsoon
2022-08-26 04:00:00,41.5,1.5,231.42,8,Monsoon
2022-08-26 05:00:00,24.5,1.45,234.58,8,Monsoon
2022-08-26 06:00:00,24.5,1.58,231.0,8,Monsoon
2022-08-26 07:00:00,27.5,1.9,224.7,8,Monsoon
2022-08-26 08:00:00,22.75,2.42,236.47,8,Monsoon
2022-08-26 09:00:00,24.25,2.52,234.65,8,Monsoon
2022-08-26 10:00:00,30.0,2.35,245.12,8,Monsoon
2022-08-26 11:00:00,27.25,2.75,248.82,8,Monsoon
2022-08-26 12:00:00,27.75,2.7,244.6,8,Monsoon
2022-08-26 13:00:00,27.0,3.45,242.42,8,Monsoon
2022-08-26 14:00:00,26.0,2.72,253.22,8,Monsoon
2022-08-26 15:00:00,23.5,2.85,242.22,8,Monsoon
2022-08-26 16:00:00,22.25,2.55,250.68,8,Monsoon
2022-08-26 17:00:00,15.5,2.6,242.6,8,Monsoon
2022-08-26 18:00:00,19.5,2.08,241.42,8,Monsoon
2022-08-26 19:00:00,19.0,2.2,238.05,8,Monsoon
2022-08-26 20:00:00,22.5,1.68,238.9,8,Monsoon
2022-08-26 21:00:00,25.0,1.78,236.8,8,Monsoon
2022-08-26 22:00:00,29.25,1.88,241.12,8,Monsoon
2022-08-26 23:00:00,29.75,1.65,241.25,8,Monsoon
2022-08-27 00:00:00,22.75,1.68,244.6,8,Monsoon
2022-08-27 01:00:00,30.0,2.03,239.25,8,Monsoon
2022-08-27 02:00:00,27.25,2.22,237.73,8,Monsoon
2022-08-27 03:00:00,25.0,2.22,236.65,8,Monsoon
2022-08-27 04:00:00,25.5,2.25,232.98,8,Monsoon
2022-08-27 05:00:00,25.75,2.25,227.78,8,Monsoon
2022-08-27 06:00:00,22.25,1.92,229.5,8,Monsoon
2022-08-27 07:00:00,23.5,2.52,230.58,8,Monsoon
2022-08-27 08:00:00,23.75,3.18,237.02,8,Monsoon
2022-08-27 09:00:00,20.5,3.35,236.65,8,Monsoon
2022-08-27 10:00:00,22.75,3.6,239.22,8,Monsoon
2022-08-27 11:00:00,25.5,3.52,248.08,8,Monsoon
2022-08-27 12:00:00,27.5,3.32,245.8,8,Monsoon
2022-08-27 13:00:00,29.25,3.35,242.4,8,Monsoon
2022-08-27 14:00:00,31.25,3.1,239.98,8,Monsoon
2022-08-27 15:00:00,34.5,2.95,246.5,8,Monsoon
2022-08-27 16:00:00,33.25,3.02,248.75,8,Monsoon
2022-08-27 17:00:00,30.5,2.85,242.95,8,Monsoon
2022-08-27 18:00:00,20.75,2.72,241.42,8,Monsoon
2022-08-27 19:00:00,23.25,3.02,236.8,8,Monsoon
2022-08-27 20:00:00,23.75,1.75,239.1,8,Monsoon
2022-08-27 21:00:00,25.0,1.55,238.75,8,Monsoon
2022-08-27 22:00:00,30.5,1.5,236.02,8,Monsoon
2022-08-27 23:00:00,28.5,1.48,237.25,8,Monsoon
2022-08-28 00:00:00,27.25,1.35,225.42,8,Monsoon
2022-08-28 01:00:00,28.25,1.68,222.08,8,Monsoon
2022-08-28 02:00:00,28.5,1.95,221.27,8,Monsoon
2022-08-28 03:00:00,26.5,2.1,227.48,8,Monsoon
2022-08-28 04:00:00,24.75,2.25,227.38,8,Monsoon
2022-08-28 05:00:00,25.5,2.5,230.7,8,Monsoon
2022-08-28 06:00:00,29.5,2.6,230.65,8,Monsoon
2022-08-28 07:00:00,28.25,2.98,229.18,8,Monsoon
2022-08-28 08:00:00,28.0,3.12,223.08,8,Monsoon
2022-08-28 09:00:00,26.0,3.22,230.1,8,Monsoon
2022-08-28 10:00:00,28.5,3.55,233.85,8,Monsoon
2022-08-28 11:00:00,27.0,3.45,233.42,8,Monsoon
2022-08-28 12:00:00,28.0,3.38,240.75,8,Monsoon
2022-08-28 13:00:00,29.5,3.2,246.75,8,Monsoon
2022-08-28 14:00:00,26.0,2.45,240.03,8,Monsoon
2022-08-28 15:00:00,28.5,2.35,244.68,8,Monsoon
2022-08-28 16:00:00,27.0,2.3,241.32,8,Monsoon
2022-08-28 17:00:00,27.25,1.95,241.98,8,Monsoon
2022-08-28 18:00:00,28.25,1.55,247.05,8,Monsoon
2022-08-28 19:00:00,30.5,1.2,244.48,8,Monsoon
2022-08-28 20:00:00,36.5,0.43,273.5,8,Monsoon
2022-08-28 21:00:00,41.0,0.23,224.22,8,Monsoon
2022-08-28 22:00:00,45.0,0.2,111.92,8,Monsoon
2022-08-28 23:00:00,46.0,0.3,108.88,8,Monsoon
2022-08-29 00:00:00,42.0,1.35,211.65,8,Monsoon
2022-08-29 01:00:00,31.0,1.48,225.65,8,Monsoon
2022-08-29 02:00:00,28.0,1.25,226.3,8,Monsoon
2022-08-29 03:00:00,29.0,1.65,227.02,8,Monsoon
2022-08-29 04:00:00,27.0,1.52,228.18,8,Monsoon
2022-08-29 05:00:00,31.0,1.55,234.02,8,Monsoon
2022-08-29 06:00:00,28.0,1.42,233.02,8,Monsoon
2022-08-29 07:00:00,28.0,1.65,229.6,8,Monsoon
2022-08-29 08:00:00,36.0,2.22,234.98,8,Monsoon
2022-08-29 09:00:00,31.0,2.5,235.45,8,Monsoon
2022-08-29 10:00:00,34.0,2.05,244.8,8,Monsoon
2022-08-29 11:00:00,35.0,1.55,242.95,8,Monsoon
2022-08-29 12:00:00,31.0,0.95,258.0,8,Monsoon
2022-08-29 13:00:00,38.0,1.12,249.08,8,Monsoon
2022-08-29 14:00:00,46.0,1.35,234.32,8,Monsoon
2022-08-29 15:00:00,42.0,1.38,238.98,8,Monsoon
2022-08-29 16:00:00,39.0,1.88,241.55,8,Monsoon
2022-08-29 17:00:00,44.0,1.5,203.92,8,Monsoon
2022-08-29 18:00:00,38.0,1.4,73.72,8,Monsoon
2022-08-29 19:00:00,41.0,1.4,68.12,8,Monsoon
2022-08-29 20:00:00,34.0,1.52,67.53,8,Monsoon
2022-08-29 21:00:00,36.0,0.6,123.6,8,Monsoon
2022-08-29 22:00:00,33.0,0.48,193.6,8,Monsoon
2022-08-29 23:00:00,30.0,0.48,183.23,8,Monsoon
2022-08-30 00:00:00,34.0,0.23,192.9,8,Monsoon
2022-08-30 01:00:00,31.0,0.28,161.65,8,Monsoon
2022-08-30 02:00:00,28.0,0.43,86.35,8,Monsoon
2022-08-30 03:00:00,36.0,0.35,45.18,8,Monsoon
2022-08-30 04:00:00,33.0,0.25,76.0,8,Monsoon
2022-08-30 05:00:00,29.0,0.1,230.58,8,Monsoon
2022-08-30 06:00:00,28.0,0.25,34.55,8,Monsoon
2022-08-30 07:00:00,34.0,0.68,241.77,8,Monsoon
2022-08-30 08:00:00,40.0,0.48,149.55,8,Monsoon
2022-08-30 09:00:00,48.0,0.65,246.85,8,Monsoon
2022-08-30 10:00:00,45.0,0.62,218.9,8,Monsoon
2022-08-30 11:00:00,48.0,1.2,247.73,8,Monsoon
2022-08-30 12:00:00,55.0,1.68,112.42,8,Monsoon
2022-08-30 13:00:00,57.0,0.85,106.88,8,Monsoon
2022-08-30 14:00:00,46.0,0.7,157.95,8,Monsoon
2022-08-30 15:00:00,56.0,0.3,165.4,8,Monsoon
2022-08-30 16:00:00,46.0,0.57,256.4,8,Monsoon
2022-08-30 17:00:00,40.0,2.15,211.65,8,Monsoon
2022-08-30 18:00:00,44.0,1.42,202.28,8,Monsoon
2022-08-30 19:00:00,23.0,1.17,203.25,8,Monsoon
2022-08-30 20:00:00,31.0,0.6,214.82,8,Monsoon
2022-08-30 21:00:00,38.0,0.72,219.08,8,Monsoon
2022-08-30 22:00:00,55.0,1.05,242.42,8,Monsoon
2022-08-30 23:00:00,50.0,1.08,238.28,8,Monsoon
2022-08-31 00:00:00,44.0,0.95,241.15,8,Monsoon
2022-08-31 01:00:00,47.0,1.12,237.2,8,Monsoon
2022-08-31 02:00:00,38.0,0.92,243.82,8,Monsoon
2022-08-31 03:00:00,33.0,0.78,255.52,8,Monsoon
2022-08-31 04:00:00,30.0,0.62,251.55,8,Monsoon
2022-08-31 05:00:00,31.0,0.57,234.68,8,Monsoon
2022-08-31 06:00:00,31.0,0.68,212.75,8,Monsoon
2022-08-31 07:00:00,41.0,1.58,226.15,8,Monsoon
2022-08-31 08:00:00,31.0,1.95,235.6,8,Monsoon
2022-08-31 09:00:00,29.0,1.83,230.98,8,Monsoon
2022-08-31 10:00:00,33.0,1.4,228.88,8,Monsoon
2022-08-31 11:00:00,31.0,1.38,224.02,8,Monsoon
2022-08-31 12:00:00,27.0,1.7,229.82,8,Monsoon
2022-08-31 13:00:00,30.0,2.2,229.35,8,Monsoon
2022-08-31 14:00:00,29.0,2.52,238.78,8,Monsoon
2022-08-31 15:00:00,27.0,2.5,242.02,8,Monsoon
2022-08-31 16:00:00,18.0,2.35,255.05,8,Monsoon
2022-08-31 17:00:00,29.0,3.15,250.08,8,Monsoon
2022-08-31 18:00:00,33.0,2.25,246.45,8,Monsoon
2022-08-31 19:00:00,29.0,1.27,249.65,8,Monsoon
2022-08-31 20:00:00,31.0,1.15,244.82,8,Monsoon
2022-08-31 21:00:00,33.0,0.45,249.38,8,Monsoon
2022-08-31 22:00:00,36.0,0.4,259.15,8,Monsoon
2022-08-31 23:00:00,46.0,0.78,242.15,8,Monsoon
2022-09-01 00:00:00,48.0,0.95,254.58,9,Monsoon
2022-09-01 01:00:00,55.0,1.23,233.3,9,Monsoon
2022-09-01 02:00:00,46.0,1.05,235.08,9,Monsoon
2022-09-01 03:00:00,39.0,0.75,246.52,9,Monsoon
2022-09-01 04:00:00,28.0,0.68,240.25,9,Monsoon
2022-09-01 05:00:00,29.0,0.57,237.85,9,Monsoon
2022-09-01 06:00:00,32.0,0.73,236.78,9,Monsoon
2022-09-01 07:00:00,34.75,1.67,221.35,9,Monsoon
2022-09-01 08:00:00,31.5,1.88,236.15,9,Monsoon
2022-09-01 09:00:00,25.5,1.92,239.58,9,Monsoon
2022-09-01 10:00:00,30.0,1.78,247.4,9,Monsoon
2022-09-01 11:00:00,30.0,1.25,234.13,9,Monsoon
2022-09-01 12:00:00,32.25,1.33,240.92,9,Monsoon
2022-09-01 13:00:00,38.75,1.85,247.62,9,Monsoon
2022-09-01 14:00:00,37.5,1.85,241.08,9,Monsoon
2022-09-01 15:00:00,36.0,2.0,243.65,9,Monsoon
2022-09-01 16:00:00,34.0,1.98,246.3,9,Monsoon
2022-09-01 17:00:00,29.25,1.8,243.42,9,Monsoon
2022-09-01 18:00:00,32.5,1.32,244.58,9,Monsoon
2022-09-01 19:00:00,32.25,0.57,247.28,9,Monsoon
2022-09-01 20:00:00,39.0,1.3,231.5,9,Monsoon
2022-09-01 21:00:00,43.5,1.45,225.9,9,Monsoon
2022-09-01 22:00:00,27.0,1.8,236.3,9,Monsoon
2022-09-01 23:00:00,17.0,1.2,239.48,9,Monsoon
2022-09-02 00:00:00,15.0,0.25,247.8,9,Monsoon
2022-09-02 01:00:00,19.25,0.45,157.52,9,Monsoon
2022-09-02 02:00:00,24.25,0.72,204.98,9,Monsoon
2022-09-02 03:00:00,27.25,0.25,213.82,9,Monsoon
2022-09-02 04:00:00,27.5,0.45,204.02,9,Monsoon
2022-09-02 05:00:00,34.75,0.7,200.75,9,Monsoon
2022-09-02 06:00:00,35.0,1.08,234.05,9,Monsoon
2022-09-02 07:00:00,36.0,1.62,238.5,9,Monsoon
2022-09-02 08:00:00,29.25,0.95,245.15,9,Monsoon
2022-09-02 09:00:00,27.25,0.72,230.25,9,Monsoon
2022-09-02 10:00:00,29.25,0.92,196.38,9,Monsoon
2022-09-02 11:00:00,33.75,1.25,200.35,9,Monsoon
2022-09-02 12:00:00,36.5,0.78,117.02,9,Monsoon
2022-09-02 13:00:00,36.75,1.1,50.9,9,Monsoon
2022-09-02 14:00:00,34.5,1.68,71.82,9,Monsoon
2022-09-02 15:00:00,41.25,0.23,51.15,9,Monsoon
2022-09-02 16:00:00,45.75,0.3,269.15,9,Monsoon
2022-09-02 17:00:00,40.25,0.38,23.85,9,Monsoon
2022-09-02 18:00:00,47.5,0.55,45.15,9,Monsoon
2022-09-02 19:00:00,57.75,0.42,111.38,9,Monsoon
2022-09-02 20:00:00,58.75,0.4,57.7,9,Monsoon
2022-09-02 21:00:00,67.25,0.28,72.18,9,Monsoon
2022-09-02 22:00:00,76.0,0.2,208.4,9,Monsoon
2022-09-02 23:00:00,66.0,0.5,227.55,9,Monsoon
2022-09-03 00:00:00,45.0,0.48,245.1,9,Monsoon
2022-09-03 01:00:00,45.5,0.52,246.2,9,Monsoon
2022-09-03 02:00:00,45.25,0.68,229.78,9,Monsoon
2022-09-03 03:00:00,37.75,1.38,223.88,9,Monsoon
2022-09-03 04:00:00,30.0,1.65,222.0,9,Monsoon
2022-09-03 05:00:00,27.0,1.62,222.02,9,Monsoon
2022-09-03 06:00:00,25.75,1.88,220.95,9,Monsoon
2022-09-03 07:00:00,22.5,2.05,224.18,9,Monsoon
2022-09-03 08:00:00,22.75,2.95,238.55,9,Monsoon
2022-09-03 09:00:00,18.5,3.38,241.38,9,Monsoon
2022-09-03 10:00:00,16.25,3.8,242.58,9,Monsoon
2022-09-03 11:00:00,14.0,2.98,249.03,9,Monsoon
2022-09-03 12:00:00,15.0,2.9,245.92,9,Monsoon
2022-09-03 13:00:00,17.5,2.88,236.65,9,Monsoon
2022-09-03 14:00:00,15.5,3.68,229.95,9,Monsoon
2022-09-03 15:00:00,14.0,3.45,235.58,9,Monsoon
2022-09-03 16:00:00,13.75,3.38,238.42,9,Monsoon
2022-09-03 17:00:00,13.75,3.15,235.25,9,Monsoon
2022-09-03 18:00:00,15.5,1.82,237.45,9,Monsoon
2022-09-03 19:00:00,15.25,0.82,240.22,9,Monsoon
2022-09-03 20:00:00,21.25,0.22,281.55,9,Monsoon
2022-09-03 21:00:00,28.75,0.1,201.88,9,Monsoon
2022-09-03 22:00:00,33.75,0.3,273.95,9,Monsoon
2022-09-03 23:00:00,38.75,0.95,248.18,9,Monsoon
2022-09-04 00:00:00,27.25,1.42,225.32,9,Monsoon
2022-09-04 01:00:00,22.0,1.38,237.78,9,Monsoon
2022-09-04 02:00:00,21.5,1.85,233.02,9,Monsoon
2022-09-04 03:00:00,18.5,2.15,228.88,9,Monsoon
2022-09-04 04:00:00,15.25,1.72,226.6,9,Monsoon
2022-09-04 05:00:00,18.5,1.85,234.78,9,Monsoon
2022-09-04 06:00:00,16.0,2.05,226.08,9,Monsoon
2022-09-04 07:00:00,13.0,2.47,225.98,9,Monsoon
2022-09-04 08:00:00,14.0,3.03,223.77,9,Monsoon
2022-09-04 09:00:00,17.25,3.25,227.75,9,Monsoon
2022-09-04 10:00:00,16.5,2.72,228.28,9,Monsoon
2022-09-04 11:00:00,13.0,2.62,236.35,9,Monsoon
2022-09-04 12:00:00,15.5,1.85,218.62,9,Monsoon
2022-09-04 13:00:00,13.25,1.5,222.4,9,Monsoon
2022-09-04 14:00:00,11.5,0.98,191.22,9,Monsoon
2022-09-04 15:00:00,14.25,0.8,199.52,9,Monsoon
2022-09-04 16:00:00,16.5,0.8,201.85,9,Monsoon
2022-09-04 17:00:00,11.75,1.72,232.62,9,Monsoon
2022-09-04 18:00:00,12.25,1.18,248.42,9,Monsoon
2022-09-04 19:00:00,16.75,0.15,208.55,9,Monsoon
2022-09-04 20:00:00,20.5,0.28,61.22,9,Monsoon
2022-09-04 21:00:00,25.0,0.25,297.3,9,Monsoon
2022-09-04 22:00:00,27.0,0.38,255.08,9,Monsoon
2022-09-04 23:00:00,32.25,0.4,263.2,9,Monsoon
2022-09-05 00:00:00,26.5,1.4,222.05,9,Monsoon
2022-09-05 01:00:00,15.5,2.17,224.7,9,Monsoon
2022-09-05 02:00:00,14.0,2.05,227.35,9,Monsoon
2022-09-05 03:00:00,13.75,1.48,233.48,9,Monsoon
2022-09-05 04:00:00,13.25,1.15,238.52,9,Monsoon
2022-09-05 05:00:00,14.5,0.85,248.88,9,Monsoon
2022-09-05 06:00:00,15.5,1.1,221.9,9,Monsoon
2022-09-05 07:00:00,14.5,1.93,232.73,9,Monsoon
2022-09-05 08:00:00,15.5,2.4,230.62,9,Monsoon
2022-09-05 09:00:00,15.0,2.35,233.25,9,Monsoon
2022-09-05 10:00:00,17.75,2.12,230.92,9,Monsoon
2022-09-05 11:00:00,16.75,1.58,224.82,9,Monsoon
2022-09-05 12:00:00,16.5,1.68,240.2,9,Monsoon
2022-09-05 13:00:00,17.75,1.45,232.05,9,Monsoon
2022-09-05 14:00:00,16.75,1.45,225.7,9,Monsoon
2022-09-05 15:00:00,16.0,0.98,203.1,9,Monsoon
2022-09-05 16:00:00,17.0,1.3,215.28,9,Monsoon
2022-09-05 17:00:00,20.5,1.8,233.32,9,Monsoon
2022-09-05 18:00:00,20.5,1.48,245.1,9,Monsoon
2022-09-05 19:00:00,16.75,1.25,247.22,9,Monsoon
2022-09-05 20:00:00,23.25,1.1,240.4,9,Monsoon
2022-09-05 21:00:00,35.25,0.27,240.28,9,Monsoon
2022-09-05 22:00:00,33.5,0.13,181.65,9,Monsoon
2022-09-05 23:00:00,35.0,0.15,105.88,9,Monsoon
2022-09-06 00:00:00,35.0,0.32,165.4,9,Monsoon
2022-09-06 01:00:00,34.0,0.2,162.4,9,Monsoon
2022-09-06 02:00:00,36.5,0.32,144.8,9,Monsoon
2022-09-06 03:00:00,51.75,0.62,216.27,9,Monsoon
2022-09-06 04:00:00,46.0,0.8,240.32,9,Monsoon
2022-09-06 05:00:00,38.5,0.75,222.18,9,Monsoon
2022-09-06 06:00:00,32.25,0.95,227.65,9,Monsoon
2022-09-06 07:00:00,26.5,1.68,232.2,9,Monsoon
2022-09-06 08:00:00,23.75,1.52,231.9,9,Monsoon
2022-09-06 09:00:00,20.5,1.42,231.6,9,Monsoon
2022-09-06 10:00:00,23.5,1.58,238.22,9,Monsoon
2022-09-06 11:00:00,28.0,1.35,245.68,9,Monsoon
2022-09-06 12:00:00,31.0,1.63,242.48,9,Monsoon
2022-09-06 13:00:00,25.75,1.55,251.1,9,Monsoon
2022-09-06 14:00:00,28.0,1.75,253.45,9,Monsoon
2022-09-06 15:00:00,27.0,1.35,186.82,9,Monsoon
2022-09-06 16:00:00,23.5,1.58,254.25,9,Monsoon
2022-09-06 17:00:00,21.25,1.52,247.95,9,Monsoon
2022-09-06 18:00:00,21.25,1.35,249.58,9,Monsoon
2022-09-06 19:00:00,28.75,0.82,184.08,9,Monsoon
2022-09-06 20:00:00,30.5,0.2,200.02,9,Monsoon
2022-09-06 21:00:00,28.5,0.22,197.2,9,Monsoon
2022-09-06 22:00:00,28.5,0.57,224.25,9,Monsoon
2022-09-06 23:00:00,33.0,0.45,224.78,9,Monsoon
2022-09-07 00:00:00,31.75,0.18,81.03,9,Monsoon
2022-09-07 01:00:00,28.0,0.2,200.23,9,Monsoon
2022-09-07 02:00:00,27.75,0.12,237.95,9,Monsoon
2022-09-07 03:00:00,26.5,0.2,167.95,9,Monsoon
2022-09-07 04:00:00,26.25,0.25,231.42,9,Monsoon
2022-09-07 05:00:00,29.75,0.15,173.42,9,Monsoon
2022-09-07 06:00:00,29.0,0.3,217.3,9,Monsoon
2022-09-07 07:00:00,32.25,0.57,245.02,9,Monsoon
2022-09-07 08:00:00,39.25,0.4,198.28,9,Monsoon
2022-09-07 09:00:00,33.5,1.08,233.73,9,Monsoon
2022-09-07 10:00:00,40.75,1.12,231.92,9,Monsoon
2022-09-07 11:00:00,38.75,1.15,243.55,9,Monsoon
2022-09-07 12:00:00,34.75,1.65,254.1,9,Monsoon
2022-09-07 13:00:00,35.0,0.92,237.62,9,Monsoon
2022-09-07 14:00:00,36.75,1.68,244.3,9,Monsoon
2022-09-07 15:00:00,33.75,1.3,253.88,9,Monsoon
2022-09-07 16:00:00,34.25,1.28,242.5,9,Monsoon
2022-09-07 17:00:00,31.25,0.2,232.4,9,Monsoon
2022-09-07 18:00:00,38.5,0.18,131.9,9,Monsoon
2022-09-07 19:00:00,37.75,0.22,175.98,9,Monsoon
2022-09-07 20:00:00,34.25,0.1,185.18,9,Monsoon
2022-09-07 21:00:00,46.0,0.12,187.55,9,Monsoon
2022-09-07 22:00:00,51.0,0.17,226.25,9,Monsoon
2022-09-07 23:00:00,48.5,0.13,282.32,9,Monsoon
2022-09-08 00:00:00,48.75,0.2,224.85,9,Monsoon
2022-09-08 01:00:00,44.75,0.2,140.6,9,Monsoon
2022-09-08 02:00:00,43.5,0.17,113.93,9,Monsoon
2022-09-08 03:00:00,44.75,0.4,41.32,9,Monsoon
2022-09-08 04:00:00,54.25,0.35,36.15,9,Monsoon
2022-09-08 05:00:00,59.25,0.52,51.02,9,Monsoon
2022-09-08 06:00:00,64.5,0.52,41.22,9,Monsoon
2022-09-08 07:00:00,72.0,0.95,54.32,9,Monsoon
2022-09-08 08:00:00,77.5,0.8,52.02,9,Monsoon
2022-09-08 09:00:00,63.5,0.88,62.22,9,Monsoon
2022-09-08 10:00:00,52.5,0.78,125.22,9,Monsoon
2022-09-08 11:00:00,52.0,0.85,77.9,9,Monsoon
2022-09-08 12:00:00,56.0,0.95,234.5,9,Monsoon
2022-09-08 13:00:00,59.0,0.6,194.02,9,Monsoon
2022-09-08 14:00:00,63.0,0.7,100.55,9,Monsoon
2022-09-08 15:00:00,72.0,1.8,53.8,9,Monsoon
2022-09-08 16:00:00,60.0,0.6,45.15,9,Monsoon
2022-09-08 17:00:00,49.75,0.38,196.7,9,Monsoon
2022-09-08 18:00:00,44.75,0.27,143.05,9,Monsoon
2022-09-08 19:00:00,42.75,0.23,159.42,9,Monsoon
2022-09-08 20:00:00,48.5,0.32,30.9,9,Monsoon
2022-09-08 21:00:00,54.5,0.68,45.58,9,Monsoon
2022-09-08 22:00:00,67.5,1.05,61.32,9,Monsoon
2022-09-08 23:00:00,63.75,1.08,61.1,9,Monsoon
2022-09-09 00:00:00,54.75,0.75,53.02,9,Monsoon
2022-09-09 01:00:00,48.75,0.7,56.58,9,Monsoon
2022-09-09 02:00:00,53.5,0.55,55.85,9,Monsoon
2022-09-09 03:00:00,60.0,0.65,59.02,9,Monsoon
2022-09-09 04:00:00,56.0,0.88,60.3,9,Monsoon
2022-09-09 05:00:00,53.5,0.65,59.18,9,Monsoon
2022-09-09 06:00:00,56.75,0.57,53.18,9,Monsoon
2022-09-09 07:00:00,63.75,0.98,56.92,9,Monsoon
2022-09-09 08:00:00,72.0,1.12,64.2,9,Monsoon
2022-09-09 09:00:00,77.75,0.88,61.52,9,Monsoon
2022-09-09 10:00:00,64.75,1.3,54.92,9,Monsoon
2022-09-09 11:00:00,53.75,0.88,62.7,9,Monsoon
2022-09-09 12:00:00,47.75,0.85,79.42,9,Monsoon
2022-09-09 13:00:00,41.25,0.65,102.98,9,Monsoon
2022-09-09 14:00:00,42.75,0.72,46.8,9,Monsoon
2022-09-09 15:00:00,45.0,0.55,49.3,9,Monsoon
2022-09-09 16:00:00,45.25,0.6,54.05,9,Monsoon
2022-09-09 17:00:00,46.25,1.42,55.52,9,Monsoon
2022-09-09 18:00:00,46.75,1.7,58.18,9,Monsoon
2022-09-09 19:00:00,45.75,1.5,55.9,9,Monsoon
2022-09-09 20:00:00,45.75,1.3,62.32,9,Monsoon
2022-09-09 21:00:00,50.25,1.5,63.98,9,Monsoon
2022-09-09 22:00:00,58.75,1.58,65.62,9,Monsoon
2022-09-09 23:00:00,63.75,0.98,66.6,9,Monsoon
2022-09-10 00:00:00,60.0,0.57,80.75,9,Monsoon
2022-09-10 01:00:00,50.75,0.45,85.62,9,Monsoon
2022-09-10 02:00:00,52.75,0.3,105.7,9,Monsoon
2022-09-10 03:00:00,60.0,0.48,75.25,9,Monsoon
2022-09-10 04:00:00,58.75,1.1,58.92,9,Monsoon
2022-09-10 05:00:00,64.5,1.3,61.78,9,Monsoon
2022-09-10 06:00:00,67.5,1.0,56.78,9,Monsoon
2022-09-10 07:00:00,71.5,1.15,59.55,9,Monsoon
2022-09-10 08:00:00,65.25,1.03,57.5,9,Monsoon
2022-09-10 09:00:00,49.75,0.95,49.25,9,Monsoon
2022-09-10 10:00:00,43.0,0.98,64.03,9,Monsoon
2022-09-10 11:00:00,35.25,0.75,189.92,9,Monsoon
2022-09-10 12:00:00,39.75,0.42,11.65,9,Monsoon
2022-09-10 13:00:00,43.0,1.08,38.43,9,Monsoon
2022-09-10 14:00:00,47.0,1.12,37.88,9,Monsoon
2022-09-10 15:00:00,49.0,1.27,55.55,9,Monsoon
2022-09-10 16:00:00,46.0,1.67,49.42,9,Monsoon
2022-09-10 17:00:00,43.25,2.1,58.8,9,Monsoon
2022-09-10 18:00:00,33.5,1.72,61.75,9,Monsoon
2022-09-10 19:00:00,29.25,1.52,65.6,9,Monsoon
2022-09-10 20:00:00,32.5,1.4,61.75,9,Monsoon
2022-09-10 21:00:00,43.75,1.27,64.38,9,Monsoon
2022-09-10 22:00:00,54.25,1.4,65.68,9,Monsoon
2022-09-10 23:00:00,52.0,1.12,59.1,9,Monsoon
2022-09-11 00:00:00,49.25,1.3,54.55,9,Monsoon
2022-09-11 01:00:00,38.0,1.38,54.88,9,Monsoon
2022-09-11 02:00:00,25.75,1.78,57.95,9,Monsoon
2022-09-11 03:00:00,19.0,1.1,60.05,9,Monsoon
2022-09-11 04:00:00,29.75,0.77,55.82,9,Monsoon
2022-09-11 05:00:00,33.75,0.95,49.25,9,Monsoon
2022-09-11 06:00:00,29.75,1.1,52.25,9,Monsoon
2022-09-11 07:00:00,28.5,1.32,60.15,9,Monsoon
2022-09-11 08:00:00,25.0,1.52,66.58,9,Monsoon
2022-09-11 09:00:00,20.0,1.42,65.3,9,Monsoon
2022-09-11 10:00:00,24.5,1.2,49.3,9,Monsoon
2022-09-11 11:00:00,29.5,1.52,55.0,9,Monsoon
2022-09-11 12:00:00,30.5,1.23,49.1,9,Monsoon
2022-09-11 13:00:00,27.25,1.67,56.72,9,Monsoon
2022-09-11 14:00:00,20.75,1.38,53.7,9,Monsoon
2022-09-11 15:00:00,17.25,1.18,50.1,9,Monsoon
2022-09-11 16:00:00,18.0,1.15,48.08,9,Monsoon
2022-09-11 17:00:00,19.0,1.32,56.62,9,Monsoon
2022-09-11 18:00:00,23.5,1.02,51.92,9,Monsoon
2022-09-11 19:00:00,29.5,1.02,56.58,9,Monsoon
2022-09-11 20:00:00,33.0,0.95,52.45,9,Monsoon
2022-09-11 21:00:00,31.5,1.12,56.05,9,Monsoon
2022-09-11 22:00:00,34.75,1.23,56.55,9,Monsoon
2022-09-11 23:00:00,30.0,1.28,55.68,9,Monsoon
2022-09-12 00:00:00,28.0,1.38,59.35,9,Monsoon
2022-09-12 01:00:00,29.0,1.35,62.48,9,Monsoon
2022-09-12 02:00:00,22.0,1.48,62.98,9,Monsoon
2022-09-12 03:00:00,19.0,1.83,61.9,9,Monsoon
2022-09-12 04:00:00,20.0,1.68,58.65,9,Monsoon
2022-09-12 05:00:00,21.75,1.1,59.35,9,Monsoon
2022-09-12 06:00:00,20.5,1.6,60.6,9,Monsoon
2022-09-12 07:00:00,26.75,1.78,60.18,9,Monsoon
2022-09-12 08:00:00,24.75,2.15,60.52,9,Monsoon
2022-09-12 09:00:00,27.0,2.17,59.68,9,Monsoon
2022-09-12 10:00:00,17.75,1.75,59.85,9,Monsoon
2022-09-12 11:00:00,18.75,1.8,58.25,9,Monsoon
2022-09-12 12:00:00,21.25,2.38,59.25,9,Monsoon
2022-09-12 13:00:00,13.25,2.17,52.42,9,Monsoon
2022-09-12 14:00:00,14.0,1.9,56.25,9,Monsoon
2022-09-12 15:00:00,14.5,2.0,62.68,9,Monsoon
2022-09-12 16:00:00,14.0,1.63,54.78,9,Monsoon
2022-09-12 17:00:00,10.25,1.1,55.1,9,Monsoon
2022-09-12 18:00:00,18.75,1.23,54.05,9,Monsoon
2022-09-12 19:00:00,23.0,1.08,54.12,9,Monsoon
2022-09-12 20:00:00,23.5,0.62,152.02,9,Monsoon
2022-09-12 21:00:00,37.0,0.48,42.1,9,Monsoon
2022-09-12 22:00:00,46.0,0.52,36.08,9,Monsoon
2022-09-12 23:00:00,40.5,1.02,54.92,9,Monsoon
2022-09-13 00:00:00,24.25,0.95,53.32,9,Monsoon
2022-09-13 01:00:00,23.0,1.9,53.08,9,Monsoon
2022-09-13 02:00:00,14.0,0.32,133.88,9,Monsoon
2022-09-13 03:00:00,8.0,0.35,137.8,9,Monsoon
2022-09-13 04:00:00,15.75,1.27,40.6,9,Monsoon
2022-09-13 05:00:00,11.75,1.25,57.38,9,Monsoon
2022-09-13 06:00:00,12.5,1.12,55.2,9,Monsoon
2022-09-13 07:00:00,16.0,1.45,54.75,9,Monsoon
2022-09-13 08:00:00,13.0,1.65,48.5,9,Monsoon
2022-09-13 09:00:00,11.75,1.72,53.95,9,Monsoon
2022-09-13 10:00:00,8.0,2.1,55.08,9,Monsoon
2022-09-13 11:00:00,7.5,2.62,56.22,9,Monsoon
2022-09-13 12:00:00,6.5,2.55,55.12,9,Monsoon
2022-09-13 13:00:00,7.75,2.9,56.68,9,Monsoon
2022-09-13 14:00:00,6.5,2.75,56.98,9,Monsoon
2022-09-13 15:00:00,5.0,2.43,55.15,9,Monsoon
2022-09-13 16:00:00,5.0,2.25,53.77,9,Monsoon
2022-09-13 17:00:00,5.0,2.12,53.0,9,Monsoon
2022-09-13 18:00:00,5.75,1.52,52.32,9,Monsoon
2022-09-13 19:00:00,10.0,1.18,51.78,9,Monsoon
2022-09-13 20:00:00,17.5,1.3,51.35,9,Monsoon
2022-09-13 21:00:00,23.25,1.08,52.92,9,Monsoon
2022-09-13 22:00:00,26.25,0.92,53.68,9,Monsoon
2022-09-13 23:00:00,23.0,1.23,51.08,9,Monsoon
2022-09-14 00:00:00,17.25,1.3,52.18,9,Monsoon
2022-09-14 01:00:00,8.75,1.88,57.18,9,Monsoon
2022-09-14 02:00:00,7.5,1.38,54.7,9,Monsoon
2022-09-14 03:00:00,7.25,1.52,48.4,9,Monsoon
2022-09-14 04:00:00,11.25,1.87,50.95,9,Monsoon
2022-09-14 05:00:00,12.25,1.78,47.95,9,Monsoon
2022-09-14 06:00:00,12.255859375,1.5,46.0,9,Monsoon
2022-09-14 07:00:00,12.26171875,1.4926771653543307,47.61968503937008,9,Monsoon
2022-09-14 08:00:00,12.267578125,1.4853543307086614,49.23937007874016,9,Monsoon
2022-09-14 09:00:00,,1.478031496062992,50.85905511811024,9,Monsoon
2022-09-14 10:00:00,,,,9,Monsoon
2022-09-14 11:00:00,,,,9,Monsoon
2022-09-14 12:00:00,,,,9,Monsoon
2022-09-14 13:00:00,,,,9,Monsoon
2022-09-14 14:00:00,,,,9,Monsoon
2022-09-14 15:00:00,,,,9,Monsoon
2022-09-14 16:00:00,,,,9,Monsoon
2022-09-14 17:00:00,,,,9,Monsoon
2022-09-14 18:00:00,,,,9,Monsoon
2022-09-14 19:00:00,,,,9,Monsoon
2022-09-14 20:00:00,,,,9,Monsoon
2022-09-14 21:00:00,,,,9,Monsoon
2022-09-14 22:00:00,,,,9,Monsoon
2022-09-14 23:00:00,,,,9,Monsoon
2022-09-15 00:00:00,,,,9,Monsoon
2022-09-15 01:00:00,,,,9,Monsoon
2022-09-15 02:00:00,,,,9,Monsoon
2022-09-15 03:00:00,,,,9,Monsoon
2022-09-15 04:00:00,,,,9,Monsoon
2022-09-15 05:00:00,,,,9,Monsoon
2022-09-15 06:00:00,,,,9,Monsoon
2022-09-15 07:00:00,,,,9,Monsoon
2022-09-15 08:00:00,,,,9,Monsoon
2022-09-15 09:00:00,,,,9,Monsoon
2022-09-15 10:00:00,,,,9,Monsoon
2022-09-15 11:00:00,,,,9,Monsoon
2022-09-15 12:00:00,,,,9,Monsoon
2022-09-15 13:00:00,,,,9,Monsoon
2022-09-15 14:00:00,,,,9,Monsoon
2022-09-15 15:00:00,,,,9,Monsoon
2022-09-15 16:00:00,,,,9,Monsoon
2022-09-15 17:00:00,,,,9,Monsoon
2022-09-15 18:00:00,,,,9,Monsoon
2022-09-15 19:00:00,,,,9,Monsoon
2022-09-15 20:00:00,,,,9,Monsoon
2022-09-15 21:00:00,,,,9,Monsoon
2022-09-15 22:00:00,,,,9,Monsoon
2022-09-15 23:00:00,,,,9,Monsoon
2022-09-16 00:00:00,,,,9,Monsoon
2022-09-16 01:00:00,,,,9,Monsoon
2022-09-16 02:00:00,,,,9,Monsoon
2022-09-16 03:00:00,,,,9,Monsoon
2022-09-16 04:00:00,,,,9,Monsoon
2022-09-16 05:00:00,,,,9,Monsoon
2022-09-16 06:00:00,,,,9,Monsoon
2022-09-16 07:00:00,,,,9,Monsoon
2022-09-16 08:00:00,,,,9,Monsoon
2022-09-16 09:00:00,,,,9,Monsoon
2022-09-16 10:00:00,,,,9,Monsoon
2022-09-16 11:00:00,,,,9,Monsoon
2022-09-16 12:00:00,,,,9,Monsoon
2022-09-16 13:00:00,,,,9,Monsoon
2022-09-16 14:00:00,,,,9,Monsoon
2022-09-16 15:00:00,,,,9,Monsoon
2022-09-16 16:00:00,,,,9,Monsoon
2022-09-16 17:00:00,,,,9,Monsoon
2022-09-16 18:00:00,,,,9,Monsoon
2022-09-16 19:00:00,,,,9,Monsoon
2022-09-16 20:00:00,,,,9,Monsoon
2022-09-16 21:00:00,,,,9,Monsoon
2022-09-16 22:00:00,,,,9,Monsoon
2022-09-16 23:00:00,,,,9,Monsoon
2022-09-17 00:00:00,,,,9,Monsoon
2022-09-17 01:00:00,,,,9,Monsoon
2022-09-17 02:00:00,,,,9,Monsoon
2022-09-17 03:00:00,,,,9,Monsoon
2022-09-17 04:00:00,,,,9,Monsoon
2022-09-17 05:00:00,,,,9,Monsoon
2022-09-17 06:00:00,,,,9,Monsoon
2022-09-17 07:00:00,,,,9,Monsoon
2022-09-17 08:00:00,,,,9,Monsoon
2022-09-17 09:00:00,,,,9,Monsoon
2022-09-17 10:00:00,,,,9,Monsoon
2022-09-17 11:00:00,,,,9,Monsoon
2022-09-17 12:00:00,,,,9,Monsoon
2022-09-17 13:00:00,,,,9,Monsoon
2022-09-17 14:00:00,,,,9,Monsoon
2022-09-17 15:00:00,,,,9,Monsoon
2022-09-17 16:00:00,,,,9,Monsoon
2022-09-17 17:00:00,,,,9,Monsoon
2022-09-17 18:00:00,,,,9,Monsoon
2022-09-17 19:00:00,,,,9,Monsoon
2022-09-17 20:00:00,,,,9,Monsoon
2022-09-17 21:00:00,,,,9,Monsoon
2022-09-17 22:00:00,,,,9,Monsoon
2022-09-17 23:00:00,,,,9,Monsoon
2022-09-18 00:00:00,,,,9,Monsoon
2022-09-18 01:00:00,,,,9,Monsoon
2022-09-18 02:00:00,,,,9,Monsoon
2022-09-18 03:00:00,,,,9,Monsoon
2022-09-18 04:00:00,,,,9,Monsoon
2022-09-18 05:00:00,,,,9,Monsoon
2022-09-18 06:00:00,,,,9,Monsoon
2022-09-18 07:00:00,,,,9,Monsoon
2022-09-18 08:00:00,,,,9,Monsoon
2022-09-18 09:00:00,,,,9,Monsoon
2022-09-18 10:00:00,,,,9,Monsoon
2022-09-18 11:00:00,,,,9,Monsoon
2022-09-18 12:00:00,,,,9,Monsoon
2022-09-18 13:00:00,,,,9,Monsoon
2022-09-18 14:00:00,,,,9,Monsoon
2022-09-18 15:00:00,,,,9,Monsoon
2022-09-18 16:00:00,,,,9,Monsoon
2022-09-18 17:00:00,,,,9,Monsoon
2022-09-18 18:00:00,,,,9,Monsoon
2022-09-18 19:00:00,,,,9,Monsoon
2022-09-18 20:00:00,,,,9,Monsoon
2022-09-18 21:00:00,,,,9,Monsoon
2022-09-18 22:00:00,,,,9,Monsoon
2022-09-18 23:00:00,,,,9,Monsoon
2022-09-19 00:00:00,,,,9,Monsoon
2022-09-19 01:00:00,,,,9,Monsoon
2022-09-19 02:00:00,,,,9,Monsoon
2022-09-19 03:00:00,,,,9,Monsoon
2022-09-19 04:00:00,,,,9,Monsoon
2022-09-19 05:00:00,,,,9,Monsoon
2022-09-19 06:00:00,,,,9,Monsoon
2022-09-19 07:00:00,,,,9,Monsoon
2022-09-19 08:00:00,,,,9,Monsoon
2022-09-19 09:00:00,,,,9,Monsoon
2022-09-19 10:00:00,,,,9,Monsoon
2022-09-19 11:00:00,,,,9,Monsoon
2022-09-19 12:00:00,,,,9,Monsoon
2022-09-19 13:00:00,13.0,0.57,251.7,9,Monsoon
2022-09-19 14:00:00,69.0,0.32,200.68,9,Monsoon
2022-09-19 15:00:00,70.0,1.15,261.88,9,Monsoon
2022-09-19 16:00:00,71.5,0.75,164.28,9,Monsoon
2022-09-19 17:00:00,67.0,0.8,201.7,9,Monsoon
2022-09-19 18:00:00,66.58333333333333,0.8015151515151515,201.6969696969697,9,Monsoon
2022-09-19 19:00:00,66.16666666666667,0.8030303030303031,201.6939393939394,9,Monsoon
2022-09-19 20:00:00,65.75,0.8045454545454546,201.6909090909091,9,Monsoon
2022-09-19 21:00:00,,,,9,Monsoon
2022-09-19 22:00:00,,,,9,Monsoon
2022-09-19 23:00:00,,,,9,Monsoon
2022-09-20 00:00:00,,,,9,Monsoon
2022-09-20 01:00:00,,,,9,Monsoon
2022-09-20 02:00:00,,,,9,Monsoon
2022-09-20 03:00:00,,,,9,Monsoon
2022-09-20 04:00:00,,,,9,Monsoon
2022-09-20 05:00:00,,,,9,Monsoon
2022-09-20 06:00:00,,,,9,Monsoon
2022-09-20 07:00:00,,,,9,Monsoon
2022-09-20 08:00:00,,,,9,Monsoon
2022-09-20 09:00:00,,,,9,Monsoon
2022-09-20 10:00:00,,,,9,Monsoon
2022-09-20 11:00:00,,,,9,Monsoon
2022-09-20 12:00:00,,,,9,Monsoon
2022-09-20 13:00:00,,,,9,Monsoon
2022-09-20 14:00:00,,,,9,Monsoon
2022-09-20 15:00:00,,,,9,Monsoon
2022-09-20 16:00:00,,,,9,Monsoon
2022-09-20 17:00:00,,,,9,Monsoon
2022-09-20 18:00:00,,,,9,Monsoon
2022-09-20 19:00:00,,,,9,Monsoon
2022-09-20 20:00:00,,,,9,Monsoon
2022-09-20 21:00:00,,,,9,Monsoon
2022-09-20 22:00:00,,,,9,Monsoon
2022-09-20 23:00:00,,,,9,Monsoon
2022-09-21 00:00:00,,,,9,Monsoon
2022-09-21 01:00:00,,,,9,Monsoon
2022-09-21 02:00:00,,,,9,Monsoon
2022-09-21 03:00:00,,,,9,Monsoon
2022-09-21 04:00:00,,,,9,Monsoon
2022-09-21 05:00:00,,,,9,Monsoon
2022-09-21 06:00:00,,,,9,Monsoon
2022-09-21 07:00:00,,,,9,Monsoon
2022-09-21 08:00:00,,,,9,Monsoon
2022-09-21 09:00:00,,,,9,Monsoon
2022-09-21 10:00:00,,,,9,Monsoon
2022-09-21 11:00:00,,,,9,Monsoon
2022-09-21 12:00:00,,,,9,Monsoon
2022-09-21 13:00:00,,,,9,Monsoon
2022-09-21 14:00:00,,,,9,Monsoon
2022-09-21 15:00:00,,,,9,Monsoon
2022-09-21 16:00:00,,,,9,Monsoon
2022-09-21 17:00:00,,,,9,Monsoon
2022-09-21 18:00:00,,,,9,Monsoon
2022-09-21 19:00:00,,,,9,Monsoon
2022-09-21 20:00:00,,,,9,Monsoon
2022-09-21 21:00:00,,,,9,Monsoon
2022-09-21 22:00:00,,,,9,Monsoon
2022-09-21 23:00:00,,,,9,Monsoon
2022-09-22 00:00:00,,,,9,Monsoon
2022-09-22 01:00:00,,,,9,Monsoon
2022-09-22 02:00:00,,,,9,Monsoon
2022-09-22 03:00:00,,,,9,Monsoon
2022-09-22 04:00:00,,,,9,Monsoon
2022-09-22 05:00:00,,,,9,Monsoon
2022-09-22 06:00:00,,,,9,Monsoon
2022-09-22 07:00:00,,,,9,Monsoon
2022-09-22 08:00:00,,,,9,Monsoon
2022-09-22 09:00:00,,,,9,Monsoon
2022-09-22 10:00:00,,,,9,Monsoon
2022-09-22 11:00:00,,,,9,Monsoon
2022-09-22 12:00:00,,,,9,Monsoon
2022-09-22 13:00:00,,,,9,Monsoon
2022-09-22 14:00:00,,,,9,Monsoon
2022-09-22 15:00:00,,,,9,Monsoon
2022-09-22 16:00:00,,,,9,Monsoon
2022-09-22 17:00:00,,,,9,Monsoon
2022-09-22 18:00:00,,,,9,Monsoon
2022-09-22 19:00:00,,,,9,Monsoon
2022-09-22 20:00:00,,,,9,Monsoon
2022-09-22 21:00:00,,,,9,Monsoon
2022-09-22 22:00:00,,,,9,Monsoon
2022-09-22 23:00:00,,,,9,Monsoon
2022-09-23 00:00:00,,,,9,Monsoon
2022-09-23 01:00:00,,,,9,Monsoon
2022-09-23 02:00:00,,,,9,Monsoon
2022-09-23 03:00:00,,,,9,Monsoon
2022-09-23 04:00:00,,,,9,Monsoon
2022-09-23 05:00:00,,,,9,Monsoon
2022-09-23 06:00:00,,,,9,Monsoon
2022-09-23 07:00:00,,,,9,Monsoon
2022-09-23 08:00:00,,,,9,Monsoon
2022-09-23 09:00:00,,,,9,Monsoon
2022-09-23 10:00:00,,,,9,Monsoon
2022-09-23 11:00:00,,,,9,Monsoon
2022-09-23 12:00:00,,,,9,Monsoon
2022-09-23 13:00:00,,,,9,Monsoon
2022-09-23 14:00:00,,,,9,Monsoon
2022-09-23 15:00:00,,,,9,Monsoon
2022-09-23 16:00:00,,,,9,Monsoon
2022-09-23 17:00:00,,,,9,Monsoon
2022-09-23 18:00:00,,,,9,Monsoon
2022-09-23 19:00:00,,,,9,Monsoon
2022-09-23 20:00:00,,,,9,Monsoon
2022-09-23 21:00:00,,,,9,Monsoon
2022-09-23 22:00:00,,,,9,Monsoon
2022-09-23 23:00:00,,,,9,Monsoon
2022-09-24 00:00:00,,,,9,Monsoon
2022-09-24 01:00:00,,,,9,Monsoon
2022-09-24 02:00:00,,,,9,Monsoon
2022-09-24 03:00:00,,,,9,Monsoon
2022-09-24 04:00:00,,,,9,Monsoon
2022-09-24 05:00:00,,,,9,Monsoon
2022-09-24 06:00:00,,,,9,Monsoon
2022-09-24 07:00:00,,,,9,Monsoon
2022-09-24 08:00:00,,,,9,Monsoon
2022-09-24 09:00:00,,,,9,Monsoon
2022-09-24 10:00:00,,,,9,Monsoon
2022-09-24 11:00:00,,,,9,Monsoon
2022-09-24 12:00:00,,,,9,Monsoon
2022-09-24 13:00:00,,,,9,Monsoon
2022-09-24 14:00:00,,,,9,Monsoon
2022-09-24 15:00:00,,,,9,Monsoon
2022-09-24 16:00:00,,,,9,Monsoon
2022-09-24 17:00:00,,,,9,Monsoon
2022-09-24 18:00:00,,,,9,Monsoon
2022-09-24 19:00:00,,,,9,Monsoon
2022-09-24 20:00:00,,,,9,Monsoon
2022-09-24 21:00:00,,,,9,Monsoon
2022-09-24 22:00:00,,,,9,Monsoon
2022-09-24 23:00:00,,,,9,Monsoon
2022-09-25 00:00:00,,,,9,Monsoon
2022-09-25 01:00:00,,,,9,Monsoon
2022-09-25 02:00:00,,,,9,Monsoon
2022-09-25 03:00:00,,,,9,Monsoon
2022-09-25 04:00:00,,,,9,Monsoon
2022-09-25 05:00:00,12.0,1.0,201.3,9,Monsoon
2022-09-25 06:00:00,12.0,0.85,205.05,9,Monsoon
2022-09-25 07:00:00,11.25,1.05,192.68,9,Monsoon
2022-09-25 08:00:00,8.75,1.68,215.12,9,Monsoon
2022-09-25 09:00:00,8.75,1.38,211.15,9,Monsoon
2022-09-25 10:00:00,11.0,1.55,222.65,9,Monsoon
2022-09-25 11:00:00,10.25,1.95,233.75,9,Monsoon
2022-09-25 12:00:00,9.25,2.02,243.8,9,Monsoon
2022-09-25 13:00:00,11.75,2.12,228.4,9,Monsoon
2022-09-25 14:00:00,8.25,2.2,227.48,9,Monsoon
2022-09-25 15:00:00,9.5,1.95,233.98,9,Monsoon
2022-09-25 16:00:00,10.5,1.05,233.8,9,Monsoon
2022-09-25 17:00:00,13.0,0.22,173.98,9,Monsoon
2022-09-25 18:00:00,25.75,0.32,77.65,9,Monsoon
2022-09-25 19:00:00,28.75,0.15,187.92,9,Monsoon
2022-09-25 20:00:00,35.75,0.27,239.75,9,Monsoon
2022-09-25 21:00:00,50.5,0.35,45.72,9,Monsoon
2022-09-25 22:00:00,52.0,0.1,183.88,9,Monsoon
2022-09-25 23:00:00,54.75,0.13,71.12,9,Monsoon
2022-09-26 00:00:00,59.67,0.18,141.15,9,Monsoon
2022-09-26 01:00:00,51.5,0.2,217.65,9,Monsoon
2022-09-26 02:00:00,46.5,0.23,215.42,9,Monsoon
2022-09-26 03:00:00,45.0,0.28,223.18,9,Monsoon
2022-09-26 04:00:00,44.75,0.2,229.8,9,Monsoon
2022-09-26 05:00:00,44.0,0.25,64.2,9,Monsoon
2022-09-26 06:00:00,42.25,0.3874999999999999,79.21666666666667,9,Monsoon
2022-09-26 07:00:00,40.5,0.5249999999999999,94.23333333333332,9,Monsoon
2022-09-26 08:00:00,38.75,0.6625,109.25,9,Monsoon
2022-09-26 09:00:00,,,,9,Monsoon
2022-09-26 10:00:00,,,,9,Monsoon
2022-09-26 11:00:00,,,,9,Monsoon
2022-09-26 12:00:00,,,,9,Monsoon
2022-09-26 13:00:00,,,,9,Monsoon
2022-09-26 14:00:00,,,,9,Monsoon
2022-09-26 15:00:00,,,,9,Monsoon
2022-09-26 16:00:00,,,,9,Monsoon
2022-09-26 17:00:00,23.0,1.9,244.4,9,Monsoon
2022-09-26 18:00:00,26.75,1.35,241.95,9,Monsoon
2022-09-26 19:00:00,39.75,0.57,231.23,9,Monsoon
2022-09-26 20:00:00,48.0,0.85,234.15,9,Monsoon
2022-09-26 21:00:00,55.75,0.43,236.55,9,Monsoon
2022-09-26 22:00:00,50.5,0.47,262.82,9,Monsoon
2022-09-26 23:00:00,44.0,0.35,255.08,9,Monsoon
2022-09-27 00:00:00,36.0,0.82,252.52,9,Monsoon
2022-09-27 01:00:00,30.0,0.4,252.82,9,Monsoon
2022-09-27 02:00:00,28.5,0.45,239.0,9,Monsoon
2022-09-27 03:00:00,25.25,0.28,231.32,9,Monsoon
2022-09-27 04:00:00,30.25,0.32,238.35,9,Monsoon
2022-09-27 05:00:00,33.0,0.35,236.92,9,Monsoon
2022-09-27 06:00:00,32.5,0.4,232.48,9,Monsoon
2022-09-27 07:00:00,41.75,0.8,246.18,9,Monsoon
2022-09-27 08:00:00,45.25,1.23,232.8,9,Monsoon
2022-09-27 09:00:00,38.25,1.83,234.25,9,Monsoon
2022-09-27 10:00:00,34.75,2.12,232.98,9,Monsoon
2022-09-27 11:00:00,40.5,2.35,215.7,9,Monsoon
2022-09-27 12:00:00,40.5,2.42,233.65,9,Monsoon
2022-09-27 13:00:00,35.5,2.35,228.85,9,Monsoon
2022-09-27 14:00:00,33.0,2.33,239.23,9,Monsoon
2022-09-27 15:00:00,31.0,2.3,234.18,9,Monsoon
2022-09-27 16:00:00,33.25,2.0,235.95,9,Monsoon
2022-09-27 17:00:00,29.25,1.08,240.1,9,Monsoon
2022-09-27 18:00:00,25.75,0.1,92.82,9,Monsoon
2022-09-27 19:00:00,32.0,0.2,234.05,9,Monsoon
2022-09-27 20:00:00,36.75,0.28,182.7,9,Monsoon
2022-09-27 21:00:00,42.0,0.18,249.48,9,Monsoon
2022-09-27 22:00:00,41.35714285714285,0.3242857142857143,247.56,9,Monsoon
2022-09-27 23:00:00,40.71428571428572,0.4685714285714286,245.64,9,Monsoon
2022-09-28 00:00:00,40.07142857142857,0.6128571428571429,243.72,9,Monsoon
2022-09-28 01:00:00,,,,9,Monsoon
2022-09-28 02:00:00,,,,9,Monsoon
2022-09-28 03:00:00,,,,9,Monsoon
2022-09-28 04:00:00,,,,9,Monsoon
2022-09-28 05:00:00,,,,9,Monsoon
2022-09-28 06:00:00,,,,9,Monsoon
2022-09-28 07:00:00,,,,9,Monsoon
2022-09-28 08:00:00,,,,9,Monsoon
2022-09-28 09:00:00,,,,9,Monsoon
2022-09-28 10:00:00,,,,9,Monsoon
2022-09-28 11:00:00,33.0,2.2,222.6,9,Monsoon
2022-09-28 12:00:00,40.5,2.12,231.1,9,Monsoon
2022-09-28 13:00:00,47.0,1.92,238.52,9,Monsoon
2022-09-28 14:00:00,48.75,2.55,234.98,9,Monsoon
2022-09-28 15:00:00,34.25,2.5,233.45,9,Monsoon
2022-09-28 16:00:00,29.0,1.95,234.48,9,Monsoon
2022-09-28 17:00:00,30.0,1.55,238.25,9,Monsoon
2022-09-28 18:00:00,33.75,1.2,239.25,9,Monsoon
2022-09-28 19:00:00,38.5,0.25,269.95,9,Monsoon
2022-09-28 20:00:00,50.25,0.15,169.22,9,Monsoon
2022-09-28 21:00:00,62.0,0.12,139.28,9,Monsoon
2022-09-28 22:00:00,61.25,0.1,262.58,9,Monsoon
2022-09-28 23:00:00,68.5,0.1,128.6,9,Monsoon
2022-09-29 00:00:00,69.0,0.13,272.1,9,Monsoon
2022-09-29 01:00:00,64.75,0.1,251.35,9,Monsoon
2022-09-29 02:00:00,60.25,0.12,248.68,9,Monsoon
2022-09-29 03:00:00,59.0,0.2,232.4,9,Monsoon
2022-09-29 04:00:00,62.5,0.4,220.2,9,Monsoon
2022-09-29 05:00:00,65.5,0.2,217.98,9,Monsoon
2022-09-29 06:00:00,70.5,0.28,234.82,9,Monsoon
2022-09-29 07:00:00,77.0,0.55,246.52,9,Monsoon
2022-09-29 08:00:00,87.0,0.8,245.15,9,Monsoon
2022-09-29 09:00:00,68.5,1.58,237.4,9,Monsoon
2022-09-29 10:00:00,56.75,2.0,233.0,9,Monsoon
2022-09-29 11:00:00,53.0,1.92,227.3,9,Monsoon
2022-09-29 12:00:00,54.5,2.2,234.8,9,Monsoon
2022-09-29 13:00:00,55.75,2.82,243.65,9,Monsoon
2022-09-29 14:00:00,44.5,2.7,233.58,9,Monsoon
2022-09-29 15:00:00,39.0,2.85,236.9,9,Monsoon
2022-09-29 16:00:00,35.25,2.48,236.77,9,Monsoon
2022-09-29 17:00:00,35.0,2.1,239.45,9,Monsoon
2022-09-29 18:00:00,40.75,1.28,242.45,9,Monsoon
2022-09-29 19:00:00,44.75,0.22,192.62,9,Monsoon
2022-09-29 20:00:00,59.75,0.23,140.85,9,Monsoon
2022-09-29 21:00:00,66.25,0.3,186.2,9,Monsoon
2022-09-29 22:00:00,80.5,0.18,173.95,9,Monsoon
2022-09-29 23:00:00,84.0,0.18,160.1,9,Monsoon
2022-09-30 00:00:00,81.5,0.15,273.58,9,Monsoon
2022-09-30 01:00:00,82.25,0.22,123.48,9,Monsoon
2022-09-30 02:00:00,80.25,0.15,265.78,9,Monsoon
2022-09-30 03:00:00,79.5,0.2,229.65,9,Monsoon
2022-09-30 04:00:00,74.75,0.35,232.2,9,Monsoon
2022-09-30 05:00:00,75.75,0.43,244.85,9,Monsoon
2022-09-30 06:00:00,83.0,0.38,264.3,9,Monsoon
2022-09-30 07:00:00,93.5,1.02,234.1,9,Monsoon
2022-09-30 08:00:00,104.5,1.42,234.77,9,Monsoon
2022-09-30 09:00:00,93.5,1.58,231.75,9,Monsoon
2022-09-30 10:00:00,80.5,1.27,240.2,9,Monsoon
2022-09-30 11:00:00,74.25,1.38,223.68,9,Monsoon
2022-09-30 12:00:00,76.5,1.55,234.3,9,Monsoon
2022-09-30 13:00:00,71.0,1.98,231.42,9,Monsoon
2022-09-30 14:00:00,65.75,2.33,238.8,9,Monsoon
2022-09-30 15:00:00,56.75,2.42,219.45,9,Monsoon
2022-09-30 16:00:00,48.0,7.5,133.05,9,Monsoon
2022-09-30 17:00:00,45.5,7.5,133.1,9,Monsoon
2022-09-30 18:00:00,57.5,7.5,133.1,9,Monsoon
2022-09-30 19:00:00,64.5,7.5,133.12,9,Monsoon
2022-09-30 20:00:00,75.0,7.5,133.2,9,Monsoon
2022-09-30 21:00:00,87.0,7.5,133.2,9,Monsoon
2022-09-30 22:00:00,95.5,7.5,133.2,9,Monsoon
2022-09-30 23:00:00,94.5,7.5,133.2,9,Monsoon
2022-10-01 00:00:00,95.0,7.5,133.2,10,Post-monsoon
2022-10-01 01:00:00,90.25,7.5,133.17,10,Post-monsoon
2022-10-01 02:00:00,84.75,7.5,133.2,10,Post-monsoon
2022-10-01 03:00:00,86.0,7.5,133.17,10,Post-monsoon
2022-10-01 04:00:00,92.5,7.5,133.2,10,Post-monsoon
2022-10-01 05:00:00,97.0,7.5,133.2,10,Post-monsoon
2022-10-01 06:00:00,106.5,7.5,133.2,10,Post-monsoon
2022-10-01 07:00:00,110.5,7.5,133.17,10,Post-monsoon
2022-10-01 08:00:00,114.25,7.5,133.1,10,Post-monsoon
2022-10-01 09:00:00,98.25,7.5,133.05,10,Post-monsoon
2022-10-01 10:00:00,81.75,7.5,133.0,10,Post-monsoon
2022-10-01 11:00:00,74.75,7.5,133.0,10,Post-monsoon
2022-10-01 12:00:00,73.5,7.5,133.05,10,Post-monsoon
2022-10-01 13:00:00,72.0,7.5,133.0,10,Post-monsoon
2022-10-01 14:00:00,58.0,7.5,133.0,10,Post-monsoon
2022-10-01 15:00:00,44.0,7.5,133.0,10,Post-monsoon
2022-10-01 16:00:00,46.0,7.5,133.0,10,Post-monsoon
2022-10-01 17:00:00,39.0,7.48,132.95,10,Post-monsoon
2022-10-01 18:00:00,44.0,7.5,133.1,10,Post-monsoon
2022-10-01 19:00:00,53.0,7.5,133.1,10,Post-monsoon
2022-10-01 20:00:00,67.0,7.5,133.1,10,Post-monsoon
2022-10-01 21:00:00,88.0,7.5,133.1,10,Post-monsoon
2022-10-01 22:00:00,101.0,7.5,133.1,10,Post-monsoon
2022-10-01 23:00:00,91.0,7.5,133.1,10,Post-monsoon
2022-10-02 00:00:00,101.0,7.5,133.1,10,Post-monsoon
2022-10-02 01:00:00,99.0,7.5,133.1,10,Post-monsoon
2022-10-02 02:00:00,86.0,7.5,133.1,10,Post-monsoon
2022-10-02 03:00:00,96.0,7.5,133.1,10,Post-monsoon
2022-10-02 04:00:00,83.0,7.5,133.1,10,Post-monsoon
2022-10-02 05:00:00,88.0,7.5,133.1,10,Post-monsoon
2022-10-02 06:00:00,88.0,7.5,133.1,10,Post-monsoon
2022-10-02 07:00:00,97.0,7.48,133.12,10,Post-monsoon
2022-10-02 08:00:00,101.0,7.5,133.07,10,Post-monsoon
2022-10-02 09:00:00,85.0,7.5,133.0,10,Post-monsoon
2022-10-02 10:00:00,63.0,7.5,133.0,10,Post-monsoon
2022-10-02 11:00:00,57.0,7.5,133.0,10,Post-monsoon
2022-10-02 12:00:00,58.0,7.5,133.0,10,Post-monsoon
2022-10-02 13:00:00,52.0,7.5,133.0,10,Post-monsoon
2022-10-02 14:00:00,33.0,7.48,133.02,10,Post-monsoon
2022-10-02 15:00:00,30.0,7.48,133.1,10,Post-monsoon
2022-10-02 16:00:00,25.0,7.35,133.48,10,Post-monsoon
2022-10-02 17:00:00,24.0,7.43,133.18,10,Post-monsoon
2022-10-02 18:00:00,28.0,7.5,133.1,10,Post-monsoon
2022-10-02 19:00:00,45.33,7.5,133.1,10,Post-monsoon
2022-10-02 20:00:00,53.25,7.48,133.12,10,Post-monsoon
2022-10-02 21:00:00,56.5,7.5,133.12,10,Post-monsoon
2022-10-02 22:00:00,54.25,7.48,133.12,10,Post-monsoon
2022-10-02 23:00:00,51.5,7.5,133.1,10,Post-monsoon
2022-10-03 00:00:00,47.0,7.5,133.1,10,Post-monsoon
2022-10-03 01:00:00,37.25,7.5,133.15,10,Post-monsoon
2022-10-03 02:00:00,35.25,7.5,133.1,10,Post-monsoon
2022-10-03 03:00:00,36.5,7.5,133.1,10,Post-monsoon
2022-10-03 04:00:00,38.75,7.5,133.2,10,Post-monsoon
2022-10-03 05:00:00,41.0,7.5,133.15,10,Post-monsoon
2022-10-03 06:00:00,40.5,7.5,133.1,10,Post-monsoon
2022-10-03 07:00:00,40.25,7.5,133.1,10,Post-monsoon
2022-10-03 08:00:00,47.0,3.52,206.8,10,Post-monsoon
2022-10-03 09:00:00,56.0,2.9,224.92,10,Post-monsoon
2022-10-03 10:00:00,53.0,3.55,230.88,10,Post-monsoon
2022-10-03 11:00:00,42.0,3.9,235.98,10,Post-monsoon
2022-10-03 12:00:00,35.25,3.72,235.82,10,Post-monsoon
2022-10-03 13:00:00,31.5,4.22,240.98,10,Post-monsoon
2022-10-03 14:00:00,25.0,4.5,241.3,10,Post-monsoon
2022-10-03 15:00:00,20.0,3.8,240.15,10,Post-monsoon
2022-10-03 16:00:00,22.75,3.4,238.65,10,Post-monsoon
2022-10-03 17:00:00,24.25,2.9,234.02,10,Post-monsoon
2022-10-03 18:00:00,29.25,2.7,235.15,10,Post-monsoon
2022-10-03 19:00:00,25.0,2.45,236.2,10,Post-monsoon
2022-10-03 20:00:00,28.0,1.4,234.6,10,Post-monsoon
2022-10-03 21:00:00,29.75,0.52,238.13,10,Post-monsoon
2022-10-03 22:00:00,35.0,1.38,206.85,10,Post-monsoon
2022-10-03 23:00:00,34.5,7.43,133.15,10,Post-monsoon
2022-10-04 00:00:00,32.25,7.48,133.1,10,Post-monsoon
2022-10-04 01:00:00,30.0,7.5,133.1,10,Post-monsoon
2022-10-04 02:00:00,32.0,7.5,133.1,10,Post-monsoon
2022-10-04 03:00:00,38.25,7.5,133.1,10,Post-monsoon
2022-10-04 04:00:00,39.75,7.5,133.17,10,Post-monsoon
2022-10-04 05:00:00,41.5,7.5,133.12,10,Post-monsoon
2022-10-04 06:00:00,42.75,7.5,133.17,10,Post-monsoon
2022-10-04 07:00:00,54.25,7.5,133.15,10,Post-monsoon
2022-10-04 08:00:00,64.5,7.5,133.1,10,Post-monsoon
2022-10-04 09:00:00,66.75,7.5,133.1,10,Post-monsoon
2022-10-04 10:00:00,73.75,7.5,133.15,10,Post-monsoon
2022-10-04 11:00:00,86.75,7.5,133.15,10,Post-monsoon
2022-10-04 12:00:00,79.5,7.5,133.1,10,Post-monsoon
2022-10-04 13:00:00,65.5,7.5,133.1,10,Post-monsoon
2022-10-04 14:00:00,53.75,7.5,133.1,10,Post-monsoon
2022-10-04 15:00:00,49.5,7.5,133.15,10,Post-monsoon
2022-10-04 16:00:00,45.75,7.5,133.1,10,Post-monsoon
2022-10-04 17:00:00,40.5,7.5,133.15,10,Post-monsoon
2022-10-04 18:00:00,48.5,7.5,133.17,10,Post-monsoon
2022-10-04 19:00:00,61.25,7.5,133.2,10,Post-monsoon
2022-10-04 20:00:00,70.75,7.5,133.2,10,Post-monsoon
2022-10-04 21:00:00,82.0,7.5,133.2,10,Post-monsoon
2022-10-04 22:00:00,88.5,7.5,133.17,10,Post-monsoon
2022-10-04 23:00:00,78.25,7.5,133.2,10,Post-monsoon
2022-10-05 00:00:00,73.25,7.5,133.2,10,Post-monsoon
2022-10-05 01:00:00,84.75,7.5,133.15,10,Post-monsoon
2022-10-05 02:00:00,96.0,7.5,133.17,10,Post-monsoon
2022-10-05 03:00:00,112.0,7.5,133.17,10,Post-monsoon
2022-10-05 04:00:00,103.5,7.5,133.15,10,Post-monsoon
2022-10-05 05:00:00,95.5,7.5,133.17,10,Post-monsoon
2022-10-05 06:00:00,96.75,7.5,133.2,10,Post-monsoon
2022-10-05 07:00:00,105.5,7.5,133.2,10,Post-monsoon
2022-10-05 08:00:00,109.75,7.5,133.1,10,Post-monsoon
2022-10-05 09:00:00,119.25,7.5,133.02,10,Post-monsoon
2022-10-05 10:00:00,125.25,7.5,133.12,10,Post-monsoon
2022-10-05 11:00:00,128.75,7.5,133.17,10,Post-monsoon
2022-10-05 12:00:00,113.5,7.45,133.25,10,Post-monsoon
2022-10-05 13:00:00,100.25,7.5,133.22,10,Post-monsoon
2022-10-05 14:00:00,99.25,7.48,133.22,10,Post-monsoon
2022-10-05 15:00:00,64.0,7.5,133.22,10,Post-monsoon
2022-10-05 16:00:00,50.75,7.48,133.22,10,Post-monsoon
2022-10-05 17:00:00,38.25,7.5,133.2,10,Post-monsoon
2022-10-05 18:00:00,39.5,7.5,133.2,10,Post-monsoon
2022-10-05 19:00:00,45.0,7.5,133.17,10,Post-monsoon
2022-10-05 20:00:00,57.25,7.5,133.17,10,Post-monsoon
2022-10-05 21:00:00,54.75,7.5,133.15,10,Post-monsoon
2022-10-05 22:00:00,46.75,7.5,133.1,10,Post-monsoon
2022-10-05 23:00:00,47.5,7.5,133.1,10,Post-monsoon
2022-10-06 00:00:00,30.25,7.5,133.1,10,Post-monsoon
2022-10-06 01:00:00,20.0,7.5,133.1,10,Post-monsoon
2022-10-06 02:00:00,21.5,7.5,133.12,10,Post-monsoon
2022-10-06 03:00:00,17.0,7.5,133.2,10,Post-monsoon
2022-10-06 04:00:00,9.0,7.5,133.2,10,Post-monsoon
2022-10-06 05:00:00,1.0,7.5,133.18,10,Post-monsoon
2022-10-06 06:00:00,1.0,7.5,133.2,10,Post-monsoon
2022-10-06 07:00:00,2.5,7.5,133.1,10,Post-monsoon
2022-10-06 08:00:00,8.25,7.5,133.1,10,Post-monsoon
2022-10-06 09:00:00,10.75,7.5,133.1,10,Post-monsoon
2022-10-06 10:00:00,7.0,7.5,133.1,10,Post-monsoon
2022-10-06 11:00:00,7.0,7.5,133.1,10,Post-monsoon
2022-10-06 12:00:00,7.0,7.5,133.1,10,Post-monsoon
2022-10-06 13:00:00,7.0,7.5,133.1,10,Post-monsoon
2022-10-06 14:00:00,8.33,7.5,133.1,10,Post-monsoon
2022-10-06 15:00:00,10.5,7.5,133.1,10,Post-monsoon
2022-10-06 16:00:00,9.0,7.5,133.1,10,Post-monsoon
2022-10-06 17:00:00,9.75,7.5,133.1,10,Post-monsoon
2022-10-06 18:00:00,13.0,7.5,133.1,10,Post-monsoon
2022-10-06 19:00:00,15.25,7.5,133.1,10,Post-monsoon
2022-10-06 20:00:00,13.75,7.5,133.1,10,Post-monsoon
2022-10-06 21:00:00,15.5,7.5,133.1,10,Post-monsoon
2022-10-06 22:00:00,13.25,7.5,133.1,10,Post-monsoon
2022-10-06 23:00:00,11.25,7.5,133.1,10,Post-monsoon
2022-10-07 00:00:00,11.25,7.5,133.1,10,Post-monsoon
2022-10-07 01:00:00,9.5,7.5,133.1,10,Post-monsoon
2022-10-07 02:00:00,11.0,7.5,133.1,10,Post-monsoon
2022-10-07 03:00:00,10.0,7.5,133.1,10,Post-monsoon
2022-10-07 04:00:00,7.5,7.5,133.1,10,Post-monsoon
2022-10-07 05:00:00,10.0,7.5,133.1,10,Post-monsoon
2022-10-07 06:00:00,13.0,7.5,133.1,10,Post-monsoon
2022-10-07 07:00:00,8.0,7.5,133.1,10,Post-monsoon
2022-10-07 08:00:00,8.0,7.5,133.1,10,Post-monsoon
2022-10-07 09:00:00,8.25,7.5,133.1,10,Post-monsoon
2022-10-07 10:00:00,8.75,7.5,133.1,10,Post-monsoon
2022-10-07 11:00:00,8.25,7.5,133.1,10,Post-monsoon
2022-10-07 12:00:00,9.5,7.5,133.05,10,Post-monsoon
2022-10-07 13:00:00,12.75,7.5,133.02,10,Post-monsoon
2022-10-07 14:00:00,17.75,7.5,133.1,10,Post-monsoon
2022-10-07 15:00:00,17.5,7.5,133.1,10,Post-monsoon
2022-10-07 16:00:00,17.75,7.48,124.5,10,Post-monsoon
2022-10-07 17:00:00,16.5,1.5,103.02,10,Post-monsoon
2022-10-07 18:00:00,23.75,1.5,25.17,10,Post-monsoon
2022-10-07 19:00:00,21.25,1.5,25.2,10,Post-monsoon
2022-10-07 20:00:00,14.25,1.52,25.2,10,Post-monsoon
2022-10-07 21:00:00,12.25,1.5,25.2,10,Post-monsoon
2022-10-07 22:00:00,18.75,1.5,25.2,10,Post-monsoon
2022-10-07 23:00:00,9.75,1.5,25.18,10,Post-monsoon
2022-10-08 00:00:00,12.25,1.5,25.15,10,Post-monsoon
2022-10-08 01:00:00,14.0,1.55,25.22,10,Post-monsoon
2022-10-08 02:00:00,16.0,1.52,25.17,10,Post-monsoon
2022-10-08 03:00:00,14.5,1.52,25.18,10,Post-monsoon
2022-10-08 04:00:00,19.0,1.5,25.18,10,Post-monsoon
2022-10-08 05:00:00,12.0,1.5,25.2,10,Post-monsoon
2022-10-08 06:00:00,5.0,1.52,25.22,10,Post-monsoon
2022-10-08 07:00:00,5.5,1.5,25.2,10,Post-monsoon
2022-10-08 08:00:00,7.0,1.5,25.17,10,Post-monsoon
2022-10-08 09:00:00,7.0,1.5,25.18,10,Post-monsoon
2022-10-08 10:00:00,7.0,1.5,25.1,10,Post-monsoon
2022-10-08 11:00:00,6.0,1.5,25.15,10,Post-monsoon
2022-10-08 12:00:00,5.75,1.5,25.2,10,Post-monsoon
2022-10-08 13:00:00,5.25,1.5,25.12,10,Post-monsoon
2022-10-08 14:00:00,7.5,1.5,25.2,10,Post-monsoon
2022-10-08 15:00:00,12.0,1.5,25.17,10,Post-monsoon
2022-10-08 16:00:00,5.0,1.5,25.2,10,Post-monsoon
2022-10-08 17:00:00,4.5,1.5,25.2,10,Post-monsoon
2022-10-08 18:00:00,3.0,1.5,25.2,10,Post-monsoon
2022-10-08 19:00:00,3.5,1.5,25.1,10,Post-monsoon
2022-10-08 20:00:00,5.0,1.5,25.1,10,Post-monsoon
2022-10-08 21:00:00,3.666666666666667,1.5,25.1,10,Post-monsoon
2022-10-08 22:00:00,2.333333333333333,1.5,25.12,10,Post-monsoon
2022-10-08 23:00:00,1.0,1.5,25.13,10,Post-monsoon
2022-10-09 00:00:00,1.0,1.5,25.12,10,Post-monsoon
2022-10-09 01:00:00,1.8,1.5,25.12,10,Post-monsoon
2022-10-09 02:00:00,2.6,1.5,25.2,10,Post-monsoon
2022-10-09 03:00:00,3.4000000000000004,1.5,25.2,10,Post-monsoon
2022-10-09 04:00:00,,1.5,25.15,10,Post-monsoon
2022-10-09 05:00:00,,1.5,25.2,10,Post-monsoon
2022-10-09 06:00:00,,1.5,25.2,10,Post-monsoon
2022-10-09 07:00:00,,1.5,25.2,10,Post-monsoon
2022-10-09 08:00:00,,1.5,25.2,10,Post-monsoon
2022-10-09 09:00:00,,1.5,25.2,10,Post-monsoon
2022-10-09 10:00:00,9.0,1.5,25.2,10,Post-monsoon
2022-10-09 11:00:00,8.25,1.5,25.2,10,Post-monsoon
2022-10-09 12:00:00,6.0,1.5,25.2,10,Post-monsoon
2022-10-09 13:00:00,5.5,1.5,25.2,10,Post-monsoon
2022-10-09 14:00:00,5.0,1.55,25.22,10,Post-monsoon
2022-10-09 15:00:00,4.5,1.58,25.28,10,Post-monsoon
2022-10-09 16:00:00,,1.55,25.25,10,Post-monsoon
2022-10-09 17:00:00,,1.5,25.2,10,Post-monsoon
2022-10-09 18:00:00,3.0,1.5,25.2,10,Post-monsoon
2022-10-09 19:00:00,3.75,1.5,25.15,10,Post-monsoon
2022-10-09 20:00:00,6.0,1.5,25.2,10,Post-monsoon
2022-10-09 21:00:00,5.25,1.5,25.2,10,Post-monsoon
2022-10-09 22:00:00,4.5,1.5,25.2,10,Post-monsoon
2022-10-09 23:00:00,3.75,1.5,25.17,10,Post-monsoon
2022-10-10 00:00:00,3.0,1.5,25.2,10,Post-monsoon
2022-10-10 01:00:00,2.75,1.5,25.15,10,Post-monsoon
2022-10-10 02:00:00,2.0,1.5,25.17,10,Post-monsoon
2022-10-10 03:00:00,3.0,1.5,25.12,10,Post-monsoon
2022-10-10 04:00:00,3.75,1.5,25.1,10,Post-monsoon
2022-10-10 05:00:00,6.0,1.5,25.15,10,Post-monsoon
2022-10-10 06:00:00,8.0,1.5,25.15,10,Post-monsoon
2022-10-10 07:00:00,8.0,1.5,25.15,10,Post-monsoon
2022-10-10 08:00:00,8.333333333333334,1.5,25.15,10,Post-monsoon
2022-10-10 09:00:00,8.666666666666666,1.5,25.13,10,Post-monsoon
2022-10-10 10:00:00,9.0,1.5,25.2,10,Post-monsoon
2022-10-10 11:00:00,9.75,1.5,25.2,10,Post-monsoon
2022-10-10 12:00:00,11.0,1.52,25.2,10,Post-monsoon
2022-10-10 13:00:00,7.75,1.5,25.2,10,Post-monsoon
2022-10-10 14:00:00,7.5,1.5,25.2,10,Post-monsoon
2022-10-10 15:00:00,8.75,1.5,25.2,10,Post-monsoon
2022-10-10 16:00:00,12.0,1.5,25.2,10,Post-monsoon
2022-10-10 17:00:00,23.75,4.47,125.65,10,Post-monsoon
2022-10-10 18:00:00,20.0,4.52,149.45,10,Post-monsoon
2022-10-10 19:00:00,14.0,1.15,128.78,10,Post-monsoon
2022-10-10 20:00:00,14.0,1.12,124.75,10,Post-monsoon
2022-10-10 21:00:00,18.0,1.12,127.32,10,Post-monsoon
2022-10-10 22:00:00,17.75,1.15,135.68,10,Post-monsoon
2022-10-10 23:00:00,15.75,1.1,142.82,10,Post-monsoon
2022-10-11 00:00:00,12.5,0.98,130.12,10,Post-monsoon
2022-10-11 01:00:00,13.5,1.12,131.72,10,Post-monsoon
2022-10-11 02:00:00,13.0,1.18,134.8,10,Post-monsoon
2022-10-11 03:00:00,16.0,1.18,138.65,10,Post-monsoon
2022-10-11 04:00:00,17.0,0.85,157.22,10,Post-monsoon
2022-10-11 05:00:00,19.25,1.23,176.78,10,Post-monsoon
2022-10-11 06:00:00,17.25,1.25,181.32,10,Post-monsoon
2022-10-11 07:00:00,19.5,1.15,283.3,10,Post-monsoon
2022-10-11 08:00:00,25.25,1.23,306.73,10,Post-monsoon
2022-10-11 09:00:00,30.0,1.15,244.92,10,Post-monsoon
2022-10-11 10:00:00,31.75,0.7,194.0,10,Post-monsoon
2022-10-11 11:00:00,25.75,0.65,140.78,10,Post-monsoon
2022-10-11 12:00:00,26.75,0.88,99.58,10,Post-monsoon
2022-10-11 13:00:00,47.5,0.92,113.42,10,Post-monsoon
2022-10-11 14:00:00,37.5,0.85,119.52,10,Post-monsoon
2022-10-11 15:00:00,31.5,1.05,122.57,10,Post-monsoon
2022-10-11 16:00:00,32.0,1.1,130.3,10,Post-monsoon
2022-10-11 17:00:00,22.25,1.33,132.52,10,Post-monsoon
2022-10-11 18:00:00,31.25,0.95,120.22,10,Post-monsoon
2022-10-11 19:00:00,42.25,1.35,215.75,10,Post-monsoon
2022-10-11 20:00:00,54.25,1.42,218.68,10,Post-monsoon
2022-10-11 21:00:00,57.75,1.35,156.07,10,Post-monsoon
2022-10-11 22:00:00,74.75,1.15,213.72,10,Post-monsoon
2022-10-11 23:00:00,71.0,1.08,306.42,10,Post-monsoon
2022-10-12 00:00:00,61.25,1.18,285.75,10,Post-monsoon
2022-10-12 01:00:00,58.0,1.25,292.8,10,Post-monsoon
2022-10-12 02:00:00,54.25,1.15,302.48,10,Post-monsoon
2022-10-12 03:00:00,53.5,1.1,312.95,10,Post-monsoon
2022-10-12 04:00:00,56.75,1.08,295.82,10,Post-monsoon
2022-10-12 05:00:00,52.5,1.3,308.52,10,Post-monsoon
2022-10-12 06:00:00,51.5,1.12,297.3,10,Post-monsoon
2022-10-12 07:00:00,60.75,1.15,292.6,10,Post-monsoon
2022-10-12 08:00:00,84.5,1.1,288.92,10,Post-monsoon
2022-10-12 09:00:00,87.0,1.05,294.42,10,Post-monsoon
2022-10-12 10:00:00,85.0,0.92,307.05,10,Post-monsoon
2022-10-12 11:00:00,65.5,0.72,188.85,10,Post-monsoon
2022-10-12 12:00:00,52.25,0.7,133.43,10,Post-monsoon
2022-10-12 13:00:00,53.0,1.02,292.1,10,Post-monsoon
2022-10-12 14:00:00,45.5,1.03,286.25,10,Post-monsoon
2022-10-12 15:00:00,38.0,1.05,291.58,10,Post-monsoon
2022-10-12 16:00:00,37.0,1.08,292.65,10,Post-monsoon
2022-10-12 17:00:00,36.0,1.18,298.05,10,Post-monsoon
2022-10-12 18:00:00,44.5,1.18,304.1,10,Post-monsoon
2022-10-12 19:00:00,55.0,1.2,292.08,10,Post-monsoon
2022-10-12 20:00:00,65.0,1.2,302.5,10,Post-monsoon
2022-10-12 21:00:00,68.25,1.18,301.38,10,Post-monsoon
2022-10-12 22:00:00,64.5,1.25,297.05,10,Post-monsoon
2022-10-12 23:00:00,51.5,1.1,275.7,10,Post-monsoon
2022-10-13 00:00:00,52.25,1.18,293.77,10,Post-monsoon
2022-10-13 01:00:00,47.25,0.8,305.82,10,Post-monsoon
2022-10-13 02:00:00,40.5,1.1,305.6,10,Post-monsoon
2022-10-13 03:00:00,43.75,0.5,305.58,10,Post-monsoon
2022-10-13 04:00:00,41.5,1.2,301.7,10,Post-monsoon
2022-10-13 05:00:00,48.75,1.2,277.3,10,Post-monsoon
2022-10-13 06:00:00,57.0,1.1,291.35,10,Post-monsoon
2022-10-13 07:00:00,57.0,1.15,292.02,10,Post-monsoon
2022-10-13 08:00:00,56.0,1.1,283.9,10,Post-monsoon
2022-10-13 09:00:00,52.75,1.1,289.0,10,Post-monsoon
2022-10-13 10:00:00,49.5,1.12,298.12,10,Post-monsoon
2022-10-13 11:00:00,49.0,1.0,298.3,10,Post-monsoon
2022-10-13 12:00:00,53.5,1.02,310.75,10,Post-monsoon
2022-10-13 13:00:00,43.0,1.08,310.62,10,Post-monsoon
2022-10-13 14:00:00,32.25,1.1,304.7,10,Post-monsoon
2022-10-13 15:00:00,26.5,1.08,309.23,10,Post-monsoon
2022-10-13 16:00:00,23.0,1.12,304.62,10,Post-monsoon
2022-10-13 17:00:00,17.25,1.12,304.38,10,Post-monsoon
2022-10-13 18:00:00,23.5,1.12,290.98,10,Post-monsoon
2022-10-13 19:00:00,42.75,1.4,291.12,10,Post-monsoon
2022-10-13 20:00:00,57.0,1.15,291.0,10,Post-monsoon
2022-10-13 21:00:00,73.5,1.15,305.8,10,Post-monsoon
2022-10-13 22:00:00,70.5,1.18,308.38,10,Post-monsoon
2022-10-13 23:00:00,75.75,1.22,307.45,10,Post-monsoon
2022-10-14 00:00:00,76.75,1.2,286.72,10,Post-monsoon
2022-10-14 01:00:00,72.0,1.18,305.1,10,Post-monsoon
2022-10-14 02:00:00,68.5,1.23,290.05,10,Post-monsoon
2022-10-14 03:00:00,68.25,1.25,289.88,10,Post-monsoon
2022-10-14 04:00:00,73.25,1.2,289.48,10,Post-monsoon
2022-10-14 05:00:00,78.0,1.2,289.35,10,Post-monsoon
2022-10-14 06:00:00,80.75,1.17,306.08,10,Post-monsoon
2022-10-14 07:00:00,79.5,1.15,303.23,10,Post-monsoon
2022-10-14 08:00:00,80.5,1.1,308.62,10,Post-monsoon
2022-10-14 09:00:00,84.25,1.08,307.77,10,Post-monsoon
2022-10-14 10:00:00,67.75,0.92,327.3,10,Post-monsoon
2022-10-14 11:00:00,51.75,1.02,311.38,10,Post-monsoon
2022-10-14 12:00:00,49.5,1.05,307.25,10,Post-monsoon
2022-10-14 13:00:00,44.25,0.98,306.73,10,Post-monsoon
2022-10-14 14:00:00,41.5,1.05,311.55,10,Post-monsoon
2022-10-14 15:00:00,40.0,1.05,309.08,10,Post-monsoon
2022-10-14 16:00:00,41.25,1.15,303.7,10,Post-monsoon
2022-10-14 17:00:00,46.75,1.18,299.73,10,Post-monsoon
2022-10-14 18:00:00,54.75,1.15,300.45,10,Post-monsoon
2022-10-14 19:00:00,64.25,1.15,306.3,10,Post-monsoon
2022-10-14 20:00:00,72.25,1.2,303.02,10,Post-monsoon
2022-10-14 21:00:00,87.5,1.12,310.45,10,Post-monsoon
2022-10-14 22:00:00,92.0,1.23,310.38,10,Post-monsoon
2022-10-14 23:00:00,82.5,1.18,309.65,10,Post-monsoon
2022-10-15 00:00:00,80.0,1.18,295.22,10,Post-monsoon
2022-10-15 01:00:00,79.25,1.22,292.2,10,Post-monsoon
2022-10-15 02:00:00,86.75,1.23,292.35,10,Post-monsoon
2022-10-15 03:00:00,89.25,1.18,292.1,10,Post-monsoon
2022-10-15 04:00:00,94.0,1.2,295.85,10,Post-monsoon
2022-10-15 05:00:00,107.25,1.15,316.42,10,Post-monsoon
2022-10-15 06:00:00,110.25,1.25,315.65,10,Post-monsoon
2022-10-15 07:00:00,110.0,1.15,306.9,10,Post-monsoon
2022-10-15 08:00:00,115.5,1.1,297.82,10,Post-monsoon
2022-10-15 09:00:00,114.75,1.05,312.55,10,Post-monsoon
2022-10-15 10:00:00,108.5,1.08,311.4,10,Post-monsoon
2022-10-15 11:00:00,80.25,0.88,322.82,10,Post-monsoon
2022-10-15 12:00:00,68.75,0.95,313.08,10,Post-monsoon
2022-10-15 13:00:00,55.5,0.8,308.42,10,Post-monsoon
2022-10-15 14:00:00,45.25,0.95,319.7,10,Post-monsoon
2022-10-15 15:00:00,44.25,1.05,303.35,10,Post-monsoon
2022-10-15 16:00:00,39.5,1.15,300.8,10,Post-monsoon
2022-10-15 17:00:00,43.5,1.2,301.15,10,Post-monsoon
2022-10-15 18:00:00,52.75,1.7,300.9,10,Post-monsoon
2022-10-15 19:00:00,62.0,1.7,300.73,10,Post-monsoon
2022-10-15 20:00:00,82.25,1.7,300.7,10,Post-monsoon
2022-10-15 21:00:00,108.0,1.6,300.42,10,Post-monsoon
2022-10-15 22:00:00,111.5,1.32,300.42,10,Post-monsoon
2022-10-15 23:00:00,113.75,1.35,300.4,10,Post-monsoon
2022-10-16 00:00:00,112.75,1.18,287.08,10,Post-monsoon
2022-10-16 01:00:00,98.0,1.3,284.75,10,Post-monsoon
2022-10-16 02:00:00,84.25,1.1,310.48,10,Post-monsoon
2022-10-16 03:00:00,93.0,1.15,288.15,10,Post-monsoon
2022-10-16 04:00:00,107.25,0.85,222.95,10,Post-monsoon
2022-10-16 05:00:00,105.5,1.62,222.88,10,Post-monsoon
2022-10-16 06:00:00,107.0,1.5,222.9,10,Post-monsoon
2022-10-16 07:00:00,111.5,1.02,283.83,10,Post-monsoon
2022-10-16 08:00:00,125.75,1.1,298.08,10,Post-monsoon
2022-10-16 09:00:00,127.25,0.95,322.4,10,Post-monsoon
2022-10-16 10:00:00,122.75,0.7,247.82,10,Post-monsoon
2022-10-16 11:00:00,115.0,0.62,242.38,10,Post-monsoon
2022-10-16 12:00:00,111.75,0.75,230.12,10,Post-monsoon
2022-10-16 13:00:00,106.0,1.02,299.55,10,Post-monsoon
2022-10-16 14:00:00,90.5,1.1,307.17,10,Post-monsoon
2022-10-16 15:00:00,82.75,1.12,292.18,10,Post-monsoon
2022-10-16 16:00:00,63.75,1.12,294.95,10,Post-monsoon
2022-10-16 17:00:00,65.5,1.03,301.45,10,Post-monsoon
2022-10-16 18:00:00,75.0,0.32,306.17,10,Post-monsoon
2022-10-16 19:00:00,81.0,1.02,306.5,10,Post-monsoon
2022-10-16 20:00:00,93.25,1.35,306.3,10,Post-monsoon
2022-10-16 21:00:00,128.0,1.15,306.9,10,Post-monsoon
2022-10-16 22:00:00,125.25,1.7,307.0,10,Post-monsoon
2022-10-16 23:00:00,135.0,0.88,306.9,10,Post-monsoon
2022-10-17 00:00:00,133.25,1.2,306.3,10,Post-monsoon
2022-10-17 01:00:00,124.25,1.3,305.95,10,Post-monsoon
2022-10-17 02:00:00,111.5,0.8,305.23,10,Post-monsoon
2022-10-17 03:00:00,107.75,0.82,304.95,10,Post-monsoon
2022-10-17 04:00:00,110.75,0.5,304.9,10,Post-monsoon
2022-10-17 05:00:00,110.5,1.4,304.92,10,Post-monsoon
2022-10-17 06:00:00,102.75,1.25,305.22,10,Post-monsoon
2022-10-17 07:00:00,107.0,1.15,304.8,10,Post-monsoon
2022-10-17 08:00:00,123.25,1.08,287.92,10,Post-monsoon
2022-10-17 09:00:00,120.0,1.0,294.4,10,Post-monsoon
2022-10-17 10:00:00,108.33,0.75,216.12,10,Post-monsoon
2022-10-17 11:00:00,107.5,1.03,314.0,10,Post-monsoon
2022-10-17 12:00:00,87.75,0.75,279.02,10,Post-monsoon
2022-10-17 13:00:00,78.0,0.95,269.4,10,Post-monsoon
2022-10-17 14:00:00,75.75,1.0,290.45,10,Post-monsoon
2022-10-17 15:00:00,66.5,1.08,294.8,10,Post-monsoon
2022-10-17 16:00:00,58.75,1.05,299.92,10,Post-monsoon
2022-10-17 17:00:00,61.5,1.15,303.38,10,Post-monsoon
2022-10-17 18:00:00,71.5,0.68,313.38,10,Post-monsoon
2022-10-17 19:00:00,76.25,1.2,329.92,10,Post-monsoon
2022-10-17 20:00:00,98.75,0.72,337.78,10,Post-monsoon
2022-10-17 21:00:00,112.25,0.98,337.4,10,Post-monsoon
2022-10-17 22:00:00,123.75,1.12,337.72,10,Post-monsoon
2022-10-17 23:00:00,143.5,1.25,344.9,10,Post-monsoon
2022-10-18 00:00:00,159.5,0.3,185.92,10,Post-monsoon
2022-10-18 01:00:00,151.5,0.3,352.45,10,Post-monsoon
2022-10-18 02:00:00,130.0,0.35,183.27,10,Post-monsoon
2022-10-18 03:00:00,121.25,0.8,12.3,10,Post-monsoon
2022-10-18 04:00:00,114.25,1.3,11.28,10,Post-monsoon
2022-10-18 05:00:00,122.0,1.3,3.9,10,Post-monsoon
2022-10-18 06:00:00,137.75,1.15,243.25,10,Post-monsoon
2022-10-18 07:00:00,145.5,1.2,320.05,10,Post-monsoon
2022-10-18 08:00:00,129.75,1.02,316.92,10,Post-monsoon
2022-10-18 09:00:00,107.5,0.92,316.02,10,Post-monsoon
2022-10-18 10:00:00,86.0,1.02,274.7,10,Post-monsoon
2022-10-18 11:00:00,78.5,0.88,254.0,10,Post-monsoon
2022-10-18 12:00:00,75.25,1.0,245.77,10,Post-monsoon
2022-10-18 13:00:00,74.5,0.98,272.78,10,Post-monsoon
2022-10-18 14:00:00,56.75,0.92,270.65,10,Post-monsoon
2022-10-18 15:00:00,44.25,1.05,283.58,10,Post-monsoon
2022-10-18 16:00:00,43.25,1.1,287.05,10,Post-monsoon
2022-10-18 17:00:00,41.25,0.43,205.35,10,Post-monsoon
2022-10-18 18:00:00,53.0,1.05,179.08,10,Post-monsoon
2022-10-18 19:00:00,64.25,1.7,179.0,10,Post-monsoon
2022-10-18 20:00:00,90.5,1.55,178.95,10,Post-monsoon
2022-10-18 21:00:00,124.75,1.7,178.9,10,Post-monsoon
2022-10-18 22:00:00,136.25,1.67,178.82,10,Post-monsoon
2022-10-18 23:00:00,148.5,1.38,198.1,10,Post-monsoon
2022-10-19 00:00:00,155.75,1.27,199.32,10,Post-monsoon
2022-10-19 01:00:00,148.75,1.52,203.32,10,Post-monsoon
2022-10-19 02:00:00,126.0,1.58,203.23,10,Post-monsoon
2022-10-19 03:00:00,110.25,1.2,202.92,10,Post-monsoon
2022-10-19 04:00:00,100.5,1.7,202.88,10,Post-monsoon
2022-10-19 05:00:00,107.25,1.23,202.88,10,Post-monsoon
2022-10-19 06:00:00,111.25,1.42,228.2,10,Post-monsoon
2022-10-19 07:00:00,102.75,1.4,165.58,10,Post-monsoon
2022-10-19 08:00:00,100.75,1.12,114.58,10,Post-monsoon
2022-10-19 09:00:00,89.25,1.02,184.75,10,Post-monsoon
2022-10-19 10:00:00,66.0,0.92,247.32,10,Post-monsoon
2022-10-19 11:00:00,45.0,0.88,245.9,10,Post-monsoon
2022-10-19 12:00:00,45.0,0.75,230.8,10,Post-monsoon
2022-10-19 13:00:00,56.0,0.98,273.05,10,Post-monsoon
2022-10-19 14:00:00,49.5,0.82,271.45,10,Post-monsoon
2022-10-19 15:00:00,29.25,0.8,301.18,10,Post-monsoon
2022-10-19 16:00:00,28.5,1.15,154.37,10,Post-monsoon
2022-10-19 17:00:00,38.75,1.18,102.5,10,Post-monsoon
2022-10-19 18:00:00,59.5,1.15,137.35,10,Post-monsoon
2022-10-19 19:00:00,74.5,0.3,137.02,10,Post-monsoon
2022-10-19 20:00:00,94.5,0.3,137.2,10,Post-monsoon
2022-10-19 21:00:00,123.25,1.2,137.52,10,Post-monsoon
2022-10-19 22:00:00,149.5,1.42,138.12,10,Post-monsoon
2022-10-19 23:00:00,149.5,1.23,132.25,10,Post-monsoon
2022-10-20 00:00:00,158.5,1.62,146.5,10,Post-monsoon
2022-10-20 01:00:00,139.5,1.7,147.18,10,Post-monsoon
2022-10-20 02:00:00,122.0,1.12,147.5,10,Post-monsoon
2022-10-20 03:00:00,122.75,1.35,147.58,10,Post-monsoon
2022-10-20 04:00:00,131.75,1.6,147.5,10,Post-monsoon
2022-10-20 05:00:00,124.5,1.68,147.2,10,Post-monsoon
2022-10-20 06:00:00,121.5,1.27,157.45,10,Post-monsoon
2022-10-20 07:00:00,120.0,1.18,264.15,10,Post-monsoon
2022-10-20 08:00:00,122.5,0.8,282.52,10,Post-monsoon
2022-10-20 09:00:00,96.5,0.98,275.48,10,Post-monsoon
2022-10-20 10:00:00,71.5,0.88,260.35,10,Post-monsoon
2022-10-20 11:00:00,57.25,0.92,250.12,10,Post-monsoon
2022-10-20 12:00:00,62.25,0.8,221.63,10,Post-monsoon
2022-10-20 13:00:00,56.5,0.62,233.62,10,Post-monsoon
2022-10-20 14:00:00,56.75,0.85,159.8,10,Post-monsoon
2022-10-20 15:00:00,62.5,1.12,124.58,10,Post-monsoon
2022-10-20 16:00:00,65.5,1.12,121.52,10,Post-monsoon
2022-10-20 17:00:00,73.25,1.25,144.4,10,Post-monsoon
2022-10-20 18:00:00,87.5,1.12,142.8,10,Post-monsoon
2022-10-20 19:00:00,108.25,1.02,131.55,10,Post-monsoon
2022-10-20 20:00:00,132.75,0.68,139.1,10,Post-monsoon
2022-10-20 21:00:00,143.5,1.27,109.2,10,Post-monsoon
2022-10-20 22:00:00,157.0,0.92,111.5,10,Post-monsoon
2022-10-20 23:00:00,175.5,1.45,116.62,10,Post-monsoon
2022-10-21 00:00:00,173.25,1.52,111.3,10,Post-monsoon
2022-10-21 01:00:00,157.25,1.65,112.78,10,Post-monsoon
2022-10-21 02:00:00,141.75,1.4,145.15,10,Post-monsoon
2022-10-21 03:00:00,136.0,0.85,183.25,10,Post-monsoon
2022-10-21 04:00:00,129.75,1.05,183.22,10,Post-monsoon
2022-10-21 05:00:00,131.5,1.67,183.3,10,Post-monsoon
2022-10-21 06:00:00,138.25,1.25,183.3,10,Post-monsoon
2022-10-21 07:00:00,137.0,0.82,183.48,10,Post-monsoon
2022-10-21 08:00:00,145.0,1.15,196.65,10,Post-monsoon
2022-10-21 09:00:00,151.25,1.08,275.85,10,Post-monsoon
2022-10-21 10:00:00,121.75,0.95,284.77,10,Post-monsoon
2022-10-21 11:00:00,103.25,0.9,291.42,10,Post-monsoon
2022-10-21 12:00:00,74.25,0.98,286.9,10,Post-monsoon
2022-10-21 13:00:00,60.75,0.95,291.18,10,Post-monsoon
2022-10-21 14:00:00,45.0,0.98,285.85,10,Post-monsoon
2022-10-21 15:00:00,41.0,0.98,284.2,10,Post-monsoon
2022-10-21 16:00:00,41.0,0.92,282.35,10,Post-monsoon
2022-10-21 17:00:00,44.5,1.0,288.73,10,Post-monsoon
2022-10-21 18:00:00,52.0,1.7,288.45,10,Post-monsoon
2022-10-21 19:00:00,67.0,1.48,288.58,10,Post-monsoon
2022-10-21 20:00:00,103.75,0.95,288.52,10,Post-monsoon
2022-10-21 21:00:00,112.0,1.25,288.58,10,Post-monsoon
2022-10-21 22:00:00,132.25,1.55,288.85,10,Post-monsoon
2022-10-21 23:00:00,142.75,0.98,288.57,10,Post-monsoon
2022-10-22 00:00:00,136.0,1.23,278.38,10,Post-monsoon
2022-10-22 01:00:00,125.0,0.9,277.52,10,Post-monsoon
2022-10-22 02:00:00,121.0,1.45,279.42,10,Post-monsoon
2022-10-22 03:00:00,129.0,1.25,289.62,10,Post-monsoon
2022-10-22 04:00:00,141.0,1.25,281.52,10,Post-monsoon
2022-10-22 05:00:00,147.0,1.08,262.8,10,Post-monsoon
2022-10-22 06:00:00,150.0,1.15,301.83,10,Post-monsoon
2022-10-22 07:00:00,146.0,1.15,284.98,10,Post-monsoon
2022-10-22 08:00:00,153.0,1.1,284.88,10,Post-monsoon
2022-10-22 09:00:00,152.0,1.12,279.3,10,Post-monsoon
2022-10-22 10:00:00,144.0,1.05,281.8,10,Post-monsoon
2022-10-22 11:00:00,122.0,1.05,281.15,10,Post-monsoon
2022-10-22 12:00:00,103.0,0.88,288.77,10,Post-monsoon
2022-10-22 13:00:00,80.0,0.85,286.12,10,Post-monsoon
2022-10-22 14:00:00,63.0,0.88,272.25,10,Post-monsoon
2022-10-22 15:00:00,42.0,1.0,269.93,10,Post-monsoon
2022-10-22 16:00:00,36.0,1.1,266.02,10,Post-monsoon
2022-10-22 17:00:00,41.0,1.18,256.22,10,Post-monsoon
2022-10-22 18:00:00,58.0,1.18,252.25,10,Post-monsoon
2022-10-22 19:00:00,78.0,1.15,268.77,10,Post-monsoon
2022-10-22 20:00:00,96.0,1.17,291.8,10,Post-monsoon
2022-10-22 21:00:00,129.25,1.23,290.02,10,Post-monsoon
2022-10-22 22:00:00,149.25,1.15,279.38,10,Post-monsoon
2022-10-22 23:00:00,156.0,1.15,279.77,10,Post-monsoon
2022-10-23 00:00:00,144.0,1.25,279.92,10,Post-monsoon
2022-10-23 01:00:00,124.0,0.45,279.85,10,Post-monsoon
2022-10-23 02:00:00,125.0,0.3,279.85,10,Post-monsoon
2022-10-23 03:00:00,116.0,1.25,279.73,10,Post-monsoon
2022-10-23 04:00:00,108.0,1.3,279.17,10,Post-monsoon
2022-10-23 05:00:00,96.0,1.3,278.7,10,Post-monsoon
2022-10-23 06:00:00,97.0,0.95,273.77,10,Post-monsoon
2022-10-23 07:00:00,105.0,1.1,262.55,10,Post-monsoon
2022-10-23 08:00:00,128.0,1.15,263.85,10,Post-monsoon
2022-10-23 09:00:00,128.0,1.08,268.05,10,Post-monsoon
2022-10-23 10:00:00,112.0,0.98,271.33,10,Post-monsoon
2022-10-23 11:00:00,132.0,0.73,299.05,10,Post-monsoon
2022-10-23 12:00:00,125.0,0.92,266.95,10,Post-monsoon
2022-10-23 13:00:00,114.0,0.7,174.05,10,Post-monsoon
2022-10-23 14:00:00,111.0,0.37,238.92,10,Post-monsoon
2022-10-23 15:00:00,111.0,0.95,206.28,10,Post-monsoon
2022-10-23 16:00:00,92.0,1.2,271.45,10,Post-monsoon
2022-10-23 17:00:00,89.0,1.7,280.2,10,Post-monsoon
2022-10-23 18:00:00,103.0,1.7,280.23,10,Post-monsoon
2022-10-23 19:00:00,123.0,1.5,280.83,10,Post-monsoon
2022-10-23 20:00:00,173.0,0.8,281.15,10,Post-monsoon
2022-10-23 21:00:00,210.0,0.48,280.92,10,Post-monsoon
2022-10-23 22:00:00,226.0,0.3,280.95,10,Post-monsoon
2022-10-23 23:00:00,204.0,0.62,281.05,10,Post-monsoon
2022-10-24 00:00:00,207.0,1.1,280.42,10,Post-monsoon
2022-10-24 01:00:00,227.0,1.02,260.02,10,Post-monsoon
2022-10-24 02:00:00,226.0,1.23,252.7,10,Post-monsoon
2022-10-24 03:00:00,210.0,1.68,252.9,10,Post-monsoon
2022-10-24 04:00:00,195.0,1.7,253.12,10,Post-monsoon
2022-10-24 05:00:00,182.0,0.95,253.12,10,Post-monsoon
2022-10-24 06:00:00,173.0,1.15,261.58,10,Post-monsoon
2022-10-24 07:00:00,164.0,1.2,257.35,10,Post-monsoon
2022-10-24 08:00:00,168.0,1.08,269.02,10,Post-monsoon
2022-10-24 09:00:00,174.75,1.0,270.68,10,Post-monsoon
2022-10-24 10:00:00,201.0,0.98,274.38,10,Post-monsoon
2022-10-24 11:00:00,207.0,0.75,290.25,10,Post-monsoon
2022-10-24 12:00:00,145.0,0.92,275.77,10,Post-monsoon
2022-10-24 13:00:00,125.5,0.85,274.32,10,Post-monsoon
2022-10-24 14:00:00,98.75,0.85,276.5,10,Post-monsoon
2022-10-24 15:00:00,86.0,1.02,268.83,10,Post-monsoon
2022-10-24 16:00:00,86.25,1.08,264.75,10,Post-monsoon
2022-10-24 17:00:00,68.25,1.1,263.25,10,Post-monsoon
2022-10-24 18:00:00,72.25,1.02,295.75,10,Post-monsoon
2022-10-24 19:00:00,91.0,1.15,261.48,10,Post-monsoon
2022-10-24 20:00:00,146.0,1.33,252.82,10,Post-monsoon
2022-10-24 21:00:00,259.0,1.18,252.88,10,Post-monsoon
2022-10-24 22:00:00,465.0,1.28,266.75,10,Post-monsoon
2022-10-24 23:00:00,621.0,1.18,274.92,10,Post-monsoon
2022-10-25 00:00:00,738.0,1.05,282.55,10,Post-monsoon
2022-10-25 01:00:00,725.0,1.2,282.08,10,Post-monsoon
2022-10-25 02:00:00,670.5,1.12,282.53,10,Post-monsoon
2022-10-25 03:00:00,502.0,1.2,267.27,10,Post-monsoon
2022-10-25 04:00:00,304.75,1.25,283.62,10,Post-monsoon
2022-10-25 05:00:00,183.5,1.1,267.48,10,Post-monsoon
2022-10-25 06:00:00,162.25,1.08,269.15,10,Post-monsoon
2022-10-25 07:00:00,154.25,1.08,263.85,10,Post-monsoon
2022-10-25 08:00:00,143.25,1.12,267.62,10,Post-monsoon
2022-10-25 09:00:00,131.5,1.12,270.15,10,Post-monsoon
2022-10-25 10:00:00,118.25,1.08,269.02,10,Post-monsoon
2022-10-25 11:00:00,106.0,1.02,269.35,10,Post-monsoon
2022-10-25 12:00:00,90.75,0.9,272.98,10,Post-monsoon
2022-10-25 13:00:00,76.75,1.0,271.48,10,Post-monsoon
2022-10-25 14:00:00,62.75,1.0,267.3,10,Post-monsoon
2022-10-25 15:00:00,57.5,1.0,266.8,10,Post-monsoon
2022-10-25 16:00:00,53.5,1.05,265.45,10,Post-monsoon
2022-10-25 17:00:00,58.0,1.05,276.67,10,Post-monsoon
2022-10-25 18:00:00,68.5,1.23,308.45,10,Post-monsoon
2022-10-25 19:00:00,80.25,1.03,252.52,10,Post-monsoon
2022-10-25 20:00:00,114.25,0.3,252.77,10,Post-monsoon
2022-10-25 21:00:00,152.75,0.5,252.95,10,Post-monsoon
2022-10-25 22:00:00,162.0,1.0,253.02,10,Post-monsoon
2022-10-25 23:00:00,175.25,1.68,252.88,10,Post-monsoon
2022-10-26 00:00:00,178.0,1.4,252.77,10,Post-monsoon
2022-10-26 01:00:00,175.0,1.33,252.77,10,Post-monsoon
2022-10-26 02:00:00,172.0,1.18,252.78,10,Post-monsoon
2022-10-26 03:00:00,159.5,1.5,252.75,10,Post-monsoon
2022-10-26 04:00:00,146.5,1.32,182.95,10,Post-monsoon
2022-10-26 05:00:00,137.5,1.27,333.28,10,Post-monsoon
2022-10-26 06:00:00,130.75,0.72,324.6,10,Post-monsoon
2022-10-26 07:00:00,123.5,1.4,340.78,10,Post-monsoon
2022-10-26 08:00:00,118.25,1.05,267.5,10,Post-monsoon
2022-10-26 09:00:00,106.0,1.02,267.38,10,Post-monsoon
2022-10-26 10:00:00,103.5,1.08,267.68,10,Post-monsoon
2022-10-26 11:00:00,104.0,0.85,279.82,10,Post-monsoon
2022-10-26 12:00:00,103.25,0.9,269.18,10,Post-monsoon
2022-10-26 13:00:00,109.0,0.85,262.65,10,Post-monsoon
2022-10-26 14:00:00,105.25,0.9,254.95,10,Post-monsoon
2022-10-26 15:00:00,102.25,1.15,265.45,10,Post-monsoon
2022-10-26 16:00:00,101.75,1.33,253.18,10,Post-monsoon
2022-10-26 17:00:00,108.0,0.75,252.32,10,Post-monsoon
2022-10-26 18:00:00,116.25,1.7,252.3,10,Post-monsoon
2022-10-26 19:00:00,144.75,1.6,252.52,10,Post-monsoon
2022-10-26 20:00:00,190.5,0.4,252.88,10,Post-monsoon
2022-10-26 21:00:00,215.5,0.38,253.1,10,Post-monsoon
2022-10-26 22:00:00,228.5,1.45,253.12,10,Post-monsoon
2022-10-26 23:00:00,245.25,0.7,252.8,10,Post-monsoon
2022-10-27 00:00:00,240.5,0.57,252.7,10,Post-monsoon
2022-10-27 01:00:00,223.25,1.2,252.78,10,Post-monsoon
2022-10-27 02:00:00,216.25,1.15,252.68,10,Post-monsoon
2022-10-27 03:00:00,200.0,1.48,252.9,10,Post-monsoon
2022-10-27 04:00:00,192.0,1.5,253.02,10,Post-monsoon
2022-10-27 05:00:00,185.0,0.9,253.05,10,Post-monsoon
2022-10-27 06:00:00,182.0,1.3,252.5,10,Post-monsoon
2022-10-27 07:00:00,172.5,0.85,252.85,10,Post-monsoon
2022-10-27 08:00:00,196.75,1.12,257.2,10,Post-monsoon
2022-10-27 09:00:00,223.5,1.0,198.45,10,Post-monsoon
2022-10-27 10:00:00,200.0,0.92,280.1,10,Post-monsoon
2022-10-27 11:00:00,177.0,1.08,261.7,10,Post-monsoon
2022-10-27 12:00:00,169.0,1.0,267.42,10,Post-monsoon
2022-10-27 13:00:00,157.25,1.05,267.08,10,Post-monsoon
2022-10-27 14:00:00,132.0,1.05,264.7,10,Post-monsoon
2022-10-27 15:00:00,110.25,1.03,264.58,10,Post-monsoon
2022-10-27 16:00:00,113.0,1.2,275.65,10,Post-monsoon
2022-10-27 17:00:00,101.5,1.68,279.98,10,Post-monsoon
2022-10-27 18:00:00,105.5,1.62,280.1,10,Post-monsoon
2022-10-27 19:00:00,123.0,1.2,258.92,10,Post-monsoon
2022-10-27 20:00:00,157.75,1.5,181.23,10,Post-monsoon
2022-10-27 21:00:00,171.75,1.42,181.3,10,Post-monsoon
2022-10-27 22:00:00,180.0,0.52,181.3,10,Post-monsoon
2022-10-27 23:00:00,208.0,0.98,180.27,10,Post-monsoon
2022-10-28 00:00:00,208.0,1.58,178.55,10,Post-monsoon
2022-10-28 01:00:00,194.0,1.7,178.58,10,Post-monsoon
2022-10-28 02:00:00,168.25,1.18,144.25,10,Post-monsoon
2022-10-28 03:00:00,135.5,0.32,42.0,10,Post-monsoon
2022-10-28 04:00:00,158.0,1.45,177.02,10,Post-monsoon
2022-10-28 05:00:00,158.75,1.3,177.25,10,Post-monsoon
2022-10-28 06:00:00,163.5,1.4,177.35,10,Post-monsoon
2022-10-28 07:00:00,171.25,1.5,177.52,10,Post-monsoon
2022-10-28 08:00:00,177.5,1.38,177.62,10,Post-monsoon
2022-10-28 09:00:00,198.0,1.0,248.0,10,Post-monsoon
2022-10-28 10:00:00,198.25,0.92,274.58,10,Post-monsoon
2022-10-28 11:00:00,158.25,0.8,281.67,10,Post-monsoon
2022-10-28 12:00:00,152.5,0.65,244.0,10,Post-monsoon
2022-10-28 13:00:00,185.25,0.6,212.58,10,Post-monsoon
2022-10-28 14:00:00,198.75,0.55,149.25,10,Post-monsoon
2022-10-28 15:00:00,168.5,1.15,34.95,10,Post-monsoon
2022-10-28 16:00:00,157.25,1.52,1.38,10,Post-monsoon
2022-10-28 17:00:00,176.25,1.08,1.15,10,Post-monsoon
2022-10-28 18:00:00,188.5,1.27,1.2,10,Post-monsoon
2022-10-28 19:00:00,201.25,0.48,1.2,10,Post-monsoon
2022-10-28 20:00:00,223.5,0.65,1.3,10,Post-monsoon
2022-10-28 21:00:00,249.5,1.27,156.45,10,Post-monsoon
2022-10-28 22:00:00,267.25,1.05,286.3,10,Post-monsoon
2022-10-28 23:00:00,259.5,1.05,265.85,10,Post-monsoon
2022-10-29 00:00:00,251.75,1.02,264.9,10,Post-monsoon
2022-10-29 01:00:00,251.0,1.32,265.55,10,Post-monsoon
2022-10-29 02:00:00,247.5,1.18,266.6,10,Post-monsoon
2022-10-29 03:00:00,238.5,1.27,266.68,10,Post-monsoon
2022-10-29 04:00:00,243.25,1.08,266.65,10,Post-monsoon
2022-10-29 05:00:00,244.0,1.2,265.95,10,Post-monsoon
2022-10-29 06:00:00,245.0,1.15,266.23,10,Post-monsoon
2022-10-29 07:00:00,253.0,1.2,266.1,10,Post-monsoon
2022-10-29 08:00:00,273.25,1.12,258.1,10,Post-monsoon
2022-10-29 09:00:00,286.75,1.12,262.85,10,Post-monsoon
2022-10-29 10:00:00,270.25,1.02,261.8,10,Post-monsoon
2022-10-29 11:00:00,239.0,1.15,263.8,10,Post-monsoon
2022-10-29 12:00:00,232.25,0.9,272.62,10,Post-monsoon
2022-10-29 13:00:00,209.0,1.02,268.73,10,Post-monsoon
2022-10-29 14:00:00,148.25,0.7,254.68,10,Post-monsoon
2022-10-29 15:00:00,150.75,1.23,252.1,10,Post-monsoon
2022-10-29 16:00:00,138.25,1.7,252.23,10,Post-monsoon
2022-10-29 17:00:00,144.75,1.7,252.23,10,Post-monsoon
2022-10-29 18:00:00,168.0,1.45,252.6,10,Post-monsoon
2022-10-29 19:00:00,192.5,1.3,252.65,10,Post-monsoon
2022-10-29 20:00:00,218.25,1.65,252.9,10,Post-monsoon
2022-10-29 21:00:00,242.0,1.42,253.08,10,Post-monsoon
2022-10-29 22:00:00,261.25,0.7,253.08,10,Post-monsoon
2022-10-29 23:00:00,270.25,1.02,140.5,10,Post-monsoon
2022-10-30 00:00:00,250.75,1.17,264.75,10,Post-monsoon
2022-10-30 01:00:00,219.25,1.25,252.65,10,Post-monsoon
2022-10-30 02:00:00,197.0,1.27,256.9,10,Post-monsoon
2022-10-30 03:00:00,194.5,1.2,273.33,10,Post-monsoon
2022-10-30 04:00:00,203.5,1.3,272.48,10,Post-monsoon
2022-10-30 05:00:00,196.25,1.2,272.02,10,Post-monsoon
2022-10-30 06:00:00,185.5,1.32,265.2,10,Post-monsoon
2022-10-30 07:00:00,177.75,1.18,253.18,10,Post-monsoon
2022-10-30 08:00:00,171.5,1.15,262.05,10,Post-monsoon
2022-10-30 09:00:00,149.75,1.15,262.1,10,Post-monsoon
2022-10-30 10:00:00,130.0,1.08,264.58,10,Post-monsoon
2022-10-30 11:00:00,117.75,1.03,265.45,10,Post-monsoon
2022-10-30 12:00:00,116.75,1.05,264.15,10,Post-monsoon
2022-10-30 13:00:00,122.25,1.0,266.55,10,Post-monsoon
2022-10-30 14:00:00,146.0,1.08,266.7,10,Post-monsoon
2022-10-30 15:00:00,162.75,1.15,260.48,10,Post-monsoon
2022-10-30 16:00:00,168.25,0.72,286.58,10,Post-monsoon
2022-10-30 17:00:00,171.75,0.3,289.0,10,Post-monsoon
2022-10-30 18:00:00,183.75,1.35,289.0,10,Post-monsoon
2022-10-30 19:00:00,201.5,0.82,289.02,10,Post-monsoon
2022-10-30 20:00:00,228.25,1.42,289.08,10,Post-monsoon
2022-10-30 21:00:00,251.75,1.22,289.4,10,Post-monsoon
2022-10-30 22:00:00,268.0,0.3,289.55,10,Post-monsoon
2022-10-30 23:00:00,298.0,1.2,289.73,10,Post-monsoon
2022-10-31 00:00:00,284.75,1.45,289.58,10,Post-monsoon
2022-10-31 01:00:00,269.5,1.25,289.23,10,Post-monsoon
2022-10-31 02:00:00,259.0,1.27,289.48,10,Post-monsoon
2022-10-31 03:00:00,249.0,0.95,279.45,10,Post-monsoon
2022-10-31 04:00:00,245.5,1.1,253.02,10,Post-monsoon
2022-10-31 05:00:00,241.75,1.23,253.72,10,Post-monsoon
2022-10-31 06:00:00,231.0,1.05,257.45,10,Post-monsoon
2022-10-31 07:00:00,213.25,1.05,205.6,10,Post-monsoon
2022-10-31 08:00:00,189.25,1.12,260.33,10,Post-monsoon
2022-10-31 09:00:00,167.5,1.1,260.27,10,Post-monsoon
2022-10-31 10:00:00,165.0,1.0,259.17,10,Post-monsoon
2022-10-31 11:00:00,174.5,0.95,265.45,10,Post-monsoon
2022-10-31 12:00:00,189.75,1.02,260.25,10,Post-monsoon
2022-10-31 13:00:00,211.5,1.12,265.55,10,Post-monsoon
2022-10-31 14:00:00,237.0,1.18,263.95,10,Post-monsoon
2022-10-31 15:00:00,251.5,1.1,203.6,10,Post-monsoon
2022-10-31 16:00:00,262.5,0.95,42.75,10,Post-monsoon
2022-10-31 17:00:00,248.75,0.68,145.48,10,Post-monsoon
2022-10-31 18:00:00,260.0,1.42,145.48,10,Post-monsoon
2022-10-31 19:00:00,273.5,1.05,145.42,10,Post-monsoon
2022-10-31 20:00:00,285.25,0.95,145.32,10,Post-monsoon
2022-10-31 21:00:00,283.5,0.82,145.73,10,Post-monsoon
2022-10-31 22:00:00,299.75,1.2,146.02,10,Post-monsoon
2022-10-31 23:00:00,311.75,0.95,145.98,10,Post-monsoon
2022-11-01 00:00:00,295.75,1.38,147.05,11,Post-monsoon
2022-11-01 01:00:00,289.5,1.18,147.93,11,Post-monsoon
2022-11-01 02:00:00,271.75,0.5,147.93,11,Post-monsoon
2022-11-01 03:00:00,267.75,1.0,149.65,11,Post-monsoon
2022-11-01 04:00:00,268.25,1.27,160.7,11,Post-monsoon
2022-11-01 05:00:00,273.75,1.2,161.68,11,Post-monsoon
2022-11-01 06:00:00,277.75,1.62,162.07,11,Post-monsoon
2022-11-01 07:00:00,275.5,1.27,163.5,11,Post-monsoon
2022-11-01 08:00:00,287.5,1.15,174.7,11,Post-monsoon
2022-11-01 09:00:00,320.0,1.15,233.88,11,Post-monsoon
2022-11-01 10:00:00,339.0,1.02,173.42,11,Post-monsoon
2022-11-01 11:00:00,293.75,0.98,224.92,11,Post-monsoon
2022-11-01 12:00:00,248.75,0.65,132.93,11,Post-monsoon
2022-11-01 13:00:00,204.0,0.82,70.9,11,Post-monsoon
2022-11-01 14:00:00,202.0,0.82,67.43,11,Post-monsoon
2022-11-01 15:00:00,161.0,1.0,178.5,11,Post-monsoon
2022-11-01 16:00:00,146.25,1.2,121.65,11,Post-monsoon
2022-11-01 17:00:00,134.0,1.7,125.12,11,Post-monsoon
2022-11-01 18:00:00,143.0,1.38,125.32,11,Post-monsoon
2022-11-01 19:00:00,161.0,0.82,125.78,11,Post-monsoon
2022-11-01 20:00:00,192.0,1.2,125.28,11,Post-monsoon
2022-11-01 21:00:00,213.75,1.18,124.28,11,Post-monsoon
2022-11-01 22:00:00,255.0,1.1,129.85,11,Post-monsoon
2022-11-01 23:00:00,292.25,1.17,117.98,11,Post-monsoon
2022-11-02 00:00:00,293.25,1.2,125.98,11,Post-monsoon
2022-11-02 01:00:00,284.5,1.4,118.8,11,Post-monsoon
2022-11-02 02:00:00,280.75,1.17,117.3,11,Post-monsoon
2022-11-02 03:00:00,271.25,1.08,116.8,11,Post-monsoon
2022-11-02 04:00:00,260.75,1.0,161.7,11,Post-monsoon
2022-11-02 05:00:00,252.0,0.75,202.82,11,Post-monsoon
2022-11-02 06:00:00,244.5,1.2,233.82,11,Post-monsoon
2022-11-02 07:00:00,222.0,1.12,255.85,11,Post-monsoon
2022-11-02 08:00:00,166.5,1.12,265.2,11,Post-monsoon
2022-11-02 09:00:00,169.75,1.08,263.17,11,Post-monsoon
2022-11-02 10:00:00,206.25,1.1,264.12,11,Post-monsoon
2022-11-02 11:00:00,241.25,1.08,263.25,11,Post-monsoon
2022-11-02 12:00:00,220.5,1.03,266.55,11,Post-monsoon
2022-11-02 13:00:00,202.0,1.1,263.98,11,Post-monsoon
2022-11-02 14:00:00,204.75,1.02,263.08,11,Post-monsoon
2022-11-02 15:00:00,207.0,1.1,261.58,11,Post-monsoon
2022-11-02 16:00:00,211.25,1.12,258.4,11,Post-monsoon
2022-11-02 17:00:00,198.75,1.12,252.92,11,Post-monsoon
2022-11-02 18:00:00,211.75,1.2,252.35,11,Post-monsoon
2022-11-02 19:00:00,242.75,1.3,252.65,11,Post-monsoon
2022-11-02 20:00:00,273.5,1.52,252.85,11,Post-monsoon
2022-11-02 21:00:00,302.5,1.18,252.92,11,Post-monsoon
2022-11-02 22:00:00,320.75,1.35,252.92,11,Post-monsoon
2022-11-02 23:00:00,314.5,1.48,252.75,11,Post-monsoon
2022-11-03 00:00:00,310.75,1.12,252.75,11,Post-monsoon
2022-11-03 01:00:00,330.0,1.15,252.82,11,Post-monsoon
2022-11-03 02:00:00,376.5,1.3,252.82,11,Post-monsoon
2022-11-03 03:00:00,447.5,1.55,253.05,11,Post-monsoon
2022-11-03 04:00:00,468.25,1.25,253.12,11,Post-monsoon
2022-11-03 05:00:00,506.75,1.2,253.1,11,Post-monsoon
2022-11-03 06:00:00,528.75,1.05,253.7,11,Post-monsoon
2022-11-03 07:00:00,522.75,1.35,252.85,11,Post-monsoon
2022-11-03 08:00:00,524.0,1.05,267.0,11,Post-monsoon
2022-11-03 09:00:00,546.75,1.05,263.9,11,Post-monsoon
2022-11-03 10:00:00,531.5,1.05,264.4,11,Post-monsoon
2022-11-03 11:00:00,464.5,1.02,264.12,11,Post-monsoon
2022-11-03 12:00:00,356.25,0.98,276.9,11,Post-monsoon
2022-11-03 13:00:00,325.75,1.02,265.82,11,Post-monsoon
2022-11-03 14:00:00,312.5,1.15,262.55,11,Post-monsoon
2022-11-03 15:00:00,246.5,1.1,263.68,11,Post-monsoon
2022-11-03 16:00:00,214.0,1.52,281.75,11,Post-monsoon
2022-11-03 17:00:00,211.5,1.58,282.85,11,Post-monsoon
2022-11-03 18:00:00,224.0,1.18,282.8,11,Post-monsoon
2022-11-03 19:00:00,255.5,0.9,281.92,11,Post-monsoon
2022-11-03 20:00:00,259.0,0.68,281.32,11,Post-monsoon
2022-11-03 21:00:00,287.5,0.95,260.75,11,Post-monsoon
2022-11-03 22:00:00,301.75,1.23,253.02,11,Post-monsoon
2022-11-03 23:00:00,304.0,0.68,252.8,11,Post-monsoon
2022-11-04 00:00:00,361.67,0.7,252.7,11,Post-monsoon
2022-11-04 01:00:00,320.5,0.92,252.73,11,Post-monsoon
2022-11-04 02:00:00,312.75,1.7,252.72,11,Post-monsoon
2022-11-04 03:00:00,309.5,1.7,252.9,11,Post-monsoon
2022-11-04 04:00:00,301.75,1.05,253.0,11,Post-monsoon
2022-11-04 05:00:00,300.75,1.1,253.1,11,Post-monsoon
2022-11-04 06:00:00,299.5,1.0,252.38,11,Post-monsoon
2022-11-04 07:00:00,298.25,1.2,81.95,11,Post-monsoon
2022-11-04 08:00:00,299.0,1.0,85.98,11,Post-monsoon
2022-11-04 09:00:00,411.0,1.12,150.7,11,Post-monsoon
2022-11-04 10:00:00,393.75,1.03,143.02,11,Post-monsoon
2022-11-04 11:00:00,333.25,1.0,121.25,11,Post-monsoon
2022-11-04 12:00:00,321.25,0.85,151.8,11,Post-monsoon
2022-11-04 13:00:00,355.75,1.15,118.42,11,Post-monsoon
2022-11-04 14:00:00,327.5,1.08,114.4,11,Post-monsoon
2022-11-04 15:00:00,311.5,1.18,114.1,11,Post-monsoon
2022-11-04 16:00:00,293.25,1.1,123.62,11,Post-monsoon
2022-11-04 17:00:00,291.5,1.4,123.32,11,Post-monsoon
2022-11-04 18:00:00,304.75,1.12,114.9,11,Post-monsoon
2022-11-04 19:00:00,310.25,1.15,110.18,11,Post-monsoon
2022-11-04 20:00:00,300.0,1.15,115.93,11,Post-monsoon
2022-11-04 21:00:00,291.0,1.18,117.32,11,Post-monsoon
2022-11-04 22:00:00,274.0,1.22,122.48,11,Post-monsoon
2022-11-04 23:00:00,249.5,1.12,126.4,11,Post-monsoon
2022-11-05 00:00:00,246.75,1.3,130.32,11,Post-monsoon
2022-11-05 01:00:00,239.5,1.15,134.27,11,Post-monsoon
2022-11-05 02:00:00,222.75,1.08,124.45,11,Post-monsoon
2022-11-05 03:00:00,204.75,1.15,120.72,11,Post-monsoon
2022-11-05 04:00:00,204.5,1.12,133.28,11,Post-monsoon
2022-11-05 05:00:00,196.5,1.25,122.95,11,Post-monsoon
2022-11-05 06:00:00,199.25,1.15,123.28,11,Post-monsoon
2022-11-05 07:00:00,212.75,1.0,128.45,11,Post-monsoon
2022-11-05 08:00:00,218.5,1.08,134.75,11,Post-monsoon
2022-11-05 09:00:00,226.0,1.08,132.65,11,Post-monsoon
2022-11-05 10:00:00,217.25,1.1,131.55,11,Post-monsoon
2022-11-05 11:00:00,212.75,1.08,132.05,11,Post-monsoon
2022-11-05 12:00:00,194.25,1.12,126.35,11,Post-monsoon
2022-11-05 13:00:00,185.75,1.08,131.32,11,Post-monsoon
2022-11-05 14:00:00,184.75,1.02,126.25,11,Post-monsoon
2022-11-05 15:00:00,183.75,1.1,125.28,11,Post-monsoon
2022-11-05 16:00:00,182.25,1.12,123.2,11,Post-monsoon
2022-11-05 17:00:00,182.0,1.15,119.45,11,Post-monsoon
2022-11-05 18:00:00,193.5,1.15,124.45,11,Post-monsoon
2022-11-05 19:00:00,208.0,1.15,121.75,11,Post-monsoon
2022-11-05 20:00:00,199.25,1.1,124.75,11,Post-monsoon
2022-11-05 21:00:00,193.75,1.12,129.9,11,Post-monsoon
2022-11-05 22:00:00,204.5,1.12,111.9,11,Post-monsoon
2022-11-05 23:00:00,214.5,1.23,126.4,11,Post-monsoon
2022-11-06 00:00:00,214.75,1.28,129.65,11,Post-monsoon
2022-11-06 01:00:00,191.75,1.12,113.95,11,Post-monsoon
2022-11-06 02:00:00,186.0,1.15,126.65,11,Post-monsoon
2022-11-06 03:00:00,180.75,1.25,130.9,11,Post-monsoon
2022-11-06 04:00:00,183.5,1.12,120.45,11,Post-monsoon
2022-11-06 05:00:00,186.25,1.18,134.33,11,Post-monsoon
2022-11-06 06:00:00,189.75,1.15,129.22,11,Post-monsoon
2022-11-06 07:00:00,186.0,1.12,129.72,11,Post-monsoon
2022-11-06 08:00:00,177.25,1.1,130.95,11,Post-monsoon
2022-11-06 09:00:00,174.5,0.98,148.2,11,Post-monsoon
2022-11-06 10:00:00,162.25,0.78,169.6,11,Post-monsoon
2022-11-06 11:00:00,155.75,0.98,158.8,11,Post-monsoon
2022-11-06 12:00:00,152.33,1.02,140.88,11,Post-monsoon
2022-11-06 13:00:00,153.5,0.92,156.43,11,Post-monsoon
2022-11-06 14:00:00,155.25,0.92,145.73,11,Post-monsoon
2022-11-06 15:00:00,151.0,0.85,176.95,11,Post-monsoon
2022-11-06 16:00:00,135.25,1.0,160.77,11,Post-monsoon
2022-11-06 17:00:00,136.0,1.25,156.0,11,Post-monsoon
2022-11-06 18:00:00,153.0,1.08,186.42,11,Post-monsoon
2022-11-06 19:00:00,181.25,1.23,180.8,11,Post-monsoon
2022-11-06 20:00:00,198.75,1.3,175.22,11,Post-monsoon
2022-11-06 21:00:00,212.75,1.52,175.27,11,Post-monsoon
2022-11-06 22:00:00,216.5,1.23,161.57,11,Post-monsoon
2022-11-06 23:00:00,233.5,1.1,116.88,11,Post-monsoon
2022-11-07 00:00:00,244.0,0.85,127.85,11,Post-monsoon
2022-11-07 01:00:00,241.25,1.08,127.9,11,Post-monsoon
2022-11-07 02:00:00,233.25,1.55,127.9,11,Post-monsoon
2022-11-07 03:00:00,233.0,1.32,127.8,11,Post-monsoon
2022-11-07 04:00:00,229.75,1.25,127.82,11,Post-monsoon
2022-11-07 05:00:00,223.25,0.9,127.82,11,Post-monsoon
2022-11-07 06:00:00,206.25,1.1,114.33,11,Post-monsoon
2022-11-07 07:00:00,206.25,0.68,197.92,11,Post-monsoon
2022-11-07 08:00:00,211.25,0.85,180.62,11,Post-monsoon
2022-11-07 09:00:00,232.25,0.98,222.8,11,Post-monsoon
2022-11-07 10:00:00,218.25,0.8,181.52,11,Post-monsoon
2022-11-07 11:00:00,176.5,0.62,182.58,11,Post-monsoon
2022-11-07 12:00:00,154.0,0.8,195.02,11,Post-monsoon
2022-11-07 13:00:00,137.0,0.4,188.95,11,Post-monsoon
2022-11-07 14:00:00,106.0,0.75,283.53,11,Post-monsoon
2022-11-07 15:00:00,86.75,1.18,115.82,11,Post-monsoon
2022-11-07 16:00:00,94.75,1.35,138.55,11,Post-monsoon
2022-11-07 17:00:00,109.0,1.23,115.07,11,Post-monsoon
2022-11-07 18:00:00,133.25,1.23,106.65,11,Post-monsoon
2022-11-07 19:00:00,150.75,1.0,106.1,11,Post-monsoon
2022-11-07 20:00:00,159.25,1.67,105.82,11,Post-monsoon
2022-11-07 21:00:00,201.25,1.32,107.12,11,Post-monsoon
2022-11-07 22:00:00,219.5,1.45,106.18,11,Post-monsoon
2022-11-07 23:00:00,220.0,1.35,105.92,11,Post-monsoon
2022-11-08 00:00:00,196.75,0.9,107.0,11,Post-monsoon
2022-11-08 01:00:00,202.5,1.35,111.2,11,Post-monsoon
2022-11-08 02:00:00,247.0,1.4,111.88,11,Post-monsoon
2022-11-08 03:00:00,268.0,0.8,114.7,11,Post-monsoon
2022-11-08 04:00:00,270.0,1.45,118.15,11,Post-monsoon
2022-11-08 05:00:00,272.75,0.77,117.25,11,Post-monsoon
2022-11-08 06:00:00,257.0,1.6,116.52,11,Post-monsoon
2022-11-08 07:00:00,236.75,1.38,127.8,11,Post-monsoon
2022-11-08 08:00:00,237.75,1.2,113.75,11,Post-monsoon
2022-11-08 09:00:00,258.5,1.12,120.52,11,Post-monsoon
2022-11-08 10:00:00,244.0,1.05,223.52,11,Post-monsoon
2022-11-08 11:00:00,221.25,1.02,267.85,11,Post-monsoon
2022-11-08 12:00:00,243.0,1.12,262.32,11,Post-monsoon
2022-11-08 13:00:00,311.0,0.78,280.12,11,Post-monsoon
2022-11-08 14:00:00,269.25,0.68,240.5,11,Post-monsoon
2022-11-08 15:00:00,255.5,0.75,118.95,11,Post-monsoon
2022-11-08 16:00:00,236.5,1.05,210.28,11,Post-monsoon
2022-11-08 17:00:00,229.0,1.15,260.75,11,Post-monsoon
2022-11-08 18:00:00,228.25,1.18,258.2,11,Post-monsoon
2022-11-08 19:00:00,240.0,1.05,128.68,11,Post-monsoon
2022-11-08 20:00:00,297.25,0.85,139.22,11,Post-monsoon
2022-11-08 21:00:00,318.75,1.12,264.1,11,Post-monsoon
2022-11-08 22:00:00,205.5,1.1,265.35,11,Post-monsoon
2022-11-08 23:00:00,80.25,1.08,152.18,11,Post-monsoon
2022-11-09 00:00:00,68.75,1.18,116.38,11,Post-monsoon
2022-11-09 01:00:00,72.0,1.35,122.02,11,Post-monsoon
2022-11-09 02:00:00,83.75,1.12,222.18,11,Post-monsoon
2022-11-09 03:00:00,81.5,1.08,268.7,11,Post-monsoon
2022-11-09 04:00:00,76.25,1.12,318.42,11,Post-monsoon
2022-11-09 05:00:00,75.25,1.0,315.35,11,Post-monsoon
2022-11-09 06:00:00,79.5,0.95,273.5,11,Post-monsoon
2022-11-09 07:00:00,83.25,1.02,253.65,11,Post-monsoon
2022-11-09 08:00:00,96.75,1.08,126.75,11,Post-monsoon
2022-11-09 09:00:00,112.75,1.08,118.75,11,Post-monsoon
2022-11-09 10:00:00,95.75,1.02,125.8,11,Post-monsoon
2022-11-09 11:00:00,82.0,1.05,119.78,11,Post-monsoon
2022-11-09 12:00:00,79.0,0.92,110.12,11,Post-monsoon
2022-11-09 13:00:00,84.0,0.9,117.35,11,Post-monsoon
2022-11-09 14:00:00,90.5,0.78,125.6,11,Post-monsoon
2022-11-09 15:00:00,87.5,1.23,122.82,11,Post-monsoon
2022-11-09 16:00:00,91.75,1.15,196.85,11,Post-monsoon
2022-11-09 17:00:00,89.5,0.52,192.75,11,Post-monsoon
2022-11-09 18:00:00,88.0,1.23,192.5,11,Post-monsoon
2022-11-09 19:00:00,97.0,0.85,192.38,11,Post-monsoon
2022-11-09 20:00:00,106.25,1.27,193.52,11,Post-monsoon
2022-11-09 21:00:00,137.25,1.45,199.58,11,Post-monsoon
2022-11-09 22:00:00,151.0,1.35,201.5,11,Post-monsoon
2022-11-09 23:00:00,166.0,1.08,201.27,11,Post-monsoon
2022-11-10 00:00:00,171.5,0.43,201.32,11,Post-monsoon
2022-11-10 01:00:00,166.25,0.98,201.27,11,Post-monsoon
2022-11-10 02:00:00,200.75,0.8,177.6,11,Post-monsoon
2022-11-10 03:00:00,262.25,1.4,133.43,11,Post-monsoon
2022-11-10 04:00:00,267.25,1.05,217.52,11,Post-monsoon
2022-11-10 05:00:00,226.0,0.92,229.98,11,Post-monsoon
2022-11-10 06:00:00,197.0,1.03,217.58,11,Post-monsoon
2022-11-10 07:00:00,189.25,1.15,246.62,11,Post-monsoon
2022-11-10 08:00:00,180.0,0.95,271.08,11,Post-monsoon
2022-11-10 09:00:00,153.0,0.95,270.8,11,Post-monsoon
2022-11-10 10:00:00,102.0,0.75,285.1,11,Post-monsoon
2022-11-10 11:00:00,85.75,1.0,266.12,11,Post-monsoon
2022-11-10 12:00:00,93.25,0.95,267.08,11,Post-monsoon
2022-11-10 13:00:00,99.25,0.98,266.45,11,Post-monsoon
2022-11-10 14:00:00,87.0,1.0,267.02,11,Post-monsoon
2022-11-10 15:00:00,59.25,1.05,261.65,11,Post-monsoon
2022-11-10 16:00:00,65.5,1.08,270.42,11,Post-monsoon
2022-11-10 17:00:00,65.25,1.52,327.75,11,Post-monsoon
2022-11-10 18:00:00,71.0,1.03,310.17,11,Post-monsoon
2022-11-10 19:00:00,83.25,1.22,303.05,11,Post-monsoon
2022-11-10 20:00:00,105.5,1.12,302.97,11,Post-monsoon
2022-11-10 21:00:00,143.5,1.12,261.22,11,Post-monsoon
2022-11-10 22:00:00,245.75,1.2,256.25,11,Post-monsoon
2022-11-10 23:00:00,306.0,1.33,37.48,11,Post-monsoon
2022-11-11 00:00:00,309.5,1.12,39.55,11,Post-monsoon
2022-11-11 01:00:00,311.25,1.08,39.42,11,Post-monsoon
2022-11-11 02:00:00,310.75,1.2,39.3,11,Post-monsoon
2022-11-11 03:00:00,306.25,0.92,268.25,11,Post-monsoon
2022-11-11 04:00:00,307.5,1.17,253.05,11,Post-monsoon
2022-11-11 05:00:00,327.75,1.15,261.4,11,Post-monsoon
2022-11-11 06:00:00,379.5,1.15,264.92,11,Post-monsoon
2022-11-11 07:00:00,440.75,1.12,259.97,11,Post-monsoon
2022-11-11 08:00:00,417.25,1.12,261.18,11,Post-monsoon
2022-11-11 09:00:00,382.75,1.12,261.12,11,Post-monsoon
2022-11-11 10:00:00,287.25,1.08,261.65,11,Post-monsoon
2022-11-11 11:00:00,172.25,1.05,263.42,11,Post-monsoon
2022-11-11 12:00:00,131.5,0.92,265.18,11,Post-monsoon
2022-11-11 13:00:00,103.25,1.0,265.73,11,Post-monsoon
2022-11-11 14:00:00,87.75,0.92,267.08,11,Post-monsoon
2022-11-11 15:00:00,63.25,1.0,261.65,11,Post-monsoon
2022-11-11 16:00:00,55.25,1.12,256.0,11,Post-monsoon
2022-11-11 17:00:00,59.25,1.17,253.08,11,Post-monsoon
2022-11-11 18:00:00,70.0,1.18,261.42,11,Post-monsoon
2022-11-11 19:00:00,77.5,1.18,253.62,11,Post-monsoon
2022-11-11 20:00:00,98.0,1.18,252.68,11,Post-monsoon
2022-11-11 21:00:00,119.5,1.2,253.08,11,Post-monsoon
2022-11-11 22:00:00,124.0,1.2,252.62,11,Post-monsoon
2022-11-11 23:00:00,153.5,1.2,252.62,11,Post-monsoon
2022-11-12 00:00:00,239.5,1.2,252.58,11,Post-monsoon
2022-11-12 01:00:00,318.25,1.23,252.45,11,Post-monsoon
2022-11-12 02:00:00,335.0,1.1,256.58,11,Post-monsoon
2022-11-12 03:00:00,339.75,1.2,252.8,11,Post-monsoon
2022-11-12 04:00:00,347.0,1.12,253.55,11,Post-monsoon
2022-11-12 05:00:00,345.0,1.2,255.68,11,Post-monsoon
2022-11-12 06:00:00,314.25,1.12,258.15,11,Post-monsoon
2022-11-12 07:00:00,295.0,1.15,264.42,11,Post-monsoon
2022-11-12 08:00:00,286.25,1.02,266.77,11,Post-monsoon
2022-11-12 09:00:00,242.0,1.1,259.5,11,Post-monsoon
2022-11-12 10:00:00,203.0,1.05,261.47,11,Post-monsoon
2022-11-12 11:00:00,159.75,1.0,263.48,11,Post-monsoon
2022-11-12 12:00:00,138.0,1.0,262.02,11,Post-monsoon
2022-11-12 13:00:00,102.0,0.92,266.92,11,Post-monsoon
2022-11-12 14:00:00,64.0,0.98,262.55,11,Post-monsoon
2022-11-12 15:00:00,67.0,1.08,257.3,11,Post-monsoon
2022-11-12 16:00:00,47.0,1.1,253.9,11,Post-monsoon
2022-11-12 17:00:00,64.0,1.18,258.1,11,Post-monsoon
2022-11-12 18:00:00,88.0,1.2,255.3,11,Post-monsoon
2022-11-12 19:00:00,113.0,1.2,252.88,11,Post-monsoon
2022-11-12 20:00:00,130.0,1.15,252.7,11,Post-monsoon
2022-11-12 21:00:00,145.0,1.18,252.73,11,Post-monsoon
2022-11-12 22:00:00,155.0,1.2,252.52,11,Post-monsoon
2022-11-12 23:00:00,151.0,1.2,252.5,11,Post-monsoon
2022-11-13 00:00:00,147.0,1.1,252.55,11,Post-monsoon
2022-11-13 01:00:00,160.0,1.15,252.62,11,Post-monsoon
2022-11-13 02:00:00,191.0,1.22,252.88,11,Post-monsoon
2022-11-13 03:00:00,244.0,1.23,253.0,11,Post-monsoon
2022-11-13 04:00:00,227.0,1.15,261.62,11,Post-monsoon
2022-11-13 05:00:00,207.0,1.18,254.68,11,Post-monsoon
2022-11-13 06:00:00,222.0,1.15,255.12,11,Post-monsoon
2022-11-13 07:00:00,205.0,1.1,258.52,11,Post-monsoon
2022-11-13 08:00:00,197.0,1.15,259.12,11,Post-monsoon
2022-11-13 09:00:00,200.0,1.05,264.65,11,Post-monsoon
2022-11-13 10:00:00,183.0,1.08,260.85,11,Post-monsoon
2022-11-13 11:00:00,147.0,1.03,264.08,11,Post-monsoon
2022-11-13 12:00:00,129.0,0.98,265.23,11,Post-monsoon
2022-11-13 13:00:00,123.0,1.05,260.95,11,Post-monsoon
2022-11-13 14:00:00,96.0,1.05,261.05,11,Post-monsoon
2022-11-13 15:00:00,75.0,1.05,260.08,11,Post-monsoon
2022-11-13 16:00:00,74.0,1.15,254.9,11,Post-monsoon
2022-11-13 17:00:00,72.0,1.23,252.6,11,Post-monsoon
2022-11-13 18:00:00,90.0,1.4,252.85,11,Post-monsoon
2022-11-13 19:00:00,132.0,1.58,253.1,11,Post-monsoon
2022-11-13 20:00:00,160.75,0.92,253.15,11,Post-monsoon
2022-11-13 21:00:00,175.25,0.75,253.12,11,Post-monsoon
2022-11-13 22:00:00,171.75,1.1,253.05,11,Post-monsoon
2022-11-13 23:00:00,186.0,1.15,253.0,11,Post-monsoon
2022-11-14 00:00:00,190.5,0.82,253.0,11,Post-monsoon
2022-11-14 01:00:00,205.0,1.18,253.1,11,Post-monsoon
2022-11-14 02:00:00,204.5,1.3,253.32,11,Post-monsoon
2022-11-14 03:00:00,190.0,1.3,253.45,11,Post-monsoon
2022-11-14 04:00:00,172.25,1.2,253.5,11,Post-monsoon
2022-11-14 05:00:00,154.5,0.8,253.48,11,Post-monsoon
2022-11-14 06:00:00,152.5,1.12,253.25,11,Post-monsoon
2022-11-14 07:00:00,150.5,0.8,253.1,11,Post-monsoon
2022-11-14 08:00:00,154.5,0.92,203.27,11,Post-monsoon
2022-11-14 09:00:00,156.5,0.78,187.35,11,Post-monsoon
2022-11-14 10:00:00,108.25,0.95,182.35,11,Post-monsoon
2022-11-14 11:00:00,90.5,0.82,174.1,11,Post-monsoon
2022-11-14 12:00:00,78.5,0.6,193.6,11,Post-monsoon
2022-11-14 13:00:00,71.5,0.78,175.15,11,Post-monsoon
2022-11-14 14:00:00,63.5,0.82,148.28,11,Post-monsoon
2022-11-14 15:00:00,59.75,1.08,253.1,11,Post-monsoon
2022-11-14 16:00:00,55.75,0.98,210.25,11,Post-monsoon
2022-11-14 17:00:00,70.25,1.25,93.1,11,Post-monsoon
2022-11-14 18:00:00,107.5,1.02,106.02,11,Post-monsoon
2022-11-14 19:00:00,171.5,1.05,104.1,11,Post-monsoon
2022-11-14 20:00:00,183.5,0.82,109.08,11,Post-monsoon
2022-11-14 21:00:00,129.75,1.12,110.85,11,Post-monsoon
2022-11-14 22:00:00,88.5,1.18,110.08,11,Post-monsoon
2022-11-14 23:00:00,86.75,1.1,250.3,11,Post-monsoon
2022-11-15 00:00:00,94.75,1.15,268.28,11,Post-monsoon
2022-11-15 01:00:00,94.25,0.9,268.45,11,Post-monsoon
2022-11-15 02:00:00,96.0,0.9,240.68,11,Post-monsoon
2022-11-15 03:00:00,97.75,1.12,275.0,11,Post-monsoon
2022-11-15 04:00:00,94.0,1.27,275.45,11,Post-monsoon
2022-11-15 05:00:00,93.5,1.25,277.12,11,Post-monsoon
2022-11-15 06:00:00,92.0,1.35,277.05,11,Post-monsoon
2022-11-15 07:00:00,92.75,1.27,272.75,11,Post-monsoon
2022-11-15 08:00:00,94.75,1.15,259.68,11,Post-monsoon
2022-11-15 09:00:00,93.25,1.15,260.75,11,Post-monsoon
2022-11-15 10:00:00,96.5,1.1,262.42,11,Post-monsoon
2022-11-15 11:00:00,111.75,1.12,262.27,11,Post-monsoon
2022-11-15 12:00:00,101.25,0.8,264.42,11,Post-monsoon
2022-11-15 13:00:00,77.75,1.0,252.98,11,Post-monsoon
2022-11-15 14:00:00,65.5,0.88,274.82,11,Post-monsoon
2022-11-15 15:00:00,56.25,1.18,259.22,11,Post-monsoon
2022-11-15 16:00:00,52.25,1.12,258.52,11,Post-monsoon
2022-11-15 17:00:00,60.5,1.48,252.6,11,Post-monsoon
2022-11-15 18:00:00,78.25,0.8,252.88,11,Post-monsoon
2022-11-15 19:00:00,96.25,1.2,253.1,11,Post-monsoon
2022-11-15 20:00:00,115.0,1.27,253.25,11,Post-monsoon
2022-11-15 21:00:00,133.5,1.1,253.32,11,Post-monsoon
2022-11-15 22:00:00,161.75,1.18,253.15,11,Post-monsoon
2022-11-15 23:00:00,154.25,1.22,253.12,11,Post-monsoon
2022-11-16 00:00:00,134.0,1.3,253.08,11,Post-monsoon
2022-11-16 01:00:00,136.25,1.23,268.8,11,Post-monsoon
2022-11-16 02:00:00,144.5,0.98,268.65,11,Post-monsoon
2022-11-16 03:00:00,152.25,1.08,265.15,11,Post-monsoon
2022-11-16 04:00:00,161.75,1.23,253.52,11,Post-monsoon
2022-11-16 05:00:00,161.5,1.05,257.92,11,Post-monsoon
2022-11-16 06:00:00,165.25,1.15,254.82,11,Post-monsoon
2022-11-16 07:00:00,173.5,1.18,257.8,11,Post-monsoon
2022-11-16 08:00:00,179.5,1.12,259.77,11,Post-monsoon
2022-11-16 09:00:00,185.75,1.12,258.18,11,Post-monsoon
2022-11-16 10:00:00,178.0,0.85,271.55,11,Post-monsoon
2022-11-16 11:00:00,125.25,0.95,263.12,11,Post-monsoon
2022-11-16 12:00:00,75.5,0.98,265.38,11,Post-monsoon
2022-11-16 13:00:00,45.0,0.92,264.7,11,Post-monsoon
2022-11-16 14:00:00,30.25,1.0,262.6,11,Post-monsoon
2022-11-16 15:00:00,31.0,1.02,260.45,11,Post-monsoon
2022-11-16 16:00:00,31.0,1.1,256.23,11,Post-monsoon
2022-11-16 17:00:00,33.0,1.15,253.7,11,Post-monsoon
2022-11-16 18:00:00,43.25,1.15,253.0,11,Post-monsoon
2022-11-16 19:00:00,60.75,1.22,253.18,11,Post-monsoon
2022-11-16 20:00:00,80.25,1.18,253.2,11,Post-monsoon
2022-11-16 21:00:00,101.75,1.22,253.2,11,Post-monsoon
2022-11-16 22:00:00,123.0,1.2,252.95,11,Post-monsoon
2022-11-16 23:00:00,132.25,1.15,252.95,11,Post-monsoon
2022-11-17 00:00:00,125.0,1.15,268.12,11,Post-monsoon
2022-11-17 01:00:00,131.25,1.12,284.77,11,Post-monsoon
2022-11-17 02:00:00,147.5,1.08,258.85,11,Post-monsoon
2022-11-17 03:00:00,172.75,1.12,253.5,11,Post-monsoon
2022-11-17 04:00:00,191.25,1.18,254.28,11,Post-monsoon
2022-11-17 05:00:00,204.75,1.17,262.55,11,Post-monsoon
2022-11-17 06:00:00,229.25,1.15,260.38,11,Post-monsoon
2022-11-17 07:00:00,209.75,1.15,259.75,11,Post-monsoon
2022-11-17 08:00:00,191.75,1.12,261.68,11,Post-monsoon
2022-11-17 09:00:00,181.5,1.1,261.3,11,Post-monsoon
2022-11-17 10:00:00,164.0,1.08,260.6,11,Post-monsoon
2022-11-17 11:00:00,132.25,0.92,266.32,11,Post-monsoon
2022-11-17 12:00:00,90.25,1.0,263.42,11,Post-monsoon
2022-11-17 13:00:00,58.5,0.88,268.33,11,Post-monsoon
2022-11-17 14:00:00,50.0,1.02,261.82,11,Post-monsoon
2022-11-17 15:00:00,49.25,1.02,261.0,11,Post-monsoon
2022-11-17 16:00:00,57.5,1.12,256.42,11,Post-monsoon
2022-11-17 17:00:00,63.25,1.2,253.1,11,Post-monsoon
2022-11-17 18:00:00,67.75,1.18,253.02,11,Post-monsoon
2022-11-17 19:00:00,74.5,1.17,253.2,11,Post-monsoon
2022-11-17 20:00:00,94.25,1.4,253.25,11,Post-monsoon
2022-11-17 21:00:00,114.25,1.17,253.25,11,Post-monsoon
2022-11-17 22:00:00,119.75,1.2,253.1,11,Post-monsoon
2022-11-17 23:00:00,127.0,1.23,253.18,11,Post-monsoon
2022-11-18 00:00:00,133.0,1.15,253.12,11,Post-monsoon
2022-11-18 01:00:00,137.25,1.18,253.15,11,Post-monsoon
2022-11-18 02:00:00,160.25,1.25,253.42,11,Post-monsoon
2022-11-18 03:00:00,197.75,1.2,253.58,11,Post-monsoon
2022-11-18 04:00:00,221.5,1.12,253.62,11,Post-monsoon
2022-11-18 05:00:00,227.25,1.2,281.75,11,Post-monsoon
2022-11-18 06:00:00,212.25,1.23,278.82,11,Post-monsoon
2022-11-18 07:00:00,217.0,1.15,256.8,11,Post-monsoon
2022-11-18 08:00:00,237.0,1.17,256.4,11,Post-monsoon
2022-11-18 09:00:00,229.75,1.08,265.08,11,Post-monsoon
2022-11-18 10:00:00,206.25,0.88,272.83,11,Post-monsoon
2022-11-18 11:00:00,157.0,0.78,276.03,11,Post-monsoon
2022-11-18 12:00:00,103.0,0.8,278.15,11,Post-monsoon
2022-11-18 13:00:00,89.75,1.0,262.5,11,Post-monsoon
2022-11-18 14:00:00,71.5,0.92,269.0,11,Post-monsoon
2022-11-18 15:00:00,54.25,1.0,261.35,11,Post-monsoon
2022-11-18 16:00:00,53.0,1.18,254.05,11,Post-monsoon
2022-11-18 17:00:00,57.5,1.2,252.75,11,Post-monsoon
2022-11-18 18:00:00,66.5,0.98,253.05,11,Post-monsoon
2022-11-18 19:00:00,87.5,1.15,253.18,11,Post-monsoon
2022-11-18 20:00:00,111.75,1.35,253.2,11,Post-monsoon
2022-11-18 21:00:00,122.75,1.27,253.28,11,Post-monsoon
2022-11-18 22:00:00,146.75,1.05,253.15,11,Post-monsoon
2022-11-18 23:00:00,172.25,1.3,253.2,11,Post-monsoon
2022-11-19 00:00:00,186.0,1.22,253.2,11,Post-monsoon
2022-11-19 01:00:00,182.0,0.9,253.22,11,Post-monsoon
2022-11-19 02:00:00,186.0,1.12,253.45,11,Post-monsoon
2022-11-19 03:00:00,175.75,1.25,253.58,11,Post-monsoon
2022-11-19 04:00:00,164.5,0.92,253.6,11,Post-monsoon
2022-11-19 05:00:00,167.25,0.97,285.38,11,Post-monsoon
2022-11-19 06:00:00,161.5,1.2,253.4,11,Post-monsoon
2022-11-19 07:00:00,157.75,1.17,253.35,11,Post-monsoon
2022-11-19 08:00:00,150.0,1.15,258.12,11,Post-monsoon
2022-11-19 09:00:00,142.0,1.17,261.82,11,Post-monsoon
2022-11-19 10:00:00,126.0,1.0,270.2,11,Post-monsoon
2022-11-19 11:00:00,120.0,0.8,280.98,11,Post-monsoon
2022-11-19 12:00:00,103.5,0.82,272.27,11,Post-monsoon
2022-11-19 13:00:00,78.0,0.82,275.25,11,Post-monsoon
2022-11-19 14:00:00,69.25,0.4,214.22,11,Post-monsoon
2022-11-19 15:00:00,69.0,1.1,256.28,11,Post-monsoon
2022-11-19 16:00:00,68.25,1.3,255.48,11,Post-monsoon
2022-11-19 17:00:00,79.0,1.08,252.75,11,Post-monsoon
2022-11-19 18:00:00,94.5,1.12,253.02,11,Post-monsoon
2022-11-19 19:00:00,105.5,1.17,253.18,11,Post-monsoon
2022-11-19 20:00:00,119.5,1.25,253.2,11,Post-monsoon
2022-11-19 21:00:00,155.25,1.38,253.25,11,Post-monsoon
2022-11-19 22:00:00,157.25,1.15,253.2,11,Post-monsoon
2022-11-19 23:00:00,181.75,1.15,253.12,11,Post-monsoon
2022-11-20 00:00:00,192.5,0.77,253.27,11,Post-monsoon
2022-11-20 01:00:00,201.25,1.08,253.3,11,Post-monsoon
2022-11-20 02:00:00,201.0,1.15,253.48,11,Post-monsoon
2022-11-20 03:00:00,190.25,1.35,253.55,11,Post-monsoon
2022-11-20 04:00:00,191.75,1.27,253.58,11,Post-monsoon
2022-11-20 05:00:00,194.0,1.2,253.92,11,Post-monsoon
2022-11-20 06:00:00,225.5,1.08,257.8,11,Post-monsoon
2022-11-20 07:00:00,235.25,1.17,253.8,11,Post-monsoon
2022-11-20 08:00:00,220.5,1.15,261.35,11,Post-monsoon
2022-11-20 09:00:00,205.25,1.08,261.48,11,Post-monsoon
2022-11-20 10:00:00,184.75,1.08,261.9,11,Post-monsoon
2022-11-20 11:00:00,157.5,0.92,273.85,11,Post-monsoon
2022-11-20 12:00:00,126.5,0.85,268.5,11,Post-monsoon
2022-11-20 13:00:00,112.25,0.88,264.95,11,Post-monsoon
2022-11-20 14:00:00,114.0,0.92,264.32,11,Post-monsoon
2022-11-20 15:00:00,98.0,1.0,260.05,11,Post-monsoon
2022-11-20 16:00:00,93.75,1.23,253.65,11,Post-monsoon
2022-11-20 17:00:00,94.5,0.48,252.72,11,Post-monsoon
2022-11-20 18:00:00,112.0,1.35,253.0,11,Post-monsoon
2022-11-20 19:00:00,130.25,1.25,253.18,11,Post-monsoon
2022-11-20 20:00:00,149.75,1.23,253.25,11,Post-monsoon
2022-11-20 21:00:00,159.0,1.2,253.3,11,Post-monsoon
2022-11-20 22:00:00,184.0,1.08,253.2,11,Post-monsoon
2022-11-20 23:00:00,195.75,1.0,253.23,11,Post-monsoon
2022-11-21 00:00:00,194.5,1.2,253.2,11,Post-monsoon
2022-11-21 01:00:00,192.5,1.18,253.27,11,Post-monsoon
2022-11-21 02:00:00,188.75,1.22,253.45,11,Post-monsoon
2022-11-21 03:00:00,180.25,1.23,253.5,11,Post-monsoon
2022-11-21 04:00:00,175.75,1.22,253.52,11,Post-monsoon
2022-11-21 05:00:00,176.25,1.2,253.45,11,Post-monsoon
2022-11-21 06:00:00,169.25,1.18,253.3,11,Post-monsoon
2022-11-21 07:00:00,168.0,1.15,257.52,11,Post-monsoon
2022-11-21 08:00:00,179.5,1.1,261.35,11,Post-monsoon
2022-11-21 09:00:00,183.5,1.03,261.5,11,Post-monsoon
2022-11-21 10:00:00,199.25,1.0,261.62,11,Post-monsoon
2022-11-21 11:00:00,188.5,1.08,260.1,11,Post-monsoon
2022-11-21 12:00:00,149.0,1.05,260.88,11,Post-monsoon
2022-11-21 13:00:00,103.0,1.05,260.48,11,Post-monsoon
2022-11-21 14:00:00,87.5,1.08,260.65,11,Post-monsoon
2022-11-21 15:00:00,70.5,1.15,257.27,11,Post-monsoon
2022-11-21 16:00:00,52.25,1.18,254.22,11,Post-monsoon
2022-11-21 17:00:00,62.75,1.23,252.68,11,Post-monsoon
2022-11-21 18:00:00,87.25,1.18,253.0,11,Post-monsoon
2022-11-21 19:00:00,108.0,1.27,253.12,11,Post-monsoon
2022-11-21 20:00:00,139.0,1.12,253.15,11,Post-monsoon
2022-11-21 21:00:00,167.5,1.48,253.2,11,Post-monsoon
2022-11-21 22:00:00,190.0,1.23,253.22,11,Post-monsoon
2022-11-21 23:00:00,188.25,0.98,253.2,11,Post-monsoon
2022-11-22 00:00:00,179.5,1.23,253.2,11,Post-monsoon
2022-11-22 01:00:00,166.0,1.32,253.28,11,Post-monsoon
2022-11-22 02:00:00,153.75,1.23,253.48,11,Post-monsoon
2022-11-22 03:00:00,144.5,1.12,253.6,11,Post-monsoon
2022-11-22 04:00:00,147.0,1.2,253.6,11,Post-monsoon
2022-11-22 05:00:00,147.5,1.15,254.25,11,Post-monsoon
2022-11-22 06:00:00,139.75,1.15,253.72,11,Post-monsoon
2022-11-22 07:00:00,139.5,1.15,255.13,11,Post-monsoon
2022-11-22 08:00:00,139.75,1.12,259.92,11,Post-monsoon
2022-11-22 09:00:00,135.25,1.15,261.75,11,Post-monsoon
2022-11-22 10:00:00,128.75,1.08,261.27,11,Post-monsoon
2022-11-22 11:00:00,113.5,1.12,262.23,11,Post-monsoon
2022-11-22 12:00:00,99.25,1.08,262.9,11,Post-monsoon
2022-11-22 13:00:00,70.5,1.08,260.1,11,Post-monsoon
2022-11-22 14:00:00,45.25,1.08,259.27,11,Post-monsoon
2022-11-22 15:00:00,46.5,1.15,258.75,11,Post-monsoon
2022-11-22 16:00:00,48.0,1.12,254.92,11,Post-monsoon
2022-11-22 17:00:00,51.25,1.18,252.75,11,Post-monsoon
2022-11-22 18:00:00,76.0,1.18,252.92,11,Post-monsoon
2022-11-22 19:00:00,91.25,1.22,253.08,11,Post-monsoon
2022-11-22 20:00:00,107.0,1.25,253.1,11,Post-monsoon
2022-11-22 21:00:00,124.75,1.7,253.02,11,Post-monsoon
2022-11-22 22:00:00,126.75,1.7,252.95,11,Post-monsoon
2022-11-22 23:00:00,137.75,1.2,253.05,11,Post-monsoon
2022-11-23 00:00:00,140.75,1.18,255.0,11,Post-monsoon
2022-11-23 01:00:00,121.5,1.1,270.73,11,Post-monsoon
2022-11-23 02:00:00,112.25,1.12,269.55,11,Post-monsoon
2022-11-23 03:00:00,116.75,0.57,269.68,11,Post-monsoon
2022-11-23 04:00:00,117.75,1.27,269.6,11,Post-monsoon
2022-11-23 05:00:00,114.5,1.45,269.55,11,Post-monsoon
2022-11-23 06:00:00,114.75,1.2,254.58,11,Post-monsoon
2022-11-23 07:00:00,112.75,1.15,254.95,11,Post-monsoon
2022-11-23 08:00:00,120.25,1.12,259.33,11,Post-monsoon
2022-11-23 09:00:00,126.0,1.12,260.82,11,Post-monsoon
2022-11-23 10:00:00,123.25,1.12,261.0,11,Post-monsoon
2022-11-23 11:00:00,116.5,1.08,261.45,11,Post-monsoon
2022-11-23 12:00:00,94.0,1.0,263.6,11,Post-monsoon
2022-11-23 13:00:00,52.0,1.0,262.0,11,Post-monsoon
2022-11-23 14:00:00,49.5,0.92,264.12,11,Post-monsoon
2022-11-23 15:00:00,41.5,1.05,261.15,11,Post-monsoon
2022-11-23 16:00:00,41.0,1.1,256.45,11,Post-monsoon
2022-11-23 17:00:00,48.5,1.18,252.42,11,Post-monsoon
2022-11-23 18:00:00,66.75,1.2,253.05,11,Post-monsoon
2022-11-23 19:00:00,83.5,1.23,254.52,11,Post-monsoon
2022-11-23 20:00:00,93.25,1.23,253.2,11,Post-monsoon
2022-11-23 21:00:00,102.0,1.15,253.12,11,Post-monsoon
2022-11-23 22:00:00,108.0,1.2,253.0,11,Post-monsoon
2022-11-23 23:00:00,106.75,1.23,253.08,11,Post-monsoon
2022-11-24 00:00:00,99.25,1.23,253.18,11,Post-monsoon
2022-11-24 01:00:00,88.25,1.12,253.12,11,Post-monsoon
2022-11-24 02:00:00,90.25,1.12,253.18,11,Post-monsoon
2022-11-24 03:00:00,94.5,1.2,253.27,11,Post-monsoon
2022-11-24 04:00:00,95.0,1.12,270.8,11,Post-monsoon
2022-11-24 05:00:00,93.25,1.2,253.68,11,Post-monsoon
2022-11-24 06:00:00,95.5,1.2,253.2,11,Post-monsoon
2022-11-24 07:00:00,93.0,1.15,257.12,11,Post-monsoon
2022-11-24 08:00:00,102.0,1.12,258.62,11,Post-monsoon
2022-11-24 09:00:00,111.75,1.1,258.82,11,Post-monsoon
2022-11-24 10:00:00,109.0,1.08,260.45,11,Post-monsoon
2022-11-24 11:00:00,90.75,0.98,263.8,11,Post-monsoon
2022-11-24 12:00:00,79.25,1.08,260.53,11,Post-monsoon
2022-11-24 13:00:00,70.25,1.0,266.25,11,Post-monsoon
2022-11-24 14:00:00,59.67,1.08,261.8,11,Post-monsoon
2022-11-24 15:00:00,59.5,1.08,258.77,11,Post-monsoon
2022-11-24 16:00:00,58.75,1.2,254.22,11,Post-monsoon
2022-11-24 17:00:00,76.25,1.48,252.68,11,Post-monsoon
2022-11-24 18:00:00,106.25,0.98,253.1,11,Post-monsoon
2022-11-24 19:00:00,147.0,1.65,253.27,11,Post-monsoon
2022-11-24 20:00:00,166.0,1.4,253.35,11,Post-monsoon
2022-11-24 21:00:00,158.75,1.2,253.28,11,Post-monsoon
2022-11-24 22:00:00,162.0,0.92,253.2,11,Post-monsoon
2022-11-24 23:00:00,184.75,1.05,253.2,11,Post-monsoon
2022-11-25 00:00:00,186.75,1.42,253.2,11,Post-monsoon
2022-11-25 01:00:00,178.75,1.27,253.25,11,Post-monsoon
2022-11-25 02:00:00,178.75,0.95,253.5,11,Post-monsoon
2022-11-25 03:00:00,160.5,1.15,253.58,11,Post-monsoon
2022-11-25 04:00:00,146.75,1.2,253.6,11,Post-monsoon
2022-11-25 05:00:00,129.25,0.95,253.45,11,Post-monsoon
2022-11-25 06:00:00,132.25,1.25,253.3,11,Post-monsoon
2022-11-25 07:00:00,135.5,0.88,154.28,11,Post-monsoon
2022-11-25 08:00:00,153.5,0.9,259.9,11,Post-monsoon
2022-11-25 09:00:00,150.75,0.98,269.7,11,Post-monsoon
2022-11-25 10:00:00,119.25,1.02,260.95,11,Post-monsoon
2022-11-25 11:00:00,93.75,0.92,261.45,11,Post-monsoon
2022-11-25 12:00:00,103.0,0.88,271.12,11,Post-monsoon
2022-11-25 13:00:00,94.75,0.8,273.88,11,Post-monsoon
2022-11-25 14:00:00,88.5,0.98,264.82,11,Post-monsoon
2022-11-25 15:00:00,90.25,1.03,259.77,11,Post-monsoon
2022-11-25 16:00:00,89.0,0.92,254.75,11,Post-monsoon
2022-11-25 17:00:00,98.0,1.42,252.75,11,Post-monsoon
2022-11-25 18:00:00,139.0,1.23,253.1,11,Post-monsoon
2022-11-25 19:00:00,139.0,1.0,253.25,11,Post-monsoon
2022-11-25 20:00:00,176.75,1.23,253.32,11,Post-monsoon
2022-11-25 21:00:00,187.75,0.9,253.22,11,Post-monsoon
2022-11-25 22:00:00,209.5,1.5,253.12,11,Post-monsoon
2022-11-25 23:00:00,225.5,1.12,253.2,11,Post-monsoon
2022-11-26 00:00:00,231.25,1.08,253.2,11,Post-monsoon
2022-11-26 01:00:00,225.5,1.18,253.32,11,Post-monsoon
2022-11-26 02:00:00,222.75,1.18,253.52,11,Post-monsoon
2022-11-26 03:00:00,220.25,1.12,253.6,11,Post-monsoon
2022-11-26 04:00:00,225.25,1.23,253.62,11,Post-monsoon
2022-11-26 05:00:00,227.5,1.15,253.45,11,Post-monsoon
2022-11-26 06:00:00,220.0,0.62,253.3,11,Post-monsoon
2022-11-26 07:00:00,207.0,1.18,253.3,11,Post-monsoon
2022-11-26 08:00:00,199.0,1.17,259.12,11,Post-monsoon
2022-11-26 09:00:00,208.0,1.1,262.38,11,Post-monsoon
2022-11-26 10:00:00,194.0,1.0,263.25,11,Post-monsoon
2022-11-26 11:00:00,177.25,0.95,266.73,11,Post-monsoon
2022-11-26 12:00:00,167.0,1.05,260.08,11,Post-monsoon
2022-11-26 13:00:00,146.5,1.02,261.75,11,Post-monsoon
2022-11-26 14:00:00,128.5,1.02,259.73,11,Post-monsoon
2022-11-26 15:00:00,122.0,1.1,256.75,11,Post-monsoon
2022-11-26 16:00:00,115.25,1.18,253.92,11,Post-monsoon
2022-11-26 17:00:00,114.5,1.27,252.7,11,Post-monsoon
2022-11-26 18:00:00,124.25,1.18,253.1,11,Post-monsoon
2022-11-26 19:00:00,142.75,1.18,253.27,11,Post-monsoon
2022-11-26 20:00:00,158.0,1.55,253.35,11,Post-monsoon
2022-11-26 21:00:00,185.25,1.5,253.25,11,Post-monsoon
2022-11-26 22:00:00,206.0,1.7,253.15,11,Post-monsoon
2022-11-26 23:00:00,216.25,1.3,253.2,11,Post-monsoon
2022-11-27 00:00:00,232.75,1.42,253.2,11,Post-monsoon
2022-11-27 01:00:00,243.75,1.02,253.32,11,Post-monsoon
2022-11-27 02:00:00,239.5,0.8,253.58,11,Post-monsoon
2022-11-27 03:00:00,226.25,1.1,253.58,11,Post-monsoon
2022-11-27 04:00:00,217.5,1.33,253.58,11,Post-monsoon
2022-11-27 05:00:00,217.5,1.25,253.45,11,Post-monsoon
2022-11-27 06:00:00,219.25,1.2,258.2,11,Post-monsoon
2022-11-27 07:00:00,209.75,1.1,257.5,11,Post-monsoon
2022-11-27 08:00:00,202.75,1.2,256.05,11,Post-monsoon
2022-11-27 09:00:00,191.0,1.15,262.15,11,Post-monsoon
2022-11-27 10:00:00,182.0,0.75,208.3,11,Post-monsoon
2022-11-27 11:00:00,172.75,0.57,258.03,11,Post-monsoon
2022-11-27 12:00:00,162.25,0.85,272.2,11,Post-monsoon
2022-11-27 13:00:00,123.75,0.92,267.05,11,Post-monsoon
2022-11-27 14:00:00,87.5,0.75,283.05,11,Post-monsoon
2022-11-27 15:00:00,67.5,1.05,259.45,11,Post-monsoon
2022-11-27 16:00:00,81.25,1.17,253.02,11,Post-monsoon
2022-11-27 17:00:00,76.25,1.5,252.77,11,Post-monsoon
2022-11-27 18:00:00,93.0,0.98,253.1,11,Post-monsoon
2022-11-27 19:00:00,132.75,1.3,253.25,11,Post-monsoon
2022-11-27 20:00:00,197.0,1.15,253.3,11,Post-monsoon
2022-11-27 21:00:00,225.5,0.6,253.18,11,Post-monsoon
2022-11-27 22:00:00,271.25,0.43,253.1,11,Post-monsoon
2022-11-27 23:00:00,362.5,1.08,253.1,11,Post-monsoon
2022-11-28 00:00:00,320.5,1.42,253.15,11,Post-monsoon
2022-11-28 01:00:00,243.0,1.0,253.28,11,Post-monsoon
2022-11-28 02:00:00,240.75,1.48,253.5,11,Post-monsoon
2022-11-28 03:00:00,238.75,0.7,253.5,11,Post-monsoon
2022-11-28 04:00:00,223.25,1.15,253.52,11,Post-monsoon
2022-11-28 05:00:00,212.75,1.23,253.38,11,Post-monsoon
2022-11-28 06:00:00,206.5,1.18,278.52,11,Post-monsoon
2022-11-28 07:00:00,208.0,1.2,281.3,11,Post-monsoon
2022-11-28 08:00:00,209.75,1.02,245.25,11,Post-monsoon
2022-11-28 09:00:00,214.0,1.18,254.27,11,Post-monsoon
2022-11-28 10:00:00,204.75,0.62,196.9,11,Post-monsoon
2022-11-28 11:00:00,185.5,0.62,202.08,11,Post-monsoon
2022-11-28 12:00:00,187.0,0.4,171.3,11,Post-monsoon
2022-11-28 13:00:00,187.5,0.62,175.52,11,Post-monsoon
2022-11-28 14:00:00,148.5,1.15,256.1,11,Post-monsoon
2022-11-28 15:00:00,106.25,1.08,258.27,11,Post-monsoon
2022-11-28 16:00:00,100.0,1.05,253.02,11,Post-monsoon
2022-11-28 17:00:00,97.75,1.18,252.82,11,Post-monsoon
2022-11-28 18:00:00,108.25,1.3,253.12,11,Post-monsoon
2022-11-28 19:00:00,143.0,1.18,253.25,11,Post-monsoon
2022-11-28 20:00:00,183.5,1.35,253.3,11,Post-monsoon
2022-11-28 21:00:00,223.75,1.12,253.32,11,Post-monsoon
2022-11-28 22:00:00,254.75,1.35,253.28,11,Post-monsoon
2022-11-28 23:00:00,292.75,1.27,253.23,11,Post-monsoon
2022-11-29 00:00:00,354.5,1.18,253.2,11,Post-monsoon
2022-11-29 01:00:00,311.75,1.0,253.35,11,Post-monsoon
2022-11-29 02:00:00,263.75,1.03,253.52,11,Post-monsoon
2022-11-29 03:00:00,243.5,0.95,253.5,11,Post-monsoon
2022-11-29 04:00:00,229.25,1.2,253.55,11,Post-monsoon
2022-11-29 05:00:00,226.75,1.02,253.38,11,Post-monsoon
2022-11-29 06:00:00,226.25,0.92,253.3,11,Post-monsoon
2022-11-29 07:00:00,227.75,1.08,253.3,11,Post-monsoon
2022-11-29 08:00:00,237.75,1.23,253.4,11,Post-monsoon
2022-11-29 09:00:00,271.0,1.18,257.98,11,Post-monsoon
2022-11-29 10:00:00,300.25,0.7,276.65,11,Post-monsoon
2022-11-29 11:00:00,306.25,0.55,191.85,11,Post-monsoon
2022-11-29 12:00:00,306.25,0.57,222.95,11,Post-monsoon
2022-11-29 13:00:00,211.25,0.48,288.25,11,Post-monsoon
2022-11-29 14:00:00,143.75,0.7,167.28,11,Post-monsoon
2022-11-29 15:00:00,125.5,1.02,269.77,11,Post-monsoon
2022-11-29 16:00:00,118.0,1.48,281.75,11,Post-monsoon
2022-11-29 17:00:00,124.5,1.27,281.58,11,Post-monsoon
2022-11-29 18:00:00,148.0,0.98,281.5,11,Post-monsoon
2022-11-29 19:00:00,163.5,1.42,279.32,11,Post-monsoon
2022-11-29 20:00:00,179.5,1.15,279.68,11,Post-monsoon
2022-11-29 21:00:00,204.5,0.98,280.42,11,Post-monsoon
2022-11-29 22:00:00,231.75,1.27,279.55,11,Post-monsoon
2022-11-29 23:00:00,229.75,1.18,271.25,11,Post-monsoon
2022-11-30 00:00:00,201.75,1.38,253.2,11,Post-monsoon
2022-11-30 01:00:00,180.0,1.18,253.4,11,Post-monsoon
2022-11-30 02:00:00,171.25,1.2,253.5,11,Post-monsoon
2022-11-30 03:00:00,173.75,1.18,253.58,11,Post-monsoon
2022-11-30 04:00:00,180.0,0.92,253.58,11,Post-monsoon
2022-11-30 05:00:00,183.5,1.18,253.42,11,Post-monsoon
2022-11-30 06:00:00,186.25,1.12,253.4,11,Post-monsoon
2022-11-30 07:00:00,193.5,1.18,253.32,11,Post-monsoon
2022-11-30 08:00:00,206.75,1.1,256.58,11,Post-monsoon
2022-11-30 09:00:00,219.5,1.15,261.83,11,Post-monsoon
2022-11-30 10:00:00,234.0,1.05,259.0,11,Post-monsoon
2022-11-30 11:00:00,231.0,1.1,261.55,11,Post-monsoon
2022-11-30 12:00:00,202.5,1.08,261.15,11,Post-monsoon
2022-11-30 13:00:00,166.25,1.12,260.38,11,Post-monsoon
2022-11-30 14:00:00,150.5,1.1,260.9,11,Post-monsoon
2022-11-30 15:00:00,139.0,1.02,259.92,11,Post-monsoon
2022-11-30 16:00:00,119.75,0.95,253.42,11,Post-monsoon
2022-11-30 17:00:00,129.0,0.95,250.5,11,Post-monsoon
2022-11-30 18:00:00,145.25,0.65,253.12,11,Post-monsoon
2022-11-30 19:00:00,166.75,1.0,253.25,11,Post-monsoon
2022-11-30 20:00:00,200.75,0.32,253.3,11,Post-monsoon
2022-11-30 21:00:00,231.0,1.62,253.25,11,Post-monsoon
2022-11-30 22:00:00,256.0,1.35,253.15,11,Post-monsoon
2022-11-30 23:00:00,265.0,1.45,253.2,11,Post-monsoon
2022-12-01 00:00:00,255.0,1.4,253.25,12,Winter
2022-12-01 01:00:00,252.0,1.02,253.35,12,Winter
2022-12-01 02:00:00,246.0,1.18,253.48,12,Winter
2022-12-01 03:00:00,229.75,1.4,253.52,12,Winter
2022-12-01 04:00:00,233.75,0.75,253.55,12,Winter
2022-12-01 05:00:00,227.75,1.18,253.6,12,Winter
2022-12-01 06:00:00,220.5,1.2,253.27,12,Winter
2022-12-01 07:00:00,218.0,1.15,253.55,12,Winter
2022-12-01 08:00:00,217.75,1.12,256.35,12,Winter
2022-12-01 09:00:00,224.25,1.1,259.73,12,Winter
2022-12-01 10:00:00,215.25,1.12,260.1,12,Winter
2022-12-01 11:00:00,202.75,0.9,271.1,12,Winter
2022-12-01 12:00:00,192.0,0.9,272.8,12,Winter
2022-12-01 13:00:00,176.75,0.95,265.68,12,Winter
2022-12-01 14:00:00,180.75,1.05,263.32,12,Winter
2022-12-01 15:00:00,139.5,1.12,258.05,12,Winter
2022-12-01 16:00:00,138.5,1.1,254.35,12,Winter
2022-12-01 17:00:00,150.0,1.42,252.88,12,Winter
2022-12-01 18:00:00,157.5,1.1,253.18,12,Winter
2022-12-01 19:00:00,178.5,1.05,253.25,12,Winter
2022-12-01 20:00:00,202.75,1.35,253.32,12,Winter
2022-12-01 21:00:00,210.25,1.05,253.23,12,Winter
2022-12-01 22:00:00,220.75,1.0,231.92,12,Winter
2022-12-01 23:00:00,229.5,1.25,226.45,12,Winter
2022-12-02 00:00:00,228.5,1.12,226.68,12,Winter
2022-12-02 01:00:00,255.5,1.15,227.55,12,Winter
2022-12-02 02:00:00,267.75,1.22,231.52,12,Winter
2022-12-02 03:00:00,231.0,1.5,246.7,12,Winter
2022-12-02 04:00:00,208.0,1.2,248.98,12,Winter
2022-12-02 05:00:00,192.25,1.2,253.35,12,Winter
2022-12-02 06:00:00,189.75,1.42,253.3,12,Winter
2022-12-02 07:00:00,192.0,1.15,255.65,12,Winter
2022-12-02 08:00:00,197.0,1.1,256.85,12,Winter
2022-12-02 09:00:00,186.25,1.08,259.55,12,Winter
2022-12-02 10:00:00,186.0,0.88,265.42,12,Winter
2022-12-02 11:00:00,169.25,0.72,246.12,12,Winter
2022-12-02 12:00:00,146.0,0.68,235.05,12,Winter
2022-12-02 13:00:00,119.0,0.8,189.72,12,Winter
2022-12-02 14:00:00,118.5,0.92,221.9,12,Winter
2022-12-02 15:00:00,120.25,1.05,228.62,12,Winter
2022-12-02 16:00:00,129.25,1.32,251.12,12,Winter
2022-12-02 17:00:00,140.0,1.15,251.25,12,Winter
2022-12-02 18:00:00,181.75,1.4,251.48,12,Winter
2022-12-02 19:00:00,190.75,1.6,251.45,12,Winter
2022-12-02 20:00:00,195.75,1.42,251.58,12,Winter
2022-12-02 21:00:00,207.75,1.25,251.48,12,Winter
2022-12-02 22:00:00,229.5,0.62,251.5,12,Winter
2022-12-02 23:00:00,285.75,1.67,251.5,12,Winter
2022-12-03 00:00:00,337.75,0.82,251.6,12,Winter
2022-12-03 01:00:00,268.5,0.52,251.65,12,Winter
2022-12-03 02:00:00,259.75,1.67,251.73,12,Winter
2022-12-03 03:00:00,250.75,0.92,251.7,12,Winter
2022-12-03 04:00:00,230.5,0.9,251.73,12,Winter
2022-12-03 05:00:00,216.75,1.08,251.55,12,Winter
2022-12-03 06:00:00,218.0,1.23,251.5,12,Winter
2022-12-03 07:00:00,224.75,1.08,251.6,12,Winter
2022-12-03 08:00:00,227.75,0.65,113.98,12,Winter
2022-12-03 09:00:00,218.75,1.1,160.75,12,Winter
2022-12-03 10:00:00,183.5,0.8,204.55,12,Winter
2022-12-03 11:00:00,171.75,0.8,159.7,12,Winter
2022-12-03 12:00:00,150.75,0.62,143.15,12,Winter
2022-12-03 13:00:00,157.75,0.75,208.58,12,Winter
2022-12-03 14:00:00,176.25,0.78,207.1,12,Winter
2022-12-03 15:00:00,194.5,1.15,121.57,12,Winter
2022-12-03 16:00:00,218.0,1.18,131.57,12,Winter
2022-12-03 17:00:00,245.75,1.0,140.55,12,Winter
2022-12-03 18:00:00,271.75,0.98,140.32,12,Winter
2022-12-03 19:00:00,293.5,1.45,140.45,12,Winter
2022-12-03 20:00:00,317.25,1.5,140.3,12,Winter
2022-12-03 21:00:00,361.0,0.92,140.6,12,Winter
2022-12-03 22:00:00,400.0,1.3,140.8,12,Winter
2022-12-03 23:00:00,388.75,1.1,141.15,12,Winter
2022-12-04 00:00:00,336.0,1.08,147.3,12,Winter
2022-12-04 01:00:00,288.25,1.05,172.15,12,Winter
2022-12-04 02:00:00,265.0,0.95,197.5,12,Winter
2022-12-04 03:00:00,282.75,1.25,198.0,12,Winter
2022-12-04 04:00:00,281.5,1.27,198.65,12,Winter
2022-12-04 05:00:00,274.75,1.1,240.22,12,Winter
2022-12-04 06:00:00,253.75,1.02,251.52,12,Winter
2022-12-04 07:00:00,239.5,1.18,256.48,12,Winter
2022-12-04 08:00:00,236.25,1.2,253.08,12,Winter
2022-12-04 09:00:00,228.0,1.12,256.32,12,Winter
2022-12-04 10:00:00,280.75,1.08,259.2,12,Winter
2022-12-04 11:00:00,286.75,1.05,259.8,12,Winter
2022-12-04 12:00:00,222.0,0.78,273.38,12,Winter
2022-12-04 13:00:00,182.25,0.98,263.58,12,Winter
2022-12-04 14:00:00,172.25,0.92,264.65,12,Winter
2022-12-04 15:00:00,145.75,1.1,259.1,12,Winter
2022-12-04 16:00:00,134.25,1.2,254.42,12,Winter
2022-12-04 17:00:00,136.25,1.52,251.42,12,Winter
2022-12-04 18:00:00,164.25,1.2,251.52,12,Winter
2022-12-04 19:00:00,195.75,1.48,251.58,12,Winter
2022-12-04 20:00:00,242.25,1.15,251.65,12,Winter
2022-12-04 21:00:00,272.25,1.05,251.5,12,Winter
2022-12-04 22:00:00,288.75,1.18,251.5,12,Winter
2022-12-04 23:00:00,279.5,1.08,251.55,12,Winter
2022-12-05 00:00:00,243.75,0.8,251.5,12,Winter
2022-12-05 01:00:00,238.75,1.2,251.6,12,Winter
2022-12-05 02:00:00,225.5,1.08,251.7,12,Winter
2022-12-05 03:00:00,199.75,1.25,251.75,12,Winter
2022-12-05 04:00:00,207.25,1.12,251.78,12,Winter
2022-12-05 05:00:00,202.0,1.18,251.6,12,Winter
2022-12-05 06:00:00,190.75,1.18,251.62,12,Winter
2022-12-05 07:00:00,187.0,1.12,253.98,12,Winter
2022-12-05 08:00:00,198.75,1.15,252.58,12,Winter
2022-12-05 09:00:00,204.5,1.18,255.95,12,Winter
2022-12-05 10:00:00,192.25,0.95,262.75,12,Winter
2022-12-05 11:00:00,172.75,0.78,265.4,12,Winter
2022-12-05 12:00:00,153.5,0.9,261.45,12,Winter
2022-12-05 13:00:00,137.75,0.72,279.25,12,Winter
2022-12-05 14:00:00,115.75,0.9,264.7,12,Winter
2022-12-05 15:00:00,100.75,1.1,256.8,12,Winter
2022-12-05 16:00:00,114.75,1.23,252.92,12,Winter
2022-12-05 17:00:00,122.75,1.42,251.38,12,Winter
2022-12-05 18:00:00,125.25,0.92,251.5,12,Winter
2022-12-05 19:00:00,146.25,1.1,251.52,12,Winter
2022-12-05 20:00:00,200.75,1.15,251.65,12,Winter
2022-12-05 21:00:00,261.25,1.23,251.5,12,Winter
2022-12-05 22:00:00,255.75,1.3,251.52,12,Winter
2022-12-05 23:00:00,261.75,1.27,251.6,12,Winter
2022-12-06 00:00:00,278.0,1.25,251.92,12,Winter
2022-12-06 01:00:00,261.5,1.2,252.68,12,Winter
2022-12-06 02:00:00,249.5,1.17,239.18,12,Winter
2022-12-06 03:00:00,247.75,0.77,268.7,12,Winter
2022-12-06 04:00:00,224.75,1.18,257.38,12,Winter
2022-12-06 05:00:00,209.0,1.1,255.38,12,Winter
2022-12-06 06:00:00,202.5,1.1,253.18,12,Winter
2022-12-06 07:00:00,207.75,1.2,259.55,12,Winter
2022-12-06 08:00:00,207.5,1.1,260.05,12,Winter
2022-12-06 09:00:00,225.75,1.1,259.42,12,Winter
2022-12-06 10:00:00,222.0,1.1,258.98,12,Winter
2022-12-06 11:00:00,219.25,1.15,258.27,12,Winter
2022-12-06 12:00:00,202.0,1.1,256.75,12,Winter
2022-12-06 13:00:00,175.75,1.1,257.83,12,Winter
2022-12-06 14:00:00,176.5,1.12,258.5,12,Winter
2022-12-06 15:00:00,162.25,1.05,258.48,12,Winter
2022-12-06 16:00:00,134.75,1.12,253.52,12,Winter
2022-12-06 17:00:00,141.75,1.12,252.08,12,Winter
2022-12-06 18:00:00,156.25,1.18,251.52,12,Winter
2022-12-06 19:00:00,192.25,1.15,255.85,12,Winter
2022-12-06 20:00:00,217.5,1.15,254.02,12,Winter
2022-12-06 21:00:00,216.75,1.15,251.4,12,Winter
2022-12-06 22:00:00,211.75,1.12,251.45,12,Winter
2022-12-06 23:00:00,205.75,1.18,251.5,12,Winter
2022-12-07 00:00:00,171.0,1.2,251.98,12,Winter
2022-12-07 01:00:00,166.5,1.12,256.55,12,Winter
2022-12-07 02:00:00,159.25,1.23,251.85,12,Winter
2022-12-07 03:00:00,149.5,1.23,252.28,12,Winter
2022-12-07 04:00:00,143.5,1.15,254.4,12,Winter
2022-12-07 05:00:00,140.25,1.12,259.75,12,Winter
2022-12-07 06:00:00,144.25,1.1,260.17,12,Winter
2022-12-07 07:00:00,144.5,1.12,255.55,12,Winter
2022-12-07 08:00:00,146.25,1.12,253.78,12,Winter
2022-12-07 09:00:00,159.0,1.12,256.25,12,Winter
2022-12-07 10:00:00,162.5,1.08,257.55,12,Winter
2022-12-07 11:00:00,141.75,1.02,259.0,12,Winter
2022-12-07 12:00:00,123.75,1.05,256.4,12,Winter
2022-12-07 13:00:00,103.0,1.0,258.95,12,Winter
2022-12-07 14:00:00,87.0,1.02,256.73,12,Winter
2022-12-07 15:00:00,81.75,1.1,255.48,12,Winter
2022-12-07 16:00:00,76.25,1.15,253.65,12,Winter
2022-12-07 17:00:00,83.5,1.2,251.42,12,Winter
2022-12-07 18:00:00,98.5,1.23,251.52,12,Winter
2022-12-07 19:00:00,121.5,1.08,254.2,12,Winter
2022-12-07 20:00:00,148.5,1.1,253.15,12,Winter
2022-12-07 21:00:00,146.25,1.12,251.8,12,Winter
2022-12-07 22:00:00,153.0,1.23,251.68,12,Winter
2022-12-07 23:00:00,154.0,1.2,263.6,12,Winter
2022-12-08 00:00:00,153.75,1.05,270.25,12,Winter
2022-12-08 01:00:00,146.75,1.23,269.82,12,Winter
2022-12-08 02:00:00,151.5,1.0,214.1,12,Winter
2022-12-08 03:00:00,140.5,1.08,281.88,12,Winter
2022-12-08 04:00:00,139.5,1.08,264.68,12,Winter
2022-12-08 05:00:00,141.75,1.1,253.45,12,Winter
2022-12-08 06:00:00,144.75,1.18,253.4,12,Winter
2022-12-08 07:00:00,148.5,1.2,252.5,12,Winter
2022-12-08 08:00:00,153.5,1.18,253.28,12,Winter
2022-12-08 09:00:00,157.0,1.1,256.05,12,Winter
2022-12-08 10:00:00,159.75,1.1,257.98,12,Winter
2022-12-08 11:00:00,144.25,1.0,262.18,12,Winter
2022-12-08 12:00:00,119.5,0.87,266.78,12,Winter
2022-12-08 13:00:00,92.75,1.0,259.42,12,Winter
2022-12-08 14:00:00,77.5,1.08,254.95,12,Winter
2022-12-08 15:00:00,71.0,1.08,256.75,12,Winter
2022-12-08 16:00:00,76.75,1.18,253.58,12,Winter
2022-12-08 17:00:00,86.25,1.25,251.42,12,Winter
2022-12-08 18:00:00,94.5,1.23,251.48,12,Winter
2022-12-08 19:00:00,123.0,0.6,251.5,12,Winter
2022-12-08 20:00:00,180.5,1.38,251.5,12,Winter
2022-12-08 21:00:00,227.0,1.15,251.45,12,Winter
2022-12-08 22:00:00,247.0,1.4,251.5,12,Winter
2022-12-08 23:00:00,229.0,1.42,251.55,12,Winter
2022-12-09 00:00:00,241.5,1.58,251.65,12,Winter
2022-12-09 01:00:00,254.75,0.62,251.8,12,Winter
2022-12-09 02:00:00,263.5,1.32,251.8,12,Winter
2022-12-09 03:00:00,251.75,1.23,251.77,12,Winter
2022-12-09 04:00:00,206.25,1.18,251.78,12,Winter
2022-12-09 05:00:00,182.0,1.15,252.25,12,Winter
2022-12-09 06:00:00,155.75,1.15,252.7,12,Winter
2022-12-09 07:00:00,135.25,1.08,256.8,12,Winter
2022-12-09 08:00:00,126.0,1.17,258.95,12,Winter
2022-12-09 09:00:00,141.0,1.03,257.05,12,Winter
2022-12-09 10:00:00,143.0,0.73,279.02,12,Winter
2022-12-09 11:00:00,142.25,0.95,261.4,12,Winter
2022-12-09 12:00:00,120.75,0.5,272.47,12,Winter
2022-12-09 13:00:00,114.0,0.82,270.23,12,Winter
2022-12-09 14:00:00,103.0,0.9,256.8,12,Winter
2022-12-09 15:00:00,99.5,0.95,262.58,12,Winter
2022-12-09 16:00:00,104.0,1.23,251.78,12,Winter
2022-12-09 17:00:00,102.5,1.38,251.38,12,Winter
2022-12-09 18:00:00,135.25,0.92,251.5,12,Winter
2022-12-09 19:00:00,184.0,1.35,251.52,12,Winter
2022-12-09 20:00:00,236.75,1.4,251.58,12,Winter
2022-12-09 21:00:00,234.25,0.88,251.45,12,Winter
2022-12-09 22:00:00,253.0,1.2,251.45,12,Winter
2022-12-09 23:00:00,304.5,0.98,251.52,12,Winter
2022-12-10 00:00:00,318.0,1.52,251.58,12,Winter
2022-12-10 01:00:00,290.75,1.38,251.7,12,Winter
2022-12-10 02:00:00,257.0,0.97,251.7,12,Winter
2022-12-10 03:00:00,242.75,0.62,251.75,12,Winter
2022-12-10 04:00:00,249.0,0.8,251.72,12,Winter
2022-12-10 05:00:00,233.0,1.2,251.55,12,Winter
2022-12-10 06:00:00,229.5,1.32,251.58,12,Winter
2022-12-10 07:00:00,229.5,1.2,251.6,12,Winter
2022-12-10 08:00:00,243.5,1.08,253.4,12,Winter
2022-12-10 09:00:00,277.75,1.18,257.25,12,Winter
2022-12-10 10:00:00,284.75,1.02,263.55,12,Winter
2022-12-10 11:00:00,248.0,1.1,260.18,12,Winter
2022-12-10 12:00:00,221.5,1.08,259.35,12,Winter
2022-12-10 13:00:00,181.5,0.92,262.1,12,Winter
2022-12-10 14:00:00,132.0,0.9,263.35,12,Winter
2022-12-10 15:00:00,112.0,0.9,259.92,12,Winter
2022-12-10 16:00:00,104.75,1.17,251.95,12,Winter
2022-12-10 17:00:00,106.25,0.62,251.38,12,Winter
2022-12-10 18:00:00,127.75,0.78,251.5,12,Winter
2022-12-10 19:00:00,168.0,1.45,251.5,12,Winter
2022-12-10 20:00:00,260.0,1.4,251.48,12,Winter
2022-12-10 21:00:00,325.5,1.15,251.4,12,Winter
2022-12-10 22:00:00,304.75,1.32,251.42,12,Winter
2022-12-10 23:00:00,268.5,1.18,251.4,12,Winter
2022-12-11 00:00:00,244.75,0.82,251.48,12,Winter
2022-12-11 01:00:00,220.25,1.3,251.72,12,Winter
2022-12-11 02:00:00,202.25,1.43,251.75,12,Winter
2022-12-11 03:00:00,168.5,1.18,251.72,12,Winter
2022-12-11 04:00:00,153.0,1.2,251.78,12,Winter
2022-12-11 05:00:00,145.25,1.2,251.52,12,Winter
2022-12-11 06:00:00,141.0,1.23,251.5,12,Winter
2022-12-11 07:00:00,144.25,1.17,253.15,12,Winter
2022-12-11 08:00:00,149.0,1.12,258.2,12,Winter
2022-12-11 09:00:00,164.25,1.1,256.18,12,Winter
2022-12-11 10:00:00,174.0,0.98,258.88,12,Winter
2022-12-11 11:00:00,164.5,0.9,268.58,12,Winter
2022-12-11 12:00:00,134.0,0.78,271.02,12,Winter
2022-12-11 13:00:00,121.5,1.02,259.25,12,Winter
2022-12-11 14:00:00,94.75,0.95,266.58,12,Winter
2022-12-11 15:00:00,70.25,1.0,259.5,12,Winter
2022-12-11 16:00:00,61.75,1.12,251.9,12,Winter
2022-12-11 17:00:00,65.5,1.23,251.4,12,Winter
2022-12-11 18:00:00,84.75,1.25,251.45,12,Winter
2022-12-11 19:00:00,108.75,1.18,251.4,12,Winter
2022-12-11 20:00:00,127.75,1.2,251.42,12,Winter
2022-12-11 21:00:00,131.25,1.2,251.35,12,Winter
2022-12-11 22:00:00,154.75,1.2,251.4,12,Winter
2022-12-11 23:00:00,159.0,1.38,251.42,12,Winter
2022-12-12 00:00:00,148.25,1.12,251.58,12,Winter
2022-12-12 01:00:00,122.0,1.2,251.73,12,Winter
2022-12-12 02:00:00,109.5,1.18,251.73,12,Winter
2022-12-12 03:00:00,100.0,1.23,251.7,12,Winter
2022-12-12 04:00:00,104.75,1.2,251.72,12,Winter
2022-12-12 05:00:00,107.75,1.18,251.55,12,Winter
2022-12-12 06:00:00,103.75,1.17,255.0,12,Winter
2022-12-12 07:00:00,112.0,1.15,254.78,12,Winter
2022-12-12 08:00:00,112.0,1.15,256.2,12,Winter
2022-12-12 09:00:00,110.5,1.1,255.7,12,Winter
2022-12-12 10:00:00,106.25,1.02,258.12,12,Winter
2022-12-12 11:00:00,102.5,0.92,263.55,12,Winter
2022-12-12 12:00:00,86.75,0.9,265.25,12,Winter
2022-12-12 13:00:00,78.25,1.08,257.73,12,Winter
2022-12-12 14:00:00,66.5,1.0,258.2,12,Winter
2022-12-12 15:00:00,44.25,1.02,258.3,12,Winter
2022-12-12 16:00:00,35.5,1.18,251.75,12,Winter
2022-12-12 17:00:00,36.0,1.3,251.42,12,Winter
2022-12-12 18:00:00,48.75,1.25,251.48,12,Winter
2022-12-12 19:00:00,85.75,1.2,251.48,12,Winter
2022-12-12 20:00:00,133.0,1.2,251.38,12,Winter
2022-12-12 21:00:00,128.0,0.65,251.32,12,Winter
2022-12-12 22:00:00,143.75,1.18,251.4,12,Winter
2022-12-12 23:00:00,143.75,1.17,251.5,12,Winter
2022-12-13 00:00:00,103.75,1.18,251.65,12,Winter
2022-12-13 01:00:00,83.5,1.2,251.6,12,Winter
2022-12-13 02:00:00,80.75,1.2,251.6,12,Winter
2022-12-13 03:00:00,89.75,1.18,252.6,12,Winter
2022-12-13 04:00:00,94.5,1.22,251.78,12,Winter
2022-12-13 05:00:00,76.0,1.2,252.1,12,Winter
2022-12-13 06:00:00,79.25,1.1,255.62,12,Winter
2022-12-13 07:00:00,81.5,1.15,252.3,12,Winter
2022-12-13 08:00:00,85.25,1.1,254.22,12,Winter
2022-12-13 09:00:00,79.75,1.02,256.12,12,Winter
2022-12-13 10:00:00,68.0,1.08,257.88,12,Winter
2022-12-13 11:00:00,59.5,1.02,257.85,12,Winter
2022-12-13 12:00:00,49.0,1.08,256.25,12,Winter
2022-12-13 13:00:00,40.5,1.05,257.25,12,Winter
2022-12-13 14:00:00,42.5,1.05,256.3,12,Winter
2022-12-13 15:00:00,41.25,1.0,258.88,12,Winter
2022-12-13 16:00:00,32.5,1.15,253.77,12,Winter
2022-12-13 17:00:00,34.25,1.18,251.42,12,Winter
2022-12-13 18:00:00,45.75,1.2,251.48,12,Winter
2022-12-13 19:00:00,56.5,1.18,251.75,12,Winter
2022-12-13 20:00:00,73.5,1.18,252.75,12,Winter
2022-12-13 21:00:00,74.25,1.1,254.42,12,Winter
2022-12-13 22:00:00,72.0,1.15,254.08,12,Winter
2022-12-13 23:00:00,73.25,1.15,254.7,12,Winter
2022-12-14 00:00:00,77.0,1.15,252.55,12,Winter
2022-12-14 01:00:00,77.25,1.18,252.4,12,Winter
2022-12-14 02:00:00,77.0,1.15,253.7,12,Winter
2022-12-14 03:00:00,75.25,1.15,252.8,12,Winter
2022-12-14 04:00:00,79.25,1.2,255.4,12,Winter
2022-12-14 05:00:00,83.75,1.1,259.05,12,Winter
2022-12-14 06:00:00,96.0,1.08,259.23,12,Winter
2022-12-14 07:00:00,98.25,1.1,258.0,12,Winter
2022-12-14 08:00:00,96.75,1.1,257.3,12,Winter
2022-12-14 09:00:00,98.0,1.12,257.32,12,Winter
2022-12-14 10:00:00,92.75,1.12,256.27,12,Winter
2022-12-14 11:00:00,82.0,1.05,257.85,12,Winter
2022-12-14 12:00:00,65.0,1.0,259.32,12,Winter
2022-12-14 13:00:00,47.0,1.05,258.9,12,Winter
2022-12-14 14:00:00,36.75,1.02,259.15,12,Winter
2022-12-14 15:00:00,34.75,0.92,261.9,12,Winter
2022-12-14 16:00:00,39.75,1.1,255.5,12,Winter
2022-12-14 17:00:00,42.0,1.2,251.45,12,Winter
2022-12-14 18:00:00,54.75,1.2,251.5,12,Winter
2022-12-14 19:00:00,74.5,1.2,251.5,12,Winter
2022-12-14 20:00:00,107.25,1.2,251.38,12,Winter
2022-12-14 21:00:00,136.0,1.48,251.38,12,Winter
2022-12-14 22:00:00,167.5,1.2,251.45,12,Winter
2022-12-14 23:00:00,189.5,1.18,252.42,12,Winter
2022-12-15 00:00:00,154.5,1.32,251.65,12,Winter
2022-12-15 01:00:00,133.75,1.12,251.8,12,Winter
2022-12-15 02:00:00,131.0,1.18,254.05,12,Winter
2022-12-15 03:00:00,123.25,1.18,253.18,12,Winter
2022-12-15 04:00:00,89.25,1.2,252.5,12,Winter
2022-12-15 05:00:00,82.25,1.15,251.9,12,Winter
2022-12-15 06:00:00,77.5,1.2,251.9,12,Winter
2022-12-15 07:00:00,79.25,1.1,253.12,12,Winter
2022-12-15 08:00:00,80.25,1.2,253.22,12,Winter
2022-12-15 09:00:00,79.25,1.12,255.35,12,Winter
2022-12-15 10:00:00,72.0,1.1,256.0,12,Winter
2022-12-15 11:00:00,65.5,1.1,256.83,12,Winter
2022-12-15 12:00:00,65.5,1.15,256.35,12,Winter
2022-12-15 13:00:00,68.5,1.05,258.35,12,Winter
2022-12-15 14:00:00,60.75,0.97,261.42,12,Winter
2022-12-15 15:00:00,51.0,0.95,259.58,12,Winter
2022-12-15 16:00:00,44.0,1.1,253.85,12,Winter
2022-12-15 17:00:00,51.0,1.2,251.35,12,Winter
2022-12-15 18:00:00,62.0,1.18,251.42,12,Winter
2022-12-15 19:00:00,95.0,1.17,251.4,12,Winter
2022-12-15 20:00:00,143.0,1.2,251.38,12,Winter
2022-12-15 21:00:00,125.0,1.18,251.5,12,Winter
2022-12-15 22:00:00,151.0,1.2,252.35,12,Winter
2022-12-15 23:00:00,161.0,1.2,251.4,12,Winter
2022-12-16 00:00:00,150.0,1.2,251.55,12,Winter
2022-12-16 01:00:00,145.0,1.18,251.75,12,Winter
2022-12-16 02:00:00,125.0,1.12,255.72,12,Winter
2022-12-16 03:00:00,124.0,1.18,253.1,12,Winter
2022-12-16 04:00:00,101.0,1.2,251.82,12,Winter
2022-12-16 05:00:00,92.0,1.15,252.52,12,Winter
2022-12-16 06:00:00,94.0,0.82,303.08,12,Winter
2022-12-16 07:00:00,95.0,1.18,253.15,12,Winter
2022-12-16 08:00:00,103.0,1.2,255.38,12,Winter
2022-12-16 09:00:00,106.0,1.15,254.52,12,Winter
2022-12-16 10:00:00,92.0,1.15,256.45,12,Winter
2022-12-16 11:00:00,86.0,1.1,256.85,12,Winter
2022-12-16 12:00:00,73.0,1.17,255.2,12,Winter
2022-12-16 13:00:00,74.0,1.12,256.23,12,Winter
2022-12-16 14:00:00,68.0,1.23,255.08,12,Winter
2022-12-16 15:00:00,70.0,1.15,256.35,12,Winter
2022-12-16 16:00:00,68.0,1.23,252.87,12,Winter
2022-12-16 17:00:00,74.0,1.27,251.45,12,Winter
2022-12-16 18:00:00,86.0,1.22,251.5,12,Winter
2022-12-16 19:00:00,113.0,1.1,251.45,12,Winter
2022-12-16 20:00:00,205.0,1.27,251.48,12,Winter
2022-12-16 21:00:00,215.0,0.98,251.5,12,Winter
2022-12-16 22:00:00,229.0,1.33,251.55,12,Winter
2022-12-16 23:00:00,291.0,1.3,251.62,12,Winter
2022-12-17 00:00:00,288.0,1.4,251.62,12,Winter
2022-12-17 01:00:00,272.0,1.18,251.65,12,Winter
2022-12-17 02:00:00,283.0,1.32,251.55,12,Winter
2022-12-17 03:00:00,289.0,1.18,251.55,12,Winter
2022-12-17 04:00:00,213.0,1.15,251.55,12,Winter
2022-12-17 05:00:00,182.0,1.18,254.35,12,Winter
2022-12-17 06:00:00,111.0,1.18,252.5,12,Winter
2022-12-17 07:00:00,114.75,1.08,282.25,12,Winter
2022-12-17 08:00:00,123.5,1.18,256.92,12,Winter
2022-12-17 09:00:00,124.67,1.23,255.75,12,Winter
2022-12-17 10:00:00,121.5,1.1,254.0,12,Winter
2022-12-17 11:00:00,109.25,1.02,263.1,12,Winter
2022-12-17 12:00:00,95.0,1.08,258.9,12,Winter
2022-12-17 13:00:00,80.25,1.08,258.12,12,Winter
2022-12-17 14:00:00,82.75,0.92,262.08,12,Winter
2022-12-17 15:00:00,83.33,0.88,264.52,12,Winter
2022-12-17 16:00:00,73.0,1.15,253.32,12,Winter
2022-12-17 17:00:00,74.75,1.27,251.4,12,Winter
2022-12-17 18:00:00,89.0,1.08,251.48,12,Winter
2022-12-17 19:00:00,132.25,1.23,251.48,12,Winter
2022-12-17 20:00:00,182.75,0.77,251.4,12,Winter
2022-12-17 21:00:00,225.25,0.95,251.38,12,Winter
2022-12-17 22:00:00,256.0,0.78,251.48,12,Winter
2022-12-17 23:00:00,262.5,1.35,251.52,12,Winter
2022-12-18 00:00:00,327.0,1.52,251.68,12,Winter
2022-12-18 01:00:00,246.0,0.57,251.77,12,Winter
2022-12-18 02:00:00,255.0,1.2,251.73,12,Winter
2022-12-18 03:00:00,291.0,1.18,251.68,12,Winter
2022-12-18 04:00:00,282.0,1.2,251.55,12,Winter
2022-12-18 05:00:00,227.0,1.15,251.55,12,Winter
2022-12-18 06:00:00,202.0,1.08,251.6,12,Winter
2022-12-18 07:00:00,207.0,1.25,257.27,12,Winter
2022-12-18 08:00:00,211.0,1.15,257.1,12,Winter
2022-12-18 09:00:00,197.0,1.12,253.77,12,Winter
2022-12-18 10:00:00,189.0,1.1,259.2,12,Winter
2022-12-18 11:00:00,205.0,1.05,257.65,12,Winter
2022-12-18 12:00:00,235.0,1.12,255.42,12,Winter
2022-12-18 13:00:00,219.33,1.05,257.23,12,Winter
2022-12-18 14:00:00,210.0,0.52,288.1,12,Winter
2022-12-18 15:00:00,228.0,0.98,261.25,12,Winter
2022-12-18 16:00:00,192.25,0.85,263.25,12,Winter
2022-12-18 17:00:00,202.33,1.02,251.45,12,Winter
2022-12-18 18:00:00,227.0,1.12,251.48,12,Winter
2022-12-18 19:00:00,295.75,1.17,251.5,12,Winter
2022-12-18 20:00:00,376.25,1.23,251.4,12,Winter
2022-12-18 21:00:00,360.33,1.25,251.4,12,Winter
2022-12-18 22:00:00,388.0,1.03,251.4,12,Winter
2022-12-18 23:00:00,416.5,1.38,251.4,12,Winter
2022-12-19 00:00:00,431.75,1.08,251.55,12,Winter
2022-12-19 01:00:00,413.25,1.18,251.6,12,Winter
2022-12-19 02:00:00,418.75,1.27,251.62,12,Winter
2022-12-19 03:00:00,401.25,1.27,251.68,12,Winter
2022-12-19 04:00:00,376.75,1.18,251.62,12,Winter
2022-12-19 05:00:00,331.25,1.2,251.78,12,Winter
2022-12-19 06:00:00,276.5,1.23,251.5,12,Winter
2022-12-19 07:00:00,240.5,1.2,251.42,12,Winter
2022-12-19 08:00:00,225.5,1.18,252.1,12,Winter
2022-12-19 09:00:00,228.75,1.18,254.05,12,Winter
2022-12-19 10:00:00,266.5,1.02,257.8,12,Winter
2022-12-19 11:00:00,303.0,0.98,259.52,12,Winter
2022-12-19 12:00:00,276.25,1.0,259.35,12,Winter
2022-12-19 13:00:00,248.25,0.8,267.62,12,Winter
2022-12-19 14:00:00,201.5,0.78,266.15,12,Winter
2022-12-19 15:00:00,159.25,0.92,261.98,12,Winter
2022-12-19 16:00:00,150.5,1.15,252.05,12,Winter
2022-12-19 17:00:00,118.75,1.2,251.4,12,Winter
2022-12-19 18:00:00,150.5,0.88,251.82,12,Winter
2022-12-19 19:00:00,211.25,1.1,251.85,12,Winter
2022-12-19 20:00:00,278.75,1.38,251.52,12,Winter
2022-12-19 21:00:00,322.25,1.32,251.48,12,Winter
2022-12-19 22:00:00,329.5,1.27,251.5,12,Winter
2022-12-19 23:00:00,377.0,1.12,251.5,12,Winter
2022-12-20 00:00:00,356.0,1.27,251.62,12,Winter
2022-12-20 01:00:00,355.5,1.23,251.65,12,Winter
2022-12-20 02:00:00,313.5,1.25,251.6,12,Winter
2022-12-20 03:00:00,274.0,1.28,255.82,12,Winter
2022-12-20 04:00:00,271.25,1.2,252.5,12,Winter
2022-12-20 05:00:00,239.75,1.12,257.3,12,Winter
2022-12-20 06:00:00,189.5,1.15,254.02,12,Winter
2022-12-20 07:00:00,160.5,1.12,257.03,12,Winter
2022-12-20 08:00:00,144.0,1.15,253.32,12,Winter
2022-12-20 09:00:00,160.5,0.9,261.95,12,Winter
2022-12-20 10:00:00,196.75,1.08,261.38,12,Winter
2022-12-20 11:00:00,249.0,0.9,266.38,12,Winter
2022-12-20 12:00:00,268.25,0.95,253.48,12,Winter
2022-12-20 13:00:00,206.5,0.9,263.77,12,Winter
2022-12-20 14:00:00,137.25,0.82,273.4,12,Winter
2022-12-20 15:00:00,109.25,1.1,254.98,12,Winter
2022-12-20 16:00:00,102.0,1.18,251.75,12,Winter
2022-12-20 17:00:00,125.5,0.92,131.3,12,Winter
2022-12-20 18:00:00,144.67,1.25,70.7,12,Winter
2022-12-20 19:00:00,168.0,1.15,70.7,12,Winter
2022-12-20 20:00:00,227.5,1.12,70.7,12,Winter
2022-12-20 21:00:00,274.0,1.2,70.7,12,Winter
2022-12-20 22:00:00,311.0,1.25,70.7,12,Winter
2022-12-20 23:00:00,352.0,1.2,70.7,12,Winter
2022-12-21 00:00:00,322.0,1.12,68.85,12,Winter
2022-12-21 01:00:00,277.75,1.13,69.5,12,Winter
2022-12-21 02:00:00,223.0,1.08,40.05,12,Winter
2022-12-21 03:00:00,162.75,1.1,46.3,12,Winter
2022-12-21 04:00:00,162.0,1.05,37.98,12,Winter
2022-12-21 05:00:00,148.75,1.08,27.45,12,Winter
2022-12-21 06:00:00,137.75,1.1,19.7,12,Winter
2022-12-21 07:00:00,134.0,1.15,63.8,12,Winter
2022-12-21 08:00:00,117.75,1.08,58.4,12,Winter
2022-12-21 09:00:00,141.5,1.05,45.02,12,Winter
2022-12-21 10:00:00,193.75,1.1,24.72,12,Winter
2022-12-21 11:00:00,236.75,1.0,40.45,12,Winter
2022-12-21 12:00:00,231.75,1.02,47.88,12,Winter
2022-12-21 13:00:00,214.75,1.02,43.55,12,Winter
2022-12-21 14:00:00,167.5,1.05,47.62,12,Winter
2022-12-21 15:00:00,141.67,1.08,57.25,12,Winter
2022-12-21 16:00:00,133.5,1.15,68.92,12,Winter
2022-12-21 17:00:00,134.25,1.1,58.55,12,Winter
2022-12-21 18:00:00,150.0,1.2,70.7,12,Winter
2022-12-21 19:00:00,227.0,1.3,70.7,12,Winter
2022-12-21 20:00:00,239.0,1.2,70.7,12,Winter
2022-12-21 21:00:00,239.0,1.18,70.7,12,Winter
2022-12-21 22:00:00,263.0,1.2,70.7,12,Winter
2022-12-21 23:00:00,284.0,1.12,68.53,12,Winter
2022-12-22 00:00:00,272.0,1.17,65.32,12,Winter
2022-12-22 01:00:00,262.0,1.1,50.62,12,Winter
2022-12-22 02:00:00,228.0,1.17,66.72,12,Winter
2022-12-22 03:00:00,179.0,1.15,66.9,12,Winter
2022-12-22 04:00:00,139.0,1.05,55.88,12,Winter
2022-12-22 05:00:00,116.0,1.18,69.47,12,Winter
2022-12-22 06:00:00,111.0,1.12,66.23,12,Winter
2022-12-22 07:00:00,119.0,1.15,69.2,12,Winter
2022-12-22 08:00:00,116.0,1.1,62.15,12,Winter
2022-12-22 09:00:00,156.0,1.12,62.38,12,Winter
2022-12-22 10:00:00,222.0,1.05,56.22,12,Winter
2022-12-22 11:00:00,244.67,1.08,51.22,12,Winter
2022-12-22 12:00:00,240.0,1.0,45.52,12,Winter
2022-12-22 13:00:00,248.75,1.05,51.95,12,Winter
2022-12-22 14:00:00,239.0,1.1,62.72,12,Winter
2022-12-22 15:00:00,251.25,1.15,63.0,12,Winter
2022-12-22 16:00:00,237.5,1.15,65.62,12,Winter
2022-12-22 17:00:00,220.5,1.2,70.7,12,Winter
2022-12-22 18:00:00,218.25,1.2,70.3,12,Winter
2022-12-22 19:00:00,218.75,1.2,61.4,12,Winter
2022-12-22 20:00:00,236.75,1.02,31.17,12,Winter
2022-12-22 21:00:00,277.33,1.17,31.0,12,Winter
2022-12-22 22:00:00,300.0,1.18,35.7,12,Winter
2022-12-22 23:00:00,310.0,1.2,70.7,12,Winter
2022-12-23 00:00:00,304.0,1.12,70.8,12,Winter
2022-12-23 01:00:00,301.0,1.2,70.1,12,Winter
2022-12-23 02:00:00,261.0,1.12,65.7,12,Winter
2022-12-23 03:00:00,229.0,1.08,54.68,12,Winter
2022-12-23 04:00:00,197.0,1.12,65.08,12,Winter
2022-12-23 05:00:00,186.0,1.05,42.38,12,Winter
2022-12-23 06:00:00,136.0,1.1,37.7,12,Winter
2022-12-23 07:00:00,100.0,1.1,48.95,12,Winter
2022-12-23 08:00:00,103.0,1.08,48.8,12,Winter
2022-12-23 09:00:00,124.0,1.02,52.42,12,Winter
2022-12-23 10:00:00,196.0,1.1,28.0,12,Winter
2022-12-23 11:00:00,295.75,1.02,42.0,12,Winter
2022-12-23 12:00:00,289.0,1.02,40.75,12,Winter
2022-12-23 13:00:00,284.0,1.15,22.88,12,Winter
2022-12-23 14:00:00,249.0,1.1,14.28,12,Winter
2022-12-23 15:00:00,240.0,1.2,10.48,12,Winter
2022-12-23 16:00:00,206.5,1.12,49.78,12,Winter
2022-12-23 17:00:00,199.0,1.23,70.7,12,Winter
2022-12-23 18:00:00,218.0,1.3,70.7,12,Winter
2022-12-23 19:00:00,263.25,1.15,63.88,12,Winter
2022-12-23 20:00:00,298.25,1.35,42.15,12,Winter
2022-12-23 21:00:00,266.0,1.08,70.7,12,Winter
2022-12-23 22:00:00,335.0,1.15,70.7,12,Winter
2022-12-23 23:00:00,318.25,1.32,70.7,12,Winter
2022-12-24 00:00:00,277.0,1.32,70.8,12,Winter
2022-12-24 01:00:00,272.0,1.08,70.8,12,Winter
2022-12-24 02:00:00,206.0,1.32,70.8,12,Winter
2022-12-24 03:00:00,197.0,1.18,70.8,12,Winter
2022-12-24 04:00:00,167.0,1.15,70.75,12,Winter
2022-12-24 05:00:00,168.0,1.2,70.73,12,Winter
2022-12-24 06:00:00,193.0,1.23,70.4,12,Winter
2022-12-24 07:00:00,190.0,1.18,70.5,12,Winter
2022-12-24 08:00:00,197.0,1.15,64.35,12,Winter
2022-12-24 09:00:00,182.0,1.2,66.53,12,Winter
2022-12-24 10:00:00,199.0,1.15,66.9,12,Winter
2022-12-24 11:00:00,185.0,1.1,59.25,12,Winter
2022-12-24 12:00:00,185.0,1.05,60.12,12,Winter
2022-12-24 13:00:00,153.5,1.1,62.15,12,Winter
2022-12-24 14:00:00,122.0,1.1,61.32,12,Winter
2022-12-24 15:00:00,90.0,1.12,66.12,12,Winter
2022-12-24 16:00:00,79.0,1.15,68.5,12,Winter
2022-12-24 17:00:00,90.25,1.18,69.9,12,Winter
2022-12-24 18:00:00,118.75,1.2,70.55,12,Winter
2022-12-24 19:00:00,139.0,1.18,70.7,12,Winter
2022-12-24 20:00:00,162.0,1.2,70.62,12,Winter
2022-12-24 21:00:00,193.0,1.28,70.73,12,Winter
2022-12-24 22:00:00,193.0,1.15,70.68,12,Winter
2022-12-24 23:00:00,175.0,1.18,70.55,12,Winter
2022-12-25 00:00:00,156.0,1.18,70.75,12,Winter
2022-12-25 01:00:00,140.0,1.2,70.15,12,Winter
2022-12-25 02:00:00,190.0,1.2,70.12,12,Winter
2022-12-25 03:00:00,139.0,1.12,69.9,12,Winter
2022-12-25 04:00:00,167.0,1.12,66.72,12,Winter
2022-12-25 05:00:00,150.0,1.12,68.02,12,Winter
2022-12-25 06:00:00,161.0,1.15,68.28,12,Winter
2022-12-25 07:00:00,155.0,1.23,70.4,12,Winter
2022-12-25 08:00:00,161.0,1.15,64.4,12,Winter
2022-12-25 09:00:00,161.0,1.12,62.12,12,Winter
2022-12-25 10:00:00,217.0,1.15,61.75,12,Winter
2022-12-25 11:00:00,206.0,1.1,61.53,12,Winter
2022-12-25 12:00:00,205.0,1.15,63.62,12,Winter
2022-12-25 13:00:00,196.0,1.12,62.65,12,Winter
2022-12-25 14:00:00,212.75,1.18,66.6,12,Winter
2022-12-25 15:00:00,213.67,1.1,62.4,12,Winter
2022-12-25 16:00:00,199.0,1.15,63.85,12,Winter
2022-12-25 17:00:00,165.25,1.2,69.25,12,Winter
2022-12-25 18:00:00,178.25,1.17,67.25,12,Winter
2022-12-25 19:00:00,197.67,1.18,70.72,12,Winter
2022-12-25 20:00:00,222.75,1.15,65.62,12,Winter
2022-12-25 21:00:00,243.75,1.2,69.5,12,Winter
2022-12-25 22:00:00,255.0,1.15,69.73,12,Winter
2022-12-25 23:00:00,226.75,1.2,68.2,12,Winter
2022-12-26 00:00:00,205.0,1.18,69.57,12,Winter
2022-12-26 01:00:00,178.0,1.2,69.3,12,Winter
2022-12-26 02:00:00,158.0,1.15,66.68,12,Winter
2022-12-26 03:00:00,162.0,1.15,65.55,12,Winter
2022-12-26 04:00:00,166.0,1.08,60.9,12,Winter
2022-12-26 05:00:00,149.0,1.12,66.62,12,Winter
2022-12-26 06:00:00,149.67,1.1,63.82,12,Winter
2022-12-26 07:00:00,151.0,1.18,59.22,12,Winter
2022-12-26 08:00:00,146.0,1.12,66.32,12,Winter
2022-12-26 09:00:00,128.5,1.08,58.75,12,Winter
2022-12-26 10:00:00,163.33,1.1,61.12,12,Winter
2022-12-26 11:00:00,202.0,1.15,19.73,12,Winter
2022-12-26 12:00:00,214.25,1.08,31.25,12,Winter
2022-12-26 13:00:00,238.5,1.08,26.0,12,Winter
2022-12-26 14:00:00,267.67,1.02,33.17,12,Winter
2022-12-26 15:00:00,288.25,1.1,59.8,12,Winter
2022-12-26 16:00:00,263.75,1.1,64.92,12,Winter
2022-12-26 17:00:00,233.0,1.2,70.25,12,Winter
2022-12-26 18:00:00,234.5,1.23,70.32,12,Winter
2022-12-26 19:00:00,221.0,1.17,70.78,12,Winter
2022-12-26 20:00:00,233.25,1.12,70.78,12,Winter
2022-12-26 21:00:00,278.0,1.15,70.55,12,Winter
2022-12-26 22:00:00,311.0,1.2,70.45,12,Winter
2022-12-26 23:00:00,222.0,1.23,70.8,12,Winter
2022-12-27 00:00:00,210.0,1.15,69.2,12,Winter
2022-12-27 01:00:00,191.0,1.2,68.03,12,Winter
2022-12-27 02:00:00,175.0,1.12,66.95,12,Winter
2022-12-27 03:00:00,147.0,1.15,67.1,12,Winter
2022-12-27 04:00:00,134.0,1.18,66.75,12,Winter
2022-12-27 05:00:00,122.0,1.17,67.4,12,Winter
2022-12-27 06:00:00,123.0,1.1,64.47,12,Winter
2022-12-27 07:00:00,119.0,1.15,65.85,12,Winter
2022-12-27 08:00:00,118.0,1.1,62.65,12,Winter
2022-12-27 09:00:00,119.0,1.1,64.55,12,Winter
2022-12-27 10:00:00,134.0,1.12,60.38,12,Winter
2022-12-27 11:00:00,177.0,1.1,61.3,12,Winter
2022-12-27 12:00:00,194.0,1.1,63.6,12,Winter
2022-12-27 13:00:00,190.0,1.15,63.82,12,Winter
2022-12-27 14:00:00,175.0,1.15,62.45,12,Winter
2022-12-27 15:00:00,161.0,1.18,64.18,12,Winter
2022-12-27 16:00:00,162.5,1.12,64.28,12,Winter
2022-12-27 17:00:00,159.67,1.2,68.08,12,Winter
2022-12-27 18:00:00,168.33,1.12,68.68,12,Winter
2022-12-27 19:00:00,177.67,1.2,68.4,12,Winter
2022-12-27 20:00:00,189.33,1.23,70.1,12,Winter
2022-12-27 21:00:00,217.75,1.2,70.48,12,Winter
2022-12-27 22:00:00,213.0,1.2,70.65,12,Winter
2022-12-27 23:00:00,198.0,1.22,70.8,12,Winter
2022-12-28 00:00:00,189.0,1.22,70.8,12,Winter
2022-12-28 01:00:00,183.0,1.15,70.38,12,Winter
2022-12-28 02:00:00,188.0,1.2,70.8,12,Winter
2022-12-28 03:00:00,189.0,1.18,70.45,12,Winter
2022-12-28 04:00:00,182.0,1.15,69.2,12,Winter
2022-12-28 05:00:00,173.0,1.2,68.28,12,Winter
2022-12-28 06:00:00,169.0,1.23,69.22,12,Winter
2022-12-28 07:00:00,174.0,1.15,65.68,12,Winter
2022-12-28 08:00:00,180.0,1.1,61.3,12,Winter
2022-12-28 09:00:00,177.0,1.12,62.3,12,Winter
2022-12-28 10:00:00,168.0,1.12,63.5,12,Winter
2022-12-28 11:00:00,138.0,1.15,65.85,12,Winter
2022-12-28 12:00:00,107.67,1.1,60.42,12,Winter
2022-12-28 13:00:00,98.0,1.12,65.05,12,Winter
2022-12-28 14:00:00,88.75,1.15,64.7,12,Winter
2022-12-28 15:00:00,79.0,1.15,62.72,12,Winter
2022-12-28 16:00:00,77.75,1.12,64.75,12,Winter
2022-12-28 17:00:00,77.5,1.15,68.2,12,Winter
2022-12-28 18:00:00,95.75,1.18,70.78,12,Winter
2022-12-28 19:00:00,131.25,1.15,70.75,12,Winter
2022-12-28 20:00:00,180.0,1.23,70.7,12,Winter
2022-12-28 21:00:00,232.5,1.08,68.93,12,Winter
2022-12-28 22:00:00,267.25,1.18,69.72,12,Winter
2022-12-28 23:00:00,215.0,1.2,70.78,12,Winter
2022-12-29 00:00:00,191.0,1.2,70.7,12,Winter
2022-12-29 01:00:00,199.0,1.2,69.97,12,Winter
2022-12-29 02:00:00,183.0,1.12,70.8,12,Winter
2022-12-29 03:00:00,179.0,1.18,70.8,12,Winter
2022-12-29 04:00:00,162.5,1.18,63.25,12,Winter
2022-12-29 05:00:00,155.25,1.12,67.58,12,Winter
2022-12-29 06:00:00,146.25,1.3,69.97,12,Winter
2022-12-29 07:00:00,147.5,1.15,67.92,12,Winter
2022-12-29 08:00:00,155.25,1.12,57.25,12,Winter
2022-12-29 09:00:00,143.5,1.1,53.65,12,Winter
2022-12-29 10:00:00,135.0,1.1,51.52,12,Winter
2022-12-29 11:00:00,138.25,1.02,46.62,12,Winter
2022-12-29 12:00:00,129.5,1.03,29.3,12,Winter
2022-12-29 13:00:00,125.25,1.18,15.78,12,Winter
2022-12-29 14:00:00,117.0,1.15,227.0,12,Winter
2022-12-29 15:00:00,125.0,0.72,276.42,12,Winter
2022-12-29 16:00:00,210.0,0.85,236.55,12,Winter
2022-12-29 17:00:00,210.0,1.08,91.25,12,Winter
2022-12-29 18:00:00,268.0,1.1,91.65,12,Winter
2022-12-29 19:00:00,340.0,1.05,74.73,12,Winter
2022-12-29 20:00:00,337.0,1.17,99.4,12,Winter
2022-12-29 21:00:00,357.0,1.2,111.95,12,Winter
2022-12-29 22:00:00,384.0,1.0,104.2,12,Winter
2022-12-29 23:00:00,393.0,1.2,89.57,12,Winter
2022-12-30 00:00:00,355.0,1.2,98.8,12,Winter
2022-12-30 01:00:00,378.0,1.18,100.15,12,Winter
2022-12-30 02:00:00,354.0,1.15,102.0,12,Winter
2022-12-30 03:00:00,338.0,1.15,101.3,12,Winter
2022-12-30 04:00:00,277.0,1.05,106.3,12,Winter
2022-12-30 05:00:00,249.0,1.1,102.5,12,Winter
2022-12-30 06:00:00,245.0,1.1,109.1,12,Winter
2022-12-30 07:00:00,244.0,1.05,116.48,12,Winter
2022-12-30 08:00:00,239.0,1.08,112.82,12,Winter
2022-12-30 09:00:00,260.0,1.02,115.35,12,Winter
2022-12-30 10:00:00,261.0,1.12,106.68,12,Winter
2022-12-30 11:00:00,269.0,1.02,115.75,12,Winter
2022-12-30 12:00:00,222.0,1.05,106.22,12,Winter
2022-12-30 13:00:00,205.0,1.05,104.6,12,Winter
2022-12-30 14:00:00,191.0,1.08,97.3,12,Winter
2022-12-30 15:00:00,206.0,1.05,94.58,12,Winter
2022-12-30 16:00:00,215.0,1.15,94.5,12,Winter
2022-12-30 17:00:00,221.0,1.2,102.02,12,Winter
2022-12-30 18:00:00,235.0,1.18,115.65,12,Winter
2022-12-30 19:00:00,274.0,0.92,115.62,12,Winter
2022-12-30 20:00:00,317.0,1.02,113.35,12,Winter
2022-12-30 21:00:00,334.0,0.95,117.22,12,Winter
2022-12-30 22:00:00,374.0,1.12,276.18,12,Winter
2022-12-30 23:00:00,331.0,1.22,274.62,12,Winter
2022-12-31 00:00:00,373.0,1.2,266.4,12,Winter
2022-12-31 01:00:00,385.0,1.15,267.35,12,Winter
2022-12-31 02:00:00,280.0,1.12,266.82,12,Winter
2022-12-31 03:00:00,295.0,1.12,268.15,12,Winter
2022-12-31 04:00:00,256.0,1.1,272.5,12,Winter
2022-12-31 05:00:00,237.0,1.15,276.42,12,Winter
2022-12-31 06:00:00,206.0,1.18,268.8,12,Winter
2022-12-31 07:00:00,199.0,1.15,276.73,12,Winter
2022-12-31 08:00:00,156.0,1.18,265.4,12,Winter
2022-12-31 09:00:00,125.0,1.12,267.9,12,Winter
2022-12-31 10:00:00,123.0,1.12,264.52,12,Winter
2022-12-31 11:00:00,116.0,1.1,262.27,12,Winter
2022-12-31 12:00:00,112.0,1.1,265.7,12,Winter
2022-12-31 13:00:00,103.0,1.1,266.4,12,Winter
2022-12-31 14:00:00,88.0,1.1,269.48,12,Winter
2022-12-31 15:00:00,97.0,1.12,270.52,12,Winter
2022-12-31 16:00:00,99.0,1.18,278.62,12,Winter
2022-12-31 17:00:00,84.0,1.1,272.75,12,Winter
2022-12-31 18:00:00,80.0,1.15,268.77,12,Winter
2022-12-31 19:00:00,106.0,1.23,268.12,12,Winter
2022-12-31 20:00:00,140.0,1.15,273.3,12,Winter
2022-12-31 21:00:00,163.0,1.23,276.47,12,Winter
2022-12-31 22:00:00,169.0,1.17,279.05,12,Winter
2022-12-31 23:00:00,195.0,1.2,282.75,12,Winter
