timestamp,PM 2.5,wind_speed,wind_dir
2024-01-01 00:00:00,217.5,1.02,119.18
2024-01-01 01:00:00,202.25,1.12,299.92
2024-01-01 02:00:00,195.5,1.45,299.65
2024-01-01 03:00:00,193.75,1.0,307.27
2024-01-01 04:00:00,205.75,1.17,301.1
2024-01-01 05:00:00,217.25,1.3,300.12
2024-01-01 06:00:00,220.5,1.3,298.45
2024-01-01 07:00:00,226.25,0.78,169.68
2024-01-01 08:00:00,218.5,0.68,194.92
2024-01-01 09:00:00,210.0,0.95,298.95
2024-01-01 10:00:00,206.75,0.98,242.28
2024-01-01 11:00:00,209.75,0.6,246.7
2024-01-01 12:00:00,224.5,1.08,301.2
2024-01-01 13:00:00,239.75,1.12,302.0
2024-01-01 14:00:00,264.0,0.98,304.82
2024-01-01 15:00:00,289.0,0.55,180.75
2024-01-01 16:00:00,273.75,1.05,229.3
2024-01-01 17:00:00,252.33,1.12,300.0
2024-01-01 18:00:00,205.75,1.15,299.98
2024-01-01 19:00:00,213.75,1.2,300.48
2024-01-01 20:00:00,299.25,1.23,301.4
2024-01-01 21:00:00,346.5,1.3,302.85
2024-01-01 22:00:00,363.25,1.15,303.8
2024-01-01 23:00:00,374.25,1.12,305.5
2024-01-02 00:00:00,370.75,1.25,299.95
2024-01-02 01:00:00,336.75,1.08,302.8
2024-01-02 02:00:00,294.75,1.05,305.65
2024-01-02 03:00:00,275.0,1.0,260.92
2024-01-02 04:00:00,263.0,1.25,299.9
2024-01-02 05:00:00,233.0,1.23,299.9
2024-01-02 06:00:00,233.0,1.0,181.3
2024-01-02 07:00:00,246.0,0.92,163.88
2024-01-02 08:00:00,299.67,0.9,315.38
2024-01-02 09:00:00,289.0,1.05,302.2
2024-01-02 10:00:00,271.5,0.83,235.5
2024-01-02 11:00:00,234.25,1.1,302.6
2024-01-02 12:00:00,220.0,0.55,229.82
2024-01-02 13:00:00,204.0,0.88,305.5
2024-01-02 14:00:00,210.0,0.62,178.85
2024-01-02 15:00:00,227.0,0.65,240.65
2024-01-02 16:00:00,240.5,0.92,195.8
2024-01-02 17:00:00,267.25,1.25,297.17
2024-01-02 18:00:00,290.25,1.68,299.85
2024-01-02 19:00:00,298.75,0.85,299.9
2024-01-02 20:00:00,305.25,1.28,300.05
2024-01-02 21:00:00,288.75,0.92,300.18
2024-01-02 22:00:00,301.75,0.85,316.5
2024-01-02 23:00:00,269.25,1.1,306.85
2024-01-03 00:00:00,239.0,0.98,323.77
2024-01-03 01:00:00,241.0,1.12,312.42
2024-01-03 02:00:00,231.75,1.12,301.65
2024-01-03 03:00:00,234.75,0.5,337.0
2024-01-03 04:00:00,221.75,0.52,239.82
2024-01-03 05:00:00,227.75,0.95,250.98
2024-01-03 06:00:00,216.0,1.05,178.82
2024-01-03 07:00:00,197.75,0.65,45.7
2024-01-03 08:00:00,188.0,0.55,87.45
2024-01-03 09:00:00,190.25,0.57,147.32
2024-01-03 10:00:00,205.25,0.5,103.75
2024-01-03 11:00:00,234.5,0.65,206.62
2024-01-03 12:00:00,250.25,1.08,301.73
2024-01-03 13:00:00,284.0,0.8,102.78
2024-01-03 14:00:00,355.5,0.72,254.88
2024-01-03 15:00:00,319.75,1.03,322.77
2024-01-03 16:00:00,289.25,1.2,210.0
2024-01-03 17:00:00,258.75,1.2,237.5
2024-01-03 18:00:00,247.0,1.12,234.825
2024-01-03 19:00:00,261.0,0.3,232.15
2024-01-03 20:00:00,300.0,1.3,229.475
2024-01-03 21:00:00,320.25,1.5,
2024-01-03 22:00:00,342.75,1.2,
2024-01-03 23:00:00,374.5,1.42,
2024-01-04 00:00:00,320.0,1.2,
2024-01-04 01:00:00,295.25,1.2,
2024-01-04 02:00:00,293.25,1.25,
2024-01-04 03:00:00,284.5,1.2,
2024-01-04 04:00:00,255.0,1.2,
2024-01-04 05:00:00,249.0,1.27,
2024-01-04 06:00:00,240.0,1.12,
2024-01-04 07:00:00,244.75,1.2,
2024-01-04 08:00:00,266.0,1.23,
2024-01-04 09:00:00,296.25,1.2,
2024-01-04 10:00:00,332.0,1.18,
2024-01-04 11:00:00,353.25,1.18,
2024-01-04 12:00:00,362.5,1.2,
2024-01-04 13:00:00,404.5,1.2,
2024-01-04 14:00:00,371.0,1.2,
2024-01-04 15:00:00,353.0,1.18,
2024-01-04 16:00:00,321.5,1.15,
2024-01-04 17:00:00,340.5,1.2,
2024-01-04 18:00:00,357.5,1.23,
2024-01-04 19:00:00,353.75,1.23,
2024-01-04 20:00:00,331.75,1.18,
2024-01-04 21:00:00,304.0,1.18,
2024-01-04 22:00:00,282.5,1.25,
2024-01-04 23:00:00,304.25,1.27,
2024-01-05 00:00:00,323.25,1.05,
2024-01-05 01:00:00,328.0,1.18,
2024-01-05 02:00:00,300.25,1.2,
2024-01-05 03:00:00,255.25,1.2,
2024-01-05 04:00:00,223.75,1.27,
2024-01-05 05:00:00,193.0,1.27,
2024-01-05 06:00:00,204.0,1.58,
2024-01-05 07:00:00,212.0,1.7,
2024-01-05 08:00:00,213.75,1.7,
2024-01-05 09:00:00,203.75,1.7,130.5
2024-01-05 10:00:00,216.5,1.32,183.75
2024-01-05 11:00:00,243.0,1.18,237.0
2024-01-05 12:00:00,284.25,1.27,237.0
2024-01-05 13:00:00,291.0,1.18,238.0
2024-01-05 14:00:00,304.0,1.27,239.0
2024-01-05 15:00:00,403.0,1.23,240.0
2024-01-05 16:00:00,427.0,1.23,240.16666666666666
2024-01-05 17:00:00,335.0,1.18,240.33333333333334
2024-01-05 18:00:00,348.0,1.18,240.5
2024-01-05 19:00:00,277.0,1.2,
2024-01-05 20:00:00,228.0,1.05,
2024-01-05 21:00:00,226.0,1.42,241.0
2024-01-05 22:00:00,207.0,1.38,268.0
2024-01-05 23:00:00,205.0,0.9,122.0
2024-01-06 00:00:00,180.0,1.7,154.0
2024-01-06 01:00:00,189.0,1.32,160.5
2024-01-06 02:00:00,194.0,1.2,167.0
2024-01-06 03:00:00,179.0,1.1,173.5
2024-01-06 04:00:00,163.0,1.03,168.0
2024-01-06 05:00:00,173.0,1.45,244.0
2024-01-06 06:00:00,185.0,1.15,139.0
2024-01-06 07:00:00,194.0,1.68,263.0
2024-01-06 08:00:00,201.0,1.05,207.5
2024-01-06 09:00:00,209.25,1.25,335.0
2024-01-06 10:00:00,217.75,1.08,243.0
2024-01-06 11:00:00,228.25,1.25,151.0
2024-01-06 12:00:00,252.75,1.23,261.5
2024-01-06 13:00:00,285.25,1.25,243.0
2024-01-06 14:00:00,298.75,1.25,248.5
2024-01-06 15:00:00,291.25,1.2,183.0
2024-01-06 16:00:00,321.5,1.15,266.0
2024-01-06 17:00:00,342.75,1.32,269.2857142857143
2024-01-06 18:00:00,354.0,1.27,272.57142857142856
2024-01-06 19:00:00,346.25,1.25,275.85714285714283
2024-01-06 20:00:00,350.25,1.15,
2024-01-06 21:00:00,360.5,1.23,
2024-01-06 22:00:00,382.0,1.08,
2024-01-06 23:00:00,354.5,1.58,
2024-01-07 00:00:00,328.5,1.1,
2024-01-07 01:00:00,306.75,0.38,
2024-01-07 02:00:00,300.0,0.45,
2024-01-07 03:00:00,283.0,1.1,
2024-01-07 04:00:00,221.5,1.38,
2024-01-07 05:00:00,183.5,1.15,
2024-01-07 06:00:00,171.75,0.98,312.0
2024-01-07 07:00:00,192.0,1.23,315.625
2024-01-07 08:00:00,187.75,1.27,319.25
2024-01-07 09:00:00,204.5,1.2,322.875
2024-01-07 10:00:00,218.75,1.18,326.5
2024-01-07 11:00:00,247.0,1.2,231.5
2024-01-07 12:00:00,271.75,1.12,256.0
2024-01-07 13:00:00,270.5,1.2,296.0
2024-01-07 14:00:00,260.25,1.15,295.0
2024-01-07 15:00:00,274.5,1.25,239.5
2024-01-07 16:00:00,340.25,1.23,242.5
2024-01-07 17:00:00,395.5,1.3,224.4
2024-01-07 18:00:00,325.75,1.35,206.3
2024-01-07 19:00:00,300.25,1.23,188.2
2024-01-07 20:00:00,294.75,1.15,
2024-01-07 21:00:00,285.0,1.08,152.0
2024-01-07 22:00:00,287.0,1.62,171.5
2024-01-07 23:00:00,288.0,1.7,191.0
2024-01-08 00:00:00,267.5,1.7,210.5
2024-01-08 01:00:00,249.5,1.7,
2024-01-08 02:00:00,247.25,1.7,
2024-01-08 03:00:00,249.25,1.7,
2024-01-08 04:00:00,235.5,1.0,
2024-01-08 05:00:00,246.75,1.2,308.0
2024-01-08 06:00:00,281.5,0.82,100.0
2024-01-08 07:00:00,297.25,0.82,236.5
2024-01-08 08:00:00,305.0,1.15,255.625
2024-01-08 09:00:00,341.25,1.12,274.75
2024-01-08 10:00:00,367.25,1.2,293.875
2024-01-08 11:00:00,405.75,1.02,313.0
2024-01-08 12:00:00,462.75,1.23,124.0
2024-01-08 13:00:00,479.0,1.27,137.55666666666667
2024-01-08 14:00:00,465.25,1.3,151.11333333333332
2024-01-08 15:00:00,474.0,1.25,164.67
2024-01-08 16:00:00,555.75,1.08,224.33
2024-01-08 17:00:00,659.75,1.68,222.71916666666667
2024-01-08 18:00:00,593.25,1.7,221.10833333333335
2024-01-08 19:00:00,521.5,1.7,219.4975
2024-01-08 20:00:00,518.0,1.35,
2024-01-08 21:00:00,569.25,1.2,
2024-01-08 22:00:00,483.0,1.2,
2024-01-08 23:00:00,438.0,1.23,
2024-01-09 00:00:00,436.75,1.3,
2024-01-09 01:00:00,407.5,1.3,
2024-01-09 02:00:00,319.25,1.32,
2024-01-09 03:00:00,279.25,1.2,
2024-01-09 04:00:00,257.0,1.25,205.0
2024-01-09 05:00:00,232.75,1.02,209.0
2024-01-09 06:00:00,230.5,1.25,213.0
2024-01-09 07:00:00,233.0,1.0,217.0
2024-01-09 08:00:00,261.25,1.12,216.67307692307693
2024-01-09 09:00:00,280.5,1.2,216.34615384615384
2024-01-09 10:00:00,272.5,1.18,216.01923076923077
2024-01-09 11:00:00,252.0,1.18,
2024-01-09 12:00:00,194.75,1.2,
2024-01-09 13:00:00,193.0,1.2,
2024-01-09 14:00:00,184.25,1.2,
2024-01-09 15:00:00,166.25,1.18,
2024-01-09 16:00:00,159.25,1.2,
2024-01-09 17:00:00,148.25,1.2,
2024-01-09 18:00:00,156.5,1.18,
2024-01-09 19:00:00,151.25,1.2,
2024-01-09 20:00:00,148.0,1.2,
2024-01-09 21:00:00,143.25,1.15,
2024-01-09 22:00:00,137.0,1.2,
2024-01-09 23:00:00,137.25,1.2,
2024-01-10 00:00:00,151.75,1.2,
2024-01-10 01:00:00,166.75,1.18,
2024-01-10 02:00:00,171.5,1.2,
2024-01-10 03:00:00,178.0,1.2,
2024-01-10 04:00:00,171.25,1.2,
2024-01-10 05:00:00,152.5,1.2,
2024-01-10 06:00:00,138.0,1.2,
2024-01-10 07:00:00,163.0,1.2,
2024-01-10 08:00:00,167.25,1.18,
2024-01-10 09:00:00,172.5,1.2,
2024-01-10 10:00:00,198.25,1.18,
2024-01-10 11:00:00,256.5,1.2,
2024-01-10 12:00:00,252.0,1.23,
2024-01-10 13:00:00,281.25,1.2,
2024-01-10 14:00:00,265.25,1.2,
2024-01-10 15:00:00,292.75,1.15,
2024-01-10 16:00:00,340.25,1.2,
2024-01-10 17:00:00,342.5,1.15,
2024-01-10 18:00:00,316.75,1.18,
2024-01-10 19:00:00,306.5,1.2,
2024-01-10 20:00:00,309.25,1.25,
2024-01-10 21:00:00,336.0,1.15,
2024-01-10 22:00:00,381.75,1.23,
2024-01-10 23:00:00,383.5,1.15,
2024-01-11 00:00:00,346.5,1.62,
2024-01-11 01:00:00,321.75,1.27,
2024-01-11 02:00:00,316.5,1.2,
2024-01-11 03:00:00,287.0,1.18,
2024-01-11 04:00:00,266.0,1.2,
2024-01-11 05:00:00,265.0,1.18,
2024-01-11 06:00:00,258.75,1.2,
2024-01-11 07:00:00,246.25,1.18,
2024-01-11 08:00:00,243.25,1.18,
2024-01-11 09:00:00,253.0,1.23,
2024-01-11 10:00:00,239.0,1.25,
2024-01-11 11:00:00,253.5,1.23,200.0
2024-01-11 12:00:00,259.5,1.32,343.0
2024-01-11 13:00:00,265.25,1.2,336.8636363636364
2024-01-11 14:00:00,284.0,1.15,330.72727272727275
2024-01-11 15:00:00,243.5,1.18,324.59090909090907
2024-01-11 16:00:00,232.75,1.2,
2024-01-11 17:00:00,241.0,1.15,
2024-01-11 18:00:00,252.0,1.2,
2024-01-11 19:00:00,291.0,1.15,
2024-01-11 20:00:00,310.5,1.27,
2024-01-11 21:00:00,326.25,1.38,
2024-01-11 22:00:00,366.0,1.4,
2024-01-11 23:00:00,376.75,1.12,
2024-01-12 00:00:00,347.75,0.82,
2024-01-12 01:00:00,313.0,1.2,
2024-01-12 02:00:00,267.0,1.65,
2024-01-12 03:00:00,247.0,1.62,
2024-01-12 04:00:00,247.0,1.55,
2024-01-12 05:00:00,233.0,1.27,
2024-01-12 06:00:00,201.0,1.25,
2024-01-12 07:00:00,153.25,1.12,
2024-01-12 08:00:00,166.75,1.2,
2024-01-12 09:00:00,181.75,1.25,
2024-01-12 10:00:00,196.5,1.35,208.0
2024-01-12 11:00:00,210.75,1.18,201.92857142857142
2024-01-12 12:00:00,225.25,1.18,195.85714285714286
2024-01-12 13:00:00,230.0,1.2,189.78571428571428
2024-01-12 14:00:00,211.5,1.23,
2024-01-12 15:00:00,195.25,1.15,
2024-01-12 16:00:00,174.0,1.18,
2024-01-12 17:00:00,162.5,1.25,
2024-01-12 18:00:00,179.5,1.68,
2024-01-12 19:00:00,241.5,1.7,
2024-01-12 20:00:00,278.0,1.7,
2024-01-12 21:00:00,262.25,1.7,
2024-01-12 22:00:00,327.5,1.6,
2024-01-12 23:00:00,403.5,1.1,
2024-01-13 00:00:00,435.5,1.35,123.0
2024-01-13 01:00:00,442.5,0.57,84.5
2024-01-13 02:00:00,398.0,0.3,85.0
2024-01-13 03:00:00,368.5,0.52,95.0
2024-01-13 04:00:00,361.75,1.7,87.75
2024-01-13 05:00:00,392.5,1.7,80.5
2024-01-13 06:00:00,318.0,1.7,73.25
2024-01-13 07:00:00,331.25,1.58,66.0
2024-01-13 08:00:00,365.5,1.35,53.0
2024-01-13 09:00:00,424.5,1.32,243.67
2024-01-13 10:00:00,488.75,1.23,164.33
2024-01-13 11:00:00,499.0,0.42,247.0
2024-01-13 12:00:00,544.0,1.23,157.25
2024-01-13 13:00:00,575.75,1.18,155.75
2024-01-13 14:00:00,592.75,1.08,313.0
2024-01-13 15:00:00,667.75,1.23,219.0
2024-01-13 16:00:00,645.5,1.12,132.5
2024-01-13 17:00:00,713.5,0.3,102.25
2024-01-13 18:00:00,736.5,0.3,100.0
2024-01-13 19:00:00,773.0,0.3,99.75
2024-01-13 20:00:00,849.0,0.3,114.0
2024-01-13 21:00:00,845.75,0.3,154.0
2024-01-13 22:00:00,855.25,0.3,194.0
2024-01-13 23:00:00,859.0,0.3,234.0
2024-01-14 00:00:00,987.0,0.3,
2024-01-14 01:00:00,963.0,0.3,
2024-01-14 02:00:00,871.5,0.3,354.0
2024-01-14 03:00:00,784.5,0.3,320.8325
2024-01-14 04:00:00,688.5,0.3,287.665
2024-01-14 05:00:00,591.25,0.3,254.4975
2024-01-14 06:00:00,377.0,0.3,221.33
2024-01-14 07:00:00,336.25,0.95,219.36553191489364
2024-01-14 08:00:00,378.25,1.15,217.40106382978723
2024-01-14 09:00:00,438.75,1.18,215.43659574468086
2024-01-14 10:00:00,510.0,1.23,
2024-01-14 11:00:00,500.75,1.18,
2024-01-14 12:00:00,553.5,1.2,
2024-01-14 13:00:00,505.0,1.18,
2024-01-14 14:00:00,346.75,1.23,
2024-01-14 15:00:00,285.0,1.2,
2024-01-14 16:00:00,260.25,1.23,
2024-01-14 17:00:00,269.5,1.2,
2024-01-14 18:00:00,255.5,1.68,
2024-01-14 19:00:00,301.0,1.7,
2024-01-14 20:00:00,398.75,1.7,
2024-01-14 21:00:00,429.5,1.7,
2024-01-14 22:00:00,426.0,1.7,
2024-01-14 23:00:00,431.25,1.7,
2024-01-15 00:00:00,425.25,1.7,
2024-01-15 01:00:00,377.75,1.7,
2024-01-15 02:00:00,336.0,1.7,
2024-01-15 03:00:00,286.75,1.7,
2024-01-15 04:00:00,262.75,1.2,
2024-01-15 05:00:00,244.5,1.2,
2024-01-15 06:00:00,213.0,1.12,
2024-01-15 07:00:00,201.75,1.23,
2024-01-15 08:00:00,143.0,1.18,
2024-01-15 09:00:00,155.5,1.12,
2024-01-15 10:00:00,188.5,1.18,
2024-01-15 11:00:00,239.5,1.15,
2024-01-15 12:00:00,247.5,1.18,
2024-01-15 13:00:00,184.75,1.2,
2024-01-15 14:00:00,199.25,1.2,
2024-01-15 15:00:00,165.75,1.15,
2024-01-15 16:00:00,141.0,1.15,
2024-01-15 17:00:00,145.0,0.82,
2024-01-15 18:00:00,193.25,0.3,
2024-01-15 19:00:00,230.0,0.3,
2024-01-15 20:00:00,270.5,0.3,
2024-01-15 21:00:00,316.0,0.3,
2024-01-15 22:00:00,367.75,0.3,
2024-01-15 23:00:00,471.0,0.3,
2024-01-16 00:00:00,449.5,0.3,
2024-01-16 01:00:00,441.25,0.3,
2024-01-16 02:00:00,408.25,0.3,
2024-01-16 03:00:00,353.75,0.62,
2024-01-16 04:00:00,300.5,1.45,
2024-01-16 05:00:00,283.25,1.23,129.0
2024-01-16 06:00:00,275.75,1.35,151.33
2024-01-16 07:00:00,282.25,1.18,160.75
2024-01-16 08:00:00,268.0,1.15,174.75
2024-01-16 09:00:00,266.75,1.18,185.5
2024-01-16 10:00:00,263.0,1.18,170.5
2024-01-16 11:00:00,269.75,1.15,204.25
2024-01-16 12:00:00,291.0,1.2,136.0
2024-01-16 13:00:00,291.25,1.18,175.0
2024-01-16 14:00:00,280.0,1.2,129.75
2024-01-16 15:00:00,272.25,1.25,154.0
2024-01-16 16:00:00,280.25,1.2,164.25
2024-01-16 17:00:00,293.0,1.25,160.5
2024-01-16 18:00:00,284.75,1.2,157.75
2024-01-16 19:00:00,270.25,1.23,173.75
2024-01-16 20:00:00,299.5,1.2,144.25
2024-01-16 21:00:00,291.75,1.12,162.0
2024-01-16 22:00:00,281.5,1.15,117.0
2024-01-16 23:00:00,282.25,1.23,153.25
2024-01-17 00:00:00,281.75,1.15,139.25
2024-01-17 01:00:00,258.75,1.23,139.5
2024-01-17 02:00:00,255.5,1.25,185.25
2024-01-17 03:00:00,243.75,1.25,186.75
2024-01-17 04:00:00,202.25,1.02,199.75
2024-01-17 05:00:00,210.25,1.25,191.25
2024-01-17 06:00:00,258.0,1.12,108.0
2024-01-17 07:00:00,284.0,1.18,187.5
2024-01-17 08:00:00,284.0,1.27,160.67
2024-01-17 09:00:00,270.5,1.15,157.0
2024-01-17 10:00:00,286.5,1.18,181.75
2024-01-17 11:00:00,294.5,1.2,200.0
2024-01-17 12:00:00,298.0,1.18,237.0
2024-01-17 13:00:00,295.25,1.2,172.0
2024-01-17 14:00:00,267.0,1.2,134.5
2024-01-17 15:00:00,259.5,1.2,196.25
2024-01-17 16:00:00,257.75,1.23,262.5
2024-01-17 17:00:00,274.75,1.2,230.5
2024-01-17 18:00:00,305.75,1.3,149.25
2024-01-17 19:00:00,320.25,1.58,119.0
2024-01-17 20:00:00,322.75,1.12,146.25
2024-01-17 21:00:00,334.25,1.15,180.67
2024-01-17 22:00:00,352.25,1.2,171.5
2024-01-17 23:00:00,326.5,1.25,204.0
2024-01-18 00:00:00,226.75,1.23,192.0
2024-01-18 01:00:00,142.0,1.1,185.75
2024-01-18 02:00:00,150.0,1.18,264.0
2024-01-18 03:00:00,150.75,1.18,315.33
2024-01-18 04:00:00,170.0,0.98,184.67
2024-01-18 05:00:00,199.75,1.1,156.0
2024-01-18 06:00:00,218.5,1.32,165.0
2024-01-18 07:00:00,217.25,1.42,177.125
2024-01-18 08:00:00,205.75,1.12,189.25
2024-01-18 09:00:00,217.25,1.4,215.5
2024-01-18 10:00:00,204.5,1.15,217.67
2024-01-18 11:00:00,234.5,1.18,230.0
2024-01-18 12:00:00,288.25,1.18,285.0
2024-01-18 13:00:00,299.0,1.2,177.25
2024-01-18 14:00:00,368.25,1.2,112.5
2024-01-18 15:00:00,566.0,1.2,103.25
2024-01-18 16:00:00,457.0,0.92,134.5
2024-01-18 17:00:00,417.75,1.27,191.0
2024-01-18 18:00:00,462.75,1.15,178.25
2024-01-18 19:00:00,276.75,1.15,191.5
2024-01-18 20:00:00,268.0,1.2,234.5
2024-01-18 21:00:00,236.5,1.15,299.0
2024-01-18 22:00:00,246.25,0.88,252.0
2024-01-18 23:00:00,270.25,1.38,186.5
2024-01-19 00:00:00,308.5,0.82,164.0
2024-01-19 01:00:00,353.25,1.23,176.875
2024-01-19 02:00:00,356.5,1.38,189.75
2024-01-19 03:00:00,318.5,1.05,202.625
2024-01-19 04:00:00,292.0,1.23,
2024-01-19 05:00:00,286.0,1.1,
2024-01-19 06:00:00,238.0,1.32,
2024-01-19 07:00:00,196.5,1.25,
2024-01-19 08:00:00,175.75,1.1,267.0
2024-01-19 09:00:00,164.25,1.08,295.0
2024-01-19 10:00:00,177.25,1.25,261.0
2024-01-19 11:00:00,233.0,1.12,172.0
2024-01-19 12:00:00,311.0,1.2,192.0
2024-01-19 13:00:00,279.0,1.18,187.0
2024-01-19 14:00:00,245.5,1.15,181.25
2024-01-19 15:00:00,270.0,1.18,168.75
2024-01-19 16:00:00,266.75,1.18,202.5
2024-01-19 17:00:00,259.5,1.2,140.0
2024-01-19 18:00:00,241.25,1.18,183.75
2024-01-19 19:00:00,246.25,1.15,156.75
2024-01-19 20:00:00,247.0,1.15,150.75
2024-01-19 21:00:00,231.5,1.2,151.25
2024-01-19 22:00:00,206.5,1.27,162.5
2024-01-19 23:00:00,190.0,1.2,213.5
2024-01-20 00:00:00,189.75,1.15,190.75
2024-01-20 01:00:00,184.5,1.12,243.75
2024-01-20 02:00:00,169.75,1.23,239.75
2024-01-20 03:00:00,169.5,1.18,224.25
2024-01-20 04:00:00,182.5,1.2,159.0
2024-01-20 05:00:00,188.0,1.32,229.0
2024-01-20 06:00:00,182.5,0.82,170.0
2024-01-20 07:00:00,186.25,1.25,299.0
2024-01-20 08:00:00,203.25,1.12,250.625
2024-01-20 09:00:00,308.75,1.15,202.25
2024-01-20 10:00:00,467.75,1.18,195.25
2024-01-20 11:00:00,279.0,1.08,230.33
2024-01-20 12:00:00,295.5,1.2,198.0
2024-01-20 13:00:00,284.25,1.15,316.0
2024-01-20 14:00:00,292.0,1.2,196.0
2024-01-20 15:00:00,300.75,1.3,171.75
2024-01-20 16:00:00,333.0,1.27,147.5
2024-01-20 17:00:00,387.5,1.12,271.67
2024-01-20 18:00:00,392.5,1.27,240.835
2024-01-20 19:00:00,329.25,1.65,210.0
2024-01-20 20:00:00,369.5,1.7,212.11666666666667
2024-01-20 21:00:00,436.75,1.7,214.23333333333332
2024-01-20 22:00:00,501.75,1.7,216.35
2024-01-20 23:00:00,569.5,1.7,
2024-01-21 00:00:00,475.75,1.7,
2024-01-21 01:00:00,380.0,1.7,
2024-01-21 02:00:00,345.75,1.7,
2024-01-21 03:00:00,307.0,1.7,
2024-01-21 04:00:00,282.75,1.58,
2024-01-21 05:00:00,274.0,1.05,
2024-01-21 06:00:00,239.5,1.18,
2024-01-21 07:00:00,206.0,1.18,
2024-01-21 08:00:00,217.75,1.18,
2024-01-21 09:00:00,259.0,1.18,
2024-01-21 10:00:00,221.25,1.23,
2024-01-21 11:00:00,220.5,1.2,
2024-01-21 12:00:00,244.0,1.15,
2024-01-21 13:00:00,265.25,1.2,
2024-01-21 14:00:00,242.0,1.2,
2024-01-21 15:00:00,245.0,1.18,
2024-01-21 16:00:00,226.75,1.2,
2024-01-21 17:00:00,216.5,1.15,
2024-01-21 18:00:00,193.75,1.15,
2024-01-21 19:00:00,212.75,1.18,
2024-01-21 20:00:00,222.25,1.18,
2024-01-21 21:00:00,241.25,1.18,
2024-01-21 22:00:00,267.0,1.2,
2024-01-21 23:00:00,281.25,1.2,
2024-01-22 00:00:00,258.0,1.27,
2024-01-22 01:00:00,242.25,1.27,273.5
2024-01-22 02:00:00,219.5,1.27,87.5
2024-01-22 03:00:00,210.75,1.1,118.375
2024-01-22 04:00:00,204.0,1.1,149.25
2024-01-22 05:00:00,195.25,0.7,180.125
2024-01-22 06:00:00,195.5,1.45,211.0
2024-01-22 07:00:00,192.0,1.58,226.5
2024-01-22 08:00:00,198.75,0.8,309.0
2024-01-22 09:00:00,251.25,1.32,235.0
2024-01-22 10:00:00,299.25,1.23,142.75
2024-01-22 11:00:00,311.0,1.2,212.0
2024-01-22 12:00:00,301.5,1.2,241.33
2024-01-22 13:00:00,310.0,1.2,255.0
2024-01-22 14:00:00,319.75,1.2,228.25
2024-01-22 15:00:00,347.0,1.2,181.5
2024-01-22 16:00:00,374.5,1.18,206.5
2024-01-22 17:00:00,396.75,1.15,196.5
2024-01-22 18:00:00,399.0,1.2,198.0
2024-01-22 19:00:00,385.25,0.92,198.734
2024-01-22 20:00:00,406.75,0.3,199.468
2024-01-22 21:00:00,440.0,0.3,200.202
2024-01-22 22:00:00,461.0,1.4,
2024-01-22 23:00:00,458.5,1.12,201.67
2024-01-23 00:00:00,435.25,1.23,206.75
2024-01-23 01:00:00,376.5,1.1,184.5
2024-01-23 02:00:00,337.25,1.1,245.0
2024-01-23 03:00:00,310.75,1.27,309.5
2024-01-23 04:00:00,269.25,0.95,231.0
2024-01-23 05:00:00,243.25,1.02,206.5
2024-01-23 06:00:00,205.25,1.02,219.75
2024-01-23 07:00:00,202.25,1.25,305.5
2024-01-23 08:00:00,227.25,1.08,284.25
2024-01-23 09:00:00,237.75,1.05,263.0
2024-01-23 10:00:00,182.5,1.35,343.0
2024-01-23 11:00:00,184.5,1.18,242.5
2024-01-23 12:00:00,234.25,1.05,216.33
2024-01-23 13:00:00,282.0,1.23,239.67
2024-01-23 14:00:00,321.0,1.2,196.5
2024-01-23 15:00:00,344.75,1.2,211.25
2024-01-23 16:00:00,406.0,1.27,186.67
2024-01-23 17:00:00,535.25,1.58,264.5
2024-01-23 18:00:00,529.5,1.3,104.0
2024-01-23 19:00:00,519.0,1.45,52.0
2024-01-23 20:00:00,467.0,0.85,306.0
2024-01-23 21:00:00,467.5,1.23,144.0
2024-01-23 22:00:00,445.5,1.27,192.0
2024-01-23 23:00:00,429.0,1.38,194.0
2024-01-24 00:00:00,424.5,1.23,81.33
2024-01-24 01:00:00,411.75,1.6,144.5
2024-01-24 02:00:00,419.0,1.7,73.0
2024-01-24 03:00:00,433.25,1.52,123.0
2024-01-24 04:00:00,424.0,1.23,63.0
2024-01-24 05:00:00,390.0,1.68,133.5
2024-01-24 06:00:00,347.5,1.15,23.5
2024-01-24 07:00:00,339.75,1.2,122.5
2024-01-24 08:00:00,346.75,1.48,142.41500000000002
2024-01-24 09:00:00,350.0,1.27,162.33
2024-01-24 10:00:00,376.5,1.25,118.25
2024-01-24 11:00:00,396.5,0.88,237.0
2024-01-24 12:00:00,419.25,1.27,233.5
2024-01-24 13:00:00,464.25,1.08,230.0
2024-01-24 14:00:00,491.75,1.23,242.625
2024-01-24 15:00:00,513.5,1.23,255.25
2024-01-24 16:00:00,555.25,1.23,267.875
2024-01-24 17:00:00,532.0,1.4,
2024-01-24 18:00:00,440.0,1.52,
2024-01-24 19:00:00,406.25,0.98,
2024-01-24 20:00:00,407.0,0.3,
2024-01-24 21:00:00,385.75,0.75,331.0
2024-01-24 22:00:00,305.0,0.65,311.15384615384613
2024-01-24 23:00:00,318.25,0.48,291.3076923076923
2024-01-25 00:00:00,267.25,1.52,271.46153846153845
2024-01-25 01:00:00,265.5,1.7,
2024-01-25 02:00:00,262.75,1.7,
2024-01-25 03:00:00,250.0,1.38,
2024-01-25 04:00:00,261.0,1.2,
2024-01-25 05:00:00,264.75,1.2,
2024-01-25 06:00:00,170.25,1.23,
2024-01-25 07:00:00,158.0,1.18,
2024-01-25 08:00:00,178.5,1.2,
2024-01-25 09:00:00,172.5,1.12,
2024-01-25 10:00:00,190.5,1.32,73.0
2024-01-25 11:00:00,216.75,1.1,272.5
2024-01-25 12:00:00,261.75,1.12,262.0
2024-01-25 13:00:00,282.5,1.27,228.33
2024-01-25 14:00:00,293.0,1.18,220.33
2024-01-25 15:00:00,349.75,1.25,159.5
2024-01-25 16:00:00,474.75,1.12,155.5
2024-01-25 17:00:00,557.0,1.5,173.5
2024-01-25 18:00:00,490.25,1.7,30.5
2024-01-25 19:00:00,507.0,1.7,29.0
2024-01-25 20:00:00,490.25,1.7,29.0
2024-01-25 21:00:00,510.5,1.7,29.0
2024-01-25 22:00:00,497.25,1.7,29.0
2024-01-25 23:00:00,460.0,1.7,29.0
2024-01-26 00:00:00,427.25,1.7,29.0
2024-01-26 01:00:00,426.5,1.7,29.0
2024-01-26 02:00:00,421.5,1.7,29.0
2024-01-26 03:00:00,427.75,1.7,29.0
2024-01-26 04:00:00,446.0,1.7,30.0
2024-01-26 05:00:00,422.75,1.7,33.75
2024-01-26 06:00:00,398.75,1.7,29.0
2024-01-26 07:00:00,401.75,1.7,29.0
2024-01-26 08:00:00,411.0,1.7,77.5
2024-01-26 09:00:00,455.5,0.88,132.0
2024-01-26 10:00:00,537.0,1.0,156.75
2024-01-26 11:00:00,585.75,1.25,181.5
2024-01-26 12:00:00,651.75,1.12,123.25
2024-01-26 13:00:00,675.0,1.18,143.75
2024-01-26 14:00:00,561.75,1.18,205.75
2024-01-26 15:00:00,536.5,1.18,243.0
2024-01-26 16:00:00,570.75,1.15,111.25
2024-01-26 17:00:00,526.75,0.3,77.0
2024-01-26 18:00:00,550.75,0.3,78.975
2024-01-26 19:00:00,547.75,0.3,80.95
2024-01-26 20:00:00,627.75,0.3,82.925
2024-01-26 21:00:00,657.75,0.3,
2024-01-26 22:00:00,638.75,0.3,
2024-01-26 23:00:00,698.75,0.3,
2024-01-27 00:00:00,647.0,0.3,
2024-01-27 01:00:00,585.0,0.3,
2024-01-27 02:00:00,546.5,1.1,
2024-01-27 03:00:00,469.75,0.98,
2024-01-27 04:00:00,360.75,0.62,
2024-01-27 05:00:00,324.25,0.85,
2024-01-27 06:00:00,297.25,1.32,
2024-01-27 07:00:00,289.75,1.18,
2024-01-27 08:00:00,272.0,1.18,
2024-01-27 09:00:00,266.75,1.18,
2024-01-27 10:00:00,266.5,1.2,
2024-01-27 11:00:00,242.0,1.2,
2024-01-27 12:00:00,190.5,1.2,
2024-01-27 13:00:00,186.25,1.2,
2024-01-27 14:00:00,183.25,1.23,
2024-01-27 15:00:00,201.0,1.23,
2024-01-27 16:00:00,198.5,1.25,
2024-01-27 17:00:00,176.0,1.12,
2024-01-27 18:00:00,189.25,0.85,
2024-01-27 19:00:00,222.5,1.7,
2024-01-27 20:00:00,289.5,1.7,
2024-01-27 21:00:00,314.5,1.7,
2024-01-27 22:00:00,349.75,1.7,
2024-01-27 23:00:00,386.5,1.7,
2024-01-28 00:00:00,421.75,1.7,
2024-01-28 01:00:00,441.25,1.7,
2024-01-28 02:00:00,380.5,1.7,
2024-01-28 03:00:00,370.5,1.7,
2024-01-28 04:00:00,366.5,1.7,
2024-01-28 05:00:00,322.25,1.68,
2024-01-28 06:00:00,323.75,1.7,
2024-01-28 07:00:00,341.25,1.7,
2024-01-28 08:00:00,357.75,1.68,
2024-01-28 09:00:00,370.25,1.23,156.0
2024-01-28 10:00:00,441.5,1.2,194.75
2024-01-28 11:00:00,515.5,1.15,178.25
2024-01-28 12:00:00,585.5,1.18,218.0
2024-01-28 13:00:00,482.5,1.23,175.75
2024-01-28 14:00:00,451.5,1.18,125.0
2024-01-28 15:00:00,442.25,1.2,150.0
2024-01-28 16:00:00,377.75,1.18,104.75
2024-01-28 17:00:00,360.25,1.18,133.5
2024-01-28 18:00:00,350.75,1.25,136.25
2024-01-28 19:00:00,341.75,1.2,127.25
2024-01-28 20:00:00,347.0,1.15,124.5
2024-01-28 21:00:00,327.25,1.18,131.75
2024-01-28 22:00:00,315.25,1.18,144.0
2024-01-28 23:00:00,294.0,1.15,150.75
2024-01-29 00:00:00,283.5,1.2,145.25
2024-01-29 01:00:00,260.5,1.2,148.75
2024-01-29 02:00:00,258.25,1.23,126.75
2024-01-29 03:00:00,254.75,1.15,152.5
2024-01-29 04:00:00,254.75,1.23,150.75
2024-01-29 05:00:00,267.5,1.2,167.5
2024-01-29 06:00:00,267.5,1.27,120.0
2024-01-29 07:00:00,247.5,1.18,128.75
2024-01-29 08:00:00,236.75,1.12,134.0
2024-01-29 09:00:00,280.75,0.72,194.75
2024-01-29 10:00:00,336.75,1.12,204.25
2024-01-29 11:00:00,353.25,1.23,143.25
2024-01-29 12:00:00,372.75,1.25,121.25
2024-01-29 13:00:00,354.0,1.23,173.25
2024-01-29 14:00:00,338.75,1.2,190.25
2024-01-29 15:00:00,320.25,1.18,104.5
2024-01-29 16:00:00,325.5,1.38,122.25
2024-01-29 17:00:00,348.25,1.52,68.0
2024-01-29 18:00:00,386.5,0.3,16.25
2024-01-29 19:00:00,441.25,0.3,16.25
2024-01-29 20:00:00,505.75,0.3,16.75
2024-01-29 21:00:00,489.0,0.3,16.0
2024-01-29 22:00:00,479.25,0.48,39.75
2024-01-29 23:00:00,450.5,1.23,55.910714285714285
2024-01-30 00:00:00,425.25,1.42,72.07142857142857
2024-01-30 01:00:00,413.75,1.7,88.23214285714286
2024-01-30 02:00:00,370.25,1.7,
2024-01-30 03:00:00,351.0,1.42,
2024-01-30 04:00:00,326.75,1.23,
2024-01-30 05:00:00,237.75,1.18,
2024-01-30 06:00:00,222.25,1.23,
2024-01-30 07:00:00,234.75,1.23,
2024-01-30 08:00:00,208.5,1.23,
2024-01-30 09:00:00,187.0,1.18,
2024-01-30 10:00:00,199.75,1.27,
2024-01-30 11:00:00,242.75,1.3,
2024-01-30 12:00:00,311.5,1.27,266.0
2024-01-30 13:00:00,419.75,1.27,247.33
2024-01-30 14:00:00,499.25,1.2,178.5
2024-01-30 15:00:00,493.0,1.38,245.0
2024-01-30 16:00:00,452.5,0.75,245.46666666666667
2024-01-30 17:00:00,470.5,1.4,245.93333333333334
2024-01-30 18:00:00,545.25,0.85,246.4
2024-01-30 19:00:00,562.5,0.3,
2024-01-30 20:00:00,548.75,0.3,
2024-01-30 21:00:00,545.25,0.3,
2024-01-30 22:00:00,523.5,0.3,
2024-01-30 23:00:00,474.0,0.3,
2024-01-31 00:00:00,445.25,0.3,
2024-01-31 01:00:00,431.75,0.3,
2024-01-31 02:00:00,408.75,0.3,
2024-01-31 03:00:00,412.25,0.3,
2024-01-31 04:00:00,406.75,0.3,
2024-01-31 05:00:00,399.0,0.3,
2024-01-31 06:00:00,370.5,0.73,252.0
2024-01-31 07:00:00,334.25,1.18,157.0
2024-01-31 08:00:00,297.0,1.35,117.5
2024-01-31 09:00:00,308.0,1.15,155.75
2024-01-31 10:00:00,316.25,1.1,191.67
2024-01-31 11:00:00,366.25,1.1,168.0
2024-01-31 12:00:00,463.75,1.3,222.0
2024-01-31 13:00:00,573.0,1.3,219.625
2024-01-31 14:00:00,430.25,1.25,217.25
2024-01-31 15:00:00,324.5,1.48,214.875
2024-01-31 16:00:00,294.5,1.25,212.5
2024-01-31 17:00:00,293.25,1.2,133.75
2024-01-31 18:00:00,263.75,1.2,131.75
2024-01-31 19:00:00,224.75,1.25,131.75
2024-01-31 20:00:00,219.5,0.98,183.5
2024-01-31 21:00:00,216.75,1.2,164.25
2024-01-31 22:00:00,176.5,1.2,178.67
2024-01-31 23:00:00,121.0,1.2,143.33
2024-02-01 00:00:00,93.0,1.23,168.0
2024-02-01 01:00:00,58.5,1.2,229.0
2024-02-01 02:00:00,43.25,1.15,160.33
2024-02-01 03:00:00,39.75,1.25,288.5
2024-02-01 04:00:00,41.25,1.12,148.33
2024-02-01 05:00:00,32.75,1.3,237.25
2024-02-01 06:00:00,43.25,1.23,183.67
2024-02-01 07:00:00,50.5,1.32,144.0
2024-02-01 08:00:00,53.75,1.4,119.25
2024-02-01 09:00:00,56.0,1.2,150.0
2024-02-01 10:00:00,47.0,1.18,130.5
2024-02-01 11:00:00,48.25,1.18,134.25
2024-02-01 12:00:00,57.25,1.23,134.75
2024-02-01 13:00:00,79.75,1.2,141.25
2024-02-01 14:00:00,101.5,1.2,137.0
2024-02-01 15:00:00,105.25,1.18,135.5
2024-02-01 16:00:00,105.75,1.2,126.25
2024-02-01 17:00:00,115.75,1.2,136.5
2024-02-01 18:00:00,128.5,1.2,105.5
2024-02-01 19:00:00,158.0,0.9,108.75
2024-02-01 20:00:00,174.75,1.12,115.25
2024-02-01 21:00:00,153.25,1.35,118.5
2024-02-01 22:00:00,126.5,1.7,111.0
2024-02-01 23:00:00,133.0,1.7,111.0
2024-02-02 00:00:00,165.0,1.7,166.25
2024-02-02 01:00:00,176.25,1.7,179.0
2024-02-02 02:00:00,138.25,1.7,140.16666666666666
2024-02-02 03:00:00,139.25,1.7,101.33333333333333
2024-02-02 04:00:00,146.5,1.7,62.5
2024-02-02 05:00:00,187.25,1.7,55.0
2024-02-02 06:00:00,238.25,1.7,55.34729166666666
2024-02-02 07:00:00,170.75,1.7,55.694583333333334
2024-02-02 08:00:00,79.5,1.4,56.041875
2024-02-02 09:00:00,69.0,1.1,
2024-02-02 10:00:00,115.5,1.15,
2024-02-02 11:00:00,162.0,1.2,
2024-02-02 12:00:00,167.75,1.18,
2024-02-02 13:00:00,197.25,1.23,
2024-02-02 14:00:00,236.25,1.18,
2024-02-02 15:00:00,230.5,1.18,
2024-02-02 16:00:00,185.0,1.2,
2024-02-02 17:00:00,152.0,1.2,
2024-02-02 18:00:00,131.5,1.32,
2024-02-02 19:00:00,159.25,1.25,
2024-02-02 20:00:00,192.5,1.15,
2024-02-02 21:00:00,210.0,0.9,
2024-02-02 22:00:00,185.5,1.15,
2024-02-02 23:00:00,176.75,1.2,
2024-02-03 00:00:00,153.5,1.48,
2024-02-03 01:00:00,148.25,1.7,
2024-02-03 02:00:00,142.5,1.7,
2024-02-03 03:00:00,128.25,1.7,
2024-02-03 04:00:00,113.0,1.7,
2024-02-03 05:00:00,130.25,1.7,
2024-02-03 06:00:00,190.5,1.7,
2024-02-03 07:00:00,115.0,1.7,
2024-02-03 08:00:00,143.0,1.32,
2024-02-03 09:00:00,164.5,1.23,
2024-02-03 10:00:00,163.25,1.18,
2024-02-03 11:00:00,145.75,1.25,
2024-02-03 12:00:00,117.0,1.2,
2024-02-03 13:00:00,109.75,1.23,
2024-02-03 14:00:00,95.25,1.1,
2024-02-03 15:00:00,114.0,1.25,
2024-02-03 16:00:00,176.25,1.05,
2024-02-03 17:00:00,153.25,0.3,
2024-02-03 18:00:00,167.75,0.3,
2024-02-03 19:00:00,169.25,0.3,
2024-02-03 20:00:00,239.25,0.3,
2024-02-03 21:00:00,335.0,0.42,
2024-02-03 22:00:00,383.5,1.7,
2024-02-03 23:00:00,405.0,1.7,
2024-02-04 00:00:00,404.0,1.7,
2024-02-04 01:00:00,373.5,1.7,
2024-02-04 02:00:00,341.75,1.7,
2024-02-04 03:00:00,332.0,1.58,
2024-02-04 04:00:00,300.75,1.62,
2024-02-04 05:00:00,201.0,1.7,71.67
2024-02-04 06:00:00,186.25,1.7,158.33
2024-02-04 07:00:00,183.75,1.7,186.0
2024-02-04 08:00:00,147.5,1.7,310.0
2024-02-04 09:00:00,159.25,1.32,148.67
2024-02-04 10:00:00,196.5,1.2,130.25
2024-02-04 11:00:00,205.75,1.1,130.75
2024-02-04 12:00:00,175.75,1.32,186.0
2024-02-04 13:00:00,179.25,1.15,151.25
2024-02-04 14:00:00,182.25,1.2,145.75
2024-02-04 15:00:00,173.75,1.2,137.5
2024-02-04 16:00:00,155.0,1.2,139.0
2024-02-04 17:00:00,151.0,1.23,148.5
2024-02-04 18:00:00,136.25,1.0,148.25
2024-02-04 19:00:00,136.25,1.35,138.25
2024-02-04 20:00:00,160.75,1.1,163.25
2024-02-04 21:00:00,161.0,1.23,150.25
2024-02-04 22:00:00,158.25,1.23,168.0
2024-02-04 23:00:00,136.5,1.3,162.0
2024-02-05 00:00:00,116.0,1.25,186.0
2024-02-05 01:00:00,95.0,1.15,201.25
2024-02-05 02:00:00,95.0,1.7,173.0
2024-02-05 03:00:00,96.0,1.7,271.33
2024-02-05 04:00:00,99.25,1.62,258.45714285714286
2024-02-05 05:00:00,98.75,0.75,245.5842857142857
2024-02-05 06:00:00,92.25,0.3,232.71142857142854
2024-02-05 07:00:00,91.25,0.78,
2024-02-05 08:00:00,117.0,1.45,
2024-02-05 09:00:00,131.5,1.18,
2024-02-05 10:00:00,133.25,1.18,
2024-02-05 11:00:00,115.0,1.18,
2024-02-05 12:00:00,111.5,1.15,
2024-02-05 13:00:00,118.75,1.25,
2024-02-05 14:00:00,146.5,1.25,
2024-02-05 15:00:00,151.25,1.23,
2024-02-05 16:00:00,150.5,1.25,
2024-02-05 17:00:00,145.75,1.2,
2024-02-05 18:00:00,144.5,1.25,
2024-02-05 19:00:00,140.5,1.22,
2024-02-05 20:00:00,137.25,1.45,
2024-02-05 21:00:00,146.0,1.0,
2024-02-05 22:00:00,134.0,1.2,
2024-02-05 23:00:00,127.25,1.38,
2024-02-06 00:00:00,107.0,1.5,1.0
2024-02-06 01:00:00,103.75,1.7,2.6893203883495147
2024-02-06 02:00:00,99.0,1.7,4.378640776699029
2024-02-06 03:00:00,117.75,1.7,6.067961165048543
2024-02-06 04:00:00,123.0,1.7,
2024-02-06 05:00:00,106.25,1.48,
2024-02-06 06:00:00,104.75,1.42,
2024-02-06 07:00:00,97.5,1.42,
2024-02-06 08:00:00,129.75,1.35,
2024-02-06 09:00:00,150.75,1.27,
2024-02-06 10:00:00,150.5,1.18,
2024-02-06 11:00:00,142.0,1.18,
2024-02-06 12:00:00,132.5,1.18,
2024-02-06 13:00:00,111.5,1.2,
2024-02-06 14:00:00,103.25,1.2,
2024-02-06 15:00:00,89.25,1.23,
2024-02-06 16:00:00,81.0,1.23,
2024-02-06 17:00:00,81.0,1.2,
2024-02-06 18:00:00,86.25,1.6,
2024-02-06 19:00:00,112.75,1.7,
2024-02-06 20:00:00,163.25,1.7,
2024-02-06 21:00:00,221.75,1.7,
2024-02-06 22:00:00,236.25,1.7,
2024-02-06 23:00:00,250.0,1.7,
2024-02-07 00:00:00,248.5,1.7,
2024-02-07 01:00:00,207.75,1.7,
2024-02-07 02:00:00,200.75,0.8,
2024-02-07 03:00:00,178.25,1.2,
2024-02-07 04:00:00,159.25,1.4,
2024-02-07 05:00:00,134.25,1.7,
2024-02-07 06:00:00,130.25,1.7,
2024-02-07 07:00:00,141.25,1.7,
2024-02-07 08:00:00,166.0,1.2,
2024-02-07 09:00:00,170.5,1.2,
2024-02-07 10:00:00,148.25,1.2,
2024-02-07 11:00:00,121.0,1.2,
2024-02-07 12:00:00,118.0,1.23,
2024-02-07 13:00:00,122.5,1.2,
2024-02-07 14:00:00,139.5,1.2,
2024-02-07 15:00:00,140.75,1.23,
2024-02-07 16:00:00,107.5,1.18,
2024-02-07 17:00:00,96.0,1.23,
2024-02-07 18:00:00,112.75,1.23,
2024-02-07 19:00:00,124.75,1.2,
2024-02-07 20:00:00,157.0,1.2,
2024-02-07 21:00:00,193.0,1.18,
2024-02-07 22:00:00,184.75,1.23,
2024-02-07 23:00:00,156.25,1.15,
2024-02-08 00:00:00,146.75,1.23,
2024-02-08 01:00:00,151.25,1.15,
2024-02-08 02:00:00,144.75,1.15,
2024-02-08 03:00:00,130.0,1.2,
2024-02-08 04:00:00,123.5,1.23,
2024-02-08 05:00:00,121.0,1.2,
2024-02-08 06:00:00,123.75,1.18,
2024-02-08 07:00:00,134.75,1.2,
2024-02-08 08:00:00,117.5,1.2,
2024-02-08 09:00:00,127.75,1.2,
2024-02-08 10:00:00,146.25,1.2,
2024-02-08 11:00:00,150.0,1.2,
2024-02-08 12:00:00,145.0,1.2,
2024-02-08 13:00:00,126.5,1.2,
2024-02-08 14:00:00,116.0,1.2,
2024-02-08 15:00:00,110.5,1.2,
2024-02-08 16:00:00,92.0,1.2,
2024-02-08 17:00:00,87.0,1.23,
2024-02-08 18:00:00,93.0,1.2,
2024-02-08 19:00:00,108.75,1.32,
2024-02-08 20:00:00,128.5,1.18,
2024-02-08 21:00:00,127.75,1.15,
2024-02-08 22:00:00,129.5,1.18,
2024-02-08 23:00:00,128.0,1.18,
2024-02-09 00:00:00,122.25,1.15,
2024-02-09 01:00:00,102.75,1.32,
2024-02-09 02:00:00,96.25,1.4,
2024-02-09 03:00:00,95.75,1.35,
2024-02-09 04:00:00,90.25,1.7,
2024-02-09 05:00:00,87.5,1.52,
2024-02-09 06:00:00,96.5,0.48,
2024-02-09 07:00:00,106.25,0.4,
2024-02-09 08:00:00,128.0,1.18,
2024-02-09 09:00:00,141.5,1.32,
2024-02-09 10:00:00,127.75,1.2,
2024-02-09 11:00:00,125.75,1.23,
2024-02-09 12:00:00,117.25,1.18,
2024-02-09 13:00:00,98.25,1.18,
2024-02-09 14:00:00,80.5,1.18,
2024-02-09 15:00:00,70.75,1.2,
2024-02-09 16:00:00,74.25,1.1,
2024-02-09 17:00:00,80.0,1.2,
2024-02-09 18:00:00,97.5,0.3,
2024-02-09 19:00:00,141.0,0.3,
2024-02-09 20:00:00,193.25,0.3,
2024-02-09 21:00:00,266.0,0.3,
2024-02-09 22:00:00,271.75,0.3,
2024-02-09 23:00:00,310.75,0.3,
2024-02-10 00:00:00,305.75,0.3,
2024-02-10 01:00:00,341.0,0.3,
2024-02-10 02:00:00,349.75,0.3,
2024-02-10 03:00:00,343.5,0.3,
2024-02-10 04:00:00,323.25,0.3,
2024-02-10 05:00:00,320.0,0.3,
2024-02-10 06:00:00,332.75,0.3,
2024-02-10 07:00:00,304.75,1.42,175.0
2024-02-10 08:00:00,324.75,1.7,160.22333333333333
2024-02-10 09:00:00,344.5,1.7,145.44666666666666
2024-02-10 10:00:00,379.0,1.5,130.67
2024-02-10 11:00:00,305.0,1.23,336.5
2024-02-10 12:00:00,260.0,1.42,282.67
2024-02-10 13:00:00,254.0,1.03,259.67
2024-02-10 14:00:00,262.0,1.4,296.0
2024-02-10 15:00:00,262.0,1.55,159.0
2024-02-10 16:00:00,252.0,1.7,351.5
2024-02-10 17:00:00,210.0,1.7,352.0
2024-02-10 18:00:00,229.0,1.7,349.85
2024-02-10 19:00:00,283.0,1.7,347.7
2024-02-10 20:00:00,300.0,1.7,345.55
2024-02-10 21:00:00,332.0,1.7,
2024-02-10 22:00:00,346.0,1.7,
2024-02-10 23:00:00,353.0,1.7,
2024-02-11 00:00:00,321.0,1.7,
2024-02-11 01:00:00,320.0,1.7,
2024-02-11 02:00:00,302.0,1.7,
2024-02-11 03:00:00,298.0,1.7,
2024-02-11 04:00:00,287.0,1.7,
2024-02-11 05:00:00,252.0,1.7,
2024-02-11 06:00:00,237.0,1.7,
2024-02-11 07:00:00,278.0,1.7,
2024-02-11 08:00:00,294.0,1.68,
2024-02-11 09:00:00,305.0,1.18,
2024-02-11 10:00:00,283.0,1.23,
2024-02-11 11:00:00,279.0,1.12,
2024-02-11 12:00:00,200.0,1.1,
2024-02-11 13:00:00,177.0,1.15,309.0
2024-02-11 14:00:00,196.0,1.52,344.0
2024-02-11 15:00:00,190.0,1.4,339.6666666666667
2024-02-11 16:00:00,182.0,1.15,335.3333333333333
2024-02-11 17:00:00,195.0,1.1,331.0
2024-02-11 18:00:00,197.0,0.3,
2024-02-11 19:00:00,223.0,0.3,
2024-02-11 20:00:00,261.0,0.3,
2024-02-11 21:00:00,279.0,0.3,
2024-02-11 22:00:00,362.0,0.3,
2024-02-11 23:00:00,490.0,0.3,
2024-02-12 00:00:00,418.0,0.3,
2024-02-12 01:00:00,401.0,0.3,
2024-02-12 02:00:00,313.0,0.3,
2024-02-12 03:00:00,320.0,0.3,
2024-02-12 04:00:00,316.0,0.3,
2024-02-12 05:00:00,283.0,0.3,279.0
2024-02-12 06:00:00,289.0,0.3,290.3333333333333
2024-02-12 07:00:00,267.0,0.3,301.6666666666667
2024-02-12 08:00:00,327.0,1.1,313.0
2024-02-12 09:00:00,301.0,1.55,
2024-02-12 10:00:00,257.0,1.3,
2024-02-12 11:00:00,255.0,1.5,347.0
2024-02-12 12:00:00,262.0,1.4,200.33
2024-02-12 13:00:00,195.0,1.55,200.0
2024-02-12 14:00:00,239.0,1.35,129.5
2024-02-12 15:00:00,222.0,1.35,146.0
2024-02-12 16:00:00,174.0,0.82,205.5
2024-02-12 17:00:00,221.0,1.7,207.225
2024-02-12 18:00:00,291.0,1.7,208.95
2024-02-12 19:00:00,302.0,1.7,210.675
2024-02-12 20:00:00,288.0,1.7,
2024-02-12 21:00:00,274.0,1.7,
2024-02-12 22:00:00,266.0,1.7,
2024-02-12 23:00:00,294.0,1.7,
2024-02-13 00:00:00,294.0,1.7,
2024-02-13 01:00:00,285.0,1.7,
2024-02-13 02:00:00,306.0,1.7,
2024-02-13 03:00:00,326.0,1.7,
2024-02-13 04:00:00,306.0,1.7,
2024-02-13 05:00:00,280.0,1.7,
2024-02-13 06:00:00,296.0,1.7,
2024-02-13 07:00:00,298.0,1.7,
2024-02-13 08:00:00,333.0,1.7,
2024-02-13 09:00:00,348.0,1.7,
2024-02-13 10:00:00,340.0,1.7,
2024-02-13 11:00:00,353.0,0.9,
2024-02-13 12:00:00,331.0,1.65,240.0
2024-02-13 13:00:00,307.0,1.25,242.0
2024-02-13 14:00:00,273.0,1.12,244.0
2024-02-13 15:00:00,251.0,1.4,246.0
2024-02-13 16:00:00,180.0,1.58,
2024-02-13 17:00:00,175.0,1.7,250.0
2024-02-13 18:00:00,204.0,1.7,249.91071428571428
2024-02-13 19:00:00,269.0,1.7,249.82142857142858
2024-02-13 20:00:00,333.0,1.7,249.73214285714286
2024-02-13 21:00:00,365.0,1.7,
2024-02-13 22:00:00,382.0,1.7,
2024-02-13 23:00:00,410.0,1.7,
2024-02-14 00:00:00,409.0,1.7,
2024-02-14 01:00:00,388.0,1.7,
2024-02-14 02:00:00,395.0,1.7,
2024-02-14 03:00:00,359.0,1.7,
2024-02-14 04:00:00,360.0,1.7,
2024-02-14 05:00:00,340.0,1.7,
2024-02-14 06:00:00,317.0,1.7,
2024-02-14 07:00:00,285.0,1.7,
2024-02-14 08:00:00,275.0,1.6,
2024-02-14 09:00:00,291.0,1.32,
2024-02-14 10:00:00,295.5,1.08,
2024-02-14 11:00:00,295.25,1.18,
2024-02-14 12:00:00,247.5,1.3,
2024-02-14 13:00:00,217.25,1.05,
2024-02-14 14:00:00,177.0,1.15,
2024-02-14 15:00:00,157.0,1.27,
2024-02-14 16:00:00,166.25,1.23,
2024-02-14 17:00:00,162.25,1.35,
2024-02-14 18:00:00,179.75,1.7,
2024-02-14 19:00:00,202.25,1.7,
2024-02-14 20:00:00,233.75,1.7,
2024-02-14 21:00:00,260.0,1.7,
2024-02-14 22:00:00,289.0,1.7,
2024-02-14 23:00:00,326.25,1.7,
2024-02-15 00:00:00,322.25,1.7,
2024-02-15 01:00:00,267.5,1.7,
2024-02-15 02:00:00,246.0,1.7,
2024-02-15 03:00:00,219.25,1.7,
2024-02-15 04:00:00,206.5,1.7,
2024-02-15 05:00:00,189.0,1.7,
2024-02-15 06:00:00,184.0,1.7,
2024-02-15 07:00:00,209.5,1.7,
2024-02-15 08:00:00,228.0,1.4,
2024-02-15 09:00:00,239.0,1.2,
2024-02-15 10:00:00,228.5,1.3,
2024-02-15 11:00:00,228.5,1.27,
2024-02-15 12:00:00,195.75,1.18,
2024-02-15 13:00:00,137.5,1.23,
2024-02-15 14:00:00,134.25,1.23,
2024-02-15 15:00:00,127.0,1.23,
2024-02-15 16:00:00,123.25,1.27,
2024-02-15 17:00:00,132.75,1.27,
2024-02-15 18:00:00,150.5,1.7,
2024-02-15 19:00:00,191.5,1.7,
2024-02-15 20:00:00,234.5,1.7,
2024-02-15 21:00:00,263.25,1.7,
2024-02-15 22:00:00,291.5,1.7,
2024-02-15 23:00:00,266.75,1.7,
2024-02-16 00:00:00,274.25,1.7,
2024-02-16 01:00:00,282.5,1.7,
2024-02-16 02:00:00,254.5,1.7,
2024-02-16 03:00:00,231.25,1.7,
2024-02-16 04:00:00,210.0,1.7,
2024-02-16 05:00:00,207.0,1.7,
2024-02-16 06:00:00,218.25,1.7,
2024-02-16 07:00:00,259.75,1.7,
2024-02-16 08:00:00,269.5,1.23,
2024-02-16 09:00:00,229.0,1.12,
2024-02-16 10:00:00,236.75,1.35,
2024-02-16 11:00:00,245.25,1.38,
2024-02-16 12:00:00,196.75,1.27,
2024-02-16 13:00:00,176.25,1.1,
2024-02-16 14:00:00,142.25,1.27,
2024-02-16 15:00:00,102.0,1.2,
2024-02-16 16:00:00,78.75,1.2,
2024-02-16 17:00:00,82.0,1.27,
2024-02-16 18:00:00,100.5,0.3,
2024-02-16 19:00:00,152.25,0.3,
2024-02-16 20:00:00,183.0,0.3,
2024-02-16 21:00:00,234.5,0.3,
2024-02-16 22:00:00,272.5,0.3,
2024-02-16 23:00:00,324.25,0.3,
2024-02-17 00:00:00,313.0,0.3,
2024-02-17 01:00:00,311.25,0.3,
2024-02-17 02:00:00,300.75,0.3,
2024-02-17 03:00:00,287.25,0.3,
2024-02-17 04:00:00,286.0,0.3,
2024-02-17 05:00:00,259.0,0.3,
2024-02-17 06:00:00,244.5,0.3,
2024-02-17 07:00:00,232.0,0.3,
2024-02-17 08:00:00,237.75,0.3,
2024-02-17 09:00:00,209.0,1.15,
2024-02-17 10:00:00,180.5,1.12,
2024-02-17 11:00:00,171.75,1.23,
2024-02-17 12:00:00,137.0,1.23,
2024-02-17 13:00:00,158.75,1.23,
2024-02-17 14:00:00,173.5,1.23,
2024-02-17 15:00:00,153.75,1.25,
2024-02-17 16:00:00,140.25,1.23,
2024-02-17 17:00:00,129.75,1.3,
2024-02-17 18:00:00,138.0,1.7,
2024-02-17 19:00:00,165.5,1.7,
2024-02-17 20:00:00,199.75,1.7,
2024-02-17 21:00:00,235.25,1.7,
2024-02-17 22:00:00,319.25,1.7,
2024-02-17 23:00:00,392.75,1.7,
2024-02-18 00:00:00,347.5,1.7,
2024-02-18 01:00:00,336.0,1.7,
2024-02-18 02:00:00,326.75,1.7,
2024-02-18 03:00:00,328.0,1.7,
2024-02-18 04:00:00,299.5,1.7,
2024-02-18 05:00:00,271.75,1.7,
2024-02-18 06:00:00,255.5,1.7,
2024-02-18 07:00:00,252.0,1.7,
2024-02-18 08:00:00,247.0,1.7,
2024-02-18 09:00:00,234.75,1.62,240.0
2024-02-18 10:00:00,177.75,1.18,247.25
2024-02-18 11:00:00,139.25,1.12,302.5
2024-02-18 12:00:00,123.25,1.35,274.0
2024-02-18 13:00:00,119.25,1.0,324.0
2024-02-18 14:00:00,118.0,1.3,232.25
2024-02-18 15:00:00,122.75,1.12,172.25
2024-02-18 16:00:00,182.0,1.18,108.0
2024-02-18 17:00:00,181.5,1.25,114.5
2024-02-18 18:00:00,185.25,1.32,107.25
2024-02-18 19:00:00,210.0,1.7,93.75
2024-02-18 20:00:00,251.25,1.7,91.25
2024-02-18 21:00:00,294.5,0.65,91.5
2024-02-18 22:00:00,292.5,0.3,95.5
2024-02-18 23:00:00,267.0,1.05,110.0
2024-02-19 00:00:00,221.75,1.52,102.5
2024-02-19 01:00:00,211.25,1.25,117.25
2024-02-19 02:00:00,177.25,0.85,99.75
2024-02-19 03:00:00,162.75,1.3,124.75
2024-02-19 04:00:00,160.75,1.2,127.25
2024-02-19 05:00:00,158.25,1.18,126.75
2024-02-19 06:00:00,163.0,1.23,133.0
2024-02-19 07:00:00,170.25,1.15,128.0
2024-02-19 08:00:00,213.5,1.2,124.0
2024-02-19 09:00:00,299.25,1.18,140.75
2024-02-19 10:00:00,293.25,1.18,144.5
2024-02-19 11:00:00,326.75,1.2,146.25
2024-02-19 12:00:00,355.25,1.23,147.0
2024-02-19 13:00:00,425.5,1.2,146.0
2024-02-19 14:00:00,358.0,1.2,132.25
2024-02-19 15:00:00,290.25,1.2,134.0
2024-02-19 16:00:00,217.75,1.23,141.75
2024-02-19 17:00:00,198.0,1.23,130.75
2024-02-19 18:00:00,176.25,1.23,126.0
2024-02-19 19:00:00,180.75,1.27,109.25
2024-02-19 20:00:00,204.0,1.2,115.25
2024-02-19 21:00:00,210.0,1.3,95.25
2024-02-19 22:00:00,201.0,1.18,113.75
2024-02-19 23:00:00,199.5,0.95,127.5
2024-02-20 00:00:00,187.0,1.4,143.25
2024-02-20 01:00:00,161.75,1.6,211.5
2024-02-20 02:00:00,153.25,1.48,186.33
2024-02-20 03:00:00,136.0,0.98,155.25
2024-02-20 04:00:00,128.5,1.42,121.5
2024-02-20 05:00:00,135.75,1.3,197.5
2024-02-20 06:00:00,147.25,1.55,130.0
2024-02-20 07:00:00,158.0,1.48,141.75
2024-02-20 08:00:00,163.5,1.12,150.5
2024-02-20 09:00:00,176.5,1.12,161.5
2024-02-20 10:00:00,192.0,1.2,127.0
2024-02-20 11:00:00,187.75,1.27,119.25
2024-02-20 12:00:00,187.75,1.32,123.5
2024-02-20 13:00:00,200.25,1.2,137.5
2024-02-20 14:00:00,201.25,1.18,191.0
2024-02-20 15:00:00,198.5,1.12,192.67
2024-02-20 16:00:00,218.25,1.7,105.0
2024-02-20 17:00:00,224.25,1.7,83.0
2024-02-20 18:00:00,223.75,0.57,75.67
2024-02-20 19:00:00,248.5,0.3,261.0
2024-02-20 20:00:00,230.25,0.3,260.4107142857143
2024-02-20 21:00:00,256.25,0.3,259.82142857142856
2024-02-20 22:00:00,297.5,0.3,259.23214285714283
2024-02-20 23:00:00,306.75,0.3,
2024-02-21 00:00:00,315.25,0.4,
2024-02-21 01:00:00,296.75,1.18,
2024-02-21 02:00:00,273.0,1.12,
2024-02-21 03:00:00,203.5,1.62,
2024-02-21 04:00:00,172.25,1.7,
2024-02-21 05:00:00,163.75,1.7,
2024-02-21 06:00:00,164.5,1.7,
2024-02-21 07:00:00,178.0,1.32,
2024-02-21 08:00:00,194.5,1.2,
2024-02-21 09:00:00,158.0,1.2,
2024-02-21 10:00:00,149.25,1.23,
2024-02-21 11:00:00,178.75,1.2,
2024-02-21 12:00:00,212.5,1.18,
2024-02-21 13:00:00,211.0,1.25,
2024-02-21 14:00:00,188.0,1.2,
2024-02-21 15:00:00,165.5,1.2,
2024-02-21 16:00:00,129.25,1.25,
2024-02-21 17:00:00,94.0,1.23,
2024-02-21 18:00:00,122.0,1.55,
2024-02-21 19:00:00,153.5,1.15,
2024-02-21 20:00:00,161.5,1.0,
2024-02-21 21:00:00,167.75,1.18,
2024-02-21 22:00:00,151.5,1.08,
2024-02-21 23:00:00,138.0,1.5,244.5
2024-02-22 00:00:00,129.75,1.4,278.5
2024-02-22 01:00:00,130.0,1.65,184.0
2024-02-22 02:00:00,123.25,1.42,184.59574468085106
2024-02-22 03:00:00,125.5,0.3,185.19148936170214
2024-02-22 04:00:00,136.0,0.3,185.7872340425532
2024-02-22 05:00:00,125.0,1.05,
2024-02-22 06:00:00,124.0,0.98,
2024-02-22 07:00:00,147.0,1.27,
2024-02-22 08:00:00,177.0,0.85,
2024-02-22 09:00:00,199.0,1.25,
2024-02-22 10:00:00,219.25,1.32,
2024-02-22 11:00:00,224.0,1.3,
2024-02-22 12:00:00,149.5,1.2,
2024-02-22 13:00:00,105.0,1.23,
2024-02-22 14:00:00,99.25,1.1,
2024-02-22 15:00:00,90.25,1.27,
2024-02-22 16:00:00,89.5,1.2,
2024-02-22 17:00:00,96.0,1.2,
2024-02-22 18:00:00,101.25,1.08,
2024-02-22 19:00:00,104.75,1.52,
2024-02-22 20:00:00,132.5,1.4,
2024-02-22 21:00:00,157.0,0.3,
2024-02-22 22:00:00,135.0,0.3,
2024-02-22 23:00:00,128.5,0.3,
2024-02-23 00:00:00,113.5,0.3,
2024-02-23 01:00:00,102.75,0.3,
2024-02-23 02:00:00,114.25,0.3,
2024-02-23 03:00:00,120.0,0.3,
2024-02-23 04:00:00,109.0,0.3,
2024-02-23 05:00:00,118.75,0.3,
2024-02-23 06:00:00,142.0,0.3,
2024-02-23 07:00:00,162.25,0.62,
2024-02-23 08:00:00,194.75,1.12,
2024-02-23 09:00:00,183.25,1.15,
2024-02-23 10:00:00,150.25,1.27,
2024-02-23 11:00:00,121.0,1.2,
2024-02-23 12:00:00,91.75,1.2,
2024-02-23 13:00:00,84.5,1.23,
2024-02-23 14:00:00,79.5,1.25,
2024-02-23 15:00:00,70.0,1.2,
2024-02-23 16:00:00,71.25,1.2,
2024-02-23 17:00:00,69.25,1.23,
2024-02-23 18:00:00,83.0,1.5,
2024-02-23 19:00:00,107.75,1.7,
2024-02-23 20:00:00,147.5,0.7,
2024-02-23 21:00:00,157.0,0.55,
2024-02-23 22:00:00,175.25,0.3,
2024-02-23 23:00:00,184.75,0.3,
2024-02-24 00:00:00,186.75,0.3,212.0
2024-02-24 01:00:00,196.25,0.3,219.0825
2024-02-24 02:00:00,202.0,0.3,226.16500000000002
2024-02-24 03:00:00,203.25,0.35,233.2475
2024-02-24 04:00:00,188.75,0.3,240.33
2024-02-24 05:00:00,190.75,0.3,253.10833333333335
2024-02-24 06:00:00,192.5,0.3,265.88666666666666
2024-02-24 07:00:00,185.75,0.3,278.665
2024-02-24 08:00:00,224.0,0.3,
2024-02-24 09:00:00,194.75,0.4,
2024-02-24 10:00:00,124.75,0.85,317.0
2024-02-24 11:00:00,117.0,1.0,93.0
2024-02-24 12:00:00,93.25,1.55,285.0
2024-02-24 13:00:00,94.5,1.27,207.33
2024-02-24 14:00:00,143.75,1.15,185.0
2024-02-24 15:00:00,190.75,1.58,206.0
2024-02-24 16:00:00,142.75,1.68,124.5
2024-02-24 17:00:00,140.0,1.52,126.5
2024-02-24 18:00:00,155.0,1.7,220.0
2024-02-24 19:00:00,168.75,1.7,204.77833333333334
2024-02-24 20:00:00,195.25,1.7,189.55666666666667
2024-02-24 21:00:00,243.75,1.7,174.33499999999998
2024-02-24 22:00:00,284.25,1.7,
2024-02-24 23:00:00,294.5,1.7,
2024-02-25 00:00:00,260.0,1.7,128.67
2024-02-25 01:00:00,212.0,1.7,167.5
2024-02-25 02:00:00,211.75,1.2,82.25
2024-02-25 03:00:00,158.25,0.3,117.5
2024-02-25 04:00:00,163.0,0.3,117.6
2024-02-25 05:00:00,167.5,0.3,117.7
2024-02-25 06:00:00,182.25,0.3,117.8
2024-02-25 07:00:00,208.0,0.3,
2024-02-25 08:00:00,199.0,0.3,118.0
2024-02-25 09:00:00,207.5,1.0,125.25
2024-02-25 10:00:00,173.25,1.3,129.75
2024-02-25 11:00:00,143.75,0.95,214.75
2024-02-25 12:00:00,99.75,1.35,188.5
2024-02-25 13:00:00,77.75,1.1,228.0
2024-02-25 14:00:00,79.25,1.18,185.0
2024-02-25 15:00:00,79.25,1.32,328.0
2024-02-25 16:00:00,63.0,1.18,330.77777777777777
2024-02-25 17:00:00,77.0,1.48,333.55555555555554
2024-02-25 18:00:00,88.0,1.7,336.3333333333333
2024-02-25 19:00:00,110.25,1.7,
2024-02-25 20:00:00,137.25,1.7,
2024-02-25 21:00:00,151.5,1.7,
2024-02-25 22:00:00,160.5,1.7,
2024-02-25 23:00:00,191.0,1.7,
2024-02-26 00:00:00,160.25,1.7,353.0
2024-02-26 01:00:00,154.75,1.7,342.72727272727275
2024-02-26 02:00:00,135.25,1.7,332.45454545454544
2024-02-26 03:00:00,103.5,1.7,322.1818181818182
2024-02-26 04:00:00,96.25,1.7,
2024-02-26 05:00:00,97.0,1.7,
2024-02-26 06:00:00,99.0,1.7,
2024-02-26 07:00:00,105.0,1.7,
2024-02-26 08:00:00,103.0,1.6666666666666667,
2024-02-26 09:00:00,101.0,1.6333333333333333,
2024-02-26 10:00:00,99.0,1.6,
2024-02-26 11:00:00,97.0,1.3,240.0
2024-02-26 12:00:00,92.5,0.95,244.0
2024-02-26 13:00:00,88.25,1.15,253.0
2024-02-26 14:00:00,120.5,1.6,262.0
2024-02-26 15:00:00,131.25,1.1,263.9047619047619
2024-02-26 16:00:00,119.25,1.32,265.8095238095238
2024-02-26 17:00:00,118.5,1.68,267.7142857142857
2024-02-26 18:00:00,159.0,1.7,
2024-02-26 19:00:00,191.5,1.7,
2024-02-26 20:00:00,209.25,1.7,
2024-02-26 21:00:00,209.75,1.7,
2024-02-26 22:00:00,227.75,1.7,
2024-02-26 23:00:00,289.75,1.7,
2024-02-27 00:00:00,225.25,1.7,
2024-02-27 01:00:00,222.5,1.7,
2024-02-27 02:00:00,216.0,1.7,
2024-02-27 03:00:00,199.25,1.7,
2024-02-27 04:00:00,183.0,0.92,
2024-02-27 05:00:00,148.5,0.57,
2024-02-27 06:00:00,138.5,1.2,
2024-02-27 07:00:00,109.75,1.42,
2024-02-27 08:00:00,75.0,1.7,
2024-02-27 09:00:00,80.5,1.12,
2024-02-27 10:00:00,77.25,1.27,
2024-02-27 11:00:00,66.5,1.25,302.0
2024-02-27 12:00:00,50.25,1.08,215.0
2024-02-27 13:00:00,62.0,1.27,297.0
2024-02-27 14:00:00,86.75,1.32,267.0
2024-02-27 15:00:00,64.0,1.08,258.0
2024-02-27 16:00:00,64.0,1.23,219.0
2024-02-27 17:00:00,49.0,1.27,347.0
2024-02-27 18:00:00,68.75,1.58,343.73728813559325
2024-02-27 19:00:00,109.25,1.65,340.47457627118644
2024-02-27 20:00:00,140.0,1.08,337.2118644067797
2024-02-27 21:00:00,155.75,1.02,
2024-02-27 22:00:00,150.75,1.6,
2024-02-27 23:00:00,149.25,1.1,
2024-02-28 00:00:00,129.75,0.3,
2024-02-28 01:00:00,131.25,0.73,
2024-02-28 02:00:00,126.25,1.2,
2024-02-28 03:00:00,120.25,1.15,
2024-02-28 04:00:00,128.5,1.42,
2024-02-28 05:00:00,129.0,0.32,
2024-02-28 06:00:00,118.25,0.3,
2024-02-28 07:00:00,129.25,0.8,
2024-02-28 08:00:00,151.5,1.23,
2024-02-28 09:00:00,148.75,1.23,
2024-02-28 10:00:00,134.5,1.2,
2024-02-28 11:00:00,126.0,1.2,
2024-02-28 12:00:00,108.5,1.23,
2024-02-28 13:00:00,90.0,1.2,
2024-02-28 14:00:00,81.75,1.23,
2024-02-28 15:00:00,75.0,1.2,
2024-02-28 16:00:00,74.75,1.2,
2024-02-28 17:00:00,76.25,1.2,
2024-02-28 18:00:00,82.25,1.18,
2024-02-28 19:00:00,84.25,0.73,
2024-02-28 20:00:00,101.75,1.7,
2024-02-28 21:00:00,123.25,1.7,
2024-02-28 22:00:00,146.5,1.7,
2024-02-28 23:00:00,150.5,1.7,
2024-02-29 00:00:00,144.75,1.7,
2024-02-29 01:00:00,125.75,1.7,
2024-02-29 02:00:00,105.25,1.7,
2024-02-29 03:00:00,101.5,1.7,
2024-02-29 04:00:00,111.5,1.7,
2024-02-29 05:00:00,127.0,1.7,
2024-02-29 06:00:00,126.0,1.7,
2024-02-29 07:00:00,145.33,1.4,
2024-02-29 08:00:00,171.75,1.18,
2024-02-29 09:00:00,169.75,1.23,
2024-02-29 10:00:00,158.0,1.18,
2024-02-29 11:00:00,129.5,1.2,
2024-02-29 12:00:00,109.25,1.18,
2024-02-29 13:00:00,89.75,1.23,
2024-02-29 14:00:00,90.25,1.23,
2024-02-29 15:00:00,81.75,1.3,
2024-02-29 16:00:00,71.5,1.18,
2024-02-29 17:00:00,72.5,1.2,
2024-02-29 18:00:00,82.0,1.32,
2024-02-29 19:00:00,95.5,1.7,
2024-02-29 20:00:00,127.5,1.7,
2024-02-29 21:00:00,169.75,1.7,
2024-02-29 22:00:00,208.5,1.7,
2024-02-29 23:00:00,201.0,1.7,
2024-03-01 00:00:00,210.0,1.7,
2024-03-01 01:00:00,213.25,1.7,
2024-03-01 02:00:00,207.75,1.7,
2024-03-01 03:00:00,217.5,1.7,
2024-03-01 04:00:00,211.25,1.7,154.5
2024-03-01 05:00:00,178.0,1.7,165.695
2024-03-01 06:00:00,176.75,1.7,176.89
2024-03-01 07:00:00,187.75,1.7,188.08499999999998
2024-03-01 08:00:00,221.75,1.7,
2024-03-01 09:00:00,251.25,1.7,
2024-03-01 10:00:00,190.0,1.52,221.67
2024-03-01 11:00:00,189.5,1.38,198.5
2024-03-01 12:00:00,176.5,1.3,184.67
2024-03-01 13:00:00,168.25,1.45,126.25
2024-03-01 14:00:00,154.75,1.1,101.0
2024-03-01 15:00:00,135.75,1.2,146.75
2024-03-01 16:00:00,175.75,1.25,133.0
2024-03-01 17:00:00,158.5,1.27,137.0
2024-03-01 18:00:00,147.75,1.27,123.75
2024-03-01 19:00:00,164.25,1.2,108.75
2024-03-01 20:00:00,191.0,1.45,116.5
2024-03-01 21:00:00,193.5,1.2,142.0
2024-03-01 22:00:00,177.5,1.1,110.0
2024-03-01 23:00:00,152.75,1.2,132.75
2024-03-02 00:00:00,126.75,1.2,127.25
2024-03-02 01:00:00,112.0,1.25,129.0
2024-03-02 02:00:00,72.5,1.2,134.75
2024-03-02 03:00:00,53.75,1.18,162.5
2024-03-02 04:00:00,53.75,1.38,146.5
2024-03-02 05:00:00,46.25,1.25,183.0
2024-03-02 06:00:00,50.25,1.15,132.5
2024-03-02 07:00:00,63.5,1.18,127.75
2024-03-02 08:00:00,48.25,1.23,177.5
2024-03-02 09:00:00,51.75,1.2,115.5
2024-03-02 10:00:00,57.75,1.2,122.0
2024-03-02 11:00:00,94.75,1.2,124.5
2024-03-02 12:00:00,140.0,1.25,127.5
2024-03-02 13:00:00,117.75,1.23,126.5
2024-03-02 14:00:00,92.75,1.2,130.75
2024-03-02 15:00:00,106.5,1.23,124.25
2024-03-02 16:00:00,168.75,1.2,138.5
2024-03-02 17:00:00,143.0,1.2,141.0
2024-03-02 18:00:00,130.25,1.2,140.25
2024-03-02 19:00:00,91.75,1.18,138.0
2024-03-02 20:00:00,64.5,1.2,146.5
2024-03-02 21:00:00,65.0,1.2,146.0
2024-03-02 22:00:00,63.25,1.25,136.0
2024-03-02 23:00:00,65.75,1.23,144.0
2024-03-03 00:00:00,61.0,1.2,148.0
2024-03-03 01:00:00,55.25,1.2,142.25
2024-03-03 02:00:00,50.75,1.2,146.0
2024-03-03 03:00:00,62.0,1.45,156.25
2024-03-03 04:00:00,62.5,1.2,243.5
2024-03-03 05:00:00,70.5,0.3,162.0
2024-03-03 06:00:00,97.75,0.38,188.4
2024-03-03 07:00:00,149.25,0.32,214.8
2024-03-03 08:00:00,231.0,1.08,241.2
2024-03-03 09:00:00,237.5,1.23,
2024-03-03 10:00:00,280.75,1.15,294.0
2024-03-03 11:00:00,254.75,1.3,105.0
2024-03-03 12:00:00,196.5,1.1,290.0
2024-03-03 13:00:00,166.5,1.45,220.67
2024-03-03 14:00:00,155.25,1.48,136.0
2024-03-03 15:00:00,122.75,1.23,188.25
2024-03-03 16:00:00,95.5,1.32,138.5
2024-03-03 17:00:00,134.0,1.3,169.7
2024-03-03 18:00:00,167.75,1.2,200.9
2024-03-03 19:00:00,184.0,1.38,232.1
2024-03-03 20:00:00,193.0,1.42,
2024-03-03 21:00:00,173.0,0.72,294.5
2024-03-03 22:00:00,162.5,0.38,107.0
2024-03-03 23:00:00,140.0,1.7,127.0
2024-03-04 00:00:00,114.0,1.7,147.0
2024-03-04 01:00:00,112.75,1.7,167.0
2024-03-04 02:00:00,100.0,1.7,169.75
2024-03-04 03:00:00,98.0,1.7,172.5
2024-03-04 04:00:00,87.0,1.7,175.25
2024-03-04 05:00:00,77.5,1.7,178.0
2024-03-04 06:00:00,94.25,1.7,211.33499999999998
2024-03-04 07:00:00,97.5,1.7,244.67
2024-03-04 08:00:00,109.25,1.65,352.0
2024-03-04 09:00:00,124.0,1.38,283.5
2024-03-04 10:00:00,122.5,0.78,301.0
2024-03-04 11:00:00,88.0,1.35,309.0
2024-03-04 12:00:00,58.25,1.23,291.0
2024-03-04 13:00:00,76.25,1.25,273.0
2024-03-04 14:00:00,74.25,1.3,255.0
2024-03-04 15:00:00,72.75,1.08,289.0
2024-03-04 16:00:00,65.25,1.23,323.0
2024-03-04 17:00:00,64.25,1.1,340.0
2024-03-04 18:00:00,70.5,1.38,357.0
2024-03-04 19:00:00,82.25,1.38,350.6666666666667
2024-03-04 20:00:00,101.5,1.62,344.3333333333333
2024-03-04 21:00:00,117.75,1.0,338.0
2024-03-04 22:00:00,113.25,1.08,335.26363636363635
2024-03-04 23:00:00,130.25,0.88,332.5272727272727
2024-03-05 00:00:00,130.75,1.23,329.7909090909091
2024-03-05 01:00:00,117.75,1.4,
2024-03-05 02:00:00,108.5,1.7,
2024-03-05 03:00:00,110.0,1.7,
2024-03-05 04:00:00,105.5,1.68,
2024-03-05 05:00:00,98.5,0.45,
2024-03-05 06:00:00,116.0,1.68,
2024-03-05 07:00:00,114.75,1.32,
2024-03-05 08:00:00,127.75,1.2,
2024-03-05 09:00:00,122.5,1.23,
2024-03-05 10:00:00,118.25,1.2,
2024-03-05 11:00:00,115.75,1.23,
2024-03-05 12:00:00,106.5,1.2,
2024-03-05 13:00:00,105.25,1.18,
2024-03-05 14:00:00,96.25,1.25,
2024-03-05 15:00:00,92.5,1.27,
2024-03-05 16:00:00,87.5,1.2,
2024-03-05 17:00:00,84.25,1.2,
2024-03-05 18:00:00,79.5,1.18,
2024-03-05 19:00:00,78.25,1.23,
2024-03-05 20:00:00,72.25,1.23,
2024-03-05 21:00:00,81.75,1.4,
2024-03-05 22:00:00,91.75,1.2,
2024-03-05 23:00:00,92.25,1.15,
2024-03-06 00:00:00,81.25,0.95,
2024-03-06 01:00:00,86.75,1.23,
2024-03-06 02:00:00,79.25,1.27,
2024-03-06 03:00:00,91.5,1.12,
2024-03-06 04:00:00,84.25,1.68,
2024-03-06 05:00:00,95.25,1.35,
2024-03-06 06:00:00,101.75,1.18,
2024-03-06 07:00:00,115.5,1.15,
2024-03-06 08:00:00,135.5,1.2,
2024-03-06 09:00:00,142.0,1.18,
2024-03-06 10:00:00,126.5,1.27,
2024-03-06 11:00:00,117.75,1.25,
2024-03-06 12:00:00,123.0,1.18,
2024-03-06 13:00:00,127.0,1.25,
2024-03-06 14:00:00,100.0,1.25,
2024-03-06 15:00:00,102.0,1.23,
2024-03-06 16:00:00,116.0,1.15,
2024-03-06 17:00:00,92.0,1.18,
2024-03-06 18:00:00,90.0,1.3,
2024-03-06 19:00:00,88.0,0.3,
2024-03-06 20:00:00,116.0,0.3,
2024-03-06 21:00:00,145.0,0.3,
2024-03-06 22:00:00,167.0,0.3,
2024-03-06 23:00:00,185.0,0.3,
2024-03-07 00:00:00,174.0,0.3,
2024-03-07 01:00:00,179.0,0.3,
2024-03-07 02:00:00,194.0,0.3,
2024-03-07 03:00:00,173.0,0.3,
2024-03-07 04:00:00,184.0,0.3,187.5
2024-03-07 05:00:00,186.0,0.3,192.5
2024-03-07 06:00:00,183.0,0.3,201.33333333333334
2024-03-07 07:00:00,210.0,0.3,210.16666666666666
2024-03-07 08:00:00,197.0,0.78,219.0
2024-03-07 09:00:00,168.0,1.25,
2024-03-07 10:00:00,183.0,1.18,
2024-03-07 11:00:00,146.0,1.2,
2024-03-07 12:00:00,153.0,1.1,
2024-03-07 13:00:00,101.0,1.2,
2024-03-07 14:00:00,91.0,1.23,
2024-03-07 15:00:00,85.0,1.23,
2024-03-07 16:00:00,88.0,1.23,
2024-03-07 17:00:00,89.25,1.2,
2024-03-07 18:00:00,93.75,1.42,
2024-03-07 19:00:00,108.25,1.7,
2024-03-07 20:00:00,121.75,1.7,325.0
2024-03-07 21:00:00,140.75,1.7,326.0
2024-03-07 22:00:00,156.75,1.7,322.5285714285714
2024-03-07 23:00:00,140.25,1.7,319.0571428571429
2024-03-08 00:00:00,158.5,1.7,315.5857142857143
2024-03-08 01:00:00,166.25,1.7,
2024-03-08 02:00:00,160.25,1.7,
2024-03-08 03:00:00,136.25,1.7,
2024-03-08 04:00:00,122.75,1.7,
2024-03-08 05:00:00,116.0,1.7,
2024-03-08 06:00:00,119.25,1.7,
2024-03-08 07:00:00,142.5,0.92,
2024-03-08 08:00:00,187.5,1.08,
2024-03-08 09:00:00,193.0,1.3,
2024-03-08 10:00:00,160.25,1.32,
2024-03-08 11:00:00,123.5,1.25,
2024-03-08 12:00:00,87.25,1.23,
2024-03-08 13:00:00,73.0,1.18,
2024-03-08 14:00:00,75.0,1.25,
2024-03-08 15:00:00,81.5,1.25,
2024-03-08 16:00:00,83.5,1.2,
2024-03-08 17:00:00,87.75,1.3,
2024-03-08 18:00:00,96.0,1.18,
2024-03-08 19:00:00,100.25,1.68,
2024-03-08 20:00:00,117.0,1.5,
2024-03-08 21:00:00,133.5,1.7,
2024-03-08 22:00:00,143.25,1.7,
2024-03-08 23:00:00,125.5,1.7,
2024-03-09 00:00:00,100.25,1.7,
2024-03-09 01:00:00,84.25,1.7,
2024-03-09 02:00:00,90.75,1.7,
2024-03-09 03:00:00,103.75,1.7,
2024-03-09 04:00:00,118.75,1.7,
2024-03-09 05:00:00,118.25,1.7,
2024-03-09 06:00:00,115.5,1.7,
2024-03-09 07:00:00,136.75,1.35,
2024-03-09 08:00:00,159.75,1.32,
2024-03-09 09:00:00,174.5,1.2,
2024-03-09 10:00:00,132.0,1.2,
2024-03-09 11:00:00,106.0,1.25,
2024-03-09 12:00:00,99.25,1.23,
2024-03-09 13:00:00,93.75,1.2,
2024-03-09 14:00:00,81.75,1.2,
2024-03-09 15:00:00,72.25,1.25,
2024-03-09 16:00:00,64.75,1.23,
2024-03-09 17:00:00,66.75,1.18,
2024-03-09 18:00:00,69.0,1.08,
2024-03-09 19:00:00,82.75,0.3,
2024-03-09 20:00:00,109.0,0.3,
2024-03-09 21:00:00,158.5,0.3,
2024-03-09 22:00:00,194.75,0.3,
2024-03-09 23:00:00,176.0,0.3,
2024-03-10 00:00:00,161.75,0.3,
2024-03-10 01:00:00,174.0,0.3,
2024-03-10 02:00:00,181.75,0.3,
2024-03-10 03:00:00,192.0,0.3,
2024-03-10 04:00:00,181.5,0.3,
2024-03-10 05:00:00,196.0,1.52,
2024-03-10 06:00:00,242.75,0.68,
2024-03-10 07:00:00,286.75,1.15,
2024-03-10 08:00:00,256.25,1.25,
2024-03-10 09:00:00,215.0,1.2,
2024-03-10 10:00:00,188.25,1.2,
2024-03-10 11:00:00,148.5,1.23,
2024-03-10 12:00:00,110.75,1.3,
2024-03-10 13:00:00,115.75,1.27,
2024-03-10 14:00:00,109.75,1.38,
2024-03-10 15:00:00,115.75,1.45,
2024-03-10 16:00:00,99.0,1.27,
2024-03-10 17:00:00,101.0,1.12,
2024-03-10 18:00:00,121.0,1.7,
2024-03-10 19:00:00,137.75,1.7,83.0
2024-03-10 20:00:00,136.25,1.7,246.0
2024-03-10 21:00:00,123.75,1.7,198.75
2024-03-10 22:00:00,162.25,1.7,151.5
2024-03-10 23:00:00,222.75,1.7,93.25
2024-03-11 00:00:00,265.25,1.7,111.0
2024-03-11 01:00:00,254.75,1.7,102.0
2024-03-11 02:00:00,234.0,1.68,93.0
2024-03-11 03:00:00,214.5,1.7,309.0
2024-03-11 04:00:00,198.25,1.7,283.0
2024-03-11 05:00:00,189.75,1.7,257.0
2024-03-11 06:00:00,191.0,1.6,231.0
2024-03-11 07:00:00,214.5,0.3,
2024-03-11 08:00:00,263.0,0.3,179.0
2024-03-11 09:00:00,240.25,1.17,223.0
2024-03-11 10:00:00,198.25,1.12,306.0
2024-03-11 11:00:00,154.75,1.2,247.0
2024-03-11 12:00:00,113.25,1.3,264.0
2024-03-11 13:00:00,112.5,1.15,279.75
2024-03-11 14:00:00,100.5,1.27,295.5
2024-03-11 15:00:00,102.25,1.35,311.25
2024-03-11 16:00:00,103.75,1.38,327.0
2024-03-11 17:00:00,131.75,0.9,226.5
2024-03-11 18:00:00,127.75,1.7,126.0
2024-03-11 19:00:00,129.0,1.7,155.25
2024-03-11 20:00:00,134.5,1.7,139.4375
2024-03-11 21:00:00,142.75,1.7,123.625
2024-03-11 22:00:00,172.5,1.7,107.8125
2024-03-11 23:00:00,171.0,1.7,92.0
2024-03-12 00:00:00,164.5,1.7,95.92592592592592
2024-03-12 01:00:00,168.5,1.7,99.85185185185185
2024-03-12 02:00:00,162.0,1.7,103.77777777777777
2024-03-12 03:00:00,175.0,1.7,
2024-03-12 04:00:00,174.0,1.7,
2024-03-12 05:00:00,161.75,1.7,
2024-03-12 06:00:00,163.75,1.35,
2024-03-12 07:00:00,183.25,0.75,
2024-03-12 08:00:00,241.5,1.15,
2024-03-12 09:00:00,297.25,1.15,
2024-03-12 10:00:00,226.75,1.23,
2024-03-12 11:00:00,169.5,1.18,
2024-03-12 12:00:00,148.5,1.15,
2024-03-12 13:00:00,127.75,1.25,
2024-03-12 14:00:00,104.75,0.95,
2024-03-12 15:00:00,98.5,1.27,
2024-03-12 16:00:00,92.0,1.27,
2024-03-12 17:00:00,94.25,1.23,
2024-03-12 18:00:00,91.75,1.27,
2024-03-12 19:00:00,97.75,1.23,
2024-03-12 20:00:00,123.0,1.5,
2024-03-12 21:00:00,138.0,1.08,
2024-03-12 22:00:00,136.5,1.6,
2024-03-12 23:00:00,130.25,1.7,
2024-03-13 00:00:00,127.25,1.7,
2024-03-13 01:00:00,129.5,1.7,
2024-03-13 02:00:00,120.75,1.7,198.0
2024-03-13 03:00:00,136.0,1.7,211.7
2024-03-13 04:00:00,139.5,1.68,225.4
2024-03-13 05:00:00,154.5,1.55,239.1
2024-03-13 06:00:00,196.5,1.7,
2024-03-13 07:00:00,208.25,1.7,
2024-03-13 08:00:00,230.5,1.08,
2024-03-13 09:00:00,219.75,1.2,
2024-03-13 10:00:00,180.25,1.33,
2024-03-13 11:00:00,157.25,1.02,
2024-03-13 12:00:00,105.5,1.25,335.0
2024-03-13 13:00:00,83.0,1.35,308.0
2024-03-13 14:00:00,81.75,1.32,263.0
2024-03-13 15:00:00,112.25,0.57,218.0
2024-03-13 16:00:00,202.75,1.1,309.0
2024-03-13 17:00:00,158.5,1.5,182.0
2024-03-13 18:00:00,137.0,1.25,106.75
2024-03-13 19:00:00,146.5,1.4,97.0
2024-03-13 20:00:00,155.75,0.35,148.5
2024-03-13 21:00:00,129.75,0.3,153.25
2024-03-13 22:00:00,151.25,0.3,158.0
2024-03-13 23:00:00,172.0,0.3,162.75
2024-03-14 00:00:00,167.25,0.35,
2024-03-14 01:00:00,156.5,0.82,
2024-03-14 02:00:00,139.0,1.7,177.0
2024-03-14 03:00:00,133.75,1.7,204.0
2024-03-14 04:00:00,132.5,1.45,220.33333333333334
2024-03-14 05:00:00,159.0,1.3,236.66666666666666
2024-03-14 06:00:00,195.75,1.3,253.0
2024-03-14 07:00:00,220.25,1.7,
2024-03-14 08:00:00,243.25,1.7,
2024-03-14 09:00:00,262.0,0.48,302.0
2024-03-14 10:00:00,211.25,1.0,276.0
2024-03-14 11:00:00,148.25,1.2,258.0
2024-03-14 12:00:00,94.0,1.15,240.0
2024-03-14 13:00:00,110.25,1.35,222.0
2024-03-14 14:00:00,138.25,1.15,313.0
2024-03-14 15:00:00,136.75,1.32,245.67
2024-03-14 16:00:00,148.5,1.15,244.35108695652173
2024-03-14 17:00:00,119.75,1.2,243.03217391304347
2024-03-14 18:00:00,112.25,1.27,241.7132608695652
2024-03-14 19:00:00,127.0,0.62,
2024-03-14 20:00:00,156.25,1.27,
2024-03-14 21:00:00,165.25,1.3,
2024-03-14 22:00:00,143.25,1.27,
2024-03-14 23:00:00,131.25,1.27,
2024-03-15 00:00:00,109.5,1.23,
2024-03-15 01:00:00,102.75,1.05,
2024-03-15 02:00:00,94.25,0.38,
2024-03-15 03:00:00,87.0,0.95,
2024-03-15 04:00:00,79.25,1.7,
2024-03-15 05:00:00,73.0,1.3,
2024-03-15 06:00:00,71.0,1.42,
2024-03-15 07:00:00,77.5,1.18,
2024-03-15 08:00:00,92.5,1.23,
2024-03-15 09:00:00,110.75,1.25,
2024-03-15 10:00:00,119.25,1.27,
2024-03-15 11:00:00,98.0,1.25,
2024-03-15 12:00:00,89.75,1.23,
2024-03-15 13:00:00,103.25,1.2,
2024-03-15 14:00:00,105.0,1.2,
2024-03-15 15:00:00,85.5,1.23,
2024-03-15 16:00:00,70.75,1.2,
2024-03-15 17:00:00,67.75,1.23,
2024-03-15 18:00:00,74.5,1.25,
2024-03-15 19:00:00,94.0,0.3,
2024-03-15 20:00:00,117.25,0.3,
2024-03-15 21:00:00,140.0,0.3,
2024-03-15 22:00:00,164.25,0.3,
2024-03-15 23:00:00,174.75,0.3,
2024-03-16 00:00:00,175.5,0.3,
2024-03-16 01:00:00,170.25,0.3,
2024-03-16 02:00:00,166.25,0.3,
2024-03-16 03:00:00,153.75,0.3,
2024-03-16 04:00:00,135.25,0.3,
2024-03-16 05:00:00,150.25,0.3,
2024-03-16 06:00:00,163.75,0.3,
2024-03-16 07:00:00,163.75,0.3,
2024-03-16 08:00:00,180.0,1.4,
2024-03-16 09:00:00,168.25,1.6,
2024-03-16 10:00:00,151.0,1.05,
2024-03-16 11:00:00,95.5,1.08,
2024-03-16 12:00:00,87.75,1.12,
2024-03-16 13:00:00,89.75,1.27,185.0
2024-03-16 14:00:00,133.0,1.27,311.0
2024-03-16 15:00:00,147.5,1.27,309.8888888888889
2024-03-16 16:00:00,118.75,1.25,308.77777777777777
2024-03-16 17:00:00,122.0,1.25,307.6666666666667
2024-03-16 18:00:00,135.75,1.42,
2024-03-16 19:00:00,153.0,1.7,
2024-03-16 20:00:00,190.5,1.7,
2024-03-16 21:00:00,204.25,1.7,
2024-03-16 22:00:00,231.25,1.7,
2024-03-16 23:00:00,219.0,1.7,
2024-03-17 00:00:00,182.5,1.7,
2024-03-17 01:00:00,173.5,1.7,
2024-03-17 02:00:00,196.75,1.7,
2024-03-17 03:00:00,176.5,1.7,
2024-03-17 04:00:00,191.25,1.7,
2024-03-17 05:00:00,193.75,1.7,
2024-03-17 06:00:00,193.5,1.7,
2024-03-17 07:00:00,208.25,1.55,
2024-03-17 08:00:00,223.25,1.2,
2024-03-17 09:00:00,228.25,1.18,
2024-03-17 10:00:00,202.0,1.18,
2024-03-17 11:00:00,135.25,1.1,
2024-03-17 12:00:00,120.0,1.27,
2024-03-17 13:00:00,108.0,1.23,
2024-03-17 14:00:00,112.75,1.2,
2024-03-17 15:00:00,125.0,1.12,
2024-03-17 16:00:00,114.0,1.38,
2024-03-17 17:00:00,98.0,1.5,281.0
2024-03-17 18:00:00,103.25,1.7,277.9756097560976
2024-03-17 19:00:00,144.25,1.68,274.9512195121951
2024-03-17 20:00:00,206.25,1.65,271.9268292682927
2024-03-17 21:00:00,252.5,1.7,
2024-03-17 22:00:00,271.25,1.7,
2024-03-17 23:00:00,257.75,1.7,
2024-03-18 00:00:00,224.5,1.7,
2024-03-18 01:00:00,217.25,1.7,
2024-03-18 02:00:00,190.5,1.7,
2024-03-18 03:00:00,186.75,1.7,
2024-03-18 04:00:00,182.75,1.7,
2024-03-18 05:00:00,189.25,1.7,
2024-03-18 06:00:00,198.75,1.7,
2024-03-18 07:00:00,264.5,1.68,
2024-03-18 08:00:00,333.0,1.32,
2024-03-18 09:00:00,318.75,1.27,
2024-03-18 10:00:00,223.0,1.27,
2024-03-18 11:00:00,156.75,1.2,
2024-03-18 12:00:00,114.25,1.25,
2024-03-18 13:00:00,115.75,1.23,
2024-03-18 14:00:00,90.5,1.25,
2024-03-18 15:00:00,84.75,1.18,
2024-03-18 16:00:00,89.0,1.3,
2024-03-18 17:00:00,131.5,1.23,
2024-03-18 18:00:00,114.25,1.52,
2024-03-18 19:00:00,139.25,1.7,
2024-03-18 20:00:00,145.0,1.7,
2024-03-18 21:00:00,168.5,1.7,
2024-03-18 22:00:00,194.0,1.7,
2024-03-18 23:00:00,191.75,1.7,
2024-03-19 00:00:00,182.5,1.7,
2024-03-19 01:00:00,182.5,1.6,
2024-03-19 02:00:00,211.0,0.3,
2024-03-19 03:00:00,235.75,0.3,
2024-03-19 04:00:00,263.75,0.3,
2024-03-19 05:00:00,292.5,0.3,
2024-03-19 06:00:00,315.25,1.32,
2024-03-19 07:00:00,328.5,1.12,
2024-03-19 08:00:00,289.5,0.98,
2024-03-19 09:00:00,207.0,1.52,
2024-03-19 10:00:00,155.5,1.25,157.0
2024-03-19 11:00:00,132.25,1.35,219.5
2024-03-19 12:00:00,121.25,0.98,282.0
2024-03-19 13:00:00,126.0,1.25,274.44444444444446
2024-03-19 14:00:00,136.0,1.2,266.8888888888889
2024-03-19 15:00:00,121.75,1.23,259.3333333333333
2024-03-19 16:00:00,94.75,1.3,
2024-03-19 17:00:00,88.75,1.2,
2024-03-19 18:00:00,99.25,1.5,
2024-03-19 19:00:00,128.0,1.7,
2024-03-19 20:00:00,142.5,1.7,
2024-03-19 21:00:00,164.0,1.7,
2024-03-19 22:00:00,209.0,1.7,
2024-03-19 23:00:00,229.75,1.7,
2024-03-20 00:00:00,257.25,1.7,
2024-03-20 01:00:00,234.0,1.7,
2024-03-20 02:00:00,237.75,1.7,
2024-03-20 03:00:00,250.75,1.7,
2024-03-20 04:00:00,262.0,1.7,
2024-03-20 05:00:00,281.0,1.7,
2024-03-20 06:00:00,289.0,1.7,146.0
2024-03-20 07:00:00,312.5,1.38,181.25
2024-03-20 08:00:00,337.0,1.2,216.5
2024-03-20 09:00:00,321.75,1.48,251.75
2024-03-20 10:00:00,260.75,1.5,287.0
2024-03-20 11:00:00,187.25,1.2,276.5
2024-03-20 12:00:00,143.75,1.25,266.0
2024-03-20 13:00:00,96.0,1.25,253.0
2024-03-20 14:00:00,79.25,1.4,224.75
2024-03-20 15:00:00,80.5,1.25,196.5
2024-03-20 16:00:00,94.5,1.38,278.0
2024-03-20 17:00:00,88.0,1.52,353.0
2024-03-20 18:00:00,120.5,1.42,323.18555555555554
2024-03-20 19:00:00,129.75,1.7,293.37111111111113
2024-03-20 20:00:00,139.0,1.7,263.5566666666667
2024-03-20 21:00:00,163.5,1.7,
2024-03-20 22:00:00,197.25,1.7,
2024-03-20 23:00:00,191.0,1.7,
2024-03-21 00:00:00,207.5,1.7,
2024-03-21 01:00:00,213.75,1.7,
2024-03-21 02:00:00,225.75,0.88,84.67
2024-03-21 03:00:00,248.75,1.23,109.0
2024-03-21 04:00:00,237.0,1.2,128.0
2024-03-21 05:00:00,166.0,1.25,132.75
2024-03-21 06:00:00,130.25,1.27,136.75
2024-03-21 07:00:00,120.0,1.18,142.0
2024-03-21 08:00:00,117.5,1.23,138.25
2024-03-21 09:00:00,130.0,1.15,161.0
2024-03-21 10:00:00,137.25,1.18,134.25
2024-03-21 11:00:00,141.0,1.25,129.75
2024-03-21 12:00:00,142.5,1.32,135.0
2024-03-21 13:00:00,149.0,1.25,134.75
2024-03-21 14:00:00,158.0,1.18,134.25
2024-03-21 15:00:00,161.25,1.35,131.0
2024-03-21 16:00:00,143.25,1.15,129.25
2024-03-21 17:00:00,141.5,1.23,142.0
2024-03-21 18:00:00,146.25,1.32,126.75
2024-03-21 19:00:00,167.5,1.25,117.25
2024-03-21 20:00:00,200.5,1.38,86.0
2024-03-21 21:00:00,194.75,1.02,92.0
2024-03-21 22:00:00,188.0,1.12,99.75
2024-03-21 23:00:00,172.25,1.28,109.5
2024-03-22 00:00:00,147.75,1.4,125.75
2024-03-22 01:00:00,133.25,1.2,125.75
2024-03-22 02:00:00,126.25,1.65,110.75
2024-03-22 03:00:00,122.75,1.42,109.0
2024-03-22 04:00:00,128.5,0.92,112.25
2024-03-22 05:00:00,131.0,1.08,118.0
2024-03-22 06:00:00,131.0,1.18,117.75
2024-03-22 07:00:00,127.75,1.25,113.0
2024-03-22 08:00:00,149.5,1.25,144.25
2024-03-22 09:00:00,154.25,1.27,197.0
2024-03-22 10:00:00,132.0,1.32,151.5
2024-03-22 11:00:00,149.75,1.18,132.0
2024-03-22 12:00:00,159.0,1.25,144.0
2024-03-22 13:00:00,135.0,1.25,142.25
2024-03-22 14:00:00,142.75,1.32,91.0
2024-03-22 15:00:00,159.25,1.42,149.75
2024-03-22 16:00:00,155.25,1.23,89.75
2024-03-22 17:00:00,193.75,1.35,107.25
2024-03-22 18:00:00,167.25,1.5,114.75
2024-03-22 19:00:00,183.25,1.7,61.25
2024-03-22 20:00:00,202.25,1.7,63.0
2024-03-22 21:00:00,232.0,1.7,63.0
2024-03-22 22:00:00,238.5,1.7,63.0
2024-03-22 23:00:00,252.25,1.7,123.0
2024-03-23 00:00:00,281.5,1.7,149.57142857142858
2024-03-23 01:00:00,261.0,1.7,176.14285714285714
2024-03-23 02:00:00,268.75,1.7,202.71428571428572
2024-03-23 03:00:00,262.25,1.7,
2024-03-23 04:00:00,226.0,1.7,
2024-03-23 05:00:00,215.75,0.7,
2024-03-23 06:00:00,188.5,0.3,309.0
2024-03-23 07:00:00,175.5,0.45,297.7647058823529
2024-03-23 08:00:00,185.75,1.18,286.52941176470586
2024-03-23 09:00:00,184.75,1.23,275.29411764705884
2024-03-23 10:00:00,180.0,1.25,
2024-03-23 11:00:00,165.5,1.23,
2024-03-23 12:00:00,158.0,1.25,
2024-03-23 13:00:00,182.0,1.27,
2024-03-23 14:00:00,129.0,1.25,
2024-03-23 15:00:00,125.0,1.27,
2024-03-23 16:00:00,103.0,1.3,
2024-03-23 17:00:00,85.0,1.25,
2024-03-23 18:00:00,85.0,0.78,
2024-03-23 19:00:00,105.0,0.3,
2024-03-23 20:00:00,122.0,0.3,
2024-03-23 21:00:00,141.0,0.3,
2024-03-23 22:00:00,172.0,0.3,
2024-03-23 23:00:00,197.0,0.3,118.0
2024-03-24 00:00:00,175.0,0.3,132.5
2024-03-24 01:00:00,190.0,0.3,246.0
2024-03-24 02:00:00,180.0,0.3,252.375
2024-03-24 03:00:00,166.0,0.32,258.75
2024-03-24 04:00:00,146.0,0.38,265.125
2024-03-24 05:00:00,175.0,0.35,
2024-03-24 06:00:00,211.0,0.3,
2024-03-24 07:00:00,207.0,0.72,
2024-03-24 08:00:00,265.0,1.15,
2024-03-24 09:00:00,210.0,1.23,
2024-03-24 10:00:00,180.0,1.2,
2024-03-24 11:00:00,152.0,1.2,
2024-03-24 12:00:00,304.0,1.18,
2024-03-24 13:00:00,273.5,1.25,
2024-03-24 14:00:00,227.0,1.27,
2024-03-24 15:00:00,128.0,1.18,
2024-03-24 16:00:00,103.0,1.25,
2024-03-24 17:00:00,116.0,1.32,348.0
2024-03-24 18:00:00,109.75,1.27,296.0
2024-03-24 19:00:00,123.75,1.7,293.8076923076923
2024-03-24 20:00:00,133.0,1.7,291.61538461538464
2024-03-24 21:00:00,169.75,1.7,289.4230769230769
2024-03-24 22:00:00,195.5,1.7,
2024-03-24 23:00:00,206.75,1.7,
2024-03-25 00:00:00,198.75,1.7,
2024-03-25 01:00:00,226.75,1.7,
2024-03-25 02:00:00,247.25,1.7,
2024-03-25 03:00:00,276.75,1.7,
2024-03-25 04:00:00,298.5,0.38,
2024-03-25 05:00:00,267.0,0.3,
2024-03-25 06:00:00,257.75,0.38,
2024-03-25 07:00:00,221.75,0.62,
2024-03-25 08:00:00,183.5,1.3,
2024-03-25 09:00:00,135.0,1.2,
2024-03-25 10:00:00,104.5,1.23,
2024-03-25 11:00:00,84.75,1.3,
2024-03-25 12:00:00,81.25,1.23,
2024-03-25 13:00:00,68.75,1.23,
2024-03-25 14:00:00,56.75,1.23,
2024-03-25 15:00:00,61.25,1.25,
2024-03-25 16:00:00,65.75,1.25,
2024-03-25 17:00:00,58.5,1.27,
2024-03-25 18:00:00,56.75,1.23,
2024-03-25 19:00:00,59.0,0.38,
2024-03-25 20:00:00,74.0,0.3,
2024-03-25 21:00:00,95.75,0.3,
2024-03-25 22:00:00,113.25,0.3,
2024-03-25 23:00:00,128.0,0.3,
2024-03-26 00:00:00,110.5,0.3,
2024-03-26 01:00:00,93.25,0.3,
2024-03-26 02:00:00,106.5,0.4,
2024-03-26 03:00:00,135.75,0.3,
2024-03-26 04:00:00,100.5,0.78,
2024-03-26 05:00:00,151.25,1.32,
2024-03-26 06:00:00,145.5,1.65,
2024-03-26 07:00:00,119.75,1.35,
2024-03-26 08:00:00,124.0,1.25,
2024-03-26 09:00:00,114.5,1.2,
2024-03-26 10:00:00,120.5,1.25,
2024-03-26 11:00:00,113.25,1.18,
2024-03-26 12:00:00,103.0,1.3,
2024-03-26 13:00:00,95.25,1.25,
2024-03-26 14:00:00,83.0,1.23,
2024-03-26 15:00:00,62.5,1.25,
2024-03-26 16:00:00,64.75,1.27,
2024-03-26 17:00:00,69.5,1.27,
2024-03-26 18:00:00,86.25,1.52,
2024-03-26 19:00:00,113.75,1.7,
2024-03-26 20:00:00,117.0,1.7,
2024-03-26 21:00:00,135.75,1.7,
2024-03-26 22:00:00,154.25,1.7,182.0
2024-03-26 23:00:00,152.0,1.7,180.0
2024-03-27 00:00:00,172.0,1.7,184.78571428571428
2024-03-27 01:00:00,201.25,1.7,189.57142857142858
2024-03-27 02:00:00,182.5,1.7,194.35714285714286
2024-03-27 03:00:00,157.25,1.7,
2024-03-27 04:00:00,150.0,1.7,
2024-03-27 05:00:00,149.5,1.7,
2024-03-27 06:00:00,138.0,1.27,213.5
2024-03-27 07:00:00,149.0,0.3,179.33
2024-03-27 08:00:00,244.0,0.45,185.0
2024-03-27 09:00:00,335.75,0.88,331.5
2024-03-27 10:00:00,131.75,1.35,352.0
2024-03-27 11:00:00,121.75,1.1,347.53846153846155
2024-03-27 12:00:00,117.75,1.3,343.0769230769231
2024-03-27 13:00:00,128.25,1.35,338.61538461538464
2024-03-27 14:00:00,114.5,1.23,
2024-03-27 15:00:00,132.5,1.2,
2024-03-27 16:00:00,122.75,1.32,
2024-03-27 17:00:00,104.0,1.25,
2024-03-27 18:00:00,93.25,1.2,
2024-03-27 19:00:00,88.0,1.32,
2024-03-27 20:00:00,87.25,1.58,
2024-03-27 21:00:00,92.25,1.27,
2024-03-27 22:00:00,116.75,0.3,
2024-03-27 23:00:00,120.0,0.3,294.0
2024-03-28 00:00:00,110.0,0.3,292.25615384615384
2024-03-28 01:00:00,131.0,0.3,290.5123076923077
2024-03-28 02:00:00,143.5,0.3,288.7684615384615
2024-03-28 03:00:00,121.0,0.65,
2024-03-28 04:00:00,109.0,1.35,
2024-03-28 05:00:00,123.0,1.68,
2024-03-28 06:00:00,115.5,0.57,
2024-03-28 07:00:00,138.75,0.9,
2024-03-28 08:00:00,170.5,1.2,
2024-03-28 09:00:00,171.0,1.3,
2024-03-28 10:00:00,148.25,1.05,
2024-03-28 11:00:00,141.75,1.25,
2024-03-28 12:00:00,137.25,1.12,271.33
2024-03-28 13:00:00,140.5,1.42,197.33
2024-03-28 14:00:00,162.5,1.23,231.0
2024-03-28 15:00:00,173.0,1.23,228.11111111111111
2024-03-28 16:00:00,155.0,1.27,225.22222222222223
2024-03-28 17:00:00,144.5,1.2,222.33333333333334
2024-03-28 18:00:00,128.0,0.55,
2024-03-28 19:00:00,161.0,1.5,
2024-03-28 20:00:00,121.75,1.1,
2024-03-28 21:00:00,113.5,1.12,
2024-03-28 22:00:00,116.25,1.52,
2024-03-28 23:00:00,113.0,1.7,
2024-03-29 00:00:00,114.25,1.7,
2024-03-29 01:00:00,99.75,1.7,
2024-03-29 02:00:00,102.0,1.7,
2024-03-29 03:00:00,113.5,1.62,
2024-03-29 04:00:00,128.25,1.15,
2024-03-29 05:00:00,148.5,1.52,
2024-03-29 06:00:00,144.75,1.65,
2024-03-29 07:00:00,152.25,0.42,
2024-03-29 08:00:00,172.25,0.62,179.0
2024-03-29 09:00:00,199.0,1.05,84.5
2024-03-29 10:00:00,240.25,0.95,133.25
2024-03-29 11:00:00,234.0,1.28,145.75
2024-03-29 12:00:00,216.5,1.12,137.0
2024-03-29 13:00:00,190.5,1.35,144.25
2024-03-29 14:00:00,158.75,1.25,175.0
2024-03-29 15:00:00,153.25,1.35,112.75
2024-03-29 16:00:00,165.0,1.2,95.0
2024-03-29 17:00:00,218.5,1.27,133.75
2024-03-29 18:00:00,331.25,1.08,137.5
2024-03-29 19:00:00,171.75,1.23,168.75
2024-03-29 20:00:00,188.0,0.92,155.0
2024-03-29 21:00:00,141.5,0.3,192.0
2024-03-29 22:00:00,137.75,0.3,120.75
2024-03-29 23:00:00,118.0,0.3,109.75
2024-03-30 00:00:00,132.0,0.38,155.25
2024-03-30 01:00:00,122.5,1.15,158.5
2024-03-30 02:00:00,109.75,0.65,120.75
2024-03-30 03:00:00,143.75,1.5,84.75
2024-03-30 04:00:00,192.0,1.4,82.75
2024-03-30 05:00:00,199.0,1.5,87.25
2024-03-30 06:00:00,155.0,1.15,116.0
2024-03-30 07:00:00,159.25,1.3,157.5
2024-03-30 08:00:00,195.5,0.98,178.0
2024-03-30 09:00:00,219.0,1.23,222.5
2024-03-30 10:00:00,233.0,1.23,267.0
2024-03-30 11:00:00,241.0,1.27,152.75
2024-03-30 12:00:00,278.0,1.32,124.75
2024-03-30 13:00:00,194.0,1.5,209.75
2024-03-30 14:00:00,153.0,1.48,203.0
2024-03-30 15:00:00,153.0,1.23,274.5
2024-03-30 16:00:00,147.0,1.3,218.22333333333333
2024-03-30 17:00:00,259.0,1.23,161.94666666666666
2024-03-30 18:00:00,157.0,1.6,105.67
2024-03-30 19:00:00,173.0,1.7,8.0
2024-03-30 20:00:00,197.0,1.7,18.5
2024-03-30 21:00:00,249.0,1.7,22.75
2024-03-30 22:00:00,272.0,1.7,27.0
2024-03-30 23:00:00,298.0,1.7,31.25
2024-03-31 00:00:00,320.0,1.7,
2024-03-31 01:00:00,315.0,1.7,
2024-03-31 02:00:00,300.0,1.7,44.0
2024-03-31 03:00:00,263.0,1.7,47.013333333333335
2024-03-31 04:00:00,263.0,1.7,50.026666666666664
2024-03-31 05:00:00,240.0,1.7,53.04
2024-03-31 06:00:00,243.0,1.7,
2024-03-31 07:00:00,315.0,1.3,
2024-03-31 08:00:00,379.0,1.7,
2024-03-31 09:00:00,331.0,0.95,
2024-03-31 10:00:00,288.0,1.27,
2024-03-31 11:00:00,287.0,1.2,
2024-03-31 12:00:00,228.0,1.27,
2024-03-31 13:00:00,164.0,1.27,
2024-03-31 14:00:00,135.0,1.27,
2024-03-31 15:00:00,110.0,1.27,
2024-03-31 16:00:00,117.0,1.25,
2024-03-31 17:00:00,143.0,1.23,
2024-03-31 18:00:00,106.0,1.25,
2024-03-31 19:00:00,99.0,1.25,
2024-03-31 20:00:00,101.0,1.2,
2024-03-31 21:00:00,107.0,1.27,
2024-03-31 22:00:00,121.0,1.23,
2024-03-31 23:00:00,94.0,1.27,
2024-04-01 00:00:00,77.0,1.18,
2024-04-01 01:00:00,83.0,1.35,
2024-04-01 02:00:00,73.0,1.2,
2024-04-01 03:00:00,66.0,1.02,
2024-04-01 04:00:00,62.0,1.25,
2024-04-01 05:00:00,89.0,1.2,
2024-04-01 06:00:00,189.0,1.42,
2024-04-01 07:00:00,180.0,1.18,
2024-04-01 08:00:00,184.0,1.2,
2024-04-01 09:00:00,197.0,1.23,
2024-04-01 10:00:00,140.0,1.2,
2024-04-01 11:00:00,117.0,1.27,
2024-04-01 12:00:00,134.0,1.27,
2024-04-01 13:00:00,108.0,1.23,
2024-04-01 14:00:00,105.0,1.27,
2024-04-01 15:00:00,95.75,1.23,
2024-04-01 16:00:00,117.0,1.23,
2024-04-01 17:00:00,130.0,1.25,
2024-04-01 18:00:00,104.5,1.27,
2024-04-01 19:00:00,103.5,1.25,
2024-04-01 20:00:00,114.75,1.02,
2024-04-01 21:00:00,116.75,1.58,
2024-04-01 22:00:00,113.25,1.7,
2024-04-01 23:00:00,104.25,1.7,
2024-04-02 00:00:00,98.75,1.7,
2024-04-02 01:00:00,87.5,1.7,
2024-04-02 02:00:00,83.0,1.7,
2024-04-02 03:00:00,81.5,1.7,
2024-04-02 04:00:00,81.5,1.7,
2024-04-02 05:00:00,103.75,1.7,
2024-04-02 06:00:00,143.5,1.7,
2024-04-02 07:00:00,180.0,1.45,
2024-04-02 08:00:00,166.75,1.27,
2024-04-02 09:00:00,150.75,1.23,
2024-04-02 10:00:00,113.25,1.23,
2024-04-02 11:00:00,112.75,1.25,
2024-04-02 12:00:00,113.5,1.3,
2024-04-02 13:00:00,105.25,1.25,
2024-04-02 14:00:00,122.75,1.25,
2024-04-02 15:00:00,126.25,1.23,
2024-04-02 16:00:00,113.75,1.27,
2024-04-02 17:00:00,92.0,1.3,
2024-04-02 18:00:00,94.5,1.25,
2024-04-02 19:00:00,99.5,1.65,
2024-04-02 20:00:00,93.75,1.7,
2024-04-02 21:00:00,109.25,1.7,
2024-04-02 22:00:00,145.75,1.7,
2024-04-02 23:00:00,154.75,1.7,
2024-04-03 00:00:00,127.75,1.7,
2024-04-03 01:00:00,121.75,1.7,
2024-04-03 02:00:00,127.75,1.7,
2024-04-03 03:00:00,140.25,1.7,
2024-04-03 04:00:00,137.5,1.7,
2024-04-03 05:00:00,121.0,1.7,270.0
2024-04-03 06:00:00,137.75,1.7,282.5
2024-04-03 07:00:00,176.75,1.7,295.0
2024-04-03 08:00:00,221.75,1.15,307.5
2024-04-03 09:00:00,202.75,1.52,
2024-04-03 10:00:00,159.25,1.25,
2024-04-03 11:00:00,131.0,1.58,345.0
2024-04-03 12:00:00,106.5,1.5,219.0
2024-04-03 13:00:00,101.25,1.45,265.0
2024-04-03 14:00:00,96.5,1.4,236.67
2024-04-03 15:00:00,120.75,1.45,275.835
2024-04-03 16:00:00,128.75,1.5,315.0
2024-04-03 17:00:00,118.5,1.3,214.165
2024-04-03 18:00:00,153.75,0.3,113.33
2024-04-03 19:00:00,183.25,0.3,82.5
2024-04-03 20:00:00,192.5,0.3,71.0
2024-04-03 21:00:00,225.75,0.3,71.0
2024-04-03 22:00:00,253.5,0.3,134.33
2024-04-03 23:00:00,262.75,0.3,243.0
2024-04-04 00:00:00,249.75,0.3,238.9375
2024-04-04 01:00:00,235.5,0.3,234.875
2024-04-04 02:00:00,183.5,0.38,230.8125
2024-04-04 03:00:00,137.5,0.3,
2024-04-04 04:00:00,91.5,0.3,
2024-04-04 05:00:00,61.0,0.3,
2024-04-04 06:00:00,81.5,1.58,
2024-04-04 07:00:00,143.0,1.7,210.5
2024-04-04 08:00:00,220.5,1.7,200.25
2024-04-04 09:00:00,128.75,1.32,190.0
2024-04-04 10:00:00,139.25,1.42,333.0
2024-04-04 11:00:00,162.75,1.23,248.0
2024-04-04 12:00:00,125.25,1.2,224.0625
2024-04-04 13:00:00,106.25,1.2,200.125
2024-04-04 14:00:00,108.75,1.35,176.1875
2024-04-04 15:00:00,105.0,1.18,
2024-04-04 16:00:00,97.5,1.27,
2024-04-04 17:00:00,80.0,1.27,
2024-04-04 18:00:00,131.25,1.62,
2024-04-04 19:00:00,220.5,1.7,56.5
2024-04-04 20:00:00,174.75,1.7,3.25
2024-04-04 21:00:00,211.5,1.7,6.0
2024-04-04 22:00:00,209.75,1.7,105.5
2024-04-04 23:00:00,210.75,1.7,105.0
2024-04-05 00:00:00,183.5,1.7,104.5
2024-04-05 01:00:00,163.5,1.52,87.5
2024-04-05 02:00:00,147.25,1.27,117.915
2024-04-05 03:00:00,129.5,1.7,148.33
2024-04-05 04:00:00,132.0,1.22,181.33
2024-04-05 05:00:00,141.5,0.3,180.76340000000002
2024-04-05 06:00:00,159.25,1.2,180.19680000000002
2024-04-05 07:00:00,250.25,1.7,179.6302
2024-04-05 08:00:00,267.5,1.5,
2024-04-05 09:00:00,179.75,1.3,
2024-04-05 10:00:00,161.75,1.23,
2024-04-05 11:00:00,124.5,1.25,
2024-04-05 12:00:00,123.0,1.25,
2024-04-05 13:00:00,152.75,1.27,
2024-04-05 14:00:00,149.0,1.25,
2024-04-05 15:00:00,106.25,1.25,
2024-04-05 16:00:00,88.25,1.23,
2024-04-05 17:00:00,102.25,1.08,
2024-04-05 18:00:00,138.0,1.38,
2024-04-05 19:00:00,175.5,1.6,
2024-04-05 20:00:00,175.5,0.62,
2024-04-05 21:00:00,212.25,0.98,
2024-04-05 22:00:00,198.5,1.42,
2024-04-05 23:00:00,172.5,1.12,
2024-04-06 00:00:00,119.5,1.17,
2024-04-06 01:00:00,131.5,1.15,
2024-04-06 02:00:00,158.75,1.2,
2024-04-06 03:00:00,184.5,0.3,
2024-04-06 04:00:00,134.75,0.3,
2024-04-06 05:00:00,137.25,0.3,
2024-04-06 06:00:00,179.25,1.7,
2024-04-06 07:00:00,212.75,1.3,
2024-04-06 08:00:00,252.75,1.25,
2024-04-06 09:00:00,201.0,1.25,
2024-04-06 10:00:00,168.5,1.25,
2024-04-06 11:00:00,131.5,1.3,
2024-04-06 12:00:00,146.0,1.3,
2024-04-06 13:00:00,246.5,1.32,
2024-04-06 14:00:00,112.25,1.25,
2024-04-06 15:00:00,125.75,1.27,
2024-04-06 16:00:00,115.5,1.3,
2024-04-06 17:00:00,113.5,1.25,
2024-04-06 18:00:00,130.75,1.23,
2024-04-06 19:00:00,105.75,1.7,
2024-04-06 20:00:00,114.0,1.7,
2024-04-06 21:00:00,142.5,1.7,
2024-04-06 22:00:00,144.25,1.52,
2024-04-06 23:00:00,145.5,1.7,
2024-04-07 00:00:00,164.0,1.7,
2024-04-07 01:00:00,132.75,1.7,
2024-04-07 02:00:00,131.75,1.7,
2024-04-07 03:00:00,149.5,1.7,
2024-04-07 04:00:00,179.75,1.7,
2024-04-07 05:00:00,190.0,1.7,
2024-04-07 06:00:00,224.75,1.7,153.0
2024-04-07 07:00:00,296.0,1.38,152.86486486486487
2024-04-07 08:00:00,319.75,1.23,152.72972972972974
2024-04-07 09:00:00,280.5,1.27,152.59459459459458
2024-04-07 10:00:00,234.0,1.12,
2024-04-07 11:00:00,110.25,1.32,
2024-04-07 12:00:00,85.75,1.27,
2024-04-07 13:00:00,71.25,1.25,
2024-04-07 14:00:00,65.25,1.25,
2024-04-07 15:00:00,64.25,1.25,
2024-04-07 16:00:00,67.5,1.3,
2024-04-07 17:00:00,66.0,1.2,
2024-04-07 18:00:00,64.75,1.42,
2024-04-07 19:00:00,75.5,1.7,
2024-04-07 20:00:00,132.5,1.7,
2024-04-07 21:00:00,174.0,1.7,
2024-04-07 22:00:00,201.25,1.7,
2024-04-07 23:00:00,285.5,1.7,
2024-04-08 00:00:00,348.0,1.7,
2024-04-08 01:00:00,377.25,1.7,
2024-04-08 02:00:00,206.75,1.7,
2024-04-08 03:00:00,186.75,1.7,
2024-04-08 04:00:00,180.0,1.7,
2024-04-08 05:00:00,173.75,1.7,
2024-04-08 06:00:00,199.5,1.7,
2024-04-08 07:00:00,266.75,1.7,
2024-04-08 08:00:00,302.75,1.4,
2024-04-08 09:00:00,282.0,1.3,
2024-04-08 10:00:00,252.5,1.2,
2024-04-08 11:00:00,122.25,1.25,
2024-04-08 12:00:00,112.0,1.3,
2024-04-08 13:00:00,125.0,1.25,
2024-04-08 14:00:00,104.0,1.25,
2024-04-08 15:00:00,106.0,1.27,
2024-04-08 16:00:00,99.0,1.27,
2024-04-08 17:00:00,131.5,1.27,
2024-04-08 18:00:00,113.0,1.6,
2024-04-08 19:00:00,130.75,1.7,148.0
2024-04-08 20:00:00,100.0,1.7,194.0
2024-04-08 21:00:00,119.5,1.7,184.66666666666666
2024-04-08 22:00:00,133.75,1.7,175.33333333333334
2024-04-08 23:00:00,157.25,1.7,166.0
2024-04-09 00:00:00,145.0,1.7,
2024-04-09 01:00:00,164.75,1.7,
2024-04-09 02:00:00,180.0,1.7,
2024-04-09 03:00:00,182.25,1.7,
2024-04-09 04:00:00,180.75,1.7,
2024-04-09 05:00:00,181.0,1.6,110.0
2024-04-09 06:00:00,187.0,0.88,333.0
2024-04-09 07:00:00,258.25,1.7,325.5
2024-04-09 08:00:00,332.75,1.7,318.0
2024-04-09 09:00:00,223.5,1.7,176.0
2024-04-09 10:00:00,164.5,1.65,138.5
2024-04-09 11:00:00,124.75,1.32,101.0
2024-04-09 12:00:00,118.75,1.23,292.0
2024-04-09 13:00:00,115.5,1.32,268.6
2024-04-09 14:00:00,95.5,1.27,245.2
2024-04-09 15:00:00,79.5,1.2,221.8
2024-04-09 16:00:00,69.25,1.03,
2024-04-09 17:00:00,95.0,0.98,175.0
2024-04-09 18:00:00,118.25,0.92,179.5
2024-04-09 19:00:00,137.5,1.7,150.5
2024-04-09 20:00:00,163.75,1.7,150.0
2024-04-09 21:00:00,138.5,1.7,100.5
2024-04-09 22:00:00,175.0,1.7,70.0
2024-04-09 23:00:00,211.5,1.7,70.5
2024-04-10 00:00:00,223.75,1.7,67.25
2024-04-10 01:00:00,228.25,1.7,114.5
2024-04-10 02:00:00,225.25,1.7,122.0
2024-04-10 03:00:00,216.25,1.7,139.25
2024-04-10 04:00:00,196.25,1.7,136.0
2024-04-10 05:00:00,197.0,1.7,159.25
2024-04-10 06:00:00,203.25,1.7,117.0
2024-04-10 07:00:00,275.75,1.7,66.0
2024-04-10 08:00:00,406.75,0.98,93.5
2024-04-10 09:00:00,304.0,0.55,163.25
2024-04-10 10:00:00,257.0,1.2,134.0
2024-04-10 11:00:00,200.25,1.18,140.5
2024-04-10 12:00:00,127.0,1.32,194.5
2024-04-10 13:00:00,120.5,1.25,234.0
2024-04-10 14:00:00,118.25,1.23,244.5
2024-04-10 15:00:00,116.0,1.15,199.0
2024-04-10 16:00:00,116.5,1.35,237.33
2024-04-10 17:00:00,126.5,1.52,156.5
2024-04-10 18:00:00,172.0,1.7,136.33
2024-04-10 19:00:00,226.0,1.42,122.5
2024-04-10 20:00:00,220.25,1.42,245.0
2024-04-10 21:00:00,246.0,1.7,141.0
2024-04-10 22:00:00,221.25,1.7,109.25
2024-04-10 23:00:00,240.25,1.7,108.0
2024-04-11 00:00:00,220.5,1.7,113.0
2024-04-11 01:00:00,228.0,1.65,122.75
2024-04-11 02:00:00,262.0,1.7,130.5625
2024-04-11 03:00:00,217.25,1.7,138.375
2024-04-11 04:00:00,179.5,1.7,146.1875
2024-04-11 05:00:00,170.75,1.65,154.0
2024-04-11 06:00:00,182.5,1.7,165.67
2024-04-11 07:00:00,249.75,1.7,100.75
2024-04-11 08:00:00,312.0,1.13,296.5
2024-04-11 09:00:00,310.0,1.2266666666666666,271.0833333333333
2024-04-11 10:00:00,308.0,1.3233333333333333,245.66666666666666
2024-04-11 11:00:00,306.0,1.42,220.25
2024-04-11 12:00:00,122.0,1.27,250.75
2024-04-11 13:00:00,119.0,1.27,229.25
2024-04-11 14:00:00,101.0,1.18,135.0
2024-04-11 15:00:00,105.0,1.15,183.0
2024-04-11 16:00:00,105.0,1.18,110.75
2024-04-11 17:00:00,151.0,0.95,203.0
2024-04-11 18:00:00,129.0,1.7,82.5
2024-04-11 19:00:00,144.0,1.7,61.0
2024-04-11 20:00:00,168.0,1.4,267.0
2024-04-11 21:00:00,256.0,1.3,249.2
2024-04-11 22:00:00,167.0,1.7,231.4
2024-04-11 23:00:00,127.0,1.7,213.6
2024-04-12 00:00:00,105.0,1.7,
2024-04-12 01:00:00,129.0,1.7,
2024-04-12 02:00:00,124.0,1.7,
2024-04-12 03:00:00,138.0,1.7,
2024-04-12 04:00:00,194.0,1.7,
2024-04-12 05:00:00,189.0,1.45,
2024-04-12 06:00:00,189.0,0.3,89.0
2024-04-12 07:00:00,219.0,0.3,169.33
2024-04-12 08:00:00,394.0,1.55,207.0
2024-04-12 09:00:00,417.0,1.55,258.5
2024-04-12 10:00:00,306.0,1.15,184.75
2024-04-12 11:00:00,306.0,1.2,195.5
2024-04-12 12:00:00,282.0,1.35,243.0
2024-04-12 13:00:00,177.0,1.23,345.0
2024-04-12 14:00:00,106.0,1.55,114.0
2024-04-12 15:00:00,103.0,1.27,204.5
2024-04-12 16:00:00,85.0,1.05,129.0
2024-04-12 17:00:00,88.0,0.3,119.25
2024-04-12 18:00:00,129.0,1.12,68.0
2024-04-12 19:00:00,169.0,1.7,99.25
2024-04-12 20:00:00,229.0,1.7,96.5
2024-04-12 21:00:00,257.0,1.7,95.25
2024-04-12 22:00:00,243.0,1.7,96.0
2024-04-12 23:00:00,248.0,1.7,96.0
2024-04-13 00:00:00,228.0,0.52,72.5
2024-04-13 01:00:00,206.0,0.5,108.5
2024-04-13 02:00:00,195.0,0.38,239.67
2024-04-13 03:00:00,186.0,1.4,224.33
2024-04-13 04:00:00,164.0,0.78,249.0
2024-04-13 05:00:00,113.0,1.42,184.0
2024-04-13 06:00:00,123.0,1.7,231.25
2024-04-13 07:00:00,169.0,1.62,281.33
2024-04-13 08:00:00,162.5,0.9,316.33
2024-04-13 09:00:00,121.75,1.05,311.91499999999996
2024-04-13 10:00:00,112.0,1.25,307.5
2024-04-13 11:00:00,85.0,1.22,220.33
2024-04-13 12:00:00,97.5,1.25,112.75
2024-04-13 13:00:00,136.0,1.3,119.75
2024-04-13 14:00:00,130.0,1.2,107.0
2024-04-13 15:00:00,113.5,1.15,101.75
2024-04-13 16:00:00,156.75,1.05,244.0
2024-04-13 17:00:00,291.0,1.23,247.66666666666666
2024-04-13 18:00:00,154.75,1.35,251.33333333333334
2024-04-13 19:00:00,76.5,1.4,255.0
2024-04-13 20:00:00,77.0,1.7,
2024-04-13 21:00:00,101.0,1.4,
2024-04-13 22:00:00,129.0,1.3,
2024-04-13 23:00:00,59.75,1.4,
2024-04-14 00:00:00,58.75,1.27,
2024-04-14 01:00:00,87.75,1.23,277.0
2024-04-14 02:00:00,96.0,1.23,301.0
2024-04-14 03:00:00,92.25,1.25,255.5
2024-04-14 04:00:00,87.25,1.12,132.25
2024-04-14 05:00:00,108.75,1.6,124.0
2024-04-14 06:00:00,117.0,1.32,147.0
2024-04-14 07:00:00,115.25,1.42,170.0
2024-04-14 08:00:00,122.0,1.3,188.0
2024-04-14 09:00:00,163.5,1.27,206.0
2024-04-14 10:00:00,199.0,1.25,224.0
2024-04-14 11:00:00,175.0,1.23,233.5
2024-04-14 12:00:00,168.5,1.32,243.0
2024-04-14 13:00:00,137.0,1.3,130.75
2024-04-14 14:00:00,94.5,1.25,104.0
2024-04-14 15:00:00,77.25,1.15,100.25
2024-04-14 16:00:00,80.0,1.27,78.75
2024-04-14 17:00:00,68.5,0.42,81.5
2024-04-14 18:00:00,70.0,0.32,75.125
2024-04-14 19:00:00,98.25,0.3,68.75
2024-04-14 20:00:00,129.0,0.3,62.375
2024-04-14 21:00:00,123.0,0.3,56.0
2024-04-14 22:00:00,138.0,0.3,60.33
2024-04-14 23:00:00,145.0,0.3,85.93636363636364
2024-04-15 00:00:00,146.0,0.3,111.54272727272728
2024-04-15 01:00:00,176.75,0.3,137.14909090909092
2024-04-15 02:00:00,206.5,0.3,
2024-04-15 03:00:00,208.0,0.3,
2024-04-15 04:00:00,175.5,0.3,
2024-04-15 05:00:00,157.25,0.32,
2024-04-15 06:00:00,161.0,0.3,
2024-04-15 07:00:00,201.75,0.3,
2024-04-15 08:00:00,249.0,0.3,
2024-04-15 09:00:00,241.0,0.95,342.0
2024-04-15 10:00:00,189.0,1.18,175.0
2024-04-15 11:00:00,155.0,1.0,195.0
2024-04-15 12:00:00,136.0,1.23,222.5
2024-04-15 13:00:00,153.0,1.1,250.0
2024-04-15 14:00:00,195.0,1.18,251.33333333333334
2024-04-15 15:00:00,164.0,1.3,252.66666666666666
2024-04-15 16:00:00,125.0,0.55,254.0
2024-04-15 17:00:00,92.0,1.58,223.5
2024-04-15 18:00:00,112.0,1.6,108.25
2024-04-15 19:00:00,146.0,1.7,78.33
2024-04-15 20:00:00,162.0,1.7,78.43098591549295
2024-04-15 21:00:00,166.0,1.7,78.53197183098591
2024-04-15 22:00:00,186.0,1.7,78.63295774647887
2024-04-15 23:00:00,249.0,1.7,
2024-04-16 00:00:00,249.0,1.7,
2024-04-16 01:00:00,219.0,1.7,
2024-04-16 02:00:00,244.0,1.2,
2024-04-16 03:00:00,266.0,0.3,
2024-04-16 04:00:00,255.0,0.3,
2024-04-16 05:00:00,244.0,1.23,
2024-04-16 06:00:00,240.0,1.27,
2024-04-16 07:00:00,296.0,1.25,
2024-04-16 08:00:00,311.0,1.3,
2024-04-16 09:00:00,241.0,1.2,
2024-04-16 10:00:00,200.0,1.25,
2024-04-16 11:00:00,143.0,1.27,
2024-04-16 12:00:00,86.5,1.25,
2024-04-16 13:00:00,77.5,1.25,
2024-04-16 14:00:00,75.75,1.23,
2024-04-16 15:00:00,86.0,1.25,
2024-04-16 16:00:00,89.75,1.27,
2024-04-16 17:00:00,88.75,1.25,
2024-04-16 18:00:00,115.25,1.27,
2024-04-16 19:00:00,144.0,1.55,
2024-04-16 20:00:00,144.75,1.38,
2024-04-16 21:00:00,136.5,1.32,
2024-04-16 22:00:00,129.5,1.27,
2024-04-16 23:00:00,118.5,1.27,
2024-04-17 00:00:00,105.0,1.3,
2024-04-17 01:00:00,91.5,1.25,
2024-04-17 02:00:00,75.25,1.3,
2024-04-17 03:00:00,67.0,1.05,
2024-04-17 04:00:00,67.25,1.42,
2024-04-17 05:00:00,72.0,1.58,
2024-04-17 06:00:00,87.25,1.1,
2024-04-17 07:00:00,104.5,1.32,
2024-04-17 08:00:00,128.25,1.27,
2024-04-17 09:00:00,129.25,1.23,
2024-04-17 10:00:00,117.0,1.3,
2024-04-17 11:00:00,104.25,1.27,
2024-04-17 12:00:00,105.75,1.3,
2024-04-17 13:00:00,114.5,1.27,
2024-04-17 14:00:00,112.25,1.3,
2024-04-17 15:00:00,177.75,1.27,
2024-04-17 16:00:00,276.25,1.3,
2024-04-17 17:00:00,123.75,1.27,
2024-04-17 18:00:00,123.5,1.23,
2024-04-17 19:00:00,130.5,1.27,
2024-04-17 20:00:00,143.5,1.2,
2024-04-17 21:00:00,130.25,1.1,
2024-04-17 22:00:00,128.0,1.55,
2024-04-17 23:00:00,147.5,1.5,
2024-04-18 00:00:00,161.0,1.27,
2024-04-18 01:00:00,188.75,1.0,
2024-04-18 02:00:00,186.0,1.2,
2024-04-18 03:00:00,170.0,1.7,
2024-04-18 04:00:00,166.75,1.7,
2024-04-18 05:00:00,180.5,1.45,
2024-04-18 06:00:00,240.25,0.3,
2024-04-18 07:00:00,293.25,0.68,
2024-04-18 08:00:00,291.75,1.27,
2024-04-18 09:00:00,235.0,1.25,
2024-04-18 10:00:00,177.25,1.23,
2024-04-18 11:00:00,128.75,1.23,
2024-04-18 12:00:00,119.0,1.23,
2024-04-18 13:00:00,98.0,1.3,
2024-04-18 14:00:00,86.75,1.3,
2024-04-18 15:00:00,81.25,1.18,
2024-04-18 16:00:00,88.0,1.3,
2024-04-18 17:00:00,103.5,0.48,
2024-04-18 18:00:00,125.25,0.35,85.5
2024-04-18 19:00:00,147.75,1.35,302.5
2024-04-18 20:00:00,203.25,1.38,299.67857142857144
2024-04-18 21:00:00,203.5,1.7,296.85714285714283
2024-04-18 22:00:00,133.25,1.7,294.0357142857143
2024-04-18 23:00:00,141.0,1.7,
2024-04-19 00:00:00,134.25,1.7,
2024-04-19 01:00:00,136.25,1.7,
2024-04-19 02:00:00,152.5,1.7,
2024-04-19 03:00:00,158.5,1.7,
2024-04-19 04:00:00,144.75,1.52,
2024-04-19 05:00:00,151.5,0.95,
2024-04-19 06:00:00,180.75,1.1,
2024-04-19 07:00:00,209.5,1.15,
2024-04-19 08:00:00,235.0,1.18,
2024-04-19 09:00:00,221.75,1.25,
2024-04-19 10:00:00,180.0,1.3,
2024-04-19 11:00:00,165.25,1.1,
2024-04-19 12:00:00,136.25,1.27,
2024-04-19 13:00:00,123.75,1.3,
2024-04-19 14:00:00,108.75,1.25,
2024-04-19 15:00:00,100.0,1.42,
2024-04-19 16:00:00,95.75,1.25,243.25
2024-04-19 17:00:00,103.25,1.4,243.5
2024-04-19 18:00:00,114.25,1.7,121.0
2024-04-19 19:00:00,143.0,1.7,142.0
2024-04-19 20:00:00,196.25,1.7,143.57142857142858
2024-04-19 21:00:00,220.0,1.68,145.14285714285714
2024-04-19 22:00:00,273.0,1.4,146.71428571428572
2024-04-19 23:00:00,359.25,1.7,
2024-04-20 00:00:00,351.25,1.7,
2024-04-20 01:00:00,336.5,1.3,
2024-04-20 02:00:00,317.25,0.3,153.0
2024-04-20 03:00:00,218.0,1.52,153.0952380952381
2024-04-20 04:00:00,155.75,1.7,153.1904761904762
2024-04-20 05:00:00,141.0,1.7,153.28571428571428
2024-04-20 06:00:00,155.25,1.65,
2024-04-20 07:00:00,220.5,1.32,
2024-04-20 08:00:00,292.25,1.2,
2024-04-20 09:00:00,212.75,1.27,
2024-04-20 10:00:00,176.5,1.25,
2024-04-20 11:00:00,176.5,1.3,
2024-04-20 12:00:00,205.0,1.27,
2024-04-20 13:00:00,210.0,1.38,
2024-04-20 14:00:00,165.75,1.4,
2024-04-20 15:00:00,149.0,1.18,
2024-04-20 16:00:00,145.25,1.23,
2024-04-20 17:00:00,146.25,1.3,
2024-04-20 18:00:00,155.0,1.35,
2024-04-20 19:00:00,145.25,1.25,
2024-04-20 20:00:00,122.0,1.23,
2024-04-20 21:00:00,110.25,1.23,
2024-04-20 22:00:00,103.25,1.2,
2024-04-20 23:00:00,107.25,1.42,
2024-04-21 00:00:00,109.0,0.65,
2024-04-21 01:00:00,112.0,1.12,
2024-04-21 02:00:00,111.75,1.38,
2024-04-21 03:00:00,111.25,1.65,
2024-04-21 04:00:00,110.5,1.35,
2024-04-21 05:00:00,103.0,0.9,
2024-04-21 06:00:00,93.0,0.6,
2024-04-21 07:00:00,98.25,1.15,
2024-04-21 08:00:00,133.75,1.27,
2024-04-21 09:00:00,162.75,1.15,
2024-04-21 10:00:00,137.75,1.23,
2024-04-21 11:00:00,98.0,1.3,
2024-04-21 12:00:00,119.25,1.3,
2024-04-21 13:00:00,123.5,1.3,
2024-04-21 14:00:00,106.5,1.25,
2024-04-21 15:00:00,101.5,1.27,
2024-04-21 16:00:00,87.5,1.3,
2024-04-21 17:00:00,77.75,1.2,
2024-04-21 18:00:00,81.5,1.35,
2024-04-21 19:00:00,88.75,1.7,
2024-04-21 20:00:00,103.0,1.7,157.0
2024-04-21 21:00:00,129.5,1.7,21.33
2024-04-21 22:00:00,160.0,1.7,322.0
2024-04-21 23:00:00,174.75,1.7,314.01178571428574
2024-04-22 00:00:00,176.25,1.7,306.0235714285714
2024-04-22 01:00:00,166.75,1.65,298.03535714285715
2024-04-22 02:00:00,147.25,1.27,
2024-04-22 03:00:00,199.0,1.25,
2024-04-22 04:00:00,75.5,1.25,
2024-04-22 05:00:00,28.5,1.35,
2024-04-22 06:00:00,28.75,1.5,
2024-04-22 07:00:00,37.25,1.42,
2024-04-22 08:00:00,53.5,1.08,
2024-04-22 09:00:00,69.25,1.1,
2024-04-22 10:00:00,59.5,1.0,
2024-04-22 11:00:00,60.0,1.27,
2024-04-22 12:00:00,50.5,1.32,
2024-04-22 13:00:00,57.75,1.3,
2024-04-22 14:00:00,54.75,1.3,
2024-04-22 15:00:00,47.75,1.15,
2024-04-22 16:00:00,52.5,1.25,
2024-04-22 17:00:00,65.0,1.23,
2024-04-22 18:00:00,62.25,0.98,
2024-04-22 19:00:00,95.0,0.6,
2024-04-22 20:00:00,107.25,0.3,
2024-04-22 21:00:00,108.0,0.3,
2024-04-22 22:00:00,135.75,0.3,
2024-04-22 23:00:00,140.0,0.3,
2024-04-23 00:00:00,146.75,0.3,
2024-04-23 01:00:00,153.25,0.3,
2024-04-23 02:00:00,159.25,0.3,98.33
2024-04-23 03:00:00,143.25,0.3,47.5
2024-04-23 04:00:00,148.25,0.52,262.0
2024-04-23 05:00:00,129.75,0.8,313.0
2024-04-23 06:00:00,148.25,1.7,312.5
2024-04-23 07:00:00,175.25,0.9,312.0
2024-04-23 08:00:00,214.5,1.05,311.5
2024-04-23 09:00:00,192.25,1.18,
2024-04-23 10:00:00,159.75,1.23,
2024-04-23 11:00:00,171.75,1.23,
2024-04-23 12:00:00,179.0,1.27,
2024-04-23 13:00:00,164.25,1.32,
2024-04-23 14:00:00,159.0,1.23,
2024-04-23 15:00:00,195.5,1.18,308.0
2024-04-23 16:00:00,257.5,1.1,291.5
2024-04-23 17:00:00,375.0,1.15,167.0
2024-04-23 18:00:00,703.5,1.52,205.0
2024-04-23 19:00:00,85.5,0.95,121.25
2024-04-23 20:00:00,108.75,0.95,105.5
2024-04-23 21:00:00,111.25,1.45,60.0
2024-04-23 22:00:00,115.0,1.7,183.0
2024-04-23 23:00:00,121.25,1.7,185.34375
2024-04-24 00:00:00,112.75,1.7,187.6875
2024-04-24 01:00:00,113.25,1.7,190.03125
2024-04-24 02:00:00,118.5,1.7,
2024-04-24 03:00:00,122.0,1.7,
2024-04-24 04:00:00,115.0,1.7,
2024-04-24 05:00:00,116.75,1.7,
2024-04-24 06:00:00,160.25,1.7,
2024-04-24 07:00:00,183.75,1.52,
2024-04-24 08:00:00,217.25,1.1,
2024-04-24 09:00:00,154.75,1.12,
2024-04-24 10:00:00,115.0,1.18,
2024-04-24 11:00:00,109.75,1.38,
2024-04-24 12:00:00,116.0,1.27,
2024-04-24 13:00:00,109.25,1.35,
2024-04-24 14:00:00,124.25,1.15,
2024-04-24 15:00:00,87.75,1.3,
2024-04-24 16:00:00,64.25,1.2,
2024-04-24 17:00:00,60.75,1.3,
2024-04-24 18:00:00,69.25,0.7,
2024-04-24 19:00:00,86.75,0.3,
2024-04-24 20:00:00,134.25,0.3,
2024-04-24 21:00:00,198.25,0.3,
2024-04-24 22:00:00,171.75,0.3,
2024-04-24 23:00:00,172.5,0.3,
2024-04-25 00:00:00,178.75,0.3,
2024-04-25 01:00:00,197.75,0.3,
2024-04-25 02:00:00,217.0,0.3,
2024-04-25 03:00:00,152.5,0.3,
2024-04-25 04:00:00,159.25,0.3,
2024-04-25 05:00:00,164.5,0.3,
2024-04-25 06:00:00,160.0,0.3,258.0
2024-04-25 07:00:00,231.5,0.3,260.4074074074074
2024-04-25 08:00:00,302.25,1.38,262.81481481481484
2024-04-25 09:00:00,301.0,1.27,265.22222222222223
2024-04-25 10:00:00,274.0,1.18,
2024-04-25 11:00:00,132.0,1.27,
2024-04-25 12:00:00,125.75,1.35,
2024-04-25 13:00:00,84.25,1.18,
2024-04-25 14:00:00,72.0,1.23,
2024-04-25 15:00:00,76.75,1.27,
2024-04-25 16:00:00,71.5,1.27,
2024-04-25 17:00:00,67.75,1.32,
2024-04-25 18:00:00,80.5,1.3,
2024-04-25 19:00:00,117.0,1.7,
2024-04-25 20:00:00,133.5,1.7,
2024-04-25 21:00:00,148.25,1.7,
2024-04-25 22:00:00,183.0,1.7,
2024-04-25 23:00:00,197.25,1.7,
2024-04-26 00:00:00,200.0,1.7,
2024-04-26 01:00:00,195.75,1.7,
2024-04-26 02:00:00,205.0,1.7,
2024-04-26 03:00:00,159.5,1.7,
2024-04-26 04:00:00,149.75,1.7,
2024-04-26 05:00:00,155.5,1.7,
2024-04-26 06:00:00,174.75,1.7,
2024-04-26 07:00:00,207.25,1.7,
2024-04-26 08:00:00,206.0,1.58,
2024-04-26 09:00:00,143.5,1.38,323.0
2024-04-26 10:00:00,133.25,0.98,249.0
2024-04-26 11:00:00,121.25,0.55,228.0
2024-04-26 12:00:00,106.75,1.12,207.0
2024-04-26 13:00:00,98.0,1.27,339.0
2024-04-26 14:00:00,100.0,1.32,310.0
2024-04-26 15:00:00,92.75,1.4,281.0
2024-04-26 16:00:00,78.5,1.27,252.0
2024-04-26 17:00:00,85.25,0.38,100.0
2024-04-26 18:00:00,125.0,1.42,168.0
2024-04-26 19:00:00,141.25,1.2,185.67
2024-04-26 20:00:00,128.25,1.25,121.67
2024-04-26 21:00:00,104.25,1.25,154.0
2024-04-26 22:00:00,103.0,1.52,259.0
2024-04-26 23:00:00,102.25,0.98,301.5
2024-04-27 00:00:00,86.5,0.75,344.0
2024-04-27 01:00:00,74.0,1.7,152.5
2024-04-27 02:00:00,78.0,1.7,82.0
2024-04-27 03:00:00,83.0,1.7,86.0
2024-04-27 04:00:00,93.75,1.7,73.75
2024-04-27 05:00:00,112.0,1.7,127.5
2024-04-27 06:00:00,126.0,1.7,158.0
2024-04-27 07:00:00,127.5,1.25,163.8235294117647
2024-04-27 08:00:00,145.75,1.35,169.64705882352942
2024-04-27 09:00:00,258.25,1.12,175.47058823529412
2024-04-27 10:00:00,307.5,1.2,
2024-04-27 11:00:00,280.25,1.27,
2024-04-27 12:00:00,213.25,1.3,
2024-04-27 13:00:00,194.25,1.15,
2024-04-27 14:00:00,203.75,1.32,
2024-04-27 15:00:00,194.0,1.3,
2024-04-27 16:00:00,279.0,1.27,
2024-04-27 17:00:00,276.5,1.3,
2024-04-27 18:00:00,260.25,1.23,
2024-04-27 19:00:00,224.75,1.4,
2024-04-27 20:00:00,194.25,1.7,
2024-04-27 21:00:00,187.0,1.7,
2024-04-27 22:00:00,199.25,1.12,
2024-04-27 23:00:00,204.25,0.52,257.0
2024-04-28 00:00:00,131.5,1.7,248.0
2024-04-28 01:00:00,115.5,1.7,132.0
2024-04-28 02:00:00,108.75,1.7,105.5
2024-04-28 03:00:00,111.75,1.7,127.0
2024-04-28 04:00:00,113.0,1.48,148.5
2024-04-28 05:00:00,110.0,1.05,170.0
2024-04-28 06:00:00,113.25,1.7,
2024-04-28 07:00:00,124.5,1.7,
2024-04-28 08:00:00,130.25,1.7,
2024-04-28 09:00:00,133.75,1.7,
2024-04-28 10:00:00,132.0,1.27,
2024-04-28 11:00:00,125.75,0.98,299.0
2024-04-28 12:00:00,112.25,1.48,176.0
2024-04-28 13:00:00,112.25,1.38,163.05555555555554
2024-04-28 14:00:00,139.25,1.3,150.11111111111111
2024-04-28 15:00:00,119.5,1.25,137.16666666666666
2024-04-28 16:00:00,120.0,1.38,
2024-04-28 17:00:00,115.25,1.55,
2024-04-28 18:00:00,110.25,1.7,
2024-04-28 19:00:00,116.75,1.7,
2024-04-28 20:00:00,142.5,1.7,
2024-04-28 21:00:00,171.5,1.7,59.5
2024-04-28 22:00:00,186.75,1.7,82.0
2024-04-28 23:00:00,200.5,1.7,66.75
2024-04-29 00:00:00,202.25,1.7,44.0
2024-04-29 01:00:00,208.0,1.7,46.0
2024-04-29 02:00:00,192.5,1.7,25.25
2024-04-29 03:00:00,179.25,1.7,24.0
2024-04-29 04:00:00,170.5,1.7,51.0
2024-04-29 05:00:00,168.75,1.7,147.0
2024-04-29 06:00:00,182.0,1.7,158.32142857142858
2024-04-29 07:00:00,224.0,1.7,169.64285714285714
2024-04-29 08:00:00,243.0,1.27,180.96428571428572
2024-04-29 09:00:00,290.5,1.1,
2024-04-29 10:00:00,236.0,1.25,
2024-04-29 11:00:00,168.75,1.12,
2024-04-29 12:00:00,195.75,1.3,226.25
2024-04-29 13:00:00,178.75,1.35,155.0
2024-04-29 14:00:00,175.0,1.15,156.0
2024-04-29 15:00:00,175.0,1.3,206.0
2024-04-29 16:00:00,226.75,1.27,207.2685185185185
2024-04-29 17:00:00,339.5,1.32,208.53703703703704
2024-04-29 18:00:00,206.5,1.27,209.80555555555554
2024-04-29 19:00:00,186.75,1.0,
2024-04-29 20:00:00,171.0,1.32,
2024-04-29 21:00:00,154.0,1.42,
2024-04-29 22:00:00,157.0,1.58,
2024-04-29 23:00:00,148.5,1.58,
2024-04-30 00:00:00,126.25,1.2,
2024-04-30 01:00:00,131.5,1.32,
2024-04-30 02:00:00,112.5,1.33,
2024-04-30 03:00:00,102.25,1.35,
2024-04-30 04:00:00,117.5,1.62,
2024-04-30 05:00:00,107.25,0.72,
2024-04-30 06:00:00,119.75,0.82,
2024-04-30 07:00:00,174.5,1.3,
2024-04-30 08:00:00,223.25,1.25,
2024-04-30 09:00:00,196.0,1.27,
2024-04-30 10:00:00,205.25,1.27,
2024-04-30 11:00:00,212.5,1.27,
2024-04-30 12:00:00,202.5,1.2,
2024-04-30 13:00:00,191.0,1.15,
2024-04-30 14:00:00,178.75,1.25,
2024-04-30 15:00:00,181.75,1.3,
2024-04-30 16:00:00,181.5,1.23,
2024-04-30 17:00:00,149.0,1.3,
2024-04-30 18:00:00,154.5,1.35,
2024-04-30 19:00:00,157.75,1.55,
2024-04-30 20:00:00,169.0,1.7,
2024-04-30 21:00:00,162.75,1.7,
2024-04-30 22:00:00,179.25,1.7,
2024-04-30 23:00:00,204.0,1.7,
2024-05-01 00:00:00,201.75,1.7,
2024-05-01 01:00:00,203.0,1.62,
2024-05-01 02:00:00,217.75,1.58,
2024-05-01 03:00:00,267.0,1.25,
2024-05-01 04:00:00,240.25,1.27,
2024-05-01 05:00:00,183.75,1.42,
2024-05-01 06:00:00,149.25,0.78,
2024-05-01 07:00:00,158.75,0.98,
2024-05-01 08:00:00,179.25,1.25,
2024-05-01 09:00:00,216.5,1.23,
2024-05-01 10:00:00,222.0,1.25,
2024-05-01 11:00:00,212.0,1.27,
2024-05-01 12:00:00,138.0,1.27,
2024-05-01 13:00:00,123.5,1.3,
2024-05-01 14:00:00,154.25,1.27,
2024-05-01 15:00:00,188.5,1.27,
2024-05-01 16:00:00,250.5,1.27,
2024-05-01 17:00:00,182.5,1.23,
2024-05-01 18:00:00,166.0,1.23,
2024-05-01 19:00:00,171.25,1.45,
2024-05-01 20:00:00,160.25,1.35,
2024-05-01 21:00:00,167.25,1.38,
2024-05-01 22:00:00,181.25,1.7,
2024-05-01 23:00:00,169.0,1.7,
2024-05-02 00:00:00,173.5,1.7,
2024-05-02 01:00:00,169.5,1.7,
2024-05-02 02:00:00,170.5,1.7,
2024-05-02 03:00:00,162.0,1.7,
2024-05-02 04:00:00,146.75,1.7,
2024-05-02 05:00:00,172.25,1.7,
2024-05-02 06:00:00,207.5,1.38,
2024-05-02 07:00:00,244.75,1.27,
2024-05-02 08:00:00,246.5,1.23,
2024-05-02 09:00:00,188.25,1.25,
2024-05-02 10:00:00,147.75,1.3,
2024-05-02 11:00:00,132.0,1.25,
2024-05-02 12:00:00,131.5,1.32,
2024-05-02 13:00:00,130.0,1.25,
2024-05-02 14:00:00,124.5,1.23,
2024-05-02 15:00:00,114.75,1.3,
2024-05-02 16:00:00,137.0,1.25,
2024-05-02 17:00:00,141.75,1.38,
2024-05-02 18:00:00,150.5,1.38,
2024-05-02 19:00:00,196.5,1.7,
2024-05-02 20:00:00,207.25,1.7,
2024-05-02 21:00:00,172.25,1.7,
2024-05-02 22:00:00,210.25,1.7,
2024-05-02 23:00:00,247.5,1.7,
2024-05-03 00:00:00,270.75,1.7,
2024-05-03 01:00:00,276.5,1.7,
2024-05-03 02:00:00,259.25,1.7,
2024-05-03 03:00:00,259.5,1.7,
2024-05-03 04:00:00,274.75,1.7,
2024-05-03 05:00:00,311.0,1.7,
2024-05-03 06:00:00,351.25,0.9,
2024-05-03 07:00:00,370.0,0.82,
2024-05-03 08:00:00,414.0,1.27,
2024-05-03 09:00:00,387.75,1.27,
2024-05-03 10:00:00,295.75,1.3,
2024-05-03 11:00:00,220.25,1.27,
2024-05-03 12:00:00,197.5,1.23,
2024-05-03 13:00:00,198.75,1.3,
2024-05-03 14:00:00,167.75,1.27,
2024-05-03 15:00:00,157.67,1.3,
2024-05-03 16:00:00,154.5,1.3,
2024-05-03 17:00:00,153.25,1.48,
2024-05-03 18:00:00,196.75,1.7,
2024-05-03 19:00:00,279.5,1.7,
2024-05-03 20:00:00,290.75,1.7,
2024-05-03 21:00:00,246.0,1.7,
2024-05-03 22:00:00,243.5,1.7,
2024-05-03 23:00:00,257.25,1.7,
2024-05-04 00:00:00,261.5,1.7,
2024-05-04 01:00:00,234.75,1.7,
2024-05-04 02:00:00,201.5,1.7,
2024-05-04 03:00:00,202.25,1.7,343.0
2024-05-04 04:00:00,224.0,1.7,343.0571428571429
2024-05-04 05:00:00,230.25,1.7,343.1142857142857
2024-05-04 06:00:00,329.25,1.52,343.1714285714286
2024-05-04 07:00:00,495.25,0.3,
2024-05-04 08:00:00,508.0,0.42,
2024-05-04 09:00:00,472.5,0.95,
2024-05-04 10:00:00,402.5,1.2,
2024-05-04 11:00:00,319.75,1.23,
2024-05-04 12:00:00,217.25,1.18,
2024-05-04 13:00:00,181.0,1.3,
2024-05-04 14:00:00,186.5,1.32,
2024-05-04 15:00:00,206.75,1.27,
2024-05-04 16:00:00,182.5,1.25,
2024-05-04 17:00:00,159.25,1.52,
2024-05-04 18:00:00,202.25,1.7,
2024-05-04 19:00:00,288.0,1.7,
2024-05-04 20:00:00,229.75,1.7,
2024-05-04 21:00:00,287.75,1.7,
2024-05-04 22:00:00,358.25,1.7,
2024-05-04 23:00:00,318.75,1.7,
2024-05-05 00:00:00,263.5,1.7,
2024-05-05 01:00:00,268.75,1.7,
2024-05-05 02:00:00,257.5,1.7,
2024-05-05 03:00:00,240.25,1.7,
2024-05-05 04:00:00,240.0,1.7,
2024-05-05 05:00:00,270.5,1.7,
2024-05-05 06:00:00,293.25,1.58,
2024-05-05 07:00:00,398.75,1.2,
2024-05-05 08:00:00,422.75,1.25,
2024-05-05 09:00:00,350.5,1.3,
2024-05-05 10:00:00,298.0,1.32,
2024-05-05 11:00:00,227.75,1.4,
2024-05-05 12:00:00,175.0,1.3,
2024-05-05 13:00:00,160.0,1.25,
2024-05-05 14:00:00,149.75,1.33,345.0
2024-05-05 15:00:00,145.5,1.3,339.06060606060606
2024-05-05 16:00:00,147.25,1.27,333.1212121212121
2024-05-05 17:00:00,155.25,1.3,327.1818181818182
2024-05-05 18:00:00,150.75,1.5,
2024-05-05 19:00:00,166.5,1.7,
2024-05-05 20:00:00,205.25,1.7,
2024-05-05 21:00:00,203.25,1.7,
2024-05-05 22:00:00,222.25,1.7,
2024-05-05 23:00:00,254.5,1.68,
2024-05-06 00:00:00,271.0,1.52,
2024-05-06 01:00:00,272.5,1.7,
2024-05-06 02:00:00,246.0,1.7,
2024-05-06 03:00:00,228.75,1.7,
2024-05-06 04:00:00,210.0,1.7,
2024-05-06 05:00:00,201.0,1.7,
2024-05-06 06:00:00,227.25,1.62,
2024-05-06 07:00:00,328.25,1.23,
2024-05-06 08:00:00,385.0,1.35,
2024-05-06 09:00:00,345.5,1.55,
2024-05-06 10:00:00,258.75,1.5,
2024-05-06 11:00:00,178.0,1.25,
2024-05-06 12:00:00,187.5,1.3,
2024-05-06 13:00:00,175.5,1.38,
2024-05-06 14:00:00,164.5,1.3,
2024-05-06 15:00:00,181.5,1.27,
2024-05-06 16:00:00,202.5,1.27,
2024-05-06 17:00:00,172.75,1.27,
2024-05-06 18:00:00,160.5,0.62,
2024-05-06 19:00:00,202.75,0.3,
2024-05-06 20:00:00,239.0,0.3,
2024-05-06 21:00:00,234.5,0.3,
2024-05-06 22:00:00,281.0,0.3,
2024-05-06 23:00:00,319.5,0.3,149.0
2024-05-07 00:00:00,294.5,0.3,150.75
2024-05-07 01:00:00,280.25,0.3,152.5
2024-05-07 02:00:00,286.0,0.3,156.25
2024-05-07 03:00:00,280.75,0.3,160.67
2024-05-07 04:00:00,271.75,0.3,184.0
2024-05-07 05:00:00,265.0,0.3,58.75
2024-05-07 06:00:00,280.75,0.42,72.83333333333333
2024-05-07 07:00:00,336.25,1.7,86.91666666666667
2024-05-07 08:00:00,372.5,1.7,101.0
2024-05-07 09:00:00,411.0,1.5,116.5
2024-05-07 10:00:00,414.75,1.48,185.33
2024-05-07 11:00:00,353.25,1.15,111.5
2024-05-07 12:00:00,248.0,1.3,102.25
2024-05-07 13:00:00,247.5,1.32,110.5
2024-05-07 14:00:00,197.0,1.27,94.75
2024-05-07 15:00:00,187.75,1.15,95.5
2024-05-07 16:00:00,199.0,1.27,88.75
2024-05-07 17:00:00,209.0,1.55,90.25
2024-05-07 18:00:00,215.5,1.35,87.25
2024-05-07 19:00:00,230.5,1.08,88.0
2024-05-07 20:00:00,247.0,0.3,80.5
2024-05-07 21:00:00,261.25,0.3,80.0
2024-05-07 22:00:00,278.5,1.45,105.75
2024-05-07 23:00:00,278.75,0.45,99.75
2024-05-08 00:00:00,262.5,1.15,103.5
2024-05-08 01:00:00,246.5,1.5,129.5
2024-05-08 02:00:00,234.5,1.18,124.5
2024-05-08 03:00:00,241.5,1.25,114.0
2024-05-08 04:00:00,218.25,1.27,123.75
2024-05-08 05:00:00,205.75,1.32,117.25
2024-05-08 06:00:00,196.5,1.15,105.5
2024-05-08 07:00:00,179.75,1.23,109.0
2024-05-08 08:00:00,186.25,1.27,108.25
2024-05-08 09:00:00,215.25,1.27,103.5
2024-05-08 10:00:00,265.5,1.27,102.75
2024-05-08 11:00:00,322.5,1.27,106.75
2024-05-08 12:00:00,236.25,1.2,108.0
2024-05-08 13:00:00,227.25,1.27,101.0
2024-05-08 14:00:00,209.5,1.3,112.0
2024-05-08 15:00:00,213.75,1.32,108.0
2024-05-08 16:00:00,201.75,1.25,107.75
2024-05-08 17:00:00,195.5,1.05,113.25
2024-05-08 18:00:00,199.0,1.2,111.25
2024-05-08 19:00:00,206.5,1.27,109.5
2024-05-08 20:00:00,215.0,1.25,114.25
2024-05-08 21:00:00,227.25,1.35,113.25
2024-05-08 22:00:00,223.5,1.25,105.75
2024-05-08 23:00:00,212.0,1.25,117.0
2024-05-09 00:00:00,210.5,1.25,113.0
2024-05-09 01:00:00,190.25,1.2,120.75
2024-05-09 02:00:00,188.25,1.23,126.5
2024-05-09 03:00:00,157.25,1.23,119.75
2024-05-09 04:00:00,136.75,1.23,110.25
2024-05-09 05:00:00,117.75,1.27,106.75
2024-05-09 06:00:00,116.25,1.23,104.5
2024-05-09 07:00:00,113.25,1.3,100.25
2024-05-09 08:00:00,114.0,1.3,103.0
2024-05-09 09:00:00,124.0,1.25,105.75
2024-05-09 10:00:00,130.25,1.35,110.25
2024-05-09 11:00:00,139.75,1.25,103.75
2024-05-09 12:00:00,138.0,1.32,124.75
2024-05-09 13:00:00,135.0,1.27,117.5
2024-05-09 14:00:00,134.5,1.35,141.5
2024-05-09 15:00:00,133.75,1.2,111.75
2024-05-09 16:00:00,138.5,1.25,112.25
2024-05-09 17:00:00,147.0,1.25,88.0
2024-05-09 18:00:00,155.25,1.38,86.5
2024-05-09 19:00:00,176.75,1.45,89.0
2024-05-09 20:00:00,188.25,1.02,89.0
2024-05-09 21:00:00,171.25,1.08,94.75
2024-05-09 22:00:00,170.5,1.12,90.25
2024-05-09 23:00:00,164.0,1.32,99.0
2024-05-10 00:00:00,156.5,1.27,96.25
2024-05-10 01:00:00,147.5,1.08,105.25
2024-05-10 02:00:00,140.0,1.3,108.25
2024-05-10 03:00:00,158.0,1.12,113.0
2024-05-10 04:00:00,160.75,1.35,109.5
2024-05-10 05:00:00,163.5,1.12,105.0
2024-05-10 06:00:00,148.0,1.27,101.5
2024-05-10 07:00:00,152.75,1.23,97.5
2024-05-10 08:00:00,159.5,1.25,117.0
2024-05-10 09:00:00,165.25,1.2,112.5
2024-05-10 10:00:00,169.75,1.23,105.75
2024-05-10 11:00:00,169.75,1.23,100.75
2024-05-10 12:00:00,161.5,1.17,104.25
2024-05-10 13:00:00,154.5,1.35,110.25
2024-05-10 14:00:00,150.5,1.38,98.75
2024-05-10 15:00:00,160.75,1.25,92.5
2024-05-10 16:00:00,159.25,1.3,91.25
2024-05-10 17:00:00,160.0,1.23,98.0
2024-05-10 18:00:00,171.25,1.32,108.5
2024-05-10 19:00:00,181.75,1.05,108.0
2024-05-10 20:00:00,190.5,1.08,216.0
2024-05-10 21:00:00,186.0,1.38,91.33
2024-05-10 22:00:00,195.0,1.2,140.9975
2024-05-10 23:00:00,145.0,1.27,190.66500000000002
2024-05-11 00:00:00,130.25,1.32,240.33249999999998
2024-05-11 01:00:00,70.25,1.6,290.0
2024-05-11 02:00:00,24.75,1.6,296.0
2024-05-11 03:00:00,109.75,1.32,302.0
2024-05-11 04:00:00,336.75,1.15,308.0
2024-05-11 05:00:00,285.25,1.48,222.0
2024-05-11 06:00:00,247.25,0.92,192.25
2024-05-11 07:00:00,283.75,0.82,162.5
2024-05-11 08:00:00,384.5,1.18,132.75
2024-05-11 09:00:00,527.0,1.35,103.0
2024-05-11 10:00:00,465.0,0.57,156.0
2024-05-11 11:00:00,465.0,1.05,192.75
2024-05-11 12:00:00,278.25,1.5,176.0
2024-05-11 13:00:00,199.5,1.48,246.0
2024-05-11 14:00:00,215.75,1.32,302.0
2024-05-11 15:00:00,213.25,1.42,257.0
2024-05-11 16:00:00,190.5,1.45,290.0
2024-05-11 17:00:00,145.0,1.38,323.0
2024-05-11 18:00:00,122.25,1.5,250.0
2024-05-11 19:00:00,115.25,1.7,129.33
2024-05-11 20:00:00,105.0,1.7,336.0
2024-05-11 21:00:00,113.25,1.7,302.06600000000003
2024-05-11 22:00:00,113.25,1.7,268.132
2024-05-11 23:00:00,133.75,1.7,234.198
2024-05-12 00:00:00,140.25,1.7,
2024-05-12 01:00:00,137.0,1.7,166.33
2024-05-12 02:00:00,166.75,1.7,162.25
2024-05-12 03:00:00,171.0,1.7,345.0
2024-05-12 04:00:00,185.5,1.3,345.7142857142857
2024-05-12 05:00:00,194.0,1.1,346.42857142857144
2024-05-12 06:00:00,200.25,1.52,347.14285714285717
2024-05-12 07:00:00,189.25,1.42,
2024-05-12 08:00:00,158.0,1.3,
2024-05-12 09:00:00,143.0,0.9,
2024-05-12 10:00:00,147.0,1.0,350.0
2024-05-12 11:00:00,149.0,1.05,204.0
2024-05-12 12:00:00,134.75,1.6,288.67
2024-05-12 13:00:00,149.5,1.3,127.5
2024-05-12 14:00:00,152.25,1.52,280.67
2024-05-12 15:00:00,139.75,1.55,210.0
2024-05-12 16:00:00,131.5,1.3,336.0
2024-05-12 17:00:00,139.0,1.15,246.22333333333336
2024-05-12 18:00:00,134.0,1.7,156.4466666666667
2024-05-12 19:00:00,132.0,1.7,66.67
2024-05-12 20:00:00,132.0,1.7,60.75
2024-05-12 21:00:00,180.0,1.7,35.0
2024-05-12 22:00:00,173.0,1.7,99.0
2024-05-12 23:00:00,218.0,1.7,76.5
2024-05-13 00:00:00,224.0,1.7,57.25
2024-05-13 01:00:00,229.0,1.7,63.0
2024-05-13 02:00:00,218.0,1.7,178.5
2024-05-13 03:00:00,216.0,1.7,190.5
2024-05-13 04:00:00,224.0,1.7,202.5
2024-05-13 05:00:00,210.0,1.7,264.5
2024-05-13 06:00:00,188.0,0.42,218.0
2024-05-13 07:00:00,169.0,0.3,205.25
2024-05-13 08:00:00,156.0,1.08,209.4375
2024-05-13 09:00:00,151.0,1.23,213.625
2024-05-13 10:00:00,139.0,1.52,217.8125
2024-05-13 11:00:00,219.0,1.18,222.0
2024-05-13 12:00:00,298.0,1.58,316.0
2024-05-13 13:00:00,184.0,1.3,299.3333333333333
2024-05-13 14:00:00,185.0,1.25,282.6666666666667
2024-05-13 15:00:00,128.0,0.9,266.0
2024-05-13 16:00:00,116.0,1.4,267.33
2024-05-13 17:00:00,102.0,0.82,219.25
2024-05-13 18:00:00,185.0,1.42,248.0
2024-05-13 19:00:00,185.0,1.7,235.0
2024-05-13 20:00:00,177.0,1.7,222.0
2024-05-13 21:00:00,211.0,1.7,209.0
2024-05-13 22:00:00,230.0,1.7,196.0
2024-05-13 23:00:00,241.0,1.7,192.0
2024-05-14 00:00:00,213.0,1.7,196.0
2024-05-14 01:00:00,174.0,1.7,200.0
2024-05-14 02:00:00,164.0,1.7,204.0
2024-05-14 03:00:00,180.0,1.7,
2024-05-14 04:00:00,180.0,1.7,
2024-05-14 05:00:00,201.0,1.7,
2024-05-14 06:00:00,211.0,1.7,
2024-05-14 07:00:00,315.0,1.7,
2024-05-14 08:00:00,305.0,1.6,
2024-05-14 09:00:00,321.0,1.25,
2024-05-14 10:00:00,219.0,1.38,
2024-05-14 11:00:00,248.0,1.52,240.0
2024-05-14 12:00:00,464.0,1.52,239.93333333333334
2024-05-14 13:00:00,244.0,1.3,239.86666666666667
2024-05-14 14:00:00,211.0,1.23,239.8
2024-05-14 15:00:00,162.0,1.3,
2024-05-14 16:00:00,132.0,1.25,
2024-05-14 17:00:00,122.0,1.27,
2024-05-14 18:00:00,129.0,1.38,
2024-05-14 19:00:00,149.0,0.32,
2024-05-14 20:00:00,183.0,0.3,
2024-05-14 21:00:00,178.0,0.3,
2024-05-14 22:00:00,179.0,0.3,
2024-05-14 23:00:00,200.0,0.3,
2024-05-15 00:00:00,235.0,0.3,
2024-05-15 01:00:00,238.0,0.3,
2024-05-15 02:00:00,212.0,0.3,239.0
2024-05-15 03:00:00,223.0,0.3,240.425
2024-05-15 04:00:00,205.0,0.3,241.85
2024-05-15 05:00:00,204.0,0.3,243.275
2024-05-15 06:00:00,226.0,0.3,
2024-05-15 07:00:00,310.0,0.3,
2024-05-15 08:00:00,337.0,0.3,
2024-05-15 09:00:00,335.0,1.25,
2024-05-15 10:00:00,251.0,1.42,
2024-05-15 11:00:00,158.0,1.08,
2024-05-15 12:00:00,141.0,1.18,253.25
2024-05-15 13:00:00,143.0,1.42,226.4375
2024-05-15 14:00:00,114.0,1.27,199.625
2024-05-15 15:00:00,138.0,1.3,172.8125
2024-05-15 16:00:00,135.0,0.95,146.0
2024-05-15 17:00:00,141.0,1.18,224.0
2024-05-15 18:00:00,150.0,1.3,75.33
2024-05-15 19:00:00,172.0,1.7,54.0
2024-05-15 20:00:00,196.0,1.7,47.0
2024-05-15 21:00:00,246.0,1.7,47.0
2024-05-15 22:00:00,256.0,1.7,47.25
2024-05-15 23:00:00,261.0,1.7,47.5
2024-05-16 00:00:00,240.0,1.7,98.75
2024-05-16 01:00:00,309.0,1.25,92.0
2024-05-16 02:00:00,172.0,1.3,89.75
2024-05-16 03:00:00,136.0,1.45,106.75
2024-05-16 04:00:00,163.0,0.68,111.5
2024-05-16 05:00:00,167.0,1.48,106.5
2024-05-16 06:00:00,152.0,1.45,93.25
2024-05-16 07:00:00,179.0,1.0,108.0
2024-05-16 08:00:00,243.0,1.08,105.0
2024-05-16 09:00:00,295.0,1.38,119.5
2024-05-16 10:00:00,265.0,1.35,118.75
2024-05-16 11:00:00,249.0,1.2,185.75
2024-05-16 12:00:00,243.0,1.45,209.5
2024-05-16 13:00:00,232.0,1.25,229.33
2024-05-16 14:00:00,213.0,1.52,283.0
2024-05-16 15:00:00,184.0,1.48,231.0
2024-05-16 16:00:00,171.0,1.02,242.67
2024-05-16 17:00:00,177.0,1.48,76.5
2024-05-16 18:00:00,196.0,1.7,75.0
2024-05-16 19:00:00,224.0,1.7,69.25
2024-05-16 20:00:00,230.0,1.7,75.5
2024-05-16 21:00:00,262.0,1.7,78.0
2024-05-16 22:00:00,287.0,1.7,78.5
2024-05-16 23:00:00,284.0,1.7,79.0
2024-05-17 00:00:00,248.0,1.7,194.0
2024-05-17 01:00:00,184.0,1.7,185.0
2024-05-17 02:00:00,171.0,1.7,189.75
2024-05-17 03:00:00,164.0,1.7,173.33
2024-05-17 04:00:00,155.0,1.7,198.41500000000002
2024-05-17 05:00:00,168.0,1.7,223.5
2024-05-17 06:00:00,173.0,1.7,217.55555555555554
2024-05-17 07:00:00,224.0,1.7,211.61111111111111
2024-05-17 08:00:00,306.0,0.98,205.66666666666666
2024-05-17 09:00:00,487.5,1.3,
2024-05-17 10:00:00,294.5,1.25,
2024-05-17 11:00:00,167.25,1.27,
2024-05-17 12:00:00,158.25,1.18,
2024-05-17 13:00:00,148.75,1.38,
2024-05-17 14:00:00,141.25,1.32,170.0
2024-05-17 15:00:00,155.0,1.3,357.0
2024-05-17 16:00:00,156.25,1.27,351.275
2024-05-17 17:00:00,140.75,1.35,345.55
2024-05-17 18:00:00,141.25,1.7,339.825
2024-05-17 19:00:00,244.25,1.7,
2024-05-17 20:00:00,278.75,1.7,
2024-05-17 21:00:00,279.75,1.7,
2024-05-17 22:00:00,300.25,0.65,
2024-05-17 23:00:00,319.0,1.62,
2024-05-18 00:00:00,314.0,1.7,
2024-05-18 01:00:00,299.0,1.7,
2024-05-18 02:00:00,282.25,1.7,
2024-05-18 03:00:00,265.25,1.7,
2024-05-18 04:00:00,267.0,1.7,
2024-05-18 05:00:00,260.0,1.55,
2024-05-18 06:00:00,264.5,0.3,
2024-05-18 07:00:00,363.0,0.78,
2024-05-18 08:00:00,361.25,1.38,
2024-05-18 09:00:00,303.5,1.23,
2024-05-18 10:00:00,272.25,1.38,
2024-05-18 11:00:00,258.75,1.32,
2024-05-18 12:00:00,240.25,1.27,
2024-05-18 13:00:00,221.5,1.25,
2024-05-18 14:00:00,193.75,1.3,
2024-05-18 15:00:00,184.5,1.27,
2024-05-18 16:00:00,161.0,1.2,
2024-05-18 17:00:00,153.0,1.3,
2024-05-18 18:00:00,155.0,1.38,
2024-05-18 19:00:00,178.0,1.7,
2024-05-18 20:00:00,200.0,1.7,
2024-05-18 21:00:00,240.0,1.7,
2024-05-18 22:00:00,243.0,1.7,
2024-05-18 23:00:00,240.0,1.7,
2024-05-19 00:00:00,233.0,1.6,
2024-05-19 01:00:00,207.0,1.1,
2024-05-19 02:00:00,215.0,0.3,
2024-05-19 03:00:00,173.0,0.3,
2024-05-19 04:00:00,199.0,0.3,
2024-05-19 05:00:00,211.0,0.62,
2024-05-19 06:00:00,273.0,1.7,
2024-05-19 07:00:00,309.0,1.7,128.0
2024-05-19 08:00:00,316.0,1.35,124.33333333333333
2024-05-19 09:00:00,287.0,1.23,120.66666666666667
2024-05-19 10:00:00,289.0,1.35,117.0
2024-05-19 11:00:00,218.0,1.25,
2024-05-19 12:00:00,182.0,1.32,
2024-05-19 13:00:00,175.0,1.3,
2024-05-19 14:00:00,179.0,1.3,
2024-05-19 15:00:00,185.0,1.3,
2024-05-19 16:00:00,183.0,1.27,
2024-05-19 17:00:00,128.0,1.2,
2024-05-19 18:00:00,127.0,1.27,
2024-05-19 19:00:00,129.0,1.45,
2024-05-19 20:00:00,141.0,1.7,
2024-05-19 21:00:00,141.0,1.45,
2024-05-19 22:00:00,249.0,1.58,
2024-05-19 23:00:00,250.0,1.48,
2024-05-20 00:00:00,227.0,1.52,
2024-05-20 01:00:00,184.0,1.7,62.0
2024-05-20 02:00:00,175.0,1.7,62.25
2024-05-20 03:00:00,168.0,1.7,56.5
2024-05-20 04:00:00,227.0,1.7,66.25
2024-05-20 05:00:00,228.0,1.7,76.0
2024-05-20 06:00:00,226.0,1.7,80.16176470588235
2024-05-20 07:00:00,268.0,1.7,84.32352941176471
2024-05-20 08:00:00,361.0,1.7,88.48529411764706
2024-05-20 09:00:00,387.25,1.12,
2024-05-20 10:00:00,354.0,1.27,
2024-05-20 11:00:00,243.0,1.25,
2024-05-20 12:00:00,193.0,1.3,
2024-05-20 13:00:00,169.0,1.27,
2024-05-20 14:00:00,161.0,1.32,
2024-05-20 15:00:00,144.0,1.32,
2024-05-20 16:00:00,139.0,1.32,
2024-05-20 17:00:00,139.0,1.25,
2024-05-20 18:00:00,141.0,1.3,
2024-05-20 19:00:00,168.0,1.58,
2024-05-20 20:00:00,212.0,1.7,
2024-05-20 21:00:00,171.0,1.7,
2024-05-20 22:00:00,200.0,1.68,146.75
2024-05-20 23:00:00,204.0,1.25,110.0
2024-05-21 00:00:00,268.0,0.4,86.5
2024-05-21 01:00:00,208.0,1.0,92.25
2024-05-21 02:00:00,195.0,0.65,117.5
2024-05-21 03:00:00,210.0,1.35,121.75
2024-05-21 04:00:00,338.0,1.23,174.0
2024-05-21 05:00:00,334.0,1.32,195.75
2024-05-21 06:00:00,316.0,1.23,112.75
2024-05-21 07:00:00,360.0,1.27,112.0
2024-05-21 08:00:00,331.0,1.23,103.5
2024-05-21 09:00:00,274.0,1.27,115.0
2024-05-21 10:00:00,257.0,1.2,114.0
2024-05-21 11:00:00,228.0,1.23,99.5
2024-05-21 12:00:00,211.0,1.27,87.75
2024-05-21 13:00:00,195.0,1.3,120.75
2024-05-21 14:00:00,184.0,1.2,160.25
2024-05-21 15:00:00,168.0,1.23,107.5
2024-05-21 16:00:00,157.0,1.27,134.0
2024-05-21 17:00:00,160.0,1.45,93.0
2024-05-21 18:00:00,172.0,1.4,128.5
2024-05-21 19:00:00,216.0,0.8,110.25
2024-05-21 20:00:00,234.0,1.12,106.25
2024-05-21 21:00:00,235.0,1.23,104.25
2024-05-21 22:00:00,195.0,1.5,103.0
2024-05-21 23:00:00,212.0,1.15,91.25
2024-05-22 00:00:00,223.0,1.35,98.5
2024-05-22 01:00:00,199.0,1.32,108.25
2024-05-22 02:00:00,202.0,1.12,107.75
2024-05-22 03:00:00,174.0,1.38,100.75
2024-05-22 04:00:00,169.0,1.27,111.75
2024-05-22 05:00:00,167.0,1.3,110.5
2024-05-22 06:00:00,166.0,1.23,115.25
2024-05-22 07:00:00,162.0,1.27,112.75
2024-05-22 08:00:00,158.0,1.23,110.0
2024-05-22 09:00:00,167.0,1.25,106.5
2024-05-22 10:00:00,172.0,1.2,109.5
2024-05-22 11:00:00,195.0,1.3,126.5
2024-05-22 12:00:00,194.0,1.23,118.25
2024-05-22 13:00:00,194.0,1.3,112.25
2024-05-22 14:00:00,169.0,1.32,125.25
2024-05-22 15:00:00,174.0,1.27,108.0
2024-05-22 16:00:00,164.0,1.3,111.75
2024-05-22 17:00:00,164.0,1.32,116.25
2024-05-22 18:00:00,171.0,1.25,115.75
2024-05-22 19:00:00,173.0,1.23,98.5
2024-05-22 20:00:00,177.0,1.32,91.0
2024-05-22 21:00:00,191.0,1.23,91.75
2024-05-22 22:00:00,185.0,1.18,89.5
2024-05-22 23:00:00,162.0,1.27,92.25
2024-05-23 00:00:00,163.0,1.27,97.0
2024-05-23 01:00:00,152.0,1.18,102.5
2024-05-23 02:00:00,106.0,1.27,116.25
2024-05-23 03:00:00,84.0,1.23,103.75
2024-05-23 04:00:00,90.0,1.27,105.25
2024-05-23 05:00:00,79.0,1.25,112.5
2024-05-23 06:00:00,92.0,1.2,104.0
2024-05-23 07:00:00,114.0,1.27,108.75
2024-05-23 08:00:00,122.0,1.3,114.75
2024-05-23 09:00:00,147.0,1.27,110.0
2024-05-23 10:00:00,149.0,1.23,103.0
2024-05-23 11:00:00,160.0,1.2,103.0
2024-05-23 12:00:00,163.0,1.25,115.5
2024-05-23 13:00:00,155.0,1.3,104.5
2024-05-23 14:00:00,141.0,1.23,106.0
2024-05-23 15:00:00,139.0,1.25,102.75
2024-05-23 16:00:00,121.0,1.25,107.75
2024-05-23 17:00:00,122.0,0.92,107.25
2024-05-23 18:00:00,116.0,1.18,92.75
2024-05-23 19:00:00,133.0,1.12,93.5
2024-05-23 20:00:00,150.0,1.12,97.0
2024-05-23 21:00:00,145.0,1.3,102.0
2024-05-23 22:00:00,145.0,1.25,95.5
2024-05-23 23:00:00,172.0,1.12,104.25
2024-05-24 00:00:00,149.0,1.27,111.25
2024-05-24 01:00:00,136.0,1.25,113.5
2024-05-24 02:00:00,118.0,1.25,111.5
2024-05-24 03:00:00,108.0,1.23,113.25
2024-05-24 04:00:00,111.0,1.25,110.5
2024-05-24 05:00:00,113.0,1.2,106.5
2024-05-24 06:00:00,106.0,1.3,106.75
2024-05-24 07:00:00,130.0,1.23,111.25
2024-05-24 08:00:00,119.0,1.27,115.0
2024-05-24 09:00:00,123.0,1.23,110.0
2024-05-24 10:00:00,123.0,1.25,115.5
2024-05-24 11:00:00,113.0,1.27,107.0
2024-05-24 12:00:00,94.0,1.3,103.25
2024-05-24 13:00:00,95.0,1.35,113.5
2024-05-24 14:00:00,85.0,1.23,135.5
2024-05-24 15:00:00,84.0,0.9,151.0
2024-05-24 16:00:00,91.0,1.12,229.75
2024-05-24 17:00:00,116.0,0.5,99.25
2024-05-24 18:00:00,106.0,1.45,100.25
2024-05-24 19:00:00,125.0,1.3,97.0
2024-05-24 20:00:00,160.0,1.27,105.0
2024-05-24 21:00:00,139.0,1.18,96.75
2024-05-24 22:00:00,167.0,1.4,99.0
2024-05-24 23:00:00,145.0,1.23,107.0
2024-05-25 00:00:00,175.0,1.32,107.75
2024-05-25 01:00:00,141.0,1.33,112.5
2024-05-25 02:00:00,121.0,1.65,162.0
2024-05-25 03:00:00,122.0,1.7,155.0
2024-05-25 04:00:00,127.0,1.7,89.5
2024-05-25 05:00:00,171.0,1.65,59.75
2024-05-25 06:00:00,136.0,1.7,30.0
2024-05-25 07:00:00,144.0,1.7,207.67
2024-05-25 08:00:00,134.0,1.25,279.5
2024-05-25 09:00:00,167.0,1.08,230.25
2024-05-25 10:00:00,122.0,1.33,181.0
2024-05-25 11:00:00,113.0,0.82,306.5
2024-05-25 12:00:00,113.0,1.3,353.0
2024-05-25 13:00:00,129.0,1.32,265.0
2024-05-25 14:00:00,138.0,1.35,252.83333333333334
2024-05-25 15:00:00,140.0,1.3,240.66666666666666
2024-05-25 16:00:00,143.0,1.32,228.5
2024-05-25 17:00:00,138.0,1.25,
2024-05-25 18:00:00,141.0,1.15,
2024-05-25 19:00:00,151.0,0.3,192.0
2024-05-25 20:00:00,158.0,0.3,192.0
2024-05-25 21:00:00,201.0,0.35,192.0
2024-05-25 22:00:00,186.0,0.5,193.88235294117646
2024-05-25 23:00:00,153.0,1.65,195.76470588235293
2024-05-26 00:00:00,125.0,1.7,197.64705882352942
2024-05-26 01:00:00,107.0,1.7,
2024-05-26 02:00:00,141.0,1.7,
2024-05-26 03:00:00,146.0,1.7,
2024-05-26 04:00:00,132.0,1.7,
2024-05-26 05:00:00,138.0,1.7,
2024-05-26 06:00:00,129.0,1.7,
2024-05-26 07:00:00,173.0,1.45,
2024-05-26 08:00:00,263.0,1.3,
2024-05-26 09:00:00,199.0,1.25,
2024-05-26 10:00:00,150.0,1.23,
2024-05-26 11:00:00,150.0,1.1,
2024-05-26 12:00:00,119.0,1.25,
2024-05-26 13:00:00,90.0,1.3,
2024-05-26 14:00:00,89.0,1.27,224.0
2024-05-26 15:00:00,92.0,1.48,285.0
2024-05-26 16:00:00,99.0,1.4,311.0
2024-05-26 17:00:00,96.0,0.65,148.5
2024-05-26 18:00:00,111.0,0.3,33.0
2024-05-26 19:00:00,161.0,0.55,245.33
2024-05-26 20:00:00,152.0,1.5,184.66500000000002
2024-05-26 21:00:00,274.0,1.7,124.0
2024-05-26 22:00:00,235.0,1.7,124.0
2024-05-26 23:00:00,218.0,1.7,94.75
2024-05-27 00:00:00,293.0,1.7,145.75
2024-05-27 01:00:00,257.0,0.95,235.0
2024-05-27 02:00:00,223.0,0.3,181.67
2024-05-27 03:00:00,179.0,0.3,336.0
2024-05-27 04:00:00,171.0,0.3,186.75
2024-05-27 05:00:00,138.0,0.3,171.0
2024-05-27 06:00:00,149.0,0.3,139.5
2024-05-27 07:00:00,244.0,0.3,108.0
2024-05-27 08:00:00,194.0,0.6,67.33
2024-05-27 09:00:00,191.0,1.3,122.4975
2024-05-27 10:00:00,206.0,1.27,177.66500000000002
2024-05-27 11:00:00,287.0,1.18,232.83249999999998
2024-05-27 12:00:00,210.0,1.35,288.0
2024-05-27 13:00:00,160.0,1.2,290.0
2024-05-27 14:00:00,149.0,1.15,275.25
2024-05-27 15:00:00,145.0,1.27,260.5
2024-05-27 16:00:00,128.0,1.27,245.75
2024-05-27 17:00:00,128.0,1.0,231.0
2024-05-27 18:00:00,146.0,1.68,149.0
2024-05-27 19:00:00,223.0,1.7,6.0
2024-05-27 20:00:00,266.0,1.7,6.0
2024-05-27 21:00:00,268.0,1.7,6.0
2024-05-27 22:00:00,265.0,1.7,96.33333333333333
2024-05-27 23:00:00,279.0,1.7,186.66666666666666
2024-05-28 00:00:00,274.0,1.7,277.0
2024-05-28 01:00:00,243.0,1.7,261.0
2024-05-28 02:00:00,230.0,1.7,245.0
2024-05-28 03:00:00,229.0,1.7,229.0
2024-05-28 04:00:00,211.0,1.7,
2024-05-28 05:00:00,199.0,1.7,197.0
2024-05-28 06:00:00,196.0,1.7,71.5
2024-05-28 07:00:00,272.0,1.7,101.58333333333333
2024-05-28 08:00:00,232.0,1.27,131.66666666666666
2024-05-28 09:00:00,207.0,1.3,161.75
2024-05-28 10:00:00,202.0,1.23,
2024-05-28 11:00:00,184.0,1.58,
2024-05-28 12:00:00,161.0,1.3,252.0
2024-05-28 13:00:00,155.0,1.38,291.0
2024-05-28 14:00:00,143.0,1.25,319.0
2024-05-28 15:00:00,175.0,1.23,273.6666666666667
2024-05-28 16:00:00,112.0,1.25,228.33333333333331
2024-05-28 17:00:00,95.0,1.05,183.0
2024-05-28 18:00:00,110.0,1.45,84.0
2024-05-28 19:00:00,190.0,1.7,93.75
2024-05-28 20:00:00,240.0,1.7,141.25
2024-05-28 21:00:00,244.0,1.7,147.5
2024-05-28 22:00:00,274.0,0.3,147.0
2024-05-28 23:00:00,263.0,0.3,92.25
2024-05-29 00:00:00,217.0,0.3,120.0
2024-05-29 01:00:00,261.0,1.7,120.0
2024-05-29 02:00:00,223.0,1.65,154.33
2024-05-29 03:00:00,147.0,1.7,115.25
2024-05-29 04:00:00,144.0,0.38,112.0
2024-05-29 05:00:00,147.0,0.3,114.75
2024-05-29 06:00:00,164.0,0.38,122.575
2024-05-29 07:00:00,224.0,1.35,130.4
2024-05-29 08:00:00,259.0,1.27,138.225
2024-05-29 09:00:00,302.0,1.27,
2024-05-29 10:00:00,327.0,1.25,
2024-05-29 11:00:00,301.0,1.35,
2024-05-29 12:00:00,276.0,1.42,
2024-05-29 13:00:00,301.0,1.25,
2024-05-29 14:00:00,283.0,1.3,
2024-05-29 15:00:00,241.0,1.3,193.0
2024-05-29 16:00:00,241.0,1.4,108.0
2024-05-29 17:00:00,274.0,1.3,104.33
2024-05-29 18:00:00,708.0,1.25,96.0
2024-05-29 19:00:00,108.0,1.32,86.0
2024-05-29 20:00:00,141.0,1.48,122.0
2024-05-29 21:00:00,153.0,1.52,227.0
2024-05-29 22:00:00,166.0,1.1,242.0
2024-05-29 23:00:00,169.0,1.7,297.0
2024-05-30 00:00:00,184.0,1.68,253.33
2024-05-30 01:00:00,157.0,1.5,347.0
2024-05-30 02:00:00,169.0,0.95,68.0
2024-05-30 03:00:00,206.0,1.08,130.25
2024-05-30 04:00:00,265.0,1.65,86.33
2024-05-30 05:00:00,232.0,1.7,91.67
2024-05-30 06:00:00,223.0,1.32,112.003
2024-05-30 07:00:00,221.0,1.15,132.336
2024-05-30 08:00:00,240.0,1.23,152.66899999999998
2024-05-30 09:00:00,279.0,1.25,
2024-05-30 10:00:00,267.0,1.27,
2024-05-30 11:00:00,234.0,1.23,
2024-05-30 12:00:00,200.0,1.25,
2024-05-30 13:00:00,161.0,1.27,
2024-05-30 14:00:00,146.0,1.23,
2024-05-30 15:00:00,160.0,1.27,295.0
2024-05-30 16:00:00,146.0,1.27,252.66750000000002
2024-05-30 17:00:00,136.0,1.25,210.335
2024-05-30 18:00:00,95.0,1.5,168.0025
2024-05-30 19:00:00,106.0,1.4,125.67
2024-05-30 20:00:00,265.0,1.48,191.75
2024-05-30 21:00:00,160.0,1.08,155.0
2024-05-30 22:00:00,134.0,1.0,234.5
2024-05-30 23:00:00,122.0,1.25,339.5
2024-05-31 00:00:00,86.0,1.32,317.0
2024-05-31 01:00:00,89.0,1.1,338.67
2024-05-31 02:00:00,92.0,1.42,139.0
2024-05-31 03:00:00,97.25,1.7,69.5
2024-05-31 04:00:00,103.5,1.7,151.0
2024-05-31 05:00:00,131.25,1.7,173.0
2024-05-31 06:00:00,152.0,1.7,12.25
2024-05-31 07:00:00,183.75,1.65,113.0
2024-05-31 08:00:00,176.5,1.27,132.42857142857142
2024-05-31 09:00:00,193.0,1.27,151.85714285714286
2024-05-31 10:00:00,221.0,1.25,171.28571428571428
2024-05-31 11:00:00,331.0,1.27,
2024-05-31 12:00:00,244.0,1.27,
2024-05-31 13:00:00,235.0,1.3,
2024-05-31 14:00:00,171.0,1.25,249.0
2024-05-31 15:00:00,144.0,1.27,195.5
2024-05-31 16:00:00,130.0,1.3,142.0
2024-05-31 17:00:00,152.0,1.25,223.75
2024-05-31 18:00:00,138.0,1.27,36.5
2024-05-31 19:00:00,150.0,0.3,41.0
2024-05-31 20:00:00,213.0,0.3,41.0
2024-05-31 21:00:00,301.0,0.3,41.0
2024-05-31 22:00:00,274.0,0.5,99.0
2024-05-31 23:00:00,284.0,1.7,129.0
2024-06-01 00:00:00,252.0,0.7,159.0
2024-06-01 01:00:00,306.0,0.3,189.0
2024-06-01 02:00:00,284.0,0.35,
2024-06-01 03:00:00,273.0,1.3,
2024-06-01 04:00:00,251.0,1.18,
2024-06-01 05:00:00,175.0,1.32,309.0
2024-06-01 06:00:00,180.0,1.7,287.0
2024-06-01 07:00:00,301.0,1.68,111.0
2024-06-01 08:00:00,326.0,1.3,136.71428571428572
2024-06-01 09:00:00,257.0,1.27,162.42857142857144
2024-06-01 10:00:00,271.0,1.25,188.14285714285714
2024-06-01 11:00:00,202.0,1.27,
2024-06-01 12:00:00,140.0,1.25,
2024-06-01 13:00:00,147.0,1.25,
2024-06-01 14:00:00,206.0,1.35,291.0
2024-06-01 15:00:00,188.0,1.25,263.6666666666667
2024-06-01 16:00:00,947.0,1.27,236.33333333333334
2024-06-01 17:00:00,212.0,1.42,209.0
2024-06-01 18:00:00,337.0,1.32,218.54545454545453
2024-06-01 19:00:00,179.0,1.32,228.0909090909091
2024-06-01 20:00:00,145.0,1.4,237.63636363636363
2024-06-01 21:00:00,166.0,1.27,
2024-06-01 22:00:00,183.0,1.25,
2024-06-01 23:00:00,191.0,1.27,
2024-06-02 00:00:00,189.0,1.27,
2024-06-02 01:00:00,100.0,0.98,
2024-06-02 02:00:00,83.0,1.08,
2024-06-02 03:00:00,86.0,1.2,
2024-06-02 04:00:00,89.0,1.08,314.0
2024-06-02 05:00:00,81.0,0.5,106.5
2024-06-02 06:00:00,81.0,0.3,95.08500000000001
2024-06-02 07:00:00,116.0,1.35,83.67
2024-06-02 08:00:00,138.0,1.3,106.25
2024-06-02 09:00:00,89.0,1.38,119.0
2024-06-02 10:00:00,94.0,1.25,226.0
2024-06-02 11:00:00,106.0,1.35,333.0
2024-06-02 12:00:00,105.0,1.25,311.5
2024-06-02 13:00:00,100.0,1.3,290.0
2024-06-02 14:00:00,114.0,1.27,270.75
2024-06-02 15:00:00,118.0,1.23,251.5
2024-06-02 16:00:00,108.0,1.35,232.25
2024-06-02 17:00:00,112.0,1.38,213.0
2024-06-02 18:00:00,114.0,1.15,208.31666666666666
2024-06-02 19:00:00,124.0,0.65,203.63333333333333
2024-06-02 20:00:00,171.0,1.32,198.95
2024-06-02 21:00:00,213.0,1.3,
2024-06-02 22:00:00,168.0,1.3,
2024-06-02 23:00:00,124.0,1.27,
2024-06-03 00:00:00,116.0,1.25,
2024-06-03 01:00:00,113.0,1.2,
2024-06-03 02:00:00,102.0,1.27,
2024-06-03 03:00:00,101.0,1.18,
2024-06-03 04:00:00,83.0,1.52,
2024-06-03 05:00:00,75.0,1.25,
2024-06-03 06:00:00,89.0,1.27,
2024-06-03 07:00:00,122.0,1.2,
2024-06-03 08:00:00,152.0,1.25,
2024-06-03 09:00:00,146.0,1.23,
2024-06-03 10:00:00,169.0,1.25,
2024-06-03 11:00:00,185.0,1.35,
2024-06-03 12:00:00,179.0,1.25,
2024-06-03 13:00:00,196.0,1.23,
2024-06-03 14:00:00,182.0,1.25,
2024-06-03 15:00:00,164.0,1.27,
2024-06-03 16:00:00,141.0,1.3,
2024-06-03 17:00:00,144.0,1.3,
2024-06-03 18:00:00,145.0,1.3,
2024-06-03 19:00:00,177.0,1.6,
2024-06-03 20:00:00,282.0,1.7,
2024-06-03 21:00:00,173.0,1.7,
2024-06-03 22:00:00,241.0,1.7,
2024-06-03 23:00:00,291.0,1.1,72.5
2024-06-04 00:00:00,360.0,1.3,92.75
2024-06-04 01:00:00,335.0,1.32,104.5
2024-06-04 02:00:00,158.0,1.12,154.5
2024-06-04 03:00:00,144.0,1.1,168.0
2024-06-04 04:00:00,172.0,1.38,118.25
2024-06-04 05:00:00,174.0,1.32,120.0
2024-06-04 06:00:00,168.0,1.58,171.0
2024-06-04 07:00:00,173.0,1.42,263.0
2024-06-04 08:00:00,196.0,1.27,277.5
2024-06-04 09:00:00,166.0,1.3,292.0
2024-06-04 10:00:00,112.0,1.2,306.5
2024-06-04 11:00:00,173.0,1.32,321.0
2024-06-04 12:00:00,252.0,1.12,212.75
2024-06-04 13:00:00,222.0,1.2,284.5
2024-06-04 14:00:00,230.0,1.3,184.25
2024-06-04 15:00:00,221.0,1.27,84.0
2024-06-04 16:00:00,215.0,1.32,83.5
2024-06-04 17:00:00,201.0,0.8,185.33
2024-06-04 18:00:00,168.0,0.3,174.88666666666668
2024-06-04 19:00:00,353.0,0.3,164.44333333333333
2024-06-04 20:00:00,245.0,0.55,154.0
2024-06-04 21:00:00,299.0,0.95,291.33
2024-06-04 22:00:00,197.0,1.25,175.0
2024-06-04 23:00:00,160.0,1.7,258.25
2024-06-05 00:00:00,149.0,1.7,168.5
2024-06-05 01:00:00,153.0,1.7,164.375
2024-06-05 02:00:00,152.0,1.27,160.25
2024-06-05 03:00:00,147.0,1.58,156.125
2024-06-05 04:00:00,145.0,1.7,
2024-06-05 05:00:00,151.0,1.48,
2024-06-05 06:00:00,229.0,1.27,
2024-06-05 07:00:00,204.0,1.25,
2024-06-05 08:00:00,266.0,1.27,
2024-06-05 09:00:00,307.0,1.3,
2024-06-05 10:00:00,345.0,1.27,
2024-06-05 11:00:00,329.0,1.25,
2024-06-05 12:00:00,332.0,1.3,
2024-06-05 13:00:00,343.0,1.3,
2024-06-05 14:00:00,360.0,1.27,
2024-06-05 15:00:00,343.0,1.27,
2024-06-05 16:00:00,298.0,1.3,
2024-06-05 17:00:00,267.0,1.3,
2024-06-05 18:00:00,162.0,1.23,
2024-06-05 19:00:00,182.0,0.82,
2024-06-05 20:00:00,299.0,1.15,86.0
2024-06-05 21:00:00,392.0,1.23,193.33
2024-06-05 22:00:00,428.0,1.3,236.75
2024-06-05 23:00:00,125.0,1.27,132.0
2024-06-06 00:00:00,88.0,1.2,319.0
2024-06-06 01:00:00,110.0,1.2,90.75
2024-06-06 02:00:00,117.0,1.32,168.0
2024-06-06 03:00:00,111.0,1.5,107.25
2024-06-06 04:00:00,119.0,0.78,156.0
2024-06-06 05:00:00,96.0,0.85,339.33
2024-06-06 06:00:00,90.0,1.35,164.0
2024-06-06 07:00:00,90.0,1.48,216.0
2024-06-06 08:00:00,110.0,1.27,249.5
2024-06-06 09:00:00,212.0,1.25,283.0
2024-06-06 10:00:00,152.0,1.08,316.5
2024-06-06 11:00:00,127.0,1.42,350.0
2024-06-06 12:00:00,103.0,1.27,302.0
2024-06-06 13:00:00,100.0,1.35,298.66499999999996
2024-06-06 14:00:00,107.0,1.35,295.33
2024-06-06 15:00:00,124.0,1.2,299.0
2024-06-06 16:00:00,114.0,1.45,175.0
2024-06-06 17:00:00,103.0,1.2,321.0
2024-06-06 18:00:00,108.0,1.7,190.25
2024-06-06 19:00:00,139.0,1.7,109.875
2024-06-06 20:00:00,152.0,1.7,29.5
2024-06-06 21:00:00,147.0,1.7,79.5
2024-06-06 22:00:00,155.0,1.58,132.875
2024-06-06 23:00:00,891.0,1.27,186.25
2024-06-07 00:00:00,576.0,1.4,239.625
2024-06-07 01:00:00,261.0,0.82,293.0
2024-06-07 02:00:00,213.0,1.5,291.65833333333336
2024-06-07 03:00:00,210.0,1.55,290.31666666666666
2024-06-07 04:00:00,215.0,1.48,288.975
2024-06-07 05:00:00,241.0,1.45,
2024-06-07 06:00:00,362.0,1.35,
2024-06-07 07:00:00,564.0,1.3,
2024-06-07 08:00:00,476.0,1.23,
2024-06-07 09:00:00,481.0,1.32,
2024-06-07 10:00:00,415.0,1.25,
2024-06-07 11:00:00,254.0,1.3,
2024-06-07 12:00:00,167.0,1.2,
2024-06-07 13:00:00,162.0,1.25,
2024-06-07 14:00:00,178.0,1.32,
2024-06-07 15:00:00,166.0,1.25,
2024-06-07 16:00:00,143.0,1.27,
2024-06-07 17:00:00,147.0,1.23,
2024-06-07 18:00:00,144.0,1.25,
2024-06-07 19:00:00,147.0,1.32,
2024-06-07 20:00:00,155.0,1.38,
2024-06-07 21:00:00,185.0,1.05,
2024-06-07 22:00:00,227.0,1.3,
2024-06-07 23:00:00,449.0,1.27,
2024-06-08 00:00:00,523.0,1.3,
2024-06-08 01:00:00,459.0,1.27,
2024-06-08 02:00:00,387.0,1.32,
2024-06-08 03:00:00,335.0,1.3,
2024-06-08 04:00:00,298.0,1.12,
2024-06-08 05:00:00,283.0,1.25,
2024-06-08 06:00:00,287.0,1.32,
2024-06-08 07:00:00,223.0,1.2,
2024-06-08 08:00:00,256.0,1.27,
2024-06-08 09:00:00,240.0,1.25,
2024-06-08 10:00:00,227.0,1.27,
2024-06-08 11:00:00,317.0,1.25,
2024-06-08 12:00:00,212.0,1.3,
2024-06-08 13:00:00,189.0,1.3,
2024-06-08 14:00:00,138.0,1.3,
2024-06-08 15:00:00,133.0,1.3,
2024-06-08 16:00:00,139.0,1.27,
2024-06-08 17:00:00,139.0,1.25,
2024-06-08 18:00:00,144.0,1.27,
2024-06-08 19:00:00,140.0,1.27,
2024-06-08 20:00:00,138.0,1.52,
2024-06-08 21:00:00,155.0,1.42,
2024-06-08 22:00:00,161.0,1.02,
2024-06-08 23:00:00,163.0,1.5,
2024-06-09 00:00:00,158.0,1.5,
2024-06-09 01:00:00,157.0,1.45,
2024-06-09 02:00:00,149.0,0.8,
2024-06-09 03:00:00,161.0,1.7,
2024-06-09 04:00:00,156.0,1.32,
2024-06-09 05:00:00,167.0,0.48,
2024-06-09 06:00:00,186.0,1.23,
2024-06-09 07:00:00,179.0,1.25,
2024-06-09 08:00:00,194.0,1.27,
2024-06-09 09:00:00,184.0,1.27,
2024-06-09 10:00:00,261.0,1.27,
2024-06-09 11:00:00,147.0,1.3,
2024-06-09 12:00:00,146.0,1.3,
2024-06-09 13:00:00,143.0,1.25,
2024-06-09 14:00:00,143.0,1.27,
2024-06-09 15:00:00,144.0,1.25,
2024-06-09 16:00:00,130.0,1.25,
2024-06-09 17:00:00,92.0,1.25,
2024-06-09 18:00:00,92.0,1.27,
2024-06-09 19:00:00,86.0,1.52,
2024-06-09 20:00:00,128.0,1.7,
2024-06-09 21:00:00,138.0,1.7,
2024-06-09 22:00:00,149.0,1.7,
2024-06-09 23:00:00,180.0,1.7,
2024-06-10 00:00:00,183.0,1.68,
2024-06-10 01:00:00,161.0,1.18,
2024-06-10 02:00:00,162.0,1.32,
2024-06-10 03:00:00,124.0,1.32,
2024-06-10 04:00:00,119.0,1.7,
2024-06-10 05:00:00,111.0,1.3,
2024-06-10 06:00:00,111.0,1.25,
2024-06-10 07:00:00,112.0,1.23,
2024-06-10 08:00:00,133.0,1.3,
2024-06-10 09:00:00,149.0,1.25,
2024-06-10 10:00:00,144.0,1.25,
2024-06-10 11:00:00,140.0,1.25,
2024-06-10 12:00:00,100.0,1.27,
2024-06-10 13:00:00,108.0,1.38,
2024-06-10 14:00:00,143.0,1.25,
2024-06-10 15:00:00,124.0,1.25,
2024-06-10 16:00:00,97.0,1.27,
2024-06-10 17:00:00,114.0,1.25,
2024-06-10 18:00:00,117.0,1.3,
2024-06-10 19:00:00,129.0,1.316,
2024-06-10 20:00:00,156.0,1.332,
2024-06-10 21:00:00,173.0,1.348,
2024-06-10 22:00:00,208.0,,
2024-06-10 23:00:00,243.0,,
2024-06-11 00:00:00,320.0,,
2024-06-11 01:00:00,320.0,,
2024-06-11 02:00:00,279.0,,
2024-06-11 03:00:00,238.0,,
2024-06-11 04:00:00,233.5,,
2024-06-11 05:00:00,271.75,,
2024-06-11 06:00:00,339.0,,
2024-06-11 07:00:00,427.5,,
2024-06-11 08:00:00,451.0,,
2024-06-11 09:00:00,414.375,,
2024-06-11 10:00:00,377.75,,
2024-06-11 11:00:00,341.125,,
2024-06-11 12:00:00,,,
2024-06-11 13:00:00,,,
2024-06-11 14:00:00,,,
2024-06-11 15:00:00,,,
2024-06-11 16:00:00,158.0,,
2024-06-11 17:00:00,150.0,,
2024-06-11 18:00:00,128.0,,
2024-06-11 19:00:00,122.0,1.7,
2024-06-11 20:00:00,128.0,1.7,
2024-06-11 21:00:00,151.0,1.7,
2024-06-11 22:00:00,185.0,1.7,
2024-06-11 23:00:00,189.0,1.7,
2024-06-12 00:00:00,200.0,1.7,
2024-06-12 01:00:00,202.0,1.7,132.0
2024-06-12 02:00:00,166.0,1.7,132.0
2024-06-12 03:00:00,167.0,1.7,141.0
2024-06-12 04:00:00,175.0,1.7,144.171875
2024-06-12 05:00:00,186.0,1.2,147.34375
2024-06-12 06:00:00,260.0,1.42,150.515625
2024-06-12 07:00:00,226.0,1.27,
2024-06-12 08:00:00,241.0,1.25,
2024-06-12 09:00:00,232.0,1.3,
2024-06-12 10:00:00,235.0,1.27,
2024-06-12 11:00:00,235.0,1.2,
2024-06-12 12:00:00,235.0,1.3,
2024-06-12 13:00:00,213.0,1.3,
2024-06-12 14:00:00,175.5,1.3,
2024-06-12 15:00:00,140.5,1.3,
2024-06-12 16:00:00,116.5,1.27,
2024-06-12 17:00:00,105.0,1.25,
2024-06-12 18:00:00,102.0,1.35,
2024-06-12 19:00:00,111.0,1.7,
2024-06-12 20:00:00,172.0,1.7,
2024-06-12 21:00:00,186.0,1.7,
2024-06-12 22:00:00,213.0,1.7,
2024-06-12 23:00:00,207.0,1.7,
2024-06-13 00:00:00,216.0,1.7,
2024-06-13 01:00:00,237.0,1.68,
2024-06-13 02:00:00,230.0,1.18,
2024-06-13 03:00:00,252.0,1.23,
2024-06-13 04:00:00,179.0,1.32,
2024-06-13 05:00:00,147.0,1.27,
2024-06-13 06:00:00,129.0,1.27,
2024-06-13 07:00:00,136.0,1.27,
2024-06-13 08:00:00,134.0,1.25,
2024-06-13 09:00:00,196.0,1.3,
2024-06-13 10:00:00,245.0,1.3,
2024-06-13 11:00:00,323.0,1.3,
2024-06-13 12:00:00,273.0,1.25,
2024-06-13 13:00:00,227.0,1.3,
2024-06-13 14:00:00,166.0,1.3,
2024-06-13 15:00:00,144.0,1.3,
2024-06-13 16:00:00,107.0,1.27,
2024-06-13 17:00:00,113.0,1.27,
2024-06-13 18:00:00,97.0,1.32,
2024-06-13 19:00:00,106.0,1.18,
2024-06-13 20:00:00,156.0,1.42,
2024-06-13 21:00:00,208.0,1.38,
2024-06-13 22:00:00,282.0,1.25,
2024-06-13 23:00:00,256.0,1.23,
2024-06-14 00:00:00,172.0,1.27,
2024-06-14 01:00:00,161.0,1.27,
2024-06-14 02:00:00,141.0,1.25,
2024-06-14 03:00:00,110.0,1.27,
2024-06-14 04:00:00,119.0,1.25,
2024-06-14 05:00:00,162.0,1.25,
2024-06-14 06:00:00,149.0,1.3,
2024-06-14 07:00:00,161.0,1.27,
2024-06-14 08:00:00,191.0,1.3,
2024-06-14 09:00:00,287.0,1.3,
2024-06-14 10:00:00,410.0,1.27,
2024-06-14 11:00:00,342.0,1.27,
2024-06-14 12:00:00,311.0,1.3,
2024-06-14 13:00:00,288.0,1.3,
2024-06-14 14:00:00,218.0,1.27,
2024-06-14 15:00:00,183.0,1.25,
2024-06-14 16:00:00,162.0,1.23,
2024-06-14 17:00:00,167.0,1.3,
2024-06-14 18:00:00,162.0,1.2,
2024-06-14 19:00:00,473.0,1.25,344.0
2024-06-14 20:00:00,218.0,1.3,342.87704918032784
2024-06-14 21:00:00,180.0,1.25,341.75409836065575
2024-06-14 22:00:00,238.0,1.27,340.6311475409836
2024-06-14 23:00:00,140.0,1.3,
2024-06-15 00:00:00,95.0,1.23,
2024-06-15 01:00:00,119.0,1.3,
2024-06-15 02:00:00,64.0,1.2,
2024-06-15 03:00:00,73.0,1.25,
2024-06-15 04:00:00,86.0,1.35,
2024-06-15 05:00:00,88.0,1.27,
2024-06-15 06:00:00,103.0,1.27,
2024-06-15 07:00:00,108.0,1.3,
2024-06-15 08:00:00,129.0,1.27,
2024-06-15 09:00:00,207.0,1.3,
2024-06-15 10:00:00,364.0,1.27,
2024-06-15 11:00:00,349.0,1.27,
2024-06-15 12:00:00,345.0,1.3,
2024-06-15 13:00:00,266.0,1.3,
2024-06-15 14:00:00,232.0,1.25,
2024-06-15 15:00:00,210.0,1.3,
2024-06-15 16:00:00,164.0,1.3,
2024-06-15 17:00:00,157.0,1.27,
2024-06-15 18:00:00,162.0,1.23,
2024-06-15 19:00:00,164.0,1.35,
2024-06-15 20:00:00,172.0,0.88,
2024-06-15 21:00:00,184.0,0.75,
2024-06-15 22:00:00,208.0,1.6,
2024-06-15 23:00:00,213.0,1.6,
2024-06-16 00:00:00,208.0,1.7,
2024-06-16 01:00:00,184.0,1.7,
2024-06-16 02:00:00,178.0,0.98,
2024-06-16 03:00:00,204.0,1.25,
2024-06-16 04:00:00,260.0,1.08,
2024-06-16 05:00:00,218.0,1.12,
2024-06-16 06:00:00,216.0,1.2,
2024-06-16 07:00:00,243.0,1.25,
2024-06-16 08:00:00,215.0,1.3,
2024-06-16 09:00:00,219.0,1.27,
2024-06-16 10:00:00,212.0,1.3,
2024-06-16 11:00:00,260.0,1.27,
2024-06-16 12:00:00,186.0,1.27,
2024-06-16 13:00:00,195.0,1.27,
2024-06-16 14:00:00,172.0,1.25,
2024-06-16 15:00:00,153.0,1.3,
2024-06-16 16:00:00,144.0,1.25,
2024-06-16 17:00:00,127.0,1.27,
2024-06-16 18:00:00,128.0,1.25,
2024-06-16 19:00:00,128.0,0.98,
2024-06-16 20:00:00,139.0,0.3,
2024-06-16 21:00:00,140.0,0.3,
2024-06-16 22:00:00,152.0,0.3,
2024-06-16 23:00:00,155.0,0.3,
2024-06-17 00:00:00,172.0,0.9,
2024-06-17 01:00:00,260.0,1.6,
2024-06-17 02:00:00,216.0,1.12,
2024-06-17 03:00:00,173.0,1.27,
2024-06-17 04:00:00,184.0,1.27,
2024-06-17 05:00:00,172.0,1.32,
2024-06-17 06:00:00,149.0,1.05,
2024-06-17 07:00:00,163.0,1.32,
2024-06-17 08:00:00,179.0,1.32,
2024-06-17 09:00:00,196.0,1.23,
2024-06-17 10:00:00,196.0,1.3,
2024-06-17 11:00:00,201.0,1.27,
2024-06-17 12:00:00,177.0,1.27,
2024-06-17 13:00:00,160.0,1.25,
2024-06-17 14:00:00,157.0,1.23,
2024-06-17 15:00:00,150.0,1.27,
2024-06-17 16:00:00,127.0,1.3,
2024-06-17 17:00:00,136.0,1.27,
2024-06-17 18:00:00,134.0,1.3,
2024-06-17 19:00:00,157.0,1.12,
2024-06-17 20:00:00,211.0,1.7,
2024-06-17 21:00:00,204.0,1.7,
2024-06-17 22:00:00,179.0,1.7,
2024-06-17 23:00:00,210.0,1.7,
2024-06-18 00:00:00,217.0,0.98,
2024-06-18 01:00:00,249.0,0.62,
2024-06-18 02:00:00,224.0,1.5,
2024-06-18 03:00:00,221.0,0.98,
2024-06-18 04:00:00,182.0,1.42,
2024-06-18 05:00:00,207.0,1.02,
2024-06-18 06:00:00,218.0,1.23,
2024-06-18 07:00:00,226.0,1.23,
2024-06-18 08:00:00,216.0,1.27,
2024-06-18 09:00:00,240.0,1.27,
2024-06-18 10:00:00,349.0,1.3,
2024-06-18 11:00:00,362.0,1.25,
2024-06-18 12:00:00,265.0,1.27,
2024-06-18 13:00:00,200.0,1.3,
2024-06-18 14:00:00,180.0,1.27,
2024-06-18 15:00:00,227.0,1.25,
2024-06-18 16:00:00,357.0,1.27,
2024-06-18 17:00:00,367.0,1.27,
2024-06-18 18:00:00,351.0,1.3,
2024-06-18 19:00:00,366.0,1.3,
2024-06-18 20:00:00,406.0,1.23,
2024-06-18 21:00:00,381.0,1.42,
2024-06-18 22:00:00,362.0,1.7,
2024-06-18 23:00:00,371.0,1.48,
2024-06-19 00:00:00,368.0,1.7,
2024-06-19 01:00:00,316.0,1.7,
2024-06-19 02:00:00,304.0,1.42,
2024-06-19 03:00:00,263.0,1.35,
2024-06-19 04:00:00,211.0,1.27,
2024-06-19 05:00:00,167.0,1.27,
2024-06-19 06:00:00,146.0,1.25,
2024-06-19 07:00:00,194.0,1.25,
2024-06-19 08:00:00,237.0,1.23,
2024-06-19 09:00:00,301.5,1.3,
2024-06-19 10:00:00,320.75,1.3,
2024-06-19 11:00:00,290.0,1.27,
2024-06-19 12:00:00,315.0,1.25,
2024-06-19 13:00:00,311.0,1.25,
2024-06-19 14:00:00,316.0,1.3,
2024-06-19 15:00:00,309.0,1.3,
2024-06-19 16:00:00,243.0,1.32,
2024-06-19 17:00:00,215.0,1.27,
2024-06-19 18:00:00,207.0,1.3,
2024-06-19 19:00:00,208.0,1.23,
2024-06-19 20:00:00,222.0,1.42,
2024-06-19 21:00:00,204.0,1.52,207.0
2024-06-19 22:00:00,246.0,1.18,121.25
2024-06-19 23:00:00,412.0,1.35,239.0
2024-06-20 00:00:00,342.0,1.27,197.0
2024-06-20 01:00:00,123.0,1.18,108.0
2024-06-20 02:00:00,66.0,1.23,140.25
2024-06-20 03:00:00,70.0,1.32,162.0
2024-06-20 04:00:00,90.0,1.15,223.5
2024-06-20 05:00:00,83.0,1.02,283.0
2024-06-20 06:00:00,78.0,1.32,299.0
2024-06-20 07:00:00,100.0,1.27,340.0
2024-06-20 08:00:00,141.0,1.23,303.0
2024-06-20 09:00:00,91.0,1.25,203.5
2024-06-20 10:00:00,99.0,1.27,170.5
2024-06-20 11:00:00,90.0,1.25,133.5
2024-06-20 12:00:00,110.0,1.25,122.75
2024-06-20 13:00:00,133.0,1.42,114.0
2024-06-20 14:00:00,135.0,1.12,239.0
2024-06-20 15:00:00,128.0,1.5,197.33
2024-06-20 16:00:00,134.0,1.2,222.25
2024-06-20 17:00:00,128.0,1.1,250.33
2024-06-20 18:00:00,123.0,1.45,216.25
2024-06-20 19:00:00,147.0,1.27,90.75
2024-06-20 20:00:00,152.0,1.7,127.67
2024-06-20 21:00:00,144.0,1.7,135.75
2024-06-20 22:00:00,145.0,1.7,119.0
2024-06-20 23:00:00,167.0,1.6,276.25
2024-06-21 00:00:00,107.0,1.35,262.75
2024-06-21 01:00:00,108.0,1.58,151.25
2024-06-21 02:00:00,88.0,1.15,330.0
2024-06-21 03:00:00,72.0,1.38,301.06600000000003
2024-06-21 04:00:00,162.0,1.27,272.132
2024-06-21 05:00:00,112.0,1.23,243.198
2024-06-21 06:00:00,172.0,1.38,
2024-06-21 07:00:00,331.0,0.98,185.33
2024-06-21 08:00:00,300.0,1.27,150.75
2024-06-21 09:00:00,241.0,1.38,198.0
2024-06-21 10:00:00,196.0,1.3,163.0
2024-06-21 11:00:00,153.0,1.38,118.25
2024-06-21 12:00:00,153.0,1.2,157.0
2024-06-21 13:00:00,124.0,0.9,220.0
2024-06-21 14:00:00,116.0,1.25,203.22333333333333
2024-06-21 15:00:00,136.0,1.05,186.44666666666666
2024-06-21 16:00:00,66.0,1.35,169.67
2024-06-21 17:00:00,81.0,1.2,126.0
2024-06-21 18:00:00,75.0,1.7,109.0
2024-06-21 19:00:00,90.0,1.7,92.0
2024-06-21 20:00:00,106.0,1.7,75.0
2024-06-21 21:00:00,102.0,1.7,210.0
2024-06-21 22:00:00,127.0,1.7,198.0
2024-06-21 23:00:00,135.0,1.7,189.03666666666666
2024-06-22 00:00:00,151.0,1.7,180.07333333333332
2024-06-22 01:00:00,139.0,1.7,171.11
2024-06-22 02:00:00,136.0,1.7,
2024-06-22 03:00:00,136.0,1.7,
2024-06-22 04:00:00,140.0,1.7,
2024-06-22 05:00:00,160.0,1.7,
2024-06-22 06:00:00,184.0,1.7,
2024-06-22 07:00:00,224.0,1.7,117.33
2024-06-22 08:00:00,272.0,1.7,292.5
2024-06-22 09:00:00,245.0,1.55,221.75
2024-06-22 10:00:00,168.0,1.65,192.0
2024-06-22 11:00:00,161.0,1.25,175.67
2024-06-22 12:00:00,135.0,0.92,189.33
2024-06-22 13:00:00,143.0,1.3,208.67
2024-06-22 14:00:00,124.0,1.12,265.0
2024-06-22 15:00:00,140.0,1.27,142.33
2024-06-22 16:00:00,133.0,1.52,138.5
2024-06-22 17:00:00,130.0,0.88,213.67
2024-06-22 18:00:00,136.0,0.92,164.25
2024-06-22 19:00:00,151.0,1.32,100.25
2024-06-22 20:00:00,122.0,1.38,121.25
2024-06-22 21:00:00,125.0,1.5,101.75
2024-06-22 22:00:00,146.0,1.18,108.25
2024-06-22 23:00:00,152.0,1.17,107.25
2024-06-23 00:00:00,143.0,0.35,102.25
2024-06-23 01:00:00,118.0,1.23,100.5
2024-06-23 02:00:00,128.0,1.62,106.75
2024-06-23 03:00:00,96.0,1.22,108.0
2024-06-23 04:00:00,128.0,0.35,108.0
2024-06-23 05:00:00,124.0,1.7,88.0
2024-06-23 06:00:00,110.0,1.7,101.25
2024-06-23 07:00:00,121.0,1.32,91.25
2024-06-23 08:00:00,129.0,1.48,98.5
2024-06-23 09:00:00,136.0,1.2,117.75
2024-06-23 10:00:00,138.0,1.35,96.75
2024-06-23 11:00:00,123.0,1.32,115.5
2024-06-23 12:00:00,100.0,1.1,127.5
2024-06-23 13:00:00,91.0,1.4,210.0
2024-06-23 14:00:00,100.0,1.08,110.75
2024-06-23 15:00:00,97.0,1.45,124.5
2024-06-23 16:00:00,102.0,1.42,130.75
2024-06-23 17:00:00,81.0,1.15,144.75
2024-06-23 18:00:00,92.0,1.38,229.75
2024-06-23 19:00:00,100.0,0.45,172.875
2024-06-23 20:00:00,106.0,0.3,116.0
2024-06-23 21:00:00,121.0,0.3,118.5
2024-06-23 22:00:00,144.0,0.9,154.0
2024-06-23 23:00:00,129.0,1.18,101.75
2024-06-24 00:00:00,135.0,1.4,110.75
2024-06-24 01:00:00,118.0,1.27,107.75
2024-06-24 02:00:00,117.0,1.5,104.0
2024-06-24 03:00:00,127.0,1.7,173.75
2024-06-24 04:00:00,124.0,1.6,230.5
2024-06-24 05:00:00,118.0,0.38,169.67
2024-06-24 06:00:00,116.0,1.4,130.25
2024-06-24 07:00:00,150.0,0.57,168.5
2024-06-24 08:00:00,129.0,0.95,134.75
2024-06-24 09:00:00,138.0,1.27,99.0
2024-06-24 10:00:00,103.0,1.15,130.25
2024-06-24 11:00:00,103.0,1.4,154.0
2024-06-24 12:00:00,108.0,1.32,214.75
2024-06-24 13:00:00,99.0,1.23,196.5
2024-06-24 14:00:00,122.0,1.32,97.25
2024-06-24 15:00:00,72.0,1.3,96.25
2024-06-24 16:00:00,249.0,1.25,97.0
2024-06-24 17:00:00,97.0,1.27,110.5
2024-06-24 18:00:00,70.0,1.45,254.75
2024-06-24 19:00:00,102.0,1.7,355.0
2024-06-24 20:00:00,66.0,1.7,86.75
2024-06-24 21:00:00,74.0,1.42,137.0
2024-06-24 22:00:00,99.0,1.08,112.25
2024-06-24 23:00:00,89.0,1.52,65.0
2024-06-25 00:00:00,80.0,1.7,76.75
2024-06-25 01:00:00,107.0,1.42,94.0
2024-06-25 02:00:00,80.0,1.7,81.25
2024-06-25 03:00:00,73.0,0.5,93.0
2024-06-25 04:00:00,72.0,1.2,104.75
2024-06-25 05:00:00,74.0,1.4,104.75
2024-06-25 06:00:00,69.0,1.0,77.75
2024-06-25 07:00:00,99.0,0.7,97.75
2024-06-25 08:00:00,106.0,1.7,122.75
2024-06-25 09:00:00,102.0,1.7,261.67
2024-06-25 10:00:00,111.0,1.45,149.0
2024-06-25 11:00:00,107.0,1.02,158.0
2024-06-25 12:00:00,99.0,1.08,153.25
2024-06-25 13:00:00,103.0,1.12,207.75
2024-06-25 14:00:00,100.0,1.6,150.25
2024-06-25 15:00:00,100.0,1.45,150.0
2024-06-25 16:00:00,92.0,1.48,250.5
2024-06-25 17:00:00,108.0,1.32,140.0
2024-06-25 18:00:00,97.0,1.7,92.0
2024-06-25 19:00:00,100.0,1.4,183.0
2024-06-25 20:00:00,123.0,1.3,128.0
2024-06-25 21:00:00,118.0,1.2,111.0
2024-06-25 22:00:00,186.0,0.95,155.25
2024-06-25 23:00:00,96.0,1.0,230.0
2024-06-26 00:00:00,67.0,1.18,176.0
2024-06-26 01:00:00,48.0,1.68,113.0
2024-06-26 02:00:00,85.0,1.25,109.75
2024-06-26 03:00:00,114.0,0.75,151.0
2024-06-26 04:00:00,81.0,1.5,111.5
2024-06-26 05:00:00,84.0,0.32,128.0
2024-06-26 06:00:00,92.0,1.05,106.5
2024-06-26 07:00:00,153.0,1.2,97.25
2024-06-26 08:00:00,147.0,1.3,109.5
2024-06-26 09:00:00,128.0,1.25,95.5
2024-06-26 10:00:00,124.0,1.18,173.0
2024-06-26 11:00:00,132.0,1.12,340.0
2024-06-26 12:00:00,130.0,0.82,268.5
2024-06-26 13:00:00,129.0,1.02,133.5
2024-06-26 14:00:00,103.0,1.3,91.75
2024-06-26 15:00:00,77.0,1.27,91.5
2024-06-26 16:00:00,80.0,1.25,94.0
2024-06-26 17:00:00,67.0,1.2,102.5
2024-06-26 18:00:00,72.0,1.2,110.25
2024-06-26 19:00:00,77.0,1.23,112.75
2024-06-26 20:00:00,79.0,1.35,125.5
2024-06-26 21:00:00,73.0,1.32,113.25
2024-06-26 22:00:00,66.0,1.2,99.5
2024-06-26 23:00:00,81.0,1.35,104.25
2024-06-27 00:00:00,58.0,1.38,101.75
2024-06-27 01:00:00,75.0,1.12,113.75
2024-06-27 02:00:00,84.0,1.2,95.75
2024-06-27 03:00:00,63.0,1.25,92.5
2024-06-27 04:00:00,56.0,1.23,97.5
2024-06-27 05:00:00,58.0,1.3,93.75
2024-06-27 06:00:00,69.0,1.08,94.0
2024-06-27 07:00:00,73.0,1.23,91.0
2024-06-27 08:00:00,64.0,1.27,96.5
2024-06-27 09:00:00,45.0,1.25,95.25
2024-06-27 10:00:00,12.0,1.25,95.0
2024-06-27 11:00:00,23.0,1.27,92.75
2024-06-27 12:00:00,29.0,1.23,92.75
2024-06-27 13:00:00,29.0,1.25,90.75
2024-06-27 14:00:00,30.0,1.2,86.75
2024-06-27 15:00:00,30.0,1.23,102.0
2024-06-27 16:00:00,31.0,1.15,97.0
2024-06-27 17:00:00,38.0,1.25,102.75
2024-06-27 18:00:00,46.0,1.25,104.5
2024-06-27 19:00:00,48.0,1.25,104.75
2024-06-27 20:00:00,47.0,1.15,102.5
2024-06-27 21:00:00,45.0,1.02,102.75
2024-06-27 22:00:00,57.0,1.27,107.5
2024-06-27 23:00:00,61.0,0.42,98.0
2024-06-28 00:00:00,69.0,1.12,86.75
2024-06-28 01:00:00,78.0,1.08,82.0
2024-06-28 02:00:00,58.0,0.9,95.25
2024-06-28 03:00:00,45.0,1.18,351.0
2024-06-28 04:00:00,33.0,1.62,235.0
2024-06-28 05:00:00,24.0,1.1,224.0
2024-06-28 06:00:00,27.77777777777778,1.2850000000000001,160.5
2024-06-28 07:00:00,31.555555555555557,1.47,97.0
2024-06-28 08:00:00,35.33333333333333,1.2,104.5
2024-06-28 09:00:00,,1.1583333333333332,106.66666666666667
2024-06-28 10:00:00,,1.1166666666666667,108.83333333333333
2024-06-28 11:00:00,,1.075,111.0
2024-06-28 12:00:00,,,
2024-06-28 13:00:00,,,
2024-06-28 14:00:00,58.0,0.95,117.5
2024-06-28 15:00:00,62.0,1.23,102.25
2024-06-28 16:00:00,59.0,1.05,131.75
2024-06-28 17:00:00,69.0,1.0,125.25
2024-06-28 18:00:00,70.0,1.27,100.25
2024-06-28 19:00:00,85.0,0.68,180.0
2024-06-28 20:00:00,97.0,0.3,204.33
2024-06-28 21:00:00,94.0,0.3,179.0
2024-06-28 22:00:00,106.0,0.3,144.0
2024-06-28 23:00:00,117.0,0.3,174.5
2024-06-29 00:00:00,127.0,0.3,147.5
2024-06-29 01:00:00,117.0,0.3,96.0
2024-06-29 02:00:00,157.0,0.3,112.0
2024-06-29 03:00:00,123.0,0.3,114.75
2024-06-29 04:00:00,127.0,0.3,109.5
2024-06-29 05:00:00,118.0,0.3,112.75
2024-06-29 06:00:00,101.0,0.72,118.5
2024-06-29 07:00:00,96.0,1.45,135.5
2024-06-29 08:00:00,102.0,1.32,343.0
2024-06-29 09:00:00,44.0,0.95,332.7
2024-06-29 10:00:00,35.0,1.4,322.4
2024-06-29 11:00:00,50.0,1.27,312.1
2024-06-29 12:00:00,72.0,1.3,
2024-06-29 13:00:00,61.0,1.35,291.5
2024-06-29 14:00:00,53.0,1.38,257.0
2024-06-29 15:00:00,69.0,0.9,119.5
2024-06-29 16:00:00,42.0,1.3,136.66666666666666
2024-06-29 17:00:00,30.0,1.7,153.83333333333334
2024-06-29 18:00:00,42.0,1.7,171.0
2024-06-29 19:00:00,66.0,1.3,96.5
2024-06-29 20:00:00,101.0,1.48,93.25
2024-06-29 21:00:00,103.0,1.45,106.5
2024-06-29 22:00:00,100.0,1.32,124.5
2024-06-29 23:00:00,108.0,1.45,211.0
2024-06-30 00:00:00,70.0,1.7,188.25
2024-06-30 01:00:00,67.0,1.7,148.25
2024-06-30 02:00:00,59.0,1.7,145.5
2024-06-30 03:00:00,55.0,1.7,135.0
2024-06-30 04:00:00,94.0,1.7,85.0
2024-06-30 05:00:00,89.0,1.7,85.0
2024-06-30 06:00:00,79.0,1.7,172.0
2024-06-30 07:00:00,66.0,1.7,216.0
2024-06-30 08:00:00,61.0,1.7,260.0
2024-06-30 09:00:00,55.0,1.32,304.0
2024-06-30 10:00:00,67.0,0.57,348.0
2024-06-30 11:00:00,74.66666666666667,0.3,193.0
2024-06-30 12:00:00,82.33333333333333,0.32,319.0
2024-06-30 13:00:00,90.0,0.85,274.5
2024-06-30 14:00:00,107.0,1.27,230.0
2024-06-30 15:00:00,111.0,1.45,305.33
2024-06-30 16:00:00,99.0,1.23,322.0
2024-06-30 17:00:00,89.0,1.38,238.67
2024-06-30 18:00:00,96.0,1.5,92.0
2024-06-30 19:00:00,97.0,1.32,111.5
2024-06-30 20:00:00,108.0,1.25,117.25
2024-06-30 21:00:00,110.0,1.12,214.25
2024-06-30 22:00:00,83.0,1.5,246.25
2024-06-30 23:00:00,75.0,1.7,189.0
2024-07-01 00:00:00,69.0,1.7,186.33
2024-07-01 01:00:00,75.0,1.7,191.67
2024-07-01 02:00:00,58.0,1.7,264.0
2024-07-01 03:00:00,61.0,1.62,261.9047619047619
2024-07-01 04:00:00,58.0,1.18,259.8095238095238
2024-07-01 05:00:00,40.0,0.3,257.7142857142857
2024-07-01 06:00:00,35.0,0.92,
2024-07-01 07:00:00,39.0,1.27,
2024-07-01 08:00:00,50.0,1.18,
2024-07-01 09:00:00,45.0,1.25,
2024-07-01 10:00:00,59.0,1.27,
2024-07-01 11:00:00,67.0,1.1,
2024-07-01 12:00:00,61.0,1.3,
2024-07-01 13:00:00,63.0,1.32,
2024-07-01 14:00:00,75.0,1.12,
2024-07-01 15:00:00,81.0,1.45,
2024-07-01 16:00:00,83.0,1.3,
2024-07-01 17:00:00,84.0,1.4,
2024-07-01 18:00:00,89.0,1.7,
2024-07-01 19:00:00,84.0,1.48,
2024-07-01 20:00:00,102.0,1.1,
2024-07-01 21:00:00,105.0,1.5,
2024-07-01 22:00:00,121.0,1.68,
2024-07-01 23:00:00,119.0,1.62,220.0
2024-07-02 00:00:00,121.0,1.22,221.76470588235293
2024-07-02 01:00:00,103.0,0.3,223.52941176470588
2024-07-02 02:00:00,108.0,0.8,225.2941176470588
2024-07-02 03:00:00,91.0,0.88,
2024-07-02 04:00:00,78.0,0.32,
2024-07-02 05:00:00,72.0,1.45,
2024-07-02 06:00:00,67.0,1.52,
2024-07-02 07:00:00,69.0,1.52,
2024-07-02 08:00:00,75.0,1.27,
2024-07-02 09:00:00,102.0,1.32,
2024-07-02 10:00:00,128.0,1.12,
2024-07-02 11:00:00,88.0,1.2,
2024-07-02 12:00:00,79.0,1.4,
2024-07-02 13:00:00,83.0,1.2,
2024-07-02 14:00:00,70.0,1.32,
2024-07-02 15:00:00,74.0,0.82,
2024-07-02 16:00:00,59.0,0.7,250.0
2024-07-02 17:00:00,69.0,0.82,191.75
2024-07-02 18:00:00,73.0,1.38,260.75
2024-07-02 19:00:00,69.0,1.12,201.5
2024-07-02 20:00:00,66.0,1.12,123.5
2024-07-02 21:00:00,95.0,1.27,96.75
2024-07-02 22:00:00,95.0,1.48,97.0
2024-07-02 23:00:00,96.0,0.82,113.75
2024-07-03 00:00:00,75.0,0.58,137.0
2024-07-03 01:00:00,69.0,1.32,141.0
2024-07-03 02:00:00,46.0,1.5,163.25
2024-07-03 03:00:00,44.0,1.5,231.75
2024-07-03 04:00:00,50.0,1.25,214.0
2024-07-03 05:00:00,52.0,1.58,278.0
2024-07-03 06:00:00,51.0,1.7,198.33
2024-07-03 07:00:00,64.0,1.7,95.33
2024-07-03 08:00:00,95.0,1.7,56.0
2024-07-03 09:00:00,73.25,1.3,88.67
2024-07-03 10:00:00,122.25,1.15,97.75
2024-07-03 11:00:00,139.67,1.2,96.0
2024-07-03 12:00:00,133.0,1.2,98.0
2024-07-03 13:00:00,101.0,1.27,99.25
2024-07-03 14:00:00,79.0,1.25,99.0
2024-07-03 15:00:00,55.0,1.27,113.33
2024-07-03 16:00:00,20.0,0.88,204.0
2024-07-03 17:00:00,22.5,0.88,169.0
2024-07-03 18:00:00,25.0,1.3,185.33
2024-07-03 19:00:00,48.0,0.42,175.0
2024-07-03 20:00:00,59.0,0.9,133.5
2024-07-03 21:00:00,94.0,1.4,102.75
2024-07-03 22:00:00,79.0,1.3,97.25
2024-07-03 23:00:00,52.0,1.25,96.25
2024-07-04 00:00:00,52.0,1.3,107.0
2024-07-04 01:00:00,34.0,1.12,106.5
2024-07-04 02:00:00,28.0,1.1,99.0
2024-07-04 03:00:00,24.0,1.12,95.75
2024-07-04 04:00:00,20.0,0.75,116.5
2024-07-04 05:00:00,27.0,1.32,108.75
2024-07-04 06:00:00,20.0,1.7,112.0
2024-07-04 07:00:00,27.0,1.35,97.0
2024-07-04 08:00:00,44.0,1.25,91.5
2024-07-04 09:00:00,20.0,0.9,109.5
2024-07-04 10:00:00,30.0,1.0,108.0
2024-07-04 11:00:00,55.0,1.6,108.5
2024-07-04 12:00:00,55.0,1.42,184.25
2024-07-04 13:00:00,55.0,1.32,101.0
2024-07-04 14:00:00,48.0,1.45,90.0
2024-07-04 15:00:00,34.0,1.23,93.5
2024-07-04 16:00:00,20.0,1.15,224.0
2024-07-04 17:00:00,30.0,1.3,99.5
2024-07-04 18:00:00,45.0,1.25,83.25
2024-07-04 19:00:00,53.0,1.32,94.5
2024-07-04 20:00:00,84.0,1.08,104.25
2024-07-04 21:00:00,83.0,0.45,95.25
2024-07-04 22:00:00,63.0,0.62,101.75
2024-07-04 23:00:00,67.0,1.15,104.25
2024-07-05 00:00:00,55.0,1.7,90.25
2024-07-05 01:00:00,40.0,1.7,71.25
2024-07-05 02:00:00,52.0,1.7,57.75
2024-07-05 03:00:00,46.0,1.7,65.25
2024-07-05 04:00:00,59.0,1.7,69.0
2024-07-05 05:00:00,62.0,1.7,90.5
2024-07-05 06:00:00,62.0,1.7,86.5
2024-07-05 07:00:00,58.0,1.7,132.25
2024-07-05 08:00:00,66.0,0.88,85.0
2024-07-05 09:00:00,67.0,1.05,96.75
2024-07-05 10:00:00,66.0,1.35,97.25
2024-07-05 11:00:00,56.0,1.12,84.0
2024-07-05 12:00:00,40.0,1.23,92.0
2024-07-05 13:00:00,48.0,1.27,86.5
2024-07-05 14:00:00,27.0,1.27,96.25
2024-07-05 15:00:00,33.0,1.23,100.0
2024-07-05 16:00:00,30.0,1.27,95.75
2024-07-05 17:00:00,27.0,1.23,89.25
2024-07-05 18:00:00,41.0,1.27,85.75
2024-07-05 19:00:00,48.0,1.25,85.5
2024-07-05 20:00:00,45.0,1.23,88.5
2024-07-05 21:00:00,44.0,1.25,92.25
2024-07-05 22:00:00,35.0,1.23,99.75
2024-07-05 23:00:00,34.0,1.12,100.0
2024-07-06 00:00:00,28.0,1.08,90.5
2024-07-06 01:00:00,34.0,1.23,100.75
2024-07-06 02:00:00,25.0,0.98,92.5
2024-07-06 03:00:00,36.0,1.55,88.0
2024-07-06 04:00:00,40.0,1.7,82.0
2024-07-06 05:00:00,30.0,1.7,72.25
2024-07-06 06:00:00,29.0,1.7,140.0
2024-07-06 07:00:00,42.0,1.48,88.75
2024-07-06 08:00:00,46.0,0.42,101.0
2024-07-06 09:00:00,51.0,0.3,78.5
2024-07-06 10:00:00,40.0,1.48,242.0
2024-07-06 11:00:00,44.0,1.62,249.66666666666666
2024-07-06 12:00:00,61.0,1.32,257.3333333333333
2024-07-06 13:00:00,73.0,1.23,265.0
2024-07-06 14:00:00,56.0,1.08,226.0
2024-07-06 15:00:00,47.0,1.32,217.25
2024-07-06 16:00:00,42.0,1.3,221.875
2024-07-06 17:00:00,51.0,1.23,226.5
2024-07-06 18:00:00,51.0,1.05,144.0
2024-07-06 19:00:00,41.0,1.25,78.0
2024-07-06 20:00:00,44.0,1.18,87.0
2024-07-06 21:00:00,50.0,1.3,92.25
2024-07-06 22:00:00,40.0,1.12,95.5
2024-07-06 23:00:00,25.0,1.25,92.25
2024-07-07 00:00:00,19.0,1.27,98.0
2024-07-07 01:00:00,18.0,1.18,94.5
2024-07-07 02:00:00,12.0,1.15,91.5
2024-07-07 03:00:00,17.0,0.98,90.25
2024-07-07 04:00:00,34.0,1.4,73.5
2024-07-07 05:00:00,28.0,1.0,101.5
2024-07-07 06:00:00,12.0,1.15,84.5
2024-07-07 07:00:00,18.0,1.23,97.5
2024-07-07 08:00:00,23.0,1.12,189.5
2024-07-07 09:00:00,13.0,0.75,141.67
2024-07-07 10:00:00,24.0,1.18,183.5
2024-07-07 11:00:00,18.0,1.2,120.5
2024-07-07 12:00:00,28.0,1.25,103.75
2024-07-07 13:00:00,30.0,1.23,94.0
2024-07-07 14:00:00,38.0,1.3,124.75
2024-07-07 15:00:00,34.0,1.25,105.0
2024-07-07 16:00:00,18.0,1.3,97.75
2024-07-07 17:00:00,28.0,1.23,93.5
2024-07-07 18:00:00,35.0,1.27,90.25
2024-07-07 19:00:00,36.0,1.25,85.75
2024-07-07 20:00:00,38.0,1.25,82.75
2024-07-07 21:00:00,46.0,1.12,94.0
2024-07-07 22:00:00,39.0,1.2,95.0
2024-07-07 23:00:00,33.0,1.25,94.5
2024-07-08 00:00:00,16.0,1.42,93.0
2024-07-08 01:00:00,19.0,1.35,113.25
2024-07-08 02:00:00,24.0,1.12,108.5
2024-07-08 03:00:00,16.0,0.3,83.25
2024-07-08 04:00:00,19.0,0.3,94.33
2024-07-08 05:00:00,23.0,0.3,198.5
2024-07-08 06:00:00,24.0,0.38,260.0
2024-07-08 07:00:00,46.0,1.35,254.0
2024-07-08 08:00:00,51.0,1.23,230.25
2024-07-08 09:00:00,27.0,1.15,157.75
2024-07-08 10:00:00,31.0,1.55,202.25
2024-07-08 11:00:00,28.0,1.12,217.0
2024-07-08 12:00:00,38.0,1.15,246.0
2024-07-08 13:00:00,33.0,1.32,185.5
2024-07-08 14:00:00,31.0,1.23,294.0
2024-07-08 15:00:00,27.0,1.38,235.0
2024-07-08 16:00:00,41.0,1.3,224.5
2024-07-08 17:00:00,57.0,1.0,204.75
2024-07-08 18:00:00,66.0,1.38,146.25
2024-07-08 19:00:00,72.0,1.6,84.25
2024-07-08 20:00:00,81.0,1.08,77.0
2024-07-08 21:00:00,77.0,0.57,82.25
2024-07-08 22:00:00,80.0,1.45,129.25
2024-07-08 23:00:00,92.0,1.7,148.0
2024-07-09 00:00:00,86.0,1.32,117.75
2024-07-09 01:00:00,77.0,1.5,85.75
2024-07-09 02:00:00,75.0,1.3,96.0
2024-07-09 03:00:00,50.0,1.27,86.75
2024-07-09 04:00:00,56.0,1.7,81.5
2024-07-09 05:00:00,57.0,1.7,102.0
2024-07-09 06:00:00,64.0,1.35,119.75
2024-07-09 07:00:00,63.0,1.55,111.75
2024-07-09 08:00:00,70.0,1.58,97.25
2024-07-09 09:00:00,101.0,1.08,119.25
2024-07-09 10:00:00,102.0,1.38,180.5
2024-07-09 11:00:00,85.0,1.42,158.33
2024-07-09 12:00:00,56.0,1.58,205.0
2024-07-09 13:00:00,24.0,1.2,197.0
2024-07-09 14:00:00,29.0,1.65,270.33
2024-07-09 15:00:00,22.0,0.92,120.0
2024-07-09 16:00:00,52.0,0.3,215.0
2024-07-09 17:00:00,72.0,0.3,74.0
2024-07-09 18:00:00,88.0,0.3,96.75
2024-07-09 19:00:00,92.0,0.3,84.75
2024-07-09 20:00:00,122.0,0.3,124.0
2024-07-09 21:00:00,175.0,0.3,120.0
2024-07-09 22:00:00,150.0,0.3,84.25
2024-07-09 23:00:00,129.0,0.3,81.25
2024-07-10 00:00:00,124.0,0.3,87.0
2024-07-10 01:00:00,125.0,0.3,118.5
2024-07-10 02:00:00,146.0,0.3,151.25
2024-07-10 03:00:00,114.0,0.3,121.0
2024-07-10 04:00:00,101.0,0.3,117.0
2024-07-10 05:00:00,103.0,0.3,83.0
2024-07-10 06:00:00,89.0,0.3,96.0
2024-07-10 07:00:00,121.0,0.3,145.5
2024-07-10 08:00:00,122.0,0.68,127.33
2024-07-10 09:00:00,94.0,1.7,85.0
2024-07-10 10:00:00,95.0,1.7,212.0
2024-07-10 11:00:00,81.0,1.7,339.0
2024-07-10 12:00:00,79.0,1.7,250.0
2024-07-10 13:00:00,90.0,1.7,265.0
2024-07-10 14:00:00,84.0,1.65,103.75
2024-07-10 15:00:00,55.0,1.7,139.0
2024-07-10 16:00:00,50.0,1.7,150.67
2024-07-10 17:00:00,57.0,1.7,102.5
2024-07-10 18:00:00,94.0,1.7,96.5
2024-07-10 19:00:00,77.0,1.7,102.5
2024-07-10 20:00:00,96.0,1.7,138.5
2024-07-10 21:00:00,122.0,1.7,143.33
2024-07-10 22:00:00,118.0,1.7,115.0
2024-07-10 23:00:00,124.0,1.7,282.5
2024-07-11 00:00:00,105.0,1.7,155.67
2024-07-11 01:00:00,80.0,1.7,171.0
2024-07-11 02:00:00,77.0,1.7,159.5
2024-07-11 03:00:00,101.0,1.7,148.0
2024-07-11 04:00:00,124.0,1.7,158.67
2024-07-11 05:00:00,100.0,1.7,165.0
2024-07-11 06:00:00,80.0,1.7,203.33
2024-07-11 07:00:00,74.0,1.7,97.0
2024-07-11 08:00:00,80.0,1.7,108.04125
2024-07-11 09:00:00,88.0,1.7,119.08250000000001
2024-07-11 10:00:00,80.0,1.7,130.12375
2024-07-11 11:00:00,70.0,1.7,
2024-07-11 12:00:00,70.0,1.7,
2024-07-11 13:00:00,75.0,1.7,
2024-07-11 14:00:00,91.0,1.7,
2024-07-11 15:00:00,89.0,1.7,185.33
2024-07-11 16:00:00,101.0,1.7,82.0
2024-07-11 17:00:00,100.0,1.7,87.5
2024-07-11 18:00:00,88.0,1.7,143.0
2024-07-11 19:00:00,97.0,1.7,89.25
2024-07-11 20:00:00,138.0,1.7,111.25
2024-07-11 21:00:00,190.0,1.7,99.25
2024-07-11 22:00:00,173.0,1.7,273.5
2024-07-11 23:00:00,103.0,1.7,281.0
2024-07-12 00:00:00,108.0,1.7,277.3478260869565
2024-07-12 01:00:00,136.0,1.7,273.69565217391306
2024-07-12 02:00:00,130.0,1.7,270.04347826086956
2024-07-12 03:00:00,101.0,1.7,
2024-07-12 04:00:00,73.0,1.7,
2024-07-12 05:00:00,55.0,1.7,
2024-07-12 06:00:00,38.0,1.7,
2024-07-12 07:00:00,42.0,1.7,
2024-07-12 08:00:00,41.0,0.35,
2024-07-12 09:00:00,46.0,0.3,
2024-07-12 10:00:00,58.0,0.3,
2024-07-12 11:00:00,56.0,0.3,
2024-07-12 12:00:00,64.0,0.3,
2024-07-12 13:00:00,55.0,0.3,
2024-07-12 14:00:00,61.0,0.3,
2024-07-12 15:00:00,67.0,0.3,
2024-07-12 16:00:00,63.0,0.3,
2024-07-12 17:00:00,72.0,0.3,
2024-07-12 18:00:00,77.0,0.3,
2024-07-12 19:00:00,90.0,0.3,
2024-07-12 20:00:00,103.0,1.1,
2024-07-12 21:00:00,99.0,1.7,
2024-07-12 22:00:00,111.0,1.7,197.0
2024-07-12 23:00:00,119.0,1.7,209.4175
2024-07-13 00:00:00,108.0,1.7,221.83499999999998
2024-07-13 01:00:00,103.0,1.7,234.2525
2024-07-13 02:00:00,121.0,1.7,246.67
2024-07-13 03:00:00,117.0,1.7,283.44666666666666
2024-07-13 04:00:00,101.0,1.7,320.22333333333336
2024-07-13 05:00:00,110.0,1.2,357.0
2024-07-13 06:00:00,95.0,0.3,190.0
2024-07-13 07:00:00,45.0,0.3,109.75
2024-07-13 08:00:00,35.0,0.3,113.0
2024-07-13 09:00:00,39.0,0.3,111.0
2024-07-13 10:00:00,38.0,0.3,112.25
2024-07-13 11:00:00,48.0,0.3,89.25
2024-07-13 12:00:00,48.0,0.3,174.5
2024-07-13 13:00:00,55.0,0.3,152.5
2024-07-13 14:00:00,56.0,0.3,149.25
2024-07-13 15:00:00,79.0,0.45,146.0
2024-07-13 16:00:00,51.0,0.55,108.0
2024-07-13 17:00:00,42.0,0.5,112.25
2024-07-13 18:00:00,62.0,0.3,124.5
2024-07-13 19:00:00,75.0,0.3,255.5
2024-07-13 20:00:00,91.0,0.45,250.0
2024-07-13 21:00:00,105.0,1.7,280.0
2024-07-13 22:00:00,85.0,1.7,186.33
2024-07-13 23:00:00,70.0,1.7,193.0
2024-07-14 00:00:00,78.0,1.7,254.5
2024-07-14 01:00:00,66.0,1.7,200.67
2024-07-14 02:00:00,67.0,1.7,171.11333333333332
2024-07-14 03:00:00,64.0,1.7,141.55666666666667
2024-07-14 04:00:00,58.0,1.7,112.0
2024-07-14 05:00:00,73.0,1.7,108.5
2024-07-14 06:00:00,100.0,1.7,103.25
2024-07-14 07:00:00,100.0,1.7,224.0
2024-07-14 08:00:00,100.0,1.7,119.67
2024-07-14 09:00:00,121.0,1.7,142.25
2024-07-14 10:00:00,96.0,1.42,146.75
2024-07-14 11:00:00,97.0,0.32,113.0
2024-07-14 12:00:00,62.0,0.3,108.5
2024-07-14 13:00:00,88.0,0.3,130.5
2024-07-14 14:00:00,73.0,0.3,215.25
2024-07-14 15:00:00,75.0,0.3,130.25
2024-07-14 16:00:00,63.0,0.3,190.0
2024-07-14 17:00:00,90.0,0.3,343.0
2024-07-14 18:00:00,89.0,0.3,176.0
2024-07-14 19:00:00,88.0,0.3,98.75
2024-07-14 20:00:00,100.0,0.3,94.0
2024-07-14 21:00:00,112.0,0.3,98.75
2024-07-14 22:00:00,113.0,0.3,96.75
2024-07-14 23:00:00,128.0,0.3,95.0
2024-07-15 00:00:00,114.0,0.3,105.0
2024-07-15 01:00:00,105.0,0.3,118.75
2024-07-15 02:00:00,97.0,0.3,93.0
2024-07-15 03:00:00,106.0,0.3,96.25
2024-07-15 04:00:00,111.0,0.3,100.25
2024-07-15 05:00:00,113.0,0.3,90.25
2024-07-15 06:00:00,110.0,0.3,92.75
2024-07-15 07:00:00,107.0,0.3,114.75
2024-07-15 08:00:00,99.0,0.3,113.0
2024-07-15 09:00:00,97.0,0.3,315.75
2024-07-15 10:00:00,53.0,0.57,206.875
2024-07-15 11:00:00,16.0,1.7,98.0
2024-07-15 12:00:00,24.0,1.15,98.75
2024-07-15 13:00:00,78.0,0.3,113.75
2024-07-15 14:00:00,56.0,0.3,89.25
2024-07-15 15:00:00,64.0,0.3,105.25
2024-07-15 16:00:00,67.0,0.3,92.75
2024-07-15 17:00:00,75.0,0.3,81.5
2024-07-15 18:00:00,52.0,0.3,75.5
2024-07-15 19:00:00,62.0,0.3,127.67
2024-07-15 20:00:00,67.0,0.3,79.5
2024-07-15 21:00:00,66.0,0.3,91.5
2024-07-15 22:00:00,91.0,0.3,81.25
2024-07-15 23:00:00,96.0,0.3,87.5
2024-07-16 00:00:00,94.0,0.3,82.25
2024-07-16 01:00:00,80.0,0.3,82.0
2024-07-16 02:00:00,68.0,0.3,82.25
2024-07-16 03:00:00,72.0,0.3,79.5
2024-07-16 04:00:00,63.0,0.3,96.75
2024-07-16 05:00:00,68.0,0.3,87.5
2024-07-16 06:00:00,68.0,0.3,94.25
2024-07-16 07:00:00,68.0,0.3,98.5
2024-07-16 08:00:00,72.0,0.3,107.75
2024-07-16 09:00:00,80.0,0.3,117.0
2024-07-16 10:00:00,69.0,1.2,108.25
2024-07-16 11:00:00,66.0,1.7,124.5
2024-07-16 12:00:00,73.0,1.7,119.25
2024-07-16 13:00:00,59.0,1.7,108.75
2024-07-16 14:00:00,57.0,1.7,101.5
2024-07-16 15:00:00,48.0,1.7,110.25
2024-07-16 16:00:00,50.0,1.7,114.75
2024-07-16 17:00:00,52.0,1.12,135.0
2024-07-16 18:00:00,55.0,1.7,97.0
2024-07-16 19:00:00,70.0,1.7,91.0
2024-07-16 20:00:00,77.0,1.7,91.75
2024-07-16 21:00:00,92.0,1.7,136.0
2024-07-16 22:00:00,94.0,1.7,81.25
2024-07-16 23:00:00,107.0,1.7,81.75
2024-07-17 00:00:00,102.0,1.7,89.0
2024-07-17 01:00:00,83.0,1.7,105.0
2024-07-17 02:00:00,73.0,1.7,106.25
2024-07-17 03:00:00,61.0,1.7,108.0
2024-07-17 04:00:00,62.0,1.7,108.25
2024-07-17 05:00:00,53.0,1.7,116.25
2024-07-17 06:00:00,58.0,1.7,105.0
2024-07-17 07:00:00,55.0,1.7,110.25
2024-07-17 08:00:00,53.0,1.7,121.75
2024-07-17 09:00:00,57.0,1.7,151.25
2024-07-17 10:00:00,57.0,1.7,180.75
2024-07-17 11:00:00,48.0,1.7,263.0
2024-07-17 12:00:00,55.0,1.7,118.75
2024-07-17 13:00:00,55.0,1.7,165.5
2024-07-17 14:00:00,51.0,1.7,201.0
2024-07-17 15:00:00,40.0,1.7,143.5
2024-07-17 16:00:00,34.0,1.7,339.0
2024-07-17 17:00:00,42.0,1.7,170.5
2024-07-17 18:00:00,58.0,1.7,138.25
2024-07-17 19:00:00,66.0,1.7,210.5
2024-07-17 20:00:00,57.0,1.7,164.5
2024-07-17 21:00:00,80.0,1.7,101.5
2024-07-17 22:00:00,91.0,1.7,93.25
2024-07-17 23:00:00,99.0,1.7,79.5
2024-07-18 00:00:00,100.0,1.7,76.0
2024-07-18 01:00:00,89.0,1.7,82.5
2024-07-18 02:00:00,75.0,1.7,95.0
2024-07-18 03:00:00,77.0,1.7,96.0
2024-07-18 04:00:00,77.0,1.7,110.25
2024-07-18 05:00:00,89.0,1.7,113.25
2024-07-18 06:00:00,88.0,1.7,107.75
2024-07-18 07:00:00,86.0,1.7,105.25
2024-07-18 08:00:00,78.0,1.7,135.0
2024-07-18 09:00:00,69.0,1.7,169.5
2024-07-18 10:00:00,81.0,1.7,106.5
2024-07-18 11:00:00,73.0,1.7,116.75
2024-07-18 12:00:00,59.0,1.7,133.5
2024-07-18 13:00:00,66.0,1.7,130.0
2024-07-18 14:00:00,24.0,1.7,247.0
2024-07-18 15:00:00,42.0,1.7,140.5
2024-07-18 16:00:00,52.0,1.7,113.0
2024-07-18 17:00:00,51.0,1.7,168.67
2024-07-18 18:00:00,58.0,1.7,151.0
2024-07-18 19:00:00,63.0,1.7,253.0
2024-07-18 20:00:00,75.0,0.88,197.0
2024-07-18 21:00:00,92.0,0.3,260.0
2024-07-18 22:00:00,92.0,0.98,183.25
2024-07-18 23:00:00,103.0,1.7,108.0
2024-07-19 00:00:00,103.0,1.7,111.0
2024-07-19 01:00:00,118.0,1.7,124.25
2024-07-19 02:00:00,95.0,1.7,123.0
2024-07-19 03:00:00,101.0,1.7,113.0
2024-07-19 04:00:00,92.0,1.7,77.0
2024-07-19 05:00:00,80.0,1.7,69.5
2024-07-19 06:00:00,111.0,1.7,71.0
2024-07-19 07:00:00,99.0,1.7,123.25
2024-07-19 08:00:00,84.0,1.7,193.25
2024-07-19 09:00:00,102.0,1.7,117.25
2024-07-19 10:00:00,129.0,1.7,112.5
2024-07-19 11:00:00,103.0,1.7,150.0
2024-07-19 12:00:00,112.0,1.7,130.75
2024-07-19 13:00:00,112.0,1.65,124.75
2024-07-19 14:00:00,108.0,1.38,107.75
2024-07-19 15:00:00,100.0,0.3,109.25
2024-07-19 16:00:00,91.0,0.3,97.5
2024-07-19 17:00:00,105.0,0.3,112.75
2024-07-19 18:00:00,94.0,0.3,114.0
2024-07-19 19:00:00,95.0,0.3,118.75
2024-07-19 20:00:00,96.0,1.6,126.75
2024-07-19 21:00:00,107.0,1.7,108.25
2024-07-19 22:00:00,110.0,1.7,109.75
2024-07-19 23:00:00,103.0,1.7,110.25
2024-07-20 00:00:00,86.0,1.7,100.25
2024-07-20 01:00:00,85.0,1.7,102.0
2024-07-20 02:00:00,79.0,1.7,104.25
2024-07-20 03:00:00,77.0,1.7,115.0
2024-07-20 04:00:00,66.0,1.7,118.0
2024-07-20 05:00:00,56.0,1.7,100.5
2024-07-20 06:00:00,51.0,1.7,107.25
2024-07-20 07:00:00,66.0,1.7,166.25
2024-07-20 08:00:00,68.0,1.7,115.25
2024-07-20 09:00:00,79.0,1.7,90.5
2024-07-20 10:00:00,69.0,1.7,90.0
2024-07-20 11:00:00,68.0,1.7,169.0
2024-07-20 12:00:00,66.0,1.7,220.0
2024-07-20 13:00:00,66.0,1.7,164.25
2024-07-20 14:00:00,67.0,1.7,170.0
2024-07-20 15:00:00,57.0,1.7,125.75
2024-07-20 16:00:00,55.0,1.7,124.0
2024-07-20 17:00:00,50.0,1.7,131.5
2024-07-20 18:00:00,66.0,1.7,127.0
2024-07-20 19:00:00,86.0,1.7,104.0
2024-07-20 20:00:00,111.0,1.7,104.75
2024-07-20 21:00:00,122.0,1.7,97.75
2024-07-20 22:00:00,110.0,1.7,93.75
2024-07-20 23:00:00,101.0,1.7,94.0
2024-07-21 00:00:00,89.0,1.7,93.75
2024-07-21 01:00:00,129.0,1.7,79.5
2024-07-21 02:00:00,110.0,1.7,92.5
2024-07-21 03:00:00,64.0,1.7,85.0
2024-07-21 04:00:00,83.0,1.7,94.75
2024-07-21 05:00:00,103.0,1.35,111.0
2024-07-21 06:00:00,74.0,1.7,123.0
2024-07-21 07:00:00,35.0,1.7,125.67
2024-07-21 08:00:00,34.0,1.7,267.0
2024-07-21 09:00:00,41.0,1.7,149.5
2024-07-21 10:00:00,55.0,1.7,176.5
2024-07-21 11:00:00,75.0,1.7,202.25
2024-07-21 12:00:00,68.0,1.7,156.75
2024-07-21 13:00:00,66.0,1.05,114.75
2024-07-21 14:00:00,75.0,0.3,97.5
2024-07-21 15:00:00,68.0,0.38,111.25
2024-07-21 16:00:00,58.0,0.3,101.75
2024-07-21 17:00:00,72.0,0.3,83.25
2024-07-21 18:00:00,68.0,0.3,80.75
2024-07-21 19:00:00,83.0,0.3,88.25
2024-07-21 20:00:00,77.0,0.3,97.75
2024-07-21 21:00:00,48.0,0.3,101.25
2024-07-21 22:00:00,64.0,0.3,92.0
2024-07-21 23:00:00,75.0,0.3,97.5
2024-07-22 00:00:00,72.0,0.3,105.25
2024-07-22 01:00:00,58.0,0.3,104.0
2024-07-22 02:00:00,50.0,0.3,110.0
2024-07-22 03:00:00,44.0,0.3,107.75
2024-07-22 04:00:00,55.0,0.3,115.5
2024-07-22 05:00:00,51.0,0.3,107.5
2024-07-22 06:00:00,55.0,0.3,111.25
2024-07-22 07:00:00,58.0,0.3,109.5
2024-07-22 08:00:00,73.0,0.3,152.0
2024-07-22 09:00:00,81.0,0.3,148.25
2024-07-22 10:00:00,80.0,0.3,191.5
2024-07-22 11:00:00,64.0,0.3,181.75
2024-07-22 12:00:00,70.0,0.3,180.5
2024-07-22 13:00:00,70.0,0.3,198.0
2024-07-22 14:00:00,72.0,0.3,244.66666666666666
2024-07-22 15:00:00,11.0,0.3,291.3333333333333
2024-07-22 16:00:00,12.5,0.3,338.0
2024-07-22 17:00:00,34.0,0.3,266.0
2024-07-22 18:00:00,68.75,0.3,170.0
2024-07-22 19:00:00,82.5,0.3,74.0
2024-07-22 20:00:00,91.5,1.6,106.75
2024-07-22 21:00:00,103.0,1.7,117.0
2024-07-22 22:00:00,114.25,1.7,109.75
2024-07-22 23:00:00,108.0,1.7,96.25
2024-07-23 00:00:00,86.25,1.7,90.75
2024-07-23 01:00:00,82.25,1.7,88.5
2024-07-23 02:00:00,83.75,1.7,92.75
2024-07-23 03:00:00,81.0,1.7,98.0
2024-07-23 04:00:00,72.5,1.7,100.25
2024-07-23 05:00:00,63.25,1.7,96.5
2024-07-23 06:00:00,64.75,1.7,103.5
2024-07-23 07:00:00,66.75,1.58,108.75
2024-07-23 08:00:00,59.5,0.3,122.25
2024-07-23 09:00:00,61.5,0.3,141.25
2024-07-23 10:00:00,70.5,0.3,198.67
2024-07-23 11:00:00,74.5,0.3,263.5
2024-07-23 12:00:00,65.25,0.35,187.25
2024-07-23 13:00:00,48.5,0.72,148.0
2024-07-23 14:00:00,47.0,1.38,168.0
2024-07-23 15:00:00,58.5,1.7,215.5
2024-07-23 16:00:00,49.25,1.7,97.5
2024-07-23 17:00:00,50.25,1.7,100.25
2024-07-23 18:00:00,64.0,1.7,69.5
2024-07-23 19:00:00,83.0,1.7,99.0
2024-07-23 20:00:00,97.0,1.7,87.0
2024-07-23 21:00:00,118.0,1.7,93.75
2024-07-23 22:00:00,123.25,1.7,115.75
2024-07-23 23:00:00,120.0,1.7,190.0
2024-07-24 00:00:00,110.75,1.7,119.25
2024-07-24 01:00:00,102.75,1.7,105.5
2024-07-24 02:00:00,79.0,1.7,356.0
2024-07-24 03:00:00,69.25,1.7,220.67
2024-07-24 04:00:00,55.5,1.7,214.036
2024-07-24 05:00:00,43.0,1.7,207.402
2024-07-24 06:00:00,30.25,1.7,200.768
2024-07-24 07:00:00,29.25,1.32,
2024-07-24 08:00:00,15.75,0.3,187.5
2024-07-24 09:00:00,14.75,0.92,300.5
2024-07-24 10:00:00,21.25,0.68,212.0
2024-07-24 11:00:00,29.0,0.88,217.67
2024-07-24 12:00:00,38.5,0.95,216.0
2024-07-24 13:00:00,50.0,1.27,209.28571428571428
2024-07-24 14:00:00,64.25,1.15,202.57142857142858
2024-07-24 15:00:00,71.0,0.98,195.85714285714286
2024-07-24 16:00:00,80.25,0.7,
2024-07-24 17:00:00,87.5,1.32,
2024-07-24 18:00:00,94.25,1.7,
2024-07-24 19:00:00,99.0,1.68,169.0
2024-07-24 20:00:00,105.25,1.48,224.5
2024-07-24 21:00:00,111.5,1.68,240.67
2024-07-24 22:00:00,109.25,1.7,231.0
2024-07-24 23:00:00,118.5,1.7,262.0
2024-07-25 00:00:00,111.5,1.7,253.0
2024-07-25 01:00:00,101.25,1.7,145.25
2024-07-25 02:00:00,99.75,1.62,182.25
2024-07-25 03:00:00,97.0,0.6,133.25
2024-07-25 04:00:00,66.75,0.78,117.5
2024-07-25 05:00:00,49.5,1.25,144.25
2024-07-25 06:00:00,47.0,1.25,114.5
2024-07-25 07:00:00,34.25,1.3,115.75
2024-07-25 08:00:00,20.25,0.7,124.0
2024-07-25 09:00:00,21.5,0.75,120.25
2024-07-25 10:00:00,20.0,1.38,311.0
2024-07-25 11:00:00,23.5,1.25,172.5
2024-07-25 12:00:00,31.75,1.27,119.25
2024-07-25 13:00:00,30.25,1.25,233.67
2024-07-25 14:00:00,34.25,1.05,253.67
2024-07-25 15:00:00,44.25,1.15,214.0
2024-07-25 16:00:00,49.25,0.7,195.5
2024-07-25 17:00:00,59.0,1.08,161.67
2024-07-25 18:00:00,62.0,1.38,120.5
2024-07-25 19:00:00,71.0,1.3,111.0
2024-07-25 20:00:00,69.5,1.3,106.5
2024-07-25 21:00:00,59.0,1.0,96.75
2024-07-25 22:00:00,52.25,1.08,108.0
2024-07-25 23:00:00,65.0,1.02,113.75
2024-07-26 00:00:00,60.25,0.3,138.75
2024-07-26 01:00:00,55.5,0.3,231.33
2024-07-26 02:00:00,52.0,0.3,159.5
2024-07-26 03:00:00,56.25,0.88,120.0
2024-07-26 04:00:00,50.5,1.38,151.25
2024-07-26 05:00:00,33.0,1.25,180.78571428571428
2024-07-26 06:00:00,11.0,1.18,210.32142857142856
2024-07-26 07:00:00,16.0,1.32,239.85714285714286
2024-07-26 08:00:00,8.0,1.25,
2024-07-26 09:00:00,15.5,1.32,
2024-07-26 10:00:00,19.0,1.23,
2024-07-26 11:00:00,43.75,1.3,358.0
2024-07-26 12:00:00,69.25,1.27,112.5
2024-07-26 13:00:00,75.0,1.4,111.67
2024-07-26 14:00:00,75.0,1.55,351.0
2024-07-26 15:00:00,83.25,1.27,297.6666666666667
2024-07-26 16:00:00,92.0,1.25,244.33333333333331
2024-07-26 17:00:00,114.25,1.42,191.0
2024-07-26 18:00:00,118.75,1.7,243.0
2024-07-26 19:00:00,105.25,1.27,295.0
2024-07-26 20:00:00,104.75,1.48,347.0
2024-07-26 21:00:00,114.25,1.68,232.75
2024-07-26 22:00:00,147.0,1.15,118.5
2024-07-26 23:00:00,188.5,1.08,140.25
2024-07-27 00:00:00,175.75,1.42,128.5
2024-07-27 01:00:00,111.0,0.9,143.75
2024-07-27 02:00:00,65.0,1.4,152.75
2024-07-27 03:00:00,56.0,1.7,112.0
2024-07-27 04:00:00,45.5,0.75,118.5
2024-07-27 05:00:00,41.25,1.4,105.5
2024-07-27 06:00:00,52.25,1.38,127.25
2024-07-27 07:00:00,72.5,1.25,102.5
2024-07-27 08:00:00,69.0,1.18,104.5
2024-07-27 09:00:00,82.5,1.12,165.0
2024-07-27 10:00:00,84.25,1.3,151.5
2024-07-27 11:00:00,81.5,1.27,283.5
2024-07-27 12:00:00,74.25,1.32,216.5
2024-07-27 13:00:00,81.0,1.45,216.67
2024-07-27 14:00:00,80.25,1.18,212.75
2024-07-27 15:00:00,78.25,1.27,338.0
2024-07-27 16:00:00,59.25,1.25,327.5
2024-07-27 17:00:00,57.5,1.15,317.0
2024-07-27 18:00:00,73.0,1.3,233.0
2024-07-27 19:00:00,30.0,1.4,130.0
2024-07-27 20:00:00,27.0,1.6,61.0
2024-07-27 21:00:00,40.0,1.42,122.0
2024-07-27 22:00:00,68.0,1.7,123.75
2024-07-27 23:00:00,75.0,1.62,215.0
2024-07-28 00:00:00,74.0,1.25,187.0
2024-07-28 01:00:00,44.0,1.2,249.0
2024-07-28 02:00:00,29.0,0.3,242.25
2024-07-28 03:00:00,31.0,0.3,235.5
2024-07-28 04:00:00,45.0,0.3,228.75
2024-07-28 05:00:00,34.0,0.38,222.0
2024-07-28 06:00:00,39.0,1.45,102.0
2024-07-28 07:00:00,57.0,1.18,203.67
2024-07-28 08:00:00,125.0,1.48,132.5
2024-07-28 09:00:00,91.0,1.3,131.0
2024-07-28 10:00:00,83.0,1.25,119.25
2024-07-28 11:00:00,62.0,1.23,103.0
2024-07-28 12:00:00,53.0,1.35,260.33
2024-07-28 13:00:00,22.0,1.18,138.33
2024-07-28 14:00:00,39.0,1.25,164.0
2024-07-28 15:00:00,41.0,1.25,134.25
2024-07-28 16:00:00,30.0,1.27,123.5
2024-07-28 17:00:00,36.0,1.23,129.25
2024-07-28 18:00:00,34.0,1.25,129.75
2024-07-28 19:00:00,40.0,1.3,126.75
2024-07-28 20:00:00,53.0,1.25,100.5
2024-07-28 21:00:00,51.0,1.25,102.5
2024-07-28 22:00:00,52.0,1.25,107.75
2024-07-28 23:00:00,55.0,1.25,101.0
2024-07-29 00:00:00,51.0,1.23,101.5
2024-07-29 01:00:00,52.0,1.27,96.75
2024-07-29 02:00:00,58.0,1.2,99.75
2024-07-29 03:00:00,56.0,1.15,102.75
2024-07-29 04:00:00,50.0,1.3,117.75
2024-07-29 05:00:00,42.0,1.02,99.0
2024-07-29 06:00:00,34.0,1.27,114.75
2024-07-29 07:00:00,42.0,1.2,108.75
2024-07-29 08:00:00,56.0,1.23,101.75
2024-07-29 09:00:00,62.0,1.23,110.25
2024-07-29 10:00:00,57.0,1.23,122.25
2024-07-29 11:00:00,55.0,1.23,116.75
2024-07-29 12:00:00,46.0,1.23,125.25
2024-07-29 13:00:00,44.0,1.25,112.0
2024-07-29 14:00:00,50.0,1.23,133.75
2024-07-29 15:00:00,55.0,1.27,138.75
2024-07-29 16:00:00,45.0,1.25,130.0
2024-07-29 17:00:00,40.0,1.2,112.25
2024-07-29 18:00:00,51.0,1.25,111.25
2024-07-29 19:00:00,62.0,1.3,116.75
2024-07-29 20:00:00,72.0,1.33,103.75
2024-07-29 21:00:00,75.0,1.35,99.5
2024-07-29 22:00:00,99.0,1.27,91.25
2024-07-29 23:00:00,105.0,1.23,106.75
2024-07-30 00:00:00,97.0,1.3,89.5
2024-07-30 01:00:00,88.0,1.23,91.75
2024-07-30 02:00:00,50.0,1.2,92.75
2024-07-30 03:00:00,47.0,1.25,95.75
2024-07-30 04:00:00,61.0,1.27,96.25
2024-07-30 05:00:00,72.0,1.2,116.5
2024-07-30 06:00:00,50.0,1.2,92.5
2024-07-30 07:00:00,66.0,1.25,99.5
2024-07-30 08:00:00,75.0,1.25,107.0
2024-07-30 09:00:00,78.0,1.27,126.25
2024-07-30 10:00:00,75.0,1.2,121.0
2024-07-30 11:00:00,62.0,1.27,122.25
2024-07-30 12:00:00,52.0,1.23,157.67
2024-07-30 13:00:00,45.0,1.23,281.25
2024-07-30 14:00:00,53.0,1.3,331.0
2024-07-30 15:00:00,44.0,1.3,188.75
2024-07-30 16:00:00,62.0,1.3,280.0
2024-07-30 17:00:00,68.0,1.23,283.0
2024-07-30 18:00:00,64.0,1.12,198.0
2024-07-30 19:00:00,72.0,1.48,112.25
2024-07-30 20:00:00,79.0,1.18,143.0
2024-07-30 21:00:00,97.0,1.15,158.0
2024-07-30 22:00:00,59.0,0.6,173.0
2024-07-30 23:00:00,59.0,1.38,188.0
2024-07-31 00:00:00,80.0,1.7,203.0
2024-07-31 01:00:00,78.0,1.35,249.0
2024-07-31 02:00:00,64.0,1.08,256.25
2024-07-31 03:00:00,64.0,1.1,263.5
2024-07-31 04:00:00,64.0,0.95,269.67857142857144
2024-07-31 05:00:00,86.0,1.3,275.85714285714283
2024-07-31 06:00:00,85.0,1.27,282.0357142857143
2024-07-31 07:00:00,83.0,1.25,
2024-07-31 08:00:00,67.0,1.2,
2024-07-31 09:00:00,56.0,1.18,
2024-07-31 10:00:00,56.0,1.23,
2024-07-31 11:00:00,52.0,1.27,
2024-07-31 12:00:00,55.0,1.23,
2024-07-31 13:00:00,59.0,1.27,
2024-07-31 14:00:00,48.0,1.23,
2024-07-31 15:00:00,46.5,1.2,
2024-07-31 16:00:00,47.5,1.25,
2024-07-31 17:00:00,45.75,1.15,350.0
2024-07-31 18:00:00,51.0,1.23,215.75
2024-07-31 19:00:00,30.5,1.25,228.5
2024-07-31 20:00:00,17.75,1.25,194.0
2024-07-31 21:00:00,9.25,1.23,258.75
2024-07-31 22:00:00,5.5,1.25,173.5
2024-07-31 23:00:00,5.75,1.2,194.0
2024-08-01 00:00:00,5.0,1.23,214.5
2024-08-01 01:00:00,3.5,0.92,189.25
2024-08-01 02:00:00,2.25,1.55,93.0
2024-08-01 03:00:00,2.0,1.25,109.5
2024-08-01 04:00:00,7.25,1.15,120.5
2024-08-01 05:00:00,11.25,1.27,233.67
2024-08-01 06:00:00,12.0,0.48,287.0
2024-08-01 07:00:00,9.0,0.88,183.0
2024-08-01 08:00:00,15.5,1.18,221.5
2024-08-01 09:00:00,21.75,1.2,199.75
2024-08-01 10:00:00,23.75,1.15,164.0
2024-08-01 11:00:00,28.5,1.2,141.5
2024-08-01 12:00:00,30.0,1.23,170.75
2024-08-01 13:00:00,32.25,1.2,194.5
2024-08-01 14:00:00,30.0,1.3,144.25
2024-08-01 15:00:00,29.75,1.27,112.25
2024-08-01 16:00:00,24.75,1.23,108.75
2024-08-01 17:00:00,19.25,1.25,96.5
2024-08-01 18:00:00,26.25,1.27,124.25
2024-08-01 19:00:00,34.25,1.08,108.25
2024-08-01 20:00:00,42.75,1.4,91.5
2024-08-01 21:00:00,52.5,1.15,124.25
2024-08-01 22:00:00,49.0,1.68,103.25
2024-08-01 23:00:00,55.25,1.7,100.0
2024-08-02 00:00:00,58.0,1.7,103.25
2024-08-02 01:00:00,67.0,1.48,123.5
2024-08-02 02:00:00,56.5,1.65,139.5
2024-08-02 03:00:00,34.0,1.6,113.875
2024-08-02 04:00:00,28.75,0.85,88.25
2024-08-02 05:00:00,29.75,1.4,62.625
2024-08-02 06:00:00,33.75,1.23,37.0
2024-08-02 07:00:00,41.75,0.92,109.25
2024-08-02 08:00:00,50.0,1.2,100.0
2024-08-02 09:00:00,47.5,1.27,104.25
2024-08-02 10:00:00,54.25,1.23,109.25
2024-08-02 11:00:00,48.75,1.23,104.5
2024-08-02 12:00:00,43.0,1.23,123.25
2024-08-02 13:00:00,40.0,1.2,114.67
2024-08-02 14:00:00,39.5,1.2149999999999999,107.58500000000001
2024-08-02 15:00:00,39.0,1.23,100.5
2024-08-02 16:00:00,50.0,1.2,100.75
2024-08-02 17:00:00,53.0,1.27,88.75
2024-08-02 18:00:00,39.0,1.2,90.5
2024-08-02 19:00:00,56.0,1.25,141.75
2024-08-02 20:00:00,70.0,1.17,108.75
2024-08-02 21:00:00,84.0,1.35,91.5
2024-08-02 22:00:00,83.0,1.15,90.25
2024-08-02 23:00:00,84.0,1.2,86.5
2024-08-03 00:00:00,68.0,1.23,94.5
2024-08-03 01:00:00,73.0,1.25,106.25
2024-08-03 02:00:00,46.0,1.25,105.5
2024-08-03 03:00:00,47.0,1.25,104.75
2024-08-03 04:00:00,50.0,1.23,105.75
2024-08-03 05:00:00,41.0,1.23,98.0
2024-08-03 06:00:00,34.0,1.23,101.25
2024-08-03 07:00:00,34.0,1.23,105.75
2024-08-03 08:00:00,45.0,1.2,116.75
2024-08-03 09:00:00,55.0,1.2,118.75
2024-08-03 10:00:00,30.0,1.25,114.75
2024-08-03 11:00:00,35.0,1.27,116.25
2024-08-03 12:00:00,38.0,1.25,114.25
2024-08-03 13:00:00,39.0,1.2,117.75
2024-08-03 14:00:00,45.0,1.2,118.0
2024-08-03 15:00:00,45.0,1.2,117.5
2024-08-03 16:00:00,36.0,1.23,117.25
2024-08-03 17:00:00,31.0,1.23,110.25
2024-08-03 18:00:00,36.0,1.23,110.5
2024-08-03 19:00:00,42.0,1.27,119.25
2024-08-03 20:00:00,48.0,1.25,103.5
2024-08-03 21:00:00,57.0,1.25,107.25
2024-08-03 22:00:00,47.0,1.23,104.25
2024-08-03 23:00:00,34.0,1.2,115.25
2024-08-04 00:00:00,42.0,1.27,102.75
2024-08-04 01:00:00,45.0,1.23,101.25
2024-08-04 02:00:00,56.0,1.2,97.75
2024-08-04 03:00:00,34.0,1.08,98.5
2024-08-04 04:00:00,29.0,1.23,93.0
2024-08-04 05:00:00,27.0,1.25,88.0
2024-08-04 06:00:00,25.0,1.25,94.25
2024-08-04 07:00:00,23.0,1.25,93.0
2024-08-04 08:00:00,27.0,1.2,103.0
2024-08-04 09:00:00,27.0,1.27,101.75
2024-08-04 10:00:00,41.0,1.2,99.0
2024-08-04 11:00:00,35.0,1.23,96.5
2024-08-04 12:00:00,57.0,1.3,98.25
2024-08-04 13:00:00,47.0,1.23,95.5
2024-08-04 14:00:00,36.0,1.25,91.75
2024-08-04 15:00:00,34.0,1.25,91.25
2024-08-04 16:00:00,39.0,1.25,121.25
2024-08-04 17:00:00,30.0,1.25,169.0
2024-08-04 18:00:00,31.0,1.23,259.33
2024-08-04 19:00:00,40.0,1.3,171.75
2024-08-04 20:00:00,17.0,1.3,91.0
2024-08-04 21:00:00,30.0,1.12,90.25
2024-08-04 22:00:00,30.0,1.23,89.0
2024-08-04 23:00:00,29.0,1.23,88.5
2024-08-05 00:00:00,30.0,1.25,90.25
2024-08-05 01:00:00,30.0,1.23,90.75
2024-08-05 02:00:00,25.0,1.23,96.0
2024-08-05 03:00:00,25.0,1.25,92.75
2024-08-05 04:00:00,30.0,1.27,88.0
2024-08-05 05:00:00,28.0,1.23,91.25
2024-08-05 06:00:00,35.0,1.23,97.67
2024-08-05 07:00:00,39.0,1.2333333333333334,100.05833333333334
2024-08-05 08:00:00,36.0,1.2366666666666666,102.44666666666667
2024-08-05 09:00:00,35.8,1.24,104.83500000000001
2024-08-05 10:00:00,35.6,,
2024-08-05 11:00:00,35.4,,
2024-08-05 12:00:00,,1.25,112.0
2024-08-05 13:00:00,35.0,1.25,100.0
2024-08-05 14:00:00,38.0,1.23,103.25
2024-08-05 15:00:00,47.0,1.2,105.25
2024-08-05 16:00:00,39.0,1.23,105.25
2024-08-05 17:00:00,39.0,1.25,104.25
2024-08-05 18:00:00,31.0,1.2,101.75
2024-08-05 19:00:00,50.0,1.18,94.0
2024-08-05 20:00:00,66.0,1.23,99.0
2024-08-05 21:00:00,62.0,1.25,106.0
2024-08-05 22:00:00,70.0,1.27,111.5
2024-08-05 23:00:00,56.0,1.2,113.0
2024-08-06 00:00:00,59.0,1.25,111.5
2024-08-06 01:00:00,51.0,1.1,129.5
2024-08-06 02:00:00,45.0,1.27,141.5
2024-08-06 03:00:00,30.0,1.27,125.5
2024-08-06 04:00:00,42.0,1.18,93.0
2024-08-06 05:00:00,48.0,1.12,96.25
2024-08-06 06:00:00,41.0,1.25,141.25
2024-08-06 07:00:00,38.0,1.0,231.5
2024-08-06 08:00:00,33.0,1.2,255.33
2024-08-06 09:00:00,27.0,1.4,304.0
2024-08-06 10:00:00,24.0,1.25,243.75
2024-08-06 11:00:00,27.0,1.23,239.5
2024-08-06 12:00:00,36.0,1.23,189.0
2024-08-06 13:00:00,34.0,1.3,237.0
2024-08-06 14:00:00,35.0,1.23,236.25
2024-08-06 15:00:00,46.0,1.27,181.25
2024-08-06 16:00:00,42.0,1.27,231.75
2024-08-06 17:00:00,44.0,1.25,236.75
2024-08-06 18:00:00,36.0,1.23,300.25
2024-08-06 19:00:00,35.0,1.23,312.5
2024-08-06 20:00:00,30.0,1.18,279.5
2024-08-06 21:00:00,38.0,1.25,279.33
2024-08-06 22:00:00,45.0,1.25,316.5
2024-08-06 23:00:00,34.0,1.25,275.0
2024-08-07 00:00:00,29.0,1.32,332.0
2024-08-07 01:00:00,23.0,1.25,264.5
2024-08-07 02:00:00,20.0,1.3,266.75
2024-08-07 03:00:00,18.0,1.25,277.75
2024-08-07 04:00:00,25.0,1.3,293.5
2024-08-07 05:00:00,22.0,1.4,248.0
2024-08-07 06:00:00,25.0,1.55,241.5
2024-08-07 07:00:00,36.0,1.25,161.5
2024-08-07 08:00:00,34.0,1.08,209.0
2024-08-07 09:00:00,28.75,1.32,176.25
2024-08-07 10:00:00,25.5,1.27,151.5
2024-08-07 11:00:00,22.75,1.27,305.0
2024-08-07 12:00:00,34.75,1.2,177.25
2024-08-07 13:00:00,55.5,1.25,126.25
2024-08-07 14:00:00,64.75,1.2,95.0
2024-08-07 15:00:00,34.5,1.2,106.25
2024-08-07 16:00:00,33.0,1.2,127.75
2024-08-07 17:00:00,35.25,1.27,101.0
2024-08-07 18:00:00,23.0,1.2,90.5
2024-08-07 19:00:00,22.0,1.25,93.75
2024-08-07 20:00:00,35.75,1.3,90.75
2024-08-07 21:00:00,49.0,1.2,97.0
2024-08-07 22:00:00,43.0,1.15,97.0
2024-08-07 23:00:00,40.75,1.12,96.5
2024-08-08 00:00:00,45.5,1.23,113.25
2024-08-08 01:00:00,45.5,1.15,106.75
2024-08-08 02:00:00,36.75,0.98,93.5
2024-08-08 03:00:00,37.0,1.08,98.0
2024-08-08 04:00:00,42.5,1.23,93.0
2024-08-08 05:00:00,34.25,1.25,96.0
2024-08-08 06:00:00,25.0,1.08,98.75
2024-08-08 07:00:00,27.5,1.25,99.5
2024-08-08 08:00:00,27.5,1.23,101.0
2024-08-08 09:00:00,37.5,1.25,108.0
2024-08-08 10:00:00,48.5,1.25,98.0
2024-08-08 11:00:00,42.75,1.27,104.5
2024-08-08 12:00:00,31.75,1.25,102.25
2024-08-08 13:00:00,35.75,1.27,95.75
2024-08-08 14:00:00,29.75,1.3,110.5
2024-08-08 15:00:00,38.25,1.23,96.5
2024-08-08 16:00:00,31.5,1.25,98.25
2024-08-08 17:00:00,31.75,1.25,100.25
2024-08-08 18:00:00,38.25,1.23,109.25
2024-08-08 19:00:00,51.25,1.32,149.0
2024-08-08 20:00:00,39.0,1.3,140.0
2024-08-08 21:00:00,34.0,1.32,158.0
2024-08-08 22:00:00,41.0,1.35,65.75
2024-08-08 23:00:00,50.0,1.2,96.0
2024-08-09 00:00:00,51.0,1.3,91.25
2024-08-09 01:00:00,44.0,1.3,104.25
2024-08-09 02:00:00,53.0,1.3,148.75
2024-08-09 03:00:00,45.0,1.18,101.5
2024-08-09 04:00:00,39.0,1.52,157.5
2024-08-09 05:00:00,49.5,1.12,87.0
2024-08-09 06:00:00,74.0,1.08,96.75
2024-08-09 07:00:00,78.0,1.25,96.25
2024-08-09 08:00:00,53.0,1.27,97.0
2024-08-09 09:00:00,33.0,1.27,106.75
2024-08-09 10:00:00,29.0,1.25,102.75
2024-08-09 11:00:00,25.0,1.23,121.25
2024-08-09 12:00:00,33.0,1.27,108.5
2024-08-09 13:00:00,41.0,1.23,110.75
2024-08-09 14:00:00,50.0,1.25,105.0
2024-08-09 15:00:00,36.0,1.18,97.75
2024-08-09 16:00:00,37.5,1.27,116.0
2024-08-09 17:00:00,35.75,1.27,105.25
2024-08-09 18:00:00,29.0,1.23,241.5
2024-08-09 19:00:00,24.0,1.25,141.0
2024-08-09 20:00:00,32.0,1.23,174.75
2024-08-09 21:00:00,30.5,1.65,171.0
2024-08-09 22:00:00,22.25,1.55,102.25
2024-08-09 23:00:00,28.25,0.68,104.75
2024-08-10 00:00:00,40.75,1.32,99.5
2024-08-10 01:00:00,53.0,0.98,86.0
2024-08-10 02:00:00,61.25,1.35,93.5
2024-08-10 03:00:00,66.75,1.1,97.0
2024-08-10 04:00:00,58.25,1.68,227.5
2024-08-10 05:00:00,57.25,1.45,114.25
2024-08-10 06:00:00,50.5,1.02,141.5
2024-08-10 07:00:00,53.25,1.25,115.75
2024-08-10 08:00:00,52.75,1.23,105.25
2024-08-10 09:00:00,49.0,1.25,99.5
2024-08-10 10:00:00,51.33,1.23,103.33
2024-08-10 11:00:00,51.0,1.25,115.75
2024-08-10 12:00:00,51.0,1.23,194.75
2024-08-10 13:00:00,50.0,1.15,349.0
2024-08-10 14:00:00,39.0,1.18,310.6666666666667
2024-08-10 15:00:00,52.0,0.92,272.3333333333333
2024-08-10 16:00:00,33.0,1.27,234.0
2024-08-10 17:00:00,52.0,1.25,183.33
2024-08-10 18:00:00,68.0,0.98,108.75
2024-08-10 19:00:00,68.0,1.38,164.33
2024-08-10 20:00:00,64.0,1.23,157.67
2024-08-10 21:00:00,74.0,1.68,199.0
2024-08-10 22:00:00,75.0,0.98,117.75
2024-08-10 23:00:00,68.0,1.35,115.25
2024-08-11 00:00:00,61.0,1.3,111.75
2024-08-11 01:00:00,58.0,1.15,112.0
2024-08-11 02:00:00,52.0,1.1,100.5
2024-08-11 03:00:00,50.0,1.38,116.75
2024-08-11 04:00:00,42.0,1.4,107.25
2024-08-11 05:00:00,55.0,1.32,125.0
2024-08-11 06:00:00,51.0,1.42,116.67
2024-08-11 07:00:00,47.0,1.15,110.0
2024-08-11 08:00:00,44.0,1.12,107.0
2024-08-11 09:00:00,51.0,1.23,100.5
2024-08-11 10:00:00,46.0,1.25,105.0
2024-08-11 11:00:00,39.857142857142854,1.2533333333333334,105.445
2024-08-11 12:00:00,33.714285714285715,1.2566666666666666,105.89
2024-08-11 13:00:00,27.57142857142857,1.26,106.33500000000001
2024-08-11 14:00:00,,,
2024-08-11 15:00:00,,,
2024-08-11 16:00:00,,1.27,107.67
2024-08-11 17:00:00,3.0,0.78,83.7525
2024-08-11 18:00:00,7.0,1.55,59.835
2024-08-11 19:00:00,7.0,0.88,35.917500000000004
2024-08-11 20:00:00,14.0,1.2,12.0
2024-08-11 21:00:00,24.0,1.68,49.835
2024-08-11 22:00:00,35.0,1.7,87.67
2024-08-11 23:00:00,38.0,1.7,223.0
2024-08-12 00:00:00,38.0,1.7,88.0
2024-08-12 01:00:00,35.0,1.7,95.25
2024-08-12 02:00:00,45.0,1.7,87.5
2024-08-12 03:00:00,46.0,1.5,113.33
2024-08-12 04:00:00,36.0,1.08,107.5
2024-08-12 05:00:00,38.0,1.18,106.5
2024-08-12 06:00:00,34.0,1.42,93.75
2024-08-12 07:00:00,44.0,1.38,127.5
2024-08-12 08:00:00,45.0,1.25,107.25
2024-08-12 09:00:00,63.0,1.2,95.25
2024-08-12 10:00:00,59.0,1.23,112.25
2024-08-12 11:00:00,64.0,1.23,108.25
2024-08-12 12:00:00,35.0,1.25,114.25
2024-08-12 13:00:00,30.0,1.27,117.5
2024-08-12 14:00:00,31.0,1.35,169.0
2024-08-12 15:00:00,9.0,1.45,190.16666666666666
2024-08-12 16:00:00,29.0,1.35,211.33333333333334
2024-08-12 17:00:00,33.0,1.23,232.5
2024-08-12 18:00:00,63.0,1.35,
2024-08-12 19:00:00,61.0,1.68,
2024-08-12 20:00:00,68.0,1.58,296.0
2024-08-12 21:00:00,80.0,1.45,237.0
2024-08-12 22:00:00,55.0,1.42,221.0
2024-08-12 23:00:00,25.0,0.77,151.67
2024-08-13 00:00:00,9.0,1.42,90.75
2024-08-13 01:00:00,17.0,1.12,93.25
2024-08-13 02:00:00,16.0,1.12,79.25
2024-08-13 03:00:00,22.0,1.55,77.75
2024-08-13 04:00:00,23.0,1.27,97.5
2024-08-13 05:00:00,27.0,0.92,99.0
2024-08-13 06:00:00,28.0,1.05,253.67
2024-08-13 07:00:00,23.0,1.15,330.0
2024-08-13 08:00:00,28.0,1.25,287.33
2024-08-13 09:00:00,23.0,1.23,266.0
2024-08-13 10:00:00,40.0,1.2,297.67
2024-08-13 11:00:00,40.0,1.2,286.0
2024-08-13 12:00:00,41.0,1.27,337.0
2024-08-13 13:00:00,39.0,1.23,318.0
2024-08-13 14:00:00,44.0,1.15,299.0
2024-08-13 15:00:00,35.0,1.25,280.0
2024-08-13 16:00:00,42.0,1.45,216.66666666666666
2024-08-13 17:00:00,41.0,1.35,153.33333333333331
2024-08-13 18:00:00,34.0,1.17,90.0
2024-08-13 19:00:00,34.0,0.57,56.0
2024-08-13 20:00:00,28.0,1.02,78.0
2024-08-13 21:00:00,63.0,0.3,85.25
2024-08-13 22:00:00,61.0,0.3,100.75
2024-08-13 23:00:00,57.0,0.3,83.0
2024-08-14 00:00:00,68.0,0.3,167.0
2024-08-14 01:00:00,79.0,0.3,251.0
2024-08-14 02:00:00,63.0,0.3,335.0
2024-08-14 03:00:00,77.0,0.3,164.0
2024-08-14 04:00:00,90.0,0.45,170.975
2024-08-14 05:00:00,88.0,1.45,177.95
2024-08-14 06:00:00,69.0,1.58,184.925
2024-08-14 07:00:00,81.0,1.32,
2024-08-14 08:00:00,66.0,1.25,
2024-08-14 09:00:00,50.0,1.2,
2024-08-14 10:00:00,57.0,1.27,
2024-08-14 11:00:00,41.0,1.25,
2024-08-14 12:00:00,34.0,1.23,
2024-08-14 13:00:00,31.0,1.25,
2024-08-14 14:00:00,36.0,1.23,
2024-08-14 15:00:00,47.0,1.25,
2024-08-14 16:00:00,34.0,1.27,
2024-08-14 17:00:00,44.0,1.25,
2024-08-14 18:00:00,58.0,1.23,
2024-08-14 19:00:00,56.0,1.18,
2024-08-14 20:00:00,58.0,1.35,
2024-08-14 21:00:00,51.0,1.52,
2024-08-14 22:00:00,63.0,1.7,
2024-08-14 23:00:00,77.0,1.6,303.5
2024-08-15 00:00:00,67.0,1.23,317.25
2024-08-15 01:00:00,62.0,1.27,331.0
2024-08-15 02:00:00,72.0,1.32,199.0
2024-08-15 03:00:00,40.0,1.2,207.72727272727272
2024-08-15 04:00:00,40.0,1.2,216.45454545454544
2024-08-15 05:00:00,48.0,1.1,225.1818181818182
2024-08-15 06:00:00,50.0,1.2,
2024-08-15 07:00:00,38.0,1.12,
2024-08-15 08:00:00,47.0,1.27,
2024-08-15 09:00:00,42.0,1.25,
2024-08-15 10:00:00,41.0,1.23,
2024-08-15 11:00:00,28.0,1.23,
2024-08-15 12:00:00,25.0,1.27,
2024-08-15 13:00:00,36.0,1.23,295.0
2024-08-15 14:00:00,31.0,1.23,318.0
2024-08-15 15:00:00,35.0,1.38,215.0
2024-08-15 16:00:00,28.0,1.08,112.0
2024-08-15 17:00:00,41.0,1.3,80.5
2024-08-15 18:00:00,33.0,0.85,49.0
2024-08-15 19:00:00,38.0,0.45,170.0
2024-08-15 20:00:00,53.0,1.05,176.85714285714286
2024-08-15 21:00:00,25.0,1.25,183.71428571428572
2024-08-15 22:00:00,20.0,1.18,190.57142857142856
2024-08-15 23:00:00,24.0,1.45,
2024-08-16 00:00:00,27.0,1.58,
2024-08-16 01:00:00,38.0,0.65,
2024-08-16 02:00:00,35.0,1.35,218.0
2024-08-16 03:00:00,28.0,1.68,219.5
2024-08-16 04:00:00,28.0,1.68,220.5483870967742
2024-08-16 05:00:00,40.0,1.55,221.59677419354838
2024-08-16 06:00:00,59.0,1.23,222.6451612903226
2024-08-16 07:00:00,57.0,1.25,
2024-08-16 08:00:00,64.0,1.18,
2024-08-16 09:00:00,73.0,1.2,
2024-08-16 10:00:00,53.5,1.2,
2024-08-16 11:00:00,34.0,1.23,
2024-08-16 12:00:00,34.0,1.23,
2024-08-16 13:00:00,34.0,1.27,
2024-08-16 14:00:00,28.0,1.27,
2024-08-16 15:00:00,31.0,1.23,
2024-08-16 16:00:00,33.0,1.2,
2024-08-16 17:00:00,36.0,1.27,
2024-08-16 18:00:00,40.0,1.18,
2024-08-16 19:00:00,42.0,1.25,
2024-08-16 20:00:00,46.0,1.27,
2024-08-16 21:00:00,45.0,1.32,
2024-08-16 22:00:00,40.0,1.12,
2024-08-16 23:00:00,38.0,0.3,
2024-08-17 00:00:00,35.0,1.4,
2024-08-17 01:00:00,29.0,1.05,
2024-08-17 02:00:00,33.0,1.7,
2024-08-17 03:00:00,33.0,1.7,
2024-08-17 04:00:00,29.0,1.7,
2024-08-17 05:00:00,36.0,1.7,
2024-08-17 06:00:00,45.0,1.7,
2024-08-17 07:00:00,52.0,1.38,
2024-08-17 08:00:00,46.0,1.35,
2024-08-17 09:00:00,44.0,1.42,
2024-08-17 10:00:00,35.0,1.23,252.0
2024-08-17 11:00:00,59.0,1.25,259.8
2024-08-17 12:00:00,53.0,1.3,267.6
2024-08-17 13:00:00,64.0,1.25,275.4
2024-08-17 14:00:00,47.0,1.25,
2024-08-17 15:00:00,46.0,1.2,
2024-08-17 16:00:00,56.0,1.25,
2024-08-17 17:00:00,25.0,1.48,
2024-08-17 18:00:00,33.0,1.6,
2024-08-17 19:00:00,62.0,1.2,
2024-08-17 20:00:00,67.0,1.52,330.0
2024-08-17 21:00:00,74.0,0.72,329.27659574468083
2024-08-17 22:00:00,74.0,0.85,328.5531914893617
2024-08-17 23:00:00,79.0,1.7,327.82978723404256
2024-08-18 00:00:00,78.0,1.5,
2024-08-18 01:00:00,70.0,1.25,
2024-08-18 02:00:00,66.0,0.95,
2024-08-18 03:00:00,53.0,1.2,
2024-08-18 04:00:00,63.0,1.3,
2024-08-18 05:00:00,50.0,1.23,
2024-08-18 06:00:00,45.0,1.25,
2024-08-18 07:00:00,44.0,1.2,
2024-08-18 08:00:00,41.0,1.25,
2024-08-18 09:00:00,45.0,1.25,
2024-08-18 10:00:00,44.0,1.27,
2024-08-18 11:00:00,47.0,1.25,
2024-08-18 12:00:00,48.0,1.25,
2024-08-18 13:00:00,44.0,1.27,
2024-08-18 14:00:00,31.0,1.27,
2024-08-18 15:00:00,42.0,1.25,
2024-08-18 16:00:00,44.0,1.3,
2024-08-18 17:00:00,42.0,1.2,
2024-08-18 18:00:00,48.0,1.23,
2024-08-18 19:00:00,47.0,1.1,
2024-08-18 20:00:00,46.0,1.58,
2024-08-18 21:00:00,48.0,0.3,
2024-08-18 22:00:00,66.0,0.3,
2024-08-18 23:00:00,70.0,0.3,
2024-08-19 00:00:00,75.0,0.3,
2024-08-19 01:00:00,74.0,0.3,
2024-08-19 02:00:00,69.0,0.57,
2024-08-19 03:00:00,55.0,1.27,
2024-08-19 04:00:00,56.0,1.3,
2024-08-19 05:00:00,48.0,1.25,
2024-08-19 06:00:00,46.0,1.25,
2024-08-19 07:00:00,61.0,1.25,
2024-08-19 08:00:00,47.0,1.27,
2024-08-19 09:00:00,57.0,1.25,
2024-08-19 10:00:00,39.0,1.25,
2024-08-19 11:00:00,45.0,1.2,
2024-08-19 12:00:00,50.0,1.25,
2024-08-19 13:00:00,53.0,1.23,
2024-08-19 14:00:00,44.0,1.25,
2024-08-19 15:00:00,38.0,1.3,
2024-08-19 16:00:00,33.0,1.23,
2024-08-19 17:00:00,30.0,1.23,
2024-08-19 18:00:00,38.0,1.02,
2024-08-19 19:00:00,22.0,0.82,296.0
2024-08-19 20:00:00,47.0,1.27,295.9710144927536
2024-08-19 21:00:00,64.0,1.2,295.94202898550725
2024-08-19 22:00:00,64.0,1.3,295.9130434782609
2024-08-19 23:00:00,68.0,1.35,
2024-08-20 00:00:00,66.0,1.42,
2024-08-20 01:00:00,42.0,1.25,
2024-08-20 02:00:00,41.0,1.23,
2024-08-20 03:00:00,39.0,1.68,
2024-08-20 04:00:00,28.0,1.25,
2024-08-20 05:00:00,29.0,1.18,
2024-08-20 06:00:00,46.0,1.2,
2024-08-20 07:00:00,30.0,1.25,
2024-08-20 08:00:00,6.0,1.25,
2024-08-20 09:00:00,5.0,1.27,
2024-08-20 10:00:00,3.0,1.23,
2024-08-20 11:00:00,7.0,1.3,
2024-08-20 12:00:00,18.0,1.18,
2024-08-20 13:00:00,17.0,1.23,
2024-08-20 14:00:00,41.0,1.23,
2024-08-20 15:00:00,30.0,1.25,
2024-08-20 16:00:00,36.0,1.2,
2024-08-20 17:00:00,57.0,0.98,
2024-08-20 18:00:00,56.0,1.08,
2024-08-20 19:00:00,79.0,1.38,
2024-08-20 20:00:00,79.0,0.88,
2024-08-20 21:00:00,83.0,1.25,
2024-08-20 22:00:00,53.0,1.18,
2024-08-20 23:00:00,57.0,1.23,
2024-08-21 00:00:00,50.0,1.35,
2024-08-21 01:00:00,53.0,0.75,
2024-08-21 02:00:00,46.0,0.9,
2024-08-21 03:00:00,46.0,1.6,
2024-08-21 04:00:00,45.0,1.7,
2024-08-21 05:00:00,48.0,0.95,
2024-08-21 06:00:00,41.0,0.82,
2024-08-21 07:00:00,48.0,1.45,
2024-08-21 08:00:00,57.0,1.18,
2024-08-21 09:00:00,48.0,1.08,
2024-08-21 10:00:00,42.0,1.25,
2024-08-21 11:00:00,34.0,1.25,
2024-08-21 12:00:00,38.0,1.32,
2024-08-21 13:00:00,52.0,1.25,
2024-08-21 14:00:00,51.0,1.23,
2024-08-21 15:00:00,70.0,1.27,
2024-08-21 16:00:00,40.0,1.27,
2024-08-21 17:00:00,84.0,1.2,
2024-08-21 18:00:00,89.0,1.3,
2024-08-21 19:00:00,88.0,1.23,
2024-08-21 20:00:00,63.0,1.27,
2024-08-21 21:00:00,45.0,1.2,
2024-08-21 22:00:00,40.0,1.25,
2024-08-21 23:00:00,46.0,1.1,
2024-08-22 00:00:00,46.0,0.9,
2024-08-22 01:00:00,58.0,1.32,
2024-08-22 02:00:00,72.0,1.3,
2024-08-22 03:00:00,86.0,1.15,
2024-08-22 04:00:00,45.0,1.23,
2024-08-22 05:00:00,41.0,1.3,
2024-08-22 06:00:00,39.0,1.25,
2024-08-22 07:00:00,40.0,1.25,
2024-08-22 08:00:00,48.0,1.23,
2024-08-22 09:00:00,42.0,1.25,
2024-08-22 10:00:00,57.0,1.25,
2024-08-22 11:00:00,57.0,1.23,
2024-08-22 12:00:00,66.0,1.25,
2024-08-22 13:00:00,70.0,1.25,
2024-08-22 14:00:00,70.0,1.25,
2024-08-22 15:00:00,70.0,1.25,
2024-08-22 16:00:00,68.0,1.35,294.0
2024-08-22 17:00:00,57.0,1.35,294.275
2024-08-22 18:00:00,41.0,1.45,294.55
2024-08-22 19:00:00,58.0,1.52,294.825
2024-08-22 20:00:00,77.0,1.12,
2024-08-22 21:00:00,63.0,1.23,
2024-08-22 22:00:00,51.0,1.23,
2024-08-22 23:00:00,40.0,1.27,
2024-08-23 00:00:00,19.0,1.27,
2024-08-23 01:00:00,23.0,1.27,
2024-08-23 02:00:00,23.0,1.32,
2024-08-23 03:00:00,20.0,1.68,
2024-08-23 04:00:00,22.0,1.65,
2024-08-23 05:00:00,25.0,1.3,
2024-08-23 06:00:00,30.0,1.17,
2024-08-23 07:00:00,39.0,1.65,
2024-08-23 08:00:00,33.0,1.35,
2024-08-23 09:00:00,59.0,1.2,
2024-08-23 10:00:00,57.0,1.23,
2024-08-23 11:00:00,78.0,1.27,
2024-08-23 12:00:00,12.0,1.25,299.5
2024-08-23 13:00:00,19.0,1.18,295.0
2024-08-23 14:00:00,36.0,1.27,290.5
2024-08-23 15:00:00,34.0,1.25,286.0
2024-08-23 16:00:00,36.0,1.23,259.0
2024-08-23 17:00:00,52.0,1.38,318.0
2024-08-23 18:00:00,53.0,1.32,146.0
2024-08-23 19:00:00,70.0,1.48,159.5
2024-08-23 20:00:00,57.0,1.7,173.0
2024-08-23 21:00:00,70.0,1.7,186.5
2024-08-23 22:00:00,78.0,1.7,
2024-08-23 23:00:00,83.0,1.7,
2024-08-24 00:00:00,64.0,1.68,
2024-08-24 01:00:00,74.0,0.35,
2024-08-24 02:00:00,83.0,0.3,
2024-08-24 03:00:00,85.0,0.3,
2024-08-24 04:00:00,69.0,0.32,
2024-08-24 05:00:00,70.0,1.25,
2024-08-24 06:00:00,79.0,1.68,
2024-08-24 07:00:00,83.0,1.52,
2024-08-24 08:00:00,101.0,1.3,335.0
2024-08-24 09:00:00,96.0,1.02,315.8181818181818
2024-08-24 10:00:00,74.0,1.18,296.6363636363636
2024-08-24 11:00:00,78.0,1.27,277.45454545454544
2024-08-24 12:00:00,92.0,1.27,
2024-08-24 13:00:00,69.0,1.23,
2024-08-24 14:00:00,72.0,1.35,
2024-08-24 15:00:00,66.0,1.25,
2024-08-24 16:00:00,58.0,1.3,
2024-08-24 17:00:00,53.0,1.23,
2024-08-24 18:00:00,51.0,1.1,
2024-08-24 19:00:00,48.0,1.42,124.0
2024-08-24 20:00:00,64.0,1.05,188.33333333333331
2024-08-24 21:00:00,100.0,1.52,252.66666666666666
2024-08-24 22:00:00,89.0,1.38,317.0
2024-08-24 23:00:00,95.0,1.2,300.0
2024-08-25 00:00:00,97.0,0.88,141.0
2024-08-25 01:00:00,85.0,1.35,319.67
2024-08-25 02:00:00,62.0,1.42,355.0
2024-08-25 03:00:00,25.0,1.25,345.5
2024-08-25 04:00:00,31.0,1.3,336.0
2024-08-25 05:00:00,45.0,1.23,323.0
2024-08-25 06:00:00,34.0,1.27,322.0
2024-08-25 07:00:00,25.0,1.2,326.0
2024-08-25 08:00:00,24.0,1.25,336.0
2024-08-25 09:00:00,29.0,1.23,339.0
2024-08-25 10:00:00,39.0,1.25,343.0
2024-08-25 11:00:00,47.0,1.27,347.67
2024-08-25 12:00:00,38.0,1.27,317.5
2024-08-25 13:00:00,31.0,1.25,325.67
2024-08-25 14:00:00,30.0,1.25,296.67
2024-08-25 15:00:00,28.0,1.3,312.75
2024-08-25 16:00:00,34.0,1.27,304.75
2024-08-25 17:00:00,38.0,1.23,275.25
2024-08-25 18:00:00,39.0,1.27,235.0
2024-08-25 19:00:00,40.0,1.25,283.25
2024-08-25 20:00:00,48.0,1.27,262.25
2024-08-25 21:00:00,42.0,1.23,247.5
2024-08-25 22:00:00,34.0,1.23,257.0
2024-08-25 23:00:00,34.0,1.2,227.25
2024-08-26 00:00:00,25.0,1.23,224.25
2024-08-26 01:00:00,30.0,1.25,244.0
2024-08-26 02:00:00,35.0,1.23,218.0
2024-08-26 03:00:00,41.0,1.2,238.25
2024-08-26 04:00:00,36.0,1.25,238.25
2024-08-26 05:00:00,31.0,1.23,247.75
2024-08-26 06:00:00,39.0,1.25,299.67
2024-08-26 07:00:00,39.0,1.25,246.0
2024-08-26 08:00:00,45.0,1.23,255.0
2024-08-26 09:00:00,36.0,1.25,224.0
2024-08-26 10:00:00,42.0,1.23,209.0
2024-08-26 11:00:00,50.0,1.23,234.75
2024-08-26 12:00:00,42.0,1.27,254.25
2024-08-26 13:00:00,45.0,1.2,272.0
2024-08-26 14:00:00,41.0,1.27,254.5
2024-08-26 15:00:00,44.0,1.23,262.0
2024-08-26 16:00:00,59.0,1.25,258.5
2024-08-26 17:00:00,48.0,1.25,304.0
2024-08-26 18:00:00,62.0,1.25,265.67
2024-08-26 19:00:00,59.0,1.25,251.33
2024-08-26 20:00:00,64.0,1.25,242.0
2024-08-26 21:00:00,63.0,1.27,215.25
2024-08-26 22:00:00,45.0,1.25,256.25
2024-08-26 23:00:00,46.0,1.23,238.25
2024-08-27 00:00:00,25.0,1.23,312.5
2024-08-27 01:00:00,8.0,1.45,276.67
2024-08-27 02:00:00,7.0,1.7,272.67
2024-08-27 03:00:00,29.0,1.7,259.75
2024-08-27 04:00:00,30.0,1.02,254.75
2024-08-27 05:00:00,27.0,1.18,276.5
2024-08-27 06:00:00,29.0,1.2,292.67
2024-08-27 07:00:00,36.0,1.23,270.5
2024-08-27 08:00:00,34.0,1.23,254.5
2024-08-27 09:00:00,35.0,1.25,259.0
2024-08-27 10:00:00,28.0,1.23,262.25
2024-08-27 11:00:00,29.0,1.2,264.25
2024-08-27 12:00:00,25.0,1.23,264.75
2024-08-27 13:00:00,27.0,1.23,262.75
2024-08-27 14:00:00,18.0,1.23,282.33
2024-08-27 15:00:00,29.0,1.25,260.5
2024-08-27 16:00:00,25.0,1.27,243.25
2024-08-27 17:00:00,41.0,1.2,285.33
2024-08-27 18:00:00,31.0,1.18,286.0
2024-08-27 19:00:00,48.0,1.2,286.67
2024-08-27 20:00:00,55.0,1.18,184.25
2024-08-27 21:00:00,58.0,1.27,214.0
2024-08-27 22:00:00,52.0,1.4,211.25
2024-08-27 23:00:00,51.26315789473684,1.1,218.0
2024-08-28 00:00:00,50.526315789473685,1.23,191.5
2024-08-28 01:00:00,49.78947368421053,1.25,164.75
2024-08-28 02:00:00,,1.38,207.25
2024-08-28 03:00:00,,1.25,213.5
2024-08-28 04:00:00,,1.27,234.5
2024-08-28 05:00:00,,1.15,225.0
2024-08-28 06:00:00,,0.65,130.0
2024-08-28 07:00:00,,1.02,198.25
2024-08-28 08:00:00,,1.2,263.33
2024-08-28 09:00:00,,1.23,267.67
2024-08-28 10:00:00,,1.23,235.75
2024-08-28 11:00:00,,1.2,240.25
2024-08-28 12:00:00,,1.27,280.75
2024-08-28 13:00:00,,1.25,252.0
2024-08-28 14:00:00,,1.27,276.67
2024-08-28 15:00:00,,1.25,295.25
2024-08-28 16:00:00,,1.27,244.67
2024-08-28 17:00:00,38.0,1.35,270.0
2024-08-28 18:00:00,30.0,1.2,248.5
2024-08-28 19:00:00,36.0,1.25,286.5
2024-08-28 20:00:00,35.0,0.4,267.67
2024-08-28 21:00:00,29.0,0.5,279.78000000000003
2024-08-28 22:00:00,45.0,1.3,291.89
2024-08-28 23:00:00,59.0,1.23,304.0
2024-08-29 00:00:00,56.0,1.08,303.0
2024-08-29 01:00:00,41.0,0.95,302.0
2024-08-29 02:00:00,23.0,1.23,301.0
2024-08-29 03:00:00,11.0,1.15,
2024-08-29 04:00:00,11.0,1.23,
2024-08-29 05:00:00,9.0,1.15,
2024-08-29 06:00:00,12.0,1.23,
2024-08-29 07:00:00,16.0,1.2,
2024-08-29 08:00:00,19.0,1.2,295.0
2024-08-29 09:00:00,25.0,1.2,337.0
2024-08-29 10:00:00,17.0,1.23,335.6818181818182
2024-08-29 11:00:00,28.0,1.2,334.3636363636364
2024-08-29 12:00:00,45.0,1.23,333.04545454545456
2024-08-29 13:00:00,57.0,1.23,
2024-08-29 14:00:00,58.0,1.12,
2024-08-29 15:00:00,33.0,1.3,
2024-08-29 16:00:00,18.0,1.7,
2024-08-29 17:00:00,33.0,1.7,
2024-08-29 18:00:00,42.0,0.5,
2024-08-29 19:00:00,52.0,0.42,
2024-08-29 20:00:00,51.0,1.58,322.5
2024-08-29 21:00:00,103.0,1.0,276.25
2024-08-29 22:00:00,116.0,1.7,271.5
2024-08-29 23:00:00,112.0,1.7,270.0
2024-08-30 00:00:00,100.0,1.7,269.0
2024-08-30 01:00:00,96.0,1.7,268.0
2024-08-30 02:00:00,111.0,1.7,267.5
2024-08-30 03:00:00,88.0,1.7,267.0
2024-08-30 04:00:00,86.0,1.7,267.4816753926702
2024-08-30 05:00:00,90.0,1.7,267.9633507853403
2024-08-30 06:00:00,85.0,0.75,268.4450261780105
2024-08-30 07:00:00,85.0,0.57,
2024-08-30 08:00:00,128.0,1.25,
2024-08-30 09:00:00,97.5,1.2,
2024-08-30 10:00:00,67.0,1.23,
2024-08-30 11:00:00,68.0,1.2,
2024-08-30 12:00:00,64.0,1.25,
2024-08-30 13:00:00,51.0,0.75,
2024-08-30 14:00:00,52.0,1.58,
2024-08-30 15:00:00,64.0,1.02,
2024-08-30 16:00:00,84.0,0.52,
2024-08-30 17:00:00,74.0,1.2,
2024-08-30 18:00:00,46.0,1.23,
2024-08-30 19:00:00,56.0,1.25,
2024-08-30 20:00:00,81.0,1.35,
2024-08-30 21:00:00,84.0,1.7,
2024-08-30 22:00:00,101.0,1.3,
2024-08-30 23:00:00,97.0,1.3,
2024-08-31 00:00:00,91.0,1.25,
2024-08-31 01:00:00,52.0,1.25,
2024-08-31 02:00:00,41.0,1.23,
2024-08-31 03:00:00,42.0,1.27,
2024-08-31 04:00:00,56.0,1.25,
2024-08-31 05:00:00,51.0,1.45,
2024-08-31 06:00:00,62.0,1.32,
2024-08-31 07:00:00,64.0,1.23,
2024-08-31 08:00:00,62.0,1.23,
2024-08-31 09:00:00,58.0,1.23,
2024-08-31 10:00:00,63.0,1.27,
2024-08-31 11:00:00,57.0,1.3,
2024-08-31 12:00:00,47.0,1.27,
2024-08-31 13:00:00,48.0,1.2,
2024-08-31 14:00:00,38.0,1.27,
2024-08-31 15:00:00,41.0,1.25,
2024-08-31 16:00:00,55.0,1.25,
2024-08-31 17:00:00,48.0,1.27,
2024-08-31 18:00:00,57.0,1.23,
2024-08-31 19:00:00,83.0,1.38,
2024-08-31 20:00:00,94.0,1.35,
2024-08-31 21:00:00,100.0,1.7,
2024-08-31 22:00:00,116.0,1.7,
2024-08-31 23:00:00,105.0,1.7,
2024-09-01 00:00:00,99.0,0.3,
2024-09-01 01:00:00,97.0,0.3,
2024-09-01 02:00:00,77.0,1.55,
2024-09-01 03:00:00,68.0,1.7,
2024-09-01 04:00:00,51.0,1.7,
2024-09-01 05:00:00,52.0,1.65,
2024-09-01 06:00:00,57.0,0.6,
2024-09-01 07:00:00,81.0,1.3,
2024-09-01 08:00:00,62.0,1.23,
2024-09-01 09:00:00,68.0,1.3,
2024-09-01 10:00:00,62.0,1.23,
2024-09-01 11:00:00,52.0,1.18,
2024-09-01 12:00:00,57.0,1.25,
2024-09-01 13:00:00,57.0,1.27,
2024-09-01 14:00:00,61.0,1.27,
2024-09-01 15:00:00,56.0,1.35,
2024-09-01 16:00:00,61.0,1.42,
2024-09-01 17:00:00,55.0,1.4,
2024-09-01 18:00:00,55.0,1.48,
2024-09-01 19:00:00,48.0,1.7,
2024-09-01 20:00:00,59.0,1.7,
2024-09-01 21:00:00,73.0,1.7,
2024-09-01 22:00:00,80.0,1.6,
2024-09-01 23:00:00,107.0,1.23,
2024-09-02 00:00:00,70.0,1.18,
2024-09-02 01:00:00,36.0,1.25,
2024-09-02 02:00:00,35.0,1.23,
2024-09-02 03:00:00,29.0,1.25,
2024-09-02 04:00:00,47.0,1.25,
2024-09-02 05:00:00,36.0,1.27,
2024-09-02 06:00:00,42.0,1.25,
2024-09-02 07:00:00,62.0,1.23,
2024-09-02 08:00:00,81.0,1.25,
2024-09-02 09:00:00,85.0,1.23,
2024-09-02 10:00:00,80.0,1.27,
2024-09-02 11:00:00,56.0,1.4,
2024-09-02 12:00:00,30.0,1.55,
2024-09-02 13:00:00,58.0,1.3,
2024-09-02 14:00:00,62.0,1.23,
2024-09-02 15:00:00,52.0,1.23,
2024-09-02 16:00:00,40.0,1.23,
2024-09-02 17:00:00,51.0,1.23,
2024-09-02 18:00:00,55.0,1.08,
2024-09-02 19:00:00,67.0,0.9,
2024-09-02 20:00:00,86.0,1.08,
2024-09-02 21:00:00,83.0,1.2,
2024-09-02 22:00:00,124.0,0.92,
2024-09-02 23:00:00,85.0,1.25,
2024-09-03 00:00:00,64.0,1.2,
2024-09-03 01:00:00,50.0,1.08,
2024-09-03 02:00:00,48.0,1.4,
2024-09-03 03:00:00,41.0,1.3,
2024-09-03 04:00:00,41.0,1.27,
2024-09-03 05:00:00,40.0,1.23,
2024-09-03 06:00:00,41.0,1.25,
2024-09-03 07:00:00,59.0,1.18,
2024-09-03 08:00:00,81.0,1.25,
2024-09-03 09:00:00,56.0,1.25,
2024-09-03 10:00:00,51.0,1.2,
2024-09-03 11:00:00,44.0,1.23,
2024-09-03 12:00:00,46.0,1.23,
2024-09-03 13:00:00,45.0,1.25,
2024-09-03 14:00:00,53.0,1.27,
2024-09-03 15:00:00,41.0,1.25,
2024-09-03 16:00:00,44.0,1.27,
2024-09-03 17:00:00,50.0,1.25,
2024-09-03 18:00:00,66.0,1.32,
2024-09-03 19:00:00,67.0,1.35,
2024-09-03 20:00:00,67.0,1.45,
2024-09-03 21:00:00,69.0,1.27,
2024-09-03 22:00:00,48.0,1.27,
2024-09-03 23:00:00,30.0,1.15,
2024-09-04 00:00:00,30.0,1.15,
2024-09-04 01:00:00,50.0,1.35,
2024-09-04 02:00:00,47.0,1.3,
2024-09-04 03:00:00,34.0,1.18,
2024-09-04 04:00:00,36.0,0.3,
2024-09-04 05:00:00,27.0,0.3,
2024-09-04 06:00:00,27.0,0.68,
2024-09-04 07:00:00,40.0,1.15,
2024-09-04 08:00:00,47.0,1.08,
2024-09-04 09:00:00,45.0,1.08,
2024-09-04 10:00:00,47.0,1.2,
2024-09-04 11:00:00,45.0,1.25,
2024-09-04 12:00:00,45.0,1.2,
2024-09-04 13:00:00,46.0,1.18,
2024-09-04 14:00:00,20.0,1.27,
2024-09-04 15:00:00,5.0,1.25,
2024-09-04 16:00:00,6.0,1.4,
2024-09-04 17:00:00,22.0,0.52,
2024-09-04 18:00:00,27.0,0.3,
2024-09-04 19:00:00,36.0,0.82,
2024-09-04 20:00:00,27.0,1.27,
2024-09-04 21:00:00,44.0,1.1,
2024-09-04 22:00:00,48.0,1.4,
2024-09-04 23:00:00,45.0,1.25,
2024-09-05 00:00:00,38.0,1.65,
2024-09-05 01:00:00,44.0,1.7,
2024-09-05 02:00:00,41.0,1.35,
2024-09-05 03:00:00,36.0,1.68,
2024-09-05 04:00:00,34.0,1.7,
2024-09-05 05:00:00,35.0,1.65,
2024-09-05 06:00:00,38.0,1.48,
2024-09-05 07:00:00,40.0,1.48,
2024-09-05 08:00:00,41.0,0.95,
2024-09-05 09:00:00,23.0,0.75,
2024-09-05 10:00:00,36.0,1.1,
2024-09-05 11:00:00,45.0,0.3,
2024-09-05 12:00:00,50.0,0.82,
2024-09-05 13:00:00,68.0,1.12,
2024-09-05 14:00:00,95.0,1.23,
2024-09-05 15:00:00,92.0,1.32,
2024-09-05 16:00:00,91.0,1.5,
2024-09-05 17:00:00,92.0,1.42,
2024-09-05 18:00:00,85.0,1.52,
2024-09-05 19:00:00,69.0,1.48,
2024-09-05 20:00:00,72.0,1.7,
2024-09-05 21:00:00,63.0,1.7,
2024-09-05 22:00:00,80.0,1.7,
2024-09-05 23:00:00,108.0,1.2,
2024-09-06 00:00:00,92.0,0.3,
2024-09-06 01:00:00,63.0,0.3,
2024-09-06 02:00:00,51.0,0.3,
2024-09-06 03:00:00,55.0,0.3,
2024-09-06 04:00:00,64.0,0.3,
2024-09-06 05:00:00,75.0,0.3,
2024-09-06 06:00:00,74.0,0.7,
2024-09-06 07:00:00,74.0,1.4,
2024-09-06 08:00:00,47.0,1.2,
2024-09-06 09:00:00,28.0,1.23,
2024-09-06 10:00:00,38.0,1.2,
2024-09-06 11:00:00,31.0,1.23,
2024-09-06 12:00:00,29.0,1.25,
2024-09-06 13:00:00,24.0,1.23,
2024-09-06 14:00:00,31.0,1.32,
2024-09-06 15:00:00,36.0,1.25,
2024-09-06 16:00:00,53.0,1.27,
2024-09-06 17:00:00,47.0,1.32,
2024-09-06 18:00:00,24.0,1.32,
2024-09-06 19:00:00,45.0,1.42,
2024-09-06 20:00:00,66.0,1.27,
2024-09-06 21:00:00,58.0,1.12,
2024-09-06 22:00:00,39.0,1.23,
2024-09-06 23:00:00,39.0,1.2,
2024-09-07 00:00:00,40.0,1.23,
2024-09-07 01:00:00,50.0,1.23,
2024-09-07 02:00:00,30.0,1.4,359.0
2024-09-07 03:00:00,33.0,1.65,358.0615384615385
2024-09-07 04:00:00,39.0,1.62,357.12307692307695
2024-09-07 05:00:00,38.0,1.18,356.18461538461537
2024-09-07 06:00:00,41.0,1.45,
2024-09-07 07:00:00,69.0,1.27,
2024-09-07 08:00:00,75.0,1.38,
2024-09-07 09:00:00,47.0,1.2,
2024-09-07 10:00:00,28.0,1.23,
2024-09-07 11:00:00,22.0,1.23,
2024-09-07 12:00:00,24.0,1.15,
2024-09-07 13:00:00,33.0,1.35,
2024-09-07 14:00:00,36.0,1.2,
2024-09-07 15:00:00,39.0,1.23,
2024-09-07 16:00:00,48.0,1.12,
2024-09-07 17:00:00,50.0,1.25,
2024-09-07 18:00:00,51.0,1.52,
2024-09-07 19:00:00,38.0,1.68,
2024-09-07 20:00:00,47.0,1.38,
2024-09-07 21:00:00,44.0,0.82,
2024-09-07 22:00:00,33.0,1.08,
2024-09-07 23:00:00,36.0,1.6,
2024-09-08 00:00:00,39.785714285714285,1.5714285714285716,
2024-09-08 01:00:00,43.57142857142857,1.542857142857143,
2024-09-08 02:00:00,47.35714285714286,1.5142857142857142,
2024-09-08 03:00:00,,,
2024-09-08 04:00:00,,,
2024-09-08 05:00:00,,,
2024-09-08 06:00:00,,,
2024-09-08 07:00:00,,,
2024-09-08 08:00:00,,,
2024-09-08 09:00:00,,,
2024-09-08 10:00:00,,,
2024-09-08 11:00:00,,,
2024-09-08 12:00:00,,,
2024-09-08 13:00:00,89.0,1.2,
2024-09-08 14:00:00,83.0,1.25,
2024-09-08 15:00:00,56.0,1.23,
2024-09-08 16:00:00,55.0,1.2,
2024-09-08 17:00:00,70.0,1.2,
2024-09-08 18:00:00,95.0,1.23,
2024-09-08 19:00:00,97.0,1.12,
2024-09-08 20:00:00,114.0,1.7,
2024-09-08 21:00:00,102.0,0.35,
2024-09-08 22:00:00,97.0,0.3,
2024-09-08 23:00:00,91.0,0.3,
2024-09-09 00:00:00,85.0,0.3,
2024-09-09 01:00:00,89.0,0.3,
2024-09-09 02:00:00,79.0,0.6,
2024-09-09 03:00:00,56.0,1.27,
2024-09-09 04:00:00,45.0,1.38,
2024-09-09 05:00:00,61.0,1.27,
2024-09-09 06:00:00,58.0,1.55,
2024-09-09 07:00:00,58.0,1.38,
2024-09-09 08:00:00,68.0,1.25,
2024-09-09 09:00:00,88.0,1.27,
2024-09-09 10:00:00,78.0,1.3,
2024-09-09 11:00:00,79.0,1.23,
2024-09-09 12:00:00,73.0,1.27,
2024-09-09 13:00:00,74.0,1.27,
2024-09-09 14:00:00,75.0,1.08,
2024-09-09 15:00:00,73.0,1.18,
2024-09-09 16:00:00,74.0,1.5,
2024-09-09 17:00:00,74.0,1.38,
2024-09-09 18:00:00,44.0,1.55,
2024-09-09 19:00:00,62.0,0.95,298.0
2024-09-09 20:00:00,72.0,0.3,302.3333333333333
2024-09-09 21:00:00,75.0,0.75,306.6666666666667
2024-09-09 22:00:00,89.0,1.62,311.0
2024-09-09 23:00:00,107.0,1.68,310.2238805970149
2024-09-10 00:00:00,106.0,1.7,309.44776119402985
2024-09-10 01:00:00,110.0,1.27,308.67164179104475
2024-09-10 02:00:00,144.0,1.7,
2024-09-10 03:00:00,97.0,1.7,
2024-09-10 04:00:00,81.0,1.7,
2024-09-10 05:00:00,90.0,1.7,
2024-09-10 06:00:00,89.0,0.48,
2024-09-10 07:00:00,89.0,0.82,
2024-09-10 08:00:00,105.0,1.25,
2024-09-10 09:00:00,80.0,1.25,
2024-09-10 10:00:00,99.0,1.25,
2024-09-10 11:00:00,80.0,1.15,
2024-09-10 12:00:00,68.0,1.23,
2024-09-10 13:00:00,57.0,1.2,
2024-09-10 14:00:00,53.0,1.38,
2024-09-10 15:00:00,52.0,1.15,
2024-09-10 16:00:00,75.0,1.23,
2024-09-10 17:00:00,33.0,1.27,
2024-09-10 18:00:00,24.0,1.23,
2024-09-10 19:00:00,19.0,1.05,
2024-09-10 20:00:00,23.0,1.6,
2024-09-10 21:00:00,45.0,1.0,
2024-09-10 22:00:00,52.0,1.08,
2024-09-10 23:00:00,56.0,1.4,
2024-09-11 00:00:00,69.0,0.35,
2024-09-11 01:00:00,66.0,0.48,
2024-09-11 02:00:00,61.0,1.7,
2024-09-11 03:00:00,53.0,1.7,
2024-09-11 04:00:00,66.0,1.7,
2024-09-11 05:00:00,68.0,1.68,
2024-09-11 06:00:00,61.0,1.2,
2024-09-11 07:00:00,52.0,0.9,
2024-09-11 08:00:00,47.0,1.2,
2024-09-11 09:00:00,59.0,1.2,
2024-09-11 10:00:00,19.0,1.23,
2024-09-11 11:00:00,19.0,1.15,
2024-09-11 12:00:00,33.0,1.22,
2024-09-11 13:00:00,61.0,1.3,
2024-09-11 14:00:00,47.0,1.15,
2024-09-11 15:00:00,33.0,1.45,
2024-09-11 16:00:00,39.0,1.55,
2024-09-11 17:00:00,41.0,0.92,
2024-09-11 18:00:00,64.0,0.3,
2024-09-11 19:00:00,55.0,0.3,
2024-09-11 20:00:00,45.0,0.3,
2024-09-11 21:00:00,89.0,0.35,
2024-09-11 22:00:00,122.0,0.92,
2024-09-11 23:00:00,91.0,1.08,
2024-09-12 00:00:00,61.0,1.1,
2024-09-12 01:00:00,27.0,1.68,
2024-09-12 02:00:00,25.0,1.62,
2024-09-12 03:00:00,41.0,1.5,
2024-09-12 04:00:00,42.0,1.3,
2024-09-12 05:00:00,19.0,1.27,
2024-09-12 06:00:00,11.0,1.18,
2024-09-12 07:00:00,9.0,1.15,
2024-09-12 08:00:00,12.0,1.23,
2024-09-12 09:00:00,14.0,1.18,
2024-09-12 10:00:00,19.0,1.23,
2024-09-12 11:00:00,11.0,1.23,
2024-09-12 12:00:00,11.0,1.2,
2024-09-12 13:00:00,12.0,1.12,
2024-09-12 14:00:00,12.0,1.3,
2024-09-12 15:00:00,12.0,1.25,
2024-09-12 16:00:00,12.0,1.2,
2024-09-12 17:00:00,9.0,1.35,
2024-09-12 18:00:00,13.0,1.23,
2024-09-12 19:00:00,9.0,1.23,
2024-09-12 20:00:00,6.0,1.2,
2024-09-12 21:00:00,7.0,1.2,
2024-09-12 22:00:00,8.0,1.25,
2024-09-12 23:00:00,7.0,1.27,
2024-09-13 00:00:00,7.0,1.23,
2024-09-13 01:00:00,7.0,1.23,
2024-09-13 02:00:00,5.0,1.23,
2024-09-13 03:00:00,4.0,1.23,
2024-09-13 04:00:00,3.0,1.25,
2024-09-13 05:00:00,5.0,1.23,
2024-09-13 06:00:00,2.0,1.2,
2024-09-13 07:00:00,7.0,1.23,
2024-09-13 08:00:00,12.0,1.2,
2024-09-13 09:00:00,11.0,1.23,
2024-09-13 10:00:00,22.0,1.18,
2024-09-13 11:00:00,24.0,1.25,
2024-09-13 12:00:00,34.0,1.2,
2024-09-13 13:00:00,29.0,1.38,
2024-09-13 14:00:00,41.0,1.27,
2024-09-13 15:00:00,41.0,1.23,
2024-09-13 16:00:00,40.0,1.15,
2024-09-13 17:00:00,35.0,1.27,
2024-09-13 18:00:00,20.0,1.23,
2024-09-13 19:00:00,28.0,1.32,
2024-09-13 20:00:00,30.0,1.25,
2024-09-13 21:00:00,38.0,1.27,
2024-09-13 22:00:00,31.0,1.2,
2024-09-13 23:00:00,24.0,1.23,
2024-09-14 00:00:00,33.0,1.15,
2024-09-14 01:00:00,23.0,1.23,
2024-09-14 02:00:00,23.0,1.4,
2024-09-14 03:00:00,24.0,1.55,
2024-09-14 04:00:00,24.0,0.45,
2024-09-14 05:00:00,29.0,1.15,
2024-09-14 06:00:00,28.0,1.1,
2024-09-14 07:00:00,24.0,1.23,
2024-09-14 08:00:00,42.0,1.25,
2024-09-14 09:00:00,36.0,1.23,
2024-09-14 10:00:00,25.0,1.2,
2024-09-14 11:00:00,50.0,1.2,
2024-09-14 12:00:00,68.0,1.23,
2024-09-14 13:00:00,79.0,1.25,
2024-09-14 14:00:00,94.0,1.23,
2024-09-14 15:00:00,100.0,1.25,
2024-09-14 16:00:00,95.0,1.25,
2024-09-14 17:00:00,96.0,1.23,
2024-09-14 18:00:00,96.0,1.45,
2024-09-14 19:00:00,84.0,0.98,
2024-09-14 20:00:00,64.0,0.8,
2024-09-14 21:00:00,91.0,1.32,
2024-09-14 22:00:00,90.0,1.62,
2024-09-14 23:00:00,74.0,1.23,
2024-09-15 00:00:00,84.0,0.3,
2024-09-15 01:00:00,78.0,0.82,
2024-09-15 02:00:00,100.0,1.23,
2024-09-15 03:00:00,86.0,1.4,
2024-09-15 04:00:00,90.0,1.18,
2024-09-15 05:00:00,80.0,1.23,
2024-09-15 06:00:00,61.0,1.2,
2024-09-15 07:00:00,50.0,1.23,
2024-09-15 08:00:00,61.0,1.3,
2024-09-15 09:00:00,61.0,1.27,
2024-09-15 10:00:00,59.0,1.27,
2024-09-15 11:00:00,78.0,1.2,
2024-09-15 12:00:00,92.0,1.2,
2024-09-15 13:00:00,106.0,1.23,
2024-09-15 14:00:00,106.0,1.25,
2024-09-15 15:00:00,108.0,1.25,
2024-09-15 16:00:00,107.0,1.25,
2024-09-15 17:00:00,107.0,1.27,
2024-09-15 18:00:00,124.0,1.15,
2024-09-15 19:00:00,158.0,1.2,
2024-09-15 20:00:00,135.0,1.7,
2024-09-15 21:00:00,140.0,1.27,
2024-09-15 22:00:00,129.0,0.3,
2024-09-15 23:00:00,112.0,0.9,
2024-09-16 00:00:00,102.0,1.7,
2024-09-16 01:00:00,95.0,1.7,
2024-09-16 02:00:00,88.0,1.7,
2024-09-16 03:00:00,81.0,1.7,
2024-09-16 04:00:00,91.0,1.68,
2024-09-16 05:00:00,105.0,0.6,
2024-09-16 06:00:00,112.0,1.23,
2024-09-16 07:00:00,95.0,1.23,
2024-09-16 08:00:00,80.0,1.23,
2024-09-16 09:00:00,85.0,1.25,
2024-09-16 10:00:00,95.0,1.25,
2024-09-16 11:00:00,99.0,1.27,
2024-09-16 12:00:00,112.0,1.25,
2024-09-16 13:00:00,112.0,1.27,
2024-09-16 14:00:00,123.0,1.3,
2024-09-16 15:00:00,124.0,1.23,
2024-09-16 16:00:00,126.25,1.27,
2024-09-16 17:00:00,128.5,1.27,
2024-09-16 18:00:00,130.75,1.05,
2024-09-16 19:00:00,133.0,0.3,
2024-09-16 20:00:00,139.0,0.3,
2024-09-16 21:00:00,141.0,0.3,
2024-09-16 22:00:00,153.0,0.3,
2024-09-16 23:00:00,163.0,0.3,
2024-09-17 00:00:00,157.0,0.3,
2024-09-17 01:00:00,166.0,0.3,
2024-09-17 02:00:00,175.0,0.3,
2024-09-17 03:00:00,139.0,0.3,
2024-09-17 04:00:00,110.0,0.75,
2024-09-17 05:00:00,107.0,0.42,
2024-09-17 06:00:00,99.0,0.98,
2024-09-17 07:00:00,110.0,1.25,
2024-09-17 08:00:00,119.0,1.2,
2024-09-17 09:00:00,122.0,1.23,
2024-09-17 10:00:00,112.0,1.23,
2024-09-17 11:00:00,140.0,1.2,
2024-09-17 12:00:00,147.0,1.05,
2024-09-17 13:00:00,167.0,1.25,
2024-09-17 14:00:00,164.0,1.27,
2024-09-17 15:00:00,167.0,1.25,
2024-09-17 16:00:00,153.0,1.27,
2024-09-17 17:00:00,150.0,1.12,
2024-09-17 18:00:00,162.0,1.23,
2024-09-17 19:00:00,116.0,1.18,
2024-09-17 20:00:00,38.0,0.8,
2024-09-17 21:00:00,52.0,0.3,
2024-09-17 22:00:00,52.0,1.42,
2024-09-17 23:00:00,66.0,1.38,
2024-09-18 00:00:00,96.0,0.98,
2024-09-18 01:00:00,89.0,0.88,
2024-09-18 02:00:00,92.0,1.15,
2024-09-18 03:00:00,79.0,0.7,
2024-09-18 04:00:00,80.0,1.48,
2024-09-18 05:00:00,103.0,1.15,
2024-09-18 06:00:00,88.0,1.7,
2024-09-18 07:00:00,78.0,1.7,155.0
2024-09-18 08:00:00,89.0,1.3,181.25
2024-09-18 09:00:00,97.0,1.18,207.5
2024-09-18 10:00:00,112.0,1.25,233.75
2024-09-18 11:00:00,102.0,1.27,
2024-09-18 12:00:00,38.0,1.18,286.25
2024-09-18 13:00:00,40.0,1.25,287.5
2024-09-18 14:00:00,24.0,1.27,296.0
2024-09-18 15:00:00,16.0,1.27,300.75
2024-09-18 16:00:00,20.0,1.25,289.0
2024-09-18 17:00:00,29.0,1.1,302.75
2024-09-18 18:00:00,19.0,1.3,293.75
2024-09-18 19:00:00,18.0,1.18,295.75
2024-09-18 20:00:00,20.0,1.18,283.75
2024-09-18 21:00:00,23.0,1.25,290.75
2024-09-18 22:00:00,22.0,1.25,293.75
2024-09-18 23:00:00,18.0,1.23,292.75
2024-09-19 00:00:00,23.0,1.2,296.0
2024-09-19 01:00:00,16.0,1.2,295.25
2024-09-19 02:00:00,7.0,1.23,293.75
2024-09-19 03:00:00,19.0,1.27,298.5
2024-09-19 04:00:00,22.0,1.2,302.75
2024-09-19 05:00:00,25.0,1.23,303.5
2024-09-19 06:00:00,27.0,1.18,295.75
2024-09-19 07:00:00,23.0,1.38,305.0
2024-09-19 08:00:00,23.0,1.0,306.25
2024-09-19 09:00:00,35.0,1.05,291.5
2024-09-19 10:00:00,75.0,1.18,301.75
2024-09-19 11:00:00,67.0,1.18,300.0
2024-09-19 12:00:00,62.0,1.23,288.5
2024-09-19 13:00:00,55.0,1.2,301.75
2024-09-19 14:00:00,52.0,1.23,300.5
2024-09-19 15:00:00,58.0,1.27,287.75
2024-09-19 16:00:00,60.5,1.27,299.25
2024-09-19 17:00:00,63.0,1.25,298.25
2024-09-19 18:00:00,78.0,0.95,302.75
2024-09-19 19:00:00,89.0,1.1,297.25
2024-09-19 20:00:00,95.0,1.5,306.0
2024-09-19 21:00:00,95.0,1.48,306.0
2024-09-19 22:00:00,86.0,1.7,306.0
2024-09-19 23:00:00,86.0,1.62,306.25
2024-09-20 00:00:00,74.0,0.3,307.0
2024-09-20 01:00:00,42.0,0.3,307.0
2024-09-20 02:00:00,35.0,0.3,307.0
2024-09-20 03:00:00,53.0,0.3,307.0
2024-09-20 04:00:00,45.0,0.3,307.0
2024-09-20 05:00:00,55.0,0.3,307.0
2024-09-20 06:00:00,56.0,1.18,294.25
2024-09-20 07:00:00,67.0,0.75,303.25
2024-09-20 08:00:00,94.0,1.2,304.75
2024-09-20 09:00:00,69.0,1.27,302.75
2024-09-20 10:00:00,81.0,1.25,295.75
2024-09-20 11:00:00,77.0,1.23,295.0
2024-09-20 12:00:00,62.0,1.25,301.75
2024-09-20 13:00:00,45.0,1.25,296.5
2024-09-20 14:00:00,48.0,1.2,300.75
2024-09-20 15:00:00,75.0,1.27,290.25
2024-09-20 16:00:00,57.0,1.23,291.0
2024-09-20 17:00:00,58.0,1.12,294.5
2024-09-20 18:00:00,62.5,1.3,295.25
2024-09-20 19:00:00,67.0,0.65,138.25
2024-09-20 20:00:00,83.0,1.7,306.25
2024-09-20 21:00:00,98.5,1.55,306.0
2024-09-20 22:00:00,112.5,1.7,307.0
2024-09-20 23:00:00,93.5,1.7,306.25
2024-09-21 00:00:00,77.75,1.02,307.0
2024-09-21 01:00:00,82.5,0.3,306.75
2024-09-21 02:00:00,76.75,1.1,306.5
2024-09-21 03:00:00,59.75,1.68,307.0
2024-09-21 04:00:00,45.25,1.27,307.0
2024-09-21 05:00:00,46.5,1.6,307.0
2024-09-21 06:00:00,46.5,0.98,307.0
2024-09-21 07:00:00,69.25,1.32,307.0
2024-09-21 08:00:00,98.75,1.48,307.0
2024-09-21 09:00:00,109.0,1.32,291.75
2024-09-21 10:00:00,83.75,1.32,253.25
2024-09-21 11:00:00,63.0,1.2,283.5
2024-09-21 12:00:00,69.5,1.27,294.25
2024-09-21 13:00:00,59.5,1.2,275.0
2024-09-21 14:00:00,55.75,1.27,273.75
2024-09-21 15:00:00,56.0,1.2,280.25
2024-09-21 16:00:00,59.75,1.2,258.0
2024-09-21 17:00:00,66.25,1.5,304.25
2024-09-21 18:00:00,65.0,1.7,306.5
2024-09-21 19:00:00,93.25,1.7,306.75
2024-09-21 20:00:00,127.75,1.7,306.25
2024-09-21 21:00:00,138.25,1.7,306.0
2024-09-21 22:00:00,184.75,1.7,306.5
2024-09-21 23:00:00,176.0,1.7,306.75
2024-09-22 00:00:00,155.25,1.7,307.0
2024-09-22 01:00:00,147.25,1.7,306.75
2024-09-22 02:00:00,145.25,1.7,306.75
2024-09-22 03:00:00,138.25,1.7,307.0
2024-09-22 04:00:00,133.75,1.7,300.25
2024-09-22 05:00:00,148.0,0.32,286.25
2024-09-22 06:00:00,147.75,1.08,307.0
2024-09-22 07:00:00,149.0,1.3,306.75
2024-09-22 08:00:00,117.0,1.27,306.75
2024-09-22 09:00:00,112.0,1.38,305.75
2024-09-22 10:00:00,129.25,1.27,301.0
2024-09-22 11:00:00,123.0,1.3,300.5
2024-09-22 12:00:00,104.75,1.25,303.0
2024-09-22 13:00:00,100.75,1.02,298.75
2024-09-22 14:00:00,99.0,1.35,290.0
2024-09-22 15:00:00,104.25,1.23,306.75
2024-09-22 16:00:00,102.0,1.3,307.0
2024-09-22 17:00:00,104.25,1.27,307.0
2024-09-22 18:00:00,112.0,1.23,306.5
2024-09-22 19:00:00,124.0,1.35,307.0
2024-09-22 20:00:00,127.0,1.58,307.0
2024-09-22 21:00:00,127.0,1.7,307.0
2024-09-22 22:00:00,158.0,1.7,306.5
2024-09-22 23:00:00,146.0,1.7,307.0
2024-09-23 00:00:00,142.25,1.7,307.0
2024-09-23 01:00:00,130.0,1.7,307.0
2024-09-23 02:00:00,116.0,1.7,307.0
2024-09-23 03:00:00,106.0,1.7,307.0
2024-09-23 04:00:00,105.0,1.7,307.0
2024-09-23 05:00:00,95.0,1.7,307.0
2024-09-23 06:00:00,105.0,1.68,246.25
2024-09-23 07:00:00,113.0,1.17,301.0
2024-09-23 08:00:00,148.25,1.35,306.0
2024-09-23 09:00:00,149.0,1.25,298.25
2024-09-23 10:00:00,150.0,1.25,292.5
2024-09-23 11:00:00,139.0,1.23,295.75
2024-09-23 12:00:00,127.0,1.27,304.0
2024-09-23 13:00:00,119.0,1.25,294.5
2024-09-23 14:00:00,124.0,1.32,305.25
2024-09-23 15:00:00,125.0,1.2,307.0
2024-09-23 16:00:00,124.0,1.25,307.0
2024-09-23 17:00:00,125.0,1.25,307.0
2024-09-23 18:00:00,133.0,1.25,307.0
2024-09-23 19:00:00,172.0,1.25,307.0
2024-09-23 20:00:00,160.0,0.95,306.25
2024-09-23 21:00:00,158.0,0.3,306.75
2024-09-23 22:00:00,157.0,0.3,307.0
2024-09-23 23:00:00,157.0,0.3,306.75
2024-09-24 00:00:00,175.0,0.3,307.0
2024-09-24 01:00:00,155.0,0.3,307.0
2024-09-24 02:00:00,143.0,0.3,306.75
2024-09-24 03:00:00,132.0,0.3,307.0
2024-09-24 04:00:00,135.0,0.3,307.0
2024-09-24 05:00:00,127.0,0.3,307.0
2024-09-24 06:00:00,114.0,0.85,207.75
2024-09-24 07:00:00,133.0,1.15,306.5
2024-09-24 08:00:00,190.0,1.2,307.0
2024-09-24 09:00:00,166.0,1.55,234.75
2024-09-24 10:00:00,141.0,0.82,306.0
2024-09-24 11:00:00,138.0,1.08,278.5
2024-09-24 12:00:00,139.5,1.18,287.0
2024-09-24 13:00:00,140.75,1.32,292.0
2024-09-24 14:00:00,136.5,1.5,286.75
2024-09-24 15:00:00,135.0,1.58,306.5
2024-09-24 16:00:00,134.25,1.05,306.75
2024-09-24 17:00:00,140.75,1.15,306.0
2024-09-24 18:00:00,198.5,1.65,306.5
2024-09-24 19:00:00,218.5,1.7,306.25
2024-09-24 20:00:00,194.25,1.7,306.5
2024-09-24 21:00:00,183.0,1.7,306.5
2024-09-24 22:00:00,173.75,1.7,306.75
2024-09-24 23:00:00,179.25,1.7,306.75
2024-09-25 00:00:00,185.0,1.7,306.25
2024-09-25 01:00:00,205.5,1.7,306.0
2024-09-25 02:00:00,204.5,1.7,306.0
2024-09-25 03:00:00,165.25,1.7,307.0
2024-09-25 04:00:00,148.5,1.7,307.0
2024-09-25 05:00:00,173.25,1.7,307.0
2024-09-25 06:00:00,199.25,1.7,247.0
2024-09-25 07:00:00,202.75,0.95,266.5
2024-09-25 08:00:00,206.5,1.0,289.0
2024-09-25 09:00:00,187.0,1.27,273.25
2024-09-25 10:00:00,176.25,1.23,269.5
2024-09-25 11:00:00,226.75,1.23,285.5
2024-09-25 12:00:00,195.25,1.2,281.0
2024-09-25 13:00:00,136.25,1.3,269.5
2024-09-25 14:00:00,119.0,1.23,279.75
2024-09-25 15:00:00,112.0,1.23,277.5
2024-09-25 16:00:00,147.5,1.27,269.75
2024-09-25 17:00:00,110.5,1.23,252.5
2024-09-25 18:00:00,94.75,1.25,259.25
2024-09-25 19:00:00,116.75,1.2,242.0
2024-09-25 20:00:00,116.5,1.23,264.25
2024-09-25 21:00:00,104.25,1.25,266.0
2024-09-25 22:00:00,72.5,1.25,276.75
2024-09-25 23:00:00,53.25,1.23,270.25
2024-09-26 00:00:00,48.5,1.2,272.75
2024-09-26 01:00:00,45.0,1.23,275.75
2024-09-26 02:00:00,37.25,1.18,272.75
2024-09-26 03:00:00,41.75,1.23,271.75
2024-09-26 04:00:00,44.75,1.1,251.75
2024-09-26 05:00:00,51.0,1.25,248.0
2024-09-26 06:00:00,50.75,1.2,274.25
2024-09-26 07:00:00,55.25,1.23,263.25
2024-09-26 08:00:00,63.75,1.35,262.25
2024-09-26 09:00:00,58.5,1.18,233.5
2024-09-26 10:00:00,74.0,1.2,257.5
2024-09-26 11:00:00,77.75,1.3,267.75
2024-09-26 12:00:00,75.5,1.2,248.75
2024-09-26 13:00:00,53.25,1.25,225.0
2024-09-26 14:00:00,47.5,1.3,245.75
2024-09-26 15:00:00,48.0,1.27,265.75
2024-09-26 16:00:00,45.75,1.23,266.5
2024-09-26 17:00:00,47.25,1.2,263.5
2024-09-26 18:00:00,47.25,1.4,243.75
2024-09-26 19:00:00,46.25,1.35,248.5
2024-09-26 20:00:00,79.75,1.25,250.25
2024-09-26 21:00:00,77.5,1.3,239.25
2024-09-26 22:00:00,74.0,1.25,255.0
2024-09-26 23:00:00,64.25,1.32,250.5
2024-09-27 00:00:00,53.5,1.23,263.0
2024-09-27 01:00:00,46.0,1.2,256.25
2024-09-27 02:00:00,46.0,1.25,266.25
2024-09-27 03:00:00,42.0,1.23,236.0
2024-09-27 04:00:00,34.0,1.2,236.75
2024-09-27 05:00:00,24.0,1.3,250.0
2024-09-27 06:00:00,30.0,1.27,247.5
2024-09-27 07:00:00,30.0,1.25,238.0
2024-09-27 08:00:00,48.0,1.27,257.25
2024-09-27 09:00:00,47.0,1.25,258.25
2024-09-27 10:00:00,56.0,1.27,257.75
2024-09-27 11:00:00,44.0,1.25,266.0
2024-09-27 12:00:00,46.0,1.27,264.75
2024-09-27 13:00:00,44.0,1.27,265.75
2024-09-27 14:00:00,39.0,1.3,268.25
2024-09-27 15:00:00,51.0,1.23,267.75
2024-09-27 16:00:00,44.0,1.25,240.0
2024-09-27 17:00:00,45.0,1.23,240.75
2024-09-27 18:00:00,52.0,1.23,254.75
2024-09-27 19:00:00,67.0,1.27,263.0
2024-09-27 20:00:00,56.0,1.3,264.75
2024-09-27 21:00:00,44.0,1.25,264.25
2024-09-27 22:00:00,35.0,1.23,255.75
2024-09-27 23:00:00,31.0,1.2,246.75
2024-09-28 00:00:00,23.0,1.27,262.75
2024-09-28 01:00:00,19.0,1.25,246.25
2024-09-28 02:00:00,13.0,1.23,237.75
2024-09-28 03:00:00,13.0,1.23,239.25
2024-09-28 04:00:00,16.0,1.2,233.5
2024-09-28 05:00:00,8.0,1.12,210.75
2024-09-28 06:00:00,22.0,1.35,215.25
2024-09-28 07:00:00,19.0,1.23,246.5
2024-09-28 08:00:00,20.0,1.23,250.25
2024-09-28 09:00:00,31.0,1.25,252.5
2024-09-28 10:00:00,40.0,1.27,250.0
2024-09-28 11:00:00,53.0,1.25,250.5
2024-09-28 12:00:00,58.0,1.27,246.5
2024-09-28 13:00:00,61.0,1.23,244.5
2024-09-28 14:00:00,67.0,1.38,270.75
2024-09-28 15:00:00,74.0,1.25,263.5
2024-09-28 16:00:00,69.0,1.18,256.5
2024-09-28 17:00:00,77.0,1.25,251.5
2024-09-28 18:00:00,85.0,1.25,270.75
2024-09-28 19:00:00,70.0,1.25,290.5
2024-09-28 20:00:00,52.0,1.25,293.75
2024-09-28 21:00:00,55.0,1.23,270.0
2024-09-28 22:00:00,73.0,1.23,263.5
2024-09-28 23:00:00,55.0,1.2,278.0
2024-09-29 00:00:00,61.0,1.25,232.75
2024-09-29 01:00:00,31.0,1.4,241.75
2024-09-29 02:00:00,44.0,1.25,274.5
2024-09-29 03:00:00,57.0,1.25,278.75
2024-09-29 04:00:00,39.0,1.48,293.25
2024-09-29 05:00:00,50.0,1.3,249.25
2024-09-29 06:00:00,38.0,1.5,260.0
2024-09-29 07:00:00,38.0,1.35,304.0
2024-09-29 08:00:00,45.0,1.4,278.25
2024-09-29 09:00:00,47.0,1.32,256.5
2024-09-29 10:00:00,35.0,1.2,241.75
2024-09-29 11:00:00,46.0,1.27,230.75
2024-09-29 12:00:00,52.0,1.25,248.5
2024-09-29 13:00:00,44.0,1.23,247.5
2024-09-29 14:00:00,42.0,1.32,248.0
2024-09-29 15:00:00,42.0,1.25,253.0
2024-09-29 16:00:00,58.0,1.35,277.75
2024-09-29 17:00:00,57.0,0.98,245.75
2024-09-29 18:00:00,53.0,1.5,213.75
2024-09-29 19:00:00,79.0,1.7,307.0
2024-09-29 20:00:00,97.0,1.7,307.0
2024-09-29 21:00:00,100.0,1.7,307.0
2024-09-29 22:00:00,107.0,0.55,307.0
2024-09-29 23:00:00,118.0,1.42,307.0
2024-09-30 00:00:00,94.0,1.7,307.0
2024-09-30 01:00:00,70.0,1.7,307.0
2024-09-30 02:00:00,81.0,1.7,307.0
2024-09-30 03:00:00,81.0,1.7,307.0
2024-09-30 04:00:00,83.0,1.7,307.0
2024-09-30 05:00:00,80.0,1.7,307.0
2024-09-30 06:00:00,107.0,1.48,305.75
2024-09-30 07:00:00,129.0,1.38,307.0
2024-09-30 08:00:00,133.0,1.25,307.0
2024-09-30 09:00:00,134.0,1.23,307.0
2024-09-30 10:00:00,101.0,1.27,306.75
2024-09-30 11:00:00,94.0,1.25,307.0
2024-09-30 12:00:00,96.0,1.25,306.0
2024-09-30 13:00:00,108.0,1.23,304.5
2024-09-30 14:00:00,103.0,1.25,304.25
2024-09-30 15:00:00,105.0,1.23,306.5
2024-09-30 16:00:00,96.0,1.3,307.0
2024-09-30 17:00:00,101.0,1.25,306.25
2024-09-30 18:00:00,129.0,1.25,307.0
2024-09-30 19:00:00,156.0,1.38,307.0
2024-09-30 20:00:00,157.0,1.65,307.0
2024-09-30 21:00:00,161.0,0.42,307.0
2024-09-30 22:00:00,134.0,0.72,307.0
2024-09-30 23:00:00,140.0,0.3,307.0
2024-10-01 00:00:00,132.0,0.3,307.0
2024-10-01 01:00:00,123.0,1.25,307.0
2024-10-01 02:00:00,125.0,1.02,307.0
2024-10-01 03:00:00,123.0,1.38,307.0
2024-10-01 04:00:00,134.0,1.25,307.0
2024-10-01 05:00:00,117.0,1.05,307.0
2024-10-01 06:00:00,119.0,1.08,307.0
2024-10-01 07:00:00,147.0,1.27,306.75
2024-10-01 08:00:00,145.0,1.25,307.0
2024-10-01 09:00:00,132.0,1.27,307.0
2024-10-01 10:00:00,133.0,1.23,306.0
2024-10-01 11:00:00,135.0,1.27,305.25
2024-10-01 12:00:00,108.0,1.25,305.0
2024-10-01 13:00:00,116.0,1.25,306.0
2024-10-01 14:00:00,113.0,1.27,306.0
2024-10-01 15:00:00,102.0,1.23,306.5
2024-10-01 16:00:00,102.0,1.25,307.0
2024-10-01 17:00:00,114.0,1.25,307.0
2024-10-01 18:00:00,155.0,0.98,307.0
2024-10-01 19:00:00,189.0,0.3,307.0
2024-10-01 20:00:00,189.0,0.3,307.0
2024-10-01 21:00:00,167.0,0.3,307.0
2024-10-01 22:00:00,161.0,0.3,307.0
2024-10-01 23:00:00,157.0,0.3,307.0
2024-10-02 00:00:00,166.0,1.23,307.0
2024-10-02 01:00:00,197.0,0.65,307.0
2024-10-02 02:00:00,189.0,0.68,307.0
2024-10-02 03:00:00,169.0,0.68,307.0
2024-10-02 04:00:00,147.0,1.68,307.0
2024-10-02 05:00:00,130.0,0.78,307.0
2024-10-02 06:00:00,116.0,0.3,306.5
2024-10-02 07:00:00,123.0,1.0,307.0
2024-10-02 08:00:00,174.0,1.25,306.5
2024-10-02 09:00:00,161.0,1.23,307.0
2024-10-02 10:00:00,180.0,1.23,306.5
2024-10-02 11:00:00,180.0,1.2,306.0
2024-10-02 12:00:00,150.0,1.25,305.25
2024-10-02 13:00:00,134.0,1.27,305.5
2024-10-02 14:00:00,127.0,1.25,306.5
2024-10-02 15:00:00,125.0,1.27,306.5
2024-10-02 16:00:00,101.0,1.27,306.5
2024-10-02 17:00:00,101.0,1.12,306.5
2024-10-02 18:00:00,141.0,1.68,307.0
2024-10-02 19:00:00,169.0,1.7,307.0
2024-10-02 20:00:00,146.0,1.7,307.0
2024-10-02 21:00:00,179.0,1.7,307.0
2024-10-02 22:00:00,201.0,1.7,307.0
2024-10-02 23:00:00,219.0,1.7,307.0
2024-10-03 00:00:00,207.0,1.7,307.0
2024-10-03 01:00:00,204.0,1.7,307.0
2024-10-03 02:00:00,155.0,1.5,307.0
2024-10-03 03:00:00,150.0,1.23,306.5
2024-10-03 04:00:00,162.0,1.2,307.0
2024-10-03 05:00:00,125.0,1.08,307.0
2024-10-03 06:00:00,80.0,1.2,307.0
2024-10-03 07:00:00,69.0,1.25,307.0
2024-10-03 08:00:00,79.0,1.23,306.5
2024-10-03 09:00:00,96.0,1.23,307.0
2024-10-03 10:00:00,111.0,1.27,306.5
2024-10-03 11:00:00,122.0,1.23,304.75
2024-10-03 12:00:00,130.0,1.25,305.25
2024-10-03 13:00:00,117.0,1.25,293.25
2024-10-03 14:00:00,129.0,1.27,307.0
2024-10-03 15:00:00,128.0,1.23,306.25
2024-10-03 16:00:00,128.0,1.27,305.25
2024-10-03 17:00:00,145.0,1.25,306.0
2024-10-03 18:00:00,166.0,1.65,306.0
2024-10-03 19:00:00,189.0,1.7,306.0
2024-10-03 20:00:00,195.0,1.7,306.0
2024-10-03 21:00:00,196.0,1.7,306.0
2024-10-03 22:00:00,186.0,1.7,306.25
2024-10-03 23:00:00,195.0,1.7,306.75
2024-10-04 00:00:00,227.0,1.7,307.0
2024-10-04 01:00:00,188.0,1.7,307.0
2024-10-04 02:00:00,208.0,1.7,306.75
2024-10-04 03:00:00,228.0,1.7,307.0
2024-10-04 04:00:00,206.0,0.92,307.0
2024-10-04 05:00:00,175.0,0.55,307.0
2024-10-04 06:00:00,172.0,1.48,306.75
2024-10-04 07:00:00,143.0,1.08,307.0
2024-10-04 08:00:00,117.0,1.25,306.25
2024-10-04 09:00:00,92.0,1.25,306.0
2024-10-04 10:00:00,97.0,1.23,305.75
2024-10-04 11:00:00,121.0,1.25,305.75
2024-10-04 12:00:00,118.0,1.27,305.0
2024-10-04 13:00:00,114.0,1.3,303.75
2024-10-04 14:00:00,116.0,1.25,303.0
2024-10-04 15:00:00,128.0,1.27,305.75
2024-10-04 16:00:00,151.0,1.27,306.0
2024-10-04 17:00:00,173.0,1.23,306.0
2024-10-04 18:00:00,222.0,1.52,305.75
2024-10-04 19:00:00,295.0,1.7,306.0
2024-10-04 20:00:00,226.0,1.7,306.0
2024-10-04 21:00:00,206.0,1.7,306.25
2024-10-04 22:00:00,185.0,1.27,307.0
2024-10-04 23:00:00,162.0,0.3,307.0
2024-10-05 00:00:00,180.0,0.3,307.0
2024-10-05 01:00:00,169.0,0.3,306.5
2024-10-05 02:00:00,166.0,0.3,306.0
2024-10-05 03:00:00,147.0,0.92,307.0
2024-10-05 04:00:00,180.0,0.68,307.0
2024-10-05 05:00:00,132.0,1.3,307.0
2024-10-05 06:00:00,100.0,1.27,306.25
2024-10-05 07:00:00,78.0,1.23,306.0
2024-10-05 08:00:00,85.0,1.23,306.0
2024-10-05 09:00:00,97.0,1.23,306.0
2024-10-05 10:00:00,101.0,1.23,306.0
2024-10-05 11:00:00,99.0,1.25,306.0
2024-10-05 12:00:00,97.0,1.27,305.5
2024-10-05 13:00:00,89.0,1.27,304.5
2024-10-05 14:00:00,84.0,1.27,305.25
2024-10-05 15:00:00,91.0,1.27,302.75
2024-10-05 16:00:00,81.0,1.27,304.5
2024-10-05 17:00:00,91.0,1.27,305.0
2024-10-05 18:00:00,110.0,1.52,306.0
2024-10-05 19:00:00,237.0,0.3,306.0
2024-10-05 20:00:00,443.0,0.3,306.0
2024-10-05 21:00:00,806.0,0.3,306.0
2024-10-05 22:00:00,786.0,0.32,306.5
2024-10-05 23:00:00,516.0,1.2,307.0
2024-10-06 00:00:00,167.0,0.3,307.0
2024-10-06 01:00:00,138.0,0.3,307.0
2024-10-06 02:00:00,127.0,0.3,307.0
2024-10-06 03:00:00,117.0,0.3,307.0
2024-10-06 04:00:00,110.0,0.3,307.0
2024-10-06 05:00:00,108.0,0.3,307.0
2024-10-06 06:00:00,89.0,0.82,299.5
2024-10-06 07:00:00,153.0,1.2,283.25
2024-10-06 08:00:00,96.0,1.3,278.5
2024-10-06 09:00:00,94.0,1.45,199.5
2024-10-06 10:00:00,108.0,1.3,272.0
2024-10-06 11:00:00,146.0,1.25,273.0
2024-10-06 12:00:00,102.0,1.27,254.0
2024-10-06 13:00:00,85.0,1.25,303.25
2024-10-06 14:00:00,117.0,1.27,299.0
2024-10-06 15:00:00,80.0,1.23,303.75
2024-10-06 16:00:00,112.0,1.25,306.0
2024-10-06 17:00:00,106.0,1.27,306.0
2024-10-06 18:00:00,92.0,1.35,306.0
2024-10-06 19:00:00,160.0,1.55,306.0
2024-10-06 20:00:00,212.0,1.55,306.0
2024-10-06 21:00:00,129.0,1.48,306.0
2024-10-06 22:00:00,118.0,1.15,306.0
2024-10-06 23:00:00,106.0,0.3,306.0
2024-10-07 00:00:00,105.0,0.3,306.75
2024-10-07 01:00:00,95.0,0.3,306.75
2024-10-07 02:00:00,85.0,0.72,307.0
2024-10-07 03:00:00,83.0,1.7,307.0
2024-10-07 04:00:00,91.0,1.7,307.0
2024-10-07 05:00:00,99.0,1.5,307.0
2024-10-07 06:00:00,89.0,1.7,307.0
2024-10-07 07:00:00,108.0,1.3,307.0
2024-10-07 08:00:00,127.0,1.23,306.75
2024-10-07 09:00:00,129.0,1.25,304.75
2024-10-07 10:00:00,117.0,1.23,306.0
2024-10-07 11:00:00,151.0,1.23,304.25
2024-10-07 12:00:00,153.0,1.23,303.5
2024-10-07 13:00:00,135.0,1.27,302.5
2024-10-07 14:00:00,135.0,1.2,304.0
2024-10-07 15:00:00,135.0,1.225,303.0
2024-10-07 16:00:00,135.0,1.25,302.0
2024-10-07 17:00:00,174.66666666666666,1.25,306.0
2024-10-07 18:00:00,214.33333333333331,0.88,306.0
2024-10-07 19:00:00,254.0,1.35,306.0
2024-10-07 20:00:00,216.0,1.7,306.0
2024-10-07 21:00:00,157.0,1.7,306.0
2024-10-07 22:00:00,180.0,1.7,306.5
2024-10-07 23:00:00,183.0,1.7,307.0
2024-10-08 00:00:00,147.0,1.7,307.0
2024-10-08 01:00:00,139.0,1.7,307.0
2024-10-08 02:00:00,132.0,1.7,307.0
2024-10-08 03:00:00,125.0,1.7,307.0
2024-10-08 04:00:00,139.0,1.7,307.0
2024-10-08 05:00:00,117.0,1.15,261.25
2024-10-08 06:00:00,116.0,0.65,299.0
2024-10-08 07:00:00,145.0,0.65,306.5
2024-10-08 08:00:00,174.0,1.2,307.0
2024-10-08 09:00:00,201.0,1.3,305.5
2024-10-08 10:00:00,207.0,1.18,271.0
2024-10-08 11:00:00,184.0,1.27,300.25
2024-10-08 12:00:00,147.0,1.3,304.75
2024-10-08 13:00:00,155.0,1.3,298.75
2024-10-08 14:00:00,183.0,1.23,300.75
2024-10-08 15:00:00,191.0,1.25,307.0
2024-10-08 16:00:00,184.0,1.27,306.75
2024-10-08 17:00:00,158.0,1.27,306.5
2024-10-08 18:00:00,223.0,1.38,306.75
2024-10-08 19:00:00,235.0,1.7,307.0
2024-10-08 20:00:00,238.0,1.7,306.75
2024-10-08 21:00:00,184.0,1.7,306.75
2024-10-08 22:00:00,169.0,1.7,307.0
2024-10-08 23:00:00,144.0,1.7,307.0
2024-10-09 00:00:00,124.0,1.7,307.0
2024-10-09 01:00:00,129.0,1.7,307.0
2024-10-09 02:00:00,125.0,1.7,307.0
2024-10-09 03:00:00,122.0,1.7,307.0
2024-10-09 04:00:00,106.0,1.7,307.0
2024-10-09 05:00:00,111.0,1.7,306.5
2024-10-09 06:00:00,123.0,1.7,307.0
2024-10-09 07:00:00,161.0,1.7,307.0
2024-10-09 08:00:00,201.0,1.42,306.75
2024-10-09 09:00:00,180.0,1.3,306.5
2024-10-09 10:00:00,183.0,1.3,295.25
2024-10-09 11:00:00,136.0,1.23,307.0
2024-10-09 12:00:00,193.0,1.27,305.75
2024-10-09 13:00:00,173.0,1.2,305.5
2024-10-09 14:00:00,129.0,1.3,303.5
2024-10-09 15:00:00,125.0,1.27,306.5
2024-10-09 16:00:00,144.0,1.27,307.0
2024-10-09 17:00:00,116.0,1.2,307.0
2024-10-09 18:00:00,107.0,1.2,307.0
2024-10-09 19:00:00,157.0,1.6,307.0
2024-10-09 20:00:00,149.0,1.42,307.0
2024-10-09 21:00:00,133.0,1.45,306.75
2024-10-09 22:00:00,127.0,1.32,306.75
2024-10-09 23:00:00,125.0,1.25,306.75
2024-10-10 00:00:00,106.0,1.25,306.5
2024-10-10 01:00:00,92.0,0.88,306.5
2024-10-10 02:00:00,83.0,0.3,306.75
2024-10-10 03:00:00,81.0,0.8,307.0
2024-10-10 04:00:00,84.0,1.2,307.0
2024-10-10 05:00:00,103.0,1.23,307.0
2024-10-10 06:00:00,97.0,1.62,307.0
2024-10-10 07:00:00,129.0,1.18,307.0
2024-10-10 08:00:00,152.0,1.27,307.0
2024-10-10 09:00:00,173.0,1.27,306.75
2024-10-10 10:00:00,166.0,1.25,306.5
2024-10-10 11:00:00,182.0,1.27,306.5
2024-10-10 12:00:00,151.0,1.2,300.5
2024-10-10 13:00:00,160.0,1.3,306.0
2024-10-10 14:00:00,190.0,1.3,305.25
2024-10-10 15:00:00,152.0,1.25,307.0
2024-10-10 16:00:00,128.0,1.25,307.0
2024-10-10 17:00:00,89.0,1.3,307.0
2024-10-10 18:00:00,175.0,1.5,307.0
2024-10-10 19:00:00,304.0,1.7,306.75
2024-10-10 20:00:00,213.0,1.7,307.0
2024-10-10 21:00:00,144.0,1.7,307.0
2024-10-10 22:00:00,138.0,1.7,307.0
2024-10-10 23:00:00,129.0,1.7,307.0
2024-10-11 00:00:00,113.0,1.7,307.0
2024-10-11 01:00:00,99.0,1.7,307.0
2024-10-11 02:00:00,108.0,1.52,307.0
2024-10-11 03:00:00,100.0,1.7,307.0
2024-10-11 04:00:00,132.0,1.7,307.0
2024-10-11 05:00:00,156.0,1.02,307.0
2024-10-11 06:00:00,106.0,0.62,300.75
2024-10-11 07:00:00,167.0,1.2,307.0
2024-10-11 08:00:00,151.0,1.23,307.0
2024-10-11 09:00:00,147.0,1.25,307.0
2024-10-11 10:00:00,151.0,1.2,305.75
2024-10-11 11:00:00,175.0,1.25,306.0
2024-10-11 12:00:00,116.0,1.23,303.75
2024-10-11 13:00:00,112.0,1.23,306.0
2024-10-11 14:00:00,127.0,1.27,307.0
2024-10-11 15:00:00,108.0,1.27,305.75
2024-10-11 16:00:00,99.0,1.3,307.0
2024-10-11 17:00:00,123.0,1.27,307.0
2024-10-11 18:00:00,175.0,1.05,306.5
2024-10-11 19:00:00,323.0,1.7,307.0
2024-10-11 20:00:00,305.0,1.68,307.0
2024-10-11 21:00:00,178.0,1.52,307.0
2024-10-11 22:00:00,160.0,1.7,307.0
2024-10-11 23:00:00,150.0,1.7,307.0
2024-10-12 00:00:00,155.0,1.7,307.0
2024-10-12 01:00:00,144.0,1.7,307.0
2024-10-12 02:00:00,127.0,1.7,307.0
2024-10-12 03:00:00,127.0,1.7,307.0
2024-10-12 04:00:00,112.0,0.62,307.0
2024-10-12 05:00:00,191.0,1.02,307.0
2024-10-12 06:00:00,168.0,0.65,307.0
2024-10-12 07:00:00,178.0,1.48,306.5
2024-10-12 08:00:00,167.0,1.27,307.0
2024-10-12 09:00:00,145.0,1.25,305.5
2024-10-12 10:00:00,117.0,1.27,304.0
2024-10-12 11:00:00,129.0,1.25,296.0
2024-10-12 12:00:00,116.0,1.25,295.5
2024-10-12 13:00:00,112.0,1.23,306.0
2024-10-12 14:00:00,108.0,1.3,307.0
2024-10-12 15:00:00,108.0,1.27,300.0
2024-10-12 16:00:00,96.0,1.27,306.25
2024-10-12 17:00:00,86.0,1.18,306.5
2024-10-12 18:00:00,118.0,1.7,307.0
2024-10-12 19:00:00,160.0,1.7,307.0
2024-10-12 20:00:00,255.0,1.7,307.0
2024-10-12 21:00:00,239.0,1.7,307.0
2024-10-12 22:00:00,235.0,1.7,307.0
2024-10-12 23:00:00,260.0,1.7,307.0
2024-10-13 00:00:00,371.0,1.7,307.0
2024-10-13 01:00:00,260.0,1.7,307.0
2024-10-13 02:00:00,200.0,0.68,306.5
2024-10-13 03:00:00,248.0,1.65,307.0
2024-10-13 04:00:00,193.0,1.7,307.0
2024-10-13 05:00:00,250.0,1.7,307.0
2024-10-13 06:00:00,233.0,1.7,307.0
2024-10-13 07:00:00,283.0,1.7,307.0
2024-10-13 08:00:00,257.0,1.7,307.0
2024-10-13 09:00:00,228.0,1.5,292.25
2024-10-13 10:00:00,208.0,1.12,257.0
2024-10-13 11:00:00,139.0,1.12,289.0
2024-10-13 12:00:00,139.0,1.32,295.0
2024-10-13 13:00:00,107.0,1.4,299.0
2024-10-13 14:00:00,100.0,1.3,302.25
2024-10-13 15:00:00,96.0,1.3,307.0
2024-10-13 16:00:00,92.0,1.3,306.0
2024-10-13 17:00:00,152.0,1.08,306.25
2024-10-13 18:00:00,132.0,0.3,306.0
2024-10-13 19:00:00,178.0,0.3,306.0
2024-10-13 20:00:00,189.0,0.3,306.0
2024-10-13 21:00:00,210.0,0.3,306.0
2024-10-13 22:00:00,217.0,1.25,306.0
2024-10-13 23:00:00,206.0,1.7,306.0
2024-10-14 00:00:00,289.0,1.7,307.0
2024-10-14 01:00:00,229.0,1.7,307.0
2024-10-14 02:00:00,239.0,1.7,307.0
2024-10-14 03:00:00,164.0,1.7,307.0
2024-10-14 04:00:00,217.0,1.7,307.0
2024-10-14 05:00:00,200.0,1.7,307.0
2024-10-14 06:00:00,216.0,1.68,307.0
2024-10-14 07:00:00,227.0,1.27,238.25
2024-10-14 08:00:00,279.0,1.42,307.0
2024-10-14 09:00:00,315.0,1.25,307.0
2024-10-14 10:00:00,294.0,1.2,306.0
2024-10-14 11:00:00,263.0,1.23,277.75
2024-10-14 12:00:00,213.0,1.32,280.0
2024-10-14 13:00:00,171.0,1.27,305.25
2024-10-14 14:00:00,119.0,1.27,306.5
2024-10-14 15:00:00,94.0,1.27,307.0
2024-10-14 16:00:00,96.0,1.3,307.0
2024-10-14 17:00:00,80.0,1.4,307.0
2024-10-14 18:00:00,157.0,1.7,307.0
2024-10-14 19:00:00,182.0,1.7,307.0
2024-10-14 20:00:00,233.0,1.4,307.0
2024-10-14 21:00:00,232.0,1.7,307.0
2024-10-14 22:00:00,205.0,1.7,307.0
2024-10-14 23:00:00,245.0,1.68,307.0
2024-10-15 00:00:00,205.0,1.7,307.0
2024-10-15 01:00:00,190.0,1.7,307.0
2024-10-15 02:00:00,228.0,1.7,307.0
2024-10-15 03:00:00,191.0,1.48,307.0
2024-10-15 04:00:00,179.0,1.58,307.0
2024-10-15 05:00:00,153.0,1.7,307.0
2024-10-15 06:00:00,155.0,1.58,307.0
2024-10-15 07:00:00,205.0,0.85,307.0
2024-10-15 08:00:00,193.0,1.27,307.0
2024-10-15 09:00:00,169.0,1.27,307.0
2024-10-15 10:00:00,186.0,1.27,307.0
2024-10-15 11:00:00,162.0,1.25,306.25
2024-10-15 12:00:00,158.0,1.27,306.5
2024-10-15 13:00:00,172.0,1.3,305.75
2024-10-15 14:00:00,146.0,1.3,306.0
2024-10-15 15:00:00,119.0,1.27,306.0
2024-10-15 16:00:00,121.0,1.25,306.0
2024-10-15 17:00:00,130.0,1.3,306.5
2024-10-15 18:00:00,228.0,0.4,307.0
2024-10-15 19:00:00,312.0,0.3,307.0
2024-10-15 20:00:00,212.0,0.3,307.0
2024-10-15 21:00:00,262.0,0.3,307.0
2024-10-15 22:00:00,295.0,0.3,307.0
2024-10-15 23:00:00,252.0,0.3,307.0
2024-10-16 00:00:00,302.0,0.3,307.0
2024-10-16 01:00:00,280.0,0.3,307.0
2024-10-16 02:00:00,218.0,0.5,307.0
2024-10-16 03:00:00,195.0,1.5,307.0
2024-10-16 04:00:00,200.0,1.7,307.0
2024-10-16 05:00:00,189.0,1.7,307.0
2024-10-16 06:00:00,190.0,1.7,206.0
2024-10-16 07:00:00,241.0,1.7,307.0
2024-10-16 08:00:00,310.0,1.52,307.0
2024-10-16 09:00:00,298.0,1.27,307.0
2024-10-16 10:00:00,255.0,1.32,306.0
2024-10-16 11:00:00,206.0,1.2,287.5
2024-10-16 12:00:00,190.0,1.2,307.0
2024-10-16 13:00:00,153.0,1.2,291.5
2024-10-16 14:00:00,158.0,1.2,291.75
2024-10-16 15:00:00,150.0,0.9,307.0
2024-10-16 16:00:00,151.0,0.85,307.0
2024-10-16 17:00:00,182.0,0.3,306.5
2024-10-16 18:00:00,331.0,1.15,307.0
2024-10-16 19:00:00,396.0,1.7,307.0
2024-10-16 20:00:00,359.0,1.7,307.0
2024-10-16 21:00:00,332.0,1.68,307.0
2024-10-16 22:00:00,354.0,1.7,307.0
2024-10-16 23:00:00,295.0,1.7,307.0
2024-10-17 00:00:00,302.0,1.7,307.0
2024-10-17 01:00:00,301.0,1.7,307.0
2024-10-17 02:00:00,309.0,1.7,307.0
2024-10-17 03:00:00,259.0,1.7,307.0
2024-10-17 04:00:00,234.0,1.7,307.0
2024-10-17 05:00:00,227.0,1.7,307.0
2024-10-17 06:00:00,224.0,0.8,306.5
2024-10-17 07:00:00,246.0,0.3,307.0
2024-10-17 08:00:00,322.0,0.42,306.75
2024-10-17 09:00:00,374.0,0.98,239.0
2024-10-17 10:00:00,316.0,1.32,253.75
2024-10-17 11:00:00,241.0,1.3,301.25
2024-10-17 12:00:00,208.0,1.35,285.0
2024-10-17 13:00:00,151.0,1.32,307.0
2024-10-17 14:00:00,139.0,1.3,303.25
2024-10-17 15:00:00,130.0,1.2,307.0
2024-10-17 16:00:00,160.0,0.3,307.0
2024-10-17 17:00:00,268.0,1.68,306.25
2024-10-17 18:00:00,326.0,1.7,307.0
2024-10-17 19:00:00,368.0,1.7,307.0
2024-10-17 20:00:00,291.0,1.7,307.0
2024-10-17 21:00:00,296.0,1.7,307.0
2024-10-17 22:00:00,251.0,0.4,307.0
2024-10-17 23:00:00,267.0,0.3,307.0
2024-10-18 00:00:00,277.0,0.3,307.0
2024-10-18 01:00:00,322.0,0.3,307.0
2024-10-18 02:00:00,259.0,0.3,307.0
2024-10-18 03:00:00,232.0,0.3,307.0
2024-10-18 04:00:00,238.0,0.3,307.0
2024-10-18 05:00:00,233.0,0.3,307.0
2024-10-18 06:00:00,233.0,1.1,307.0
2024-10-18 07:00:00,234.0,1.7,307.0
2024-10-18 08:00:00,288.0,1.23,306.5
2024-10-18 09:00:00,361.0,1.23,307.0
2024-10-18 10:00:00,255.0,1.18,306.5
2024-10-18 11:00:00,237.0,1.32,297.5
2024-10-18 12:00:00,182.0,1.35,302.25
2024-10-18 13:00:00,168.0,1.27,304.75
2024-10-18 14:00:00,174.0,1.25,305.25
2024-10-18 15:00:00,129.0,1.23,306.5
2024-10-18 16:00:00,114.0,1.23,307.0
2024-10-18 17:00:00,130.0,0.57,307.0
2024-10-18 18:00:00,227.0,0.3,307.0
2024-10-18 19:00:00,389.0,0.3,307.0
2024-10-18 20:00:00,343.0,0.3,307.0
2024-10-18 21:00:00,343.0,0.3,307.0
2024-10-18 22:00:00,291.0,0.3,307.0
2024-10-18 23:00:00,288.0,0.3,307.0
2024-10-19 00:00:00,301.0,0.3,307.0
2024-10-19 01:00:00,298.0,0.3,307.0
2024-10-19 02:00:00,304.0,0.3,307.0
2024-10-19 03:00:00,276.0,0.3,307.0
2024-10-19 04:00:00,294.0,0.3,307.0
2024-10-19 05:00:00,255.0,0.3,307.0
2024-10-19 06:00:00,210.0,1.05,306.5
2024-10-19 07:00:00,227.0,1.7,307.0
2024-10-19 08:00:00,290.0,1.35,275.5
2024-10-19 09:00:00,371.0,1.0,291.75
2024-10-19 10:00:00,360.0,1.18,307.0
2024-10-19 11:00:00,211.0,1.32,290.5
2024-10-19 12:00:00,188.0,1.2,302.75
2024-10-19 13:00:00,146.0,1.3,306.0
2024-10-19 14:00:00,147.0,1.25,307.0
2024-10-19 15:00:00,161.0,1.27,307.0
2024-10-19 16:00:00,146.0,1.27,306.5
2024-10-19 17:00:00,155.0,1.52,307.0
2024-10-19 18:00:00,213.0,1.7,307.0
2024-10-19 19:00:00,255.0,1.7,307.0
2024-10-19 20:00:00,245.0,1.7,307.0
2024-10-19 21:00:00,246.0,1.7,307.0
2024-10-19 22:00:00,306.0,1.7,307.0
2024-10-19 23:00:00,276.0,1.7,307.0
2024-10-20 00:00:00,241.0,1.7,307.0
2024-10-20 01:00:00,277.0,1.7,307.0
2024-10-20 02:00:00,284.0,1.7,307.0
2024-10-20 03:00:00,272.0,1.7,307.0
2024-10-20 04:00:00,268.0,1.7,307.0
2024-10-20 05:00:00,315.0,1.7,307.0
2024-10-20 06:00:00,480.0,1.68,306.75
2024-10-20 07:00:00,283.0,1.5,213.25
2024-10-20 08:00:00,244.0,1.27,234.25
2024-10-20 09:00:00,392.0,1.25,223.5
2024-10-20 10:00:00,341.0,1.25,228.5
2024-10-20 11:00:00,237.0,1.23,227.75
2024-10-20 12:00:00,260.0,1.32,231.75
2024-10-20 13:00:00,255.0,1.15,249.5
2024-10-20 14:00:00,241.0,1.45,244.0
2024-10-20 15:00:00,221.0,1.35,251.25
2024-10-20 16:00:00,188.0,0.3,307.0
2024-10-20 17:00:00,237.0,0.3,307.0
2024-10-20 18:00:00,263.0,0.3,307.0
2024-10-20 19:00:00,324.0,0.3,307.0
2024-10-20 20:00:00,345.0,0.3,307.0
2024-10-20 21:00:00,316.0,0.3,307.0
2024-10-20 22:00:00,299.0,0.38,300.25
2024-10-20 23:00:00,311.0,1.68,9.5
2024-10-21 00:00:00,322.0,1.7,8.0
2024-10-21 01:00:00,280.0,1.7,8.0
2024-10-21 02:00:00,260.0,1.7,8.0
2024-10-21 03:00:00,235.0,1.7,8.0
2024-10-21 04:00:00,201.0,1.7,8.0
2024-10-21 05:00:00,201.0,1.7,8.0
2024-10-21 06:00:00,199.0,1.7,8.0
2024-10-21 07:00:00,215.0,1.6,234.5
2024-10-21 08:00:00,290.0,1.25,252.0
2024-10-21 09:00:00,272.0,1.27,264.0
2024-10-21 10:00:00,260.0,1.23,264.25
2024-10-21 11:00:00,235.0,1.27,244.25
2024-10-21 12:00:00,229.0,1.3,241.0
2024-10-21 13:00:00,208.0,1.27,259.0
2024-10-21 14:00:00,216.0,1.42,236.25
2024-10-21 15:00:00,191.0,1.35,285.0
2024-10-21 16:00:00,205.0,1.4,306.75
2024-10-21 17:00:00,240.0,0.52,307.0
2024-10-21 18:00:00,291.0,0.3,306.25
2024-10-21 19:00:00,340.0,0.3,306.75
2024-10-21 20:00:00,343.0,0.3,306.75
2024-10-21 21:00:00,324.0,0.3,307.0
2024-10-21 22:00:00,294.0,0.3,307.0
2024-10-21 23:00:00,279.0,0.3,307.0
2024-10-22 00:00:00,257.0,0.3,307.0
2024-10-22 01:00:00,248.0,0.3,307.0
2024-10-22 02:00:00,274.0,0.3,307.0
2024-10-22 03:00:00,245.0,0.3,307.0
2024-10-22 04:00:00,259.0,0.3,307.0
2024-10-22 05:00:00,218.0,0.3,307.0
2024-10-22 06:00:00,206.0,0.3,307.0
2024-10-22 07:00:00,211.0,1.25,291.75
2024-10-22 08:00:00,266.0,1.18,307.0
2024-10-22 09:00:00,327.0,1.35,302.0
2024-10-22 10:00:00,307.0,1.27,300.5
2024-10-22 11:00:00,266.0,1.27,241.0
2024-10-22 12:00:00,237.0,1.42,226.25
2024-10-22 13:00:00,193.0,1.25,298.25
2024-10-22 14:00:00,215.0,1.27,303.75
2024-10-22 15:00:00,219.0,1.25,304.5
2024-10-22 16:00:00,234.0,1.0,307.0
2024-10-22 17:00:00,249.0,1.08,307.0
2024-10-22 18:00:00,383.0,0.3,307.0
2024-10-22 19:00:00,399.0,0.3,307.0
2024-10-22 20:00:00,411.0,0.3,307.0
2024-10-22 21:00:00,360.0,0.3,307.0
2024-10-22 22:00:00,294.0,0.3,307.0
2024-10-22 23:00:00,304.0,0.3,307.0
2024-10-23 00:00:00,339.0,0.3,307.0
2024-10-23 01:00:00,290.0,0.3,307.0
2024-10-23 02:00:00,280.0,0.3,307.0
2024-10-23 03:00:00,294.0,1.08,307.0
2024-10-23 04:00:00,327.0,0.75,307.0
2024-10-23 05:00:00,387.0,0.3,307.0
2024-10-23 06:00:00,440.0,0.3,307.0
2024-10-23 07:00:00,459.0,0.3,307.0
2024-10-23 08:00:00,492.0,1.08,307.0
2024-10-23 09:00:00,398.0,1.2,306.5
2024-10-23 10:00:00,322.0,1.23,303.75
2024-10-23 11:00:00,274.0,1.27,290.0
2024-10-23 12:00:00,355.0,1.23,305.0
2024-10-23 13:00:00,228.0,1.27,305.25
2024-10-23 14:00:00,179.0,1.3,306.0
2024-10-23 15:00:00,169.0,1.23,307.0
2024-10-23 16:00:00,150.0,1.3,306.5
2024-10-23 17:00:00,195.0,1.27,307.0
2024-10-23 18:00:00,310.0,1.2,307.0
2024-10-23 19:00:00,376.0,1.42,307.0
2024-10-23 20:00:00,310.0,1.4,307.0
2024-10-23 21:00:00,293.0,1.7,307.0
2024-10-23 22:00:00,318.0,1.7,307.0
2024-10-23 23:00:00,277.0,1.7,307.0
2024-10-24 00:00:00,256.0,1.7,307.0
2024-10-24 01:00:00,251.0,1.7,307.0
2024-10-24 02:00:00,235.0,1.7,307.0
2024-10-24 03:00:00,240.0,1.7,307.0
2024-10-24 04:00:00,235.0,1.35,307.0
2024-10-24 05:00:00,246.0,1.27,307.0
2024-10-24 06:00:00,254.0,1.1,307.0
2024-10-24 07:00:00,274.0,1.25,307.0
2024-10-24 08:00:00,276.0,1.25,307.0
2024-10-24 09:00:00,259.0,1.27,306.5
2024-10-24 10:00:00,228.0,1.27,307.0
2024-10-24 11:00:00,208.0,1.27,306.5
2024-10-24 12:00:00,189.0,1.27,303.5
2024-10-24 13:00:00,163.0,1.23,303.25
2024-10-24 14:00:00,158.0,1.27,303.5
2024-10-24 15:00:00,157.0,1.3,304.5
2024-10-24 16:00:00,146.0,1.3,307.0
2024-10-24 17:00:00,150.0,0.98,307.0
2024-10-24 18:00:00,229.0,0.3,307.0
2024-10-24 19:00:00,271.0,0.3,307.0
2024-10-24 20:00:00,277.0,0.3,307.0
2024-10-24 21:00:00,293.0,0.3,307.0
2024-10-24 22:00:00,266.0,0.3,307.0
2024-10-24 23:00:00,234.0,0.3,307.0
2024-10-25 00:00:00,218.0,0.3,307.0
2024-10-25 01:00:00,200.0,0.3,307.0
2024-10-25 02:00:00,233.0,0.3,307.0
2024-10-25 03:00:00,268.0,0.3,307.0
2024-10-25 04:00:00,267.0,0.3,307.0
2024-10-25 05:00:00,263.0,1.18,307.0
2024-10-25 06:00:00,262.0,1.3,307.0
2024-10-25 07:00:00,255.0,1.23,307.0
2024-10-25 08:00:00,272.0,1.27,307.0
2024-10-25 09:00:00,290.0,1.25,307.0
2024-10-25 10:00:00,252.0,1.27,307.0
2024-10-25 11:00:00,211.0,1.3,306.5
2024-10-25 12:00:00,189.0,1.25,305.25
2024-10-25 13:00:00,172.0,1.3,307.0
2024-10-25 14:00:00,175.0,1.27,306.0
2024-10-25 15:00:00,118.0,1.3,306.25
2024-10-25 16:00:00,135.0,1.27,306.5
2024-10-25 17:00:00,129.0,1.27,307.0
2024-10-25 18:00:00,342.0,1.68,307.0
2024-10-25 19:00:00,294.0,1.48,307.0
2024-10-25 20:00:00,245.0,1.62,307.0
2024-10-25 21:00:00,238.0,1.7,307.0
2024-10-25 22:00:00,228.0,1.7,307.0
2024-10-25 23:00:00,226.0,1.7,307.0
2024-10-26 00:00:00,259.0,1.7,307.0
2024-10-26 01:00:00,233.0,1.42,307.0
2024-10-26 02:00:00,230.0,0.3,307.0
2024-10-26 03:00:00,196.0,0.3,307.0
2024-10-26 04:00:00,213.0,0.3,307.0
2024-10-26 05:00:00,194.0,0.95,307.0
2024-10-26 06:00:00,212.0,1.27,307.0
2024-10-26 07:00:00,210.0,1.25,307.0
2024-10-26 08:00:00,213.0,1.3,306.5
2024-10-26 09:00:00,239.0,1.25,306.5
2024-10-26 10:00:00,266.0,1.23,301.25
2024-10-26 11:00:00,235.0,1.3,306.5
2024-10-26 12:00:00,212.0,1.27,301.25
2024-10-26 13:00:00,206.0,1.3,307.0
2024-10-26 14:00:00,219.0,1.3,301.75
2024-10-26 15:00:00,277.0,1.32,305.0
2024-10-26 16:00:00,233.0,1.3,307.0
2024-10-26 17:00:00,255.0,0.65,306.75
2024-10-26 18:00:00,299.0,0.3,307.0
2024-10-26 19:00:00,354.0,0.3,307.0
2024-10-26 20:00:00,360.0,0.3,307.0
2024-10-26 21:00:00,420.0,0.3,307.0
2024-10-26 22:00:00,422.0,0.3,307.0
2024-10-26 23:00:00,644.0,0.3,307.0
2024-10-27 00:00:00,490.0,0.3,307.0
2024-10-27 01:00:00,396.0,0.3,307.0
2024-10-27 02:00:00,345.0,0.3,307.0
2024-10-27 03:00:00,344.0,0.3,291.75
2024-10-27 04:00:00,388.0,0.3,307.0
2024-10-27 05:00:00,383.0,0.3,96.5
2024-10-27 06:00:00,283.0,0.3,83.5
2024-10-27 07:00:00,244.0,0.32,251.25
2024-10-27 08:00:00,273.0,1.08,297.0
2024-10-27 09:00:00,251.0,1.23,257.75
2024-10-27 10:00:00,256.0,1.23,251.5
2024-10-27 11:00:00,232.0,1.2,262.5
2024-10-27 12:00:00,201.0,1.27,230.0
2024-10-27 13:00:00,223.0,1.38,261.0
2024-10-27 14:00:00,208.0,1.2,232.0
2024-10-27 15:00:00,200.0,1.25,273.5
2024-10-27 16:00:00,188.0,1.6,307.0
2024-10-27 17:00:00,194.0,1.7,307.0
2024-10-27 18:00:00,318.0,1.7,307.0
2024-10-27 19:00:00,440.0,1.7,307.0
2024-10-27 20:00:00,453.0,1.7,307.0
2024-10-27 21:00:00,406.0,1.7,307.0
2024-10-27 22:00:00,395.0,1.7,307.0
2024-10-27 23:00:00,371.0,1.7,307.0
2024-10-28 00:00:00,411.0,1.7,307.0
2024-10-28 01:00:00,401.0,1.7,307.0
2024-10-28 02:00:00,409.0,1.7,307.0
2024-10-28 03:00:00,404.0,1.7,307.0
2024-10-28 04:00:00,301.0,1.7,307.0
2024-10-28 05:00:00,273.0,1.7,307.0
2024-10-28 06:00:00,246.0,1.4,306.5
2024-10-28 07:00:00,254.0,1.5,307.0
2024-10-28 08:00:00,291.0,1.28,299.75
2024-10-28 09:00:00,257.0,1.3,300.5
2024-10-28 10:00:00,172.0,1.27,286.25
2024-10-28 11:00:00,194.0,1.2,293.0
2024-10-28 12:00:00,164.0,1.3,290.75
2024-10-28 13:00:00,166.0,1.25,282.0
2024-10-28 14:00:00,161.0,1.38,270.25
2024-10-28 15:00:00,167.0,1.27,251.5
2024-10-28 16:00:00,167.0,1.25,230.75
2024-10-28 17:00:00,180.0,0.75,276.0
2024-10-28 18:00:00,218.0,1.02,223.75
2024-10-28 19:00:00,283.0,0.72,54.0
2024-10-28 20:00:00,273.0,1.7,93.5
2024-10-28 21:00:00,285.0,1.7,46.0
2024-10-28 22:00:00,366.0,1.7,245.0
2024-10-28 23:00:00,302.0,1.7,113.5
2024-10-29 00:00:00,280.0,1.7,66.5
2024-10-29 01:00:00,255.0,1.7,66.0
2024-10-29 02:00:00,211.0,1.7,290.25
2024-10-29 03:00:00,218.0,1.7,307.0
2024-10-29 04:00:00,217.0,1.7,307.0
2024-10-29 05:00:00,171.0,1.7,307.0
2024-10-29 06:00:00,193.0,1.7,238.75
2024-10-29 07:00:00,326.0,1.7,162.5
2024-10-29 08:00:00,250.0,1.4,230.5
2024-10-29 09:00:00,240.0,1.3,256.75
2024-10-29 10:00:00,190.0,1.23,284.0
2024-10-29 11:00:00,141.0,1.35,274.0
2024-10-29 12:00:00,110.0,1.23,295.75
2024-10-29 13:00:00,130.0,1.23,288.25
2024-10-29 14:00:00,121.0,1.35,274.75
2024-10-29 15:00:00,120.0,1.38,300.5
2024-10-29 16:00:00,119.0,1.5,251.0
2024-10-29 17:00:00,189.0,0.42,178.25
2024-10-29 18:00:00,229.0,0.4,49.75
2024-10-29 19:00:00,516.0,1.15,112.25
2024-10-29 20:00:00,251.0,0.3,103.0
2024-10-29 21:00:00,306.0,0.3,57.75
2024-10-29 22:00:00,313.0,0.3,128.75
2024-10-29 23:00:00,317.0,0.3,138.25
2024-10-30 00:00:00,307.0,0.3,115.75
2024-10-30 01:00:00,334.0,0.45,120.75
2024-10-30 02:00:00,280.0,1.25,75.25
2024-10-30 03:00:00,261.0,1.7,43.0
2024-10-30 04:00:00,243.0,1.7,43.0
2024-10-30 05:00:00,226.0,1.7,43.0
2024-10-30 06:00:00,213.0,1.7,271.5
2024-10-30 07:00:00,218.0,1.65,307.0
2024-10-30 08:00:00,261.0,1.32,285.75
2024-10-30 09:00:00,323.0,0.57,279.5
2024-10-30 10:00:00,278.0,1.18,307.0
2024-10-30 11:00:00,257.0,1.27,307.0
2024-10-30 12:00:00,229.0,1.05,301.5
2024-10-30 13:00:00,212.0,1.25,302.0
2024-10-30 14:00:00,201.0,1.32,305.25
2024-10-30 15:00:00,256.0,1.38,301.5
2024-10-30 16:00:00,248.0,1.52,307.0
2024-10-30 17:00:00,313.0,1.7,307.0
2024-10-30 18:00:00,362.0,1.7,307.0
2024-10-30 19:00:00,346.0,1.7,306.75
2024-10-30 20:00:00,344.0,1.7,307.0
2024-10-30 21:00:00,394.0,1.7,307.0
2024-10-30 22:00:00,410.0,1.7,307.0
2024-10-30 23:00:00,355.0,1.7,307.0
2024-10-31 00:00:00,359.0,1.7,307.0
2024-10-31 01:00:00,340.0,1.7,307.0
2024-10-31 02:00:00,318.0,1.7,307.0
2024-10-31 03:00:00,318.0,1.7,307.0
2024-10-31 04:00:00,295.0,1.7,307.0
2024-10-31 05:00:00,287.0,1.7,307.0
2024-10-31 06:00:00,302.0,1.55,306.5
2024-10-31 07:00:00,307.0,1.27,307.0
2024-10-31 08:00:00,311.0,1.23,307.0
2024-10-31 09:00:00,312.0,1.23,306.5
2024-10-31 10:00:00,307.0,1.27,306.0
2024-10-31 11:00:00,287.0,1.25,306.25
2024-10-31 12:00:00,249.0,1.25,305.75
2024-10-31 13:00:00,189.0,1.27,306.0
2024-10-31 14:00:00,178.0,1.27,306.75
2024-10-31 15:00:00,168.0,1.27,307.0
2024-10-31 16:00:00,175.0,1.27,306.0
2024-10-31 17:00:00,163.0,1.6,306.0
2024-10-31 18:00:00,193.0,1.7,306.0
2024-10-31 19:00:00,233.0,1.7,306.0
2024-10-31 20:00:00,257.0,1.7,306.0
2024-10-31 21:00:00,410.0,1.4,306.75
2024-10-31 22:00:00,692.0,1.7,307.0
2024-10-31 23:00:00,893.0,1.6,307.0
2024-11-01 00:00:00,862.0,1.7,307.0
2024-11-01 01:00:00,831.0,1.45,307.0
2024-11-01 02:00:00,800.0,0.85,307.0
2024-11-01 03:00:00,769.0,1.23,307.0
2024-11-01 04:00:00,417.0,1.45,307.0
2024-11-01 05:00:00,393.0,1.23,307.0
2024-11-01 06:00:00,362.0,1.23,307.0
2024-11-01 07:00:00,282.0,1.27,307.0
2024-11-01 08:00:00,232.0,1.27,306.5
2024-11-01 09:00:00,241.0,1.27,305.75
2024-11-01 10:00:00,223.0,1.25,305.75
2024-11-01 11:00:00,226.0,1.27,306.0
2024-11-01 12:00:00,201.0,1.23,305.5
2024-11-01 13:00:00,158.0,1.3,306.0
2024-11-01 14:00:00,129.0,1.3,305.75
2024-11-01 15:00:00,107.0,1.25,306.0
2024-11-01 16:00:00,113.0,1.25,306.0
2024-11-01 17:00:00,102.0,1.62,306.25
2024-11-01 18:00:00,218.0,1.7,306.25
2024-11-01 19:00:00,249.0,1.7,307.0
2024-11-01 20:00:00,311.0,1.7,307.0
2024-11-01 21:00:00,470.0,1.7,307.0
2024-11-01 22:00:00,439.0,1.7,307.0
2024-11-01 23:00:00,628.0,1.7,307.0
2024-11-02 00:00:00,716.0,1.7,307.0
2024-11-02 01:00:00,704.0,1.7,307.0
2024-11-02 02:00:00,401.0,1.7,307.0
2024-11-02 03:00:00,405.0,1.7,307.0
2024-11-02 04:00:00,417.0,1.7,307.0
2024-11-02 05:00:00,351.0,1.7,307.0
2024-11-02 06:00:00,313.0,1.7,307.0
2024-11-02 07:00:00,278.0,1.7,307.0
2024-11-02 08:00:00,255.0,1.42,307.0
2024-11-02 09:00:00,235.0,1.27,306.25
2024-11-02 10:00:00,208.0,1.23,306.0
2024-11-02 11:00:00,238.0,1.27,305.5
2024-11-02 12:00:00,205.0,1.27,298.0
2024-11-02 13:00:00,166.0,1.32,305.0
2024-11-02 14:00:00,180.0,1.5,305.75
2024-11-02 15:00:00,213.0,1.62,306.5
2024-11-02 16:00:00,207.0,1.7,306.25
2024-11-02 17:00:00,216.0,1.7,306.75
2024-11-02 18:00:00,296.0,1.7,306.5
2024-11-02 19:00:00,271.0,1.7,306.0
2024-11-02 20:00:00,316.0,1.7,307.0
2024-11-02 21:00:00,372.0,1.7,307.0
2024-11-02 22:00:00,467.0,1.7,307.0
2024-11-02 23:00:00,388.0,1.7,307.0
2024-11-03 00:00:00,361.0,1.7,307.0
2024-11-03 01:00:00,322.0,1.05,307.0
2024-11-03 02:00:00,316.0,0.3,307.0
2024-11-03 03:00:00,291.0,0.3,307.0
2024-11-03 04:00:00,265.0,0.3,307.0
2024-11-03 05:00:00,269.0,0.3,307.0
2024-11-03 06:00:00,278.0,0.95,307.0
2024-11-03 07:00:00,278.0,1.7,306.5
2024-11-03 08:00:00,313.0,1.27,307.0
2024-11-03 09:00:00,370.0,0.8,306.25
2024-11-03 10:00:00,338.0,1.18,273.0
2024-11-03 11:00:00,334.0,0.9,241.25
2024-11-03 12:00:00,259.0,1.38,218.0
2024-11-03 13:00:00,216.0,1.35,302.0
2024-11-03 14:00:00,189.0,1.32,297.75
2024-11-03 15:00:00,208.0,0.88,287.0
2024-11-03 16:00:00,195.0,0.3,242.75
2024-11-03 17:00:00,211.0,1.2,204.75
2024-11-03 18:00:00,318.0,1.7,306.5
2024-11-03 19:00:00,353.0,1.7,306.25
2024-11-03 20:00:00,339.0,1.7,307.0
2024-11-03 21:00:00,362.0,1.7,307.0
2024-11-03 22:00:00,364.0,1.7,307.0
2024-11-03 23:00:00,385.0,1.7,307.0
2024-11-04 00:00:00,404.0,1.7,307.0
2024-11-04 01:00:00,385.0,1.7,307.0
2024-11-04 02:00:00,326.0,1.7,307.0
2024-11-04 03:00:00,329.0,1.7,307.0
2024-11-04 04:00:00,339.0,1.48,307.0
2024-11-04 05:00:00,383.0,1.7,307.0
2024-11-04 06:00:00,334.0,1.27,307.0
2024-11-04 07:00:00,327.0,1.32,307.0
2024-11-04 08:00:00,315.0,1.3,305.25
2024-11-04 09:00:00,323.0,1.3,305.75
2024-11-04 10:00:00,376.0,1.25,306.0
2024-11-04 11:00:00,390.0,1.23,306.0
2024-11-04 12:00:00,334.0,1.23,306.0
2024-11-04 13:00:00,333.0,1.32,306.0
2024-11-04 14:00:00,367.0,1.2,305.75
2024-11-04 15:00:00,316.0,1.25,306.0
2024-11-04 16:00:00,256.0,1.4,306.0
2024-11-04 17:00:00,311.0,1.7,306.0
2024-11-04 18:00:00,415.0,1.7,306.0
2024-11-04 19:00:00,437.0,1.58,306.0
2024-11-04 20:00:00,443.0,0.5,307.0
2024-11-04 21:00:00,450.0,1.7,307.0
2024-11-04 22:00:00,418.0,1.7,307.0
2024-11-04 23:00:00,382.0,1.7,307.0
2024-11-05 00:00:00,371.0,1.7,307.0
2024-11-05 01:00:00,338.0,1.7,307.0
2024-11-05 02:00:00,295.0,1.7,307.0
2024-11-05 03:00:00,318.0,1.7,307.0
2024-11-05 04:00:00,302.0,1.7,307.0
2024-11-05 05:00:00,280.0,1.7,307.0
2024-11-05 06:00:00,283.0,1.7,307.0
2024-11-05 07:00:00,387.0,1.27,307.0
2024-11-05 08:00:00,378.0,1.02,215.0
2024-11-05 09:00:00,426.0,1.27,240.0
2024-11-05 10:00:00,357.0,1.27,267.5
2024-11-05 11:00:00,329.0,1.23,234.5
2024-11-05 12:00:00,327.0,1.27,249.5
2024-11-05 13:00:00,280.0,1.25,249.5
2024-11-05 14:00:00,212.0,1.3,229.75
2024-11-05 15:00:00,213.0,1.27,250.25
2024-11-05 16:00:00,189.0,1.7,306.0
2024-11-05 17:00:00,207.0,1.7,306.0
2024-11-05 18:00:00,371.0,1.7,306.0
2024-11-05 19:00:00,516.0,1.7,306.0
2024-11-05 20:00:00,394.0,1.7,306.0
2024-11-05 21:00:00,359.0,1.7,306.0
2024-11-05 22:00:00,346.0,1.7,306.0
2024-11-05 23:00:00,306.0,1.7,306.0
2024-11-06 00:00:00,324.0,1.7,306.0
2024-11-06 01:00:00,304.0,1.7,306.0
2024-11-06 02:00:00,282.0,1.7,306.0
2024-11-06 03:00:00,255.0,1.7,306.0
2024-11-06 04:00:00,244.0,1.7,306.0
2024-11-06 05:00:00,233.0,1.7,306.0
2024-11-06 06:00:00,219.0,1.7,306.0
2024-11-06 07:00:00,237.0,1.7,306.0
2024-11-06 08:00:00,272.0,1.7,306.0
2024-11-06 09:00:00,305.0,1.25,306.0
2024-11-06 10:00:00,283.0,1.38,296.75
2024-11-06 11:00:00,285.0,1.27,303.75
2024-11-06 12:00:00,233.0,1.25,303.0
2024-11-06 13:00:00,223.0,1.35,279.5
2024-11-06 14:00:00,216.0,1.5,304.0
2024-11-06 15:00:00,224.0,1.4,272.75
2024-11-06 16:00:00,278.0,0.7,306.0
2024-11-06 17:00:00,351.0,1.68,306.0
2024-11-06 18:00:00,533.0,1.7,306.0
2024-11-06 19:00:00,544.0,1.7,306.0
2024-11-06 20:00:00,484.0,0.72,306.0
2024-11-06 21:00:00,416.0,0.98,306.0
2024-11-06 22:00:00,411.0,1.7,306.0
2024-11-06 23:00:00,381.0,0.57,306.0
2024-11-07 00:00:00,344.0,0.82,306.0
2024-11-07 01:00:00,343.0,1.7,306.0
2024-11-07 02:00:00,307.0,1.7,306.0
2024-11-07 03:00:00,333.0,1.7,306.0
2024-11-07 04:00:00,327.0,1.7,306.0
2024-11-07 05:00:00,379.0,1.7,306.0
2024-11-07 06:00:00,323.0,1.6,306.0
2024-11-07 07:00:00,315.0,1.5,306.0
2024-11-07 08:00:00,385.0,1.7,306.0
2024-11-07 09:00:00,421.0,1.27,273.0
2024-11-07 10:00:00,456.0,1.23,229.5
2024-11-07 11:00:00,390.0,1.25,267.75
2024-11-07 12:00:00,345.0,1.3,235.25
2024-11-07 13:00:00,425.0,1.3,224.5
2024-11-07 14:00:00,359.0,1.25,233.25
2024-11-07 15:00:00,323.0,1.23,206.0
2024-11-07 16:00:00,299.0,1.48,186.0
2024-11-07 17:00:00,331.0,1.7,40.0
2024-11-07 18:00:00,428.0,1.7,40.0
2024-11-07 19:00:00,458.0,1.7,40.0
2024-11-07 20:00:00,455.0,1.7,40.0
2024-11-07 21:00:00,434.0,1.7,40.0
2024-11-07 22:00:00,398.0,1.7,40.0
2024-11-07 23:00:00,385.0,1.7,40.0
2024-11-08 00:00:00,394.0,1.7,40.0
2024-11-08 01:00:00,428.0,1.7,40.0
2024-11-08 02:00:00,492.0,1.7,40.0
2024-11-08 03:00:00,364.0,1.7,40.0
2024-11-08 04:00:00,320.0,1.7,40.0
2024-11-08 05:00:00,296.0,1.7,40.0
2024-11-08 06:00:00,296.0,1.7,127.25
2024-11-08 07:00:00,316.0,0.48,303.5
2024-11-08 08:00:00,360.0,0.78,300.5
2024-11-08 09:00:00,407.0,1.35,303.0
2024-11-08 10:00:00,388.0,1.32,277.75
2024-11-08 11:00:00,348.0,1.27,293.25
2024-11-08 12:00:00,234.0,1.23,281.75
2024-11-08 13:00:00,210.0,1.32,296.25
2024-11-08 14:00:00,226.0,1.35,296.25
2024-11-08 15:00:00,229.0,1.23,237.5
2024-11-08 16:00:00,305.0,1.27,209.5
2024-11-08 17:00:00,312.0,1.68,297.5
2024-11-08 18:00:00,310.0,1.7,306.0
2024-11-08 19:00:00,448.0,1.7,306.0
2024-11-08 20:00:00,331.0,1.7,306.5
2024-11-08 21:00:00,354.0,1.7,278.25
2024-11-08 22:00:00,367.0,1.7,307.0
2024-11-08 23:00:00,374.0,1.7,307.0
2024-11-09 00:00:00,355.0,1.7,307.0
2024-11-09 01:00:00,340.0,1.7,242.5
2024-11-09 02:00:00,317.0,1.7,229.75
2024-11-09 03:00:00,311.0,0.8,162.5
2024-11-09 04:00:00,291.0,1.4,196.0
2024-11-09 05:00:00,282.0,0.95,211.0
2024-11-09 06:00:00,272.0,1.3,216.25
2024-11-09 07:00:00,276.0,0.8,233.25
2024-11-09 08:00:00,300.0,1.18,249.25
2024-11-09 09:00:00,300.0,1.27,259.0
2024-11-09 10:00:00,274.0,1.2,252.5
2024-11-09 11:00:00,282.0,1.27,248.0
2024-11-09 12:00:00,282.0,1.25,253.25
2024-11-09 13:00:00,269.0,1.23,257.5
2024-11-09 14:00:00,243.0,1.25,255.75
2024-11-09 15:00:00,232.0,1.27,243.25
2024-11-09 16:00:00,240.0,1.27,201.0
2024-11-09 17:00:00,248.0,1.38,109.5
2024-11-09 18:00:00,285.0,1.7,188.75
2024-11-09 19:00:00,320.0,1.45,106.5
2024-11-09 20:00:00,335.0,0.65,64.0
2024-11-09 21:00:00,309.0,1.3,179.25
2024-11-09 22:00:00,327.0,0.3,306.0
2024-11-09 23:00:00,338.0,1.15,191.25
2024-11-10 00:00:00,309.0,1.55,193.0
2024-11-10 01:00:00,293.0,1.4,296.0
2024-11-10 02:00:00,306.0,0.92,165.25
2024-11-10 03:00:00,300.0,1.48,167.0
2024-11-10 04:00:00,296.0,1.42,106.75
2024-11-10 05:00:00,289.0,1.48,118.5
2024-11-10 06:00:00,280.0,1.5,307.0
2024-11-10 07:00:00,353.0,0.82,195.0
2024-11-10 08:00:00,337.0,1.27,234.0
2024-11-10 09:00:00,299.0,1.2,240.0
2024-11-10 10:00:00,320.0,1.23,250.75
2024-11-10 11:00:00,278.0,1.23,236.75
2024-11-10 12:00:00,368.0,1.3,255.75
2024-11-10 13:00:00,271.0,1.25,238.75
2024-11-10 14:00:00,273.0,1.27,237.25
2024-11-10 15:00:00,257.0,0.88,257.25
2024-11-10 16:00:00,237.0,0.3,95.5
2024-11-10 17:00:00,354.0,0.3,155.75
2024-11-10 18:00:00,368.0,0.3,306.0
2024-11-10 19:00:00,365.0,0.3,306.0
2024-11-10 20:00:00,356.0,0.3,306.0
2024-11-10 21:00:00,329.0,0.3,306.25
2024-11-10 22:00:00,290.0,0.3,307.0
2024-11-10 23:00:00,271.0,0.3,307.0
2024-11-11 00:00:00,251.0,0.3,307.0
2024-11-11 01:00:00,250.0,0.3,307.0
2024-11-11 02:00:00,245.0,0.3,307.0
2024-11-11 03:00:00,241.0,0.3,307.0
2024-11-11 04:00:00,249.0,0.3,307.0
2024-11-11 05:00:00,228.0,0.3,307.0
2024-11-11 06:00:00,222.0,0.3,306.75
2024-11-11 07:00:00,211.0,0.8,278.25
2024-11-11 08:00:00,241.0,1.12,296.5
2024-11-11 09:00:00,294.0,0.48,292.25
2024-11-11 10:00:00,312.0,0.9,223.75
2024-11-11 11:00:00,317.0,1.32,260.25
2024-11-11 12:00:00,295.0,1.2,237.75
2024-11-11 13:00:00,307.0,0.85,268.25
2024-11-11 14:00:00,269.0,1.25,254.0
2024-11-11 15:00:00,272.0,1.62,162.5
2024-11-11 16:00:00,263.0,1.7,306.0
2024-11-11 17:00:00,351.0,1.7,306.0
2024-11-11 18:00:00,500.0,1.7,306.0
2024-11-11 19:00:00,490.0,1.7,306.0
2024-11-11 20:00:00,350.0,1.7,306.0
2024-11-11 21:00:00,324.0,1.7,306.0
2024-11-11 22:00:00,371.0,1.7,307.0
2024-11-11 23:00:00,343.0,1.7,307.0
2024-11-12 00:00:00,321.0,1.7,307.0
2024-11-12 01:00:00,296.0,1.7,307.0
2024-11-12 02:00:00,289.0,1.7,307.0
2024-11-12 03:00:00,259.0,1.7,307.0
2024-11-12 04:00:00,250.0,1.7,307.0
2024-11-12 05:00:00,234.0,1.7,307.0
2024-11-12 06:00:00,218.0,1.7,307.0
2024-11-12 07:00:00,250.0,1.58,305.0
2024-11-12 08:00:00,305.0,1.6,300.75
2024-11-12 09:00:00,316.0,1.23,304.5
2024-11-12 10:00:00,294.0,1.23,305.75
2024-11-12 11:00:00,261.0,1.25,299.5
2024-11-12 12:00:00,223.0,1.3,305.75
2024-11-12 13:00:00,212.0,1.27,295.0
2024-11-12 14:00:00,135.0,1.23,306.0
2024-11-12 15:00:00,135.0,1.3,305.75
2024-11-12 16:00:00,136.0,1.27,306.0
2024-11-12 17:00:00,175.0,1.62,306.0
2024-11-12 18:00:00,334.0,1.7,306.0
2024-11-12 19:00:00,310.0,1.7,306.0
2024-11-12 20:00:00,318.0,1.7,306.0
2024-11-12 21:00:00,327.0,1.7,306.0
2024-11-12 22:00:00,431.0,1.7,306.0
2024-11-12 23:00:00,521.0,1.7,306.0
2024-11-13 00:00:00,534.0,1.7,306.5
2024-11-13 01:00:00,566.0,1.7,307.0
2024-11-13 02:00:00,657.0,1.7,307.0
2024-11-13 03:00:00,726.0,1.6,306.25
2024-11-13 04:00:00,724.0,1.25,306.0
2024-11-13 05:00:00,821.0,1.25,306.5
2024-11-13 06:00:00,856.0,1.27,306.75
2024-11-13 07:00:00,698.0,1.23,303.0
2024-11-13 08:00:00,615.0,1.23,306.5
2024-11-13 09:00:00,605.0,1.23,306.0
2024-11-13 10:00:00,539.0,1.25,306.0
2024-11-13 11:00:00,451.0,1.25,305.5
2024-11-13 12:00:00,466.0,1.25,305.0
2024-11-13 13:00:00,476.0,1.27,305.25
2024-11-13 14:00:00,405.0,1.23,303.0
2024-11-13 15:00:00,376.0,1.25,306.0
2024-11-13 16:00:00,366.0,1.25,306.0
2024-11-13 17:00:00,366.0,0.68,306.0
2024-11-13 18:00:00,466.0,1.7,306.0
2024-11-13 19:00:00,484.0,1.68,306.0
2024-11-13 20:00:00,445.0,1.68,306.0
2024-11-13 21:00:00,401.0,0.3,306.0
2024-11-13 22:00:00,388.0,0.3,306.0
2024-11-13 23:00:00,396.0,0.3,306.0
2024-11-14 00:00:00,370.0,0.3,306.0
2024-11-14 01:00:00,415.0,0.3,306.0
2024-11-14 02:00:00,342.0,0.3,306.0
2024-11-14 03:00:00,381.0,0.3,306.0
2024-11-14 04:00:00,403.125,0.4375,306.0
2024-11-14 05:00:00,425.25,0.575,306.0
2024-11-14 06:00:00,447.375,0.7124999999999999,306.0
2024-11-14 07:00:00,,,
2024-11-14 08:00:00,,,
2024-11-14 09:00:00,,,
2024-11-14 10:00:00,,,
2024-11-14 11:00:00,558.0,1.4,306.0
2024-11-14 12:00:00,589.0,1.15,292.0
2024-11-14 13:00:00,443.0,1.23,267.25
2024-11-14 14:00:00,401.0,1.35,226.25
2024-11-14 15:00:00,427.0,1.12,264.75
2024-11-14 16:00:00,329.0,0.65,306.0
2024-11-14 17:00:00,295.0,0.3,306.0
2024-11-14 18:00:00,348.0,0.3,306.0
2024-11-14 19:00:00,423.0,0.3,306.0
2024-11-14 20:00:00,481.0,0.3,306.0
2024-11-14 21:00:00,571.0,0.3,306.0
2024-11-14 22:00:00,484.0,0.3,306.0
2024-11-14 23:00:00,438.0,0.3,306.0
2024-11-15 00:00:00,383.0,0.3,306.75
2024-11-15 01:00:00,333.0,0.3,307.0
2024-11-15 02:00:00,328.0,0.3,307.0
2024-11-15 03:00:00,362.0,0.9,306.25
2024-11-15 04:00:00,360.0,1.7,306.0
2024-11-15 05:00:00,339.0,1.7,306.0
2024-11-15 06:00:00,356.0,0.95,306.75
2024-11-15 07:00:00,382.0,0.3,307.0
2024-11-15 08:00:00,471.0,1.25,307.0
2024-11-15 09:00:00,541.0,1.15,229.25
2024-11-15 10:00:00,600.0,0.82,280.25
2024-11-15 11:00:00,576.0,1.25,305.25
2024-11-15 12:00:00,416.0,1.25,305.75
2024-11-15 13:00:00,237.0,1.27,306.0
2024-11-15 14:00:00,172.0,1.27,306.0
2024-11-15 15:00:00,166.0,1.3,305.0
2024-11-15 16:00:00,191.0,1.32,306.0
2024-11-15 17:00:00,182.0,1.52,306.0
2024-11-15 18:00:00,365.0,1.7,306.0
2024-11-15 19:00:00,392.0,1.7,306.0
2024-11-15 20:00:00,376.0,1.7,306.0
2024-11-15 21:00:00,360.0,1.7,306.0
2024-11-15 22:00:00,388.0,1.7,306.0
2024-11-15 23:00:00,384.0,1.7,306.0
2024-11-16 00:00:00,406.0,1.7,306.75
2024-11-16 01:00:00,493.0,1.7,307.0
2024-11-16 02:00:00,542.0,1.7,307.0
2024-11-16 03:00:00,541.0,1.7,306.25
2024-11-16 04:00:00,588.0,1.48,306.0
2024-11-16 05:00:00,580.0,0.3,306.0
2024-11-16 06:00:00,554.0,0.6,307.0
2024-11-16 07:00:00,517.0,1.2,306.5
2024-11-16 08:00:00,482.0,1.55,307.0
2024-11-16 09:00:00,486.0,1.27,306.0
2024-11-16 10:00:00,585.0,1.2,306.0
2024-11-16 11:00:00,493.0,1.27,306.0
2024-11-16 12:00:00,505.0,1.27,305.75
2024-11-16 13:00:00,364.0,1.23,304.75
2024-11-16 14:00:00,228.0,1.3,306.0
2024-11-16 15:00:00,246.0,1.27,305.75
2024-11-16 16:00:00,277.0,1.42,306.0
2024-11-16 17:00:00,414.0,1.7,306.0
2024-11-16 18:00:00,589.0,1.7,306.0
2024-11-16 19:00:00,417.0,1.7,306.0
2024-11-16 20:00:00,469.0,1.7,306.0
2024-11-16 21:00:00,453.0,1.7,306.0
2024-11-16 22:00:00,389.0,1.7,306.0
2024-11-16 23:00:00,374.0,1.7,306.0
2024-11-17 00:00:00,365.0,1.7,306.75
2024-11-17 01:00:00,395.0,1.7,307.0
2024-11-17 02:00:00,384.0,1.52,307.0
2024-11-17 03:00:00,451.0,0.92,306.0
2024-11-17 04:00:00,456.0,1.68,306.0
2024-11-17 05:00:00,453.0,1.7,306.0
2024-11-17 06:00:00,465.0,1.7,306.75
2024-11-17 07:00:00,465.0,1.45,306.5
2024-11-17 08:00:00,482.0,0.75,307.0
2024-11-17 09:00:00,525.0,1.3,306.25
2024-11-17 10:00:00,439.0,1.3,305.25
2024-11-17 11:00:00,368.0,1.18,272.0
2024-11-17 12:00:00,498.0,1.3,294.25
2024-11-17 13:00:00,549.0,1.23,300.0
2024-11-17 14:00:00,550.0,1.27,306.0
2024-11-17 15:00:00,538.0,1.27,305.75
2024-11-17 16:00:00,552.0,1.25,306.0
2024-11-17 17:00:00,558.0,1.2,306.0
2024-11-17 18:00:00,487.0,1.25,306.0
2024-11-17 19:00:00,658.0,1.27,306.0
2024-11-17 20:00:00,842.0,1.25,306.0
2024-11-17 21:00:00,961.0,1.23,306.0
2024-11-17 22:00:00,991.0,1.25,306.0
2024-11-17 23:00:00,892.0,1.23,306.0
2024-11-18 00:00:00,755.0,1.2,306.75
2024-11-18 01:00:00,731.0,1.23,307.0
2024-11-18 02:00:00,675.0,1.25,307.0
2024-11-18 03:00:00,716.0,1.25,306.0
2024-11-18 04:00:00,693.0,1.25,306.0
2024-11-18 05:00:00,705.0,1.25,306.0
2024-11-18 06:00:00,676.0,1.25,307.0
2024-11-18 07:00:00,701.0,1.25,305.5
2024-11-18 08:00:00,704.0,1.23,306.0
2024-11-18 09:00:00,815.0,1.23,305.75
2024-11-18 10:00:00,896.0,1.23,306.0
2024-11-18 11:00:00,920.3333333333334,1.25,306.0
2024-11-18 12:00:00,944.6666666666666,1.25,306.0
2024-11-18 13:00:00,969.0,1.23,305.5
2024-11-18 14:00:00,810.0,1.27,306.0
2024-11-18 15:00:00,842.0,1.2,306.0
2024-11-18 16:00:00,785.0,1.4,306.0
2024-11-18 17:00:00,758.0,1.65,306.0
2024-11-18 18:00:00,757.0,1.7,306.0
2024-11-18 19:00:00,742.0,1.7,306.0
2024-11-18 20:00:00,727.0,1.7,306.0
2024-11-18 21:00:00,730.0,1.7,306.0
2024-11-18 22:00:00,724.0,1.7,306.0
2024-11-18 23:00:00,683.0,1.7,306.0
2024-11-19 00:00:00,660.0,1.7,307.0
2024-11-19 01:00:00,690.0,1.7,307.0
2024-11-19 02:00:00,703.0,1.7,307.0
2024-11-19 03:00:00,668.0,1.7,306.0
2024-11-19 04:00:00,572.0,1.7,306.0
2024-11-19 05:00:00,462.0,1.7,306.0
2024-11-19 06:00:00,328.0,1.7,307.0
2024-11-19 07:00:00,313.0,1.7,307.0
2024-11-19 08:00:00,293.0,1.23,307.0
2024-11-19 09:00:00,306.0,1.2,306.0
2024-11-19 10:00:00,322.0,1.2,306.0
2024-11-19 11:00:00,356.0,1.3,306.0
2024-11-19 12:00:00,362.0,1.25,303.75
2024-11-19 13:00:00,370.0,1.23,302.75
2024-11-19 14:00:00,351.0,1.25,297.25
2024-11-19 15:00:00,367.0,1.2,303.5
2024-11-19 16:00:00,385.0,0.75,306.0
2024-11-19 17:00:00,404.0,1.6,306.0
2024-11-19 18:00:00,461.0,1.7,306.0
2024-11-19 19:00:00,420.0,0.72,306.0
2024-11-19 20:00:00,422.0,0.3,306.0
2024-11-19 21:00:00,400.0,0.3,306.0
2024-11-19 22:00:00,410.0,0.3,306.0
2024-11-19 23:00:00,404.0,0.3,306.25
2024-11-20 00:00:00,366.0,0.3,307.0
2024-11-20 01:00:00,357.0,0.73,307.0
2024-11-20 02:00:00,393.0,0.3,307.0
2024-11-20 03:00:00,440.0,0.3,306.0
2024-11-20 04:00:00,433.0,0.32,306.25
2024-11-20 05:00:00,445.0,1.48,306.0
2024-11-20 06:00:00,428.0,1.62,307.0
2024-11-20 07:00:00,409.0,1.18,307.0
2024-11-20 08:00:00,365.0,1.15,307.0
2024-11-20 09:00:00,358.3333333333333,1.2,306.6666666666667
2024-11-20 10:00:00,351.6666666666667,1.25,306.3333333333333
2024-11-20 11:00:00,345.0,1.3,306.0
2024-11-20 12:00:00,313.0,1.25,299.75
2024-11-20 13:00:00,252.25,1.27,294.75
2024-11-20 14:00:00,207.25,1.25,293.0
2024-11-20 15:00:00,186.25,1.27,306.0
2024-11-20 16:00:00,207.5,1.48,306.0
2024-11-20 17:00:00,241.5,1.7,306.0
2024-11-20 18:00:00,250.0,1.7,306.0
2024-11-20 19:00:00,252.94736842105263,1.6833333333333333,306.0
2024-11-20 20:00:00,255.89473684210526,1.6666666666666665,306.0
2024-11-20 21:00:00,258.8421052631579,1.65,306.0
2024-11-20 22:00:00,,0.95,307.0
2024-11-20 23:00:00,,1.7,307.0
2024-11-21 00:00:00,,1.7,307.0
2024-11-21 01:00:00,,1.7,307.0
2024-11-21 02:00:00,,1.7,307.0
2024-11-21 03:00:00,,1.65,307.0
2024-11-21 04:00:00,,0.5,307.0
2024-11-21 05:00:00,,0.3,307.0
2024-11-21 06:00:00,,0.3,307.0
2024-11-21 07:00:00,,1.0,307.0
2024-11-21 08:00:00,,1.42,307.0
2024-11-21 09:00:00,,1.27,306.5
2024-11-21 10:00:00,,1.27,306.25
2024-11-21 11:00:00,,1.3,303.0
2024-11-21 12:00:00,,1.3,304.0
2024-11-21 13:00:00,306.0,1.3,305.0
2024-11-21 14:00:00,314.57142857142856,1.3,306.0
2024-11-21 15:00:00,323.14285714285717,1.25,306.0
2024-11-21 16:00:00,331.7142857142857,1.2,303.5
2024-11-21 17:00:00,,0.3,307.0
2024-11-21 18:00:00,,0.3,306.25
2024-11-21 19:00:00,,1.45,306.0
2024-11-21 20:00:00,366.0,1.32,306.0
2024-11-21 21:00:00,335.0,1.65,306.25
2024-11-21 22:00:00,293.0,1.7,307.0
2024-11-21 23:00:00,316.0,1.7,307.0
2024-11-22 00:00:00,359.0,1.22,307.0
2024-11-22 01:00:00,400.0,0.58,307.0
2024-11-22 02:00:00,406.0,0.3,307.0
2024-11-22 03:00:00,374.0,0.3,307.0
2024-11-22 04:00:00,398.0,0.3,307.0
2024-11-22 05:00:00,392.0,0.3,307.0
2024-11-22 06:00:00,389.0,1.42,307.0
2024-11-22 07:00:00,409.0,1.58,307.0
2024-11-22 08:00:00,440.0,1.12,306.5
2024-11-22 09:00:00,420.0,1.23,306.25
2024-11-22 10:00:00,450.0,1.3,305.75
2024-11-22 11:00:00,399.0,1.3,306.0
2024-11-22 12:00:00,393.0,1.27,304.75
2024-11-22 13:00:00,335.0,1.4,290.0
2024-11-22 14:00:00,534.0,1.27,306.0
2024-11-22 15:00:00,254.0,1.25,305.75
2024-11-22 16:00:00,289.0,0.8,305.75
2024-11-22 17:00:00,339.0,0.3,306.0
2024-11-22 18:00:00,429.0,0.3,306.0
2024-11-22 19:00:00,436.0,0.3,306.0
2024-11-22 20:00:00,415.0,0.3,306.75
2024-11-22 21:00:00,477.0,0.3,307.0
2024-11-22 22:00:00,470.0,0.3,307.0
2024-11-22 23:00:00,467.0,0.3,307.0
2024-11-23 00:00:00,456.0,0.3,307.0
2024-11-23 01:00:00,420.0,0.3,307.0
2024-11-23 02:00:00,361.0,0.3,307.0
2024-11-23 03:00:00,356.0,0.3,307.0
2024-11-23 04:00:00,366.0,0.3,307.0
2024-11-23 05:00:00,340.0,0.3,307.0
2024-11-23 06:00:00,356.0,0.3,307.0
2024-11-23 07:00:00,355.0,0.3,306.5
2024-11-23 08:00:00,376.0,0.3,307.0
2024-11-23 09:00:00,409.0,0.57,307.0
2024-11-23 10:00:00,399.0,1.35,298.75
2024-11-23 11:00:00,355.0,1.25,300.75
2024-11-23 12:00:00,282.0,1.32,70.0
2024-11-23 13:00:00,222.0,1.58,201.0
2024-11-23 14:00:00,191.0,1.65,259.5
2024-11-23 15:00:00,167.0,1.23,208.75
2024-11-23 16:00:00,238.0,1.7,261.75
2024-11-23 17:00:00,378.0,1.7,267.0
2024-11-23 18:00:00,451.0,1.7,266.5
2024-11-23 19:00:00,432.0,1.7,266.25
2024-11-23 20:00:00,407.0,1.7,267.25
2024-11-23 21:00:00,420.0,1.7,267.25
2024-11-23 22:00:00,421.0,1.7,267.0
2024-11-23 23:00:00,433.0,1.7,267.0
2024-11-24 00:00:00,403.0,1.7,267.0
2024-11-24 01:00:00,357.0,1.7,267.0
2024-11-24 02:00:00,318.0,1.7,267.0
2024-11-24 03:00:00,306.0,1.7,267.0
2024-11-24 04:00:00,276.0,1.7,267.0
2024-11-24 05:00:00,246.0,1.7,267.0
2024-11-24 06:00:00,235.0,1.7,267.0
2024-11-24 07:00:00,216.0,1.6,234.5
2024-11-24 08:00:00,208.0,1.42,120.0
2024-11-24 09:00:00,186.0,1.23,100.5
2024-11-24 10:00:00,168.0,1.27,98.25
2024-11-24 11:00:00,160.0,1.27,87.75
2024-11-24 12:00:00,156.0,1.27,86.75
2024-11-24 13:00:00,152.0,1.27,100.0
2024-11-24 14:00:00,144.0,1.3,98.75
2024-11-24 15:00:00,140.0,1.3,105.0
2024-11-24 16:00:00,141.0,1.08,109.25
2024-11-24 17:00:00,146.0,1.7,110.75
2024-11-24 18:00:00,144.0,1.7,109.0
2024-11-24 19:00:00,205.0,1.7,113.0
2024-11-24 20:00:00,243.0,1.7,114.25
2024-11-24 21:00:00,273.0,1.7,106.75
2024-11-24 22:00:00,280.0,1.7,105.0
2024-11-24 23:00:00,257.0,1.7,105.5
2024-11-25 00:00:00,250.0,1.7,105.75
2024-11-25 01:00:00,245.0,1.7,105.0
2024-11-25 02:00:00,254.0,1.7,105.0
2024-11-25 03:00:00,260.0,1.7,104.75
2024-11-25 04:00:00,252.0,1.52,102.0
2024-11-25 05:00:00,276.0,1.7,104.0
2024-11-25 06:00:00,271.0,1.55,103.75
2024-11-25 07:00:00,288.0,1.27,102.75
2024-11-25 08:00:00,322.0,1.23,93.25
2024-11-25 09:00:00,374.0,1.23,91.25
2024-11-25 10:00:00,427.0,1.27,92.0
2024-11-25 11:00:00,495.0,1.27,104.5
2024-11-25 12:00:00,520.0,1.25,96.25
2024-11-25 13:00:00,378.0,1.25,98.5
2024-11-25 14:00:00,337.0,1.3,99.5
2024-11-25 15:00:00,326.0,1.25,106.75
2024-11-25 16:00:00,338.0,1.27,100.5
2024-11-25 17:00:00,368.0,1.7,92.75
2024-11-25 18:00:00,465.0,1.7,93.0
2024-11-25 19:00:00,403.0,1.6,92.25
2024-11-25 20:00:00,405.0,1.62,92.0
2024-11-25 21:00:00,372.0,1.7,92.75
2024-11-25 22:00:00,365.0,1.68,93.0
2024-11-25 23:00:00,320.0,1.7,93.0
2024-11-26 00:00:00,301.0,1.7,93.0
2024-11-26 01:00:00,266.0,1.7,93.0
2024-11-26 02:00:00,257.0,1.7,93.0
2024-11-26 03:00:00,263.0,1.7,92.75
2024-11-26 04:00:00,255.0,1.7,92.25
2024-11-26 05:00:00,248.0,1.62,91.25
2024-11-26 06:00:00,230.0,0.3,91.75
2024-11-26 07:00:00,233.0,1.02,94.75
2024-11-26 08:00:00,228.0,1.23,85.0
2024-11-26 09:00:00,256.5,1.25,88.25
2024-11-26 10:00:00,258.5,1.27,93.5
2024-11-26 11:00:00,250.75,1.27,93.5
2024-11-26 12:00:00,207.0,1.25,97.0
2024-11-26 13:00:00,166.75,1.3,98.0
2024-11-26 14:00:00,139.25,1.27,102.5
2024-11-26 15:00:00,133.0,1.27,104.25
2024-11-26 16:00:00,122.5,1.1,99.25
2024-11-26 17:00:00,175.25,1.35,117.0
2024-11-26 18:00:00,307.25,0.3,168.0
2024-11-26 19:00:00,278.25,0.3,168.0
2024-11-26 20:00:00,255.25,0.3,168.0
2024-11-26 21:00:00,267.75,1.62,168.0
2024-11-26 22:00:00,259.25,1.7,168.0
2024-11-26 23:00:00,264.0,1.7,168.0
2024-11-27 00:00:00,266.25,1.7,168.0
2024-11-27 01:00:00,272.0,1.7,168.0
2024-11-27 02:00:00,268.75,1.7,168.0
2024-11-27 03:00:00,252.75,1.7,168.0
2024-11-27 04:00:00,242.75,1.7,168.0
2024-11-27 05:00:00,229.75,1.7,168.0
2024-11-27 06:00:00,222.25,1.7,168.0
2024-11-27 07:00:00,224.75,1.68,167.25
2024-11-27 08:00:00,249.25,1.5,138.25
2024-11-27 09:00:00,272.75,1.32,95.25
2024-11-27 10:00:00,247.25,1.27,102.25
2024-11-27 11:00:00,222.0,1.27,96.75
2024-11-27 12:00:00,210.25,1.3,107.5
2024-11-27 13:00:00,183.25,1.35,112.5
2024-11-27 14:00:00,143.5,1.3,110.0
2024-11-27 15:00:00,140.5,1.32,110.5
2024-11-27 16:00:00,131.75,1.38,102.0
2024-11-27 17:00:00,173.75,0.68,171.25
2024-11-27 18:00:00,273.75,0.3,209.0
2024-11-27 19:00:00,264.5,0.3,209.0
2024-11-27 20:00:00,274.5,0.3,209.25
2024-11-27 21:00:00,279.0,0.3,209.0
2024-11-27 22:00:00,278.0,0.3,209.0
2024-11-27 23:00:00,287.75,0.3,209.75
2024-11-28 00:00:00,298.5,0.3,210.0
2024-11-28 01:00:00,300.25,0.3,210.0
2024-11-28 02:00:00,284.25,0.3,209.75
2024-11-28 03:00:00,265.5,0.3,209.25
2024-11-28 04:00:00,261.75,0.3,209.0
2024-11-28 05:00:00,260.5,0.57,209.25
2024-11-28 06:00:00,273.5,1.7,207.25
2024-11-28 07:00:00,301.25,1.32,205.5
2024-11-28 08:00:00,320.0,1.7,205.0
2024-11-28 09:00:00,346.25,1.62,186.75
2024-11-28 10:00:00,371.5,1.08,120.0
2024-11-28 11:00:00,334.0,1.3,123.25
2024-11-28 12:00:00,278.5,1.3,121.75
2024-11-28 13:00:00,206.0,1.3,114.0
2024-11-28 14:00:00,173.0,1.32,112.75
2024-11-28 15:00:00,135.0,1.27,112.5
2024-11-28 16:00:00,117.75,1.3,107.75
2024-11-28 17:00:00,109.0,1.62,104.0
2024-11-28 18:00:00,191.25,1.7,104.0
2024-11-28 19:00:00,256.5,1.7,104.0
2024-11-28 20:00:00,258.5,1.7,104.0
2024-11-28 21:00:00,282.0,1.7,104.0
2024-11-28 22:00:00,313.5,1.7,104.0
2024-11-28 23:00:00,312.75,1.7,104.0
2024-11-29 00:00:00,276.25,1.7,104.0
2024-11-29 01:00:00,253.75,1.7,104.0
2024-11-29 02:00:00,226.75,1.7,104.0
2024-11-29 03:00:00,226.5,1.7,104.0
2024-11-29 04:00:00,227.5,1.7,104.0
2024-11-29 05:00:00,206.0,1.7,104.0
2024-11-29 06:00:00,201.25,1.7,100.5
2024-11-29 07:00:00,217.0,1.27,92.0
2024-11-29 08:00:00,249.75,0.4,81.75
2024-11-29 09:00:00,339.25,1.2,110.5
2024-11-29 10:00:00,362.25,1.12,115.5
2024-11-29 11:00:00,298.0,1.32,120.25
2024-11-29 12:00:00,256.0,1.27,123.5
2024-11-29 13:00:00,236.25,1.3,110.0
2024-11-29 14:00:00,235.75,1.35,105.25
2024-11-29 15:00:00,249.75,1.3,101.25
2024-11-29 16:00:00,204.0,1.68,104.0
2024-11-29 17:00:00,215.25,1.7,86.5
2024-11-29 18:00:00,292.5,1.7,31.0
2024-11-29 19:00:00,310.0,1.7,31.0
2024-11-29 20:00:00,313.0,1.7,31.0
2024-11-29 21:00:00,307.0,1.7,31.0
2024-11-29 22:00:00,361.0,1.7,31.0
2024-11-29 23:00:00,359.0,1.7,31.0
2024-11-30 00:00:00,355.0,1.7,31.0
2024-11-30 01:00:00,344.0,1.7,31.0
2024-11-30 02:00:00,323.0,1.7,31.0
2024-11-30 03:00:00,288.0,1.7,31.0
2024-11-30 04:00:00,288.0,1.7,31.0
2024-11-30 05:00:00,279.0,1.7,31.0
2024-11-30 06:00:00,276.0,1.7,31.0
2024-11-30 07:00:00,287.0,1.7,33.25
2024-11-30 08:00:00,320.0,1.2,33.5
2024-11-30 09:00:00,374.0,1.05,94.25
2024-11-30 10:00:00,412.0,1.2,104.0
2024-11-30 11:00:00,343.0,1.27,111.5
2024-11-30 12:00:00,277.0,1.27,104.75
2024-11-30 13:00:00,190.0,1.3,105.0
2024-11-30 14:00:00,151.0,1.3,112.5
2024-11-30 15:00:00,129.0,1.3,109.5
2024-11-30 16:00:00,112.0,1.02,106.25
2024-11-30 17:00:00,136.0,0.3,97.0
2024-11-30 18:00:00,249.0,0.3,97.0
2024-11-30 19:00:00,223.0,0.3,97.0
2024-11-30 20:00:00,256.0,0.3,97.0
2024-11-30 21:00:00,315.0,0.3,97.0
2024-11-30 22:00:00,289.0,0.3,97.0
2024-11-30 23:00:00,278.0,0.3,97.0
2024-12-01 00:00:00,240.0,0.3,97.0
2024-12-01 01:00:00,243.0,0.3,97.0
2024-12-01 02:00:00,243.0,1.12,111.0
2024-12-01 03:00:00,278.0,1.68,106.0
2024-12-01 04:00:00,269.0,1.7,106.0
2024-12-01 05:00:00,265.0,1.7,106.0
2024-12-01 06:00:00,263.0,1.7,106.0
2024-12-01 07:00:00,254.0,1.7,171.0
2024-12-01 08:00:00,256.0,1.7,326.0
2024-12-01 09:00:00,269.0,1.55,304.5
2024-12-01 10:00:00,276.0,1.32,125.75
2024-12-01 11:00:00,204.0,1.32,105.25
2024-12-01 12:00:00,179.0,1.27,82.0
2024-12-01 13:00:00,161.0,1.3,89.5
2024-12-01 14:00:00,150.0,1.27,94.0
2024-12-01 15:00:00,122.0,1.32,102.5
2024-12-01 16:00:00,113.0,1.27,100.0
2024-12-01 17:00:00,149.0,0.85,103.5
2024-12-01 18:00:00,201.0,1.7,103.0
2024-12-01 19:00:00,215.0,1.7,103.0
2024-12-01 20:00:00,257.0,1.7,103.0
2024-12-01 21:00:00,290.0,1.7,103.0
2024-12-01 22:00:00,257.0,1.7,103.0
2024-12-01 23:00:00,266.0,1.7,103.0
2024-12-02 00:00:00,263.0,1.7,103.0
2024-12-02 01:00:00,274.0,1.1,103.0
2024-12-02 02:00:00,244.0,1.12,103.0
2024-12-02 03:00:00,210.0,1.7,103.0
2024-12-02 04:00:00,189.0,1.7,103.0
2024-12-02 05:00:00,184.0,1.27,103.0
2024-12-02 06:00:00,185.0,0.78,103.0
2024-12-02 07:00:00,210.0,1.3,112.75
2024-12-02 08:00:00,227.0,1.27,95.75
2024-12-02 09:00:00,257.0,1.25,97.0
2024-12-02 10:00:00,277.0,1.23,94.0
2024-12-02 11:00:00,257.0,1.27,104.5
2024-12-02 12:00:00,166.0,1.3,111.75
2024-12-02 13:00:00,149.0,1.27,104.25
2024-12-02 14:00:00,166.0,1.32,108.5
2024-12-02 15:00:00,174.0,1.3,95.0
2024-12-02 16:00:00,136.0,1.3,97.67
2024-12-02 17:00:00,136.0,1.7,100.0
2024-12-02 18:00:00,161.0,1.7,100.0
2024-12-02 19:00:00,186.0,1.7,100.0
2024-12-02 20:00:00,213.0,1.7,100.0
2024-12-02 21:00:00,266.0,1.7,100.0
2024-12-02 22:00:00,262.0,1.7,100.0
2024-12-02 23:00:00,262.0,1.7,100.0
2024-12-03 00:00:00,245.0,1.7,100.0
2024-12-03 01:00:00,255.0,1.7,100.0
2024-12-03 02:00:00,224.0,1.1,100.0
2024-12-03 03:00:00,185.0,0.6,100.0
2024-12-03 04:00:00,168.0,0.3,100.0
2024-12-03 05:00:00,172.0,0.3,100.0
2024-12-03 06:00:00,183.0,0.38,100.25
2024-12-03 07:00:00,206.0,1.7,107.0
2024-12-03 08:00:00,243.0,0.9,96.5
2024-12-03 09:00:00,227.0,1.27,99.75
2024-12-03 10:00:00,246.0,1.3,114.25
2024-12-03 11:00:00,218.0,1.25,121.5
2024-12-03 12:00:00,184.0,1.3,115.25
2024-12-03 13:00:00,149.0,1.3,107.25
2024-12-03 14:00:00,135.0,1.3,98.0
2024-12-03 15:00:00,112.0,1.3,98.5
2024-12-03 16:00:00,108.0,1.25,94.5
2024-12-03 17:00:00,136.0,1.62,88.0
2024-12-03 18:00:00,238.0,1.7,88.0
2024-12-03 19:00:00,219.0,1.7,88.0
2024-12-03 20:00:00,206.0,1.7,88.0
2024-12-03 21:00:00,215.0,1.52,91.5
2024-12-03 22:00:00,269.0,1.42,100.75
2024-12-03 23:00:00,307.0,1.27,101.0
2024-12-04 00:00:00,290.0,1.18,101.0
2024-12-04 01:00:00,197.0,1.35,105.25
2024-12-04 02:00:00,153.0,1.27,104.25
2024-12-04 03:00:00,145.0,1.23,101.75
2024-12-04 04:00:00,149.0,1.27,103.0
2024-12-04 05:00:00,151.0,1.3,100.0
2024-12-04 06:00:00,146.0,1.23,103.5
2024-12-04 07:00:00,143.0,1.27,98.5
2024-12-04 08:00:00,139.0,1.27,92.0
2024-12-04 09:00:00,144.0,1.27,90.0
2024-12-04 10:00:00,169.0,1.3,95.0
2024-12-04 11:00:00,168.0,1.27,95.0
2024-12-04 12:00:00,145.0,1.32,105.25
2024-12-04 13:00:00,134.0,1.3,97.75
2024-12-04 14:00:00,129.0,1.3,107.75
2024-12-04 15:00:00,107.0,1.3,109.75
2024-12-04 16:00:00,90.0,1.35,99.25
2024-12-04 17:00:00,100.0,1.25,99.75
2024-12-04 18:00:00,223.0,1.7,89.0
2024-12-04 19:00:00,166.0,1.7,89.0
2024-12-04 20:00:00,193.0,1.7,89.0
2024-12-04 21:00:00,199.0,1.65,89.0
2024-12-04 22:00:00,223.0,1.7,89.0
2024-12-04 23:00:00,283.0,1.6,89.0
2024-12-05 00:00:00,285.0,1.27,90.0
2024-12-05 01:00:00,194.0,1.42,90.0
2024-12-05 02:00:00,166.0,1.7,90.0
2024-12-05 03:00:00,149.0,1.7,90.0
2024-12-05 04:00:00,160.0,1.7,90.0
2024-12-05 05:00:00,141.0,1.7,90.0
2024-12-05 06:00:00,130.0,1.5,89.5
2024-12-05 07:00:00,150.0,1.18,97.75
2024-12-05 08:00:00,160.0,1.3,89.5
2024-12-05 09:00:00,157.0,1.3,86.25
2024-12-05 10:00:00,150.0,1.27,87.5
2024-12-05 11:00:00,146.0,1.3,86.5
2024-12-05 12:00:00,140.0,1.3,94.75
2024-12-05 13:00:00,140.0,1.27,94.25
2024-12-05 14:00:00,119.0,1.32,102.25
2024-12-05 15:00:00,123.0,1.3,114.75
2024-12-05 16:00:00,95.0,1.3,113.0
2024-12-05 17:00:00,91.0,1.48,145.25
2024-12-05 18:00:00,156.0,1.68,311.0
2024-12-05 19:00:00,173.0,1.7,310.0
2024-12-05 20:00:00,196.0,1.7,310.0
2024-12-05 21:00:00,223.0,1.7,311.0
2024-12-05 22:00:00,246.0,1.7,311.0
2024-12-05 23:00:00,261.0,1.7,311.0
2024-12-06 00:00:00,237.0,1.7,311.0
2024-12-06 01:00:00,222.0,1.7,311.0
2024-12-06 02:00:00,215.0,1.7,311.0
2024-12-06 03:00:00,195.0,1.7,311.0
2024-12-06 04:00:00,199.0,1.7,311.0
2024-12-06 05:00:00,178.0,1.35,158.5
2024-12-06 06:00:00,129.0,1.32,89.5
2024-12-06 07:00:00,136.0,1.48,113.25
2024-12-06 08:00:00,161.0,1.3,94.75
2024-12-06 09:00:00,169.0,1.3,85.5
2024-12-06 10:00:00,194.0,1.3,95.75
2024-12-06 11:00:00,145.0,1.27,104.5
2024-12-06 12:00:00,133.0,1.3,114.25
2024-12-06 13:00:00,100.0,1.3,109.5
2024-12-06 14:00:00,94.0,1.3,111.5
2024-12-06 15:00:00,108.0,1.27,110.75
2024-12-06 16:00:00,97.0,1.32,115.0
2024-12-06 17:00:00,108.0,1.4,104.25
2024-12-06 18:00:00,200.0,1.7,103.0
2024-12-06 19:00:00,169.0,1.7,103.0
2024-12-06 20:00:00,229.0,1.7,103.0
2024-12-06 21:00:00,234.0,1.7,103.0
2024-12-06 22:00:00,254.0,1.7,103.0
2024-12-06 23:00:00,262.0,1.7,103.0
2024-12-07 00:00:00,256.0,1.7,103.0
2024-12-07 01:00:00,256.0,1.7,103.0
2024-12-07 02:00:00,299.0,1.7,103.0
2024-12-07 03:00:00,277.0,1.45,109.0
2024-12-07 04:00:00,245.0,0.3,124.0
2024-12-07 05:00:00,215.0,0.3,124.0
2024-12-07 06:00:00,222.0,0.55,124.0
2024-12-07 07:00:00,217.0,0.3,124.0
2024-12-07 08:00:00,227.0,1.32,126.0
2024-12-07 09:00:00,269.0,1.25,95.25
2024-12-07 10:00:00,210.0,1.23,91.25
2024-12-07 11:00:00,149.0,1.32,95.5
2024-12-07 12:00:00,119.0,1.32,104.75
2024-12-07 13:00:00,81.0,1.3,115.0
2024-12-07 14:00:00,84.0,1.32,119.0
2024-12-07 15:00:00,100.0,1.35,142.75
2024-12-07 16:00:00,99.0,1.25,103.5
2024-12-07 17:00:00,112.0,1.7,43.0
2024-12-07 18:00:00,163.0,1.7,1.0
2024-12-07 19:00:00,283.0,1.7,1.0
2024-12-07 20:00:00,283.0,1.68,1.0
2024-12-07 21:00:00,306.0,1.7,1.0
2024-12-07 22:00:00,405.0,1.7,1.0
2024-12-07 23:00:00,389.0,1.7,1.0
2024-12-08 00:00:00,378.0,1.7,1.0
2024-12-08 01:00:00,356.0,1.7,1.0
2024-12-08 02:00:00,345.0,1.55,1.0
2024-12-08 03:00:00,317.0,1.7,1.0
2024-12-08 04:00:00,278.0,1.55,1.0
2024-12-08 05:00:00,273.0,1.4,1.25
2024-12-08 06:00:00,294.0,1.1,2.0
2024-12-08 07:00:00,326.0,1.38,180.5
2024-12-08 08:00:00,307.0,1.27,267.75
2024-12-08 09:00:00,248.0,1.27,268.75
2024-12-08 10:00:00,226.0,1.27,273.25
2024-12-08 11:00:00,241.0,1.3,270.25
2024-12-08 12:00:00,255.0,1.25,277.25
2024-12-08 13:00:00,210.0,1.3,272.75
2024-12-08 14:00:00,193.0,1.32,277.75
2024-12-08 15:00:00,180.0,1.3,278.5
2024-12-08 16:00:00,189.0,1.27,270.0
2024-12-08 17:00:00,206.0,1.42,281.5
2024-12-08 18:00:00,324.0,1.02,264.0
2024-12-08 19:00:00,252.0,1.4,268.75
2024-12-08 20:00:00,257.0,1.23,265.5
2024-12-08 21:00:00,284.0,1.2,242.0
2024-12-08 22:00:00,234.0,1.48,158.25
2024-12-08 23:00:00,168.0,1.42,192.0
2024-12-09 00:00:00,151.0,1.27,247.5
2024-12-09 01:00:00,101.0,1.3,256.75
2024-12-09 02:00:00,61.0,0.42,258.5
2024-12-09 03:00:00,69.0,1.35,258.5
2024-12-09 04:00:00,78.0,1.7,259.0
2024-12-09 05:00:00,80.0,1.7,259.0
2024-12-09 06:00:00,86.0,1.7,259.0
2024-12-09 07:00:00,73.0,1.15,258.25
2024-12-09 08:00:00,116.0,1.7,258.0
2024-12-09 09:00:00,139.0,1.38,153.75
2024-12-09 10:00:00,107.0,1.27,90.0
2024-12-09 11:00:00,163.0,1.3,105.75
2024-12-09 12:00:00,162.0,1.3,126.5
2024-12-09 13:00:00,167.0,1.33,113.0
2024-12-09 14:00:00,150.0,1.3250000000000002,108.0
2024-12-09 15:00:00,169.0,1.32,103.0
2024-12-09 16:00:00,177.0,1.27,102.0
2024-12-09 17:00:00,161.0,1.3,106.0
2024-12-09 18:00:00,210.0,1.68,105.0
2024-12-09 19:00:00,193.0,1.7,105.0
2024-12-09 20:00:00,230.0,1.7,104.25
2024-12-09 21:00:00,257.0,1.7,104.0
2024-12-09 22:00:00,250.0,1.7,104.0
2024-12-09 23:00:00,274.0,1.7,104.0
2024-12-10 00:00:00,233.0,1.7,104.0
2024-12-10 01:00:00,215.0,1.7,104.0
2024-12-10 02:00:00,200.0,1.7,104.0
2024-12-10 03:00:00,193.0,1.7,104.0
2024-12-10 04:00:00,168.0,1.58,103.75
2024-12-10 05:00:00,168.0,1.02,98.75
2024-12-10 06:00:00,175.0,1.38,103.25
2024-12-10 07:00:00,161.0,1.35,95.75
2024-12-10 08:00:00,169.0,1.23,86.0
2024-12-10 09:00:00,186.0,1.27,90.5
2024-12-10 10:00:00,206.0,1.32,94.5
2024-12-10 11:00:00,226.0,1.27,108.25
2024-12-10 12:00:00,201.0,1.25,111.5
2024-12-10 13:00:00,216.0,1.32,119.25
2024-12-10 14:00:00,179.0,1.3,118.0
2024-12-10 15:00:00,110.0,1.3,123.75
2024-12-10 16:00:00,117.0,1.3,135.5
2024-12-10 17:00:00,100.0,1.15,183.5
2024-12-10 18:00:00,161.0,0.52,329.0
2024-12-10 19:00:00,196.0,1.02,329.0
2024-12-10 20:00:00,233.0,1.68,329.0
2024-12-10 21:00:00,263.0,1.7,327.25
2024-12-10 22:00:00,252.0,1.7,87.5
2024-12-10 23:00:00,250.0,1.65,111.5
2024-12-11 00:00:00,249.0,1.3,165.25
2024-12-11 01:00:00,221.0,1.2,117.75
2024-12-11 02:00:00,207.0,1.3,105.0
2024-12-11 03:00:00,168.0,1.02,106.0
2024-12-11 04:00:00,140.0,1.52,106.0
2024-12-11 05:00:00,138.0,1.7,106.0
2024-12-11 06:00:00,150.0,1.6,103.75
2024-12-11 07:00:00,169.0,1.25,96.25
2024-12-11 08:00:00,215.0,1.32,98.0
2024-12-11 09:00:00,234.0,1.3,105.0
2024-12-11 10:00:00,265.0,1.3,108.25
2024-12-11 11:00:00,237.0,1.27,118.75
2024-12-11 12:00:00,219.0,1.3,117.25
2024-12-11 13:00:00,233.0,1.32,136.25
2024-12-11 14:00:00,249.0,1.32,188.75
2024-12-11 15:00:00,147.0,1.32,230.75
2024-12-11 16:00:00,133.0,1.3,225.25
2024-12-11 17:00:00,133.0,0.78,286.25
2024-12-11 18:00:00,152.0,0.3,330.0
2024-12-11 19:00:00,265.0,0.75,328.75
2024-12-11 20:00:00,317.0,1.7,327.0
2024-12-11 21:00:00,372.0,1.7,327.0
2024-12-11 22:00:00,346.0,1.7,327.0
2024-12-11 23:00:00,470.0,1.7,327.0
2024-12-12 00:00:00,406.0,1.7,327.0
2024-12-12 01:00:00,422.0,1.52,327.0
2024-12-12 02:00:00,344.0,1.6,327.25
2024-12-12 03:00:00,309.0,1.68,327.5
2024-12-12 04:00:00,293.0,1.48,328.5
2024-12-12 05:00:00,276.0,0.72,328.25
2024-12-12 06:00:00,254.0,1.23,326.25
2024-12-12 07:00:00,295.0,1.7,326.0
2024-12-12 08:00:00,342.0,1.27,277.5
2024-12-12 09:00:00,385.0,1.3,132.0
2024-12-12 10:00:00,362.0,1.3,142.75
2024-12-12 11:00:00,290.0,1.3,158.75
2024-12-12 12:00:00,267.0,1.3,174.0
2024-12-12 13:00:00,257.0,1.27,184.75
2024-12-12 14:00:00,212.0,1.3,170.75
2024-12-12 15:00:00,252.0,1.32,214.25
2024-12-12 16:00:00,248.0,1.3,212.5
2024-12-12 17:00:00,227.0,1.25,174.5
2024-12-12 18:00:00,313.0,1.23,113.0
2024-12-12 19:00:00,392.0,1.4,113.25
2024-12-12 20:00:00,351.0,1.3,114.0
2024-12-12 21:00:00,389.0,1.3,113.5
2024-12-12 22:00:00,350.0,1.68,114.0
2024-12-12 23:00:00,301.0,1.7,114.0
2024-12-13 00:00:00,277.0,1.62,114.25
2024-12-13 01:00:00,267.0,1.4,146.25
2024-12-13 02:00:00,229.0,1.25,294.75
2024-12-13 03:00:00,211.0,1.27,195.5
2024-12-13 04:00:00,211.0,1.27,121.75
2024-12-13 05:00:00,216.0,1.25,127.25
2024-12-13 06:00:00,207.0,1.3,136.0
2024-12-13 07:00:00,199.0,1.23,135.5
2024-12-13 08:00:00,221.0,1.25,135.0
2024-12-13 09:00:00,232.0,1.27,165.25
2024-12-13 10:00:00,216.0,1.27,202.75
2024-12-13 11:00:00,241.0,1.32,220.0
2024-12-13 12:00:00,312.0,1.3,238.25
2024-12-13 13:00:00,326.0,1.3,274.5
2024-12-13 14:00:00,246.0,1.32,277.25
2024-12-13 15:00:00,212.0,1.3,274.5
2024-12-13 16:00:00,173.0,1.3,259.0
2024-12-13 17:00:00,158.0,1.32,258.0
2024-12-13 18:00:00,212.0,1.32,260.25
2024-12-13 19:00:00,276.0,1.3,247.75
2024-12-13 20:00:00,268.0,1.3,223.25
2024-12-13 21:00:00,216.0,1.3,228.0
2024-12-13 22:00:00,221.0,1.5,327.0
2024-12-13 23:00:00,250.0,1.27,235.0
2024-12-14 00:00:00,206.0,1.3,183.75
2024-12-14 01:00:00,191.0,1.35,111.0
2024-12-14 02:00:00,164.0,1.27,234.5
2024-12-14 03:00:00,151.0,1.27,222.0
2024-12-14 04:00:00,140.0,1.32,169.5
2024-12-14 05:00:00,143.0,1.23,171.0
2024-12-14 06:00:00,130.0,1.25,194.75
2024-12-14 07:00:00,128.0,1.35,123.0
2024-12-14 08:00:00,163.0,1.27,191.5
2024-12-14 09:00:00,178.0,1.3,222.25
2024-12-14 10:00:00,182.0,1.3,206.75
2024-12-14 11:00:00,157.0,1.3,224.25
2024-12-14 12:00:00,183.0,1.3,210.75
2024-12-14 13:00:00,145.0,1.32,225.75
2024-12-14 14:00:00,141.0,1.3,218.25
2024-12-14 15:00:00,136.0,1.3,222.5
2024-12-14 16:00:00,138.0,1.3,207.25
2024-12-14 17:00:00,146.0,1.27,172.5
2024-12-14 18:00:00,197.0,0.55,328.0
2024-12-14 19:00:00,229.0,0.3,328.0
2024-12-14 20:00:00,488.0,0.3,328.0
2024-12-14 21:00:00,680.0,0.3,328.0
2024-12-14 22:00:00,588.0,0.3,328.0
2024-12-14 23:00:00,542.0,0.3,328.0
2024-12-15 00:00:00,462.0,0.3,328.75
2024-12-15 01:00:00,376.0,0.3,328.0
2024-12-15 02:00:00,321.0,0.3,328.0
2024-12-15 03:00:00,287.0,1.2,213.5
2024-12-15 04:00:00,260.0,1.7,137.75
2024-12-15 05:00:00,227.0,1.7,138.5
2024-12-15 06:00:00,230.0,1.7,139.0
2024-12-15 07:00:00,235.0,1.7,139.25
2024-12-15 08:00:00,261.0,1.7,139.75
2024-12-15 09:00:00,305.0,1.27,172.0
2024-12-15 10:00:00,277.0,1.27,128.25
2024-12-15 11:00:00,259.0,1.3,119.75
2024-12-15 12:00:00,263.0,1.35,146.5
2024-12-15 13:00:00,227.0,1.25,119.75
2024-12-15 14:00:00,217.0,1.27,134.0
2024-12-15 15:00:00,212.0,1.32,155.75
2024-12-15 16:00:00,205.0,1.38,185.0
2024-12-15 17:00:00,197.0,1.7,177.25
2024-12-15 18:00:00,316.0,1.7,172.5
2024-12-15 19:00:00,553.0,1.7,153.5
2024-12-15 20:00:00,835.0,1.7,137.75
2024-12-15 21:00:00,670.0,1.7,141.75
2024-12-15 22:00:00,746.0,1.7,172.5
2024-12-15 23:00:00,806.0,1.7,150.5
2024-12-16 00:00:00,606.0,1.7,118.25
2024-12-16 01:00:00,404.0,1.7,113.5
2024-12-16 02:00:00,366.0,1.7,113.0
2024-12-16 03:00:00,362.0,1.7,113.75
2024-12-16 04:00:00,378.0,1.7,115.25
2024-12-16 05:00:00,345.0,1.7,116.5
2024-12-16 06:00:00,331.0,1.7,117.25
2024-12-16 07:00:00,327.0,1.7,122.25
2024-12-16 08:00:00,338.0,1.3,134.25
2024-12-16 09:00:00,334.0,1.27,149.75
2024-12-16 10:00:00,354.0,1.25,135.75
2024-12-16 11:00:00,374.0,1.32,144.0
2024-12-16 12:00:00,385.0,1.3,183.0
2024-12-16 13:00:00,293.0,1.4,129.0
2024-12-16 14:00:00,289.0,1.3,103.0
2024-12-16 15:00:00,294.0,1.15,200.25
2024-12-16 16:00:00,301.0,1.52,331.0
2024-12-16 17:00:00,389.0,0.3,331.0
2024-12-16 18:00:00,455.0,0.3,331.0
2024-12-16 19:00:00,504.0,0.3,331.0
2024-12-16 20:00:00,520.0,0.3,331.0
2024-12-16 21:00:00,476.0,0.3,331.0
2024-12-16 22:00:00,600.0,0.3,331.0
2024-12-16 23:00:00,665.0,0.3,331.0
2024-12-17 00:00:00,636.0,0.3,331.0
2024-12-17 01:00:00,578.0,0.3,331.0
2024-12-17 02:00:00,502.25,0.3,331.0
2024-12-17 03:00:00,443.0,0.3,331.0
2024-12-17 04:00:00,456.0,0.3,331.0
2024-12-17 05:00:00,420.0,0.3,331.0
2024-12-17 06:00:00,422.0,0.3,331.0
2024-12-17 07:00:00,395.0,0.3,331.0
2024-12-17 08:00:00,421.0,0.9,333.25
2024-12-17 09:00:00,456.0,1.5,332.25
2024-12-17 10:00:00,515.0,1.23,276.0
2024-12-17 11:00:00,520.0,1.3,272.75
2024-12-17 12:00:00,530.0,1.27,265.25
2024-12-17 13:00:00,431.0,1.27,268.75
2024-12-17 14:00:00,311.0,1.3,265.75
2024-12-17 15:00:00,219.0,1.18,251.5
2024-12-17 16:00:00,318.0,1.5,213.0
2024-12-17 17:00:00,394.0,1.7,200.0
2024-12-17 18:00:00,591.0,1.7,200.0
2024-12-17 19:00:00,659.0,1.65,172.75
2024-12-17 20:00:00,637.0,1.7,115.0
2024-12-17 21:00:00,536.0,1.7,115.0
2024-12-17 22:00:00,594.0,1.7,115.0
2024-12-17 23:00:00,605.0,1.7,115.0
2024-12-18 00:00:00,581.0,1.7,115.0
2024-12-18 01:00:00,554.0,1.7,115.0
2024-12-18 02:00:00,597.0,1.7,115.0
2024-12-18 03:00:00,561.0,1.7,115.0
2024-12-18 04:00:00,561.0,1.45,187.0
2024-12-18 05:00:00,532.0,1.6,330.0
2024-12-18 06:00:00,510.0,1.7,330.0
2024-12-18 07:00:00,472.0,0.62,330.0
2024-12-18 08:00:00,461.0,0.88,288.5
2024-12-18 09:00:00,503.0,1.25,165.75
2024-12-18 10:00:00,469.0,1.27,134.0
2024-12-18 11:00:00,456.0,1.3,119.0
2024-12-18 12:00:00,392.0,1.27,126.0
2024-12-18 13:00:00,443.0,1.25,132.0
2024-12-18 14:00:00,381.0,1.3,104.25
2024-12-18 15:00:00,372.0,1.32,126.25
2024-12-18 16:00:00,489.0,1.42,122.75
2024-12-18 17:00:00,449.0,0.4,100.0
2024-12-18 18:00:00,431.0,0.3,100.0
2024-12-18 19:00:00,542.0,0.3,100.75
2024-12-18 20:00:00,543.0,0.3,101.5
2024-12-18 21:00:00,665.0,0.3,102.0
2024-12-18 22:00:00,604.0,0.3,102.75
2024-12-18 23:00:00,538.0,0.3,103.0
2024-12-19 00:00:00,611.0,0.3,103.0
2024-12-19 01:00:00,558.0,0.3,103.0
2024-12-19 02:00:00,519.0,0.3,103.0
2024-12-19 03:00:00,456.0,0.3,103.0
2024-12-19 04:00:00,453.0,0.3,103.0
2024-12-19 05:00:00,421.0,0.3,103.0
2024-12-19 06:00:00,401.0,0.3,103.0
2024-12-19 07:00:00,401.0,0.3,103.0
2024-12-19 08:00:00,425.0,0.3,108.0
2024-12-19 09:00:00,499.0,0.7,137.25
2024-12-19 10:00:00,622.0,1.25,264.0
2024-12-19 11:00:00,616.0,1.2,267.0
2024-12-19 12:00:00,566.0,1.35,277.5
2024-12-19 13:00:00,304.0,1.25,280.5
2024-12-19 14:00:00,229.0,1.27,274.5
2024-12-19 15:00:00,227.0,1.3,277.75
2024-12-19 16:00:00,221.0,1.3,276.0
2024-12-19 17:00:00,240.0,1.55,261.0
2024-12-19 18:00:00,333.0,1.7,261.0
2024-12-19 19:00:00,361.0,1.7,261.0
2024-12-19 20:00:00,432.0,1.7,261.0
2024-12-19 21:00:00,565.0,1.7,261.0
2024-12-19 22:00:00,643.0,1.7,261.0
2024-12-19 23:00:00,543.0,1.7,261.0
2024-12-20 00:00:00,501.0,1.7,261.0
2024-12-20 01:00:00,530.0,1.7,261.0
2024-12-20 02:00:00,493.0,1.7,261.0
2024-12-20 03:00:00,453.0,1.7,261.0
2024-12-20 04:00:00,436.0,1.7,261.0
2024-12-20 05:00:00,416.0,1.4,261.0
2024-12-20 06:00:00,420.0,1.5,261.0
2024-12-20 07:00:00,404.0,1.7,261.0
2024-12-20 08:00:00,410.0,1.7,261.0
2024-12-20 09:00:00,444.0,1.7,261.0
2024-12-20 10:00:00,444.0,1.45,251.5
2024-12-20 11:00:00,428.0,1.32,259.75
2024-12-20 12:00:00,403.0,1.1,229.5
2024-12-20 13:00:00,355.0,1.27,177.75
2024-12-20 14:00:00,403.0,1.23,136.25
2024-12-20 15:00:00,334.0,1.3,167.75
2024-12-20 16:00:00,252.0,1.4,132.5
2024-12-20 17:00:00,310.0,1.4,134.5
2024-12-20 18:00:00,372.0,1.68,135.0
2024-12-20 19:00:00,357.0,1.7,135.0
2024-12-20 20:00:00,374.0,1.7,135.0
2024-12-20 21:00:00,405.0,1.7,135.0
2024-12-20 22:00:00,438.0,1.7,135.0
2024-12-20 23:00:00,416.0,1.7,135.0
2024-12-21 00:00:00,385.0,1.6,141.25
2024-12-21 01:00:00,342.0,1.25,117.75
2024-12-21 02:00:00,365.0,0.98,117.0
2024-12-21 03:00:00,403.0,1.7,117.0
2024-12-21 04:00:00,317.0,1.7,117.0
2024-12-21 05:00:00,291.0,1.7,117.0
2024-12-21 06:00:00,263.0,1.35,117.0
2024-12-21 07:00:00,283.0,0.32,115.0
2024-12-21 08:00:00,310.0,1.55,167.0
2024-12-21 09:00:00,302.0,1.25,193.0
2024-12-21 10:00:00,312.0,1.27,150.0
2024-12-21 11:00:00,345.0,1.3,153.0
2024-12-21 12:00:00,280.0,1.23,144.75
2024-12-21 13:00:00,177.0,1.27,152.0
2024-12-21 14:00:00,194.0,1.32,139.25
2024-12-21 15:00:00,213.0,1.32,140.0
2024-12-21 16:00:00,206.0,1.32,147.25
2024-12-21 17:00:00,195.0,1.5,134.25
2024-12-21 18:00:00,234.0,0.3,204.0
2024-12-21 19:00:00,263.0,0.3,204.0
2024-12-21 20:00:00,337.0,0.3,204.0
2024-12-21 21:00:00,464.0,0.3,204.0
2024-12-21 22:00:00,480.0,0.3,204.0
2024-12-21 23:00:00,483.0,0.3,203.0
2024-12-22 00:00:00,499.0,0.3,203.0
2024-12-22 01:00:00,456.0,0.68,203.5
2024-12-22 02:00:00,470.0,1.7,204.0
2024-12-22 03:00:00,429.0,1.7,204.0
2024-12-22 04:00:00,432.0,1.7,204.0
2024-12-22 05:00:00,410.0,1.7,204.0
2024-12-22 06:00:00,410.0,1.7,203.5
2024-12-22 07:00:00,381.0,1.7,203.75
2024-12-22 08:00:00,356.0,0.75,195.0
2024-12-22 09:00:00,364.0,0.48,197.0
2024-12-22 10:00:00,437.0,1.38,273.75
2024-12-22 11:00:00,385.0,1.35,251.25
2024-12-22 12:00:00,433.0,1.35,264.0
2024-12-22 13:00:00,311.0,1.3,263.0
2024-12-22 14:00:00,311.0,1.3,265.75
2024-12-22 15:00:00,307.0,1.32,270.5
2024-12-22 16:00:00,296.0,1.38,249.0
2024-12-22 17:00:00,312.0,1.52,281.5
2024-12-22 18:00:00,349.0,1.27,319.0
2024-12-22 19:00:00,322.0,1.1,317.5
2024-12-22 20:00:00,345.0,1.7,317.25
2024-12-22 21:00:00,418.0,1.7,317.25
2024-12-22 22:00:00,532.0,1.7,317.0
2024-12-22 23:00:00,549.0,0.98,317.0
2024-12-23 00:00:00,549.0,0.62,296.25
2024-12-23 01:00:00,459.0,1.65,58.0
2024-12-23 02:00:00,415.0,1.7,51.0
2024-12-23 03:00:00,379.0,1.52,91.25
2024-12-23 04:00:00,329.0,0.92,281.0
2024-12-23 05:00:00,262.0,1.5,276.0
2024-12-23 06:00:00,250.0,1.02,271.0
2024-12-23 07:00:00,245.0,0.52,271.0
2024-12-23 08:00:00,261.0,1.42,271.25
2024-12-23 09:00:00,284.0,1.62,266.0
2024-12-23 10:00:00,382.0,1.25,226.0
2024-12-23 11:00:00,538.0,1.35,202.5
2024-12-23 12:00:00,542.0,1.0,201.5
2024-12-23 13:00:00,514.0,1.35,232.75
2024-12-23 14:00:00,428.0,1.32,205.75
2024-12-23 15:00:00,335.0,1.35,245.25
2024-12-23 16:00:00,289.0,1.38,252.25
2024-12-23 17:00:00,302.0,1.3,251.75
2024-12-23 18:00:00,329.0,1.27,243.0
2024-12-23 19:00:00,328.0,1.42,206.5
2024-12-23 20:00:00,332.0,1.7,281.0
2024-12-23 21:00:00,332.0,0.72,281.0
2024-12-23 22:00:00,331.0,0.65,279.25
2024-12-23 23:00:00,355.0,1.6,255.5
2024-12-24 00:00:00,339.0,1.65,180.0
2024-12-24 01:00:00,368.0,1.62,142.0
2024-12-24 02:00:00,342.0,1.65,128.0
2024-12-24 03:00:00,318.0,1.22,128.0
2024-12-24 04:00:00,315.0,0.82,125.0
2024-12-24 05:00:00,309.0,1.7,116.0
2024-12-24 06:00:00,291.0,1.55,127.75
2024-12-24 07:00:00,282.0,0.98,227.0
2024-12-24 08:00:00,263.0,1.15,226.0
2024-12-24 09:00:00,252.0,1.35,223.5
2024-12-24 10:00:00,299.0,1.2,222.75
2024-12-24 11:00:00,320.0,1.23,248.0
2024-12-24 12:00:00,272.0,1.27,267.0
2024-12-24 13:00:00,193.0,1.15,252.0
2024-12-24 14:00:00,200.0,1.27,228.0
2024-12-24 15:00:00,189.0,1.3,257.75
2024-12-24 16:00:00,201.0,1.25,293.5
2024-12-24 17:00:00,248.0,0.8,246.5
2024-12-24 18:00:00,340.0,1.32,171.25
2024-12-24 19:00:00,312.0,1.0,136.5
2024-12-24 20:00:00,130.0,1.12,115.0
2024-12-24 21:00:00,106.0,0.78,228.25
2024-12-24 22:00:00,135.0,0.3,337.0
2024-12-24 23:00:00,143.0,0.3,337.0
2024-12-25 00:00:00,179.0,0.3,337.0
2024-12-25 01:00:00,230.0,0.3,337.5
2024-12-25 02:00:00,244.0,0.3,338.0
2024-12-25 03:00:00,263.0,0.3,337.0
2024-12-25 04:00:00,252.0,0.3,337.0
2024-12-25 05:00:00,272.0,0.3,337.0
2024-12-25 06:00:00,263.0,0.3,337.0
2024-12-25 07:00:00,257.0,0.3,337.25
2024-12-25 08:00:00,261.0,0.3,337.0
2024-12-25 09:00:00,256.0,0.7,271.75
2024-12-25 10:00:00,323.0,1.38,100.5
2024-12-25 11:00:00,329.0,1.23,119.0
2024-12-25 12:00:00,268.0,1.25,112.0
2024-12-25 13:00:00,195.0,1.27,126.25
2024-12-25 14:00:00,166.0,1.3,125.0
2024-12-25 15:00:00,173.0,1.27,119.75
2024-12-25 16:00:00,171.0,1.27,111.5
2024-12-25 17:00:00,186.0,1.25,109.0
2024-12-25 18:00:00,204.0,0.3,110.0
2024-12-25 19:00:00,223.0,0.3,110.0
2024-12-25 20:00:00,266.0,0.3,110.0
2024-12-25 21:00:00,351.0,1.05,110.0
2024-12-25 22:00:00,373.0,1.7,110.0
2024-12-25 23:00:00,359.0,1.62,110.0
2024-12-26 00:00:00,344.0,1.7,110.0
2024-12-26 01:00:00,354.0,0.65,110.0
2024-12-26 02:00:00,318.0,0.3,110.0
2024-12-26 03:00:00,266.0,1.2,110.25
2024-12-26 04:00:00,237.0,1.18,131.25
2024-12-26 05:00:00,224.0,0.3,145.0
2024-12-26 06:00:00,228.0,1.45,140.75
2024-12-26 07:00:00,222.0,1.7,140.0
2024-12-26 08:00:00,218.0,1.6,140.0
2024-12-26 09:00:00,239.0,1.35,139.0
2024-12-26 10:00:00,290.0,1.32,138.25
2024-12-26 11:00:00,307.0,1.0,188.75
2024-12-26 12:00:00,293.0,1.48,239.5
2024-12-26 13:00:00,315.0,1.23,183.0
2024-12-26 14:00:00,234.0,1.32,260.0
2024-12-26 15:00:00,227.0,1.27,217.75
2024-12-26 16:00:00,245.0,1.7,229.0
2024-12-26 17:00:00,237.0,1.7,11.75
2024-12-26 18:00:00,248.0,1.7,12.0
2024-12-26 19:00:00,322.0,1.7,12.0
2024-12-26 20:00:00,381.0,1.7,12.0
2024-12-26 21:00:00,445.0,1.7,12.0
2024-12-26 22:00:00,495.0,1.58,75.75
2024-12-26 23:00:00,465.0,1.68,134.0
2024-12-27 00:00:00,407.0,1.7,134.0
2024-12-27 01:00:00,416.0,1.7,134.0
2024-12-27 02:00:00,401.0,1.7,134.0
2024-12-27 03:00:00,368.0,1.5,212.5
2024-12-27 04:00:00,337.0,1.7,251.5
2024-12-27 05:00:00,337.0,1.7,250.3548387096774
2024-12-27 06:00:00,337.0,1.7,249.20967741935485
2024-12-27 07:00:00,337.0,1.7,248.06451612903226
2024-12-27 08:00:00,,,
2024-12-27 09:00:00,,,
2024-12-27 10:00:00,,,
2024-12-27 11:00:00,,,
2024-12-27 12:00:00,,,
2024-12-27 13:00:00,,,
2024-12-27 14:00:00,,,
2024-12-27 15:00:00,,,
2024-12-27 16:00:00,,,
2024-12-27 17:00:00,,,
2024-12-27 18:00:00,,,
2024-12-27 19:00:00,,,
2024-12-27 20:00:00,,,
2024-12-27 21:00:00,,,
2024-12-27 22:00:00,,,
2024-12-27 23:00:00,,,
2024-12-28 00:00:00,,,
2024-12-28 01:00:00,,,
2024-12-28 02:00:00,,,
2024-12-28 03:00:00,,,
2024-12-28 04:00:00,,,
2024-12-28 05:00:00,,,
2024-12-28 06:00:00,,,
2024-12-28 07:00:00,,,
2024-12-28 08:00:00,,,
2024-12-28 09:00:00,,,
2024-12-28 10:00:00,,,
2024-12-28 11:00:00,337.0,1.7,216.0
2024-12-28 12:00:00,337.0,0.98,207.75
2024-12-28 13:00:00,144.0,1.1,129.0
2024-12-28 14:00:00,174.75,1.0,122.75
2024-12-28 15:00:00,163.25,1.15,119.5
2024-12-28 16:00:00,126.0,1.25,122.0
2024-12-28 17:00:00,113.0,1.42,107.0
2024-12-28 18:00:00,136.75,1.32,105.75
2024-12-28 19:00:00,150.25,0.82,112.0
2024-12-28 20:00:00,161.0,1.2,121.25
2024-12-28 21:00:00,179.75,1.4,89.5
2024-12-28 22:00:00,197.0,1.5,100.25
2024-12-28 23:00:00,183.0,1.45,94.75
2024-12-29 00:00:00,186.75,1.5,107.25
2024-12-29 01:00:00,170.5,1.25,125.5
2024-12-29 02:00:00,131.75,1.3,123.75
2024-12-29 03:00:00,114.25,1.23,199.0
2024-12-29 04:00:00,120.25,1.23,221.75
2024-12-29 05:00:00,123.0,1.23,196.25
2024-12-29 06:00:00,117.75,1.3,187.75
2024-12-29 07:00:00,113.0,1.23,239.0
2024-12-29 08:00:00,124.75,1.27,195.0
2024-12-29 09:00:00,128.25,1.23,230.25
2024-12-29 10:00:00,131.0,1.25,221.25
2024-12-29 11:00:00,130.5,1.23,236.25
2024-12-29 12:00:00,123.25,1.25,237.25
2024-12-29 13:00:00,112.75,1.25,241.5
2024-12-29 14:00:00,115.25,1.25,243.25
2024-12-29 15:00:00,114.0,1.25,257.5
2024-12-29 16:00:00,113.0,1.25,266.5
2024-12-29 17:00:00,104.0,1.25,260.5
2024-12-29 18:00:00,100.25,1.3,272.75
2024-12-29 19:00:00,99.25,1.18,282.25
2024-12-29 20:00:00,105.75,1.23,275.75
2024-12-29 21:00:00,126.0,1.23,277.5
2024-12-29 22:00:00,143.25,1.25,281.75
2024-12-29 23:00:00,141.75,1.25,271.75
2024-12-30 00:00:00,109.25,1.25,288.25
2024-12-30 01:00:00,90.75,1.23,278.0
2024-12-30 02:00:00,80.5,1.2,288.5
2024-12-30 03:00:00,74.25,1.23,287.5
2024-12-30 04:00:00,76.0,1.27,289.5
2024-12-30 05:00:00,94.25,1.25,262.5
2024-12-30 06:00:00,112.0,1.3,289.0
2024-12-30 07:00:00,112.25,1.25,258.75
2024-12-30 08:00:00,108.75,1.25,276.25
2024-12-30 09:00:00,114.75,1.2,234.0
2024-12-30 10:00:00,112.5,1.23,238.75
2024-12-30 11:00:00,119.25,1.25,225.75
2024-12-30 12:00:00,117.5,1.25,243.0
2024-12-30 13:00:00,131.0,1.27,235.5
2024-12-30 14:00:00,130.75,1.27,228.0
2024-12-30 15:00:00,132.0,1.23,237.75
2024-12-30 16:00:00,133.0,1.23,233.0
2024-12-30 17:00:00,134.0,1.25,265.5
2024-12-30 18:00:00,139.25,1.1,136.75
2024-12-30 19:00:00,165.0,0.6,116.0
2024-12-30 20:00:00,194.75,0.62,118.5
2024-12-30 21:00:00,200.5,1.2,230.75
2024-12-30 22:00:00,192.5,1.4,330.0
2024-12-30 23:00:00,190.75,1.32,232.0
2024-12-31 00:00:00,176.0,1.35,215.25
2024-12-31 01:00:00,182.25,1.23,253.0
2024-12-31 02:00:00,181.5,0.92,225.5
2024-12-31 03:00:00,183.75,1.12,318.5
2024-12-31 04:00:00,150.5,1.4,324.5
2024-12-31 05:00:00,130.75,1.08,308.75
2024-12-31 06:00:00,132.5,1.12,188.75
2024-12-31 07:00:00,137.75,1.3,301.5
2024-12-31 08:00:00,136.75,1.2,153.5
2024-12-31 09:00:00,152.5,1.32,143.5
2024-12-31 10:00:00,167.75,1.3,186.25
2024-12-31 11:00:00,173.25,1.35,123.0
2024-12-31 12:00:00,181.5,1.23,173.25
2024-12-31 13:00:00,200.5,1.23,217.5
2024-12-31 14:00:00,199.25,1.27,153.25
2024-12-31 15:00:00,200.75,1.6,56.75
2024-12-31 16:00:00,214.75,1.55,113.25
2024-12-31 17:00:00,304.5,1.52,281.0
2024-12-31 18:00:00,352.5,1.2,282.0
2024-12-31 19:00:00,359.75,0.8,278.5
2024-12-31 20:00:00,294.75,0.3,251.75
2024-12-31 21:00:00,297.75,1.45,177.5
2024-12-31 22:00:00,355.5,1.7,155.0
2024-12-31 23:00:00,403.5,1.7,155.0
