timestamp,PM 2.5,wind_speed,wind_dir,month,season
2021-01-01 00:00:00,372.5,0.28,214.55,1,Winter
2021-01-01 01:00:00,405.0,0.22,171.65,1,Winter
2021-01-01 02:00:00,380.25,0.23,172.25,1,Winter
2021-01-01 03:00:00,326.75,0.22,129.9,1,Winter
2021-01-01 04:00:00,326.75,0.3,139.82,1,Winter
2021-01-01 05:00:00,283.5,0.52,172.68,1,Winter
2021-01-01 06:00:00,226.25,0.4,158.93,1,Winter
2021-01-01 07:00:00,223.75,0.55,63.47,1,Winter
2021-01-01 08:00:00,218.5,0.65,81.95,1,Winter
2021-01-01 09:00:00,178.0,0.7,70.88,1,Winter
2021-01-01 10:00:00,175.5,1.05,36.3,1,Winter
2021-01-01 11:00:00,177.0,1.25,22.75,1,Winter
2021-01-01 12:00:00,211.75,1.6,23.4,1,Winter
2021-01-01 13:00:00,238.5,1.45,15.92,1,Winter
2021-01-01 14:00:00,245.5,1.4,24.05,1,Winter
2021-01-01 15:00:00,237.75,1.25,23.12,1,Winter
2021-01-01 16:00:00,255.5,1.05,25.1,1,Winter
2021-01-01 17:00:00,332.0,0.92,48.78,1,Winter
2021-01-01 18:00:00,473.75,0.72,18.6,1,Winter
2021-01-01 19:00:00,468.25,0.95,25.12,1,Winter
2021-01-01 20:00:00,491.0,1.2,27.45,1,Winter
2021-01-01 21:00:00,536.75,1.08,76.38,1,Winter
2021-01-01 22:00:00,498.25,1.22,50.72,1,Winter
2021-01-01 23:00:00,474.25,1.27,66.4,1,Winter
2021-01-02 00:00:00,432.75,1.27,71.5,1,Winter
2021-01-02 01:00:00,394.5,0.6,156.57,1,Winter
2021-01-02 02:00:00,388.25,0.5,130.82,1,Winter
2021-01-02 03:00:00,386.0,0.78,74.45,1,Winter
2021-01-02 04:00:00,394.75,0.85,15.7,1,Winter
2021-01-02 05:00:00,388.25,0.92,109.82,1,Winter
2021-01-02 06:00:00,373.5,1.15,63.75,1,Winter
2021-01-02 07:00:00,377.25,1.0,124.48,1,Winter
2021-01-02 08:00:00,362.25,1.15,76.62,1,Winter
2021-01-02 09:00:00,360.25,1.02,63.35,1,Winter
2021-01-02 10:00:00,402.75,1.23,83.6,1,Winter
2021-01-02 11:00:00,428.75,0.77,32.1,1,Winter
2021-01-02 12:00:00,362.75,1.38,54.58,1,Winter
2021-01-02 13:00:00,333.25,1.62,56.72,1,Winter
2021-01-02 14:00:00,339.5,1.6,53.48,1,Winter
2021-01-02 15:00:00,308.5,1.58,57.88,1,Winter
2021-01-02 16:00:00,275.25,1.15,56.7,1,Winter
2021-01-02 17:00:00,283.25,1.3,59.82,1,Winter
2021-01-02 18:00:00,300.0,0.9,71.18,1,Winter
2021-01-02 19:00:00,344.75,0.62,74.62,1,Winter
2021-01-02 20:00:00,453.0,0.2,149.45,1,Winter
2021-01-02 21:00:00,476.25,0.3,194.95,1,Winter
2021-01-02 22:00:00,456.75,0.38,130.23,1,Winter
2021-01-02 23:00:00,455.5,0.3,100.9,1,Winter
2021-01-03 00:00:00,441.0,0.52,86.42,1,Winter
2021-01-03 01:00:00,401.75,0.92,49.78,1,Winter
2021-01-03 02:00:00,330.25,1.0,31.12,1,Winter
2021-01-03 03:00:00,351.0,1.3,32.17,1,Winter
2021-01-03 04:00:00,310.0,1.38,53.25,1,Winter
2021-01-03 05:00:00,267.5,1.0,54.12,1,Winter
2021-01-03 06:00:00,233.25,1.27,79.08,1,Winter
2021-01-03 07:00:00,213.0,1.5,70.1,1,Winter
2021-01-03 08:00:00,200.25,1.6,65.58,1,Winter
2021-01-03 09:00:00,182.25,1.35,51.95,1,Winter
2021-01-03 10:00:00,146.75,1.27,65.32,1,Winter
2021-01-03 11:00:00,96.5,1.72,64.18,1,Winter
2021-01-03 12:00:00,78.25,1.42,75.22,1,Winter
2021-01-03 13:00:00,71.0,1.45,78.8,1,Winter
2021-01-03 14:00:00,93.75,1.88,72.03,1,Winter
2021-01-03 15:00:00,88.25,2.22,65.85,1,Winter
2021-01-03 16:00:00,51.0,1.7,65.4,1,Winter
2021-01-03 17:00:00,35.25,1.6,64.05,1,Winter
2021-01-03 18:00:00,37.75,0.92,71.15,1,Winter
2021-01-03 19:00:00,60.5,0.43,94.08,1,Winter
2021-01-03 20:00:00,94.0,0.48,143.52,1,Winter
2021-01-03 21:00:00,115.5,0.48,145.05,1,Winter
2021-01-03 22:00:00,107.75,0.38,124.28,1,Winter
2021-01-03 23:00:00,108.0,0.35,141.2,1,Winter
2021-01-04 00:00:00,111.25,0.38,51.98,1,Winter
2021-01-04 01:00:00,115.0,0.8,221.0,1,Winter
2021-01-04 02:00:00,126.0,0.95,96.9,1,Winter
2021-01-04 03:00:00,115.75,0.8,16.38,1,Winter
2021-01-04 04:00:00,64.0,1.2,46.5,1,Winter
2021-01-04 05:00:00,53.25,0.85,60.85,1,Winter
2021-01-04 06:00:00,51.5,1.0,52.53,1,Winter
2021-01-04 07:00:00,62.0,0.6,122.55,1,Winter
2021-01-04 08:00:00,64.0,0.3,86.68,1,Winter
2021-01-04 09:00:00,80.75,0.62,89.4,1,Winter
2021-01-04 10:00:00,109.0,0.82,65.12,1,Winter
2021-01-04 11:00:00,95.25,1.17,25.05,1,Winter
2021-01-04 12:00:00,86.75,0.92,25.72,1,Winter
2021-01-04 13:00:00,70.25,0.65,117.12,1,Winter
2021-01-04 14:00:00,50.5,0.82,243.68,1,Winter
2021-01-04 15:00:00,66.0,0.82,133.52,1,Winter
2021-01-04 16:00:00,106.75,0.9,233.92,1,Winter
2021-01-04 17:00:00,112.5,1.92,314.8,1,Winter
2021-01-04 18:00:00,129.75,1.5,295.48,1,Winter
2021-01-04 19:00:00,117.5,2.08,302.1,1,Winter
2021-01-04 20:00:00,151.25,2.35,318.38,1,Winter
2021-01-04 21:00:00,52.5,3.2,321.95,1,Winter
2021-01-04 22:00:00,33.0,1.68,320.98,1,Winter
2021-01-04 23:00:00,35.25,0.65,146.6,1,Winter
2021-01-05 00:00:00,44.75,1.0,239.35,1,Winter
2021-01-05 01:00:00,51.0,1.12,50.68,1,Winter
2021-01-05 02:00:00,41.25,0.55,161.93,1,Winter
2021-01-05 03:00:00,31.25,1.35,62.38,1,Winter
2021-01-05 04:00:00,33.0,1.2,68.55,1,Winter
2021-01-05 05:00:00,24.75,1.32,64.85,1,Winter
2021-01-05 06:00:00,19.75,1.52,43.92,1,Winter
2021-01-05 07:00:00,34.25,0.98,230.85,1,Winter
2021-01-05 08:00:00,63.75,1.08,107.48,1,Winter
2021-01-05 09:00:00,67.0,1.1,126.1,1,Winter
2021-01-05 10:00:00,65.75,1.62,39.42,1,Winter
2021-01-05 11:00:00,80.75,1.65,59.42,1,Winter
2021-01-05 12:00:00,85.75,1.1,46.85,1,Winter
2021-01-05 13:00:00,92.75,0.55,273.45,1,Winter
2021-01-05 14:00:00,91.5,1.72,255.52,1,Winter
2021-01-05 15:00:00,91.25,1.82,185.15,1,Winter
2021-01-05 16:00:00,67.75,1.65,27.32,1,Winter
2021-01-05 17:00:00,68.25,1.23,112.88,1,Winter
2021-01-05 18:00:00,77.75,0.75,76.38,1,Winter
2021-01-05 19:00:00,93.75,1.15,49.35,1,Winter
2021-01-05 20:00:00,93.0,0.82,46.47,1,Winter
2021-01-05 21:00:00,96.5,0.68,70.3,1,Winter
2021-01-05 22:00:00,76.5,0.55,152.3,1,Winter
2021-01-05 23:00:00,67.5,1.15,65.35,1,Winter
2021-01-06 00:00:00,78.0,1.05,50.03,1,Winter
2021-01-06 01:00:00,92.75,1.1,56.95,1,Winter
2021-01-06 02:00:00,90.75,1.1,59.38,1,Winter
2021-01-06 03:00:00,108.5,0.65,174.58,1,Winter
2021-01-06 04:00:00,91.75,0.8,96.2,1,Winter
2021-01-06 05:00:00,96.25,0.55,257.32,1,Winter
2021-01-06 06:00:00,113.5,0.78,32.32,1,Winter
2021-01-06 07:00:00,120.75,1.23,39.65,1,Winter
2021-01-06 08:00:00,119.75,0.73,81.62,1,Winter
2021-01-06 09:00:00,94.5,1.08,50.0,1,Winter
2021-01-06 10:00:00,106.0,0.88,66.55,1,Winter
2021-01-06 11:00:00,120.25,0.52,77.72,1,Winter
2021-01-06 12:00:00,129.0,0.35,176.82,1,Winter
2021-01-06 13:00:00,141.25,0.48,196.4,1,Winter
2021-01-06 14:00:00,159.5,0.38,157.8,1,Winter
2021-01-06 15:00:00,151.0,0.48,90.75,1,Winter
2021-01-06 16:00:00,138.5,0.82,260.33,1,Winter
2021-01-06 17:00:00,169.25,0.82,238.92,1,Winter
2021-01-06 18:00:00,185.75,0.88,246.72,1,Winter
2021-01-06 19:00:00,187.0,0.92,254.4,1,Winter
2021-01-06 20:00:00,180.0,0.82,259.38,1,Winter
2021-01-06 21:00:00,162.75,0.73,262.83,1,Winter
2021-01-06 22:00:00,144.25,1.0,286.1,1,Winter
2021-01-06 23:00:00,132.5,1.35,292.12,1,Winter
2021-01-07 00:00:00,121.25,1.27,289.3,1,Winter
2021-01-07 01:00:00,115.0,1.27,291.77,1,Winter
2021-01-07 02:00:00,105.0,1.25,291.3,1,Winter
2021-01-07 03:00:00,110.0,1.18,292.85,1,Winter
2021-01-07 04:00:00,105.75,1.08,283.42,1,Winter
2021-01-07 05:00:00,101.25,1.08,278.48,1,Winter
2021-01-07 06:00:00,101.0,1.1,290.73,1,Winter
2021-01-07 07:00:00,107.75,0.98,280.7,1,Winter
2021-01-07 08:00:00,108.0,0.55,262.65,1,Winter
2021-01-07 09:00:00,100.75,0.75,278.0,1,Winter
2021-01-07 10:00:00,96.75,1.05,287.08,1,Winter
2021-01-07 11:00:00,96.25,1.38,311.92,1,Winter
2021-01-07 12:00:00,97.0,1.38,295.75,1,Winter
2021-01-07 13:00:00,97.0,1.17,296.67,1,Winter
2021-01-07 14:00:00,99.75,1.62,316.52,1,Winter
2021-01-07 15:00:00,107.25,1.55,298.65,1,Winter
2021-01-07 16:00:00,106.25,1.05,283.6,1,Winter
2021-01-07 17:00:00,111.0,0.8,268.48,1,Winter
2021-01-07 18:00:00,127.75,0.6,263.47,1,Winter
2021-01-07 19:00:00,161.5,0.52,258.0,1,Winter
2021-01-07 20:00:00,136.5,0.52,265.45,1,Winter
2021-01-07 21:00:00,130.5,0.4,251.05,1,Winter
2021-01-07 22:00:00,130.5,0.68,253.12,1,Winter
2021-01-07 23:00:00,107.75,0.62,252.5,1,Winter
2021-01-08 00:00:00,78.5,0.38,266.62,1,Winter
2021-01-08 01:00:00,73.5,0.62,252.12,1,Winter
2021-01-08 02:00:00,68.75,0.85,286.12,1,Winter
2021-01-08 03:00:00,61.5,0.5,235.35,1,Winter
2021-01-08 04:00:00,75.25,0.65,192.8,1,Winter
2021-01-08 05:00:00,92.5,0.92,178.78,1,Winter
2021-01-08 06:00:00,89.75,0.7,101.55,1,Winter
2021-01-08 07:00:00,95.25,0.7,58.18,1,Winter
2021-01-08 08:00:00,94.75,0.5,189.35,1,Winter
2021-01-08 09:00:00,100.25,0.75,230.6,1,Winter
2021-01-08 10:00:00,144.25,0.75,264.25,1,Winter
2021-01-08 11:00:00,182.75,0.78,261.65,1,Winter
2021-01-08 12:00:00,152.75,0.9,315.23,1,Winter
2021-01-08 13:00:00,157.25,0.82,294.48,1,Winter
2021-01-08 14:00:00,163.5,1.02,285.92,1,Winter
2021-01-08 15:00:00,162.5,0.85,324.45,1,Winter
2021-01-08 16:00:00,167.25,0.6,267.8,1,Winter
2021-01-08 17:00:00,173.5,0.48,246.32,1,Winter
2021-01-08 18:00:00,166.0,0.5,232.08,1,Winter
2021-01-08 19:00:00,178.25,0.28,236.55,1,Winter
2021-01-08 20:00:00,186.75,0.68,272.32,1,Winter
2021-01-08 21:00:00,173.75,0.7,263.53,1,Winter
2021-01-08 22:00:00,139.0,0.48,264.18,1,Winter
2021-01-08 23:00:00,113.25,0.8,270.08,1,Winter
2021-01-09 00:00:00,96.25,0.77,266.17,1,Winter
2021-01-09 01:00:00,90.25,0.85,278.58,1,Winter
2021-01-09 02:00:00,98.5,0.65,255.98,1,Winter
2021-01-09 03:00:00,101.5,0.65,244.42,1,Winter
2021-01-09 04:00:00,96.75,0.65,246.48,1,Winter
2021-01-09 05:00:00,92.75,0.43,261.23,1,Winter
2021-01-09 06:00:00,89.0,0.57,262.92,1,Winter
2021-01-09 07:00:00,120.75,0.62,259.45,1,Winter
2021-01-09 08:00:00,153.5,0.98,276.47,1,Winter
2021-01-09 09:00:00,126.75,1.42,297.73,1,Winter
2021-01-09 10:00:00,124.75,1.18,298.35,1,Winter
2021-01-09 11:00:00,141.0,1.32,298.32,1,Winter
2021-01-09 12:00:00,166.25,1.23,289.92,1,Winter
2021-01-09 13:00:00,142.5,1.62,303.05,1,Winter
2021-01-09 14:00:00,139.0,1.58,293.02,1,Winter
2021-01-09 15:00:00,128.0,1.6,288.0,1,Winter
2021-01-09 16:00:00,122.0,1.2,285.58,1,Winter
2021-01-09 17:00:00,148.25,1.12,281.88,1,Winter
2021-01-09 18:00:00,154.25,1.05,274.55,1,Winter
2021-01-09 19:00:00,174.25,1.23,275.68,1,Winter
2021-01-09 20:00:00,157.25,1.23,276.18,1,Winter
2021-01-09 21:00:00,147.0,1.4,278.67,1,Winter
2021-01-09 22:00:00,140.5,1.48,282.45,1,Winter
2021-01-09 23:00:00,136.25,1.78,287.2,1,Winter
2021-01-10 00:00:00,125.75,1.55,281.62,1,Winter
2021-01-10 01:00:00,121.0,1.45,277.55,1,Winter
2021-01-10 02:00:00,131.0,1.32,281.8,1,Winter
2021-01-10 03:00:00,137.0,1.32,272.98,1,Winter
2021-01-10 04:00:00,113.5,1.42,276.3,1,Winter
2021-01-10 05:00:00,94.75,1.38,275.5,1,Winter
2021-01-10 06:00:00,89.75,1.3,274.82,1,Winter
2021-01-10 07:00:00,93.25,1.58,278.08,1,Winter
2021-01-10 08:00:00,89.75,1.55,273.85,1,Winter
2021-01-10 09:00:00,97.5,1.42,273.85,1,Winter
2021-01-10 10:00:00,108.25,1.58,282.58,1,Winter
2021-01-10 11:00:00,112.5,1.48,277.18,1,Winter
2021-01-10 12:00:00,97.0,1.62,276.62,1,Winter
2021-01-10 13:00:00,97.25,1.58,272.68,1,Winter
2021-01-10 14:00:00,89.0,1.67,272.15,1,Winter
2021-01-10 15:00:00,90.5,1.5,279.7,1,Winter
2021-01-10 16:00:00,98.0,1.17,272.25,1,Winter
2021-01-10 17:00:00,112.0,0.92,268.52,1,Winter
2021-01-10 18:00:00,135.75,0.72,265.12,1,Winter
2021-01-10 19:00:00,163.5,0.65,261.38,1,Winter
2021-01-10 20:00:00,161.75,0.32,247.68,1,Winter
2021-01-10 21:00:00,143.75,0.3,248.6,1,Winter
2021-01-10 22:00:00,144.75,0.42,248.42,1,Winter
2021-01-10 23:00:00,147.25,0.42,247.2,1,Winter
2021-01-11 00:00:00,164.0,0.62,258.55,1,Winter
2021-01-11 01:00:00,158.75,0.68,264.65,1,Winter
2021-01-11 02:00:00,159.75,0.8,277.2,1,Winter
2021-01-11 03:00:00,147.75,1.23,290.88,1,Winter
2021-01-11 04:00:00,118.5,1.23,285.27,1,Winter
2021-01-11 05:00:00,108.25,1.72,295.5,1,Winter
2021-01-11 06:00:00,116.75,1.48,285.1,1,Winter
2021-01-11 07:00:00,115.0,1.62,275.02,1,Winter
2021-01-11 08:00:00,113.0,1.55,289.6,1,Winter
2021-01-11 09:00:00,86.25,1.72,290.62,1,Winter
2021-01-11 10:00:00,76.5,1.75,299.85,1,Winter
2021-01-11 11:00:00,71.5,1.67,292.02,1,Winter
2021-01-11 12:00:00,69.5,1.6,292.15,1,Winter
2021-01-11 13:00:00,69.25,1.92,304.1,1,Winter
2021-01-11 14:00:00,74.5,1.78,291.82,1,Winter
2021-01-11 15:00:00,77.75,1.55,276.92,1,Winter
2021-01-11 16:00:00,76.5,1.12,276.1,1,Winter
2021-01-11 17:00:00,89.25,0.7,260.68,1,Winter
2021-01-11 18:00:00,116.75,0.8,257.2,1,Winter
2021-01-11 19:00:00,153.5,0.6,254.68,1,Winter
2021-01-11 20:00:00,168.5,0.52,256.38,1,Winter
2021-01-11 21:00:00,191.75,0.57,263.72,1,Winter
2021-01-11 22:00:00,170.0,0.75,273.95,1,Winter
2021-01-11 23:00:00,177.0,0.65,262.7,1,Winter
2021-01-12 00:00:00,169.25,0.72,262.95,1,Winter
2021-01-12 01:00:00,160.5,0.52,258.9,1,Winter
2021-01-12 02:00:00,152.0,0.65,267.88,1,Winter
2021-01-12 03:00:00,155.0,0.7,265.48,1,Winter
2021-01-12 04:00:00,140.25,0.85,272.45,1,Winter
2021-01-12 05:00:00,121.75,0.98,276.95,1,Winter
2021-01-12 06:00:00,120.5,0.8,279.23,1,Winter
2021-01-12 07:00:00,128.5,0.7,240.52,1,Winter
2021-01-12 08:00:00,128.5,0.85,248.0,1,Winter
2021-01-12 09:00:00,124.0,0.78,252.28,1,Winter
2021-01-12 10:00:00,133.25,0.73,258.15,1,Winter
2021-01-12 11:00:00,137.75,0.92,258.23,1,Winter
2021-01-12 12:00:00,114.25,1.35,274.9,1,Winter
2021-01-12 13:00:00,119.5,1.5,283.77,1,Winter
2021-01-12 14:00:00,121.0,1.23,270.48,1,Winter
2021-01-12 15:00:00,113.75,1.08,277.42,1,Winter
2021-01-12 16:00:00,128.75,0.88,259.1,1,Winter
2021-01-12 17:00:00,167.25,0.4,226.02,1,Winter
2021-01-12 18:00:00,215.5,0.38,272.62,1,Winter
2021-01-12 19:00:00,282.25,0.72,267.3,1,Winter
2021-01-12 20:00:00,289.25,0.57,249.1,1,Winter
2021-01-12 21:00:00,265.75,0.52,152.12,1,Winter
2021-01-12 22:00:00,272.75,0.6,41.5,1,Winter
2021-01-12 23:00:00,256.5,1.2,20.02,1,Winter
2021-01-13 00:00:00,212.5,1.23,20.52,1,Winter
2021-01-13 01:00:00,189.0,1.33,24.7,1,Winter
2021-01-13 02:00:00,188.0,0.45,86.05,1,Winter
2021-01-13 03:00:00,207.5,0.3,165.98,1,Winter
2021-01-13 04:00:00,163.5,0.45,227.82,1,Winter
2021-01-13 05:00:00,166.25,0.38,234.35,1,Winter
2021-01-13 06:00:00,200.25,0.48,232.85,1,Winter
2021-01-13 07:00:00,201.0,0.43,243.55,1,Winter
2021-01-13 08:00:00,235.75,0.5,234.08,1,Winter
2021-01-13 09:00:00,166.75,0.62,246.1,1,Winter
2021-01-13 10:00:00,137.25,0.73,226.05,1,Winter
2021-01-13 11:00:00,159.0,0.98,281.78,1,Winter
2021-01-13 12:00:00,191.25,0.9,277.8,1,Winter
2021-01-13 13:00:00,208.5,1.02,271.28,1,Winter
2021-01-13 14:00:00,209.5,1.08,259.4,1,Winter
2021-01-13 15:00:00,188.5,1.15,290.25,1,Winter
2021-01-13 16:00:00,158.0,0.92,280.62,1,Winter
2021-01-13 17:00:00,177.25,0.62,270.48,1,Winter
2021-01-13 18:00:00,232.25,0.75,290.47,1,Winter
2021-01-13 19:00:00,270.5,0.35,212.58,1,Winter
2021-01-13 20:00:00,323.5,0.45,113.9,1,Winter
2021-01-13 21:00:00,306.75,0.38,101.82,1,Winter
2021-01-13 22:00:00,304.25,0.35,107.1,1,Winter
2021-01-13 23:00:00,295.0,0.4,95.6,1,Winter
2021-01-14 00:00:00,279.0,0.25,123.0,1,Winter
2021-01-14 01:00:00,261.75,0.32,109.58,1,Winter
2021-01-14 02:00:00,237.5,0.52,89.88,1,Winter
2021-01-14 03:00:00,201.25,0.38,117.42,1,Winter
2021-01-14 04:00:00,161.5,0.38,103.12,1,Winter
2021-01-14 05:00:00,138.75,0.45,215.95,1,Winter
2021-01-14 06:00:00,134.5,0.38,163.52,1,Winter
2021-01-14 07:00:00,126.75,1.02,32.72,1,Winter
2021-01-14 08:00:00,132.0,0.52,79.47,1,Winter
2021-01-14 09:00:00,129.5,0.85,48.02,1,Winter
2021-01-14 10:00:00,168.5,0.75,102.55,1,Winter
2021-01-14 11:00:00,236.0,0.75,15.42,1,Winter
2021-01-14 12:00:00,282.75,0.88,22.02,1,Winter
2021-01-14 13:00:00,372.75,1.23,334.45,1,Winter
2021-01-14 14:00:00,455.5,0.9,16.88,1,Winter
2021-01-14 15:00:00,419.0,1.1,30.3,1,Winter
2021-01-14 16:00:00,385.5,0.82,97.08,1,Winter
2021-01-14 17:00:00,344.0,0.68,184.25,1,Winter
2021-01-14 18:00:00,326.0,0.62,345.7,1,Winter
2021-01-14 19:00:00,426.5,0.8,338.75,1,Winter
2021-01-14 20:00:00,530.75,0.42,252.78,1,Winter
2021-01-14 21:00:00,501.75,0.28,146.27,1,Winter
2021-01-14 22:00:00,476.5,0.3,178.95,1,Winter
2021-01-14 23:00:00,433.0,0.3,158.6,1,Winter
2021-01-15 00:00:00,394.75,0.22,136.65,1,Winter
2021-01-15 01:00:00,350.25,0.32,73.12,1,Winter
2021-01-15 02:00:00,397.75,0.2,148.43,1,Winter
2021-01-15 03:00:00,385.75,0.2,98.07,1,Winter
2021-01-15 04:00:00,341.75,0.32,177.68,1,Winter
2021-01-15 05:00:00,277.0,0.3,184.5,1,Winter
2021-01-15 06:00:00,251.75,0.3,194.08,1,Winter
2021-01-15 07:00:00,239.25,0.4,201.95,1,Winter
2021-01-15 08:00:00,254.0,0.48,136.6,1,Winter
2021-01-15 09:00:00,295.75,0.65,84.48,1,Winter
2021-01-15 10:00:00,289.0,0.78,41.98,1,Winter
2021-01-15 11:00:00,296.0,0.75,51.53,1,Winter
2021-01-15 12:00:00,382.75,0.6,38.97,1,Winter
2021-01-15 13:00:00,419.25,0.52,300.72,1,Winter
2021-01-15 14:00:00,427.0,0.6,118.85,1,Winter
2021-01-15 15:00:00,432.75,0.48,116.48,1,Winter
2021-01-15 16:00:00,422.75,0.38,272.27,1,Winter
2021-01-15 17:00:00,463.25,0.65,309.8,1,Winter
2021-01-15 18:00:00,526.25,0.6,307.8,1,Winter
2021-01-15 19:00:00,596.75,1.12,319.15,1,Winter
2021-01-15 20:00:00,611.75,0.98,324.52,1,Winter
2021-01-15 21:00:00,530.75,0.95,313.83,1,Winter
2021-01-15 22:00:00,392.75,0.62,238.48,1,Winter
2021-01-15 23:00:00,304.75,0.65,266.55,1,Winter
2021-01-16 00:00:00,237.75,0.68,250.62,1,Winter
2021-01-16 01:00:00,198.25,0.57,223.08,1,Winter
2021-01-16 02:00:00,185.75,0.6,219.88,1,Winter
2021-01-16 03:00:00,169.25,0.48,222.08,1,Winter
2021-01-16 04:00:00,155.0,0.52,255.55,1,Winter
2021-01-16 05:00:00,142.75,0.7,300.0,1,Winter
2021-01-16 06:00:00,129.5,0.72,286.98,1,Winter
2021-01-16 07:00:00,129.25,0.65,260.0,1,Winter
2021-01-16 08:00:00,155.25,0.68,265.58,1,Winter
2021-01-16 09:00:00,142.0,0.8,279.15,1,Winter
2021-01-16 10:00:00,147.5,0.7,298.4,1,Winter
2021-01-16 11:00:00,161.0,0.78,266.1,1,Winter
2021-01-16 12:00:00,182.0,1.0,275.58,1,Winter
2021-01-16 13:00:00,194.75,1.2,290.47,1,Winter
2021-01-16 14:00:00,197.5,1.18,293.98,1,Winter
2021-01-16 15:00:00,172.25,1.05,286.12,1,Winter
2021-01-16 16:00:00,172.5,1.2,284.45,1,Winter
2021-01-16 17:00:00,174.5,0.75,266.05,1,Winter
2021-01-16 18:00:00,196.25,1.0,276.23,1,Winter
2021-01-16 19:00:00,279.0,0.75,262.05,1,Winter
2021-01-16 20:00:00,376.5,0.62,274.68,1,Winter
2021-01-16 21:00:00,232.5,0.88,178.15,1,Winter
2021-01-16 22:00:00,225.0,0.7,328.6,1,Winter
2021-01-16 23:00:00,155.25,0.5,267.15,1,Winter
2021-01-17 00:00:00,133.25,0.65,236.78,1,Winter
2021-01-17 01:00:00,136.0,0.8,181.3,1,Winter
2021-01-17 02:00:00,154.5,0.92,23.25,1,Winter
2021-01-17 03:00:00,130.0,1.02,40.95,1,Winter
2021-01-17 04:00:00,103.25,0.77,54.7,1,Winter
2021-01-17 05:00:00,94.25,1.18,60.5,1,Winter
2021-01-17 06:00:00,94.5,1.55,58.45,1,Winter
2021-01-17 07:00:00,104.5,1.45,65.97,1,Winter
2021-01-17 08:00:00,116.5,1.3,73.3,1,Winter
2021-01-17 09:00:00,134.25,1.88,63.88,1,Winter
2021-01-17 10:00:00,172.75,1.65,64.28,1,Winter
2021-01-17 11:00:00,275.25,1.75,68.58,1,Winter
2021-01-17 12:00:00,337.25,1.42,82.52,1,Winter
2021-01-17 13:00:00,285.75,1.12,82.38,1,Winter
2021-01-17 14:00:00,256.5,1.45,76.57,1,Winter
2021-01-17 15:00:00,266.75,1.4,74.0,1,Winter
2021-01-17 16:00:00,286.5,1.55,69.32,1,Winter
2021-01-17 17:00:00,295.0,1.95,59.95,1,Winter
2021-01-17 18:00:00,296.0,1.82,64.72,1,Winter
2021-01-17 19:00:00,276.75,1.55,69.35,1,Winter
2021-01-17 20:00:00,235.0,1.6,71.22,1,Winter
2021-01-17 21:00:00,224.75,1.55,69.15,1,Winter
2021-01-17 22:00:00,214.25,1.12,77.18,1,Winter
2021-01-17 23:00:00,221.5,1.38,66.82,1,Winter
2021-01-18 00:00:00,222.0,1.42,66.0,1,Winter
2021-01-18 01:00:00,218.25,1.27,68.22,1,Winter
2021-01-18 02:00:00,217.75,1.4,56.55,1,Winter
2021-01-18 03:00:00,219.25,1.32,69.7,1,Winter
2021-01-18 04:00:00,210.5,1.1,64.92,1,Winter
2021-01-18 05:00:00,212.75,1.0,59.9,1,Winter
2021-01-18 06:00:00,193.5,1.38,59.18,1,Winter
2021-01-18 07:00:00,180.0,0.92,71.18,1,Winter
2021-01-18 08:00:00,175.5,1.05,66.43,1,Winter
2021-01-18 09:00:00,193.5,1.2,74.65,1,Winter
2021-01-18 10:00:00,220.25,1.25,62.45,1,Winter
2021-01-18 11:00:00,266.0,1.18,59.82,1,Winter
2021-01-18 12:00:00,278.0,1.0,63.6,1,Winter
2021-01-18 13:00:00,247.75,0.9,74.38,1,Winter
2021-01-18 14:00:00,204.75,1.0,77.3,1,Winter
2021-01-18 15:00:00,186.0,0.9,24.12,1,Winter
2021-01-18 16:00:00,186.75,0.9,28.55,1,Winter
2021-01-18 17:00:00,180.75,0.75,49.75,1,Winter
2021-01-18 18:00:00,186.5,0.45,51.45,1,Winter
2021-01-18 19:00:00,292.0,0.45,54.5,1,Winter
2021-01-18 20:00:00,347.75,0.28,262.27,1,Winter
2021-01-18 21:00:00,398.5,0.35,257.52,1,Winter
2021-01-18 22:00:00,432.75,0.65,291.38,1,Winter
2021-01-18 23:00:00,415.75,0.52,289.97,1,Winter
2021-01-19 00:00:00,313.0,0.28,196.45,1,Winter
2021-01-19 01:00:00,313.0,0.22,205.88,1,Winter
2021-01-19 02:00:00,263.5,0.52,235.8,1,Winter
2021-01-19 03:00:00,247.0,0.38,226.78,1,Winter
2021-01-19 04:00:00,239.75,0.35,234.65,1,Winter
2021-01-19 05:00:00,255.75,0.38,251.08,1,Winter
2021-01-19 06:00:00,265.75,0.62,258.18,1,Winter
2021-01-19 07:00:00,190.25,0.7,261.1,1,Winter
2021-01-19 08:00:00,157.75,0.78,258.08,1,Winter
2021-01-19 09:00:00,137.75,0.92,253.25,1,Winter
2021-01-19 10:00:00,143.25,0.95,257.52,1,Winter
2021-01-19 11:00:00,170.5,1.15,266.8,1,Winter
2021-01-19 12:00:00,165.5,1.62,277.05,1,Winter
2021-01-19 13:00:00,154.0,1.62,280.4,1,Winter
2021-01-19 14:00:00,148.5,1.52,274.15,1,Winter
2021-01-19 15:00:00,138.25,1.42,262.48,1,Winter
2021-01-19 16:00:00,145.0,1.12,247.98,1,Winter
2021-01-19 17:00:00,180.25,1.08,240.52,1,Winter
2021-01-19 18:00:00,157.75,1.12,247.32,1,Winter
2021-01-19 19:00:00,174.0,1.3,257.5,1,Winter
2021-01-19 20:00:00,159.5,1.15,249.85,1,Winter
2021-01-19 21:00:00,149.75,1.1,257.55,1,Winter
2021-01-19 22:00:00,146.75,1.18,262.27,1,Winter
2021-01-19 23:00:00,156.0,1.22,272.15,1,Winter
2021-01-20 00:00:00,144.5,1.12,262.88,1,Winter
2021-01-20 01:00:00,129.25,1.05,256.23,1,Winter
2021-01-20 02:00:00,132.75,1.23,268.68,1,Winter
2021-01-20 03:00:00,130.25,1.15,270.47,1,Winter
2021-01-20 04:00:00,119.5,1.15,268.1,1,Winter
2021-01-20 05:00:00,107.0,1.12,253.95,1,Winter
2021-01-20 06:00:00,122.25,1.03,260.3,1,Winter
2021-01-20 07:00:00,127.5,1.25,262.25,1,Winter
2021-01-20 08:00:00,113.0,1.32,277.52,1,Winter
2021-01-20 09:00:00,108.0,1.2,270.3,1,Winter
2021-01-20 10:00:00,103.25,1.1,260.68,1,Winter
2021-01-20 11:00:00,108.75,1.25,271.75,1,Winter
2021-01-20 12:00:00,112.25,1.42,266.6,1,Winter
2021-01-20 13:00:00,108.25,1.4,257.02,1,Winter
2021-01-20 14:00:00,108.75,1.48,264.45,1,Winter
2021-01-20 15:00:00,103.75,1.08,247.28,1,Winter
2021-01-20 16:00:00,119.25,1.27,246.72,1,Winter
2021-01-20 17:00:00,123.5,1.0,247.35,1,Winter
2021-01-20 18:00:00,128.25,1.12,253.1,1,Winter
2021-01-20 19:00:00,142.25,1.12,259.6,1,Winter
2021-01-20 20:00:00,159.75,0.88,266.98,1,Winter
2021-01-20 21:00:00,178.0,1.05,270.45,1,Winter
2021-01-20 22:00:00,187.25,1.18,278.9,1,Winter
2021-01-20 23:00:00,171.5,1.12,276.9,1,Winter
2021-01-21 00:00:00,146.5,1.27,274.17,1,Winter
2021-01-21 01:00:00,136.75,1.4,272.12,1,Winter
2021-01-21 02:00:00,136.25,1.27,272.12,1,Winter
2021-01-21 03:00:00,155.0,1.27,274.62,1,Winter
2021-01-21 04:00:00,152.5,1.0,273.2,1,Winter
2021-01-21 05:00:00,140.5,1.25,267.12,1,Winter
2021-01-21 06:00:00,135.5,1.08,270.2,1,Winter
2021-01-21 07:00:00,156.5,0.98,261.77,1,Winter
2021-01-21 08:00:00,140.5,1.15,256.82,1,Winter
2021-01-21 09:00:00,133.5,1.17,249.52,1,Winter
2021-01-21 10:00:00,133.0,1.58,255.88,1,Winter
2021-01-21 11:00:00,123.75,1.42,259.58,1,Winter
2021-01-21 12:00:00,107.0,1.98,280.33,1,Winter
2021-01-21 13:00:00,83.75,1.88,276.98,1,Winter
2021-01-21 14:00:00,73.5,2.07,278.12,1,Winter
2021-01-21 15:00:00,62.75,1.7,272.15,1,Winter
2021-01-21 16:00:00,64.0,1.1,266.05,1,Winter
2021-01-21 17:00:00,74.75,0.5,240.22,1,Winter
2021-01-21 18:00:00,100.5,0.35,229.42,1,Winter
2021-01-21 19:00:00,156.75,0.32,142.0,1,Winter
2021-01-21 20:00:00,235.0,0.15,160.32,1,Winter
2021-01-21 21:00:00,266.5,0.3,109.08,1,Winter
2021-01-21 22:00:00,252.5,0.3,164.1,1,Winter
2021-01-21 23:00:00,277.0,0.22,242.92,1,Winter
2021-01-22 00:00:00,265.5,0.28,119.45,1,Winter
2021-01-22 01:00:00,242.75,0.3,143.88,1,Winter
2021-01-22 02:00:00,252.25,0.62,79.6,1,Winter
2021-01-22 03:00:00,263.0,0.62,85.9,1,Winter
2021-01-22 04:00:00,281.25,0.68,92.58,1,Winter
2021-01-22 05:00:00,265.75,1.28,49.85,1,Winter
2021-01-22 06:00:00,225.0,1.55,45.92,1,Winter
2021-01-22 07:00:00,157.0,1.28,66.15,1,Winter
2021-01-22 08:00:00,125.25,1.25,73.55,1,Winter
2021-01-22 09:00:00,127.25,1.42,70.22,1,Winter
2021-01-22 10:00:00,135.25,1.7,66.1,1,Winter
2021-01-22 11:00:00,180.5,1.8,62.95,1,Winter
2021-01-22 12:00:00,205.25,1.88,54.48,1,Winter
2021-01-22 13:00:00,232.25,2.03,58.82,1,Winter
2021-01-22 14:00:00,243.5,2.02,57.18,1,Winter
2021-01-22 15:00:00,256.75,1.7,61.8,1,Winter
2021-01-22 16:00:00,256.0,1.55,63.92,1,Winter
2021-01-22 17:00:00,253.25,1.7,62.55,1,Winter
2021-01-22 18:00:00,240.75,1.35,74.72,1,Winter
2021-01-22 19:00:00,232.0,1.75,64.95,1,Winter
2021-01-22 20:00:00,245.0,1.75,67.9,1,Winter
2021-01-22 21:00:00,248.75,1.65,65.47,1,Winter
2021-01-22 22:00:00,237.25,1.5,70.4,1,Winter
2021-01-22 23:00:00,192.75,1.65,66.85,1,Winter
2021-01-23 00:00:00,184.25,1.42,68.15,1,Winter
2021-01-23 01:00:00,176.25,1.27,71.45,1,Winter
2021-01-23 02:00:00,136.25,1.18,74.53,1,Winter
2021-01-23 03:00:00,119.25,1.25,75.82,1,Winter
2021-01-23 04:00:00,109.75,1.58,69.92,1,Winter
2021-01-23 05:00:00,110.0,1.12,73.88,1,Winter
2021-01-23 06:00:00,132.0,0.9,80.5,1,Winter
2021-01-23 07:00:00,154.0,0.65,106.72,1,Winter
2021-01-23 08:00:00,126.0,1.02,81.3,1,Winter
2021-01-23 09:00:00,126.25,1.1,91.95,1,Winter
2021-01-23 10:00:00,171.25,1.05,102.6,1,Winter
2021-01-23 11:00:00,186.5,1.1,93.9,1,Winter
2021-01-23 12:00:00,157.5,1.15,92.05,1,Winter
2021-01-23 13:00:00,152.25,1.28,119.05,1,Winter
2021-01-23 14:00:00,134.75,1.33,116.72,1,Winter
2021-01-23 15:00:00,113.75,1.25,132.52,1,Winter
2021-01-23 16:00:00,113.25,0.9,129.1,1,Winter
2021-01-23 17:00:00,134.75,0.48,128.3,1,Winter
2021-01-23 18:00:00,152.0,0.45,126.85,1,Winter
2021-01-23 19:00:00,183.25,0.62,133.75,1,Winter
2021-01-23 20:00:00,207.75,0.25,172.62,1,Winter
2021-01-23 21:00:00,249.0,0.32,148.45,1,Winter
2021-01-23 22:00:00,256.0,0.15,173.0,1,Winter
2021-01-23 23:00:00,221.5,0.35,225.92,1,Winter
2021-01-24 00:00:00,218.5,0.88,303.02,1,Winter
2021-01-24 01:00:00,224.5,0.48,255.95,1,Winter
2021-01-24 02:00:00,225.5,0.28,152.07,1,Winter
2021-01-24 03:00:00,211.0,0.28,174.82,1,Winter
2021-01-24 04:00:00,197.0,0.48,223.65,1,Winter
2021-01-24 05:00:00,198.5,0.7,259.45,1,Winter
2021-01-24 06:00:00,209.25,0.68,259.8,1,Winter
2021-01-24 07:00:00,170.5,0.55,264.75,1,Winter
2021-01-24 08:00:00,163.5,1.15,286.75,1,Winter
2021-01-24 09:00:00,172.0,0.92,268.2,1,Winter
2021-01-24 10:00:00,167.75,1.1,279.45,1,Winter
2021-01-24 11:00:00,176.75,1.3,272.9,1,Winter
2021-01-24 12:00:00,194.0,1.27,277.88,1,Winter
2021-01-24 13:00:00,213.5,1.1,275.68,1,Winter
2021-01-24 14:00:00,219.25,1.12,273.45,1,Winter
2021-01-24 15:00:00,214.5,1.18,296.58,1,Winter
2021-01-24 16:00:00,189.5,0.78,277.08,1,Winter
2021-01-24 17:00:00,187.75,1.0,280.88,1,Winter
2021-01-24 18:00:00,184.75,1.12,312.05,1,Winter
2021-01-24 19:00:00,209.0,0.85,278.3,1,Winter
2021-01-24 20:00:00,213.0,0.55,254.65,1,Winter
2021-01-24 21:00:00,186.0,1.0,282.58,1,Winter
2021-01-24 22:00:00,170.0,0.88,285.0,1,Winter
2021-01-24 23:00:00,143.5,0.78,251.25,1,Winter
2021-01-25 00:00:00,126.25,0.78,249.8,1,Winter
2021-01-25 01:00:00,122.0,0.8,258.7,1,Winter
2021-01-25 02:00:00,114.75,1.32,286.92,1,Winter
2021-01-25 03:00:00,110.0,1.27,289.72,1,Winter
2021-01-25 04:00:00,107.25,1.25,294.3,1,Winter
2021-01-25 05:00:00,109.5,1.0,295.4,1,Winter
2021-01-25 06:00:00,113.75,1.08,303.33,1,Winter
2021-01-25 07:00:00,110.0,1.1,301.05,1,Winter
2021-01-25 08:00:00,100.5,0.95,304.9,1,Winter
2021-01-25 09:00:00,98.5,0.92,291.17,1,Winter
2021-01-25 10:00:00,95.75,1.0,276.2,1,Winter
2021-01-25 11:00:00,95.75,1.2,293.45,1,Winter
2021-01-25 12:00:00,106.5,0.92,319.5,1,Winter
2021-01-25 13:00:00,109.5,1.12,296.9,1,Winter
2021-01-25 14:00:00,120.0,0.73,284.23,1,Winter
2021-01-25 15:00:00,109.0,1.05,280.5,1,Winter
2021-01-25 16:00:00,99.25,1.22,289.8,1,Winter
2021-01-25 17:00:00,95.25,0.7,259.7,1,Winter
2021-01-25 18:00:00,151.75,0.25,185.12,1,Winter
2021-01-25 19:00:00,248.5,0.25,206.52,1,Winter
2021-01-25 20:00:00,230.5,0.18,224.88,1,Winter
2021-01-25 21:00:00,233.5,0.18,174.6,1,Winter
2021-01-25 22:00:00,202.0,0.15,127.3,1,Winter
2021-01-25 23:00:00,200.0,0.18,173.0,1,Winter
2021-01-26 00:00:00,195.75,0.2,118.68,1,Winter
2021-01-26 01:00:00,203.25,0.25,198.95,1,Winter
2021-01-26 02:00:00,206.25,0.4,269.2,1,Winter
2021-01-26 03:00:00,196.75,0.48,262.75,1,Winter
2021-01-26 04:00:00,203.25,0.62,271.35,1,Winter
2021-01-26 05:00:00,204.5,0.43,259.88,1,Winter
2021-01-26 06:00:00,190.75,0.12,209.95,1,Winter
2021-01-26 07:00:00,179.5,0.45,207.12,1,Winter
2021-01-26 08:00:00,201.75,0.6,228.52,1,Winter
2021-01-26 09:00:00,189.75,0.8,239.12,1,Winter
2021-01-26 10:00:00,150.5,0.52,232.5,1,Winter
2021-01-26 11:00:00,128.0,0.7,281.23,1,Winter
2021-01-26 12:00:00,114.25,0.95,290.9,1,Winter
2021-01-26 13:00:00,123.5,1.72,306.55,1,Winter
2021-01-26 14:00:00,110.0,1.35,282.3,1,Winter
2021-01-26 15:00:00,97.75,1.35,287.98,1,Winter
2021-01-26 16:00:00,87.25,1.12,287.33,1,Winter
2021-01-26 17:00:00,89.0,0.6,273.48,1,Winter
2021-01-26 18:00:00,127.75,0.4,283.12,1,Winter
2021-01-26 19:00:00,210.75,0.2,222.45,1,Winter
2021-01-26 20:00:00,222.5,0.45,278.98,1,Winter
2021-01-26 21:00:00,219.5,0.55,275.78,1,Winter
2021-01-26 22:00:00,181.75,0.52,260.32,1,Winter
2021-01-26 23:00:00,186.0,0.57,259.12,1,Winter
2021-01-27 00:00:00,175.5,0.7,261.05,1,Winter
2021-01-27 01:00:00,179.5,0.78,268.47,1,Winter
2021-01-27 02:00:00,179.25,0.72,264.4,1,Winter
2021-01-27 03:00:00,182.25,0.72,261.08,1,Winter
2021-01-27 04:00:00,182.0,0.77,270.6,1,Winter
2021-01-27 05:00:00,188.5,0.62,271.77,1,Winter
2021-01-27 06:00:00,196.25,0.3,216.98,1,Winter
2021-01-27 07:00:00,223.5,0.48,217.88,1,Winter
2021-01-27 08:00:00,237.25,0.7,233.92,1,Winter
2021-01-27 09:00:00,195.75,0.8,253.42,1,Winter
2021-01-27 10:00:00,177.25,1.08,272.4,1,Winter
2021-01-27 11:00:00,168.5,1.65,302.38,1,Winter
2021-01-27 12:00:00,127.5,1.48,292.42,1,Winter
2021-01-27 13:00:00,86.25,1.7,292.23,1,Winter
2021-01-27 14:00:00,70.5,1.7,297.12,1,Winter
2021-01-27 15:00:00,56.75,1.62,284.88,1,Winter
2021-01-27 16:00:00,55.25,1.25,283.1,1,Winter
2021-01-27 17:00:00,53.0,0.22,265.0,1,Winter
2021-01-27 18:00:00,107.75,0.3,299.5,1,Winter
2021-01-27 19:00:00,232.5,0.45,282.73,1,Winter
2021-01-27 20:00:00,280.5,0.52,253.45,1,Winter
2021-01-27 21:00:00,299.25,0.7,258.5,1,Winter
2021-01-27 22:00:00,229.25,0.8,261.1,1,Winter
2021-01-27 23:00:00,210.25,1.02,281.85,1,Winter
2021-01-28 00:00:00,193.5,0.9,101.8,1,Winter
2021-01-28 01:00:00,185.25,0.28,121.68,1,Winter
2021-01-28 02:00:00,187.0,0.3,145.12,1,Winter
2021-01-28 03:00:00,197.0,0.3,164.75,1,Winter
2021-01-28 04:00:00,189.0,0.2,147.8,1,Winter
2021-01-28 05:00:00,182.0,0.35,198.82,1,Winter
2021-01-28 06:00:00,187.5,0.45,244.2,1,Winter
2021-01-28 07:00:00,231.5,0.6,271.48,1,Winter
2021-01-28 08:00:00,301.0,0.7,247.5,1,Winter
2021-01-28 09:00:00,340.0,0.58,213.28,1,Winter
2021-01-28 10:00:00,324.75,0.9,74.72,1,Winter
2021-01-28 11:00:00,305.75,1.55,26.95,1,Winter
2021-01-28 12:00:00,293.5,1.25,22.25,1,Winter
2021-01-28 13:00:00,245.75,1.02,30.72,1,Winter
2021-01-28 14:00:00,208.75,0.8,24.48,1,Winter
2021-01-28 15:00:00,218.25,1.2,20.9,1,Winter
2021-01-28 16:00:00,232.25,0.88,109.22,1,Winter
2021-01-28 17:00:00,268.5,0.8,33.88,1,Winter
2021-01-28 18:00:00,292.0,0.82,268.05,1,Winter
2021-01-28 19:00:00,311.0,0.68,153.33,1,Winter
2021-01-28 20:00:00,331.75,0.28,200.25,1,Winter
2021-01-28 21:00:00,401.0,0.4,220.15,1,Winter
2021-01-28 22:00:00,355.0,0.3,190.15,1,Winter
2021-01-28 23:00:00,307.75,0.35,207.38,1,Winter
2021-01-29 00:00:00,279.25,0.62,245.8,1,Winter
2021-01-29 01:00:00,253.5,0.68,264.55,1,Winter
2021-01-29 02:00:00,208.75,0.38,263.62,1,Winter
2021-01-29 03:00:00,195.75,0.7,248.28,1,Winter
2021-01-29 04:00:00,160.5,0.45,259.88,1,Winter
2021-01-29 05:00:00,140.75,0.43,250.7,1,Winter
2021-01-29 06:00:00,150.75,0.35,244.35,1,Winter
2021-01-29 07:00:00,154.75,0.55,242.98,1,Winter
2021-01-29 08:00:00,151.0,0.38,257.95,1,Winter
2021-01-29 09:00:00,182.33333333333331,0.82,266.05,1,Winter
2021-01-29 10:00:00,213.66666666666663,0.75,270.35,1,Winter
2021-01-29 11:00:00,245.0,1.27,286.17,1,Winter
2021-01-29 12:00:00,231.25,1.65,290.92,1,Winter
2021-01-29 13:00:00,175.75,1.62,284.6,1,Winter
2021-01-29 14:00:00,126.25,2.1,298.98,1,Winter
2021-01-29 15:00:00,100.75,2.17,298.6,1,Winter
2021-01-29 16:00:00,81.75,1.68,295.05,1,Winter
2021-01-29 17:00:00,81.5,0.85,266.42,1,Winter
2021-01-29 18:00:00,134.25,0.62,271.38,1,Winter
2021-01-29 19:00:00,220.25,0.8,275.62,1,Winter
2021-01-29 20:00:00,247.75,0.92,280.6,1,Winter
2021-01-29 21:00:00,229.5,1.02,276.12,1,Winter
2021-01-29 22:00:00,263.75,0.95,271.08,1,Winter
2021-01-29 23:00:00,196.5,1.02,272.1,1,Winter
2021-01-30 00:00:00,184.25,1.23,273.35,1,Winter
2021-01-30 01:00:00,176.25,0.98,270.12,1,Winter
2021-01-30 02:00:00,166.5,0.85,275.65,1,Winter
2021-01-30 03:00:00,162.5,0.85,276.7,1,Winter
2021-01-30 04:00:00,160.25,0.82,277.58,1,Winter
2021-01-30 05:00:00,166.25,0.65,266.95,1,Winter
2021-01-30 06:00:00,245.75,0.43,224.45,1,Winter
2021-01-30 07:00:00,302.75,0.57,224.95,1,Winter
2021-01-30 08:00:00,226.5,0.9,238.05,1,Winter
2021-01-30 09:00:00,235.5,1.0,246.77,1,Winter
2021-01-30 10:00:00,238.25,0.85,262.9,1,Winter
2021-01-30 11:00:00,216.5,1.17,276.55,1,Winter
2021-01-30 12:00:00,155.5,1.4,265.08,1,Winter
2021-01-30 13:00:00,105.5,1.8,278.8,1,Winter
2021-01-30 14:00:00,85.0,1.85,280.45,1,Winter
2021-01-30 15:00:00,79.5,1.68,284.08,1,Winter
2021-01-30 16:00:00,83.5,1.15,271.45,1,Winter
2021-01-30 17:00:00,93.5,0.48,270.32,1,Winter
2021-01-30 18:00:00,124.0,0.1,201.18,1,Winter
2021-01-30 19:00:00,266.0,0.12,57.82,1,Winter
2021-01-30 20:00:00,324.0,0.2,261.0,1,Winter
2021-01-30 21:00:00,319.5,0.57,291.7,1,Winter
2021-01-30 22:00:00,351.5,0.32,223.15,1,Winter
2021-01-30 23:00:00,316.5,0.15,191.6,1,Winter
2021-01-31 00:00:00,293.0,0.55,261.55,1,Winter
2021-01-31 01:00:00,277.0,0.32,193.82,1,Winter
2021-01-31 02:00:00,267.0,0.32,205.45,1,Winter
2021-01-31 03:00:00,248.5,0.5,238.05,1,Winter
2021-01-31 04:00:00,239.0,0.38,252.9,1,Winter
2021-01-31 05:00:00,259.5,0.25,211.52,1,Winter
2021-01-31 06:00:00,371.0,0.32,230.65,1,Winter
2021-01-31 07:00:00,472.0,0.32,236.75,1,Winter
2021-01-31 08:00:00,408.0,0.57,237.38,1,Winter
2021-01-31 09:00:00,283.5,0.7,229.92,1,Winter
2021-01-31 10:00:00,189.5,0.62,257.7,1,Winter
2021-01-31 11:00:00,128.5,0.4,253.47,1,Winter
2021-01-31 12:00:00,115.0,0.95,249.48,1,Winter
2021-01-31 13:00:00,101.5,0.85,264.58,1,Winter
2021-01-31 14:00:00,80.0,0.72,269.12,1,Winter
2021-01-31 15:00:00,74.5,0.95,252.38,1,Winter
2021-01-31 16:00:00,71.0,0.8,267.18,1,Winter
2021-01-31 17:00:00,94.5,0.75,293.58,1,Winter
2021-01-31 18:00:00,194.0,0.6,145.07,1,Winter
2021-01-31 19:00:00,298.0,0.6,41.22,1,Winter
2021-01-31 20:00:00,296.0,0.62,81.92,1,Winter
2021-01-31 21:00:00,247.5,0.85,65.4,1,Winter
2021-01-31 22:00:00,229.5,0.78,48.7,1,Winter
2021-01-31 23:00:00,233.0,0.8,22.45,1,Winter
2021-02-01 00:00:00,237.5,0.6,34.53,2,Winter
2021-02-01 01:00:00,243.0,0.8,26.05,2,Winter
2021-02-01 02:00:00,238.5,0.92,24.48,2,Winter
2021-02-01 03:00:00,246.0,0.8,34.0,2,Winter
2021-02-01 04:00:00,250.5,0.38,79.78,2,Winter
2021-02-01 05:00:00,287.0,0.38,112.48,2,Winter
2021-02-01 06:00:00,325.5,0.3,123.07,2,Winter
2021-02-01 07:00:00,337.5,0.22,148.35,2,Winter
2021-02-01 08:00:00,351.0,0.7,106.85,2,Winter
2021-02-01 09:00:00,397.5,0.8,34.88,2,Winter
2021-02-01 10:00:00,349.0,0.28,209.9,2,Winter
2021-02-01 11:00:00,233.5,0.7,136.07,2,Winter
2021-02-01 12:00:00,200.5,0.38,272.23,2,Winter
2021-02-01 13:00:00,166.5,0.78,276.98,2,Winter
2021-02-01 14:00:00,168.0,1.3,297.62,2,Winter
2021-02-01 15:00:00,161.5,1.27,302.38,2,Winter
2021-02-01 16:00:00,150.5,1.4,303.38,2,Winter
2021-02-01 17:00:00,166.0,1.2,308.08,2,Winter
2021-02-01 18:00:00,174.0,1.0,303.88,2,Winter
2021-02-01 19:00:00,280.0,1.0,307.32,2,Winter
2021-02-01 20:00:00,337.5,1.0,321.23,2,Winter
2021-02-01 21:00:00,277.5,0.28,166.45,2,Winter
2021-02-01 22:00:00,281.0,0.22,115.52,2,Winter
2021-02-01 23:00:00,309.5,0.22,131.7,2,Winter
2021-02-02 00:00:00,311.5,0.2,153.93,2,Winter
2021-02-02 01:00:00,297.0,0.45,236.25,2,Winter
2021-02-02 02:00:00,277.5,0.4,253.05,2,Winter
2021-02-02 03:00:00,250.5,0.3,224.92,2,Winter
2021-02-02 04:00:00,236.0,0.42,234.88,2,Winter
2021-02-02 05:00:00,259.5,0.43,250.38,2,Winter
2021-02-02 06:00:00,330.5,0.25,247.48,2,Winter
2021-02-02 07:00:00,387.5,0.35,253.95,2,Winter
2021-02-02 08:00:00,401.0,0.52,246.3,2,Winter
2021-02-02 09:00:00,381.5,0.7,232.32,2,Winter
2021-02-02 10:00:00,317.5,0.72,262.95,2,Winter
2021-02-02 11:00:00,244.5,0.9,206.7,2,Winter
2021-02-02 12:00:00,179.0,0.78,215.68,2,Winter
2021-02-02 13:00:00,185.0,0.82,231.78,2,Winter
2021-02-02 14:00:00,178.0,0.7,244.28,2,Winter
2021-02-02 15:00:00,132.5,0.68,262.48,2,Winter
2021-02-02 16:00:00,138.0,0.55,283.15,2,Winter
2021-02-02 17:00:00,157.5,0.82,107.05,2,Winter
2021-02-02 18:00:00,201.5,0.95,57.28,2,Winter
2021-02-02 19:00:00,237.5,1.1,67.5,2,Winter
2021-02-02 20:00:00,259.5,1.17,61.1,2,Winter
2021-02-02 21:00:00,272.5,1.32,69.15,2,Winter
2021-02-02 22:00:00,274.5,1.35,68.55,2,Winter
2021-02-02 23:00:00,303.5,1.27,49.95,2,Winter
2021-02-03 00:00:00,314.5,1.65,63.52,2,Winter
2021-02-03 01:00:00,294.5,1.9,64.58,2,Winter
2021-02-03 02:00:00,277.0,0.92,76.88,2,Winter
2021-02-03 03:00:00,273.5,0.77,76.82,2,Winter
2021-02-03 04:00:00,289.0,1.12,71.88,2,Winter
2021-02-03 05:00:00,291.0,1.6,57.32,2,Winter
2021-02-03 06:00:00,282.0,2.03,65.53,2,Winter
2021-02-03 07:00:00,279.5,1.7,69.23,2,Winter
2021-02-03 08:00:00,273.0,1.33,70.5,2,Winter
2021-02-03 09:00:00,271.5,1.48,67.32,2,Winter
2021-02-03 10:00:00,277.5,1.58,67.95,2,Winter
2021-02-03 11:00:00,237.25,1.18,80.08,2,Winter
2021-02-03 12:00:00,177.25,1.35,77.6,2,Winter
2021-02-03 13:00:00,144.25,1.23,118.78,2,Winter
2021-02-03 14:00:00,103.25,1.0,104.43,2,Winter
2021-02-03 15:00:00,95.5,1.18,74.57,2,Winter
2021-02-03 16:00:00,104.75,1.68,58.25,2,Winter
2021-02-03 17:00:00,131.75,1.45,66.7,2,Winter
2021-02-03 18:00:00,146.75,1.38,72.22,2,Winter
2021-02-03 19:00:00,162.25,1.25,72.0,2,Winter
2021-02-03 20:00:00,185.75,1.35,69.47,2,Winter
2021-02-03 21:00:00,219.25,1.17,40.15,2,Winter
2021-02-03 22:00:00,221.25,1.4,19.85,2,Winter
2021-02-03 23:00:00,215.25,1.45,32.5,2,Winter
2021-02-04 00:00:00,227.75,1.08,35.33,2,Winter
2021-02-04 01:00:00,269.5,1.03,54.85,2,Winter
2021-02-04 02:00:00,259.5,1.3,59.88,2,Winter
2021-02-04 03:00:00,263.75,0.8,30.52,2,Winter
2021-02-04 04:00:00,281.5,1.3,247.45,2,Winter
2021-02-04 05:00:00,225.75,1.3,99.4,2,Winter
2021-02-04 06:00:00,206.5,1.52,32.55,2,Winter
2021-02-04 07:00:00,181.25,1.4,22.6,2,Winter
2021-02-04 08:00:00,191.0,1.05,179.92,2,Winter
2021-02-04 09:00:00,182.5,1.42,108.85,2,Winter
2021-02-04 10:00:00,153.5,1.78,100.32,2,Winter
2021-02-04 11:00:00,140.75,1.35,170.68,2,Winter
2021-02-04 12:00:00,128.5,1.62,18.35,2,Winter
2021-02-04 13:00:00,104.75,1.75,14.8,2,Winter
2021-02-04 14:00:00,82.0,1.88,27.1,2,Winter
2021-02-04 15:00:00,79.25,1.78,345.12,2,Winter
2021-02-04 16:00:00,72.0,2.8,330.62,2,Winter
2021-02-04 17:00:00,48.0,2.75,342.08,2,Winter
2021-02-04 18:00:00,53.5,1.05,188.97,2,Winter
2021-02-04 19:00:00,71.75,1.7,59.02,2,Winter
2021-02-04 20:00:00,75.75,1.58,16.2,2,Winter
2021-02-04 21:00:00,72.5,1.2,44.12,2,Winter
2021-02-04 22:00:00,65.75,0.9,11.52,2,Winter
2021-02-04 23:00:00,45.0,1.0,268.47,2,Winter
2021-02-05 00:00:00,54.25,0.92,187.3,2,Winter
2021-02-05 01:00:00,53.75,1.0,101.6,2,Winter
2021-02-05 02:00:00,74.25,0.92,32.4,2,Winter
2021-02-05 03:00:00,61.0,0.88,73.88,2,Winter
2021-02-05 04:00:00,50.0,0.82,21.9,2,Winter
2021-02-05 05:00:00,57.0,0.65,95.45,2,Winter
2021-02-05 06:00:00,80.5,0.48,218.85,2,Winter
2021-02-05 07:00:00,179.0,0.55,235.0,2,Winter
2021-02-05 08:00:00,128.5,0.6,251.82,2,Winter
2021-02-05 09:00:00,121.25,0.75,250.52,2,Winter
2021-02-05 10:00:00,86.75,0.72,257.8,2,Winter
2021-02-05 11:00:00,62.0,0.98,297.45,2,Winter
2021-02-05 12:00:00,61.0,0.8,261.42,2,Winter
2021-02-05 13:00:00,54.75,1.25,302.38,2,Winter
2021-02-05 14:00:00,43.25,1.28,294.23,2,Winter
2021-02-05 15:00:00,36.0,1.48,302.73,2,Winter
2021-02-05 16:00:00,33.0,1.62,301.73,2,Winter
2021-02-05 17:00:00,44.5,1.2,277.77,2,Winter
2021-02-05 18:00:00,67.0,1.12,277.58,2,Winter
2021-02-05 19:00:00,122.75,0.88,270.25,2,Winter
2021-02-05 20:00:00,165.25,0.6,243.65,2,Winter
2021-02-05 21:00:00,179.0,0.6,258.12,2,Winter
2021-02-05 22:00:00,120.75,0.72,257.98,2,Winter
2021-02-05 23:00:00,115.25,0.7,255.92,2,Winter
2021-02-06 00:00:00,162.25,0.68,246.23,2,Winter
2021-02-06 01:00:00,156.75,0.85,264.1,2,Winter
2021-02-06 02:00:00,159.75,1.02,267.9,2,Winter
2021-02-06 03:00:00,164.0,0.9,262.0,2,Winter
2021-02-06 04:00:00,150.25,0.85,265.62,2,Winter
2021-02-06 05:00:00,169.75,0.85,268.6,2,Winter
2021-02-06 06:00:00,174.25,1.08,275.92,2,Winter
2021-02-06 07:00:00,198.25,1.05,272.65,2,Winter
2021-02-06 08:00:00,158.5,1.08,278.9,2,Winter
2021-02-06 09:00:00,122.0,1.42,297.9,2,Winter
2021-02-06 10:00:00,101.75,1.58,312.92,2,Winter
2021-02-06 11:00:00,84.0,1.88,306.45,2,Winter
2021-02-06 12:00:00,74.25,2.15,312.2,2,Winter
2021-02-06 13:00:00,62.0,2.45,307.62,2,Winter
2021-02-06 14:00:00,57.25,2.35,302.75,2,Winter
2021-02-06 15:00:00,51.5,2.28,308.32,2,Winter
2021-02-06 16:00:00,50.0,2.1,298.1,2,Winter
2021-02-06 17:00:00,48.75,1.32,276.68,2,Winter
2021-02-06 18:00:00,66.25,0.95,268.32,2,Winter
2021-02-06 19:00:00,143.75,0.8,265.17,2,Winter
2021-02-06 20:00:00,181.5,0.72,264.17,2,Winter
2021-02-06 21:00:00,177.0,0.62,265.5,2,Winter
2021-02-06 22:00:00,190.0,0.65,267.98,2,Winter
2021-02-06 23:00:00,170.75,0.75,261.0,2,Winter
2021-02-07 00:00:00,161.25,0.82,262.45,2,Winter
2021-02-07 01:00:00,169.75,1.02,273.4,2,Winter
2021-02-07 02:00:00,161.25,0.98,277.98,2,Winter
2021-02-07 03:00:00,147.75,0.7,261.92,2,Winter
2021-02-07 04:00:00,152.5,0.48,255.08,2,Winter
2021-02-07 05:00:00,162.25,0.52,256.67,2,Winter
2021-02-07 06:00:00,183.75,0.68,267.3,2,Winter
2021-02-07 07:00:00,229.25,0.78,264.0,2,Winter
2021-02-07 08:00:00,221.0,0.85,267.8,2,Winter
2021-02-07 09:00:00,179.5,1.18,278.52,2,Winter
2021-02-07 10:00:00,161.25,1.32,284.08,2,Winter
2021-02-07 11:00:00,146.75,1.8,294.05,2,Winter
2021-02-07 12:00:00,113.5,2.0,304.1,2,Winter
2021-02-07 13:00:00,93.0,2.33,296.17,2,Winter
2021-02-07 14:00:00,78.75,1.75,291.77,2,Winter
2021-02-07 15:00:00,69.5,1.62,275.08,2,Winter
2021-02-07 16:00:00,65.0,1.48,267.38,2,Winter
2021-02-07 17:00:00,74.75,0.88,268.35,2,Winter
2021-02-07 18:00:00,88.75,0.38,268.5,2,Winter
2021-02-07 19:00:00,161.0,0.38,272.52,2,Winter
2021-02-07 20:00:00,275.75,0.15,237.0,2,Winter
2021-02-07 21:00:00,280.25,0.28,268.0,2,Winter
2021-02-07 22:00:00,256.25,0.38,256.05,2,Winter
2021-02-07 23:00:00,241.75,0.45,257.58,2,Winter
2021-02-08 00:00:00,238.0,0.72,265.02,2,Winter
2021-02-08 01:00:00,252.0,0.57,249.68,2,Winter
2021-02-08 02:00:00,236.5,0.68,247.08,2,Winter
2021-02-08 03:00:00,219.5,0.62,255.7,2,Winter
2021-02-08 04:00:00,215.25,0.3,247.4,2,Winter
2021-02-08 05:00:00,262.25,0.3,224.08,2,Winter
2021-02-08 06:00:00,351.0,0.4,203.48,2,Winter
2021-02-08 07:00:00,552.5,0.45,229.05,2,Winter
2021-02-08 08:00:00,370.0,0.38,237.62,2,Winter
2021-02-08 09:00:00,271.5,0.6,245.82,2,Winter
2021-02-08 10:00:00,168.0,0.8,227.28,2,Winter
2021-02-08 11:00:00,150.5,0.92,247.78,2,Winter
2021-02-08 12:00:00,146.0,1.1,279.5,2,Winter
2021-02-08 13:00:00,127.0,1.33,275.58,2,Winter
2021-02-08 14:00:00,113.75,1.28,283.3,2,Winter
2021-02-08 15:00:00,85.25,1.2,273.4,2,Winter
2021-02-08 16:00:00,91.25,1.38,287.62,2,Winter
2021-02-08 17:00:00,94.75,0.88,267.23,2,Winter
2021-02-08 18:00:00,132.25,0.22,247.5,2,Winter
2021-02-08 19:00:00,205.75,0.28,236.12,2,Winter
2021-02-08 20:00:00,256.25,0.75,269.25,2,Winter
2021-02-08 21:00:00,292.25,0.82,268.88,2,Winter
2021-02-08 22:00:00,281.75,0.65,244.45,2,Winter
2021-02-08 23:00:00,250.25,0.82,263.85,2,Winter
2021-02-09 00:00:00,227.25,0.52,241.25,2,Winter
2021-02-09 01:00:00,214.25,0.32,223.35,2,Winter
2021-02-09 02:00:00,199.25,0.45,249.68,2,Winter
2021-02-09 03:00:00,215.0,0.7,270.73,2,Winter
2021-02-09 04:00:00,249.0,0.72,277.68,2,Winter
2021-02-09 05:00:00,186.75,0.75,263.82,2,Winter
2021-02-09 06:00:00,171.0,0.75,247.58,2,Winter
2021-02-09 07:00:00,137.5,0.48,245.35,2,Winter
2021-02-09 08:00:00,118.25,0.48,248.3,2,Winter
2021-02-09 09:00:00,127.0,0.55,211.98,2,Winter
2021-02-09 10:00:00,178.75,0.92,182.58,2,Winter
2021-02-09 11:00:00,248.0,0.82,212.0,2,Winter
2021-02-09 12:00:00,190.25,0.9,224.05,2,Winter
2021-02-09 13:00:00,150.75,0.68,243.32,2,Winter
2021-02-09 14:00:00,170.0,0.95,249.52,2,Winter
2021-02-09 15:00:00,149.75,0.78,257.73,2,Winter
2021-02-09 16:00:00,127.75,0.65,280.15,2,Winter
2021-02-09 17:00:00,139.25,0.38,262.25,2,Winter
2021-02-09 18:00:00,156.75,0.75,37.85,2,Winter
2021-02-09 19:00:00,197.75,1.05,35.28,2,Winter
2021-02-09 20:00:00,242.75,0.98,69.0,2,Winter
2021-02-09 21:00:00,226.25,0.68,53.0,2,Winter
2021-02-09 22:00:00,246.75,0.4,57.55,2,Winter
2021-02-09 23:00:00,240.5,0.78,66.5,2,Winter
2021-02-10 00:00:00,275.75,0.55,60.22,2,Winter
2021-02-10 01:00:00,307.75,0.8,76.9,2,Winter
2021-02-10 02:00:00,265.75,0.82,35.8,2,Winter
2021-02-10 03:00:00,278.5,1.2,22.0,2,Winter
2021-02-10 04:00:00,280.25,0.77,67.4,2,Winter
2021-02-10 05:00:00,283.25,0.57,74.6,2,Winter
2021-02-10 06:00:00,318.0,0.2,87.72,2,Winter
2021-02-10 07:00:00,350.75,0.12,156.95,2,Winter
2021-02-10 08:00:00,413.5,0.18,117.7,2,Winter
2021-02-10 09:00:00,312.5,0.82,159.65,2,Winter
2021-02-10 10:00:00,222.75,1.33,158.48,2,Winter
2021-02-10 11:00:00,130.25,1.4,177.88,2,Winter
2021-02-10 12:00:00,80.0,0.82,195.78,2,Winter
2021-02-10 13:00:00,81.5,0.5,265.3,2,Winter
2021-02-10 14:00:00,82.75,1.12,283.62,2,Winter
2021-02-10 15:00:00,73.5,1.1,289.28,2,Winter
2021-02-10 16:00:00,76.25,1.08,283.42,2,Winter
2021-02-10 17:00:00,96.25,0.45,260.85,2,Winter
2021-02-10 18:00:00,182.5,0.62,278.32,2,Winter
2021-02-10 19:00:00,289.5,0.5,245.15,2,Winter
2021-02-10 20:00:00,260.5,1.32,311.48,2,Winter
2021-02-10 21:00:00,220.0,0.98,253.02,2,Winter
2021-02-10 22:00:00,218.5,0.5,63.8,2,Winter
2021-02-10 23:00:00,237.75,0.88,13.42,2,Winter
2021-02-11 00:00:00,227.75,0.72,190.4,2,Winter
2021-02-11 01:00:00,223.0,0.45,196.12,2,Winter
2021-02-11 02:00:00,212.25,0.95,282.28,2,Winter
2021-02-11 03:00:00,215.25,0.43,193.18,2,Winter
2021-02-11 04:00:00,210.75,0.42,220.95,2,Winter
2021-02-11 05:00:00,207.5,0.8,244.0,2,Winter
2021-02-11 06:00:00,250.5,0.68,251.4,2,Winter
2021-02-11 07:00:00,323.25,0.42,202.5,2,Winter
2021-02-11 08:00:00,242.25,0.28,240.85,2,Winter
2021-02-11 09:00:00,223.0,0.48,246.35,2,Winter
2021-02-11 10:00:00,212.5,0.82,250.23,2,Winter
2021-02-11 11:00:00,177.75,0.82,263.02,2,Winter
2021-02-11 12:00:00,186.75,1.23,274.55,2,Winter
2021-02-11 13:00:00,155.0,1.23,280.0,2,Winter
2021-02-11 14:00:00,120.25,1.22,266.45,2,Winter
2021-02-11 15:00:00,81.5,1.15,269.42,2,Winter
2021-02-11 16:00:00,91.0,0.98,266.5,2,Winter
2021-02-11 17:00:00,100.25,0.75,263.6,2,Winter
2021-02-11 18:00:00,165.25,0.25,263.73,2,Winter
2021-02-11 19:00:00,328.25,0.38,277.92,2,Winter
2021-02-11 20:00:00,320.25,0.3,274.0,2,Winter
2021-02-11 21:00:00,311.25,0.52,248.72,2,Winter
2021-02-11 22:00:00,286.5,0.88,266.7,2,Winter
2021-02-11 23:00:00,279.5,1.22,301.08,2,Winter
2021-02-12 00:00:00,209.5,1.15,301.3,2,Winter
2021-02-12 01:00:00,184.0,1.08,296.95,2,Winter
2021-02-12 02:00:00,184.25,1.0,281.67,2,Winter
2021-02-12 03:00:00,183.75,0.9,264.15,2,Winter
2021-02-12 04:00:00,189.0,0.45,220.65,2,Winter
2021-02-12 05:00:00,243.75,0.48,259.88,2,Winter
2021-02-12 06:00:00,344.75,0.38,254.22,2,Winter
2021-02-12 07:00:00,379.0,0.35,201.52,2,Winter
2021-02-12 08:00:00,329.75,0.3,214.42,2,Winter
2021-02-12 09:00:00,358.75,0.43,238.12,2,Winter
2021-02-12 10:00:00,374.75,1.0,166.52,2,Winter
2021-02-12 11:00:00,349.5,0.78,200.98,2,Winter
2021-02-12 12:00:00,272.5,0.48,231.48,2,Winter
2021-02-12 13:00:00,223.75,1.02,308.88,2,Winter
2021-02-12 14:00:00,223.0,1.2,308.78,2,Winter
2021-02-12 15:00:00,307.75,1.15,302.25,2,Winter
2021-02-12 16:00:00,248.0,1.25,294.52,2,Winter
2021-02-12 17:00:00,193.25,1.05,291.95,2,Winter
2021-02-12 18:00:00,188.0,0.62,268.65,2,Winter
2021-02-12 19:00:00,220.25,0.32,158.05,2,Winter
2021-02-12 20:00:00,279.25,0.3,121.8,2,Winter
2021-02-12 21:00:00,300.5,0.22,144.05,2,Winter
2021-02-12 22:00:00,201.0,0.38,244.18,2,Winter
2021-02-12 23:00:00,156.25,0.22,137.2,2,Winter
2021-02-13 00:00:00,170.0,0.32,156.98,2,Winter
2021-02-13 01:00:00,147.25,0.55,246.8,2,Winter
2021-02-13 02:00:00,119.75,0.6,227.7,2,Winter
2021-02-13 03:00:00,106.75,0.55,178.15,2,Winter
2021-02-13 04:00:00,103.25,0.43,136.7,2,Winter
2021-02-13 05:00:00,95.5,0.45,87.78,2,Winter
2021-02-13 06:00:00,104.0,0.55,65.22,2,Winter
2021-02-13 07:00:00,122.0,0.45,102.78,2,Winter
2021-02-13 08:00:00,111.25,0.35,102.95,2,Winter
2021-02-13 09:00:00,110.5,0.45,181.2,2,Winter
2021-02-13 10:00:00,125.0,0.48,145.72,2,Winter
2021-02-13 11:00:00,137.0,0.48,200.42,2,Winter
2021-02-13 12:00:00,179.75,0.95,289.65,2,Winter
2021-02-13 13:00:00,224.75,0.9,270.1,2,Winter
2021-02-13 14:00:00,227.75,0.98,292.0,2,Winter
2021-02-13 15:00:00,234.25,0.85,292.1,2,Winter
2021-02-13 16:00:00,167.5,0.88,282.42,2,Winter
2021-02-13 17:00:00,181.5,1.0,290.42,2,Winter
2021-02-13 18:00:00,238.0,0.8,320.38,2,Winter
2021-02-13 19:00:00,339.0,0.32,195.8,2,Winter
2021-02-13 20:00:00,354.0,0.3,131.72,2,Winter
2021-02-13 21:00:00,295.75,0.2,145.7,2,Winter
2021-02-13 22:00:00,425.5,0.28,84.38,2,Winter
2021-02-13 23:00:00,358.5,0.2,151.4,2,Winter
2021-02-14 00:00:00,322.25,0.32,92.93,2,Winter
2021-02-14 01:00:00,285.5,0.52,110.3,2,Winter
2021-02-14 02:00:00,267.0,0.3,92.38,2,Winter
2021-02-14 03:00:00,231.75,0.35,104.65,2,Winter
2021-02-14 04:00:00,160.75,0.35,209.32,2,Winter
2021-02-14 05:00:00,126.0,0.32,194.85,2,Winter
2021-02-14 06:00:00,156.25,0.3,197.5,2,Winter
2021-02-14 07:00:00,305.0,0.28,163.8,2,Winter
2021-02-14 08:00:00,314.0,0.32,172.38,2,Winter
2021-02-14 09:00:00,137.0,0.32,129.07,2,Winter
2021-02-14 10:00:00,132.25,0.55,149.68,2,Winter
2021-02-14 11:00:00,183.0,0.6,162.35,2,Winter
2021-02-14 12:00:00,217.5,0.5,190.45,2,Winter
2021-02-14 13:00:00,199.0,0.78,276.85,2,Winter
2021-02-14 14:00:00,123.25,0.88,264.8,2,Winter
2021-02-14 15:00:00,118.25,1.18,288.23,2,Winter
2021-02-14 16:00:00,152.25,1.12,288.08,2,Winter
2021-02-14 17:00:00,127.75,1.12,300.95,2,Winter
2021-02-14 18:00:00,162.75,0.9,289.95,2,Winter
2021-02-14 19:00:00,205.75,0.6,263.3,2,Winter
2021-02-14 20:00:00,293.5,0.62,262.08,2,Winter
2021-02-14 21:00:00,237.5,0.75,173.2,2,Winter
2021-02-14 22:00:00,224.5,0.32,79.68,2,Winter
2021-02-14 23:00:00,253.0,0.32,88.2,2,Winter
2021-02-15 00:00:00,270.25,0.3,140.67,2,Winter
2021-02-15 01:00:00,232.25,0.25,83.58,2,Winter
2021-02-15 02:00:00,205.0,0.15,110.82,2,Winter
2021-02-15 03:00:00,202.75,0.18,146.95,2,Winter
2021-02-15 04:00:00,213.0,0.2,134.62,2,Winter
2021-02-15 05:00:00,249.0,0.15,155.0,2,Winter
2021-02-15 06:00:00,321.0,0.22,112.55,2,Winter
2021-02-15 07:00:00,401.75,0.3,153.55,2,Winter
2021-02-15 08:00:00,300.25,0.28,149.88,2,Winter
2021-02-15 09:00:00,241.5,0.42,142.6,2,Winter
2021-02-15 10:00:00,228.5,0.68,145.78,2,Winter
2021-02-15 11:00:00,179.25,0.88,167.48,2,Winter
2021-02-15 12:00:00,146.5,0.82,172.02,2,Winter
2021-02-15 13:00:00,100.0,0.88,167.95,2,Winter
2021-02-15 14:00:00,72.25,0.82,191.78,2,Winter
2021-02-15 15:00:00,67.75,1.12,277.8,2,Winter
2021-02-15 16:00:00,97.0,1.25,336.02,2,Winter
2021-02-15 17:00:00,159.0,1.12,353.58,2,Winter
2021-02-15 18:00:00,186.25,1.05,354.25,2,Winter
2021-02-15 19:00:00,200.75,0.72,93.38,2,Winter
2021-02-15 20:00:00,220.0,0.8,267.5,2,Winter
2021-02-15 21:00:00,231.75,0.42,131.7,2,Winter
2021-02-15 22:00:00,218.25,0.92,200.45,2,Winter
2021-02-15 23:00:00,211.75,0.68,37.88,2,Winter
2021-02-16 00:00:00,218.0,0.7,17.7,2,Winter
2021-02-16 01:00:00,197.0,0.73,92.78,2,Winter
2021-02-16 02:00:00,207.25,0.48,231.85,2,Winter
2021-02-16 03:00:00,210.75,0.28,136.3,2,Winter
2021-02-16 04:00:00,215.0,0.4,99.68,2,Winter
2021-02-16 05:00:00,234.0,0.25,139.2,2,Winter
2021-02-16 06:00:00,282.0,0.4,107.12,2,Winter
2021-02-16 07:00:00,352.0,0.6,88.45,2,Winter
2021-02-16 08:00:00,229.0,0.6,78.15,2,Winter
2021-02-16 09:00:00,204.75,1.08,28.48,2,Winter
2021-02-16 10:00:00,209.0,0.65,51.8,2,Winter
2021-02-16 11:00:00,199.75,0.85,34.28,2,Winter
2021-02-16 12:00:00,214.75,0.92,20.75,2,Winter
2021-02-16 13:00:00,228.25,1.02,177.95,2,Winter
2021-02-16 14:00:00,189.0,1.1,328.45,2,Winter
2021-02-16 15:00:00,118.75,1.6,305.68,2,Winter
2021-02-16 16:00:00,91.5,1.85,311.52,2,Winter
2021-02-16 17:00:00,133.25,1.15,308.32,2,Winter
2021-02-16 18:00:00,148.25,1.08,310.62,2,Winter
2021-02-16 19:00:00,156.75,1.23,318.45,2,Winter
2021-02-16 20:00:00,179.75,1.35,319.98,2,Winter
2021-02-16 21:00:00,215.0,1.42,320.05,2,Winter
2021-02-16 22:00:00,161.5,0.43,245.7,2,Winter
2021-02-16 23:00:00,172.0,0.35,210.68,2,Winter
2021-02-17 00:00:00,196.25,0.32,200.58,2,Winter
2021-02-17 01:00:00,184.75,0.35,238.08,2,Winter
2021-02-17 02:00:00,185.75,0.48,243.2,2,Winter
2021-02-17 03:00:00,221.5,0.45,230.38,2,Winter
2021-02-17 04:00:00,242.5,0.8,244.98,2,Winter
2021-02-17 05:00:00,277.5,0.7,246.58,2,Winter
2021-02-17 06:00:00,260.25,0.98,242.45,2,Winter
2021-02-17 07:00:00,166.75,0.6,233.35,2,Winter
2021-02-17 08:00:00,131.25,0.52,242.7,2,Winter
2021-02-17 09:00:00,115.5,0.45,237.2,2,Winter
2021-02-17 10:00:00,126.75,0.5,201.3,2,Winter
2021-02-17 11:00:00,186.5,0.65,233.3,2,Winter
2021-02-17 12:00:00,211.25,0.85,294.82,2,Winter
2021-02-17 13:00:00,155.25,0.72,320.47,2,Winter
2021-02-17 14:00:00,98.75,1.08,282.38,2,Winter
2021-02-17 15:00:00,83.25,1.18,277.58,2,Winter
2021-02-17 16:00:00,60.5,0.98,263.95,2,Winter
2021-02-17 17:00:00,58.0,0.7,261.98,2,Winter
2021-02-17 18:00:00,102.75,0.65,269.4,2,Winter
2021-02-17 19:00:00,148.0,0.62,262.38,2,Winter
2021-02-17 20:00:00,266.0,0.65,261.02,2,Winter
2021-02-17 21:00:00,268.25,0.72,261.42,2,Winter
2021-02-17 22:00:00,207.5,0.77,320.15,2,Winter
2021-02-17 23:00:00,194.75,0.22,155.62,2,Winter
2021-02-18 00:00:00,199.75,0.35,123.45,2,Winter
2021-02-18 01:00:00,216.0,0.22,166.55,2,Winter
2021-02-18 02:00:00,244.0,0.22,149.25,2,Winter
2021-02-18 03:00:00,249.25,0.25,159.93,2,Winter
2021-02-18 04:00:00,218.75,0.23,193.18,2,Winter
2021-02-18 05:00:00,183.0,0.25,165.15,2,Winter
2021-02-18 06:00:00,176.0,0.38,227.35,2,Winter
2021-02-18 07:00:00,215.0,0.3,183.23,2,Winter
2021-02-18 08:00:00,238.5,0.7,238.85,2,Winter
2021-02-18 09:00:00,176.25,0.48,180.23,2,Winter
2021-02-18 10:00:00,187.75,0.65,38.28,2,Winter
2021-02-18 11:00:00,179.25,0.73,42.35,2,Winter
2021-02-18 12:00:00,104.25,0.7,205.5,2,Winter
2021-02-18 13:00:00,95.0,0.88,287.48,2,Winter
2021-02-18 14:00:00,111.25,1.42,296.35,2,Winter
2021-02-18 15:00:00,64.0,1.1,284.92,2,Winter
2021-02-18 16:00:00,77.5,1.3,281.45,2,Winter
2021-02-18 17:00:00,99.25,1.12,287.62,2,Winter
2021-02-18 18:00:00,129.0,0.5,247.48,2,Winter
2021-02-18 19:00:00,184.0,0.5,246.62,2,Winter
2021-02-18 20:00:00,298.75,0.15,226.98,2,Winter
2021-02-18 21:00:00,266.75,0.25,89.12,2,Winter
2021-02-18 22:00:00,223.75,0.32,88.88,2,Winter
2021-02-18 23:00:00,235.25,0.38,165.18,2,Winter
2021-02-19 00:00:00,213.75,0.52,250.8,2,Winter
2021-02-19 01:00:00,199.25,0.62,222.72,2,Winter
2021-02-19 02:00:00,195.5,0.4,246.0,2,Winter
2021-02-19 03:00:00,202.75,0.4,225.45,2,Winter
2021-02-19 04:00:00,192.25,0.22,205.22,2,Winter
2021-02-19 05:00:00,133.0,0.65,245.65,2,Winter
2021-02-19 06:00:00,128.0,0.45,248.48,2,Winter
2021-02-19 07:00:00,133.0,0.48,205.18,2,Winter
2021-02-19 08:00:00,111.0,0.6,264.52,2,Winter
2021-02-19 09:00:00,105.0,0.57,245.42,2,Winter
2021-02-19 10:00:00,107.25,0.78,258.12,2,Winter
2021-02-19 11:00:00,155.75,1.05,280.28,2,Winter
2021-02-19 12:00:00,211.0,0.9,290.45,2,Winter
2021-02-19 13:00:00,238.75,1.1,281.73,2,Winter
2021-02-19 14:00:00,202.5,1.52,286.25,2,Winter
2021-02-19 15:00:00,139.0,1.4,270.35,2,Winter
2021-02-19 16:00:00,126.5,1.42,282.5,2,Winter
2021-02-19 17:00:00,110.5,0.88,272.0,2,Winter
2021-02-19 18:00:00,144.75,0.4,259.6,2,Winter
2021-02-19 19:00:00,233.0,0.73,265.95,2,Winter
2021-02-19 20:00:00,293.25,0.55,244.4,2,Winter
2021-02-19 21:00:00,309.0,0.82,289.48,2,Winter
2021-02-19 22:00:00,259.5,0.72,327.42,2,Winter
2021-02-19 23:00:00,213.25,1.08,295.35,2,Winter
2021-02-20 00:00:00,201.75,0.9,251.5,2,Winter
2021-02-20 01:00:00,195.5,0.7,236.23,2,Winter
2021-02-20 02:00:00,116.0,0.65,245.02,2,Winter
2021-02-20 03:00:00,84.75,0.68,252.88,2,Winter
2021-02-20 04:00:00,69.25,0.4,232.8,2,Winter
2021-02-20 05:00:00,67.0,0.6,245.38,2,Winter
2021-02-20 06:00:00,90.0,0.65,233.5,2,Winter
2021-02-20 07:00:00,99.5,0.68,232.65,2,Winter
2021-02-20 08:00:00,84.5,0.72,239.38,2,Winter
2021-02-20 09:00:00,87.75,0.82,250.25,2,Winter
2021-02-20 10:00:00,80.25,0.95,251.68,2,Winter
2021-02-20 11:00:00,80.0,0.98,253.15,2,Winter
2021-02-20 12:00:00,124.75,0.82,267.42,2,Winter
2021-02-20 13:00:00,153.0,1.4,293.48,2,Winter
2021-02-20 14:00:00,118.75,1.45,285.2,2,Winter
2021-02-20 15:00:00,71.75,1.67,285.15,2,Winter
2021-02-20 16:00:00,52.25,1.65,284.85,2,Winter
2021-02-20 17:00:00,66.25,0.92,267.4,2,Winter
2021-02-20 18:00:00,109.0,0.45,268.23,2,Winter
2021-02-20 19:00:00,202.75,0.52,276.4,2,Winter
2021-02-20 20:00:00,282.25,0.6,257.23,2,Winter
2021-02-20 21:00:00,238.75,0.75,263.2,2,Winter
2021-02-20 22:00:00,212.25,0.45,245.58,2,Winter
2021-02-20 23:00:00,180.75,0.45,260.23,2,Winter
2021-02-21 00:00:00,194.0,0.85,264.75,2,Winter
2021-02-21 01:00:00,240.0,1.02,273.18,2,Winter
2021-02-21 02:00:00,261.25,0.8,259.5,2,Winter
2021-02-21 03:00:00,205.25,0.57,246.0,2,Winter
2021-02-21 04:00:00,202.0,0.28,209.92,2,Winter
2021-02-21 05:00:00,228.5,0.45,219.5,2,Winter
2021-02-21 06:00:00,277.25,0.4,234.88,2,Winter
2021-02-21 07:00:00,329.25,0.32,237.15,2,Winter
2021-02-21 08:00:00,342.5,0.62,225.28,2,Winter
2021-02-21 09:00:00,292.25,0.9,236.52,2,Winter
2021-02-21 10:00:00,255.5,1.0,245.4,2,Winter
2021-02-21 11:00:00,199.25,1.15,252.45,2,Winter
2021-02-21 12:00:00,170.0,1.5,283.38,2,Winter
2021-02-21 13:00:00,132.25,1.67,290.05,2,Winter
2021-02-21 14:00:00,97.75,1.7,290.3,2,Winter
2021-02-21 15:00:00,89.0,1.67,289.98,2,Winter
2021-02-21 16:00:00,82.25,1.38,280.62,2,Winter
2021-02-21 17:00:00,85.0,0.92,268.73,2,Winter
2021-02-21 18:00:00,115.25,0.62,266.12,2,Winter
2021-02-21 19:00:00,180.5,0.72,272.27,2,Winter
2021-02-21 20:00:00,256.5,0.2,244.2,2,Winter
2021-02-21 21:00:00,353.5,0.12,276.55,2,Winter
2021-02-21 22:00:00,437.75,0.52,278.27,2,Winter
2021-02-21 23:00:00,280.0,0.6,258.27,2,Winter
2021-02-22 00:00:00,256.75,0.57,252.58,2,Winter
2021-02-22 01:00:00,280.0,0.35,244.88,2,Winter
2021-02-22 02:00:00,289.0,0.48,244.5,2,Winter
2021-02-22 03:00:00,294.25,0.43,236.28,2,Winter
2021-02-22 04:00:00,344.5,0.28,224.5,2,Winter
2021-02-22 05:00:00,418.0,0.43,185.8,2,Winter
2021-02-22 06:00:00,348.75,0.5,241.32,2,Winter
2021-02-22 07:00:00,373.5,0.6,228.27,2,Winter
2021-02-22 08:00:00,261.25,0.75,230.68,2,Winter
2021-02-22 09:00:00,247.0,1.0,242.2,2,Winter
2021-02-22 10:00:00,192.25,1.23,239.62,2,Winter
2021-02-22 11:00:00,157.25,1.35,246.05,2,Winter
2021-02-22 12:00:00,138.25,1.27,250.18,2,Winter
2021-02-22 13:00:00,126.25,1.62,264.68,2,Winter
2021-02-22 14:00:00,102.0,1.6,268.08,2,Winter
2021-02-22 15:00:00,80.25,1.65,272.68,2,Winter
2021-02-22 16:00:00,48.75,1.35,266.98,2,Winter
2021-02-22 17:00:00,48.0,1.08,268.6,2,Winter
2021-02-22 18:00:00,83.25,0.48,257.42,2,Winter
2021-02-22 19:00:00,153.25,0.48,262.55,2,Winter
2021-02-22 20:00:00,199.25,0.5,265.58,2,Winter
2021-02-22 21:00:00,187.0,0.52,272.98,2,Winter
2021-02-22 22:00:00,238.75,0.65,251.18,2,Winter
2021-02-22 23:00:00,264.0,0.28,198.75,2,Winter
2021-02-23 00:00:00,261.25,0.35,230.95,2,Winter
2021-02-23 01:00:00,286.5,0.25,280.15,2,Winter
2021-02-23 02:00:00,275.5,0.35,244.85,2,Winter
2021-02-23 03:00:00,269.25,0.35,257.67,2,Winter
2021-02-23 04:00:00,291.5,0.35,239.62,2,Winter
2021-02-23 05:00:00,349.25,0.3,211.4,2,Winter
2021-02-23 06:00:00,416.5,0.35,242.27,2,Winter
2021-02-23 07:00:00,370.25,0.48,219.08,2,Winter
2021-02-23 08:00:00,445.0,0.48,211.72,2,Winter
2021-02-23 09:00:00,469.0,0.65,236.73,2,Winter
2021-02-23 10:00:00,247.25,0.88,223.8,2,Winter
2021-02-23 11:00:00,132.0,0.88,252.2,2,Winter
2021-02-23 12:00:00,80.0,1.1,235.23,2,Winter
2021-02-23 13:00:00,69.75,1.15,246.25,2,Winter
2021-02-23 14:00:00,52.5,1.15,243.52,2,Winter
2021-02-23 15:00:00,62.25,1.32,247.28,2,Winter
2021-02-23 16:00:00,49.25,0.9,248.18,2,Winter
2021-02-23 17:00:00,46.0,0.42,236.95,2,Winter
2021-02-23 18:00:00,59.0,0.3,233.05,2,Winter
2021-02-23 19:00:00,112.0,0.28,182.0,2,Winter
2021-02-23 20:00:00,189.25,0.18,168.32,2,Winter
2021-02-23 21:00:00,136.0,0.12,142.9,2,Winter
2021-02-23 22:00:00,151.0,0.38,218.18,2,Winter
2021-02-23 23:00:00,205.5,0.28,178.25,2,Winter
2021-02-24 00:00:00,287.5,0.3,252.65,2,Winter
2021-02-24 01:00:00,203.5,0.38,199.78,2,Winter
2021-02-24 02:00:00,217.75,0.42,292.1,2,Winter
2021-02-24 03:00:00,297.25,0.48,264.25,2,Winter
2021-02-24 04:00:00,361.25,0.2,182.58,2,Winter
2021-02-24 05:00:00,360.25,0.18,209.08,2,Winter
2021-02-24 06:00:00,416.75,0.2,189.92,2,Winter
2021-02-24 07:00:00,449.5,0.32,234.78,2,Winter
2021-02-24 08:00:00,489.75,0.28,265.58,2,Winter
2021-02-24 09:00:00,477.0,0.5,306.7,2,Winter
2021-02-24 10:00:00,283.75,0.98,298.42,2,Winter
2021-02-24 11:00:00,125.75,1.02,266.38,2,Winter
2021-02-24 12:00:00,135.5,0.98,232.4,2,Winter
2021-02-24 13:00:00,214.0,1.3,254.18,2,Winter
2021-02-24 14:00:00,77.5,1.18,254.95,2,Winter
2021-02-24 15:00:00,51.0,1.7,287.6,2,Winter
2021-02-24 16:00:00,41.0,1.28,272.62,2,Winter
2021-02-24 17:00:00,49.5,0.98,276.2,2,Winter
2021-02-24 18:00:00,64.75,0.32,255.78,2,Winter
2021-02-24 19:00:00,96.5,0.15,137.48,2,Winter
2021-02-24 20:00:00,166.5,0.25,284.98,2,Winter
2021-02-24 21:00:00,282.5,0.2,256.65,2,Winter
2021-02-24 22:00:00,238.25,0.48,272.38,2,Winter
2021-02-24 23:00:00,281.75,0.58,245.48,2,Winter
2021-02-25 00:00:00,326.25,0.38,195.75,2,Winter
2021-02-25 01:00:00,298.25,0.43,145.48,2,Winter
2021-02-25 02:00:00,312.0,0.38,151.22,2,Winter
2021-02-25 03:00:00,283.25,0.25,128.73,2,Winter
2021-02-25 04:00:00,266.0,0.52,235.88,2,Winter
2021-02-25 05:00:00,250.0,0.38,215.22,2,Winter
2021-02-25 06:00:00,242.5,0.38,192.9,2,Winter
2021-02-25 07:00:00,290.0,0.22,245.12,2,Winter
2021-02-25 08:00:00,326.0,0.45,242.62,2,Winter
2021-02-25 09:00:00,373.0,0.85,230.35,2,Winter
2021-02-25 10:00:00,340.75,1.18,240.18,2,Winter
2021-02-25 11:00:00,218.5,1.1,245.08,2,Winter
2021-02-25 12:00:00,186.25,1.02,264.72,2,Winter
2021-02-25 13:00:00,138.75,1.62,283.18,2,Winter
2021-02-25 14:00:00,80.25,1.8,280.3,2,Winter
2021-02-25 15:00:00,66.0,1.92,284.0,2,Winter
2021-02-25 16:00:00,58.25,1.55,276.9,2,Winter
2021-02-25 17:00:00,64.0,1.1,261.6,2,Winter
2021-02-25 18:00:00,69.0,0.6,250.4,2,Winter
2021-02-25 19:00:00,80.25,0.7,256.7,2,Winter
2021-02-25 20:00:00,129.0,0.43,254.78,2,Winter
2021-02-25 21:00:00,147.5,0.85,272.52,2,Winter
2021-02-25 22:00:00,161.5,0.95,273.85,2,Winter
2021-02-25 23:00:00,196.25,1.15,275.45,2,Winter
2021-02-26 00:00:00,196.75,1.05,269.12,2,Winter
2021-02-26 01:00:00,225.5,1.1,266.38,2,Winter
2021-02-26 02:00:00,207.75,1.1,264.65,2,Winter
2021-02-26 03:00:00,134.75,0.52,262.4,2,Winter
2021-02-26 04:00:00,155.0,0.38,255.68,2,Winter
2021-02-26 05:00:00,205.25,0.65,230.2,2,Winter
2021-02-26 06:00:00,244.0,0.72,228.2,2,Winter
2021-02-26 07:00:00,218.25,0.88,226.55,2,Winter
2021-02-26 08:00:00,171.0,1.15,232.92,2,Winter
2021-02-26 09:00:00,157.5,1.1,255.52,2,Winter
2021-02-26 10:00:00,151.25,1.3,277.98,2,Winter
2021-02-26 11:00:00,81.0,1.78,293.75,2,Winter
2021-02-26 12:00:00,45.0,1.95,287.02,2,Winter
2021-02-26 13:00:00,35.25,1.8,293.82,2,Winter
2021-02-26 14:00:00,34.25,1.6,287.67,2,Winter
2021-02-26 15:00:00,38.5,1.7,280.7,2,Winter
2021-02-26 16:00:00,41.0,1.25,242.27,2,Winter
2021-02-26 17:00:00,47.25,0.57,228.65,2,Winter
2021-02-26 18:00:00,60.0,0.45,162.15,2,Winter
2021-02-26 19:00:00,86.25,0.28,132.38,2,Winter
2021-02-26 20:00:00,147.0,0.35,113.15,2,Winter
2021-02-26 21:00:00,165.25,0.28,148.77,2,Winter
2021-02-26 22:00:00,143.5,0.35,72.9,2,Winter
2021-02-26 23:00:00,168.75,0.3,113.72,2,Winter
2021-02-27 00:00:00,196.75,0.55,69.12,2,Winter
2021-02-27 01:00:00,170.0,0.23,73.8,2,Winter
2021-02-27 02:00:00,139.75,0.38,124.18,2,Winter
2021-02-27 03:00:00,96.75,0.73,169.82,2,Winter
2021-02-27 04:00:00,100.75,0.77,284.75,2,Winter
2021-02-27 05:00:00,95.5,0.52,268.15,2,Winter
2021-02-27 06:00:00,128.75,0.5,218.18,2,Winter
2021-02-27 07:00:00,151.0,0.78,30.78,2,Winter
2021-02-27 08:00:00,110.75,0.85,82.2,2,Winter
2021-02-27 09:00:00,80.0,1.3,152.3,2,Winter
2021-02-27 10:00:00,90.75,1.25,165.8,2,Winter
2021-02-27 11:00:00,116.25,1.28,184.85,2,Winter
2021-02-27 12:00:00,91.25,1.28,237.02,2,Winter
2021-02-27 13:00:00,70.25,1.4,259.35,2,Winter
2021-02-27 14:00:00,47.25,1.33,280.42,2,Winter
2021-02-27 15:00:00,37.75,1.4,287.75,2,Winter
2021-02-27 16:00:00,36.5,0.92,258.3,2,Winter
2021-02-27 17:00:00,44.25,0.6,263.08,2,Winter
2021-02-27 18:00:00,53.5,0.62,66.75,2,Winter
2021-02-27 19:00:00,84.0,0.62,36.78,2,Winter
2021-02-27 20:00:00,95.75,0.68,29.88,2,Winter
2021-02-27 21:00:00,87.25,0.55,16.68,2,Winter
2021-02-27 22:00:00,101.25,0.82,258.62,2,Winter
2021-02-27 23:00:00,132.0,0.9,347.88,2,Winter
2021-02-28 00:00:00,129.75,1.15,330.83,2,Winter
2021-02-28 01:00:00,122.5,1.55,319.92,2,Winter
2021-02-28 02:00:00,114.25,1.75,321.23,2,Winter
2021-02-28 03:00:00,84.0,1.42,317.85,2,Winter
2021-02-28 04:00:00,74.75,0.72,270.45,2,Winter
2021-02-28 05:00:00,77.5,0.95,331.45,2,Winter
2021-02-28 06:00:00,82.75,0.57,244.6,2,Winter
2021-02-28 07:00:00,98.25,0.25,216.3,2,Winter
2021-02-28 08:00:00,121.25,0.8,240.42,2,Winter
2021-02-28 09:00:00,155.75,0.57,263.62,2,Winter
2021-02-28 10:00:00,165.25,0.73,290.73,2,Winter
2021-02-28 11:00:00,136.5,1.2,294.38,2,Winter
2021-02-28 12:00:00,63.5,1.8,312.98,2,Winter
2021-02-28 13:00:00,52.25,1.67,304.23,2,Winter
2021-02-28 14:00:00,39.5,1.45,285.48,2,Winter
2021-02-28 15:00:00,34.75,1.58,302.52,2,Winter
2021-02-28 16:00:00,35.0,2.15,316.88,2,Winter
2021-02-28 17:00:00,39.0,1.88,310.6,2,Winter
2021-02-28 18:00:00,49.75,1.42,295.92,2,Winter
2021-02-28 19:00:00,78.5,1.25,301.12,2,Winter
2021-02-28 20:00:00,98.75,1.32,310.38,2,Winter
2021-02-28 21:00:00,100.0,2.0,324.4,2,Winter
2021-02-28 22:00:00,72.5,1.72,318.0,2,Winter
2021-02-28 23:00:00,79.75,1.27,302.3,2,Winter
2021-03-01 00:00:00,81.5,1.4,309.75,3,Pre-monsoon
2021-03-01 01:00:00,84.75,1.85,319.32,3,Pre-monsoon
2021-03-01 02:00:00,74.0,1.05,274.32,3,Pre-monsoon
2021-03-01 03:00:00,83.75,1.05,266.4,3,Pre-monsoon
2021-03-01 04:00:00,96.75,0.9,258.65,3,Pre-monsoon
2021-03-01 05:00:00,100.5,0.7,243.2,3,Pre-monsoon
2021-03-01 06:00:00,109.75,0.57,234.12,3,Pre-monsoon
2021-03-01 07:00:00,157.5,0.8,246.55,3,Pre-monsoon
2021-03-01 08:00:00,177.25,0.9,255.78,3,Pre-monsoon
2021-03-01 09:00:00,168.5,1.6,308.08,3,Pre-monsoon
2021-03-01 10:00:00,124.75,1.72,296.58,3,Pre-monsoon
2021-03-01 11:00:00,70.25,1.92,297.48,3,Pre-monsoon
2021-03-01 12:00:00,43.5,2.35,305.25,3,Pre-monsoon
2021-03-01 13:00:00,40.5,2.58,306.15,3,Pre-monsoon
2021-03-01 14:00:00,34.75,2.47,289.67,3,Pre-monsoon
2021-03-01 15:00:00,29.0,3.0,296.35,3,Pre-monsoon
2021-03-01 16:00:00,24.0,2.3,292.18,3,Pre-monsoon
2021-03-01 17:00:00,30.25,1.68,281.3,3,Pre-monsoon
2021-03-01 18:00:00,47.25,0.85,262.12,3,Pre-monsoon
2021-03-01 19:00:00,80.75,0.65,261.1,3,Pre-monsoon
2021-03-01 20:00:00,114.75,0.8,268.27,3,Pre-monsoon
2021-03-01 21:00:00,110.0,1.1,275.42,3,Pre-monsoon
2021-03-01 22:00:00,103.25,1.2,277.1,3,Pre-monsoon
2021-03-01 23:00:00,97.25,1.17,274.3,3,Pre-monsoon
2021-03-02 00:00:00,113.75,1.17,278.08,3,Pre-monsoon
2021-03-02 01:00:00,115.5,1.33,276.3,3,Pre-monsoon
2021-03-02 02:00:00,110.25,1.3,272.48,3,Pre-monsoon
2021-03-02 03:00:00,96.25,1.33,276.05,3,Pre-monsoon
2021-03-02 04:00:00,95.75,1.42,273.8,3,Pre-monsoon
2021-03-02 05:00:00,122.75,1.32,276.15,3,Pre-monsoon
2021-03-02 06:00:00,149.25,1.48,274.02,3,Pre-monsoon
2021-03-02 07:00:00,186.5,1.5,278.02,3,Pre-monsoon
2021-03-02 08:00:00,152.0,2.28,296.73,3,Pre-monsoon
2021-03-02 09:00:00,112.0,2.22,290.15,3,Pre-monsoon
2021-03-02 10:00:00,69.25,2.6,293.05,3,Pre-monsoon
2021-03-02 11:00:00,56.5,2.6,284.15,3,Pre-monsoon
2021-03-02 12:00:00,52.0,2.33,278.58,3,Pre-monsoon
2021-03-02 13:00:00,50.0,2.62,275.35,3,Pre-monsoon
2021-03-02 14:00:00,48.75,2.88,273.23,3,Pre-monsoon
2021-03-02 15:00:00,42.75,2.75,276.88,3,Pre-monsoon
2021-03-02 16:00:00,35.25,2.2,277.77,3,Pre-monsoon
2021-03-02 17:00:00,37.5,1.55,271.77,3,Pre-monsoon
2021-03-02 18:00:00,52.25,1.18,275.5,3,Pre-monsoon
2021-03-02 19:00:00,68.75,1.27,273.2,3,Pre-monsoon
2021-03-02 20:00:00,104.0,1.48,277.97,3,Pre-monsoon
2021-03-02 21:00:00,96.25,1.35,280.15,3,Pre-monsoon
2021-03-02 22:00:00,106.25,1.48,278.88,3,Pre-monsoon
2021-03-02 23:00:00,125.75,1.38,279.73,3,Pre-monsoon
2021-03-03 00:00:00,127.75,1.27,278.45,3,Pre-monsoon
2021-03-03 01:00:00,123.5,1.18,277.25,3,Pre-monsoon
2021-03-03 02:00:00,107.25,1.17,272.38,3,Pre-monsoon
2021-03-03 03:00:00,95.25,1.12,274.38,3,Pre-monsoon
2021-03-03 04:00:00,119.75,1.1,270.23,3,Pre-monsoon
2021-03-03 05:00:00,155.75,0.8,263.85,3,Pre-monsoon
2021-03-03 06:00:00,221.5,0.5,226.0,3,Pre-monsoon
2021-03-03 07:00:00,315.5,0.6,238.48,3,Pre-monsoon
2021-03-03 08:00:00,253.5,0.92,255.52,3,Pre-monsoon
2021-03-03 09:00:00,201.25,1.12,251.5,3,Pre-monsoon
2021-03-03 10:00:00,177.0,1.23,253.8,3,Pre-monsoon
2021-03-03 11:00:00,144.5,1.42,268.23,3,Pre-monsoon
2021-03-03 12:00:00,106.25,1.6,261.58,3,Pre-monsoon
2021-03-03 13:00:00,85.25,1.83,266.18,3,Pre-monsoon
2021-03-03 14:00:00,49.0,1.72,267.5,3,Pre-monsoon
2021-03-03 15:00:00,31.5,1.82,272.83,3,Pre-monsoon
2021-03-03 16:00:00,40.0,1.7,287.55,3,Pre-monsoon
2021-03-03 17:00:00,36.5,0.92,273.55,3,Pre-monsoon
2021-03-03 18:00:00,51.75,0.65,276.1,3,Pre-monsoon
2021-03-03 19:00:00,97.75,0.48,161.05,3,Pre-monsoon
2021-03-03 20:00:00,170.75,0.28,148.93,3,Pre-monsoon
2021-03-03 21:00:00,176.0,0.45,102.22,3,Pre-monsoon
2021-03-03 22:00:00,158.25,0.48,123.8,3,Pre-monsoon
2021-03-03 23:00:00,188.0,0.38,111.05,3,Pre-monsoon
2021-03-04 00:00:00,212.5,0.3,200.85,3,Pre-monsoon
2021-03-04 01:00:00,267.75,0.43,128.1,3,Pre-monsoon
2021-03-04 02:00:00,247.5,0.38,107.12,3,Pre-monsoon
2021-03-04 03:00:00,190.0,0.3,126.55,3,Pre-monsoon
2021-03-04 04:00:00,216.75,0.4,200.48,3,Pre-monsoon
2021-03-04 05:00:00,295.25,0.3,176.52,3,Pre-monsoon
2021-03-04 06:00:00,326.75,0.3,180.65,3,Pre-monsoon
2021-03-04 07:00:00,346.5,0.35,115.05,3,Pre-monsoon
2021-03-04 08:00:00,299.25,0.78,75.4,3,Pre-monsoon
2021-03-04 09:00:00,215.75,1.0,45.15,3,Pre-monsoon
2021-03-04 10:00:00,117.0,0.85,85.25,3,Pre-monsoon
2021-03-04 11:00:00,72.25,0.72,138.88,3,Pre-monsoon
2021-03-04 12:00:00,103.5,0.55,213.52,3,Pre-monsoon
2021-03-04 13:00:00,143.5,1.02,262.8,3,Pre-monsoon
2021-03-04 14:00:00,138.25,1.3,281.25,3,Pre-monsoon
2021-03-04 15:00:00,108.0,1.45,300.65,3,Pre-monsoon
2021-03-04 16:00:00,126.0,1.2,294.62,3,Pre-monsoon
2021-03-04 17:00:00,104.5,1.2,293.68,3,Pre-monsoon
2021-03-04 18:00:00,106.25,1.15,313.73,3,Pre-monsoon
2021-03-04 19:00:00,153.0,0.82,173.02,3,Pre-monsoon
2021-03-04 20:00:00,180.5,0.95,353.33,3,Pre-monsoon
2021-03-04 21:00:00,173.0,0.4,146.35,3,Pre-monsoon
2021-03-04 22:00:00,174.5,0.3,168.7,3,Pre-monsoon
2021-03-04 23:00:00,178.0,0.4,207.35,3,Pre-monsoon
2021-03-05 00:00:00,170.75,0.38,156.7,3,Pre-monsoon
2021-03-05 01:00:00,165.75,0.9,275.3,3,Pre-monsoon
2021-03-05 02:00:00,202.0,0.75,245.5,3,Pre-monsoon
2021-03-05 03:00:00,243.25,0.77,270.85,3,Pre-monsoon
2021-03-05 04:00:00,245.0,1.17,266.7,3,Pre-monsoon
2021-03-05 05:00:00,230.5,0.95,268.82,3,Pre-monsoon
2021-03-05 06:00:00,235.25,1.08,269.27,3,Pre-monsoon
2021-03-05 07:00:00,257.75,1.4,271.4,3,Pre-monsoon
2021-03-05 08:00:00,269.5,1.78,286.17,3,Pre-monsoon
2021-03-05 09:00:00,167.25,2.0,295.32,3,Pre-monsoon
2021-03-05 10:00:00,93.75,2.53,296.8,3,Pre-monsoon
2021-03-05 11:00:00,72.75,2.55,299.52,3,Pre-monsoon
2021-03-05 12:00:00,53.75,2.17,283.83,3,Pre-monsoon
2021-03-05 13:00:00,44.0,2.68,293.27,3,Pre-monsoon
2021-03-05 14:00:00,44.0,2.72,291.88,3,Pre-monsoon
2021-03-05 15:00:00,44.75,2.68,287.35,3,Pre-monsoon
2021-03-05 16:00:00,45.75,2.08,287.82,3,Pre-monsoon
2021-03-05 17:00:00,46.25,1.4,274.75,3,Pre-monsoon
2021-03-05 18:00:00,67.25,1.12,270.08,3,Pre-monsoon
2021-03-05 19:00:00,104.25,1.2,268.58,3,Pre-monsoon
2021-03-05 20:00:00,136.0,1.48,274.8,3,Pre-monsoon
2021-03-05 21:00:00,122.0,1.23,277.6,3,Pre-monsoon
2021-03-05 22:00:00,127.75,1.3,275.23,3,Pre-monsoon
2021-03-05 23:00:00,131.5,1.38,273.7,3,Pre-monsoon
2021-03-06 00:00:00,118.75,1.35,273.75,3,Pre-monsoon
2021-03-06 01:00:00,119.0,1.48,280.95,3,Pre-monsoon
2021-03-06 02:00:00,108.75,1.42,274.1,3,Pre-monsoon
2021-03-06 03:00:00,106.75,1.0,264.47,3,Pre-monsoon
2021-03-06 04:00:00,151.25,0.92,241.58,3,Pre-monsoon
2021-03-06 05:00:00,191.25,0.92,235.02,3,Pre-monsoon
2021-03-06 06:00:00,213.5,1.05,255.18,3,Pre-monsoon
2021-03-06 07:00:00,245.75,1.25,269.95,3,Pre-monsoon
2021-03-06 08:00:00,233.25,1.25,280.02,3,Pre-monsoon
2021-03-06 09:00:00,221.25,1.38,280.88,3,Pre-monsoon
2021-03-06 10:00:00,147.25,1.33,277.48,3,Pre-monsoon
2021-03-06 11:00:00,113.5,1.35,282.7,3,Pre-monsoon
2021-03-06 12:00:00,85.75,1.67,275.88,3,Pre-monsoon
2021-03-06 13:00:00,64.25,2.33,284.6,3,Pre-monsoon
2021-03-06 14:00:00,45.25,2.05,272.08,3,Pre-monsoon
2021-03-06 15:00:00,40.5,1.72,277.17,3,Pre-monsoon
2021-03-06 16:00:00,44.75,1.45,266.65,3,Pre-monsoon
2021-03-06 17:00:00,54.5,1.02,255.3,3,Pre-monsoon
2021-03-06 18:00:00,63.5,0.45,268.12,3,Pre-monsoon
2021-03-06 19:00:00,86.75,0.3,237.15,3,Pre-monsoon
2021-03-06 20:00:00,123.0,0.38,240.95,3,Pre-monsoon
2021-03-06 21:00:00,144.75,0.4,125.3,3,Pre-monsoon
2021-03-06 22:00:00,147.5,0.42,86.62,3,Pre-monsoon
2021-03-06 23:00:00,158.25,0.4,107.32,3,Pre-monsoon
2021-03-07 00:00:00,182.5,0.6,176.82,3,Pre-monsoon
2021-03-07 01:00:00,169.0,0.23,90.72,3,Pre-monsoon
2021-03-07 02:00:00,163.75,0.98,23.58,3,Pre-monsoon
2021-03-07 03:00:00,177.5,0.88,82.18,3,Pre-monsoon
2021-03-07 04:00:00,195.5,0.8,62.9,3,Pre-monsoon
2021-03-07 05:00:00,236.5,0.8,68.45,3,Pre-monsoon
2021-03-07 06:00:00,266.5,1.15,66.58,3,Pre-monsoon
2021-03-07 07:00:00,275.5,1.42,50.52,3,Pre-monsoon
2021-03-07 08:00:00,283.75,1.7,63.92,3,Pre-monsoon
2021-03-07 09:00:00,251.5,1.92,55.58,3,Pre-monsoon
2021-03-07 10:00:00,182.0,1.78,74.95,3,Pre-monsoon
2021-03-07 11:00:00,116.75,1.3,76.62,3,Pre-monsoon
2021-03-07 12:00:00,100.5,1.45,75.15,3,Pre-monsoon
2021-03-07 13:00:00,93.0,1.5,66.5,3,Pre-monsoon
2021-03-07 14:00:00,74.5,1.85,68.97,3,Pre-monsoon
2021-03-07 15:00:00,73.0,2.6,55.82,3,Pre-monsoon
2021-03-07 16:00:00,71.75,2.33,62.28,3,Pre-monsoon
2021-03-07 17:00:00,69.25,2.05,62.82,3,Pre-monsoon
2021-03-07 18:00:00,74.5,1.62,68.5,3,Pre-monsoon
2021-03-07 19:00:00,84.75,1.68,64.65,3,Pre-monsoon
2021-03-07 20:00:00,112.5,2.1,64.62,3,Pre-monsoon
2021-03-07 21:00:00,144.75,1.8,70.38,3,Pre-monsoon
2021-03-07 22:00:00,139.5,1.2,75.6,3,Pre-monsoon
2021-03-07 23:00:00,115.5,1.1,75.9,3,Pre-monsoon
2021-03-08 00:00:00,109.0,1.38,71.38,3,Pre-monsoon
2021-03-08 01:00:00,97.5,0.73,72.1,3,Pre-monsoon
2021-03-08 02:00:00,77.75,1.05,60.25,3,Pre-monsoon
2021-03-08 03:00:00,76.5,1.42,42.08,3,Pre-monsoon
2021-03-08 04:00:00,107.0,1.98,34.17,3,Pre-monsoon
2021-03-08 05:00:00,128.0,2.15,57.25,3,Pre-monsoon
2021-03-08 06:00:00,149.0,1.9,68.0,3,Pre-monsoon
2021-03-08 07:00:00,159.25,1.8,70.32,3,Pre-monsoon
2021-03-08 08:00:00,161.5,2.12,66.8,3,Pre-monsoon
2021-03-08 09:00:00,155.75,2.6,63.47,3,Pre-monsoon
2021-03-08 10:00:00,148.75,2.0,74.43,3,Pre-monsoon
2021-03-08 11:00:00,135.5,1.88,75.03,3,Pre-monsoon
2021-03-08 12:00:00,123.5,1.42,70.35,3,Pre-monsoon
2021-03-08 13:00:00,116.0,1.85,65.1,3,Pre-monsoon
2021-03-08 14:00:00,106.75,1.88,63.9,3,Pre-monsoon
2021-03-08 15:00:00,103.75,1.78,64.55,3,Pre-monsoon
2021-03-08 16:00:00,95.5,2.3,57.65,3,Pre-monsoon
2021-03-08 17:00:00,92.0,2.02,62.52,3,Pre-monsoon
2021-03-08 18:00:00,98.0,1.78,65.65,3,Pre-monsoon
2021-03-08 19:00:00,110.75,1.32,70.27,3,Pre-monsoon
2021-03-08 20:00:00,129.25,1.15,74.57,3,Pre-monsoon
2021-03-08 21:00:00,155.5,0.9,67.47,3,Pre-monsoon
2021-03-08 22:00:00,174.5,1.18,68.55,3,Pre-monsoon
2021-03-08 23:00:00,194.25,1.22,45.12,3,Pre-monsoon
2021-03-09 00:00:00,214.5,1.6,45.25,3,Pre-monsoon
2021-03-09 01:00:00,237.0,1.25,64.32,3,Pre-monsoon
2021-03-09 02:00:00,214.5,1.12,51.2,3,Pre-monsoon
2021-03-09 03:00:00,222.25,0.62,101.32,3,Pre-monsoon
2021-03-09 04:00:00,209.0,0.82,62.0,3,Pre-monsoon
2021-03-09 05:00:00,219.5,0.75,93.35,3,Pre-monsoon
2021-03-09 06:00:00,214.25,1.25,77.97,3,Pre-monsoon
2021-03-09 07:00:00,215.0,1.23,69.47,3,Pre-monsoon
2021-03-09 08:00:00,224.0,1.27,67.38,3,Pre-monsoon
2021-03-09 09:00:00,226.25,1.0,84.3,3,Pre-monsoon
2021-03-09 10:00:00,208.25,0.98,115.08,3,Pre-monsoon
2021-03-09 11:00:00,134.0,0.88,111.35,3,Pre-monsoon
2021-03-09 12:00:00,132.25,0.75,105.78,3,Pre-monsoon
2021-03-09 13:00:00,124.5,1.02,61.2,3,Pre-monsoon
2021-03-09 14:00:00,118.0,1.3,53.7,3,Pre-monsoon
2021-03-09 15:00:00,121.75,1.52,36.7,3,Pre-monsoon
2021-03-09 16:00:00,123.75,1.78,54.48,3,Pre-monsoon
2021-03-09 17:00:00,124.75,1.45,56.05,3,Pre-monsoon
2021-03-09 18:00:00,128.5,1.25,61.58,3,Pre-monsoon
2021-03-09 19:00:00,138.0,1.05,48.7,3,Pre-monsoon
2021-03-09 20:00:00,164.25,1.83,189.55,3,Pre-monsoon
2021-03-09 21:00:00,94.5,0.8,174.02,3,Pre-monsoon
2021-03-09 22:00:00,27.75,1.18,154.68,3,Pre-monsoon
2021-03-09 23:00:00,28.25,1.03,136.2,3,Pre-monsoon
2021-03-10 00:00:00,20.0,0.85,90.65,3,Pre-monsoon
2021-03-10 01:00:00,15.5,0.98,208.05,3,Pre-monsoon
2021-03-10 02:00:00,40.5,0.82,290.02,3,Pre-monsoon
2021-03-10 03:00:00,79.25,0.98,257.08,3,Pre-monsoon
2021-03-10 04:00:00,93.25,1.2,284.73,3,Pre-monsoon
2021-03-10 05:00:00,95.5,0.9,261.15,3,Pre-monsoon
2021-03-10 06:00:00,97.5,1.1,283.65,3,Pre-monsoon
2021-03-10 07:00:00,116.25,0.7,155.8,3,Pre-monsoon
2021-03-10 08:00:00,115.25,0.62,183.18,3,Pre-monsoon
2021-03-10 09:00:00,122.75,0.45,103.22,3,Pre-monsoon
2021-03-10 10:00:00,124.25,0.5,54.5,3,Pre-monsoon
2021-03-10 11:00:00,92.5,0.8,164.1,3,Pre-monsoon
2021-03-10 12:00:00,86.25,0.62,200.15,3,Pre-monsoon
2021-03-10 13:00:00,78.0,1.17,295.05,3,Pre-monsoon
2021-03-10 14:00:00,40.25,1.4,273.5,3,Pre-monsoon
2021-03-10 15:00:00,34.75,1.32,250.58,3,Pre-monsoon
2021-03-10 16:00:00,40.25,1.32,256.73,3,Pre-monsoon
2021-03-10 17:00:00,60.25,0.95,253.2,3,Pre-monsoon
2021-03-10 18:00:00,60.75,0.68,248.98,3,Pre-monsoon
2021-03-10 19:00:00,63.5,0.52,263.9,3,Pre-monsoon
2021-03-10 20:00:00,129.0,0.95,267.9,3,Pre-monsoon
2021-03-10 21:00:00,211.75,0.88,249.55,3,Pre-monsoon
2021-03-10 22:00:00,210.25,0.82,241.68,3,Pre-monsoon
2021-03-10 23:00:00,201.5,0.68,220.8,3,Pre-monsoon
2021-03-11 00:00:00,151.5,1.05,255.28,3,Pre-monsoon
2021-03-11 01:00:00,145.0,1.02,277.38,3,Pre-monsoon
2021-03-11 02:00:00,151.75,1.23,315.7,3,Pre-monsoon
2021-03-11 03:00:00,137.0,0.4,237.55,3,Pre-monsoon
2021-03-11 04:00:00,137.0,0.48,119.8,3,Pre-monsoon
2021-03-11 05:00:00,135.5,0.32,158.38,3,Pre-monsoon
2021-03-11 06:00:00,158.75,0.5,174.4,3,Pre-monsoon
2021-03-11 07:00:00,159.0,0.45,110.78,3,Pre-monsoon
2021-03-11 08:00:00,159.75,0.6,145.73,3,Pre-monsoon
2021-03-11 09:00:00,179.75,0.75,142.18,3,Pre-monsoon
2021-03-11 10:00:00,176.25,1.03,152.6,3,Pre-monsoon
2021-03-11 11:00:00,148.75,0.92,117.38,3,Pre-monsoon
2021-03-11 12:00:00,84.25,0.88,118.72,3,Pre-monsoon
2021-03-11 13:00:00,64.5,0.9,101.55,3,Pre-monsoon
2021-03-11 14:00:00,65.25,1.4,69.42,3,Pre-monsoon
2021-03-11 15:00:00,64.75,2.08,54.47,3,Pre-monsoon
2021-03-11 16:00:00,65.75,1.75,60.9,3,Pre-monsoon
2021-03-11 17:00:00,51.25,1.42,66.5,3,Pre-monsoon
2021-03-11 18:00:00,52.0,0.58,84.58,3,Pre-monsoon
2021-03-11 19:00:00,85.5,0.22,91.78,3,Pre-monsoon
2021-03-11 20:00:00,142.0,0.48,68.4,3,Pre-monsoon
2021-03-11 21:00:00,170.0,0.62,47.68,3,Pre-monsoon
2021-03-11 22:00:00,156.5,0.48,113.4,3,Pre-monsoon
2021-03-11 23:00:00,138.5,0.65,77.72,3,Pre-monsoon
2021-03-12 00:00:00,163.75,0.98,56.68,3,Pre-monsoon
2021-03-12 01:00:00,212.0,1.08,71.47,3,Pre-monsoon
2021-03-12 02:00:00,229.0,0.42,75.07,3,Pre-monsoon
2021-03-12 03:00:00,154.25,0.43,80.75,3,Pre-monsoon
2021-03-12 04:00:00,125.5,0.78,70.32,3,Pre-monsoon
2021-03-12 05:00:00,125.75,1.55,39.58,3,Pre-monsoon
2021-03-12 06:00:00,152.75,1.52,325.35,3,Pre-monsoon
2021-03-12 07:00:00,161.75,1.27,92.95,3,Pre-monsoon
2021-03-12 08:00:00,146.0,1.7,255.42,3,Pre-monsoon
2021-03-12 09:00:00,121.25,1.72,181.55,3,Pre-monsoon
2021-03-12 10:00:00,128.5,2.15,34.97,3,Pre-monsoon
2021-03-12 11:00:00,120.25,2.12,42.3,3,Pre-monsoon
2021-03-12 12:00:00,89.25,2.25,53.92,3,Pre-monsoon
2021-03-12 13:00:00,82.75,2.3,57.1,3,Pre-monsoon
2021-03-12 14:00:00,72.25,1.83,89.85,3,Pre-monsoon
2021-03-12 15:00:00,50.0,1.38,118.58,3,Pre-monsoon
2021-03-12 16:00:00,43.25,1.05,132.93,3,Pre-monsoon
2021-03-12 17:00:00,51.75,1.32,60.18,3,Pre-monsoon
2021-03-12 18:00:00,88.25,1.7,49.45,3,Pre-monsoon
2021-03-12 19:00:00,98.0,0.85,82.15,3,Pre-monsoon
2021-03-12 20:00:00,73.75,0.92,77.65,3,Pre-monsoon
2021-03-12 21:00:00,30.5,1.5,38.82,3,Pre-monsoon
2021-03-12 22:00:00,46.5,0.9,101.88,3,Pre-monsoon
2021-03-12 23:00:00,79.5,0.92,8.18,3,Pre-monsoon
2021-03-13 00:00:00,108.75,0.82,183.92,3,Pre-monsoon
2021-03-13 01:00:00,138.5,1.12,25.25,3,Pre-monsoon
2021-03-13 02:00:00,168.0,0.98,70.65,3,Pre-monsoon
2021-03-13 03:00:00,177.25,0.88,80.6,3,Pre-monsoon
2021-03-13 04:00:00,186.25,0.28,192.7,3,Pre-monsoon
2021-03-13 05:00:00,156.0,0.82,248.12,3,Pre-monsoon
2021-03-13 06:00:00,164.5,1.0,273.02,3,Pre-monsoon
2021-03-13 07:00:00,273.5,1.38,163.9,3,Pre-monsoon
2021-03-13 08:00:00,477.0,0.6,132.9,3,Pre-monsoon
2021-03-13 09:00:00,380.5,0.68,248.68,3,Pre-monsoon
2021-03-13 10:00:00,241.0,1.17,266.25,3,Pre-monsoon
2021-03-13 11:00:00,132.5,1.35,287.95,3,Pre-monsoon
2021-03-13 12:00:00,84.0,1.48,286.82,3,Pre-monsoon
2021-03-13 13:00:00,96.0,1.85,302.6,3,Pre-monsoon
2021-03-13 14:00:00,66.25,1.88,296.7,3,Pre-monsoon
2021-03-13 15:00:00,54.5,1.92,296.72,3,Pre-monsoon
2021-03-13 16:00:00,40.75,1.83,287.2,3,Pre-monsoon
2021-03-13 17:00:00,32.75,1.42,294.83,3,Pre-monsoon
2021-03-13 18:00:00,38.5,1.35,279.9,3,Pre-monsoon
2021-03-13 19:00:00,61.75,0.88,262.05,3,Pre-monsoon
2021-03-13 20:00:00,151.0,0.98,264.23,3,Pre-monsoon
2021-03-13 21:00:00,215.0,0.75,271.1,3,Pre-monsoon
2021-03-13 22:00:00,184.0,0.48,264.52,3,Pre-monsoon
2021-03-13 23:00:00,177.5,0.62,281.15,3,Pre-monsoon
2021-03-14 00:00:00,219.0,0.65,278.68,3,Pre-monsoon
2021-03-14 01:00:00,220.0,1.15,268.35,3,Pre-monsoon
2021-03-14 02:00:00,233.25,1.12,265.17,3,Pre-monsoon
2021-03-14 03:00:00,206.0,1.1,261.8,3,Pre-monsoon
2021-03-14 04:00:00,195.5,1.12,263.45,3,Pre-monsoon
2021-03-14 05:00:00,207.5,1.02,256.0,3,Pre-monsoon
2021-03-14 06:00:00,231.25,1.0,254.8,3,Pre-monsoon
2021-03-14 07:00:00,235.5,1.08,249.08,3,Pre-monsoon
2021-03-14 08:00:00,227.75,0.95,242.42,3,Pre-monsoon
2021-03-14 09:00:00,192.75,1.1,238.38,3,Pre-monsoon
2021-03-14 10:00:00,160.75,1.1,256.73,3,Pre-monsoon
2021-03-14 11:00:00,122.5,1.58,267.2,3,Pre-monsoon
2021-03-14 12:00:00,94.25,1.5,263.35,3,Pre-monsoon
2021-03-14 13:00:00,70.75,1.92,268.35,3,Pre-monsoon
2021-03-14 14:00:00,50.25,1.8,289.05,3,Pre-monsoon
2021-03-14 15:00:00,45.25,1.88,283.27,3,Pre-monsoon
2021-03-14 16:00:00,44.75,1.75,288.32,3,Pre-monsoon
2021-03-14 17:00:00,41.0,1.45,276.73,3,Pre-monsoon
2021-03-14 18:00:00,47.5,1.3,281.9,3,Pre-monsoon
2021-03-14 19:00:00,92.5,1.3,288.62,3,Pre-monsoon
2021-03-14 20:00:00,164.25,1.2,317.65,3,Pre-monsoon
2021-03-14 21:00:00,134.5,1.12,318.45,3,Pre-monsoon
2021-03-14 22:00:00,90.75,0.92,273.55,3,Pre-monsoon
2021-03-14 23:00:00,103.75,1.08,279.15,3,Pre-monsoon
2021-03-15 00:00:00,113.5,1.05,258.08,3,Pre-monsoon
2021-03-15 01:00:00,104.25,1.15,280.1,3,Pre-monsoon
2021-03-15 02:00:00,113.5,0.98,249.22,3,Pre-monsoon
2021-03-15 03:00:00,106.75,0.68,232.23,3,Pre-monsoon
2021-03-15 04:00:00,130.75,0.52,232.2,3,Pre-monsoon
2021-03-15 05:00:00,176.5,0.72,237.75,3,Pre-monsoon
2021-03-15 06:00:00,225.5,0.7,232.68,3,Pre-monsoon
2021-03-15 07:00:00,311.0,0.77,244.12,3,Pre-monsoon
2021-03-15 08:00:00,305.5,1.1,234.32,3,Pre-monsoon
2021-03-15 09:00:00,215.5,1.38,251.5,3,Pre-monsoon
2021-03-15 10:00:00,141.5,1.35,258.62,3,Pre-monsoon
2021-03-15 11:00:00,90.0,1.58,265.92,3,Pre-monsoon
2021-03-15 12:00:00,68.75,1.6,264.8,3,Pre-monsoon
2021-03-15 13:00:00,46.25,1.7,265.47,3,Pre-monsoon
2021-03-15 14:00:00,35.0,2.0,282.9,3,Pre-monsoon
2021-03-15 15:00:00,37.5,1.85,275.2,3,Pre-monsoon
2021-03-15 16:00:00,45.25,1.8,280.85,3,Pre-monsoon
2021-03-15 17:00:00,47.75,1.25,271.15,3,Pre-monsoon
2021-03-15 18:00:00,56.75,1.05,267.65,3,Pre-monsoon
2021-03-15 19:00:00,85.5,0.85,262.42,3,Pre-monsoon
2021-03-15 20:00:00,144.5,0.55,262.55,3,Pre-monsoon
2021-03-15 21:00:00,162.0,0.95,271.18,3,Pre-monsoon
2021-03-15 22:00:00,161.75,0.92,249.45,3,Pre-monsoon
2021-03-15 23:00:00,176.0,0.82,240.42,3,Pre-monsoon
2021-03-16 00:00:00,158.75,0.98,258.52,3,Pre-monsoon
2021-03-16 01:00:00,131.25,1.15,267.4,3,Pre-monsoon
2021-03-16 02:00:00,132.5,1.08,271.58,3,Pre-monsoon
2021-03-16 03:00:00,161.0,0.82,242.82,3,Pre-monsoon
2021-03-16 04:00:00,163.0,0.57,247.95,3,Pre-monsoon
2021-03-16 05:00:00,188.25,0.72,256.65,3,Pre-monsoon
2021-03-16 06:00:00,255.5,0.72,233.08,3,Pre-monsoon
2021-03-16 07:00:00,273.75,0.88,240.25,3,Pre-monsoon
2021-03-16 08:00:00,237.5,1.12,271.38,3,Pre-monsoon
2021-03-16 09:00:00,200.25,1.7,298.08,3,Pre-monsoon
2021-03-16 10:00:00,122.25,1.52,288.18,3,Pre-monsoon
2021-03-16 11:00:00,73.5,1.62,262.32,3,Pre-monsoon
2021-03-16 12:00:00,66.25,1.65,282.95,3,Pre-monsoon
2021-03-16 13:00:00,58.75,2.02,280.03,3,Pre-monsoon
2021-03-16 14:00:00,63.0,2.1,275.23,3,Pre-monsoon
2021-03-16 15:00:00,70.25,1.85,281.38,3,Pre-monsoon
2021-03-16 16:00:00,73.75,1.9,279.75,3,Pre-monsoon
2021-03-16 17:00:00,72.0,1.62,277.62,3,Pre-monsoon
2021-03-16 18:00:00,80.75,0.98,264.9,3,Pre-monsoon
2021-03-16 19:00:00,122.0,0.8,265.92,3,Pre-monsoon
2021-03-16 20:00:00,145.5,0.92,264.95,3,Pre-monsoon
2021-03-16 21:00:00,169.25,0.88,266.03,3,Pre-monsoon
2021-03-16 22:00:00,185.0,1.23,274.62,3,Pre-monsoon
2021-03-16 23:00:00,167.5,1.25,282.85,3,Pre-monsoon
2021-03-17 00:00:00,157.75,1.0,260.8,3,Pre-monsoon
2021-03-17 01:00:00,119.75,0.7,213.92,3,Pre-monsoon
2021-03-17 02:00:00,112.0,0.32,207.08,3,Pre-monsoon
2021-03-17 03:00:00,125.0,0.48,238.18,3,Pre-monsoon
2021-03-17 04:00:00,123.25,0.7,239.6,3,Pre-monsoon
2021-03-17 05:00:00,161.75,0.9,242.1,3,Pre-monsoon
2021-03-17 06:00:00,256.75,0.88,244.0,3,Pre-monsoon
2021-03-17 07:00:00,288.0,0.82,243.65,3,Pre-monsoon
2021-03-17 08:00:00,209.25,1.15,237.1,3,Pre-monsoon
2021-03-17 09:00:00,162.75,1.1,264.62,3,Pre-monsoon
2021-03-17 10:00:00,129.25,1.3,293.0,3,Pre-monsoon
2021-03-17 11:00:00,97.5,1.12,283.9,3,Pre-monsoon
2021-03-17 12:00:00,83.5,1.25,277.0,3,Pre-monsoon
2021-03-17 13:00:00,89.5,1.8,297.38,3,Pre-monsoon
2021-03-17 14:00:00,81.75,1.25,272.2,3,Pre-monsoon
2021-03-17 15:00:00,72.25,1.65,297.55,3,Pre-monsoon
2021-03-17 16:00:00,72.75,1.55,304.35,3,Pre-monsoon
2021-03-17 17:00:00,75.0,1.62,301.95,3,Pre-monsoon
2021-03-17 18:00:00,89.5,1.8,324.12,3,Pre-monsoon
2021-03-17 19:00:00,130.0,1.38,317.0,3,Pre-monsoon
2021-03-17 20:00:00,181.25,1.0,294.3,3,Pre-monsoon
2021-03-17 21:00:00,121.5,0.52,245.73,3,Pre-monsoon
2021-03-17 22:00:00,130.75,0.57,195.23,3,Pre-monsoon
2021-03-17 23:00:00,127.75,0.98,252.1,3,Pre-monsoon
2021-03-18 00:00:00,105.75,0.5,208.9,3,Pre-monsoon
2021-03-18 01:00:00,111.75,0.4,199.18,3,Pre-monsoon
2021-03-18 02:00:00,106.75,0.3,199.23,3,Pre-monsoon
2021-03-18 03:00:00,120.0,0.75,259.1,3,Pre-monsoon
2021-03-18 04:00:00,176.5,1.05,267.73,3,Pre-monsoon
2021-03-18 05:00:00,300.75,1.25,272.5,3,Pre-monsoon
2021-03-18 06:00:00,355.75,0.88,255.62,3,Pre-monsoon
2021-03-18 07:00:00,246.0,1.0,279.55,3,Pre-monsoon
2021-03-18 08:00:00,145.75,0.82,274.05,3,Pre-monsoon
2021-03-18 09:00:00,153.75,0.68,225.6,3,Pre-monsoon
2021-03-18 10:00:00,152.75,0.65,222.72,3,Pre-monsoon
2021-03-18 11:00:00,118.75,0.95,272.73,3,Pre-monsoon
2021-03-18 12:00:00,97.25,1.17,293.98,3,Pre-monsoon
2021-03-18 13:00:00,85.5,1.15,279.5,3,Pre-monsoon
2021-03-18 14:00:00,72.75,1.38,300.05,3,Pre-monsoon
2021-03-18 15:00:00,66.0,1.58,292.35,3,Pre-monsoon
2021-03-18 16:00:00,65.25,1.75,304.3,3,Pre-monsoon
2021-03-18 17:00:00,62.0,1.42,286.6,3,Pre-monsoon
2021-03-18 18:00:00,66.75,1.15,294.27,3,Pre-monsoon
2021-03-18 19:00:00,102.5,1.15,304.1,3,Pre-monsoon
2021-03-18 20:00:00,142.75,0.32,228.1,3,Pre-monsoon
2021-03-18 21:00:00,149.25,0.68,308.68,3,Pre-monsoon
2021-03-18 22:00:00,142.0,0.72,246.92,3,Pre-monsoon
2021-03-18 23:00:00,144.0,1.05,267.85,3,Pre-monsoon
2021-03-19 00:00:00,164.0,0.8,240.18,3,Pre-monsoon
2021-03-19 01:00:00,158.25,0.95,259.5,3,Pre-monsoon
2021-03-19 02:00:00,184.5,1.1,268.27,3,Pre-monsoon
2021-03-19 03:00:00,206.25,1.42,290.6,3,Pre-monsoon
2021-03-19 04:00:00,184.25,1.38,316.1,3,Pre-monsoon
2021-03-19 05:00:00,125.75,1.55,318.82,3,Pre-monsoon
2021-03-19 06:00:00,130.0,0.8,245.98,3,Pre-monsoon
2021-03-19 07:00:00,137.0,0.88,258.32,3,Pre-monsoon
2021-03-19 08:00:00,143.0,1.15,297.88,3,Pre-monsoon
2021-03-19 09:00:00,141.5,0.68,138.07,3,Pre-monsoon
2021-03-19 10:00:00,105.25,0.88,221.72,3,Pre-monsoon
2021-03-19 11:00:00,85.5,1.27,286.0,3,Pre-monsoon
2021-03-19 12:00:00,73.25,1.88,291.12,3,Pre-monsoon
2021-03-19 13:00:00,81.75,1.6,284.32,3,Pre-monsoon
2021-03-19 14:00:00,62.75,1.6,260.35,3,Pre-monsoon
2021-03-19 15:00:00,44.0,1.83,268.65,3,Pre-monsoon
2021-03-19 16:00:00,43.25,1.72,269.28,3,Pre-monsoon
2021-03-19 17:00:00,43.25,1.42,277.4,3,Pre-monsoon
2021-03-19 18:00:00,55.0,1.2,269.1,3,Pre-monsoon
2021-03-19 19:00:00,74.0,1.2,276.05,3,Pre-monsoon
2021-03-19 20:00:00,99.0,0.75,241.35,3,Pre-monsoon
2021-03-19 21:00:00,131.5,1.15,254.1,3,Pre-monsoon
2021-03-19 22:00:00,107.0,1.08,259.02,3,Pre-monsoon
2021-03-19 23:00:00,93.0,0.77,247.75,3,Pre-monsoon
2021-03-20 00:00:00,129.25,1.08,262.73,3,Pre-monsoon
2021-03-20 01:00:00,226.0,0.75,264.1,3,Pre-monsoon
2021-03-20 02:00:00,207.75,0.82,265.35,3,Pre-monsoon
2021-03-20 03:00:00,188.75,1.22,274.78,3,Pre-monsoon
2021-03-20 04:00:00,220.75,1.1,275.25,3,Pre-monsoon
2021-03-20 05:00:00,242.25,1.18,276.12,3,Pre-monsoon
2021-03-20 06:00:00,258.0,0.68,208.0,3,Pre-monsoon
2021-03-20 07:00:00,269.25,0.72,211.4,3,Pre-monsoon
2021-03-20 08:00:00,256.0,1.1,267.83,3,Pre-monsoon
2021-03-20 09:00:00,193.0,1.15,264.45,3,Pre-monsoon
2021-03-20 10:00:00,168.25,1.38,264.58,3,Pre-monsoon
2021-03-20 11:00:00,117.5,1.4,255.7,3,Pre-monsoon
2021-03-20 12:00:00,97.0,1.52,274.3,3,Pre-monsoon
2021-03-20 13:00:00,61.5,1.8,277.68,3,Pre-monsoon
2021-03-20 14:00:00,42.25,2.2,278.12,3,Pre-monsoon
2021-03-20 15:00:00,34.25,2.03,273.65,3,Pre-monsoon
2021-03-20 16:00:00,36.75,2.0,309.15,3,Pre-monsoon
2021-03-20 17:00:00,41.75,1.83,310.0,3,Pre-monsoon
2021-03-20 18:00:00,44.0,1.2,284.77,3,Pre-monsoon
2021-03-20 19:00:00,69.25,0.57,233.5,3,Pre-monsoon
2021-03-20 20:00:00,117.75,0.32,212.42,3,Pre-monsoon
2021-03-20 21:00:00,115.5,0.52,208.7,3,Pre-monsoon
2021-03-20 22:00:00,116.25,0.3,211.22,3,Pre-monsoon
2021-03-20 23:00:00,138.25,0.43,275.38,3,Pre-monsoon
2021-03-21 00:00:00,165.5,0.57,263.33,3,Pre-monsoon
2021-03-21 01:00:00,207.0,0.65,255.92,3,Pre-monsoon
2021-03-21 02:00:00,266.25,0.72,269.2,3,Pre-monsoon
2021-03-21 03:00:00,320.25,0.62,272.85,3,Pre-monsoon
2021-03-21 04:00:00,383.0,0.75,250.9,3,Pre-monsoon
2021-03-21 05:00:00,391.75,0.62,254.15,3,Pre-monsoon
2021-03-21 06:00:00,425.0,0.43,140.98,3,Pre-monsoon
2021-03-21 07:00:00,474.5,0.42,163.38,3,Pre-monsoon
2021-03-21 08:00:00,362.75,0.95,177.15,3,Pre-monsoon
2021-03-21 09:00:00,232.25,0.82,177.9,3,Pre-monsoon
2021-03-21 10:00:00,140.5,0.68,159.52,3,Pre-monsoon
2021-03-21 11:00:00,81.25,1.25,225.8,3,Pre-monsoon
2021-03-21 12:00:00,65.0,1.4,250.62,3,Pre-monsoon
2021-03-21 13:00:00,69.75,1.32,275.68,3,Pre-monsoon
2021-03-21 14:00:00,55.5,1.65,297.38,3,Pre-monsoon
2021-03-21 15:00:00,76.75,1.98,317.3,3,Pre-monsoon
2021-03-21 16:00:00,69.5,1.95,339.48,3,Pre-monsoon
2021-03-21 17:00:00,61.25,1.85,344.1,3,Pre-monsoon
2021-03-21 18:00:00,72.0,1.65,343.62,3,Pre-monsoon
2021-03-21 19:00:00,86.75,1.32,355.78,3,Pre-monsoon
2021-03-21 20:00:00,98.0,1.1,21.65,3,Pre-monsoon
2021-03-21 21:00:00,114.0,1.27,22.22,3,Pre-monsoon
2021-03-21 22:00:00,140.25,1.3,46.02,3,Pre-monsoon
2021-03-21 23:00:00,161.75,1.05,73.08,3,Pre-monsoon
2021-03-22 00:00:00,175.0,1.18,67.93,3,Pre-monsoon
2021-03-22 01:00:00,170.0,1.3,124.12,3,Pre-monsoon
2021-03-22 02:00:00,168.0,1.92,290.55,3,Pre-monsoon
2021-03-22 03:00:00,88.5,2.33,316.85,3,Pre-monsoon
2021-03-22 04:00:00,55.75,1.65,257.32,3,Pre-monsoon
2021-03-22 05:00:00,50.75,1.85,343.8,3,Pre-monsoon
2021-03-22 06:00:00,48.5,1.9,187.52,3,Pre-monsoon
2021-03-22 07:00:00,55.25,0.95,146.2,3,Pre-monsoon
2021-03-22 08:00:00,63.25,1.28,72.42,3,Pre-monsoon
2021-03-22 09:00:00,68.5,2.3,52.05,3,Pre-monsoon
2021-03-22 10:00:00,70.25,2.6,48.32,3,Pre-monsoon
2021-03-22 11:00:00,57.5,2.55,56.85,3,Pre-monsoon
2021-03-22 12:00:00,45.75,2.38,52.95,3,Pre-monsoon
2021-03-22 13:00:00,54.0,2.52,275.73,3,Pre-monsoon
2021-03-22 14:00:00,63.0,1.9,180.45,3,Pre-monsoon
2021-03-22 15:00:00,61.5,1.7,36.47,3,Pre-monsoon
2021-03-22 16:00:00,54.0,1.58,57.48,3,Pre-monsoon
2021-03-22 17:00:00,45.25,1.7,66.6,3,Pre-monsoon
2021-03-22 18:00:00,55.75,1.35,68.75,3,Pre-monsoon
2021-03-22 19:00:00,90.0,0.68,141.7,3,Pre-monsoon
2021-03-22 20:00:00,101.0,1.1,52.32,3,Pre-monsoon
2021-03-22 21:00:00,93.75,1.08,151.05,3,Pre-monsoon
2021-03-22 22:00:00,106.5,0.92,219.97,3,Pre-monsoon
2021-03-22 23:00:00,100.25,0.68,224.02,3,Pre-monsoon
2021-03-23 00:00:00,98.25,0.65,162.85,3,Pre-monsoon
2021-03-23 01:00:00,113.0,0.5,113.88,3,Pre-monsoon
2021-03-23 02:00:00,117.5,1.28,66.5,3,Pre-monsoon
2021-03-23 03:00:00,84.75,0.82,74.03,3,Pre-monsoon
2021-03-23 04:00:00,107.0,0.68,99.43,3,Pre-monsoon
2021-03-23 05:00:00,183.25,0.3,117.35,3,Pre-monsoon
2021-03-23 06:00:00,166.0,1.18,193.38,3,Pre-monsoon
2021-03-23 07:00:00,129.75,2.2,306.98,3,Pre-monsoon
2021-03-23 08:00:00,111.5,2.38,306.7,3,Pre-monsoon
2021-03-23 09:00:00,57.5,3.15,308.53,3,Pre-monsoon
2021-03-23 10:00:00,53.0,2.92,262.98,3,Pre-monsoon
2021-03-23 11:00:00,54.25,2.7,173.6,3,Pre-monsoon
2021-03-23 12:00:00,59.0,3.55,318.42,3,Pre-monsoon
2021-03-23 13:00:00,59.5,2.03,265.25,3,Pre-monsoon
2021-03-23 14:00:00,53.75,1.42,280.48,3,Pre-monsoon
2021-03-23 15:00:00,51.75,1.25,194.78,3,Pre-monsoon
2021-03-23 16:00:00,29.5,1.23,183.88,3,Pre-monsoon
2021-03-23 17:00:00,28.25,0.65,114.5,3,Pre-monsoon
2021-03-23 18:00:00,35.5,1.05,46.8,3,Pre-monsoon
2021-03-23 19:00:00,65.25,0.73,40.05,3,Pre-monsoon
2021-03-23 20:00:00,91.25,0.8,136.68,3,Pre-monsoon
2021-03-23 21:00:00,83.5,1.32,36.2,3,Pre-monsoon
2021-03-23 22:00:00,105.25,1.42,19.85,3,Pre-monsoon
2021-03-23 23:00:00,112.5,0.78,51.9,3,Pre-monsoon
2021-03-24 00:00:00,110.75,0.35,167.9,3,Pre-monsoon
2021-03-24 01:00:00,95.0,0.32,135.75,3,Pre-monsoon
2021-03-24 02:00:00,66.5,0.72,191.58,3,Pre-monsoon
2021-03-24 03:00:00,37.5,1.08,248.48,3,Pre-monsoon
2021-03-24 04:00:00,69.0,0.62,233.05,3,Pre-monsoon
2021-03-24 05:00:00,150.75,0.3,255.5,3,Pre-monsoon
2021-03-24 06:00:00,208.25,0.72,293.75,3,Pre-monsoon
2021-03-24 07:00:00,291.0,1.02,253.1,3,Pre-monsoon
2021-03-24 08:00:00,256.5,1.32,322.82,3,Pre-monsoon
2021-03-24 09:00:00,147.5,0.55,309.08,3,Pre-monsoon
2021-03-24 10:00:00,72.5,0.52,206.22,3,Pre-monsoon
2021-03-24 11:00:00,63.0,0.72,173.72,3,Pre-monsoon
2021-03-24 12:00:00,68.75,0.9,235.65,3,Pre-monsoon
2021-03-24 13:00:00,47.0,1.3,258.1,3,Pre-monsoon
2021-03-24 14:00:00,46.0,1.45,288.27,3,Pre-monsoon
2021-03-24 15:00:00,64.25,1.58,297.7,3,Pre-monsoon
2021-03-24 16:00:00,52.25,2.1,293.35,3,Pre-monsoon
2021-03-24 17:00:00,61.25,1.92,294.35,3,Pre-monsoon
2021-03-24 18:00:00,43.75,1.95,295.38,3,Pre-monsoon
2021-03-24 19:00:00,57.75,1.75,295.65,3,Pre-monsoon
2021-03-24 20:00:00,76.0,1.5,297.27,3,Pre-monsoon
2021-03-24 21:00:00,76.0,1.62,303.9,3,Pre-monsoon
2021-03-24 22:00:00,68.5,1.68,308.65,3,Pre-monsoon
2021-03-24 23:00:00,70.5,1.62,306.62,3,Pre-monsoon
2021-03-25 00:00:00,60.25,1.38,276.75,3,Pre-monsoon
2021-03-25 01:00:00,63.0,1.27,263.73,3,Pre-monsoon
2021-03-25 02:00:00,94.0,1.38,269.73,3,Pre-monsoon
2021-03-25 03:00:00,83.0,1.42,268.0,3,Pre-monsoon
2021-03-25 04:00:00,78.0,1.55,270.98,3,Pre-monsoon
2021-03-25 05:00:00,112.75,1.27,266.33,3,Pre-monsoon
2021-03-25 06:00:00,129.75,0.82,270.75,3,Pre-monsoon
2021-03-25 07:00:00,133.25,1.08,255.85,3,Pre-monsoon
2021-03-25 08:00:00,115.75,1.78,265.9,3,Pre-monsoon
2021-03-25 09:00:00,95.25,2.02,280.27,3,Pre-monsoon
2021-03-25 10:00:00,55.0,2.4,289.62,3,Pre-monsoon
2021-03-25 11:00:00,30.0,2.6,276.32,3,Pre-monsoon
2021-03-25 12:00:00,25.0,2.5,283.45,3,Pre-monsoon
2021-03-25 13:00:00,25.25,2.4,287.92,3,Pre-monsoon
2021-03-25 14:00:00,40.25,2.55,278.4,3,Pre-monsoon
2021-03-25 15:00:00,27.5,2.35,280.73,3,Pre-monsoon
2021-03-25 16:00:00,24.25,2.25,289.12,3,Pre-monsoon
2021-03-25 17:00:00,28.25,1.7,281.6,3,Pre-monsoon
2021-03-25 18:00:00,34.5,1.38,265.85,3,Pre-monsoon
2021-03-25 19:00:00,57.75,1.35,273.58,3,Pre-monsoon
2021-03-25 20:00:00,89.5,1.23,269.62,3,Pre-monsoon
2021-03-25 21:00:00,116.0,1.18,271.77,3,Pre-monsoon
2021-03-25 22:00:00,96.5,1.23,272.4,3,Pre-monsoon
2021-03-25 23:00:00,112.75,1.38,265.05,3,Pre-monsoon
2021-03-26 00:00:00,126.5,1.2,266.82,3,Pre-monsoon
2021-03-26 01:00:00,135.5,1.5,279.05,3,Pre-monsoon
2021-03-26 02:00:00,102.25,1.42,277.55,3,Pre-monsoon
2021-03-26 03:00:00,76.0,1.35,266.27,3,Pre-monsoon
2021-03-26 04:00:00,97.5,1.08,267.15,3,Pre-monsoon
2021-03-26 05:00:00,110.75,1.0,263.05,3,Pre-monsoon
2021-03-26 06:00:00,129.25,1.3,263.95,3,Pre-monsoon
2021-03-26 07:00:00,164.75,1.27,261.75,3,Pre-monsoon
2021-03-26 08:00:00,169.0,1.52,263.77,3,Pre-monsoon
2021-03-26 09:00:00,124.0,1.6,283.55,3,Pre-monsoon
2021-03-26 10:00:00,70.75,2.15,302.7,3,Pre-monsoon
2021-03-26 11:00:00,44.25,2.2,283.48,3,Pre-monsoon
2021-03-26 12:00:00,37.75,2.0,282.5,3,Pre-monsoon
2021-03-26 13:00:00,32.5,1.95,281.6,3,Pre-monsoon
2021-03-26 14:00:00,28.75,2.17,280.9,3,Pre-monsoon
2021-03-26 15:00:00,30.0,2.35,276.77,3,Pre-monsoon
2021-03-26 16:00:00,26.25,2.1,275.98,3,Pre-monsoon
2021-03-26 17:00:00,25.25,1.6,274.75,3,Pre-monsoon
2021-03-26 18:00:00,31.5,1.2,268.05,3,Pre-monsoon
2021-03-26 19:00:00,55.75,0.8,251.82,3,Pre-monsoon
2021-03-26 20:00:00,126.75,0.88,258.75,3,Pre-monsoon
2021-03-26 21:00:00,199.75,0.82,252.0,3,Pre-monsoon
2021-03-26 22:00:00,200.5,0.9,261.45,3,Pre-monsoon
2021-03-26 23:00:00,105.0,1.25,316.4,3,Pre-monsoon
2021-03-27 00:00:00,102.25,0.6,294.68,3,Pre-monsoon
2021-03-27 01:00:00,104.0,0.3,154.7,3,Pre-monsoon
2021-03-27 02:00:00,108.25,0.48,206.18,3,Pre-monsoon
2021-03-27 03:00:00,115.25,0.52,232.52,3,Pre-monsoon
2021-03-27 04:00:00,121.75,0.52,225.45,3,Pre-monsoon
2021-03-27 05:00:00,158.5,0.77,250.5,3,Pre-monsoon
2021-03-27 06:00:00,323.5,0.48,209.28,3,Pre-monsoon
2021-03-27 07:00:00,417.25,0.55,172.98,3,Pre-monsoon
2021-03-27 08:00:00,446.0,0.85,198.98,3,Pre-monsoon
2021-03-27 09:00:00,334.25,0.92,194.25,3,Pre-monsoon
2021-03-27 10:00:00,187.5,0.92,201.98,3,Pre-monsoon
2021-03-27 11:00:00,119.75,0.75,195.55,3,Pre-monsoon
2021-03-27 12:00:00,75.5,1.08,268.42,3,Pre-monsoon
2021-03-27 13:00:00,51.25,0.9,274.25,3,Pre-monsoon
2021-03-27 14:00:00,48.25,1.05,286.55,3,Pre-monsoon
2021-03-27 15:00:00,51.75,1.48,285.3,3,Pre-monsoon
2021-03-27 16:00:00,41.5,1.65,280.95,3,Pre-monsoon
2021-03-27 17:00:00,41.5,1.35,294.1,3,Pre-monsoon
2021-03-27 18:00:00,50.5,1.0,294.18,3,Pre-monsoon
2021-03-27 19:00:00,83.25,0.78,266.9,3,Pre-monsoon
2021-03-27 20:00:00,139.75,0.77,268.8,3,Pre-monsoon
2021-03-27 21:00:00,128.75,0.52,228.82,3,Pre-monsoon
2021-03-27 22:00:00,116.25,0.78,156.77,3,Pre-monsoon
2021-03-27 23:00:00,143.0,0.15,166.88,3,Pre-monsoon
2021-03-28 00:00:00,140.75,0.32,166.62,3,Pre-monsoon
2021-03-28 01:00:00,143.0,0.3,213.8,3,Pre-monsoon
2021-03-28 02:00:00,143.0,0.3083333333333333,206.45,3,Pre-monsoon
2021-03-28 03:00:00,143.0,0.3166666666666666,199.1,3,Pre-monsoon
2021-03-28 04:00:00,143.0,0.325,191.75,3,Pre-monsoon
2021-03-28 05:00:00,,,,3,Pre-monsoon
2021-03-28 06:00:00,,,,3,Pre-monsoon
2021-03-28 07:00:00,,,,3,Pre-monsoon
2021-03-28 08:00:00,,,,3,Pre-monsoon
2021-03-28 09:00:00,,,,3,Pre-monsoon
2021-03-28 10:00:00,,,,3,Pre-monsoon
2021-03-28 11:00:00,,,,3,Pre-monsoon
2021-03-28 12:00:00,,,,3,Pre-monsoon
2021-03-28 13:00:00,143.0,0.4,125.6,3,Pre-monsoon
2021-03-28 14:00:00,35.0,1.02,202.25,3,Pre-monsoon
2021-03-28 15:00:00,33.75,1.27,274.42,3,Pre-monsoon
2021-03-28 16:00:00,30.75,1.35,284.25,3,Pre-monsoon
2021-03-28 17:00:00,37.54166666666666,1.3964285714285716,283.25119047619046,3,Pre-monsoon
2021-03-28 18:00:00,44.333333333333336,1.4428571428571428,282.252380952381,3,Pre-monsoon
2021-03-28 19:00:00,51.125,1.4892857142857143,281.25357142857143,3,Pre-monsoon
2021-03-28 20:00:00,,,,3,Pre-monsoon
2021-03-28 21:00:00,,,,3,Pre-monsoon
2021-03-28 22:00:00,,,,3,Pre-monsoon
2021-03-28 23:00:00,,,,3,Pre-monsoon
2021-03-29 00:00:00,,,,3,Pre-monsoon
2021-03-29 01:00:00,,,,3,Pre-monsoon
2021-03-29 02:00:00,,,,3,Pre-monsoon
2021-03-29 03:00:00,,,,3,Pre-monsoon
2021-03-29 04:00:00,,,,3,Pre-monsoon
2021-03-29 05:00:00,,,,3,Pre-monsoon
2021-03-29 06:00:00,,,,3,Pre-monsoon
2021-03-29 07:00:00,,,,3,Pre-monsoon
2021-03-29 08:00:00,,,,3,Pre-monsoon
2021-03-29 09:00:00,,,,3,Pre-monsoon
2021-03-29 10:00:00,,,,3,Pre-monsoon
2021-03-29 11:00:00,,,,3,Pre-monsoon
2021-03-29 12:00:00,,,,3,Pre-monsoon
2021-03-29 13:00:00,,,,3,Pre-monsoon
2021-03-29 14:00:00,,,,3,Pre-monsoon
2021-03-29 15:00:00,,,,3,Pre-monsoon
2021-03-29 16:00:00,,,,3,Pre-monsoon
2021-03-29 17:00:00,,,,3,Pre-monsoon
2021-03-29 18:00:00,,,,3,Pre-monsoon
2021-03-29 19:00:00,,,,3,Pre-monsoon
2021-03-29 20:00:00,,,,3,Pre-monsoon
2021-03-29 21:00:00,,,,3,Pre-monsoon
2021-03-29 22:00:00,,,,3,Pre-monsoon
2021-03-29 23:00:00,,,,3,Pre-monsoon
2021-03-30 00:00:00,,,,3,Pre-monsoon
2021-03-30 01:00:00,,,,3,Pre-monsoon
2021-03-30 02:00:00,,,,3,Pre-monsoon
2021-03-30 03:00:00,,,,3,Pre-monsoon
2021-03-30 04:00:00,,,,3,Pre-monsoon
2021-03-30 05:00:00,,,,3,Pre-monsoon
2021-03-30 06:00:00,,,,3,Pre-monsoon
2021-03-30 07:00:00,,,,3,Pre-monsoon
2021-03-30 08:00:00,,,,3,Pre-monsoon
2021-03-30 09:00:00,,,,3,Pre-monsoon
2021-03-30 10:00:00,316.0,3.3,242.3,3,Pre-monsoon
2021-03-30 11:00:00,58.0,3.15,247.0,3,Pre-monsoon
2021-03-30 12:00:00,60.0,3.28,249.0,3,Pre-monsoon
2021-03-30 13:00:00,68.25,3.18,258.08,3,Pre-monsoon
2021-03-30 14:00:00,75.0,3.15,262.48,3,Pre-monsoon
2021-03-30 15:00:00,88.0,2.7,279.8,3,Pre-monsoon
2021-03-30 16:00:00,80.5,3.4,275.42,3,Pre-monsoon
2021-03-30 17:00:00,57.75,2.28,269.48,3,Pre-monsoon
2021-03-30 18:00:00,56.5,1.9,271.0,3,Pre-monsoon
2021-03-30 19:00:00,56.0,1.58,272.98,3,Pre-monsoon
2021-03-30 20:00:00,59.5,1.98,272.68,3,Pre-monsoon
2021-03-30 21:00:00,57.5,1.95,268.1,3,Pre-monsoon
2021-03-30 22:00:00,45.75,2.17,269.3,3,Pre-monsoon
2021-03-30 23:00:00,44.25,2.12,273.45,3,Pre-monsoon
2021-03-31 00:00:00,58.25,1.95,277.58,3,Pre-monsoon
2021-03-31 01:00:00,78.25,1.72,274.42,3,Pre-monsoon
2021-03-31 02:00:00,74.25,1.45,273.08,3,Pre-monsoon
2021-03-31 03:00:00,80.75,1.65,271.75,3,Pre-monsoon
2021-03-31 04:00:00,88.25,1.45,270.73,3,Pre-monsoon
2021-03-31 05:00:00,89.75,1.3,261.67,3,Pre-monsoon
2021-03-31 06:00:00,107.75,1.18,260.3,3,Pre-monsoon
2021-03-31 07:00:00,126.75,1.45,261.9,3,Pre-monsoon
2021-03-31 08:00:00,121.5,1.62,253.38,3,Pre-monsoon
2021-03-31 09:00:00,100.5,2.08,283.77,3,Pre-monsoon
2021-03-31 10:00:00,49.25,2.4,272.4,3,Pre-monsoon
2021-03-31 11:00:00,40.5,2.62,280.9,3,Pre-monsoon
2021-03-31 12:00:00,28.25,3.25,290.53,3,Pre-monsoon
2021-03-31 13:00:00,22.0,3.42,289.2,3,Pre-monsoon
2021-03-31 14:00:00,21.5,3.1,286.2,3,Pre-monsoon
2021-03-31 15:00:00,25.25,3.02,282.03,3,Pre-monsoon
2021-03-31 16:00:00,14.0,2.85,278.12,3,Pre-monsoon
2021-03-31 17:00:00,20.0,2.4,282.73,3,Pre-monsoon
2021-03-31 18:00:00,21.75,1.38,267.62,3,Pre-monsoon
2021-03-31 19:00:00,32.25,1.38,268.17,3,Pre-monsoon
2021-03-31 20:00:00,47.25,1.75,270.0,3,Pre-monsoon
2021-03-31 21:00:00,44.0,1.68,272.15,3,Pre-monsoon
2021-03-31 22:00:00,39.0,2.25,288.27,3,Pre-monsoon
2021-03-31 23:00:00,37.5,1.75,276.1,3,Pre-monsoon
2021-04-01 00:00:00,62.5,1.27,267.1,4,Pre-monsoon
2021-04-01 01:00:00,90.75,1.4,263.67,4,Pre-monsoon
2021-04-01 02:00:00,77.0,1.5,264.4,4,Pre-monsoon
2021-04-01 03:00:00,77.88235294117646,1.5147058823529411,265.0482352941176,4,Pre-monsoon
2021-04-01 04:00:00,78.76470588235294,1.5294117647058822,265.6964705882353,4,Pre-monsoon
2021-04-01 05:00:00,79.6470588235294,1.5441176470588236,266.3447058823529,4,Pre-monsoon
2021-04-01 06:00:00,,,,4,Pre-monsoon
2021-04-01 07:00:00,,,,4,Pre-monsoon
2021-04-01 08:00:00,,,,4,Pre-monsoon
2021-04-01 09:00:00,,,,4,Pre-monsoon
2021-04-01 10:00:00,,,,4,Pre-monsoon
2021-04-01 11:00:00,,,,4,Pre-monsoon
2021-04-01 12:00:00,,,,4,Pre-monsoon
2021-04-01 13:00:00,,,,4,Pre-monsoon
2021-04-01 14:00:00,,,,4,Pre-monsoon
2021-04-01 15:00:00,,,,4,Pre-monsoon
2021-04-01 16:00:00,,,,4,Pre-monsoon
2021-04-01 17:00:00,,,,4,Pre-monsoon
2021-04-01 18:00:00,,,,4,Pre-monsoon
2021-04-01 19:00:00,92.0,1.75,275.42,4,Pre-monsoon
2021-04-01 20:00:00,73.0,1.85,276.0,4,Pre-monsoon
2021-04-01 21:00:00,67.5,1.48,272.55,4,Pre-monsoon
2021-04-01 22:00:00,59.25,1.42,274.98,4,Pre-monsoon
2021-04-01 23:00:00,90.75,1.0,262.27,4,Pre-monsoon
2021-04-02 00:00:00,110.25,0.6,256.58,4,Pre-monsoon
2021-04-02 01:00:00,110.5,0.85,272.42,4,Pre-monsoon
2021-04-02 02:00:00,130.5,1.05,267.65,4,Pre-monsoon
2021-04-02 03:00:00,167.0,1.02,269.98,4,Pre-monsoon
2021-04-02 04:00:00,161.25,1.15,272.6,4,Pre-monsoon
2021-04-02 05:00:00,153.75,1.05,266.35,4,Pre-monsoon
2021-04-02 06:00:00,157.75,1.18,272.68,4,Pre-monsoon
2021-04-02 07:00:00,163.25,1.15,252.92,4,Pre-monsoon
2021-04-02 08:00:00,156.75,1.42,260.77,4,Pre-monsoon
2021-04-02 09:00:00,122.0,1.48,289.9,4,Pre-monsoon
2021-04-02 10:00:00,73.5,1.55,293.05,4,Pre-monsoon
2021-04-02 11:00:00,40.0,1.78,282.75,4,Pre-monsoon
2021-04-02 12:00:00,23.0,1.92,285.0,4,Pre-monsoon
2021-04-02 13:00:00,17.0,2.42,293.35,4,Pre-monsoon
2021-04-02 14:00:00,17.0,2.68,303.0,4,Pre-monsoon
2021-04-02 15:00:00,16.75,2.5,288.95,4,Pre-monsoon
2021-04-02 16:00:00,15.25,2.22,283.32,4,Pre-monsoon
2021-04-02 17:00:00,13.0,1.88,279.48,4,Pre-monsoon
2021-04-02 18:00:00,24.25,1.03,265.75,4,Pre-monsoon
2021-04-02 19:00:00,65.5,0.95,261.8,4,Pre-monsoon
2021-04-02 20:00:00,95.25,0.85,269.05,4,Pre-monsoon
2021-04-02 21:00:00,127.25,1.18,294.7,4,Pre-monsoon
2021-04-02 22:00:00,145.25,1.18,298.27,4,Pre-monsoon
2021-04-02 23:00:00,99.0,1.1,302.65,4,Pre-monsoon
2021-04-03 00:00:00,80.5,0.55,217.7,4,Pre-monsoon
2021-04-03 01:00:00,97.0,0.28,139.95,4,Pre-monsoon
2021-04-03 02:00:00,95.5,0.4,239.55,4,Pre-monsoon
2021-04-03 03:00:00,93.0,1.18,263.45,4,Pre-monsoon
2021-04-03 04:00:00,100.5,0.6,246.82,4,Pre-monsoon
2021-04-03 05:00:00,111.75,0.92,248.68,4,Pre-monsoon
2021-04-03 06:00:00,139.5,0.7,225.52,4,Pre-monsoon
2021-04-03 07:00:00,170.5,0.48,270.98,4,Pre-monsoon
2021-04-03 08:00:00,169.25,1.23,252.15,4,Pre-monsoon
2021-04-03 09:00:00,79.75,1.08,13.1,4,Pre-monsoon
2021-04-03 10:00:00,54.75,0.95,183.22,4,Pre-monsoon
2021-04-03 11:00:00,56.75,0.82,171.97,4,Pre-monsoon
2021-04-03 12:00:00,35.25,0.68,233.55,4,Pre-monsoon
2021-04-03 13:00:00,27.0,0.85,284.7,4,Pre-monsoon
2021-04-03 14:00:00,34.0,1.35,284.82,4,Pre-monsoon
2021-04-03 15:00:00,30.0,1.42,291.05,4,Pre-monsoon
2021-04-03 16:00:00,17.75,1.88,280.82,4,Pre-monsoon
2021-04-03 17:00:00,16.25,1.32,280.15,4,Pre-monsoon
2021-04-03 18:00:00,19.25,1.02,268.0,4,Pre-monsoon
2021-04-03 19:00:00,39.5,0.88,260.0,4,Pre-monsoon
2021-04-03 20:00:00,65.5,0.85,294.73,4,Pre-monsoon
2021-04-03 21:00:00,98.25,1.23,317.6,4,Pre-monsoon
2021-04-03 22:00:00,85.25,0.95,316.88,4,Pre-monsoon
2021-04-03 23:00:00,89.75,1.02,306.65,4,Pre-monsoon
2021-04-04 00:00:00,92.75,0.32,172.25,4,Pre-monsoon
2021-04-04 01:00:00,95.0,0.4,244.58,4,Pre-monsoon
2021-04-04 02:00:00,101.75,0.35,199.5,4,Pre-monsoon
2021-04-04 03:00:00,133.5,0.62,245.78,4,Pre-monsoon
2021-04-04 04:00:00,163.5,0.57,229.45,4,Pre-monsoon
2021-04-04 05:00:00,151.5,0.65,257.15,4,Pre-monsoon
2021-04-04 06:00:00,167.5,0.95,272.97,4,Pre-monsoon
2021-04-04 07:00:00,223.25,0.7,239.82,4,Pre-monsoon
2021-04-04 08:00:00,268.25,0.77,260.32,4,Pre-monsoon
2021-04-04 09:00:00,194.75,1.2,295.42,4,Pre-monsoon
2021-04-04 10:00:00,124.5,1.48,299.9,4,Pre-monsoon
2021-04-04 11:00:00,63.25,1.65,286.08,4,Pre-monsoon
2021-04-04 12:00:00,39.0,2.0,269.12,4,Pre-monsoon
2021-04-04 13:00:00,18.5,2.15,280.0,4,Pre-monsoon
2021-04-04 14:00:00,19.5,2.05,254.78,4,Pre-monsoon
2021-04-04 15:00:00,21.25,2.12,278.9,4,Pre-monsoon
2021-04-04 16:00:00,29.0,1.85,282.25,4,Pre-monsoon
2021-04-04 17:00:00,25.0,1.33,276.4,4,Pre-monsoon
2021-04-04 18:00:00,31.75,0.8,270.05,4,Pre-monsoon
2021-04-04 19:00:00,52.25,0.52,290.45,4,Pre-monsoon
2021-04-04 20:00:00,110.0,0.8,285.85,4,Pre-monsoon
2021-04-04 21:00:00,111.75,0.88,284.18,4,Pre-monsoon
2021-04-04 22:00:00,88.25,1.95,325.12,4,Pre-monsoon
2021-04-04 23:00:00,83.5,1.27,347.95,4,Pre-monsoon
2021-04-05 00:00:00,79.25,0.9,267.9,4,Pre-monsoon
2021-04-05 01:00:00,60.75,0.98,266.05,4,Pre-monsoon
2021-04-05 02:00:00,55.25,1.23,267.8,4,Pre-monsoon
2021-04-05 03:00:00,52.0,0.88,348.3,4,Pre-monsoon
2021-04-05 04:00:00,58.75,0.7,232.85,4,Pre-monsoon
2021-04-05 05:00:00,63.75,0.35,221.77,4,Pre-monsoon
2021-04-05 06:00:00,94.25,0.28,198.32,4,Pre-monsoon
2021-04-05 07:00:00,152.5,0.7,171.0,4,Pre-monsoon
2021-04-05 08:00:00,117.75,1.1,167.42,4,Pre-monsoon
2021-04-05 09:00:00,95.75,0.95,172.92,4,Pre-monsoon
2021-04-05 10:00:00,105.75,1.2,171.18,4,Pre-monsoon
2021-04-05 11:00:00,76.25,1.27,153.5,4,Pre-monsoon
2021-04-05 12:00:00,48.5,0.73,174.45,4,Pre-monsoon
2021-04-05 13:00:00,36.0,0.85,198.58,4,Pre-monsoon
2021-04-05 14:00:00,38.25,0.85,196.22,4,Pre-monsoon
2021-04-05 15:00:00,37.5,0.62,153.93,4,Pre-monsoon
2021-04-05 16:00:00,44.75,1.15,47.92,4,Pre-monsoon
2021-04-05 17:00:00,59.0,1.38,22.08,4,Pre-monsoon
2021-04-05 18:00:00,81.75,1.02,25.45,4,Pre-monsoon
2021-04-05 19:00:00,96.75,1.18,25.12,4,Pre-monsoon
2021-04-05 20:00:00,108.0,1.4,29.72,4,Pre-monsoon
2021-04-05 21:00:00,136.5,1.2,40.33,4,Pre-monsoon
2021-04-05 22:00:00,142.25,1.38,65.18,4,Pre-monsoon
2021-04-05 23:00:00,151.0,1.5,65.97,4,Pre-monsoon
2021-04-06 00:00:00,183.25,1.35,56.8,4,Pre-monsoon
2021-04-06 01:00:00,230.0,1.4,48.25,4,Pre-monsoon
2021-04-06 02:00:00,218.25,1.7,20.0,4,Pre-monsoon
2021-04-06 03:00:00,221.25,1.42,48.38,4,Pre-monsoon
2021-04-06 04:00:00,200.75,1.58,63.18,4,Pre-monsoon
2021-04-06 05:00:00,201.75,1.58,23.15,4,Pre-monsoon
2021-04-06 06:00:00,207.25,1.55,32.45,4,Pre-monsoon
2021-04-06 07:00:00,209.75,2.15,56.45,4,Pre-monsoon
2021-04-06 08:00:00,209.0,2.25,65.85,4,Pre-monsoon
2021-04-06 09:00:00,191.0,1.9,74.6,4,Pre-monsoon
2021-04-06 10:00:00,234.0,1.0,37.0,4,Pre-monsoon
2021-04-06 11:00:00,220.25,0.92,181.88,4,Pre-monsoon
2021-04-06 12:00:00,172.0,1.42,106.68,4,Pre-monsoon
2021-04-06 13:00:00,140.25,1.42,40.7,4,Pre-monsoon
2021-04-06 14:00:00,110.5,1.5,45.72,4,Pre-monsoon
2021-04-06 15:00:00,114.75,1.75,46.95,4,Pre-monsoon
2021-04-06 16:00:00,103.0,2.05,48.3,4,Pre-monsoon
2021-04-06 17:00:00,95.0,1.82,60.28,4,Pre-monsoon
2021-04-06 18:00:00,91.5,1.72,64.5,4,Pre-monsoon
2021-04-06 19:00:00,104.0,1.45,70.57,4,Pre-monsoon
2021-04-06 20:00:00,125.25,0.98,76.28,4,Pre-monsoon
2021-04-06 21:00:00,139.25,0.88,73.32,4,Pre-monsoon
2021-04-06 22:00:00,120.25,0.72,75.88,4,Pre-monsoon
2021-04-06 23:00:00,103.75,0.65,79.5,4,Pre-monsoon
2021-04-07 00:00:00,96.5,0.55,170.02,4,Pre-monsoon
2021-04-07 01:00:00,93.75,1.02,223.45,4,Pre-monsoon
2021-04-07 02:00:00,87.5,3.48,314.05,4,Pre-monsoon
2021-04-07 03:00:00,72.75,3.25,325.42,4,Pre-monsoon
2021-04-07 04:00:00,49.75,2.03,346.17,4,Pre-monsoon
2021-04-07 05:00:00,47.75,2.22,325.02,4,Pre-monsoon
2021-04-07 06:00:00,54.25,1.62,334.48,4,Pre-monsoon
2021-04-07 07:00:00,60.25,1.5,12.88,4,Pre-monsoon
2021-04-07 08:00:00,70.5,1.48,14.8,4,Pre-monsoon
2021-04-07 09:00:00,83.75,1.17,27.35,4,Pre-monsoon
2021-04-07 10:00:00,93.0,0.75,51.75,4,Pre-monsoon
2021-04-07 11:00:00,96.75,0.92,107.58,4,Pre-monsoon
2021-04-07 12:00:00,97.25,0.68,141.0,4,Pre-monsoon
2021-04-07 13:00:00,89.25,0.75,197.6,4,Pre-monsoon
2021-04-07 14:00:00,75.25,1.48,317.8,4,Pre-monsoon
2021-04-07 15:00:00,54.0,1.85,283.7,4,Pre-monsoon
2021-04-07 16:00:00,37.75,1.75,274.25,4,Pre-monsoon
2021-04-07 17:00:00,26.0,1.72,275.52,4,Pre-monsoon
2021-04-07 18:00:00,30.5,1.05,267.42,4,Pre-monsoon
2021-04-07 19:00:00,47.5,1.05,267.45,4,Pre-monsoon
2021-04-07 20:00:00,76.5,1.25,272.15,4,Pre-monsoon
2021-04-07 21:00:00,52.5,1.27,275.17,4,Pre-monsoon
2021-04-07 22:00:00,61.0,2.22,311.73,4,Pre-monsoon
2021-04-07 23:00:00,67.75,2.35,319.18,4,Pre-monsoon
2021-04-08 00:00:00,52.0,2.25,322.4,4,Pre-monsoon
2021-04-08 01:00:00,53.75,2.12,314.42,4,Pre-monsoon
2021-04-08 02:00:00,60.75,1.5,313.38,4,Pre-monsoon
2021-04-08 03:00:00,64.25,1.35,306.38,4,Pre-monsoon
2021-04-08 04:00:00,60.0,1.62,309.7,4,Pre-monsoon
2021-04-08 05:00:00,70.0,1.12,256.08,4,Pre-monsoon
2021-04-08 06:00:00,94.75,1.1,253.35,4,Pre-monsoon
2021-04-08 07:00:00,119.75,1.1,275.72,4,Pre-monsoon
2021-04-08 08:00:00,146.25,0.98,289.75,4,Pre-monsoon
2021-04-08 09:00:00,89.5,1.15,291.52,4,Pre-monsoon
2021-04-08 10:00:00,46.25,1.78,289.52,4,Pre-monsoon
2021-04-08 11:00:00,27.5,1.58,289.2,4,Pre-monsoon
2021-04-08 12:00:00,21.75,1.6,286.08,4,Pre-monsoon
2021-04-08 13:00:00,19.75,1.52,292.12,4,Pre-monsoon
2021-04-08 14:00:00,22.25,1.58,287.25,4,Pre-monsoon
2021-04-08 15:00:00,14.0,1.72,301.47,4,Pre-monsoon
2021-04-08 16:00:00,13.5,1.48,276.23,4,Pre-monsoon
2021-04-08 17:00:00,12.5,1.5,270.4,4,Pre-monsoon
2021-04-08 18:00:00,21.75,0.8,265.15,4,Pre-monsoon
2021-04-08 19:00:00,56.75,0.85,272.25,4,Pre-monsoon
2021-04-08 20:00:00,93.25,1.0,265.65,4,Pre-monsoon
2021-04-08 21:00:00,103.25,1.2,281.5,4,Pre-monsoon
2021-04-08 22:00:00,119.5,1.3,313.35,4,Pre-monsoon
2021-04-08 23:00:00,108.0,0.95,258.7,4,Pre-monsoon
2021-04-09 00:00:00,98.75,1.4,297.77,4,Pre-monsoon
2021-04-09 01:00:00,107.25,1.42,325.15,4,Pre-monsoon
2021-04-09 02:00:00,99.0,2.2,322.82,4,Pre-monsoon
2021-04-09 03:00:00,72.75,2.22,323.8,4,Pre-monsoon
2021-04-09 04:00:00,81.75,1.78,319.75,4,Pre-monsoon
2021-04-09 05:00:00,100.5,0.95,264.95,4,Pre-monsoon
2021-04-09 06:00:00,104.25,0.98,269.12,4,Pre-monsoon
2021-04-09 07:00:00,122.0,1.58,318.27,4,Pre-monsoon
2021-04-09 08:00:00,99.75,1.62,325.85,4,Pre-monsoon
2021-04-09 09:00:00,85.0,1.38,330.78,4,Pre-monsoon
2021-04-09 10:00:00,46.25,2.03,310.48,4,Pre-monsoon
2021-04-09 11:00:00,27.75,1.88,327.02,4,Pre-monsoon
2021-04-09 12:00:00,25.75,1.7,321.58,4,Pre-monsoon
2021-04-09 13:00:00,28.75,1.85,323.7,4,Pre-monsoon
2021-04-09 14:00:00,21.5,1.98,336.28,4,Pre-monsoon
2021-04-09 15:00:00,18.5,1.8,314.3,4,Pre-monsoon
2021-04-09 16:00:00,15.5,1.8,317.4,4,Pre-monsoon
2021-04-09 17:00:00,21.25,1.45,300.45,4,Pre-monsoon
2021-04-09 18:00:00,29.25,1.3,289.73,4,Pre-monsoon
2021-04-09 19:00:00,55.5,0.7,253.85,4,Pre-monsoon
2021-04-09 20:00:00,97.0,0.9,265.38,4,Pre-monsoon
2021-04-09 21:00:00,103.0,0.9,271.5,4,Pre-monsoon
2021-04-09 22:00:00,125.5,1.38,317.4,4,Pre-monsoon
2021-04-09 23:00:00,146.5,1.4,304.7,4,Pre-monsoon
2021-04-10 00:00:00,87.25,1.7,317.17,4,Pre-monsoon
2021-04-10 01:00:00,82.5,1.88,321.52,4,Pre-monsoon
2021-04-10 02:00:00,76.25,1.83,323.55,4,Pre-monsoon
2021-04-10 03:00:00,75.5,1.65,314.25,4,Pre-monsoon
2021-04-10 04:00:00,62.0,1.05,261.55,4,Pre-monsoon
2021-04-10 05:00:00,78.75,0.48,221.3,4,Pre-monsoon
2021-04-10 06:00:00,136.25,0.43,226.32,4,Pre-monsoon
2021-04-10 07:00:00,149.25,0.5,255.3,4,Pre-monsoon
2021-04-10 08:00:00,135.25,0.68,269.92,4,Pre-monsoon
2021-04-10 09:00:00,157.0,0.62,245.72,4,Pre-monsoon
2021-04-10 10:00:00,105.5,0.58,218.4,4,Pre-monsoon
2021-04-10 11:00:00,74.5,1.17,307.33,4,Pre-monsoon
2021-04-10 12:00:00,36.25,1.58,309.2,4,Pre-monsoon
2021-04-10 13:00:00,24.75,1.68,286.08,4,Pre-monsoon
2021-04-10 14:00:00,24.25,1.35,281.42,4,Pre-monsoon
2021-04-10 15:00:00,23.25,1.9,287.5,4,Pre-monsoon
2021-04-10 16:00:00,21.75,1.67,278.9,4,Pre-monsoon
2021-04-10 17:00:00,32.25,1.25,265.77,4,Pre-monsoon
2021-04-10 18:00:00,34.5,0.7,270.85,4,Pre-monsoon
2021-04-10 19:00:00,52.0,0.3,270.27,4,Pre-monsoon
2021-04-10 20:00:00,70.25,0.45,277.78,4,Pre-monsoon
2021-04-10 21:00:00,101.5,0.85,278.77,4,Pre-monsoon
2021-04-10 22:00:00,146.5,0.95,273.12,4,Pre-monsoon
2021-04-10 23:00:00,168.5,1.03,272.3,4,Pre-monsoon
2021-04-11 00:00:00,147.75,1.3,285.3,4,Pre-monsoon
2021-04-11 01:00:00,84.75,1.1,289.42,4,Pre-monsoon
2021-04-11 02:00:00,70.0,1.33,308.27,4,Pre-monsoon
2021-04-11 03:00:00,71.75,1.48,318.75,4,Pre-monsoon
2021-04-11 04:00:00,70.75,1.02,266.65,4,Pre-monsoon
2021-04-11 05:00:00,85.75,0.98,251.23,4,Pre-monsoon
2021-04-11 06:00:00,128.25,0.98,248.95,4,Pre-monsoon
2021-04-11 07:00:00,181.25,0.85,267.88,4,Pre-monsoon
2021-04-11 08:00:00,127.25,0.95,300.0,4,Pre-monsoon
2021-04-11 09:00:00,78.25,1.22,313.7,4,Pre-monsoon
2021-04-11 10:00:00,48.5,1.25,322.42,4,Pre-monsoon
2021-04-11 11:00:00,51.0,1.33,293.65,4,Pre-monsoon
2021-04-11 12:00:00,33.75,1.7,299.35,4,Pre-monsoon
2021-04-11 13:00:00,25.25,1.62,280.85,4,Pre-monsoon
2021-04-11 14:00:00,23.75,1.48,287.35,4,Pre-monsoon
2021-04-11 15:00:00,35.75,1.75,284.25,4,Pre-monsoon
2021-04-11 16:00:00,41.75,1.7,295.8,4,Pre-monsoon
2021-04-11 17:00:00,50.75,1.62,293.7,4,Pre-monsoon
2021-04-11 18:00:00,47.25,0.65,256.27,4,Pre-monsoon
2021-04-11 19:00:00,69.25,0.55,278.68,4,Pre-monsoon
2021-04-11 20:00:00,104.25,0.3,281.1,4,Pre-monsoon
2021-04-11 21:00:00,114.75,0.8,279.12,4,Pre-monsoon
2021-04-11 22:00:00,173.5,0.85,261.85,4,Pre-monsoon
2021-04-11 23:00:00,200.5,1.4,309.18,4,Pre-monsoon
2021-04-12 00:00:00,161.25,1.3,319.15,4,Pre-monsoon
2021-04-12 01:00:00,111.25,0.92,324.88,4,Pre-monsoon
2021-04-12 02:00:00,115.25,0.4,252.05,4,Pre-monsoon
2021-04-12 03:00:00,132.0,0.22,147.45,4,Pre-monsoon
2021-04-12 04:00:00,153.75,0.5,235.32,4,Pre-monsoon
2021-04-12 05:00:00,160.25,0.57,247.6,4,Pre-monsoon
2021-04-12 06:00:00,219.5,0.55,243.98,4,Pre-monsoon
2021-04-12 07:00:00,355.25,0.85,276.05,4,Pre-monsoon
2021-04-12 08:00:00,306.5,0.88,272.52,4,Pre-monsoon
2021-04-12 09:00:00,171.75,1.23,307.25,4,Pre-monsoon
2021-04-12 10:00:00,98.5,1.0,339.35,4,Pre-monsoon
2021-04-12 11:00:00,73.5,0.92,257.52,4,Pre-monsoon
2021-04-12 12:00:00,54.0,0.85,184.6,4,Pre-monsoon
2021-04-12 13:00:00,41.0,0.95,206.75,4,Pre-monsoon
2021-04-12 14:00:00,31.25,1.3,245.22,4,Pre-monsoon
2021-04-12 15:00:00,36.25,1.48,267.88,4,Pre-monsoon
2021-04-12 16:00:00,38.5,1.48,276.0,4,Pre-monsoon
2021-04-12 17:00:00,54.0,1.15,264.73,4,Pre-monsoon
2021-04-12 18:00:00,37.5,0.57,263.23,4,Pre-monsoon
2021-04-12 19:00:00,64.0,0.95,279.45,4,Pre-monsoon
2021-04-12 20:00:00,127.75,1.48,319.92,4,Pre-monsoon
2021-04-12 21:00:00,180.75,1.3,342.7,4,Pre-monsoon
2021-04-12 22:00:00,103.5,1.1,348.85,4,Pre-monsoon
2021-04-12 23:00:00,67.25,0.72,43.58,4,Pre-monsoon
2021-04-13 00:00:00,89.25,0.35,127.98,4,Pre-monsoon
2021-04-13 01:00:00,111.25,1.12,318.3,4,Pre-monsoon
2021-04-13 02:00:00,90.5,0.88,268.7,4,Pre-monsoon
2021-04-13 03:00:00,85.75,0.48,238.95,4,Pre-monsoon
2021-04-13 04:00:00,121.5,0.42,250.52,4,Pre-monsoon
2021-04-13 05:00:00,197.75,0.55,230.88,4,Pre-monsoon
2021-04-13 06:00:00,264.75,0.72,246.28,4,Pre-monsoon
2021-04-13 07:00:00,266.75,0.9,259.92,4,Pre-monsoon
2021-04-13 08:00:00,222.25,0.92,248.62,4,Pre-monsoon
2021-04-13 09:00:00,186.0,1.15,227.1,4,Pre-monsoon
2021-04-13 10:00:00,138.75,1.1,254.35,4,Pre-monsoon
2021-04-13 11:00:00,98.75,1.48,250.72,4,Pre-monsoon
2021-04-13 12:00:00,48.0,1.6,248.92,4,Pre-monsoon
2021-04-13 13:00:00,32.5,1.68,269.7,4,Pre-monsoon
2021-04-13 14:00:00,31.5,1.9,287.5,4,Pre-monsoon
2021-04-13 15:00:00,31.75,2.45,281.55,4,Pre-monsoon
2021-04-13 16:00:00,28.25,2.22,287.7,4,Pre-monsoon
2021-04-13 17:00:00,29.25,2.05,289.25,4,Pre-monsoon
2021-04-13 18:00:00,32.25,1.25,272.25,4,Pre-monsoon
2021-04-13 19:00:00,57.5,0.62,260.42,4,Pre-monsoon
2021-04-13 20:00:00,115.0,0.78,274.72,4,Pre-monsoon
2021-04-13 21:00:00,122.5,0.95,269.42,4,Pre-monsoon
2021-04-13 22:00:00,131.5,1.08,272.68,4,Pre-monsoon
2021-04-13 23:00:00,142.0,1.25,288.08,4,Pre-monsoon
2021-04-14 00:00:00,125.5,1.35,295.7,4,Pre-monsoon
2021-04-14 01:00:00,102.0,1.35,306.5,4,Pre-monsoon
2021-04-14 02:00:00,95.25,0.92,270.42,4,Pre-monsoon
2021-04-14 03:00:00,85.75,1.62,312.15,4,Pre-monsoon
2021-04-14 04:00:00,89.0,1.83,323.28,4,Pre-monsoon
2021-04-14 05:00:00,83.75,1.28,280.18,4,Pre-monsoon
2021-04-14 06:00:00,89.5,0.62,229.65,4,Pre-monsoon
2021-04-14 07:00:00,113.75,0.92,221.85,4,Pre-monsoon
2021-04-14 08:00:00,149.5,1.17,244.8,4,Pre-monsoon
2021-04-14 09:00:00,115.25,1.27,270.48,4,Pre-monsoon
2021-04-14 10:00:00,56.5,1.9,299.23,4,Pre-monsoon
2021-04-14 11:00:00,38.5,2.18,300.12,4,Pre-monsoon
2021-04-14 12:00:00,31.75,1.78,274.82,4,Pre-monsoon
2021-04-14 13:00:00,27.0,1.67,285.7,4,Pre-monsoon
2021-04-14 14:00:00,31.0,1.67,285.48,4,Pre-monsoon
2021-04-14 15:00:00,26.0,1.85,266.08,4,Pre-monsoon
2021-04-14 16:00:00,27.75,1.7,266.38,4,Pre-monsoon
2021-04-14 17:00:00,26.25,1.48,262.35,4,Pre-monsoon
2021-04-14 18:00:00,37.5,1.3,276.65,4,Pre-monsoon
2021-04-14 19:00:00,55.0,1.3,278.98,4,Pre-monsoon
2021-04-14 20:00:00,64.0,1.25,281.08,4,Pre-monsoon
2021-04-14 21:00:00,53.25,0.75,202.05,4,Pre-monsoon
2021-04-14 22:00:00,50.5,0.22,192.05,4,Pre-monsoon
2021-04-14 23:00:00,58.25,0.3,269.18,4,Pre-monsoon
2021-04-15 00:00:00,64.25,0.35,218.0,4,Pre-monsoon
2021-04-15 01:00:00,101.0,0.3,262.5,4,Pre-monsoon
2021-04-15 02:00:00,176.75,0.6,204.38,4,Pre-monsoon
2021-04-15 03:00:00,224.25,0.48,225.4,4,Pre-monsoon
2021-04-15 04:00:00,242.75,0.4,204.62,4,Pre-monsoon
2021-04-15 05:00:00,207.75,0.5,209.68,4,Pre-monsoon
2021-04-15 06:00:00,190.5,0.32,203.32,4,Pre-monsoon
2021-04-15 07:00:00,211.0,0.7,163.9,4,Pre-monsoon
2021-04-15 08:00:00,211.5,0.92,228.25,4,Pre-monsoon
2021-04-15 09:00:00,139.5,1.25,251.68,4,Pre-monsoon
2021-04-15 10:00:00,99.0,1.32,279.65,4,Pre-monsoon
2021-04-15 11:00:00,67.75,1.42,249.8,4,Pre-monsoon
2021-04-15 12:00:00,53.75,1.52,293.23,4,Pre-monsoon
2021-04-15 13:00:00,48.0,1.6,285.5,4,Pre-monsoon
2021-04-15 14:00:00,41.5,1.78,266.15,4,Pre-monsoon
2021-04-15 15:00:00,40.0,1.75,270.0,4,Pre-monsoon
2021-04-15 16:00:00,39.5,1.68,265.15,4,Pre-monsoon
2021-04-15 17:00:00,37.0,1.82,276.6,4,Pre-monsoon
2021-04-15 18:00:00,37.25,1.08,272.48,4,Pre-monsoon
2021-04-15 19:00:00,50.5,0.85,270.75,4,Pre-monsoon
2021-04-15 20:00:00,66.5,1.25,279.52,4,Pre-monsoon
2021-04-15 21:00:00,83.5,1.15,280.7,4,Pre-monsoon
2021-04-15 22:00:00,90.25,1.05,300.6,4,Pre-monsoon
2021-04-15 23:00:00,104.25,1.27,301.92,4,Pre-monsoon
2021-04-16 00:00:00,102.0,1.02,258.48,4,Pre-monsoon
2021-04-16 01:00:00,114.0,1.12,324.8,4,Pre-monsoon
2021-04-16 02:00:00,119.25,0.98,166.4,4,Pre-monsoon
2021-04-16 03:00:00,107.5,0.38,119.62,4,Pre-monsoon
2021-04-16 04:00:00,105.75,0.42,192.25,4,Pre-monsoon
2021-04-16 05:00:00,105.25,0.45,221.2,4,Pre-monsoon
2021-04-16 06:00:00,132.5,0.4,237.02,4,Pre-monsoon
2021-04-16 07:00:00,260.0,0.52,245.27,4,Pre-monsoon
2021-04-16 08:00:00,361.5,0.78,238.98,4,Pre-monsoon
2021-04-16 09:00:00,217.75,1.02,164.23,4,Pre-monsoon
2021-04-16 10:00:00,153.75,0.8,152.35,4,Pre-monsoon
2021-04-16 11:00:00,94.75,1.0,152.43,4,Pre-monsoon
2021-04-16 12:00:00,53.25,1.08,151.77,4,Pre-monsoon
2021-04-16 13:00:00,47.25,0.62,141.15,4,Pre-monsoon
2021-04-16 14:00:00,47.0,0.82,146.15,4,Pre-monsoon
2021-04-16 15:00:00,48.5,0.92,156.25,4,Pre-monsoon
2021-04-16 16:00:00,49.75,2.72,236.12,4,Pre-monsoon
2021-04-16 17:00:00,79.0,2.92,250.32,4,Pre-monsoon
2021-04-16 18:00:00,40.75,3.28,265.8,4,Pre-monsoon
2021-04-16 19:00:00,55.5,2.1,266.58,4,Pre-monsoon
2021-04-16 20:00:00,34.25,1.12,167.82,4,Pre-monsoon
2021-04-16 21:00:00,17.75,0.98,156.52,4,Pre-monsoon
2021-04-16 22:00:00,11.5,1.0,70.2,4,Pre-monsoon
2021-04-16 23:00:00,18.0,1.7,25.33,4,Pre-monsoon
2021-04-17 00:00:00,35.75,1.92,20.7,4,Pre-monsoon
2021-04-17 01:00:00,43.5,1.55,9.35,4,Pre-monsoon
2021-04-17 02:00:00,43.25,1.3,338.42,4,Pre-monsoon
2021-04-17 03:00:00,47.0,1.33,185.38,4,Pre-monsoon
2021-04-17 04:00:00,49.75,0.73,79.05,4,Pre-monsoon
2021-04-17 05:00:00,61.75,0.32,202.42,4,Pre-monsoon
2021-04-17 06:00:00,68.5,0.5,229.02,4,Pre-monsoon
2021-04-17 07:00:00,68.0,1.35,233.48,4,Pre-monsoon
2021-04-17 08:00:00,114.0,1.82,253.3,4,Pre-monsoon
2021-04-17 09:00:00,124.0,1.75,274.0,4,Pre-monsoon
2021-04-17 10:00:00,93.0,1.25,270.12,4,Pre-monsoon
2021-04-17 11:00:00,89.5,1.82,264.17,4,Pre-monsoon
2021-04-17 12:00:00,58.75,1.98,249.3,4,Pre-monsoon
2021-04-17 13:00:00,44.5,2.15,254.35,4,Pre-monsoon
2021-04-17 14:00:00,21.5,1.98,240.58,4,Pre-monsoon
2021-04-17 15:00:00,26.25,1.92,251.28,4,Pre-monsoon
2021-04-17 16:00:00,37.25,1.95,244.42,4,Pre-monsoon
2021-04-17 17:00:00,11.25,1.72,247.8,4,Pre-monsoon
2021-04-17 18:00:00,5.75,1.03,248.52,4,Pre-monsoon
2021-04-17 19:00:00,16.25,0.6,247.2,4,Pre-monsoon
2021-04-17 20:00:00,30.0,0.98,278.2,4,Pre-monsoon
2021-04-17 21:00:00,53.0,1.5,316.82,4,Pre-monsoon
2021-04-17 22:00:00,56.0,1.23,332.6,4,Pre-monsoon
2021-04-17 23:00:00,57.75,0.73,103.9,4,Pre-monsoon
2021-04-18 00:00:00,87.5,0.43,49.68,4,Pre-monsoon
2021-04-18 01:00:00,79.5,0.92,56.98,4,Pre-monsoon
2021-04-18 02:00:00,79.75,0.6,45.08,4,Pre-monsoon
2021-04-18 03:00:00,93.25,0.82,17.5,4,Pre-monsoon
2021-04-18 04:00:00,119.75,0.78,20.08,4,Pre-monsoon
2021-04-18 05:00:00,122.0,0.28,152.38,4,Pre-monsoon
2021-04-18 06:00:00,110.0,0.3,194.22,4,Pre-monsoon
2021-04-18 07:00:00,116.5,0.6,89.9,4,Pre-monsoon
2021-04-18 08:00:00,168.25,0.75,68.45,4,Pre-monsoon
2021-04-18 09:00:00,167.25,0.6,98.65,4,Pre-monsoon
2021-04-18 10:00:00,101.5,0.6,159.3,4,Pre-monsoon
2021-04-18 11:00:00,52.75,0.68,216.6,4,Pre-monsoon
2021-04-18 12:00:00,43.0,0.95,228.2,4,Pre-monsoon
2021-04-18 13:00:00,32.75,1.15,276.27,4,Pre-monsoon
2021-04-18 14:00:00,28.75,1.42,287.98,4,Pre-monsoon
2021-04-18 15:00:00,26.75,1.5,278.67,4,Pre-monsoon
2021-04-18 16:00:00,22.0,1.78,274.5,4,Pre-monsoon
2021-04-18 17:00:00,21.25,1.48,274.73,4,Pre-monsoon
2021-04-18 18:00:00,28.75,1.05,270.32,4,Pre-monsoon
2021-04-18 19:00:00,38.5,0.45,263.7,4,Pre-monsoon
2021-04-18 20:00:00,70.5,0.5,255.62,4,Pre-monsoon
2021-04-18 21:00:00,104.5,0.57,283.7,4,Pre-monsoon
2021-04-18 22:00:00,133.0,0.62,260.75,4,Pre-monsoon
2021-04-18 23:00:00,152.5,1.1,330.7,4,Pre-monsoon
2021-04-19 00:00:00,98.0,0.92,287.38,4,Pre-monsoon
2021-04-19 01:00:00,86.0,0.6,232.82,4,Pre-monsoon
2021-04-19 02:00:00,100.75,0.68,233.65,4,Pre-monsoon
2021-04-19 03:00:00,119.0,0.88,268.0,4,Pre-monsoon
2021-04-19 04:00:00,123.25,1.08,254.62,4,Pre-monsoon
2021-04-19 05:00:00,130.5,0.72,246.45,4,Pre-monsoon
2021-04-19 06:00:00,138.0,0.65,245.75,4,Pre-monsoon
2021-04-19 07:00:00,144.5,0.8,241.78,4,Pre-monsoon
2021-04-19 08:00:00,201.5,0.8,244.78,4,Pre-monsoon
2021-04-19 09:00:00,206.5,1.1,271.85,4,Pre-monsoon
2021-04-19 10:00:00,103.75,1.52,295.17,4,Pre-monsoon
2021-04-19 11:00:00,34.25,1.52,286.52,4,Pre-monsoon
2021-04-19 12:00:00,33.5,1.72,255.18,4,Pre-monsoon
2021-04-19 13:00:00,30.0,1.9,280.73,4,Pre-monsoon
2021-04-19 14:00:00,32.25,1.68,270.95,4,Pre-monsoon
2021-04-19 15:00:00,30.25,2.02,284.45,4,Pre-monsoon
2021-04-19 16:00:00,30.5,2.08,292.42,4,Pre-monsoon
2021-04-19 17:00:00,31.25,1.85,298.1,4,Pre-monsoon
2021-04-19 18:00:00,41.75,1.33,296.25,4,Pre-monsoon
2021-04-19 19:00:00,60.0,1.12,289.48,4,Pre-monsoon
2021-04-19 20:00:00,84.25,0.9,276.7,4,Pre-monsoon
2021-04-19 21:00:00,95.25,0.8,261.52,4,Pre-monsoon
2021-04-19 22:00:00,96.75,0.98,321.12,4,Pre-monsoon
2021-04-19 23:00:00,94.0,1.05,334.02,4,Pre-monsoon
2021-04-20 00:00:00,114.75,1.15,334.85,4,Pre-monsoon
2021-04-20 01:00:00,127.0,0.95,260.38,4,Pre-monsoon
2021-04-20 02:00:00,78.5,0.82,102.7,4,Pre-monsoon
2021-04-20 03:00:00,59.75,0.7,179.23,4,Pre-monsoon
2021-04-20 04:00:00,68.5,0.4,234.97,4,Pre-monsoon
2021-04-20 05:00:00,86.0,0.72,138.02,4,Pre-monsoon
2021-04-20 06:00:00,94.5,0.9,256.98,4,Pre-monsoon
2021-04-20 07:00:00,160.0,1.23,272.58,4,Pre-monsoon
2021-04-20 08:00:00,198.5,1.15,285.42,4,Pre-monsoon
2021-04-20 09:00:00,106.25,0.38,191.8,4,Pre-monsoon
2021-04-20 10:00:00,74.25,1.68,55.4,4,Pre-monsoon
2021-04-20 11:00:00,60.75,1.83,28.7,4,Pre-monsoon
2021-04-20 12:00:00,44.0,1.82,12.35,4,Pre-monsoon
2021-04-20 13:00:00,40.25,1.72,15.3,4,Pre-monsoon
2021-04-20 14:00:00,38.25,1.45,102.78,4,Pre-monsoon
2021-04-20 15:00:00,39.5,2.1,186.1,4,Pre-monsoon
2021-04-20 16:00:00,40.75,1.8,326.1,4,Pre-monsoon
2021-04-20 17:00:00,39.5,2.53,327.15,4,Pre-monsoon
2021-04-20 18:00:00,41.75,3.0,314.38,4,Pre-monsoon
2021-04-20 19:00:00,50.0,2.65,303.1,4,Pre-monsoon
2021-04-20 20:00:00,37.75,2.75,309.12,4,Pre-monsoon
2021-04-20 21:00:00,26.75,3.05,239.18,4,Pre-monsoon
2021-04-20 22:00:00,22.25,2.88,30.32,4,Pre-monsoon
2021-04-20 23:00:00,20.75,2.3,43.25,4,Pre-monsoon
2021-04-21 00:00:00,24.75,1.75,34.25,4,Pre-monsoon
2021-04-21 01:00:00,30.25,1.42,26.08,4,Pre-monsoon
2021-04-21 02:00:00,33.75,0.7,99.65,4,Pre-monsoon
2021-04-21 03:00:00,40.5,0.85,142.9,4,Pre-monsoon
2021-04-21 04:00:00,61.75,0.95,270.15,4,Pre-monsoon
2021-04-21 05:00:00,128.5,0.82,249.42,4,Pre-monsoon
2021-04-21 06:00:00,104.0,1.02,241.7,4,Pre-monsoon
2021-04-21 07:00:00,116.25,1.28,245.77,4,Pre-monsoon
2021-04-21 08:00:00,91.25,1.33,241.45,4,Pre-monsoon
2021-04-21 09:00:00,96.25,1.42,232.65,4,Pre-monsoon
2021-04-21 10:00:00,87.75,1.52,249.72,4,Pre-monsoon
2021-04-21 11:00:00,55.25,1.4,254.03,4,Pre-monsoon
2021-04-21 12:00:00,64.25,1.52,239.2,4,Pre-monsoon
2021-04-21 13:00:00,47.5,1.25,221.27,4,Pre-monsoon
2021-04-21 14:00:00,34.25,1.2,227.25,4,Pre-monsoon
2021-04-21 15:00:00,38.75,1.5,242.45,4,Pre-monsoon
2021-04-21 16:00:00,24.5,1.35,244.77,4,Pre-monsoon
2021-04-21 17:00:00,28.5,1.4,252.12,4,Pre-monsoon
2021-04-21 18:00:00,27.25,1.05,266.45,4,Pre-monsoon
2021-04-21 19:00:00,32.0,0.8,272.27,4,Pre-monsoon
2021-04-21 20:00:00,53.25,0.72,263.75,4,Pre-monsoon
2021-04-21 21:00:00,84.5,0.9,264.95,4,Pre-monsoon
2021-04-21 22:00:00,94.0,1.78,297.05,4,Pre-monsoon
2021-04-21 23:00:00,85.0,1.5,305.32,4,Pre-monsoon
2021-04-22 00:00:00,65.5,1.08,288.05,4,Pre-monsoon
2021-04-22 01:00:00,62.25,0.57,207.1,4,Pre-monsoon
2021-04-22 02:00:00,66.0,0.55,91.72,4,Pre-monsoon
2021-04-22 03:00:00,67.5,0.32,215.12,4,Pre-monsoon
2021-04-22 04:00:00,74.0,0.28,135.48,4,Pre-monsoon
2021-04-22 05:00:00,81.25,0.42,233.1,4,Pre-monsoon
2021-04-22 06:00:00,88.0,0.6,92.18,4,Pre-monsoon
2021-04-22 07:00:00,106.75,1.35,41.15,4,Pre-monsoon
2021-04-22 08:00:00,131.5,0.92,82.22,4,Pre-monsoon
2021-04-22 09:00:00,101.0,1.27,79.7,4,Pre-monsoon
2021-04-22 10:00:00,50.75,1.4,82.25,4,Pre-monsoon
2021-04-22 11:00:00,50.0,1.05,90.82,4,Pre-monsoon
2021-04-22 12:00:00,40.5,0.98,89.02,4,Pre-monsoon
2021-04-22 13:00:00,37.75,0.88,90.8,4,Pre-monsoon
2021-04-22 14:00:00,33.75,0.55,104.45,4,Pre-monsoon
2021-04-22 15:00:00,34.25,1.12,83.28,4,Pre-monsoon
2021-04-22 16:00:00,39.0,0.95,87.25,4,Pre-monsoon
2021-04-22 17:00:00,41.75,1.27,74.68,4,Pre-monsoon
2021-04-22 18:00:00,42.5,1.85,61.78,4,Pre-monsoon
2021-04-22 19:00:00,51.75,1.95,59.82,4,Pre-monsoon
2021-04-22 20:00:00,64.75,2.1,61.92,4,Pre-monsoon
2021-04-22 21:00:00,61.0,2.17,64.32,4,Pre-monsoon
2021-04-22 22:00:00,61.5,2.32,62.7,4,Pre-monsoon
2021-04-22 23:00:00,64.5,2.12,61.98,4,Pre-monsoon
2021-04-23 00:00:00,70.25,2.2,62.88,4,Pre-monsoon
2021-04-23 01:00:00,73.0,2.08,64.05,4,Pre-monsoon
2021-04-23 02:00:00,73.5,1.85,66.72,4,Pre-monsoon
2021-04-23 03:00:00,80.25,1.92,65.3,4,Pre-monsoon
2021-04-23 04:00:00,67.25,1.92,67.6,4,Pre-monsoon
2021-04-23 05:00:00,63.0,1.2,75.15,4,Pre-monsoon
2021-04-23 06:00:00,69.5,0.82,80.1,4,Pre-monsoon
2021-04-23 07:00:00,72.5,0.92,95.05,4,Pre-monsoon
2021-04-23 08:00:00,55.75,2.05,170.95,4,Pre-monsoon
2021-04-23 09:00:00,72.75,2.0,52.47,4,Pre-monsoon
2021-04-23 10:00:00,69.25,2.4,176.85,4,Pre-monsoon
2021-04-23 11:00:00,69.75,2.47,21.7,4,Pre-monsoon
2021-04-23 12:00:00,86.75,2.38,14.45,4,Pre-monsoon
2021-04-23 13:00:00,54.5,2.45,23.98,4,Pre-monsoon
2021-04-23 14:00:00,51.75,2.3,16.55,4,Pre-monsoon
2021-04-23 15:00:00,74.5,2.4,23.8,4,Pre-monsoon
2021-04-23 16:00:00,44.0,2.6,25.6,4,Pre-monsoon
2021-04-23 17:00:00,36.0,2.2,22.45,4,Pre-monsoon
2021-04-23 18:00:00,32.25,1.7,11.55,4,Pre-monsoon
2021-04-23 19:00:00,40.75,1.58,3.08,4,Pre-monsoon
2021-04-23 20:00:00,50.0,1.3,261.73,4,Pre-monsoon
2021-04-23 21:00:00,61.75,1.33,349.4,4,Pre-monsoon
2021-04-23 22:00:00,59.75,1.12,356.08,4,Pre-monsoon
2021-04-23 23:00:00,57.5,1.27,335.3,4,Pre-monsoon
2021-04-24 00:00:00,59.75,1.52,327.92,4,Pre-monsoon
2021-04-24 01:00:00,55.0,1.85,323.65,4,Pre-monsoon
2021-04-24 02:00:00,61.0,1.25,322.1,4,Pre-monsoon
2021-04-24 03:00:00,72.75,0.98,264.95,4,Pre-monsoon
2021-04-24 04:00:00,111.75,1.05,272.88,4,Pre-monsoon
2021-04-24 05:00:00,126.75,0.98,255.7,4,Pre-monsoon
2021-04-24 06:00:00,136.5,0.88,249.12,4,Pre-monsoon
2021-04-24 07:00:00,124.75,0.92,278.0,4,Pre-monsoon
2021-04-24 08:00:00,97.0,1.7,321.8,4,Pre-monsoon
2021-04-24 09:00:00,76.75,2.05,319.85,4,Pre-monsoon
2021-04-24 10:00:00,67.0,2.05,315.4,4,Pre-monsoon
2021-04-24 11:00:00,56.75,2.0,311.85,4,Pre-monsoon
2021-04-24 12:00:00,49.75,1.95,315.3,4,Pre-monsoon
2021-04-24 13:00:00,35.0,2.1,294.27,4,Pre-monsoon
2021-04-24 14:00:00,22.25,2.1,291.12,4,Pre-monsoon
2021-04-24 15:00:00,25.0,2.25,290.4,4,Pre-monsoon
2021-04-24 16:00:00,15.75,2.48,296.3,4,Pre-monsoon
2021-04-24 17:00:00,23.0,2.62,298.28,4,Pre-monsoon
2021-04-24 18:00:00,20.75,1.58,288.22,4,Pre-monsoon
2021-04-24 19:00:00,35.25,1.15,287.18,4,Pre-monsoon
2021-04-24 20:00:00,72.5,1.0,273.2,4,Pre-monsoon
2021-04-24 21:00:00,81.0,1.08,307.4,4,Pre-monsoon
2021-04-24 22:00:00,107.5,0.65,200.0,4,Pre-monsoon
2021-04-24 23:00:00,124.25,0.45,156.45,4,Pre-monsoon
2021-04-25 00:00:00,132.75,0.57,135.82,4,Pre-monsoon
2021-04-25 01:00:00,159.0,0.62,240.0,4,Pre-monsoon
2021-04-25 02:00:00,168.75,0.78,252.58,4,Pre-monsoon
2021-04-25 03:00:00,182.5,0.68,266.05,4,Pre-monsoon
2021-04-25 04:00:00,220.0,0.82,267.23,4,Pre-monsoon
2021-04-25 05:00:00,229.75,1.12,269.1,4,Pre-monsoon
2021-04-25 06:00:00,224.5,1.12,273.73,4,Pre-monsoon
2021-04-25 07:00:00,190.75,1.5,288.75,4,Pre-monsoon
2021-04-25 08:00:00,143.0,1.88,302.42,4,Pre-monsoon
2021-04-25 09:00:00,101.0,2.1,319.6,4,Pre-monsoon
2021-04-25 10:00:00,54.5,2.5,316.65,4,Pre-monsoon
2021-04-25 11:00:00,38.5,2.8,316.33,4,Pre-monsoon
2021-04-25 12:00:00,32.0,2.4,313.58,4,Pre-monsoon
2021-04-25 13:00:00,33.25,2.22,316.82,4,Pre-monsoon
2021-04-25 14:00:00,27.0,2.12,321.7,4,Pre-monsoon
2021-04-25 15:00:00,25.5,1.75,315.98,4,Pre-monsoon
2021-04-25 16:00:00,29.25,1.78,309.27,4,Pre-monsoon
2021-04-25 17:00:00,27.75,1.4,314.4,4,Pre-monsoon
2021-04-25 18:00:00,42.0,1.05,288.95,4,Pre-monsoon
2021-04-25 19:00:00,93.0,0.9,282.15,4,Pre-monsoon
2021-04-25 20:00:00,150.0,0.7,284.17,4,Pre-monsoon
2021-04-25 21:00:00,177.5,0.52,262.95,4,Pre-monsoon
2021-04-25 22:00:00,161.5,0.68,271.62,4,Pre-monsoon
2021-04-25 23:00:00,211.5,0.55,270.77,4,Pre-monsoon
2021-04-26 00:00:00,275.25,0.57,273.33,4,Pre-monsoon
2021-04-26 01:00:00,285.25,0.57,281.05,4,Pre-monsoon
2021-04-26 02:00:00,318.75,0.68,257.77,4,Pre-monsoon
2021-04-26 03:00:00,304.25,0.7,251.0,4,Pre-monsoon
2021-04-26 04:00:00,288.0,0.62,232.6,4,Pre-monsoon
2021-04-26 05:00:00,291.75,0.22,199.45,4,Pre-monsoon
2021-04-26 06:00:00,330.0,0.22,140.75,4,Pre-monsoon
2021-04-26 07:00:00,367.5,0.4,241.08,4,Pre-monsoon
2021-04-26 08:00:00,366.5,0.62,201.12,4,Pre-monsoon
2021-04-26 09:00:00,246.75,0.57,251.58,4,Pre-monsoon
2021-04-26 10:00:00,161.75,1.0,254.65,4,Pre-monsoon
2021-04-26 11:00:00,97.5,1.52,283.52,4,Pre-monsoon
2021-04-26 12:00:00,63.75,2.12,302.73,4,Pre-monsoon
2021-04-26 13:00:00,49.25,1.8,288.2,4,Pre-monsoon
2021-04-26 14:00:00,54.0,1.95,305.95,4,Pre-monsoon
2021-04-26 15:00:00,57.25,1.6,294.18,4,Pre-monsoon
2021-04-26 16:00:00,60.5,1.72,298.18,4,Pre-monsoon
2021-04-26 17:00:00,70.75,1.23,295.7,4,Pre-monsoon
2021-04-26 18:00:00,77.5,0.4,282.62,4,Pre-monsoon
2021-04-26 19:00:00,77.25,0.48,255.62,4,Pre-monsoon
2021-04-26 20:00:00,97.25,0.52,269.0,4,Pre-monsoon
2021-04-26 21:00:00,128.25,0.22,240.73,4,Pre-monsoon
2021-04-26 22:00:00,164.5,0.2,208.0,4,Pre-monsoon
2021-04-26 23:00:00,246.25,0.18,88.15,4,Pre-monsoon
2021-04-27 00:00:00,383.75,0.28,174.28,4,Pre-monsoon
2021-04-27 01:00:00,303.25,0.18,146.45,4,Pre-monsoon
2021-04-27 02:00:00,342.0,0.57,241.4,4,Pre-monsoon
2021-04-27 03:00:00,335.75,0.48,234.15,4,Pre-monsoon
2021-04-27 04:00:00,333.0,0.28,209.32,4,Pre-monsoon
2021-04-27 05:00:00,377.25,0.32,242.7,4,Pre-monsoon
2021-04-27 06:00:00,469.5,0.35,228.55,4,Pre-monsoon
2021-04-27 07:00:00,532.5,0.48,229.45,4,Pre-monsoon
2021-04-27 08:00:00,481.0,0.85,195.77,4,Pre-monsoon
2021-04-27 09:00:00,322.75,0.68,233.88,4,Pre-monsoon
2021-04-27 10:00:00,171.75,1.08,226.1,4,Pre-monsoon
2021-04-27 11:00:00,107.0,1.18,256.05,4,Pre-monsoon
2021-04-27 12:00:00,77.5,1.9,296.38,4,Pre-monsoon
2021-04-27 13:00:00,73.5,2.05,292.58,4,Pre-monsoon
2021-04-27 14:00:00,57.5,2.6,310.05,4,Pre-monsoon
2021-04-27 15:00:00,62.25,2.5,315.42,4,Pre-monsoon
2021-04-27 16:00:00,72.75,1.92,302.58,4,Pre-monsoon
2021-04-27 17:00:00,76.5,1.52,300.82,4,Pre-monsoon
2021-04-27 18:00:00,83.25,0.62,274.25,4,Pre-monsoon
2021-04-27 19:00:00,94.25,0.45,271.1,4,Pre-monsoon
2021-04-27 20:00:00,131.25,0.45,254.38,4,Pre-monsoon
2021-04-27 21:00:00,206.25,0.25,214.02,4,Pre-monsoon
2021-04-27 22:00:00,224.5,0.35,57.1,4,Pre-monsoon
2021-04-27 23:00:00,269.5,0.35,134.25,4,Pre-monsoon
2021-04-28 00:00:00,300.5,0.52,250.65,4,Pre-monsoon
2021-04-28 01:00:00,296.0,0.35,217.75,4,Pre-monsoon
2021-04-28 02:00:00,293.0,0.4,248.22,4,Pre-monsoon
2021-04-28 03:00:00,337.25,0.4,225.7,4,Pre-monsoon
2021-04-28 04:00:00,429.5,0.5,255.1,4,Pre-monsoon
2021-04-28 05:00:00,467.75,0.5,257.3,4,Pre-monsoon
2021-04-28 06:00:00,471.75,0.82,262.33,4,Pre-monsoon
2021-04-28 07:00:00,500.5,0.4,226.32,4,Pre-monsoon
2021-04-28 08:00:00,461.75,0.88,247.52,4,Pre-monsoon
2021-04-28 09:00:00,362.25,0.95,220.75,4,Pre-monsoon
2021-04-28 10:00:00,272.0,1.1,247.8,4,Pre-monsoon
2021-04-28 11:00:00,120.0,1.52,259.98,4,Pre-monsoon
2021-04-28 12:00:00,75.25,1.27,283.3,4,Pre-monsoon
2021-04-28 13:00:00,68.75,1.7,280.35,4,Pre-monsoon
2021-04-28 14:00:00,71.5,2.05,303.77,4,Pre-monsoon
2021-04-28 15:00:00,65.25,2.17,306.25,4,Pre-monsoon
2021-04-28 16:00:00,69.25,1.78,293.75,4,Pre-monsoon
2021-04-28 17:00:00,68.0,1.45,281.08,4,Pre-monsoon
2021-04-28 18:00:00,67.5,0.72,282.65,4,Pre-monsoon
2021-04-28 19:00:00,99.0,0.7,300.58,4,Pre-monsoon
2021-04-28 20:00:00,151.5,0.52,233.85,4,Pre-monsoon
2021-04-28 21:00:00,176.75,0.88,270.5,4,Pre-monsoon
2021-04-28 22:00:00,189.25,0.7,328.0,4,Pre-monsoon
2021-04-28 23:00:00,205.75,0.5,256.05,4,Pre-monsoon
2021-04-29 00:00:00,223.0,0.5,251.88,4,Pre-monsoon
2021-04-29 01:00:00,243.25,0.55,263.2,4,Pre-monsoon
2021-04-29 02:00:00,261.5,0.68,262.42,4,Pre-monsoon
2021-04-29 03:00:00,291.75,0.32,216.55,4,Pre-monsoon
2021-04-29 04:00:00,289.25,0.55,267.38,4,Pre-monsoon
2021-04-29 05:00:00,333.5,0.57,258.7,4,Pre-monsoon
2021-04-29 06:00:00,387.5,0.3,246.78,4,Pre-monsoon
2021-04-29 07:00:00,424.0,0.65,259.5,4,Pre-monsoon
2021-04-29 08:00:00,398.75,1.0,278.88,4,Pre-monsoon
2021-04-29 09:00:00,321.0,1.15,297.77,4,Pre-monsoon
2021-04-29 10:00:00,179.25,1.55,309.23,4,Pre-monsoon
2021-04-29 11:00:00,92.0,1.45,309.52,4,Pre-monsoon
2021-04-29 12:00:00,78.5,1.55,298.78,4,Pre-monsoon
2021-04-29 13:00:00,71.25,1.9,296.42,4,Pre-monsoon
2021-04-29 14:00:00,63.75,2.38,306.77,4,Pre-monsoon
2021-04-29 15:00:00,63.5,2.22,303.4,4,Pre-monsoon
2021-04-29 16:00:00,67.0,1.52,164.4,4,Pre-monsoon
2021-04-29 17:00:00,105.75,1.88,264.33,4,Pre-monsoon
2021-04-29 18:00:00,115.75,2.92,326.55,4,Pre-monsoon
2021-04-29 19:00:00,100.0,2.78,330.05,4,Pre-monsoon
2021-04-29 20:00:00,109.25,0.6,36.72,4,Pre-monsoon
2021-04-29 21:00:00,92.5,0.48,41.3,4,Pre-monsoon
2021-04-29 22:00:00,121.5,0.38,121.3,4,Pre-monsoon
2021-04-29 23:00:00,120.75,1.0,63.12,4,Pre-monsoon
2021-04-30 00:00:00,117.25,0.78,68.85,4,Pre-monsoon
2021-04-30 01:00:00,125.5,0.62,250.52,4,Pre-monsoon
2021-04-30 02:00:00,124.25,0.52,267.8,4,Pre-monsoon
2021-04-30 03:00:00,163.25,0.57,285.45,4,Pre-monsoon
2021-04-30 04:00:00,261.0,0.2,150.88,4,Pre-monsoon
2021-04-30 05:00:00,315.25,0.65,22.4,4,Pre-monsoon
2021-04-30 06:00:00,348.5,0.35,113.05,4,Pre-monsoon
2021-04-30 07:00:00,229.75,0.68,87.8,4,Pre-monsoon
2021-04-30 08:00:00,233.75,1.62,58.9,4,Pre-monsoon
2021-04-30 09:00:00,229.25,1.42,61.05,4,Pre-monsoon
2021-04-30 10:00:00,156.25,1.55,115.12,4,Pre-monsoon
2021-04-30 11:00:00,104.5,1.5,251.85,4,Pre-monsoon
2021-04-30 12:00:00,98.0,1.38,263.55,4,Pre-monsoon
2021-04-30 13:00:00,89.0,1.27,9.38,4,Pre-monsoon
2021-04-30 14:00:00,78.5,1.15,16.7,4,Pre-monsoon
2021-04-30 15:00:00,72.5,0.92,266.38,4,Pre-monsoon
2021-04-30 16:00:00,70.25,0.88,102.25,4,Pre-monsoon
2021-04-30 17:00:00,77.75,0.72,32.62,4,Pre-monsoon
2021-04-30 18:00:00,86.75,0.95,320.4,4,Pre-monsoon
2021-04-30 19:00:00,113.75,1.38,279.95,4,Pre-monsoon
2021-04-30 20:00:00,130.25,0.48,221.88,4,Pre-monsoon
2021-04-30 21:00:00,129.25,0.48,261.12,4,Pre-monsoon
2021-04-30 22:00:00,162.75,2.38,281.28,4,Pre-monsoon
2021-04-30 23:00:00,146.75,2.53,251.15,4,Pre-monsoon
2021-05-01 00:00:00,71.0,1.08,284.12,5,Pre-monsoon
2021-05-01 01:00:00,69.25,0.57,271.62,5,Pre-monsoon
2021-05-01 02:00:00,95.25,1.38,256.4,5,Pre-monsoon
2021-05-01 03:00:00,101.0,0.92,39.78,5,Pre-monsoon
2021-05-01 04:00:00,74.5,0.57,119.98,5,Pre-monsoon
2021-05-01 05:00:00,65.5,0.95,60.88,5,Pre-monsoon
2021-05-01 06:00:00,93.5,0.9,62.3,5,Pre-monsoon
2021-05-01 07:00:00,109.5,0.98,40.3,5,Pre-monsoon
2021-05-01 08:00:00,113.5,1.42,9.05,5,Pre-monsoon
2021-05-01 09:00:00,130.75,1.08,102.93,5,Pre-monsoon
2021-05-01 10:00:00,124.75,1.62,45.1,5,Pre-monsoon
2021-05-01 11:00:00,96.5,0.78,85.22,5,Pre-monsoon
2021-05-01 12:00:00,85.5,0.7,96.9,5,Pre-monsoon
2021-05-01 13:00:00,81.5,0.7,68.35,5,Pre-monsoon
2021-05-01 14:00:00,73.75,0.57,64.15,5,Pre-monsoon
2021-05-01 15:00:00,72.75,0.62,134.2,5,Pre-monsoon
2021-05-01 16:00:00,71.5,0.75,53.35,5,Pre-monsoon
2021-05-01 17:00:00,69.75,0.65,255.92,5,Pre-monsoon
2021-05-01 18:00:00,74.0,0.55,77.82,5,Pre-monsoon
2021-05-01 19:00:00,97.5,1.6,237.7,5,Pre-monsoon
2021-05-01 20:00:00,118.5,0.92,244.72,5,Pre-monsoon
2021-05-01 21:00:00,106.25,0.78,228.2,5,Pre-monsoon
2021-05-01 22:00:00,112.0,0.75,183.9,5,Pre-monsoon
2021-05-01 23:00:00,116.0,0.82,343.9,5,Pre-monsoon
2021-05-02 00:00:00,108.75,0.68,293.08,5,Pre-monsoon
2021-05-02 01:00:00,103.5,0.52,260.27,5,Pre-monsoon
2021-05-02 02:00:00,104.0,0.35,220.48,5,Pre-monsoon
2021-05-02 03:00:00,127.0,0.35,187.28,5,Pre-monsoon
2021-05-02 04:00:00,146.25,0.32,259.35,5,Pre-monsoon
2021-05-02 05:00:00,139.5,0.3,242.73,5,Pre-monsoon
2021-05-02 06:00:00,163.75,0.5,92.95,5,Pre-monsoon
2021-05-02 07:00:00,186.25,0.92,186.92,5,Pre-monsoon
2021-05-02 08:00:00,257.5,0.68,325.75,5,Pre-monsoon
2021-05-02 09:00:00,302.5,0.42,135.95,5,Pre-monsoon
2021-05-02 10:00:00,238.25,1.72,49.12,5,Pre-monsoon
2021-05-02 11:00:00,147.75,1.0,101.4,5,Pre-monsoon
2021-05-02 12:00:00,80.5,1.48,156.98,5,Pre-monsoon
2021-05-02 13:00:00,49.5,1.15,173.48,5,Pre-monsoon
2021-05-02 14:00:00,41.5,1.15,187.35,5,Pre-monsoon
2021-05-02 15:00:00,48.5,1.38,196.52,5,Pre-monsoon
2021-05-02 16:00:00,68.0,1.55,235.27,5,Pre-monsoon
2021-05-02 17:00:00,48.0,1.42,240.1,5,Pre-monsoon
2021-05-02 18:00:00,41.75,0.65,254.65,5,Pre-monsoon
2021-05-02 19:00:00,51.5,0.32,193.02,5,Pre-monsoon
2021-05-02 20:00:00,85.25,0.38,153.25,5,Pre-monsoon
2021-05-02 21:00:00,100.25,0.9,268.77,5,Pre-monsoon
2021-05-02 22:00:00,131.75,1.2,319.25,5,Pre-monsoon
2021-05-02 23:00:00,145.25,1.52,325.95,5,Pre-monsoon
2021-05-03 00:00:00,115.75,0.62,266.95,5,Pre-monsoon
2021-05-03 01:00:00,88.0,0.2,189.52,5,Pre-monsoon
2021-05-03 02:00:00,88.25,0.3,232.45,5,Pre-monsoon
2021-05-03 03:00:00,101.75,0.3,245.85,5,Pre-monsoon
2021-05-03 04:00:00,155.5,0.65,256.9,5,Pre-monsoon
2021-05-03 05:00:00,208.0,0.57,217.92,5,Pre-monsoon
2021-05-03 06:00:00,224.75,0.52,214.18,5,Pre-monsoon
2021-05-03 07:00:00,226.75,0.82,246.85,5,Pre-monsoon
2021-05-03 08:00:00,243.0,0.9,253.8,5,Pre-monsoon
2021-05-03 09:00:00,231.75,0.9,246.42,5,Pre-monsoon
2021-05-03 10:00:00,196.75,1.2,232.68,5,Pre-monsoon
2021-05-03 11:00:00,145.5,1.27,233.52,5,Pre-monsoon
2021-05-03 12:00:00,80.25,1.2,258.02,5,Pre-monsoon
2021-05-03 13:00:00,63.5,1.18,259.23,5,Pre-monsoon
2021-05-03 14:00:00,45.25,1.35,258.18,5,Pre-monsoon
2021-05-03 15:00:00,43.25,1.3,270.08,5,Pre-monsoon
2021-05-03 16:00:00,50.75,1.52,266.9,5,Pre-monsoon
2021-05-03 17:00:00,45.0,1.23,271.45,5,Pre-monsoon
2021-05-03 18:00:00,49.25,0.9,274.85,5,Pre-monsoon
2021-05-03 19:00:00,59.5,0.35,265.5,5,Pre-monsoon
2021-05-03 20:00:00,95.25,1.0,287.48,5,Pre-monsoon
2021-05-03 21:00:00,160.0,1.15,312.85,5,Pre-monsoon
2021-05-03 22:00:00,201.75,1.23,30.32,5,Pre-monsoon
2021-05-03 23:00:00,171.75,1.75,64.65,5,Pre-monsoon
2021-05-04 00:00:00,138.5,0.52,74.65,5,Pre-monsoon
2021-05-04 01:00:00,139.0,0.7,66.72,5,Pre-monsoon
2021-05-04 02:00:00,127.5,0.8,69.75,5,Pre-monsoon
2021-05-04 03:00:00,103.5,0.15,98.22,5,Pre-monsoon
2021-05-04 04:00:00,106.0,0.25,158.65,5,Pre-monsoon
2021-05-04 05:00:00,99.0,0.32,185.2,5,Pre-monsoon
2021-05-04 06:00:00,108.0,0.55,61.55,5,Pre-monsoon
2021-05-04 07:00:00,155.0,0.45,110.68,5,Pre-monsoon
2021-05-04 08:00:00,174.75,0.55,202.02,5,Pre-monsoon
2021-05-04 09:00:00,125.25,0.65,236.8,5,Pre-monsoon
2021-05-04 10:00:00,98.5,0.55,204.2,5,Pre-monsoon
2021-05-04 11:00:00,93.75,0.68,165.7,5,Pre-monsoon
2021-05-04 12:00:00,53.25,0.82,207.32,5,Pre-monsoon
2021-05-04 13:00:00,37.5,0.72,250.82,5,Pre-monsoon
2021-05-04 14:00:00,24.0,1.02,200.62,5,Pre-monsoon
2021-05-04 15:00:00,24.0,1.42,250.02,5,Pre-monsoon
2021-05-04 16:00:00,23.75,1.35,258.08,5,Pre-monsoon
2021-05-04 17:00:00,25.0,0.95,265.7,5,Pre-monsoon
2021-05-04 18:00:00,33.25,0.55,277.48,5,Pre-monsoon
2021-05-04 19:00:00,40.25,0.25,251.75,5,Pre-monsoon
2021-05-04 20:00:00,55.0,1.42,292.75,5,Pre-monsoon
2021-05-04 21:00:00,95.25,1.7,347.8,5,Pre-monsoon
2021-05-04 22:00:00,88.25,1.15,346.48,5,Pre-monsoon
2021-05-04 23:00:00,81.5,1.12,182.3,5,Pre-monsoon
2021-05-05 00:00:00,76.5,1.25,18.75,5,Pre-monsoon
2021-05-05 01:00:00,72.0,1.35,38.4,5,Pre-monsoon
2021-05-05 02:00:00,64.75,1.32,25.98,5,Pre-monsoon
2021-05-05 03:00:00,71.0,1.68,30.98,5,Pre-monsoon
2021-05-05 04:00:00,75.75,1.08,82.52,5,Pre-monsoon
2021-05-05 05:00:00,83.0,0.38,119.22,5,Pre-monsoon
2021-05-05 06:00:00,95.75,2.08,64.4,5,Pre-monsoon
2021-05-05 07:00:00,105.5,2.0,67.82,5,Pre-monsoon
2021-05-05 08:00:00,72.0,1.8,78.95,5,Pre-monsoon
2021-05-05 09:00:00,63.25,0.85,103.0,5,Pre-monsoon
2021-05-05 10:00:00,58.5,0.9,118.0,5,Pre-monsoon
2021-05-05 11:00:00,68.25,0.75,91.72,5,Pre-monsoon
2021-05-05 12:00:00,66.75,1.08,87.08,5,Pre-monsoon
2021-05-05 13:00:00,67.5,0.9,94.6,5,Pre-monsoon
2021-05-05 14:00:00,62.5,0.68,110.85,5,Pre-monsoon
2021-05-05 15:00:00,64.0,1.55,28.18,5,Pre-monsoon
2021-05-05 16:00:00,72.75,1.6,40.05,5,Pre-monsoon
2021-05-05 17:00:00,72.25,1.7,49.9,5,Pre-monsoon
2021-05-05 18:00:00,72.75,1.6,36.58,5,Pre-monsoon
2021-05-05 19:00:00,76.0,1.25,56.45,5,Pre-monsoon
2021-05-05 20:00:00,91.25,1.7,65.28,5,Pre-monsoon
2021-05-05 21:00:00,100.75,1.72,63.6,5,Pre-monsoon
2021-05-05 22:00:00,96.0,1.6,66.38,5,Pre-monsoon
2021-05-05 23:00:00,85.5,1.62,64.08,5,Pre-monsoon
2021-05-06 00:00:00,88.5,0.88,70.42,5,Pre-monsoon
2021-05-06 01:00:00,80.25,0.85,68.18,5,Pre-monsoon
2021-05-06 02:00:00,68.75,1.32,63.15,5,Pre-monsoon
2021-05-06 03:00:00,69.25,1.12,60.98,5,Pre-monsoon
2021-05-06 04:00:00,77.5,1.12,58.68,5,Pre-monsoon
2021-05-06 05:00:00,104.5,1.58,63.6,5,Pre-monsoon
2021-05-06 06:00:00,144.5,2.15,62.72,5,Pre-monsoon
2021-05-06 07:00:00,138.25,2.02,62.7,5,Pre-monsoon
2021-05-06 08:00:00,112.75,2.05,67.62,5,Pre-monsoon
2021-05-06 09:00:00,76.0,1.65,71.68,5,Pre-monsoon
2021-05-06 10:00:00,67.75,1.65,79.08,5,Pre-monsoon
2021-05-06 11:00:00,68.0,1.83,70.2,5,Pre-monsoon
2021-05-06 12:00:00,61.25,1.85,60.5,5,Pre-monsoon
2021-05-06 13:00:00,57.0,1.82,52.92,5,Pre-monsoon
2021-05-06 14:00:00,53.5,2.08,56.02,5,Pre-monsoon
2021-05-06 15:00:00,62.25,1.83,116.6,5,Pre-monsoon
2021-05-06 16:00:00,68.0,3.65,258.8,5,Pre-monsoon
2021-05-06 17:00:00,63.25,3.0,280.6,5,Pre-monsoon
2021-05-06 18:00:00,30.25,1.8,321.7,5,Pre-monsoon
2021-05-06 19:00:00,26.75,1.55,28.25,5,Pre-monsoon
2021-05-06 20:00:00,23.0,0.82,56.8,5,Pre-monsoon
2021-05-06 21:00:00,24.25,0.8,76.22,5,Pre-monsoon
2021-05-06 22:00:00,28.75,1.4,290.45,5,Pre-monsoon
2021-05-06 23:00:00,28.75,1.65,185.8,5,Pre-monsoon
2021-05-07 00:00:00,25.25,1.02,87.72,5,Pre-monsoon
2021-05-07 01:00:00,33.25,0.38,127.88,5,Pre-monsoon
2021-05-07 02:00:00,29.25,0.3,66.88,5,Pre-monsoon
2021-05-07 03:00:00,35.0,0.7,246.88,5,Pre-monsoon
2021-05-07 04:00:00,41.0,0.65,260.6,5,Pre-monsoon
2021-05-07 05:00:00,46.75,0.62,281.85,5,Pre-monsoon
2021-05-07 06:00:00,80.0,1.55,341.2,5,Pre-monsoon
2021-05-07 07:00:00,113.25,1.25,263.27,5,Pre-monsoon
2021-05-07 08:00:00,66.0,1.2,96.42,5,Pre-monsoon
2021-05-07 09:00:00,57.5,1.02,97.05,5,Pre-monsoon
2021-05-07 10:00:00,57.5,0.7,181.5,5,Pre-monsoon
2021-05-07 11:00:00,52.5,1.25,28.4,5,Pre-monsoon
2021-05-07 12:00:00,50.75,1.32,23.8,5,Pre-monsoon
2021-05-07 13:00:00,48.5,1.18,46.35,5,Pre-monsoon
2021-05-07 14:00:00,44.25,1.27,188.4,5,Pre-monsoon
2021-05-07 15:00:00,42.5,0.85,108.82,5,Pre-monsoon
2021-05-07 16:00:00,35.0,0.62,98.42,5,Pre-monsoon
2021-05-07 17:00:00,38.0,1.4,251.68,5,Pre-monsoon
2021-05-07 18:00:00,48.0,0.88,336.62,5,Pre-monsoon
2021-05-07 19:00:00,65.25,0.55,23.22,5,Pre-monsoon
2021-05-07 20:00:00,99.75,0.42,169.68,5,Pre-monsoon
2021-05-07 21:00:00,81.5,0.38,178.05,5,Pre-monsoon
2021-05-07 22:00:00,105.0,0.62,291.12,5,Pre-monsoon
2021-05-07 23:00:00,117.0,1.2,318.42,5,Pre-monsoon
2021-05-08 00:00:00,122.75,0.52,148.9,5,Pre-monsoon
2021-05-08 01:00:00,139.0,0.57,49.45,5,Pre-monsoon
2021-05-08 02:00:00,138.25,0.25,154.52,5,Pre-monsoon
2021-05-08 03:00:00,142.5,0.22,130.98,5,Pre-monsoon
2021-05-08 04:00:00,137.5,0.2,200.95,5,Pre-monsoon
2021-05-08 05:00:00,142.5,0.38,138.15,5,Pre-monsoon
2021-05-08 06:00:00,136.25,0.57,79.1,5,Pre-monsoon
2021-05-08 07:00:00,144.5,0.57,35.5,5,Pre-monsoon
2021-05-08 08:00:00,150.25,0.75,130.45,5,Pre-monsoon
2021-05-08 09:00:00,115.5,0.65,150.75,5,Pre-monsoon
2021-05-08 10:00:00,71.75,0.73,171.12,5,Pre-monsoon
2021-05-08 11:00:00,43.25,0.65,228.22,5,Pre-monsoon
2021-05-08 12:00:00,39.25,1.05,119.85,5,Pre-monsoon
2021-05-08 13:00:00,34.25,1.2,185.5,5,Pre-monsoon
2021-05-08 14:00:00,36.5,1.35,334.1,5,Pre-monsoon
2021-05-08 15:00:00,42.25,1.1,282.52,5,Pre-monsoon
2021-05-08 16:00:00,46.25,1.38,302.32,5,Pre-monsoon
2021-05-08 17:00:00,50.0,1.17,337.35,5,Pre-monsoon
2021-05-08 18:00:00,60.75,1.12,327.45,5,Pre-monsoon
2021-05-08 19:00:00,68.75,0.62,331.42,5,Pre-monsoon
2021-05-08 20:00:00,81.25,0.5,190.23,5,Pre-monsoon
2021-05-08 21:00:00,98.25,0.35,94.88,5,Pre-monsoon
2021-05-08 22:00:00,110.25,1.4,68.92,5,Pre-monsoon
2021-05-08 23:00:00,102.5,1.52,63.35,5,Pre-monsoon
2021-05-09 00:00:00,84.75,1.48,62.75,5,Pre-monsoon
2021-05-09 01:00:00,78.75,1.03,65.35,5,Pre-monsoon
2021-05-09 02:00:00,69.75,0.85,61.6,5,Pre-monsoon
2021-05-09 03:00:00,72.25,1.38,58.2,5,Pre-monsoon
2021-05-09 04:00:00,102.75,1.2,65.5,5,Pre-monsoon
2021-05-09 05:00:00,110.75,1.42,63.02,5,Pre-monsoon
2021-05-09 06:00:00,113.5,1.38,57.05,5,Pre-monsoon
2021-05-09 07:00:00,129.75,1.62,47.82,5,Pre-monsoon
2021-05-09 08:00:00,134.25,1.8,56.58,5,Pre-monsoon
2021-05-09 09:00:00,95.75,1.42,63.62,5,Pre-monsoon
2021-05-09 10:00:00,92.0,0.8,95.2,5,Pre-monsoon
2021-05-09 11:00:00,79.5,0.6,110.98,5,Pre-monsoon
2021-05-09 12:00:00,65.5,0.62,177.0,5,Pre-monsoon
2021-05-09 13:00:00,57.0,0.5,297.9,5,Pre-monsoon
2021-05-09 14:00:00,60.25,1.1,103.12,5,Pre-monsoon
2021-05-09 15:00:00,54.25,1.18,255.85,5,Pre-monsoon
2021-05-09 16:00:00,61.0,0.57,165.1,5,Pre-monsoon
2021-05-09 17:00:00,56.25,1.08,149.95,5,Pre-monsoon
2021-05-09 18:00:00,40.25,0.57,137.73,5,Pre-monsoon
2021-05-09 19:00:00,35.0,0.85,159.35,5,Pre-monsoon
2021-05-09 20:00:00,34.75,0.8,118.6,5,Pre-monsoon
2021-05-09 21:00:00,33.25,0.45,196.8,5,Pre-monsoon
2021-05-09 22:00:00,28.25,0.5586666666666666,194.552,5,Pre-monsoon
2021-05-09 23:00:00,23.75,0.6673333333333333,192.304,5,Pre-monsoon
2021-05-10 00:00:00,35.0,0.776,190.056,5,Pre-monsoon
2021-05-10 01:00:00,36.25,,,5,Pre-monsoon
2021-05-10 02:00:00,37.5,,,5,Pre-monsoon
2021-05-10 03:00:00,38.75,,,5,Pre-monsoon
2021-05-10 04:00:00,,,,5,Pre-monsoon
2021-05-10 05:00:00,,,,5,Pre-monsoon
2021-05-10 06:00:00,,,,5,Pre-monsoon
2021-05-10 07:00:00,,,,5,Pre-monsoon
2021-05-10 08:00:00,,,,5,Pre-monsoon
2021-05-10 09:00:00,,,,5,Pre-monsoon
2021-05-10 10:00:00,,,,5,Pre-monsoon
2021-05-10 11:00:00,,,,5,Pre-monsoon
2021-05-10 12:00:00,50.0,2.08,163.08,5,Pre-monsoon
2021-05-10 13:00:00,50.5,2.55,32.72,5,Pre-monsoon
2021-05-10 14:00:00,50.75,2.28,66.9,5,Pre-monsoon
2021-05-10 15:00:00,47.75,1.6,68.8,5,Pre-monsoon
2021-05-10 16:00:00,49.0,1.52,62.48,5,Pre-monsoon
2021-05-10 17:00:00,45.5,1.02,79.1,5,Pre-monsoon
2021-05-10 18:00:00,46.0,0.35,114.52,5,Pre-monsoon
2021-05-10 19:00:00,56.25,0.88,61.8,5,Pre-monsoon
2021-05-10 20:00:00,71.0,0.82,63.03,5,Pre-monsoon
2021-05-10 21:00:00,85.25,1.4,54.45,5,Pre-monsoon
2021-05-10 22:00:00,112.75,1.4,68.38,5,Pre-monsoon
2021-05-10 23:00:00,126.0,1.25,66.4,5,Pre-monsoon
2021-05-11 00:00:00,139.75,1.32,63.32,5,Pre-monsoon
2021-05-11 01:00:00,139.75,1.6,61.1,5,Pre-monsoon
2021-05-11 02:00:00,160.5,1.6,67.6,5,Pre-monsoon
2021-05-11 03:00:00,178.25,2.0,63.05,5,Pre-monsoon
2021-05-11 04:00:00,152.25,1.78,66.58,5,Pre-monsoon
2021-05-11 05:00:00,164.5,1.65,68.78,5,Pre-monsoon
2021-05-11 06:00:00,136.75,1.0,78.25,5,Pre-monsoon
2021-05-11 07:00:00,111.5,0.52,105.4,5,Pre-monsoon
2021-05-11 08:00:00,94.25,0.62,139.95,5,Pre-monsoon
2021-05-11 09:00:00,44.75,1.05,105.55,5,Pre-monsoon
2021-05-11 10:00:00,41.5,1.25,43.7,5,Pre-monsoon
2021-05-11 11:00:00,57.5,1.78,47.3,5,Pre-monsoon
2021-05-11 12:00:00,71.5,1.9,45.12,5,Pre-monsoon
2021-05-11 13:00:00,59.75,1.78,34.6,5,Pre-monsoon
2021-05-11 14:00:00,47.25,1.18,23.78,5,Pre-monsoon
2021-05-11 15:00:00,46.5,1.3,267.32,5,Pre-monsoon
2021-05-11 16:00:00,43.25,1.32,174.85,5,Pre-monsoon
2021-05-11 17:00:00,48.5,1.35,95.8,5,Pre-monsoon
2021-05-11 18:00:00,51.5,1.7,7.58,5,Pre-monsoon
2021-05-11 19:00:00,49.5,1.72,17.15,5,Pre-monsoon
2021-05-11 20:00:00,57.5,0.95,114.48,5,Pre-monsoon
2021-05-11 21:00:00,50.25,0.75,130.07,5,Pre-monsoon
2021-05-11 22:00:00,23.0,0.6,153.55,5,Pre-monsoon
2021-05-11 23:00:00,21.0,0.4,141.75,5,Pre-monsoon
2021-05-12 00:00:00,23.75,0.6,77.8,5,Pre-monsoon
2021-05-12 01:00:00,22.75,0.7,89.28,5,Pre-monsoon
2021-05-12 02:00:00,22.25,0.38,139.45,5,Pre-monsoon
2021-05-12 03:00:00,24.5,0.18,227.62,5,Pre-monsoon
2021-05-12 04:00:00,28.0,0.28,285.7,5,Pre-monsoon
2021-05-12 05:00:00,26.0,0.42,178.25,5,Pre-monsoon
2021-05-12 06:00:00,34.5,1.15,42.75,5,Pre-monsoon
2021-05-12 07:00:00,66.25,1.35,65.92,5,Pre-monsoon
2021-05-12 08:00:00,95.25,0.82,90.1,5,Pre-monsoon
2021-05-12 09:00:00,42.5,0.75,102.58,5,Pre-monsoon
2021-05-12 10:00:00,33.0,0.55,198.1,5,Pre-monsoon
2021-05-12 11:00:00,28.75,1.5,257.4,5,Pre-monsoon
2021-05-12 12:00:00,32.75,2.9,274.1,5,Pre-monsoon
2021-05-12 13:00:00,31.75,3.3,301.82,5,Pre-monsoon
2021-05-12 14:00:00,42.0,3.62,312.45,5,Pre-monsoon
2021-05-12 15:00:00,50.25,2.8,351.28,5,Pre-monsoon
2021-05-12 16:00:00,54.5,1.88,262.4,5,Pre-monsoon
2021-05-12 17:00:00,47.75,1.3,6.6,5,Pre-monsoon
2021-05-12 18:00:00,49.5,0.9,183.98,5,Pre-monsoon
2021-05-12 19:00:00,48.0,1.4,48.18,5,Pre-monsoon
2021-05-12 20:00:00,51.75,1.48,44.9,5,Pre-monsoon
2021-05-12 21:00:00,64.5,1.32,66.47,5,Pre-monsoon
2021-05-12 22:00:00,69.0,1.27,64.47,5,Pre-monsoon
2021-05-12 23:00:00,71.5,1.68,66.42,5,Pre-monsoon
2021-05-13 00:00:00,83.5,1.6,65.12,5,Pre-monsoon
2021-05-13 01:00:00,110.25,1.48,51.3,5,Pre-monsoon
2021-05-13 02:00:00,143.25,1.4,77.08,5,Pre-monsoon
2021-05-13 03:00:00,109.0,2.33,248.95,5,Pre-monsoon
2021-05-13 04:00:00,62.25,3.05,256.3,5,Pre-monsoon
2021-05-13 05:00:00,48.0,2.6,25.55,5,Pre-monsoon
2021-05-13 06:00:00,48.0,1.7,73.5,5,Pre-monsoon
2021-05-13 07:00:00,18.0,0.82,99.4,5,Pre-monsoon
2021-05-13 08:00:00,22.5,2.08,80.95,5,Pre-monsoon
2021-05-13 09:00:00,36.75,2.4,64.12,5,Pre-monsoon
2021-05-13 10:00:00,37.0,1.45,62.9,5,Pre-monsoon
2021-05-13 11:00:00,31.5,2.08,50.38,5,Pre-monsoon
2021-05-13 12:00:00,33.25,1.45,62.58,5,Pre-monsoon
2021-05-13 13:00:00,35.75,1.95,29.18,5,Pre-monsoon
2021-05-13 14:00:00,39.5,1.65,18.25,5,Pre-monsoon
2021-05-13 15:00:00,35.0,1.62,21.5,5,Pre-monsoon
2021-05-13 16:00:00,33.25,1.95,8.45,5,Pre-monsoon
2021-05-13 17:00:00,26.5,1.52,52.92,5,Pre-monsoon
2021-05-13 18:00:00,22.75,1.0,64.18,5,Pre-monsoon
2021-05-13 19:00:00,29.0,1.08,38.42,5,Pre-monsoon
2021-05-13 20:00:00,45.25,1.33,23.15,5,Pre-monsoon
2021-05-13 21:00:00,64.75,1.38,30.85,5,Pre-monsoon
2021-05-13 22:00:00,84.0,1.08,50.72,5,Pre-monsoon
2021-05-13 23:00:00,81.75,1.2,70.08,5,Pre-monsoon
2021-05-14 00:00:00,88.5,1.2,67.75,5,Pre-monsoon
2021-05-14 01:00:00,110.25,1.1,68.7,5,Pre-monsoon
2021-05-14 02:00:00,138.5,1.0,53.28,5,Pre-monsoon
2021-05-14 03:00:00,157.25,1.27,23.8,5,Pre-monsoon
2021-05-14 04:00:00,170.25,1.38,42.68,5,Pre-monsoon
2021-05-14 05:00:00,131.5,1.32,71.0,5,Pre-monsoon
2021-05-14 06:00:00,121.75,1.25,69.77,5,Pre-monsoon
2021-05-14 07:00:00,126.75,1.5,59.15,5,Pre-monsoon
2021-05-14 08:00:00,129.5,1.65,51.62,5,Pre-monsoon
2021-05-14 09:00:00,103.0,1.5,58.28,5,Pre-monsoon
2021-05-14 10:00:00,69.0,1.72,51.15,5,Pre-monsoon
2021-05-14 11:00:00,51.5,1.62,26.35,5,Pre-monsoon
2021-05-14 12:00:00,33.5,1.12,39.25,5,Pre-monsoon
2021-05-14 13:00:00,26.75,0.88,35.48,5,Pre-monsoon
2021-05-14 14:00:00,19.75,1.1,118.35,5,Pre-monsoon
2021-05-14 15:00:00,19.75,1.0,105.7,5,Pre-monsoon
2021-05-14 16:00:00,22.25,0.92,118.95,5,Pre-monsoon
2021-05-14 17:00:00,24.5,1.3,29.88,5,Pre-monsoon
2021-05-14 18:00:00,28.5,1.23,66.62,5,Pre-monsoon
2021-05-14 19:00:00,27.75,0.78,57.12,5,Pre-monsoon
2021-05-14 20:00:00,35.75,0.75,66.62,5,Pre-monsoon
2021-05-14 21:00:00,50.75,0.3,113.35,5,Pre-monsoon
2021-05-14 22:00:00,44.0,0.35,109.4,5,Pre-monsoon
2021-05-14 23:00:00,40.25,0.3,142.45,5,Pre-monsoon
2021-05-15 00:00:00,29.25,0.28,140.55,5,Pre-monsoon
2021-05-15 01:00:00,30.0,0.2,117.3,5,Pre-monsoon
2021-05-15 02:00:00,30.0,0.3,224.58,5,Pre-monsoon
2021-05-15 03:00:00,30.0,0.38,47.7,5,Pre-monsoon
2021-05-15 04:00:00,37.0,0.82,185.92,5,Pre-monsoon
2021-05-15 05:00:00,58.75,0.68,192.35,5,Pre-monsoon
2021-05-15 06:00:00,75.5,1.08,218.28,5,Pre-monsoon
2021-05-15 07:00:00,117.25,1.27,228.45,5,Pre-monsoon
2021-05-15 08:00:00,104.0,0.57,152.23,5,Pre-monsoon
2021-05-15 09:00:00,69.5,0.72,80.7,5,Pre-monsoon
2021-05-15 10:00:00,40.5,1.08,39.12,5,Pre-monsoon
2021-05-15 11:00:00,46.25,0.75,47.65,5,Pre-monsoon
2021-05-15 12:00:00,41.25,1.1,23.85,5,Pre-monsoon
2021-05-15 13:00:00,40.5,1.15,189.92,5,Pre-monsoon
2021-05-15 14:00:00,35.5,1.58,324.68,5,Pre-monsoon
2021-05-15 15:00:00,37.5,2.82,316.23,5,Pre-monsoon
2021-05-15 16:00:00,45.0,2.55,336.78,5,Pre-monsoon
2021-05-15 17:00:00,35.75,1.8,98.7,5,Pre-monsoon
2021-05-15 18:00:00,36.25,0.85,53.8,5,Pre-monsoon
2021-05-15 19:00:00,37.25,0.22,177.73,5,Pre-monsoon
2021-05-15 20:00:00,32.75,0.5,180.52,5,Pre-monsoon
2021-05-15 21:00:00,49.75,1.25,36.08,5,Pre-monsoon
2021-05-15 22:00:00,67.0,1.2,29.12,5,Pre-monsoon
2021-05-15 23:00:00,70.5,0.95,70.43,5,Pre-monsoon
2021-05-16 00:00:00,83.0,1.02,47.78,5,Pre-monsoon
2021-05-16 01:00:00,90.5,0.92,51.58,5,Pre-monsoon
2021-05-16 02:00:00,98.0,0.48,50.47,5,Pre-monsoon
2021-05-16 03:00:00,110.75,0.73,181.72,5,Pre-monsoon
2021-05-16 04:00:00,121.0,0.65,131.38,5,Pre-monsoon
2021-05-16 05:00:00,115.5,0.2,129.15,5,Pre-monsoon
2021-05-16 06:00:00,116.75,0.45,66.78,5,Pre-monsoon
2021-05-16 07:00:00,140.25,1.1,17.23,5,Pre-monsoon
2021-05-16 08:00:00,125.5,1.0,39.5,5,Pre-monsoon
2021-05-16 09:00:00,97.0,1.05,40.28,5,Pre-monsoon
2021-05-16 10:00:00,65.75,0.73,100.75,5,Pre-monsoon
2021-05-16 11:00:00,51.0,1.17,257.17,5,Pre-monsoon
2021-05-16 12:00:00,42.5,0.92,327.7,5,Pre-monsoon
2021-05-16 13:00:00,35.25,1.32,322.85,5,Pre-monsoon
2021-05-16 14:00:00,40.25,1.1,344.62,5,Pre-monsoon
2021-05-16 15:00:00,50.0,1.23,187.82,5,Pre-monsoon
2021-05-16 16:00:00,42.0,0.88,183.35,5,Pre-monsoon
2021-05-16 17:00:00,43.25,0.95,32.88,5,Pre-monsoon
2021-05-16 18:00:00,41.25,1.12,51.35,5,Pre-monsoon
2021-05-16 19:00:00,51.25,0.9,77.62,5,Pre-monsoon
2021-05-16 20:00:00,52.25,0.32,138.05,5,Pre-monsoon
2021-05-16 21:00:00,60.75,0.28,151.15,5,Pre-monsoon
2021-05-16 22:00:00,87.75,0.22,138.43,5,Pre-monsoon
2021-05-16 23:00:00,105.5,0.38,207.08,5,Pre-monsoon
2021-05-17 00:00:00,126.0,0.57,247.32,5,Pre-monsoon
2021-05-17 01:00:00,122.5,0.75,267.45,5,Pre-monsoon
2021-05-17 02:00:00,112.25,0.7,268.8,5,Pre-monsoon
2021-05-17 03:00:00,143.0,0.52,292.05,5,Pre-monsoon
2021-05-17 04:00:00,140.5,0.75,291.58,5,Pre-monsoon
2021-05-17 05:00:00,107.5,0.28,151.88,5,Pre-monsoon
2021-05-17 06:00:00,116.5,0.35,138.8,5,Pre-monsoon
2021-05-17 07:00:00,149.5,0.4,177.27,5,Pre-monsoon
2021-05-17 08:00:00,221.0,0.5,214.08,5,Pre-monsoon
2021-05-17 09:00:00,242.5,0.75,169.7,5,Pre-monsoon
2021-05-17 10:00:00,180.5,0.62,178.9,5,Pre-monsoon
2021-05-17 11:00:00,139.0,0.6,192.2,5,Pre-monsoon
2021-05-17 12:00:00,96.25,0.32,214.92,5,Pre-monsoon
2021-05-17 13:00:00,79.0,0.6,251.27,5,Pre-monsoon
2021-05-17 14:00:00,57.0,0.35,194.55,5,Pre-monsoon
2021-05-17 15:00:00,46.25,0.42,169.7,5,Pre-monsoon
2021-05-17 16:00:00,51.75,0.45,148.7,5,Pre-monsoon
2021-05-17 17:00:00,58.25,0.2,147.98,5,Pre-monsoon
2021-05-17 18:00:00,66.0,0.3,170.35,5,Pre-monsoon
2021-05-17 19:00:00,83.25,0.28,157.2,5,Pre-monsoon
2021-05-17 20:00:00,98.25,0.28,146.68,5,Pre-monsoon
2021-05-17 21:00:00,87.75,0.65,138.58,5,Pre-monsoon
2021-05-17 22:00:00,54.0,0.72,154.25,5,Pre-monsoon
2021-05-17 23:00:00,25.0,0.82,161.6,5,Pre-monsoon
2021-05-18 00:00:00,18.75,0.7,157.78,5,Pre-monsoon
2021-05-18 01:00:00,18.0,0.43,167.65,5,Pre-monsoon
2021-05-18 02:00:00,16.25,0.52,173.0,5,Pre-monsoon
2021-05-18 03:00:00,11.5,0.48,134.85,5,Pre-monsoon
2021-05-18 04:00:00,12.75,0.2,69.12,5,Pre-monsoon
2021-05-18 05:00:00,14.5,0.32,141.05,5,Pre-monsoon
2021-05-18 06:00:00,21.0,0.3,119.28,5,Pre-monsoon
2021-05-18 07:00:00,17.75,0.42,136.1,5,Pre-monsoon
2021-05-18 08:00:00,16.0,0.55,142.8,5,Pre-monsoon
2021-05-18 09:00:00,12.75,0.75,164.82,5,Pre-monsoon
2021-05-18 10:00:00,13.25,0.78,161.0,5,Pre-monsoon
2021-05-18 11:00:00,18.75,0.82,164.35,5,Pre-monsoon
2021-05-18 12:00:00,23.5,1.18,165.92,5,Pre-monsoon
2021-05-18 13:00:00,22.25,1.2,160.55,5,Pre-monsoon
2021-05-18 14:00:00,22.25,1.35,144.32,5,Pre-monsoon
2021-05-18 15:00:00,19.25,0.88,134.55,5,Pre-monsoon
2021-05-18 16:00:00,17.5,0.38,189.58,5,Pre-monsoon
2021-05-18 17:00:00,21.25,1.08,48.2,5,Pre-monsoon
2021-05-18 18:00:00,29.25,0.88,53.9,5,Pre-monsoon
2021-05-18 19:00:00,33.5,0.68,75.7,5,Pre-monsoon
2021-05-18 20:00:00,41.5,1.42,53.72,5,Pre-monsoon
2021-05-18 21:00:00,63.75,0.82,77.03,5,Pre-monsoon
2021-05-18 22:00:00,71.25,0.82,69.98,5,Pre-monsoon
2021-05-18 23:00:00,62.0,0.95,71.95,5,Pre-monsoon
2021-05-19 00:00:00,39.75,0.82,32.38,5,Pre-monsoon
2021-05-19 01:00:00,36.75,1.08,58.18,5,Pre-monsoon
2021-05-19 02:00:00,45.75,1.5,44.02,5,Pre-monsoon
2021-05-19 03:00:00,67.0,0.48,108.78,5,Pre-monsoon
2021-05-19 04:00:00,63.5,0.45,91.12,5,Pre-monsoon
2021-05-19 05:00:00,46.75,0.95,74.68,5,Pre-monsoon
2021-05-19 06:00:00,52.5,0.55,77.57,5,Pre-monsoon
2021-05-19 07:00:00,46.0,0.72,67.5,5,Pre-monsoon
2021-05-19 08:00:00,45.75,1.05,54.68,5,Pre-monsoon
2021-05-19 09:00:00,40.0,1.55,63.65,5,Pre-monsoon
2021-05-19 10:00:00,40.0,1.4,57.88,5,Pre-monsoon
2021-05-19 11:00:00,50.5,1.6,63.35,5,Pre-monsoon
2021-05-19 12:00:00,27.25,2.0,47.08,5,Pre-monsoon
2021-05-19 13:00:00,24.75,2.2,32.3,5,Pre-monsoon
2021-05-19 14:00:00,24.75,1.8,104.05,5,Pre-monsoon
2021-05-19 15:00:00,27.25,1.85,265.97,5,Pre-monsoon
2021-05-19 16:00:00,27.25,2.22,4.15,5,Pre-monsoon
2021-05-19 17:00:00,26.6875,1.9,1.5,5,Pre-monsoon
2021-05-19 18:00:00,26.125,1.7666666666666666,114.96666666666664,5,Pre-monsoon
2021-05-19 19:00:00,25.5625,1.6333333333333333,228.4333333333333,5,Pre-monsoon
2021-05-19 20:00:00,25.0,1.5,341.9,5,Pre-monsoon
2021-05-19 21:00:00,18.666666666666668,1.68,342.28,5,Pre-monsoon
2021-05-19 22:00:00,12.333333333333334,2.15,337.2,5,Pre-monsoon
2021-05-19 23:00:00,6.0,2.38,352.68,5,Pre-monsoon
2021-05-20 00:00:00,5.75,2.5,338.0,5,Pre-monsoon
2021-05-20 01:00:00,4.25,2.33,351.1,5,Pre-monsoon
2021-05-20 02:00:00,3.25,1.98,347.9,5,Pre-monsoon
2021-05-20 03:00:00,6.5,2.58,269.33,5,Pre-monsoon
2021-05-20 04:00:00,5.0,2.25,270.73,5,Pre-monsoon
2021-05-20 05:00:00,5.0,2.28,329.68,5,Pre-monsoon
2021-05-20 06:00:00,5.25,1.92,324.98,5,Pre-monsoon
2021-05-20 07:00:00,5.75,1.98,328.55,5,Pre-monsoon
2021-05-20 08:00:00,5.0,1.62,330.83,5,Pre-monsoon
2021-05-20 09:00:00,8.25,1.92,317.05,5,Pre-monsoon
2021-05-20 10:00:00,23.5,2.45,323.45,5,Pre-monsoon
2021-05-20 11:00:00,45.5,2.2,315.95,5,Pre-monsoon
2021-05-20 12:00:00,59.0,1.9,302.88,5,Pre-monsoon
2021-05-20 13:00:00,50.0,1.98,309.82,5,Pre-monsoon
2021-05-20 14:00:00,51.25,1.33,312.25,5,Pre-monsoon
2021-05-20 15:00:00,52.5,0.92,305.58,5,Pre-monsoon
2021-05-20 16:00:00,42.25,0.88,233.35,5,Pre-monsoon
2021-05-20 17:00:00,42.75,0.92,51.45,5,Pre-monsoon
2021-05-20 18:00:00,66.25,0.73,70.62,5,Pre-monsoon
2021-05-20 19:00:00,62.0,0.98,72.5,5,Pre-monsoon
2021-05-20 20:00:00,75.25,1.67,65.3,5,Pre-monsoon
2021-05-20 21:00:00,71.25,1.48,69.2,5,Pre-monsoon
2021-05-20 22:00:00,50.5,0.68,72.65,5,Pre-monsoon
2021-05-20 23:00:00,56.75,0.75,67.95,5,Pre-monsoon
2021-05-21 00:00:00,49.25,0.82,66.32,5,Pre-monsoon
2021-05-21 01:00:00,41.25,1.45,74.62,5,Pre-monsoon
2021-05-21 02:00:00,45.25,0.8,77.47,5,Pre-monsoon
2021-05-21 03:00:00,24.5,0.98,75.9,5,Pre-monsoon
2021-05-21 04:00:00,14.5,1.02,70.55,5,Pre-monsoon
2021-05-21 05:00:00,16.25,2.52,261.5,5,Pre-monsoon
2021-05-21 06:00:00,15.5,3.3,327.0,5,Pre-monsoon
2021-05-21 07:00:00,12.5,1.67,253.32,5,Pre-monsoon
2021-05-21 08:00:00,14.0,1.7,89.25,5,Pre-monsoon
2021-05-21 09:00:00,5.25,0.88,109.52,5,Pre-monsoon
2021-05-21 10:00:00,6.75,0.88,87.58,5,Pre-monsoon
2021-05-21 11:00:00,10.75,0.65,78.22,5,Pre-monsoon
2021-05-21 12:00:00,17.0,0.68,81.22,5,Pre-monsoon
2021-05-21 13:00:00,20.75,1.12,51.08,5,Pre-monsoon
2021-05-21 14:00:00,24.25,1.5,62.48,5,Pre-monsoon
2021-05-21 15:00:00,27.25,1.8,59.52,5,Pre-monsoon
2021-05-21 16:00:00,27.25,1.62,56.88,5,Pre-monsoon
2021-05-21 17:00:00,33.25,1.6,66.75,5,Pre-monsoon
2021-05-21 18:00:00,29.5,1.25,72.82,5,Pre-monsoon
2021-05-21 19:00:00,26.5,1.2,72.55,5,Pre-monsoon
2021-05-21 20:00:00,33.5,1.48,64.75,5,Pre-monsoon
2021-05-21 21:00:00,43.25,0.75,76.9,5,Pre-monsoon
2021-05-21 22:00:00,55.0,0.92,67.0,5,Pre-monsoon
2021-05-21 23:00:00,70.5,1.3,68.22,5,Pre-monsoon
2021-05-22 00:00:00,71.0,0.98,67.1,5,Pre-monsoon
2021-05-22 01:00:00,54.0,3.2,276.5,5,Pre-monsoon
2021-05-22 02:00:00,10.5,1.82,255.22,5,Pre-monsoon
2021-05-22 03:00:00,7.25,1.25,162.72,5,Pre-monsoon
2021-05-22 04:00:00,9.75,1.82,85.48,5,Pre-monsoon
2021-05-22 05:00:00,7.25,0.7,111.0,5,Pre-monsoon
2021-05-22 06:00:00,10.5,0.52,191.0,5,Pre-monsoon
2021-05-22 07:00:00,11.75,0.68,34.12,5,Pre-monsoon
2021-05-22 08:00:00,20.5,1.1,23.38,5,Pre-monsoon
2021-05-22 09:00:00,20.75,1.42,266.58,5,Pre-monsoon
2021-05-22 10:00:00,18.25,1.35,172.58,5,Pre-monsoon
2021-05-22 11:00:00,23.25,1.27,254.0,5,Pre-monsoon
2021-05-22 12:00:00,26.0,0.95,256.23,5,Pre-monsoon
2021-05-22 13:00:00,22.0,1.0,307.62,5,Pre-monsoon
2021-05-22 14:00:00,19.75,0.9,321.38,5,Pre-monsoon
2021-05-22 15:00:00,22.5,0.72,286.4,5,Pre-monsoon
2021-05-22 16:00:00,23.0,0.9,274.45,5,Pre-monsoon
2021-05-22 17:00:00,21.0,0.82,249.52,5,Pre-monsoon
2021-05-22 18:00:00,25.75,0.5,231.32,5,Pre-monsoon
2021-05-22 19:00:00,34.5,0.15,269.58,5,Pre-monsoon
2021-05-22 20:00:00,46.75,0.32,220.3,5,Pre-monsoon
2021-05-22 21:00:00,52.75,0.3,192.92,5,Pre-monsoon
2021-05-22 22:00:00,62.0,0.4,252.45,5,Pre-monsoon
2021-05-22 23:00:00,91.25,0.5,238.08,5,Pre-monsoon
2021-05-23 00:00:00,116.5,0.62,114.62,5,Pre-monsoon
2021-05-23 01:00:00,116.75,0.3,198.12,5,Pre-monsoon
2021-05-23 02:00:00,111.5,1.02,247.92,5,Pre-monsoon
2021-05-23 03:00:00,109.75,1.33,271.6,5,Pre-monsoon
2021-05-23 04:00:00,140.0,1.02,276.83,5,Pre-monsoon
2021-05-23 05:00:00,217.0,0.57,256.4,5,Pre-monsoon
2021-05-23 06:00:00,256.5,0.75,230.28,5,Pre-monsoon
2021-05-23 07:00:00,298.0,1.0,243.12,5,Pre-monsoon
2021-05-23 08:00:00,334.0,1.7,242.32,5,Pre-monsoon
2021-05-23 09:00:00,214.25,2.0,240.92,5,Pre-monsoon
2021-05-23 10:00:00,113.0,1.4,255.68,5,Pre-monsoon
2021-05-23 11:00:00,79.0,0.77,250.02,5,Pre-monsoon
2021-05-23 12:00:00,85.75,1.4,275.62,5,Pre-monsoon
2021-05-23 13:00:00,86.75,1.48,292.38,5,Pre-monsoon
2021-05-23 14:00:00,76.0,1.58,293.3,5,Pre-monsoon
2021-05-23 15:00:00,54.25,1.62,270.0,5,Pre-monsoon
2021-05-23 16:00:00,50.25,1.65,284.38,5,Pre-monsoon
2021-05-23 17:00:00,41.0,2.17,283.62,5,Pre-monsoon
2021-05-23 18:00:00,29.0,1.7,290.65,5,Pre-monsoon
2021-05-23 19:00:00,33.0,1.38,292.5,5,Pre-monsoon
2021-05-23 20:00:00,48.0,1.12,272.88,5,Pre-monsoon
2021-05-23 21:00:00,57.5,1.05,268.35,5,Pre-monsoon
2021-05-23 22:00:00,57.25,0.95,268.85,5,Pre-monsoon
2021-05-23 23:00:00,50.75,0.9,268.82,5,Pre-monsoon
2021-05-24 00:00:00,46.5,0.9,266.48,5,Pre-monsoon
2021-05-24 01:00:00,55.0,1.0,266.25,5,Pre-monsoon
2021-05-24 02:00:00,85.25,1.02,279.2,5,Pre-monsoon
2021-05-24 03:00:00,81.0,1.08,277.3,5,Pre-monsoon
2021-05-24 04:00:00,69.5,1.12,273.52,5,Pre-monsoon
2021-05-24 05:00:00,73.75,0.68,258.88,5,Pre-monsoon
2021-05-24 06:00:00,58.25,1.15,266.3,5,Pre-monsoon
2021-05-24 07:00:00,75.75,1.27,295.42,5,Pre-monsoon
2021-05-24 08:00:00,90.75,1.32,283.95,5,Pre-monsoon
2021-05-24 09:00:00,63.75,1.48,273.45,5,Pre-monsoon
2021-05-24 10:00:00,51.75,1.85,290.02,5,Pre-monsoon
2021-05-24 11:00:00,33.0,2.28,287.27,5,Pre-monsoon
2021-05-24 12:00:00,24.25,2.65,296.2,5,Pre-monsoon
2021-05-24 13:00:00,23.75,2.82,291.12,5,Pre-monsoon
2021-05-24 14:00:00,20.75,2.55,290.95,5,Pre-monsoon
2021-05-24 15:00:00,23.0,2.33,293.75,5,Pre-monsoon
2021-05-24 16:00:00,22.25,2.08,286.1,5,Pre-monsoon
2021-05-24 17:00:00,21.0,1.85,292.48,5,Pre-monsoon
2021-05-24 18:00:00,25.75,1.27,277.3,5,Pre-monsoon
2021-05-24 19:00:00,32.75,0.65,257.77,5,Pre-monsoon
2021-05-24 20:00:00,46.0,0.62,258.35,5,Pre-monsoon
2021-05-24 21:00:00,70.5,1.3,300.65,5,Pre-monsoon
2021-05-24 22:00:00,67.25,1.72,304.28,5,Pre-monsoon
2021-05-24 23:00:00,54.0,1.23,303.08,5,Pre-monsoon
2021-05-25 00:00:00,57.5,0.98,291.62,5,Pre-monsoon
2021-05-25 01:00:00,52.5,0.92,275.6,5,Pre-monsoon
2021-05-25 02:00:00,36.5,1.0,272.3,5,Pre-monsoon
2021-05-25 03:00:00,55.5,1.55,274.58,5,Pre-monsoon
2021-05-25 04:00:00,85.5,1.62,277.18,5,Pre-monsoon
2021-05-25 05:00:00,101.0,1.23,291.53,5,Pre-monsoon
2021-05-25 06:00:00,104.5,1.45,287.02,5,Pre-monsoon
2021-05-25 07:00:00,89.25,1.15,276.35,5,Pre-monsoon
2021-05-25 08:00:00,62.75,1.32,292.08,5,Pre-monsoon
2021-05-25 09:00:00,49.25,2.12,299.58,5,Pre-monsoon
2021-05-25 10:00:00,35.5,3.03,311.88,5,Pre-monsoon
2021-05-25 11:00:00,27.25,2.6,305.88,5,Pre-monsoon
2021-05-25 12:00:00,23.25,2.45,309.05,5,Pre-monsoon
2021-05-25 13:00:00,16.5,2.48,301.12,5,Pre-monsoon
2021-05-25 14:00:00,12.0,1.92,289.18,5,Pre-monsoon
2021-05-25 15:00:00,12.25,2.08,286.62,5,Pre-monsoon
2021-05-25 16:00:00,12.75,1.98,294.0,5,Pre-monsoon
2021-05-25 17:00:00,13.75,1.4,283.92,5,Pre-monsoon
2021-05-25 18:00:00,18.5,0.85,266.45,5,Pre-monsoon
2021-05-25 19:00:00,29.5,0.25,285.5,5,Pre-monsoon
2021-05-25 20:00:00,62.0,0.35,274.85,5,Pre-monsoon
2021-05-25 21:00:00,52.5,0.6,281.95,5,Pre-monsoon
2021-05-25 22:00:00,75.25,0.95,280.4,5,Pre-monsoon
2021-05-25 23:00:00,92.5,1.1,309.65,5,Pre-monsoon
2021-05-26 00:00:00,78.5,1.23,323.05,5,Pre-monsoon
2021-05-26 01:00:00,51.25,0.22,166.85,5,Pre-monsoon
2021-05-26 02:00:00,52.75,0.32,229.45,5,Pre-monsoon
2021-05-26 03:00:00,47.25,0.38,227.92,5,Pre-monsoon
2021-05-26 04:00:00,68.75,0.6,243.55,5,Pre-monsoon
2021-05-26 05:00:00,154.0,0.48,231.8,5,Pre-monsoon
2021-05-26 06:00:00,229.0,0.52,252.68,5,Pre-monsoon
2021-05-26 07:00:00,168.75,0.75,277.75,5,Pre-monsoon
2021-05-26 08:00:00,160.25,0.85,270.82,5,Pre-monsoon
2021-05-26 09:00:00,101.0,1.05,280.58,5,Pre-monsoon
2021-05-26 10:00:00,65.75,1.35,305.78,5,Pre-monsoon
2021-05-26 11:00:00,40.25,1.7,319.85,5,Pre-monsoon
2021-05-26 12:00:00,36.25,1.4,321.35,5,Pre-monsoon
2021-05-26 13:00:00,28.75,1.38,313.05,5,Pre-monsoon
2021-05-26 14:00:00,21.0,1.48,280.17,5,Pre-monsoon
2021-05-26 15:00:00,17.5,1.7,289.55,5,Pre-monsoon
2021-05-26 16:00:00,20.25,1.68,288.5,5,Pre-monsoon
2021-05-26 17:00:00,29.75,1.33,280.6,5,Pre-monsoon
2021-05-26 18:00:00,22.75,0.88,270.88,5,Pre-monsoon
2021-05-26 19:00:00,33.0,0.48,258.77,5,Pre-monsoon
2021-05-26 20:00:00,41.0,0.3,145.0,5,Pre-monsoon
2021-05-26 21:00:00,51.0,0.28,113.58,5,Pre-monsoon
2021-05-26 22:00:00,65.5,0.2,155.23,5,Pre-monsoon
2021-05-26 23:00:00,78.25,0.75,75.7,5,Pre-monsoon
2021-05-27 00:00:00,93.25,0.48,221.78,5,Pre-monsoon
2021-05-27 01:00:00,93.75,0.32,247.7,5,Pre-monsoon
2021-05-27 02:00:00,96.5,0.95,261.15,5,Pre-monsoon
2021-05-27 03:00:00,72.5,1.18,268.32,5,Pre-monsoon
2021-05-27 04:00:00,49.25,0.92,237.32,5,Pre-monsoon
2021-05-27 05:00:00,48.25,1.02,246.1,5,Pre-monsoon
2021-05-27 06:00:00,53.75,0.9,265.17,5,Pre-monsoon
2021-05-27 07:00:00,58.25,0.98,274.58,5,Pre-monsoon
2021-05-27 08:00:00,50.5,1.25,266.73,5,Pre-monsoon
2021-05-27 09:00:00,33.0,1.35,265.4,5,Pre-monsoon
2021-05-27 10:00:00,30.0,1.48,291.2,5,Pre-monsoon
2021-05-27 11:00:00,29.75,1.42,284.05,5,Pre-monsoon
2021-05-27 12:00:00,31.25,1.2,272.15,5,Pre-monsoon
2021-05-27 13:00:00,34.0,1.55,283.8,5,Pre-monsoon
2021-05-27 14:00:00,23.25,1.45,312.73,5,Pre-monsoon
2021-05-27 15:00:00,29.25,1.18,336.72,5,Pre-monsoon
2021-05-27 16:00:00,34.25,1.18,325.85,5,Pre-monsoon
2021-05-27 17:00:00,30.0,0.92,243.12,5,Pre-monsoon
2021-05-27 18:00:00,35.25,1.15,65.1,5,Pre-monsoon
2021-05-27 19:00:00,42.75,0.78,51.62,5,Pre-monsoon
2021-05-27 20:00:00,56.5,1.25,59.55,5,Pre-monsoon
2021-05-27 21:00:00,95.75,0.4,89.98,5,Pre-monsoon
2021-05-27 22:00:00,112.0,1.12,52.98,5,Pre-monsoon
2021-05-27 23:00:00,115.0,1.42,67.38,5,Pre-monsoon
2021-05-28 00:00:00,97.0,0.82,79.82,5,Pre-monsoon
2021-05-28 01:00:00,62.5,0.62,100.55,5,Pre-monsoon
2021-05-28 02:00:00,36.75,0.7,96.12,5,Pre-monsoon
2021-05-28 03:00:00,27.0,0.72,100.22,5,Pre-monsoon
2021-05-28 04:00:00,24.75,0.75,87.72,5,Pre-monsoon
2021-05-28 05:00:00,16.25,1.0,81.47,5,Pre-monsoon
2021-05-28 06:00:00,11.25,0.82,100.55,5,Pre-monsoon
2021-05-28 07:00:00,11.25,0.8,104.72,5,Pre-monsoon
2021-05-28 08:00:00,8.75,0.6,119.35,5,Pre-monsoon
2021-05-28 09:00:00,8.75,0.98,97.7,5,Pre-monsoon
2021-05-28 10:00:00,10.5,1.17,82.95,5,Pre-monsoon
2021-05-28 11:00:00,9.75,0.88,95.52,5,Pre-monsoon
2021-05-28 12:00:00,12.5,0.8,129.62,5,Pre-monsoon
2021-05-28 13:00:00,14.75,0.8,152.02,5,Pre-monsoon
2021-05-28 14:00:00,17.75,0.62,149.0,5,Pre-monsoon
2021-05-28 15:00:00,20.5,0.5,104.8,5,Pre-monsoon
2021-05-28 16:00:00,21.25,0.5,136.68,5,Pre-monsoon
2021-05-28 17:00:00,20.25,0.5,73.45,5,Pre-monsoon
2021-05-28 18:00:00,24.0,1.45,67.97,5,Pre-monsoon
2021-05-28 19:00:00,38.0,1.3,68.45,5,Pre-monsoon
2021-05-28 20:00:00,41.75,1.88,69.15,5,Pre-monsoon
2021-05-28 21:00:00,50.0,1.32,73.0,5,Pre-monsoon
2021-05-28 22:00:00,41.0,0.82,115.52,5,Pre-monsoon
2021-05-28 23:00:00,39.75,0.55,105.9,5,Pre-monsoon
2021-05-29 00:00:00,35.5,0.6,106.1,5,Pre-monsoon
2021-05-29 01:00:00,29.5,0.6,115.38,5,Pre-monsoon
2021-05-29 02:00:00,12.75,0.7,103.62,5,Pre-monsoon
2021-05-29 03:00:00,5.0,0.57,106.35,5,Pre-monsoon
2021-05-29 04:00:00,10.25,0.8,127.38,5,Pre-monsoon
2021-05-29 05:00:00,7.75,0.82,132.15,5,Pre-monsoon
2021-05-29 06:00:00,8.25,0.68,120.0,5,Pre-monsoon
2021-05-29 07:00:00,11.0,0.68,124.2,5,Pre-monsoon
2021-05-29 08:00:00,9.5,0.9,140.45,5,Pre-monsoon
2021-05-29 09:00:00,13.75,1.02,126.8,5,Pre-monsoon
2021-05-29 10:00:00,12.5,0.73,98.92,5,Pre-monsoon
2021-05-29 11:00:00,11.5,0.88,105.65,5,Pre-monsoon
2021-05-29 12:00:00,14.25,0.8,125.65,5,Pre-monsoon
2021-05-29 13:00:00,18.0,0.82,111.58,5,Pre-monsoon
2021-05-29 14:00:00,18.0,0.73,114.58,5,Pre-monsoon
2021-05-29 15:00:00,19.5,1.25,80.47,5,Pre-monsoon
2021-05-29 16:00:00,24.0,1.1,80.12,5,Pre-monsoon
2021-05-29 17:00:00,22.25,0.62,89.75,5,Pre-monsoon
2021-05-29 18:00:00,17.0,1.48,73.7,5,Pre-monsoon
2021-05-29 19:00:00,17.5,1.68,71.82,5,Pre-monsoon
2021-05-29 20:00:00,20.0,1.42,72.2,5,Pre-monsoon
2021-05-29 21:00:00,23.25,1.72,72.78,5,Pre-monsoon
2021-05-29 22:00:00,25.25,2.08,71.53,5,Pre-monsoon
2021-05-29 23:00:00,26.25,2.05,76.88,5,Pre-monsoon
2021-05-30 00:00:00,16.25,1.35,78.62,5,Pre-monsoon
2021-05-30 01:00:00,14.5,1.83,112.55,5,Pre-monsoon
2021-05-30 02:00:00,28.75,2.48,31.42,5,Pre-monsoon
2021-05-30 03:00:00,34.5,2.65,55.95,5,Pre-monsoon
2021-05-30 04:00:00,17.5,1.9,74.25,5,Pre-monsoon
2021-05-30 05:00:00,17.75,1.27,63.95,5,Pre-monsoon
2021-05-30 06:00:00,21.75,0.6,96.18,5,Pre-monsoon
2021-05-30 07:00:00,17.75,0.95,78.4,5,Pre-monsoon
2021-05-30 08:00:00,17.5,0.88,86.72,5,Pre-monsoon
2021-05-30 09:00:00,19.75,0.65,106.68,5,Pre-monsoon
2021-05-30 10:00:00,22.5,0.8,127.8,5,Pre-monsoon
2021-05-30 11:00:00,24.75,0.9,142.12,5,Pre-monsoon
2021-05-30 12:00:00,26.5,0.8,128.75,5,Pre-monsoon
2021-05-30 13:00:00,24.25,0.52,113.4,5,Pre-monsoon
2021-05-30 14:00:00,22.25,0.65,173.9,5,Pre-monsoon
2021-05-30 15:00:00,24.25,1.25,59.58,5,Pre-monsoon
2021-05-30 16:00:00,26.75,1.2,92.78,5,Pre-monsoon
2021-05-30 17:00:00,24.0,1.85,214.2,5,Pre-monsoon
2021-05-30 18:00:00,23.25,0.88,200.28,5,Pre-monsoon
2021-05-30 19:00:00,13.75,1.05,261.6,5,Pre-monsoon
2021-05-30 20:00:00,21.25,0.65,268.7,5,Pre-monsoon
2021-05-30 21:00:00,26.75,0.42,133.98,5,Pre-monsoon
2021-05-30 22:00:00,24.0,0.6,103.72,5,Pre-monsoon
2021-05-30 23:00:00,26.25,0.4,87.3,5,Pre-monsoon
2021-05-31 00:00:00,32.25,1.2,45.8,5,Pre-monsoon
2021-05-31 01:00:00,62.25,0.8,131.18,5,Pre-monsoon
2021-05-31 02:00:00,82.75,0.48,96.35,5,Pre-monsoon
2021-05-31 03:00:00,95.75,0.9,70.7,5,Pre-monsoon
2021-05-31 04:00:00,95.75,1.05,57.45,5,Pre-monsoon
2021-05-31 05:00:00,105.75,0.88,74.77,5,Pre-monsoon
2021-05-31 06:00:00,105.5,0.45,73.28,5,Pre-monsoon
2021-05-31 07:00:00,122.75,0.48,74.97,5,Pre-monsoon
2021-05-31 08:00:00,121.0,0.55,162.67,5,Pre-monsoon
2021-05-31 09:00:00,47.5,0.57,143.22,5,Pre-monsoon
2021-05-31 10:00:00,24.5,0.82,174.45,5,Pre-monsoon
2021-05-31 11:00:00,24.25,0.75,192.4,5,Pre-monsoon
2021-05-31 12:00:00,27.75,0.55,171.38,5,Pre-monsoon
2021-05-31 13:00:00,26.5,0.55,183.75,5,Pre-monsoon
2021-05-31 14:00:00,26.25,0.82,177.02,5,Pre-monsoon
2021-05-31 15:00:00,29.5,1.0,177.95,5,Pre-monsoon
2021-05-31 16:00:00,28.25,0.73,164.02,5,Pre-monsoon
2021-05-31 17:00:00,29.25,0.82,150.28,5,Pre-monsoon
2021-05-31 18:00:00,30.25,0.18,115.98,5,Pre-monsoon
2021-05-31 19:00:00,32.0,0.15,98.8,5,Pre-monsoon
2021-05-31 20:00:00,41.75,0.3,129.15,5,Pre-monsoon
2021-05-31 21:00:00,63.0,1.0,60.0,5,Pre-monsoon
2021-05-31 22:00:00,69.0,1.6,64.9,5,Pre-monsoon
2021-05-31 23:00:00,83.75,2.58,274.85,5,Pre-monsoon
2021-06-01 00:00:00,80.5,3.75,326.65,6,Monsoon
2021-06-01 01:00:00,15.5,4.92,325.4,6,Monsoon
2021-06-01 02:00:00,5.0,2.82,260.98,6,Monsoon
2021-06-01 03:00:00,5.25,1.62,72.82,6,Monsoon
2021-06-01 04:00:00,6.5,1.4,57.35,6,Monsoon
2021-06-01 05:00:00,9.0,1.83,26.65,6,Monsoon
2021-06-01 06:00:00,11.25,2.15,49.8,6,Monsoon
2021-06-01 07:00:00,8.75,1.98,50.75,6,Monsoon
2021-06-01 08:00:00,10.0,1.7,75.18,6,Monsoon
2021-06-01 09:00:00,14.75,0.85,86.02,6,Monsoon
2021-06-01 10:00:00,14.0,0.88,186.72,6,Monsoon
2021-06-01 11:00:00,24.0,1.52,248.68,6,Monsoon
2021-06-01 12:00:00,26.5,1.92,247.6,6,Monsoon
2021-06-01 13:00:00,23.5,1.3,156.2,6,Monsoon
2021-06-01 14:00:00,19.25,1.17,56.05,6,Monsoon
2021-06-01 15:00:00,19.5,1.08,66.22,6,Monsoon
2021-06-01 16:00:00,18.5,1.23,44.15,6,Monsoon
2021-06-01 17:00:00,23.5,1.45,27.22,6,Monsoon
2021-06-01 18:00:00,31.75,0.85,69.88,6,Monsoon
2021-06-01 19:00:00,29.0,0.75,177.27,6,Monsoon
2021-06-01 20:00:00,43.25,0.68,140.07,6,Monsoon
2021-06-01 21:00:00,51.25,0.68,34.55,6,Monsoon
2021-06-01 22:00:00,53.75,0.2,187.08,6,Monsoon
2021-06-01 23:00:00,51.25,0.38,187.95,6,Monsoon
2021-06-02 00:00:00,57.0,0.35,236.27,6,Monsoon
2021-06-02 01:00:00,61.75,0.32,252.95,6,Monsoon
2021-06-02 02:00:00,59.5,0.58,65.0,6,Monsoon
2021-06-02 03:00:00,69.0,1.4,24.28,6,Monsoon
2021-06-02 04:00:00,90.0,1.2,54.08,6,Monsoon
2021-06-02 05:00:00,110.25,1.25,37.12,6,Monsoon
2021-06-02 06:00:00,109.75,1.32,41.32,6,Monsoon
2021-06-02 07:00:00,87.5,1.35,52.88,6,Monsoon
2021-06-02 08:00:00,80.25,0.8,91.82,6,Monsoon
2021-06-02 09:00:00,62.0,0.7,129.32,6,Monsoon
2021-06-02 10:00:00,57.0,1.23,156.02,6,Monsoon
2021-06-02 11:00:00,52.5,0.95,165.75,6,Monsoon
2021-06-02 12:00:00,55.5,1.12,160.93,6,Monsoon
2021-06-02 13:00:00,49.25,0.92,229.58,6,Monsoon
2021-06-02 14:00:00,41.75,1.38,263.18,6,Monsoon
2021-06-02 15:00:00,30.75,1.38,260.8,6,Monsoon
2021-06-02 16:00:00,16.75,1.58,271.0,6,Monsoon
2021-06-02 17:00:00,13.25,1.3,271.42,6,Monsoon
2021-06-02 18:00:00,13.25,1.38,277.38,6,Monsoon
2021-06-02 19:00:00,12.75,1.4,267.77,6,Monsoon
2021-06-02 20:00:00,19.0,0.92,269.15,6,Monsoon
2021-06-02 21:00:00,24.25,1.27,327.02,6,Monsoon
2021-06-02 22:00:00,34.5,1.08,178.5,6,Monsoon
2021-06-02 23:00:00,46.75,1.45,34.55,6,Monsoon
2021-06-03 00:00:00,52.25,0.38,110.48,6,Monsoon
2021-06-03 01:00:00,52.5,1.02,15.05,6,Monsoon
2021-06-03 02:00:00,51.25,0.72,223.0,6,Monsoon
2021-06-03 03:00:00,57.5,0.75,176.55,6,Monsoon
2021-06-03 04:00:00,74.25,0.8,70.15,6,Monsoon
2021-06-03 05:00:00,75.75,0.7,75.88,6,Monsoon
2021-06-03 06:00:00,77.25,0.55,209.55,6,Monsoon
2021-06-03 07:00:00,83.0,0.7,249.78,6,Monsoon
2021-06-03 08:00:00,107.0,0.82,250.05,6,Monsoon
2021-06-03 09:00:00,105.5,0.43,238.3,6,Monsoon
2021-06-03 10:00:00,95.5,0.55,221.05,6,Monsoon
2021-06-03 11:00:00,79.5,0.65,265.3,6,Monsoon
2021-06-03 12:00:00,75.25,0.68,268.52,6,Monsoon
2021-06-03 13:00:00,56.75,0.68,142.4,6,Monsoon
2021-06-03 14:00:00,57.25,1.25,179.48,6,Monsoon
2021-06-03 15:00:00,69.25,1.2,254.82,6,Monsoon
2021-06-03 16:00:00,66.25,1.12,102.3,6,Monsoon
2021-06-03 17:00:00,65.0,1.4,19.42,6,Monsoon
2021-06-03 18:00:00,67.5,1.25,32.65,6,Monsoon
2021-06-03 19:00:00,71.0,1.15,50.05,6,Monsoon
2021-06-03 20:00:00,89.25,1.02,33.28,6,Monsoon
2021-06-03 21:00:00,99.5,0.95,60.65,6,Monsoon
2021-06-03 22:00:00,102.0,1.18,45.7,6,Monsoon
2021-06-03 23:00:00,113.75,1.08,51.4,6,Monsoon
2021-06-04 00:00:00,136.0,0.85,15.55,6,Monsoon
2021-06-04 01:00:00,124.0,1.02,36.12,6,Monsoon
2021-06-04 02:00:00,127.75,0.85,20.15,6,Monsoon
2021-06-04 03:00:00,138.0,0.82,39.03,6,Monsoon
2021-06-04 04:00:00,137.25,1.08,37.92,6,Monsoon
2021-06-04 05:00:00,141.25,1.27,19.95,6,Monsoon
2021-06-04 06:00:00,130.75,1.15,29.18,6,Monsoon
2021-06-04 07:00:00,122.5,0.88,65.38,6,Monsoon
2021-06-04 08:00:00,112.75,0.88,72.08,6,Monsoon
2021-06-04 09:00:00,90.75,0.92,74.75,6,Monsoon
2021-06-04 10:00:00,68.25,0.65,68.53,6,Monsoon
2021-06-04 11:00:00,54.5,0.88,52.1,6,Monsoon
2021-06-04 12:00:00,42.75,0.9,37.25,6,Monsoon
2021-06-04 13:00:00,32.0,0.8,42.38,6,Monsoon
2021-06-04 14:00:00,39.5,0.5,85.9,6,Monsoon
2021-06-04 15:00:00,45.0,0.62,86.05,6,Monsoon
2021-06-04 16:00:00,48.75,1.0,34.38,6,Monsoon
2021-06-04 17:00:00,46.0,1.45,214.2,6,Monsoon
2021-06-04 18:00:00,25.25,0.68,130.6,6,Monsoon
2021-06-04 19:00:00,9.25,0.42,95.25,6,Monsoon
2021-06-04 20:00:00,18.25,1.95,270.62,6,Monsoon
2021-06-04 21:00:00,36.75,1.75,246.3,6,Monsoon
2021-06-04 22:00:00,43.25,1.6,50.32,6,Monsoon
2021-06-04 23:00:00,37.25,0.75,68.8,6,Monsoon
2021-06-05 00:00:00,36.0,0.57,67.28,6,Monsoon
2021-06-05 01:00:00,37.75,0.28,109.15,6,Monsoon
2021-06-05 02:00:00,35.75,0.52,89.15,6,Monsoon
2021-06-05 03:00:00,44.5,0.68,197.8,6,Monsoon
2021-06-05 04:00:00,57.25,0.8,176.38,6,Monsoon
2021-06-05 05:00:00,70.75,1.18,180.25,6,Monsoon
2021-06-05 06:00:00,88.0,1.35,183.22,6,Monsoon
2021-06-05 07:00:00,73.5,1.55,20.92,6,Monsoon
2021-06-05 08:00:00,51.5,1.58,35.15,6,Monsoon
2021-06-05 09:00:00,33.0,1.83,66.38,6,Monsoon
2021-06-05 10:00:00,26.25,1.92,73.78,6,Monsoon
2021-06-05 11:00:00,24.0,1.9,64.15,6,Monsoon
2021-06-05 12:00:00,24.0,1.7833333333333332,89.42500000000001,6,Monsoon
2021-06-05 13:00:00,24.0,1.6666666666666663,114.70000000000002,6,Monsoon
2021-06-05 14:00:00,24.0,1.5499999999999998,139.97500000000002,6,Monsoon
2021-06-05 15:00:00,,,,6,Monsoon
2021-06-05 16:00:00,,,,6,Monsoon
2021-06-05 17:00:00,24.0,1.2,215.8,6,Monsoon
2021-06-05 18:00:00,29.0,0.6,226.38,6,Monsoon
2021-06-05 19:00:00,30.0,0.35,114.28,6,Monsoon
2021-06-05 20:00:00,36.5,0.28,140.5,6,Monsoon
2021-06-05 21:00:00,47.75,0.38,209.05,6,Monsoon
2021-06-05 22:00:00,43.5,0.68,235.8,6,Monsoon
2021-06-05 23:00:00,24.75,0.35,128.38,6,Monsoon
2021-06-06 00:00:00,28.5,0.8,67.97,6,Monsoon
2021-06-06 01:00:00,34.5,0.45,90.45,6,Monsoon
2021-06-06 02:00:00,42.0,0.5,78.3,6,Monsoon
2021-06-06 03:00:00,53.75,0.32,182.52,6,Monsoon
2021-06-06 04:00:00,61.0,0.35,206.25,6,Monsoon
2021-06-06 05:00:00,62.0,0.78,127.78,6,Monsoon
2021-06-06 06:00:00,72.25,0.3,149.7,6,Monsoon
2021-06-06 07:00:00,69.0,0.8,187.52,6,Monsoon
2021-06-06 08:00:00,65.0,0.75,233.75,6,Monsoon
2021-06-06 09:00:00,34.0,1.0,234.52,6,Monsoon
2021-06-06 10:00:00,31.75,0.7,236.95,6,Monsoon
2021-06-06 11:00:00,34.5,0.82,246.9,6,Monsoon
2021-06-06 12:00:00,35.5,0.6,225.15,6,Monsoon
2021-06-06 13:00:00,34.5,0.7,149.27,6,Monsoon
2021-06-06 14:00:00,36.5,0.95,161.35,6,Monsoon
2021-06-06 15:00:00,37.5,0.95,165.58,6,Monsoon
2021-06-06 16:00:00,35.75,0.78,170.52,6,Monsoon
2021-06-06 17:00:00,33.25,0.57,190.42,6,Monsoon
2021-06-06 18:00:00,28.25,0.28,118.38,6,Monsoon
2021-06-06 19:00:00,30.5,0.3,109.75,6,Monsoon
2021-06-06 20:00:00,41.0,0.7,48.98,6,Monsoon
2021-06-06 21:00:00,59.5,0.58,34.2,6,Monsoon
2021-06-06 22:00:00,61.25,0.52,79.6,6,Monsoon
2021-06-06 23:00:00,63.0,0.3,119.85,6,Monsoon
2021-06-07 00:00:00,73.75,1.15,66.38,6,Monsoon
2021-06-07 01:00:00,90.25,0.98,68.62,6,Monsoon
2021-06-07 02:00:00,67.0,0.35,82.08,6,Monsoon
2021-06-07 03:00:00,56.25,0.32,84.1,6,Monsoon
2021-06-07 04:00:00,52.5,0.25,143.18,6,Monsoon
2021-06-07 05:00:00,55.25,0.38,235.75,6,Monsoon
2021-06-07 06:00:00,60.0,0.6,246.15,6,Monsoon
2021-06-07 07:00:00,102.25,1.0,255.48,6,Monsoon
2021-06-07 08:00:00,132.0,0.77,245.78,6,Monsoon
2021-06-07 09:00:00,101.75,0.92,251.9,6,Monsoon
2021-06-07 10:00:00,69.5,1.0,252.9,6,Monsoon
2021-06-07 11:00:00,50.5,1.3,278.0,6,Monsoon
2021-06-07 12:00:00,34.0,1.23,269.05,6,Monsoon
2021-06-07 13:00:00,35.75,1.42,284.92,6,Monsoon
2021-06-07 14:00:00,39.75,1.48,287.88,6,Monsoon
2021-06-07 15:00:00,36.5,1.52,285.02,6,Monsoon
2021-06-07 16:00:00,37.0,1.42,279.5,6,Monsoon
2021-06-07 17:00:00,35.25,1.17,286.55,6,Monsoon
2021-06-07 18:00:00,45.75,0.95,162.32,6,Monsoon
2021-06-07 19:00:00,69.25,1.12,30.42,6,Monsoon
2021-06-07 20:00:00,85.0,1.15,57.97,6,Monsoon
2021-06-07 21:00:00,99.25,1.12,68.68,6,Monsoon
2021-06-07 22:00:00,90.0,0.22,108.62,6,Monsoon
2021-06-07 23:00:00,96.75,0.45,230.1,6,Monsoon
2021-06-08 00:00:00,100.5,0.25,194.4,6,Monsoon
2021-06-08 01:00:00,103.5,0.25,163.92,6,Monsoon
2021-06-08 02:00:00,96.5,0.25,205.0,6,Monsoon
2021-06-08 03:00:00,98.75,0.48,225.25,6,Monsoon
2021-06-08 04:00:00,121.5,1.27,261.68,6,Monsoon
2021-06-08 05:00:00,93.5,1.08,249.4,6,Monsoon
2021-06-08 06:00:00,64.75,1.27,244.32,6,Monsoon
2021-06-08 07:00:00,51.0,1.4,246.82,6,Monsoon
2021-06-08 08:00:00,38.0,2.0,251.85,6,Monsoon
2021-06-08 09:00:00,36.0,2.08,259.35,6,Monsoon
2021-06-08 10:00:00,36.5,2.38,263.05,6,Monsoon
2021-06-08 11:00:00,28.75,2.35,263.2,6,Monsoon
2021-06-08 12:00:00,28.75,2.3,276.12,6,Monsoon
2021-06-08 13:00:00,33.25,1.9,271.0,6,Monsoon
2021-06-08 14:00:00,41.0,1.8,274.35,6,Monsoon
2021-06-08 15:00:00,48.25,1.9,272.82,6,Monsoon
2021-06-08 16:00:00,64.0,1.65,273.25,6,Monsoon
2021-06-08 17:00:00,76.25,1.4,276.75,6,Monsoon
2021-06-08 18:00:00,92.25,0.75,256.08,6,Monsoon
2021-06-08 19:00:00,114.5,0.2,241.12,6,Monsoon
2021-06-08 20:00:00,136.0,0.28,251.82,6,Monsoon
2021-06-08 21:00:00,175.75,0.22,211.0,6,Monsoon
2021-06-08 22:00:00,194.0,0.62,240.2,6,Monsoon
2021-06-08 23:00:00,179.25,0.7,237.98,6,Monsoon
2021-06-09 00:00:00,150.0,0.75,229.25,6,Monsoon
2021-06-09 01:00:00,134.25,1.0,232.52,6,Monsoon
2021-06-09 02:00:00,109.25,1.15,233.58,6,Monsoon
2021-06-09 03:00:00,89.5,1.48,237.2,6,Monsoon
2021-06-09 04:00:00,65.75,1.82,250.48,6,Monsoon
2021-06-09 05:00:00,41.75,1.4,246.78,6,Monsoon
2021-06-09 06:00:00,32.25,1.6,240.4,6,Monsoon
2021-06-09 07:00:00,25.75,1.88,242.9,6,Monsoon
2021-06-09 08:00:00,30.25,2.25,254.25,6,Monsoon
2021-06-09 09:00:00,28.5,2.25,259.85,6,Monsoon
2021-06-09 10:00:00,31.0,2.02,260.73,6,Monsoon
2021-06-09 11:00:00,35.25,2.0,262.85,6,Monsoon
2021-06-09 12:00:00,39.75,1.83,271.88,6,Monsoon
2021-06-09 13:00:00,41.5,1.8,267.18,6,Monsoon
2021-06-09 14:00:00,42.0,1.5,246.92,6,Monsoon
2021-06-09 15:00:00,48.75,1.35,265.47,6,Monsoon
2021-06-09 16:00:00,52.0,0.73,252.35,6,Monsoon
2021-06-09 17:00:00,61.0,0.65,241.52,6,Monsoon
2021-06-09 18:00:00,73.25,0.28,213.05,6,Monsoon
2021-06-09 19:00:00,57.25,0.2,200.5,6,Monsoon
2021-06-09 20:00:00,63.25,0.32,152.55,6,Monsoon
2021-06-09 21:00:00,72.25,0.95,69.08,6,Monsoon
2021-06-09 22:00:00,78.0,1.1,68.25,6,Monsoon
2021-06-09 23:00:00,73.0,0.57,118.05,6,Monsoon
2021-06-10 00:00:00,67.25,0.43,150.82,6,Monsoon
2021-06-10 01:00:00,70.75,0.7,92.8,6,Monsoon
2021-06-10 02:00:00,78.75,1.3,70.88,6,Monsoon
2021-06-10 03:00:00,74.5,1.48,69.05,6,Monsoon
2021-06-10 04:00:00,64.75,1.52,58.45,6,Monsoon
2021-06-10 05:00:00,65.75,1.8,61.4,6,Monsoon
2021-06-10 06:00:00,61.25,1.6,64.88,6,Monsoon
2021-06-10 07:00:00,57.25,1.63,71.28,6,Monsoon
2021-06-10 08:00:00,53.5,1.1,73.35,6,Monsoon
2021-06-10 09:00:00,57.5,0.98,73.68,6,Monsoon
2021-06-10 10:00:00,54.75,0.72,99.9,6,Monsoon
2021-06-10 11:00:00,54.0,1.0,81.35,6,Monsoon
2021-06-10 12:00:00,61.5,0.78,98.98,6,Monsoon
2021-06-10 13:00:00,57.25,0.9,95.88,6,Monsoon
2021-06-10 14:00:00,57.5,1.23,77.58,6,Monsoon
2021-06-10 15:00:00,58.0,1.7,75.08,6,Monsoon
2021-06-10 16:00:00,62.75,1.65,76.05,6,Monsoon
2021-06-10 17:00:00,58.25,1.72,71.3,6,Monsoon
2021-06-10 18:00:00,51.0,2.7,63.0,6,Monsoon
2021-06-10 19:00:00,36.75,2.92,63.72,6,Monsoon
2021-06-10 20:00:00,37.0,2.38,64.35,6,Monsoon
2021-06-10 21:00:00,32.75,1.88,71.82,6,Monsoon
2021-06-10 22:00:00,41.0,2.85,202.58,6,Monsoon
2021-06-10 23:00:00,39.75,2.1,205.18,6,Monsoon
2021-06-11 00:00:00,9.0,0.85,101.8,6,Monsoon
2021-06-11 01:00:00,9.0,1.285,84.125,6,Monsoon
2021-06-11 02:00:00,8.75,1.72,66.45,6,Monsoon
2021-06-11 03:00:00,8.0,0.5,87.15,6,Monsoon
2021-06-11 04:00:00,8.0,0.38,177.15,6,Monsoon
2021-06-11 05:00:00,17.0,0.25,118.98,6,Monsoon
2021-06-11 06:00:00,17.25,1.4,68.9,6,Monsoon
2021-06-11 07:00:00,21.25,1.15,64.28,6,Monsoon
2021-06-11 08:00:00,33.25,0.95,68.22,6,Monsoon
2021-06-11 09:00:00,40.0,0.78,84.6,6,Monsoon
2021-06-11 10:00:00,40.25,0.52,102.52,6,Monsoon
2021-06-11 11:00:00,41.75,1.02,68.4,6,Monsoon
2021-06-11 12:00:00,44.75,0.92,61.6,6,Monsoon
2021-06-11 13:00:00,47.0,1.5,38.72,6,Monsoon
2021-06-11 14:00:00,50.0,1.25,46.35,6,Monsoon
2021-06-11 15:00:00,59.5,2.02,53.35,6,Monsoon
2021-06-11 16:00:00,61.25,2.0,49.82,6,Monsoon
2021-06-11 17:00:00,59.5,2.15,58.58,6,Monsoon
2021-06-11 18:00:00,51.5,1.95,65.4,6,Monsoon
2021-06-11 19:00:00,50.5,1.9,65.78,6,Monsoon
2021-06-11 20:00:00,53.0,1.82,63.85,6,Monsoon
2021-06-11 21:00:00,56.75,1.78,67.5,6,Monsoon
2021-06-11 22:00:00,55.75,1.55,73.2,6,Monsoon
2021-06-11 23:00:00,45.75,0.78,73.82,6,Monsoon
2021-06-12 00:00:00,43.75,0.5,106.1,6,Monsoon
2021-06-12 01:00:00,38.75,0.52,98.35,6,Monsoon
2021-06-12 02:00:00,33.5,0.65,83.08,6,Monsoon
2021-06-12 03:00:00,32.75,1.6,67.3,6,Monsoon
2021-06-12 04:00:00,47.0,1.35,73.22,6,Monsoon
2021-06-12 05:00:00,55.0,1.48,73.48,6,Monsoon
2021-06-12 06:00:00,53.25,0.9,68.8,6,Monsoon
2021-06-12 07:00:00,55.75,2.05,43.02,6,Monsoon
2021-06-12 08:00:00,51.75,2.2,71.88,6,Monsoon
2021-06-12 09:00:00,53.5,1.9,70.45,6,Monsoon
2021-06-12 10:00:00,57.25,2.33,67.88,6,Monsoon
2021-06-12 11:00:00,46.0,1.6,79.38,6,Monsoon
2021-06-12 12:00:00,46.0,2.12,71.55,6,Monsoon
2021-06-12 13:00:00,43.25,2.33,71.53,6,Monsoon
2021-06-12 14:00:00,33.5,2.5,73.5,6,Monsoon
2021-06-12 15:00:00,27.25,2.68,69.03,6,Monsoon
2021-06-12 16:00:00,21.0,2.5,68.32,6,Monsoon
2021-06-12 17:00:00,19.0,2.33,66.97,6,Monsoon
2021-06-12 18:00:00,22.0,2.08,63.78,6,Monsoon
2021-06-12 19:00:00,23.25,1.95,63.98,6,Monsoon
2021-06-12 20:00:00,28.5,3.05,321.62,6,Monsoon
2021-06-12 21:00:00,28.25,2.0,242.5,6,Monsoon
2021-06-12 22:00:00,13.25,0.82,177.05,6,Monsoon
2021-06-12 23:00:00,11.5,1.32,129.77,6,Monsoon
2021-06-13 00:00:00,16.5,2.0,59.03,6,Monsoon
2021-06-13 01:00:00,28.5,1.72,62.9,6,Monsoon
2021-06-13 02:00:00,34.75,0.78,75.53,6,Monsoon
2021-06-13 03:00:00,41.75,1.18,58.32,6,Monsoon
2021-06-13 04:00:00,46.75,1.58,60.78,6,Monsoon
2021-06-13 05:00:00,47.75,1.62,65.82,6,Monsoon
2021-06-13 06:00:00,52.75,1.4,66.0,6,Monsoon
2021-06-13 07:00:00,50.25,0.92,76.9,6,Monsoon
2021-06-13 08:00:00,42.0,1.1,66.75,6,Monsoon
2021-06-13 09:00:00,36.5,1.65,268.08,6,Monsoon
2021-06-13 10:00:00,45.0,1.62,265.3,6,Monsoon
2021-06-13 11:00:00,37.75,1.65,230.52,6,Monsoon
2021-06-13 12:00:00,35.25,1.38,274.1,6,Monsoon
2021-06-13 13:00:00,39.25,1.95,263.68,6,Monsoon
2021-06-13 14:00:00,37.5,0.88,160.95,6,Monsoon
2021-06-13 15:00:00,32.25,1.35,74.12,6,Monsoon
2021-06-13 16:00:00,37.5,0.55,221.15,6,Monsoon
2021-06-13 17:00:00,33.75,0.82,222.62,6,Monsoon
2021-06-13 18:00:00,38.5,1.22,261.8,6,Monsoon
2021-06-13 19:00:00,48.5,0.8,253.97,6,Monsoon
2021-06-13 20:00:00,55.75,0.3,172.6,6,Monsoon
2021-06-13 21:00:00,56.5,0.32,205.92,6,Monsoon
2021-06-13 22:00:00,61.5,0.3,216.38,6,Monsoon
2021-06-13 23:00:00,65.5,0.28,200.05,6,Monsoon
2021-06-14 00:00:00,84.5,0.72,47.1,6,Monsoon
2021-06-14 01:00:00,123.75,1.17,36.33,6,Monsoon
2021-06-14 02:00:00,127.0,1.5,55.38,6,Monsoon
2021-06-14 03:00:00,79.25,1.58,69.47,6,Monsoon
2021-06-14 04:00:00,36.5,1.9,64.32,6,Monsoon
2021-06-14 05:00:00,41.75,1.92,63.88,6,Monsoon
2021-06-14 06:00:00,42.5,1.78,62.4,6,Monsoon
2021-06-14 07:00:00,37.25,1.0,62.28,6,Monsoon
2021-06-14 08:00:00,34.75,0.52,86.95,6,Monsoon
2021-06-14 09:00:00,30.25,0.65,110.12,6,Monsoon
2021-06-14 10:00:00,20.25,0.52,159.23,6,Monsoon
2021-06-14 11:00:00,25.0,0.48,189.1,6,Monsoon
2021-06-14 12:00:00,26.5,0.6,295.32,6,Monsoon
2021-06-14 13:00:00,23.75,0.98,265.02,6,Monsoon
2021-06-14 14:00:00,28.0,1.1,207.45,6,Monsoon
2021-06-14 15:00:00,25.0,0.8,85.88,6,Monsoon
2021-06-14 16:00:00,39.0,0.98,112.85,6,Monsoon
2021-06-14 17:00:00,42.0,1.12,332.38,6,Monsoon
2021-06-14 18:00:00,51.0,1.45,309.23,6,Monsoon
2021-06-14 19:00:00,51.25,1.12,176.18,6,Monsoon
2021-06-14 20:00:00,57.25,1.42,64.0,6,Monsoon
2021-06-14 21:00:00,70.25,1.55,66.0,6,Monsoon
2021-06-14 22:00:00,61.75,1.15,69.57,6,Monsoon
2021-06-14 23:00:00,57.75,0.85,67.32,6,Monsoon
2021-06-15 00:00:00,47.25,1.02,65.45,6,Monsoon
2021-06-15 01:00:00,47.0,0.6,98.78,6,Monsoon
2021-06-15 02:00:00,49.25,0.28,148.6,6,Monsoon
2021-06-15 03:00:00,38.0,0.4,91.8,6,Monsoon
2021-06-15 04:00:00,38.0,0.32,139.38,6,Monsoon
2021-06-15 05:00:00,35.25,0.32,127.43,6,Monsoon
2021-06-15 06:00:00,27.5,0.4,104.6,6,Monsoon
2021-06-15 07:00:00,25.25,0.43,123.78,6,Monsoon
2021-06-15 08:00:00,16.0,0.7,143.02,6,Monsoon
2021-06-15 09:00:00,23.5,0.88,166.32,6,Monsoon
2021-06-15 10:00:00,31.0,1.02,195.85,6,Monsoon
2021-06-15 11:00:00,38.5,1.08,244.78,6,Monsoon
2021-06-15 12:00:00,35.0,1.03,230.08,6,Monsoon
2021-06-15 13:00:00,39.5,0.65,265.98,6,Monsoon
2021-06-15 14:00:00,43.5,0.7,186.35,6,Monsoon
2021-06-15 15:00:00,41.75,0.98,255.58,6,Monsoon
2021-06-15 16:00:00,40.25,2.45,293.2,6,Monsoon
2021-06-15 17:00:00,37.25,2.75,291.25,6,Monsoon
2021-06-15 18:00:00,33.5,1.85,302.73,6,Monsoon
2021-06-15 19:00:00,29.5,2.22,42.82,6,Monsoon
2021-06-15 20:00:00,29.5,1.42,76.05,6,Monsoon
2021-06-15 21:00:00,28.5,1.2,77.12,6,Monsoon
2021-06-15 22:00:00,38.25,1.62,65.3,6,Monsoon
2021-06-15 23:00:00,36.75,1.15,165.95,6,Monsoon
2021-06-16 00:00:00,42.25,0.7,232.4,6,Monsoon
2021-06-16 01:00:00,51.0,0.4,190.08,6,Monsoon
2021-06-16 02:00:00,50.0,0.98,38.83,6,Monsoon
2021-06-16 03:00:00,56.5,1.65,60.98,6,Monsoon
2021-06-16 04:00:00,56.75,1.95,64.9,6,Monsoon
2021-06-16 05:00:00,51.25,1.5,66.35,6,Monsoon
2021-06-16 06:00:00,49.25,1.65,24.98,6,Monsoon
2021-06-16 07:00:00,55.75,2.15,44.08,6,Monsoon
2021-06-16 08:00:00,42.75,1.62,65.47,6,Monsoon
2021-06-16 09:00:00,32.25,1.12,77.1,6,Monsoon
2021-06-16 10:00:00,30.75,0.6,115.05,6,Monsoon
2021-06-16 11:00:00,34.75,0.73,63.88,6,Monsoon
2021-06-16 12:00:00,40.0,0.73,61.62,6,Monsoon
2021-06-16 13:00:00,40.25,0.92,158.82,6,Monsoon
2021-06-16 14:00:00,39.75,0.78,266.15,6,Monsoon
2021-06-16 15:00:00,39.75,1.45,324.15,6,Monsoon
2021-06-16 16:00:00,45.25,1.5,17.23,6,Monsoon
2021-06-16 17:00:00,30.0,1.38,29.67,6,Monsoon
2021-06-16 18:00:00,39.0,1.15,34.78,6,Monsoon
2021-06-16 19:00:00,51.75,1.25,25.32,6,Monsoon
2021-06-16 20:00:00,64.5,1.33,28.4,6,Monsoon
2021-06-16 21:00:00,65.0,1.3,29.18,6,Monsoon
2021-06-16 22:00:00,53.5,1.1,47.2,6,Monsoon
2021-06-16 23:00:00,55.5,1.12,67.18,6,Monsoon
2021-06-17 00:00:00,57.5,1.18,72.07,6,Monsoon
2021-06-17 01:00:00,58.25,1.12,78.03,6,Monsoon
2021-06-17 02:00:00,62.25,0.92,29.68,6,Monsoon
2021-06-17 03:00:00,80.0,1.15,19.05,6,Monsoon
2021-06-17 04:00:00,73.75,1.15,29.78,6,Monsoon
2021-06-17 05:00:00,66.5,1.2,32.92,6,Monsoon
2021-06-17 06:00:00,73.0,1.45,27.4,6,Monsoon
2021-06-17 07:00:00,69.5,1.28,47.97,6,Monsoon
2021-06-17 08:00:00,65.0,0.9,32.72,6,Monsoon
2021-06-17 09:00:00,55.0,0.85,121.6,6,Monsoon
2021-06-17 10:00:00,50.75,1.0,269.9,6,Monsoon
2021-06-17 11:00:00,46.75,1.6,246.9,6,Monsoon
2021-06-17 12:00:00,42.0,0.5,190.05,6,Monsoon
2021-06-17 13:00:00,29.5,2.18,35.65,6,Monsoon
2021-06-17 14:00:00,25.25,2.3,58.85,6,Monsoon
2021-06-17 15:00:00,19.5,2.0,41.45,6,Monsoon
2021-06-17 16:00:00,27.5,1.62,38.0,6,Monsoon
2021-06-17 17:00:00,29.5,1.85,50.2,6,Monsoon
2021-06-17 18:00:00,32.25,1.55,50.38,6,Monsoon
2021-06-17 19:00:00,36.75,1.58,58.52,6,Monsoon
2021-06-17 20:00:00,50.5,1.22,46.88,6,Monsoon
2021-06-17 21:00:00,77.0,1.3,48.6,6,Monsoon
2021-06-17 22:00:00,54.25,1.12,57.2,6,Monsoon
2021-06-17 23:00:00,59.0,1.35,62.97,6,Monsoon
2021-06-18 00:00:00,63.25,1.45,62.62,6,Monsoon
2021-06-18 01:00:00,64.0,1.32,68.18,6,Monsoon
2021-06-18 02:00:00,59.25,1.67,62.28,6,Monsoon
2021-06-18 03:00:00,66.75,1.45,67.8,6,Monsoon
2021-06-18 04:00:00,49.5,1.4,66.47,6,Monsoon
2021-06-18 05:00:00,47.0,1.05,63.52,6,Monsoon
2021-06-18 06:00:00,59.25,1.08,48.42,6,Monsoon
2021-06-18 07:00:00,73.0,1.23,63.77,6,Monsoon
2021-06-18 08:00:00,60.25,1.72,61.45,6,Monsoon
2021-06-18 09:00:00,61.75,1.5,70.15,6,Monsoon
2021-06-18 10:00:00,41.5,1.62,59.08,6,Monsoon
2021-06-18 11:00:00,27.25,1.92,63.75,6,Monsoon
2021-06-18 12:00:00,24.75,1.75,60.35,6,Monsoon
2021-06-18 13:00:00,24.0,2.12,57.05,6,Monsoon
2021-06-18 14:00:00,24.25,2.47,50.02,6,Monsoon
2021-06-18 15:00:00,24.75,2.08,40.22,6,Monsoon
2021-06-18 16:00:00,22.75,2.33,47.3,6,Monsoon
2021-06-18 17:00:00,19.75,2.42,51.98,6,Monsoon
2021-06-18 18:00:00,22.25,2.12,53.28,6,Monsoon
2021-06-18 19:00:00,23.5,2.18,64.0,6,Monsoon
2021-06-18 20:00:00,23.5,1.88,65.9,6,Monsoon
2021-06-18 21:00:00,19.25,1.82,64.72,6,Monsoon
2021-06-18 22:00:00,22.75,1.9,63.15,6,Monsoon
2021-06-18 23:00:00,33.0,1.7,67.53,6,Monsoon
2021-06-19 00:00:00,38.25,1.78,64.82,6,Monsoon
2021-06-19 01:00:00,35.5,1.08,55.2,6,Monsoon
2021-06-19 02:00:00,37.0,1.0,37.9,6,Monsoon
2021-06-19 03:00:00,44.25,1.38,23.65,6,Monsoon
2021-06-19 04:00:00,39.25,1.02,15.32,6,Monsoon
2021-06-19 05:00:00,43.75,0.88,13.1,6,Monsoon
2021-06-19 06:00:00,50.0,0.9,16.05,6,Monsoon
2021-06-19 07:00:00,41.5,1.12,178.95,6,Monsoon
2021-06-19 08:00:00,57.25,1.3,18.98,6,Monsoon
2021-06-19 09:00:00,41.75,1.02,345.4,6,Monsoon
2021-06-19 10:00:00,30.0,1.18,179.5,6,Monsoon
2021-06-19 11:00:00,29.5,1.5,96.9,6,Monsoon
2021-06-19 12:00:00,18.75,1.78,269.5,6,Monsoon
2021-06-19 13:00:00,19.75,2.33,98.25,6,Monsoon
2021-06-19 14:00:00,24.5,2.58,94.32,6,Monsoon
2021-06-19 15:00:00,21.5,2.28,179.3,6,Monsoon
2021-06-19 16:00:00,16.75,2.35,23.52,6,Monsoon
2021-06-19 17:00:00,15.5,2.7,34.45,6,Monsoon
2021-06-19 18:00:00,15.0,2.45,30.38,6,Monsoon
2021-06-19 19:00:00,18.25,2.0,38.9,6,Monsoon
2021-06-19 20:00:00,18.25,1.85,41.65,6,Monsoon
2021-06-19 21:00:00,18.0,1.67,51.38,6,Monsoon
2021-06-19 22:00:00,22.25,1.8,63.4,6,Monsoon
2021-06-19 23:00:00,18.25,1.9,60.3,6,Monsoon
2021-06-20 00:00:00,23.25,1.9,61.95,6,Monsoon
2021-06-20 01:00:00,27.0,1.6,58.3,6,Monsoon
2021-06-20 02:00:00,28.5,1.5,44.25,6,Monsoon
2021-06-20 03:00:00,35.0,1.45,38.53,6,Monsoon
2021-06-20 04:00:00,38.0,1.25,33.65,6,Monsoon
2021-06-20 05:00:00,30.0,1.35,17.23,6,Monsoon
2021-06-20 06:00:00,33.0,1.5,91.52,6,Monsoon
2021-06-20 07:00:00,29.25,1.6,22.67,6,Monsoon
2021-06-20 08:00:00,17.5,1.9,29.48,6,Monsoon
2021-06-20 09:00:00,14.75,1.85,36.78,6,Monsoon
2021-06-20 10:00:00,11.0,1.65,40.35,6,Monsoon
2021-06-20 11:00:00,11.0,1.27,40.72,6,Monsoon
2021-06-20 12:00:00,12.5,1.52,37.12,6,Monsoon
2021-06-20 13:00:00,15.5,1.3,22.62,6,Monsoon
2021-06-20 14:00:00,13.0,1.83,29.4,6,Monsoon
2021-06-20 15:00:00,20.0,1.92,20.82,6,Monsoon
2021-06-20 16:00:00,21.75,2.0,101.98,6,Monsoon
2021-06-20 17:00:00,19.5,2.08,30.02,6,Monsoon
2021-06-20 18:00:00,22.25,2.03,40.7,6,Monsoon
2021-06-20 19:00:00,17.25,1.72,58.5,6,Monsoon
2021-06-20 20:00:00,18.25,1.78,68.95,6,Monsoon
2021-06-20 21:00:00,22.75,1.58,50.5,6,Monsoon
2021-06-20 22:00:00,35.75,1.4,38.83,6,Monsoon
2021-06-20 23:00:00,42.0,1.48,33.08,6,Monsoon
2021-06-21 00:00:00,43.5,1.55,68.47,6,Monsoon
2021-06-21 01:00:00,38.0,1.32,33.2,6,Monsoon
2021-06-21 02:00:00,40.0,1.32,39.85,6,Monsoon
2021-06-21 03:00:00,55.5,0.88,30.8,6,Monsoon
2021-06-21 04:00:00,53.0,1.38,24.3,6,Monsoon
2021-06-21 05:00:00,43.25,1.08,53.72,6,Monsoon
2021-06-21 06:00:00,49.0,1.32,47.75,6,Monsoon
2021-06-21 07:00:00,44.5,0.43,71.47,6,Monsoon
2021-06-21 08:00:00,36.0,0.43,62.65,6,Monsoon
2021-06-21 09:00:00,23.5,1.02,191.3,6,Monsoon
2021-06-21 10:00:00,25.25,1.32,20.0,6,Monsoon
2021-06-21 11:00:00,34.75,1.35,33.33,6,Monsoon
2021-06-21 12:00:00,32.75,1.17,124.4,6,Monsoon
2021-06-21 13:00:00,26.75,0.98,40.3,6,Monsoon
2021-06-21 14:00:00,20.75,1.05,110.4,6,Monsoon
2021-06-21 15:00:00,23.0,1.1,55.1,6,Monsoon
2021-06-21 16:00:00,26.5,0.85,182.42,6,Monsoon
2021-06-21 17:00:00,30.0,1.28,50.42,6,Monsoon
2021-06-21 18:00:00,33.0,1.35,63.0,6,Monsoon
2021-06-21 19:00:00,33.0,0.95,68.65,6,Monsoon
2021-06-21 20:00:00,38.0,0.3,136.38,6,Monsoon
2021-06-21 21:00:00,40.0,0.57,77.7,6,Monsoon
2021-06-21 22:00:00,57.0,0.82,62.75,6,Monsoon
2021-06-21 23:00:00,63.0,0.35,111.68,6,Monsoon
2021-06-22 00:00:00,63.0,0.52,194.18,6,Monsoon
2021-06-22 01:00:00,53.0,0.38,199.18,6,Monsoon
2021-06-22 02:00:00,52.0,0.42,164.18,6,Monsoon
2021-06-22 03:00:00,52.0,0.23,219.85,6,Monsoon
2021-06-22 04:00:00,47.0,0.57,268.1,6,Monsoon
2021-06-22 05:00:00,66.0,0.75,262.4,6,Monsoon
2021-06-22 06:00:00,129.0,0.75,253.38,6,Monsoon
2021-06-22 07:00:00,114.0,1.02,265.9,6,Monsoon
2021-06-22 08:00:00,80.0,1.25,325.9,6,Monsoon
2021-06-22 09:00:00,50.0,1.15,303.27,6,Monsoon
2021-06-22 10:00:00,40.0,1.32,295.7,6,Monsoon
2021-06-22 11:00:00,41.0,1.35,316.15,6,Monsoon
2021-06-22 12:00:00,45.0,1.18,310.18,6,Monsoon
2021-06-22 13:00:00,39.5,1.62,305.95,6,Monsoon
2021-06-22 14:00:00,41.0,1.75,307.25,6,Monsoon
2021-06-22 15:00:00,42.0,1.75,314.38,6,Monsoon
2021-06-22 16:00:00,45.0,1.72,312.78,6,Monsoon
2021-06-22 17:00:00,35.0,2.03,318.27,6,Monsoon
2021-06-22 18:00:00,40.0,1.62,315.42,6,Monsoon
2021-06-22 19:00:00,45.0,1.35,320.75,6,Monsoon
2021-06-22 20:00:00,70.0,1.08,344.22,6,Monsoon
2021-06-22 21:00:00,78.0,0.88,249.08,6,Monsoon
2021-06-22 22:00:00,85.0,0.48,64.32,6,Monsoon
2021-06-22 23:00:00,80.0,0.43,179.4,6,Monsoon
2021-06-23 00:00:00,77.0,0.55,188.42,6,Monsoon
2021-06-23 01:00:00,68.0,0.25,223.18,6,Monsoon
2021-06-23 02:00:00,79.0,0.25,245.1,6,Monsoon
2021-06-23 03:00:00,151.0,0.45,240.25,6,Monsoon
2021-06-23 04:00:00,144.0,0.62,258.25,6,Monsoon
2021-06-23 05:00:00,248.0,0.68,258.2,6,Monsoon
2021-06-23 06:00:00,257.0,0.68,235.98,6,Monsoon
2021-06-23 07:00:00,226.0,0.8,266.77,6,Monsoon
2021-06-23 08:00:00,160.0,0.88,281.15,6,Monsoon
2021-06-23 09:00:00,119.0,0.88,272.12,6,Monsoon
2021-06-23 10:00:00,87.0,0.85,261.55,6,Monsoon
2021-06-23 11:00:00,48.0,0.95,250.82,6,Monsoon
2021-06-23 12:00:00,41.0,0.72,108.3,6,Monsoon
2021-06-23 13:00:00,38.0,0.82,215.58,6,Monsoon
2021-06-23 14:00:00,34.0,1.08,134.75,6,Monsoon
2021-06-23 15:00:00,39.0,0.92,295.67,6,Monsoon
2021-06-23 16:00:00,34.0,0.92,257.42,6,Monsoon
2021-06-23 17:00:00,39.0,0.95,98.57,6,Monsoon
2021-06-23 18:00:00,40.0,1.33,67.62,6,Monsoon
2021-06-23 19:00:00,48.0,1.6,63.65,6,Monsoon
2021-06-23 20:00:00,81.0,1.12,72.68,6,Monsoon
2021-06-23 21:00:00,72.0,0.82,67.98,6,Monsoon
2021-06-23 22:00:00,90.0,1.52,72.45,6,Monsoon
2021-06-23 23:00:00,101.0,1.05,86.45,6,Monsoon
2021-06-24 00:00:00,62.0,0.85,110.95,6,Monsoon
2021-06-24 01:00:00,57.0,0.52,131.3,6,Monsoon
2021-06-24 02:00:00,51.0,0.48,146.77,6,Monsoon
2021-06-24 03:00:00,50.0,0.55,151.1,6,Monsoon
2021-06-24 04:00:00,39.0,0.68,96.3,6,Monsoon
2021-06-24 05:00:00,36.0,1.58,69.3,6,Monsoon
2021-06-24 06:00:00,42.0,2.1,63.8,6,Monsoon
2021-06-24 07:00:00,80.0,2.25,66.65,6,Monsoon
2021-06-24 08:00:00,57.0,2.32,44.0,6,Monsoon
2021-06-24 09:00:00,50.0,2.1,63.65,6,Monsoon
2021-06-24 10:00:00,47.0,0.73,98.85,6,Monsoon
2021-06-24 11:00:00,51.0,0.78,98.72,6,Monsoon
2021-06-24 12:00:00,75.0,0.48,186.5,6,Monsoon
2021-06-24 13:00:00,72.0,0.45,103.92,6,Monsoon
2021-06-24 14:00:00,74.0,0.82,329.75,6,Monsoon
2021-06-24 15:00:00,78.0,3.02,274.32,6,Monsoon
2021-06-24 16:00:00,108.0,2.58,109.65,6,Monsoon
2021-06-24 17:00:00,35.0,1.55,37.83,6,Monsoon
2021-06-24 18:00:00,40.0,1.45,61.28,6,Monsoon
2021-06-24 19:00:00,36.0,0.73,89.65,6,Monsoon
2021-06-24 20:00:00,38.0,0.57,177.1,6,Monsoon
2021-06-24 21:00:00,44.0,0.4,217.25,6,Monsoon
2021-06-24 22:00:00,57.0,0.52,140.25,6,Monsoon
2021-06-24 23:00:00,45.0,0.42,162.8,6,Monsoon
2021-06-25 00:00:00,45.0,0.45,238.55,6,Monsoon
2021-06-25 01:00:00,47.0,0.52,253.98,6,Monsoon
2021-06-25 02:00:00,45.0,0.6,264.15,6,Monsoon
2021-06-25 03:00:00,66.0,0.72,69.12,6,Monsoon
2021-06-25 04:00:00,70.0,1.25,61.85,6,Monsoon
2021-06-25 05:00:00,84.0,1.08,76.42,6,Monsoon
2021-06-25 06:00:00,92.0,1.0,80.82,6,Monsoon
2021-06-25 07:00:00,95.0,0.75,165.92,6,Monsoon
2021-06-25 08:00:00,107.0,1.0,245.82,6,Monsoon
2021-06-25 09:00:00,79.0,0.98,292.85,6,Monsoon
2021-06-25 10:00:00,66.0,1.28,321.82,6,Monsoon
2021-06-25 11:00:00,58.0,1.35,316.55,6,Monsoon
2021-06-25 12:00:00,53.0,1.58,342.42,6,Monsoon
2021-06-25 13:00:00,47.0,0.95,310.05,6,Monsoon
2021-06-25 14:00:00,41.0,1.03,235.4,6,Monsoon
2021-06-25 15:00:00,42.0,0.85,234.25,6,Monsoon
2021-06-25 16:00:00,47.0,1.15,180.75,6,Monsoon
2021-06-25 17:00:00,48.0,1.42,46.88,6,Monsoon
2021-06-25 18:00:00,79.0,2.0,198.38,6,Monsoon
2021-06-25 19:00:00,46.0,1.75,253.42,6,Monsoon
2021-06-25 20:00:00,27.0,0.82,202.35,6,Monsoon
2021-06-25 21:00:00,24.0,0.48,141.95,6,Monsoon
2021-06-25 22:00:00,28.0,0.45,145.33,6,Monsoon
2021-06-25 23:00:00,28.0,0.48,215.9,6,Monsoon
2021-06-26 00:00:00,27.0,0.52,223.9,6,Monsoon
2021-06-26 01:00:00,28.0,0.65,256.78,6,Monsoon
2021-06-26 02:00:00,25.0,1.0,109.18,6,Monsoon
2021-06-26 03:00:00,40.0,2.0,52.38,6,Monsoon
2021-06-26 04:00:00,62.0,1.3,73.47,6,Monsoon
2021-06-26 05:00:00,40.0,0.88,109.7,6,Monsoon
2021-06-26 06:00:00,44.0,1.15,33.48,6,Monsoon
2021-06-26 07:00:00,44.0,1.08,51.72,6,Monsoon
2021-06-26 08:00:00,38.0,1.52,32.05,6,Monsoon
2021-06-26 09:00:00,47.0,0.82,63.22,6,Monsoon
2021-06-26 10:00:00,31.0,0.48,139.88,6,Monsoon
2021-06-26 11:00:00,38.0,0.45,159.38,6,Monsoon
2021-06-26 12:00:00,31.0,0.98,284.5,6,Monsoon
2021-06-26 13:00:00,31.0,0.78,257.85,6,Monsoon
2021-06-26 14:00:00,35.0,1.5,289.33,6,Monsoon
2021-06-26 15:00:00,29.0,1.75,315.58,6,Monsoon
2021-06-26 16:00:00,36.0,2.68,316.5,6,Monsoon
2021-06-26 17:00:00,46.0,1.65,308.27,6,Monsoon
2021-06-26 18:00:00,41.0,0.8,295.98,6,Monsoon
2021-06-26 19:00:00,40.0,0.32,196.25,6,Monsoon
2021-06-26 20:00:00,46.0,0.38,188.45,6,Monsoon
2021-06-26 21:00:00,41.0,0.52,271.9,6,Monsoon
2021-06-26 22:00:00,48.0,0.62,272.1,6,Monsoon
2021-06-26 23:00:00,74.0,0.55,132.82,6,Monsoon
2021-06-27 00:00:00,79.0,0.72,49.45,6,Monsoon
2021-06-27 01:00:00,75.0,0.72,25.22,6,Monsoon
2021-06-27 02:00:00,113.0,1.0,22.78,6,Monsoon
2021-06-27 03:00:00,123.0,1.4,42.2,6,Monsoon
2021-06-27 04:00:00,111.0,0.88,83.48,6,Monsoon
2021-06-27 05:00:00,97.0,0.5,108.82,6,Monsoon
2021-06-27 06:00:00,79.0,0.55,114.5,6,Monsoon
2021-06-27 07:00:00,81.0,0.6,115.22,6,Monsoon
2021-06-27 08:00:00,63.0,0.75,95.75,6,Monsoon
2021-06-27 09:00:00,73.0,0.55,123.22,6,Monsoon
2021-06-27 10:00:00,79.0,0.52,210.12,6,Monsoon
2021-06-27 11:00:00,75.0,0.97,168.9,6,Monsoon
2021-06-27 12:00:00,63.0,1.0,178.2,6,Monsoon
2021-06-27 13:00:00,79.0,1.05,96.45,6,Monsoon
2021-06-27 14:00:00,73.0,1.0,30.5,6,Monsoon
2021-06-27 15:00:00,72.0,0.98,104.0,6,Monsoon
2021-06-27 16:00:00,74.0,1.58,54.62,6,Monsoon
2021-06-27 17:00:00,68.0,1.5,37.48,6,Monsoon
2021-06-27 18:00:00,74.0,1.62,41.4,6,Monsoon
2021-06-27 19:00:00,79.0,1.27,47.18,6,Monsoon
2021-06-27 20:00:00,94.0,1.45,74.62,6,Monsoon
2021-06-27 21:00:00,83.0,1.45,78.4,6,Monsoon
2021-06-27 22:00:00,77.0,1.35,74.15,6,Monsoon
2021-06-27 23:00:00,89.0,1.35,71.93,6,Monsoon
2021-06-28 00:00:00,103.0,1.1,71.32,6,Monsoon
2021-06-28 01:00:00,101.0,0.77,82.48,6,Monsoon
2021-06-28 02:00:00,101.0,0.7,113.55,6,Monsoon
2021-06-28 03:00:00,92.0,0.32,182.58,6,Monsoon
2021-06-28 04:00:00,102.0,0.45,183.72,6,Monsoon
2021-06-28 05:00:00,119.0,0.48,84.18,6,Monsoon
2021-06-28 06:00:00,150.0,0.75,70.68,6,Monsoon
2021-06-28 07:00:00,145.0,0.8,162.4,6,Monsoon
2021-06-28 08:00:00,103.0,1.0,174.8,6,Monsoon
2021-06-28 09:00:00,62.0,0.92,178.88,6,Monsoon
2021-06-28 10:00:00,46.0,0.7,216.95,6,Monsoon
2021-06-28 11:00:00,50.0,0.65,212.4,6,Monsoon
2021-06-28 12:00:00,48.0,0.78,214.48,6,Monsoon
2021-06-28 13:00:00,45.0,0.9,166.72,6,Monsoon
2021-06-28 14:00:00,50.0,1.02,250.58,6,Monsoon
2021-06-28 15:00:00,47.0,1.52,96.62,6,Monsoon
2021-06-28 16:00:00,64.0,1.67,259.75,6,Monsoon
2021-06-28 17:00:00,81.0,1.6,100.6,6,Monsoon
2021-06-28 18:00:00,83.0,1.42,18.2,6,Monsoon
2021-06-28 19:00:00,64.0,1.25,62.88,6,Monsoon
2021-06-28 20:00:00,70.0,0.6,92.6,6,Monsoon
2021-06-28 21:00:00,81.0,0.45,185.92,6,Monsoon
2021-06-28 22:00:00,89.0,0.38,234.45,6,Monsoon
2021-06-28 23:00:00,91.0,0.22,215.9,6,Monsoon
2021-06-29 00:00:00,96.0,0.35,206.47,6,Monsoon
2021-06-29 01:00:00,91.0,0.2,175.08,6,Monsoon
2021-06-29 02:00:00,86.0,0.32,180.2,6,Monsoon
2021-06-29 03:00:00,73.0,0.4,236.1,6,Monsoon
2021-06-29 04:00:00,77.0,0.22,251.73,6,Monsoon
2021-06-29 05:00:00,86.0,0.38,257.38,6,Monsoon
2021-06-29 06:00:00,117.0,0.35,243.1,6,Monsoon
2021-06-29 07:00:00,172.0,0.78,246.28,6,Monsoon
2021-06-29 08:00:00,255.0,1.38,249.82,6,Monsoon
2021-06-29 09:00:00,152.0,1.23,267.6,6,Monsoon
2021-06-29 10:00:00,63.0,2.1,301.78,6,Monsoon
2021-06-29 11:00:00,53.0,2.12,309.42,6,Monsoon
2021-06-29 12:00:00,48.0,2.33,302.5,6,Monsoon
2021-06-29 13:00:00,45.0,2.58,314.62,6,Monsoon
2021-06-29 14:00:00,45.0,2.2,306.92,6,Monsoon
2021-06-29 15:00:00,44.0,2.3,309.78,6,Monsoon
2021-06-29 16:00:00,45.0,2.52,311.2,6,Monsoon
2021-06-29 17:00:00,44.0,2.42,318.73,6,Monsoon
2021-06-29 18:00:00,59.0,1.95,320.5,6,Monsoon
2021-06-29 19:00:00,68.25,1.4,327.88,6,Monsoon
2021-06-29 20:00:00,94.5,1.4,325.35,6,Monsoon
2021-06-29 21:00:00,82.25,1.0,279.23,6,Monsoon
2021-06-29 22:00:00,62.25,1.0,294.4,6,Monsoon
2021-06-29 23:00:00,70.5,0.55,251.92,6,Monsoon
2021-06-30 00:00:00,77.25,0.5,266.7,6,Monsoon
2021-06-30 01:00:00,119.0,0.3,245.02,6,Monsoon
2021-06-30 02:00:00,149.0,0.48,256.42,6,Monsoon
2021-06-30 03:00:00,169.5,0.85,240.8,6,Monsoon
2021-06-30 04:00:00,155.75,1.08,243.0,6,Monsoon
2021-06-30 05:00:00,79.0,1.6,249.92,6,Monsoon
2021-06-30 06:00:00,41.5,1.7,252.6,6,Monsoon
2021-06-30 07:00:00,43.5,2.0,258.35,6,Monsoon
2021-06-30 08:00:00,35.75,2.5,271.12,6,Monsoon
2021-06-30 09:00:00,36.0,2.98,273.68,6,Monsoon
2021-06-30 10:00:00,38.75,3.08,282.12,6,Monsoon
2021-06-30 11:00:00,37.0,3.03,285.8,6,Monsoon
2021-06-30 12:00:00,33.25,3.12,295.92,6,Monsoon
2021-06-30 13:00:00,33.0,2.82,283.45,6,Monsoon
2021-06-30 14:00:00,43.5,2.6,279.8,6,Monsoon
2021-06-30 15:00:00,63.5,2.35,275.35,6,Monsoon
2021-06-30 16:00:00,90.75,2.08,276.77,6,Monsoon
2021-06-30 17:00:00,111.0,1.85,270.8,6,Monsoon
2021-06-30 18:00:00,101.5,1.18,274.77,6,Monsoon
2021-06-30 19:00:00,105.5,0.52,251.72,6,Monsoon
2021-06-30 20:00:00,122.5,0.75,283.3,6,Monsoon
2021-06-30 21:00:00,118.0,1.03,264.2,6,Monsoon
2021-06-30 22:00:00,93.75,1.52,247.98,6,Monsoon
2021-06-30 23:00:00,69.0,1.45,254.88,6,Monsoon
2021-07-01 00:00:00,53.0,1.03,246.45,7,Monsoon
2021-07-01 01:00:00,57.5,1.5,244.8,7,Monsoon
2021-07-01 02:00:00,49.25,1.78,251.35,7,Monsoon
2021-07-01 03:00:00,35.75,1.62,256.9,7,Monsoon
2021-07-01 04:00:00,27.75,1.5,256.2,7,Monsoon
2021-07-01 05:00:00,24.75,1.65,258.75,7,Monsoon
2021-07-01 06:00:00,27.75,1.72,251.92,7,Monsoon
2021-07-01 07:00:00,29.75,2.1,253.08,7,Monsoon
2021-07-01 08:00:00,33.0,2.4,257.1,7,Monsoon
2021-07-01 09:00:00,44.0,2.62,270.88,7,Monsoon
2021-07-01 10:00:00,41.0,2.28,266.58,7,Monsoon
2021-07-01 11:00:00,45.0,2.12,259.6,7,Monsoon
2021-07-01 12:00:00,41.5,1.9,267.3,7,Monsoon
2021-07-01 13:00:00,41.5,1.4,267.15,7,Monsoon
2021-07-01 14:00:00,44.75,0.95,266.42,7,Monsoon
2021-07-01 15:00:00,41.25,1.05,256.55,7,Monsoon
2021-07-01 16:00:00,41.5,1.08,261.27,7,Monsoon
2021-07-01 17:00:00,41.0,1.2,262.0,7,Monsoon
2021-07-01 18:00:00,43.25,0.65,244.52,7,Monsoon
2021-07-01 19:00:00,41.25,0.25,243.95,7,Monsoon
2021-07-01 20:00:00,46.25,0.38,124.75,7,Monsoon
2021-07-01 21:00:00,63.75,1.42,35.0,7,Monsoon
2021-07-01 22:00:00,78.0,1.9,32.78,7,Monsoon
2021-07-01 23:00:00,80.5,1.45,39.9,7,Monsoon
2021-07-02 00:00:00,84.0,1.38,64.53,7,Monsoon
2021-07-02 01:00:00,72.0,0.95,51.82,7,Monsoon
2021-07-02 02:00:00,78.75,0.5,185.02,7,Monsoon
2021-07-02 03:00:00,92.75,0.85,265.55,7,Monsoon
2021-07-02 04:00:00,67.0,1.45,256.08,7,Monsoon
2021-07-02 05:00:00,43.5,1.5,263.6,7,Monsoon
2021-07-02 06:00:00,36.75,0.65,243.75,7,Monsoon
2021-07-02 07:00:00,38.75,1.35,252.12,7,Monsoon
2021-07-02 08:00:00,41.5,1.98,265.35,7,Monsoon
2021-07-02 09:00:00,54.25,2.15,278.77,7,Monsoon
2021-07-02 10:00:00,63.25,2.0,277.23,7,Monsoon
2021-07-02 11:00:00,66.75,1.8,286.5,7,Monsoon
2021-07-02 12:00:00,59.75,1.68,280.15,7,Monsoon
2021-07-02 13:00:00,67.0,1.48,276.53,7,Monsoon
2021-07-02 14:00:00,65.0,1.35,284.83,7,Monsoon
2021-07-02 15:00:00,68.0,1.98,313.6,7,Monsoon
2021-07-02 16:00:00,67.0,1.35,293.82,7,Monsoon
2021-07-02 17:00:00,64.5,2.53,303.5,7,Monsoon
2021-07-02 18:00:00,60.75,1.02,149.28,7,Monsoon
2021-07-02 19:00:00,43.75,0.95,147.3,7,Monsoon
2021-07-02 20:00:00,37.25,0.75,132.28,7,Monsoon
2021-07-02 21:00:00,32.25,1.25,209.82,7,Monsoon
2021-07-02 22:00:00,38.75,0.62,213.32,7,Monsoon
2021-07-02 23:00:00,29.25,0.82,219.82,7,Monsoon
2021-07-03 00:00:00,29.5,1.3,257.33,7,Monsoon
2021-07-03 01:00:00,26.75,1.75,268.25,7,Monsoon
2021-07-03 02:00:00,22.25,2.38,299.12,7,Monsoon
2021-07-03 03:00:00,20.75,1.68,332.02,7,Monsoon
2021-07-03 04:00:00,22.25,1.6,300.42,7,Monsoon
2021-07-03 05:00:00,24.75,2.33,181.48,7,Monsoon
2021-07-03 06:00:00,37.0,0.8,121.18,7,Monsoon
2021-07-03 07:00:00,33.25,0.6,148.7,7,Monsoon
2021-07-03 08:00:00,39.75,0.43,133.35,7,Monsoon
2021-07-03 09:00:00,39.25,0.72,177.88,7,Monsoon
2021-07-03 10:00:00,38.25,0.92,191.68,7,Monsoon
2021-07-03 11:00:00,35.75,1.25,244.48,7,Monsoon
2021-07-03 12:00:00,41.5,1.68,265.2,7,Monsoon
2021-07-03 13:00:00,37.25,1.42,275.5,7,Monsoon
2021-07-03 14:00:00,47.0,1.4,288.5,7,Monsoon
2021-07-03 15:00:00,46.5,0.9,269.2,7,Monsoon
2021-07-03 16:00:00,45.5,0.8,269.3,7,Monsoon
2021-07-03 17:00:00,41.5,2.4,168.18,7,Monsoon
2021-07-03 18:00:00,22.75,0.95,181.42,7,Monsoon
2021-07-03 19:00:00,17.75,0.73,257.1,7,Monsoon
2021-07-03 20:00:00,25.0,0.5,187.28,7,Monsoon
2021-07-03 21:00:00,32.75,1.3,268.95,7,Monsoon
2021-07-03 22:00:00,38.25,0.78,71.8,7,Monsoon
2021-07-03 23:00:00,39.25,0.38,83.45,7,Monsoon
2021-07-04 00:00:00,41.25,0.35,132.85,7,Monsoon
2021-07-04 01:00:00,45.75,0.7,90.2,7,Monsoon
2021-07-04 02:00:00,47.25,0.52,223.32,7,Monsoon
2021-07-04 03:00:00,45.0,0.43,228.95,7,Monsoon
2021-07-04 04:00:00,43.75,0.25,86.48,7,Monsoon
2021-07-04 05:00:00,41.25,0.38,258.55,7,Monsoon
2021-07-04 06:00:00,61.25,0.92,281.38,7,Monsoon
2021-07-04 07:00:00,115.5,0.73,312.82,7,Monsoon
2021-07-04 08:00:00,121.5,0.6,206.68,7,Monsoon
2021-07-04 09:00:00,82.75,0.52,158.3,7,Monsoon
2021-07-04 10:00:00,56.0,0.62,174.02,7,Monsoon
2021-07-04 11:00:00,47.25,0.48,152.07,7,Monsoon
2021-07-04 12:00:00,64.75,0.92,294.3,7,Monsoon
2021-07-04 13:00:00,57.75,1.32,307.08,7,Monsoon
2021-07-04 14:00:00,47.75,1.48,304.27,7,Monsoon
2021-07-04 15:00:00,46.5,1.45,296.12,7,Monsoon
2021-07-04 16:00:00,45.5,1.35,267.67,7,Monsoon
2021-07-04 17:00:00,45.5,1.12,276.45,7,Monsoon
2021-07-04 18:00:00,42.0,1.02,302.38,7,Monsoon
2021-07-04 19:00:00,51.0,0.88,266.33,7,Monsoon
2021-07-04 20:00:00,70.0,0.57,124.55,7,Monsoon
2021-07-04 21:00:00,68.75,0.52,235.25,7,Monsoon
2021-07-04 22:00:00,55.75,0.45,217.55,7,Monsoon
2021-07-04 23:00:00,52.75,0.45,226.0,7,Monsoon
2021-07-05 00:00:00,46.5,0.45,224.18,7,Monsoon
2021-07-05 01:00:00,49.25,0.68,258.7,7,Monsoon
2021-07-05 02:00:00,59.25,0.55,247.15,7,Monsoon
2021-07-05 03:00:00,90.5,0.62,262.95,7,Monsoon
2021-07-05 04:00:00,136.25,0.43,234.7,7,Monsoon
2021-07-05 05:00:00,161.75,0.32,204.02,7,Monsoon
2021-07-05 06:00:00,150.0,0.75,273.77,7,Monsoon
2021-07-05 07:00:00,104.5,0.72,256.73,7,Monsoon
2021-07-05 08:00:00,87.5,0.82,275.28,7,Monsoon
2021-07-05 09:00:00,64.0,1.15,304.48,7,Monsoon
2021-07-05 10:00:00,49.25,1.32,306.67,7,Monsoon
2021-07-05 11:00:00,41.75,1.18,255.77,7,Monsoon
2021-07-05 12:00:00,43.25,1.2,268.35,7,Monsoon
2021-07-05 13:00:00,41.25,1.02,281.15,7,Monsoon
2021-07-05 14:00:00,41.75,1.23,285.67,7,Monsoon
2021-07-05 15:00:00,41.25,1.15,267.32,7,Monsoon
2021-07-05 16:00:00,43.25,1.0,306.58,7,Monsoon
2021-07-05 17:00:00,45.75,0.77,262.98,7,Monsoon
2021-07-05 18:00:00,42.75,0.48,247.9,7,Monsoon
2021-07-05 19:00:00,46.25,1.15,240.5,7,Monsoon
2021-07-05 20:00:00,47.75,1.25,264.5,7,Monsoon
2021-07-05 21:00:00,42.75,0.9,262.75,7,Monsoon
2021-07-05 22:00:00,50.0,0.78,265.23,7,Monsoon
2021-07-05 23:00:00,53.0,1.08,256.3,7,Monsoon
2021-07-06 00:00:00,45.0,0.92,257.85,7,Monsoon
2021-07-06 01:00:00,47.0,0.75,262.83,7,Monsoon
2021-07-06 02:00:00,43.0,0.72,256.95,7,Monsoon
2021-07-06 03:00:00,45.5,0.45,237.48,7,Monsoon
2021-07-06 04:00:00,61.0,0.65,260.52,7,Monsoon
2021-07-06 05:00:00,54.5,1.0,255.5,7,Monsoon
2021-07-06 06:00:00,44.0,1.02,245.12,7,Monsoon
2021-07-06 07:00:00,39.0,1.28,247.23,7,Monsoon
2021-07-06 08:00:00,39.0,1.52,280.98,7,Monsoon
2021-07-06 09:00:00,33.0,1.6,296.65,7,Monsoon
2021-07-06 10:00:00,31.0,1.3,287.05,7,Monsoon
2021-07-06 11:00:00,39.0,1.6,295.88,7,Monsoon
2021-07-06 12:00:00,42.0,1.38,291.18,7,Monsoon
2021-07-06 13:00:00,38.0,1.62,302.7,7,Monsoon
2021-07-06 14:00:00,44.0,1.88,288.55,7,Monsoon
2021-07-06 15:00:00,40.0,1.4,283.55,7,Monsoon
2021-07-06 16:00:00,40.0,1.6,289.45,7,Monsoon
2021-07-06 17:00:00,44.0,1.12,288.9,7,Monsoon
2021-07-06 18:00:00,45.0,1.27,293.7,7,Monsoon
2021-07-06 19:00:00,51.0,1.85,336.33,7,Monsoon
2021-07-06 20:00:00,72.0,1.78,331.75,7,Monsoon
2021-07-06 21:00:00,74.0,0.92,277.73,7,Monsoon
2021-07-06 22:00:00,63.0,0.82,246.95,7,Monsoon
2021-07-06 23:00:00,57.0,0.6,262.4,7,Monsoon
2021-07-07 00:00:00,61.0,0.32,226.95,7,Monsoon
2021-07-07 01:00:00,55.0,0.22,242.62,7,Monsoon
2021-07-07 02:00:00,114.0,0.4,231.88,7,Monsoon
2021-07-07 03:00:00,121.0,0.32,245.18,7,Monsoon
2021-07-07 04:00:00,160.0,0.32,234.55,7,Monsoon
2021-07-07 05:00:00,125.0,0.32,223.88,7,Monsoon
2021-07-07 06:00:00,260.0,0.73,252.12,7,Monsoon
2021-07-07 07:00:00,257.0,1.27,256.73,7,Monsoon
2021-07-07 08:00:00,111.0,1.48,249.4,7,Monsoon
2021-07-07 09:00:00,51.0,1.67,266.45,7,Monsoon
2021-07-07 10:00:00,39.0,1.9,273.92,7,Monsoon
2021-07-07 11:00:00,33.0,2.05,285.38,7,Monsoon
2021-07-07 12:00:00,34.0,2.2,298.02,7,Monsoon
2021-07-07 13:00:00,29.0,2.08,293.08,7,Monsoon
2021-07-07 14:00:00,31.0,1.78,296.42,7,Monsoon
2021-07-07 15:00:00,34.0,1.88,296.6,7,Monsoon
2021-07-07 16:00:00,33.0,1.83,300.98,7,Monsoon
2021-07-07 17:00:00,34.0,2.02,300.9,7,Monsoon
2021-07-07 18:00:00,30.0,1.45,287.32,7,Monsoon
2021-07-07 19:00:00,29.0,1.48,281.2,7,Monsoon
2021-07-07 20:00:00,47.0,1.1,279.52,7,Monsoon
2021-07-07 21:00:00,39.0,0.9,273.1,7,Monsoon
2021-07-07 22:00:00,45.0,0.7,274.6,7,Monsoon
2021-07-07 23:00:00,36.0,0.6,264.6,7,Monsoon
2021-07-08 00:00:00,45.0,0.52,206.28,7,Monsoon
2021-07-08 01:00:00,70.0,0.6,238.6,7,Monsoon
2021-07-08 02:00:00,68.0,0.48,230.8,7,Monsoon
2021-07-08 03:00:00,79.0,0.78,245.28,7,Monsoon
2021-07-08 04:00:00,102.0,1.12,247.55,7,Monsoon
2021-07-08 05:00:00,83.0,1.52,257.15,7,Monsoon
2021-07-08 06:00:00,50.0,1.48,253.28,7,Monsoon
2021-07-08 07:00:00,36.0,1.88,273.58,7,Monsoon
2021-07-08 08:00:00,31.0,1.5,275.98,7,Monsoon
2021-07-08 09:00:00,38.0,2.33,285.5,7,Monsoon
2021-07-08 10:00:00,38.0,2.18,291.27,7,Monsoon
2021-07-08 11:00:00,40.0,2.2,287.88,7,Monsoon
2021-07-08 12:00:00,40.0,2.0,296.05,7,Monsoon
2021-07-08 13:00:00,40.0,1.68,282.62,7,Monsoon
2021-07-08 14:00:00,42.0,1.52,285.83,7,Monsoon
2021-07-08 15:00:00,44.0,1.25,294.27,7,Monsoon
2021-07-08 16:00:00,45.0,1.05,260.12,7,Monsoon
2021-07-08 17:00:00,210.0,1.18,270.7,7,Monsoon
2021-07-08 18:00:00,33.0,0.77,289.32,7,Monsoon
2021-07-08 19:00:00,36.0,0.48,235.25,7,Monsoon
2021-07-08 20:00:00,53.0,1.32,71.92,7,Monsoon
2021-07-08 21:00:00,66.0,2.45,110.38,7,Monsoon
2021-07-08 22:00:00,67.0,2.62,51.68,7,Monsoon
2021-07-08 23:00:00,23.0,1.38,99.15,7,Monsoon
2021-07-09 00:00:00,27.0,0.98,88.0,7,Monsoon
2021-07-09 01:00:00,34.0,0.75,101.68,7,Monsoon
2021-07-09 02:00:00,31.0,1.78,64.22,7,Monsoon
2021-07-09 03:00:00,45.0,2.0,76.32,7,Monsoon
2021-07-09 04:00:00,31.0,1.58,82.32,7,Monsoon
2021-07-09 05:00:00,33.0,1.12,91.72,7,Monsoon
2021-07-09 06:00:00,34.0,0.45,125.22,7,Monsoon
2021-07-09 07:00:00,34.0,1.08,51.25,7,Monsoon
2021-07-09 08:00:00,38.0,2.25,26.32,7,Monsoon
2021-07-09 09:00:00,39.0,1.85,70.75,7,Monsoon
2021-07-09 10:00:00,40.0,0.75,98.35,7,Monsoon
2021-07-09 11:00:00,47.0,1.0,89.35,7,Monsoon
2021-07-09 12:00:00,57.0,1.23,80.08,7,Monsoon
2021-07-09 13:00:00,53.0,0.68,101.0,7,Monsoon
2021-07-09 14:00:00,42.0,1.58,58.0,7,Monsoon
2021-07-09 15:00:00,42.0,1.5,51.4,7,Monsoon
2021-07-09 16:00:00,39.0,1.68,47.45,7,Monsoon
2021-07-09 17:00:00,42.0,1.82,43.25,7,Monsoon
2021-07-09 18:00:00,40.0,2.12,60.42,7,Monsoon
2021-07-09 19:00:00,48.0,1.58,46.88,7,Monsoon
2021-07-09 20:00:00,56.0,1.58,58.32,7,Monsoon
2021-07-09 21:00:00,72.0,1.85,67.4,7,Monsoon
2021-07-09 22:00:00,81.0,1.6,76.8,7,Monsoon
2021-07-09 23:00:00,78.0,1.7,73.62,7,Monsoon
2021-07-10 00:00:00,88.0,1.42,78.15,7,Monsoon
2021-07-10 01:00:00,64.0,1.55,73.8,7,Monsoon
2021-07-10 02:00:00,53.0,1.5,75.03,7,Monsoon
2021-07-10 03:00:00,46.0,1.33,78.35,7,Monsoon
2021-07-10 04:00:00,44.0,2.05,68.55,7,Monsoon
2021-07-10 05:00:00,45.0,1.52,71.32,7,Monsoon
2021-07-10 06:00:00,52.0,1.4,72.7,7,Monsoon
2021-07-10 07:00:00,45.0,1.08,84.02,7,Monsoon
2021-07-10 08:00:00,25.0,1.17,87.58,7,Monsoon
2021-07-10 09:00:00,20.0,1.32,77.7,7,Monsoon
2021-07-10 10:00:00,22.0,0.9,92.78,7,Monsoon
2021-07-10 11:00:00,33.0,1.12,78.3,7,Monsoon
2021-07-10 12:00:00,29.0,1.85,57.78,7,Monsoon
2021-07-10 13:00:00,29.0,1.65,62.28,7,Monsoon
2021-07-10 14:00:00,17.0,1.6,57.7,7,Monsoon
2021-07-10 15:00:00,20.0,1.52,41.98,7,Monsoon
2021-07-10 16:00:00,20.0,1.5,53.05,7,Monsoon
2021-07-10 17:00:00,23.0,1.52,42.78,7,Monsoon
2021-07-10 18:00:00,29.0,1.72,41.88,7,Monsoon
2021-07-10 19:00:00,27.0,1.55,57.3,7,Monsoon
2021-07-10 20:00:00,47.0,1.42,63.72,7,Monsoon
2021-07-10 21:00:00,47.0,1.62,67.05,7,Monsoon
2021-07-10 22:00:00,52.0,1.75,72.43,7,Monsoon
2021-07-10 23:00:00,46.0,1.33,79.53,7,Monsoon
2021-07-11 00:00:00,40.0,1.4,75.12,7,Monsoon
2021-07-11 01:00:00,24.0,1.55,76.7,7,Monsoon
2021-07-11 02:00:00,29.0,1.18,84.42,7,Monsoon
2021-07-11 03:00:00,42.0,1.27,78.58,7,Monsoon
2021-07-11 04:00:00,38.0,1.32,78.9,7,Monsoon
2021-07-11 05:00:00,39.0,1.6,71.38,7,Monsoon
2021-07-11 06:00:00,46.0,2.05,68.25,7,Monsoon
2021-07-11 07:00:00,51.0,2.07,67.12,7,Monsoon
2021-07-11 08:00:00,53.0,1.85,72.18,7,Monsoon
2021-07-11 09:00:00,51.0,0.92,95.35,7,Monsoon
2021-07-11 10:00:00,58.0,1.15,95.92,7,Monsoon
2021-07-11 11:00:00,58.0,1.82,69.93,7,Monsoon
2021-07-11 12:00:00,47.0,1.78,67.45,7,Monsoon
2021-07-11 13:00:00,47.0,2.35,59.2,7,Monsoon
2021-07-11 14:00:00,42.0,2.65,62.68,7,Monsoon
2021-07-11 15:00:00,45.0,2.72,62.68,7,Monsoon
2021-07-11 16:00:00,44.0,3.05,62.02,7,Monsoon
2021-07-11 17:00:00,44.0,3.12,69.58,7,Monsoon
2021-07-11 18:00:00,34.0,2.85,73.98,7,Monsoon
2021-07-11 19:00:00,30.0,2.28,82.32,7,Monsoon
2021-07-11 20:00:00,31.0,1.72,83.58,7,Monsoon
2021-07-11 21:00:00,35.0,1.65,84.78,7,Monsoon
2021-07-11 22:00:00,35.0,2.02,69.45,7,Monsoon
2021-07-11 23:00:00,44.0,2.52,68.38,7,Monsoon
2021-07-12 00:00:00,39.0,2.12,72.9,7,Monsoon
2021-07-12 01:00:00,27.0,1.88,73.3,7,Monsoon
2021-07-12 02:00:00,23.0,1.85,76.65,7,Monsoon
2021-07-12 03:00:00,25.0,1.48,79.2,7,Monsoon
2021-07-12 04:00:00,29.0,1.5,76.32,7,Monsoon
2021-07-12 05:00:00,33.0,1.4,74.15,7,Monsoon
2021-07-12 06:00:00,31.0,1.7,73.8,7,Monsoon
2021-07-12 07:00:00,27.0,1.92,69.8,7,Monsoon
2021-07-12 08:00:00,33.0,1.83,80.12,7,Monsoon
2021-07-12 09:00:00,34.0,1.8,78.95,7,Monsoon
2021-07-12 10:00:00,39.0,1.6,74.85,7,Monsoon
2021-07-12 11:00:00,47.0,1.67,75.12,7,Monsoon
2021-07-12 12:00:00,50.0,1.78,74.4,7,Monsoon
2021-07-12 13:00:00,52.0,2.05,74.97,7,Monsoon
2021-07-12 14:00:00,50.0,2.28,69.38,7,Monsoon
2021-07-12 15:00:00,48.0,2.22,69.57,7,Monsoon
2021-07-12 16:00:00,42.0,2.9,63.03,7,Monsoon
2021-07-12 17:00:00,38.0,2.68,72.07,7,Monsoon
2021-07-12 18:00:00,29.0,2.28,79.25,7,Monsoon
2021-07-12 19:00:00,38.0,2.0,75.1,7,Monsoon
2021-07-12 20:00:00,29.0,1.65,71.32,7,Monsoon
2021-07-12 21:00:00,40.0,1.7,72.88,7,Monsoon
2021-07-12 22:00:00,27.5,1.48,74.57,7,Monsoon
2021-07-12 23:00:00,31.0,1.33,77.12,7,Monsoon
2021-07-13 00:00:00,32.25,1.32,78.45,7,Monsoon
2021-07-13 01:00:00,36.0,1.62,72.58,7,Monsoon
2021-07-13 02:00:00,46.75,1.5,50.9,7,Monsoon
2021-07-13 03:00:00,74.75,1.55,52.85,7,Monsoon
2021-07-13 04:00:00,58.5,1.82,69.58,7,Monsoon
2021-07-13 05:00:00,48.0,1.85,66.32,7,Monsoon
2021-07-13 06:00:00,46.0,1.5,72.23,7,Monsoon
2021-07-13 07:00:00,40.25,1.45,75.88,7,Monsoon
2021-07-13 08:00:00,36.5,1.15,123.55,7,Monsoon
2021-07-13 09:00:00,18.75,1.0,125.85,7,Monsoon
2021-07-13 10:00:00,5.25,0.6,62.95,7,Monsoon
2021-07-13 11:00:00,7.75,0.72,62.22,7,Monsoon
2021-07-13 12:00:00,22.75,0.95,113.5,7,Monsoon
2021-07-13 13:00:00,27.0,1.78,355.15,7,Monsoon
2021-07-13 14:00:00,31.75,2.08,179.9,7,Monsoon
2021-07-13 15:00:00,26.0,2.22,18.05,7,Monsoon
2021-07-13 16:00:00,19.25,2.15,50.15,7,Monsoon
2021-07-13 17:00:00,16.75,1.88,66.7,7,Monsoon
2021-07-13 18:00:00,16.75,1.08,79.6,7,Monsoon
2021-07-13 19:00:00,23.75,0.95,58.4,7,Monsoon
2021-07-13 20:00:00,42.5,1.5,27.62,7,Monsoon
2021-07-13 21:00:00,55.25,1.25,101.0,7,Monsoon
2021-07-13 22:00:00,50.75,1.02,102.55,7,Monsoon
2021-07-13 23:00:00,41.25,1.62,30.7,7,Monsoon
2021-07-14 00:00:00,38.5,1.4,33.83,7,Monsoon
2021-07-14 01:00:00,58.25,1.72,64.75,7,Monsoon
2021-07-14 02:00:00,62.0,1.27,43.18,7,Monsoon
2021-07-14 03:00:00,43.5,1.35,35.58,7,Monsoon
2021-07-14 04:00:00,41.75,1.33,63.65,7,Monsoon
2021-07-14 05:00:00,43.75,1.12,59.98,7,Monsoon
2021-07-14 06:00:00,51.75,1.25,68.1,7,Monsoon
2021-07-14 07:00:00,52.0,1.42,66.77,7,Monsoon
2021-07-14 08:00:00,57.25,1.05,77.45,7,Monsoon
2021-07-14 09:00:00,62.75,0.75,100.5,7,Monsoon
2021-07-14 10:00:00,52.0,1.23,87.98,7,Monsoon
2021-07-14 11:00:00,28.25,3.2,31.9,7,Monsoon
2021-07-14 12:00:00,20.0,1.95,9.32,7,Monsoon
2021-07-14 13:00:00,9.0,1.6,31.5,7,Monsoon
2021-07-14 14:00:00,11.0,1.24,53.85,7,Monsoon
2021-07-14 15:00:00,13.0,0.88,76.2,7,Monsoon
2021-07-14 16:00:00,12.0,0.5,116.18,7,Monsoon
2021-07-14 17:00:00,11.25,1.1,266.3,7,Monsoon
2021-07-14 18:00:00,24.5,1.38,107.85,7,Monsoon
2021-07-14 19:00:00,44.0,1.3,53.05,7,Monsoon
2021-07-14 20:00:00,45.0,1.45,31.08,7,Monsoon
2021-07-14 21:00:00,43.5,1.3,16.45,7,Monsoon
2021-07-14 22:00:00,33.75,1.0,29.58,7,Monsoon
2021-07-14 23:00:00,48.25,0.77,82.75,7,Monsoon
2021-07-15 00:00:00,56.25,1.15,14.42,7,Monsoon
2021-07-15 01:00:00,49.75,1.35,21.52,7,Monsoon
2021-07-15 02:00:00,45.75,1.45,22.4,7,Monsoon
2021-07-15 03:00:00,47.0,1.45,30.65,7,Monsoon
2021-07-15 04:00:00,51.75,1.2,69.6,7,Monsoon
2021-07-15 05:00:00,47.0,1.35,75.42,7,Monsoon
2021-07-15 06:00:00,44.25,1.3,68.08,7,Monsoon
2021-07-15 07:00:00,45.75,1.35,78.18,7,Monsoon
2021-07-15 08:00:00,51.75,0.95,91.2,7,Monsoon
2021-07-15 09:00:00,59.75,0.72,110.57,7,Monsoon
2021-07-15 10:00:00,51.5,0.7,102.28,7,Monsoon
2021-07-15 11:00:00,50.25,2.1,271.88,7,Monsoon
2021-07-15 12:00:00,29.75,2.62,334.98,7,Monsoon
2021-07-15 13:00:00,22.0,1.78,92.45,7,Monsoon
2021-07-15 14:00:00,28.5,1.75,94.43,7,Monsoon
2021-07-15 15:00:00,30.75,1.83,95.95,7,Monsoon
2021-07-15 16:00:00,32.0,2.1,13.5,7,Monsoon
2021-07-15 17:00:00,29.5,1.78,9.82,7,Monsoon
2021-07-15 18:00:00,35.0,1.62,94.18,7,Monsoon
2021-07-15 19:00:00,46.25,1.5,21.78,7,Monsoon
2021-07-15 20:00:00,40.75,1.52,19.4,7,Monsoon
2021-07-15 21:00:00,33.75,1.92,33.28,7,Monsoon
2021-07-15 22:00:00,43.5,1.67,36.0,7,Monsoon
2021-07-15 23:00:00,48.0,1.58,53.22,7,Monsoon
2021-07-16 00:00:00,49.5,1.52,70.35,7,Monsoon
2021-07-16 01:00:00,51.0,1.55,73.47,7,Monsoon
2021-07-16 02:00:00,34.0,1.4,73.6,7,Monsoon
2021-07-16 03:00:00,36.0,1.5,63.15,7,Monsoon
2021-07-16 04:00:00,47.0,1.4,56.9,7,Monsoon
2021-07-16 05:00:00,66.0,1.75,65.82,7,Monsoon
2021-07-16 06:00:00,42.0,1.78,66.97,7,Monsoon
2021-07-16 07:00:00,36.0,1.55,75.68,7,Monsoon
2021-07-16 08:00:00,35.0,1.4,81.42,7,Monsoon
2021-07-16 09:00:00,46.0,1.1,79.1,7,Monsoon
2021-07-16 10:00:00,52.0,1.3,77.4,7,Monsoon
2021-07-16 11:00:00,50.0,0.98,75.78,7,Monsoon
2021-07-16 12:00:00,57.0,1.52,63.15,7,Monsoon
2021-07-16 13:00:00,51.0,1.7,55.6,7,Monsoon
2021-07-16 14:00:00,41.0,1.33,45.08,7,Monsoon
2021-07-16 15:00:00,35.0,1.18,54.75,7,Monsoon
2021-07-16 16:00:00,29.0,1.05,40.8,7,Monsoon
2021-07-16 17:00:00,31.0,1.1,41.62,7,Monsoon
2021-07-16 18:00:00,36.0,1.27,41.25,7,Monsoon
2021-07-16 19:00:00,41.0,1.0,47.32,7,Monsoon
2021-07-16 20:00:00,62.0,1.35,30.88,7,Monsoon
2021-07-16 21:00:00,58.0,1.25,35.97,7,Monsoon
2021-07-16 22:00:00,73.0,1.45,64.73,7,Monsoon
2021-07-16 23:00:00,75.0,1.58,70.9,7,Monsoon
2021-07-17 00:00:00,55.0,1.58,71.1,7,Monsoon
2021-07-17 01:00:00,62.0,1.48,76.05,7,Monsoon
2021-07-17 02:00:00,66.0,1.35,76.15,7,Monsoon
2021-07-17 03:00:00,61.0,1.15,77.85,7,Monsoon
2021-07-17 04:00:00,57.0,1.38,72.0,7,Monsoon
2021-07-17 05:00:00,78.0,1.05,78.32,7,Monsoon
2021-07-17 06:00:00,68.0,1.02,76.22,7,Monsoon
2021-07-17 07:00:00,61.0,0.92,63.1,7,Monsoon
2021-07-17 08:00:00,67.0,0.38,130.8,7,Monsoon
2021-07-17 09:00:00,69.0,0.6,157.02,7,Monsoon
2021-07-17 10:00:00,63.0,0.5,178.42,7,Monsoon
2021-07-17 11:00:00,84.0,0.73,216.3,7,Monsoon
2021-07-17 12:00:00,64.0,0.9,274.92,7,Monsoon
2021-07-17 13:00:00,67.0,1.02,282.2,7,Monsoon
2021-07-17 14:00:00,45.0,1.0,270.48,7,Monsoon
2021-07-17 15:00:00,45.0,1.02,226.15,7,Monsoon
2021-07-17 16:00:00,40.0,1.27,268.15,7,Monsoon
2021-07-17 17:00:00,40.0,0.85,259.58,7,Monsoon
2021-07-17 18:00:00,42.0,0.4,175.78,7,Monsoon
2021-07-17 19:00:00,45.0,1.38,67.7,7,Monsoon
2021-07-17 20:00:00,67.0,0.85,80.8,7,Monsoon
2021-07-17 21:00:00,80.0,0.7,110.75,7,Monsoon
2021-07-17 22:00:00,100.0,0.62,154.05,7,Monsoon
2021-07-17 23:00:00,39.0,0.45,172.12,7,Monsoon
2021-07-18 00:00:00,35.0,0.38,136.3,7,Monsoon
2021-07-18 01:00:00,30.0,0.35,114.95,7,Monsoon
2021-07-18 02:00:00,31.0,0.73,180.28,7,Monsoon
2021-07-18 03:00:00,29.0,0.5,182.95,7,Monsoon
2021-07-18 04:00:00,28.0,0.42,192.85,7,Monsoon
2021-07-18 05:00:00,20.0,0.55,184.65,7,Monsoon
2021-07-18 06:00:00,23.0,0.8,102.7,7,Monsoon
2021-07-18 07:00:00,30.0,0.58,99.15,7,Monsoon
2021-07-18 08:00:00,34.0,0.5,121.15,7,Monsoon
2021-07-18 09:00:00,33.0,0.48,105.55,7,Monsoon
2021-07-18 10:00:00,42.0,0.42,137.6,7,Monsoon
2021-07-18 11:00:00,46.0,0.62,74.32,7,Monsoon
2021-07-18 12:00:00,59.0,1.7,72.25,7,Monsoon
2021-07-18 13:00:00,53.0,2.4,51.68,7,Monsoon
2021-07-18 14:00:00,55.0,1.52,59.82,7,Monsoon
2021-07-18 15:00:00,57.0,2.0,62.38,7,Monsoon
2021-07-18 16:00:00,62.0,2.12,69.78,7,Monsoon
2021-07-18 17:00:00,61.0,1.8,93.68,7,Monsoon
2021-07-18 18:00:00,55.0,0.65,152.15,7,Monsoon
2021-07-18 19:00:00,23.0,0.4,155.9,7,Monsoon
2021-07-18 20:00:00,29.0,0.8,215.32,7,Monsoon
2021-07-18 21:00:00,31.0,0.62,150.78,7,Monsoon
2021-07-18 22:00:00,18.0,0.43,114.95,7,Monsoon
2021-07-18 23:00:00,23.0,0.48,152.02,7,Monsoon
2021-07-19 00:00:00,23.0,0.4,146.68,7,Monsoon
2021-07-19 01:00:00,20.0,0.48,137.48,7,Monsoon
2021-07-19 02:00:00,23.0,0.65,106.35,7,Monsoon
2021-07-19 03:00:00,19.0,0.65,158.73,7,Monsoon
2021-07-19 04:00:00,13.0,0.88,169.88,7,Monsoon
2021-07-19 05:00:00,7.0,0.48,121.25,7,Monsoon
2021-07-19 06:00:00,5.0,0.85,151.25,7,Monsoon
2021-07-19 07:00:00,3.0,1.1,156.68,7,Monsoon
2021-07-19 08:00:00,1.0,0.75,243.55,7,Monsoon
2021-07-19 09:00:00,2.0,0.7589285714285714,236.4339285714286,7,Monsoon
2021-07-19 10:00:00,3.0,0.7678571428571429,229.31785714285715,7,Monsoon
2021-07-19 11:00:00,4.0,0.7767857142857143,222.20178571428573,7,Monsoon
2021-07-19 12:00:00,,,,7,Monsoon
2021-07-19 13:00:00,,,,7,Monsoon
2021-07-19 14:00:00,,,,7,Monsoon
2021-07-19 15:00:00,,,,7,Monsoon
2021-07-19 16:00:00,,,,7,Monsoon
2021-07-19 17:00:00,,,,7,Monsoon
2021-07-19 18:00:00,,,,7,Monsoon
2021-07-19 19:00:00,,,,7,Monsoon
2021-07-19 20:00:00,,,,7,Monsoon
2021-07-19 21:00:00,,,,7,Monsoon
2021-07-19 22:00:00,,,,7,Monsoon
2021-07-19 23:00:00,,,,7,Monsoon
2021-07-20 00:00:00,,,,7,Monsoon
2021-07-20 01:00:00,,,,7,Monsoon
2021-07-20 02:00:00,,,,7,Monsoon
2021-07-20 03:00:00,,,,7,Monsoon
2021-07-20 04:00:00,,,,7,Monsoon
2021-07-20 05:00:00,,,,7,Monsoon
2021-07-20 06:00:00,,,,7,Monsoon
2021-07-20 07:00:00,,,,7,Monsoon
2021-07-20 08:00:00,,,,7,Monsoon
2021-07-20 09:00:00,,,,7,Monsoon
2021-07-20 10:00:00,,,,7,Monsoon
2021-07-20 11:00:00,,,,7,Monsoon
2021-07-20 12:00:00,,1.0,44.3,7,Monsoon
2021-07-20 13:00:00,30.0,0.88,73.4,7,Monsoon
2021-07-20 14:00:00,9.0,0.6,59.78,7,Monsoon
2021-07-20 15:00:00,25.0,1.1,33.58,7,Monsoon
2021-07-20 16:00:00,36.0,1.1,96.22,7,Monsoon
2021-07-20 17:00:00,36.0,2.68,254.4,7,Monsoon
2021-07-20 18:00:00,25.0,0.82,142.98,7,Monsoon
2021-07-20 19:00:00,11.0,0.25,133.5,7,Monsoon
2021-07-20 20:00:00,11.0,0.225,113.375,7,Monsoon
2021-07-20 21:00:00,11.0,0.2,93.25,7,Monsoon
2021-07-20 22:00:00,13.5,0.28,98.92,7,Monsoon
2021-07-20 23:00:00,16.0,0.52,86.12,7,Monsoon
2021-07-21 00:00:00,23.0,0.55,122.9,7,Monsoon
2021-07-21 01:00:00,14.0,0.38,133.02,7,Monsoon
2021-07-21 02:00:00,25.0,0.68,101.1,7,Monsoon
2021-07-21 03:00:00,28.0,0.98,40.5,7,Monsoon
2021-07-21 04:00:00,34.0,1.17,27.55,7,Monsoon
2021-07-21 05:00:00,29.0,0.85,55.85,7,Monsoon
2021-07-21 06:00:00,31.0,0.78,58.7,7,Monsoon
2021-07-21 07:00:00,47.0,0.57,111.78,7,Monsoon
2021-07-21 08:00:00,36.0,0.9,176.55,7,Monsoon
2021-07-21 09:00:00,56.0,0.92,226.95,7,Monsoon
2021-07-21 10:00:00,47.0,1.12,285.2,7,Monsoon
2021-07-21 11:00:00,39.0,1.35,302.95,7,Monsoon
2021-07-21 12:00:00,39.0,0.95,285.65,7,Monsoon
2021-07-21 13:00:00,19.0,1.0,325.62,7,Monsoon
2021-07-21 14:00:00,22.75,1.1,17.52,7,Monsoon
2021-07-21 15:00:00,34.25,1.23,264.33,7,Monsoon
2021-07-21 16:00:00,34.75,1.1,187.32,7,Monsoon
2021-07-21 17:00:00,35.5,1.1,39.78,7,Monsoon
2021-07-21 18:00:00,38.5,0.92,70.82,7,Monsoon
2021-07-21 19:00:00,33.25,1.18,75.85,7,Monsoon
2021-07-21 20:00:00,31.0,0.92,80.3,7,Monsoon
2021-07-21 21:00:00,32.25,1.5,75.38,7,Monsoon
2021-07-21 22:00:00,34.0,0.9,80.85,7,Monsoon
2021-07-21 23:00:00,31.25,1.3,75.8,7,Monsoon
2021-07-22 00:00:00,38.25,1.12,75.65,7,Monsoon
2021-07-22 01:00:00,31.25,1.12,69.78,7,Monsoon
2021-07-22 02:00:00,31.75,0.75,322.58,7,Monsoon
2021-07-22 03:00:00,24.25,0.98,7.52,7,Monsoon
2021-07-22 04:00:00,32.25,1.18,20.33,7,Monsoon
2021-07-22 05:00:00,32.5,1.52,24.8,7,Monsoon
2021-07-22 06:00:00,23.25,1.45,27.55,7,Monsoon
2021-07-22 07:00:00,28.0,1.3,61.55,7,Monsoon
2021-07-22 08:00:00,29.25,1.48,75.58,7,Monsoon
2021-07-22 09:00:00,24.75,1.23,74.8,7,Monsoon
2021-07-22 10:00:00,27.25,1.38,62.45,7,Monsoon
2021-07-22 11:00:00,27.0,1.55,38.55,7,Monsoon
2021-07-22 12:00:00,22.0,1.7,37.98,7,Monsoon
2021-07-22 13:00:00,15.0,1.88,31.82,7,Monsoon
2021-07-22 14:00:00,13.25,2.0,31.48,7,Monsoon
2021-07-22 15:00:00,15.75,2.15,40.0,7,Monsoon
2021-07-22 16:00:00,13.0,2.05,28.28,7,Monsoon
2021-07-22 17:00:00,16.25,1.68,40.33,7,Monsoon
2021-07-22 18:00:00,17.25,1.78,67.7,7,Monsoon
2021-07-22 19:00:00,18.5,1.92,70.57,7,Monsoon
2021-07-22 20:00:00,19.5,1.23,74.82,7,Monsoon
2021-07-22 21:00:00,20.25,1.72,67.95,7,Monsoon
2021-07-22 22:00:00,27.0,2.02,67.52,7,Monsoon
2021-07-22 23:00:00,27.0,1.88,68.22,7,Monsoon
2021-07-23 00:00:00,26.25,1.78,71.77,7,Monsoon
2021-07-23 01:00:00,24.0,1.58,70.93,7,Monsoon
2021-07-23 02:00:00,24.25,1.3,78.08,7,Monsoon
2021-07-23 03:00:00,26.25,1.45,69.7,7,Monsoon
2021-07-23 04:00:00,29.75,1.27,74.65,7,Monsoon
2021-07-23 05:00:00,28.0,1.28,75.45,7,Monsoon
2021-07-23 06:00:00,24.75,1.23,72.57,7,Monsoon
2021-07-23 07:00:00,27.0,1.15,77.85,7,Monsoon
2021-07-23 08:00:00,37.5,0.77,85.38,7,Monsoon
2021-07-23 09:00:00,45.75,1.35,80.4,7,Monsoon
2021-07-23 10:00:00,53.0,1.65,71.35,7,Monsoon
2021-07-23 11:00:00,40.25,1.18,85.78,7,Monsoon
2021-07-23 12:00:00,39.0,1.1,80.05,7,Monsoon
2021-07-23 13:00:00,37.5,1.08,80.32,7,Monsoon
2021-07-23 14:00:00,26.25,0.73,90.0,7,Monsoon
2021-07-23 15:00:00,34.5,0.7,110.12,7,Monsoon
2021-07-23 16:00:00,38.75,0.65,85.98,7,Monsoon
2021-07-23 17:00:00,40.25,1.38,64.7,7,Monsoon
2021-07-23 18:00:00,47.0,1.27,43.97,7,Monsoon
2021-07-23 19:00:00,43.5,1.42,74.65,7,Monsoon
2021-07-23 20:00:00,33.75,0.95,81.25,7,Monsoon
2021-07-23 21:00:00,37.0,0.55,80.38,7,Monsoon
2021-07-23 22:00:00,44.0,1.02,64.12,7,Monsoon
2021-07-23 23:00:00,60.75,1.02,43.0,7,Monsoon
2021-07-24 00:00:00,76.5,1.42,74.38,7,Monsoon
2021-07-24 01:00:00,82.0,1.28,60.28,7,Monsoon
2021-07-24 02:00:00,84.0,0.98,60.48,7,Monsoon
2021-07-24 03:00:00,75.0,0.9,25.32,7,Monsoon
2021-07-24 04:00:00,61.5,1.12,33.72,7,Monsoon
2021-07-24 05:00:00,70.5,0.92,44.05,7,Monsoon
2021-07-24 06:00:00,55.75,0.43,107.8,7,Monsoon
2021-07-24 07:00:00,53.75,0.62,126.38,7,Monsoon
2021-07-24 08:00:00,62.5,0.98,75.12,7,Monsoon
2021-07-24 09:00:00,71.25,0.7,95.65,7,Monsoon
2021-07-24 10:00:00,59.75,1.05,64.03,7,Monsoon
2021-07-24 11:00:00,37.75,0.7,165.85,7,Monsoon
2021-07-24 12:00:00,26.75,0.65,144.8,7,Monsoon
2021-07-24 13:00:00,22.75,0.45,163.95,7,Monsoon
2021-07-24 14:00:00,25.25,1.42,73.0,7,Monsoon
2021-07-24 15:00:00,37.5,0.77,41.02,7,Monsoon
2021-07-24 16:00:00,41.0,1.98,342.45,7,Monsoon
2021-07-24 17:00:00,28.5,1.42,331.48,7,Monsoon
2021-07-24 18:00:00,33.25,0.52,169.05,7,Monsoon
2021-07-24 19:00:00,51.5,0.65,63.58,7,Monsoon
2021-07-24 20:00:00,47.5,0.92,56.68,7,Monsoon
2021-07-24 21:00:00,40.0,0.8,75.43,7,Monsoon
2021-07-24 22:00:00,39.5,0.68,72.0,7,Monsoon
2021-07-24 23:00:00,40.25,1.0,42.3,7,Monsoon
2021-07-25 00:00:00,52.5,0.8,43.05,7,Monsoon
2021-07-25 01:00:00,63.75,1.02,46.4,7,Monsoon
2021-07-25 02:00:00,52.75,0.65,79.62,7,Monsoon
2021-07-25 03:00:00,64.5,0.98,71.75,7,Monsoon
2021-07-25 04:00:00,61.25,1.12,62.65,7,Monsoon
2021-07-25 05:00:00,69.25,0.85,80.5,7,Monsoon
2021-07-25 06:00:00,56.0,0.88,70.85,7,Monsoon
2021-07-25 07:00:00,67.75,0.57,75.53,7,Monsoon
2021-07-25 08:00:00,92.5,0.55,120.2,7,Monsoon
2021-07-25 09:00:00,74.75,0.8,103.7,7,Monsoon
2021-07-25 10:00:00,36.5,0.65,130.88,7,Monsoon
2021-07-25 11:00:00,36.5,0.62,130.15,7,Monsoon
2021-07-25 12:00:00,22.25,0.57,125.8,7,Monsoon
2021-07-25 13:00:00,19.75,0.68,105.85,7,Monsoon
2021-07-25 14:00:00,19.75,0.5,135.7,7,Monsoon
2021-07-25 15:00:00,20.75,0.52,117.78,7,Monsoon
2021-07-25 16:00:00,19.0,1.05,69.35,7,Monsoon
2021-07-25 17:00:00,26.25,1.83,45.6,7,Monsoon
2021-07-25 18:00:00,29.75,2.18,48.72,7,Monsoon
2021-07-25 19:00:00,26.75,1.6,73.88,7,Monsoon
2021-07-25 20:00:00,18.25,0.82,84.05,7,Monsoon
2021-07-25 21:00:00,16.0,1.32,78.12,7,Monsoon
2021-07-25 22:00:00,22.75,1.15,80.8,7,Monsoon
2021-07-25 23:00:00,16.5,1.45,73.47,7,Monsoon
2021-07-26 00:00:00,20.5,1.38,72.32,7,Monsoon
2021-07-26 01:00:00,28.75,1.23,75.65,7,Monsoon
2021-07-26 02:00:00,31.0,1.08,77.18,7,Monsoon
2021-07-26 03:00:00,31.75,1.0,77.32,7,Monsoon
2021-07-26 04:00:00,32.75,0.48,87.57,7,Monsoon
2021-07-26 05:00:00,30.5,0.38,91.6,7,Monsoon
2021-07-26 06:00:00,33.75,0.45,100.15,7,Monsoon
2021-07-26 07:00:00,33.0,0.6,88.68,7,Monsoon
2021-07-26 08:00:00,41.25,0.38,156.77,7,Monsoon
2021-07-26 09:00:00,40.75,0.4,153.48,7,Monsoon
2021-07-26 10:00:00,47.0,0.32,123.5,7,Monsoon
2021-07-26 11:00:00,50.75,1.08,54.82,7,Monsoon
2021-07-26 12:00:00,53.0,0.68,60.95,7,Monsoon
2021-07-26 13:00:00,53.0,0.72,72.62,7,Monsoon
2021-07-26 14:00:00,84.0,1.05,40.98,7,Monsoon
2021-07-26 15:00:00,81.5,1.18,54.55,7,Monsoon
2021-07-26 16:00:00,73.5,1.35,47.0,7,Monsoon
2021-07-26 17:00:00,71.0,1.38,74.1,7,Monsoon
2021-07-26 18:00:00,64.0,1.15,81.0,7,Monsoon
2021-07-26 19:00:00,54.75,1.2,75.62,7,Monsoon
2021-07-26 20:00:00,66.0,1.2,55.18,7,Monsoon
2021-07-26 21:00:00,74.75,1.4,68.55,7,Monsoon
2021-07-26 22:00:00,72.0,0.88,82.18,7,Monsoon
2021-07-26 23:00:00,65.5,0.57,80.0,7,Monsoon
2021-07-27 00:00:00,66.75,0.92,70.47,7,Monsoon
2021-07-27 01:00:00,72.25,1.1,78.72,7,Monsoon
2021-07-27 02:00:00,66.75,0.88,39.85,7,Monsoon
2021-07-27 03:00:00,77.25,1.0,41.1,7,Monsoon
2021-07-27 04:00:00,87.75,0.8,59.32,7,Monsoon
2021-07-27 05:00:00,92.75,0.7,69.47,7,Monsoon
2021-07-27 06:00:00,73.75,0.38,102.25,7,Monsoon
2021-07-27 07:00:00,72.75,0.22,138.28,7,Monsoon
2021-07-27 08:00:00,69.25,0.77,189.28,7,Monsoon
2021-07-27 09:00:00,54.0,0.9,215.7,7,Monsoon
2021-07-27 10:00:00,32.5,0.85,186.27,7,Monsoon
2021-07-27 11:00:00,32.25,0.92,236.68,7,Monsoon
2021-07-27 12:00:00,31.25,0.5,196.68,7,Monsoon
2021-07-27 13:00:00,18.75,0.48,197.62,7,Monsoon
2021-07-27 14:00:00,22.5,0.48,201.18,7,Monsoon
2021-07-27 15:00:00,17.5,0.62,234.35,7,Monsoon
2021-07-27 16:00:00,14.75,1.1,264.48,7,Monsoon
2021-07-27 17:00:00,10.25,0.7,247.88,7,Monsoon
2021-07-27 18:00:00,12.25,0.45,158.18,7,Monsoon
2021-07-27 19:00:00,26.25,0.28,228.27,7,Monsoon
2021-07-27 20:00:00,29.5,0.7,269.82,7,Monsoon
2021-07-27 21:00:00,26.75,1.03,294.4,7,Monsoon
2021-07-27 22:00:00,19.0,0.8,276.77,7,Monsoon
2021-07-27 23:00:00,8.0,0.4,255.68,7,Monsoon
2021-07-28 00:00:00,13.25,0.48,180.52,7,Monsoon
2021-07-28 01:00:00,20.5,0.38,180.58,7,Monsoon
2021-07-28 02:00:00,20.75,0.3,131.35,7,Monsoon
2021-07-28 03:00:00,17.0,0.38,150.18,7,Monsoon
2021-07-28 04:00:00,18.75,0.45,186.38,7,Monsoon
2021-07-28 05:00:00,22.5,0.42,203.75,7,Monsoon
2021-07-28 06:00:00,18.5,0.48,208.2,7,Monsoon
2021-07-28 07:00:00,22.25,0.38,246.72,7,Monsoon
2021-07-28 08:00:00,27.5,0.43,169.02,7,Monsoon
2021-07-28 09:00:00,23.5,0.82,271.25,7,Monsoon
2021-07-28 10:00:00,25.5,1.83,336.52,7,Monsoon
2021-07-28 11:00:00,26.25,1.72,315.77,7,Monsoon
2021-07-28 12:00:00,19.5,1.0,285.4,7,Monsoon
2021-07-28 13:00:00,5.25,0.8,262.12,7,Monsoon
2021-07-28 14:00:00,3.75,0.65,250.92,7,Monsoon
2021-07-28 15:00:00,7.25,0.7,269.68,7,Monsoon
2021-07-28 16:00:00,11.0,0.65,283.05,7,Monsoon
2021-07-28 17:00:00,10.5,0.75,279.18,7,Monsoon
2021-07-28 18:00:00,9.75,0.48,261.0,7,Monsoon
2021-07-28 19:00:00,12.5,0.68,267.73,7,Monsoon
2021-07-28 20:00:00,15.25,0.6,261.35,7,Monsoon
2021-07-28 21:00:00,17.25,0.35,230.8,7,Monsoon
2021-07-28 22:00:00,13.5,0.28,227.3,7,Monsoon
2021-07-28 23:00:00,22.5,0.22,132.55,7,Monsoon
2021-07-29 00:00:00,33.25,0.3,145.12,7,Monsoon
2021-07-29 01:00:00,25.0,0.28,206.38,7,Monsoon
2021-07-29 02:00:00,24.25,0.18,167.62,7,Monsoon
2021-07-29 03:00:00,21.5,0.2,125.15,7,Monsoon
2021-07-29 04:00:00,19.75,0.25,193.62,7,Monsoon
2021-07-29 05:00:00,19.75,0.28,125.5,7,Monsoon
2021-07-29 06:00:00,22.25,0.52,171.68,7,Monsoon
2021-07-29 07:00:00,24.0,0.52,174.88,7,Monsoon
2021-07-29 08:00:00,27.25,1.0,256.73,7,Monsoon
2021-07-29 09:00:00,27.25,1.02,280.6,7,Monsoon
2021-07-29 10:00:00,24.25,1.2,274.0,7,Monsoon
2021-07-29 11:00:00,22.0,1.23,302.68,7,Monsoon
2021-07-29 12:00:00,22.0,1.08,295.15,7,Monsoon
2021-07-29 13:00:00,21.0,1.02,274.4,7,Monsoon
2021-07-29 14:00:00,18.25,0.8,270.1,7,Monsoon
2021-07-29 15:00:00,19.25,1.15,283.9,7,Monsoon
2021-07-29 16:00:00,20.0,0.68,277.77,7,Monsoon
2021-07-29 17:00:00,18.0,0.65,271.27,7,Monsoon
2021-07-29 18:00:00,13.5,0.57,274.4,7,Monsoon
2021-07-29 19:00:00,19.0,0.7,103.6,7,Monsoon
2021-07-29 20:00:00,19.5,0.45,77.82,7,Monsoon
2021-07-29 21:00:00,14.0,0.52,118.2,7,Monsoon
2021-07-29 22:00:00,23.25,1.1,77.07,7,Monsoon
2021-07-29 23:00:00,32.25,1.05,75.9,7,Monsoon
2021-07-30 00:00:00,26.0,1.3,72.42,7,Monsoon
2021-07-30 01:00:00,14.75,1.02,70.53,7,Monsoon
2021-07-30 02:00:00,17.75,0.98,75.05,7,Monsoon
2021-07-30 03:00:00,18.0,1.08,77.8,7,Monsoon
2021-07-30 04:00:00,16.25,1.0,39.02,7,Monsoon
2021-07-30 05:00:00,29.5,1.08,56.32,7,Monsoon
2021-07-30 06:00:00,30.5,0.85,74.6,7,Monsoon
2021-07-30 07:00:00,28.75,0.45,93.42,7,Monsoon
2021-07-30 08:00:00,29.75,0.65,72.3,7,Monsoon
2021-07-30 09:00:00,36.75,0.98,43.42,7,Monsoon
2021-07-30 10:00:00,40.5,0.45,103.55,7,Monsoon
2021-07-30 11:00:00,35.75,0.85,48.88,7,Monsoon
2021-07-30 12:00:00,33.25,0.78,41.8,7,Monsoon
2021-07-30 13:00:00,25.5,0.43,93.6,7,Monsoon
2021-07-30 14:00:00,20.25,0.82,104.62,7,Monsoon
2021-07-30 15:00:00,24.75,1.15,97.3,7,Monsoon
2021-07-30 16:00:00,17.75,0.45,153.4,7,Monsoon
2021-07-30 17:00:00,16.75,0.38,237.55,7,Monsoon
2021-07-30 18:00:00,18.0,0.52,254.2,7,Monsoon
2021-07-30 19:00:00,23.0,0.55,257.35,7,Monsoon
2021-07-30 20:00:00,22.5,0.68,279.05,7,Monsoon
2021-07-30 21:00:00,31.25,0.82,284.12,7,Monsoon
2021-07-30 22:00:00,35.25,1.42,247.2,7,Monsoon
2021-07-30 23:00:00,38.75,1.38,270.55,7,Monsoon
2021-07-31 00:00:00,41.25,1.45,104.25,7,Monsoon
2021-07-31 01:00:00,26.25,1.02,96.52,7,Monsoon
2021-07-31 02:00:00,33.75,0.98,101.48,7,Monsoon
2021-07-31 03:00:00,33.25,1.38,25.35,7,Monsoon
2021-07-31 04:00:00,28.75,1.4,35.28,7,Monsoon
2021-07-31 05:00:00,37.25,1.15,38.12,7,Monsoon
2021-07-31 06:00:00,25.25,1.5,66.15,7,Monsoon
2021-07-31 07:00:00,16.25,1.7,64.97,7,Monsoon
2021-07-31 08:00:00,21.5,1.62,70.35,7,Monsoon
2021-07-31 09:00:00,19.5,1.58,66.95,7,Monsoon
2021-07-31 10:00:00,27.25,1.52,66.9,7,Monsoon
2021-07-31 11:00:00,24.25,1.52,75.65,7,Monsoon
2021-07-31 12:00:00,14.0,1.88,71.18,7,Monsoon
2021-07-31 13:00:00,16.75,1.38,69.5,7,Monsoon
2021-07-31 14:00:00,16.75,1.4,67.8,7,Monsoon
2021-07-31 15:00:00,18.5,0.95,74.0,7,Monsoon
2021-07-31 16:00:00,17.5,0.88,69.72,7,Monsoon
2021-07-31 17:00:00,19.25,1.42,55.88,7,Monsoon
2021-07-31 18:00:00,18.0,1.12,65.53,7,Monsoon
2021-07-31 19:00:00,20.75,0.48,88.7,7,Monsoon
2021-07-31 20:00:00,43.5,0.35,100.98,7,Monsoon
2021-07-31 21:00:00,34.25,0.43,102.4,7,Monsoon
2021-07-31 22:00:00,38.25,0.3,178.72,7,Monsoon
2021-07-31 23:00:00,40.5,0.3,166.35,7,Monsoon
2021-08-01 00:00:00,44.25,0.35,111.2,8,Monsoon
2021-08-01 01:00:00,47.0,0.28,169.18,8,Monsoon
2021-08-01 02:00:00,59.75,0.28,210.02,8,Monsoon
2021-08-01 03:00:00,53.5,0.28,225.62,8,Monsoon
2021-08-01 04:00:00,57.75,0.25,238.9,8,Monsoon
2021-08-01 05:00:00,70.75,0.5,254.05,8,Monsoon
2021-08-01 06:00:00,64.0,1.12,129.73,8,Monsoon
2021-08-01 07:00:00,1.0,0.68,88.48,8,Monsoon
2021-08-01 08:00:00,1.0,1.12,90.28,8,Monsoon
2021-08-01 09:00:00,2.5,0.5,128.35,8,Monsoon
2021-08-01 10:00:00,7.5,0.48,162.78,8,Monsoon
2021-08-01 11:00:00,11.5,0.8,264.75,8,Monsoon
2021-08-01 12:00:00,15.75,0.92,274.65,8,Monsoon
2021-08-01 13:00:00,7.25,0.7,289.33,8,Monsoon
2021-08-01 14:00:00,12.25,0.88,316.8,8,Monsoon
2021-08-01 15:00:00,17.75,0.72,259.38,8,Monsoon
2021-08-01 16:00:00,18.75,0.43,158.48,8,Monsoon
2021-08-01 17:00:00,16.5,0.4,158.18,8,Monsoon
2021-08-01 18:00:00,45.75,0.43,101.75,8,Monsoon
2021-08-01 19:00:00,34.25,0.28,130.38,8,Monsoon
2021-08-01 20:00:00,19.75,0.85,79.42,8,Monsoon
2021-08-01 21:00:00,21.75,0.7,74.1,8,Monsoon
2021-08-01 22:00:00,29.5,0.92,71.35,8,Monsoon
2021-08-01 23:00:00,34.25,1.02,76.5,8,Monsoon
2021-08-02 00:00:00,49.5,0.5,106.65,8,Monsoon
2021-08-02 01:00:00,41.25,0.48,162.35,8,Monsoon
2021-08-02 02:00:00,45.5,0.25,173.25,8,Monsoon
2021-08-02 03:00:00,41.75,0.6,122.0,8,Monsoon
2021-08-02 04:00:00,53.75,0.35,123.25,8,Monsoon
2021-08-02 05:00:00,63.5,0.55,217.6,8,Monsoon
2021-08-02 06:00:00,86.0,0.4,153.9,8,Monsoon
2021-08-02 07:00:00,80.5,0.52,186.8,8,Monsoon
2021-08-02 08:00:00,63.25,0.38,195.02,8,Monsoon
2021-08-02 09:00:00,64.5,0.6,188.82,8,Monsoon
2021-08-02 10:00:00,75.5,0.55,269.83,8,Monsoon
2021-08-02 11:00:00,69.0,1.02,102.22,8,Monsoon
2021-08-02 12:00:00,39.75,1.23,39.83,8,Monsoon
2021-08-02 13:00:00,23.5,1.25,41.05,8,Monsoon
2021-08-02 14:00:00,22.25,0.4,154.3,8,Monsoon
2021-08-02 15:00:00,24.0,1.05,88.25,8,Monsoon
2021-08-02 16:00:00,26.5,0.65,63.35,8,Monsoon
2021-08-02 17:00:00,25.5,1.33,106.35,8,Monsoon
2021-08-02 18:00:00,32.25,1.0,21.6,8,Monsoon
2021-08-02 19:00:00,46.25,1.08,28.88,8,Monsoon
2021-08-02 20:00:00,39.25,0.9,25.38,8,Monsoon
2021-08-02 21:00:00,33.0,0.82,21.6,8,Monsoon
2021-08-02 22:00:00,34.0,0.78,34.3,8,Monsoon
2021-08-02 23:00:00,44.75,1.15,20.12,8,Monsoon
2021-08-03 00:00:00,42.75,0.8,12.55,8,Monsoon
2021-08-03 01:00:00,48.5,1.12,32.72,8,Monsoon
2021-08-03 02:00:00,51.75,1.2,33.17,8,Monsoon
2021-08-03 03:00:00,50.5,1.3,23.35,8,Monsoon
2021-08-03 04:00:00,31.5,1.08,24.25,8,Monsoon
2021-08-03 05:00:00,33.75,1.17,23.1,8,Monsoon
2021-08-03 06:00:00,35.5,1.3,29.05,8,Monsoon
2021-08-03 07:00:00,33.75,1.18,22.02,8,Monsoon
2021-08-03 08:00:00,32.5,1.5,61.7,8,Monsoon
2021-08-03 09:00:00,33.75,1.7,64.7,8,Monsoon
2021-08-03 10:00:00,44.75,1.7,52.68,8,Monsoon
2021-08-03 11:00:00,50.0,1.65,31.12,8,Monsoon
2021-08-03 12:00:00,37.0,1.82,31.72,8,Monsoon
2021-08-03 13:00:00,23.5,2.2,41.75,8,Monsoon
2021-08-03 14:00:00,19.75,2.38,46.38,8,Monsoon
2021-08-03 15:00:00,18.25,2.1,66.7,8,Monsoon
2021-08-03 16:00:00,8.25,1.8,56.58,8,Monsoon
2021-08-03 17:00:00,12.0,1.95,70.32,8,Monsoon
2021-08-03 18:00:00,12.0,1.55,78.88,8,Monsoon
2021-08-03 19:00:00,13.0,1.08,76.3,8,Monsoon
2021-08-03 20:00:00,17.0,0.75,73.38,8,Monsoon
2021-08-03 21:00:00,24.5,1.2,70.9,8,Monsoon
2021-08-03 22:00:00,38.25,1.08,65.92,8,Monsoon
2021-08-03 23:00:00,39.75,0.95,27.12,8,Monsoon
2021-08-04 00:00:00,41.5,1.17,17.48,8,Monsoon
2021-08-04 01:00:00,37.25,1.2,26.25,8,Monsoon
2021-08-04 02:00:00,29.25,1.23,23.38,8,Monsoon
2021-08-04 03:00:00,29.5,1.2,20.52,8,Monsoon
2021-08-04 04:00:00,27.75,1.32,27.58,8,Monsoon
2021-08-04 05:00:00,31.25,1.0,46.95,8,Monsoon
2021-08-04 06:00:00,38.75,1.62,70.1,8,Monsoon
2021-08-04 07:00:00,20.75,1.45,75.08,8,Monsoon
2021-08-04 08:00:00,12.5,1.32,71.8,8,Monsoon
2021-08-04 09:00:00,9.0,1.35,53.98,8,Monsoon
2021-08-04 10:00:00,12.0,1.5,51.68,8,Monsoon
2021-08-04 11:00:00,12.25,1.7,72.62,8,Monsoon
2021-08-04 12:00:00,14.5,1.88,69.65,8,Monsoon
2021-08-04 13:00:00,17.25,1.82,53.68,8,Monsoon
2021-08-04 14:00:00,11.75,1.5,68.05,8,Monsoon
2021-08-04 15:00:00,12.75,1.27,69.75,8,Monsoon
2021-08-04 16:00:00,19.25,1.25,62.42,8,Monsoon
2021-08-04 17:00:00,22.25,1.0,66.53,8,Monsoon
2021-08-04 18:00:00,19.0,1.15,72.88,8,Monsoon
2021-08-04 19:00:00,18.75,1.2,80.62,8,Monsoon
2021-08-04 20:00:00,29.25,0.72,79.28,8,Monsoon
2021-08-04 21:00:00,37.25,1.05,71.42,8,Monsoon
2021-08-04 22:00:00,45.25,1.0,69.88,8,Monsoon
2021-08-04 23:00:00,55.25,0.92,78.1,8,Monsoon
2021-08-05 00:00:00,49.0,1.03,50.25,8,Monsoon
2021-08-05 01:00:00,56.0,1.17,27.45,8,Monsoon
2021-08-05 02:00:00,52.0,1.33,35.0,8,Monsoon
2021-08-05 03:00:00,38.0,1.25,64.22,8,Monsoon
2021-08-05 04:00:00,56.25,0.95,41.15,8,Monsoon
2021-08-05 05:00:00,46.25,0.88,76.32,8,Monsoon
2021-08-05 06:00:00,40.25,1.12,73.03,8,Monsoon
2021-08-05 07:00:00,38.75,0.9,72.15,8,Monsoon
2021-08-05 08:00:00,47.75,0.82,84.58,8,Monsoon
2021-08-05 09:00:00,63.0,0.45,141.23,8,Monsoon
2021-08-05 10:00:00,50.25,1.23,65.8,8,Monsoon
2021-08-05 11:00:00,46.25,2.62,23.5,8,Monsoon
2021-08-05 12:00:00,13.75,2.03,24.88,8,Monsoon
2021-08-05 13:00:00,11.25,1.3,25.15,8,Monsoon
2021-08-05 14:00:00,7.75,0.92,37.85,8,Monsoon
2021-08-05 15:00:00,13.25,0.65,194.28,8,Monsoon
2021-08-05 16:00:00,15.25,0.95,238.8,8,Monsoon
2021-08-05 17:00:00,19.0,0.62,246.5,8,Monsoon
2021-08-05 18:00:00,21.75,1.42,251.48,8,Monsoon
2021-08-05 19:00:00,32.5,1.25,175.98,8,Monsoon
2021-08-05 20:00:00,41.75,1.1,93.52,8,Monsoon
2021-08-05 21:00:00,50.0,1.02,172.75,8,Monsoon
2021-08-05 22:00:00,57.0,0.85,13.2,8,Monsoon
2021-08-05 23:00:00,49.5,1.02,27.83,8,Monsoon
2021-08-06 00:00:00,45.5,1.02,62.58,8,Monsoon
2021-08-06 01:00:00,50.5,0.85,33.52,8,Monsoon
2021-08-06 02:00:00,55.75,0.8,22.15,8,Monsoon
2021-08-06 03:00:00,43.75,1.23,47.9,8,Monsoon
2021-08-06 04:00:00,53.25,1.08,36.05,8,Monsoon
2021-08-06 05:00:00,49.0,0.98,24.48,8,Monsoon
2021-08-06 06:00:00,53.5,1.2,15.78,8,Monsoon
2021-08-06 07:00:00,60.5,1.05,43.88,8,Monsoon
2021-08-06 08:00:00,64.75,0.85,77.15,8,Monsoon
2021-08-06 09:00:00,53.0,0.73,67.22,8,Monsoon
2021-08-06 10:00:00,43.75,0.62,83.1,8,Monsoon
2021-08-06 11:00:00,32.5,0.82,66.85,8,Monsoon
2021-08-06 12:00:00,30.0,0.62,82.72,8,Monsoon
2021-08-06 13:00:00,36.75,0.77,145.68,8,Monsoon
2021-08-06 14:00:00,37.5,1.52,50.5,8,Monsoon
2021-08-06 15:00:00,32.25,1.18,28.0,8,Monsoon
2021-08-06 16:00:00,31.5,1.35,37.15,8,Monsoon
2021-08-06 17:00:00,35.5,1.2,41.85,8,Monsoon
2021-08-06 18:00:00,32.5,1.45,71.2,8,Monsoon
2021-08-06 19:00:00,29.75,0.6,244.0,8,Monsoon
2021-08-06 20:00:00,35.0,0.38,130.07,8,Monsoon
2021-08-06 21:00:00,34.75,0.78,79.68,8,Monsoon
2021-08-06 22:00:00,34.5,1.17,76.92,8,Monsoon
2021-08-06 23:00:00,35.75,1.18,67.6,8,Monsoon
2021-08-07 00:00:00,39.5,1.08,46.47,8,Monsoon
2021-08-07 01:00:00,54.25,0.9,31.18,8,Monsoon
2021-08-07 02:00:00,68.25,1.08,67.08,8,Monsoon
2021-08-07 03:00:00,92.25,1.1,78.95,8,Monsoon
2021-08-07 04:00:00,70.75,1.2,68.1,8,Monsoon
2021-08-07 05:00:00,62.75,1.18,35.15,8,Monsoon
2021-08-07 06:00:00,49.0,0.78,56.92,8,Monsoon
2021-08-07 07:00:00,43.25,0.85,65.5,8,Monsoon
2021-08-07 08:00:00,38.75,0.7,85.52,8,Monsoon
2021-08-07 09:00:00,47.0,0.4,136.12,8,Monsoon
2021-08-07 10:00:00,37.25,0.62,66.65,8,Monsoon
2021-08-07 11:00:00,35.75,2.0,68.42,8,Monsoon
2021-08-07 12:00:00,32.75,1.0,219.9,8,Monsoon
2021-08-07 13:00:00,15.5,1.38,314.15,8,Monsoon
2021-08-07 14:00:00,11.0,0.85,47.2,8,Monsoon
2021-08-07 15:00:00,14.5,0.5,130.75,8,Monsoon
2021-08-07 16:00:00,24.5,0.57,236.35,8,Monsoon
2021-08-07 17:00:00,24.5,0.55,252.62,8,Monsoon
2021-08-07 18:00:00,29.0,0.65,244.42,8,Monsoon
2021-08-07 19:00:00,31.25,0.57,270.5,8,Monsoon
2021-08-07 20:00:00,38.75,0.22,199.95,8,Monsoon
2021-08-07 21:00:00,39.75,0.43,228.65,8,Monsoon
2021-08-07 22:00:00,40.25,0.55,118.65,8,Monsoon
2021-08-07 23:00:00,52.25,0.4,102.82,8,Monsoon
2021-08-08 00:00:00,48.5,0.55,96.25,8,Monsoon
2021-08-08 01:00:00,41.75,0.38,137.7,8,Monsoon
2021-08-08 02:00:00,34.75,0.9,108.05,8,Monsoon
2021-08-08 03:00:00,37.0,1.42,67.1,8,Monsoon
2021-08-08 04:00:00,43.25,0.95,73.23,8,Monsoon
2021-08-08 05:00:00,35.25,0.62,89.6,8,Monsoon
2021-08-08 06:00:00,36.5,0.82,59.0,8,Monsoon
2021-08-08 07:00:00,42.75,0.55,59.15,8,Monsoon
2021-08-08 08:00:00,60.0,0.35,201.98,8,Monsoon
2021-08-08 09:00:00,67.25,0.52,82.02,8,Monsoon
2021-08-08 10:00:00,62.25,0.58,59.22,8,Monsoon
2021-08-08 11:00:00,63.25,0.5,161.7,8,Monsoon
2021-08-08 12:00:00,53.75,0.75,226.5,8,Monsoon
2021-08-08 13:00:00,25.0,0.78,205.05,8,Monsoon
2021-08-08 14:00:00,30.5,1.22,278.27,8,Monsoon
2021-08-08 15:00:00,23.5,1.18,285.47,8,Monsoon
2021-08-08 16:00:00,8.0,0.52,98.62,8,Monsoon
2021-08-08 17:00:00,13.25,0.92,57.53,8,Monsoon
2021-08-08 18:00:00,18.25,0.7,75.9,8,Monsoon
2021-08-08 19:00:00,15.75,1.12,62.48,8,Monsoon
2021-08-08 20:00:00,24.75,1.3,75.6,8,Monsoon
2021-08-08 21:00:00,27.75,1.0,70.03,8,Monsoon
2021-08-08 22:00:00,27.0,1.05,72.57,8,Monsoon
2021-08-08 23:00:00,19.25,1.08,73.22,8,Monsoon
2021-08-09 00:00:00,26.25,0.82,52.0,8,Monsoon
2021-08-09 01:00:00,42.25,1.42,73.03,8,Monsoon
2021-08-09 02:00:00,53.5,0.6,124.12,8,Monsoon
2021-08-09 03:00:00,31.5,0.35,225.3,8,Monsoon
2021-08-09 04:00:00,36.0,0.35,285.7,8,Monsoon
2021-08-09 05:00:00,48.5,0.25,190.7,8,Monsoon
2021-08-09 06:00:00,57.5,0.9,41.7,8,Monsoon
2021-08-09 07:00:00,55.75,0.82,50.08,8,Monsoon
2021-08-09 08:00:00,66.25,0.8,34.1,8,Monsoon
2021-08-09 09:00:00,74.0,0.3,178.98,8,Monsoon
2021-08-09 10:00:00,81.75,0.35,266.25,8,Monsoon
2021-08-09 11:00:00,92.75,0.95,320.3,8,Monsoon
2021-08-09 12:00:00,78.0,1.35,343.52,8,Monsoon
2021-08-09 13:00:00,67.0,1.08,324.15,8,Monsoon
2021-08-09 14:00:00,76.5,1.05,311.52,8,Monsoon
2021-08-09 15:00:00,75.5,1.35,46.2,8,Monsoon
2021-08-09 16:00:00,81.25,1.6,76.55,8,Monsoon
2021-08-09 17:00:00,38.25,0.95,80.12,8,Monsoon
2021-08-09 18:00:00,35.75,0.5,116.88,8,Monsoon
2021-08-09 19:00:00,49.75,0.28,136.52,8,Monsoon
2021-08-09 20:00:00,62.75,0.38,141.8,8,Monsoon
2021-08-09 21:00:00,50.0,0.43,138.23,8,Monsoon
2021-08-09 22:00:00,48.5,0.3,143.0,8,Monsoon
2021-08-09 23:00:00,44.5,0.57,162.5,8,Monsoon
2021-08-10 00:00:00,45.5,0.52,175.0,8,Monsoon
2021-08-10 01:00:00,41.25,0.52,193.35,8,Monsoon
2021-08-10 02:00:00,32.25,0.18,185.98,8,Monsoon
2021-08-10 03:00:00,29.5,0.45,193.5,8,Monsoon
2021-08-10 04:00:00,29.75,0.28,156.98,8,Monsoon
2021-08-10 05:00:00,38.75,0.3,194.48,8,Monsoon
2021-08-10 06:00:00,44.75,0.43,190.75,8,Monsoon
2021-08-10 07:00:00,30.0,0.65,244.77,8,Monsoon
2021-08-10 08:00:00,33.5,1.08,250.08,8,Monsoon
2021-08-10 09:00:00,34.0,1.25,263.0,8,Monsoon
2021-08-10 10:00:00,30.0,1.52,274.15,8,Monsoon
2021-08-10 11:00:00,28.0,1.7,279.95,8,Monsoon
2021-08-10 12:00:00,31.0,2.1,293.8,8,Monsoon
2021-08-10 13:00:00,31.0,1.75,293.35,8,Monsoon
2021-08-10 14:00:00,33.0,1.8,288.9,8,Monsoon
2021-08-10 15:00:00,39.75,1.82,289.82,8,Monsoon
2021-08-10 16:00:00,39.0,1.92,290.17,8,Monsoon
2021-08-10 17:00:00,30.75,1.52,286.98,8,Monsoon
2021-08-10 18:00:00,35.0,0.75,261.75,8,Monsoon
2021-08-10 19:00:00,43.75,0.2,148.65,8,Monsoon
2021-08-10 20:00:00,50.0,0.28,193.52,8,Monsoon
2021-08-10 21:00:00,47.75,0.12,161.52,8,Monsoon
2021-08-10 22:00:00,61.25,0.3,202.1,8,Monsoon
2021-08-10 23:00:00,69.5,0.43,227.12,8,Monsoon
2021-08-11 00:00:00,63.75,0.75,243.55,8,Monsoon
2021-08-11 01:00:00,33.0,0.7,239.85,8,Monsoon
2021-08-11 02:00:00,31.75,0.85,262.05,8,Monsoon
2021-08-11 03:00:00,27.75,0.75,269.55,8,Monsoon
2021-08-11 04:00:00,27.75,0.98,261.6,8,Monsoon
2021-08-11 05:00:00,31.0,0.82,247.02,8,Monsoon
2021-08-11 06:00:00,33.0,1.0,244.82,8,Monsoon
2021-08-11 07:00:00,28.25,1.2,250.05,8,Monsoon
2021-08-11 08:00:00,21.25,1.52,266.62,8,Monsoon
2021-08-11 09:00:00,17.0,1.72,268.92,8,Monsoon
2021-08-11 10:00:00,23.25,1.85,267.38,8,Monsoon
2021-08-11 11:00:00,31.5,2.08,273.33,8,Monsoon
2021-08-11 12:00:00,27.25,1.92,274.05,8,Monsoon
2021-08-11 13:00:00,27.0,1.7,278.25,8,Monsoon
2021-08-11 14:00:00,25.0,1.68,263.4,8,Monsoon
2021-08-11 15:00:00,28.5,1.5,259.8,8,Monsoon
2021-08-11 16:00:00,29.75,1.35,267.88,8,Monsoon
2021-08-11 17:00:00,29.25,1.15,262.42,8,Monsoon
2021-08-11 18:00:00,31.25,0.8,266.3,8,Monsoon
2021-08-11 19:00:00,38.0,0.35,239.23,8,Monsoon
2021-08-11 20:00:00,45.75,0.38,262.17,8,Monsoon
2021-08-11 21:00:00,43.5,0.23,217.22,8,Monsoon
2021-08-11 22:00:00,45.75,0.38,211.38,8,Monsoon
2021-08-11 23:00:00,39.25,0.32,187.0,8,Monsoon
2021-08-12 00:00:00,38.25,0.42,241.02,8,Monsoon
2021-08-12 01:00:00,36.25,0.75,254.2,8,Monsoon
2021-08-12 02:00:00,42.0,0.57,245.73,8,Monsoon
2021-08-12 03:00:00,30.0,0.45,236.42,8,Monsoon
2021-08-12 04:00:00,29.25,0.38,225.05,8,Monsoon
2021-08-12 05:00:00,28.5,0.4,220.02,8,Monsoon
2021-08-12 06:00:00,34.75,0.68,240.6,8,Monsoon
2021-08-12 07:00:00,36.75,1.27,248.38,8,Monsoon
2021-08-12 08:00:00,26.25,1.52,254.05,8,Monsoon
2021-08-12 09:00:00,25.25,1.85,254.1,8,Monsoon
2021-08-12 10:00:00,30.0,1.6,260.25,8,Monsoon
2021-08-12 11:00:00,32.5,1.85,277.85,8,Monsoon
2021-08-12 12:00:00,30.25,1.7,282.92,8,Monsoon
2021-08-12 13:00:00,27.75,1.78,286.73,8,Monsoon
2021-08-12 14:00:00,29.75,1.85,299.15,8,Monsoon
2021-08-12 15:00:00,35.75,1.8,289.12,8,Monsoon
2021-08-12 16:00:00,29.0,1.5,291.83,8,Monsoon
2021-08-12 17:00:00,27.25,1.45,287.83,8,Monsoon
2021-08-12 18:00:00,25.0,1.05,276.3,8,Monsoon
2021-08-12 19:00:00,33.0,0.52,243.4,8,Monsoon
2021-08-12 20:00:00,32.0,0.55,282.27,8,Monsoon
2021-08-12 21:00:00,43.25,0.6,54.15,8,Monsoon
2021-08-12 22:00:00,56.25,0.32,160.65,8,Monsoon
2021-08-12 23:00:00,50.75,0.45,187.02,8,Monsoon
2021-08-13 00:00:00,55.5,0.45,209.65,8,Monsoon
2021-08-13 01:00:00,43.75,0.88,247.25,8,Monsoon
2021-08-13 02:00:00,37.25,0.92,248.9,8,Monsoon
2021-08-13 03:00:00,27.5,0.95,245.3,8,Monsoon
2021-08-13 04:00:00,22.75,0.78,243.4,8,Monsoon
2021-08-13 05:00:00,21.5,0.98,242.2,8,Monsoon
2021-08-13 06:00:00,22.5,1.0,251.58,8,Monsoon
2021-08-13 07:00:00,28.0,1.23,256.7,8,Monsoon
2021-08-13 08:00:00,21.0,1.45,256.52,8,Monsoon
2021-08-13 09:00:00,20.5,1.75,264.3,8,Monsoon
2021-08-13 10:00:00,28.0,1.5,272.68,8,Monsoon
2021-08-13 11:00:00,31.25,1.65,261.28,8,Monsoon
2021-08-13 12:00:00,36.75,1.8,289.1,8,Monsoon
2021-08-13 13:00:00,23.0,1.83,300.05,8,Monsoon
2021-08-13 14:00:00,21.0,1.58,298.73,8,Monsoon
2021-08-13 15:00:00,24.25,1.52,292.7,8,Monsoon
2021-08-13 16:00:00,33.5,1.4,291.8,8,Monsoon
2021-08-13 17:00:00,57.0,1.2,295.62,8,Monsoon
2021-08-13 18:00:00,46.5,1.0,275.9,8,Monsoon
2021-08-13 19:00:00,33.25,0.75,273.4,8,Monsoon
2021-08-13 20:00:00,35.5,0.57,228.85,8,Monsoon
2021-08-13 21:00:00,41.5,0.5,99.05,8,Monsoon
2021-08-13 22:00:00,50.5,0.48,118.38,8,Monsoon
2021-08-13 23:00:00,60.75,0.4,201.15,8,Monsoon
2021-08-14 00:00:00,52.5,0.48,217.58,8,Monsoon
2021-08-14 01:00:00,51.0,0.65,254.45,8,Monsoon
2021-08-14 02:00:00,32.0,0.65,243.85,8,Monsoon
2021-08-14 03:00:00,30.0,0.52,247.0,8,Monsoon
2021-08-14 04:00:00,31.0,0.75,262.82,8,Monsoon
2021-08-14 05:00:00,24.75,1.0,250.4,8,Monsoon
2021-08-14 06:00:00,22.5,1.2,253.9,8,Monsoon
2021-08-14 07:00:00,18.0,1.2,258.67,8,Monsoon
2021-08-14 08:00:00,18.25,1.65,263.48,8,Monsoon
2021-08-14 09:00:00,18.75,1.95,267.15,8,Monsoon
2021-08-14 10:00:00,21.25,1.75,267.75,8,Monsoon
2021-08-14 11:00:00,34.75,1.35,275.35,8,Monsoon
2021-08-14 12:00:00,41.5,1.6,287.12,8,Monsoon
2021-08-14 13:00:00,27.25,1.45,291.38,8,Monsoon
2021-08-14 14:00:00,25.75,1.8,291.82,8,Monsoon
2021-08-14 15:00:00,27.0,1.52,288.68,8,Monsoon
2021-08-14 16:00:00,29.75,1.25,289.17,8,Monsoon
2021-08-14 17:00:00,42.0,1.28,296.25,8,Monsoon
2021-08-14 18:00:00,29.25,1.12,316.42,8,Monsoon
2021-08-14 19:00:00,35.75,0.82,283.42,8,Monsoon
2021-08-14 20:00:00,40.75,1.08,100.48,8,Monsoon
2021-08-14 21:00:00,57.5,1.02,31.3,8,Monsoon
2021-08-14 22:00:00,54.0,0.9,29.15,8,Monsoon
2021-08-14 23:00:00,46.5,0.48,169.4,8,Monsoon
2021-08-15 00:00:00,44.0,0.4,234.48,8,Monsoon
2021-08-15 01:00:00,51.25,0.45,227.7,8,Monsoon
2021-08-15 02:00:00,48.0,0.72,253.18,8,Monsoon
2021-08-15 03:00:00,28.5,0.65,243.28,8,Monsoon
2021-08-15 04:00:00,32.0,0.62,247.42,8,Monsoon
2021-08-15 05:00:00,28.0,0.55,272.05,8,Monsoon
2021-08-15 06:00:00,30.25,0.35,229.12,8,Monsoon
2021-08-15 07:00:00,42.25,0.7,234.55,8,Monsoon
2021-08-15 08:00:00,29.5,1.65,263.8,8,Monsoon
2021-08-15 09:00:00,24.75,1.8,266.32,8,Monsoon
2021-08-15 10:00:00,29.25,1.55,281.08,8,Monsoon
2021-08-15 11:00:00,40.0,1.98,294.6,8,Monsoon
2021-08-15 12:00:00,24.5,1.8,286.6,8,Monsoon
2021-08-15 13:00:00,23.25,1.6,295.35,8,Monsoon
2021-08-15 14:00:00,24.0,1.55,285.83,8,Monsoon
2021-08-15 15:00:00,25.75,1.3,294.82,8,Monsoon
2021-08-15 16:00:00,30.0,1.25,288.62,8,Monsoon
2021-08-15 17:00:00,26.0,1.4,301.95,8,Monsoon
2021-08-15 18:00:00,24.25,1.25,294.23,8,Monsoon
2021-08-15 19:00:00,29.5,0.88,283.23,8,Monsoon
2021-08-15 20:00:00,34.5,0.77,274.12,8,Monsoon
2021-08-15 21:00:00,37.0,0.62,264.6,8,Monsoon
2021-08-15 22:00:00,39.75,0.62,253.02,8,Monsoon
2021-08-15 23:00:00,39.0,0.25,185.38,8,Monsoon
2021-08-16 00:00:00,37.75,0.3,192.48,8,Monsoon
2021-08-16 01:00:00,36.0,0.2,166.38,8,Monsoon
2021-08-16 02:00:00,44.25,0.32,230.0,8,Monsoon
2021-08-16 03:00:00,48.75,0.88,248.68,8,Monsoon
2021-08-16 04:00:00,38.5,1.02,259.25,8,Monsoon
2021-08-16 05:00:00,28.5,0.85,270.05,8,Monsoon
2021-08-16 06:00:00,35.75,0.5,255.08,8,Monsoon
2021-08-16 07:00:00,45.5,1.02,263.95,8,Monsoon
2021-08-16 08:00:00,31.5,1.45,264.5,8,Monsoon
2021-08-16 09:00:00,57.0,1.65,281.9,8,Monsoon
2021-08-16 10:00:00,53.25,1.9,289.5,8,Monsoon
2021-08-16 11:00:00,41.25,1.68,291.92,8,Monsoon
2021-08-16 12:00:00,37.0,1.65,300.67,8,Monsoon
2021-08-16 13:00:00,29.25,1.25,270.4,8,Monsoon
2021-08-16 14:00:00,25.25,1.33,281.38,8,Monsoon
2021-08-16 15:00:00,29.5,1.42,283.82,8,Monsoon
2021-08-16 16:00:00,30.75,1.32,287.7,8,Monsoon
2021-08-16 17:00:00,30.75,1.48,297.2,8,Monsoon
2021-08-16 18:00:00,33.5,0.92,264.6,8,Monsoon
2021-08-16 19:00:00,39.0,1.2,305.58,8,Monsoon
2021-08-16 20:00:00,52.5,0.78,326.77,8,Monsoon
2021-08-16 21:00:00,54.5,1.02,323.18,8,Monsoon
2021-08-16 22:00:00,49.5,0.65,256.32,8,Monsoon
2021-08-16 23:00:00,56.5,0.28,165.68,8,Monsoon
2021-08-17 00:00:00,52.75,0.25,165.2,8,Monsoon
2021-08-17 01:00:00,46.5,0.38,181.45,8,Monsoon
2021-08-17 02:00:00,48.0,0.38,206.6,8,Monsoon
2021-08-17 03:00:00,50.0,0.22,201.52,8,Monsoon
2021-08-17 04:00:00,49.25,0.2,221.1,8,Monsoon
2021-08-17 05:00:00,54.5,0.3,218.78,8,Monsoon
2021-08-17 06:00:00,80.5,0.28,238.32,8,Monsoon
2021-08-17 07:00:00,84.75,0.5,258.27,8,Monsoon
2021-08-17 08:00:00,64.75,0.85,269.95,8,Monsoon
2021-08-17 09:00:00,60.0,1.15,273.3,8,Monsoon
2021-08-17 10:00:00,52.25,1.05,279.62,8,Monsoon
2021-08-17 11:00:00,38.0,1.42,296.2,8,Monsoon
2021-08-17 12:00:00,38.0,1.48,301.38,8,Monsoon
2021-08-17 13:00:00,38.0,1.48,305.32,8,Monsoon
2021-08-17 14:00:00,39.0,1.85,309.08,8,Monsoon
2021-08-17 15:00:00,41.5,1.85,299.6,8,Monsoon
2021-08-17 16:00:00,39.75,1.7,304.72,8,Monsoon
2021-08-17 17:00:00,40.75,2.03,325.45,8,Monsoon
2021-08-17 18:00:00,46.5,1.75,314.6,8,Monsoon
2021-08-17 19:00:00,50.5,1.38,304.52,8,Monsoon
2021-08-17 20:00:00,57.25,1.02,303.12,8,Monsoon
2021-08-17 21:00:00,58.5,0.95,316.82,8,Monsoon
2021-08-17 22:00:00,65.5,0.3,171.7,8,Monsoon
2021-08-17 23:00:00,54.25,0.48,181.65,8,Monsoon
2021-08-18 00:00:00,53.0,0.2,161.22,8,Monsoon
2021-08-18 01:00:00,53.5,0.25,186.45,8,Monsoon
2021-08-18 02:00:00,47.5,0.15,145.18,8,Monsoon
2021-08-18 03:00:00,55.75,0.18,198.85,8,Monsoon
2021-08-18 04:00:00,69.5,0.18,196.55,8,Monsoon
2021-08-18 05:00:00,82.0,0.28,203.38,8,Monsoon
2021-08-18 06:00:00,97.75,0.43,240.55,8,Monsoon
2021-08-18 07:00:00,97.5,0.57,254.4,8,Monsoon
2021-08-18 08:00:00,84.0,0.62,245.12,8,Monsoon
2021-08-18 09:00:00,63.5,0.85,269.38,8,Monsoon
2021-08-18 10:00:00,62.25,1.0,278.62,8,Monsoon
2021-08-18 11:00:00,75.0,1.08,286.18,8,Monsoon
2021-08-18 12:00:00,57.25,1.65,301.42,8,Monsoon
2021-08-18 13:00:00,55.25,1.8,299.98,8,Monsoon
2021-08-18 14:00:00,47.25,2.38,317.17,8,Monsoon
2021-08-18 15:00:00,47.25,2.22,303.35,8,Monsoon
2021-08-18 16:00:00,46.5,2.02,308.55,8,Monsoon
2021-08-18 17:00:00,51.25,1.85,313.28,8,Monsoon
2021-08-18 18:00:00,55.0,1.4,314.82,8,Monsoon
2021-08-18 19:00:00,63.5,1.27,321.15,8,Monsoon
2021-08-18 20:00:00,64.0,0.57,285.92,8,Monsoon
2021-08-18 21:00:00,67.75,0.38,150.43,8,Monsoon
2021-08-18 22:00:00,61.5,0.35,131.55,8,Monsoon
2021-08-18 23:00:00,72.5,0.55,128.88,8,Monsoon
2021-08-19 00:00:00,100.5,0.35,211.52,8,Monsoon
2021-08-19 01:00:00,95.75,0.85,107.08,8,Monsoon
2021-08-19 02:00:00,86.0,0.65,85.18,8,Monsoon
2021-08-19 03:00:00,84.75,1.0,81.4,8,Monsoon
2021-08-19 04:00:00,83.0,0.42,92.12,8,Monsoon
2021-08-19 05:00:00,90.25,0.28,178.32,8,Monsoon
2021-08-19 06:00:00,98.75,0.35,144.18,8,Monsoon
2021-08-19 07:00:00,112.75,1.03,43.68,8,Monsoon
2021-08-19 08:00:00,110.75,0.75,81.38,8,Monsoon
2021-08-19 09:00:00,100.0,0.48,131.8,8,Monsoon
2021-08-19 10:00:00,76.25,0.43,258.05,8,Monsoon
2021-08-19 11:00:00,66.75,0.62,274.15,8,Monsoon
2021-08-19 12:00:00,64.75,0.98,256.5,8,Monsoon
2021-08-19 13:00:00,69.0,0.95,336.0,8,Monsoon
2021-08-19 14:00:00,66.25,0.82,321.48,8,Monsoon
2021-08-19 15:00:00,64.75,1.58,320.32,8,Monsoon
2021-08-19 16:00:00,56.75,1.35,161.02,8,Monsoon
2021-08-19 17:00:00,56.25,1.52,26.3,8,Monsoon
2021-08-19 18:00:00,64.0,1.17,35.75,8,Monsoon
2021-08-19 19:00:00,60.5,1.0,71.4,8,Monsoon
2021-08-19 20:00:00,70.25,1.15,80.88,8,Monsoon
2021-08-19 21:00:00,79.0,0.95,72.9,8,Monsoon
2021-08-19 22:00:00,84.5,1.48,72.93,8,Monsoon
2021-08-19 23:00:00,84.5,1.2,97.82,8,Monsoon
2021-08-20 00:00:00,89.5,0.95,71.2,8,Monsoon
2021-08-20 01:00:00,85.0,0.4,150.1,8,Monsoon
2021-08-20 02:00:00,64.25,0.35,160.2,8,Monsoon
2021-08-20 03:00:00,56.0,0.3,167.1,8,Monsoon
2021-08-20 04:00:00,63.5,0.68,112.15,8,Monsoon
2021-08-20 05:00:00,80.25,0.72,82.32,8,Monsoon
2021-08-20 06:00:00,61.5,1.05,74.8,8,Monsoon
2021-08-20 07:00:00,59.25,1.22,77.0,8,Monsoon
2021-08-20 08:00:00,60.5,0.95,87.65,8,Monsoon
2021-08-20 09:00:00,45.0,2.15,53.75,8,Monsoon
2021-08-20 10:00:00,44.5,2.48,21.38,8,Monsoon
2021-08-20 11:00:00,33.75,2.15,32.02,8,Monsoon
2021-08-20 12:00:00,33.75,2.42,56.05,8,Monsoon
2021-08-20 13:00:00,32.5,2.55,61.35,8,Monsoon
2021-08-20 14:00:00,22.5,2.42,66.75,8,Monsoon
2021-08-20 15:00:00,20.25,1.05,66.03,8,Monsoon
2021-08-20 16:00:00,10.25,1.32,32.8,8,Monsoon
2021-08-20 17:00:00,13.25,1.3,35.25,8,Monsoon
2021-08-20 18:00:00,11.75,1.1,29.58,8,Monsoon
2021-08-20 19:00:00,17.75,1.65,27.58,8,Monsoon
2021-08-20 20:00:00,31.5,1.4,38.62,8,Monsoon
2021-08-20 21:00:00,36.5,1.38,19.1,8,Monsoon
2021-08-20 22:00:00,28.5,1.48,31.62,8,Monsoon
2021-08-20 23:00:00,30.75,1.3,43.3,8,Monsoon
2021-08-21 00:00:00,39.0,1.32,26.3,8,Monsoon
2021-08-21 01:00:00,34.5,1.58,37.6,8,Monsoon
2021-08-21 02:00:00,48.5,1.45,47.88,8,Monsoon
2021-08-21 03:00:00,48.5,1.35,57.25,8,Monsoon
2021-08-21 04:00:00,40.25,1.6,36.38,8,Monsoon
2021-08-21 05:00:00,26.5,1.15,29.88,8,Monsoon
2021-08-21 06:00:00,20.5,2.15,49.22,8,Monsoon
2021-08-21 07:00:00,20.25,0.73,82.12,8,Monsoon
2021-08-21 08:00:00,6.0,1.3,89.3,8,Monsoon
2021-08-21 09:00:00,12.333333333333332,1.44,68.75999999999999,8,Monsoon
2021-08-21 10:00:00,18.666666666666664,1.58,48.22,8,Monsoon
2021-08-21 11:00:00,25.0,1.72,27.68,8,Monsoon
2021-08-21 12:00:00,24.25,2.3,48.45,8,Monsoon
2021-08-21 13:00:00,20.0,2.1,30.58,8,Monsoon
2021-08-21 14:00:00,15.25,1.9,27.85,8,Monsoon
2021-08-21 15:00:00,20.0,1.5,14.95,8,Monsoon
2021-08-21 16:00:00,22.75,0.92,131.02,8,Monsoon
2021-08-21 17:00:00,18.75,1.0,78.45,8,Monsoon
2021-08-21 18:00:00,8.5,1.15,72.15,8,Monsoon
2021-08-21 19:00:00,10.75,1.33,44.45,8,Monsoon
2021-08-21 20:00:00,23.5,1.18,37.08,8,Monsoon
2021-08-21 21:00:00,27.0,1.7,71.08,8,Monsoon
2021-08-21 22:00:00,24.0,1.42,73.3,8,Monsoon
2021-08-21 23:00:00,19.75,1.75,78.0,8,Monsoon
2021-08-22 00:00:00,8.5,0.85,75.0,8,Monsoon
2021-08-22 01:00:00,13.75,0.52,77.62,8,Monsoon
2021-08-22 02:00:00,17.0,1.18,69.02,8,Monsoon
2021-08-22 03:00:00,20.75,1.48,69.68,8,Monsoon
2021-08-22 04:00:00,22.25,1.27,76.97,8,Monsoon
2021-08-22 05:00:00,20.5,1.23,75.9,8,Monsoon
2021-08-22 06:00:00,22.25,1.05,75.72,8,Monsoon
2021-08-22 07:00:00,25.0,0.95,73.47,8,Monsoon
2021-08-22 08:00:00,33.25,0.98,76.68,8,Monsoon
2021-08-22 09:00:00,36.0,1.05,82.48,8,Monsoon
2021-08-22 10:00:00,25.25,1.2,81.18,8,Monsoon
2021-08-22 11:00:00,31.5,0.55,109.0,8,Monsoon
2021-08-22 12:00:00,39.75,1.0,81.8,8,Monsoon
2021-08-22 13:00:00,40.5,0.78,106.8,8,Monsoon
2021-08-22 14:00:00,36.75,1.35,64.65,8,Monsoon
2021-08-22 15:00:00,39.25,1.7,69.8,8,Monsoon
2021-08-22 16:00:00,40.0,1.4,64.62,8,Monsoon
2021-08-22 17:00:00,40.0,1.3,73.3,8,Monsoon
2021-08-22 18:00:00,40.25,0.65,82.57,8,Monsoon
2021-08-22 19:00:00,44.5,0.78,74.98,8,Monsoon
2021-08-22 20:00:00,57.0,0.32,105.95,8,Monsoon
2021-08-22 21:00:00,62.75,0.38,157.12,8,Monsoon
2021-08-22 22:00:00,56.75,0.2,199.15,8,Monsoon
2021-08-22 23:00:00,40.75,0.52,79.42,8,Monsoon
2021-08-23 00:00:00,47.5,0.9,67.58,8,Monsoon
2021-08-23 01:00:00,66.75,0.6,74.82,8,Monsoon
2021-08-23 02:00:00,57.0,0.7,77.55,8,Monsoon
2021-08-23 03:00:00,49.0,0.6499999999999999,93.94166666666666,8,Monsoon
2021-08-23 04:00:00,41.0,0.6,110.33333333333334,8,Monsoon
2021-08-23 05:00:00,33.0,0.55,126.725,8,Monsoon
2021-08-23 06:00:00,,,,8,Monsoon
2021-08-23 07:00:00,,,,8,Monsoon
2021-08-23 08:00:00,9.0,0.4,175.9,8,Monsoon
2021-08-23 09:00:00,9.0,0.38,114.88,8,Monsoon
2021-08-23 10:00:00,17.0,0.72,165.65,8,Monsoon
2021-08-23 11:00:00,38.0,0.52,110.6,8,Monsoon
2021-08-23 12:00:00,41.0,0.73,214.4,8,Monsoon
2021-08-23 13:00:00,46.0,0.55,199.5,8,Monsoon
2021-08-23 14:00:00,45.0,1.15,309.6,8,Monsoon
2021-08-23 15:00:00,44.0,1.03,306.67,8,Monsoon
2021-08-23 16:00:00,42.0,0.78,284.65,8,Monsoon
2021-08-23 17:00:00,34.0,0.57,276.02,8,Monsoon
2021-08-23 18:00:00,34.0,0.23,238.05,8,Monsoon
2021-08-23 19:00:00,31.0,0.4,231.02,8,Monsoon
2021-08-23 20:00:00,83.0,0.35,227.28,8,Monsoon
2021-08-23 21:00:00,88.0,0.35,189.27,8,Monsoon
2021-08-23 22:00:00,47.0,0.32,149.4,8,Monsoon
2021-08-23 23:00:00,35.0,0.28,134.98,8,Monsoon
2021-08-24 00:00:00,34.0,0.2,149.88,8,Monsoon
2021-08-24 01:00:00,44.0,0.42,67.45,8,Monsoon
2021-08-24 02:00:00,66.0,0.32,188.92,8,Monsoon
2021-08-24 03:00:00,48.0,0.43,269.05,8,Monsoon
2021-08-24 04:00:00,58.0,0.45,264.18,8,Monsoon
2021-08-24 05:00:00,58.0,0.42,275.42,8,Monsoon
2021-08-24 06:00:00,55.0,0.6,258.95,8,Monsoon
2021-08-24 07:00:00,68.0,0.68,268.77,8,Monsoon
2021-08-24 08:00:00,58.0,0.75,272.77,8,Monsoon
2021-08-24 09:00:00,53.0,0.88,252.8,8,Monsoon
2021-08-24 10:00:00,51.0,1.05,269.27,8,Monsoon
2021-08-24 11:00:00,40.0,1.18,283.53,8,Monsoon
2021-08-24 12:00:00,44.0,1.15,267.9,8,Monsoon
2021-08-24 13:00:00,35.0,1.05,262.7,8,Monsoon
2021-08-24 14:00:00,31.0,1.02,258.05,8,Monsoon
2021-08-24 15:00:00,31.0,1.22,284.83,8,Monsoon
2021-08-24 16:00:00,22.0,1.0,279.2,8,Monsoon
2021-08-24 17:00:00,29.0,0.42,236.8,8,Monsoon
2021-08-24 18:00:00,34.0,0.25,166.72,8,Monsoon
2021-08-24 19:00:00,74.0,0.18,141.4,8,Monsoon
2021-08-24 20:00:00,74.0,0.38,174.8,8,Monsoon
2021-08-24 21:00:00,52.0,0.25,128.43,8,Monsoon
2021-08-24 22:00:00,53.0,0.32,159.07,8,Monsoon
2021-08-24 23:00:00,58.0,0.4,154.35,8,Monsoon
2021-08-25 00:00:00,62.0,0.38,158.55,8,Monsoon
2021-08-25 01:00:00,79.0,0.32,147.15,8,Monsoon
2021-08-25 02:00:00,72.0,0.4,162.8,8,Monsoon
2021-08-25 03:00:00,58.0,0.38,175.35,8,Monsoon
2021-08-25 04:00:00,52.0,0.43,181.08,8,Monsoon
2021-08-25 05:00:00,38.0,0.92,243.08,8,Monsoon
2021-08-25 06:00:00,33.0,1.02,244.62,8,Monsoon
2021-08-25 07:00:00,38.0,1.55,255.68,8,Monsoon
2021-08-25 08:00:00,25.0,1.88,264.3,8,Monsoon
2021-08-25 09:00:00,17.0,1.83,267.02,8,Monsoon
2021-08-25 10:00:00,23.0,2.12,268.05,8,Monsoon
2021-08-25 11:00:00,22.0,2.33,270.33,8,Monsoon
2021-08-25 12:00:00,19.0,1.83,268.88,8,Monsoon
2021-08-25 13:00:00,19.0,1.8,272.77,8,Monsoon
2021-08-25 14:00:00,22.0,1.75,267.9,8,Monsoon
2021-08-25 15:00:00,20.0,1.5,263.25,8,Monsoon
2021-08-25 16:00:00,18.0,1.52,267.73,8,Monsoon
2021-08-25 17:00:00,19.0,0.98,246.0,8,Monsoon
2021-08-25 18:00:00,23.0,0.92,247.72,8,Monsoon
2021-08-25 19:00:00,22.0,0.68,252.6,8,Monsoon
2021-08-25 20:00:00,44.0,0.5,288.27,8,Monsoon
2021-08-25 21:00:00,45.0,0.35,209.5,8,Monsoon
2021-08-25 22:00:00,52.0,0.57,210.35,8,Monsoon
2021-08-25 23:00:00,40.0,1.02,240.82,8,Monsoon
2021-08-26 00:00:00,31.0,0.9,239.42,8,Monsoon
2021-08-26 01:00:00,24.0,0.78,239.62,8,Monsoon
2021-08-26 02:00:00,19.0,0.72,241.12,8,Monsoon
2021-08-26 03:00:00,20.0,0.68,236.82,8,Monsoon
2021-08-26 04:00:00,23.0,1.15,240.6,8,Monsoon
2021-08-26 05:00:00,20.0,1.35,247.9,8,Monsoon
2021-08-26 06:00:00,19.0,1.27,252.08,8,Monsoon
2021-08-26 07:00:00,24.0,1.25,255.7,8,Monsoon
2021-08-26 08:00:00,25.0,1.62,267.33,8,Monsoon
2021-08-26 09:00:00,23.0,2.08,264.75,8,Monsoon
2021-08-26 10:00:00,24.0,1.98,262.85,8,Monsoon
2021-08-26 11:00:00,24.0,1.85,248.6,8,Monsoon
2021-08-26 12:00:00,25.0,1.58,251.48,8,Monsoon
2021-08-26 13:00:00,24.0,1.42,258.18,8,Monsoon
2021-08-26 14:00:00,25.0,1.1,251.25,8,Monsoon
2021-08-26 15:00:00,25.0,0.95,256.12,8,Monsoon
2021-08-26 16:00:00,22.0,0.82,252.22,8,Monsoon
2021-08-26 17:00:00,25.0,0.32,227.05,8,Monsoon
2021-08-26 18:00:00,35.0,0.65,285.5,8,Monsoon
2021-08-26 19:00:00,34.0,0.57,219.77,8,Monsoon
2021-08-26 20:00:00,73.0,0.6,205.7,8,Monsoon
2021-08-26 21:00:00,58.0,0.4,255.85,8,Monsoon
2021-08-26 22:00:00,34.0,0.4,192.88,8,Monsoon
2021-08-26 23:00:00,36.0,0.35,167.45,8,Monsoon
2021-08-27 00:00:00,45.0,0.62,174.98,8,Monsoon
2021-08-27 01:00:00,40.0,0.65,166.77,8,Monsoon
2021-08-27 02:00:00,29.0,0.4,141.88,8,Monsoon
2021-08-27 03:00:00,25.0,0.55,180.75,8,Monsoon
2021-08-27 04:00:00,29.0,0.55,198.5,8,Monsoon
2021-08-27 05:00:00,24.0,0.78,240.75,8,Monsoon
2021-08-27 06:00:00,30.0,0.55,206.25,8,Monsoon
2021-08-27 07:00:00,36.0,1.08,253.05,8,Monsoon
2021-08-27 08:00:00,35.0,1.2,251.8,8,Monsoon
2021-08-27 09:00:00,31.0,1.4,257.9,8,Monsoon
2021-08-27 10:00:00,25.0,1.6,275.55,8,Monsoon
2021-08-27 11:00:00,30.0,1.05,265.62,8,Monsoon
2021-08-27 12:00:00,31.0,1.75,298.8,8,Monsoon
2021-08-27 13:00:00,33.0,1.4,282.65,8,Monsoon
2021-08-27 14:00:00,33.0,1.18,264.48,8,Monsoon
2021-08-27 15:00:00,30.0,0.85,275.02,8,Monsoon
2021-08-27 16:00:00,41.0,0.45,265.77,8,Monsoon
2021-08-27 17:00:00,38.0,0.4,184.58,8,Monsoon
2021-08-27 18:00:00,38.0,0.95,43.8,8,Monsoon
2021-08-27 19:00:00,48.0,0.92,68.6,8,Monsoon
2021-08-27 20:00:00,59.0,0.88,85.98,8,Monsoon
2021-08-27 21:00:00,57.0,0.8,78.0,8,Monsoon
2021-08-27 22:00:00,62.25,0.28,127.15,8,Monsoon
2021-08-27 23:00:00,61.0,0.28,166.77,8,Monsoon
2021-08-28 00:00:00,44.0,0.3,160.12,8,Monsoon
2021-08-28 01:00:00,37.5,0.35,150.65,8,Monsoon
2021-08-28 02:00:00,36.5,0.42,160.0,8,Monsoon
2021-08-28 03:00:00,39.0,0.4,192.9,8,Monsoon
2021-08-28 04:00:00,41.75,0.42,251.65,8,Monsoon
2021-08-28 05:00:00,45.0,0.22,164.05,8,Monsoon
2021-08-28 06:00:00,62.25,0.22,179.18,8,Monsoon
2021-08-28 07:00:00,71.0,0.4,258.23,8,Monsoon
2021-08-28 08:00:00,49.0,0.5,280.32,8,Monsoon
2021-08-28 09:00:00,48.5,1.0,51.82,8,Monsoon
2021-08-28 10:00:00,56.0,0.57,162.75,8,Monsoon
2021-08-28 11:00:00,49.75,0.92,263.5,8,Monsoon
2021-08-28 12:00:00,32.25,1.15,249.1,8,Monsoon
2021-08-28 13:00:00,35.75,0.45,256.03,8,Monsoon
2021-08-28 14:00:00,33.75,0.82,303.75,8,Monsoon
2021-08-28 15:00:00,32.5,1.7,103.07,8,Monsoon
2021-08-28 16:00:00,39.0,2.02,64.5,8,Monsoon
2021-08-28 17:00:00,35.5,1.68,71.0,8,Monsoon
2021-08-28 18:00:00,34.5,1.42,70.68,8,Monsoon
2021-08-28 19:00:00,37.25,0.85,84.85,8,Monsoon
2021-08-28 20:00:00,43.75,1.42,73.38,8,Monsoon
2021-08-28 21:00:00,52.25,1.45,72.93,8,Monsoon
2021-08-28 22:00:00,51.75,1.38,73.2,8,Monsoon
2021-08-28 23:00:00,50.5,1.42,73.88,8,Monsoon
2021-08-29 00:00:00,57.75,1.38,70.7,8,Monsoon
2021-08-29 01:00:00,59.25,1.45,68.85,8,Monsoon
2021-08-29 02:00:00,65.5,1.3,67.88,8,Monsoon
2021-08-29 03:00:00,66.0,1.1,53.65,8,Monsoon
2021-08-29 04:00:00,69.5,1.32,67.97,8,Monsoon
2021-08-29 05:00:00,58.5,1.65,66.82,8,Monsoon
2021-08-29 06:00:00,52.5,1.62,57.5,8,Monsoon
2021-08-29 07:00:00,64.75,1.4,58.18,8,Monsoon
2021-08-29 08:00:00,61.5,1.15,68.42,8,Monsoon
2021-08-29 09:00:00,62.75,0.8,78.08,8,Monsoon
2021-08-29 10:00:00,60.5,0.72,42.08,8,Monsoon
2021-08-29 11:00:00,54.5,1.25,38.92,8,Monsoon
2021-08-29 12:00:00,48.5,1.2,40.62,8,Monsoon
2021-08-29 13:00:00,43.5,1.1,62.4,8,Monsoon
2021-08-29 14:00:00,43.25,0.95,33.95,8,Monsoon
2021-08-29 15:00:00,46.75,0.7,53.72,8,Monsoon
2021-08-29 16:00:00,45.75,0.88,90.98,8,Monsoon
2021-08-29 17:00:00,51.25,1.52,72.35,8,Monsoon
2021-08-29 18:00:00,69.75,1.02,84.75,8,Monsoon
2021-08-29 19:00:00,71.25,0.62,84.25,8,Monsoon
2021-08-29 20:00:00,73.75,0.98,82.45,8,Monsoon
2021-08-29 21:00:00,56.75,1.48,75.47,8,Monsoon
2021-08-29 22:00:00,43.0,1.48,78.85,8,Monsoon
2021-08-29 23:00:00,37.75,1.45,80.73,8,Monsoon
2021-08-30 00:00:00,31.0,1.62,77.38,8,Monsoon
2021-08-30 01:00:00,30.25,1.45,72.78,8,Monsoon
2021-08-30 02:00:00,27.25,1.33,73.18,8,Monsoon
2021-08-30 03:00:00,31.5,1.65,70.85,8,Monsoon
2021-08-30 04:00:00,46.5,1.25,48.68,8,Monsoon
2021-08-30 05:00:00,33.25,1.33,40.92,8,Monsoon
2021-08-30 06:00:00,31.5,1.23,37.85,8,Monsoon
2021-08-30 07:00:00,26.25,1.2,39.15,8,Monsoon
2021-08-30 08:00:00,30.5,1.48,40.97,8,Monsoon
2021-08-30 09:00:00,23.5,1.6,31.05,8,Monsoon
2021-08-30 10:00:00,24.75,1.5,43.1,8,Monsoon
2021-08-30 11:00:00,24.0,1.52,28.1,8,Monsoon
2021-08-30 12:00:00,24.25,1.4,29.85,8,Monsoon
2021-08-30 13:00:00,26.0,1.68,38.7,8,Monsoon
2021-08-30 14:00:00,25.75,1.8,61.35,8,Monsoon
2021-08-30 15:00:00,17.75,1.78,53.9,8,Monsoon
2021-08-30 16:00:00,21.5,1.88,59.05,8,Monsoon
2021-08-30 17:00:00,17.25,2.08,69.45,8,Monsoon
2021-08-30 18:00:00,18.5,1.82,71.05,8,Monsoon
2021-08-30 19:00:00,22.75,1.35,75.93,8,Monsoon
2021-08-30 20:00:00,30.75,1.55,76.82,8,Monsoon
2021-08-30 21:00:00,27.25,1.38,78.18,8,Monsoon
2021-08-30 22:00:00,19.75,1.55,71.7,8,Monsoon
2021-08-30 23:00:00,23.25,1.88,69.12,8,Monsoon
2021-08-31 00:00:00,25.25,1.72,70.3,8,Monsoon
2021-08-31 01:00:00,18.25,1.92,69.55,8,Monsoon
2021-08-31 02:00:00,16.5,1.7,57.45,8,Monsoon
2021-08-31 03:00:00,27.25,1.72,69.38,8,Monsoon
2021-08-31 04:00:00,26.5,1.6,63.48,8,Monsoon
2021-08-31 05:00:00,23.75,1.62,64.53,8,Monsoon
2021-08-31 06:00:00,26.75,1.08,76.72,8,Monsoon
2021-08-31 07:00:00,20.0,1.38,67.05,8,Monsoon
2021-08-31 08:00:00,22.5,1.62,57.15,8,Monsoon
2021-08-31 09:00:00,28.0,1.45,67.78,8,Monsoon
2021-08-31 10:00:00,23.5,2.08,70.47,8,Monsoon
2021-08-31 11:00:00,24.0,1.65,71.82,8,Monsoon
2021-08-31 12:00:00,12.0,0.43,101.22,8,Monsoon
2021-08-31 13:00:00,11.75,0.75,77.95,8,Monsoon
2021-08-31 14:00:00,12.5,1.25,71.35,8,Monsoon
2021-08-31 15:00:00,14.75,1.58,71.85,8,Monsoon
2021-08-31 16:00:00,10.25,1.42,60.08,8,Monsoon
2021-08-31 17:00:00,19.0,1.25,36.3,8,Monsoon
2021-08-31 18:00:00,27.5,1.25,58.42,8,Monsoon
2021-08-31 19:00:00,36.25,1.02,47.3,8,Monsoon
2021-08-31 20:00:00,37.0,1.45,50.8,8,Monsoon
2021-08-31 21:00:00,29.5,1.4,74.88,8,Monsoon
2021-08-31 22:00:00,32.75,1.2,73.55,8,Monsoon
2021-08-31 23:00:00,29.25,1.23,65.2,8,Monsoon
2021-09-01 00:00:00,30.75,1.2,53.9,9,Monsoon
2021-09-01 01:00:00,35.25,1.28,59.2,9,Monsoon
2021-09-01 02:00:00,40.0,1.32,46.75,9,Monsoon
2021-09-01 03:00:00,39.25,1.15,40.33,9,Monsoon
2021-09-01 04:00:00,46.75,1.23,20.25,9,Monsoon
2021-09-01 05:00:00,22.25,1.3,22.08,9,Monsoon
2021-09-01 06:00:00,23.5,1.25,34.88,9,Monsoon
2021-09-01 07:00:00,27.0,0.6,156.9,9,Monsoon
2021-09-01 08:00:00,28.75,1.28,79.7,9,Monsoon
2021-09-01 09:00:00,13.5,0.57,161.72,9,Monsoon
2021-09-01 10:00:00,6.0,0.98,70.75,9,Monsoon
2021-09-01 11:00:00,6.25,0.92,66.6,9,Monsoon
2021-09-01 12:00:00,9.25,1.15,94.62,9,Monsoon
2021-09-01 13:00:00,19.25,1.18,347.25,9,Monsoon
2021-09-01 14:00:00,25.75,1.15,15.1,9,Monsoon
2021-09-01 15:00:00,15.5,0.72,45.62,9,Monsoon
2021-09-01 16:00:00,11.25,0.82,64.9,9,Monsoon
2021-09-01 17:00:00,5.75,1.23,39.78,9,Monsoon
2021-09-01 18:00:00,15.25,0.95,39.67,9,Monsoon
2021-09-01 19:00:00,24.5,1.05,34.9,9,Monsoon
2021-09-01 20:00:00,39.75,1.02,27.68,9,Monsoon
2021-09-01 21:00:00,35.75,1.05,22.05,9,Monsoon
2021-09-01 22:00:00,37.25,0.82,31.85,9,Monsoon
2021-09-01 23:00:00,43.0,0.8,31.07,9,Monsoon
2021-09-02 00:00:00,40.5,0.88,63.0,9,Monsoon
2021-09-02 01:00:00,41.25,0.82,41.75,9,Monsoon
2021-09-02 02:00:00,41.0,0.98,28.65,9,Monsoon
2021-09-02 03:00:00,45.25,1.15,23.85,9,Monsoon
2021-09-02 04:00:00,39.0,1.03,23.3,9,Monsoon
2021-09-02 05:00:00,36.5,1.17,25.05,9,Monsoon
2021-09-02 06:00:00,37.5,0.98,23.85,9,Monsoon
2021-09-02 07:00:00,35.5,1.0,83.05,9,Monsoon
2021-09-02 08:00:00,29.0,1.6,59.9,9,Monsoon
2021-09-02 09:00:00,14.0,1.38,38.28,9,Monsoon
2021-09-02 10:00:00,15.25,1.55,44.12,9,Monsoon
2021-09-02 11:00:00,18.25,1.25,52.75,9,Monsoon
2021-09-02 12:00:00,13.75,1.0,67.5,9,Monsoon
2021-09-02 13:00:00,7.5,1.55,47.08,9,Monsoon
2021-09-02 14:00:00,10.0,1.62,52.92,9,Monsoon
2021-09-02 15:00:00,13.0,1.3,56.22,9,Monsoon
2021-09-02 16:00:00,13.25,1.15,70.7,9,Monsoon
2021-09-02 17:00:00,14.0,1.15,73.68,9,Monsoon
2021-09-02 18:00:00,16.75,1.05,80.38,9,Monsoon
2021-09-02 19:00:00,26.5,0.9,75.58,9,Monsoon
2021-09-02 20:00:00,33.0,0.95,78.15,9,Monsoon
2021-09-02 21:00:00,41.0,1.02,40.3,9,Monsoon
2021-09-02 22:00:00,46.75,0.68,91.95,9,Monsoon
2021-09-02 23:00:00,48.5,0.32,98.28,9,Monsoon
2021-09-03 00:00:00,58.5,0.52,64.35,9,Monsoon
2021-09-03 01:00:00,63.25,0.88,112.52,9,Monsoon
2021-09-03 02:00:00,41.5,1.02,272.97,9,Monsoon
2021-09-03 03:00:00,6.5,1.2,180.52,9,Monsoon
2021-09-03 04:00:00,21.5,1.15,18.0,9,Monsoon
2021-09-03 05:00:00,13.5,1.27,26.55,9,Monsoon
2021-09-03 06:00:00,5.75,1.27,54.0,9,Monsoon
2021-09-03 07:00:00,12.75,1.15,46.22,9,Monsoon
2021-09-03 08:00:00,11.75,0.98,73.45,9,Monsoon
2021-09-03 09:00:00,22.75,1.35,71.88,9,Monsoon
2021-09-03 10:00:00,33.25,1.08,87.45,9,Monsoon
2021-09-03 11:00:00,43.0,0.92,85.75,9,Monsoon
2021-09-03 12:00:00,49.0,0.75,105.82,9,Monsoon
2021-09-03 13:00:00,34.75,0.72,141.5,9,Monsoon
2021-09-03 14:00:00,19.25,0.73,146.98,9,Monsoon
2021-09-03 15:00:00,20.0,0.8,155.82,9,Monsoon
2021-09-03 16:00:00,19.0,0.72,163.52,9,Monsoon
2021-09-03 17:00:00,14.0,1.15,265.4,9,Monsoon
2021-09-03 18:00:00,12.0,1.72,322.9,9,Monsoon
2021-09-03 19:00:00,33.0,1.27,9.6,9,Monsoon
2021-09-03 20:00:00,39.0,1.4,24.92,9,Monsoon
2021-09-03 21:00:00,16.0,1.15,44.68,9,Monsoon
2021-09-03 22:00:00,17.0,0.68,106.1,9,Monsoon
2021-09-03 23:00:00,17.0,1.15,55.8,9,Monsoon
2021-09-04 00:00:00,20.0,1.27,64.03,9,Monsoon
2021-09-04 01:00:00,25.0,1.55,63.42,9,Monsoon
2021-09-04 02:00:00,30.0,1.3,72.23,9,Monsoon
2021-09-04 03:00:00,19.0,0.92,74.03,9,Monsoon
2021-09-04 04:00:00,24.0,0.68,97.98,9,Monsoon
2021-09-04 05:00:00,27.0,1.05,280.32,9,Monsoon
2021-09-04 06:00:00,29.0,1.4,116.92,9,Monsoon
2021-09-04 07:00:00,22.0,0.78,78.4,9,Monsoon
2021-09-04 08:00:00,11.0,0.98,77.9,9,Monsoon
2021-09-04 09:00:00,11.0,0.82,63.3,9,Monsoon
2021-09-04 10:00:00,11.0,0.78,79.4,9,Monsoon
2021-09-04 11:00:00,20.0,0.65,91.55,9,Monsoon
2021-09-04 12:00:00,34.0,0.55,152.35,9,Monsoon
2021-09-04 13:00:00,34.0,0.5,60.35,9,Monsoon
2021-09-04 14:00:00,44.0,1.08,86.12,9,Monsoon
2021-09-04 15:00:00,14.0,1.23,18.2,9,Monsoon
2021-09-04 16:00:00,27.0,1.0,55.27,9,Monsoon
2021-09-04 17:00:00,13.0,0.5,92.95,9,Monsoon
2021-09-04 18:00:00,11.0,0.3,128.25,9,Monsoon
2021-09-04 19:00:00,14.0,0.32,143.65,9,Monsoon
2021-09-04 20:00:00,33.0,0.48,65.88,9,Monsoon
2021-09-04 21:00:00,41.0,0.5,82.35,9,Monsoon
2021-09-04 22:00:00,44.0,0.2,141.78,9,Monsoon
2021-09-04 23:00:00,46.0,0.38,91.05,9,Monsoon
2021-09-05 00:00:00,69.0,0.65,31.02,9,Monsoon
2021-09-05 01:00:00,79.0,0.7,70.18,9,Monsoon
2021-09-05 02:00:00,86.0,0.85,71.68,9,Monsoon
2021-09-05 03:00:00,84.0,0.98,78.23,9,Monsoon
2021-09-05 04:00:00,95.0,0.82,76.0,9,Monsoon
2021-09-05 05:00:00,77.0,0.78,72.78,9,Monsoon
2021-09-05 06:00:00,63.0,0.72,58.55,9,Monsoon
2021-09-05 07:00:00,85.0,0.92,63.4,9,Monsoon
2021-09-05 08:00:00,85.0,0.95,68.95,9,Monsoon
2021-09-05 09:00:00,89.0,0.8,85.8,9,Monsoon
2021-09-05 10:00:00,75.0,0.65,102.08,9,Monsoon
2021-09-05 11:00:00,58.0,0.65,70.75,9,Monsoon
2021-09-05 12:00:00,50.0,0.62,171.68,9,Monsoon
2021-09-05 13:00:00,61.0,1.4,53.65,9,Monsoon
2021-09-05 14:00:00,41.0,0.68,118.7,9,Monsoon
2021-09-05 15:00:00,44.0,0.85,266.85,9,Monsoon
2021-09-05 16:00:00,19.0,0.68,270.45,9,Monsoon
2021-09-05 17:00:00,18.0,0.68,251.32,9,Monsoon
2021-09-05 18:00:00,36.0,0.55,230.45,9,Monsoon
2021-09-05 19:00:00,58.0,0.57,274.45,9,Monsoon
2021-09-05 20:00:00,50.0,0.55,222.5,9,Monsoon
2021-09-05 21:00:00,116.0,0.32,127.43,9,Monsoon
2021-09-05 22:00:00,63.0,0.25,132.78,9,Monsoon
2021-09-05 23:00:00,67.0,0.22,112.8,9,Monsoon
2021-09-06 00:00:00,72.0,0.38,76.88,9,Monsoon
2021-09-06 01:00:00,70.0,0.38,130.7,9,Monsoon
2021-09-06 02:00:00,83.0,0.82,45.5,9,Monsoon
2021-09-06 03:00:00,106.0,1.23,27.15,9,Monsoon
2021-09-06 04:00:00,94.0,1.02,64.6,9,Monsoon
2021-09-06 05:00:00,90.0,0.65,78.88,9,Monsoon
2021-09-06 06:00:00,58.0,0.77,76.4,9,Monsoon
2021-09-06 07:00:00,59.0,1.05,65.58,9,Monsoon
2021-09-06 08:00:00,74.0,0.78,73.05,9,Monsoon
2021-09-06 09:00:00,89.0,0.75,120.18,9,Monsoon
2021-09-06 10:00:00,92.0,0.68,156.15,9,Monsoon
2021-09-06 11:00:00,29.0,0.52,140.6,9,Monsoon
2021-09-06 12:00:00,20.0,0.92,77.5,9,Monsoon
2021-09-06 13:00:00,28.0,0.62,89.18,9,Monsoon
2021-09-06 14:00:00,27.0,0.38,143.9,9,Monsoon
2021-09-06 15:00:00,18.0,0.35,185.05,9,Monsoon
2021-09-06 16:00:00,33.0,0.68,215.92,9,Monsoon
2021-09-06 17:00:00,25.0,0.68,179.15,9,Monsoon
2021-09-06 18:00:00,40.0,0.98,37.6,9,Monsoon
2021-09-06 19:00:00,59.0,0.85,34.67,9,Monsoon
2021-09-06 20:00:00,74.0,1.05,57.25,9,Monsoon
2021-09-06 21:00:00,111.0,1.27,78.62,9,Monsoon
2021-09-06 22:00:00,68.0,0.7,73.62,9,Monsoon
2021-09-06 23:00:00,67.0,0.72,69.68,9,Monsoon
2021-09-07 00:00:00,74.0,0.35,143.62,9,Monsoon
2021-09-07 01:00:00,73.0,0.35,167.48,9,Monsoon
2021-09-07 02:00:00,47.0,0.18,110.0,9,Monsoon
2021-09-07 03:00:00,47.0,0.35,97.1,9,Monsoon
2021-09-07 04:00:00,38.0,0.72,71.85,9,Monsoon
2021-09-07 05:00:00,40.0,0.62,75.58,9,Monsoon
2021-09-07 06:00:00,31.0,0.82,68.1,9,Monsoon
2021-09-07 07:00:00,34.0,1.42,71.6,9,Monsoon
2021-09-07 08:00:00,52.0,1.72,66.9,9,Monsoon
2021-09-07 09:00:00,56.0,1.72,70.0,9,Monsoon
2021-09-07 10:00:00,58.0,1.48,69.12,9,Monsoon
2021-09-07 11:00:00,62.0,1.5,70.8,9,Monsoon
2021-09-07 12:00:00,64.0,1.45,80.0,9,Monsoon
2021-09-07 13:00:00,62.0,1.67,62.82,9,Monsoon
2021-09-07 14:00:00,57.0,1.67,70.05,9,Monsoon
2021-09-07 15:00:00,61.0,1.3,52.92,9,Monsoon
2021-09-07 16:00:00,48.0,1.32,19.92,9,Monsoon
2021-09-07 17:00:00,52.0,1.3,180.75,9,Monsoon
2021-09-07 18:00:00,75.0,1.08,99.35,9,Monsoon
2021-09-07 19:00:00,78.0,0.92,156.07,9,Monsoon
2021-09-07 20:00:00,24.0,1.45,18.38,9,Monsoon
2021-09-07 21:00:00,35.0,1.25,28.5,9,Monsoon
2021-09-07 22:00:00,36.0,1.08,70.32,9,Monsoon
2021-09-07 23:00:00,33.0,0.98,47.15,9,Monsoon
2021-09-08 00:00:00,107.0,1.48,65.68,9,Monsoon
2021-09-08 01:00:00,40.0,1.65,72.18,9,Monsoon
2021-09-08 02:00:00,27.0,1.88,69.58,9,Monsoon
2021-09-08 03:00:00,27.0,1.75,68.05,9,Monsoon
2021-09-08 04:00:00,39.0,1.72,68.78,9,Monsoon
2021-09-08 05:00:00,28.0,1.68,69.12,9,Monsoon
2021-09-08 06:00:00,17.0,1.65,67.78,9,Monsoon
2021-09-08 07:00:00,20.0,1.62,71.25,9,Monsoon
2021-09-08 08:00:00,17.0,1.85,72.3,9,Monsoon
2021-09-08 09:00:00,17.0,2.05,74.85,9,Monsoon
2021-09-08 10:00:00,18.0,2.05,77.72,9,Monsoon
2021-09-08 11:00:00,17.0,1.75,78.47,9,Monsoon
2021-09-08 12:00:00,16.0,1.78,78.3,9,Monsoon
2021-09-08 13:00:00,17.0,2.1,73.95,9,Monsoon
2021-09-08 14:00:00,14.0,1.9,74.5,9,Monsoon
2021-09-08 15:00:00,11.0,2.1,58.0,9,Monsoon
2021-09-08 16:00:00,18.0,1.85,57.58,9,Monsoon
2021-09-08 17:00:00,13.0,1.25,76.12,9,Monsoon
2021-09-08 18:00:00,12.0,1.42,71.47,9,Monsoon
2021-09-08 19:00:00,19.0,1.42,75.5,9,Monsoon
2021-09-08 20:00:00,30.0,1.62,73.57,9,Monsoon
2021-09-08 21:00:00,30.0,1.4,73.85,9,Monsoon
2021-09-08 22:00:00,24.0,1.42,76.85,9,Monsoon
2021-09-08 23:00:00,31.0,1.68,68.68,9,Monsoon
2021-09-09 00:00:00,30.0,1.27,65.02,9,Monsoon
2021-09-09 01:00:00,42.0,1.35,56.52,9,Monsoon
2021-09-09 02:00:00,72.0,1.8,65.7,9,Monsoon
2021-09-09 03:00:00,41.0,1.7,66.97,9,Monsoon
2021-09-09 04:00:00,35.0,1.75,66.62,9,Monsoon
2021-09-09 05:00:00,25.0,1.98,65.78,9,Monsoon
2021-09-09 06:00:00,19.0,1.7,68.28,9,Monsoon
2021-09-09 07:00:00,23.0,1.85,62.22,9,Monsoon
2021-09-09 08:00:00,24.0,1.9,66.18,9,Monsoon
2021-09-09 09:00:00,30.0,2.08,61.88,9,Monsoon
2021-09-09 10:00:00,27.0,1.9,74.1,9,Monsoon
2021-09-09 11:00:00,24.0,1.9,72.97,9,Monsoon
2021-09-09 12:00:00,19.0,2.17,71.08,9,Monsoon
2021-09-09 13:00:00,17.0,2.05,64.9,9,Monsoon
2021-09-09 14:00:00,19.0,2.0,59.48,9,Monsoon
2021-09-09 15:00:00,25.0,1.98,67.25,9,Monsoon
2021-09-09 16:00:00,22.0,1.8,70.5,9,Monsoon
2021-09-09 17:00:00,23.0,1.15,74.18,9,Monsoon
2021-09-09 18:00:00,22.0,1.18,75.88,9,Monsoon
2021-09-09 19:00:00,31.0,0.88,74.2,9,Monsoon
2021-09-09 20:00:00,36.0,1.1,74.0,9,Monsoon
2021-09-09 21:00:00,42.0,1.2,76.62,9,Monsoon
2021-09-09 22:00:00,56.0,1.3,68.8,9,Monsoon
2021-09-09 23:00:00,59.0,1.2,57.38,9,Monsoon
2021-09-10 00:00:00,59.0,1.33,28.28,9,Monsoon
2021-09-10 01:00:00,101.0,1.52,53.02,9,Monsoon
2021-09-10 02:00:00,64.0,1.48,70.58,9,Monsoon
2021-09-10 03:00:00,39.0,1.67,59.6,9,Monsoon
2021-09-10 04:00:00,41.0,1.68,67.38,9,Monsoon
2021-09-10 05:00:00,36.0,1.62,53.2,9,Monsoon
2021-09-10 06:00:00,38.0,1.68,48.7,9,Monsoon
2021-09-10 07:00:00,40.0,2.05,68.3,9,Monsoon
2021-09-10 08:00:00,24.0,2.0,67.82,9,Monsoon
2021-09-10 09:00:00,27.0,1.55,74.58,9,Monsoon
2021-09-10 10:00:00,33.0,1.85,82.88,9,Monsoon
2021-09-10 11:00:00,38.0,1.9,77.57,9,Monsoon
2021-09-10 12:00:00,35.0,1.62,76.88,9,Monsoon
2021-09-10 13:00:00,38.0,2.15,72.3,9,Monsoon
2021-09-10 14:00:00,22.0,1.95,76.5,9,Monsoon
2021-09-10 15:00:00,17.0,2.08,73.58,9,Monsoon
2021-09-10 16:00:00,25.0,1.98,74.32,9,Monsoon
2021-09-10 17:00:00,17.0,2.0,67.85,9,Monsoon
2021-09-10 18:00:00,20.0,1.7,72.28,9,Monsoon
2021-09-10 19:00:00,27.0,1.65,72.0,9,Monsoon
2021-09-10 20:00:00,33.0,0.62,105.7,9,Monsoon
2021-09-10 21:00:00,19.0,0.95,77.12,9,Monsoon
2021-09-10 22:00:00,16.0,1.32,71.15,9,Monsoon
2021-09-10 23:00:00,23.0,1.38,48.62,9,Monsoon
2021-09-11 00:00:00,40.0,1.75,66.88,9,Monsoon
2021-09-11 01:00:00,41.0,1.6,63.95,9,Monsoon
2021-09-11 02:00:00,55.0,0.88,94.08,9,Monsoon
2021-09-11 03:00:00,20.0,1.33,72.9,9,Monsoon
2021-09-11 04:00:00,13.0,1.35,48.6,9,Monsoon
2021-09-11 05:00:00,30.0,2.08,57.15,9,Monsoon
2021-09-11 06:00:00,17.0,2.0,70.45,9,Monsoon
2021-09-11 07:00:00,1.0,1.8,68.15,9,Monsoon
2021-09-11 08:00:00,7.0,1.4,72.05,9,Monsoon
2021-09-11 09:00:00,8.0,1.8,34.72,9,Monsoon
2021-09-11 10:00:00,6.0,1.25,35.02,9,Monsoon
2021-09-11 11:00:00,16.0,1.25,23.0,9,Monsoon
2021-09-11 12:00:00,23.0,1.05,69.9,9,Monsoon
2021-09-11 13:00:00,23.0,1.05,55.52,9,Monsoon
2021-09-11 14:00:00,11.0,1.38,28.25,9,Monsoon
2021-09-11 15:00:00,18.0,1.82,68.78,9,Monsoon
2021-09-11 16:00:00,6.0,1.88,47.2,9,Monsoon
2021-09-11 17:00:00,8.0,1.5,35.75,9,Monsoon
2021-09-11 18:00:00,9.0,1.08,59.55,9,Monsoon
2021-09-11 19:00:00,12.0,1.25,77.25,9,Monsoon
2021-09-11 20:00:00,12.0,1.15,48.15,9,Monsoon
2021-09-11 21:00:00,19.0,1.7,71.03,9,Monsoon
2021-09-11 22:00:00,17.0,1.62,69.05,9,Monsoon
2021-09-11 23:00:00,13.0,1.65,65.72,9,Monsoon
2021-09-12 00:00:00,7.0,1.8,69.62,9,Monsoon
2021-09-12 01:00:00,12.0,1.0,56.9,9,Monsoon
2021-09-12 02:00:00,13.0,1.25,26.33,9,Monsoon
2021-09-12 03:00:00,9.0,0.95,37.1,9,Monsoon
2021-09-12 04:00:00,11.0,1.38,60.4,9,Monsoon
2021-09-12 05:00:00,12.0,1.1,47.92,9,Monsoon
2021-09-12 06:00:00,12.0,1.08,50.55,9,Monsoon
2021-09-12 07:00:00,12.0,1.32,65.58,9,Monsoon
2021-09-12 08:00:00,17.0,1.02,72.4,9,Monsoon
2021-09-12 09:00:00,23.0,1.23,75.32,9,Monsoon
2021-09-12 10:00:00,34.0,0.95,81.3,9,Monsoon
2021-09-12 11:00:00,36.0,0.98,83.18,9,Monsoon
2021-09-12 12:00:00,30.0,0.9,93.25,9,Monsoon
2021-09-12 13:00:00,30.0,0.82,76.57,9,Monsoon
2021-09-12 14:00:00,30.0,0.85,56.15,9,Monsoon
2021-09-12 15:00:00,34.0,1.18,76.5,9,Monsoon
2021-09-12 16:00:00,27.0,0.48,181.38,9,Monsoon
2021-09-12 17:00:00,38.0,0.68,230.4,9,Monsoon
2021-09-12 18:00:00,44.0,0.8,268.58,9,Monsoon
2021-09-12 19:00:00,24.0,0.85,295.78,9,Monsoon
2021-09-12 20:00:00,44.0,0.88,281.08,9,Monsoon
2021-09-12 21:00:00,36.0,0.95,313.62,9,Monsoon
2021-09-12 22:00:00,30.0,0.8,323.12,9,Monsoon
2021-09-12 23:00:00,44.0,0.72,13.75,9,Monsoon
2021-09-13 00:00:00,100.0,0.8,21.62,9,Monsoon
2021-09-13 01:00:00,74.0,0.75,16.88,9,Monsoon
2021-09-13 02:00:00,40.0,1.0,24.35,9,Monsoon
2021-09-13 03:00:00,39.0,0.95,33.1,9,Monsoon
2021-09-13 04:00:00,46.0,1.0,21.75,9,Monsoon
2021-09-13 05:00:00,38.0,1.23,29.62,9,Monsoon
2021-09-13 06:00:00,33.0,1.08,44.22,9,Monsoon
2021-09-13 07:00:00,34.0,1.0,42.2,9,Monsoon
2021-09-13 08:00:00,31.0,0.95,57.03,9,Monsoon
2021-09-13 09:00:00,29.0,1.0,73.85,9,Monsoon
2021-09-13 10:00:00,34.0,0.75,77.38,9,Monsoon
2021-09-13 11:00:00,34.0,0.65,78.53,9,Monsoon
2021-09-13 12:00:00,22.0,0.95,78.62,9,Monsoon
2021-09-13 13:00:00,25.0,2.95,337.65,9,Monsoon
2021-09-13 14:00:00,24.0,1.12,152.7,9,Monsoon
2021-09-13 15:00:00,9.0,1.75,64.95,9,Monsoon
2021-09-13 16:00:00,12.0,0.52,156.52,9,Monsoon
2021-09-13 17:00:00,18.0,0.32,200.18,9,Monsoon
2021-09-13 18:00:00,14.0,0.8,179.58,9,Monsoon
2021-09-13 19:00:00,25.0,1.23,18.25,9,Monsoon
2021-09-13 20:00:00,35.0,1.17,22.9,9,Monsoon
2021-09-13 21:00:00,30.0,1.52,55.38,9,Monsoon
2021-09-13 22:00:00,28.0,1.6,68.15,9,Monsoon
2021-09-13 23:00:00,24.0,1.45,54.47,9,Monsoon
2021-09-14 00:00:00,24.0,1.32,64.47,9,Monsoon
2021-09-14 01:00:00,13.0,1.18,47.08,9,Monsoon
2021-09-14 02:00:00,8.0,1.23,20.35,9,Monsoon
2021-09-14 03:00:00,14.0,1.2,27.95,9,Monsoon
2021-09-14 04:00:00,30.0,1.0,15.58,9,Monsoon
2021-09-14 05:00:00,19.0,0.9,13.32,9,Monsoon
2021-09-14 06:00:00,29.0,1.1,23.62,9,Monsoon
2021-09-14 07:00:00,35.0,1.15,42.4,9,Monsoon
2021-09-14 08:00:00,45.0,1.35,27.62,9,Monsoon
2021-09-14 09:00:00,50.0,1.35,34.5,9,Monsoon
2021-09-14 10:00:00,51.0,1.6,41.55,9,Monsoon
2021-09-14 11:00:00,36.0,1.55,29.38,9,Monsoon
2021-09-14 12:00:00,36.0,1.85,21.08,9,Monsoon
2021-09-14 13:00:00,35.0,1.85,21.25,9,Monsoon
2021-09-14 14:00:00,27.0,1.55,21.28,9,Monsoon
2021-09-14 15:00:00,34.0,1.62,10.35,9,Monsoon
2021-09-14 16:00:00,22.0,1.5,27.05,9,Monsoon
2021-09-14 17:00:00,18.0,1.18,18.27,9,Monsoon
2021-09-14 18:00:00,25.0,0.88,182.08,9,Monsoon
2021-09-14 19:00:00,42.0,1.0,33.28,9,Monsoon
2021-09-14 20:00:00,72.0,1.15,43.35,9,Monsoon
2021-09-14 21:00:00,59.0,1.48,59.22,9,Monsoon
2021-09-14 22:00:00,50.0,1.32,50.48,9,Monsoon
2021-09-14 23:00:00,31.0,1.45,37.48,9,Monsoon
2021-09-15 00:00:00,36.0,1.62,63.1,9,Monsoon
2021-09-15 01:00:00,30.0,1.2,44.95,9,Monsoon
2021-09-15 02:00:00,50.0,1.38,43.72,9,Monsoon
2021-09-15 03:00:00,34.0,1.27,76.85,9,Monsoon
2021-09-15 04:00:00,11.0,0.6,131.45,9,Monsoon
2021-09-15 05:00:00,12.0,0.6,62.75,9,Monsoon
2021-09-15 06:00:00,25.0,1.12,48.6,9,Monsoon
2021-09-15 07:00:00,31.0,1.22,45.45,9,Monsoon
2021-09-15 08:00:00,30.0,1.23,74.28,9,Monsoon
2021-09-15 09:00:00,8.0,1.1,94.4,9,Monsoon
2021-09-15 10:00:00,17.0,1.42,80.78,9,Monsoon
2021-09-15 11:00:00,17.0,1.78,71.78,9,Monsoon
2021-09-15 12:00:00,16.0,1.7,73.22,9,Monsoon
2021-09-15 13:00:00,19.0,1.75,57.77,9,Monsoon
2021-09-15 14:00:00,18.0,1.42,73.08,9,Monsoon
2021-09-15 15:00:00,11.0,0.98,79.43,9,Monsoon
2021-09-15 16:00:00,7.0,0.5,72.35,9,Monsoon
2021-09-15 17:00:00,6.0,0.52,164.55,9,Monsoon
2021-09-15 18:00:00,11.0,0.68,192.18,9,Monsoon
2021-09-15 19:00:00,25.0,0.12,124.7,9,Monsoon
2021-09-15 20:00:00,128.0,0.38,174.5,9,Monsoon
2021-09-15 21:00:00,64.0,0.57,235.1,9,Monsoon
2021-09-15 22:00:00,42.0,0.38,169.52,9,Monsoon
2021-09-15 23:00:00,46.0,0.28,207.48,9,Monsoon
2021-09-16 00:00:00,48.0,0.4,269.15,9,Monsoon
2021-09-16 01:00:00,52.0,0.25,216.5,9,Monsoon
2021-09-16 02:00:00,41.0,0.45,271.48,9,Monsoon
2021-09-16 03:00:00,63.0,0.58,283.7,9,Monsoon
2021-09-16 04:00:00,69.0,0.45,211.9,9,Monsoon
2021-09-16 05:00:00,48.0,0.32,126.62,9,Monsoon
2021-09-16 06:00:00,77.0,0.52,112.42,9,Monsoon
2021-09-16 07:00:00,116.0,0.57,218.92,9,Monsoon
2021-09-16 08:00:00,55.0,0.62,186.12,9,Monsoon
2021-09-16 09:00:00,47.0,0.92,169.92,9,Monsoon
2021-09-16 10:00:00,29.0,1.02,165.42,9,Monsoon
2021-09-16 11:00:00,22.0,0.75,132.48,9,Monsoon
2021-09-16 12:00:00,8.0,0.55,231.75,9,Monsoon
2021-09-16 13:00:00,7.0,0.72,162.8,9,Monsoon
2021-09-16 14:00:00,6.0,1.17,74.22,9,Monsoon
2021-09-16 15:00:00,8.6,1.25,73.0,9,Monsoon
2021-09-16 16:00:00,11.2,0.62,86.35,9,Monsoon
2021-09-16 17:00:00,13.8,0.2,139.62,9,Monsoon
2021-09-16 18:00:00,,0.4,193.6,9,Monsoon
2021-09-16 19:00:00,19.0,0.45,128.38,9,Monsoon
2021-09-16 20:00:00,35.0,0.92,86.98,9,Monsoon
2021-09-16 21:00:00,31.0,0.8,79.97,9,Monsoon
2021-09-16 22:00:00,19.0,0.43,128.6,9,Monsoon
2021-09-16 23:00:00,14.0,0.68,10.92,9,Monsoon
2021-09-17 00:00:00,38.0,1.3,6.85,9,Monsoon
2021-09-17 01:00:00,25.0,1.18,268.62,9,Monsoon
2021-09-17 02:00:00,19.0,1.1,343.4,9,Monsoon
2021-09-17 03:00:00,29.0,1.42,329.78,9,Monsoon
2021-09-17 04:00:00,24.0,0.8,132.6,9,Monsoon
2021-09-17 05:00:00,22.0,0.5,233.6,9,Monsoon
2021-09-17 06:00:00,18.0,0.8,24.9,9,Monsoon
2021-09-17 07:00:00,78.0,1.02,177.28,9,Monsoon
2021-09-17 08:00:00,57.0,1.4,25.9,9,Monsoon
2021-09-17 09:00:00,34.0,1.65,42.92,9,Monsoon
2021-09-17 10:00:00,17.0,1.9,44.78,9,Monsoon
2021-09-17 11:00:00,21.25,2.0,58.85,9,Monsoon
2021-09-17 12:00:00,19.0,1.55,38.0,9,Monsoon
2021-09-17 13:00:00,19.25,1.32,11.75,9,Monsoon
2021-09-17 14:00:00,21.75,1.6,92.78,9,Monsoon
2021-09-17 15:00:00,24.75,1.92,266.95,9,Monsoon
2021-09-17 16:00:00,17.75,1.62,17.75,9,Monsoon
2021-09-17 17:00:00,17.25,1.27,22.75,9,Monsoon
2021-09-17 18:00:00,21.75,1.1,33.7,9,Monsoon
2021-09-17 19:00:00,34.75,1.17,27.75,9,Monsoon
2021-09-17 20:00:00,43.25,1.05,45.88,9,Monsoon
2021-09-17 21:00:00,48.75,1.03,55.92,9,Monsoon
2021-09-17 22:00:00,37.0,1.08,38.42,9,Monsoon
2021-09-17 23:00:00,40.0,1.17,32.45,9,Monsoon
2021-09-18 00:00:00,57.5,1.2,53.55,9,Monsoon
2021-09-18 01:00:00,54.0,1.45,35.0,9,Monsoon
2021-09-18 02:00:00,43.75,1.35,72.8,9,Monsoon
2021-09-18 03:00:00,30.0,1.1,53.58,9,Monsoon
2021-09-18 04:00:00,28.5,1.2,42.78,9,Monsoon
2021-09-18 05:00:00,31.0,1.12,21.9,9,Monsoon
2021-09-18 06:00:00,24.5,1.65,25.98,9,Monsoon
2021-09-18 07:00:00,24.25,1.38,25.42,9,Monsoon
2021-09-18 08:00:00,26.75,1.48,67.1,9,Monsoon
2021-09-18 09:00:00,23.0,1.4,56.2,9,Monsoon
2021-09-18 10:00:00,22.75,1.55,48.68,9,Monsoon
2021-09-18 11:00:00,22.0,1.65,48.08,9,Monsoon
2021-09-18 12:00:00,21.5,1.98,49.95,9,Monsoon
2021-09-18 13:00:00,19.25,1.88,51.92,9,Monsoon
2021-09-18 14:00:00,16.0,2.1,55.38,9,Monsoon
2021-09-18 15:00:00,12.0,1.7,70.07,9,Monsoon
2021-09-18 16:00:00,11.0,1.55,74.12,9,Monsoon
2021-09-18 17:00:00,16.75,1.65,69.62,9,Monsoon
2021-09-18 18:00:00,19.0,1.35,73.7,9,Monsoon
2021-09-18 19:00:00,30.75,1.22,72.22,9,Monsoon
2021-09-18 20:00:00,40.25,1.2,76.9,9,Monsoon
2021-09-18 21:00:00,46.75,1.23,74.88,9,Monsoon
2021-09-18 22:00:00,55.0,1.32,73.82,9,Monsoon
2021-09-18 23:00:00,56.0,1.27,73.42,9,Monsoon
2021-09-19 00:00:00,56.25,1.27,69.35,9,Monsoon
2021-09-19 01:00:00,57.0,1.58,69.88,9,Monsoon
2021-09-19 02:00:00,54.5,1.35,67.62,9,Monsoon
2021-09-19 03:00:00,46.75,1.3,56.85,9,Monsoon
2021-09-19 04:00:00,45.75,1.23,64.38,9,Monsoon
2021-09-19 05:00:00,41.5,1.27,71.18,9,Monsoon
2021-09-19 06:00:00,31.5,1.28,64.45,9,Monsoon
2021-09-19 07:00:00,36.25,1.35,39.42,9,Monsoon
2021-09-19 08:00:00,43.5,1.3,62.12,9,Monsoon
2021-09-19 09:00:00,36.75,1.2,62.38,9,Monsoon
2021-09-19 10:00:00,35.5,1.55,67.82,9,Monsoon
2021-09-19 11:00:00,23.5,1.85,61.1,9,Monsoon
2021-09-19 12:00:00,19.25,1.75,59.88,9,Monsoon
2021-09-19 13:00:00,19.25,1.88,64.45,9,Monsoon
2021-09-19 14:00:00,16.75,1.55,75.38,9,Monsoon
2021-09-19 15:00:00,17.0,1.2,81.35,9,Monsoon
2021-09-19 16:00:00,20.5,1.08,76.85,9,Monsoon
2021-09-19 17:00:00,22.25,0.25,155.75,9,Monsoon
2021-09-19 18:00:00,22.75,0.32,120.35,9,Monsoon
2021-09-19 19:00:00,33.25,0.77,59.65,9,Monsoon
2021-09-19 20:00:00,64.25,0.45,72.4,9,Monsoon
2021-09-19 21:00:00,55.0,0.2,146.07,9,Monsoon
2021-09-19 22:00:00,50.25,0.25,141.02,9,Monsoon
2021-09-19 23:00:00,40.5,0.25,158.8,9,Monsoon
2021-09-20 00:00:00,27.25,0.22,104.07,9,Monsoon
2021-09-20 01:00:00,30.0,0.18,83.0,9,Monsoon
2021-09-20 02:00:00,35.5,0.3,62.12,9,Monsoon
2021-09-20 03:00:00,34.25,0.98,66.78,9,Monsoon
2021-09-20 04:00:00,37.5,0.9,30.62,9,Monsoon
2021-09-20 05:00:00,45.75,0.98,52.58,9,Monsoon
2021-09-20 06:00:00,54.0,1.12,58.45,9,Monsoon
2021-09-20 07:00:00,68.0,1.2,40.62,9,Monsoon
2021-09-20 08:00:00,51.75,1.3,67.32,9,Monsoon
2021-09-20 09:00:00,37.0,1.18,59.4,9,Monsoon
2021-09-20 10:00:00,29.5,1.02,67.9,9,Monsoon
2021-09-20 11:00:00,26.0,1.33,67.35,9,Monsoon
2021-09-20 12:00:00,29.5,1.05,73.47,9,Monsoon
2021-09-20 13:00:00,30.75,1.25,63.68,9,Monsoon
2021-09-20 14:00:00,29.75,1.08,75.07,9,Monsoon
2021-09-20 15:00:00,28.75,1.22,67.45,9,Monsoon
2021-09-20 16:00:00,27.75,1.12,75.57,9,Monsoon
2021-09-20 17:00:00,27.0,1.58,75.1,9,Monsoon
2021-09-20 18:00:00,31.0,1.05,78.97,9,Monsoon
2021-09-20 19:00:00,29.0,0.32,117.15,9,Monsoon
2021-09-20 20:00:00,52.0,0.25,104.1,9,Monsoon
2021-09-20 21:00:00,57.0,0.38,76.68,9,Monsoon
2021-09-20 22:00:00,39.0,0.57,69.95,9,Monsoon
2021-09-20 23:00:00,39.0,0.98,64.47,9,Monsoon
2021-09-21 00:00:00,47.0,1.0,72.05,9,Monsoon
2021-09-21 01:00:00,57.0,0.88,74.68,9,Monsoon
2021-09-21 02:00:00,67.0,0.8,77.15,9,Monsoon
2021-09-21 03:00:00,85.0,0.62,72.92,9,Monsoon
2021-09-21 04:00:00,89.0,0.75,71.78,9,Monsoon
2021-09-21 05:00:00,92.0,0.65,75.62,9,Monsoon
2021-09-21 06:00:00,74.0,0.9,68.35,9,Monsoon
2021-09-21 07:00:00,57.0,1.02,62.1,9,Monsoon
2021-09-21 08:00:00,64.0,0.85,84.12,9,Monsoon
2021-09-21 09:00:00,35.0,0.8,89.05,9,Monsoon
2021-09-21 10:00:00,19.0,0.72,96.02,9,Monsoon
2021-09-21 11:00:00,28.0,0.6,139.18,9,Monsoon
2021-09-21 12:00:00,22.0,0.95,133.85,9,Monsoon
2021-09-21 13:00:00,29.0,1.38,342.6,9,Monsoon
2021-09-21 14:00:00,51.0,1.27,87.7,9,Monsoon
2021-09-21 15:00:00,53.0,0.77,24.78,9,Monsoon
2021-09-21 16:00:00,53.0,1.27,218.55,9,Monsoon
2021-09-21 17:00:00,20.0,0.8,256.58,9,Monsoon
2021-09-21 18:00:00,40.0,1.32,25.9,9,Monsoon
2021-09-21 19:00:00,42.0,0.9,65.6,9,Monsoon
2021-09-21 20:00:00,31.0,0.82,77.88,9,Monsoon
2021-09-21 21:00:00,23.0,1.18,61.1,9,Monsoon
2021-09-21 22:00:00,31.0,1.17,40.05,9,Monsoon
2021-09-21 23:00:00,44.0,1.25,71.4,9,Monsoon
2021-09-22 00:00:00,34.0,1.02,59.72,9,Monsoon
2021-09-22 01:00:00,46.0,1.15,42.72,9,Monsoon
2021-09-22 02:00:00,62.0,1.38,47.0,9,Monsoon
2021-09-22 03:00:00,48.0,1.7,70.5,9,Monsoon
2021-09-22 04:00:00,34.0,1.48,74.8,9,Monsoon
2021-09-22 05:00:00,29.0,1.18,77.15,9,Monsoon
2021-09-22 06:00:00,33.0,1.25,63.32,9,Monsoon
2021-09-22 07:00:00,33.0,1.88,55.1,9,Monsoon
2021-09-22 08:00:00,24.0,1.48,66.1,9,Monsoon
2021-09-22 09:00:00,6.0,1.8,74.45,9,Monsoon
2021-09-22 10:00:00,6.0,1.95,79.78,9,Monsoon
2021-09-22 11:00:00,6.0,2.0,74.28,9,Monsoon
2021-09-22 12:00:00,2.0,1.48,69.55,9,Monsoon
2021-09-22 13:00:00,6.0,1.42,61.52,9,Monsoon
2021-09-22 14:00:00,12.0,1.8,28.2,9,Monsoon
2021-09-22 15:00:00,12.0,1.78,17.12,9,Monsoon
2021-09-22 16:00:00,9.0,1.48,27.62,9,Monsoon
2021-09-22 17:00:00,19.0,1.58,47.5,9,Monsoon
2021-09-22 18:00:00,19.0,1.45,78.95,9,Monsoon
2021-09-22 19:00:00,16.0,1.55,77.05,9,Monsoon
2021-09-22 20:00:00,27.5,1.42,79.82,9,Monsoon
2021-09-22 21:00:00,31.25,1.2,63.55,9,Monsoon
2021-09-22 22:00:00,36.75,1.27,68.15,9,Monsoon
2021-09-22 23:00:00,32.0,1.7,67.75,9,Monsoon
2021-09-23 00:00:00,30.25,1.62,68.8,9,Monsoon
2021-09-23 01:00:00,31.0,1.17,71.53,9,Monsoon
2021-09-23 02:00:00,23.25,1.52,64.35,9,Monsoon
2021-09-23 03:00:00,25.0,1.42,65.55,9,Monsoon
2021-09-23 04:00:00,18.25,1.2,57.7,9,Monsoon
2021-09-23 05:00:00,16.25,1.38,66.55,9,Monsoon
2021-09-23 06:00:00,21.75,1.12,51.03,9,Monsoon
2021-09-23 07:00:00,36.0,1.45,70.72,9,Monsoon
2021-09-23 08:00:00,33.0,1.08,86.18,9,Monsoon
2021-09-23 09:00:00,39.0,0.78,95.75,9,Monsoon
2021-09-23 10:00:00,39.0,0.75,111.1,9,Monsoon
2021-09-23 11:00:00,28.0,0.75,109.6,9,Monsoon
2021-09-23 12:00:00,22.0,0.6,132.5,9,Monsoon
2021-09-23 13:00:00,19.0,0.5,122.25,9,Monsoon
2021-09-23 14:00:00,19.0,0.57,109.07,9,Monsoon
2021-09-23 15:00:00,20.0,0.55,133.38,9,Monsoon
2021-09-23 16:00:00,17.0,0.42,131.38,9,Monsoon
2021-09-23 17:00:00,20.0,0.38,236.6,9,Monsoon
2021-09-23 18:00:00,21.5,1.62,292.58,9,Monsoon
2021-09-23 19:00:00,24.75,2.33,341.1,9,Monsoon
2021-09-23 20:00:00,33.75,1.88,107.05,9,Monsoon
2021-09-23 21:00:00,18.0,2.2,38.4,9,Monsoon
2021-09-23 22:00:00,18.25,1.75,48.18,9,Monsoon
2021-09-23 23:00:00,17.5,1.38,57.15,9,Monsoon
2021-09-24 00:00:00,13.25,1.23,51.45,9,Monsoon
2021-09-24 01:00:00,12.5,1.17,66.22,9,Monsoon
2021-09-24 02:00:00,10.25,0.95,25.6,9,Monsoon
2021-09-24 03:00:00,16.0,1.05,186.3,9,Monsoon
2021-09-24 04:00:00,13.75,0.95,99.42,9,Monsoon
2021-09-24 05:00:00,15.5,1.08,49.5,9,Monsoon
2021-09-24 06:00:00,14.0,0.77,59.82,9,Monsoon
2021-09-24 07:00:00,20.0,1.25,72.6,9,Monsoon
2021-09-24 08:00:00,18.0,0.85,78.78,9,Monsoon
2021-09-24 09:00:00,31.0,0.57,81.68,9,Monsoon
2021-09-24 10:00:00,24.0,1.1,64.7,9,Monsoon
2021-09-24 11:00:00,22.0,1.12,64.2,9,Monsoon
2021-09-24 12:00:00,24.0,1.52,58.42,9,Monsoon
2021-09-24 13:00:00,19.0,1.5,28.72,9,Monsoon
2021-09-24 14:00:00,18.0,1.62,28.95,9,Monsoon
2021-09-24 15:00:00,19.0,1.23,126.2,9,Monsoon
2021-09-24 16:00:00,24.0,0.75,164.55,9,Monsoon
2021-09-24 17:00:00,19.0,0.48,231.82,9,Monsoon
2021-09-24 18:00:00,7.0,0.82,280.8,9,Monsoon
2021-09-24 19:00:00,48.0,1.03,88.78,9,Monsoon
2021-09-24 20:00:00,85.0,0.88,4.38,9,Monsoon
2021-09-24 21:00:00,112.0,1.38,52.05,9,Monsoon
2021-09-24 22:00:00,38.0,1.42,69.0,9,Monsoon
2021-09-24 23:00:00,27.0,1.42,56.23,9,Monsoon
2021-09-25 00:00:00,23.0,1.2,52.15,9,Monsoon
2021-09-25 01:00:00,25.0,1.0,63.55,9,Monsoon
2021-09-25 02:00:00,31.0,1.32,61.3,9,Monsoon
2021-09-25 03:00:00,28.0,0.88,21.4,9,Monsoon
2021-09-25 04:00:00,30.0,1.08,19.7,9,Monsoon
2021-09-25 05:00:00,11.0,1.2,25.82,9,Monsoon
2021-09-25 06:00:00,13.0,0.92,34.45,9,Monsoon
2021-09-25 07:00:00,14.0,1.08,71.65,9,Monsoon
2021-09-25 08:00:00,13.0,0.62,50.78,9,Monsoon
2021-09-25 09:00:00,24.0,0.55,77.47,9,Monsoon
2021-09-25 10:00:00,27.0,0.75,110.1,9,Monsoon
2021-09-25 11:00:00,20.0,0.7,187.4,9,Monsoon
2021-09-25 12:00:00,29.0,1.35,37.58,9,Monsoon
2021-09-25 13:00:00,22.0,1.12,24.25,9,Monsoon
2021-09-25 14:00:00,25.0,1.18,106.55,9,Monsoon
2021-09-25 15:00:00,28.0,1.15,113.02,9,Monsoon
2021-09-25 16:00:00,28.0,1.02,337.22,9,Monsoon
2021-09-25 17:00:00,31.0,1.0,90.45,9,Monsoon
2021-09-25 18:00:00,38.0,0.6,234.73,9,Monsoon
2021-09-25 19:00:00,56.0,0.7,128.73,9,Monsoon
2021-09-25 20:00:00,39.0,0.57,60.75,9,Monsoon
2021-09-25 21:00:00,29.0,0.8,43.53,9,Monsoon
2021-09-25 22:00:00,24.0,1.2,51.12,9,Monsoon
2021-09-25 23:00:00,22.0,1.32,48.58,9,Monsoon
2021-09-26 00:00:00,28.0,1.48,49.22,9,Monsoon
2021-09-26 01:00:00,24.0,1.58,62.28,9,Monsoon
2021-09-26 02:00:00,17.0,1.68,68.1,9,Monsoon
2021-09-26 03:00:00,31.0,1.27,45.95,9,Monsoon
2021-09-26 04:00:00,27.0,1.58,56.55,9,Monsoon
2021-09-26 05:00:00,23.0,1.25,78.6,9,Monsoon
2021-09-26 06:00:00,25.0,0.95,66.22,9,Monsoon
2021-09-26 07:00:00,28.0,0.6,108.05,9,Monsoon
2021-09-26 08:00:00,20.0,0.88,57.62,9,Monsoon
2021-09-26 09:00:00,29.0,1.6,38.1,9,Monsoon
2021-09-26 10:00:00,40.0,1.4,37.48,9,Monsoon
2021-09-26 11:00:00,40.0,1.55,45.08,9,Monsoon
2021-09-26 12:00:00,25.0,1.38,52.95,9,Monsoon
2021-09-26 13:00:00,18.0,1.52,54.15,9,Monsoon
2021-09-26 14:00:00,22.0,1.35,53.25,9,Monsoon
2021-09-26 15:00:00,19.0,1.35,45.05,9,Monsoon
2021-09-26 16:00:00,31.0,1.27,44.3,9,Monsoon
2021-09-26 17:00:00,28.0,1.17,72.7,9,Monsoon
2021-09-26 18:00:00,25.0,0.92,73.53,9,Monsoon
2021-09-26 19:00:00,27.0,1.15,75.8,9,Monsoon
2021-09-26 20:00:00,28.133333333333333,1.1146666666666665,78.44,9,Monsoon
2021-09-26 21:00:00,29.266666666666666,1.0793333333333333,81.08,9,Monsoon
2021-09-26 22:00:00,30.4,1.044,83.72,9,Monsoon
2021-09-26 23:00:00,,,,9,Monsoon
2021-09-27 00:00:00,,,,9,Monsoon
2021-09-27 01:00:00,,,,9,Monsoon
2021-09-27 02:00:00,,,,9,Monsoon
2021-09-27 03:00:00,,,,9,Monsoon
2021-09-27 04:00:00,,,,9,Monsoon
2021-09-27 05:00:00,,,,9,Monsoon
2021-09-27 06:00:00,,,,9,Monsoon
2021-09-27 07:00:00,,,,9,Monsoon
2021-09-27 08:00:00,,,,9,Monsoon
2021-09-27 09:00:00,,,,9,Monsoon
2021-09-27 10:00:00,44.0,0.62,115.4,9,Monsoon
2021-09-27 11:00:00,59.0,0.4,219.5,9,Monsoon
2021-09-27 12:00:00,57.0,0.75,301.73,9,Monsoon
2021-09-27 13:00:00,50.0,0.9,187.55,9,Monsoon
2021-09-27 14:00:00,45.0,1.0,9.25,9,Monsoon
2021-09-27 15:00:00,55.0,1.23,12.75,9,Monsoon
2021-09-27 16:00:00,35.0,1.2,95.28,9,Monsoon
2021-09-27 17:00:00,42.0,0.95,3.9,9,Monsoon
2021-09-27 18:00:00,52.0,1.0,341.08,9,Monsoon
2021-09-27 19:00:00,59.0,0.9,291.15,9,Monsoon
2021-09-27 20:00:00,85.0,1.12,341.5,9,Monsoon
2021-09-27 21:00:00,108.0,1.2,333.7,9,Monsoon
2021-09-27 22:00:00,108.0,1.02,262.15,9,Monsoon
2021-09-27 23:00:00,119.0,0.88,6.05,9,Monsoon
2021-09-28 00:00:00,70.0,0.8,19.23,9,Monsoon
2021-09-28 01:00:00,73.0,1.18,30.38,9,Monsoon
2021-09-28 02:00:00,74.0,1.32,28.98,9,Monsoon
2021-09-28 03:00:00,70.0,1.15,22.92,9,Monsoon
2021-09-28 04:00:00,55.0,1.38,41.15,9,Monsoon
2021-09-28 05:00:00,70.0,1.03,62.88,9,Monsoon
2021-09-28 06:00:00,86.0,1.18,70.23,9,Monsoon
2021-09-28 07:00:00,57.0,1.05,70.15,9,Monsoon
2021-09-28 08:00:00,59.0,1.12,73.65,9,Monsoon
2021-09-28 09:00:00,56.0,1.0,77.72,9,Monsoon
2021-09-28 10:00:00,53.0,1.38,81.25,9,Monsoon
2021-09-28 11:00:00,35.0,1.35,83.0,9,Monsoon
2021-09-28 12:00:00,23.0,1.78,68.25,9,Monsoon
2021-09-28 13:00:00,25.0,1.8,65.68,9,Monsoon
2021-09-28 14:00:00,25.0,1.7,70.3,9,Monsoon
2021-09-28 15:00:00,22.0,2.05,64.88,9,Monsoon
2021-09-28 16:00:00,14.0,1.48,65.03,9,Monsoon
2021-09-28 17:00:00,12.0,1.33,56.32,9,Monsoon
2021-09-28 18:00:00,22.0,1.38,23.75,9,Monsoon
2021-09-28 19:00:00,40.0,1.33,27.58,9,Monsoon
2021-09-28 20:00:00,48.0,1.32,43.32,9,Monsoon
2021-09-28 21:00:00,45.0,1.12,65.35,9,Monsoon
2021-09-28 22:00:00,38.0,1.15,60.85,9,Monsoon
2021-09-28 23:00:00,46.0,1.3,70.62,9,Monsoon
2021-09-29 00:00:00,50.0,1.6,63.62,9,Monsoon
2021-09-29 01:00:00,55.0,1.6,72.4,9,Monsoon
2021-09-29 02:00:00,45.0,1.62,66.32,9,Monsoon
2021-09-29 03:00:00,46.0,1.45,60.42,9,Monsoon
2021-09-29 04:00:00,52.0,1.08,38.65,9,Monsoon
2021-09-29 05:00:00,78.0,1.1,48.38,9,Monsoon
2021-09-29 06:00:00,66.0,1.52,65.53,9,Monsoon
2021-09-29 07:00:00,48.0,1.32,67.42,9,Monsoon
2021-09-29 08:00:00,36.0,1.52,77.03,9,Monsoon
2021-09-29 09:00:00,33.0,1.5,79.15,9,Monsoon
2021-09-29 10:00:00,36.0,1.5,79.3,9,Monsoon
2021-09-29 11:00:00,23.0,2.02,75.62,9,Monsoon
2021-09-29 12:00:00,16.0,1.52,76.38,9,Monsoon
2021-09-29 13:00:00,19.0,1.32,79.48,9,Monsoon
2021-09-29 14:00:00,20.0,1.33,78.12,9,Monsoon
2021-09-29 15:00:00,20.0,1.22,78.4,9,Monsoon
2021-09-29 16:00:00,20.0,1.42,61.5,9,Monsoon
2021-09-29 17:00:00,22.0,1.18,58.4,9,Monsoon
2021-09-29 18:00:00,33.0,0.92,62.88,9,Monsoon
2021-09-29 19:00:00,47.0,1.08,72.92,9,Monsoon
2021-09-29 20:00:00,50.0,1.18,81.25,9,Monsoon
2021-09-29 21:00:00,51.0,1.05,75.9,9,Monsoon
2021-09-29 22:00:00,41.0,0.95,73.68,9,Monsoon
2021-09-29 23:00:00,50.0,1.12,72.73,9,Monsoon
2021-09-30 00:00:00,52.0,1.4,75.43,9,Monsoon
2021-09-30 01:00:00,55.0,1.12,75.68,9,Monsoon
2021-09-30 02:00:00,48.0,1.3,74.42,9,Monsoon
2021-09-30 03:00:00,41.0,1.0,72.72,9,Monsoon
2021-09-30 04:00:00,55.0,1.08,72.78,9,Monsoon
2021-09-30 05:00:00,55.0,1.27,69.58,9,Monsoon
2021-09-30 06:00:00,55.0,1.08,69.18,9,Monsoon
2021-09-30 07:00:00,53.0,1.23,63.0,9,Monsoon
2021-09-30 08:00:00,64.0,0.8,65.22,9,Monsoon
2021-09-30 09:00:00,70.0,1.0,70.9,9,Monsoon
2021-09-30 10:00:00,48.0,0.98,70.35,9,Monsoon
2021-09-30 11:00:00,36.0,0.78,84.98,9,Monsoon
2021-09-30 12:00:00,35.0,0.78,90.42,9,Monsoon
2021-09-30 13:00:00,35.0,1.2,69.97,9,Monsoon
2021-09-30 14:00:00,35.0,1.02,74.62,9,Monsoon
2021-09-30 15:00:00,35.0,0.85,86.15,9,Monsoon
2021-09-30 16:00:00,31.0,0.75,69.5,9,Monsoon
2021-09-30 17:00:00,35.0,0.9,63.7,9,Monsoon
2021-09-30 18:00:00,36.0,0.85,77.88,9,Monsoon
2021-09-30 19:00:00,41.0,0.35,164.0,9,Monsoon
2021-09-30 20:00:00,38.0,0.25,149.65,9,Monsoon
2021-09-30 21:00:00,41.0,0.2,138.57,9,Monsoon
2021-09-30 22:00:00,40.0,0.28,166.4,9,Monsoon
2021-09-30 23:00:00,42.0,0.28,204.82,9,Monsoon
2021-10-01 00:00:00,46.0,0.28,235.3,10,Post-monsoon
2021-10-01 01:00:00,44.0,0.7,11.12,10,Post-monsoon
2021-10-01 02:00:00,95.0,0.48,70.7,10,Post-monsoon
2021-10-01 03:00:00,84.0,0.58,78.98,10,Post-monsoon
2021-10-01 04:00:00,81.0,0.72,38.65,10,Post-monsoon
2021-10-01 05:00:00,94.0,0.88,37.4,10,Post-monsoon
2021-10-01 06:00:00,72.0,0.95,74.78,10,Post-monsoon
2021-10-01 07:00:00,61.0,1.05,71.9,10,Post-monsoon
2021-10-01 08:00:00,69.0,0.9,76.7,10,Post-monsoon
2021-10-01 09:00:00,83.0,0.5,123.12,10,Post-monsoon
2021-10-01 10:00:00,67.0,0.7,219.18,10,Post-monsoon
2021-10-01 11:00:00,52.0,0.65,276.52,10,Post-monsoon
2021-10-01 12:00:00,34.0,0.5,239.15,10,Post-monsoon
2021-10-01 13:00:00,41.0,0.8,287.88,10,Post-monsoon
2021-10-01 14:00:00,39.0,0.9,272.15,10,Post-monsoon
2021-10-01 15:00:00,39.0,0.72,261.08,10,Post-monsoon
2021-10-01 16:00:00,51.0,0.3,211.4,10,Post-monsoon
2021-10-01 17:00:00,44.0,0.48,262.05,10,Post-monsoon
2021-10-01 18:00:00,45.0,0.48,233.98,10,Post-monsoon
2021-10-01 19:00:00,44.0,0.4,235.98,10,Post-monsoon
2021-10-01 20:00:00,50.0,0.35,250.65,10,Post-monsoon
2021-10-01 21:00:00,68.0,0.22,215.78,10,Post-monsoon
2021-10-01 22:00:00,66.0,0.32,203.62,10,Post-monsoon
2021-10-01 23:00:00,89.0,0.4,200.82,10,Post-monsoon
2021-10-02 00:00:00,64.0,0.5,48.55,10,Post-monsoon
2021-10-02 01:00:00,90.0,0.6,27.55,10,Post-monsoon
2021-10-02 02:00:00,106.0,0.28,142.3,10,Post-monsoon
2021-10-02 03:00:00,92.0,0.35,90.62,10,Post-monsoon
2021-10-02 04:00:00,90.0,0.32,154.4,10,Post-monsoon
2021-10-02 05:00:00,105.0,0.32,223.4,10,Post-monsoon
2021-10-02 06:00:00,107.0,0.35,207.28,10,Post-monsoon
2021-10-02 07:00:00,108.0,0.62,246.95,10,Post-monsoon
2021-10-02 08:00:00,92.0,0.85,265.68,10,Post-monsoon
2021-10-02 09:00:00,66.0,1.0,268.98,10,Post-monsoon
2021-10-02 10:00:00,51.0,0.82,275.08,10,Post-monsoon
2021-10-02 11:00:00,41.0,1.33,295.45,10,Post-monsoon
2021-10-02 12:00:00,41.0,1.4,303.25,10,Post-monsoon
2021-10-02 13:00:00,35.0,1.3,298.32,10,Post-monsoon
2021-10-02 14:00:00,29.0,1.05,285.02,10,Post-monsoon
2021-10-02 15:00:00,30.0,1.18,282.92,10,Post-monsoon
2021-10-02 16:00:00,38.0,1.4,291.88,10,Post-monsoon
2021-10-02 17:00:00,40.0,1.12,296.3,10,Post-monsoon
2021-10-02 18:00:00,44.0,0.95,299.2,10,Post-monsoon
2021-10-02 19:00:00,51.0,0.57,250.4,10,Post-monsoon
2021-10-02 20:00:00,69.0,0.4,251.53,10,Post-monsoon
2021-10-02 21:00:00,66.0,0.32,253.8,10,Post-monsoon
2021-10-02 22:00:00,63.0,0.6,263.75,10,Post-monsoon
2021-10-02 23:00:00,62.0,0.55,271.8,10,Post-monsoon
2021-10-03 00:00:00,64.0,0.5,274.88,10,Post-monsoon
2021-10-03 01:00:00,62.0,0.68,268.8,10,Post-monsoon
2021-10-03 02:00:00,63.0,0.45,225.58,10,Post-monsoon
2021-10-03 03:00:00,67.0,0.35,249.5,10,Post-monsoon
2021-10-03 04:00:00,59.0,0.48,259.48,10,Post-monsoon
2021-10-03 05:00:00,56.0,0.3,218.78,10,Post-monsoon
2021-10-03 06:00:00,58.0,0.2,220.95,10,Post-monsoon
2021-10-03 07:00:00,74.0,0.68,228.7,10,Post-monsoon
2021-10-03 08:00:00,81.0,0.85,240.88,10,Post-monsoon
2021-10-03 09:00:00,70.0,0.9,253.82,10,Post-monsoon
2021-10-03 10:00:00,38.0,1.15,248.88,10,Post-monsoon
2021-10-03 11:00:00,33.0,1.27,273.0,10,Post-monsoon
2021-10-03 12:00:00,13.0,1.52,271.1,10,Post-monsoon
2021-10-03 13:00:00,16.0,1.68,292.15,10,Post-monsoon
2021-10-03 14:00:00,11.0,1.78,289.68,10,Post-monsoon
2021-10-03 15:00:00,13.0,1.92,296.8,10,Post-monsoon
2021-10-03 16:00:00,19.0,1.42,261.6,10,Post-monsoon
2021-10-03 17:00:00,11.0,1.0,257.55,10,Post-monsoon
2021-10-03 18:00:00,9.0,0.6,258.9,10,Post-monsoon
2021-10-03 19:00:00,16.0,0.25,216.25,10,Post-monsoon
2021-10-03 20:00:00,16.0,0.28,206.52,10,Post-monsoon
2021-10-03 21:00:00,27.0,0.22,230.15,10,Post-monsoon
2021-10-03 22:00:00,35.0,0.1,145.12,10,Post-monsoon
2021-10-03 23:00:00,40.0,0.28,159.9,10,Post-monsoon
2021-10-04 00:00:00,44.0,0.22,207.22,10,Post-monsoon
2021-10-04 01:00:00,58.0,0.2,214.92,10,Post-monsoon
2021-10-04 02:00:00,48.0,0.18,253.92,10,Post-monsoon
2021-10-04 03:00:00,42.0,0.22,257.73,10,Post-monsoon
2021-10-04 04:00:00,44.0,0.12,142.9,10,Post-monsoon
2021-10-04 05:00:00,53.0,0.1,220.82,10,Post-monsoon
2021-10-04 06:00:00,52.0,0.22,207.6,10,Post-monsoon
2021-10-04 07:00:00,38.0,0.52,243.35,10,Post-monsoon
2021-10-04 08:00:00,39.0,1.15,258.05,10,Post-monsoon
2021-10-04 09:00:00,27.0,1.2,266.6,10,Post-monsoon
2021-10-04 10:00:00,16.0,1.2,253.85,10,Post-monsoon
2021-10-04 11:00:00,12.0,1.17,262.05,10,Post-monsoon
2021-10-04 12:00:00,12.0,1.18,268.42,10,Post-monsoon
2021-10-04 13:00:00,11.0,1.02,277.82,10,Post-monsoon
2021-10-04 14:00:00,8.0,0.88,281.48,10,Post-monsoon
2021-10-04 15:00:00,8.0,0.88,269.3,10,Post-monsoon
2021-10-04 16:00:00,16.0,0.77,290.88,10,Post-monsoon
2021-10-04 17:00:00,36.0,0.38,270.42,10,Post-monsoon
2021-10-04 18:00:00,43.0,0.35,209.32,10,Post-monsoon
2021-10-04 19:00:00,60.75,0.8,54.45,10,Post-monsoon
2021-10-04 20:00:00,52.75,0.7,82.8,10,Post-monsoon
2021-10-04 21:00:00,55.5,1.23,77.3,10,Post-monsoon
2021-10-04 22:00:00,51.75,0.9,55.9,10,Post-monsoon
2021-10-04 23:00:00,61.25,0.62,140.7,10,Post-monsoon
2021-10-05 00:00:00,53.25,0.48,111.38,10,Post-monsoon
2021-10-05 01:00:00,45.5,1.32,24.2,10,Post-monsoon
2021-10-05 02:00:00,47.25,1.85,38.7,10,Post-monsoon
2021-10-05 03:00:00,39.5,1.3,70.3,10,Post-monsoon
2021-10-05 04:00:00,12.75,0.52,86.9,10,Post-monsoon
2021-10-05 05:00:00,9.0,0.4,138.95,10,Post-monsoon
2021-10-05 06:00:00,13.25,0.18,123.52,10,Post-monsoon
2021-10-05 07:00:00,21.0,1.23,51.32,10,Post-monsoon
2021-10-05 08:00:00,34.5,1.23,66.4,10,Post-monsoon
2021-10-05 09:00:00,40.75,1.15,33.42,10,Post-monsoon
2021-10-05 10:00:00,47.5,1.32,31.65,10,Post-monsoon
2021-10-05 11:00:00,50.0,0.88,68.08,10,Post-monsoon
2021-10-05 12:00:00,41.75,0.73,68.08,10,Post-monsoon
2021-10-05 13:00:00,33.5,0.57,65.22,10,Post-monsoon
2021-10-05 14:00:00,28.75,0.7,41.0,10,Post-monsoon
2021-10-05 15:00:00,31.25,0.8,306.32,10,Post-monsoon
2021-10-05 16:00:00,42.5,1.42,286.6,10,Post-monsoon
2021-10-05 17:00:00,45.25,1.02,289.85,10,Post-monsoon
2021-10-05 18:00:00,37.5,0.6,223.88,10,Post-monsoon
2021-10-05 19:00:00,31.5,0.78,245.78,10,Post-monsoon
2021-10-05 20:00:00,33.75,0.25,225.98,10,Post-monsoon
2021-10-05 21:00:00,28.0,0.62,269.45,10,Post-monsoon
2021-10-05 22:00:00,35.25,0.8,270.75,10,Post-monsoon
2021-10-05 23:00:00,48.75,0.75,251.37,10,Post-monsoon
2021-10-06 00:00:00,52.0,0.62,268.15,10,Post-monsoon
2021-10-06 01:00:00,51.75,0.55,238.5,10,Post-monsoon
2021-10-06 02:00:00,43.5,0.62,247.85,10,Post-monsoon
2021-10-06 03:00:00,47.75,0.9,262.85,10,Post-monsoon
2021-10-06 04:00:00,44.75,0.88,264.9,10,Post-monsoon
2021-10-06 05:00:00,38.0,0.77,257.17,10,Post-monsoon
2021-10-06 06:00:00,37.25,0.7,248.62,10,Post-monsoon
2021-10-06 07:00:00,38.75,0.82,303.35,10,Post-monsoon
2021-10-06 08:00:00,55.5,0.9,316.7,10,Post-monsoon
2021-10-06 09:00:00,67.75,0.85,290.77,10,Post-monsoon
2021-10-06 10:00:00,51.5,0.9,283.1,10,Post-monsoon
2021-10-06 11:00:00,41.75,0.9,295.6,10,Post-monsoon
2021-10-06 12:00:00,42.0,1.2,297.98,10,Post-monsoon
2021-10-06 13:00:00,33.75,1.15,306.45,10,Post-monsoon
2021-10-06 14:00:00,24.25,1.4,301.7,10,Post-monsoon
2021-10-06 15:00:00,18.25,1.42,302.9,10,Post-monsoon
2021-10-06 16:00:00,33.0,1.48,294.8,10,Post-monsoon
2021-10-06 17:00:00,53.25,1.4,301.73,10,Post-monsoon
2021-10-06 18:00:00,47.0,0.82,270.4,10,Post-monsoon
2021-10-06 19:00:00,62.0,1.1,284.68,10,Post-monsoon
2021-10-06 20:00:00,63.5,1.08,280.98,10,Post-monsoon
2021-10-06 21:00:00,64.0,0.82,267.42,10,Post-monsoon
2021-10-06 22:00:00,50.75,0.57,248.52,10,Post-monsoon
2021-10-06 23:00:00,49.5,0.4,264.23,10,Post-monsoon
2021-10-07 00:00:00,62.25,0.57,276.23,10,Post-monsoon
2021-10-07 01:00:00,79.25,0.55,270.73,10,Post-monsoon
2021-10-07 02:00:00,80.75,0.45,263.9,10,Post-monsoon
2021-10-07 03:00:00,74.25,0.25,210.25,10,Post-monsoon
2021-10-07 04:00:00,76.5,0.3,223.7,10,Post-monsoon
2021-10-07 05:00:00,80.25,0.4,241.45,10,Post-monsoon
2021-10-07 06:00:00,86.5,0.35,235.82,10,Post-monsoon
2021-10-07 07:00:00,102.75,0.7,264.45,10,Post-monsoon
2021-10-07 08:00:00,76.0,0.82,282.3,10,Post-monsoon
2021-10-07 09:00:00,75.75,1.02,269.5,10,Post-monsoon
2021-10-07 10:00:00,66.75,1.12,284.65,10,Post-monsoon
2021-10-07 11:00:00,66.5,1.48,285.82,10,Post-monsoon
2021-10-07 12:00:00,58.5,1.35,288.98,10,Post-monsoon
2021-10-07 13:00:00,54.5,1.48,294.0,10,Post-monsoon
2021-10-07 14:00:00,48.0,1.62,314.83,10,Post-monsoon
2021-10-07 15:00:00,53.75,1.7,314.25,10,Post-monsoon
2021-10-07 16:00:00,68.5,1.42,292.4,10,Post-monsoon
2021-10-07 17:00:00,80.5,0.78,263.08,10,Post-monsoon
2021-10-07 18:00:00,67.0,0.42,243.02,10,Post-monsoon
2021-10-07 19:00:00,87.75,0.38,255.23,10,Post-monsoon
2021-10-07 20:00:00,69.25,0.65,275.27,10,Post-monsoon
2021-10-07 21:00:00,71.0,0.98,308.4,10,Post-monsoon
2021-10-07 22:00:00,75.25,0.9,309.28,10,Post-monsoon
2021-10-07 23:00:00,75.75,0.6,268.22,10,Post-monsoon
2021-10-08 00:00:00,65.25,0.43,248.9,10,Post-monsoon
2021-10-08 01:00:00,63.75,0.22,212.05,10,Post-monsoon
2021-10-08 02:00:00,70.75,0.25,197.22,10,Post-monsoon
2021-10-08 03:00:00,84.0,0.28,214.15,10,Post-monsoon
2021-10-08 04:00:00,85.75,0.3,203.65,10,Post-monsoon
2021-10-08 05:00:00,97.0,0.22,204.98,10,Post-monsoon
2021-10-08 06:00:00,91.0,0.2,142.57,10,Post-monsoon
2021-10-08 07:00:00,98.5,0.42,173.1,10,Post-monsoon
2021-10-08 08:00:00,93.25,0.62,210.32,10,Post-monsoon
2021-10-08 09:00:00,88.25,0.82,241.73,10,Post-monsoon
2021-10-08 10:00:00,74.5,0.85,257.92,10,Post-monsoon
2021-10-08 11:00:00,56.5,0.92,274.35,10,Post-monsoon
2021-10-08 12:00:00,52.0,1.18,280.3,10,Post-monsoon
2021-10-08 13:00:00,52.25,1.25,293.33,10,Post-monsoon
2021-10-08 14:00:00,51.75,1.52,294.38,10,Post-monsoon
2021-10-08 15:00:00,53.0,1.67,297.27,10,Post-monsoon
2021-10-08 16:00:00,68.0,1.5,289.4,10,Post-monsoon
2021-10-08 17:00:00,70.75,0.8,271.98,10,Post-monsoon
2021-10-08 18:00:00,83.5,0.7,277.35,10,Post-monsoon
2021-10-08 19:00:00,104.75,0.72,284.23,10,Post-monsoon
2021-10-08 20:00:00,130.0,0.65,270.73,10,Post-monsoon
2021-10-08 21:00:00,125.75,0.32,215.92,10,Post-monsoon
2021-10-08 22:00:00,96.5,0.18,215.9,10,Post-monsoon
2021-10-08 23:00:00,102.75,0.48,284.18,10,Post-monsoon
2021-10-09 00:00:00,112.25,0.45,252.32,10,Post-monsoon
2021-10-09 01:00:00,124.75,0.52,231.23,10,Post-monsoon
2021-10-09 02:00:00,125.25,0.35,244.45,10,Post-monsoon
2021-10-09 03:00:00,131.5,0.22,219.77,10,Post-monsoon
2021-10-09 04:00:00,133.75,0.3,217.75,10,Post-monsoon
2021-10-09 05:00:00,114.75,0.18,218.85,10,Post-monsoon
2021-10-09 06:00:00,109.5,0.12,235.25,10,Post-monsoon
2021-10-09 07:00:00,127.0,0.2,221.8,10,Post-monsoon
2021-10-09 08:00:00,134.0,0.55,257.75,10,Post-monsoon
2021-10-09 09:00:00,110.5,0.75,259.6,10,Post-monsoon
2021-10-09 10:00:00,75.75,0.82,252.85,10,Post-monsoon
2021-10-09 11:00:00,54.0,0.82,275.78,10,Post-monsoon
2021-10-09 12:00:00,68.5,0.9,279.58,10,Post-monsoon
2021-10-09 13:00:00,51.75,1.05,265.88,10,Post-monsoon
2021-10-09 14:00:00,31.75,1.2,295.6,10,Post-monsoon
2021-10-09 15:00:00,29.25,1.32,300.88,10,Post-monsoon
2021-10-09 16:00:00,30.75,1.4,289.38,10,Post-monsoon
2021-10-09 17:00:00,32.75,0.7,278.77,10,Post-monsoon
2021-10-09 18:00:00,60.75,0.95,312.73,10,Post-monsoon
2021-10-09 19:00:00,73.75,0.55,222.05,10,Post-monsoon
2021-10-09 20:00:00,110.0,0.7,94.18,10,Post-monsoon
2021-10-09 21:00:00,134.0,0.4,239.4,10,Post-monsoon
2021-10-09 22:00:00,89.75,0.8,296.83,10,Post-monsoon
2021-10-09 23:00:00,89.75,0.32,217.05,10,Post-monsoon
2021-10-10 00:00:00,82.5,0.7,298.23,10,Post-monsoon
2021-10-10 01:00:00,89.0,0.3,231.6,10,Post-monsoon
2021-10-10 02:00:00,110.0,0.32,292.52,10,Post-monsoon
2021-10-10 03:00:00,101.25,0.25,240.82,10,Post-monsoon
2021-10-10 04:00:00,104.5,0.3,238.98,10,Post-monsoon
2021-10-10 05:00:00,118.0,0.23,206.28,10,Post-monsoon
2021-10-10 06:00:00,137.25,0.28,222.08,10,Post-monsoon
2021-10-10 07:00:00,137.0,0.3,262.4,10,Post-monsoon
2021-10-10 08:00:00,122.25,0.68,287.35,10,Post-monsoon
2021-10-10 09:00:00,107.5,0.7,264.03,10,Post-monsoon
2021-10-10 10:00:00,83.5,0.75,262.02,10,Post-monsoon
2021-10-10 11:00:00,65.75,0.8,255.9,10,Post-monsoon
2021-10-10 12:00:00,50.25,1.05,272.15,10,Post-monsoon
2021-10-10 13:00:00,40.25,1.25,274.6,10,Post-monsoon
2021-10-10 14:00:00,35.0,1.62,307.88,10,Post-monsoon
2021-10-10 15:00:00,32.25,1.5,299.8,10,Post-monsoon
2021-10-10 16:00:00,24.0,1.18,282.73,10,Post-monsoon
2021-10-10 17:00:00,29.0,0.48,251.95,10,Post-monsoon
2021-10-10 18:00:00,43.25,0.28,204.62,10,Post-monsoon
2021-10-10 19:00:00,45.5,0.4,109.48,10,Post-monsoon
2021-10-10 20:00:00,64.5,0.45,102.42,10,Post-monsoon
2021-10-10 21:00:00,79.5,0.32,128.75,10,Post-monsoon
2021-10-10 22:00:00,76.5,0.28,103.2,10,Post-monsoon
2021-10-10 23:00:00,83.0,0.38,109.3,10,Post-monsoon
2021-10-11 00:00:00,88.75,0.25,211.62,10,Post-monsoon
2021-10-11 01:00:00,89.75,0.35,256.5,10,Post-monsoon
2021-10-11 02:00:00,94.75,0.22,243.35,10,Post-monsoon
2021-10-11 03:00:00,93.25,0.5,88.55,10,Post-monsoon
2021-10-11 04:00:00,102.75,0.48,73.35,10,Post-monsoon
2021-10-11 05:00:00,133.0,0.5,220.05,10,Post-monsoon
2021-10-11 06:00:00,122.25,0.3,121.35,10,Post-monsoon
2021-10-11 07:00:00,123.75,0.5,203.42,10,Post-monsoon
2021-10-11 08:00:00,95.25,0.62,190.82,10,Post-monsoon
2021-10-11 09:00:00,101.75,0.7,264.92,10,Post-monsoon
2021-10-11 10:00:00,63.25,0.78,268.27,10,Post-monsoon
2021-10-11 11:00:00,33.5,0.98,271.4,10,Post-monsoon
2021-10-11 12:00:00,38.5,0.95,287.27,10,Post-monsoon
2021-10-11 13:00:00,30.25,1.12,295.5,10,Post-monsoon
2021-10-11 14:00:00,27.25,0.52,296.9,10,Post-monsoon
2021-10-11 15:00:00,26.0,1.0,289.58,10,Post-monsoon
2021-10-11 16:00:00,29.5,0.78,287.55,10,Post-monsoon
2021-10-11 17:00:00,31.75,0.85,289.08,10,Post-monsoon
2021-10-11 18:00:00,43.0,0.82,169.8,10,Post-monsoon
2021-10-11 19:00:00,83.25,0.88,36.15,10,Post-monsoon
2021-10-11 20:00:00,117.25,0.62,25.7,10,Post-monsoon
2021-10-11 21:00:00,100.0,0.45,60.82,10,Post-monsoon
2021-10-11 22:00:00,97.75,0.28,141.55,10,Post-monsoon
2021-10-11 23:00:00,89.75,0.3,204.52,10,Post-monsoon
2021-10-12 00:00:00,86.75,0.28,166.85,10,Post-monsoon
2021-10-12 01:00:00,89.75,0.45,199.62,10,Post-monsoon
2021-10-12 02:00:00,93.75,0.28,125.52,10,Post-monsoon
2021-10-12 03:00:00,99.75,0.28,125.92,10,Post-monsoon
2021-10-12 04:00:00,102.0,0.22,182.65,10,Post-monsoon
2021-10-12 05:00:00,105.75,0.2,252.23,10,Post-monsoon
2021-10-12 06:00:00,113.25,0.25,231.7,10,Post-monsoon
2021-10-12 07:00:00,107.75,0.35,117.52,10,Post-monsoon
2021-10-12 08:00:00,124.25,0.45,133.58,10,Post-monsoon
2021-10-12 09:00:00,122.0,0.77,235.25,10,Post-monsoon
2021-10-12 10:00:00,111.25,0.98,272.98,10,Post-monsoon
2021-10-12 11:00:00,70.75,0.8,272.6,10,Post-monsoon
2021-10-12 12:00:00,45.0,1.08,277.58,10,Post-monsoon
2021-10-12 13:00:00,38.75,1.18,310.73,10,Post-monsoon
2021-10-12 14:00:00,27.5,1.02,297.73,10,Post-monsoon
2021-10-12 15:00:00,25.0,1.2,297.68,10,Post-monsoon
2021-10-12 16:00:00,31.75,1.35,292.25,10,Post-monsoon
2021-10-12 17:00:00,32.5,1.05,275.23,10,Post-monsoon
2021-10-12 18:00:00,33.0,0.68,270.23,10,Post-monsoon
2021-10-12 19:00:00,50.5,0.7,270.98,10,Post-monsoon
2021-10-12 20:00:00,63.75,1.12,296.48,10,Post-monsoon
2021-10-12 21:00:00,82.25,1.27,306.82,10,Post-monsoon
2021-10-12 22:00:00,86.0,1.08,287.28,10,Post-monsoon
2021-10-12 23:00:00,88.5,1.0,310.05,10,Post-monsoon
2021-10-13 00:00:00,95.5,1.58,336.98,10,Post-monsoon
2021-10-13 01:00:00,92.75,1.78,339.18,10,Post-monsoon
2021-10-13 02:00:00,88.25,0.98,305.18,10,Post-monsoon
2021-10-13 03:00:00,83.75,0.85,255.18,10,Post-monsoon
2021-10-13 04:00:00,76.0,0.85,270.53,10,Post-monsoon
2021-10-13 05:00:00,74.0,0.78,259.08,10,Post-monsoon
2021-10-13 06:00:00,79.0,0.8,258.58,10,Post-monsoon
2021-10-13 07:00:00,86.0,0.82,257.45,10,Post-monsoon
2021-10-13 08:00:00,90.25,0.85,290.0,10,Post-monsoon
2021-10-13 09:00:00,94.75,1.32,305.0,10,Post-monsoon
2021-10-13 10:00:00,93.75,1.45,303.2,10,Post-monsoon
2021-10-13 11:00:00,80.0,1.72,303.2,10,Post-monsoon
2021-10-13 12:00:00,69.5,1.98,304.42,10,Post-monsoon
2021-10-13 13:00:00,73.5,1.82,295.42,10,Post-monsoon
2021-10-13 14:00:00,70.75,1.88,305.08,10,Post-monsoon
2021-10-13 15:00:00,68.25,1.65,305.08,10,Post-monsoon
2021-10-13 16:00:00,74.0,1.3,309.15,10,Post-monsoon
2021-10-13 17:00:00,79.25,0.88,272.58,10,Post-monsoon
2021-10-13 18:00:00,81.25,0.85,283.85,10,Post-monsoon
2021-10-13 19:00:00,99.5,1.3,332.02,10,Post-monsoon
2021-10-13 20:00:00,115.25,1.3,298.8,10,Post-monsoon
2021-10-13 21:00:00,107.25,1.25,289.35,10,Post-monsoon
2021-10-13 22:00:00,87.0,0.7,269.88,10,Post-monsoon
2021-10-13 23:00:00,78.0,0.55,256.05,10,Post-monsoon
2021-10-14 00:00:00,74.0,0.55,267.17,10,Post-monsoon
2021-10-14 01:00:00,75.0,0.75,268.05,10,Post-monsoon
2021-10-14 02:00:00,81.0,0.78,282.0,10,Post-monsoon
2021-10-14 03:00:00,83.0,0.82,281.17,10,Post-monsoon
2021-10-14 04:00:00,86.0,0.9,281.38,10,Post-monsoon
2021-10-14 05:00:00,90.0,0.85,281.52,10,Post-monsoon
2021-10-14 06:00:00,90.0,0.7,275.73,10,Post-monsoon
2021-10-14 07:00:00,102.0,0.88,279.2,10,Post-monsoon
2021-10-14 08:00:00,80.0,1.2,299.88,10,Post-monsoon
2021-10-14 09:00:00,85.0,1.3,300.95,10,Post-monsoon
2021-10-14 10:00:00,91.0,1.58,311.48,10,Post-monsoon
2021-10-14 11:00:00,92.0,1.88,308.7,10,Post-monsoon
2021-10-14 12:00:00,64.0,2.38,308.58,10,Post-monsoon
2021-10-14 13:00:00,50.0,2.15,310.23,10,Post-monsoon
2021-10-14 14:00:00,50.0,2.1,301.6,10,Post-monsoon
2021-10-14 15:00:00,41.0,1.92,296.38,10,Post-monsoon
2021-10-14 16:00:00,41.0,1.55,297.27,10,Post-monsoon
2021-10-14 17:00:00,47.0,0.52,261.23,10,Post-monsoon
2021-10-14 18:00:00,50.0,0.75,275.2,10,Post-monsoon
2021-10-14 19:00:00,61.0,0.75,271.6,10,Post-monsoon
2021-10-14 20:00:00,83.0,0.82,279.38,10,Post-monsoon
2021-10-14 21:00:00,86.0,0.82,281.23,10,Post-monsoon
2021-10-14 22:00:00,99.0,0.82,271.0,10,Post-monsoon
2021-10-14 23:00:00,86.0,0.82,266.45,10,Post-monsoon
2021-10-15 00:00:00,83.0,0.7,265.92,10,Post-monsoon
2021-10-15 01:00:00,75.0,0.55,259.75,10,Post-monsoon
2021-10-15 02:00:00,81.0,0.62,266.42,10,Post-monsoon
2021-10-15 03:00:00,86.0,0.8,284.23,10,Post-monsoon
2021-10-15 04:00:00,97.0,0.72,274.02,10,Post-monsoon
2021-10-15 05:00:00,112.0,0.48,266.8,10,Post-monsoon
2021-10-15 06:00:00,125.0,0.45,254.25,10,Post-monsoon
2021-10-15 07:00:00,130.0,0.5,283.75,10,Post-monsoon
2021-10-15 08:00:00,127.0,0.85,264.12,10,Post-monsoon
2021-10-15 09:00:00,113.0,1.08,272.15,10,Post-monsoon
2021-10-15 10:00:00,116.0,1.02,293.05,10,Post-monsoon
2021-10-15 11:00:00,81.0,0.98,297.12,10,Post-monsoon
2021-10-15 12:00:00,74.0,1.02,291.42,10,Post-monsoon
2021-10-15 13:00:00,69.0,0.85,275.38,10,Post-monsoon
2021-10-15 14:00:00,62.0,0.65,295.15,10,Post-monsoon
2021-10-15 15:00:00,62.0,0.78,264.0,10,Post-monsoon
2021-10-15 16:00:00,52.0,0.6,262.55,10,Post-monsoon
2021-10-15 17:00:00,46.0,0.52,297.0,10,Post-monsoon
2021-10-15 18:00:00,75.0,0.57,294.1,10,Post-monsoon
2021-10-15 19:00:00,103.0,0.43,273.38,10,Post-monsoon
2021-10-15 20:00:00,101.0,0.32,259.7,10,Post-monsoon
2021-10-15 21:00:00,94.0,0.43,259.65,10,Post-monsoon
2021-10-15 22:00:00,108.0,0.28,237.5,10,Post-monsoon
2021-10-15 23:00:00,178.0,0.57,250.42,10,Post-monsoon
2021-10-16 00:00:00,119.0,0.45,256.15,10,Post-monsoon
2021-10-16 01:00:00,110.0,0.55,251.62,10,Post-monsoon
2021-10-16 02:00:00,130.0,0.6,249.7,10,Post-monsoon
2021-10-16 03:00:00,150.0,0.68,255.12,10,Post-monsoon
2021-10-16 04:00:00,177.0,0.5,245.8,10,Post-monsoon
2021-10-16 05:00:00,156.0,0.25,209.85,10,Post-monsoon
2021-10-16 06:00:00,149.0,0.6,251.27,10,Post-monsoon
2021-10-16 07:00:00,169.0,0.4,231.1,10,Post-monsoon
2021-10-16 08:00:00,151.0,0.68,254.92,10,Post-monsoon
2021-10-16 09:00:00,174.0,0.55,251.48,10,Post-monsoon
2021-10-16 10:00:00,195.0,0.45,269.62,10,Post-monsoon
2021-10-16 11:00:00,168.0,0.6,285.55,10,Post-monsoon
2021-10-16 12:00:00,171.57142857142858,0.6166666666666667,284.975,10,Post-monsoon
2021-10-16 13:00:00,175.14285714285714,0.6333333333333333,284.40000000000003,10,Post-monsoon
2021-10-16 14:00:00,178.71428571428572,0.6499999999999999,283.82500000000005,10,Post-monsoon
2021-10-16 15:00:00,,,,10,Post-monsoon
2021-10-16 16:00:00,,,,10,Post-monsoon
2021-10-16 17:00:00,,0.7,282.1,10,Post-monsoon
2021-10-16 18:00:00,193.0,1.02,311.9,10,Post-monsoon
2021-10-16 19:00:00,195.25,0.82,321.4,10,Post-monsoon
2021-10-16 20:00:00,207.5,0.78,300.18,10,Post-monsoon
2021-10-16 21:00:00,221.25,1.05,331.65,10,Post-monsoon
2021-10-16 22:00:00,233.0,0.78,252.62,10,Post-monsoon
2021-10-16 23:00:00,324.0,0.55,176.45,10,Post-monsoon
2021-10-17 00:00:00,448.25,0.68,93.22,10,Post-monsoon
2021-10-17 01:00:00,566.25,0.8,259.0,10,Post-monsoon
2021-10-17 02:00:00,648.25,0.88,19.73,10,Post-monsoon
2021-10-17 03:00:00,654.75,1.4,25.38,10,Post-monsoon
2021-10-17 04:00:00,546.75,1.2,31.7,10,Post-monsoon
2021-10-17 05:00:00,390.5,0.72,84.62,10,Post-monsoon
2021-10-17 06:00:00,302.75,0.68,93.0,10,Post-monsoon
2021-10-17 07:00:00,242.25,0.82,33.33,10,Post-monsoon
2021-10-17 08:00:00,195.5,1.0,94.72,10,Post-monsoon
2021-10-17 09:00:00,125.75,1.5,21.62,10,Post-monsoon
2021-10-17 10:00:00,95.75,1.42,32.17,10,Post-monsoon
2021-10-17 11:00:00,76.0,1.55,23.32,10,Post-monsoon
2021-10-17 12:00:00,58.0,2.25,21.62,10,Post-monsoon
2021-10-17 13:00:00,38.25,2.33,47.45,10,Post-monsoon
2021-10-17 14:00:00,27.0,2.2,66.68,10,Post-monsoon
2021-10-17 15:00:00,10.0,1.23,33.7,10,Post-monsoon
2021-10-17 16:00:00,14.25,1.8,38.7,10,Post-monsoon
2021-10-17 17:00:00,18.0,1.92,57.45,10,Post-monsoon
2021-10-17 18:00:00,19.0,1.12,48.58,10,Post-monsoon
2021-10-17 19:00:00,29.0,1.05,267.18,10,Post-monsoon
2021-10-17 20:00:00,67.0,1.27,186.58,10,Post-monsoon
2021-10-17 21:00:00,31.0,1.65,73.82,10,Post-monsoon
2021-10-17 22:00:00,18.0,1.55,125.3,10,Post-monsoon
2021-10-17 23:00:00,17.0,2.03,333.48,10,Post-monsoon
2021-10-18 00:00:00,27.0,1.42,337.2,10,Post-monsoon
2021-10-18 01:00:00,22.0,0.98,177.3,10,Post-monsoon
2021-10-18 02:00:00,18.0,0.98,100.42,10,Post-monsoon
2021-10-18 03:00:00,7.0,1.15,23.92,10,Post-monsoon
2021-10-18 04:00:00,9.0,1.65,62.5,10,Post-monsoon
2021-10-18 05:00:00,11.0,1.58,51.3,10,Post-monsoon
2021-10-18 06:00:00,10.666666666666666,1.4916666666666667,58.68,10,Post-monsoon
2021-10-18 07:00:00,10.333333333333334,1.403333333333333,66.06,10,Post-monsoon
2021-10-18 08:00:00,10.0,1.315,73.44,10,Post-monsoon
2021-10-18 09:00:00,,,,10,Post-monsoon
2021-10-18 10:00:00,,,,10,Post-monsoon
2021-10-18 11:00:00,9.0,1.05,95.58,10,Post-monsoon
2021-10-18 12:00:00,23.0,1.1,21.32,10,Post-monsoon
2021-10-18 13:00:00,17.0,1.2,24.32,10,Post-monsoon
2021-10-18 14:00:00,7.0,1.15,266.62,10,Post-monsoon
2021-10-18 15:00:00,19.0,1.4,340.88,10,Post-monsoon
2021-10-18 16:00:00,25.0,1.02,344.35,10,Post-monsoon
2021-10-18 17:00:00,24.0,1.05,329.45,10,Post-monsoon
2021-10-18 18:00:00,23.0,0.8,308.7,10,Post-monsoon
2021-10-18 19:00:00,30.0,0.55,250.3,10,Post-monsoon
2021-10-18 20:00:00,35.0,0.43,255.9,10,Post-monsoon
2021-10-18 21:00:00,24.0,0.6,265.23,10,Post-monsoon
2021-10-18 22:00:00,24.0,0.7230769230769231,267.14307692307693,10,Post-monsoon
2021-10-18 23:00:00,24.0,0.8461538461538461,269.05615384615385,10,Post-monsoon
2021-10-19 00:00:00,24.0,0.9692307692307692,270.9692307692308,10,Post-monsoon
2021-10-19 01:00:00,,,,10,Post-monsoon
2021-10-19 02:00:00,,,,10,Post-monsoon
2021-10-19 03:00:00,,,,10,Post-monsoon
2021-10-19 04:00:00,,,,10,Post-monsoon
2021-10-19 05:00:00,,,,10,Post-monsoon
2021-10-19 06:00:00,,,,10,Post-monsoon
2021-10-19 07:00:00,,,,10,Post-monsoon
2021-10-19 08:00:00,,,,10,Post-monsoon
2021-10-19 09:00:00,,,,10,Post-monsoon
2021-10-19 10:00:00,24.0,2.2,290.1,10,Post-monsoon
2021-10-19 11:00:00,28.0,2.15,296.92,10,Post-monsoon
2021-10-19 12:00:00,39.5,2.0,285.88,10,Post-monsoon
2021-10-19 13:00:00,38.5,2.05,291.73,10,Post-monsoon
2021-10-19 14:00:00,42.5,1.75,290.4,10,Post-monsoon
2021-10-19 15:00:00,54.25,1.45,283.15,10,Post-monsoon
2021-10-19 16:00:00,69.0,1.2,281.77,10,Post-monsoon
2021-10-19 17:00:00,76.5,0.85,275.77,10,Post-monsoon
2021-10-19 18:00:00,91.25,0.75,273.32,10,Post-monsoon
2021-10-19 19:00:00,133.0,0.7,277.05,10,Post-monsoon
2021-10-19 20:00:00,153.75,0.88,275.03,10,Post-monsoon
2021-10-19 21:00:00,115.5,0.65,281.12,10,Post-monsoon
2021-10-19 22:00:00,112.5,0.48,272.45,10,Post-monsoon
2021-10-19 23:00:00,119.5,0.18,242.73,10,Post-monsoon
2021-10-20 00:00:00,138.25,0.12,233.3,10,Post-monsoon
2021-10-20 01:00:00,169.0,0.2,241.88,10,Post-monsoon
2021-10-20 02:00:00,157.5,0.48,260.78,10,Post-monsoon
2021-10-20 03:00:00,149.0,0.57,263.3,10,Post-monsoon
2021-10-20 04:00:00,146.25,0.65,272.92,10,Post-monsoon
2021-10-20 05:00:00,156.5,0.6,276.48,10,Post-monsoon
2021-10-20 06:00:00,181.5,0.55,265.82,10,Post-monsoon
2021-10-20 07:00:00,157.25,0.55,250.85,10,Post-monsoon
2021-10-20 08:00:00,115.0,0.95,259.35,10,Post-monsoon
2021-10-20 09:00:00,114.5,1.08,265.62,10,Post-monsoon
2021-10-20 10:00:00,118.0,1.08,285.35,10,Post-monsoon
2021-10-20 11:00:00,104.25,1.38,283.35,10,Post-monsoon
2021-10-20 12:00:00,93.0,1.62,287.25,10,Post-monsoon
2021-10-20 13:00:00,70.75,1.72,298.33,10,Post-monsoon
2021-10-20 14:00:00,57.5,1.58,294.1,10,Post-monsoon
2021-10-20 15:00:00,58.5,1.35,283.05,10,Post-monsoon
2021-10-20 16:00:00,66.5,0.8,270.75,10,Post-monsoon
2021-10-20 17:00:00,71.0,0.1,128.15,10,Post-monsoon
2021-10-20 18:00:00,83.75,0.15,153.28,10,Post-monsoon
2021-10-20 19:00:00,99.25,0.18,183.48,10,Post-monsoon
2021-10-20 20:00:00,118.0,0.55,308.1,10,Post-monsoon
2021-10-20 21:00:00,137.0,0.57,283.32,10,Post-monsoon
2021-10-20 22:00:00,135.25,0.82,283.82,10,Post-monsoon
2021-10-20 23:00:00,121.25,0.68,283.32,10,Post-monsoon
2021-10-21 00:00:00,126.25,0.32,232.55,10,Post-monsoon
2021-10-21 01:00:00,142.0,0.37,171.12,10,Post-monsoon
2021-10-21 02:00:00,158.0,0.32,265.75,10,Post-monsoon
2021-10-21 03:00:00,167.5,0.57,233.18,10,Post-monsoon
2021-10-21 04:00:00,127.5,0.5,233.92,10,Post-monsoon
2021-10-21 05:00:00,109.0,0.45,220.62,10,Post-monsoon
2021-10-21 06:00:00,102.25,0.52,231.68,10,Post-monsoon
2021-10-21 07:00:00,97.25,0.7,240.15,10,Post-monsoon
2021-10-21 08:00:00,83.25,0.95,248.38,10,Post-monsoon
2021-10-21 09:00:00,63.75,0.98,253.27,10,Post-monsoon
2021-10-21 10:00:00,56.5,0.98,261.9,10,Post-monsoon
2021-10-21 11:00:00,53.25,1.02,263.98,10,Post-monsoon
2021-10-21 12:00:00,46.0,1.3,271.15,10,Post-monsoon
2021-10-21 13:00:00,39.0,1.88,286.53,10,Post-monsoon
2021-10-21 14:00:00,37.0,1.75,292.72,10,Post-monsoon
2021-10-21 15:00:00,39.0,1.88,280.85,10,Post-monsoon
2021-10-21 16:00:00,34.5,1.05,269.08,10,Post-monsoon
2021-10-21 17:00:00,30.75,0.45,224.05,10,Post-monsoon
2021-10-21 18:00:00,44.25,0.43,299.42,10,Post-monsoon
2021-10-21 19:00:00,77.0,0.65,285.98,10,Post-monsoon
2021-10-21 20:00:00,78.25,0.45,288.03,10,Post-monsoon
2021-10-21 21:00:00,99.25,0.25,296.3,10,Post-monsoon
2021-10-21 22:00:00,119.5,0.3,227.08,10,Post-monsoon
2021-10-21 23:00:00,113.5,0.42,298.08,10,Post-monsoon
2021-10-22 00:00:00,152.25,0.82,292.77,10,Post-monsoon
2021-10-22 01:00:00,211.0,0.6,289.85,10,Post-monsoon
2021-10-22 02:00:00,227.25,0.77,287.5,10,Post-monsoon
2021-10-22 03:00:00,190.0,0.42,268.25,10,Post-monsoon
2021-10-22 04:00:00,177.25,0.62,265.25,10,Post-monsoon
2021-10-22 05:00:00,105.0,0.68,272.58,10,Post-monsoon
2021-10-22 06:00:00,103.0,0.9,277.55,10,Post-monsoon
2021-10-22 07:00:00,72.5,1.1,280.92,10,Post-monsoon
2021-10-22 08:00:00,49.25,1.12,264.42,10,Post-monsoon
2021-10-22 09:00:00,36.75,1.27,267.0,10,Post-monsoon
2021-10-22 10:00:00,30.25,1.88,286.88,10,Post-monsoon
2021-10-22 11:00:00,21.25,1.62,286.4,10,Post-monsoon
2021-10-22 12:00:00,19.25,1.35,275.12,10,Post-monsoon
2021-10-22 13:00:00,19.75,1.23,263.08,10,Post-monsoon
2021-10-22 14:00:00,19.0,0.92,265.5,10,Post-monsoon
2021-10-22 15:00:00,18.75,0.82,262.7,10,Post-monsoon
2021-10-22 16:00:00,18.25,0.48,250.88,10,Post-monsoon
2021-10-22 17:00:00,22.0,0.28,165.35,10,Post-monsoon
2021-10-22 18:00:00,40.0,0.75,66.57,10,Post-monsoon
2021-10-22 19:00:00,75.0,0.95,72.38,10,Post-monsoon
2021-10-22 20:00:00,97.25,0.92,77.72,10,Post-monsoon
2021-10-22 21:00:00,98.0,1.3,71.82,10,Post-monsoon
2021-10-22 22:00:00,115.5,1.45,74.62,10,Post-monsoon
2021-10-22 23:00:00,117.25,1.42,75.08,10,Post-monsoon
2021-10-23 00:00:00,127.75,1.15,74.88,10,Post-monsoon
2021-10-23 01:00:00,130.75,0.52,84.88,10,Post-monsoon
2021-10-23 02:00:00,138.5,0.28,75.95,10,Post-monsoon
2021-10-23 03:00:00,159.0,0.6,84.78,10,Post-monsoon
2021-10-23 04:00:00,174.75,0.48,80.28,10,Post-monsoon
2021-10-23 05:00:00,184.25,0.45,76.4,10,Post-monsoon
2021-10-23 06:00:00,173.0,0.15,60.65,10,Post-monsoon
2021-10-23 07:00:00,148.0,0.5,174.82,10,Post-monsoon
2021-10-23 08:00:00,116.75,0.7,191.4,10,Post-monsoon
2021-10-23 09:00:00,86.0,0.7,231.77,10,Post-monsoon
2021-10-23 10:00:00,86.0,0.6755555555555555,213.0977777777778,10,Post-monsoon
2021-10-23 11:00:00,86.0,0.6511111111111111,194.42555555555555,10,Post-monsoon
2021-10-23 12:00:00,86.0,0.6266666666666666,175.75333333333333,10,Post-monsoon
2021-10-23 13:00:00,,,,10,Post-monsoon
2021-10-23 14:00:00,,,,10,Post-monsoon
2021-10-23 15:00:00,,,,10,Post-monsoon
2021-10-23 16:00:00,,,,10,Post-monsoon
2021-10-23 17:00:00,,,,10,Post-monsoon
2021-10-23 18:00:00,86.0,0.48,63.72,10,Post-monsoon
2021-10-23 19:00:00,84.5,0.2,72.22,10,Post-monsoon
2021-10-23 20:00:00,83.0,0.22,112.35,10,Post-monsoon
2021-10-23 21:00:00,72.0,0.2,140.62,10,Post-monsoon
2021-10-23 22:00:00,67.0,0.52,59.95,10,Post-monsoon
2021-10-23 23:00:00,74.0,0.5,65.45,10,Post-monsoon
2021-10-24 00:00:00,74.0,0.95,65.93,10,Post-monsoon
2021-10-24 01:00:00,108.0,1.2,73.7,10,Post-monsoon
2021-10-24 02:00:00,124.0,0.9,76.48,10,Post-monsoon
2021-10-24 03:00:00,119.0,0.92,74.85,10,Post-monsoon
2021-10-24 04:00:00,118.0,0.62,71.5,10,Post-monsoon
2021-10-24 05:00:00,116.0,1.38,69.88,10,Post-monsoon
2021-10-24 06:00:00,124.0,0.78,72.45,10,Post-monsoon
2021-10-24 07:00:00,150.0,0.75,238.4,10,Post-monsoon
2021-10-24 08:00:00,151.0,1.33,321.17,10,Post-monsoon
2021-10-24 09:00:00,130.0,1.27,256.88,10,Post-monsoon
2021-10-24 10:00:00,127.0,1.02,44.75,10,Post-monsoon
2021-10-24 11:00:00,139.0,0.8,76.1,10,Post-monsoon
2021-10-24 12:00:00,114.0,0.48,134.6,10,Post-monsoon
2021-10-24 13:00:00,84.0,0.62,135.9,10,Post-monsoon
2021-10-24 14:00:00,64.0,0.6,119.0,10,Post-monsoon
2021-10-24 15:00:00,55.0,0.45,151.38,10,Post-monsoon
2021-10-24 16:00:00,50.0,0.62,108.35,10,Post-monsoon
2021-10-24 17:00:00,63.0,0.73,221.58,10,Post-monsoon
2021-10-24 18:00:00,72.0,1.55,335.0,10,Post-monsoon
2021-10-24 19:00:00,91.0,1.27,147.15,10,Post-monsoon
2021-10-24 20:00:00,72.0,1.42,20.48,10,Post-monsoon
2021-10-24 21:00:00,50.0,1.95,30.4,10,Post-monsoon
2021-10-24 22:00:00,46.0,1.8,31.5,10,Post-monsoon
2021-10-24 23:00:00,41.0,1.45,68.6,10,Post-monsoon
2021-10-25 00:00:00,35.0,1.52,75.8,10,Post-monsoon
2021-10-25 01:00:00,18.0,0.32,82.72,10,Post-monsoon
2021-10-25 02:00:00,24.0,0.45,86.35,10,Post-monsoon
2021-10-25 03:00:00,29.0,0.72,20.23,10,Post-monsoon
2021-10-25 04:00:00,28.0,0.4,227.6,10,Post-monsoon
2021-10-25 05:00:00,29.0,0.35,206.42,10,Post-monsoon
2021-10-25 06:00:00,50.0,0.4,117.9,10,Post-monsoon
2021-10-25 07:00:00,45.0,0.95,27.65,10,Post-monsoon
2021-10-25 08:00:00,50.0,1.0,98.32,10,Post-monsoon
2021-10-25 09:00:00,50.0,1.23,311.05,10,Post-monsoon
2021-10-25 10:00:00,48.0,1.4,314.3,10,Post-monsoon
2021-10-25 11:00:00,40.0,1.35,296.23,10,Post-monsoon
2021-10-25 12:00:00,23.0,1.33,301.8,10,Post-monsoon
2021-10-25 13:00:00,30.0,1.48,323.32,10,Post-monsoon
2021-10-25 14:00:00,33.0,1.6,315.12,10,Post-monsoon
2021-10-25 15:00:00,29.0,1.4,315.18,10,Post-monsoon
2021-10-25 16:00:00,31.0,1.42,298.12,10,Post-monsoon
2021-10-25 17:00:00,29.0,1.12,287.95,10,Post-monsoon
2021-10-25 18:00:00,50.0,0.77,270.6,10,Post-monsoon
2021-10-25 19:00:00,67.0,0.62,286.32,10,Post-monsoon
2021-10-25 20:00:00,89.0,0.62,267.12,10,Post-monsoon
2021-10-25 21:00:00,101.0,0.57,257.42,10,Post-monsoon
2021-10-25 22:00:00,95.0,0.68,261.45,10,Post-monsoon
2021-10-25 23:00:00,88.0,1.08,282.8,10,Post-monsoon
2021-10-26 00:00:00,95.0,1.08,279.88,10,Post-monsoon
2021-10-26 01:00:00,84.0,0.95,278.52,10,Post-monsoon
2021-10-26 02:00:00,122.0,0.98,274.6,10,Post-monsoon
2021-10-26 03:00:00,77.0,1.02,272.4,10,Post-monsoon
2021-10-26 04:00:00,67.0,0.73,268.45,10,Post-monsoon
2021-10-26 05:00:00,59.0,0.4,255.32,10,Post-monsoon
2021-10-26 06:00:00,70.0,0.28,228.08,10,Post-monsoon
2021-10-26 07:00:00,99.0,0.65,266.55,10,Post-monsoon
2021-10-26 08:00:00,90.0,0.98,275.88,10,Post-monsoon
2021-10-26 09:00:00,92.0,1.17,281.83,10,Post-monsoon
2021-10-26 10:00:00,57.0,1.48,292.2,10,Post-monsoon
2021-10-26 11:00:00,36.0,1.42,297.08,10,Post-monsoon
2021-10-26 12:00:00,31.0,1.2,285.77,10,Post-monsoon
2021-10-26 13:00:00,39.0,1.35,295.9,10,Post-monsoon
2021-10-26 14:00:00,36.0,1.18,279.88,10,Post-monsoon
2021-10-26 15:00:00,39.0,1.02,277.25,10,Post-monsoon
2021-10-26 16:00:00,42.0,0.85,271.32,10,Post-monsoon
2021-10-26 17:00:00,46.0,0.5,277.48,10,Post-monsoon
2021-10-26 18:00:00,57.0,0.32,260.33,10,Post-monsoon
2021-10-26 19:00:00,85.0,0.5,286.95,10,Post-monsoon
2021-10-26 20:00:00,118.0,0.52,291.65,10,Post-monsoon
2021-10-26 21:00:00,129.0,0.5,257.38,10,Post-monsoon
2021-10-26 22:00:00,121.0,0.5,256.42,10,Post-monsoon
2021-10-26 23:00:00,125.0,0.7,273.58,10,Post-monsoon
2021-10-27 00:00:00,114.0,1.15,311.9,10,Post-monsoon
2021-10-27 01:00:00,155.0,1.05,307.8,10,Post-monsoon
2021-10-27 02:00:00,161.0,0.88,273.48,10,Post-monsoon
2021-10-27 03:00:00,149.0,0.8,271.73,10,Post-monsoon
2021-10-27 04:00:00,164.0,0.85,269.52,10,Post-monsoon
2021-10-27 05:00:00,152.0,0.68,269.15,10,Post-monsoon
2021-10-27 06:00:00,171.0,0.35,227.77,10,Post-monsoon
2021-10-27 07:00:00,177.0,0.55,252.8,10,Post-monsoon
2021-10-27 08:00:00,221.0,0.68,265.08,10,Post-monsoon
2021-10-27 09:00:00,166.0,0.88,268.27,10,Post-monsoon
2021-10-27 10:00:00,140.0,1.03,291.75,10,Post-monsoon
2021-10-27 11:00:00,116.0,1.32,304.7,10,Post-monsoon
2021-10-27 12:00:00,90.0,1.6,301.98,10,Post-monsoon
2021-10-27 13:00:00,77.0,1.65,303.92,10,Post-monsoon
2021-10-27 14:00:00,55.0,1.65,299.2,10,Post-monsoon
2021-10-27 15:00:00,58.0,1.23,297.85,10,Post-monsoon
2021-10-27 16:00:00,69.0,1.15,289.6,10,Post-monsoon
2021-10-27 17:00:00,75.0,0.5,262.8,10,Post-monsoon
2021-10-27 18:00:00,94.0,0.45,286.5,10,Post-monsoon
2021-10-27 19:00:00,133.0,0.72,277.12,10,Post-monsoon
2021-10-27 20:00:00,166.0,0.82,276.77,10,Post-monsoon
2021-10-27 21:00:00,146.0,0.9,274.55,10,Post-monsoon
2021-10-27 22:00:00,157.0,0.68,266.15,10,Post-monsoon
2021-10-27 23:00:00,140.0,0.65,257.33,10,Post-monsoon
2021-10-28 00:00:00,162.0,0.57,252.72,10,Post-monsoon
2021-10-28 01:00:00,169.0,0.68,273.88,10,Post-monsoon
2021-10-28 02:00:00,172.0,0.68,280.73,10,Post-monsoon
2021-10-28 03:00:00,189.0,0.4,255.32,10,Post-monsoon
2021-10-28 04:00:00,199.0,0.43,286.48,10,Post-monsoon
2021-10-28 05:00:00,201.0,0.48,301.65,10,Post-monsoon
2021-10-28 06:00:00,224.0,0.28,266.98,10,Post-monsoon
2021-10-28 07:00:00,232.0,0.3,258.48,10,Post-monsoon
2021-10-28 08:00:00,193.0,0.82,261.7,10,Post-monsoon
2021-10-28 09:00:00,195.0,0.98,280.38,10,Post-monsoon
2021-10-28 10:00:00,163.0,1.2,289.35,10,Post-monsoon
2021-10-28 11:00:00,101.0,1.38,295.45,10,Post-monsoon
2021-10-28 12:00:00,70.0,1.45,292.65,10,Post-monsoon
2021-10-28 13:00:00,68.0,1.32,291.23,10,Post-monsoon
2021-10-28 14:00:00,63.0,1.2,294.23,10,Post-monsoon
2021-10-28 15:00:00,68.0,1.02,303.27,10,Post-monsoon
2021-10-28 16:00:00,68.0,0.8,273.77,10,Post-monsoon
2021-10-28 17:00:00,59.0,0.12,200.5,10,Post-monsoon
2021-10-28 18:00:00,74.0,0.18,183.15,10,Post-monsoon
2021-10-28 19:00:00,97.5,0.12,255.28,10,Post-monsoon
2021-10-28 20:00:00,121.0,0.18,250.48,10,Post-monsoon
2021-10-28 21:00:00,145.0,0.18,250.58,10,Post-monsoon
2021-10-28 22:00:00,174.0,0.2,204.7,10,Post-monsoon
2021-10-28 23:00:00,163.0,0.57,285.18,10,Post-monsoon
2021-10-29 00:00:00,221.0,0.65,266.15,10,Post-monsoon
2021-10-29 01:00:00,200.0,0.38,226.58,10,Post-monsoon
2021-10-29 02:00:00,185.0,0.42,246.62,10,Post-monsoon
2021-10-29 03:00:00,208.0,0.48,250.15,10,Post-monsoon
2021-10-29 04:00:00,216.0,0.4,225.02,10,Post-monsoon
2021-10-29 05:00:00,208.0,0.32,226.68,10,Post-monsoon
2021-10-29 06:00:00,244.0,0.25,245.45,10,Post-monsoon
2021-10-29 07:00:00,202.0,0.62,250.48,10,Post-monsoon
2021-10-29 08:00:00,233.0,0.6,251.45,10,Post-monsoon
2021-10-29 09:00:00,239.0,0.82,315.72,10,Post-monsoon
2021-10-29 10:00:00,202.0,0.7,330.28,10,Post-monsoon
2021-10-29 11:00:00,141.0,0.82,312.67,10,Post-monsoon
2021-10-29 12:00:00,121.0,0.72,324.32,10,Post-monsoon
2021-10-29 13:00:00,100.0,0.92,290.58,10,Post-monsoon
2021-10-29 14:00:00,74.0,0.82,292.98,10,Post-monsoon
2021-10-29 15:00:00,70.0,0.95,278.62,10,Post-monsoon
2021-10-29 16:00:00,72.0,0.62,270.33,10,Post-monsoon
2021-10-29 17:00:00,66.0,0.62,284.38,10,Post-monsoon
2021-10-29 18:00:00,91.0,0.4,287.38,10,Post-monsoon
2021-10-29 19:00:00,146.0,0.52,284.18,10,Post-monsoon
2021-10-29 20:00:00,127.0,0.4,227.7,10,Post-monsoon
2021-10-29 21:00:00,130.0,0.32,282.92,10,Post-monsoon
2021-10-29 22:00:00,152.0,0.62,299.2,10,Post-monsoon
2021-10-29 23:00:00,139.0,0.65,279.98,10,Post-monsoon
2021-10-30 00:00:00,156.0,0.7,280.27,10,Post-monsoon
2021-10-30 01:00:00,158.0,0.7,288.5,10,Post-monsoon
2021-10-30 02:00:00,174.0,0.8,281.3,10,Post-monsoon
2021-10-30 03:00:00,179.0,0.7,287.38,10,Post-monsoon
2021-10-30 04:00:00,177.0,0.28,253.38,10,Post-monsoon
2021-10-30 05:00:00,178.0,0.3,222.12,10,Post-monsoon
2021-10-30 06:00:00,202.0,0.25,196.68,10,Post-monsoon
2021-10-30 07:00:00,254.0,0.9,279.23,10,Post-monsoon
2021-10-30 08:00:00,269.0,0.95,274.85,10,Post-monsoon
2021-10-30 09:00:00,206.0,1.2,289.32,10,Post-monsoon
2021-10-30 10:00:00,119.0,1.82,308.82,10,Post-monsoon
2021-10-30 11:00:00,64.0,1.85,316.1,10,Post-monsoon
2021-10-30 12:00:00,56.0,1.75,305.95,10,Post-monsoon
2021-10-30 13:00:00,38.0,1.65,295.68,10,Post-monsoon
2021-10-30 14:00:00,40.0,1.6,302.7,10,Post-monsoon
2021-10-30 15:00:00,40.0,1.72,300.62,10,Post-monsoon
2021-10-30 16:00:00,53.0,1.3,294.7,10,Post-monsoon
2021-10-30 17:00:00,63.0,0.25,283.65,10,Post-monsoon
2021-10-30 18:00:00,83.0,0.42,230.35,10,Post-monsoon
2021-10-30 19:00:00,119.0,0.28,308.98,10,Post-monsoon
2021-10-30 20:00:00,160.0,0.12,203.3,10,Post-monsoon
2021-10-30 21:00:00,167.0,0.4,271.77,10,Post-monsoon
2021-10-30 22:00:00,185.0,0.9,284.27,10,Post-monsoon
2021-10-30 23:00:00,223.0,0.8,276.45,10,Post-monsoon
2021-10-31 00:00:00,229.0,0.62,270.3,10,Post-monsoon
2021-10-31 01:00:00,266.0,0.78,271.5,10,Post-monsoon
2021-10-31 02:00:00,299.0,0.5,246.92,10,Post-monsoon
2021-10-31 03:00:00,321.0,0.62,221.05,10,Post-monsoon
2021-10-31 04:00:00,293.0,0.52,225.82,10,Post-monsoon
2021-10-31 05:00:00,299.0,0.5,225.58,10,Post-monsoon
2021-10-31 06:00:00,262.0,0.62,233.82,10,Post-monsoon
2021-10-31 07:00:00,251.0,0.6,228.6,10,Post-monsoon
2021-10-31 08:00:00,210.0,0.8,247.6,10,Post-monsoon
2021-10-31 09:00:00,173.0,1.02,246.4,10,Post-monsoon
2021-10-31 10:00:00,173.0,1.0,255.18,10,Post-monsoon
2021-10-31 11:00:00,138.0,1.22,285.35,10,Post-monsoon
2021-10-31 12:00:00,107.0,1.32,294.38,10,Post-monsoon
2021-10-31 13:00:00,80.0,1.15,294.55,10,Post-monsoon
2021-10-31 14:00:00,70.0,1.15,293.5,10,Post-monsoon
2021-10-31 15:00:00,64.0,1.15,285.68,10,Post-monsoon
2021-10-31 16:00:00,53.0,0.82,281.65,10,Post-monsoon
2021-10-31 17:00:00,50.0,0.4,304.55,10,Post-monsoon
2021-10-31 18:00:00,64.0,0.25,268.4,10,Post-monsoon
2021-10-31 19:00:00,97.0,0.38,253.28,10,Post-monsoon
2021-10-31 20:00:00,144.0,0.25,134.38,10,Post-monsoon
2021-10-31 21:00:00,157.0,0.28,233.62,10,Post-monsoon
2021-10-31 22:00:00,124.0,0.15,104.68,10,Post-monsoon
2021-10-31 23:00:00,178.0,0.2,101.55,10,Post-monsoon
2021-11-01 00:00:00,173.0,0.2,163.45,11,Post-monsoon
2021-11-01 01:00:00,194.0,0.48,112.22,11,Post-monsoon
2021-11-01 02:00:00,185.0,0.57,85.22,11,Post-monsoon
2021-11-01 03:00:00,179.0,0.2,130.93,11,Post-monsoon
2021-11-01 04:00:00,179.0,0.28,132.67,11,Post-monsoon
2021-11-01 05:00:00,212.0,0.3,120.85,11,Post-monsoon
2021-11-01 06:00:00,245.0,0.45,98.82,11,Post-monsoon
2021-11-01 07:00:00,244.0,0.78,74.3,11,Post-monsoon
2021-11-01 08:00:00,216.0,0.57,73.22,11,Post-monsoon
2021-11-01 09:00:00,227.0,0.52,102.82,11,Post-monsoon
2021-11-01 10:00:00,211.0,0.68,148.33,11,Post-monsoon
2021-11-01 11:00:00,138.0,0.72,163.73,11,Post-monsoon
2021-11-01 12:00:00,155.0,0.68,150.3,11,Post-monsoon
2021-11-01 13:00:00,121.0,0.48,146.65,11,Post-monsoon
2021-11-01 14:00:00,91.0,0.9,105.38,11,Post-monsoon
2021-11-01 15:00:00,99.0,0.7,77.3,11,Post-monsoon
2021-11-01 16:00:00,101.0,0.6,66.22,11,Post-monsoon
2021-11-01 17:00:00,94.0,1.27,72.48,11,Post-monsoon
2021-11-01 18:00:00,124.0,1.22,78.2,11,Post-monsoon
2021-11-01 19:00:00,194.0,1.0,77.2,11,Post-monsoon
2021-11-01 20:00:00,233.0,1.0,73.8,11,Post-monsoon
2021-11-01 21:00:00,245.0,1.48,75.55,11,Post-monsoon
2021-11-01 22:00:00,345.0,1.52,75.9,11,Post-monsoon
2021-11-01 23:00:00,271.0,1.52,74.12,11,Post-monsoon
2021-11-02 00:00:00,244.0,1.45,71.32,11,Post-monsoon
2021-11-02 01:00:00,228.0,1.35,71.25,11,Post-monsoon
2021-11-02 02:00:00,243.0,1.58,69.73,11,Post-monsoon
2021-11-02 03:00:00,216.0,1.65,70.6,11,Post-monsoon
2021-11-02 04:00:00,222.0,1.25,71.0,11,Post-monsoon
2021-11-02 05:00:00,227.0,1.2,61.72,11,Post-monsoon
2021-11-02 06:00:00,241.0,1.28,63.15,11,Post-monsoon
2021-11-02 07:00:00,223.0,1.5,66.28,11,Post-monsoon
2021-11-02 08:00:00,217.0,1.3,66.22,11,Post-monsoon
2021-11-02 09:00:00,222.0,0.95,77.92,11,Post-monsoon
2021-11-02 10:00:00,254.0,0.68,106.3,11,Post-monsoon
2021-11-02 11:00:00,138.0,0.65,112.12,11,Post-monsoon
2021-11-02 12:00:00,118.0,0.92,154.32,11,Post-monsoon
2021-11-02 13:00:00,99.0,0.75,142.15,11,Post-monsoon
2021-11-02 14:00:00,83.0,0.75,148.48,11,Post-monsoon
2021-11-02 15:00:00,94.0,0.4,140.88,11,Post-monsoon
2021-11-02 16:00:00,92.0,0.72,68.1,11,Post-monsoon
2021-11-02 17:00:00,97.0,0.6,69.62,11,Post-monsoon
2021-11-02 18:00:00,125.0,0.9,72.97,11,Post-monsoon
2021-11-02 19:00:00,147.0,1.15,75.82,11,Post-monsoon
2021-11-02 20:00:00,196.0,0.65,111.52,11,Post-monsoon
2021-11-02 21:00:00,221.0,0.98,77.5,11,Post-monsoon
2021-11-02 22:00:00,241.0,1.1,72.38,11,Post-monsoon
2021-11-02 23:00:00,262.0,0.9,96.3,11,Post-monsoon
2021-11-03 00:00:00,252.0,0.77,68.8,11,Post-monsoon
2021-11-03 01:00:00,266.0,0.35,94.22,11,Post-monsoon
2021-11-03 02:00:00,235.0,0.25,133.8,11,Post-monsoon
2021-11-03 03:00:00,259.0,0.52,149.15,11,Post-monsoon
2021-11-03 04:00:00,272.0,0.28,118.95,11,Post-monsoon
2021-11-03 05:00:00,232.0,0.52,62.0,11,Post-monsoon
2021-11-03 06:00:00,201.0,0.48,102.58,11,Post-monsoon
2021-11-03 07:00:00,222.0,0.88,50.12,11,Post-monsoon
2021-11-03 08:00:00,234.0,1.0,53.35,11,Post-monsoon
2021-11-03 09:00:00,278.0,0.95,71.8,11,Post-monsoon
2021-11-03 10:00:00,237.0,0.88,79.22,11,Post-monsoon
2021-11-03 11:00:00,218.0,0.6,107.85,11,Post-monsoon
2021-11-03 12:00:00,218.0,0.6,87.93,11,Post-monsoon
2021-11-03 13:00:00,184.0,0.68,82.15,11,Post-monsoon
2021-11-03 14:00:00,144.0,0.52,102.6,11,Post-monsoon
2021-11-03 15:00:00,123.0,0.95,90.1,11,Post-monsoon
2021-11-03 16:00:00,146.0,1.12,68.75,11,Post-monsoon
2021-11-03 17:00:00,152.0,0.65,50.32,11,Post-monsoon
2021-11-03 18:00:00,174.0,0.5,93.22,11,Post-monsoon
2021-11-03 19:00:00,193.0,0.3,140.77,11,Post-monsoon
2021-11-03 20:00:00,207.0,0.3,119.12,11,Post-monsoon
2021-11-03 21:00:00,233.0,0.25,187.6,11,Post-monsoon
2021-11-03 22:00:00,246.0,0.25,233.15,11,Post-monsoon
2021-11-03 23:00:00,342.0,0.65,277.5,11,Post-monsoon
2021-11-04 00:00:00,306.0,0.45,286.55,11,Post-monsoon
2021-11-04 01:00:00,291.0,0.88,314.75,11,Post-monsoon
2021-11-04 02:00:00,238.0,0.6,215.95,11,Post-monsoon
2021-11-04 03:00:00,262.0,0.52,79.0,11,Post-monsoon
2021-11-04 04:00:00,273.0,0.35,190.72,11,Post-monsoon
2021-11-04 05:00:00,268.0,0.4,268.42,11,Post-monsoon
2021-11-04 06:00:00,273.0,0.45,249.02,11,Post-monsoon
2021-11-04 07:00:00,268.0,0.65,266.38,11,Post-monsoon
2021-11-04 08:00:00,295.0,0.78,272.5,11,Post-monsoon
2021-11-04 09:00:00,335.0,0.88,274.88,11,Post-monsoon
2021-11-04 10:00:00,445.0,0.73,280.75,11,Post-monsoon
2021-11-04 11:00:00,471.0,0.7,256.1,11,Post-monsoon
2021-11-04 12:00:00,426.0,0.62,278.42,11,Post-monsoon
2021-11-04 13:00:00,395.0,0.82,295.85,11,Post-monsoon
2021-11-04 14:00:00,331.0,0.78,283.45,11,Post-monsoon
2021-11-04 15:00:00,287.0,0.38,258.92,11,Post-monsoon
2021-11-04 16:00:00,320.0,0.52,273.65,11,Post-monsoon
2021-11-04 17:00:00,343.0,0.65,278.48,11,Post-monsoon
2021-11-04 18:00:00,423.0,0.52,272.3,11,Post-monsoon
2021-11-04 19:00:00,482.0,0.43,272.18,11,Post-monsoon
2021-11-04 20:00:00,555.0,0.3,255.25,11,Post-monsoon
2021-11-04 21:00:00,544.0,0.25,246.08,11,Post-monsoon
2021-11-04 22:00:00,538.0,0.35,257.12,11,Post-monsoon
2021-11-04 23:00:00,611.0,0.2,253.6,11,Post-monsoon
2021-11-05 00:00:00,654.0,0.43,266.88,11,Post-monsoon
2021-11-05 01:00:00,633.0,0.38,263.92,11,Post-monsoon
2021-11-05 02:00:00,630.0,0.62,273.12,11,Post-monsoon
2021-11-05 03:00:00,617.0,0.42,245.2,11,Post-monsoon
2021-11-05 04:00:00,589.0,0.4,242.02,11,Post-monsoon
2021-11-05 05:00:00,560.0,0.38,233.92,11,Post-monsoon
2021-11-05 06:00:00,522.0,0.2,213.2,11,Post-monsoon
2021-11-05 07:00:00,525.0,0.35,194.18,11,Post-monsoon
2021-11-05 08:00:00,552.0,0.28,215.25,11,Post-monsoon
2021-11-05 09:00:00,503.0,0.52,272.42,11,Post-monsoon
2021-11-05 10:00:00,459.0,0.35,247.75,11,Post-monsoon
2021-11-05 11:00:00,398.0,0.6,267.6,11,Post-monsoon
2021-11-05 12:00:00,340.0,0.65,258.02,11,Post-monsoon
2021-11-05 13:00:00,322.0,0.85,262.53,11,Post-monsoon
2021-11-05 14:00:00,265.0,0.6,247.8,11,Post-monsoon
2021-11-05 15:00:00,230.0,0.45,267.77,11,Post-monsoon
2021-11-05 16:00:00,230.0,0.18,229.1,11,Post-monsoon
2021-11-05 17:00:00,244.0,0.43,323.75,11,Post-monsoon
2021-11-05 18:00:00,284.0,0.25,245.68,11,Post-monsoon
2021-11-05 19:00:00,329.0,0.28,118.45,11,Post-monsoon
2021-11-05 20:00:00,349.0,0.15,123.32,11,Post-monsoon
2021-11-05 21:00:00,373.0,0.32,274.7,11,Post-monsoon
2021-11-05 22:00:00,415.0,0.4,272.42,11,Post-monsoon
2021-11-05 23:00:00,432.0,0.72,287.55,11,Post-monsoon
2021-11-06 00:00:00,414.0,0.8,283.48,11,Post-monsoon
2021-11-06 01:00:00,384.0,0.3,243.42,11,Post-monsoon
2021-11-06 02:00:00,401.0,0.3,211.8,11,Post-monsoon
2021-11-06 03:00:00,461.0,0.28,218.75,11,Post-monsoon
2021-11-06 04:00:00,451.0,0.32,213.02,11,Post-monsoon
2021-11-06 05:00:00,434.0,0.52,237.75,11,Post-monsoon
2021-11-06 06:00:00,417.0,0.45,222.23,11,Post-monsoon
2021-11-06 07:00:00,409.0,0.62,230.62,11,Post-monsoon
2021-11-06 08:00:00,416.0,0.77,251.75,11,Post-monsoon
2021-11-06 09:00:00,385.0,1.1,264.6,11,Post-monsoon
2021-11-06 10:00:00,355.0,1.15,267.38,11,Post-monsoon
2021-11-06 11:00:00,304.0,1.3,278.2,11,Post-monsoon
2021-11-06 12:00:00,269.0,1.38,293.0,11,Post-monsoon
2021-11-06 13:00:00,173.0,1.42,290.2,11,Post-monsoon
2021-11-06 14:00:00,140.0,1.6,287.67,11,Post-monsoon
2021-11-06 15:00:00,136.0,1.25,284.08,11,Post-monsoon
2021-11-06 16:00:00,169.0,0.85,277.73,11,Post-monsoon
2021-11-06 17:00:00,215.0,0.5,274.7,11,Post-monsoon
2021-11-06 18:00:00,339.0,0.25,206.08,11,Post-monsoon
2021-11-06 19:00:00,354.0,0.55,297.35,11,Post-monsoon
2021-11-06 20:00:00,442.0,0.78,282.05,11,Post-monsoon
2021-11-06 21:00:00,482.0,0.72,281.52,11,Post-monsoon
2021-11-06 22:00:00,471.0,0.48,272.25,11,Post-monsoon
2021-11-06 23:00:00,439.0,0.3,225.35,11,Post-monsoon
2021-11-07 00:00:00,439.0,0.28,233.82,11,Post-monsoon
2021-11-07 01:00:00,471.0,0.28,237.22,11,Post-monsoon
2021-11-07 02:00:00,538.0,0.4,214.82,11,Post-monsoon
2021-11-07 03:00:00,512.0,0.25,246.38,11,Post-monsoon
2021-11-07 04:00:00,515.0,0.4,244.98,11,Post-monsoon
2021-11-07 05:00:00,515.0,0.28,234.35,11,Post-monsoon
2021-11-07 06:00:00,489.0,0.18,252.08,11,Post-monsoon
2021-11-07 07:00:00,523.0,0.48,222.95,11,Post-monsoon
2021-11-07 08:00:00,531.0,0.65,259.58,11,Post-monsoon
2021-11-07 09:00:00,532.0,0.92,274.88,11,Post-monsoon
2021-11-07 10:00:00,459.0,0.98,289.0,11,Post-monsoon
2021-11-07 11:00:00,324.0,1.3,298.32,11,Post-monsoon
2021-11-07 12:00:00,222.0,1.38,305.6,11,Post-monsoon
2021-11-07 13:00:00,189.0,1.55,301.12,11,Post-monsoon
2021-11-07 14:00:00,117.0,1.42,304.58,11,Post-monsoon
2021-11-07 15:00:00,99.0,1.02,288.3,11,Post-monsoon
2021-11-07 16:00:00,106.0,0.45,277.9,11,Post-monsoon
2021-11-07 17:00:00,123.0,0.15,114.68,11,Post-monsoon
2021-11-07 18:00:00,152.0,0.15,211.18,11,Post-monsoon
2021-11-07 19:00:00,178.0,0.2,231.68,11,Post-monsoon
2021-11-07 20:00:00,212.0,0.3,235.52,11,Post-monsoon
2021-11-07 21:00:00,244.0,0.6,290.4,11,Post-monsoon
2021-11-07 22:00:00,323.0,0.57,268.05,11,Post-monsoon
2021-11-07 23:00:00,290.0,0.92,291.97,11,Post-monsoon
2021-11-08 00:00:00,279.0,0.82,284.65,11,Post-monsoon
2021-11-08 01:00:00,335.0,0.57,260.8,11,Post-monsoon
2021-11-08 02:00:00,351.0,0.68,268.88,11,Post-monsoon
2021-11-08 03:00:00,396.0,0.42,237.65,11,Post-monsoon
2021-11-08 04:00:00,447.0,0.35,290.3,11,Post-monsoon
2021-11-08 05:00:00,425.0,0.28,222.35,11,Post-monsoon
2021-11-08 06:00:00,458.0,0.35,233.7,11,Post-monsoon
2021-11-08 07:00:00,489.0,0.3,265.77,11,Post-monsoon
2021-11-08 08:00:00,506.0,0.65,265.45,11,Post-monsoon
2021-11-08 09:00:00,516.0,0.8,272.5,11,Post-monsoon
2021-11-08 10:00:00,473.0,0.95,299.22,11,Post-monsoon
2021-11-08 11:00:00,359.0,1.17,298.15,11,Post-monsoon
2021-11-08 12:00:00,293.0,1.45,289.58,11,Post-monsoon
2021-11-08 13:00:00,228.0,1.1,305.08,11,Post-monsoon
2021-11-08 14:00:00,216.0,1.27,286.15,11,Post-monsoon
2021-11-08 15:00:00,138.0,1.15,292.02,11,Post-monsoon
2021-11-08 16:00:00,123.0,0.42,228.8,11,Post-monsoon
2021-11-08 17:00:00,139.0,0.15,148.1,11,Post-monsoon
2021-11-08 18:00:00,157.0,0.15,185.75,11,Post-monsoon
2021-11-08 19:00:00,173.0,0.3,233.02,11,Post-monsoon
2021-11-08 20:00:00,227.0,0.35,282.05,11,Post-monsoon
2021-11-08 21:00:00,237.0,0.65,280.15,11,Post-monsoon
2021-11-08 22:00:00,285.0,0.75,284.0,11,Post-monsoon
2021-11-08 23:00:00,279.0,0.78,283.58,11,Post-monsoon
2021-11-09 00:00:00,321.0,0.8,288.65,11,Post-monsoon
2021-11-09 01:00:00,393.0,0.62,272.88,11,Post-monsoon
2021-11-09 02:00:00,460.0,0.45,295.35,11,Post-monsoon
2021-11-09 03:00:00,481.0,0.4,267.8,11,Post-monsoon
2021-11-09 04:00:00,521.0,0.28,257.55,11,Post-monsoon
2021-11-09 05:00:00,532.0,0.32,214.88,11,Post-monsoon
2021-11-09 06:00:00,571.0,0.22,242.45,11,Post-monsoon
2021-11-09 07:00:00,519.0,0.62,288.8,11,Post-monsoon
2021-11-09 08:00:00,481.0,0.8,274.92,11,Post-monsoon
2021-11-09 09:00:00,489.0,0.98,286.88,11,Post-monsoon
2021-11-09 10:00:00,515.0,1.08,286.0,11,Post-monsoon
2021-11-09 11:00:00,461.0,0.98,297.65,11,Post-monsoon
2021-11-09 12:00:00,346.0,1.05,294.02,11,Post-monsoon
2021-11-09 13:00:00,269.0,1.02,303.35,11,Post-monsoon
2021-11-09 14:00:00,229.0,1.32,300.08,11,Post-monsoon
2021-11-09 15:00:00,160.0,1.3,298.15,11,Post-monsoon
2021-11-09 16:00:00,127.0,0.65,250.38,11,Post-monsoon
2021-11-09 17:00:00,108.0,0.12,173.02,11,Post-monsoon
2021-11-09 18:00:00,114.0,0.15,164.92,11,Post-monsoon
2021-11-09 19:00:00,147.0,0.15,201.08,11,Post-monsoon
2021-11-09 20:00:00,179.0,0.25,254.1,11,Post-monsoon
2021-11-09 21:00:00,199.0,0.2,298.1,11,Post-monsoon
2021-11-09 22:00:00,228.0,0.25,267.5,11,Post-monsoon
2021-11-09 23:00:00,271.0,0.18,251.95,11,Post-monsoon
2021-11-10 00:00:00,269.0,0.2,267.25,11,Post-monsoon
2021-11-10 01:00:00,244.0,0.38,290.75,11,Post-monsoon
2021-11-10 02:00:00,272.0,0.35,239.78,11,Post-monsoon
2021-11-10 03:00:00,279.0,0.55,238.65,11,Post-monsoon
2021-11-10 04:00:00,298.0,0.32,231.38,11,Post-monsoon
2021-11-10 05:00:00,263.0,0.45,292.42,11,Post-monsoon
2021-11-10 06:00:00,251.0,0.48,290.25,11,Post-monsoon
2021-11-10 07:00:00,274.0,0.25,243.45,11,Post-monsoon
2021-11-10 08:00:00,299.0,0.62,281.15,11,Post-monsoon
2021-11-10 09:00:00,343.0,0.82,254.1,11,Post-monsoon
2021-11-10 10:00:00,428.0,0.72,262.82,11,Post-monsoon
2021-11-10 11:00:00,495.0,0.85,252.82,11,Post-monsoon
2021-11-10 12:00:00,418.0,0.7,266.62,11,Post-monsoon
2021-11-10 13:00:00,273.0,1.02,303.33,11,Post-monsoon
2021-11-10 14:00:00,188.0,0.9,296.08,11,Post-monsoon
2021-11-10 15:00:00,144.0,0.72,296.08,11,Post-monsoon
2021-11-10 16:00:00,130.0,0.45,293.18,11,Post-monsoon
2021-11-10 17:00:00,135.0,0.38,259.52,11,Post-monsoon
2021-11-10 18:00:00,180.0,0.35,296.95,11,Post-monsoon
2021-11-10 19:00:00,185.0,0.35,211.75,11,Post-monsoon
2021-11-10 20:00:00,223.0,0.32,227.2,11,Post-monsoon
2021-11-10 21:00:00,263.0,0.18,168.5,11,Post-monsoon
2021-11-10 22:00:00,249.0,0.18,185.52,11,Post-monsoon
2021-11-10 23:00:00,285.0,0.2,131.2,11,Post-monsoon
2021-11-11 00:00:00,306.0,0.12,242.82,11,Post-monsoon
2021-11-11 01:00:00,293.0,0.12,135.08,11,Post-monsoon
2021-11-11 02:00:00,282.0,0.3,253.78,11,Post-monsoon
2021-11-11 03:00:00,318.0,0.43,263.7,11,Post-monsoon
2021-11-11 04:00:00,353.0,0.32,245.68,11,Post-monsoon
2021-11-11 05:00:00,368.0,0.3,215.42,11,Post-monsoon
2021-11-11 06:00:00,383.0,0.25,227.32,11,Post-monsoon
2021-11-11 07:00:00,357.0,0.42,263.23,11,Post-monsoon
2021-11-11 08:00:00,433.0,0.4,259.42,11,Post-monsoon
2021-11-11 09:00:00,478.0,0.32,287.55,11,Post-monsoon
2021-11-11 10:00:00,344.0,0.57,267.62,11,Post-monsoon
2021-11-11 11:00:00,373.0,0.57,254.27,11,Post-monsoon
2021-11-11 12:00:00,388.0,0.6,254.62,11,Post-monsoon
2021-11-11 13:00:00,353.0,0.6,248.08,11,Post-monsoon
2021-11-11 14:00:00,305.0,0.65,255.82,11,Post-monsoon
2021-11-11 15:00:00,302.0,0.65,238.52,11,Post-monsoon
2021-11-11 16:00:00,283.0,0.57,236.08,11,Post-monsoon
2021-11-11 17:00:00,348.0,0.22,227.27,11,Post-monsoon
2021-11-11 18:00:00,401.0,0.15,228.08,11,Post-monsoon
2021-11-11 19:00:00,442.0,0.18,166.72,11,Post-monsoon
2021-11-11 20:00:00,512.0,0.25,171.3,11,Post-monsoon
2021-11-11 21:00:00,563.0,0.28,97.35,11,Post-monsoon
2021-11-11 22:00:00,534.0,0.28,233.6,11,Post-monsoon
2021-11-11 23:00:00,556.0,0.42,272.73,11,Post-monsoon
2021-11-12 00:00:00,585.0,0.62,281.25,11,Post-monsoon
2021-11-12 01:00:00,657.0,0.6,269.55,11,Post-monsoon
2021-11-12 02:00:00,668.0,0.25,212.75,11,Post-monsoon
2021-11-12 03:00:00,617.0,0.28,244.5,11,Post-monsoon
2021-11-12 04:00:00,615.0,0.15,248.72,11,Post-monsoon
2021-11-12 05:00:00,620.0,0.4,278.8,11,Post-monsoon
2021-11-12 06:00:00,615.0,0.3,211.8,11,Post-monsoon
2021-11-12 07:00:00,631.0,0.2,207.82,11,Post-monsoon
2021-11-12 08:00:00,624.0,0.45,245.35,11,Post-monsoon
2021-11-12 09:00:00,598.0,0.8,267.42,11,Post-monsoon
2021-11-12 10:00:00,632.0,0.65,269.45,11,Post-monsoon
2021-11-12 11:00:00,664.0,0.68,264.85,11,Post-monsoon
2021-11-12 12:00:00,464.0,0.75,260.83,11,Post-monsoon
2021-11-12 13:00:00,296.0,0.88,288.23,11,Post-monsoon
2021-11-12 14:00:00,182.0,1.18,291.05,11,Post-monsoon
2021-11-12 15:00:00,143.0,0.95,291.4,11,Post-monsoon
2021-11-12 16:00:00,112.0,0.65,292.58,11,Post-monsoon
2021-11-12 17:00:00,139.0,0.3,256.85,11,Post-monsoon
2021-11-12 18:00:00,161.0,0.28,140.78,11,Post-monsoon
2021-11-12 19:00:00,188.0,0.38,149.57,11,Post-monsoon
2021-11-12 20:00:00,257.0,0.23,186.3,11,Post-monsoon
2021-11-12 21:00:00,313.0,0.3,195.98,11,Post-monsoon
2021-11-12 22:00:00,310.0,0.28,272.88,11,Post-monsoon
2021-11-12 23:00:00,335.0,0.2,195.08,11,Post-monsoon
2021-11-13 00:00:00,362.0,0.22,256.23,11,Post-monsoon
2021-11-13 01:00:00,395.0,0.3,268.73,11,Post-monsoon
2021-11-13 02:00:00,423.0,0.25,231.75,11,Post-monsoon
2021-11-13 03:00:00,414.0,0.42,284.27,11,Post-monsoon
2021-11-13 04:00:00,434.0,0.38,235.73,11,Post-monsoon
2021-11-13 05:00:00,520.0,0.25,179.35,11,Post-monsoon
2021-11-13 06:00:00,488.0,0.28,214.52,11,Post-monsoon
2021-11-13 07:00:00,405.0,0.28,234.55,11,Post-monsoon
2021-11-13 08:00:00,465.0,0.57,266.33,11,Post-monsoon
2021-11-13 09:00:00,482.0,0.68,263.52,11,Post-monsoon
2021-11-13 10:00:00,459.0,0.7,274.58,11,Post-monsoon
2021-11-13 11:00:00,401.0,1.1,286.45,11,Post-monsoon
2021-11-13 12:00:00,288.0,1.05,302.82,11,Post-monsoon
2021-11-13 13:00:00,219.0,1.42,321.38,11,Post-monsoon
2021-11-13 14:00:00,99.0,1.25,313.12,11,Post-monsoon
2021-11-13 15:00:00,74.0,1.17,301.0,11,Post-monsoon
2021-11-13 16:00:00,74.0,0.92,293.12,11,Post-monsoon
2021-11-13 17:00:00,83.0,0.4,293.3,11,Post-monsoon
2021-11-13 18:00:00,102.0,0.35,295.55,11,Post-monsoon
2021-11-13 19:00:00,155.0,0.32,287.02,11,Post-monsoon
2021-11-13 20:00:00,210.0,0.2,247.27,11,Post-monsoon
2021-11-13 21:00:00,206.0,0.5,291.65,11,Post-monsoon
2021-11-13 22:00:00,271.0,0.28,274.32,11,Post-monsoon
2021-11-13 23:00:00,273.0,0.3,283.12,11,Post-monsoon
2021-11-14 00:00:00,241.0,0.43,281.8,11,Post-monsoon
2021-11-14 01:00:00,256.0,0.2,224.48,11,Post-monsoon
2021-11-14 02:00:00,265.0,0.4,285.68,11,Post-monsoon
2021-11-14 03:00:00,324.0,0.4,263.48,11,Post-monsoon
2021-11-14 04:00:00,353.0,0.2,210.32,11,Post-monsoon
2021-11-14 05:00:00,329.0,0.12,138.25,11,Post-monsoon
2021-11-14 06:00:00,312.0,0.22,195.9,11,Post-monsoon
2021-11-14 07:00:00,313.0,0.4,154.78,11,Post-monsoon
2021-11-14 08:00:00,246.0,0.45,193.58,11,Post-monsoon
2021-11-14 09:00:00,241.0,0.45,239.18,11,Post-monsoon
2021-11-14 10:00:00,263.0,0.32,238.9,11,Post-monsoon
2021-11-14 11:00:00,285.0,0.4,248.6,11,Post-monsoon
2021-11-14 12:00:00,265.0,0.52,284.38,11,Post-monsoon
2021-11-14 13:00:00,206.0,0.73,300.02,11,Post-monsoon
2021-11-14 14:00:00,105.0,0.85,285.48,11,Post-monsoon
2021-11-14 15:00:00,119.0,0.68,278.67,11,Post-monsoon
2021-11-14 16:00:00,108.0,0.38,215.7,11,Post-monsoon
2021-11-14 17:00:00,105.0,0.38,208.775,11,Post-monsoon
2021-11-14 18:00:00,152.0,0.38,201.85,11,Post-monsoon
2021-11-14 19:00:00,184.0,0.22,289.15,11,Post-monsoon
2021-11-14 20:00:00,232.0,0.22,275.18,11,Post-monsoon
2021-11-14 21:00:00,232.0,0.28,155.6,11,Post-monsoon
2021-11-14 22:00:00,306.0,0.22,207.42,11,Post-monsoon
2021-11-14 23:00:00,351.0,0.3,206.35,11,Post-monsoon
2021-11-15 00:00:00,293.0,0.38,282.52,11,Post-monsoon
2021-11-15 01:00:00,269.0,0.45,254.55,11,Post-monsoon
2021-11-15 02:00:00,234.0,0.22,155.02,11,Post-monsoon
2021-11-15 03:00:00,245.0,0.3,265.2,11,Post-monsoon
2021-11-15 04:00:00,272.0,0.45,245.8,11,Post-monsoon
2021-11-15 05:00:00,282.0,0.22,231.5,11,Post-monsoon
2021-11-15 06:00:00,284.0,0.25,158.02,11,Post-monsoon
2021-11-15 07:00:00,318.0,0.2,151.67,11,Post-monsoon
2021-11-15 08:00:00,280.0,0.32,248.2,11,Post-monsoon
2021-11-15 09:00:00,359.0,0.45,262.35,11,Post-monsoon
2021-11-15 10:00:00,250.0,0.3,198.65,11,Post-monsoon
2021-11-15 11:00:00,263.0,0.15,287.98,11,Post-monsoon
2021-11-15 12:00:00,243.0,0.65,265.88,11,Post-monsoon
2021-11-15 13:00:00,196.0,0.82,295.15,11,Post-monsoon
2021-11-15 14:00:00,167.0,0.88,278.32,11,Post-monsoon
2021-11-15 15:00:00,156.0,0.75,282.7,11,Post-monsoon
2021-11-15 16:00:00,144.0,0.28,291.6,11,Post-monsoon
2021-11-15 17:00:00,144.0,0.25,306.02,11,Post-monsoon
2021-11-15 18:00:00,174.0,0.18,170.08,11,Post-monsoon
2021-11-15 19:00:00,221.0,0.48,301.52,11,Post-monsoon
2021-11-15 20:00:00,296.0,0.78,292.83,11,Post-monsoon
2021-11-15 21:00:00,367.0,0.88,289.88,11,Post-monsoon
2021-11-15 22:00:00,353.0,0.73,278.2,11,Post-monsoon
2021-11-15 23:00:00,364.0,0.57,261.73,11,Post-monsoon
2021-11-16 00:00:00,374.0,0.62,259.78,11,Post-monsoon
2021-11-16 01:00:00,368.0,0.68,271.52,11,Post-monsoon
2021-11-16 02:00:00,389.0,0.3,208.55,11,Post-monsoon
2021-11-16 03:00:00,407.0,0.5,286.35,11,Post-monsoon
2021-11-16 04:00:00,443.0,0.6,278.08,11,Post-monsoon
2021-11-16 05:00:00,499.0,0.25,211.15,11,Post-monsoon
2021-11-16 06:00:00,482.0,0.28,221.0,11,Post-monsoon
2021-11-16 07:00:00,481.0,0.28,183.28,11,Post-monsoon
2021-11-16 08:00:00,464.0,0.65,190.1,11,Post-monsoon
2021-11-16 09:00:00,417.0,0.77,246.52,11,Post-monsoon
2021-11-16 10:00:00,411.0,0.52,262.35,11,Post-monsoon
2021-11-16 11:00:00,296.0,0.65,274.1,11,Post-monsoon
2021-11-16 12:00:00,272.0,1.05,309.08,11,Post-monsoon
2021-11-16 13:00:00,227.0,1.05,298.17,11,Post-monsoon
2021-11-16 14:00:00,189.0,1.12,295.05,11,Post-monsoon
2021-11-16 15:00:00,119.0,1.23,285.7,11,Post-monsoon
2021-11-16 16:00:00,108.0,0.52,279.1,11,Post-monsoon
2021-11-16 17:00:00,116.0,0.65,292.65,11,Post-monsoon
2021-11-16 18:00:00,153.0,0.78,290.7,11,Post-monsoon
2021-11-16 19:00:00,257.0,0.38,281.8,11,Post-monsoon
2021-11-16 20:00:00,282.0,0.38,249.8,11,Post-monsoon
2021-11-16 21:00:00,269.0,0.4,242.05,11,Post-monsoon
2021-11-16 22:00:00,293.0,0.57,279.45,11,Post-monsoon
2021-11-16 23:00:00,290.0,0.72,280.85,11,Post-monsoon
2021-11-17 00:00:00,361.0,0.43,256.65,11,Post-monsoon
2021-11-17 01:00:00,361.0,0.4,237.5,11,Post-monsoon
2021-11-17 02:00:00,356.0,0.38,214.02,11,Post-monsoon
2021-11-17 03:00:00,371.0,0.3,235.65,11,Post-monsoon
2021-11-17 04:00:00,366.0,0.48,254.1,11,Post-monsoon
2021-11-17 05:00:00,359.0,0.35,225.0,11,Post-monsoon
2021-11-17 06:00:00,372.0,0.22,148.43,11,Post-monsoon
2021-11-17 07:00:00,388.0,0.3,142.88,11,Post-monsoon
2021-11-17 08:00:00,353.0,0.45,233.42,11,Post-monsoon
2021-11-17 09:00:00,289.0,0.45,208.42,11,Post-monsoon
2021-11-17 10:00:00,407.0,0.57,46.25,11,Post-monsoon
2021-11-17 11:00:00,315.0,0.62,39.55,11,Post-monsoon
2021-11-17 12:00:00,188.75,0.73,44.53,11,Post-monsoon
2021-11-17 13:00:00,105.0,0.72,19.77,11,Post-monsoon
2021-11-17 14:00:00,94.25,0.95,106.07,11,Post-monsoon
2021-11-17 15:00:00,80.0,0.72,187.65,11,Post-monsoon
2021-11-17 16:00:00,81.5,0.82,7.85,11,Post-monsoon
2021-11-17 17:00:00,94.25,0.2,151.6,11,Post-monsoon
2021-11-17 18:00:00,126.0,0.38,225.23,11,Post-monsoon
2021-11-17 19:00:00,152.0,0.25,183.8,11,Post-monsoon
2021-11-17 20:00:00,173.5,0.12,190.02,11,Post-monsoon
2021-11-17 21:00:00,199.25,0.15,132.43,11,Post-monsoon
2021-11-17 22:00:00,219.0,0.32,212.6,11,Post-monsoon
2021-11-17 23:00:00,224.0,0.25,128.7,11,Post-monsoon
2021-11-18 00:00:00,236.0,0.2,150.4,11,Post-monsoon
2021-11-18 01:00:00,262.25,0.22,163.95,11,Post-monsoon
2021-11-18 02:00:00,288.0,0.2,191.23,11,Post-monsoon
2021-11-18 03:00:00,288.25,0.57,255.4,11,Post-monsoon
2021-11-18 04:00:00,275.5,0.22,141.32,11,Post-monsoon
2021-11-18 05:00:00,264.25,0.42,227.1,11,Post-monsoon
2021-11-18 06:00:00,276.5,0.6,245.08,11,Post-monsoon
2021-11-18 07:00:00,295.25,0.15,148.88,11,Post-monsoon
2021-11-18 08:00:00,315.75,0.3,105.7,11,Post-monsoon
2021-11-18 09:00:00,373.0,0.5,46.52,11,Post-monsoon
2021-11-18 10:00:00,389.5,0.52,68.05,11,Post-monsoon
2021-11-18 11:00:00,268.75,0.48,95.28,11,Post-monsoon
2021-11-18 12:00:00,172.75,0.62,42.95,11,Post-monsoon
2021-11-18 13:00:00,117.0,0.3,161.82,11,Post-monsoon
2021-11-18 14:00:00,112.75,0.42,235.73,11,Post-monsoon
2021-11-18 15:00:00,140.0,0.38,245.48,11,Post-monsoon
2021-11-18 16:00:00,154.0,0.38,271.02,11,Post-monsoon
2021-11-18 17:00:00,170.5,0.32,223.98,11,Post-monsoon
2021-11-18 18:00:00,206.75,0.38,286.98,11,Post-monsoon
2021-11-18 19:00:00,237.0,0.5,283.42,11,Post-monsoon
2021-11-18 20:00:00,293.0,0.3,243.42,11,Post-monsoon
2021-11-18 21:00:00,308.5,0.22,229.95,11,Post-monsoon
2021-11-18 22:00:00,288.75,0.2,177.15,11,Post-monsoon
2021-11-18 23:00:00,309.5,0.35,110.62,11,Post-monsoon
2021-11-19 00:00:00,322.25,0.3,190.48,11,Post-monsoon
2021-11-19 01:00:00,335.75,0.18,105.88,11,Post-monsoon
2021-11-19 02:00:00,354.5,0.28,131.18,11,Post-monsoon
2021-11-19 03:00:00,347.5,0.42,257.67,11,Post-monsoon
2021-11-19 04:00:00,335.5,0.4,237.58,11,Post-monsoon
2021-11-19 05:00:00,322.5,0.32,261.0,11,Post-monsoon
2021-11-19 06:00:00,363.5,0.68,264.12,11,Post-monsoon
2021-11-19 07:00:00,472.75,0.25,218.4,11,Post-monsoon
2021-11-19 08:00:00,433.25,0.45,254.52,11,Post-monsoon
2021-11-19 09:00:00,382.25,0.57,264.55,11,Post-monsoon
2021-11-19 10:00:00,312.25,0.32,189.45,11,Post-monsoon
2021-11-19 11:00:00,239.0,0.6,278.4,11,Post-monsoon
2021-11-19 12:00:00,212.75,0.75,321.0,11,Post-monsoon
2021-11-19 13:00:00,163.75,0.9,290.5,11,Post-monsoon
2021-11-19 14:00:00,114.75,0.57,264.38,11,Post-monsoon
2021-11-19 15:00:00,105.0,0.45,265.32,11,Post-monsoon
2021-11-19 16:00:00,106.25,0.45,205.02,11,Post-monsoon
2021-11-19 17:00:00,116.25,0.45,195.22,11,Post-monsoon
2021-11-19 18:00:00,149.75,0.38,212.22,11,Post-monsoon
2021-11-19 19:00:00,205.5,0.18,234.55,11,Post-monsoon
2021-11-19 20:00:00,244.25,0.25,254.4,11,Post-monsoon
2021-11-19 21:00:00,257.0,0.28,159.55,11,Post-monsoon
2021-11-19 22:00:00,265.5,0.32,259.6,11,Post-monsoon
2021-11-19 23:00:00,289.5,0.28,222.68,11,Post-monsoon
2021-11-20 00:00:00,284.75,0.32,197.65,11,Post-monsoon
2021-11-20 01:00:00,285.0,0.32,212.12,11,Post-monsoon
2021-11-20 02:00:00,293.5,0.3,252.65,11,Post-monsoon
2021-11-20 03:00:00,327.25,0.38,270.92,11,Post-monsoon
2021-11-20 04:00:00,391.0,0.32,248.5,11,Post-monsoon
2021-11-20 05:00:00,441.0,0.42,227.65,11,Post-monsoon
2021-11-20 06:00:00,477.75,0.35,212.45,11,Post-monsoon
2021-11-20 07:00:00,440.75,0.3,233.58,11,Post-monsoon
2021-11-20 08:00:00,367.5,0.18,144.25,11,Post-monsoon
2021-11-20 09:00:00,343.5,0.58,247.65,11,Post-monsoon
2021-11-20 10:00:00,340.0,0.52,278.6,11,Post-monsoon
2021-11-20 11:00:00,271.5,0.57,298.12,11,Post-monsoon
2021-11-20 12:00:00,209.75,0.6,323.92,11,Post-monsoon
2021-11-20 13:00:00,180.0,0.92,306.15,11,Post-monsoon
2021-11-20 14:00:00,164.0,0.65,283.75,11,Post-monsoon
2021-11-20 15:00:00,129.0,0.65,291.33,11,Post-monsoon
2021-11-20 16:00:00,113.25,0.3,241.92,11,Post-monsoon
2021-11-20 17:00:00,111.0,0.3,273.17,11,Post-monsoon
2021-11-20 18:00:00,121.0,0.22,275.98,11,Post-monsoon
2021-11-20 19:00:00,172.0,0.28,267.98,11,Post-monsoon
2021-11-20 20:00:00,233.5,0.57,288.35,11,Post-monsoon
2021-11-20 21:00:00,236.5,0.85,295.68,11,Post-monsoon
2021-11-20 22:00:00,260.75,0.8,284.83,11,Post-monsoon
2021-11-20 23:00:00,262.25,0.68,296.27,11,Post-monsoon
2021-11-21 00:00:00,250.25,0.65,285.6,11,Post-monsoon
2021-11-21 01:00:00,250.75,0.57,264.98,11,Post-monsoon
2021-11-21 02:00:00,256.25,0.6,255.35,11,Post-monsoon
2021-11-21 03:00:00,251.75,0.35,245.28,11,Post-monsoon
2021-11-21 04:00:00,261.25,0.5,277.35,11,Post-monsoon
2021-11-21 05:00:00,261.75,0.68,258.82,11,Post-monsoon
2021-11-21 06:00:00,282.0,0.65,255.4,11,Post-monsoon
2021-11-21 07:00:00,289.5,0.88,279.6,11,Post-monsoon
2021-11-21 08:00:00,276.25,1.08,291.32,11,Post-monsoon
2021-11-21 09:00:00,226.5,1.5,306.0,11,Post-monsoon
2021-11-21 10:00:00,141.25,1.35,307.55,11,Post-monsoon
2021-11-21 11:00:00,95.25,1.62,309.52,11,Post-monsoon
2021-11-21 12:00:00,86.25,1.4,301.27,11,Post-monsoon
2021-11-21 13:00:00,76.0,1.42,294.17,11,Post-monsoon
2021-11-21 14:00:00,81.25,1.65,294.18,11,Post-monsoon
2021-11-21 15:00:00,95.25,1.28,289.58,11,Post-monsoon
2021-11-21 16:00:00,119.0,0.75,276.85,11,Post-monsoon
2021-11-21 17:00:00,129.75,0.48,295.45,11,Post-monsoon
2021-11-21 18:00:00,155.25,0.22,241.18,11,Post-monsoon
2021-11-21 19:00:00,197.25,0.32,284.62,11,Post-monsoon
2021-11-21 20:00:00,238.75,0.52,283.35,11,Post-monsoon
2021-11-21 21:00:00,289.25,0.73,281.05,11,Post-monsoon
2021-11-21 22:00:00,290.0,0.57,275.1,11,Post-monsoon
2021-11-21 23:00:00,281.25,0.68,276.8,11,Post-monsoon
2021-11-22 00:00:00,250.0,0.75,279.5,11,Post-monsoon
2021-11-22 01:00:00,233.75,0.8,275.4,11,Post-monsoon
2021-11-22 02:00:00,221.75,0.85,265.4,11,Post-monsoon
2021-11-22 03:00:00,191.25,1.08,274.2,11,Post-monsoon
2021-11-22 04:00:00,170.0,0.92,271.38,11,Post-monsoon
2021-11-22 05:00:00,158.5,0.82,270.92,11,Post-monsoon
2021-11-22 06:00:00,160.0,0.7,263.73,11,Post-monsoon
2021-11-22 07:00:00,163.5,1.05,280.15,11,Post-monsoon
2021-11-22 08:00:00,175.0,1.08,276.3,11,Post-monsoon
2021-11-22 09:00:00,172.5,1.35,274.23,11,Post-monsoon
2021-11-22 10:00:00,148.75,1.4,274.42,11,Post-monsoon
2021-11-22 11:00:00,122.75,1.75,283.9,11,Post-monsoon
2021-11-22 12:00:00,103.75,1.85,286.95,11,Post-monsoon
2021-11-22 13:00:00,82.25,2.22,291.38,11,Post-monsoon
2021-11-22 14:00:00,72.5,2.2,288.23,11,Post-monsoon
2021-11-22 15:00:00,68.0,2.02,293.25,11,Post-monsoon
2021-11-22 16:00:00,70.75,1.23,283.12,11,Post-monsoon
2021-11-22 17:00:00,84.5,0.6,262.55,11,Post-monsoon
2021-11-22 18:00:00,106.25,0.78,278.98,11,Post-monsoon
2021-11-22 19:00:00,130.25,0.8,274.35,11,Post-monsoon
2021-11-22 20:00:00,162.25,0.92,279.73,11,Post-monsoon
2021-11-22 21:00:00,191.25,1.12,285.27,11,Post-monsoon
2021-11-22 22:00:00,204.0,0.95,281.23,11,Post-monsoon
2021-11-22 23:00:00,173.5,0.75,273.92,11,Post-monsoon
2021-11-23 00:00:00,161.5,0.52,267.25,11,Post-monsoon
2021-11-23 01:00:00,159.5,0.48,275.38,11,Post-monsoon
2021-11-23 02:00:00,167.5,0.35,226.75,11,Post-monsoon
2021-11-23 03:00:00,166.0,0.42,240.22,11,Post-monsoon
2021-11-23 04:00:00,161.5,0.6,233.5,11,Post-monsoon
2021-11-23 05:00:00,179.75,0.62,230.27,11,Post-monsoon
2021-11-23 06:00:00,191.5,0.72,231.62,11,Post-monsoon
2021-11-23 07:00:00,185.75,0.68,243.45,11,Post-monsoon
2021-11-23 08:00:00,190.25,0.8,252.1,11,Post-monsoon
2021-11-23 09:00:00,191.0,1.05,253.45,11,Post-monsoon
2021-11-23 10:00:00,197.0,0.9,265.22,11,Post-monsoon
2021-11-23 11:00:00,182.75,0.85,245.6,11,Post-monsoon
2021-11-23 12:00:00,163.5,1.05,238.98,11,Post-monsoon
2021-11-23 13:00:00,145.75,1.12,248.68,11,Post-monsoon
2021-11-23 14:00:00,122.75,1.12,261.83,11,Post-monsoon
2021-11-23 15:00:00,117.0,0.9,272.02,11,Post-monsoon
2021-11-23 16:00:00,108.25,0.45,280.25,11,Post-monsoon
2021-11-23 17:00:00,104.0,0.2,258.4,11,Post-monsoon
2021-11-23 18:00:00,120.0,0.32,275.77,11,Post-monsoon
2021-11-23 19:00:00,141.75,0.28,284.45,11,Post-monsoon
2021-11-23 20:00:00,182.75,0.2,279.55,11,Post-monsoon
2021-11-23 21:00:00,222.75,0.18,190.38,11,Post-monsoon
2021-11-23 22:00:00,238.5,0.25,138.05,11,Post-monsoon
2021-11-23 23:00:00,247.25,0.28,127.45,11,Post-monsoon
2021-11-24 00:00:00,265.5,0.32,122.65,11,Post-monsoon
2021-11-24 01:00:00,289.25,0.43,89.1,11,Post-monsoon
2021-11-24 02:00:00,304.25,0.2,173.4,11,Post-monsoon
2021-11-24 03:00:00,297.5,0.22,247.35,11,Post-monsoon
2021-11-24 04:00:00,342.0,0.45,242.48,11,Post-monsoon
2021-11-24 05:00:00,351.5,0.35,181.75,11,Post-monsoon
2021-11-24 06:00:00,342.75,0.42,101.6,11,Post-monsoon
2021-11-24 07:00:00,340.25,0.35,119.58,11,Post-monsoon
2021-11-24 08:00:00,327.5,0.3,118.85,11,Post-monsoon
2021-11-24 09:00:00,268.0,0.4,94.52,11,Post-monsoon
2021-11-24 10:00:00,247.5,0.45,81.55,11,Post-monsoon
2021-11-24 11:00:00,265.5,0.5,59.3,11,Post-monsoon
2021-11-24 12:00:00,240.25,0.72,49.95,11,Post-monsoon
2021-11-24 13:00:00,259.0,0.88,59.98,11,Post-monsoon
2021-11-24 14:00:00,287.0,0.98,38.83,11,Post-monsoon
2021-11-24 15:00:00,266.0,0.85,34.62,11,Post-monsoon
2021-11-24 16:00:00,233.0,0.6,35.83,11,Post-monsoon
2021-11-24 17:00:00,221.0,0.62,54.8,11,Post-monsoon
2021-11-24 18:00:00,260.0,0.62,76.95,11,Post-monsoon
2021-11-24 19:00:00,266.0,0.98,41.68,11,Post-monsoon
2021-11-24 20:00:00,378.0,1.1,59.2,11,Post-monsoon
2021-11-24 21:00:00,403.0,1.2,79.03,11,Post-monsoon
2021-11-24 22:00:00,284.0,1.2,74.85,11,Post-monsoon
2021-11-24 23:00:00,304.0,0.92,65.35,11,Post-monsoon
2021-11-25 00:00:00,349.0,0.8,77.03,11,Post-monsoon
2021-11-25 01:00:00,338.0,0.57,91.0,11,Post-monsoon
2021-11-25 02:00:00,337.0,0.6,96.5,11,Post-monsoon
2021-11-25 03:00:00,351.0,0.5,100.4,11,Post-monsoon
2021-11-25 04:00:00,361.0,0.42,107.0,11,Post-monsoon
2021-11-25 05:00:00,387.0,0.68,49.4,11,Post-monsoon
2021-11-25 06:00:00,393.0,0.62,72.57,11,Post-monsoon
2021-11-25 07:00:00,372.0,1.15,76.4,11,Post-monsoon
2021-11-25 08:00:00,398.0,1.0,48.38,11,Post-monsoon
2021-11-25 09:00:00,449.0,1.12,65.38,11,Post-monsoon
2021-11-25 10:00:00,444.0,1.12,65.4,11,Post-monsoon
2021-11-25 11:00:00,368.0,1.1,69.18,11,Post-monsoon
2021-11-25 12:00:00,366.0,0.62,93.52,11,Post-monsoon
2021-11-25 13:00:00,327.0,0.43,129.8,11,Post-monsoon
2021-11-25 14:00:00,290.0,0.4,94.65,11,Post-monsoon
2021-11-25 15:00:00,235.0,0.65,94.55,11,Post-monsoon
2021-11-25 16:00:00,215.0,0.9,70.9,11,Post-monsoon
2021-11-25 17:00:00,228.0,0.38,65.3,11,Post-monsoon
2021-11-25 18:00:00,301.0,0.2,105.15,11,Post-monsoon
2021-11-25 19:00:00,323.0,0.5,46.92,11,Post-monsoon
2021-11-25 20:00:00,377.0,0.35,88.65,11,Post-monsoon
2021-11-25 21:00:00,354.0,0.28,141.35,11,Post-monsoon
2021-11-25 22:00:00,388.0,0.2,175.88,11,Post-monsoon
2021-11-25 23:00:00,344.0,0.2,217.38,11,Post-monsoon
2021-11-26 00:00:00,364.0,0.12,126.35,11,Post-monsoon
2021-11-26 01:00:00,351.0,0.18,194.35,11,Post-monsoon
2021-11-26 02:00:00,365.0,0.18,167.95,11,Post-monsoon
2021-11-26 03:00:00,396.0,0.2,205.45,11,Post-monsoon
2021-11-26 04:00:00,382.0,0.3,239.85,11,Post-monsoon
2021-11-26 05:00:00,357.0,0.35,205.38,11,Post-monsoon
2021-11-26 06:00:00,345.0,0.2,209.18,11,Post-monsoon
2021-11-26 07:00:00,344.0,0.22,121.2,11,Post-monsoon
2021-11-26 08:00:00,326.0,0.2,166.3,11,Post-monsoon
2021-11-26 09:00:00,361.0,0.4,161.73,11,Post-monsoon
2021-11-26 10:00:00,416.0,0.5,40.8,11,Post-monsoon
2021-11-26 11:00:00,230.0,0.92,46.78,11,Post-monsoon
2021-11-26 12:00:00,235.0,0.68,49.12,11,Post-monsoon
2021-11-26 13:00:00,128.0,0.6,38.3,11,Post-monsoon
2021-11-26 14:00:00,116.0,0.62,37.72,11,Post-monsoon
2021-11-26 15:00:00,110.0,0.57,21.52,11,Post-monsoon
2021-11-26 16:00:00,102.0,0.22,60.35,11,Post-monsoon
2021-11-26 17:00:00,107.0,0.3,134.23,11,Post-monsoon
2021-11-26 18:00:00,135.0,0.25,188.98,11,Post-monsoon
2021-11-26 19:00:00,155.0,0.25,172.32,11,Post-monsoon
2021-11-26 20:00:00,164.0,0.23,153.68,11,Post-monsoon
2021-11-26 21:00:00,252.0,0.3,98.0,11,Post-monsoon
2021-11-26 22:00:00,300.0,0.4,71.45,11,Post-monsoon
2021-11-26 23:00:00,300.0,0.35,59.65,11,Post-monsoon
2021-11-27 00:00:00,318.0,0.35,73.53,11,Post-monsoon
2021-11-27 01:00:00,315.6666666666667,0.25,105.28,11,Post-monsoon
2021-11-27 02:00:00,313.3333333333333,0.18,135.4,11,Post-monsoon
2021-11-27 03:00:00,311.0,0.25,131.55,11,Post-monsoon
2021-11-27 04:00:00,,0.25,139.2,11,Post-monsoon
2021-11-27 05:00:00,,0.35,115.88,11,Post-monsoon
2021-11-27 06:00:00,,0.75,89.48,11,Post-monsoon
2021-11-27 07:00:00,,0.5,92.55,11,Post-monsoon
2021-11-27 08:00:00,,0.7,83.82,11,Post-monsoon
2021-11-27 09:00:00,,0.92,48.18,11,Post-monsoon
2021-11-27 10:00:00,,1.0,58.3,11,Post-monsoon
2021-11-27 11:00:00,,1.35,61.18,11,Post-monsoon
2021-11-27 12:00:00,290.0,1.42,65.47,11,Post-monsoon
2021-11-27 13:00:00,200.0,1.35,65.15,11,Post-monsoon
2021-11-27 14:00:00,185.0,1.1,72.32,11,Post-monsoon
2021-11-27 15:00:00,168.0,1.08,70.45,11,Post-monsoon
2021-11-27 16:00:00,178.0,0.35,66.4,11,Post-monsoon
2021-11-27 17:00:00,162.0,0.45,88.4,11,Post-monsoon
2021-11-27 18:00:00,183.0,0.52,91.15,11,Post-monsoon
2021-11-27 19:00:00,197.0,0.75,82.9,11,Post-monsoon
2021-11-27 20:00:00,261.0,0.45,116.32,11,Post-monsoon
2021-11-27 21:00:00,333.0,0.45,53.08,11,Post-monsoon
2021-11-27 22:00:00,359.0,0.7,53.95,11,Post-monsoon
2021-11-27 23:00:00,357.0,0.7,95.7,11,Post-monsoon
2021-11-28 00:00:00,379.0,1.05,32.05,11,Post-monsoon
2021-11-28 01:00:00,376.0,0.92,59.42,11,Post-monsoon
2021-11-28 02:00:00,382.0,0.88,79.3,11,Post-monsoon
2021-11-28 03:00:00,450.0,0.88,75.18,11,Post-monsoon
2021-11-28 04:00:00,444.8032786885246,1.112542372881356,74.93796610169493,11,Post-monsoon
2021-11-28 05:00:00,439.6065573770492,1.3450847457627118,74.69593220338983,11,Post-monsoon
2021-11-28 06:00:00,434.40983606557376,1.5776271186440676,74.45389830508475,11,Post-monsoon
2021-11-28 07:00:00,,,,11,Post-monsoon
2021-11-28 08:00:00,,,,11,Post-monsoon
2021-11-28 09:00:00,,,,11,Post-monsoon
2021-11-28 10:00:00,,,,11,Post-monsoon
2021-11-28 11:00:00,,,,11,Post-monsoon
2021-11-28 12:00:00,,,,11,Post-monsoon
2021-11-28 13:00:00,,,,11,Post-monsoon
2021-11-28 14:00:00,,,,11,Post-monsoon
2021-11-28 15:00:00,,,,11,Post-monsoon
2021-11-28 16:00:00,,,,11,Post-monsoon
2021-11-28 17:00:00,,,,11,Post-monsoon
2021-11-28 18:00:00,,,,11,Post-monsoon
2021-11-28 19:00:00,,,,11,Post-monsoon
2021-11-28 20:00:00,,,,11,Post-monsoon
2021-11-28 21:00:00,,,,11,Post-monsoon
2021-11-28 22:00:00,,,,11,Post-monsoon
2021-11-28 23:00:00,,,,11,Post-monsoon
2021-11-29 00:00:00,,,,11,Post-monsoon
2021-11-29 01:00:00,,,,11,Post-monsoon
2021-11-29 02:00:00,,,,11,Post-monsoon
2021-11-29 03:00:00,,,,11,Post-monsoon
2021-11-29 04:00:00,,,,11,Post-monsoon
2021-11-29 05:00:00,,,,11,Post-monsoon
2021-11-29 06:00:00,,,,11,Post-monsoon
2021-11-29 07:00:00,,,,11,Post-monsoon
2021-11-29 08:00:00,,,,11,Post-monsoon
2021-11-29 09:00:00,,,,11,Post-monsoon
2021-11-29 10:00:00,,,,11,Post-monsoon
2021-11-29 11:00:00,,,,11,Post-monsoon
2021-11-29 12:00:00,,,,11,Post-monsoon
2021-11-29 13:00:00,,,,11,Post-monsoon
2021-11-29 14:00:00,,,,11,Post-monsoon
2021-11-29 15:00:00,,,,11,Post-monsoon
2021-11-29 16:00:00,,,,11,Post-monsoon
2021-11-29 17:00:00,,,,11,Post-monsoon
2021-11-29 18:00:00,,,,11,Post-monsoon
2021-11-29 19:00:00,,,,11,Post-monsoon
2021-11-29 20:00:00,,,,11,Post-monsoon
2021-11-29 21:00:00,,,,11,Post-monsoon
2021-11-29 22:00:00,,,,11,Post-monsoon
2021-11-29 23:00:00,,,,11,Post-monsoon
2021-11-30 00:00:00,,,,11,Post-monsoon
2021-11-30 01:00:00,,,,11,Post-monsoon
2021-11-30 02:00:00,,,,11,Post-monsoon
2021-11-30 03:00:00,,,,11,Post-monsoon
2021-11-30 04:00:00,,,,11,Post-monsoon
2021-11-30 05:00:00,,,,11,Post-monsoon
2021-11-30 06:00:00,,,,11,Post-monsoon
2021-11-30 07:00:00,,,,11,Post-monsoon
2021-11-30 08:00:00,,,,11,Post-monsoon
2021-11-30 09:00:00,,,,11,Post-monsoon
2021-11-30 10:00:00,,,,11,Post-monsoon
2021-11-30 11:00:00,,,,11,Post-monsoon
2021-11-30 12:00:00,,,,11,Post-monsoon
2021-11-30 13:00:00,,,,11,Post-monsoon
2021-11-30 14:00:00,,14.6,60.9,11,Post-monsoon
2021-11-30 15:00:00,,14.75,61.35,11,Post-monsoon
2021-11-30 16:00:00,133.0,14.9,61.8,11,Post-monsoon
2021-11-30 17:00:00,99.25,14.9,61.82,11,Post-monsoon
2021-11-30 18:00:00,113.5,14.9,61.62,11,Post-monsoon
2021-11-30 19:00:00,150.25,14.9,61.7,11,Post-monsoon
2021-11-30 20:00:00,198.0,14.9,61.82,11,Post-monsoon
2021-11-30 21:00:00,219.0,14.9,61.78,11,Post-monsoon
2021-11-30 22:00:00,249.75,14.9,61.47,11,Post-monsoon
2021-11-30 23:00:00,287.25,14.9,61.42,11,Post-monsoon
2021-12-01 00:00:00,290.25,14.9,61.55,12,Winter
2021-12-01 01:00:00,311.0,14.9,61.4,12,Winter
2021-12-01 02:00:00,320.5,14.9,61.4,12,Winter
2021-12-01 03:00:00,305.75,14.9,61.47,12,Winter
2021-12-01 04:00:00,328.0,14.9,61.65,12,Winter
2021-12-01 05:00:00,391.25,14.9,61.52,12,Winter
2021-12-01 06:00:00,431.0,14.9,61.3,12,Winter
2021-12-01 07:00:00,423.25,14.9,61.12,12,Winter
2021-12-01 08:00:00,374.5,14.9,61.45,12,Winter
2021-12-01 09:00:00,385.5,14.9,61.5,12,Winter
2021-12-01 10:00:00,394.0,14.9,61.42,12,Winter
2021-12-01 11:00:00,350.0,14.9,61.52,12,Winter
2021-12-01 12:00:00,304.0,14.9,61.6,12,Winter
2021-12-01 13:00:00,259.5,14.9,61.6,12,Winter
2021-12-01 14:00:00,243.0,14.78,62.28,12,Winter
2021-12-01 15:00:00,243.0,14.783695652173911,62.30869565217392,12,Winter
2021-12-01 16:00:00,243.0,14.787391304347825,62.33739130434783,12,Winter
2021-12-01 17:00:00,290.0,14.791086956521738,62.36608695652174,12,Winter
2021-12-01 18:00:00,327.0,,,12,Winter
2021-12-01 19:00:00,355.0,,,12,Winter
2021-12-01 20:00:00,387.0,,,12,Winter
2021-12-01 21:00:00,417.0,,,12,Winter
2021-12-01 22:00:00,501.0,,,12,Winter
2021-12-01 23:00:00,395.0,,,12,Winter
2021-12-02 00:00:00,376.0,,,12,Winter
2021-12-02 01:00:00,382.0,,,12,Winter
2021-12-02 02:00:00,379.0,,,12,Winter
2021-12-02 03:00:00,355.0,,,12,Winter
2021-12-02 04:00:00,324.0,,,12,Winter
2021-12-02 05:00:00,302.0,,,12,Winter
2021-12-02 06:00:00,285.0,,,12,Winter
2021-12-02 07:00:00,316.0,,,12,Winter
2021-12-02 08:00:00,334.0,,,12,Winter
2021-12-02 09:00:00,337.0,,,12,Winter
2021-12-02 10:00:00,374.0,,,12,Winter
2021-12-02 11:00:00,331.0,,,12,Winter
2021-12-02 12:00:00,245.0,,,12,Winter
2021-12-02 13:00:00,243.0,,,12,Winter
2021-12-02 14:00:00,215.0,,,12,Winter
2021-12-02 15:00:00,205.0,,,12,Winter
2021-12-02 16:00:00,205.0,,,12,Winter
2021-12-02 17:00:00,268.0,,,12,Winter
2021-12-02 18:00:00,257.0,,,12,Winter
2021-12-02 19:00:00,263.0,,,12,Winter
2021-12-02 20:00:00,276.0,,,12,Winter
2021-12-02 21:00:00,254.0,,,12,Winter
2021-12-02 22:00:00,222.0,,,12,Winter
2021-12-02 23:00:00,241.0,,,12,Winter
2021-12-03 00:00:00,257.0,,,12,Winter
2021-12-03 01:00:00,235.0,,,12,Winter
2021-12-03 02:00:00,224.0,,,12,Winter
2021-12-03 03:00:00,295.0,,,12,Winter
2021-12-03 04:00:00,246.0,,,12,Winter
2021-12-03 05:00:00,243.25,,,12,Winter
2021-12-03 06:00:00,240.5,,,12,Winter
2021-12-03 07:00:00,237.75,,,12,Winter
2021-12-03 08:00:00,,,,12,Winter
2021-12-03 09:00:00,,,,12,Winter
2021-12-03 10:00:00,,,,12,Winter
2021-12-03 11:00:00,,,,12,Winter
2021-12-03 12:00:00,224.0,14.95,63.6,12,Winter
2021-12-03 13:00:00,220.75,18.65,33.0,12,Winter
2021-12-03 14:00:00,204.5,14.8,61.18,12,Winter
2021-12-03 15:00:00,179.0,14.8,61.2,12,Winter
2021-12-03 16:00:00,160.0,14.8,61.18,12,Winter
2021-12-03 17:00:00,162.25,14.8,61.15,12,Winter
2021-12-03 18:00:00,180.75,14.82,61.05,12,Winter
2021-12-03 19:00:00,205.5,14.85,60.95,12,Winter
2021-12-03 20:00:00,268.5,14.8,61.1,12,Winter
2021-12-03 21:00:00,318.25,14.8,61.3,12,Winter
2021-12-03 22:00:00,326.25,14.8,61.35,12,Winter
2021-12-03 23:00:00,267.0,14.8,61.2,12,Winter
2021-12-04 00:00:00,267.5,14.8,61.3,12,Winter
2021-12-04 01:00:00,263.75,14.8,61.1,12,Winter
2021-12-04 02:00:00,246.0,14.8,61.12,12,Winter
2021-12-04 03:00:00,236.75,14.8,61.4,12,Winter
2021-12-04 04:00:00,269.25,14.78,61.45,12,Winter
2021-12-04 05:00:00,378.5,14.8,61.5,12,Winter
2021-12-04 06:00:00,311.5,14.8,61.5,12,Winter
2021-12-04 07:00:00,266.5,14.78,61.47,12,Winter
2021-12-04 08:00:00,267.25,14.78,61.5,12,Winter
2021-12-04 09:00:00,280.75,14.7,61.65,12,Winter
2021-12-04 10:00:00,265.25,14.72,61.62,12,Winter
2021-12-04 11:00:00,225.5,14.7,61.7,12,Winter
2021-12-04 12:00:00,178.0,14.78,61.2,12,Winter
2021-12-04 13:00:00,157.0,14.88,60.72,12,Winter
2021-12-04 14:00:00,178.0,15.0,60.05,12,Winter
2021-12-04 15:00:00,119.0,14.92,59.98,12,Winter
2021-12-04 16:00:00,119.0,0.35,249.9,12,Winter
2021-12-04 17:00:00,119.0,0.3,262.1,12,Winter
2021-12-04 18:00:00,110.5,0.3,262.1,12,Winter
2021-12-04 19:00:00,102.0,0.3,261.98,12,Winter
2021-12-04 20:00:00,108.0,0.3,262.08,12,Winter
2021-12-04 21:00:00,174.0,0.3,262.05,12,Winter
2021-12-04 22:00:00,161.0,0.3,261.98,12,Winter
2021-12-04 23:00:00,195.0,0.3,261.65,12,Winter
2021-12-05 00:00:00,190.0,0.3,261.5,12,Winter
2021-12-05 01:00:00,202.0,0.25,219.95,12,Winter
2021-12-05 02:00:00,193.0,0.3,66.4,12,Winter
2021-12-05 03:00:00,212.0,0.3,67.97,12,Winter
2021-12-05 04:00:00,219.0,0.3,67.95,12,Winter
2021-12-05 05:00:00,232.0,0.3,67.9,12,Winter
2021-12-05 06:00:00,206.0,0.3,76.72,12,Winter
2021-12-05 07:00:00,257.0,0.3,88.02,12,Winter
2021-12-05 08:00:00,278.0,0.3,57.72,12,Winter
2021-12-05 09:00:00,261.0,0.28,44.85,12,Winter
2021-12-05 10:00:00,228.0,0.2,119.38,12,Winter
2021-12-05 11:00:00,160.0,0.2,117.5,12,Winter
2021-12-05 12:00:00,136.0,0.25,143.88,12,Winter
2021-12-05 13:00:00,145.0,0.25,242.18,12,Winter
2021-12-05 14:00:00,133.0,0.28,250.28,12,Winter
2021-12-05 15:00:00,139.0,0.3,132.8,12,Winter
2021-12-05 16:00:00,161.0,0.3,132.75,12,Winter
2021-12-05 17:00:00,160.0,0.3,132.78,12,Winter
2021-12-05 18:00:00,178.0,0.3,132.9,12,Winter
2021-12-05 19:00:00,184.0,0.3,132.9,12,Winter
2021-12-05 20:00:00,254.0,0.28,248.3,12,Winter
2021-12-05 21:00:00,295.0,0.22,223.15,12,Winter
2021-12-05 22:00:00,298.0,0.18,274.9,12,Winter
2021-12-05 23:00:00,304.0,0.22,186.52,12,Winter
2021-12-06 00:00:00,289.0,0.22,52.8,12,Winter
2021-12-06 01:00:00,216.0,0.12,178.38,12,Winter
2021-12-06 02:00:00,141.0,0.28,183.15,12,Winter
2021-12-06 03:00:00,119.0,0.3,178.35,12,Winter
2021-12-06 04:00:00,129.0,0.3,174.7,12,Winter
2021-12-06 05:00:00,141.0,0.3,252.65,12,Winter
2021-12-06 06:00:00,139.0,0.25,307.62,12,Winter
2021-12-06 07:00:00,111.0,0.3,273.4,12,Winter
2021-12-06 08:00:00,105.0,0.25,273.0,12,Winter
2021-12-06 09:00:00,116.0,0.2,279.4,12,Winter
2021-12-06 10:00:00,130.0,0.2,293.45,12,Winter
2021-12-06 11:00:00,99.0,0.12,308.02,12,Winter
2021-12-06 12:00:00,68.5,0.15,277.42,12,Winter
2021-12-06 13:00:00,76.75,0.18,294.82,12,Winter
2021-12-06 14:00:00,80.75,0.15,289.92,12,Winter
2021-12-06 15:00:00,69.75,0.12,295.75,12,Winter
2021-12-06 16:00:00,81.75,0.25,278.25,12,Winter
2021-12-06 17:00:00,104.75,0.25,275.58,12,Winter
2021-12-06 18:00:00,121.25,0.2,265.88,12,Winter
2021-12-06 19:00:00,158.0,0.22,273.45,12,Winter
2021-12-06 20:00:00,194.0,0.15,298.77,12,Winter
2021-12-06 21:00:00,192.75,0.22,280.83,12,Winter
2021-12-06 22:00:00,185.25,0.3,269.02,12,Winter
2021-12-06 23:00:00,168.75,0.3,240.88,12,Winter
2021-12-07 00:00:00,152.25,0.3,250.02,12,Winter
2021-12-07 01:00:00,149.25,0.3,285.75,12,Winter
2021-12-07 02:00:00,161.25,0.3,275.02,12,Winter
2021-12-07 03:00:00,194.75,0.2,270.8,12,Winter
2021-12-07 04:00:00,159.25,0.22,270.28,12,Winter
2021-12-07 05:00:00,135.25,0.18,252.28,12,Winter
2021-12-07 06:00:00,132.0,0.3,285.02,12,Winter
2021-12-07 07:00:00,132.0,0.3,256.88,12,Winter
2021-12-07 08:00:00,140.75,0.22,229.15,12,Winter
2021-12-07 09:00:00,139.75,0.18,296.12,12,Winter
2021-12-07 10:00:00,131.25,0.18,299.15,12,Winter
2021-12-07 11:00:00,101.75,0.12,300.1,12,Winter
2021-12-07 12:00:00,83.75,0.15,303.4,12,Winter
2021-12-07 13:00:00,81.75,0.15,290.9,12,Winter
2021-12-07 14:00:00,64.5,0.1,287.38,12,Winter
2021-12-07 15:00:00,49.75,0.12,305.8,12,Winter
2021-12-07 16:00:00,43.0,0.2,291.1,12,Winter
2021-12-07 17:00:00,37.5,0.28,297.77,12,Winter
2021-12-07 18:00:00,58.25,0.3,306.7,12,Winter
2021-12-07 19:00:00,97.75,0.3,306.65,12,Winter
2021-12-07 20:00:00,129.75,0.3,306.38,12,Winter
2021-12-07 21:00:00,139.25,0.3,306.3,12,Winter
2021-12-07 22:00:00,123.0,0.3,306.4,12,Winter
2021-12-07 23:00:00,157.25,0.3,308.38,12,Winter
2021-12-08 00:00:00,186.5,0.3,308.08,12,Winter
2021-12-08 01:00:00,150.75,0.3,282.42,12,Winter
2021-12-08 02:00:00,136.75,0.3,278.2,12,Winter
2021-12-08 03:00:00,132.25,0.3,291.95,12,Winter
2021-12-08 04:00:00,143.75,0.28,165.58,12,Winter
2021-12-08 05:00:00,182.25,0.3,28.62,12,Winter
2021-12-08 06:00:00,176.0,0.3,26.4,12,Winter
2021-12-08 07:00:00,179.5,0.3,24.32,12,Winter
2021-12-08 08:00:00,165.25,0.22,134.15,12,Winter
2021-12-08 09:00:00,147.75,0.2,262.7,12,Winter
2021-12-08 10:00:00,150.75,0.18,303.25,12,Winter
2021-12-08 11:00:00,124.75,0.12,299.85,12,Winter
2021-12-08 12:00:00,89.25,0.18,286.1,12,Winter
2021-12-08 13:00:00,70.25,0.1,284.18,12,Winter
2021-12-08 14:00:00,55.25,0.18,213.48,12,Winter
2021-12-08 15:00:00,52.25,0.22,283.35,12,Winter
2021-12-08 16:00:00,46.5,0.25,278.3,12,Winter
2021-12-08 17:00:00,38.5,0.3,271.05,12,Winter
2021-12-08 18:00:00,55.5,0.3,270.25,12,Winter
2021-12-08 19:00:00,98.25,0.3,269.08,12,Winter
2021-12-08 20:00:00,140.75,0.3,267.55,12,Winter
2021-12-08 21:00:00,142.25,0.3,267.42,12,Winter
2021-12-08 22:00:00,152.5,0.3,252.5,12,Winter
2021-12-08 23:00:00,163.25,0.3,252.1,12,Winter
2021-12-09 00:00:00,168.0,0.3,253.23,12,Winter
2021-12-09 01:00:00,192.5,0.3,253.05,12,Winter
2021-12-09 02:00:00,245.0,0.3,253.18,12,Winter
2021-12-09 03:00:00,280.25,0.3,253.12,12,Winter
2021-12-09 04:00:00,242.5,0.3,251.5,12,Winter
2021-12-09 05:00:00,219.5,0.3,249.08,12,Winter
2021-12-09 06:00:00,222.75,0.3,248.98,12,Winter
2021-12-09 07:00:00,214.75,0.3,248.95,12,Winter
2021-12-09 08:00:00,229.25,0.28,260.88,12,Winter
2021-12-09 09:00:00,227.75,0.22,256.5,12,Winter
2021-12-09 10:00:00,221.5,0.22,238.02,12,Winter
2021-12-09 11:00:00,217.75,0.18,259.77,12,Winter
2021-12-09 12:00:00,199.0,0.22,242.25,12,Winter
2021-12-09 13:00:00,179.75,0.15,288.35,12,Winter
2021-12-09 14:00:00,142.0,0.15,268.85,12,Winter
2021-12-09 15:00:00,115.75,0.15,281.12,12,Winter
2021-12-09 16:00:00,103.0,0.25,242.72,12,Winter
2021-12-09 17:00:00,118.75,0.3,184.15,12,Winter
2021-12-09 18:00:00,150.0,0.3,184.08,12,Winter
2021-12-09 19:00:00,194.5,0.3,184.05,12,Winter
2021-12-09 20:00:00,226.0,0.3,198.05,12,Winter
2021-12-09 21:00:00,210.25,0.3,255.15,12,Winter
2021-12-09 22:00:00,185.25,0.3,254.8,12,Winter
2021-12-09 23:00:00,166.5,0.3,254.65,12,Winter
2021-12-10 00:00:00,152.0,0.3,254.48,12,Winter
2021-12-10 01:00:00,150.0,0.3,241.15,12,Winter
2021-12-10 02:00:00,159.75,0.3,222.85,12,Winter
2021-12-10 03:00:00,174.0,0.3,222.1,12,Winter
2021-12-10 04:00:00,154.25,0.3,222.08,12,Winter
2021-12-10 05:00:00,152.75,0.3,222.0,12,Winter
2021-12-10 06:00:00,170.75,0.3,222.28,12,Winter
2021-12-10 07:00:00,196.0,0.3,222.2,12,Winter
2021-12-10 08:00:00,214.75,0.28,208.18,12,Winter
2021-12-10 09:00:00,224.0,0.18,255.48,12,Winter
2021-12-10 10:00:00,213.75,0.18,259.25,12,Winter
2021-12-10 11:00:00,190.0,0.12,287.32,12,Winter
2021-12-10 12:00:00,157.0,8.45,282.45,12,Winter
2021-12-10 13:00:00,113.0,0.3,281.42,12,Winter
2021-12-10 14:00:00,91.0,0.48,291.62,12,Winter
2021-12-10 15:00:00,77.0,0.45,222.25,12,Winter
2021-12-10 16:00:00,66.0,0.68,255.98,12,Winter
2021-12-10 17:00:00,74.0,0.3,185.78,12,Winter
2021-12-10 18:00:00,103.0,0.3,185.7,12,Winter
2021-12-10 19:00:00,156.0,0.3,185.7,12,Winter
2021-12-10 20:00:00,217.0,0.3,185.7,12,Winter
2021-12-10 21:00:00,177.0,0.7,185.68,12,Winter
2021-12-10 22:00:00,202.0,1.1,184.82,12,Winter
2021-12-10 23:00:00,201.0,1.3,261.7,12,Winter
2021-12-11 00:00:00,200.0,1.5,301.08,12,Winter
2021-12-11 01:00:00,151.0,1.5,284.25,12,Winter
2021-12-11 02:00:00,180.0,1.3,242.23,12,Winter
2021-12-11 03:00:00,118.0,1.27,272.52,12,Winter
2021-12-11 04:00:00,188.0,0.52,273.73,12,Winter
2021-12-11 05:00:00,132.0,1.05,223.18,12,Winter
2021-12-11 06:00:00,152.0,1.2,210.25,12,Winter
2021-12-11 07:00:00,179.0,0.95,202.9,12,Winter
2021-12-11 08:00:00,182.0,0.5,189.3,12,Winter
2021-12-11 09:00:00,172.0,0.6,246.82,12,Winter
2021-12-11 10:00:00,166.0,0.65,233.4,12,Winter
2021-12-11 11:00:00,157.0,0.45,231.8,12,Winter
2021-12-11 12:00:00,147.0,0.4,308.48,12,Winter
2021-12-11 13:00:00,103.0,0.3,191.28,12,Winter
2021-12-11 14:00:00,81.0,0.32,305.3,12,Winter
2021-12-11 15:00:00,56.0,0.57,278.65,12,Winter
2021-12-11 16:00:00,52.0,1.05,317.95,12,Winter
2021-12-11 17:00:00,46.0,1.7,337.3,12,Winter
2021-12-11 18:00:00,51.0,1.58,334.58,12,Winter
2021-12-11 19:00:00,84.0,1.67,5.52,12,Winter
2021-12-11 20:00:00,138.0,1.6,89.32,12,Winter
2021-12-11 21:00:00,151.0,1.62,253.55,12,Winter
2021-12-11 22:00:00,163.0,1.6,335.28,12,Winter
2021-12-11 23:00:00,196.0,1.67,335.42,12,Winter
2021-12-12 00:00:00,201.0,1.7,331.45,12,Winter
2021-12-12 01:00:00,200.0,1.7,331.4,12,Winter
2021-12-12 02:00:00,194.0,1.65,167.22,12,Winter
2021-12-12 03:00:00,172.0,1.7,331.35,12,Winter
2021-12-12 04:00:00,200.0,1.7,331.3,12,Winter
2021-12-12 05:00:00,228.0,1.7,331.3,12,Winter
2021-12-12 06:00:00,218.0,1.7,331.3,12,Winter
2021-12-12 07:00:00,216.0,1.67,336.58,12,Winter
2021-12-12 08:00:00,257.0,1.08,212.05,12,Winter
2021-12-12 09:00:00,188.0,0.65,236.0,12,Winter
2021-12-12 10:00:00,133.0,0.52,263.3,12,Winter
2021-12-12 11:00:00,128.0,0.48,277.85,12,Winter
2021-12-12 12:00:00,114.0,0.6,219.68,12,Winter
2021-12-12 13:00:00,88.0,0.65,202.08,12,Winter
2021-12-12 14:00:00,102.0,0.65,243.27,12,Winter
2021-12-12 15:00:00,85.0,0.98,245.2,12,Winter
2021-12-12 16:00:00,80.0,1.7,266.7,12,Winter
2021-12-12 17:00:00,80.0,1.7,266.38,12,Winter
2021-12-12 18:00:00,81.0,1.7,265.73,12,Winter
2021-12-12 19:00:00,156.0,1.7,265.62,12,Winter
2021-12-12 20:00:00,189.0,1.7,265.65,12,Winter
2021-12-12 21:00:00,228.0,1.67,263.6,12,Winter
2021-12-12 22:00:00,271.0,1.7,218.2,12,Winter
2021-12-12 23:00:00,305.0,1.67,218.28,12,Winter
2021-12-13 00:00:00,306.0,1.7,218.3,12,Winter
2021-12-13 01:00:00,320.0,1.7,218.35,12,Winter
2021-12-13 02:00:00,309.0,0.3,218.2,12,Winter
2021-12-13 03:00:00,263.0,0.3,218.02,12,Winter
2021-12-13 04:00:00,256.0,0.3,217.9,12,Winter
2021-12-13 05:00:00,257.0,0.3,217.98,12,Winter
2021-12-13 06:00:00,268.0,0.3,218.0,12,Winter
2021-12-13 07:00:00,287.0,0.3,218.0,12,Winter
2021-12-13 08:00:00,263.0,0.3,218.12,12,Winter
2021-12-13 09:00:00,305.0,0.85,142.2,12,Winter
2021-12-13 10:00:00,420.0,0.98,156.25,12,Winter
2021-12-13 11:00:00,271.0,0.7,237.65,12,Winter
2021-12-13 12:00:00,161.0,0.68,219.18,12,Winter
2021-12-13 13:00:00,128.0,0.73,276.47,12,Winter
2021-12-13 14:00:00,117.0,0.78,107.02,12,Winter
2021-12-13 15:00:00,121.0,0.92,248.08,12,Winter
2021-12-13 16:00:00,125.0,1.25,192.15,12,Winter
2021-12-13 17:00:00,129.0,1.7,54.22,12,Winter
2021-12-13 18:00:00,141.0,1.7,54.4,12,Winter
2021-12-13 19:00:00,177.0,1.7,54.4,12,Winter
2021-12-13 20:00:00,226.0,1.7,54.4,12,Winter
2021-12-13 21:00:00,208.0,1.7,54.38,12,Winter
2021-12-13 22:00:00,241.0,1.7,54.4,12,Winter
2021-12-13 23:00:00,295.0,1.7,54.32,12,Winter
2021-12-14 00:00:00,329.0,1.7,54.4,12,Winter
2021-12-14 01:00:00,339.0,1.7,54.42,12,Winter
2021-12-14 02:00:00,335.0,1.55,54.68,12,Winter
2021-12-14 03:00:00,316.0,1.17,63.22,12,Winter
2021-12-14 04:00:00,362.0,1.32,87.35,12,Winter
2021-12-14 05:00:00,273.0,0.75,88.98,12,Winter
2021-12-14 06:00:00,272.0,1.12,98.68,12,Winter
2021-12-14 07:00:00,274.0,1.2,66.38,12,Winter
2021-12-14 08:00:00,265.0,1.15,63.92,12,Winter
2021-12-14 09:00:00,307.0,0.98,55.45,12,Winter
2021-12-14 10:00:00,351.0,0.9,45.08,12,Winter
2021-12-14 11:00:00,377.0,0.75,36.0,12,Winter
2021-12-14 12:00:00,338.0,0.7,103.78,12,Winter
2021-12-14 13:00:00,311.0,0.78,47.78,12,Winter
2021-12-14 14:00:00,233.0,0.8,40.88,12,Winter
2021-12-14 15:00:00,125.0,0.9,41.58,12,Winter
2021-12-14 16:00:00,107.0,1.23,72.25,12,Winter
2021-12-14 17:00:00,114.0,0.48,69.0,12,Winter
2021-12-14 18:00:00,166.0,0.82,69.35,12,Winter
2021-12-14 19:00:00,208.0,1.65,69.57,12,Winter
2021-12-14 20:00:00,223.0,0.55,139.78,12,Winter
2021-12-14 21:00:00,273.0,0.78,169.68,12,Winter
2021-12-14 22:00:00,284.0,0.65,178.92,12,Winter
2021-12-14 23:00:00,313.0,0.88,146.4,12,Winter
2021-12-15 00:00:00,305.0,0.92,72.62,12,Winter
2021-12-15 01:00:00,260.0,1.0,155.82,12,Winter
2021-12-15 02:00:00,249.0,1.12,172.85,12,Winter
2021-12-15 03:00:00,259.0,0.78,239.35,12,Winter
2021-12-15 04:00:00,232.0,0.82,269.73,12,Winter
2021-12-15 05:00:00,232.0,1.02,180.75,12,Winter
2021-12-15 06:00:00,239.0,0.45,235.32,12,Winter
2021-12-15 07:00:00,265.0,0.5,189.12,12,Winter
2021-12-15 08:00:00,278.0,0.62,227.18,12,Winter
2021-12-15 09:00:00,260.0,0.65,171.1,12,Winter
2021-12-15 10:00:00,288.0,0.45,27.02,12,Winter
2021-12-15 11:00:00,205.0,0.57,291.82,12,Winter
2021-12-15 12:00:00,174.0,0.45,309.05,12,Winter
2021-12-15 13:00:00,141.0,0.48,313.28,12,Winter
2021-12-15 14:00:00,117.0,0.35,305.58,12,Winter
2021-12-15 15:00:00,68.0,0.48,295.48,12,Winter
2021-12-15 16:00:00,81.0,0.48,285.83,12,Winter
2021-12-15 17:00:00,105.0,0.7,267.3,12,Winter
2021-12-15 18:00:00,130.0,0.77,237.85,12,Winter
2021-12-15 19:00:00,184.0,1.23,188.1,12,Winter
2021-12-15 20:00:00,227.0,0.77,186.27,12,Winter
2021-12-15 21:00:00,248.0,0.73,185.72,12,Winter
2021-12-15 22:00:00,282.0,1.15,203.75,12,Winter
2021-12-15 23:00:00,278.0,1.27,238.4,12,Winter
2021-12-16 00:00:00,267.0,1.55,207.82,12,Winter
2021-12-16 01:00:00,245.0,1.08,181.42,12,Winter
2021-12-16 02:00:00,246.0,0.68,159.52,12,Winter
2021-12-16 03:00:00,254.0,0.6,141.72,12,Winter
2021-12-16 04:00:00,296.0,1.1,159.58,12,Winter
2021-12-16 05:00:00,241.0,1.12,201.27,12,Winter
2021-12-16 06:00:00,234.0,1.23,224.3,12,Winter
2021-12-16 07:00:00,223.0,1.15,197.58,12,Winter
2021-12-16 08:00:00,252.0,1.0,254.22,12,Winter
2021-12-16 09:00:00,291.0,0.65,173.32,12,Winter
2021-12-16 10:00:00,295.0,0.82,48.18,12,Winter
2021-12-16 11:00:00,288.0,0.85,61.3,12,Winter
2021-12-16 12:00:00,212.0,0.7,44.8,12,Winter
2021-12-16 13:00:00,195.0,0.7,131.57,12,Winter
2021-12-16 14:00:00,141.0,0.88,325.92,12,Winter
2021-12-16 15:00:00,130.0,0.98,274.8,12,Winter
2021-12-16 16:00:00,136.0,1.0,249.35,12,Winter
2021-12-16 17:00:00,219.0,0.95,255.88,12,Winter
2021-12-16 18:00:00,254.0,1.0,248.38,12,Winter
2021-12-16 19:00:00,300.0,1.0,247.0,12,Winter
2021-12-16 20:00:00,307.0,0.95,252.7,12,Winter
2021-12-16 21:00:00,267.0,1.0,263.08,12,Winter
2021-12-16 22:00:00,229.0,1.02,239.9,12,Winter
2021-12-16 23:00:00,221.0,0.98,266.65,12,Winter
2021-12-17 00:00:00,205.0,1.05,225.78,12,Winter
2021-12-17 01:00:00,189.0,0.98,230.65,12,Winter
2021-12-17 02:00:00,183.0,1.0,234.85,12,Winter
2021-12-17 03:00:00,199.0,1.1,212.82,12,Winter
2021-12-17 04:00:00,188.0,1.05,227.6,12,Winter
2021-12-17 05:00:00,171.0,1.0,250.42,12,Winter
2021-12-17 06:00:00,191.0,0.98,252.1,12,Winter
2021-12-17 07:00:00,218.0,1.0,242.0,12,Winter
2021-12-17 08:00:00,227.0,0.98,249.95,12,Winter
2021-12-17 09:00:00,237.0,0.9,262.5,12,Winter
2021-12-17 10:00:00,213.0,0.92,270.0,12,Winter
2021-12-17 11:00:00,166.0,0.95,267.08,12,Winter
2021-12-17 12:00:00,121.0,0.98,272.1,12,Winter
2021-12-17 13:00:00,118.0,0.88,263.0,12,Winter
2021-12-17 14:00:00,107.0,0.85,263.65,12,Winter
2021-12-17 15:00:00,81.0,0.88,254.4,12,Winter
2021-12-17 16:00:00,91.0,0.95,252.78,12,Winter
2021-12-17 17:00:00,96.0,1.02,238.42,12,Winter
2021-12-17 18:00:00,135.0,1.05,228.32,12,Winter
2021-12-17 19:00:00,160.0,1.08,230.88,12,Winter
2021-12-17 20:00:00,173.0,1.08,226.2,12,Winter
2021-12-17 21:00:00,183.0,1.02,227.27,12,Winter
2021-12-17 22:00:00,180.0,1.08,226.35,12,Winter
2021-12-17 23:00:00,173.5,1.0575,226.06875,12,Winter
2021-12-18 00:00:00,167.0,1.035,225.7875,12,Winter
2021-12-18 01:00:00,160.5,1.0125,225.50625,12,Winter
2021-12-18 02:00:00,,,,12,Winter
2021-12-18 03:00:00,,,,12,Winter
2021-12-18 04:00:00,,,,12,Winter
2021-12-18 05:00:00,,,,12,Winter
2021-12-18 06:00:00,128.0,0.9,224.1,12,Winter
2021-12-18 07:00:00,130.0,0.88,238.88,12,Winter
2021-12-18 08:00:00,135.0,0.88,241.02,12,Winter
2021-12-18 09:00:00,135.0,0.92,233.68,12,Winter
2021-12-18 10:00:00,158.0,0.85,236.38,12,Winter
2021-12-18 11:00:00,184.0,0.9,233.78,12,Winter
2021-12-18 12:00:00,178.0,0.85,242.6,12,Winter
2021-12-18 13:00:00,146.0,0.85,252.38,12,Winter
2021-12-18 14:00:00,121.0,0.9,245.7,12,Winter
2021-12-18 15:00:00,102.0,0.92,247.08,12,Winter
2021-12-18 16:00:00,89.0,1.0,238.88,12,Winter
2021-12-18 17:00:00,80.0,1.0,236.55,12,Winter
2021-12-18 18:00:00,84.0,1.08,235.02,12,Winter
2021-12-18 19:00:00,118.0,1.05,234.52,12,Winter
2021-12-18 20:00:00,103.0,1.02,230.68,12,Winter
2021-12-18 21:00:00,107.0,1.02,225.55,12,Winter
2021-12-18 22:00:00,110.0,1.0,231.48,12,Winter
2021-12-18 23:00:00,138.0,1.0,227.73,12,Winter
2021-12-19 00:00:00,161.0,1.02,231.88,12,Winter
2021-12-19 01:00:00,174.0,1.0,232.35,12,Winter
2021-12-19 02:00:00,162.0,0.85,217.65,12,Winter
2021-12-19 03:00:00,212.0,1.0,210.58,12,Winter
2021-12-19 04:00:00,134.0,0.98,210.48,12,Winter
2021-12-19 05:00:00,149.0,0.98,233.3,12,Winter
2021-12-19 06:00:00,138.0,1.05,233.12,12,Winter
2021-12-19 07:00:00,141.0,1.08,233.28,12,Winter
2021-12-19 08:00:00,152.0,0.98,236.6,12,Winter
2021-12-19 09:00:00,151.0,0.9,241.25,12,Winter
2021-12-19 10:00:00,162.0,0.85,243.1,12,Winter
2021-12-19 11:00:00,150.0,0.9,255.62,12,Winter
2021-12-19 12:00:00,125.0,0.88,238.82,12,Winter
2021-12-19 13:00:00,116.0,0.82,243.02,12,Winter
2021-12-19 14:00:00,99.0,0.78,239.02,12,Winter
2021-12-19 15:00:00,110.0,0.88,242.65,12,Winter
2021-12-19 16:00:00,107.0,1.02,228.82,12,Winter
2021-12-19 17:00:00,114.0,0.8,220.48,12,Winter
2021-12-19 18:00:00,140.0,1.0,246.52,12,Winter
2021-12-19 19:00:00,254.0,0.88,243.0,12,Winter
2021-12-19 20:00:00,232.0,1.12,235.75,12,Winter
2021-12-19 21:00:00,226.0,1.18,244.45,12,Winter
2021-12-19 22:00:00,204.0,1.12,237.82,12,Winter
2021-12-19 23:00:00,202.0,1.05,237.15,12,Winter
2021-12-20 00:00:00,190.0,1.02,237.6,12,Winter
2021-12-20 01:00:00,184.0,1.02,243.45,12,Winter
2021-12-20 02:00:00,188.0,1.12,232.8,12,Winter
2021-12-20 03:00:00,245.0,1.08,242.62,12,Winter
2021-12-20 04:00:00,260.0,1.15,232.82,12,Winter
2021-12-20 05:00:00,215.0,1.08,175.88,12,Winter
2021-12-20 06:00:00,224.0,0.9,194.1,12,Winter
2021-12-20 07:00:00,193.0,0.92,183.85,12,Winter
2021-12-20 08:00:00,200.0,1.0,199.72,12,Winter
2021-12-20 09:00:00,222.0,0.95,208.58,12,Winter
2021-12-20 10:00:00,199.0,0.88,230.73,12,Winter
2021-12-20 11:00:00,186.0,0.8,255.72,12,Winter
2021-12-20 12:00:00,162.0,0.8,250.45,12,Winter
2021-12-20 13:00:00,146.0,0.88,232.02,12,Winter
2021-12-20 14:00:00,117.0,0.82,248.2,12,Winter
2021-12-20 15:00:00,108.0,0.9,240.88,12,Winter
2021-12-20 16:00:00,100.0,0.75,230.9,12,Winter
2021-12-20 17:00:00,112.0,0.9,235.38,12,Winter
2021-12-20 18:00:00,141.0,0.57,288.55,12,Winter
2021-12-20 19:00:00,211.0,0.9,301.38,12,Winter
2021-12-20 20:00:00,362.0,1.6,301.35,12,Winter
2021-12-20 21:00:00,335.0,1.7,306.3,12,Winter
2021-12-20 22:00:00,411.0,1.7,306.4,12,Winter
2021-12-20 23:00:00,646.0,1.1,88.6,12,Winter
2021-12-21 00:00:00,500.0,1.25,19.42,12,Winter
2021-12-21 01:00:00,414.0,0.4,139.15,12,Winter
2021-12-21 02:00:00,364.0,1.65,160.28,12,Winter
2021-12-21 03:00:00,379.0,0.45,183.95,12,Winter
2021-12-21 04:00:00,381.0,0.9,185.18,12,Winter
2021-12-21 05:00:00,392.0,1.05,189.32,12,Winter
2021-12-21 06:00:00,351.0,0.98,193.82,12,Winter
2021-12-21 07:00:00,434.0,0.8,195.7,12,Winter
2021-12-21 08:00:00,426.0,0.82,130.65,12,Winter
2021-12-21 09:00:00,471.0,0.95,155.48,12,Winter
2021-12-21 10:00:00,534.0,0.85,231.88,12,Winter
2021-12-21 11:00:00,316.0,0.75,245.32,12,Winter
2021-12-21 12:00:00,277.0,0.82,237.75,12,Winter
2021-12-21 13:00:00,222.0,0.85,252.8,12,Winter
2021-12-21 14:00:00,195.0,0.88,241.78,12,Winter
2021-12-21 15:00:00,114.0,0.9,258.45,12,Winter
2021-12-21 16:00:00,123.0,1.0,236.62,12,Winter
2021-12-21 17:00:00,114.0,1.1,250.28,12,Winter
2021-12-21 18:00:00,179.0,1.1,246.23,12,Winter
2021-12-21 19:00:00,262.0,1.23,225.72,12,Winter
2021-12-21 20:00:00,309.0,1.02,235.75,12,Winter
2021-12-21 21:00:00,350.0,0.8,215.6,12,Winter
2021-12-21 22:00:00,345.0,0.88,316.92,12,Winter
2021-12-21 23:00:00,396.0,1.02,4.77,12,Winter
2021-12-22 00:00:00,373.0,0.6,20.65,12,Winter
2021-12-22 01:00:00,390.0,0.98,57.65,12,Winter
2021-12-22 02:00:00,396.0,0.8,159.38,12,Winter
2021-12-22 03:00:00,296.0,1.02,184.38,12,Winter
2021-12-22 04:00:00,274.0,0.85,206.55,12,Winter
2021-12-22 05:00:00,259.0,0.92,206.58,12,Winter
2021-12-22 06:00:00,340.0,0.72,221.52,12,Winter
2021-12-22 07:00:00,414.0,0.68,223.68,12,Winter
2021-12-22 08:00:00,389.0,1.0,215.92,12,Winter
2021-12-22 09:00:00,418.0,1.08,171.02,12,Winter
2021-12-22 10:00:00,459.0,0.88,68.15,12,Winter
2021-12-22 11:00:00,312.0,0.48,176.05,12,Winter
2021-12-22 12:00:00,243.0,0.68,262.95,12,Winter
2021-12-22 13:00:00,252.0,0.92,248.3,12,Winter
2021-12-22 14:00:00,213.0,0.85,253.08,12,Winter
2021-12-22 15:00:00,204.0,1.0,257.9,12,Winter
2021-12-22 16:00:00,161.0,1.02,243.65,12,Winter
2021-12-22 17:00:00,151.0,0.95,274.15,12,Winter
2021-12-22 18:00:00,215.0,0.9,105.08,12,Winter
2021-12-22 19:00:00,326.0,1.27,5.98,12,Winter
2021-12-22 20:00:00,344.0,1.65,0.7,12,Winter
2021-12-22 21:00:00,367.0,1.02,12.48,12,Winter
2021-12-22 22:00:00,396.0,1.25,33.45,12,Winter
2021-12-22 23:00:00,387.0,0.68,74.43,12,Winter
2021-12-23 00:00:00,396.0,1.55,81.5,12,Winter
2021-12-23 01:00:00,373.0,1.05,64.95,12,Winter
2021-12-23 02:00:00,388.0,1.08,36.75,12,Winter
2021-12-23 03:00:00,434.0,1.05,54.3,12,Winter
2021-12-23 04:00:00,475.0,1.08,65.9,12,Winter
2021-12-23 05:00:00,437.0,1.02,45.5,12,Winter
2021-12-23 06:00:00,422.0,1.05,33.9,12,Winter
2021-12-23 07:00:00,439.0,0.92,62.53,12,Winter
2021-12-23 08:00:00,461.0,0.98,64.42,12,Winter
2021-12-23 09:00:00,444.0,0.95,36.9,12,Winter
2021-12-23 10:00:00,486.0,0.85,191.55,12,Winter
2021-12-23 11:00:00,515.0,0.9,30.65,12,Winter
2021-12-23 12:00:00,335.0,0.85,47.18,12,Winter
2021-12-23 13:00:00,246.0,0.85,58.78,12,Winter
2021-12-23 14:00:00,313.0,0.75,105.9,12,Winter
2021-12-23 15:00:00,287.0,0.9,134.95,12,Winter
2021-12-23 16:00:00,235.0,1.1,132.18,12,Winter
2021-12-23 17:00:00,208.0,1.08,39.67,12,Winter
2021-12-23 18:00:00,259.0,1.15,48.72,12,Winter
2021-12-23 19:00:00,301.0,1.1,52.6,12,Winter
2021-12-23 20:00:00,305.0,1.05,60.25,12,Winter
2021-12-23 21:00:00,364.0,1.08,52.48,12,Winter
2021-12-23 22:00:00,414.0,1.05,49.0,12,Winter
2021-12-23 23:00:00,499.0,1.1,51.25,12,Winter
2021-12-24 00:00:00,484.0,0.65,64.05,12,Winter
2021-12-24 01:00:00,440.0,1.15,56.9,12,Winter
2021-12-24 02:00:00,490.0,1.02,59.05,12,Winter
2021-12-24 03:00:00,464.0,1.08,184.75,12,Winter
2021-12-24 04:00:00,456.0,1.08,14.12,12,Winter
2021-12-24 05:00:00,416.0,1.02,16.7,12,Winter
2021-12-24 06:00:00,426.0,1.0,47.08,12,Winter
2021-12-24 07:00:00,423.0,0.98,60.82,12,Winter
2021-12-24 08:00:00,407.0,0.95,278.25,12,Winter
2021-12-24 09:00:00,433.0,0.85,17.8,12,Winter
2021-12-24 10:00:00,455.0,0.92,30.6,12,Winter
2021-12-24 11:00:00,383.0,0.88,33.25,12,Winter
2021-12-24 12:00:00,361.0,0.9,44.9,12,Winter
2021-12-24 13:00:00,377.0,0.82,59.18,12,Winter
2021-12-24 14:00:00,301.0,0.92,50.35,12,Winter
2021-12-24 15:00:00,229.0,1.05,42.05,12,Winter
2021-12-24 16:00:00,227.0,1.05,35.08,12,Winter
2021-12-24 17:00:00,245.0,1.08,29.8,12,Winter
2021-12-24 18:00:00,298.0,1.12,53.78,12,Winter
2021-12-24 19:00:00,282.0,0.55,40.12,12,Winter
2021-12-24 20:00:00,318.0,0.45,39.5,12,Winter
2021-12-24 21:00:00,349.0,1.1,53.4,12,Winter
2021-12-24 22:00:00,409.0,1.45,61.62,12,Winter
2021-12-24 23:00:00,406.0,1.02,94.72,12,Winter
2021-12-25 00:00:00,442.0,0.95,187.52,12,Winter
2021-12-25 01:00:00,412.0,1.2,16.15,12,Winter
2021-12-25 02:00:00,384.0,1.25,40.72,12,Winter
2021-12-25 03:00:00,362.0,0.7,60.78,12,Winter
2021-12-25 04:00:00,354.0,0.45,63.02,12,Winter
2021-12-25 05:00:00,356.0,1.23,117.38,12,Winter
2021-12-25 06:00:00,361.0,1.1,7.05,12,Winter
2021-12-25 07:00:00,412.0,1.0,38.65,12,Winter
2021-12-25 08:00:00,400.0,1.1,65.2,12,Winter
2021-12-25 09:00:00,440.0,1.05,66.9,12,Winter
2021-12-25 10:00:00,477.0,0.92,40.88,12,Winter
2021-12-25 11:00:00,476.0,0.77,273.45,12,Winter
2021-12-25 12:00:00,454.0,0.92,93.02,12,Winter
2021-12-25 13:00:00,448.0,1.0,100.0,12,Winter
2021-12-25 14:00:00,351.0,1.0,12.73,12,Winter
2021-12-25 15:00:00,278.0,1.0,93.82,12,Winter
2021-12-25 16:00:00,263.0,1.08,19.92,12,Winter
2021-12-25 17:00:00,276.0,1.2,31.2,12,Winter
2021-12-25 18:00:00,282.0,0.68,109.2,12,Winter
2021-12-25 19:00:00,342.0,1.2,319.5,12,Winter
2021-12-25 20:00:00,428.0,0.85,192.23,12,Winter
2021-12-25 21:00:00,442.0,0.62,78.5,12,Winter
2021-12-25 22:00:00,439.0,0.75,78.47,12,Winter
2021-12-25 23:00:00,439.0,0.95,71.47,12,Winter
2021-12-26 00:00:00,433.0,1.48,26.78,12,Winter
2021-12-26 01:00:00,432.0,1.17,29.58,12,Winter
2021-12-26 02:00:00,431.0,0.98,30.72,12,Winter
2021-12-26 03:00:00,448.0,1.52,29.0,12,Winter
2021-12-26 04:00:00,449.0,1.05,99.68,12,Winter
2021-12-26 05:00:00,534.0,1.02,12.82,12,Winter
2021-12-26 06:00:00,466.0,1.25,36.72,12,Winter
2021-12-26 07:00:00,469.0,0.98,50.8,12,Winter
2021-12-26 08:00:00,482.0,1.02,44.95,12,Winter
2021-12-26 09:00:00,486.0,1.08,39.65,12,Winter
2021-12-26 10:00:00,574.0,1.02,42.9,12,Winter
2021-12-26 11:00:00,668.0,1.05,38.8,12,Winter
2021-12-26 12:00:00,620.0,0.98,36.95,12,Winter
2021-12-26 13:00:00,600.0,0.95,20.92,12,Winter
2021-12-26 14:00:00,372.0,0.95,17.58,12,Winter
2021-12-26 15:00:00,323.0,0.95,25.7,12,Winter
2021-12-26 16:00:00,283.0,1.03,30.92,12,Winter
2021-12-26 17:00:00,288.0,1.02,14.68,12,Winter
2021-12-26 18:00:00,334.0,0.75,128.55,12,Winter
2021-12-26 19:00:00,340.0,0.95,283.73,12,Winter
2021-12-26 20:00:00,410.0,0.82,341.0,12,Winter
2021-12-26 21:00:00,374.0,0.9,102.9,12,Winter
2021-12-26 22:00:00,337.0,1.1,44.4,12,Winter
2021-12-26 23:00:00,215.0,1.1,53.1,12,Winter
2021-12-27 00:00:00,130.0,0.98,53.7,12,Winter
2021-12-27 01:00:00,121.0,0.92,27.98,12,Winter
2021-12-27 02:00:00,108.0,1.08,109.15,12,Winter
2021-12-27 03:00:00,108.0,0.92,88.98,12,Winter
2021-12-27 04:00:00,129.0,1.23,70.18,12,Winter
2021-12-27 05:00:00,127.0,1.08,88.88,12,Winter
2021-12-27 06:00:00,119.0,1.0,92.95,12,Winter
2021-12-27 07:00:00,116.0,1.0,181.23,12,Winter
2021-12-27 08:00:00,110.0,0.98,348.9,12,Winter
2021-12-27 09:00:00,116.0,0.92,10.4,12,Winter
2021-12-27 10:00:00,130.0,0.88,13.15,12,Winter
2021-12-27 11:00:00,114.0,0.82,14.88,12,Winter
2021-12-27 12:00:00,67.0,0.8,178.9,12,Winter
2021-12-27 13:00:00,50.0,0.82,178.6,12,Winter
2021-12-27 14:00:00,31.0,0.78,272.52,12,Winter
2021-12-27 15:00:00,53.0,0.72,265.32,12,Winter
2021-12-27 16:00:00,64.0,0.95,175.88,12,Winter
2021-12-27 17:00:00,67.0,1.25,173.28,12,Winter
2021-12-27 18:00:00,85.0,1.27,250.3,12,Winter
2021-12-27 19:00:00,141.0,0.92,302.45,12,Winter
2021-12-27 20:00:00,160.0,1.0,231.4,12,Winter
2021-12-27 21:00:00,219.0,1.0,280.6,12,Winter
2021-12-27 22:00:00,235.0,0.75,177.95,12,Winter
2021-12-27 23:00:00,250.0,1.27,322.9,12,Winter
2021-12-28 00:00:00,227.0,0.9,342.95,12,Winter
2021-12-28 01:00:00,160.0,1.0,337.6,12,Winter
2021-12-28 02:00:00,141.0,0.95,343.28,12,Winter
2021-12-28 03:00:00,169.0,0.9,337.45,12,Winter
2021-12-28 04:00:00,204.0,0.9,315.73,12,Winter
2021-12-28 05:00:00,167.0,0.92,278.67,12,Winter
2021-12-28 06:00:00,178.0,0.82,325.9,12,Winter
2021-12-28 07:00:00,202.0,1.02,254.88,12,Winter
2021-12-28 08:00:00,189.0,1.1,64.42,12,Winter
2021-12-28 09:00:00,226.0,0.95,188.32,12,Winter
2021-12-28 10:00:00,200.0,1.02,71.6,12,Winter
2021-12-28 11:00:00,199.0,0.7,117.52,12,Winter
2021-12-28 12:00:00,184.0,0.82,77.38,12,Winter
2021-12-28 13:00:00,166.0,0.85,117.9,12,Winter
2021-12-28 14:00:00,156.0,0.82,223.18,12,Winter
2021-12-28 15:00:00,140.0,0.88,79.28,12,Winter
2021-12-28 16:00:00,171.0,1.0,44.9,12,Winter
2021-12-28 17:00:00,143.0,0.98,155.68,12,Winter
2021-12-28 18:00:00,61.0,0.88,127.48,12,Winter
2021-12-28 19:00:00,85.0,0.98,188.85,12,Winter
2021-12-28 20:00:00,96.0,1.08,237.42,12,Winter
2021-12-28 21:00:00,163.0,0.92,177.4,12,Winter
2021-12-28 22:00:00,125.0,0.95,203.08,12,Winter
2021-12-28 23:00:00,69.0,0.98,223.65,12,Winter
2021-12-29 00:00:00,77.0,0.92,65.8,12,Winter
2021-12-29 01:00:00,74.0,0.92,51.02,12,Winter
2021-12-29 02:00:00,80.0,1.2,76.38,12,Winter
2021-12-29 03:00:00,78.0,1.32,139.55,12,Winter
2021-12-29 04:00:00,74.0,0.57,165.72,12,Winter
2021-12-29 05:00:00,84.0,1.35,245.35,12,Winter
2021-12-29 06:00:00,124.0,1.08,231.35,12,Winter
2021-12-29 07:00:00,188.0,0.85,209.98,12,Winter
2021-12-29 08:00:00,213.0,1.12,224.12,12,Winter
2021-12-29 09:00:00,223.0,0.88,241.58,12,Winter
2021-12-29 10:00:00,222.0,0.82,212.22,12,Winter
2021-12-29 11:00:00,197.0,0.85,240.7,12,Winter
2021-12-29 12:00:00,141.0,0.92,244.92,12,Winter
2021-12-29 13:00:00,56.0,0.9,254.92,12,Winter
2021-12-29 14:00:00,68.0,0.92,260.98,12,Winter
2021-12-29 15:00:00,64.0,0.9,264.48,12,Winter
2021-12-29 16:00:00,56.0,0.98,247.32,12,Winter
2021-12-29 17:00:00,57.0,1.12,236.75,12,Winter
2021-12-29 18:00:00,83.0,1.12,241.22,12,Winter
2021-12-29 19:00:00,127.0,0.92,222.32,12,Winter
2021-12-29 20:00:00,168.0,1.0,228.65,12,Winter
2021-12-29 21:00:00,156.0,1.02,226.32,12,Winter
2021-12-29 22:00:00,141.0,1.08,236.48,12,Winter
2021-12-29 23:00:00,139.0,1.05,220.75,12,Winter
2021-12-30 00:00:00,124.0,1.02,243.32,12,Winter
2021-12-30 01:00:00,118.0,1.05,270.38,12,Winter
2021-12-30 02:00:00,127.0,1.02,269.45,12,Winter
2021-12-30 03:00:00,138.0,1.38,211.1,12,Winter
2021-12-30 04:00:00,121.0,1.32,185.22,12,Winter
2021-12-30 05:00:00,124.0,0.98,209.38,12,Winter
2021-12-30 06:00:00,122.0,1.0,211.8,12,Winter
2021-12-30 07:00:00,143.0,0.98,195.42,12,Winter
2021-12-30 08:00:00,201.0,1.02,205.62,12,Winter
2021-12-30 09:00:00,226.0,0.7,326.55,12,Winter
2021-12-30 10:00:00,227.0,0.78,334.12,12,Winter
2021-12-30 11:00:00,140.0,0.8,314.55,12,Winter
2021-12-30 12:00:00,100.0,0.8,278.48,12,Winter
2021-12-30 13:00:00,94.0,0.68,271.55,12,Winter
2021-12-30 14:00:00,83.0,0.72,243.23,12,Winter
2021-12-30 15:00:00,45.0,0.82,254.08,12,Winter
2021-12-30 16:00:00,62.0,0.92,231.98,12,Winter
2021-12-30 17:00:00,73.0,0.92,227.7,12,Winter
2021-12-30 18:00:00,117.0,1.08,196.48,12,Winter
2021-12-30 19:00:00,155.0,1.02,239.08,12,Winter
2021-12-30 20:00:00,255.0,1.08,242.4,12,Winter
2021-12-30 21:00:00,226.0,1.05,249.08,12,Winter
2021-12-30 22:00:00,235.0,1.02,278.1,12,Winter
2021-12-30 23:00:00,166.0,1.0,274.45,12,Winter
2021-12-31 00:00:00,144.0,1.02,254.63,12,Winter
2021-12-31 01:00:00,167.0,1.12,214.65,12,Winter
2021-12-31 02:00:00,128.0,1.0,231.35,12,Winter
2021-12-31 03:00:00,118.0,1.02,225.7,12,Winter
2021-12-31 04:00:00,118.0,1.12,225.85,12,Winter
2021-12-31 05:00:00,121.0,1.05,222.6,12,Winter
2021-12-31 06:00:00,107.0,0.92,224.4,12,Winter
2021-12-31 07:00:00,139.0,1.0,189.1,12,Winter
2021-12-31 08:00:00,133.0,1.05,235.35,12,Winter
2021-12-31 09:00:00,218.0,1.0,234.58,12,Winter
2021-12-31 10:00:00,172.0,0.85,230.68,12,Winter
2021-12-31 11:00:00,135.0,0.8,254.95,12,Winter
2021-12-31 12:00:00,112.0,0.82,234.8,12,Winter
2021-12-31 13:00:00,88.0,0.88,236.38,12,Winter
2021-12-31 14:00:00,83.0,0.85,235.95,12,Winter
2021-12-31 15:00:00,77.0,0.92,228.6,12,Winter
2021-12-31 16:00:00,78.0,0.98,217.25,12,Winter
2021-12-31 17:00:00,83.0,1.0,193.4,12,Winter
2021-12-31 18:00:00,95.0,0.88,207.42,12,Winter
2021-12-31 19:00:00,152.0,1.2,244.62,12,Winter
2021-12-31 20:00:00,212.0,0.95,249.05,12,Winter
2021-12-31 21:00:00,254.0,1.23,242.15,12,Winter
2021-12-31 22:00:00,252.0,1.12,243.5,12,Winter
2021-12-31 23:00:00,249.0,1.42,188.48,12,Winter
